"VIVER","631f29032347fcd4bef60349","Heaven or Las Vegas","5fc3cf0f0ceac50001024392","6a8529debf6102bf1e638ba2","2026-08-19 00:01"
"Ringo","6046c8a097019400018ea4cf","Ritchie","5ff84d182c4df40001592f85","6a85299a522c75b0dd468a01","2026-08-19 00:02"
"BYL","665af55a0f1c875d08a700fb","Northboii","669bfa0bdf76dc442ac759bf","6a852a133107cfa69a8e342e","2026-08-19 00:02"
"Lágrima","5f32d46aca94e000015886be","yac&cheese","645b0c20107fe29c924fb124","6a8529f2522c75b0dd468ade","2026-08-19 00:02"
"kober","67ad18a09e150413a5e6fa66","VIVER","631f29032347fcd4bef60349","6a852a68522c75b0dd468bde","2026-08-19 00:04"
"kober","67ad18a09e150413a5e6fa66","VIVER","631f29032347fcd4bef60349","6a852a68522c75b0dd468bde","2026-08-19 00:05"
"Tottenhamwisps","60ad03a48b6e1d00012f8e7e","trulybuzzy","5fb20f55d3f912000124d619","6a8529e63107cfa69a8e33c6","2026-08-19 00:06"
"kober","67ad18a09e150413a5e6fa66","Ringo","6046c8a097019400018ea4cf","6a852b53b637518b879eb9ae","2026-08-19 00:07"
"Northboii","669bfa0bdf76dc442ac759bf","BYL","665af55a0f1c875d08a700fb","6a852ae7522c75b0dd468d97","2026-08-19 00:07"
"Henrikk","622640b7cb9b530001598509","Sopka","6923e7101744c5356b0f457a","6a852a82522c75b0dd468c2e","2026-08-19 00:08"
"zach","621783eaab08b80001371858","kober","67ad18a09e150413a5e6fa66","6a852b19bf6102bf1e638e95","2026-08-19 00:08"
"Lágrima","5f32d46aca94e000015886be","Ritchie","5ff84d182c4df40001592f85","6a852ab0b637518b879eb7fa","2026-08-19 00:08"
"VIVER","631f29032347fcd4bef60349","Hez1tred.","68274ac83004afb088d83eac","6a852b8b522c75b0dd468f88","2026-08-19 00:09"
"trulybuzzy","5fb20f55d3f912000124d619","oh3","6239e8131e5d7a02a973159c","6a852b8b522c75b0dd468f89","2026-08-19 00:10"
"kober","67ad18a09e150413a5e6fa66","zach","621783eaab08b80001371858","6a852c0f522c75b0dd4690ad","2026-08-19 00:11"
"kober","67ad18a09e150413a5e6fa66","zach","621783eaab08b80001371858","6a852c0f522c75b0dd4690ad","2026-08-19 00:12"
"nemessis","6a68f0776670f9815653f016","Geo Muka","5bf71dae4319654fe069fa5c","6a852c63522c75b0dd46916d","2026-08-19 00:12"
"Ritchie","5ff84d182c4df40001592f85","Lágrima","5f32d46aca94e000015886be","6a852c22522c75b0dd4690e4","2026-08-19 00:12"
"mkpz (0 meta)","67a21e129f1298f53483a74d","Khia","62b3dd64fa2c6ce9ff5a42fb","6a852bf7522c75b0dd469078","2026-08-19 00:13"
"trulybuzzy","5fb20f55d3f912000124d619","superowl88","68511307440a8b590abd1334","6a852c9e522c75b0dd4691fe","2026-08-19 00:14"
"yac&cheese","645b0c20107fe29c924fb124","VIVER","631f29032347fcd4bef60349","6a852c52522c75b0dd469132","2026-08-19 00:15"
"kober","67ad18a09e150413a5e6fa66","Ringo","6046c8a097019400018ea4cf","6a852ddbb637518b879ebf66","2026-08-19 00:16"
"Northboii","669bfa0bdf76dc442ac759bf","Ringo","6046c8a097019400018ea4cf","6a852d41bf6102bf1e639362","2026-08-19 00:16"
"NoruJumping","5c5817f33d925bc96cd177e7","BYL","665af55a0f1c875d08a700fb","6a852bc93107cfa69a8e38ac","2026-08-19 00:16"
"kober","67ad18a09e150413a5e6fa66","Ringo","6046c8a097019400018ea4cf","6a852ddbb637518b879ebf66","2026-08-19 00:17"
"gov 88","6a6ac9aa8843af27060574bd","I02ds0oq","642c312abf7764fc659048c9","6a852dbab637518b879ebf13","2026-08-19 00:17"
"kober","67ad18a09e150413a5e6fa66","Ringo","6046c8a097019400018ea4cf","6a852e05b637518b879ebfb7","2026-08-19 00:18"
"kent","5fa7ab03b45c670001342904","Northboii","669bfa0bdf76dc442ac759bf","6a852e05522c75b0dd4695a0","2026-08-19 00:19"
"Lágrima","5f32d46aca94e000015886be","Ritchie","5ff84d182c4df40001592f85","6a852cfc3107cfa69a8e3b8f","2026-08-19 00:19"
"kent","5fa7ab03b45c670001342904","Northboii","669bfa0bdf76dc442ac759bf","6a852e96522c75b0dd469702","2026-08-19 00:20"
"VIVER","631f29032347fcd4bef60349","yac&cheese","645b0c20107fe29c924fb124","6a852e64522c75b0dd46968d","2026-08-19 00:20"
"Tottenhamwisps","60ad03a48b6e1d00012f8e7e","NebekCito (YT)","674102f66d68a18b54a2931c","6a852dea3107cfa69a8e3e7b","2026-08-19 00:21"
"Ringo","6046c8a097019400018ea4cf","zach","621783eaab08b80001371858","6a852e1cb637518b879ebfdf","2026-08-19 00:22"
"Lágrima","5f32d46aca94e000015886be","Ritchie","5ff84d182c4df40001592f85","6a852e86c453440fb5a727d2","2026-08-19 00:22"
"Henrikk","622640b7cb9b530001598509","[TNT] Kirania","5c14f357ff3dc98d883d182c","6a852cd73107cfa69a8e3b3a","2026-08-19 00:23"
"Northboii","669bfa0bdf76dc442ac759bf","VIVER","631f29032347fcd4bef60349","6a852efc522c75b0dd46982c","2026-08-19 00:23"
"Sokram7733","67f242296e1e3985a123fe4a","NoruJumping","5c5817f33d925bc96cd177e7","6a852e85522c75b0dd4696d2","2026-08-19 00:23"
"zach","621783eaab08b80001371858","Ritchie","5ff84d182c4df40001592f85","6a852f4ebf6102bf1e63991a","2026-08-19 00:24"
"Bms432","5d75a280b4ec1705ecdb7cf0","VIVER","631f29032347fcd4bef60349","6a852f833107cfa69a8e425c","2026-08-19 00:24"
"gov 88","6a6ac9aa8843af27060574bd","mowgli","6a70884189780cb9b2b0e743","6a852fab3107cfa69a8e42fa","2026-08-19 00:25"
"PapaMacdus","6667d837d40195a479dc95b8","NebekCito (YT)","674102f66d68a18b54a2931c","6a852f13522c75b0dd469870","2026-08-19 00:25"
"Ringo","6046c8a097019400018ea4cf","Albanian Guy","58796ade8b9ff486d81bbad5","6a852f60522c75b0dd469911","2026-08-19 00:26"
"trulybuzzy","5fb20f55d3f912000124d619","Antigs","5fb70fb9e2c593000135b6e0","6a852d873107cfa69a8e3d72","2026-08-19 00:26"
"kent","5fa7ab03b45c670001342904","OceanMan","5e9a08cdd502e121002b5279","6a852efeb637518b879ec231","2026-08-19 00:28"
"zach","621783eaab08b80001371858","Ritchie","5ff84d182c4df40001592f85","6a852fdc522c75b0dd469a76","2026-08-19 00:28"
"VIVER","631f29032347fcd4bef60349","Bms432","5d75a280b4ec1705ecdb7cf0","6a852fef522c75b0dd469ab8","2026-08-19 00:28"
"[TNT] Kirania","5c14f357ff3dc98d883d182c","Norbert","61b40084a8414400018d958a","6a852ff6522c75b0dd469ac9","2026-08-19 00:29"
"VIVER","631f29032347fcd4bef60349","Bms432","5d75a280b4ec1705ecdb7cf0","6a8530a43107cfa69a8e45b7","2026-08-19 00:30"
"Northboii","669bfa0bdf76dc442ac759bf","Lágrima","5f32d46aca94e000015886be","6a852f82522c75b0dd46995c","2026-08-19 00:31"
"Albanian Guy","58796ade8b9ff486d81bbad5","Franklin","660b5454be2900cb52493ba5","6a853094522c75b0dd469cf9","2026-08-19 00:33"
"Leftist Leo 解放巴勒斯坦 🇵🇸 和","60d9c5536dac910001297d14","Ringo","6046c8a097019400018ea4cf","6a85305e522c75b0dd469c43","2026-08-19 00:33"
"zach","621783eaab08b80001371858","Ritchie","5ff84d182c4df40001592f85","6a85314c522c75b0dd469f7b","2026-08-19 00:34"
"Northboii","669bfa0bdf76dc442ac759bf","Lágrima","5f32d46aca94e000015886be","6a8531aeb637518b879ecb16","2026-08-19 00:35"
"VIVER","631f29032347fcd4bef60349","男方鬆 (N鴯D)","6409beba17491edb5a32b684","6a85311e522c75b0dd469ef5","2026-08-19 00:35"
"trulybuzzy","5fb20f55d3f912000124d619","Antigs","5fb70fb9e2c593000135b6e0","6a853043bf6102bf1e639b9c","2026-08-19 00:35"
"PapaMacdus","6667d837d40195a479dc95b8","NebekCito (YT)","674102f66d68a18b54a2931c","6a853154522c75b0dd469f90","2026-08-19 00:35"
"Bms432","5d75a280b4ec1705ecdb7cf0","Sokram7733","67f242296e1e3985a123fe4a","6a8531f33107cfa69a8e49f6","2026-08-19 00:38"
"Ringo","6046c8a097019400018ea4cf","Henrikk","622640b7cb9b530001598509","6a8531e0bf6102bf1e63a01a","2026-08-19 00:39"
"VIVER","631f29032347fcd4bef60349","男方鬆 (N鴯D)","6409beba17491edb5a32b684","6a85327db637518b879ecde3","2026-08-19 00:39"
"Dimsum","63f619f14068eb7d4bbb134d","Franklin","660b5454be2900cb52493ba5","6a853203522c75b0dd46a1bf","2026-08-19 00:39"
"[TNT] Kirania","5c14f357ff3dc98d883d182c","OceanMan","5e9a08cdd502e121002b5279","6a853189522c75b0dd46a02d","2026-08-19 00:40"
"Norbert","61b40084a8414400018d958a","kent","5fa7ab03b45c670001342904","6a8530fc3107cfa69a8e46ae","2026-08-19 00:40"
"Albanian Guy","58796ade8b9ff486d81bbad5","zach","621783eaab08b80001371858","6a8532603107cfa69a8e4b0e","2026-08-19 00:40"
"Lágrima","5f32d46aca94e000015886be","Northboii","669bfa0bdf76dc442ac759bf","6a8532fa522c75b0dd46a66e","2026-08-19 00:40"
"trulybuzzy","5fb20f55d3f912000124d619","PapaMacdus","6667d837d40195a479dc95b8","6a853283bf6102bf1e63a2c4","2026-08-19 00:40"
"Ringo","6046c8a097019400018ea4cf","Delema()()()","65869f62df3f7bea3fa1d675","6a85335f3107cfa69a8e4e52","2026-08-19 00:41"
"gov 88","6a6ac9aa8843af27060574bd","Gj76hrh45s","6373c76035303608033c666d","6a85334e522c75b0dd46a753","2026-08-19 00:41"
"Dimsum","63f619f14068eb7d4bbb134d","Antigs","5fb70fb9e2c593000135b6e0","6a85326d522c75b0dd46a383","2026-08-19 00:41"
"OceanMan","5e9a08cdd502e121002b5279","[TNT] Kirania","5c14f357ff3dc98d883d182c","6a85337b3107cfa69a8e4e89","2026-08-19 00:42"
"Bms432","5d75a280b4ec1705ecdb7cf0","男方鬆 (N鴯D)","6409beba17491edb5a32b684","6a8533353107cfa69a8e4dc7","2026-08-19 00:42"
"VIVER","631f29032347fcd4bef60349","Franklin","660b5454be2900cb52493ba5","6a853342bf6102bf1e63a586","2026-08-19 00:43"
"PapaMacdus","6667d837d40195a479dc95b8","Eric455293","5ba7d3df2c0173520853d18c","6a8533cd522c75b0dd46a8df","2026-08-19 00:44"
"[TNT] Kirania","5c14f357ff3dc98d883d182c","Albanian Guy","58796ade8b9ff486d81bbad5","6a85341b522c75b0dd46aa7c","2026-08-19 00:45"
"zach","621783eaab08b80001371858","Lágrima","5f32d46aca94e000015886be","6a8533a2522c75b0dd46a828","2026-08-19 00:45"
"VIVER","631f29032347fcd4bef60349","男方鬆 (N鴯D)","6409beba17491edb5a32b684","6a853458b637518b879ed416","2026-08-19 00:45"
"yac&cheese","645b0c20107fe29c924fb124","Bms432","5d75a280b4ec1705ecdb7cf0","6a853415522c75b0dd46aa55","2026-08-19 00:46"
"Dimsum","63f619f14068eb7d4bbb134d","NebekCito (YT)","674102f66d68a18b54a2931c","6a85340b3107cfa69a8e5059","2026-08-19 00:47"
"trulybuzzy","5fb20f55d3f912000124d619","Antigs","5fb70fb9e2c593000135b6e0","6a8533d23107cfa69a8e4fa9","2026-08-19 00:48"
"Delema()()()","65869f62df3f7bea3fa1d675","xiwang","696e0e6fe76a00570552d609","6a8533e7bf6102bf1e63a7ba","2026-08-19 00:49"
"VIVER","631f29032347fcd4bef60349","zach","621783eaab08b80001371858","6a8534d1522c75b0dd46acb9","2026-08-19 00:49"
"Ringo","6046c8a097019400018ea4cf","Northboii","669bfa0bdf76dc442ac759bf","6a8533bab637518b879ed1ad","2026-08-19 00:50"
"WindyMirage774","661c9b427222970e307aff01","Dimsum","63f619f14068eb7d4bbb134d","6a853354b637518b879ed0d6","2026-08-19 00:50"
"Albanian Guy","58796ade8b9ff486d81bbad5","Lágrima","5f32d46aca94e000015886be","6a8534feb637518b879ed596","2026-08-19 00:52"
"VIVER","631f29032347fcd4bef60349","zach","621783eaab08b80001371858","6a85359f3107cfa69a8e54e6","2026-08-19 00:53"
"Ringo","6046c8a097019400018ea4cf","Delema()()()","65869f62df3f7bea3fa1d675","6a8535d33107cfa69a8e5574","2026-08-19 00:54"
"[TNT] Kirania","5c14f357ff3dc98d883d182c","Albanian Guy","58796ade8b9ff486d81bbad5","6a8536913107cfa69a8e58aa","2026-08-19 00:55"
"𝓯𝓻𝓮𝓪𝓴𝔂 scarlocck","671b07117678ed42697349ee","PapaMacdus","6667d837d40195a479dc95b8","6a85347ab637518b879ed45d","2026-08-19 00:55"
"mink flow","61c0d83a2240d4000107a7a1","wojnder","69b9c18e047c97d67d79b7ec","6a853678bf6102bf1e63b018","2026-08-19 00:55"
"OceanMan","5e9a08cdd502e121002b5279","BarryTheBee","62be7867aa13616722f8dd4a","6a85348c522c75b0dd46abfc","2026-08-19 00:56"
"Lágrima","5f32d46aca94e000015886be","Bms432","5d75a280b4ec1705ecdb7cf0","6a85367d522c75b0dd46b253","2026-08-19 00:56"
"Norbert","61b40084a8414400018d958a","kent","5fa7ab03b45c670001342904","6a8533ae522c75b0dd46a858","2026-08-19 00:57"
"男方鬆 (N鴯D)","6409beba17491edb5a32b684","BRO BAGAS","61568977b30f8800018736f1","6a8536b83107cfa69a8e5902","2026-08-19 00:57"
"zach","621783eaab08b80001371858","VIVER","631f29032347fcd4bef60349","6a8536b23107cfa69a8e58eb","2026-08-19 00:58"
"Zezeshaka","60a4bf78880a050001dcaa70","Edumiz","64449fe77632c9082aa55775","6a85330db637518b879ed024","2026-08-19 00:58"
"男方鬆 (N鴯D)","6409beba17491edb5a32b684","Mundane Metazoan","611e6a266eba2c00010f1232","6a85377b522c75b0dd46b4b7","2026-08-19 00:59"
"Ringo","6046c8a097019400018ea4cf","Norbert","61b40084a8414400018d958a","6a85377d522c75b0dd46b4bf","2026-08-19 01:00"
"mink flow","61c0d83a2240d4000107a7a1","Glenn Appy","634ddaafd6559e850c51f55d","6a853748522c75b0dd46b456","2026-08-19 01:00"
"Franklin","660b5454be2900cb52493ba5","PapaMacdus","6667d837d40195a479dc95b8","6a8537223107cfa69a8e5a16","2026-08-19 01:01"
"Bms432","5d75a280b4ec1705ecdb7cf0","男方鬆 (N鴯D)","6409beba17491edb5a32b684","6a853808bf6102bf1e63b453","2026-08-19 01:01"
"Delema()()()","65869f62df3f7bea3fa1d675","Albanian Guy","58796ade8b9ff486d81bbad5","6a8537353107cfa69a8e5a43","2026-08-19 01:03"
"gov 88","6a6ac9aa8843af27060574bd","xtw","6a4810eb337d27a896dbe937","6a853872522c75b0dd46b72c","2026-08-19 01:03"
"Northboii","669bfa0bdf76dc442ac759bf","trulybuzzy","5fb20f55d3f912000124d619","6a8535c5bf6102bf1e63adc2","2026-08-19 01:04"
"Aculstingray","5f09a434a958535b8c808fd6","Lágrima","5f32d46aca94e000015886be","6a85384abf6102bf1e63b4c4","2026-08-19 01:04"
"Franklin","660b5454be2900cb52493ba5","PapaMacdus","6667d837d40195a479dc95b8","6a8538973107cfa69a8e5dac","2026-08-19 01:04"
"kent","5fa7ab03b45c670001342904","Ringo","6046c8a097019400018ea4cf","6a85384f3107cfa69a8e5d20","2026-08-19 01:05"
"gov 88","6a6ac9aa8843af27060574bd","Jamari979","635fff09305fe5db7b80fb00","6a853944522c75b0dd46b8c2","2026-08-19 01:06"
"Norbert","61b40084a8414400018d958a","Albanian Guy","58796ade8b9ff486d81bbad5","6a85393fbf6102bf1e63b6cc","2026-08-19 01:08"
"xiwang","696e0e6fe76a00570552d609","kober","67ad18a09e150413a5e6fa66","6a853976b637518b879ee0b6","2026-08-19 01:09"
"gov 88","6a6ac9aa8843af27060574bd","xtw","6a4810eb337d27a896dbe937","6a853a08522c75b0dd46bab8","2026-08-19 01:09"
"mink flow","61c0d83a2240d4000107a7a1","Chasovskikh Ilya","68a835bc6e2b14f3fe2e86c6","6a8539873107cfa69a8e6023","2026-08-19 01:09"
"kent","5fa7ab03b45c670001342904","Ringo","6046c8a097019400018ea4cf","6a853980522c75b0dd46b997","2026-08-19 01:10"
"Zezeshaka","60a4bf78880a050001dcaa70","Mundane Metazoan","611e6a266eba2c00010f1232","6a85384f3107cfa69a8e5d21","2026-08-19 01:11"
"Aculstingray","5f09a434a958535b8c808fd6","trulybuzzy","5fb20f55d3f912000124d619","6a853935bf6102bf1e63b6bc","2026-08-19 01:12"
"kober","67ad18a09e150413a5e6fa66","Freedom","65a2efda5b3d0a0d04c2a4b0","6a853ad83107cfa69a8e62e9","2026-08-19 01:13"
"kent","5fa7ab03b45c670001342904","Ringo","6046c8a097019400018ea4cf","6a853a863107cfa69a8e6253","2026-08-19 01:13"
"gov 88","6a6ac9aa8843af27060574bd","Ethandmax","5b1824d759669593c4ce58b0","6a853abf522c75b0dd46bc60","2026-08-19 01:13"
"Lágrima","5f32d46aca94e000015886be","kober","67ad18a09e150413a5e6fa66","6a853a6e522c75b0dd46bb90","2026-08-19 01:14"
"mink flow","61c0d83a2240d4000107a7a1","Chillin77777","688fb9683b2f00bed41482bc","6a853a80522c75b0dd46bbd6","2026-08-19 01:14"
"Albanian Guy","58796ade8b9ff486d81bbad5","Norbert","61b40084a8414400018d958a","6a853a0cbf6102bf1e63b8eb","2026-08-19 01:15"
"Albanian Guy","58796ade8b9ff486d81bbad5","Norbert","61b40084a8414400018d958a","6a853bcf3107cfa69a8e64e1","2026-08-19 01:16"
"Ringo","6046c8a097019400018ea4cf","Freedom","65a2efda5b3d0a0d04c2a4b0","6a853b703107cfa69a8e6407","2026-08-19 01:16"
"Lágrima","5f32d46aca94e000015886be","kober","67ad18a09e150413a5e6fa66","6a853b89522c75b0dd46be13","2026-08-19 01:16"
"kent","5fa7ab03b45c670001342904","kober","67ad18a09e150413a5e6fa66","6a853b64b637518b879ee4ac","2026-08-19 01:18"
"Franklin","660b5454be2900cb52493ba5","PapaMacdus","6667d837d40195a479dc95b8","6a8539893107cfa69a8e6027","2026-08-19 01:18"
"kent","5fa7ab03b45c670001342904","kober","67ad18a09e150413a5e6fa66","6a853c90b637518b879ee7b0","2026-08-19 01:19"
"Ebifriday","64ae8a8dfe265cde328b76d3","christmaslover12312","673d6fdbb846b8a9a5f87aae","6a853bd73107cfa69a8e64f7","2026-08-19 01:19"
"BarryTheBee","62be7867aa13616722f8dd4a","nowlo","67493198473744059fbb9736","6a853b16522c75b0dd46bd13","2026-08-19 01:20"
"Albanian Guy","58796ade8b9ff486d81bbad5","Norbert","61b40084a8414400018d958a","6a853c21522c75b0dd46bfbc","2026-08-19 01:21"
"Ringo","6046c8a097019400018ea4cf","Freedom","65a2efda5b3d0a0d04c2a4b0","6a853c0c522c75b0dd46bf6e","2026-08-19 01:21"
"Lágrima","5f32d46aca94e000015886be","kober","67ad18a09e150413a5e6fa66","6a853c10522c75b0dd46bf7d","2026-08-19 01:22"
"Tosontsengel Sausages","676108739f1bd4dd8576b876","Action2410","6600817f787a1218b6f41ff2","6a853c84522c75b0dd46c0ab","2026-08-19 01:22"
"kent","5fa7ab03b45c670001342904","kober","67ad18a09e150413a5e6fa66","6a853cd5522c75b0dd46c18d","2026-08-19 01:24"
"trulybuzzy","5fb20f55d3f912000124d619","Aculstingray","5f09a434a958535b8c808fd6","6a853b2bb637518b879ee446","2026-08-19 01:24"
"kqyyy","6888a322b2328f914ebd912f","Antigs","5fb70fb9e2c593000135b6e0","6a853c21bf6102bf1e63bce1","2026-08-19 01:24"
"Norbert","61b40084a8414400018d958a","Ringo","6046c8a097019400018ea4cf","6a853d32522c75b0dd46c2d0","2026-08-19 01:26"
"Ebifriday","64ae8a8dfe265cde328b76d3","男方鬆 (N鴯D)","6409beba17491edb5a32b684","6a853dd1b637518b879eeabc","2026-08-19 01:26"
"kober","67ad18a09e150413a5e6fa66","Albanian Guy","58796ade8b9ff486d81bbad5","6a853db03107cfa69a8e69cf","2026-08-19 01:27"
"Freedom","65a2efda5b3d0a0d04c2a4b0","Lágrima","5f32d46aca94e000015886be","6a853d73bf6102bf1e63c096","2026-08-19 01:27"
"Tottenhamwisps","60ad03a48b6e1d00012f8e7e","Franklin","660b5454be2900cb52493ba5","6a853c96b637518b879ee7ca","2026-08-19 01:28"
"Action2410","6600817f787a1218b6f41ff2","Mundane Metazoan","611e6a266eba2c00010f1232","6a853dba3107cfa69a8e69e4","2026-08-19 01:28"
"Norbert","61b40084a8414400018d958a","Ringo","6046c8a097019400018ea4cf","6a853e5eb637518b879eec18","2026-08-19 01:29"
"kober","67ad18a09e150413a5e6fa66","Freedom","65a2efda5b3d0a0d04c2a4b0","6a853ea3522c75b0dd46c713","2026-08-19 01:30"
"kober","67ad18a09e150413a5e6fa66","kent","5fa7ab03b45c670001342904","6a853f503107cfa69a8e6ee9","2026-08-19 01:32"
"Sokram7733","67f242296e1e3985a123fe4a","Franklin","660b5454be2900cb52493ba5","6a853f20bf6102bf1e63c595","2026-08-19 01:32"
"SentyRu","65dc836b33066622c3ebfb88","BRO BAGAS","61568977b30f8800018736f1","6a853f5f3107cfa69a8e6f11","2026-08-19 01:33"
"kent","5fa7ab03b45c670001342904","kober","67ad18a09e150413a5e6fa66","6a853fd7522c75b0dd46cb39","2026-08-19 01:35"
"PapaMacdus","6667d837d40195a479dc95b8","LostWithDaus","689602447074bdfc403c8e9a","6a85401a0818ca6f676c233f","2026-08-19 01:35"
"Albanian Guy","58796ade8b9ff486d81bbad5","Norbert","61b40084a8414400018d958a","6a853f0eb637518b879eee35","2026-08-19 01:36"
"kent","5fa7ab03b45c670001342904","kober","67ad18a09e150413a5e6fa66","6a853fd7522c75b0dd46cb39","2026-08-19 01:36"
"Aculstingray","5f09a434a958535b8c808fd6","SentyRu","65dc836b33066622c3ebfb88","6a853ffc522c75b0dd46cb8f","2026-08-19 01:36"
"Ringo","6046c8a097019400018ea4cf","Freedom","65a2efda5b3d0a0d04c2a4b0","6a853f39b637518b879eeea4","2026-08-19 01:37"
"WindyMirage774","661c9b427222970e307aff01","𝕀𝕟𝕖𝕩ℙ𝕝𝕚𝕔𝕖","5bd89c00fe3a84037ca28c65","6a8540493107cfa69a8e7201","2026-08-19 01:37"
"kent","5fa7ab03b45c670001342904","kober","67ad18a09e150413a5e6fa66","6a8540563107cfa69a8e722a","2026-08-19 01:38"
"GeoMango","640633579d4e23ba52d7b054","MDsylvester","5e8968e0b3ec173bc8a33412","6a854055522c75b0dd46cc93","2026-08-19 01:38"
"Albanian Guy","58796ade8b9ff486d81bbad5","Ringo","6046c8a097019400018ea4cf","6a8540e03107cfa69a8e73e0","2026-08-19 01:39"
"kober","67ad18a09e150413a5e6fa66","Aculstingray","5f09a434a958535b8c808fd6","6a8540ca522c75b0dd46ce45","2026-08-19 01:39"
"MaxJoker84","658c1a04945350bcd1f47aca","Aculstingray","5f09a434a958535b8c808fd6","6a854051522c75b0dd46cc4d","2026-08-19 01:39"
"kent","5fa7ab03b45c670001342904","kober","67ad18a09e150413a5e6fa66","6a85412fb637518b879ef496","2026-08-19 01:40"
"kober","67ad18a09e150413a5e6fa66","Ringo","6046c8a097019400018ea4cf","6a85417f522c75b0dd46d022","2026-08-19 01:40"
"super singh","6a591d57c05d5d35f4095c85","nullzz2p","6a3ce32b5555a6dd39711f12","6a8541073107cfa69a8e7435","2026-08-19 01:40"
"SentyRu","65dc836b33066622c3ebfb88","男方鬆 (N鴯D)","6409beba17491edb5a32b684","6a8540acb637518b879ef321","2026-08-19 01:40"
"kober","67ad18a09e150413a5e6fa66","Ringo","6046c8a097019400018ea4cf","6a8541aedf26327143577f1a","2026-08-19 01:42"
"kalesalad","60c9cf146dac910001261659","Aculstingray","5f09a434a958535b8c808fd6","6a8541813107cfa69a8e756b","2026-08-19 01:42"
"WindyMirage774","661c9b427222970e307aff01","PapaMacdus","6667d837d40195a479dc95b8","6a8540e23107cfa69a8e73e6","2026-08-19 01:42"
"Freedom","65a2efda5b3d0a0d04c2a4b0","Aculstingray","5f09a434a958535b8c808fd6","6a85415e3107cfa69a8e7532","2026-08-19 01:43"
"SentyRu","65dc836b33066622c3ebfb88","男方鬆 (N鴯D)","6409beba17491edb5a32b684","6a8541af3107cfa69a8e75bd","2026-08-19 01:43"
"kent","5fa7ab03b45c670001342904","Albanian Guy","58796ade8b9ff486d81bbad5","6a8541df3107cfa69a8e761c","2026-08-19 01:46"
"kober","67ad18a09e150413a5e6fa66","Ringo","6046c8a097019400018ea4cf","6a8541bb3107cfa69a8e75dd","2026-08-19 01:46"
"kalesalad","60c9cf146dac910001261659","WindyMirage774","661c9b427222970e307aff01","6a85422cbf6102bf1e63ce30","2026-08-19 01:46"
"trulybuzzy","5fb20f55d3f912000124d619","Franklin","660b5454be2900cb52493ba5","6a853fd7b637518b879ef179","2026-08-19 01:47"
"kent","5fa7ab03b45c670001342904","kober","67ad18a09e150413a5e6fa66","6a854305b637518b879ef887","2026-08-19 01:48"
"mink flow","61c0d83a2240d4000107a7a1","Sander Jørgensen","5e9480363d4b6a51ac286a0b","6a85432f522c75b0dd46d4d6","2026-08-19 01:48"
"Freedom","65a2efda5b3d0a0d04c2a4b0","Aculstingray","5f09a434a958535b8c808fd6","6a854243522c75b0dd46d1ef","2026-08-19 01:49"
"kober","67ad18a09e150413a5e6fa66","Freedom","65a2efda5b3d0a0d04c2a4b0","6a8543b8b637518b879efa98","2026-08-19 01:50"
"mink flow","61c0d83a2240d4000107a7a1","Valerion","677825787c4f6c09dd150cd3","6a8543aabf6102bf1e63d25c","2026-08-19 01:50"
"duck","635dc283e419c615374198d6","PapaMacdus","6667d837d40195a479dc95b8","6a8542483107cfa69a8e7741","2026-08-19 01:50"
"kent","5fa7ab03b45c670001342904","Albanian Guy","58796ade8b9ff486d81bbad5","6a854362522c75b0dd46d5c5","2026-08-19 01:51"
"Aculstingray","5f09a434a958535b8c808fd6","SentyRu","65dc836b33066622c3ebfb88","6a8543af522c75b0dd46d6a0","2026-08-19 01:51"
"Aculstingray","5f09a434a958535b8c808fd6","SentyRu","65dc836b33066622c3ebfb88","6a8543af522c75b0dd46d6a0","2026-08-19 01:52"
"kalesalad","60c9cf146dac910001261659","Ringo","6046c8a097019400018ea4cf","6a854324522c75b0dd46d4b5","2026-08-19 01:53"
"WindyMirage774","661c9b427222970e307aff01","Dasi","60646de64f3a8e00016fae55","6a8543e03107cfa69a8e7bc7","2026-08-19 01:53"
"race","603c5c220297940001b84e1a","Joo-eun.","6a290dd1cf6b59479a2ae4de","6a85444ab637518b879efbe2","2026-08-19 01:53"
"kent","5fa7ab03b45c670001342904","kober","67ad18a09e150413a5e6fa66","6a85443fb637518b879efbd2","2026-08-19 01:54"
"SentyRu","65dc836b33066622c3ebfb88","Aculstingray","5f09a434a958535b8c808fd6","6a854421c453440fb5a75d1a","2026-08-19 01:54"
"duck","635dc283e419c615374198d6","PapaMacdus","6667d837d40195a479dc95b8","6a85441a083f7920375e266a","2026-08-19 01:55"
"kent","5fa7ab03b45c670001342904","kober","67ad18a09e150413a5e6fa66","6a8544e6b637518b879efd1b","2026-08-19 01:56"
"Aculstingray","5f09a434a958535b8c808fd6","男方鬆 (N鴯D)","6409beba17491edb5a32b684","6a854451522c75b0dd46d891","2026-08-19 01:57"
"Eddie","5695b1e1838cda1838015d4b","kober","67ad18a09e150413a5e6fa66","6a8545513107cfa69a8e7fdd","2026-08-19 01:58"
"Aculstingray","5f09a434a958535b8c808fd6","SentyRu","65dc836b33066622c3ebfb88","6a8544c8522c75b0dd46da32","2026-08-19 01:58"
"Ringo","6046c8a097019400018ea4cf","WindyMirage774","661c9b427222970e307aff01","6a8544bb3107cfa69a8e7e27","2026-08-19 01:59"
"Freedom","65a2efda5b3d0a0d04c2a4b0","kober","67ad18a09e150413a5e6fa66","6a854419522c75b0dd46d7cc","2026-08-19 01:59"
"arkst5711","653e2552c65b2ec04be90d7e","Tottenhamwisps","60ad03a48b6e1d00012f8e7e","6a85446e522c75b0dd46d8bc","2026-08-19 02:00"
"duck","635dc283e419c615374198d6","jeyjey1001","5e9dc1026ea510450800fbb9","6a85452db637518b879efe04","2026-08-19 02:00"
"Dasi","60646de64f3a8e00016fae55","SentyRu","65dc836b33066622c3ebfb88","6a8545cb3107cfa69a8e8141","2026-08-19 02:00"
"Ringo","6046c8a097019400018ea4cf","kober","67ad18a09e150413a5e6fa66","6a85460f3107cfa69a8e81c8","2026-08-19 02:01"
"mink flow","61c0d83a2240d4000107a7a1","nxt_lvl.","6116e83b5078c20001589deb","6a854535522c75b0dd46dba4","2026-08-19 02:01"
"Ringo","6046c8a097019400018ea4cf","kober","67ad18a09e150413a5e6fa66","6a8546883107cfa69a8e83cf","2026-08-19 02:02"
"VIVER","631f29032347fcd4bef60349","kober","67ad18a09e150413a5e6fa66","6a85467d522c75b0dd46e076","2026-08-19 02:03"
"wang","64df30f334185dd27cf839a7","trulybuzzy","5fb20f55d3f912000124d619","6a8544db522c75b0dd46da62","2026-08-19 02:04"
"Freedom","65a2efda5b3d0a0d04c2a4b0","duck","635dc283e419c615374198d6","6a854652b637518b879f0193","2026-08-19 02:07"
"Eddie","5695b1e1838cda1838015d4b","男方鬆 (N鴯D)","6409beba17491edb5a32b684","6a8547a3bf6102bf1e63dc6c","2026-08-19 02:08"
"kober","67ad18a09e150413a5e6fa66","Ringo","6046c8a097019400018ea4cf","6a8546dc522c75b0dd46e216","2026-08-19 02:08"
"kober","67ad18a09e150413a5e6fa66","VIVER","631f29032347fcd4bef60349","6a854725b637518b879f03e7","2026-08-19 02:09"
"鳴神","5e6434058fd6cf50f886fb99","Tottenhamwisps","60ad03a48b6e1d00012f8e7e","6a8546603107cfa69a8e82d2","2026-08-19 02:09"
"kalesalad","60c9cf146dac910001261659","wang","64df30f334185dd27cf839a7","6a854752b637518b879f0465","2026-08-19 02:10"
"Ringo","6046c8a097019400018ea4cf","Freedom","65a2efda5b3d0a0d04c2a4b0","6a8548283107cfa69a8e8825","2026-08-19 02:13"
"kober","67ad18a09e150413a5e6fa66","Eddie","5695b1e1838cda1838015d4b","6a8548483107cfa69a8e8878","2026-08-19 02:14"
"VIVER","631f29032347fcd4bef60349","wang","64df30f334185dd27cf839a7","6a8548fc3107cfa69a8e8a52","2026-08-19 02:14"
"kalesalad","60c9cf146dac910001261659","kober","67ad18a09e150413a5e6fa66","6a85488b3107cfa69a8e8921","2026-08-19 02:15"
"duck","635dc283e419c615374198d6","Gaz","5ffc25ff91da7b0001ada8fa","6a8547e93107cfa69a8e87b7","2026-08-19 02:15"
"Ringo","6046c8a097019400018ea4cf","Eddie","5695b1e1838cda1838015d4b","6a85499abf6102bf1e63e132","2026-08-19 02:17"
"BojanR","629dfdf703067f145276ac04","duck","635dc283e419c615374198d6","6a8549c2bf6102bf1e63e191","2026-08-19 02:18"
"kalesalad","60c9cf146dac910001261659","VIVER","631f29032347fcd4bef60349","6a8549e03107cfa69a8e8ca2","2026-08-19 02:19"
"arkst5711","653e2552c65b2ec04be90d7e","trulybuzzy","5fb20f55d3f912000124d619","6a8547c8522c75b0dd46e474","2026-08-19 02:20"
"Albanian Guy","58796ade8b9ff486d81bbad5","Northboii","669bfa0bdf76dc442ac759bf","6a854947b637518b879f08d1","2026-08-19 02:22"
"Eddie","5695b1e1838cda1838015d4b","Ringo","6046c8a097019400018ea4cf","6a854a2f522c75b0dd46ea2d","2026-08-19 02:22"
"duck","635dc283e419c615374198d6","Tosontsengel Sausages","676108739f1bd4dd8576b876","6a854aa3522c75b0dd46ebca","2026-08-19 02:22"
"mink flow","61c0d83a2240d4000107a7a1","Squirtle - Brawl Stars","60ac2199fed60600011de6f2","6a8549ed3107cfa69a8e8cca","2026-08-19 02:22"
"kalesalad","60c9cf146dac910001261659","VIVER","631f29032347fcd4bef60349","6a854ad43107cfa69a8e8f7f","2026-08-19 02:23"
"wang","64df30f334185dd27cf839a7","mav1land","63f4a2bda13ee3ab588d6275","6a854a683107cfa69a8e8e19","2026-08-19 02:23"
"Asphalt","63b28cd3e615c0d497c80c1c","Gaz","5ffc25ff91da7b0001ada8fa","6a8549d53107cfa69a8e8c84","2026-08-19 02:23"
"kent","5fa7ab03b45c670001342904","ALFA","5b6f185f7135fa0e48b5528a","6a854b5c3107cfa69a8e9163","2026-08-19 02:25"
"Ringo","6046c8a097019400018ea4cf","Eddie","5695b1e1838cda1838015d4b","6a854b7fb637518b879f0fc6","2026-08-19 02:25"
"kalesalad","60c9cf146dac910001261659","VIVER","631f29032347fcd4bef60349","6a854bb7bf6102bf1e63e7f1","2026-08-19 02:26"
"mav1land","63f4a2bda13ee3ab588d6275","race","603c5c220297940001b84e1a","6a854ba0522c75b0dd46efc0","2026-08-19 02:26"
"wang","64df30f334185dd27cf839a7","kober","67ad18a09e150413a5e6fa66","6a854c443107cfa69a8e9417","2026-08-19 02:28"
"WindyMirage774","661c9b427222970e307aff01","jeyjey1001","5e9dc1026ea510450800fbb9","6a854bd6b637518b879f10d8","2026-08-19 02:28"
"kalesalad","60c9cf146dac910001261659","mav1land","63f4a2bda13ee3ab588d6275","6a854c70bf6102bf1e63e9d2","2026-08-19 02:29"
"kober","67ad18a09e150413a5e6fa66","wang","64df30f334185dd27cf839a7","6a854ccd3107cfa69a8e95d3","2026-08-19 02:29"
"aterawok","6626e9b2d2478b5677ac616c","aero","6204e99c582e1f0001bd9a43","6a8549f0bf6102bf1e63e1ef","2026-08-19 02:30"
"Ringo","6046c8a097019400018ea4cf","kober","67ad18a09e150413a5e6fa66","6a854c3c522c75b0dd46f150","2026-08-19 02:30"
"duck","635dc283e419c615374198d6","trulybuzzy","5fb20f55d3f912000124d619","6a854b703107cfa69a8e919b","2026-08-19 02:30"
"zach","621783eaab08b80001371858","race","603c5c220297940001b84e1a","6a854cc53107cfa69a8e95bf","2026-08-19 02:31"
"wang","64df30f334185dd27cf839a7","mav1land","63f4a2bda13ee3ab588d6275","6a854d333107cfa69a8e981b","2026-08-19 02:31"
"Lodi","5788e5e5c2a0fb1304dba46c","男方鬆 (N鴯D)","6409beba17491edb5a32b684","6a854c4f522c75b0dd46f194","2026-08-19 02:31"
"kalesalad","60c9cf146dac910001261659","arkst5711","653e2552c65b2ec04be90d7e","6a854d17522c75b0dd46f442","2026-08-19 02:32"
"ALFA","5b6f185f7135fa0e48b5528a","kent","5fa7ab03b45c670001342904","6a854caf3107cfa69a8e9579","2026-08-19 02:35"
"mav1land","63f4a2bda13ee3ab588d6275","kober","67ad18a09e150413a5e6fa66","6a854d9a522c75b0dd46f631","2026-08-19 02:35"
"ratt","67adda06e36339976840db35","christmaslover12312","673d6fdbb846b8a9a5f87aae","6a854e09b637518b879f18db","2026-08-19 02:35"
"wang","64df30f334185dd27cf839a7","BojanR","629dfdf703067f145276ac04","6a854dca3107cfa69a8e99da","2026-08-19 02:36"
"trulybuzzy","5fb20f55d3f912000124d619","jeyjey1001","5e9dc1026ea510450800fbb9","6a854d4db637518b879f1604","2026-08-19 02:36"
"Delema()()()","65869f62df3f7bea3fa1d675","Salem","63af4615494c2bc27e4a2f31","6a854df53107cfa69a8e9a45","2026-08-19 02:37"
"mav1land","63f4a2bda13ee3ab588d6275","kober","67ad18a09e150413a5e6fa66","6a854d9a522c75b0dd46f631","2026-08-19 02:37"
"flickshot","622d5637fbf42a00013d06b1","WindyMirage774","661c9b427222970e307aff01","6a854e19522c75b0dd46f807","2026-08-19 02:37"
"kalesalad","60c9cf146dac910001261659","Albanian Guy","58796ade8b9ff486d81bbad5","6a854db3522c75b0dd46f694","2026-08-19 02:38"
"race","603c5c220297940001b84e1a","Lodi","5788e5e5c2a0fb1304dba46c","6a854e053107cfa69a8e9a78","2026-08-19 02:38"
"mink flow","61c0d83a2240d4000107a7a1","***o4ek","5eb48d7c8734a0614020d37f","6a854e243107cfa69a8e9aee","2026-08-19 02:38"
"kalesalad","60c9cf146dac910001261659","kober","67ad18a09e150413a5e6fa66","6a854f4bbf6102bf1e63f305","2026-08-19 02:41"
"Salem","63af4615494c2bc27e4a2f31","Delema()()()","65869f62df3f7bea3fa1d675","6a854ef73107cfa69a8e9dcf","2026-08-19 02:41"
"kalesalad","60c9cf146dac910001261659","kober","67ad18a09e150413a5e6fa66","6a854f4bbf6102bf1e63f305","2026-08-19 02:41"
"Florian","5dad9132d0d2a44f1018e420","Gaz","5ffc25ff91da7b0001ada8fa","6a854e753107cfa69a8e9c19","2026-08-19 02:41"
"mav1land","63f4a2bda13ee3ab588d6275","trulybuzzy","5fb20f55d3f912000124d619","6a854edb3107cfa69a8e9d59","2026-08-19 02:42"
"mink flow","61c0d83a2240d4000107a7a1","Nikoszka96","66bd4ac7247bb6f356ba1223","6a854fac522c75b0dd46fdff","2026-08-19 02:42"
"keyo","63b0355078556747fa516558","男方鬆 (N鴯D)","6409beba17491edb5a32b684","6a854fd43107cfa69a8ea07d","2026-08-19 02:43"
"race","603c5c220297940001b84e1a","Lodi","5788e5e5c2a0fb1304dba46c","6a854f79522c75b0dd46fd6d","2026-08-19 02:43"
"ALFA","5b6f185f7135fa0e48b5528a","kent","5fa7ab03b45c670001342904","6a854eb9522c75b0dd46fa64","2026-08-19 02:44"
"kober","67ad18a09e150413a5e6fa66","wang","64df30f334185dd27cf839a7","6a854ffa522c75b0dd46ffc8","2026-08-19 02:44"
"Albanian Guy","58796ade8b9ff486d81bbad5","aterawok","6626e9b2d2478b5677ac616c","6a854fb1b637518b879f1e2d","2026-08-19 02:45"
"kober","67ad18a09e150413a5e6fa66","wang","64df30f334185dd27cf839a7","6a854ffa522c75b0dd46ffc8","2026-08-19 02:45"
"trulybuzzy","5fb20f55d3f912000124d619","mav1land","63f4a2bda13ee3ab588d6275","6a855016bf6102bf1e63f5c1","2026-08-19 02:45"
"flickshot","622d5637fbf42a00013d06b1","WindyMirage774","661c9b427222970e307aff01","6a854f0db637518b879f1c01","2026-08-19 02:46"
"kalesalad","60c9cf146dac910001261659","Delema()()()","65869f62df3f7bea3fa1d675","6a854fee3107cfa69a8ea109","2026-08-19 02:47"
"keyo","63b0355078556747fa516558","race","603c5c220297940001b84e1a","6a85508c522c75b0dd4702a2","2026-08-19 02:47"
"mav1land","63f4a2bda13ee3ab588d6275","kober","67ad18a09e150413a5e6fa66","6a8550ce3107cfa69a8ea4ca","2026-08-19 02:48"
"mink flow","61c0d83a2240d4000107a7a1","Pellini","6061f677720a6300017e661c","6a8550fa3107cfa69a8ea5c2","2026-08-19 02:48"
"Salem","63af4615494c2bc27e4a2f31","kober","67ad18a09e150413a5e6fa66","6a8550df522c75b0dd470451","2026-08-19 02:49"
"keyo","63b0355078556747fa516558","mav1land","63f4a2bda13ee3ab588d6275","6a85517c522c75b0dd4706ef","2026-08-19 02:49"
"kalesalad","60c9cf146dac910001261659","Delema()()()","65869f62df3f7bea3fa1d675","6a855165522c75b0dd470697","2026-08-19 02:50"
"pisanico","5e59788312777c09acb5f77f","Tosontsengel Sausages","676108739f1bd4dd8576b876","6a854f81bf6102bf1e63f39e","2026-08-19 02:50"
"kalesalad","60c9cf146dac910001261659","Delema()()()","65869f62df3f7bea3fa1d675","6a85521f3107cfa69a8ea9cf","2026-08-19 02:51"
"Albanian Guy","58796ade8b9ff486d81bbad5","kober","67ad18a09e150413a5e6fa66","6a855188522c75b0dd4706ff","2026-08-19 02:52"
"Norbert","61b40084a8414400018d958a","Salem","63af4615494c2bc27e4a2f31","6a8551f0522c75b0dd470822","2026-08-19 02:52"
"ALFA","5b6f185f7135fa0e48b5528a","kent","5fa7ab03b45c670001342904","6a8550ec3107cfa69a8ea576","2026-08-19 02:53"
"wang","64df30f334185dd27cf839a7","trulybuzzy","5fb20f55d3f912000124d619","6a8550dbb637518b879f2350","2026-08-19 02:53"
"keyo","63b0355078556747fa516558","kober","67ad18a09e150413a5e6fa66","6a8551cc522c75b0dd4707cf","2026-08-19 02:53"
"WindyMirage774","661c9b427222970e307aff01","flickshot","622d5637fbf42a00013d06b1","6a855162522c75b0dd470690","2026-08-19 02:53"
"Delema()()()","65869f62df3f7bea3fa1d675","kalesalad","60c9cf146dac910001261659","6a8552600818ca6f676c54d6","2026-08-19 02:54"
"男方鬆 (N鴯D)","6409beba17491edb5a32b684","-_Innokent_-","654d1a315f6c3308fd630fa2","6a85527c3107cfa69a8eab7e","2026-08-19 02:54"
"Salem","63af4615494c2bc27e4a2f31","kober","67ad18a09e150413a5e6fa66","6a85528ab637518b879f2960","2026-08-19 02:55"
"kent","5fa7ab03b45c670001342904","Delema()()()","65869f62df3f7bea3fa1d675","6a8552f3b637518b879f2ad1","2026-08-19 02:56"
"koendew","601d3640dd769100010c6f35","mav1land","63f4a2bda13ee3ab588d6275","6a85524c522c75b0dd4709a0","2026-08-19 02:56"
"男方鬆 (N鴯D)","6409beba17491edb5a32b684","Lodi","5788e5e5c2a0fb1304dba46c","6a855316b637518b879f2b4e","2026-08-19 02:57"
"keyo","63b0355078556747fa516558","trulybuzzy","5fb20f55d3f912000124d619","6a8552c43107cfa69a8eac68","2026-08-19 02:58"
"路易十六","65337c686711b99177ed189b","kober","67ad18a09e150413a5e6fa66","6a855350522c75b0dd470c80","2026-08-19 02:58"
"Salem","63af4615494c2bc27e4a2f31","Albanian Guy","58796ade8b9ff486d81bbad5","6a8553303107cfa69a8eadbf","2026-08-19 03:00"
"flickshot","622d5637fbf42a00013d06b1","wang","64df30f334185dd27cf839a7","6a8552fa3107cfa69a8ead3b","2026-08-19 03:00"
"mav1land","63f4a2bda13ee3ab588d6275","路易十六","65337c686711b99177ed189b","6a8553d2bf6102bf1e640278","2026-08-19 03:00"
"keyo","63b0355078556747fa516558","kober","67ad18a09e150413a5e6fa66","6a8553d93107cfa69a8eb040","2026-08-19 03:01"
"男方鬆 (N鴯D)","6409beba17491edb5a32b684","Lodi","5788e5e5c2a0fb1304dba46c","6a8553c43107cfa69a8eafd2","2026-08-19 03:01"
"aterawok","6626e9b2d2478b5677ac616c","aero","6204e99c582e1f0001bd9a43","6a8550feb637518b879f240b","2026-08-19 03:02"
"Delema()()()","65869f62df3f7bea3fa1d675","kent","5fa7ab03b45c670001342904","6a855388b637518b879f2cc2","2026-08-19 03:02"
"flickshot","622d5637fbf42a00013d06b1","路易十六","65337c686711b99177ed189b","6a85545ab637518b879f2f2c","2026-08-19 03:02"
"trulybuzzy","5fb20f55d3f912000124d619","CoolFish","61304cc3d34f4c0001cc8e54","6a8554513107cfa69a8eb288","2026-08-19 03:02"
"kober","67ad18a09e150413a5e6fa66","Stephen","5d87615adf1dd672b8a144b5","6a855431522c75b0dd470f76","2026-08-19 03:03"
"Kanonenkaktus","5f1c05d6a8de85000129c1ac","mav1land","63f4a2bda13ee3ab588d6275","6a8554863107cfa69a8eb321","2026-08-19 03:04"
"Salem","63af4615494c2bc27e4a2f31","kober","67ad18a09e150413a5e6fa66","6a8554c8b637518b879f3027","2026-08-19 03:05"
"keyo","63b0355078556747fa516558","男方鬆 (N鴯D)","6409beba17491edb5a32b684","6a8554a23107cfa69a8eb351","2026-08-19 03:05"
"kent","5fa7ab03b45c670001342904","Delema()()()","65869f62df3f7bea3fa1d675","6a8554e53107cfa69a8eb3f5","2026-08-19 03:06"
"ZakyBoy","602adad6f1933a000135da45","路易十六","65337c686711b99177ed189b","6a8554e9bf6102bf1e640549","2026-08-19 03:06"
"kent","5fa7ab03b45c670001342904","Delema()()()","65869f62df3f7bea3fa1d675","6a8554e53107cfa69a8eb3f5","2026-08-19 03:07"
"男方鬆 (N鴯D)","6409beba17491edb5a32b684","mav1land","63f4a2bda13ee3ab588d6275","6a855596522c75b0dd471328","2026-08-19 03:07"
"kober","67ad18a09e150413a5e6fa66","Stephen","5d87615adf1dd672b8a144b5","6a855550bf6102bf1e640623","2026-08-19 03:08"
"kober","67ad18a09e150413a5e6fa66","Salem","63af4615494c2bc27e4a2f31","6a8555c1522c75b0dd471374","2026-08-19 03:09"
"kent","5fa7ab03b45c670001342904","Delema()()()","65869f62df3f7bea3fa1d675","6a85561a522c75b0dd47149e","2026-08-19 03:11"
"BYL","665af55a0f1c875d08a700fb","mav1land","63f4a2bda13ee3ab588d6275","6a8556153107cfa69a8eb752","2026-08-19 03:11"
"teddy bear","66f081f2bf4b230a2fcb970c","Stephen","5d87615adf1dd672b8a144b5","6a85566f522c75b0dd471583","2026-08-19 03:12"
"男方鬆 (N鴯D)","6409beba17491edb5a32b684","kober","67ad18a09e150413a5e6fa66","6a85563d522c75b0dd4714f2","2026-08-19 03:12"
"Delema()()()","65869f62df3f7bea3fa1d675","Salem","63af4615494c2bc27e4a2f31","6a8556ee3107cfa69a8eb934","2026-08-19 03:13"
"wang","64df30f334185dd27cf839a7","flickshot","622d5637fbf42a00013d06b1","6a855579522c75b0dd4712e7","2026-08-19 03:13"
"BYL","665af55a0f1c875d08a700fb","WindyMirage774","661c9b427222970e307aff01","6a855706522c75b0dd471713","2026-08-19 03:14"
"kober","67ad18a09e150413a5e6fa66","teddy bear","66f081f2bf4b230a2fcb970c","6a855687bf6102bf1e640986","2026-08-19 03:14"
"trulybuzzy","5fb20f55d3f912000124d619","jeyjey1001","5e9dc1026ea510450800fbb9","6a8554c6bf6102bf1e640504","2026-08-19 03:15"
"keyo","63b0355078556747fa516558","路易十六","65337c686711b99177ed189b","6a8555d4b637518b879f3254","2026-08-19 03:16"
"wang","64df30f334185dd27cf839a7","男方鬆 (N鴯D)","6409beba17491edb5a32b684","6a8557623107cfa69a8eba76","2026-08-19 03:17"
"mav1land","63f4a2bda13ee3ab588d6275","kober","67ad18a09e150413a5e6fa66","6a85573f522c75b0dd4717c0","2026-08-19 03:17"
"WindyMirage774","661c9b427222970e307aff01","Stephen","5d87615adf1dd672b8a144b5","6a8557be3107cfa69a8ebbb8","2026-08-19 03:17"
"teddy bear","66f081f2bf4b230a2fcb970c","BYL","665af55a0f1c875d08a700fb","6a8557a1522c75b0dd4718a3","2026-08-19 03:18"
"路易十六","65337c686711b99177ed189b","frey44","65196df73b287bbf7203f3f7","6a855813bf6102bf1e640d62","2026-08-19 03:18"
"trulybuzzy","5fb20f55d3f912000124d619","jeyjey1001","5e9dc1026ea510450800fbb9","6a8557cf522c75b0dd471954","2026-08-19 03:19"
"Delema()()()","65869f62df3f7bea3fa1d675","earthenjoyer","662b7a543f29656f5fe5bf53","6a855869522c75b0dd471b41","2026-08-19 03:20"
"kent","5fa7ab03b45c670001342904","repler","624b0f92227874e6a1e26994","6a8556eeb637518b879f34df","2026-08-19 03:21"
"kober","67ad18a09e150413a5e6fa66","teddy bear","66f081f2bf4b230a2fcb970c","6a8558a1522c75b0dd471bd9","2026-08-19 03:21"
"trulybuzzy","5fb20f55d3f912000124d619","frey44","65196df73b287bbf7203f3f7","6a8558cf522c75b0dd471c39","2026-08-19 03:21"
"kober","67ad18a09e150413a5e6fa66","teddy bear","66f081f2bf4b230a2fcb970c","6a8558aa3107cfa69a8ebe74","2026-08-19 03:23"
"Stephen","5d87615adf1dd672b8a144b5","adfost8","69a01d1686149729b03dd5c7","6a8558abb637518b879f390d","2026-08-19 03:23"
"NorthKoreaEnjoyer","6a5776b9557fa0b8070897d7","mav1land","63f4a2bda13ee3ab588d6275","6a8558d4522c75b0dd471c4a","2026-08-19 03:23"
"男方鬆 (N鴯D)","6409beba17491edb5a32b684","𝒆𝒍 Wizo ~","69e6fd80d278294dbd4e3ac1","6a8558923107cfa69a8ebe36","2026-08-19 03:23"
"Sokram7733","67f242296e1e3985a123fe4a","duck","635dc283e419c615374198d6","6a8558f83107cfa69a8ebf2c","2026-08-19 03:23"
"kober","67ad18a09e150413a5e6fa66","teddy bear","66f081f2bf4b230a2fcb970c","6a855943522c75b0dd471d7b","2026-08-19 03:24"
"路易十六","65337c686711b99177ed189b","WindyMirage774","661c9b427222970e307aff01","6a8558993107cfa69a8ebe3d","2026-08-19 03:25"
"NorthKoreaEnjoyer","6a5776b9557fa0b8070897d7","teddy bear","66f081f2bf4b230a2fcb970c","6a8559e43107cfa69a8ec1aa","2026-08-19 03:26"
"mav1land","63f4a2bda13ee3ab588d6275","trulybuzzy","5fb20f55d3f912000124d619","6a8559af522c75b0dd471e71","2026-08-19 03:26"
"earthenjoyer","662b7a543f29656f5fe5bf53","BYL","665af55a0f1c875d08a700fb","6a85594b522c75b0dd471d92","2026-08-19 03:28"
"duck","635dc283e419c615374198d6","teddy bear","66f081f2bf4b230a2fcb970c","6a8559f43107cfa69a8ec1cf","2026-08-19 03:28"
"chilemasterballking","64c4d20a8f7b73c424913e00","kober","67ad18a09e150413a5e6fa66","6a855a8abf6102bf1e64132c","2026-08-19 03:29"
"WindyMirage774","661c9b427222970e307aff01","trulybuzzy","5fb20f55d3f912000124d619","6a855a89522c75b0dd47209d","2026-08-19 03:30"
"repler","624b0f92227874e6a1e26994","kent","5fa7ab03b45c670001342904","6a855939522c75b0dd471d62","2026-08-19 03:32"
"BYL","665af55a0f1c875d08a700fb","kober","67ad18a09e150413a5e6fa66","6a855b443107cfa69a8ec57d","2026-08-19 03:32"
"路易十六","65337c686711b99177ed189b","frey44","65196df73b287bbf7203f3f7","6a855b4e3107cfa69a8ec59a","2026-08-19 03:32"
"Eddie","5695b1e1838cda1838015d4b","NorthKoreaEnjoyer","6a5776b9557fa0b8070897d7","6a855acd3107cfa69a8ec431","2026-08-19 03:33"
"teddy bear","66f081f2bf4b230a2fcb970c","kober","67ad18a09e150413a5e6fa66","6a855b52bf6102bf1e64155c","2026-08-19 03:33"
"kober","67ad18a09e150413a5e6fa66","teddy bear","66f081f2bf4b230a2fcb970c","6a855be6522c75b0dd472458","2026-08-19 03:34"
"路易十六","65337c686711b99177ed189b","teddy bear","66f081f2bf4b230a2fcb970c","6a855bdd3107cfa69a8ec6a3","2026-08-19 03:35"
"NorthKoreaEnjoyer","6a5776b9557fa0b8070897d7","teddy bear","66f081f2bf4b230a2fcb970c","6a855c343107cfa69a8ec751","2026-08-19 03:36"
"kober","67ad18a09e150413a5e6fa66","Lodi","5788e5e5c2a0fb1304dba46c","6a855c9db637518b879f4267","2026-08-19 03:38"
"Eddie","5695b1e1838cda1838015d4b","Ringo","6046c8a097019400018ea4cf","6a855c31bf6102bf1e64173e","2026-08-19 03:39"
"WindyMirage774","661c9b427222970e307aff01","Laatsch","60c62658b2f5d60001ed3efe","6a855d2b522c75b0dd47279d","2026-08-19 03:40"
"repler","624b0f92227874e6a1e26994","kent","5fa7ab03b45c670001342904","6a855c05522c75b0dd4724aa","2026-08-19 03:41"
"Kris","6773fe29c77b1d889eb42462","路易十六","65337c686711b99177ed189b","6a855cb4522c75b0dd472635","2026-08-19 03:41"
"kober","67ad18a09e150413a5e6fa66","teddy bear","66f081f2bf4b230a2fcb970c","6a855d3d0818ca6f676c6cd6","2026-08-19 03:41"
"SentyRu","65dc836b33066622c3ebfb88","Lodi","5788e5e5c2a0fb1304dba46c","6a855d67522c75b0dd47283d","2026-08-19 03:41"
"Ringo","6046c8a097019400018ea4cf","kober","67ad18a09e150413a5e6fa66","6a855d84522c75b0dd472885","2026-08-19 03:42"
"Griesi27","6248c16b0e2586bb5e03e025","trulybuzzy","5fb20f55d3f912000124d619","6a855b783107cfa69a8ec5f4","2026-08-19 03:42"
"WaiWai","621f7436f0bf520001066b61",".jp","6214e6ed8d1fd100017e1c79","6a855dd0bf6102bf1e641b15","2026-08-19 03:44"
"teddy bear","66f081f2bf4b230a2fcb970c","Lodi","5788e5e5c2a0fb1304dba46c","6a855e13522c75b0dd4729e6","2026-08-19 03:45"
"aero","6204e99c582e1f0001bd9a43","kober","67ad18a09e150413a5e6fa66","6a855e783107cfa69a8ecd03","2026-08-19 03:46"
"Stephen","5d87615adf1dd672b8a144b5","Dimsum","63f619f14068eb7d4bbb134d","6a855a263107cfa69a8ec25e","2026-08-19 03:46"
"SentyRu","65dc836b33066622c3ebfb88","路易十六","65337c686711b99177ed189b","6a855dff522c75b0dd4729b1","2026-08-19 03:46"
"Griesi27","6248c16b0e2586bb5e03e025","kober","67ad18a09e150413a5e6fa66","6a855e94b637518b879f46d4","2026-08-19 03:47"
"kober","67ad18a09e150413a5e6fa66","mzk","5f3fde73116e5c0001ef74a5","6a855f4b3107cfa69a8ecf0c","2026-08-19 03:48"
"Aaryan22","657021f7412bfd95aad62550","wang","64df30f334185dd27cf839a7","6a855e8a3107cfa69a8ecd21","2026-08-19 03:49"
"WindyMirage774","661c9b427222970e307aff01","Laatsch","60c62658b2f5d60001ed3efe","6a855dd1522c75b0dd472931","2026-08-19 03:49"
"Kraim","655c88001a146e82ab9593a5","Womir1982","671a87967678ed42696f58ab","6a855ee2522c75b0dd472c43","2026-08-19 03:49"
"trulybuzzy","5fb20f55d3f912000124d619","Skcmj","669bbdca232879fb8fd85725","6a855e453107cfa69a8ecc6f","2026-08-19 03:49"
"SentyRu","65dc836b33066622c3ebfb88","tom","69c123ec04533a4c032123e6","6a855f77522c75b0dd472dde","2026-08-19 03:49"
"teddy bear","66f081f2bf4b230a2fcb970c","路易十六","65337c686711b99177ed189b","6a855f2c522c75b0dd472ce3","2026-08-19 03:50"
"SentyRu","65dc836b33066622c3ebfb88","Lodi","5788e5e5c2a0fb1304dba46c","6a855fe5522c75b0dd472f30","2026-08-19 03:50"
"Ringo","6046c8a097019400018ea4cf","kober","67ad18a09e150413a5e6fa66","6a855f29b637518b879f4842","2026-08-19 03:52"
"Griesi27","6248c16b0e2586bb5e03e025","kober","67ad18a09e150413a5e6fa66","6a855fa63107cfa69a8ed026","2026-08-19 03:52"
"SIM","5ed11a2b282ad28b94fe9b42","Wijn.","657979f3db414bd0da540f23","6a855d3ab637518b879f4411","2026-08-19 03:52"
"teddy bear","66f081f2bf4b230a2fcb970c","路易十六","65337c686711b99177ed189b","6a85601eb637518b879f4ada","2026-08-19 03:54"
"kober","67ad18a09e150413a5e6fa66","SentyRu","65dc836b33066622c3ebfb88","6a856089bf6102bf1e642127","2026-08-19 03:55"
"Kraim","655c88001a146e82ab9593a5","Voro","5a8f1e5d98cc2c6744a8a135","6a8560063107cfa69a8ed109","2026-08-19 03:56"
"Laatsch","60c62658b2f5d60001ed3efe","Jacky Wong","63be7833696b395b1a06db85","6a855fda3107cfa69a8ed08e","2026-08-19 03:56"
"Aaryan22","657021f7412bfd95aad62550","Skcmj","669bbdca232879fb8fd85725","6a85603c522c75b0dd47302e","2026-08-19 03:57"
"habesh","647734d056305f7bf5561a4e","Stephen","5d87615adf1dd672b8a144b5","6a855f683107cfa69a8ecf7c","2026-08-19 03:57"
"wang","64df30f334185dd27cf839a7","Ringo","6046c8a097019400018ea4cf","6a8560c2bf6102bf1e6421e7","2026-08-19 03:57"
"trulybuzzy","5fb20f55d3f912000124d619","WindyMirage774","661c9b427222970e307aff01","6a855feb3107cfa69a8ed0b1","2026-08-19 03:57"
"teddy bear","66f081f2bf4b230a2fcb970c","kober","67ad18a09e150413a5e6fa66","6a8560fc522c75b0dd473230","2026-08-19 03:58"
"geofilip753","69c6ad21a630d6d9a570c728","Aaryan22","657021f7412bfd95aad62550","6a8561a6b637518b879f4fe9","2026-08-19 04:00"
"Ringo","6046c8a097019400018ea4cf","wang","64df30f334185dd27cf839a7","6a8561b63107cfa69a8ed6ae","2026-08-19 04:01"
"kober","67ad18a09e150413a5e6fa66","SentyRu","65dc836b33066622c3ebfb88","6a85614d3107cfa69a8ed4dc","2026-08-19 04:01"
"Jacky Wong","63be7833696b395b1a06db85","Laatsch","60c62658b2f5d60001ed3efe","6a856177522c75b0dd47343a","2026-08-19 04:01"
"Magnus","679395e4205fcbaaa18ff360","adfost8","69a01d1686149729b03dd5c7","6a855e133107cfa69a8ecc0e","2026-08-19 04:01"
"Skcmj","669bbdca232879fb8fd85725","Voro","5a8f1e5d98cc2c6744a8a135","6a8561a1522c75b0dd47350b","2026-08-19 04:02"
"geofilip753","69c6ad21a630d6d9a570c728","Aaryan22","657021f7412bfd95aad62550","6a85628ab637518b879f537d","2026-08-19 04:03"
"WindyMirage774","661c9b427222970e307aff01","BYL","665af55a0f1c875d08a700fb","6a856243522c75b0dd4737e4","2026-08-19 04:03"
"kober","67ad18a09e150413a5e6fa66","teddy bear","66f081f2bf4b230a2fcb970c","6a856220bf6102bf1e64271c","2026-08-19 04:04"
"WaiWai","621f7436f0bf520001066b61","路易十六","65337c686711b99177ed189b","6a856108bf6102bf1e64229d","2026-08-19 04:05"
"teddy bear","66f081f2bf4b230a2fcb970c","kober","67ad18a09e150413a5e6fa66","6a856374b637518b879f5750","2026-08-19 04:07"
"SentyRu","65dc836b33066622c3ebfb88","Lodi","5788e5e5c2a0fb1304dba46c","6a8563043107cfa69a8edc4b","2026-08-19 04:07"
"teddy bear","66f081f2bf4b230a2fcb970c","kober","67ad18a09e150413a5e6fa66","6a856374b637518b879f5750","2026-08-19 04:08"
"Dimsum","63f619f14068eb7d4bbb134d","Mato Grosso","687515758c49b2f1bf4432cf","6a85635c3107cfa69a8edd84","2026-08-19 04:08"
"teddy bear","66f081f2bf4b230a2fcb970c","kober","67ad18a09e150413a5e6fa66","6a8564343107cfa69a8ee197","2026-08-19 04:10"
"WindyMirage774","661c9b427222970e307aff01","Laatsch","60c62658b2f5d60001ed3efe","6a8563143107cfa69a8edc9f","2026-08-19 04:10"
"男方鬆 (N鴯D)","6409beba17491edb5a32b684","Voro","5a8f1e5d98cc2c6744a8a135","6a856353522c75b0dd473d8a","2026-08-19 04:10"
"Magnus","679395e4205fcbaaa18ff360","adfost8","69a01d1686149729b03dd5c7","6a8562ea3107cfa69a8edbc9","2026-08-19 04:11"
"kober","67ad18a09e150413a5e6fa66","Ringo","6046c8a097019400018ea4cf","6a856448522c75b0dd47423f","2026-08-19 04:12"
"trulybuzzy","5fb20f55d3f912000124d619","silvia","5ab45e391e1f02697026c335","6a8563a0522c75b0dd473f38","2026-08-19 04:13"
"Voro","5a8f1e5d98cc2c6744a8a135","dudewalkingtothestore1999","6813b929970c7b33d30fd7e1","6a8564c1522c75b0dd474467","2026-08-19 04:13"
"kober","67ad18a09e150413a5e6fa66","Ringo","6046c8a097019400018ea4cf","6a85656e522c75b0dd474988","2026-08-19 04:14"
"Laatsch","60c62658b2f5d60001ed3efe","GCU","69f74f7bd9284e0db0e2a65c","6a8564bcbf6102bf1e6432f1","2026-08-19 04:14"
"SentyRu","65dc836b33066622c3ebfb88","Lodi","5788e5e5c2a0fb1304dba46c","6a856414522c75b0dd47411d","2026-08-19 04:14"
"geofilip753","69c6ad21a630d6d9a570c728","niwai","63bcf9051465b5b236749d8f","6a856496522c75b0dd474396","2026-08-19 04:15"
"teddy bear","66f081f2bf4b230a2fcb970c","男方鬆 (N鴯D)","6409beba17491edb5a32b684","6a8564e1522c75b0dd474553","2026-08-19 04:15"
"geofilip753","69c6ad21a630d6d9a570c728","kober","67ad18a09e150413a5e6fa66","6a8565e67d59134839c60adc","2026-08-19 04:16"
"geofilip753","69c6ad21a630d6d9a570c728","kober","67ad18a09e150413a5e6fa66","6a8565e67d59134839c60adc","2026-08-19 04:16"
"Ringo","6046c8a097019400018ea4cf","Knowledge","5fa20214cb54e30001357d56","6a85658bbf6102bf1e643830","2026-08-19 04:18"
"wang","64df30f334185dd27cf839a7","kober","67ad18a09e150413a5e6fa66","6a8566573107cfa69a8eec2b","2026-08-19 04:18"
"teddy bear","66f081f2bf4b230a2fcb970c","ferreiro","5f126427d6ca438f24009b8e","6a8566333107cfa69a8eeb78","2026-08-19 04:18"
"男方鬆 (N鴯D)","6409beba17491edb5a32b684","SentyRu","65dc836b33066622c3ebfb88","6a8566037d59134839c60b31","2026-08-19 04:18"
"ferreiro","5f126427d6ca438f24009b8e","Donsus_BOT","6368fe754b4b8e8990e3d5c0","6a856685522c75b0dd474f19","2026-08-19 04:19"
"WindyMirage774","661c9b427222970e307aff01","Voro","5a8f1e5d98cc2c6744a8a135","6a856564522c75b0dd474945","2026-08-19 04:19"
"Ringo","6046c8a097019400018ea4cf","Knowledge","5fa20214cb54e30001357d56","6a8566aa522c75b0dd474f70","2026-08-19 04:20"
"geofilip753","69c6ad21a630d6d9a570c728","kober","67ad18a09e150413a5e6fa66","6a856672522c75b0dd474ec7","2026-08-19 04:21"
"kober","67ad18a09e150413a5e6fa66","ferreiro","5f126427d6ca438f24009b8e","6a8566dc7d59134839c60dd9","2026-08-19 04:21"
"MisuZ","68d9000d9c38c66edcca9fa8","trulybuzzy","5fb20f55d3f912000124d619","6a8565bc3107cfa69a8ee9de","2026-08-19 04:21"
"SentyRu","65dc836b33066622c3ebfb88","Donsus_BOT","6368fe754b4b8e8990e3d5c0","6a8566ae3107cfa69a8eecfe","2026-08-19 04:21"
"teddy bear","66f081f2bf4b230a2fcb970c","男方鬆 (N鴯D)","6409beba17491edb5a32b684","6a8566a43107cfa69a8eecf3","2026-08-19 04:23"
"Knuefi","686f418b1d20bac2bc99c10f","ManaphyIstToll","66c10e6b814c3996e77223cc","6a8565d47d59134839c60aae","2026-08-19 04:23"
"trulybuzzy","5fb20f55d3f912000124d619","Donsus_BOT","6368fe754b4b8e8990e3d5c0","6a8567853107cfa69a8eef62","2026-08-19 04:23"
"kober","67ad18a09e150413a5e6fa66","Knowledge","5fa20214cb54e30001357d56","6a8567493107cfa69a8eeed0","2026-08-19 04:24"
"antidotess","60859c21128efc0001559603","Ringo","6046c8a097019400018ea4cf","6a8567203107cfa69a8eee8a","2026-08-19 04:24"
"Dimsum","63f619f14068eb7d4bbb134d","WindyMirage774","661c9b427222970e307aff01","6a8566e53107cfa69a8eedb6","2026-08-19 04:24"
"MisuZ","68d9000d9c38c66edcca9fa8","Donsus_BOT","6368fe754b4b8e8990e3d5c0","6a85676f7d59134839c60fb4","2026-08-19 04:24"
"silvia","5ab45e391e1f02697026c335","Marci","62572af8924e491f28b0326c","6a8566bb522c75b0dd474fa7","2026-08-19 04:24"
"Ofendani","5bf882e543196557d45fb414","habesh","647734d056305f7bf5561a4e","6a856565b637518b879f60c8","2026-08-19 04:25"
"kober","67ad18a09e150413a5e6fa66","ferreiro","5f126427d6ca438f24009b8e","6a8567703107cfa69a8eef22","2026-08-19 04:25"
"dudewalkingtothestore1999","6813b929970c7b33d30fd7e1","SentyRu","65dc836b33066622c3ebfb88","6a8567a97d59134839c6105b","2026-08-19 04:25"
"teddy bear","66f081f2bf4b230a2fcb970c","Ringo","6046c8a097019400018ea4cf","6a856813df2632714357e6a6","2026-08-19 04:26"
"wang","64df30f334185dd27cf839a7","男方鬆 (N鴯D)","6409beba17491edb5a32b684","6a8567d57d59134839c61106","2026-08-19 04:26"
"GCU","69f74f7bd9284e0db0e2a65c","Laatsch","60c62658b2f5d60001ed3efe","6a8565e67d59134839c60adb","2026-08-19 04:26"
"MisuZ","68d9000d9c38c66edcca9fa8","Donsus_BOT","6368fe754b4b8e8990e3d5c0","6a856810522c75b0dd47532b","2026-08-19 04:27"
"SentyRu","65dc836b33066622c3ebfb88","dudewalkingtothestore1999","6813b929970c7b33d30fd7e1","6a856854b637518b879f69b6","2026-08-19 04:27"
"SentyRu","65dc836b33066622c3ebfb88","男方鬆 (N鴯D)","6409beba17491edb5a32b684","6a8568d1bf6102bf1e644281","2026-08-19 04:29"
"wang","64df30f334185dd27cf839a7","teddy bear","66f081f2bf4b230a2fcb970c","6a856888522c75b0dd4754b4","2026-08-19 04:30"
"dudewalkingtothestore1999","6813b929970c7b33d30fd7e1","JabatoForever","639a08ff3b3f94f55d70255a","6a8568e8b637518b879f6bca","2026-08-19 04:30"
"WindyMirage774","661c9b427222970e307aff01","silvia","5ab45e391e1f02697026c335","6a85682f7d59134839c61222","2026-08-19 04:31"
"trulybuzzy","5fb20f55d3f912000124d619","ManaphyIstToll","66c10e6b814c3996e77223cc","6a8567dcb637518b879f688b","2026-08-19 04:31"
"kober","67ad18a09e150413a5e6fa66","ferreiro","5f126427d6ca438f24009b8e","6a85691e522c75b0dd4756fa","2026-08-19 04:32"
"男方鬆 (N鴯D)","6409beba17491edb5a32b684","-_Innokent_-","654d1a315f6c3308fd630fa2","6a8569333107cfa69a8ef44f","2026-08-19 04:32"
"dudewalkingtothestore1999","6813b929970c7b33d30fd7e1","SentyRu","65dc836b33066622c3ebfb88","6a85697d3107cfa69a8ef530","2026-08-19 04:33"
"kober","67ad18a09e150413a5e6fa66","geofilip753","69c6ad21a630d6d9a570c728","6a8569537d59134839c615df","2026-08-19 04:34"
"escape the geoguessr psyop","68715fc7cc56afc2e1e84ce2","teddy bear","66f081f2bf4b230a2fcb970c","6a8569ce7d59134839c61710","2026-08-19 04:35"
"WaiWai","621f7436f0bf520001066b61","Laatsch","60c62658b2f5d60001ed3efe","6a8568a33107cfa69a8ef246","2026-08-19 04:35"
"habesh","647734d056305f7bf5561a4e","Ringo","6046c8a097019400018ea4cf","6a85687e7d59134839c61322","2026-08-19 04:36"
"ferreiro","5f126427d6ca438f24009b8e","SentyRu","65dc836b33066622c3ebfb88","6a856a157d59134839c617ec","2026-08-19 04:37"
"dudewalkingtothestore1999","6813b929970c7b33d30fd7e1","Donsus_BOT","6368fe754b4b8e8990e3d5c0","6a856ac7bf6102bf1e6447a8","2026-08-19 04:37"
"男方鬆 (N鴯D)","6409beba17491edb5a32b684","Lodi","5788e5e5c2a0fb1304dba46c","6a8569e97d59134839c61762","2026-08-19 04:38"
"dudewalkingtothestore1999","6813b929970c7b33d30fd7e1","ferreiro","5f126427d6ca438f24009b8e","6a856b29b637518b879f727c","2026-08-19 04:39"
"SentyRu","65dc836b33066622c3ebfb88","Donsus_BOT","6368fe754b4b8e8990e3d5c0","6a856b167d59134839c61b56","2026-08-19 04:41"
"Ringo","6046c8a097019400018ea4cf","wang","64df30f334185dd27cf839a7","6a856aebb637518b879f71d2","2026-08-19 04:42"
"男方鬆 (N鴯D)","6409beba17491edb5a32b684","Lodi","5788e5e5c2a0fb1304dba46c","6a856b423107cfa69a8efab0","2026-08-19 04:42"
"maks","6414d29eb61bfefd9d16461e","Elori","57d698c209f2ef93b8572689","6a856b9c7d59134839c61d35","2026-08-19 04:43"
"ferreiro","5f126427d6ca438f24009b8e","dudewalkingtothestore1999","6813b929970c7b33d30fd7e1","6a856ba17d59134839c61d45","2026-08-19 04:43"
"Ringo","6046c8a097019400018ea4cf","ferreiro","5f126427d6ca438f24009b8e","6a856c89c453440fb5a7d007","2026-08-19 04:44"
"NorthKoreaEnjoyer","6a5776b9557fa0b8070897d7","SentyRu","65dc836b33066622c3ebfb88","6a856c280818ca6f676c9824","2026-08-19 04:45"
"Laatsch","60c62658b2f5d60001ed3efe","Joo-eun.","6a290dd1cf6b59479a2ae4de","6a856c243107cfa69a8efd89","2026-08-19 04:45"
"Ringo","6046c8a097019400018ea4cf","ferreiro","5f126427d6ca438f24009b8e","6a856cdd7d59134839c6209e","2026-08-19 04:47"
"NorthKoreaEnjoyer","6a5776b9557fa0b8070897d7","SentyRu","65dc836b33066622c3ebfb88","6a856c280818ca6f676c9824","2026-08-19 04:47"
"Laatsch","60c62658b2f5d60001ed3efe","Joo-eun.","6a290dd1cf6b59479a2ae4de","6a856d0bdf2632714357f2d5","2026-08-19 04:48"
"geofilip753","69c6ad21a630d6d9a570c728","Ofendani","5bf882e543196557d45fb414","6a856b52522c75b0dd475df2","2026-08-19 04:49"
"SentyRu","65dc836b33066622c3ebfb88","Lodi","5788e5e5c2a0fb1304dba46c","6a856d78522c75b0dd47635e","2026-08-19 04:50"
"Zifuko","5e85136d3d4b6a36ac752a7b","Ringo","6046c8a097019400018ea4cf","6a856d6a3107cfa69a8f0092","2026-08-19 04:52"
"Assonans","5fec56ce3362e4000147ea46","trulybuzzy","5fb20f55d3f912000124d619","6a856d293107cfa69a8f0021","2026-08-19 04:52"
"Jason Derulo","62c55e169d79a77f8444efad","𝓖𝓮𝓸~𝓲𝓽𝓮𝓻𝓯𝓪𝓬𝓲𝓸≀⑤⑧②","6550ff75cf7966cc5dfe29fe","6a856dfc7d59134839c6235b","2026-08-19 04:52"
"Elori","57d698c209f2ef93b8572689","maks","6414d29eb61bfefd9d16461e","6a856c797d59134839c61fd4","2026-08-19 04:53"
"WaiWai","621f7436f0bf520001066b61","Ruben","5e1334ba1b34a033c801a9e8","6a856d9a522c75b0dd4763d6","2026-08-19 04:56"
"ximikavt","626a4b34fc591a6ada379fb0","Laatsch","60c62658b2f5d60001ed3efe","6a856ddc7d59134839c6230b","2026-08-19 04:56"
"trulybuzzy","5fb20f55d3f912000124d619","BlahajBlues","6822e44b8214987f0464b932","6a856ea72d5e5d7440badd0b","2026-08-19 04:56"
"Mr. Geo Accuracy","67666c0fae31f29e4b0ec6ad","maks","6414d29eb61bfefd9d16461e","6a856ee9bf277d232a8f8c2f","2026-08-19 04:57"
"ManaphyIstToll","66c10e6b814c3996e77223cc","1Kenma","67f1e53d840a2b6316eb1c59","6a856ceb3107cfa69a8eff8e","2026-08-19 04:57"
"Delema()()()","65869f62df3f7bea3fa1d675","wafflyss","6068a918d8694000010952a2","6a856f9dfd4bd67673cdcd5f","2026-08-19 04:58"
"SentyRu","65dc836b33066622c3ebfb88","Donsus_BOT","6368fe754b4b8e8990e3d5c0","6a856e9cfd4bd67673cdcaa2","2026-08-19 04:58"
"Stephen","5d87615adf1dd672b8a144b5","SiBe","5ad3470a2a3e0d4da46d409e","6a856b7b3107cfa69a8efb87","2026-08-19 04:59"
"KANMURU","63bcd8027039017494d42999","Ruben","5e1334ba1b34a033c801a9e8","6a856f76a3353e1f0730c8a4","2026-08-19 04:59"
"Laatsch","60c62658b2f5d60001ed3efe","Donsus_BOT","6368fe754b4b8e8990e3d5c0","6a856fc7fd4bd67673cdcdca","2026-08-19 04:59"
"Mr. Geo Accuracy","67666c0fae31f29e4b0ec6ad","maks","6414d29eb61bfefd9d16461e","6a856fdc2d5e5d7440bae029","2026-08-19 05:00"
"Salem","63af4615494c2bc27e4a2f31","Zifuko","5e85136d3d4b6a36ac752a7b","6a856e7fa3353e1f0730c658","2026-08-19 05:01"
"maks","6414d29eb61bfefd9d16461e","Zifuko","5e85136d3d4b6a36ac752a7b","6a8570a6bf277d232a8f8f06","2026-08-19 05:05"
"teddy bear","66f081f2bf4b230a2fcb970c","SentyRu","65dc836b33066622c3ebfb88","6a857049fd4bd67673cdcef7","2026-08-19 05:05"
"ferreiro","5f126427d6ca438f24009b8e","Stephen","5d87615adf1dd672b8a144b5","6a8570562d5e5d7440bae111","2026-08-19 05:05"
"Delema()()()","65869f62df3f7bea3fa1d675","Mr. Geo Accuracy","67666c0fae31f29e4b0ec6ad","6a857099e91e661060352379","2026-08-19 05:06"
"Salem","63af4615494c2bc27e4a2f31","kstyko","5ead136297d6cf24a42b1ef4","6a8570fde91e661060352489","2026-08-19 05:06"
"trulybuzzy","5fb20f55d3f912000124d619","BlahajBlues","6822e44b8214987f0464b932","6a856f7d2d5e5d7440badf44","2026-08-19 05:06"
"Ringo","6046c8a097019400018ea4cf","Ofendani","5bf882e543196557d45fb414","6a856e802d5e5d7440badc9c","2026-08-19 05:08"
"ferreiro","5f126427d6ca438f24009b8e","SentyRu","65dc836b33066622c3ebfb88","6a8571a6e91e661060352715","2026-08-19 05:08"
"KANMURU","63bcd8027039017494d42999","Laatsch","60c62658b2f5d60001ed3efe","6a857082fd4bd67673cdcf6c","2026-08-19 05:08"
"teddy bear","66f081f2bf4b230a2fcb970c","Assonans","5fec56ce3362e4000147ea46","6a8571b2a3353e1f0730cdf1","2026-08-19 05:09"
"Jason Derulo","62c55e169d79a77f8444efad","Emmepemme","5bf9b0c343196557d45fc4b6","6a856f76e91e6610603520c9","2026-08-19 05:10"
"SentyRu","65dc836b33066622c3ebfb88","ferreiro","5f126427d6ca438f24009b8e","6a85726e232fb9a2f04e124e","2026-08-19 05:11"
"Delema()()()","65869f62df3f7bea3fa1d675","unwrittencat","659b1e04a83479f364f5ae61","6a8571f8e91e661060352822","2026-08-19 05:12"
"Assonans","5fec56ce3362e4000147ea46","1Kenma","67f1e53d840a2b6316eb1c59","6a857298fd4bd67673cdd5e3","2026-08-19 05:12"
"BlahajBlues","6822e44b8214987f0464b932","Loup","6689a4883908e91b58a49887","6a8571fcfd4bd67673cdd438","2026-08-19 05:12"
"Dissonans","60e09234213b0600019d912e","男方鬆 (N鴯D)","6409beba17491edb5a32b684","6a8572622d5e5d7440bae67b","2026-08-19 05:12"
"Elori","57d698c209f2ef93b8572689","Uralensis","65eba12c6f7c11bcafdeaac8","6a856f03a3353e1f0730c7a0","2026-08-19 05:13"
"SentyRu","65dc836b33066622c3ebfb88","wang","64df30f334185dd27cf839a7","6a85734afd4bd67673cdd772","2026-08-19 05:13"
"SentyRu","65dc836b33066622c3ebfb88","wang","64df30f334185dd27cf839a7","6a85734afd4bd67673cdd772","2026-08-19 05:14"
"ferreiro","5f126427d6ca438f24009b8e","NorthKoreaEnjoyer","6a5776b9557fa0b8070897d7","6a85731a2d5e5d7440bae81c","2026-08-19 05:14"
"trulybuzzy","5fb20f55d3f912000124d619","JujuMan","68c2ae1b906bbc1e0b8e63e2","6a85721fe91e66106035289f","2026-08-19 05:14"
"maks","6414d29eb61bfefd9d16461e","Zifuko","5e85136d3d4b6a36ac752a7b","6a8571bbfd4bd67673cdd332","2026-08-19 05:15"
"teddy bear","66f081f2bf4b230a2fcb970c","kstyko","5ead136297d6cf24a42b1ef4","6a8572b9e91e661060352a3b","2026-08-19 05:15"
"Assonans","5fec56ce3362e4000147ea46","wang","64df30f334185dd27cf839a7","6a8573d8e91e661060352d4f","2026-08-19 05:16"
"BlahajBlues","6822e44b8214987f0464b932","ZakyBoy","602adad6f1933a000135da45","6a857360fd4bd67673cdd7b9","2026-08-19 05:16"
"Ringo","6046c8a097019400018ea4cf","Mr. Geo Accuracy","67666c0fae31f29e4b0ec6ad","6a8572612d5e5d7440bae679","2026-08-19 05:17"
"unwrittencat","659b1e04a83479f364f5ae61","Delema()()()","65869f62df3f7bea3fa1d675","6a8573602d5e5d7440bae8bf","2026-08-19 05:18"
"NorthKoreaEnjoyer","6a5776b9557fa0b8070897d7","ferreiro","5f126427d6ca438f24009b8e","6a8573aae91e661060352ce5","2026-08-19 05:18"
"SentyRu","65dc836b33066622c3ebfb88","男方鬆 (N鴯D)","6409beba17491edb5a32b684","6a8573932d5e5d7440bae949","2026-08-19 05:18"
"Voro","5a8f1e5d98cc2c6744a8a135","れい（Rey）","6444afc0c30fa09317b315fc","6a8572f2fd4bd67673cdd697","2026-08-19 05:18"
"Prometheus","64da2edded0ce01ab055723e","Salem","63af4615494c2bc27e4a2f31","6a8571d5e91e6610603527a5","2026-08-19 05:19"
"yarik⭐tatert0t kawaii alt😜","69b480dc874bd08dc9e5878a","teddy bear","66f081f2bf4b230a2fcb970c","6a857408a3353e1f0730d2f5","2026-08-19 05:19"
"duck","635dc283e419c615374198d6","𝓖𝓮𝓸~𝓲𝓽𝓮𝓻𝓯𝓪𝓬𝓲𝓸≀⑤⑧②","6550ff75cf7966cc5dfe29fe","6a85747cfd4bd67673cddac2","2026-08-19 05:19"
"Emmepemme","5bf9b0c343196557d45fc4b6","Zhihh","63b435e80510075fa39ac039","6a8572ece91e661060352acc","2026-08-19 05:20"
"Tudelzzz","6549fc9cf755320e28e30de7","Curlsphil","634725814a2b0615fad04fb9","6a857005e91e66106035222c","2026-08-19 05:20"
"Dissonans","60e09234213b0600019d912e","Stephen","5d87615adf1dd672b8a144b5","6a857424a3353e1f0730d32a","2026-08-19 05:20"
"Delema()()()","65869f62df3f7bea3fa1d675","unwrittencat","659b1e04a83479f364f5ae61","6a8574d9fd4bd67673cddc08","2026-08-19 05:21"
"maks","6414d29eb61bfefd9d16461e","Zifuko","5e85136d3d4b6a36ac752a7b","6a8573f6fd4bd67673cdd968","2026-08-19 05:21"
"teddy bear","66f081f2bf4b230a2fcb970c","yarik⭐tatert0t kawaii alt😜","69b480dc874bd08dc9e5878a","6a8574f3fd4bd67673cddc59","2026-08-19 05:21"
"Dimsum","63f619f14068eb7d4bbb134d","ZakyBoy","602adad6f1933a000135da45","6a857453e91e661060352e87","2026-08-19 05:21"
"Freedom","65a2efda5b3d0a0d04c2a4b0","Json Delulu","6a14d675c819b60e452fa035","6a8574a6fd4bd67673cddb51","2026-08-19 05:22"
"SentyRu","65dc836b33066622c3ebfb88","NorthKoreaEnjoyer","6a5776b9557fa0b8070897d7","6a8574dbfd4bd67673cddc0b","2026-08-19 05:22"
"ferreiro","5f126427d6ca438f24009b8e","duck","635dc283e419c615374198d6","6a857504fd4bd67673cddc91","2026-08-19 05:22"
"Laatsch","60c62658b2f5d60001ed3efe","Moussa","63f298b8251569d36d50155b","6a8573a8e91e661060352cdc","2026-08-19 05:22"
"Mr. Geo Accuracy","67666c0fae31f29e4b0ec6ad","Ringo","6046c8a097019400018ea4cf","6a8574b5e91e661060352fc7","2026-08-19 05:23"
"ZakyBoy","602adad6f1933a000135da45","Assonans","5fec56ce3362e4000147ea46","6a85755dfd4bd67673cddd87","2026-08-19 05:24"
"男方鬆 (N鴯D)","6409beba17491edb5a32b684","Bambi","6076dedd46e7e8000156494c","6a8574962d5e5d7440baec3c","2026-08-19 05:24"
"Delema()()()","65869f62df3f7bea3fa1d675","unwrittencat","659b1e04a83479f364f5ae61","6a857575e91e6610603531f1","2026-08-19 05:25"
"teddy bear","66f081f2bf4b230a2fcb970c","yarik⭐tatert0t kawaii alt😜","69b480dc874bd08dc9e5878a","6a8575780e5368f2df05400f","2026-08-19 05:25"
"zal4n!","69d43bbfed225e3913d53d89","Voro","5a8f1e5d98cc2c6744a8a135","6a857586e91e661060353241","2026-08-19 05:25"
"Zifuko","5e85136d3d4b6a36ac752a7b","Dimsum","63f619f14068eb7d4bbb134d","6a857563e91e6610603531d3","2026-08-19 05:26"
"SentyRu","65dc836b33066622c3ebfb88","ferreiro","5f126427d6ca438f24009b8e","6a85759bfd4bd67673cdde3f","2026-08-19 05:26"
"男方鬆 (N鴯D)","6409beba17491edb5a32b684","Bambi","6076dedd46e7e8000156494c","6a85760a2d5e5d7440baf05b","2026-08-19 05:26"
"Emmepemme","5bf9b0c343196557d45fc4b6","Tudelzzz","6549fc9cf755320e28e30de7","6a85753afd4bd67673cddd10","2026-08-19 05:28"
"Ringo","6046c8a097019400018ea4cf","Freedom","65a2efda5b3d0a0d04c2a4b0","6a8575f93c69df687a069dc5","2026-08-19 05:29"
"Stephen","5d87615adf1dd672b8a144b5","Voro","5a8f1e5d98cc2c6744a8a135","6a857672a3353e1f0730d872","2026-08-19 05:29"
"Laatsch","60c62658b2f5d60001ed3efe","1Kenma","67f1e53d840a2b6316eb1c59","6a8575912d5e5d7440baef07","2026-08-19 05:29"
"geofilip753","69c6ad21a630d6d9a570c728","teddy bear","66f081f2bf4b230a2fcb970c","6a85764ae91e661060353428","2026-08-19 05:30"
"unwrittencat","659b1e04a83479f364f5ae61","Delema()()()","65869f62df3f7bea3fa1d675","6a857668e91e661060353453","2026-08-19 05:30"
"ferreiro","5f126427d6ca438f24009b8e","Zifuko","5e85136d3d4b6a36ac752a7b","6a857678e91e661060353475","2026-08-19 05:30"
"wang","64df30f334185dd27cf839a7","SentyRu","65dc836b33066622c3ebfb88","6a857711e91e661060353637","2026-08-19 05:31"
"Peter Dictator","684c775aeb78c494d9ee6b7a","Voro","5a8f1e5d98cc2c6744a8a135","6a8577322d5e5d7440baf36b","2026-08-19 05:31"
"Salem","63af4615494c2bc27e4a2f31","maks","6414d29eb61bfefd9d16461e","6a85757fe91e661060353218","2026-08-19 05:32"
"Dimsum","63f619f14068eb7d4bbb134d","Curlsphil","634725814a2b0615fad04fb9","6a8576872d5e5d7440baf1a2","2026-08-19 05:32"
"ZakyBoy","602adad6f1933a000135da45","Tylko Olimpia","5aa9bfec18399e27582f8b7a","6a857617e91e6610603533a8","2026-08-19 05:32"
"Yiğit Onur","628a020c86224535a595335f","Souvikmonster","684fcbdec11aaf3384bca80d","6a8576fcfd4bd67673cde1a3","2026-08-19 05:32"
"Delema()()()","65869f62df3f7bea3fa1d675","unwrittencat","659b1e04a83479f364f5ae61","6a857769e91e6610603536fb","2026-08-19 05:33"
"Freedom","65a2efda5b3d0a0d04c2a4b0","Ringo","6046c8a097019400018ea4cf","6a857784a3353e1f0730da95","2026-08-19 05:33"
"Stephen","5d87615adf1dd672b8a144b5","1Kenma","67f1e53d840a2b6316eb1c59","6a85774b2d5e5d7440baf3a2","2026-08-19 05:33"
"男方鬆 (N鴯D)","6409beba17491edb5a32b684","Bambi","6076dedd46e7e8000156494c","6a85776ce91e661060353706","2026-08-19 05:33"
"Peter Dictator","684c775aeb78c494d9ee6b7a","teddy bear","66f081f2bf4b230a2fcb970c","6a8577d92d5e5d7440baf4f6","2026-08-19 05:34"
"Mr. Geo Accuracy","67666c0fae31f29e4b0ec6ad","yarik⭐tatert0t kawaii alt😜","69b480dc874bd08dc9e5878a","6a8576e0e91e66106035358c","2026-08-19 05:35"
"wang","64df30f334185dd27cf839a7","SentyRu","65dc836b33066622c3ebfb88","6a8577bffd4bd67673cde37e","2026-08-19 05:35"
"Zifuko","5e85136d3d4b6a36ac752a7b","ferreiro","5f126427d6ca438f24009b8e","6a85779e2d5e5d7440baf480","2026-08-19 05:35"
"ZakyBoy","602adad6f1933a000135da45","ILoveXBow_CR","614649da0a3a920001f1042a","6a85781fe91e6610603538b7","2026-08-19 05:37"
"unwrittencat","659b1e04a83479f364f5ae61","maks","6414d29eb61bfefd9d16461e","6a85788c2d5e5d7440baf69c","2026-08-19 05:38"
"Zifuko","5e85136d3d4b6a36ac752a7b","ferreiro","5f126427d6ca438f24009b8e","6a8578d1a3353e1f0730dd53","2026-08-19 05:38"
"Stephen","5d87615adf1dd672b8a144b5","teddy bear","66f081f2bf4b230a2fcb970c","6a85785efd4bd67673cde4da","2026-08-19 05:38"
"duck","635dc283e419c615374198d6","NorthKoreaEnjoyer","6a5776b9557fa0b8070897d7","6a8575ab2d5e5d7440baef52","2026-08-19 05:38"
"男方鬆 (N鴯D)","6409beba17491edb5a32b684","Peter Dictator","684c775aeb78c494d9ee6b7a","6a85786dfd4bd67673cde501","2026-08-19 05:38"
"Yiğit Onur","628a020c86224535a595335f","Donsus_BOT","6368fe754b4b8e8990e3d5c0","6a8577e5a3353e1f0730db37","2026-08-19 05:38"
"Delema()()()","65869f62df3f7bea3fa1d675","unwrittencat","659b1e04a83479f364f5ae61","6a857952e91e661060353c8d","2026-08-19 05:40"
"teddy bear","66f081f2bf4b230a2fcb970c","Peter Dictator","684c775aeb78c494d9ee6b7a","6a857967fd4bd67673cde7ab","2026-08-19 05:40"
"Lodi","5788e5e5c2a0fb1304dba46c","1Kenma","67f1e53d840a2b6316eb1c59","6a857821e91e6610603538ba","2026-08-19 05:40"
"wang","64df30f334185dd27cf839a7","yarik⭐tatert0t kawaii alt😜","69b480dc874bd08dc9e5878a","6a8578bfe91e661060353a71","2026-08-19 05:41"
"Dimsum","63f619f14068eb7d4bbb134d","Assonans","5fec56ce3362e4000147ea46","6a85797fe91e661060353d08","2026-08-19 05:41"
"ILoveXBow_CR","614649da0a3a920001f1042a","PML","615b4d8920ea1200012de9bf","6a857910a3353e1f0730de01","2026-08-19 05:41"
"maks","6414d29eb61bfefd9d16461e","antidotess","60859c21128efc0001559603","6a85794de91e661060353c72","2026-08-19 05:42"
"Tylko Olimpia","5aa9bfec18399e27582f8b7a","Salem","63af4615494c2bc27e4a2f31","6a85782de91e6610603538d1","2026-08-19 05:42"
"SentyRu","65dc836b33066622c3ebfb88","男方鬆 (N鴯D)","6409beba17491edb5a32b684","6a857956fd4bd67673cde779","2026-08-19 05:42"
"Dimsum","63f619f14068eb7d4bbb134d","Assonans","5fec56ce3362e4000147ea46","6a85797fe91e661060353d08","2026-08-19 05:42"
"Yiğit Onur","628a020c86224535a595335f","Donsus_BOT","6368fe754b4b8e8990e3d5c0","6a857975e91e661060353cf8","2026-08-19 05:42"
"Jason Derulo","62c55e169d79a77f8444efad","calippo_3","67c9ac9a5832c063770435b4","6a8574cee91e661060353006","2026-08-19 05:43"
"wang","64df30f334185dd27cf839a7","teddy bear","66f081f2bf4b230a2fcb970c","6a857a49e91e661060353f00","2026-08-19 05:44"
"Mr. Geo Accuracy","67666c0fae31f29e4b0ec6ad","Prometheus","64da2edded0ce01ab055723e","6a8579722d5e5d7440baf93a","2026-08-19 05:45"
"wang","64df30f334185dd27cf839a7","teddy bear","66f081f2bf4b230a2fcb970c","6a857a49e91e661060353f00","2026-08-19 05:45"
"朋友是一个坚韧不拔的纪录片， 在香港这座城市的设置。","65de536fb77f430b929240f3","LG (retired)","61c5dc81592d27000146b4c2","6a857945fd4bd67673cde73b","2026-08-19 05:45"
"Bambi","6076dedd46e7e8000156494c","男方鬆 (N鴯D)","6409beba17491edb5a32b684","6a857a6da3353e1f0730e102","2026-08-19 05:45"
"Delema()()()","65869f62df3f7bea3fa1d675","unwrittencat","659b1e04a83479f364f5ae61","6a857a03e91e661060353e69","2026-08-19 05:46"
"Zifuko","5e85136d3d4b6a36ac752a7b","ferreiro","5f126427d6ca438f24009b8e","6a85795a2d5e5d7440baf8f0","2026-08-19 05:46"
"Dimsum","63f619f14068eb7d4bbb134d","PML","615b4d8920ea1200012de9bf","6a857a25e91e661060353ec0","2026-08-19 05:46"
"yarik⭐tatert0t kawaii alt😜","69b480dc874bd08dc9e5878a","男方鬆 (N鴯D)","6409beba17491edb5a32b684","6a857b14fd4bd67673cdec10","2026-08-19 05:47"
"NorthKoreaEnjoyer","6a5776b9557fa0b8070897d7","Lodi","5788e5e5c2a0fb1304dba46c","6a8579d0a3353e1f0730dfbe","2026-08-19 05:47"
"maks","6414d29eb61bfefd9d16461e","Заяц","63890678411c174863e40d57","6a857ab1fd4bd67673cdeb2c","2026-08-19 05:48"
"teddy bear","66f081f2bf4b230a2fcb970c","SentyRu","65dc836b33066622c3ebfb88","6a857b2de91e66106035413e","2026-08-19 05:48"
"wang","64df30f334185dd27cf839a7","PLK","62179a5c8e88d400010d91ea","6a857ad8e91e661060354054","2026-08-19 05:49"
"QueridaFaye","65ccbf18d27db2a3685168d8","antidotess","60859c21128efc0001559603","6a857a47fd4bd67673cdea1e","2026-08-19 05:49"
"teddy bear","66f081f2bf4b230a2fcb970c","yarik⭐tatert0t kawaii alt😜","69b480dc874bd08dc9e5878a","6a857b6c2d5e5d7440bafe63","2026-08-19 05:50"
"SentyRu","65dc836b33066622c3ebfb88","Szymono","613295acc4b5740001f1bfdf","6a857bbafd4bd67673cdedcb","2026-08-19 05:50"
"Ringo","6046c8a097019400018ea4cf","Kilkum","61b228be008ec800015ff0a9","6a8578382d5e5d7440baf5ad","2026-08-19 05:51"
"朋友是一个坚韧不拔的纪录片， 在香港这座城市的设置。","65de536fb77f430b929240f3","PML","615b4d8920ea1200012de9bf","6a857b4b2d5e5d7440bafe0a","2026-08-19 05:51"
"Bambi","6076dedd46e7e8000156494c","男方鬆 (N鴯D)","6409beba17491edb5a32b684","6a857b6be91e6610603541e1","2026-08-19 05:51"
"Заяц","63890678411c174863e40d57","PLK","62179a5c8e88d400010d91ea","6a857bf7e91e661060354368","2026-08-19 05:52"
"unwrittencat","659b1e04a83479f364f5ae61","Delema()()()","65869f62df3f7bea3fa1d675","6a857b68fd4bd67673cded06","2026-08-19 05:52"
"NorthKoreaEnjoyer","6a5776b9557fa0b8070897d7","Assonans","5fec56ce3362e4000147ea46","6a857b9fe91e6610603542a5","2026-08-19 05:52"
"maks","6414d29eb61bfefd9d16461e","teddy bear","66f081f2bf4b230a2fcb970c","6a857bcaa3353e1f0730e448","2026-08-19 05:53"
"朋友是一个坚韧不拔的纪录片， 在香港这座城市的设置。","65de536fb77f430b929240f3","NorthKoreaEnjoyer","6a5776b9557fa0b8070897d7","6a857cb6e91e6610603545cc","2026-08-19 05:53"
"男方鬆 (N鴯D)","6409beba17491edb5a32b684","Nils","69e06745452af952b85a7a1d","6a857c612d5e5d7440bb011e","2026-08-19 05:53"
"Prometheus","64da2edded0ce01ab055723e","Tikon","621cddf10416aa00011b992b","6a857b74e91e661060354202","2026-08-19 05:54"
"Szymono","613295acc4b5740001f1bfdf","Jacky Wong","63be7833696b395b1a06db85","6a857c43e91e661060354486","2026-08-19 05:54"
"男方鬆 (N鴯D)","6409beba17491edb5a32b684","Nils","69e06745452af952b85a7a1d","6a857ce3e91e661060354657","2026-08-19 05:54"
"Заяц","63890678411c174863e40d57","PLK","62179a5c8e88d400010d91ea","6a857cadfd4bd67673cdf08b","2026-08-19 05:55"
"unwrittencat","659b1e04a83479f364f5ae61","kober","67ad18a09e150413a5e6fa66","6a857cd62d5e5d7440bb0287","2026-08-19 05:55"
"ferreiro","5f126427d6ca438f24009b8e","Zifuko","5e85136d3d4b6a36ac752a7b","6a857b53232fb9a2f04e248c","2026-08-19 05:55"
"wang","64df30f334185dd27cf839a7","Harper","64747a72fe41a947a0d0f752","6a857c00a3353e1f0730e4bd","2026-08-19 05:56"
"teddy bear","66f081f2bf4b230a2fcb970c","yarik⭐tatert0t kawaii alt😜","69b480dc874bd08dc9e5878a","6a857ccbe91e66106035460e","2026-08-19 05:56"
"ferreiro","5f126427d6ca438f24009b8e","Donsus_BOT","6368fe754b4b8e8990e3d5c0","6a857d622d5e5d7440bb041e","2026-08-19 05:56"
"男方鬆 (N鴯D)","6409beba17491edb5a32b684","NorthKoreaEnjoyer","6a5776b9557fa0b8070897d7","6a857d372d5e5d7440bb03b5","2026-08-19 05:56"
"ferreiro","5f126427d6ca438f24009b8e","男方鬆 (N鴯D)","6409beba17491edb5a32b684","6a857da5fd4bd67673cdf3d9","2026-08-19 05:57"
"Szymono","613295acc4b5740001f1bfdf","Jacky Wong","63be7833696b395b1a06db85","6a857d17fd4bd67673cdf1e5","2026-08-19 05:57"
"Prometheus","64da2edded0ce01ab055723e","Tikon","621cddf10416aa00011b992b","6a857d41e91e661060354790","2026-08-19 05:58"
"kefirek_xyz","69c6ad21a630d6d9a570c728","QueridaFaye","65ccbf18d27db2a3685168d8","6a857c672d5e5d7440bb0132","2026-08-19 05:58"
"kober","67ad18a09e150413a5e6fa66","Zifuko","5e85136d3d4b6a36ac752a7b","6a857d622d5e5d7440bb041d","2026-08-19 05:58"
"SentyRu","65dc836b33066622c3ebfb88","Ringo","6046c8a097019400018ea4cf","6a857c732d5e5d7440bb0150","2026-08-19 05:58"
"WindyMirage774","661c9b427222970e307aff01","PML","615b4d8920ea1200012de9bf","6a857c75fd4bd67673cdefe3","2026-08-19 05:58"
"Заяц","63890678411c174863e40d57","unwrittencat","659b1e04a83479f364f5ae61","6a857d52e91e6610603547c9","2026-08-19 05:59"
"kober","67ad18a09e150413a5e6fa66","Zifuko","5e85136d3d4b6a36ac752a7b","6a857d622d5e5d7440bb041d","2026-08-19 05:59"
"Harper","64747a72fe41a947a0d0f752","yarik⭐tatert0t kawaii alt😜","69b480dc874bd08dc9e5878a","6a857db42d5e5d7440bb0510","2026-08-19 05:59"
"Bambi","6076dedd46e7e8000156494c","dyingangels","5aae066718399e2758306701","6a857d88fd4bd67673cdf369","2026-08-19 05:59"
"Lodi","5788e5e5c2a0fb1304dba46c","KOSTIUSHKA (GwinGlade's Son)","67a0a342b159c1528ecc5eba","6a857bb92d5e5d7440baff0d","2026-08-19 05:59"
"Dimsum","63f619f14068eb7d4bbb134d","Jason Derulo","62c55e169d79a77f8444efad","6a857b6ee91e6610603541e5","2026-08-19 06:00"
"PLK","62179a5c8e88d400010d91ea","Tikon","621cddf10416aa00011b992b","6a857e23e91e661060354ad9","2026-08-19 06:01"
"朋友是一个坚韧不拔的纪录片， 在香港这座城市的设置。","65de536fb77f430b929240f3","maks","6414d29eb61bfefd9d16461e","6a857d1e2d5e5d7440bb0366","2026-08-19 06:01"
"wang","64df30f334185dd27cf839a7","teddy bear","66f081f2bf4b230a2fcb970c","6a857ddda3353e1f0730e98b","2026-08-19 06:02"
"ferreiro","5f126427d6ca438f24009b8e","NorthKoreaEnjoyer","6a5776b9557fa0b8070897d7","6a857deafd4bd67673cdf4d9","2026-08-19 06:02"
"Yareh","62726f8411308ea36554fa19","kefirek_xyz","69c6ad21a630d6d9a570c728","6a857e10fd4bd67673cdf59d","2026-08-19 06:03"
"Szymono","613295acc4b5740001f1bfdf","Jacky Wong","63be7833696b395b1a06db85","6a857dc2fd4bd67673cdf424","2026-08-19 06:03"
"男方鬆 (N鴯D)","6409beba17491edb5a32b684","Assonans","5fec56ce3362e4000147ea46","6a857e16e91e661060354aa6","2026-08-19 06:03"
"PLK","62179a5c8e88d400010d91ea","teddy bear","66f081f2bf4b230a2fcb970c","6a857f03e91e661060354e32","2026-08-19 06:04"
"Bambi","6076dedd46e7e8000156494c","Tren72","5835140899923047c43cda16","6a857e86e91e661060354c68","2026-08-19 06:04"
"Заяц","63890678411c174863e40d57","unwrittencat","659b1e04a83479f364f5ae61","6a857e6ee91e661060354c1e","2026-08-19 06:05"
"Tikon","621cddf10416aa00011b992b","maks","6414d29eb61bfefd9d16461e","6a857ee7fd4bd67673cdf829","2026-08-19 06:05"
"QueridaFaye","65ccbf18d27db2a3685168d8","Ringo","6046c8a097019400018ea4cf","6a857e152d5e5d7440bb0642","2026-08-19 06:05"
"SentyRu","65dc836b33066622c3ebfb88","Zifuko","5e85136d3d4b6a36ac752a7b","6a857e35e91e661060354b12","2026-08-19 06:06"
"Dimsum","63f619f14068eb7d4bbb134d","Jacky Wong","63be7833696b395b1a06db85","6a857f25fd4bd67673cdf8cc","2026-08-19 06:06"
"AromatikoBombatiko","669e4ec691320f1dae6e4e5e","Tren72","5835140899923047c43cda16","6a857f86a3353e1f0730ef45","2026-08-19 06:06"
"maks","6414d29eb61bfefd9d16461e","antidotess","60859c21128efc0001559603","6a857fabe91e661060355019","2026-08-19 06:07"
"Maltor","5fad8566a07ff60001fdae13","Uralensis","65eba12c6f7c11bcafdeaac8","6a857a10e91e661060353e86","2026-08-19 06:07"
"ferreiro","5f126427d6ca438f24009b8e","Szymono","613295acc4b5740001f1bfdf","6a857f27fd4bd67673cdf8cd","2026-08-19 06:07"
"PML","615b4d8920ea1200012de9bf","Owen","68ffadfbf9290e6cbe65d749","6a857e47fd4bd67673cdf641","2026-08-19 06:07"
"KOSTIUSHKA (GwinGlade's Son)","67a0a342b159c1528ecc5eba","Lodi","5788e5e5c2a0fb1304dba46c","6a857e6efd4bd67673cdf6ce","2026-08-19 06:07"
"kefirek_xyz","69c6ad21a630d6d9a570c728","wang","64df30f334185dd27cf839a7","6a857f84e91e661060354fc2","2026-08-19 06:08"
"unwrittencat","659b1e04a83479f364f5ae61","PLK","62179a5c8e88d400010d91ea","6a857fa32d5e5d7440bb0bdc","2026-08-19 06:08"
"mii3en","66159d055967919df66cf9c0","teddy bear","66f081f2bf4b230a2fcb970c","6a857faea3353e1f0730efae","2026-08-19 06:08"
"Zifuko","5e85136d3d4b6a36ac752a7b","ferreiro","5f126427d6ca438f24009b8e","6a85802be91e66106035524d","2026-08-19 06:08"
"NorthKoreaEnjoyer","6a5776b9557fa0b8070897d7","男方鬆 (N鴯D)","6409beba17491edb5a32b684","6a857f5b2d5e5d7440bb0ab2","2026-08-19 06:08"
"ALFA","5b6f185f7135fa0e48b5528a","Tikon","621cddf10416aa00011b992b","6a857fc9e91e66106035509c","2026-08-19 06:10"
"wang","64df30f334185dd27cf839a7","maks","6414d29eb61bfefd9d16461e","6a85804d2d5e5d7440bb0e9c","2026-08-19 06:10"
"kuba.","68582b5f8e62427811441b60","teddy bear","66f081f2bf4b230a2fcb970c","6a8580c2e91e66106035552a","2026-08-19 06:11"
"Szymono","613295acc4b5740001f1bfdf","AromatikoBombatiko","669e4ec691320f1dae6e4e5e","6a8580322d5e5d7440bb0e48","2026-08-19 06:11"
"unwrittencat","659b1e04a83479f364f5ae61","PLK","62179a5c8e88d400010d91ea","6a858070e91e66106035539a","2026-08-19 06:12"
"Harper","64747a72fe41a947a0d0f752","Assonans","5fec56ce3362e4000147ea46","6a85808ae91e661060355445","2026-08-19 06:13"
"teddy bear","66f081f2bf4b230a2fcb970c","Szymono","613295acc4b5740001f1bfdf","6a85813da3353e1f0730f4fb","2026-08-19 06:13"
"男方鬆 (N鴯D)","6409beba17491edb5a32b684","NorthKoreaEnjoyer","6a5776b9557fa0b8070897d7","6a85805fe91e661060355329","2026-08-19 06:13"
"SentyRu","65dc836b33066622c3ebfb88","kober","67ad18a09e150413a5e6fa66","6a858102e91e661060355697","2026-08-19 06:14"
"Jacky Wong","63be7833696b395b1a06db85","Bothlose","67c9a0f97857aec18c6f2239","6a857ff5fd4bd67673cdfbd5","2026-08-19 06:14"
"unwrittencat","659b1e04a83479f364f5ae61","wang","64df30f334185dd27cf839a7","6a85815aa3353e1f0730f5a0","2026-08-19 06:15"
"Tikon","621cddf10416aa00011b992b","maks","6414d29eb61bfefd9d16461e","6a8580e7fd4bd67673ce0049","2026-08-19 06:15"
"SentyRu","65dc836b33066622c3ebfb88","kober","67ad18a09e150413a5e6fa66","6a858102e91e661060355697","2026-08-19 06:15"
"ferreiro","5f126427d6ca438f24009b8e","Zifuko","5e85136d3d4b6a36ac752a7b","6a858064fd4bd67673cdfe0f","2026-08-19 06:15"
"Nils","69e06745452af952b85a7a1d","Lodi","5788e5e5c2a0fb1304dba46c","6a858079fd4bd67673cdfea8","2026-08-19 06:15"
"kober","67ad18a09e150413a5e6fa66","teddy bear","66f081f2bf4b230a2fcb970c","6a8581d12d5e5d7440bb150b","2026-08-19 06:16"
"NorthKoreaEnjoyer","6a5776b9557fa0b8070897d7","mav1land","63f4a2bda13ee3ab588d6275","6a858191e91e6610603558be","2026-08-19 06:16"
"Syn","5fc86ba947bce10001a030ba","PML","615b4d8920ea1200012de9bf","6a85804c2d5e5d7440bb0e99","2026-08-19 06:16"
"teddy bear","66f081f2bf4b230a2fcb970c","SentyRu","65dc836b33066622c3ebfb88","6a8581f7fd4bd67673ce0465","2026-08-19 06:17"
"Zifuko","5e85136d3d4b6a36ac752a7b","Jacky Wong","63be7833696b395b1a06db85","6a858201e91e661060355aa8","2026-08-19 06:17"
"男方鬆 (N鴯D)","6409beba17491edb5a32b684","Jing","61c95bf31d55520001a302a8","6a8581abfd4bd67673ce0363","2026-08-19 06:17"
"Avandy","60c3535133004c00010451a3","kober","67ad18a09e150413a5e6fa66","6a858230fd4bd67673ce054a","2026-08-19 06:18"
"SentyRu","65dc836b33066622c3ebfb88","teddy bear","66f081f2bf4b230a2fcb970c","6a858274e91e661060355d92","2026-08-19 06:18"
"PLK","62179a5c8e88d400010d91ea","tilted and tired","66549d4cc725af87c3aa9a34","6a858177e91e66106035583f","2026-08-19 06:19"
"wang","64df30f334185dd27cf839a7","ferreiro","5f126427d6ca438f24009b8e","6a85821d2d5e5d7440bb1621","2026-08-19 06:19"
"Ringo","6046c8a097019400018ea4cf","朋友是一个坚韧不拔的纪录片， 在香港这座城市的设置。","65de536fb77f430b929240f3","6a857fbda3353e1f0730efca","2026-08-19 06:19"
"AromatikoBombatiko","669e4ec691320f1dae6e4e5e","Encarnación","695d55bb8e6ee7f047719592","6a858210fd4bd67673ce04d3","2026-08-19 06:19"
"teddy bear","66f081f2bf4b230a2fcb970c","男方鬆 (N鴯D)","6409beba17491edb5a32b684","6a8582c7fd4bd67673ce08e9","2026-08-19 06:20"
"Dimsum","63f619f14068eb7d4bbb134d","Szymono","613295acc4b5740001f1bfdf","6a8581b2a3353e1f0730f6de","2026-08-19 06:20"
"unwrittencat","659b1e04a83479f364f5ae61","Avandy","60c3535133004c00010451a3","6a858300e91e661060355fb7","2026-08-19 06:21"
"kober","67ad18a09e150413a5e6fa66","mii3en","66159d055967919df66cf9c0","6a85824ce91e661060355c27","2026-08-19 06:21"
"teddy bear","66f081f2bf4b230a2fcb970c","ferreiro","5f126427d6ca438f24009b8e","6a85832b2d5e5d7440bb1a8b","2026-08-19 06:21"
"mav1land","63f4a2bda13ee3ab588d6275","NorthKoreaEnjoyer","6a5776b9557fa0b8070897d7","6a858263fd4bd67673ce0698","2026-08-19 06:21"
"maks","6414d29eb61bfefd9d16461e","Harper","64747a72fe41a947a0d0f752","6a85822ee91e661060355b87","2026-08-19 06:22"
"kober","67ad18a09e150413a5e6fa66","Zifuko","5e85136d3d4b6a36ac752a7b","6a8582b3e91e661060355e82","2026-08-19 06:24"
"Elori","57d698c209f2ef93b8572689","Kilkum","61b228be008ec800015ff0a9","6a857fc12d5e5d7440bb0c5d","2026-08-19 06:24"
"ferreiro","5f126427d6ca438f24009b8e","朋友是一个坚韧不拔的纪录片， 在香港这座城市的设置。","65de536fb77f430b929240f3","6a858398a3353e1f0730fde5","2026-08-19 06:24"
"Szymono","613295acc4b5740001f1bfdf","teddy bear","66f081f2bf4b230a2fcb970c","6a858352fd4bd67673ce0b2f","2026-08-19 06:24"
"AromatikoBombatiko","669e4ec691320f1dae6e4e5e","男方鬆 (N鴯D)","6409beba17491edb5a32b684","6a858356bf277d232a8fbf79","2026-08-19 06:24"
"PLK","62179a5c8e88d400010d91ea","Avandy","60c3535133004c00010451a3","6a8583b4e91e661060356277","2026-08-19 06:25"
"wang","64df30f334185dd27cf839a7","tilted and tired","66549d4cc725af87c3aa9a34","6a858359e91e66106035611d","2026-08-19 06:26"
"Ringo","6046c8a097019400018ea4cf","Shakazaramesh","5ef2945bbb96627c9ce5f63f","6a8583102d5e5d7440bb1a3d","2026-08-19 06:26"
"Elori","57d698c209f2ef93b8572689","QueridaFaye","65ccbf18d27db2a3685168d8","6a858431e91e66106035646e","2026-08-19 06:26"
"朋友是一个坚韧不拔的纪录片， 在香港这座城市的设置。","65de536fb77f430b929240f3","男方鬆 (N鴯D)","6409beba17491edb5a32b684","6a85841efd4bd67673ce0fab","2026-08-19 06:26"
"mav1land","63f4a2bda13ee3ab588d6275","mii3en","66159d055967919df66cf9c0","6a8583f9fd4bd67673ce0eeb","2026-08-19 06:26"
"Zifuko","5e85136d3d4b6a36ac752a7b","kstyko","5ead136297d6cf24a42b1ef4","6a858437e91e661060356484","2026-08-19 06:28"
"NorthKoreaEnjoyer","6a5776b9557fa0b8070897d7","れい（Rey）","6444afc0c30fa09317b315fc","6a85838bfd4bd67673ce0c5a","2026-08-19 06:28"
"Szymono","613295acc4b5740001f1bfdf","teddy bear","66f081f2bf4b230a2fcb970c","6a858415e91e661060356400","2026-08-19 06:29"
"Syn","5fc86ba947bce10001a030ba","Jacky Wong","63be7833696b395b1a06db85","6a85829ffd4bd67673ce07f6","2026-08-19 06:29"
"AromatikoBombatiko","669e4ec691320f1dae6e4e5e","ferreiro","5f126427d6ca438f24009b8e","6a85841afd4bd67673ce0fa2","2026-08-19 06:29"
"Nördster","60a91a4b4910a100012b6132","Guigz","5f75da5796692a0001f5d1d3","6a858413a3353e1f07310076","2026-08-19 06:29"
"PML","615b4d8920ea1200012de9bf","Guiz","68edfc3e124074032a4c66f3","6a8584182d5e5d7440bb1f2d","2026-08-19 06:29"
"Wodak","6796246986227732f607bc7a","男方鬆 (N鴯D)","6409beba17491edb5a32b684","6a8584eba3353e1f0731053b","2026-08-19 06:30"
"kstyko","5ead136297d6cf24a42b1ef4","Zoe","64012c4575693afea0dec10b","6a858532a3353e1f07310656","2026-08-19 06:30"
"PLK","62179a5c8e88d400010d91ea","Avandy","60c3535133004c00010451a3","6a85846efd4bd67673ce1161","2026-08-19 06:31"
"Lodi","5788e5e5c2a0fb1304dba46c","geometry","6677323b8c4a3f875615805f","6a85852ee91e66106035696c","2026-08-19 06:31"
"kober","67ad18a09e150413a5e6fa66","PLK","62179a5c8e88d400010d91ea","6a8585bdfd4bd67673ce18d5","2026-08-19 06:32"
"男方鬆 (N鴯D)","6409beba17491edb5a32b684","kstyko","5ead136297d6cf24a42b1ef4","6a8585b22d5e5d7440bb27ef","2026-08-19 06:32"
"mii3en","66159d055967919df66cf9c0","mav1land","63f4a2bda13ee3ab588d6275","6a8584b5a3353e1f07310410","2026-08-19 06:33"
"ferreiro","5f126427d6ca438f24009b8e","Zifuko","5e85136d3d4b6a36ac752a7b","6a858545fd4bd67673ce166f","2026-08-19 06:33"
"Szymono","613295acc4b5740001f1bfdf","PML","615b4d8920ea1200012de9bf","6a858556a3353e1f07310755","2026-08-19 06:33"
"Lodi","5788e5e5c2a0fb1304dba46c","Рома","5bc9f3921f3cf81af80cfa72","6a8585dae91e661060356c3b","2026-08-19 06:33"
"Shakazaramesh","5ef2945bbb96627c9ce5f63f","Elori","57d698c209f2ef93b8572689","6a8584a8fd4bd67673ce1333","2026-08-19 06:34"
"teddy bear","66f081f2bf4b230a2fcb970c","Wodak","6796246986227732f607bc7a","6a8585a22d5e5d7440bb27af","2026-08-19 06:34"
"tilted and tired","66549d4cc725af87c3aa9a34","wang","64df30f334185dd27cf839a7","6a8584c12d5e5d7440bb234c","2026-08-19 06:35"
"QueridaFaye","65ccbf18d27db2a3685168d8","Ringo","6046c8a097019400018ea4cf","6a8584a1fd4bd67673ce12e0","2026-08-19 06:35"
"CoastillCitadel955","689f0cfe032a68f96bee23d0","朋友是一个坚韧不拔的纪录片， 在香港这座城市的设置。","65de536fb77f430b929240f3","6a858500fd4bd67673ce14b2","2026-08-19 06:35"
"Dissonans","60e09234213b0600019d912e","mav1land","63f4a2bda13ee3ab588d6275","6a858648e91e661060356df9","2026-08-19 06:35"
"mii3en","66159d055967919df66cf9c0","Szymono","613295acc4b5740001f1bfdf","6a85863ba3353e1f07310a97","2026-08-19 06:36"
"ferreiro","5f126427d6ca438f24009b8e","NorthKoreaEnjoyer","6a5776b9557fa0b8070897d7","6a858661fd4bd67673ce1b87","2026-08-19 06:36"
"kstyko","5ead136297d6cf24a42b1ef4","男方鬆 (N鴯D)","6409beba17491edb5a32b684","6a8585f02d5e5d7440bb28ba","2026-08-19 06:36"
"AromatikoBombatiko","669e4ec691320f1dae6e4e5e","Lodi","5788e5e5c2a0fb1304dba46c","6a85863f2d5e5d7440bb29e2","2026-08-19 06:36"
"Nördster","60a91a4b4910a100012b6132","Oli4brodjeaap","6390667778362b31eedaf759","6a8585c1fd4bd67673ce18f2","2026-08-19 06:37"
"Рома","5bc9f3921f3cf81af80cfa72","Zoe","64012c4575693afea0dec10b","6a8586ba2d5e5d7440bb2c1c","2026-08-19 06:37"
"PML","615b4d8920ea1200012de9bf","Kucerkaaa✨","66422b048e6606a3bc59724f","6a85863be91e661060356dcd","2026-08-19 06:37"
"男方鬆 (N鴯D)","6409beba17491edb5a32b684","Lodi","5788e5e5c2a0fb1304dba46c","6a858707fd4bd67673ce1e28","2026-08-19 06:38"
"Wodak","6796246986227732f607bc7a","teddy bear","66f081f2bf4b230a2fcb970c","6a8586a6e91e661060356f91","2026-08-19 06:39"
"朋友是一个坚韧不拔的纪录片， 在香港这座城市的设置。","65de536fb77f430b929240f3","Dissonans","60e09234213b0600019d912e","6a8586cf2d5e5d7440bb2c63","2026-08-19 06:39"
"Szymono","613295acc4b5740001f1bfdf","AromatikoBombatiko","669e4ec691320f1dae6e4e5e","6a8587242d5e5d7440bb2db4","2026-08-19 06:39"
"ferreiro","5f126427d6ca438f24009b8e","NorthKoreaEnjoyer","6a5776b9557fa0b8070897d7","6a85870fe91e6610603571f5","2026-08-19 06:40"
"Zifuko","5e85136d3d4b6a36ac752a7b","Dimsum","63f619f14068eb7d4bbb134d","6a85865f2d5e5d7440bb2ad0","2026-08-19 06:40"
"Nils","69e06745452af952b85a7a1d","mav1land","63f4a2bda13ee3ab588d6275","6a8586e32d5e5d7440bb2cbc","2026-08-19 06:40"
"ADI","61e1dd8775ebf300018fcffe","Uralensis","65eba12c6f7c11bcafdeaac8","6a85874efd4bd67673ce1f46","2026-08-19 06:41"
"男方鬆 (N鴯D)","6409beba17491edb5a32b684","Lodi","5788e5e5c2a0fb1304dba46c","6a858773fd4bd67673ce1fcd","2026-08-19 06:41"
"QueridaFaye","65ccbf18d27db2a3685168d8","CoastillCitadel955","689f0cfe032a68f96bee23d0","6a8587a3fd4bd67673ce208f","2026-08-19 06:42"
"Figsy_Games","5e91c2303d4b6a251c171a3b","Davido","60b3bf820390be00015ed409","6a858604e91e661060356ce5","2026-08-19 06:42"
"Wish i could try again","69d154ba0a3f30cbd4825d7a","pqmq","66665ccebd193a1fa70e656e","6a858741e91e6610603572ba","2026-08-19 06:42"
"Dissonans","60e09234213b0600019d912e","Nils","69e06745452af952b85a7a1d","6a8588042d5e5d7440bb31c4","2026-08-19 06:42"
"𝓖𝓮𝓸~𝓲𝓽𝓮𝓻𝓯𝓪𝓬𝓲𝓸≀⑤⑧②","6550ff75cf7966cc5dfe29fe","daes","603a39d190c95200017e30a2","6a85876be91e66106035733e","2026-08-19 06:42"
"kober","67ad18a09e150413a5e6fa66","wang","64df30f334185dd27cf839a7","6a8587aefd4bd67673ce20bd","2026-08-19 06:43"
"Zifuko","5e85136d3d4b6a36ac752a7b","mav1land","63f4a2bda13ee3ab588d6275","6a858805a3353e1f073112b5","2026-08-19 06:43"
"Szymono","613295acc4b5740001f1bfdf","Nördster","60a91a4b4910a100012b6132","6a8587a4fd4bd67673ce2099","2026-08-19 06:43"
"Syn","5fc86ba947bce10001a030ba","Jacky Wong","63be7833696b395b1a06db85","6a85854ee91e6610603569e2","2026-08-19 06:43"
"Рома","5bc9f3921f3cf81af80cfa72","Lodi","5788e5e5c2a0fb1304dba46c","6a858816fd4bd67673ce22a8","2026-08-19 06:43"
"teddy bear","66f081f2bf4b230a2fcb970c","mii3en","66159d055967919df66cf9c0","6a8587eefd4bd67673ce21fb","2026-08-19 06:45"
"ILoveXBow_CR","614649da0a3a920001f1042a","daes","603a39d190c95200017e30a2","6a85885dfd4bd67673ce2404","2026-08-19 06:45"
"Zhihh","63b435e80510075fa39ac039","Joo-eun.","6a290dd1cf6b59479a2ae4de","6a8587c7df452f71b2c9a02f","2026-08-19 06:45"
"Maksonic","619d09bdc4ab7000016c68d3","wang","64df30f334185dd27cf839a7","6a8588a0e91e661060357a13","2026-08-19 06:46"
"Derzal","5f96feae45cc8c00017ca853","Horizon","6222899bf7131100016e875e","6a858632fd4bd67673ce1ac9","2026-08-19 06:46"
"mav1land","63f4a2bda13ee3ab588d6275","Dissonans","60e09234213b0600019d912e","6a858886e91e661060357983","2026-08-19 06:46"
"pqmq","66665ccebd193a1fa70e656e","Nils","69e06745452af952b85a7a1d","6a858872fd4bd67673ce2448","2026-08-19 06:46"
"Avandy","60c3535133004c00010451a3","Magnus","679395e4205fcbaaa18ff360","6a858602e91e661060356ce0","2026-08-19 06:47"
"CoastillCitadel955","689f0cfe032a68f96bee23d0","QueridaFaye","65ccbf18d27db2a3685168d8","6a858868e91e66106035790f","2026-08-19 06:47"
"𝓖𝓮𝓸~𝓲𝓽𝓮𝓻𝓯𝓪𝓬𝓲𝓸≀⑤⑧②","6550ff75cf7966cc5dfe29fe","男方鬆 (N鴯D)","6409beba17491edb5a32b684","6a8588602d5e5d7440bb3376","2026-08-19 06:47"
"Wodak","6796246986227732f607bc7a","Zifuko","5e85136d3d4b6a36ac752a7b","6a8588a0e91e661060357a00","2026-08-19 06:48"
"teddy bear","66f081f2bf4b230a2fcb970c","mii3en","66159d055967919df66cf9c0","6a858917e91e661060357bc2","2026-08-19 06:48"
"Nördster","60a91a4b4910a100012b6132","Szymono","613295acc4b5740001f1bfdf","6a8588b3fd4bd67673ce25af","2026-08-19 06:49"
"FREE PALESTINE","6281e747cb6c707ef5ec2f6c","sk 愛","666b76089d20c1dd39ec810c","6a8588e4fd4bd67673ce269f","2026-08-19 06:50"
"Рома","5bc9f3921f3cf81af80cfa72","Wish i could try again","69d154ba0a3f30cbd4825d7a","6a8588f4e91e661060357b52","2026-08-19 06:51"
"ZakyBoy","602adad6f1933a000135da45","pqmq","66665ccebd193a1fa70e656e","6a85894a2d5e5d7440bb3724","2026-08-19 06:51"
"男方鬆 (N鴯D)","6409beba17491edb5a32b684","AromatikoBombatiko","669e4ec691320f1dae6e4e5e","6a8589a7fd4bd67673ce29e3","2026-08-19 06:51"
"Dissonans","60e09234213b0600019d912e","Nils","69e06745452af952b85a7a1d","6a858956e91e661060357cfd","2026-08-19 06:51"
"mii3en","66159d055967919df66cf9c0","teddy bear","66f081f2bf4b230a2fcb970c","6a8589afe91e661060357e76","2026-08-19 06:52"
"PML","615b4d8920ea1200012de9bf","NorthKoreaEnjoyer","6a5776b9557fa0b8070897d7","6a8588022d5e5d7440bb31b9","2026-08-19 06:52"
"Nördster","60a91a4b4910a100012b6132","Szymono","613295acc4b5740001f1bfdf","6a8588b3fd4bd67673ce25af","2026-08-19 06:53"
"mav1land","63f4a2bda13ee3ab588d6275","Dissonans","60e09234213b0600019d912e","6a858a89e91e6610603581af","2026-08-19 06:53"
"Derzal","5f96feae45cc8c00017ca853","𝓖𝓮𝓸~𝓲𝓽𝓮𝓻𝓯𝓪𝓬𝓲𝓸≀⑤⑧②","6550ff75cf7966cc5dfe29fe","6a8589ad2d5e5d7440bb38b4","2026-08-19 06:53"
"男方鬆 (N鴯D)","6409beba17491edb5a32b684","Zoe","64012c4575693afea0dec10b","6a858a6f2d5e5d7440bb3b78","2026-08-19 06:53"
"Maksonic","619d09bdc4ab7000016c68d3","mii3en","66159d055967919df66cf9c0","6a8589d42d5e5d7440bb3924","2026-08-19 06:54"
"tilted and tired","66549d4cc725af87c3aa9a34","Figsy_Games","5e91c2303d4b6a251c171a3b","6a858936fd4bd67673ce2807","2026-08-19 06:54"
"daes","603a39d190c95200017e30a2","NorthKoreaEnjoyer","6a5776b9557fa0b8070897d7","6a858ab8e91e661060358252","2026-08-19 06:54"
"QueridaFaye","65ccbf18d27db2a3685168d8","Zifuko","5e85136d3d4b6a36ac752a7b","6a8589de2d5e5d7440bb393f","2026-08-19 06:55"
"朋友是一个坚韧不拔的纪录片， 在香港这座城市的设置。","65de536fb77f430b929240f3","teddy bear","66f081f2bf4b230a2fcb970c","6a858aba2d5e5d7440bb3c71","2026-08-19 06:55"
"Uralensis","65eba12c6f7c11bcafdeaac8","Zion's Nutritionist","61545a8e34161b0001b1f3dd","6a8589da2d5e5d7440bb3933","2026-08-19 06:55"
"Dissonans","60e09234213b0600019d912e","mav1land","63f4a2bda13ee3ab588d6275","6a858b15fd4bd67673ce2faa","2026-08-19 06:57"
"teddy bear","66f081f2bf4b230a2fcb970c","mii3en","66159d055967919df66cf9c0","6a858b742d5e5d7440bb3f90","2026-08-19 06:58"
"Delema()()()","65869f62df3f7bea3fa1d675","Ringo","6046c8a097019400018ea4cf","6a858b45e91e66106035846a","2026-08-19 06:59"
"Wodak","6796246986227732f607bc7a","Szymono","613295acc4b5740001f1bfdf","6a858a6afd4bd67673ce2d0f","2026-08-19 06:59"
"Zifuko","5e85136d3d4b6a36ac752a7b","NorthKoreaEnjoyer","6a5776b9557fa0b8070897d7","6a858b8de91e661060358580","2026-08-19 06:59"
"朋友是一个坚韧不拔的纪录片， 在香港这座城市的设置。","65de536fb77f430b929240f3","QueridaFaye","65ccbf18d27db2a3685168d8","6a858bcce91e661060358695","2026-08-19 07:00"
"Рома","5bc9f3921f3cf81af80cfa72","pqmq","66665ccebd193a1fa70e656e","6a858a882d5e5d7440bb3be0","2026-08-19 07:00"
"𝓖𝓮𝓸~𝓲𝓽𝓮𝓻𝓯𝓪𝓬𝓲𝓸≀⑤⑧②","6550ff75cf7966cc5dfe29fe","Tren72","5835140899923047c43cda16","6a858b0fe91e66106035837e","2026-08-19 07:00"
"NorthKoreaEnjoyer","6a5776b9557fa0b8070897d7","SolveForTheY","5f7841ee38449c0001236bcc","6a858c6ffd4bd67673ce34f8","2026-08-19 07:00"
"Lodi","5788e5e5c2a0fb1304dba46c","男方鬆 (N鴯D)","6409beba17491edb5a32b684","6a858c28fd4bd67673ce3412","2026-08-19 07:01"
"PML","615b4d8920ea1200012de9bf","MRKP","68d0088fae37a05a2198725b","6a858b66fd4bd67673ce30dc","2026-08-19 07:02"
"Ringo","6046c8a097019400018ea4cf","mii3en","66159d055967919df66cf9c0","6a858c4c2d5e5d7440bb42b5","2026-08-19 07:03"
"朋友是一个坚韧不拔的纪录片， 在香港这座城市的设置。","65de536fb77f430b929240f3","QueridaFaye","65ccbf18d27db2a3685168d8","6a858caf2d5e5d7440bb4409","2026-08-19 07:03"
"Szymono","613295acc4b5740001f1bfdf","daes","603a39d190c95200017e30a2","6a858c78fd4bd67673ce351a","2026-08-19 07:03"
"Lodi","5788e5e5c2a0fb1304dba46c","SolveForTheY","5f7841ee38449c0001236bcc","6a858cd3fd4bd67673ce3652","2026-08-19 07:03"
"pqmq","66665ccebd193a1fa70e656e","NorthKoreaEnjoyer","6a5776b9557fa0b8070897d7","6a858ca6e91e661060358972","2026-08-19 07:04"
"Zifuko","5e85136d3d4b6a36ac752a7b","Derzal","5f96feae45cc8c00017ca853","6a858c62fd4bd67673ce34ce","2026-08-19 07:05"
"Dissonans","60e09234213b0600019d912e","mav1land","63f4a2bda13ee3ab588d6275","6a858d38134f378f0e17f7b8","2026-08-19 07:05"
"Zhihh","63b435e80510075fa39ac039","SIM","5ed11a2b282ad28b94fe9b42","6a858cdf232fb9a2f04e60b9","2026-08-19 07:05"
"男方鬆 (N鴯D)","6409beba17491edb5a32b684","teddy bear","66f081f2bf4b230a2fcb970c","6a858ce12d5e5d7440bb44c1","2026-08-19 07:06"
"pqmq","66665ccebd193a1fa70e656e","coolio","62b9cebc8b66228cb1da69dd","6a858da92d5e5d7440bb46e4","2026-08-19 07:07"
"Maksonic","619d09bdc4ab7000016c68d3","Figsy_Games","5e91c2303d4b6a251c171a3b","6a858c82fd4bd67673ce3533","2026-08-19 07:08"
"teddy bear","66f081f2bf4b230a2fcb970c","男方鬆 (N鴯D)","6409beba17491edb5a32b684","6a858e0be91e661060358dc8","2026-08-19 07:08"
"Szymono","613295acc4b5740001f1bfdf","AromatikoBombatiko","669e4ec691320f1dae6e4e5e","6a858d46fd4bd67673ce37b6","2026-08-19 07:08"
"mii3en","66159d055967919df66cf9c0","Lodi","5788e5e5c2a0fb1304dba46c","6a858d62fd4bd67673ce382b","2026-08-19 07:08"
"QueridaFaye","65ccbf18d27db2a3685168d8","Ringo","6046c8a097019400018ea4cf","6a858d4de91e661060358b79","2026-08-19 07:09"
"pqmq","66665ccebd193a1fa70e656e","teddy bear","66f081f2bf4b230a2fcb970c","6a858e2dfd4bd67673ce3a81","2026-08-19 07:09"
"朋友是一个坚韧不拔的纪录片， 在香港这座城市的设置。","65de536fb77f430b929240f3","Wodak","6796246986227732f607bc7a","6a858df8134f378f0e17fa01","2026-08-19 07:10"
"mav1land","63f4a2bda13ee3ab588d6275","Zifuko","5e85136d3d4b6a36ac752a7b","6a858ddd2d5e5d7440bb4777","2026-08-19 07:10"
"男方鬆 (N鴯D)","6409beba17491edb5a32b684","Zoe","64012c4575693afea0dec10b","6a858e89e91e661060358f0a","2026-08-19 07:10"
"Max","5f847db332173400011b50bb","SolveForTheY","5f7841ee38449c0001236bcc","6a858ea4e91e661060358f43","2026-08-19 07:10"
"daes","603a39d190c95200017e30a2","MRKP","68d0088fae37a05a2198725b","6a858d4ee91e661060358b7c","2026-08-19 07:11"
"Yareh","62726f8411308ea36554fa19","Avandy","60c3535133004c00010451a3","6a858cbc2d5e5d7440bb4439","2026-08-19 07:12"
"Ringo","6046c8a097019400018ea4cf","teddy bear","66f081f2bf4b230a2fcb970c","6a858ec8e91e661060358fd1","2026-08-19 07:12"
"Zifuko","5e85136d3d4b6a36ac752a7b","Dissonans","60e09234213b0600019d912e","6a858f01e91e661060359083","2026-08-19 07:12"
"Max","5f847db332173400011b50bb","mav1land","63f4a2bda13ee3ab588d6275","6a858f07134f378f0e17fd93","2026-08-19 07:12"
"mii3en","66159d055967919df66cf9c0","Szymono","613295acc4b5740001f1bfdf","6a858e7efd4bd67673ce3b9e","2026-08-19 07:14"
"Kiochan","665d84d55400327448b890dc","Derzal","5f96feae45cc8c00017ca853","6a858e1fdf452f71b2c9b536","2026-08-19 07:14"
"Ringo","6046c8a097019400018ea4cf","Eddie","5695b1e1838cda1838015d4b","6a858f7ce91e66106035921f","2026-08-19 07:15"
"Ringo","6046c8a097019400018ea4cf","teddy bear","66f081f2bf4b230a2fcb970c","6a858ec8e91e661060358fd1","2026-08-19 07:15"
"男方鬆 (N鴯D)","6409beba17491edb5a32b684","Zoe","64012c4575693afea0dec10b","6a858f0afd4bd67673ce3d63","2026-08-19 07:15"
"Max","5f847db332173400011b50bb","AromatikoBombatiko","669e4ec691320f1dae6e4e5e","6a858f7b134f378f0e17ff88","2026-08-19 07:15"
"mav1land","63f4a2bda13ee3ab588d6275","Szymono","613295acc4b5740001f1bfdf","6a858ffe134f378f0e180127","2026-08-19 07:16"
"Maksonic","619d09bdc4ab7000016c68d3","Delema()()()","65869f62df3f7bea3fa1d675","6a858f75fd4bd67673ce3ed6","2026-08-19 07:18"
"Ringo","6046c8a097019400018ea4cf","Szymono","613295acc4b5740001f1bfdf","6a859079134f378f0e18030d","2026-08-19 07:18"
"SIM","5ed11a2b282ad28b94fe9b42","Zhihh","63b435e80510075fa39ac039","6a858dcfe91e661060358cfa","2026-08-19 07:18"
"Dissonans","60e09234213b0600019d912e","Zifuko","5e85136d3d4b6a36ac752a7b","6a858f81134f378f0e17ff9c","2026-08-19 07:18"
"Uralensis","65eba12c6f7c11bcafdeaac8","𝓖𝓮𝓸~𝓲𝓽𝓮𝓻𝓯𝓪𝓬𝓲𝓸≀⑤⑧②","6550ff75cf7966cc5dfe29fe","6a858d0afd4bd67673ce36f9","2026-08-19 07:18"
"Edawardz","600aa63b94b5f40001eddb27","NoruJumping","5c5817f33d925bc96cd177e7","6a858e96134f378f0e17fbfe","2026-08-19 07:19"
"Max","5f847db332173400011b50bb","男方鬆 (N鴯D)","6409beba17491edb5a32b684","6a859035e91e661060359493","2026-08-19 07:19"
"Lodi","5788e5e5c2a0fb1304dba46c","TEEM0","68f9fdd90f6d5f026cf9e4d8","6a859030fd4bd67673ce41a0","2026-08-19 07:20"
"[TNT] Kirania","5c14f357ff3dc98d883d182c","Delema()()()","65869f62df3f7bea3fa1d675","6a8590ddfd4bd67673ce4464","2026-08-19 07:21"
"Zifuko","5e85136d3d4b6a36ac752a7b","Ringo","6046c8a097019400018ea4cf","6a8590e9134f378f0e1804bc","2026-08-19 07:21"
"nowiczok in your tea","62f970d6df4ff6a0e2c48e03","qndrew","5ec2afbf77d9362960657dab","6a8590e6134f378f0e1804ae","2026-08-19 07:21"
"Yareh","62726f8411308ea36554fa19","Avandy","60c3535133004c00010451a3","6a858fbc134f378f0e18006d","2026-08-19 07:22"
"Wodak","6796246986227732f607bc7a","mii3en","66159d055967919df66cf9c0","6a859026fd4bd67673ce4170","2026-08-19 07:22"
"Delema()()()","65869f62df3f7bea3fa1d675","Genghis Khan","604a67e702e32a000195a11e","6a859195e91e6610603599ff","2026-08-19 07:23"
"QueridaFaye","65ccbf18d27db2a3685168d8","Figsy_Games","5e91c2303d4b6a251c171a3b","6a858eacfd4bd67673ce3c31","2026-08-19 07:23"
"Dissonans","60e09234213b0600019d912e","男方鬆 (N鴯D)","6409beba17491edb5a32b684","6a859129134f378f0e1805d7","2026-08-19 07:23"
"AromatikoBombatiko","669e4ec691320f1dae6e4e5e","WhyLavzBossF1dgetHuesos2004.","69020a9dd65f395771ade781","6a8591a6e91e661060359a5f","2026-08-19 07:23"
"Edawardz","600aa63b94b5f40001eddb27","ZakyBoy","602adad6f1933a000135da45","6a859138fd4bd67673ce459c","2026-08-19 07:24"
"朋友是一个坚韧不拔的纪录片， 在香港这座城市的设置。","65de536fb77f430b929240f3","Shakazaramesh","5ef2945bbb96627c9ce5f63f","6a859016e91e661060359409","2026-08-19 07:24"
"mav1land","63f4a2bda13ee3ab588d6275","NorthKoreaEnjoyer","6a5776b9557fa0b8070897d7","6a85913afd4bd67673ce45a3","2026-08-19 07:24"
"pqmq","66665ccebd193a1fa70e656e","Kiochan","665d84d55400327448b890dc","6a859006fd4bd67673ce40e6","2026-08-19 07:25"
"Ringo","6046c8a097019400018ea4cf","mii3en","66159d055967919df66cf9c0","6a8591cf134f378f0e18083e","2026-08-19 07:26"
"NoruJumping","5c5817f33d925bc96cd177e7","Horizon","6222899bf7131100016e875e","6a8591574b05c78860a6d09b","2026-08-19 07:26"
"mav1land","63f4a2bda13ee3ab588d6275","SentyRu","65dc836b33066622c3ebfb88","6a85923ee91e661060359ca8","2026-08-19 07:27"
"Lodi","5788e5e5c2a0fb1304dba46c","WhyLavzBossF1dgetHuesos2004.","69020a9dd65f395771ade781","6a8592aa134f378f0e180ac9","2026-08-19 07:27"
"Delema()()()","65869f62df3f7bea3fa1d675","Wodak","6796246986227732f607bc7a","6a859264bf277d232a8ff1c7","2026-08-19 07:28"
"Szymono","613295acc4b5740001f1bfdf","Derzal","5f96feae45cc8c00017ca853","6a8590df134f378f0e1804a3","2026-08-19 07:28"
"Edawardz","600aa63b94b5f40001eddb27","Pedro Sampaio","63a8b951fb73701f4020d786","6a85923fdf452f71b2c9c223","2026-08-19 07:29"
"Loan","5e866b87b3ec17798078a43b","Рома","5bc9f3921f3cf81af80cfa72","6a858eef2d5e5d7440bb4ac7","2026-08-19 07:29"
"mii3en","66159d055967919df66cf9c0","mav1land","63f4a2bda13ee3ab588d6275","6a859307a727a0cfbc57c9a1","2026-08-19 07:30"
"teddy bear","66f081f2bf4b230a2fcb970c","Max","5f847db332173400011b50bb","6a85929e4e67df9ffa980e65","2026-08-19 07:30"
"NorthKoreaEnjoyer","6a5776b9557fa0b8070897d7","ijuriqu","679d5f7704201c88cf713162","6a8592eca727a0cfbc57c958","2026-08-19 07:30"
"Delema()()()","65869f62df3f7bea3fa1d675","Genghis Khan","604a67e702e32a000195a11e","6a859344ec4d5df17813fce7","2026-08-19 07:31"
"Max","5f847db332173400011b50bb","Desanori (fanat laaFlame30)","65fc7b9691115d931473c1fc","6a8593a3a727a0cfbc57cba2","2026-08-19 07:31"
"SentyRu","65dc836b33066622c3ebfb88","Ringo","6046c8a097019400018ea4cf","6a8592e2273062728bec2e10","2026-08-19 07:32"
"Szymono","613295acc4b5740001f1bfdf","Derzal","5f96feae45cc8c00017ca853","6a8593104e67df9ffa981041","2026-08-19 07:32"
"https://www.twitch.tv/qule0","635d8550c15309de668daf99","pqmq","66665ccebd193a1fa70e656e","6a859369a727a0cfbc57caf1","2026-08-19 07:32"
"AromatikoBombatiko","669e4ec691320f1dae6e4e5e","Aculstingray","5f09a434a958535b8c808fd6","6a8593134e67df9ffa981051","2026-08-19 07:32"
"timejt (umyty)","69582268b237877e44ea8d1f","Zoe","64012c4575693afea0dec10b","6a8593ada727a0cfbc57cbba","2026-08-19 07:33"
"mav1land","63f4a2bda13ee3ab588d6275","reezwon","67cc28f8f758eb4f26db5827","6a8593fac063d321968ff4ce","2026-08-19 07:34"
"Aculstingray","5f09a434a958535b8c808fd6","ꀋꏦꇊ","679857c21e3f92bc77808937","6a85946ea727a0cfbc57ce43","2026-08-19 07:34"
"mii3en","66159d055967919df66cf9c0","Szymono","613295acc4b5740001f1bfdf","6a85940c4e67df9ffa981404","2026-08-19 07:36"
"teddy bear","66f081f2bf4b230a2fcb970c","NorthKoreaEnjoyer","6a5776b9557fa0b8070897d7","6a8593cea727a0cfbc57cc2b","2026-08-19 07:36"
"NoruJumping","5c5817f33d925bc96cd177e7","ymot","5c296804097d019c9053201b","6a8592df4e67df9ffa980f5f","2026-08-19 07:36"
"Zoe","64012c4575693afea0dec10b","timejt (umyty)","69582268b237877e44ea8d1f","6a859474ec4d5df1781400b9","2026-08-19 07:36"
"kstyko","5ead136297d6cf24a42b1ef4","Ringo","6046c8a097019400018ea4cf","6a85943dec4d5df17814000f","2026-08-19 07:37"
"Aculstingray","5f09a434a958535b8c808fd6","https://www.twitch.tv/qule0","635d8550c15309de668daf99","6a8594a1ec4d5df17814015a","2026-08-19 07:37"
"ALFA","5b6f185f7135fa0e48b5528a","connexion de f*p","5e9662142ad6cfadc8e2db9d","6a859397ec4d5df17813fde9","2026-08-19 07:38"
"Delema()()()","65869f62df3f7bea3fa1d675","Maksonic","619d09bdc4ab7000016c68d3","6a859472ec4d5df1781400b1","2026-08-19 07:38"
"Genghis Khan","604a67e702e32a000195a11e","Edawardz","600aa63b94b5f40001eddb27","6a8593c8ec4d5df17813fe79","2026-08-19 07:38"
"Shakazaramesh","5ef2945bbb96627c9ce5f63f","Zetie","5e9215c1b3ec17480c01df1e","6a859255fd4bd67673ce496c","2026-08-19 07:38"
"mav1land","63f4a2bda13ee3ab588d6275","Desanori (fanat laaFlame30)","65fc7b9691115d931473c1fc","6a859497a727a0cfbc57cecd","2026-08-19 07:38"
"NorthKoreaEnjoyer","6a5776b9557fa0b8070897d7","timejt (umyty)","69582268b237877e44ea8d1f","6a859509a727a0cfbc57d050","2026-08-19 07:38"
"Max","5f847db332173400011b50bb","Zoe","64012c4575693afea0dec10b","6a8595194e67df9ffa9817e5","2026-08-19 07:39"
"teddy bear","66f081f2bf4b230a2fcb970c","Ringo","6046c8a097019400018ea4cf","6a859566ec4d5df178140420","2026-08-19 07:40"
"Delema()()()","65869f62df3f7bea3fa1d675","Wodak","6796246986227732f607bc7a","6a859264bf277d232a8ff1c7","2026-08-19 07:41"
"Zoe","64012c4575693afea0dec10b","timejt (umyty)","69582268b237877e44ea8d1f","6a8595b5a727a0cfbc57d2e4","2026-08-19 07:42"
"Delema()()()","65869f62df3f7bea3fa1d675","Maksonic","619d09bdc4ab7000016c68d3","6a8596044e67df9ffa981ba1","2026-08-19 07:43"
"sk 愛","666b76089d20c1dd39ec810c","kalesalad","60c9cf146dac910001261659","6a859537ec4d5df178140379","2026-08-19 07:43"
"https://www.twitch.tv/qule0","635d8550c15309de668daf99","Aculstingray","5f09a434a958535b8c808fd6","6a859554a727a0cfbc57d172","2026-08-19 07:43"
"connexion de f*p","5e9662142ad6cfadc8e2db9d","Genghis Khan","604a67e702e32a000195a11e","6a85958bec4d5df1781404ae","2026-08-19 07:44"
"Eddie","5695b1e1838cda1838015d4b","mav1land","63f4a2bda13ee3ab588d6275","6a8595c4a727a0cfbc57d31d","2026-08-19 07:44"
"SentyRu","65dc836b33066622c3ebfb88","kstyko","5ead136297d6cf24a42b1ef4","6a85957aec4d5df17814046f","2026-08-19 07:44"
"Szymono","613295acc4b5740001f1bfdf","ymot","5c296804097d019c9053201b","6a85952cec4d5df17814034d","2026-08-19 07:44"
"ILoveXBow_CR","614649da0a3a920001f1042a","Zetie","5e9215c1b3ec17480c01df1e","6a85957ac063d321968ff8eb","2026-08-19 07:44"
"Genghis Khan","604a67e702e32a000195a11e","Maksonic","619d09bdc4ab7000016c68d3","6a8596e5c063d321968ffd4c","2026-08-19 07:45"
"Avandy","60c3535133004c00010451a3","Curlsphil","634725814a2b0615fad04fb9","6a8594b50825b6a9ef4623f6","2026-08-19 07:45"
"Ringo","6046c8a097019400018ea4cf","teddy bear","66f081f2bf4b230a2fcb970c","6a8596224e67df9ffa981c31","2026-08-19 07:45"
"kstyko","5ead136297d6cf24a42b1ef4","mav1land","63f4a2bda13ee3ab588d6275","6a859702a727a0cfbc57d73b","2026-08-19 07:46"
"GeoNestor","5a0761e672d16b933871e7a1","lenne","5f1380d2a18d4d486ca41ee1","6a8595ffc063d321968ffa92","2026-08-19 07:46"
"Gaizkaiser","61e67e2b8a1e1100013538d3","Edawardz","600aa63b94b5f40001eddb27","6a85956bec4d5df178140431","2026-08-19 07:47"
"teddy bear","66f081f2bf4b230a2fcb970c","Ringo","6046c8a097019400018ea4cf","6a8597134e67df9ffa98200d","2026-08-19 07:47"
"Derzal","5f96feae45cc8c00017ca853","pqmq","66665ccebd193a1fa70e656e","6a85952ea45fcbcbbd391d6c","2026-08-19 07:47"
"Figsy_Games","5e91c2303d4b6a251c171a3b","ZakyBoy","602adad6f1933a000135da45","6a859551ec4d5df1781403e5","2026-08-19 07:48"
"kalesalad","60c9cf146dac910001261659","Eddie","5695b1e1838cda1838015d4b","6a8596e04e67df9ffa981f3e","2026-08-19 07:49"
"GramenMystace","621688225a265e000124cc8d","SentyRu","65dc836b33066622c3ebfb88","6a85972aec4d5df178140a99","2026-08-19 07:49"
"kstyko","5ead136297d6cf24a42b1ef4","mav1land","63f4a2bda13ee3ab588d6275","6a85976d4e67df9ffa98217e","2026-08-19 07:49"
"ymot","5c296804097d019c9053201b","Szymono","613295acc4b5740001f1bfdf","6a8596f3ec4d5df1781409b4","2026-08-19 07:49"
"Aculstingray","5f09a434a958535b8c808fd6","Zoe","64012c4575693afea0dec10b","6a8596aeec4d5df1781408b0","2026-08-19 07:49"
"Wijn.","657979f3db414bd0da540f23","Moussa","63f298b8251569d36d50155b","6a85973c4e67df9ffa9820b5","2026-08-19 07:49"
"Ringo","6046c8a097019400018ea4cf","teddy bear","66f081f2bf4b230a2fcb970c","6a8597ca4e67df9ffa9822c5","2026-08-19 07:50"
"Maksonic","619d09bdc4ab7000016c68d3","Eddie","5695b1e1838cda1838015d4b","6a85980a4e67df9ffa982413","2026-08-19 07:51"
"tilted and tired","66549d4cc725af87c3aa9a34","Figsy_Games","5e91c2303d4b6a251c171a3b","6a858936fd4bd67673ce2807","2026-08-19 07:51"
"Szymono","613295acc4b5740001f1bfdf","mav1land","63f4a2bda13ee3ab588d6275","6a859821a727a0cfbc57db4c","2026-08-19 07:51"
"#1 multiplier harvester 🫃","626fc4565f225f253556ea95","Loan","5e866b87b3ec17798078a43b","6a8595c0a727a0cfbc57d312","2026-08-19 07:51"
"Ringo","6046c8a097019400018ea4cf","teddy bear","66f081f2bf4b230a2fcb970c","6a85986f4e67df9ffa9825b8","2026-08-19 07:52"
"kurt","5e1b10dfdfc005491cab044f","Max","5f847db332173400011b50bb","6a859825ec4d5df178140dff","2026-08-19 07:53"
"Schwarzweiss","5cfadc71b741f84acc8b23df","Derzal","5f96feae45cc8c00017ca853","6a859786ec4d5df178140bc9","2026-08-19 07:53"
"Aculstingray","5f09a434a958535b8c808fd6","Wijn.","657979f3db414bd0da540f23","6a859836ec4d5df178140e4c","2026-08-19 07:53"
"kalesalad","60c9cf146dac910001261659","PLK","62179a5c8e88d400010d91ea","6a8598294e67df9ffa98247b","2026-08-19 07:54"
"Cassosclub","65a7c8563d08098ae0def9f9","THE_MASTER","62f6a15c8845c40754be1420","6a8597964e67df9ffa9821f9","2026-08-19 07:54"
"Eddie","5695b1e1838cda1838015d4b","Szymono","613295acc4b5740001f1bfdf","6a8598acec4d5df178140ffa","2026-08-19 07:56"
"ymot","5c296804097d019c9053201b","Zetie","5e9215c1b3ec17480c01df1e","6a85982d4e67df9ffa98248b","2026-08-19 07:56"
"Ringo","6046c8a097019400018ea4cf","teddy bear","66f081f2bf4b230a2fcb970c","6a8598e1c063d3219690038d","2026-08-19 07:57"
"SentyRu","65dc836b33066622c3ebfb88","Wodak","6796246986227732f607bc7a","6a859843ec4d5df178140e80","2026-08-19 07:57"
"Max","5f847db332173400011b50bb","Andrade","631f700e2347fcd4bef6185b","6a8599504e67df9ffa9829c8","2026-08-19 07:58"
"kalesalad","60c9cf146dac910001261659","PLK","62179a5c8e88d400010d91ea","6a859978ec4d5df17814134b","2026-08-19 07:59"
"Zoe","64012c4575693afea0dec10b","Desanori (fanat laaFlame30)","65fc7b9691115d931473c1fc","6a8599b04e67df9ffa982be6","2026-08-19 07:59"
"YRP","65361a91884b107b4fd0cef8","Maksonic","619d09bdc4ab7000016c68d3","6a859a0e4e67df9ffa982dbf","2026-08-19 08:00"
"Shakazaramesh","5ef2945bbb96627c9ce5f63f","Figsy_Games","5e91c2303d4b6a251c171a3b","6a8598fca727a0cfbc57dece","2026-08-19 08:00"
"teddy bear","66f081f2bf4b230a2fcb970c","SentyRu","65dc836b33066622c3ebfb88","6a8599fdec4d5df1781415ac","2026-08-19 08:00"
"Mich","5ef35fd819612a2940d22de2","Eddie","5695b1e1838cda1838015d4b","6a8599d54e67df9ffa982ccc","2026-08-19 08:01"
"Edawardz","600aa63b94b5f40001eddb27","Gaizkaiser","61e67e2b8a1e1100013538d3","6a8597b44e67df9ffa982273","2026-08-19 08:02"
"Ringo","6046c8a097019400018ea4cf","ymot","5c296804097d019c9053201b","6a8599f54e67df9ffa982d5f","2026-08-19 08:02"
"kurt","5e1b10dfdfc005491cab044f","Max","5f847db332173400011b50bb","6a859a46ec4d5df1781416e2","2026-08-19 08:02"
"SentyRu","65dc836b33066622c3ebfb88","Pandazan","632e19f3f0149e276027d38e","6a859a9ba727a0cfbc57e527","2026-08-19 08:03"
"Zetie","5e9215c1b3ec17480c01df1e","Loup","6689a4883908e91b58a49887","6a8599bf4e67df9ffa982c3c","2026-08-19 08:03"
"teddy bear","66f081f2bf4b230a2fcb970c","Zoe","64012c4575693afea0dec10b","6a859ac74e67df9ffa98313a","2026-08-19 08:04"
"Szymono","613295acc4b5740001f1bfdf","Schwarzweiss","5cfadc71b741f84acc8b23df","6a8599b1a727a0cfbc57e1bf","2026-08-19 08:05"
"lenne","5f1380d2a18d4d486ca41ee1","Kucerkaaa✨","66422b048e6606a3bc59724f","6a859b160825b6a9ef4637e2","2026-08-19 08:05"
"PLK","62179a5c8e88d400010d91ea","kalesalad","60c9cf146dac910001261659","6a859a71a727a0cfbc57e48f","2026-08-19 08:06"
"Gaizkaiser","61e67e2b8a1e1100013538d3","tilted and tired","66549d4cc725af87c3aa9a34","6a859b2f4e67df9ffa983344","2026-08-19 08:06"
"Eddie","5695b1e1838cda1838015d4b","Wodak","6796246986227732f607bc7a","6a859afda727a0cfbc57e68d","2026-08-19 08:06"
"Max","5f847db332173400011b50bb","SentyRu","65dc836b33066622c3ebfb88","6a859b96ec4d5df178141c54","2026-08-19 08:06"
"Zoe","64012c4575693afea0dec10b","mav1land","63f4a2bda13ee3ab588d6275","6a859baeec4d5df178141cc9","2026-08-19 08:06"
"YRP","65361a91884b107b4fd0cef8","Eamonn","5e2e983722bbda85a40e9009","6a859ad9ec4d5df178141920","2026-08-19 08:07"
"Andrade","631f700e2347fcd4bef6185b","Cassosclub","65a7c8563d08098ae0def9f9","6a859be8a727a0cfbc57ea6b","2026-08-19 08:07"
"Gaizkaiser","61e67e2b8a1e1100013538d3","tilted and tired","66549d4cc725af87c3aa9a34","6a859b2f4e67df9ffa983344","2026-08-19 08:08"
"Pandazan","632e19f3f0149e276027d38e","kurt","5e1b10dfdfc005491cab044f","6a859b76ec4d5df178141be1","2026-08-19 08:08"
"Szymono","613295acc4b5740001f1bfdf","teddy bear","66f081f2bf4b230a2fcb970c","6a859bcd4e67df9ffa983674","2026-08-19 08:08"
"Edqy","60a2893cb7d972000112fbf4","Figsy_Games","5e91c2303d4b6a251c171a3b","6a859abea727a0cfbc57e57c","2026-08-19 08:08"
"mav1land","63f4a2bda13ee3ab588d6275","Zoe","64012c4575693afea0dec10b","6a859c2da727a0cfbc57eb63","2026-08-19 08:08"
"PML","615b4d8920ea1200012de9bf","Derzal","5f96feae45cc8c00017ca853","6a859a1d4e67df9ffa982ded","2026-08-19 08:08"
"Zetie","5e9215c1b3ec17480c01df1e","Velogeo","607b4fd0132f8300012354f4","6a859ba4a727a0cfbc57e973","2026-08-19 08:08"
"Lodi","5788e5e5c2a0fb1304dba46c","NorthKoreaEnjoyer","6a5776b9557fa0b8070897d7","6a859b68a727a0cfbc57e867","2026-08-19 08:08"
"kalesalad","60c9cf146dac910001261659","PLK","62179a5c8e88d400010d91ea","6a859c102122aff16ba97069","2026-08-19 08:09"
"Ringo","6046c8a097019400018ea4cf","ymot","5c296804097d019c9053201b","6a859b414e67df9ffa9833a4","2026-08-19 08:09"
"mav1land","63f4a2bda13ee3ab588d6275","Zoe","64012c4575693afea0dec10b","6a859c974e67df9ffa9839ee","2026-08-19 08:09"
"Desanori (fanat laaFlame30)","65fc7b9691115d931473c1fc","Andrade","631f700e2347fcd4bef6185b","6a859c614e67df9ffa983945","2026-08-19 08:09"
"SentyRu","65dc836b33066622c3ebfb88","Eddie","5695b1e1838cda1838015d4b","6a859c0eec4d5df178141e76","2026-08-19 08:10"
"Zoe","64012c4575693afea0dec10b","geometry","6677323b8c4a3f875615805f","6a859cccec4d5df178142161","2026-08-19 08:11"
"Pandazan","632e19f3f0149e276027d38e","SentyRu","65dc836b33066622c3ebfb88","6a859cfc4e67df9ffa983ba3","2026-08-19 08:12"
"teddy bear","66f081f2bf4b230a2fcb970c","Szymono","613295acc4b5740001f1bfdf","6a859cabec4d5df1781420c7","2026-08-19 08:12"
"Finbarr","5c03eed1b5b94ba700403005","thenderson netanyahu","651735b2324c811102e538a6","6a859b19ec4d5df178141a23","2026-08-19 08:13"
"Ringo","6046c8a097019400018ea4cf","kstyko","5ead136297d6cf24a42b1ef4","6a859cc2ba4d11538445baef","2026-08-19 08:13"
"mav1land","63f4a2bda13ee3ab588d6275","Andrade","631f700e2347fcd4bef6185b","6a859cdaa45fcbcbbd39360c","2026-08-19 08:13"
"Max","5f847db332173400011b50bb","kurt","5e1b10dfdfc005491cab044f","6a859cc52122aff16ba9726a","2026-08-19 08:13"
"miniura","650ff17b12259a4cd34bd829","Floschi","63bf26706843377010374e78","6a8599fcc063d321969007cf","2026-08-19 08:13"
"mav1land","63f4a2bda13ee3ab588d6275","teddy bear","66f081f2bf4b230a2fcb970c","6a859daa4e67df9ffa983e64","2026-08-19 08:14"
"Zetie","5e9215c1b3ec17480c01df1e","Velogeo","607b4fd0132f8300012354f4","6a859c92a727a0cfbc57ecd9","2026-08-19 08:14"
"Cassosclub","65a7c8563d08098ae0def9f9","WhyLavzBossF1dgetHuesos2004.","69020a9dd65f395771ade781","6a859c734e67df9ffa983983","2026-08-19 08:14"
"Biquette","5b2b90dfaf2b2a3cd8a2758c","Gaizkaiser","61e67e2b8a1e1100013538d3","6a859c6c4e67df9ffa983970","2026-08-19 08:15"
"Szymono","613295acc4b5740001f1bfdf","Pandazan","632e19f3f0149e276027d38e","6a859ddba727a0cfbc57f115","2026-08-19 08:15"
"Kucerkaaa✨","66422b048e6606a3bc59724f","Moussa","63f298b8251569d36d50155b","6a859d5ca727a0cfbc57ef89","2026-08-19 08:15"
"Edawardz","600aa63b94b5f40001eddb27","Schwarzweiss","5cfadc71b741f84acc8b23df","6a859c034e67df9ffa983774","2026-08-19 08:16"
"SentyRu","65dc836b33066622c3ebfb88","teddy bear","66f081f2bf4b230a2fcb970c","6a859d88a727a0cfbc57f024","2026-08-19 08:16"
"Zoe","64012c4575693afea0dec10b","Lodi","5788e5e5c2a0fb1304dba46c","6a859d584e67df9ffa983d0d","2026-08-19 08:16"
"kalesalad","60c9cf146dac910001261659","PLK","62179a5c8e88d400010d91ea","6a859cdc4e67df9ffa983b19","2026-08-19 08:17"
"Gaizkaiser","61e67e2b8a1e1100013538d3","ましろ","60622a237c864a00019b5334","6a859e6bec4d5df1781426fe","2026-08-19 08:17"
"Derzal","5f96feae45cc8c00017ca853","Andrade","631f700e2347fcd4bef6185b","6a859da9a727a0cfbc57f096","2026-08-19 08:17"
"Matt_9332","6250182bdd625b65bc9638d0","Assonans","5fec56ce3362e4000147ea46","6a859d90a45fcbcbbd3937ec","2026-08-19 08:17"
"Eamonn","5e2e983722bbda85a40e9009","YRP","65361a91884b107b4fd0cef8","6a859d03a727a0cfbc57ee51","2026-08-19 08:18"
"Gaizkaiser","61e67e2b8a1e1100013538d3","ましろ","60622a237c864a00019b5334","6a859e6bec4d5df1781426fe","2026-08-19 08:18"
"Cassosclub","65a7c8563d08098ae0def9f9","kurt","5e1b10dfdfc005491cab044f","6a859e24a727a0cfbc57f1f0","2026-08-19 08:18"
"Dimsum","63f619f14068eb7d4bbb134d","Max","5f847db332173400011b50bb","6a859e2a273062728bec5058","2026-08-19 08:19"
"mav1land","63f4a2bda13ee3ab588d6275","miniura","650ff17b12259a4cd34bd829","6a859e06ec4d5df1781425c8","2026-08-19 08:19"
"Lodi","5788e5e5c2a0fb1304dba46c","SentyRu","65dc836b33066622c3ebfb88","6a859eaea727a0cfbc57f43e","2026-08-19 08:19"
"Delema()()()","65869f62df3f7bea3fa1d675","Finbarr","5c03eed1b5b94ba700403005","6a859ddba727a0cfbc57f113","2026-08-19 08:20"
"Ringo","6046c8a097019400018ea4cf","Tikon","621cddf10416aa00011b992b","6a859dfca727a0cfbc57f164","2026-08-19 08:20"
"Figsy_Games","5e91c2303d4b6a251c171a3b","Ulti's Husband","62d514c7640e5a876fd322f0","6a859c9e273062728bec4c58","2026-08-19 08:20"
"teddy bear","66f081f2bf4b230a2fcb970c","Szymono","613295acc4b5740001f1bfdf","6a859e3cec4d5df178142679","2026-08-19 08:20"
"Zhihh","63b435e80510075fa39ac039","WhyLavzBossF1dgetHuesos2004.","69020a9dd65f395771ade781","6a859e172122aff16ba975fe","2026-08-19 08:20"
"kalesalad","60c9cf146dac910001261659","twitch.tv/yapchell","67f66e1eab7fc9feab89429b","6a859ebf4e67df9ffa98424f","2026-08-19 08:21"
"Lodi","5788e5e5c2a0fb1304dba46c","JB","647086196f5ab5834624abf8","6a859f1fec4d5df178142952","2026-08-19 08:21"
"tripleJJJ","606746dda95f2c00017f9ecd","Derzal","5f96feae45cc8c00017ca853","6a859ed8ec4d5df1781428ad","2026-08-19 08:21"
"Shpluk","56a0a5f1f0f54438b8b9f4b1","Daan","5f91a2db3d05310001d589c3","6a859ce7a727a0cfbc57edf0","2026-08-19 08:22"
"Gaizkaiser","61e67e2b8a1e1100013538d3","Edawardz","600aa63b94b5f40001eddb27","6a859eb9a727a0cfbc57f462","2026-08-19 08:22"
"maks","6414d29eb61bfefd9d16461e","Dimsum","63f619f14068eb7d4bbb134d","6a859f2ea727a0cfbc57f5ba","2026-08-19 08:22"
"captnlenox","620019f11f540100011a92b9","Shakazaramesh","5ef2945bbb96627c9ce5f63f","6a859dbe4e67df9ffa983ead","2026-08-19 08:22"
"Eamonn","5e2e983722bbda85a40e9009","Finbarr","5c03eed1b5b94ba700403005","6a859f65ec4d5df178142a2d","2026-08-19 08:23"
"teddy bear","66f081f2bf4b230a2fcb970c","Aculstingray","5f09a434a958535b8c808fd6","6a859f84a727a0cfbc57f6eb","2026-08-19 08:23"
"KAZ","6682a94f266924acd6f97098","SignpostSlayer","5cd1da5575345f65c86dea02","6a859efea727a0cfbc57f528","2026-08-19 08:23"
"Szymono","613295acc4b5740001f1bfdf","kurt","5e1b10dfdfc005491cab044f","6a859f77a727a0cfbc57f6b2","2026-08-19 08:24"
"Zetie","5e9215c1b3ec17480c01df1e","Krakarlkus","6000244a8987730001b34513","6a859e72a727a0cfbc57f348","2026-08-19 08:24"
"Derzal","5f96feae45cc8c00017ca853","jdl_1893","6626752c2d5e4d820e79b466","6a859f8e4e67df9ffa984541","2026-08-19 08:24"
"zal4n!","69d43bbfed225e3913d53d89","연모트","5ffcf4ef76bbb900019724c1","6a859fd3a727a0cfbc57f7fe","2026-08-19 08:24"
"mii3en","66159d055967919df66cf9c0","teddy bear","66f081f2bf4b230a2fcb970c","6a85a010273062728bec5550","2026-08-19 08:25"
"mav1land","63f4a2bda13ee3ab588d6275","RLH","59cb9d49572f0e4c689c1c88","6a859f6f4e67df9ffa9844be","2026-08-19 08:25"
"Zakerr","5ec3b73d97c8ee199c573937","ALFA","5b6f185f7135fa0e48b5528a","6a859e594e67df9ffa9840e2","2026-08-19 08:26"
"twitch.tv/yapchell","67f66e1eab7fc9feab89429b","Ulti's Husband","62d514c7640e5a876fd322f0","6a859fa1ec4d5df178142ae0","2026-08-19 08:26"
"Matt_9332","6250182bdd625b65bc9638d0","Max","5f847db332173400011b50bb","6a859f77ec4d5df178142a5c","2026-08-19 08:26"
"SentyRu","65dc836b33066622c3ebfb88","PLK","62179a5c8e88d400010d91ea","6a859f1fc063d321969017b9","2026-08-19 08:27"
"twitch.tv/yapchell","67f66e1eab7fc9feab89429b","Ulti's Husband","62d514c7640e5a876fd322f0","6a85a0bcec4d5df178142e6d","2026-08-19 08:28"
"Ringo","6046c8a097019400018ea4cf","Tikon","621cddf10416aa00011b992b","6a859fa9ec4d5df178142b04","2026-08-19 08:28"
"Peter Dictator","684c775aeb78c494d9ee6b7a","Assonans","5fec56ce3362e4000147ea46","6a85a0af4e67df9ffa984993","2026-08-19 08:28"
"KAZ","6682a94f266924acd6f97098","Aculstingray","5f09a434a958535b8c808fd6","6a85a018273062728bec5566","2026-08-19 08:28"
"Edawardz","600aa63b94b5f40001eddb27","Gaizkaiser","61e67e2b8a1e1100013538d3","6a859fbca727a0cfbc57f7b0","2026-08-19 08:29"
"Szymono","613295acc4b5740001f1bfdf","ZakyBoy","602adad6f1933a000135da45","6a85a04cec4d5df178142d24","2026-08-19 08:29"
"teddy bear","66f081f2bf4b230a2fcb970c","mii3en","66159d055967919df66cf9c0","6a85a0a54e67df9ffa98496e","2026-08-19 08:29"
"maks","6414d29eb61bfefd9d16461e","Shakazaramesh","5ef2945bbb96627c9ce5f63f","6a859fd64e67df9ffa984649","2026-08-19 08:30"
"Figsy_Games","5e91c2303d4b6a251c171a3b","teddy bear","66f081f2bf4b230a2fcb970c","6a85a015a727a0cfbc57f8f4","2026-08-19 08:30"
"Pandazan","632e19f3f0149e276027d38e","mav1land","63f4a2bda13ee3ab588d6275","6a85a06fc063d32196901b2c","2026-08-19 08:30"
"im recording my gameplay","6a437d2254319c3206c01eb9","Sez","603a32fb3d893e0001bddebd","6a85a0c24e67df9ffa9849c8","2026-08-19 08:30"
"Ulti's Husband","62d514c7640e5a876fd322f0","teddy bear","66f081f2bf4b230a2fcb970c","6a85a159ec4d5df17814303a","2026-08-19 08:31"
"miniura","650ff17b12259a4cd34bd829","Horizon","6222899bf7131100016e875e","6a859f814e67df9ffa98450a","2026-08-19 08:31"
"Olekron","603a9f77af90ab00018b34a9","kurt","5e1b10dfdfc005491cab044f","6a85a155c063d32196901da0","2026-08-19 08:31"
"JB","647086196f5ab5834624abf8","geometry","6677323b8c4a3f875615805f","6a85a0c44e67df9ffa9849d0","2026-08-19 08:31"
"maks","6414d29eb61bfefd9d16461e","SentyRu","65dc836b33066622c3ebfb88","6a85a1a5ba4d11538445c7eb","2026-08-19 08:33"
"Figsy_Games","5e91c2303d4b6a251c171a3b","teddy bear","66f081f2bf4b230a2fcb970c","6a85a1a3ec4d5df178143161","2026-08-19 08:33"
"Derzal","5f96feae45cc8c00017ca853","SignpostSlayer","5cd1da5575345f65c86dea02","6a85a06fa727a0cfbc57f9fb","2026-08-19 08:33"
"thenderson netanyahu","651735b2324c811102e538a6","Tudelzzz","6549fc9cf755320e28e30de7","6a859feaec4d5df178142bfc","2026-08-19 08:34"
"Gaizkaiser","61e67e2b8a1e1100013538d3","Tikon","621cddf10416aa00011b992b","6a85a174a727a0cfbc57fda7","2026-08-19 08:34"
"mii3en","66159d055967919df66cf9c0","twitch.tv/yapchell","67f66e1eab7fc9feab89429b","6a85a16fa45fcbcbbd3941f9","2026-08-19 08:34"
"Desanori (fanat laaFlame30)","65fc7b9691115d931473c1fc","mav1land","63f4a2bda13ee3ab588d6275","6a85a1d54e67df9ffa984e6a","2026-08-19 08:34"
"adameq","626c3725834eacd247226547","PLK","62179a5c8e88d400010d91ea","6a85a0f44e67df9ffa984a9a","2026-08-19 08:35"
"ZakyBoy","602adad6f1933a000135da45","Szymono","613295acc4b5740001f1bfdf","6a85a172c063d32196901de9","2026-08-19 08:35"
"Aculstingray","5f09a434a958535b8c808fd6","Matt_9332","6250182bdd625b65bc9638d0","6a85a126ec4d5df178142fa4","2026-08-19 08:35"
"Eamonn","5e2e983722bbda85a40e9009","Zakerr","5ec3b73d97c8ee199c573937","6a85a0dba727a0cfbc57fb3e","2026-08-19 08:36"
"Gaizkaiser","61e67e2b8a1e1100013538d3","twitch.tv/yapchell","67f66e1eab7fc9feab89429b","6a85a2864e67df9ffa98517c","2026-08-19 08:36"
"Edawardz","600aa63b94b5f40001eddb27","Daan","5f91a2db3d05310001d589c3","6a85a1814e67df9ffa984cfe","2026-08-19 08:36"
"Pandazan","632e19f3f0149e276027d38e","SentyRu","65dc836b33066622c3ebfb88","6a85a289ec4d5df17814352d","2026-08-19 08:37"
"teddy bear","66f081f2bf4b230a2fcb970c","Ulti's Husband","62d514c7640e5a876fd322f0","6a85a20ca727a0cfbc57fffd","2026-08-19 08:37"
"w4tercloud","5eadc193d502e122ec8b0f9f","Derzal","5f96feae45cc8c00017ca853","6a85a24e4e67df9ffa98507c","2026-08-19 08:38"
"kalesalad","60c9cf146dac910001261659","Geooo","5ffb5e4975d2770001545cf5","6a85a01aec4d5df178142c85","2026-08-19 08:39"
"Figsy_Games","5e91c2303d4b6a251c171a3b","Dimsum","63f619f14068eb7d4bbb134d","6a85a27fc063d321969021b4","2026-08-19 08:39"
"mav1land","63f4a2bda13ee3ab588d6275","Voro","5a8f1e5d98cc2c6744a8a135","6a85a2bcec4d5df1781435f2","2026-08-19 08:39"
"Gaizkaiser","61e67e2b8a1e1100013538d3","PLK","62179a5c8e88d400010d91ea","6a85a312ec4d5df178143724","2026-08-19 08:40"
"maks","6414d29eb61bfefd9d16461e","kober","67ad18a09e150413a5e6fa66","6a85a25a4e67df9ffa9850af","2026-08-19 08:40"
"twitch.tv/yapchell","67f66e1eab7fc9feab89429b","teddy bear","66f081f2bf4b230a2fcb970c","6a85a350ec4d5df1781437fd","2026-08-19 08:40"
"kurt","5e1b10dfdfc005491cab044f","Olekron","603a9f77af90ab00018b34a9","6a85a1d94e67df9ffa984e76","2026-08-19 08:40"
"Desanori (fanat laaFlame30)","65fc7b9691115d931473c1fc","Aculstingray","5f09a434a958535b8c808fd6","6a85a2e5a727a0cfbc58034c","2026-08-19 08:40"
"Ulti's Husband","62d514c7640e5a876fd322f0","ZakyBoy","602adad6f1933a000135da45","6a85a33d4e67df9ffa98545a","2026-08-19 08:41"
"miniura","650ff17b12259a4cd34bd829","RuralQuay427","67afb8f9170e41f8f611a20a","6a85a2794e67df9ffa985139","2026-08-19 08:41"
"Gaizkaiser","61e67e2b8a1e1100013538d3","kober","67ad18a09e150413a5e6fa66","6a85a41d4e67df9ffa985896","2026-08-19 08:42"
"twitch.tv/yapchell","67f66e1eab7fc9feab89429b","kober","67ad18a09e150413a5e6fa66","6a85a411a727a0cfbc5807b4","2026-08-19 08:42"
"Shakazaramesh","5ef2945bbb96627c9ce5f63f","Nibiru","5f8c1986d282f60001f34b05","6a85a1b5ec4d5df1781431a0","2026-08-19 08:42"
"Desanori (fanat laaFlame30)","65fc7b9691115d931473c1fc","teddy bear","66f081f2bf4b230a2fcb970c","6a85a427a727a0cfbc580816","2026-08-19 08:42"
"Geooo","5ffb5e4975d2770001545cf5","kalesalad","60c9cf146dac910001261659","6a85a3f8ec4d5df178143aab","2026-08-19 08:43"
"Tikon","621cddf10416aa00011b992b","xLucky07","6771278c215608df4a80a000","6a85a2ecc063d3219690230c","2026-08-19 08:43"
"Pandazan","632e19f3f0149e276027d38e","mav1land","63f4a2bda13ee3ab588d6275","6a85a3e84e67df9ffa9857ad","2026-08-19 08:43"
"SentyRu","65dc836b33066622c3ebfb88","Żukasz","602cfd5dc397fa0001f09dfb","6a85a3974e67df9ffa98561b","2026-08-19 08:44"
"Aculstingray","5f09a434a958535b8c808fd6","Ulti's Husband","62d514c7640e5a876fd322f0","6a85a47dec4d5df178143ce9","2026-08-19 08:44"
"w4tercloud","5eadc193d502e122ec8b0f9f","https://www.twitch.tv/qule0","635d8550c15309de668daf99","6a85a3d8a727a0cfbc580703","2026-08-19 08:44"
"Matt_9332","6250182bdd625b65bc9638d0","PATUGANSU","5ed559cb282ad28b94ffb506","6a85a37e4e67df9ffa98558b","2026-08-19 08:44"
"Desanori (fanat laaFlame30)","65fc7b9691115d931473c1fc","teddy bear","66f081f2bf4b230a2fcb970c","6a85a4a24e67df9ffa985b2f","2026-08-19 08:45"
"no thoughts, just violence","61cdfc02f6470200011a0caa","Shpluk","56a0a5f1f0f54438b8b9f4b1","6a85a2ada727a0cfbc580285","2026-08-19 08:46"
"Ulti's Husband","62d514c7640e5a876fd322f0","Pandazan","632e19f3f0149e276027d38e","6a85a4f0c063d3219690291c","2026-08-19 08:46"
"GeoPepito","679a5abe361e33f46e3d98c9","Nibiru","5f8c1986d282f60001f34b05","6a85a4924e67df9ffa985ad9","2026-08-19 08:46"
"Dragon","6046b8d109c0f6000137ee5d","Lodi","5788e5e5c2a0fb1304dba46c","6a85a3bdec4d5df1781439d4","2026-08-19 08:46"
"Geooo","5ffb5e4975d2770001545cf5","xLucky07","6771278c215608df4a80a000","6a85a539ec4d5df178143f90","2026-08-19 08:48"
"ALFA","5b6f185f7135fa0e48b5528a","Zakerr","5ec3b73d97c8ee199c573937","6a85a3414e67df9ffa985464","2026-08-19 08:48"
"Ringo","6046c8a097019400018ea4cf","twitch.tv/yapchell","67f66e1eab7fc9feab89429b","6a85a549a727a0cfbc580c80","2026-08-19 08:48"
"Figsy_Games","5e91c2303d4b6a251c171a3b","kober","67ad18a09e150413a5e6fa66","6a85a4a64e67df9ffa985b3f","2026-08-19 08:48"
"ZakyBoy","602adad6f1933a000135da45","Voro","5a8f1e5d98cc2c6744a8a135","6a85a48ba727a0cfbc5809e0","2026-08-19 08:48"
"Gaizkaiser","61e67e2b8a1e1100013538d3","kober","67ad18a09e150413a5e6fa66","6a85a485a727a0cfbc5809b7","2026-08-19 08:49"
"ZakyBoy","602adad6f1933a000135da45","Tinoco Pontaria","665bb40cf0577719597d0467","6a85a5f0a727a0cfbc580e89","2026-08-19 08:49"
"Tudelzzz","6549fc9cf755320e28e30de7","Dimsum","63f619f14068eb7d4bbb134d","6a85a3c4ec4d5df1781439e5","2026-08-19 08:49"
"twitch.tv/yapchell","67f66e1eab7fc9feab89429b","Ringo","6046c8a097019400018ea4cf","6a85a6084e67df9ffa9860ed","2026-08-19 08:51"
"SentyRu","65dc836b33066622c3ebfb88","mii3en","66159d055967919df66cf9c0","6a85a5444e67df9ffa985e02","2026-08-19 08:51"
"mav1land","63f4a2bda13ee3ab588d6275","miniura","650ff17b12259a4cd34bd829","6a85a4c4a727a0cfbc580ac5","2026-08-19 08:51"
"Nibiru","5f8c1986d282f60001f34b05","Ulti's Husband","62d514c7640e5a876fd322f0","6a85a58da727a0cfbc580d41","2026-08-19 08:52"
"Gangooo | Jan","5c692ddbfa7cd6698082d404","Rawin","6162efcdc23f260001c6a4d3","6a85a66fec4d5df178144472","2026-08-19 08:52"
"boss bandit","63f549d56242089cd8f3b10e","xZenith","6846d165a3008977fe607ade","6a85a6704e67df9ffa9862a1","2026-08-19 08:53"
"Ringo","6046c8a097019400018ea4cf","kober","67ad18a09e150413a5e6fa66","6a85a69aec4d5df178144551","2026-08-19 08:53"
"no thoughts, just violence","61cdfc02f6470200011a0caa","Tudelzzz","6549fc9cf755320e28e30de7","6a85a673a727a0cfbc58108e","2026-08-19 08:54"
"Ringo","6046c8a097019400018ea4cf","kober","67ad18a09e150413a5e6fa66","6a85a69aec4d5df178144551","2026-08-19 08:54"
"ZOMBIE","645d89a8404e68d0d57e5857","https://www.twitch.tv/qule0","635d8550c15309de668daf99","6a85a4ffec4d5df178143eb1","2026-08-19 08:54"
"Zakerr","5ec3b73d97c8ee199c573937","Eamonn","5e2e983722bbda85a40e9009","6a85a61bec4d5df17814430a","2026-08-19 08:55"
"twitch.tv/yapchell","67f66e1eab7fc9feab89429b","mii3en","66159d055967919df66cf9c0","6a85a6b42122aff16ba9902e","2026-08-19 08:55"
"mav1land","63f4a2bda13ee3ab588d6275","SentyRu","65dc836b33066622c3ebfb88","6a85a70cec4d5df1781446c7","2026-08-19 08:55"
"𝓖𝓮𝓸~𝓲𝓽𝓮𝓻𝓯𝓪𝓬𝓲𝓸≀⑤⑧②","6550ff75cf7966cc5dfe29fe","tripleJJJ","606746dda95f2c00017f9ecd","6a85a6502122aff16ba98ee6","2026-08-19 08:55"
"miniura","650ff17b12259a4cd34bd829","Tinoco Pontaria","665bb40cf0577719597d0467","6a85a6e54e67df9ffa98644d","2026-08-19 08:55"
"ZakyBoy","602adad6f1933a000135da45","Nibiru","5f8c1986d282f60001f34b05","6a85a6cc4e67df9ffa98640b","2026-08-19 08:56"
"Terell Thomas","6428d427bb7424e826f4c214","kober","67ad18a09e150413a5e6fa66","6a85a74b4e67df9ffa9865c9","2026-08-19 08:57"
"Tudelzzz","6549fc9cf755320e28e30de7","ZOMBIE","645d89a8404e68d0d57e5857","6a85a764ec4d5df1781447c3","2026-08-19 08:57"
"𝓖𝓮𝓸~𝓲𝓽𝓮𝓻𝓯𝓪𝓬𝓲𝓸≀⑤⑧②","6550ff75cf7966cc5dfe29fe","Tinoco Pontaria","665bb40cf0577719597d0467","6a85a798ec4d5df17814484e","2026-08-19 08:57"
"Zakerr","5ec3b73d97c8ee199c573937","Eamonn","5e2e983722bbda85a40e9009","6a85a792ec4d5df17814483a","2026-08-19 08:58"
"jonah すぐに最高","63fb35e0eb75c02561ae2542","Pandazan","632e19f3f0149e276027d38e","6a85a7b9ec4d5df1781448b9","2026-08-19 08:58"
"SentyRu","65dc836b33066622c3ebfb88","mii3en","66159d055967919df66cf9c0","6a85a79ea727a0cfbc581502","2026-08-19 08:58"
"boss bandit","63f549d56242089cd8f3b10e","Ringo","6046c8a097019400018ea4cf","6a85a795a727a0cfbc5814de","2026-08-19 08:59"
"twitch.tv/yapchell","67f66e1eab7fc9feab89429b","xZenith","6846d165a3008977fe607ade","6a85a7a74e67df9ffa98671d","2026-08-19 08:59"
"kober","67ad18a09e150413a5e6fa66","Eddie","5695b1e1838cda1838015d4b","6a85a7654e67df9ffa98662c","2026-08-19 08:59"
"Wijn.","657979f3db414bd0da540f23","PATUGANSU","5ed559cb282ad28b94ffb506","6a85a733a727a0cfbc5813a3","2026-08-19 08:59"
"Figsy_Games","5e91c2303d4b6a251c171a3b","Sandman5","68e3f9f00a56d04f694094b5","6a85a5f94e67df9ffa9860b5","2026-08-19 09:00"
"𝓖𝓮𝓸~𝓲𝓽𝓮𝓻𝓯𝓪𝓬𝓲𝓸≀⑤⑧②","6550ff75cf7966cc5dfe29fe","ZakyBoy","602adad6f1933a000135da45","6a85a7fbec4d5df1781449af","2026-08-19 09:00"
"VelvetWaltz","678f6de583089b130474094d","menthol.mike","5d78b0cc1d19ab6f7052d8b9","6a85a7554e67df9ffa9865eb","2026-08-19 09:00"
"jonah すぐに最高","63fb35e0eb75c02561ae2542","kober","67ad18a09e150413a5e6fa66","6a85a8314e67df9ffa9868ff","2026-08-19 09:01"
"SentyRu","65dc836b33066622c3ebfb88","mii3en","66159d055967919df66cf9c0","6a85a847a727a0cfbc581709","2026-08-19 09:01"
"Caco","62423c3dda40ac184851c4f0","Tinoco Pontaria","665bb40cf0577719597d0467","6a85a8aea727a0cfbc581858","2026-08-19 09:01"
"ALFA","5b6f185f7135fa0e48b5528a","Geooo","5ffb5e4975d2770001545cf5","6a85a6174e67df9ffa98613f","2026-08-19 09:02"
"mav1land","63f4a2bda13ee3ab588d6275","Dragon","6046b8d109c0f6000137ee5d","6a85a7f54e67df9ffa986846","2026-08-19 09:02"
"Lillysbruder","6471c2e45410e20734aedca1","Emmepemme","5bf9b0c343196557d45fc4b6","6a85a4ab4e67df9ffa985b5b","2026-08-19 09:02"
"Wijn.","657979f3db414bd0da540f23","Vell","5eea5f1162df1243a0cdd8e4","6a85a881c063d321969032fd","2026-08-19 09:02"
"boss bandit","63f549d56242089cd8f3b10e","twitch.tv/yapchell","67f66e1eab7fc9feab89429b","6a85a8abec4d5df178144b70","2026-08-19 09:03"
"Ringo","6046c8a097019400018ea4cf","kober","67ad18a09e150413a5e6fa66","6a85a8894e67df9ffa986a26","2026-08-19 09:03"
"Lodi","5788e5e5c2a0fb1304dba46c","Dissonans","60e09234213b0600019d912e","6a85a8654e67df9ffa9869b5","2026-08-19 09:03"
"Prometheus","64da2edded0ce01ab055723e","Rihanna's alt","6a3c2f99fe770b27148e8436","6a85a6eeec4d5df17814466d","2026-08-19 09:04"
"Mr. Bastuaggregat","5ada37ab582de2514cbb19d8","thenderson netanyahu","651735b2324c811102e538a6","6a85a4aba727a0cfbc580a56","2026-08-19 09:04"
"kober","67ad18a09e150413a5e6fa66","mii3en","66159d055967919df66cf9c0","6a85a8f0a727a0cfbc58191b","2026-08-19 09:04"
"ZakyBoy","602adad6f1933a000135da45","𝓖𝓮𝓸~𝓲𝓽𝓮𝓻𝓯𝓪𝓬𝓲𝓸≀⑤⑧②","6550ff75cf7966cc5dfe29fe","6a85a8d9a45fcbcbbd395792","2026-08-19 09:04"
"Eamonn","5e2e983722bbda85a40e9009","Zakerr","5ec3b73d97c8ee199c573937","6a85a86e4e67df9ffa9869da","2026-08-19 09:05"
"kober","67ad18a09e150413a5e6fa66","mii3en","66159d055967919df66cf9c0","6a85a8f0a727a0cfbc58191b","2026-08-19 09:05"
"Tudelzzz","6549fc9cf755320e28e30de7","[800A] ptf19","56f7f0a3c28556d1c87bb458","6a85a888ec4d5df178144b0d","2026-08-19 09:05"
"盲","63b6a120ed1bf0b1b513dfb8","sk 愛","666b76089d20c1dd39ec810c","6a85a73f273062728bec6bb2","2026-08-19 09:06"
"xLucky07","6771278c215608df4a80a000","Gaizkaiser","61e67e2b8a1e1100013538d3","6a85a6634e67df9ffa98625c","2026-08-19 09:06"
"Eddie","5695b1e1838cda1838015d4b","Pandazan","632e19f3f0149e276027d38e","6a85a8db9178618bce7ddb6d","2026-08-19 09:06"
"Dissonans","60e09234213b0600019d912e","𝓖𝓮𝓸~𝓲𝓽𝓮𝓻𝓯𝓪𝓬𝓲𝓸≀⑤⑧②","6550ff75cf7966cc5dfe29fe","6a85a9a51314c768abcf18b5","2026-08-19 09:06"
"Shpluk","56a0a5f1f0f54438b8b9f4b1","Mitteconrad","6056349f72a5a900014128a9","6a85a6fe4e67df9ffa9864ae","2026-08-19 09:07"
"jonah すぐに最高","63fb35e0eb75c02561ae2542","Sandman5","68e3f9f00a56d04f694094b5","6a85a8e765376ba74b35506a","2026-08-19 09:07"
"kober","67ad18a09e150413a5e6fa66","mav1land","63f4a2bda13ee3ab588d6275","6a85a95bfd2504e279789187","2026-08-19 09:07"
"mii3en","66159d055967919df66cf9c0","SentyRu","65dc836b33066622c3ebfb88","6a85a9f0fd2504e2797892f9","2026-08-19 09:07"
"Caco","62423c3dda40ac184851c4f0","Nördster","60a91a4b4910a100012b6132","6a85a91c8b479428678b0046","2026-08-19 09:07"
"Assonans","5fec56ce3362e4000147ea46","SignpostSlayer","5cd1da5575345f65c86dea02","6a85a9ea8b479428678b030d","2026-08-19 09:07"
"F12RXY7U9I","6919845c3a6623b10b2fa710","ZakyBoy","602adad6f1933a000135da45","6a85a9db8b479428678b02d6","2026-08-19 09:08"
"miniura","650ff17b12259a4cd34bd829","w4tercloud","5eadc193d502e122ec8b0f9f","6a85a79c4e67df9ffa9866f1","2026-08-19 09:08"
"kober","67ad18a09e150413a5e6fa66","twitch.tv/yapchell","67f66e1eab7fc9feab89429b","6a85a9b49178618bce7ddd04","2026-08-19 09:09"
"Eddie","5695b1e1838cda1838015d4b","mii3en","66159d055967919df66cf9c0","6a85aa208b479428678b03d4","2026-08-19 09:09"
"Wijn.","657979f3db414bd0da540f23","Vell","5eea5f1162df1243a0cdd8e4","6a85a9218b479428678b004b","2026-08-19 09:09"
"Eamonn","5e2e983722bbda85a40e9009","Zakerr","5ec3b73d97c8ee199c573937","6a85a9e3b97b40e5013d1cd0","2026-08-19 09:11"
"MisuZ","68d9000d9c38c66edcca9fa8","Kraim","655c88001a146e82ab9593a5","6a85a8e0a727a0cfbc5818f2","2026-08-19 09:11"
"Caco","62423c3dda40ac184851c4f0","Nördster","60a91a4b4910a100012b6132","6a85aa5b2607253356328ce1","2026-08-19 09:12"
"twitch.tv/yapchell","67f66e1eab7fc9feab89429b","kober","67ad18a09e150413a5e6fa66","6a85aaf58b479428678b0729","2026-08-19 09:13"
"twitch.tv/yapchell","67f66e1eab7fc9feab89429b","kober","67ad18a09e150413a5e6fa66","6a85aaf58b479428678b0729","2026-08-19 09:13"
"mav1land","63f4a2bda13ee3ab588d6275","SentyRu","65dc836b33066622c3ebfb88","6a85aa7d8b479428678b053a","2026-08-19 09:13"
"F12RXY7U9I","6919845c3a6623b10b2fa710","Jayden","61f149e3c24ced00015b4777","6a85aa8d9178618bce7ddf2b","2026-08-19 09:13"
"Lodi","5788e5e5c2a0fb1304dba46c","Assonans","5fec56ce3362e4000147ea46","6a85aa6a8b479428678b04e4","2026-08-19 09:13"
"Lster95","6875664f91065c0938397061","SaitaMap","602fec5ed0babd0001e93395","6a85aa841314c768abcf1aa6","2026-08-19 09:13"
"no thoughts, just violence","61cdfc02f6470200011a0caa","Emmepemme","5bf9b0c343196557d45fc4b6","6a85a96c8b479428678b016a","2026-08-19 09:14"
"mav1land","63f4a2bda13ee3ab588d6275","SentyRu","65dc836b33066622c3ebfb88","6a85abab8b479428678b09c2","2026-08-19 09:14"
"Tudelzzz","6549fc9cf755320e28e30de7","SiBe","5ad3470a2a3e0d4da46d409e","6a85a9f08b479428678b031b","2026-08-19 09:14"
"Gaizkaiser","61e67e2b8a1e1100013538d3","Tikon","621cddf10416aa00011b992b","6a85aa218b479428678b03d6","2026-08-19 09:15"
"vukGG","6384aef735180c664babf36e","Avandy","60c3535133004c00010451a3","6a85ab9f8b479428678b0985","2026-08-19 09:16"
"Sandman5","68e3f9f00a56d04f694094b5","Mitteconrad","6056349f72a5a900014128a9","6a85ab21fd2504e279789633","2026-08-19 09:16"
"Wijn.","657979f3db414bd0da540f23","ZakyBoy","602adad6f1933a000135da45","6a85aac1b97b40e5013d1f76","2026-08-19 09:16"
"Rihanna's alt","6a3c2f99fe770b27148e8436","sk 愛","666b76089d20c1dd39ec810c","6a85aaa48b479428678b05f2","2026-08-19 09:17"
"Ringo","6046c8a097019400018ea4cf","Eddie","5695b1e1838cda1838015d4b","6a85aad7fd2504e27978956a","2026-08-19 09:17"
"no thoughts, just violence","61cdfc02f6470200011a0caa","Tudelzzz","6549fc9cf755320e28e30de7","6a85ac36b97b40e5013d2339","2026-08-19 09:17"
"kuba.","68582b5f8e62427811441b60","mav1land","63f4a2bda13ee3ab588d6275","6a85ac2bb97b40e5013d231c","2026-08-19 09:17"
"Wodak","6796246986227732f607bc7a","mii3en","66159d055967919df66cf9c0","6a85aaf1fd2504e2797895a9","2026-08-19 09:17"
"F12RXY7U9I","6919845c3a6623b10b2fa710","Jayden","61f149e3c24ced00015b4777","6a85abe21314c768abcf1deb","2026-08-19 09:17"
"Kraim","655c88001a146e82ab9593a5","ElViejoFran420","66dc17fc166b047fc041d4c0","6a85abc82607253356329083","2026-08-19 09:17"
"Zakerr","5ec3b73d97c8ee199c573937","Eamonn","5e2e983722bbda85a40e9009","6a85ab5fb97b40e5013d2119","2026-08-19 09:18"
"Trabota","6056fd798ddd1c00018baf23","Prometheus","64da2edded0ce01ab055723e","6a85aab9b97b40e5013d1f68","2026-08-19 09:18"
"Pandazan","632e19f3f0149e276027d38e","mav1land","63f4a2bda13ee3ab588d6275","6a85acbe8b479428678b0dd1","2026-08-19 09:18"
"Avandy","60c3535133004c00010451a3","Eddie","5695b1e1838cda1838015d4b","6a85acb18b479428678b0da7","2026-08-19 09:19"
"kober","67ad18a09e150413a5e6fa66","twitch.tv/yapchell","67f66e1eab7fc9feab89429b","6a85abbc8b479428678b09fa","2026-08-19 09:19"
"Lodi","5788e5e5c2a0fb1304dba46c","Andrade","631f700e2347fcd4bef6185b","6a85abd48b479428678b0a4b","2026-08-19 09:19"
"kober","67ad18a09e150413a5e6fa66","Figsy_Games","5e91c2303d4b6a251c171a3b","6a85abc38b479428678b0a17","2026-08-19 09:20"
"Wijn.","657979f3db414bd0da540f23","ハシビロ","62fd923738281a76193b9110","6a85ac6eb97b40e5013d23cb","2026-08-19 09:21"
"Assonans","5fec56ce3362e4000147ea46","Dissonans","60e09234213b0600019d912e","6a85ac2bb97b40e5013d231b","2026-08-19 09:21"
"Eddie","5695b1e1838cda1838015d4b","twitch.tv/yapchell","67f66e1eab7fc9feab89429b","6a85ad37b97b40e5013d261e","2026-08-19 09:22"
"mii3en","66159d055967919df66cf9c0","SentyRu","65dc836b33066622c3ebfb88","6a85acb0b97b40e5013d2470","2026-08-19 09:22"
"OakTree","617eb25d4e0e40000158968f","RJay223","68a7393aba3755f87bd88212","6a85acf01314c768abcf2086","2026-08-19 09:22"
"Mitteconrad","6056349f72a5a900014128a9","Sandman5","68e3f9f00a56d04f694094b5","6a85ac95fd2504e279789a4f","2026-08-19 09:23"
"F12RXY7U9I","6919845c3a6623b10b2fa710","SignpostSlayer","5cd1da5575345f65c86dea02","6a85aca4fd2504e279789a76","2026-08-19 09:23"
"val1d","63875de4e55ec4234b26d1fb","Lodi","5788e5e5c2a0fb1304dba46c","6a85ad738b479428678b10e1","2026-08-19 09:23"
"Vell","5eea5f1162df1243a0cdd8e4","tripleJJJ","606746dda95f2c00017f9ecd","6a85acb78b479428678b0dbe","2026-08-19 09:23"
"Ringo","6046c8a097019400018ea4cf","vukGG","6384aef735180c664babf36e","6a85acf0fd2504e279789b4b","2026-08-19 09:24"
"Tikon","621cddf10416aa00011b992b","盲","63b6a120ed1bf0b1b513dfb8","6a85ac298b479428678b0b7f","2026-08-19 09:24"
"NoruJumping","5c5817f33d925bc96cd177e7","ElViejoFran420","66dc17fc166b047fc041d4c0","6a85acdbfd2504e279789b0d","2026-08-19 09:24"
"数字信号处理","62a559ad291a85ec390d343e","Flubbersticks","69387a54dc6fdd9da05c91cd","6a85ad1b8b479428678b0f0d","2026-08-19 09:24"
"kober","67ad18a09e150413a5e6fa66","Wodak","6796246986227732f607bc7a","6a85ad4e8b479428678b102d","2026-08-19 09:25"
"Pandazan","632e19f3f0149e276027d38e","mii3en","66159d055967919df66cf9c0","6a85ad0cb97b40e5013d256a","2026-08-19 09:25"
"鹰娥朗","628e0d478e5ef3a3ca163627","OakTree","617eb25d4e0e40000158968f","6a85adcb374bd31569447419","2026-08-19 09:25"
"Dissonans","60e09234213b0600019d912e","mav1land","63f4a2bda13ee3ab588d6275","6a85adb6b97b40e5013d277e","2026-08-19 09:26"
"𝓖𝓮𝓸~𝓲𝓽𝓮𝓻𝓯𝓪𝓬𝓲𝓸≀⑤⑧②","6550ff75cf7966cc5dfe29fe","MattD58","60057aa56027c000019c3ce5","6a85aaf01314c768abcf1bca","2026-08-19 09:26"
"ElViejoFran420","66dc17fc166b047fc041d4c0","Vell","5eea5f1162df1243a0cdd8e4","6a85ae558b479428678b13f0","2026-08-19 09:26"
"Firma","5ff879f9ce04930001f6ee64","no thoughts, just violence","61cdfc02f6470200011a0caa","6a85ad1efd2504e279789bc0","2026-08-19 09:27"
"Zakerr","5ec3b73d97c8ee199c573937","ALFA","5b6f185f7135fa0e48b5528a","6a85ad0c26072533563293c5","2026-08-19 09:27"
"Avandy","60c3535133004c00010451a3","vukGG","6384aef735180c664babf36e","6a85ae632607253356329753","2026-08-19 09:27"
"Kraim","655c88001a146e82ab9593a5","Wijn.","657979f3db414bd0da540f23","6a85adc58b479428678b11e7","2026-08-19 09:27"
"#1 multiplier harvester 🫃","626fc4565f225f253556ea95","Wodak","6796246986227732f607bc7a","6a85ae998b479428678b14c7","2026-08-19 09:27"
"Caco","62423c3dda40ac184851c4f0","white_iverson97 on twitch","5bafdf02bb9fdd32283e4151","6a85adfe2607253356329674","2026-08-19 09:27"
"Trabota","6056fd798ddd1c00018baf23","Eamonn","5e2e983722bbda85a40e9009","6a85ad0d26072533563293c9","2026-08-19 09:28"
"val1d","63875de4e55ec4234b26d1fb","SentyRu","65dc836b33066622c3ebfb88","6a85ae1e8b479428678b1338","2026-08-19 09:28"
"Lodi","5788e5e5c2a0fb1304dba46c","Assonans","5fec56ce3362e4000147ea46","6a85ae642607253356329756","2026-08-19 09:28"
"val1d","63875de4e55ec4234b26d1fb","SentyRu","65dc836b33066622c3ebfb88","6a85af37fd2504e27978a1db","2026-08-19 09:29"
"Zaxter","60acecf82e13c40001e2ae29","Velogeo","607b4fd0132f8300012354f4","6a85af038b479428678b1649","2026-08-19 09:29"
"Garou","69f366ee3f7f13479269b155","ハシビロ","62fd923738281a76193b9110","6a85ae70fd2504e279789fa9","2026-08-19 09:29"
"Mitteconrad","6056349f72a5a900014128a9","sk 愛","666b76089d20c1dd39ec810c","6a85ae1a9178618bce7de88c","2026-08-19 09:30"
"Dissonans","60e09234213b0600019d912e","mav1land","63f4a2bda13ee3ab588d6275","6a85aef29178618bce7dea74","2026-08-19 09:30"
"vukGG","6384aef735180c664babf36e","kober","67ad18a09e150413a5e6fa66","6a85af29b97b40e5013d2b1c","2026-08-19 09:31"
"盲","63b6a120ed1bf0b1b513dfb8","Sandman5","68e3f9f00a56d04f694094b5","6a85ae7a9178618bce7de960","2026-08-19 09:31"
"数字信号处理","62a559ad291a85ec390d343e","Flubbersticks","69387a54dc6fdd9da05c91cd","6a85af182607253356329933","2026-08-19 09:32"
"Vell","5eea5f1162df1243a0cdd8e4","ElViejoFran420","66dc17fc166b047fc041d4c0","6a85aed68b479428678b1594","2026-08-19 09:32"
"Lster95","6875664f91065c0938397061","Zaxter","60acecf82e13c40001e2ae29","6a85af958b479428678b1847","2026-08-19 09:32"
"Zakerr","5ec3b73d97c8ee199c573937","Trabota","6056fd798ddd1c00018baf23","6a85af82b97b40e5013d2c23","2026-08-19 09:33"
"F12RXY7U9I","6919845c3a6623b10b2fa710","#1 multiplier harvester 🫃","626fc4565f225f253556ea95","6a85af0fb97b40e5013d2ad9","2026-08-19 09:33"
"Assonans","5fec56ce3362e4000147ea46","Lodi","5788e5e5c2a0fb1304dba46c","6a85af64b97b40e5013d2bd5","2026-08-19 09:33"
"val1d","63875de4e55ec4234b26d1fb","SentyRu","65dc836b33066622c3ebfb88","6a85af998b479428678b1855","2026-08-19 09:34"
"数字信号处理","62a559ad291a85ec390d343e","Flubbersticks","69387a54dc6fdd9da05c91cd","6a85b0328b479428678b1a72","2026-08-19 09:34"
"Zaxter","60acecf82e13c40001e2ae29","Lster95","6875664f91065c0938397061","6a85b04bb97b40e5013d2e22","2026-08-19 09:34"
"vukGG","6384aef735180c664babf36e","kober","67ad18a09e150413a5e6fa66","6a85b0011314c768abcf27f4","2026-08-19 09:35"
"Ringo","6046c8a097019400018ea4cf","connexion de f*p","5e9662142ad6cfadc8e2db9d","6a85aeb2b97b40e5013d29fb","2026-08-19 09:35"
"Shakazaramesh","5ef2945bbb96627c9ce5f63f","Veet","61f24e39e6b49c0001e98918","6a85aff78b479428678b1999","2026-08-19 09:35"
"ましろ","60622a237c864a00019b5334","Assonans","5fec56ce3362e4000147ea46","6a85b0b29178618bce7deeba","2026-08-19 09:35"
"Dissonans","60e09234213b0600019d912e","mav1land","63f4a2bda13ee3ab588d6275","6a85afdb1314c768abcf278d","2026-08-19 09:35"
"ALFA","5b6f185f7135fa0e48b5528a","Eamonn","5e2e983722bbda85a40e9009","6a85af51b97b40e5013d2b9b","2026-08-19 09:36"
"Mitteconrad","6056349f72a5a900014128a9","Tikon","621cddf10416aa00011b992b","6a85afd29b739dad0fd077f4","2026-08-19 09:36"
"Sandman5","68e3f9f00a56d04f694094b5","Kraim","655c88001a146e82ab9593a5","6a85b0178b479428678b19fd","2026-08-19 09:36"
"white_iverson97 on twitch","5bafdf02bb9fdd32283e4151","Wijn.","657979f3db414bd0da540f23","6a85af62fd2504e27978a26c","2026-08-19 09:37"
"Caco","62423c3dda40ac184851c4f0","grytsko","68a2376a48461ffeecd42351","6a85af7ef00b024238b530b8","2026-08-19 09:37"
"vukGG","6384aef735180c664babf36e","kober","67ad18a09e150413a5e6fa66","6a85b0ea9178618bce7def27","2026-08-19 09:38"
"mav1land","63f4a2bda13ee3ab588d6275","klint","6735abfd3d532af30d952b5a","6a85b0fc8b479428678b1d66","2026-08-19 09:38"
"kober","67ad18a09e150413a5e6fa66","ましろ","60622a237c864a00019b5334","6a85b13bfd2504e27978a769","2026-08-19 09:39"
"Assonans","5fec56ce3362e4000147ea46","Lodi","5788e5e5c2a0fb1304dba46c","6a85b10a9178618bce7def92","2026-08-19 09:39"
"ElViejoFran420","66dc17fc166b047fc041d4c0","Vell","5eea5f1162df1243a0cdd8e4","6a85b0628b479428678b1b3f","2026-08-19 09:39"
"Mitteconrad","6056349f72a5a900014128a9","tilted and tired","66549d4cc725af87c3aa9a34","6a85b11d9178618bce7defe0","2026-08-19 09:40"
"SentyRu","65dc836b33066622c3ebfb88","#1 multiplier harvester 🫃","626fc4565f225f253556ea95","6a85b0c98b479428678b1c94","2026-08-19 09:40"
"𝓖𝓮𝓸~𝓲𝓽𝓮𝓻𝓯𝓪𝓬𝓲𝓸≀⑤⑧②","6550ff75cf7966cc5dfe29fe","DeTect","65aaf6d23171e89a57705b47","6a85b0defd2504e27978a638","2026-08-19 09:40"
"Zaxter","60acecf82e13c40001e2ae29","Lster95","6875664f91065c0938397061","6a85b0bb2607253356329d16","2026-08-19 09:40"
"Prometheus","64da2edded0ce01ab055723e","connexion de f*p","5e9662142ad6cfadc8e2db9d","6a85b0e48b479428678b1d14","2026-08-19 09:41"
"vukGG","6384aef735180c664babf36e","Avandy","60c3535133004c00010451a3","6a85b1cffd2504e27978a882","2026-08-19 09:41"
"xZenith","6846d165a3008977fe607ade","kober","67ad18a09e150413a5e6fa66","6a85b1acb97b40e5013d3134","2026-08-19 09:41"
"Figsy_Games","5e91c2303d4b6a251c171a3b","F12RXY7U9I","6919845c3a6623b10b2fa710","6a85b098fd2504e27978a58e","2026-08-19 09:41"
"mav1land","63f4a2bda13ee3ab588d6275","Assonans","5fec56ce3362e4000147ea46","6a85b1d28b479428678b2042","2026-08-19 09:41"
"Sandman5","68e3f9f00a56d04f694094b5","MagnusMägi","6765f226ab11f49e3748df8b","6a85b1591314c768abcf2b11","2026-08-19 09:42"
"ZakyBoy","602adad6f1933a000135da45","Veet","61f24e39e6b49c0001e98918","6a85b123fd2504e27978a738","2026-08-19 09:42"
"Emmepemme","5bf9b0c343196557d45fc4b6","LeBron James of Geoguessr","58ba5dff0eac7223846496ea","6a85b0108b479428678b19e9","2026-08-19 09:42"
"Zakerr","5ec3b73d97c8ee199c573937","Trabota","6056fd798ddd1c00018baf23","6a85b0682607253356329c66","2026-08-19 09:43"
"xZenith","6846d165a3008977fe607ade","kober","67ad18a09e150413a5e6fa66","6a85b25ab97b40e5013d32c7","2026-08-19 09:43"
"val1d","63875de4e55ec4234b26d1fb","grytsko","68a2376a48461ffeecd42351","6a85b1afb97b40e5013d3138","2026-08-19 09:43"
"mav1land","63f4a2bda13ee3ab588d6275","MaxJoker84","658c1a04945350bcd1f47aca","6a85b24eb97b40e5013d32b5","2026-08-19 09:43"
"Tudelzzz","6549fc9cf755320e28e30de7","Motzki","681b6ea331657cd8223a7320","6a85b0512607253356329c2d","2026-08-19 09:43"
"white_iverson97 on twitch","5bafdf02bb9fdd32283e4151","ましろ","60622a237c864a00019b5334","6a85b1e3f00b024238b5359f","2026-08-19 09:43"
"数字信号处理","62a559ad291a85ec390d343e","Flubbersticks","69387a54dc6fdd9da05c91cd","6a85b1fb9178618bce7df1bd","2026-08-19 09:43"
"Zaxter","60acecf82e13c40001e2ae29","SoloDeveloping_ttv","6588371b2042a7381b6e016a","6a85b21d8b479428678b2147","2026-08-19 09:43"
"Tikon","621cddf10416aa00011b992b","xLucky07","6771278c215608df4a80a000","6a85b115fd2504e27978a715","2026-08-19 09:44"
"xZenith","6846d165a3008977fe607ade","kober","67ad18a09e150413a5e6fa66","6a85b25ab97b40e5013d32c7","2026-08-19 09:44"
"Jimbo Junk","5588a2efb8a3409dec36f9de","ElViejoFran420","66dc17fc166b047fc041d4c0","6a85b2328b479428678b2190","2026-08-19 09:44"
"ZakyBoy","602adad6f1933a000135da45","Zaxter","60acecf82e13c40001e2ae29","6a85b2bd8b479428678b23a2","2026-08-19 09:44"
"Caco","62423c3dda40ac184851c4f0","Wijn.","657979f3db414bd0da540f23","6a85b1788b479428678b1f0d","2026-08-19 09:44"
"Franklin","660b5454be2900cb52493ba5","Kraim","655c88001a146e82ab9593a5","6a85b149fd2504e27978a781","2026-08-19 09:44"
"Sandman5","68e3f9f00a56d04f694094b5","Xase","6155e281335e48000120c4ee","6a85b2a1260725335632a134","2026-08-19 09:45"
"SentyRu","65dc836b33066622c3ebfb88","Assonans","5fec56ce3362e4000147ea46","6a85b2468b479428678b21ce","2026-08-19 09:45"
"Żukasz","602cfd5dc397fa0001f09dfb","연모트","5ffcf4ef76bbb900019724c1","6a85b1ea8b479428678b208d","2026-08-19 09:45"
"connexion de f*p","5e9662142ad6cfadc8e2db9d","vukGG","6384aef735180c664babf36e","6a85b2911314c768abcf2db9","2026-08-19 09:46"
"Figsy_Games","5e91c2303d4b6a251c171a3b","kober","67ad18a09e150413a5e6fa66","6a85b32a9178618bce7df493","2026-08-19 09:46"
"MaxJoker84","658c1a04945350bcd1f47aca","mav1land","63f4a2bda13ee3ab588d6275","6a85b2bf8b479428678b23a9","2026-08-19 09:46"
"Eamonn","5e2e983722bbda85a40e9009","ALFA","5b6f185f7135fa0e48b5528a","6a85b12fb97b40e5013d302a","2026-08-19 09:47"
"tilted and tired","66549d4cc725af87c3aa9a34","Mitteconrad","6056349f72a5a900014128a9","6a85b21f9178618bce7df21a","2026-08-19 09:47"
"vinnie","69af2d2e4921fb35244096f4","Shakazaramesh","5ef2945bbb96627c9ce5f63f","6a85b1e98b479428678b208a","2026-08-19 09:47"
"Franklin","660b5454be2900cb52493ba5","Jimbo Junk","5588a2efb8a3409dec36f9de","6a85b2ff8b479428678b24c1","2026-08-19 09:47"
"#1 multiplier harvester 🫃","626fc4565f225f253556ea95","GeoChiko","637129eb9d737c55a520a3e3","6a85b29b321b3548ea5f1418","2026-08-19 09:47"
"数字信号处理","62a559ad291a85ec390d343e","Flubbersticks","69387a54dc6fdd9da05c91cd","6a85b2cd8b479428678b23e6","2026-08-19 09:47"
"Figsy_Games","5e91c2303d4b6a251c171a3b","kober","67ad18a09e150413a5e6fa66","6a85b32a9178618bce7df493","2026-08-19 09:48"
"Caco","62423c3dda40ac184851c4f0","Kraim","655c88001a146e82ab9593a5","6a85b319260725335632a24e","2026-08-19 09:48"
"franek3215 2","69bd7ff3c47c5404925b9113","SentyRu","65dc836b33066622c3ebfb88","6a85b3408b479428678b25b8","2026-08-19 09:48"
"Wijn.","657979f3db414bd0da540f23","CrazyHorse","661830566555811b1291bac1","6a85b314fd2504e27978abd9","2026-08-19 09:49"
"アラメイン","68445484b91725e394c6e69d","Vell","5eea5f1162df1243a0cdd8e4","6a85b1f49178618bce7df197","2026-08-19 09:49"
"connexion de f*p","5e9662142ad6cfadc8e2db9d","vukGG","6384aef735180c664babf36e","6a85b3c3fd2504e27978adad","2026-08-19 09:50"
"xZenith","6846d165a3008977fe607ade","盲","63b6a120ed1bf0b1b513dfb8","6a85b2dfb97b40e5013d340d","2026-08-19 09:50"
"Filipp","63bf085d2a26bb57d315f246","kober","67ad18a09e150413a5e6fa66","6a85b388b97b40e5013d35c9","2026-08-19 09:50"
"Leftist Leo 解放巴勒斯坦 🇵🇸 和","60d9c5536dac910001297d14","Veet","61f24e39e6b49c0001e98918","6a85b3911314c768abcf3056","2026-08-19 09:50"
"ましろ","60622a237c864a00019b5334","SentyRu","65dc836b33066622c3ebfb88","6a85b3fc4175d0a421c88d7c","2026-08-19 09:50"
"mav1land","63f4a2bda13ee3ab588d6275","#1 multiplier harvester 🫃","626fc4565f225f253556ea95","6a85b3af8b479428678b271c","2026-08-19 09:50"
"路易十六","65337c686711b99177ed189b","ymot","5c296804097d019c9053201b","6a85b2fd260725335632a21c","2026-08-19 09:50"
"kefirek_xyz","69c6ad21a630d6d9a570c728","Eamonn","5e2e983722bbda85a40e9009","6a85b3e11314c768abcf3110","2026-08-19 09:51"
"Sandman5","68e3f9f00a56d04f694094b5","xLucky07","6771278c215608df4a80a000","6a85b35e9178618bce7df51f","2026-08-19 09:51"
"Zakerr","5ec3b73d97c8ee199c573937","Trabota","6056fd798ddd1c00018baf23","6a85b2dbb97b40e5013d3404","2026-08-19 09:52"
"tilted and tired","66549d4cc725af87c3aa9a34","Mitteconrad","6056349f72a5a900014128a9","6a85b3acb97b40e5013d3615","2026-08-19 09:52"
"Xase","6155e281335e48000120c4ee","ZakyBoy","602adad6f1933a000135da45","6a85b359fd2504e27978aca5","2026-08-19 09:52"
"ましろ","60622a237c864a00019b5334","franek3215 2","69bd7ff3c47c5404925b9113","6a85b40db97b40e5013d3712","2026-08-19 09:52"
"kober","67ad18a09e150413a5e6fa66","Ringo","6046c8a097019400018ea4cf","6a85b40a1314c768abcf3162","2026-08-19 09:53"
"SentyRu","65dc836b33066622c3ebfb88","路易十六","65337c686711b99177ed189b","6a85b45afd2504e27978af06","2026-08-19 09:53"
"Trabota","6056fd798ddd1c00018baf23","Mitteconrad","6056349f72a5a900014128a9","6a85b4ff8b479428678b2bae","2026-08-19 09:54"
"kober","67ad18a09e150413a5e6fa66","Ringo","6046c8a097019400018ea4cf","6a85b51e1314c768abcf33ea","2026-08-19 09:54"
"Caco","62423c3dda40ac184851c4f0","Wijn.","657979f3db414bd0da540f23","6a85b4231314c768abcf319d","2026-08-19 09:54"
"数字信号处理","62a559ad291a85ec390d343e","Flubbersticks","69387a54dc6fdd9da05c91cd","6a85b3cf1314c768abcf30e6","2026-08-19 09:54"
"OakTree","617eb25d4e0e40000158968f","Assonans","5fec56ce3362e4000147ea46","6a85b4328b479428678b28db","2026-08-19 09:54"
"Figsy_Games","5e91c2303d4b6a251c171a3b","wang","64df30f334185dd27cf839a7","6a85b3effd2504e27978ae16","2026-08-19 09:55"
"Jimbo Junk","5588a2efb8a3409dec36f9de","GeoChiko","637129eb9d737c55a520a3e3","6a85b3ef8b479428678b2804","2026-08-19 09:55"
"Kraim","655c88001a146e82ab9593a5","アラメイン","68445484b91725e394c6e69d","6a85b4508b479428678b2942","2026-08-19 09:55"
"kefirek_xyz","69c6ad21a630d6d9a570c728","盲","63b6a120ed1bf0b1b513dfb8","6a85b4d48b479428678b2b2b","2026-08-19 09:56"
"Xase","6155e281335e48000120c4ee","xLucky07","6771278c215608df4a80a000","6a85b5038b479428678b2bb5","2026-08-19 09:56"
"Eamonn","5e2e983722bbda85a40e9009","xZenith","6846d165a3008977fe607ade","6a85b4d9fd2504e27978b02b","2026-08-19 09:57"
"vukGG","6384aef735180c664babf36e","kober","67ad18a09e150413a5e6fa66","6a85b48d1314c768abcf3280","2026-08-19 09:57"
"Shakazaramesh","5ef2945bbb96627c9ce5f63f","Franklin","660b5454be2900cb52493ba5","6a85b3ce8b479428678b2796","2026-08-19 09:57"
"vinnie","69af2d2e4921fb35244096f4","white_iverson97 on twitch","5bafdf02bb9fdd32283e4151","6a85b47ab97b40e5013d382d","2026-08-19 09:57"
"Blanecin","5e8781f3b3ec177638be489a","val1d","63875de4e55ec4234b26d1fb","6a85b4a78b479428678b2a7e","2026-08-19 09:57"
"SentyRu","65dc836b33066622c3ebfb88","OakTree","617eb25d4e0e40000158968f","6a85b56f8b479428678b2d1d","2026-08-19 09:57"
"franek3215 2","69bd7ff3c47c5404925b9113","1Kenma","67f1e53d840a2b6316eb1c59","6a85b4eb8b479428678b2b6b","2026-08-19 09:57"
"アラメイン","68445484b91725e394c6e69d","Max","5f847db332173400011b50bb","6a85b5878b479428678b2d65","2026-08-19 09:57"
"ElViejoFran420","66dc17fc166b047fc041d4c0","ymot","5c296804097d019c9053201b","6a85b4688b479428678b298f","2026-08-19 09:57"
"wang","64df30f334185dd27cf839a7","kober","67ad18a09e150413a5e6fa66","6a85b59d8b479428678b2d98","2026-08-19 09:58"
"Caco","62423c3dda40ac184851c4f0","Rafa","65d3d579486526d78cd578f9","6a85b587260725335632a811","2026-08-19 09:58"
"wichura240","68767692157557d5c76a0ab6","Eddie","5695b1e1838cda1838015d4b","6a85b50cfd2504e27978b0a6","2026-08-19 09:59"
"𝓖𝓮𝓸~𝓲𝓽𝓮𝓻𝓯𝓪𝓬𝓲𝓸≀⑤⑧②","6550ff75cf7966cc5dfe29fe","Emmepemme","5bf9b0c343196557d45fc4b6","6a85b2808b479428678b22a4","2026-08-19 09:59"
"盲","63b6a120ed1bf0b1b513dfb8","kefirek_xyz","69c6ad21a630d6d9a570c728","6a85b5d38b479428678b2e49","2026-08-19 10:00"
"Trabota","6056fd798ddd1c00018baf23","Zakerr","5ec3b73d97c8ee199c573937","6a85b5619178618bce7df9c5","2026-08-19 10:01"
"kober","67ad18a09e150413a5e6fa66","xZenith","6846d165a3008977fe607ade","6a85b5fd9178618bce7dfb05","2026-08-19 10:01"
"Eddie","5695b1e1838cda1838015d4b","teddy bear","66f081f2bf4b230a2fcb970c","6a85b69bfd2504e27978b4aa","2026-08-19 10:01"
"grytsko","68a2376a48461ffeecd42351","Tomek5_5","606e09423667bc0001ad663d","6a85b66c1314c768abcf372a","2026-08-19 10:01"
"MaxJoker84","658c1a04945350bcd1f47aca","SentyRu","65dc836b33066622c3ebfb88","6a85b601fd2504e27978b324","2026-08-19 10:01"
"OakTree","617eb25d4e0e40000158968f","1Kenma","67f1e53d840a2b6316eb1c59","6a85b616374bd315694485b7","2026-08-19 10:01"
"Mitteconrad","6056349f72a5a900014128a9","Ringo","6046c8a097019400018ea4cf","6a85b570fd2504e27978b1a4","2026-08-19 10:02"
"Nitorip","60b4e24e49269d00013fa878","lol pop","622f101c589b350001a7ea5f","6a85b5eb8b479428678b2e8e","2026-08-19 10:02"
"路易十六","65337c686711b99177ed189b","Jacky Wong","63be7833696b395b1a06db85","6a85b54a8b479428678b2ca1","2026-08-19 10:02"
"ElViejoFran420","66dc17fc166b047fc041d4c0","ymot","5c296804097d019c9053201b","6a85b63b9178618bce7dfc0b","2026-08-19 10:02"
"kober","67ad18a09e150413a5e6fa66","vukGG","6384aef735180c664babf36e","6a85b665b97b40e5013d3d2e","2026-08-19 10:03"
"wichura240","68767692157557d5c76a0ab6","路易十六","65337c686711b99177ed189b","6a85b74db97b40e5013d3f45","2026-08-19 10:03"
"Franklin","660b5454be2900cb52493ba5","アラメイン","68445484b91725e394c6e69d","6a85b62e260725335632aa28","2026-08-19 10:03"
"SentyRu","65dc836b33066622c3ebfb88","Tomek5_5","606e09423667bc0001ad663d","6a85b7188b479428678b3257","2026-08-19 10:03"
"Sandman5","68e3f9f00a56d04f694094b5","tilted and tired","66549d4cc725af87c3aa9a34","6a85b4ffb97b40e5013d395a","2026-08-19 10:04"
"Tudelzzz","6549fc9cf755320e28e30de7","Uralensis","65eba12c6f7c11bcafdeaac8","6a85b3251314c768abcf2f49","2026-08-19 10:04"
"white_iverson97 on twitch","5bafdf02bb9fdd32283e4151","Blanecin","5e8781f3b3ec177638be489a","6a85b601b97b40e5013d3b8f","2026-08-19 10:04"
"Żukasz","602cfd5dc397fa0001f09dfb","ハシビロ","62fd923738281a76193b9110","6a85b5a5b97b40e5013d3ad0","2026-08-19 10:04"
"grytsko","68a2376a48461ffeecd42351","PML","615b4d8920ea1200012de9bf","6a85b708fd2504e27978b599","2026-08-19 10:05"
"数字信号处理","62a559ad291a85ec390d343e","Flubbersticks","69387a54dc6fdd9da05c91cd","6a85b6fa8b479428678b31f9","2026-08-19 10:05"
"teddy bear","66f081f2bf4b230a2fcb970c","Eddie","5695b1e1838cda1838015d4b","6a85b72b260725335632ac32","2026-08-19 10:06"
"Garou","69f366ee3f7f13479269b155","ElViejoFran420","66dc17fc166b047fc041d4c0","6a85b745fd2504e27978b614","2026-08-19 10:06"
"Wijn.","657979f3db414bd0da540f23","1Kenma","67f1e53d840a2b6316eb1c59","6a85b6f18b479428678b31db","2026-08-19 10:06"
"xZenith","6846d165a3008977fe607ade","盲","63b6a120ed1bf0b1b513dfb8","6a85b6f3b97b40e5013d3e69","2026-08-19 10:07"
"Caco","62423c3dda40ac184851c4f0","Xase","6155e281335e48000120c4ee","6a85b6c0b97b40e5013d3e08","2026-08-19 10:07"
"Jimbo Junk","5588a2efb8a3409dec36f9de","vinnie","69af2d2e4921fb35244096f4","6a85b60a8b479428678b2f2f","2026-08-19 10:07"
"Franklin","660b5454be2900cb52493ba5","SentyRu","65dc836b33066622c3ebfb88","6a85b7848b479428678b33be","2026-08-19 10:07"
"Jeremi","6007886fcafc2e00011be9cd","Jayden","61f149e3c24ced00015b4777","6a85b6b48b479428678b312f","2026-08-19 10:07"
"teddy bear","66f081f2bf4b230a2fcb970c","Franklin","660b5454be2900cb52493ba5","6a85b8758b479428678b375b","2026-08-19 10:08"
"OakTree","617eb25d4e0e40000158968f","franek3215 2","69bd7ff3c47c5404925b9113","6a85b6f01314c768abcf3882","2026-08-19 10:08"
"アラメイン","68445484b91725e394c6e69d","Skaven","684ffbcec374eb437a89fc20","6a85b784fd2504e27978b69c","2026-08-19 10:08"
"盲","63b6a120ed1bf0b1b513dfb8","xZenith","6846d165a3008977fe607ade","6a85b879260725335632b081","2026-08-19 10:09"
"Mitteconrad","6056349f72a5a900014128a9","Ringo","6046c8a097019400018ea4cf","6a85b7418b479428678b32f6","2026-08-19 10:09"
"lol pop","622f101c589b350001a7ea5f","路易十六","65337c686711b99177ed189b","6a85b7918b479428678b33eb","2026-08-19 10:09"
"SentyRu","65dc836b33066622c3ebfb88","Jayden","61f149e3c24ced00015b4777","6a85b872fd2504e27978ba43","2026-08-19 10:09"
"koekemonster","602ea9c05fa0b100010db2b3","kober","67ad18a09e150413a5e6fa66","6a85b85efd2504e27978ba13","2026-08-19 10:10"
"Sandman5","68e3f9f00a56d04f694094b5","tilted and tired","66549d4cc725af87c3aa9a34","6a85b7fdfd2504e27978b837","2026-08-19 10:10"
"Rafa","65d3d579486526d78cd578f9","xLucky07","6771278c215608df4a80a000","6a85b6999178618bce7dfcf1","2026-08-19 10:10"
"PML","615b4d8920ea1200012de9bf","Jacky Wong","63be7833696b395b1a06db85","6a85b7eefd2504e27978b7e3","2026-08-19 10:10"
"Emmepemme","5bf9b0c343196557d45fc4b6","Galette","5c30cf1ddfdaaa1a24324e72","6a85b6c22211562290c3fd80","2026-08-19 10:10"
"Wijn.","657979f3db414bd0da540f23","Moritz","604e275b66c3940001ee30ed","6a85b84f8b479428678b36e4","2026-08-19 10:10"
"SigmaLigma","641e0c54c1155de1803057b1","ElViejoFran420","66dc17fc166b047fc041d4c0","6a85b83bfd2504e27978b995","2026-08-19 10:11"
"kstyko","5ead136297d6cf24a42b1ef4","Eddie","5695b1e1838cda1838015d4b","6a85b8428b479428678b36a8","2026-08-19 10:11"
"Franklin","660b5454be2900cb52493ba5","teddy bear","66f081f2bf4b230a2fcb970c","6a85b8c8b97b40e5013d4393","2026-08-19 10:11"
"ymot","5c296804097d019c9053201b","Kome.jpeg","5bbdcfab2c01735208565bce","6a85b7668b479428678b3362","2026-08-19 10:11"
"Rawin","6162efcdc23f260001c6a4d3","wichura240","68767692157557d5c76a0ab6","6a85b820260725335632af09","2026-08-19 10:11"
"SentyRu","65dc836b33066622c3ebfb88","NorthKoreaEnjoyer","6a5776b9557fa0b8070897d7","6a85b9068b479428678b3953","2026-08-19 10:12"
"koekemonster","602ea9c05fa0b100010db2b3","kober","67ad18a09e150413a5e6fa66","6a85b9508b479428678b3a3b","2026-08-19 10:13"
"teddy bear","66f081f2bf4b230a2fcb970c","Franklin","660b5454be2900cb52493ba5","6a85b943321b3548ea5f23c0","2026-08-19 10:13"
"Garou","69f366ee3f7f13479269b155","1Kenma","67f1e53d840a2b6316eb1c59","6a85b89a260725335632b0ed","2026-08-19 10:13"
"koekemonster","602ea9c05fa0b100010db2b3","kober","67ad18a09e150413a5e6fa66","6a85b9508b479428678b3a3b","2026-08-19 10:14"
"Geomalick","61fd64f28c0f8100014ebf0b","Eddie","5695b1e1838cda1838015d4b","6a85b96bb97b40e5013d4502","2026-08-19 10:14"
"Synxzy","62b9d279343a6042acb35fe8","Nitorip","60b4e24e49269d00013fa878","6a85b816260725335632aec4","2026-08-19 10:14"
"Franklin","660b5454be2900cb52493ba5","SentyRu","65dc836b33066622c3ebfb88","6a85b9cb8b479428678b3c55","2026-08-19 10:14"
"OakTree","617eb25d4e0e40000158968f","GeoChiko","637129eb9d737c55a520a3e3","6a85b9121314c768abcf3d97","2026-08-19 10:14"
"Trabota","6056fd798ddd1c00018baf23","ALFA","5b6f185f7135fa0e48b5528a","6a85b7128b479428678b3242","2026-08-19 10:15"
"Ringo","6046c8a097019400018ea4cf","swangambit","5f7ddfaa5e57b3000189a24e","6a85b8d59178618bce7e0301","2026-08-19 10:15"
"Geomalick","61fd64f28c0f8100014ebf0b","Eddie","5695b1e1838cda1838015d4b","6a85b9fefd2504e27978bf36","2026-08-19 10:15"
"Tomek5_5","606e09423667bc0001ad663d","teddy bear","66f081f2bf4b230a2fcb970c","6a85b9d88b479428678b3c85","2026-08-19 10:15"
"szop","5e457e06c2a93b2b70217ecc","NorthKoreaEnjoyer","6a5776b9557fa0b8070897d7","6a85b9a8321b3548ea5f24cf","2026-08-19 10:15"
"盲","63b6a120ed1bf0b1b513dfb8","Mitteconrad","6056349f72a5a900014128a9","6a85b8fdfd2504e27978bbc8","2026-08-19 10:16"
"kober","67ad18a09e150413a5e6fa66","xZenith","6846d165a3008977fe607ade","6a85ba151314c768abcf404c","2026-08-19 10:16"
"wichura240","68767692157557d5c76a0ab6","Rawin","6162efcdc23f260001c6a4d3","6a85b997b97b40e5013d459a","2026-08-19 10:16"
"Skaven","684ffbcec374eb437a89fc20","menthol.mike","5d78b0cc1d19ab6f7052d8b9","6a85b8c31314c768abcf3ced","2026-08-19 10:16"
"Maksonic","619d09bdc4ab7000016c68d3","kober","67ad18a09e150413a5e6fa66","6a85b9d88b479428678b3c83","2026-08-19 10:17"
"Geomalick","61fd64f28c0f8100014ebf0b","Ringo","6046c8a097019400018ea4cf","6a85ba69260725335632b67c","2026-08-19 10:17"
"SigmaLigma","641e0c54c1155de1803057b1","ZOMBIE","645d89a8404e68d0d57e5857","6a85b9bc260725335632b416","2026-08-19 10:17"
"Rafa","65d3d579486526d78cd578f9","ymot","5c296804097d019c9053201b","6a85b9521314c768abcf3e21","2026-08-19 10:17"
"vinnie","69af2d2e4921fb35244096f4","ElViejoFran420","66dc17fc166b047fc041d4c0","6a85b98c1314c768abcf3ecb","2026-08-19 10:17"
"Slam4","60927f97129054000189c279","Moritz","604e275b66c3940001ee30ed","6a85b92c8b479428678b39d5","2026-08-19 10:17"
"Zakerr","5ec3b73d97c8ee199c573937","BarryTheBee","62be7867aa13616722f8dd4a","6a85b8b0fd2504e27978baf2","2026-08-19 10:18"
"grytsko","68a2376a48461ffeecd42351","Eddie","5695b1e1838cda1838015d4b","6a85ba4b8b479428678b3e91","2026-08-19 10:18"
"lol pop","622f101c589b350001a7ea5f","Wijn.","657979f3db414bd0da540f23","6a85b932260725335632b261","2026-08-19 10:18"
"tilted and tired","66549d4cc725af87c3aa9a34","Sandman5","68e3f9f00a56d04f694094b5","6a85b95a8b479428678b3a58","2026-08-19 10:19"
"kober","67ad18a09e150413a5e6fa66","Maksonic","619d09bdc4ab7000016c68d3","6a85bac6260725335632b7a6","2026-08-19 10:19"
"swangambit","5f7ddfaa5e57b3000189a24e","xLucky07","6771278c215608df4a80a000","6a85ba2fb97b40e5013d47cd","2026-08-19 10:19"
"kstyko","5ead136297d6cf24a42b1ef4","SentyRu","65dc836b33066622c3ebfb88","6a85ba208b479428678b3dbd","2026-08-19 10:19"
"Caco","62423c3dda40ac184851c4f0","Jimbo Junk","5588a2efb8a3409dec36f9de","6a85b87cb97b40e5013d42d5","2026-08-19 10:19"
"Franklin","660b5454be2900cb52493ba5","Blanecin","5e8781f3b3ec177638be489a","6a85ba232211562290c40610","2026-08-19 10:19"
"Babrnoch","676c36f3ae31f29e4b2ef2f5","Garou","69f366ee3f7f13479269b155","6a85b9fc8b479428678b3d11","2026-08-19 10:19"
"Lurkki","673dfa9f10797c20bc6721e9","GeoNestor","5a0761e672d16b933871e7a1","6a85b9138b479428678b397d","2026-08-19 10:19"
"teddy bear","66f081f2bf4b230a2fcb970c","Tomek5_5","606e09423667bc0001ad663d","6a85ba75fd2504e27978c195","2026-08-19 10:20"
"Franklin","660b5454be2900cb52493ba5","SentyRu","65dc836b33066622c3ebfb88","6a85bb45b97b40e5013d4b27","2026-08-19 10:21"
"Wijn.","657979f3db414bd0da540f23","Synxzy","62b9d279343a6042acb35fe8","6a85bb1d8b479428678b4249","2026-08-19 10:21"
"Jeremi","6007886fcafc2e00011be9cd","Skaven","684ffbcec374eb437a89fc20","6a85baa39178618bce7e0972","2026-08-19 10:21"
"Geomalick","61fd64f28c0f8100014ebf0b","Ringo","6046c8a097019400018ea4cf","6a85bae58b479428678b414b","2026-08-19 10:22"
"ymot","5c296804097d019c9053201b","white_iverson97 on twitch","5bafdf02bb9fdd32283e4151","6a85bae14175d0a421c89e84","2026-08-19 10:22"
"szop","5e457e06c2a93b2b70217ecc","Shakazaramesh","5ef2945bbb96627c9ce5f63f","6a85ba8f8b479428678b3fbd","2026-08-19 10:22"
"Nicolai","5f74cd31b53fb70001d305b7","Maksonic","619d09bdc4ab7000016c68d3","6a85bb77fd2504e27978c4f3","2026-08-19 10:23"
"vinnie","69af2d2e4921fb35244096f4","Rafa","65d3d579486526d78cd578f9","6a85bae7fd2504e27978c320","2026-08-19 10:23"
"PML","615b4d8920ea1200012de9bf","Vell","5eea5f1162df1243a0cdd8e4","6a85bab28b479428678b4046","2026-08-19 10:23"
"Kucerkaaa✨","66422b048e6606a3bc59724f","ElViejoFran420","66dc17fc166b047fc041d4c0","6a85bb088b479428678b41dd","2026-08-19 10:23"
"xZenith","6846d165a3008977fe607ade","SigmaLigma","641e0c54c1155de1803057b1","6a85bb0e9178618bce7e0ab2","2026-08-19 10:24"
"wang","64df30f334185dd27cf839a7","Franklin","660b5454be2900cb52493ba5","6a85bbb78b479428678b44e9","2026-08-19 10:24"
"Ringo","6046c8a097019400018ea4cf","Shakazaramesh","5ef2945bbb96627c9ce5f63f","6a85bbfe8b479428678b4602","2026-08-19 10:24"
"xLucky07","6771278c215608df4a80a000","swangambit","5f7ddfaa5e57b3000189a24e","6a85bb50260725335632b963","2026-08-19 10:24"
"Zifuko","5e85136d3d4b6a36ac752a7b","Tomek5_5","606e09423667bc0001ad663d","6a85bb93321b3548ea5f2a96","2026-08-19 10:24"
"SentyRu","65dc836b33066622c3ebfb88","Novas","63f9bcfdbe10fc0278eeb51d","6a85bbac9178618bce7e0c8b","2026-08-19 10:24"
"im recording my gameplay","6a437d2254319c3206c01eb9","Jeremi","6007886fcafc2e00011be9cd","6a85bbc18b479428678b4518","2026-08-19 10:24"
"Moritz","604e275b66c3940001ee30ed","VelvetWaltz","678f6de583089b130474094d","6a85bacf8b479428678b410f","2026-08-19 10:24"
"Magnus","679395e4205fcbaaa18ff360","El Trexor","60b6b26b7398830001d3b83c","6a85bad58b479428678b4120","2026-08-19 10:25"
"Skaven","684ffbcec374eb437a89fc20","Synxzy","62b9d279343a6042acb35fe8","6a85bbbf260725335632bab0","2026-08-19 10:25"
"simeon","62dc07edf32847e5836668f1","Nicolai","5f74cd31b53fb70001d305b7","6a85bc73260725335632bd88","2026-08-19 10:26"
"Zakerr","5ec3b73d97c8ee199c573937","盲","63b6a120ed1bf0b1b513dfb8","6a85bb788b479428678b440d","2026-08-19 10:26"
"ALFA","5b6f185f7135fa0e48b5528a","Mitteconrad","6056349f72a5a900014128a9","6a85bac48b479428678b40bd","2026-08-19 10:26"
"Jimbo Junk","5588a2efb8a3409dec36f9de","Caco","62423c3dda40ac184851c4f0","6a85bb398b479428678b42b3","2026-08-19 10:26"
"Eddie","5695b1e1838cda1838015d4b","white_iverson97 on twitch","5bafdf02bb9fdd32283e4151","6a85bbfe8b479428678b4601","2026-08-19 10:26"
"teddy bear","66f081f2bf4b230a2fcb970c","鹰娥朗","628e0d478e5ef3a3ca163627","6a85bb718b479428678b43e6","2026-08-19 10:26"
"Garou","69f366ee3f7f13479269b155","Jacky Wong","63be7833696b395b1a06db85","6a85bb32b97b40e5013d4ae8","2026-08-19 10:26"
"GeoMax","610ade6208061c000158624f","Wijn.","657979f3db414bd0da540f23","6a85bbac8b479428678b44bc","2026-08-19 10:26"
"Geomalick","61fd64f28c0f8100014ebf0b","wichura240","68767692157557d5c76a0ab6","6a85bc3ab97b40e5013d4e50","2026-08-19 10:27"
"Tudelzzz","6549fc9cf755320e28e30de7","Emmepemme","5bf9b0c343196557d45fc4b6","6a85b920260725335632b230","2026-08-19 10:27"
"OakTree","617eb25d4e0e40000158968f","kstyko","5ead136297d6cf24a42b1ef4","6a85bbcf260725335632bae3","2026-08-19 10:27"
"SentyRu","65dc836b33066622c3ebfb88","Franklin","660b5454be2900cb52493ba5","6a85bc8f8b479428678b483f","2026-08-19 10:28"
"Tomek5_5","606e09423667bc0001ad663d","Jeremi","6007886fcafc2e00011be9cd","6a85bc768b479428678b47da","2026-08-19 10:28"
"Garou","69f366ee3f7f13479269b155","Jacky Wong","63be7833696b395b1a06db85","6a85bd06b97b40e5013d50fb","2026-08-19 10:28"
"Moritz","604e275b66c3940001ee30ed","Velogeo","607b4fd0132f8300012354f4","6a85bcb2fd2504e27978c9a9","2026-08-19 10:28"
"鹰娥朗","628e0d478e5ef3a3ca163627","Synxzy","62b9d279343a6042acb35fe8","6a85bcc88b479428678b493c","2026-08-19 10:28"
"GeoNestor","5a0761e672d16b933871e7a1","Timkon","681f023ce86ca49d1982d464","6a85bc1bfd2504e27978c7ce","2026-08-19 10:28"
"Trash map (Yellow Belly)","6a14cb11a6370a8d80e86ada","ymot","5c296804097d019c9053201b","6a85bbed8b479428678b45b6","2026-08-19 10:28"
"Lurkki","673dfa9f10797c20bc6721e9","Nitorip","60b4e24e49269d00013fa878","6a85bb4bb97b40e5013d4b3b","2026-08-19 10:29"
"grytsko","68a2376a48461ffeecd42351","lol pop","622f101c589b350001a7ea5f","6a85bb5db97b40e5013d4b76","2026-08-19 10:30"
"Eddie","5695b1e1838cda1838015d4b","ましろ","60622a237c864a00019b5334","6a85bcfa8b479428678b49ce","2026-08-19 10:30"
"teddy bear","66f081f2bf4b230a2fcb970c","Synxzy","62b9d279343a6042acb35fe8","6a85bd7b9178618bce7e120d","2026-08-19 10:30"
"Franklin","660b5454be2900cb52493ba5","SentyRu","65dc836b33066622c3ebfb88","6a85bd448b479428678b4aea","2026-08-19 10:30"
"Zifuko","5e85136d3d4b6a36ac752a7b","SigmaLigma","641e0c54c1155de1803057b1","6a85bc76b97b40e5013d4f0a","2026-08-19 10:31"
"vinnie","69af2d2e4921fb35244096f4","Shakazaramesh","5ef2945bbb96627c9ce5f63f","6a85bc539178618bce7e0eb1","2026-08-19 10:31"
"Tomek5_5","606e09423667bc0001ad663d","Moritz","604e275b66c3940001ee30ed","6a85bd4d9178618bce7e1183","2026-08-19 10:31"
"im recording my gameplay","6a437d2254319c3206c01eb9","MAD MC ISTI(pätrixo)","6912393b171526dcbf92936c","6a85bc9cb97b40e5013d4f92","2026-08-19 10:31"
"鹰娥朗","628e0d478e5ef3a3ca163627","geometry","6677323b8c4a3f875615805f","6a85bd71260725335632c0da","2026-08-19 10:31"
"Vell","5eea5f1162df1243a0cdd8e4","ElViejoFran420","66dc17fc166b047fc041d4c0","6a85bc4a8b479428678b4722","2026-08-19 10:31"
"Maksonic","619d09bdc4ab7000016c68d3","Geomalick","61fd64f28c0f8100014ebf0b","6a85bd34fd2504e27978cb31","2026-08-19 10:32"
"Franklin","660b5454be2900cb52493ba5","SentyRu","65dc836b33066622c3ebfb88","6a85bdcd8b479428678b4d51","2026-08-19 10:32"
"GeoMax","610ade6208061c000158624f","Wijn.","657979f3db414bd0da540f23","6a85bced260725335632bf18","2026-08-19 10:32"
"xZenith","6846d165a3008977fe607ade","盲","63b6a120ed1bf0b1b513dfb8","6a85bcd9b97b40e5013d5075","2026-08-19 10:33"
"Eddie","5695b1e1838cda1838015d4b","ましろ","60622a237c864a00019b5334","6a85bdd78b479428678b4d6a","2026-08-19 10:33"
"teddy bear","66f081f2bf4b230a2fcb970c","wichura240","68767692157557d5c76a0ab6","6a85bdbb260725335632c1df","2026-08-19 10:33"
"Neuer3","64257ca5930f6c559b9a32e9","Emmepemme","5bf9b0c343196557d45fc4b6","6a85bd1a1314c768abcf4a0f","2026-08-19 10:33"
"Zendaya","679def87311b366ecb41dcae","Synxzy","62b9d279343a6042acb35fe8","6a85bdc18b479428678b4d28","2026-08-19 10:33"
"Kome.jpeg","5bbdcfab2c01735208565bce","NebekCito (YT)","674102f66d68a18b54a2931c","6a85bd398b479428678b4abf","2026-08-19 10:33"
"simeon","62dc07edf32847e5836668f1","Nicolai","5f74cd31b53fb70001d305b7","6a85bd2a8b479428678b4a82","2026-08-19 10:34"
"grytsko","68a2376a48461ffeecd42351","Franklin","660b5454be2900cb52493ba5","6a85be549b739dad0fd0997f","2026-08-19 10:34"
"Caco","62423c3dda40ac184851c4f0","aguardiente","60ba2dec2056310001c27701","6a85bd1a260725335632bfc9","2026-08-19 10:34"
"Ringo","6046c8a097019400018ea4cf","xLucky07","6771278c215608df4a80a000","6a85bc548b479428678b474b","2026-08-19 10:35"
"Nicolai","5f74cd31b53fb70001d305b7","wafflyss","6068a918d8694000010952a2","6a85becefd2504e27978d113","2026-08-19 10:36"
"SigmaLigma","641e0c54c1155de1803057b1","Garou","69f366ee3f7f13479269b155","6a85be37b97b40e5013d54aa","2026-08-19 10:36"
"Lurkki","673dfa9f10797c20bc6721e9","Skaven","684ffbcec374eb437a89fc20","6a85bd91fd2504e27978ccc9","2026-08-19 10:36"
"NorthKoreaEnjoyer","6a5776b9557fa0b8070897d7","SentyRu","65dc836b33066622c3ebfb88","6a85be498b479428678b4f4c","2026-08-19 10:36"
"Zifuko","5e85136d3d4b6a36ac752a7b","ましろ","60622a237c864a00019b5334","6a85be798b479428678b5042","2026-08-19 10:37"
"mii3en","66159d055967919df66cf9c0","wichura240","68767692157557d5c76a0ab6","6a85bec69178618bce7e1623","2026-08-19 10:37"
"tozangezan","5a33d4491cbd1560d0eaed6b","Trash map (Yellow Belly)","6a14cb11a6370a8d80e86ada","6a85bd86fd2504e27978cca1","2026-08-19 10:37"
"Synxzy","62b9d279343a6042acb35fe8","aguardiente","60ba2dec2056310001c27701","6a85bf178b479428678b52cd","2026-08-19 10:37"
"Eddie","5695b1e1838cda1838015d4b","Zendaya","679def87311b366ecb41dcae","6a85bea38b479428678b50e3","2026-08-19 10:38"
"Shakazaramesh","5ef2945bbb96627c9ce5f63f","im recording my gameplay","6a437d2254319c3206c01eb9","6a85be141314c768abcf4d05","2026-08-19 10:38"
"Zakerr","5ec3b73d97c8ee199c573937","BarryTheBee","62be7867aa13616722f8dd4a","6a85bcfcb97b40e5013d50e6","2026-08-19 10:39"
"Nicolai","5f74cd31b53fb70001d305b7","wafflyss","6068a918d8694000010952a2","6a85becefd2504e27978d113","2026-08-19 10:39"
"wang","64df30f334185dd27cf839a7","Rihanna's alt","6a3c2f99fe770b27148e8436","6a85bde31314c768abcf4c5c","2026-08-19 10:39"
"teddy bear","66f081f2bf4b230a2fcb970c","Franklin","660b5454be2900cb52493ba5","6a85bed5260725335632c5b0","2026-08-19 10:39"
"Tomek5_5","606e09423667bc0001ad663d","GeoMax","610ade6208061c000158624f","6a85be4c8b479428678b4f6a","2026-08-19 10:39"
"Lao","67e55b0b1a521e857df969cb","ferreiro","5f126427d6ca438f24009b8e","6a85bf504175d0a421c8ab23","2026-08-19 10:39"
"Skaven","684ffbcec374eb437a89fc20","aguardiente","60ba2dec2056310001c27701","6a85bfa18b479428678b5514","2026-08-19 10:39"
"NorthKoreaEnjoyer","6a5776b9557fa0b8070897d7","SentyRu","65dc836b33066622c3ebfb88","6a85bf2c8b479428678b5338","2026-08-19 10:39"
"Jeremi","6007886fcafc2e00011be9cd","Velogeo","607b4fd0132f8300012354f4","6a85bf258b479428678b530a","2026-08-19 10:39"
"oiva","69144f05b078f459481f7a67","Maksonic","619d09bdc4ab7000016c68d3","6a85bec88b479428678b5181","2026-08-19 10:40"
"vinnie","69af2d2e4921fb35244096f4","Ringo","6046c8a097019400018ea4cf","6a85befab97b40e5013d5742","2026-08-19 10:40"
"ましろ","60622a237c864a00019b5334","NorthKoreaEnjoyer","6a5776b9557fa0b8070897d7","6a85bfd98b479428678b55f3","2026-08-19 10:40"
"F12RXY7U9I","6919845c3a6623b10b2fa710","GeoMax","610ade6208061c000158624f","6a85bfea9178618bce7e1961","2026-08-19 10:40"
"Trash map (Yellow Belly)","6a14cb11a6370a8d80e86ada","Lurkki","673dfa9f10797c20bc6721e9","6a85bf5fb97b40e5013d584c","2026-08-19 10:40"
"Erika","6835b7af656c2c951937f92e","layy ♡","603df174d3dc740001da871a","6a85be5f8b479428678b4fc0","2026-08-19 10:41"
"Stachu","677d77ad2825d961aa2c798c","Wijn.","657979f3db414bd0da540f23","6a85be31fd2504e27978cf26","2026-08-19 10:41"
"iNS4NE","596fcdabcf818c83482add39","sk 愛","666b76089d20c1dd39ec810c","6a85bfc81314c768abcf52b6","2026-08-19 10:42"
"盲","63b6a120ed1bf0b1b513dfb8","xZenith","6846d165a3008977fe607ade","6a85be8e8b479428678b5096","2026-08-19 10:42"
"grytsko","68a2376a48461ffeecd42351","Pasord","6669c659ca16186b5a3dbc35","6a85bf16b97b40e5013d5788","2026-08-19 10:42"
"kriszh","5922abce1bba700c703b0c00","Zifuko","5e85136d3d4b6a36ac752a7b","6a85bf948b479428678b54cd","2026-08-19 10:42"
"Lao","67e55b0b1a521e857df969cb","teddy bear","66f081f2bf4b230a2fcb970c","6a85c01b8b479428678b5709","2026-08-19 10:42"
"ましろ","60622a237c864a00019b5334","F12RXY7U9I","6919845c3a6623b10b2fa710","6a85c0798b479428678b5873","2026-08-19 10:43"
"GeoMax","610ade6208061c000158624f","Stachu","677d77ad2825d961aa2c798c","6a85c06eb97b40e5013d5bd5","2026-08-19 10:43"
"Wijn.","657979f3db414bd0da540f23","ColbyDoesMath","67c7b36b8d3be2002ba28fd7","6a85c058fd2504e27978d673","2026-08-19 10:43"
"Nicolai","5f74cd31b53fb70001d305b7","simeon","62dc07edf32847e5836668f1","6a85bf811314c768abcf51e0","2026-08-19 10:44"
"xLucky07","6771278c215608df4a80a000","Caco","62423c3dda40ac184851c4f0","6a85bf62fd2504e27978d2ea","2026-08-19 10:44"
"ferreiro","5f126427d6ca438f24009b8e","Franklin","660b5454be2900cb52493ba5","6a85bffd8b479428678b569f","2026-08-19 10:44"
"Zendaya","679def87311b366ecb41dcae","Eddie","5695b1e1838cda1838015d4b","6a85bfb18b479428678b5543","2026-08-19 10:44"
"Trash map (Yellow Belly)","6a14cb11a6370a8d80e86ada","Kome.jpeg","5bbdcfab2c01735208565bce","6a85c02c9178618bce7e1a37","2026-08-19 10:44"
"GeoNestor","5a0761e672d16b933871e7a1","Jacky Wong","63be7833696b395b1a06db85","6a85be19fd2504e27978cec5","2026-08-19 10:44"
"盲","63b6a120ed1bf0b1b513dfb8","layy ♡","603df174d3dc740001da871a","6a85c092260725335632cb64","2026-08-19 10:45"
"Ringo","6046c8a097019400018ea4cf","SigmaLigma","641e0c54c1155de1803057b1","6a85c0138b479428678b56e3","2026-08-19 10:45"
"oiva","69144f05b078f459481f7a67","wang","64df30f334185dd27cf839a7","6a85c0598b479428678b57fb","2026-08-19 10:46"
"Mr. Bastuaggregat","5ada37ab582de2514cbb19d8","Mitteconrad","6056349f72a5a900014128a9","6a85bcec8b479428678b49a8","2026-08-19 10:46"
"F12RXY7U9I","6919845c3a6623b10b2fa710","GeoMax","610ade6208061c000158624f","6a85c0fdb97b40e5013d5d65","2026-08-19 10:46"
"Garou","69f366ee3f7f13479269b155","Żukasz","602cfd5dc397fa0001f09dfb","6a85bfdd260725335632c930","2026-08-19 10:46"
"Wijn.","657979f3db414bd0da540f23","Billy Butcher","60573160640ef30001765bf3","6a85c0e38b479428678b59fc","2026-08-19 10:46"
"NorthKoreaEnjoyer","6a5776b9557fa0b8070897d7","mii3en","66159d055967919df66cf9c0","6a85c0f6fd2504e27978d88a","2026-08-19 10:47"
"iNS4NE","596fcdabcf818c83482add39","xZenith","6846d165a3008977fe607ade","6a85c0ab260725335632cba3","2026-08-19 10:48"
"aguardiente","60ba2dec2056310001c27701","Jerzy Kirkowski","5ecbdec18d6ade72cc832c5a","6a85c0dab97b40e5013d5d19","2026-08-19 10:48"
"Maksonic","619d09bdc4ab7000016c68d3","Ringo","6046c8a097019400018ea4cf","6a85c1688b479428678b5bd3","2026-08-19 10:49"
"ferreiro","5f126427d6ca438f24009b8e","Franklin","660b5454be2900cb52493ba5","6a85c12afd2504e27978d92a","2026-08-19 10:49"
"teddy bear","66f081f2bf4b230a2fcb970c","Lao","67e55b0b1a521e857df969cb","6a85c0b8fd2504e27978d7cc","2026-08-19 10:49"
"Shakazaramesh","5ef2945bbb96627c9ce5f63f","Zifuko","5e85136d3d4b6a36ac752a7b","6a85c0a84175d0a421c8af28","2026-08-19 10:49"
"xLucky07","6771278c215608df4a80a000","Caco","62423c3dda40ac184851c4f0","6a85c12cb97b40e5013d5e09","2026-08-19 10:50"
"Tottenhamwisps","60ad03a48b6e1d00012f8e7e","NorthKoreaEnjoyer","6a5776b9557fa0b8070897d7","6a85c1d48b479428678b5d36","2026-08-19 10:50"
"Skaven","684ffbcec374eb437a89fc20","Zendaya","679def87311b366ecb41dcae","6a85c1488b479428678b5b4d","2026-08-19 10:50"
"Jerzy Kirkowski","5ecbdec18d6ade72cc832c5a","Mune Pang","63bff5b077712f4eb483af9d","6a85c20f260725335632cf2a","2026-08-19 10:50"
"Wijn.","657979f3db414bd0da540f23","GeoMax","610ade6208061c000158624f","6a85c1819178618bce7e1e37","2026-08-19 10:50"
"adams","62f0c9a9822a3f816d659d84","BarryTheBee","62be7867aa13616722f8dd4a","6a85c1241314c768abcf569f","2026-08-19 10:51"
"盲","63b6a120ed1bf0b1b513dfb8","Rihanna's alt","6a3c2f99fe770b27148e8436","6a85c145fd2504e27978d96f","2026-08-19 10:51"
"mii3en","66159d055967919df66cf9c0","Aljosc","6285deec505b0a7a76ccca1d","6a85c1c68b479428678b5d0d","2026-08-19 10:51"
"Tomek5_5","606e09423667bc0001ad663d","Incomplet","6328da1f7f518e8bf2fd4335","6a85c1249178618bce7e1d55","2026-08-19 10:51"
"Trash map (Yellow Belly)","6a14cb11a6370a8d80e86ada","Kome.jpeg","5bbdcfab2c01735208565bce","6a85c15fb97b40e5013d5e9b","2026-08-19 10:51"
"れい（Rey）","6444afc0c30fa09317b315fc","Jacky Wong","63be7833696b395b1a06db85","6a85c1389178618bce7e1d85","2026-08-19 10:51"
"kefirek_xyz","69c6ad21a630d6d9a570c728","Mitteconrad","6056349f72a5a900014128a9","6a85c1cb8b479428678b5d1b","2026-08-19 10:52"
"wang","64df30f334185dd27cf839a7","iNS4NE","596fcdabcf818c83482add39","6a85c228fd2504e27978dc1e","2026-08-19 10:52"
"im recording my gameplay","6a437d2254319c3206c01eb9","macchazgayming","5f3ac37b3f017f00018c3ae1","6a85c2268b479428678b5e49","2026-08-19 10:52"
"Aljosc","6285deec505b0a7a76ccca1d","mii3en","66159d055967919df66cf9c0","6a85c2a6b97b40e5013d61e6","2026-08-19 10:52"
"xZenith","6846d165a3008977fe607ade","Ringo","6046c8a097019400018ea4cf","6a85c2429178618bce7e2013","2026-08-19 10:53"
"ferreiro","5f126427d6ca438f24009b8e","Zifuko","5e85136d3d4b6a36ac752a7b","6a85c24bfd2504e27978dc7f","2026-08-19 10:53"
"Davido","60b3bf820390be00015ed409","mav1land","63f4a2bda13ee3ab588d6275","6a85c1f7b97b40e5013d6030","2026-08-19 10:53"
"Trash map (Yellow Belly)","6a14cb11a6370a8d80e86ada","Tottenhamwisps","60ad03a48b6e1d00012f8e7e","6a85c2ca260725335632d118","2026-08-19 10:53"
"GeoChiko","637129eb9d737c55a520a3e3","Tudelzzz","6549fc9cf755320e28e30de7","6a85bdb01314c768abcf4bcc","2026-08-19 10:53"
"wang","64df30f334185dd27cf839a7","iNS4NE","596fcdabcf818c83482add39","6a85c3108b479428678b61d4","2026-08-19 10:54"
"Tomek5_5","606e09423667bc0001ad663d","mii3en","66159d055967919df66cf9c0","6a85c2fe260725335632d1a3","2026-08-19 10:54"
"Trash map (Yellow Belly)","6a14cb11a6370a8d80e86ada","Tottenhamwisps","60ad03a48b6e1d00012f8e7e","6a85c2ca260725335632d118","2026-08-19 10:54"
"Lao","67e55b0b1a521e857df969cb","teddy bear","66f081f2bf4b230a2fcb970c","6a85c2808b479428678b5f8d","2026-08-19 10:54"
"Garou","69f366ee3f7f13479269b155","Erika","6835b7af656c2c951937f92e","6a85c19ffd2504e27978dab1","2026-08-19 10:55"
"ymot","5c296804097d019c9053201b","SigmaLigma","641e0c54c1155de1803057b1","6a85c16b321b3548ea5f3ad3","2026-08-19 10:55"
"SigmaLigma","641e0c54c1155de1803057b1","Syn","5fc86ba947bce10001a030ba","6a85c39efd2504e27978e06f","2026-08-19 10:56"
"NorthKoreaEnjoyer","6a5776b9557fa0b8070897d7","Wijn.","657979f3db414bd0da540f23","6a85c27efd2504e27978dd0b","2026-08-19 10:56"
"iNS4NE","596fcdabcf818c83482add39","wang","64df30f334185dd27cf839a7","6a85c387260725335632d315","2026-08-19 10:57"
"Goonax#4WC","6772fee6827b91b41dd22b5f","layy ♡","603df174d3dc740001da871a","6a85c17f8b479428678b5c29","2026-08-19 10:57"
"teddy bear","66f081f2bf4b230a2fcb970c","mii3en","66159d055967919df66cf9c0","6a85c366fd2504e27978dfcb","2026-08-19 10:57"
"Lao","67e55b0b1a521e857df969cb","Tomek5_5","606e09423667bc0001ad663d","6a85c376fd2504e27978e005","2026-08-19 10:57"
"盲","63b6a120ed1bf0b1b513dfb8","Mitteconrad","6056349f72a5a900014128a9","6a85c2fefd2504e27978de9e","2026-08-19 10:58"
"xLucky07","6771278c215608df4a80a000","Caco","62423c3dda40ac184851c4f0","6a85c29c8b479428678b5ffc","2026-08-19 10:58"
"Zifuko","5e85136d3d4b6a36ac752a7b","Shakazaramesh","5ef2945bbb96627c9ce5f63f","6a85c3588b479428678b62d6","2026-08-19 10:58"
"yang","68c8d78fee2a8aa559e3878b","Jeremi","6007886fcafc2e00011be9cd","6a85c37d8b479428678b6354","2026-08-19 10:58"
"BarryTheBee","62be7867aa13616722f8dd4a","adams","62f0c9a9822a3f816d659d84","6a85c2ddb97b40e5013d627a","2026-08-19 10:59"
"xZenith","6846d165a3008977fe607ade","Rihanna's alt","6a3c2f99fe770b27148e8436","6a85c3439178618bce7e2285","2026-08-19 10:59"
"Ayli","6381e9f58453af043b2f4206","Andrade","631f700e2347fcd4bef6185b","6a85c424321b3548ea5f41bc","2026-08-19 10:59"
"Incomplet","6328da1f7f518e8bf2fd4335","Garou","69f366ee3f7f13479269b155","6a85c3cdfd2504e27978e0f8","2026-08-19 11:00"
"teddy bear","66f081f2bf4b230a2fcb970c","Lao","67e55b0b1a521e857df969cb","6a85c441b97b40e5013d667e","2026-08-19 11:01"
"Tudelzzz","6549fc9cf755320e28e30de7","GeoChiko","637129eb9d737c55a520a3e3","6a85c3608b479428678b62fa","2026-08-19 11:01"
"Orangejuice","6963bcefbc79a0f23010eb7c","franek3215 2","69bd7ff3c47c5404925b9113","6a85c4668b479428678b6716","2026-08-19 11:01"
"Ringo","6046c8a097019400018ea4cf","kriszh","5922abce1bba700c703b0c00","6a85c35f8b479428678b62f7","2026-08-19 11:02"
"F12RXY7U9I","6919845c3a6623b10b2fa710","SigmaLigma","641e0c54c1155de1803057b1","6a85c4288b479428678b6615","2026-08-19 11:02"
"Skaven","684ffbcec374eb437a89fc20","Zendaya","679def87311b366ecb41dcae","6a85c2a48b479428678b603e","2026-08-19 11:02"
"Wijn.","657979f3db414bd0da540f23","NorthKoreaEnjoyer","6a5776b9557fa0b8070897d7","6a85c40dfd2504e27978e1ec","2026-08-19 11:02"
"Tomek5_5","606e09423667bc0001ad663d","Fael","630fecddc8577dc5e3119c8a","6a85c4528b479428678b66cd","2026-08-19 11:03"
"Wodak","6796246986227732f607bc7a","Incomplet","6328da1f7f518e8bf2fd4335","6a85c4e28b479428678b691f","2026-08-19 11:04"
"Orangejuice","6963bcefbc79a0f23010eb7c","franek3215 2","69bd7ff3c47c5404925b9113","6a85c514260725335632d76e","2026-08-19 11:04"
"Lirik","632e0c2488070b726d73e245","IGoParaguayOnKenya","5f8fcfd87cd2940001e81ef1","6a85be78fd2504e27978d018","2026-08-19 11:04"
"SigmaLigma","641e0c54c1155de1803057b1","F12RXY7U9I","6919845c3a6623b10b2fa710","6a85c55d8b479428678b6b20","2026-08-19 11:05"
"im recording my gameplay","6a437d2254319c3206c01eb9","Shakazaramesh","5ef2945bbb96627c9ce5f63f","6a85c474fd2504e27978e32d","2026-08-19 11:05"
"Nitorip","60b4e24e49269d00013fa878","TEEM0","68f9fdd90f6d5f026cf9e4d8","6a85c4918b479428678b67d9","2026-08-19 11:05"
"ALFA","5b6f185f7135fa0e48b5528a","xZenith","6846d165a3008977fe607ade","6a85c54afd2504e27978e5c4","2026-08-19 11:06"
"Wodak","6796246986227732f607bc7a","teddy bear","66f081f2bf4b230a2fcb970c","6a85c5b2260725335632d916","2026-08-19 11:06"
"Rafa","65d3d579486526d78cd578f9","Syn","5fc86ba947bce10001a030ba","6a85c4ccb97b40e5013d686f","2026-08-19 11:06"
"Deecibel ( washed )","63dbe5ecf34497fd1efceae5","Garou","69f366ee3f7f13479269b155","6a85c50b8b479428678b69b8","2026-08-19 11:06"
"NorthKoreaEnjoyer","6a5776b9557fa0b8070897d7","Ayli","6381e9f58453af043b2f4206","6a85c573b97b40e5013d6a98","2026-08-19 11:06"
"盲","63b6a120ed1bf0b1b513dfb8","Mitteconrad","6056349f72a5a900014128a9","6a85c4701314c768abcf5fae","2026-08-19 11:07"
"wang","64df30f334185dd27cf839a7","iNS4NE","596fcdabcf818c83482add39","6a85c4318b479428678b6634","2026-08-19 11:07"
"MAD MC ISTI(pätrixo)","6912393b171526dcbf92936c","Lancer227","65b1167dd85363b33611ac05","6a85c61b260725335632da2e","2026-08-19 11:07"
"Tomek5_5","606e09423667bc0001ad663d","kriszh","5922abce1bba700c703b0c00","6a85c595fd2504e27978e6d3","2026-08-19 11:08"
"xLucky07","6771278c215608df4a80a000","Zifuko","5e85136d3d4b6a36ac752a7b","6a85c48a8b479428678b67ba","2026-08-19 11:09"
"Caco","62423c3dda40ac184851c4f0","yang","68c8d78fee2a8aa559e3878b","6a85c4628b479428678b6709","2026-08-19 11:09"
"Lao","67e55b0b1a521e857df969cb","CARTO - GEO","6370f986261c84596054f8de","6a85c56c8b479428678b6b50","2026-08-19 11:09"
"tripleJJJ","606746dda95f2c00017f9ecd","ThomasThTrain","5fdcf2d89f206900016dc4d2","6a85c5f29178618bce7e2a57","2026-08-19 11:09"
"BarryTheBee","62be7867aa13616722f8dd4a",".Uz","654a71f1a02b54c363802082","6a85c4f68b479428678b6966","2026-08-19 11:10"
"Rihanna's alt","6a3c2f99fe770b27148e8436","Tottenhamwisps","60ad03a48b6e1d00012f8e7e","6a85c5bd8b479428678b6ca2","2026-08-19 11:10"
"SigmaLigma","641e0c54c1155de1803057b1","Shakazaramesh","5ef2945bbb96627c9ce5f63f","6a85c5f18b479428678b6d5f","2026-08-19 11:10"
"Clemens363","5f2bb2243ae4f7000134081b","Jerzy Kirkowski","5ecbdec18d6ade72cc832c5a","6a85c27f8b479428678b5f87","2026-08-19 11:10"
"男方鬆 (N鴯D)","6409beba17491edb5a32b684","SentyRu","65dc836b33066622c3ebfb88","6a85c6db8b479428678b7127","2026-08-19 11:10"
"NorthKoreaEnjoyer","6a5776b9557fa0b8070897d7","Garou","69f366ee3f7f13479269b155","6a85c653b97b40e5013d6d0c","2026-08-19 11:11"
"franek3215 2","69bd7ff3c47c5404925b9113","Orangejuice","6963bcefbc79a0f23010eb7c","6a85c5ee8b479428678b6d57","2026-08-19 11:11"
"盲","63b6a120ed1bf0b1b513dfb8","xZenith","6846d165a3008977fe607ade","6a85c6758b479428678b6f85","2026-08-19 11:12"
"Rafa","65d3d579486526d78cd578f9","Ringo","6046c8a097019400018ea4cf","6a85c653fd2504e27978e8d3","2026-08-19 11:12"
"Caco","62423c3dda40ac184851c4f0","Zifuko","5e85136d3d4b6a36ac752a7b","6a85c6eafd2504e27978eab5","2026-08-19 11:12"
"男方鬆 (N鴯D)","6409beba17491edb5a32b684","Ayli","6381e9f58453af043b2f4206","6a85c756fd2504e27978ebde","2026-08-19 11:12"
"iNS4NE","596fcdabcf818c83482add39","Maksonic","619d09bdc4ab7000016c68d3","6a85c6ab8b479428678b706e","2026-08-19 11:13"
"tilted and tired","66549d4cc725af87c3aa9a34","Mitteconrad","6056349f72a5a900014128a9","6a85c6bdfd2504e27978ea47","2026-08-19 11:14"
"kober","67ad18a09e150413a5e6fa66","Ringo","6046c8a097019400018ea4cf","6a85c7c6b97b40e5013d710d","2026-08-19 11:14"
"男方鬆 (N鴯D)","6409beba17491edb5a32b684","franek3215 2","69bd7ff3c47c5404925b9113","6a85c7cc8b479428678b746f","2026-08-19 11:14"
"Ringo","6046c8a097019400018ea4cf","xZenith","6846d165a3008977fe607ade","6a85c7d8fd2504e27978ed54","2026-08-19 11:15"
"antidotess","60859c21128efc0001559603","Syn","5fc86ba947bce10001a030ba","6a85c6a98b479428678b7063","2026-08-19 11:15"
"Zifuko","5e85136d3d4b6a36ac752a7b","Lao","67e55b0b1a521e857df969cb","6a85c7b8b97b40e5013d70f1","2026-08-19 11:15"
"Tottenhamwisps","60ad03a48b6e1d00012f8e7e","SigmaLigma","641e0c54c1155de1803057b1","6a85c73db97b40e5013d6fba","2026-08-19 11:15"
"Deecibel ( washed )","63dbe5ecf34497fd1efceae5","Tomek5_5","606e09423667bc0001ad663d","6a85c6c68b479428678b70d6","2026-08-19 11:15"
"Spinello44","642d9421b7220832b69e489f","Nitorip","60b4e24e49269d00013fa878","6a85c642b97b40e5013d6cef","2026-08-19 11:16"
"Caco","62423c3dda40ac184851c4f0","Rafa","65d3d579486526d78cd578f9","6a85c817b97b40e5013d7203","2026-08-19 11:17"
"Shakazaramesh","5ef2945bbb96627c9ce5f63f","yang","68c8d78fee2a8aa559e3878b","6a85c7371314c768abcf6801","2026-08-19 11:18"
"im recording my gameplay","6a437d2254319c3206c01eb9","Vell","5eea5f1162df1243a0cdd8e4","6a85c7ddfd2504e27978ed62","2026-08-19 11:18"
"franek3215 2","69bd7ff3c47c5404925b9113","Andrade","631f700e2347fcd4bef6185b","6a85c86b8b479428678b7688","2026-08-19 11:18"
"盲","63b6a120ed1bf0b1b513dfb8","wang","64df30f334185dd27cf839a7","6a85c7a88b479428678b73e5","2026-08-19 11:19"
"iNS4NE","596fcdabcf818c83482add39","Ringo","6046c8a097019400018ea4cf","6a85c8578b479428678b7645","2026-08-19 11:19"
"ferreiro","5f126427d6ca438f24009b8e","男方鬆 (N鴯D)","6409beba17491edb5a32b684","6a85c813260725335632dfe4","2026-08-19 11:19"
"teddy bear","66f081f2bf4b230a2fcb970c","Wodak","6796246986227732f607bc7a","6a85c693fd2504e27978e9e5","2026-08-19 11:19"
"NorthKoreaEnjoyer","6a5776b9557fa0b8070897d7","Garou","69f366ee3f7f13479269b155","6a85c7a3260725335632de9e","2026-08-19 11:19"
"Syn","5fc86ba947bce10001a030ba","Wijn.","657979f3db414bd0da540f23","6a85c888fd2504e27978ef0f","2026-08-19 11:19"
"kober","67ad18a09e150413a5e6fa66","dudu","6202faaecee03000019ebc88","6a85c8f0fd2504e27978f065","2026-08-19 11:20"
"BarryTheBee","62be7867aa13616722f8dd4a","M1tzki","668717ff41553d75c689c749","6a85c75bfd2504e27978ebee","2026-08-19 11:21"
"ALFA","5b6f185f7135fa0e48b5528a","Noksi","6557a72349182de4e31db900","6a85c671260725335632db1f","2026-08-19 11:21"
"Ringo","6046c8a097019400018ea4cf","ferreiro","5f126427d6ca438f24009b8e","6a85c955fd2504e27978f176","2026-08-19 11:21"
"Zifuko","5e85136d3d4b6a36ac752a7b","antidotess","60859c21128efc0001559603","6a85c86ffd2504e27978eec8","2026-08-19 11:21"
"Jerzy Kirkowski","5ecbdec18d6ade72cc832c5a","Nitorip","60b4e24e49269d00013fa878","6a85c89f8b479428678b772c","2026-08-19 11:21"
"teddy bear","66f081f2bf4b230a2fcb970c","ferreiro","5f126427d6ca438f24009b8e","6a85c9aeb97b40e5013d75e4","2026-08-19 11:22"
"SigmaLigma","641e0c54c1155de1803057b1","Deecibel ( washed )","63dbe5ecf34497fd1efceae5","6a85c8c18b479428678b7796","2026-08-19 11:22"
"Lao","67e55b0b1a521e857df969cb","nowiczok in your tea","62f970d6df4ff6a0e2c48e03","6a85c92c260725335632e29d","2026-08-19 11:22"
"男方鬆 (N鴯D)","6409beba17491edb5a32b684","NorthKoreaEnjoyer","6a5776b9557fa0b8070897d7","6a85c94dfd2504e27978f15b","2026-08-19 11:22"
"Rihanna's alt","6a3c2f99fe770b27148e8436","Mitteconrad","6056349f72a5a900014128a9","6a85c82e1314c768abcf6a99","2026-08-19 11:23"
"Caco","62423c3dda40ac184851c4f0","Tottenhamwisps","60ad03a48b6e1d00012f8e7e","6a85c923260725335632e28d","2026-08-19 11:23"
"yang","68c8d78fee2a8aa559e3878b","Vell","5eea5f1162df1243a0cdd8e4","6a85c90e8b479428678b78a5","2026-08-19 11:24"
"franek3215 2","69bd7ff3c47c5404925b9113","twitch.tv/somanytearsss","694afef9362dac5a39fa9f54","6a85c985fd2504e27978f211","2026-08-19 11:24"
"Caco","62423c3dda40ac184851c4f0","SigmaLigma","641e0c54c1155de1803057b1","6a85ca314175d0a421c8c677","2026-08-19 11:25"
"Jakub","5bef0f16fa37262f1c2c2d68","DeTect","65aaf6d23171e89a57705b47","6a85c9c8fd2504e27978f2d7","2026-08-19 11:25"
"boss bandit","63f549d56242089cd8f3b10e","iNS4NE","596fcdabcf818c83482add39","6a85c98c260725335632e396","2026-08-19 11:26"
"dudu","6202faaecee03000019ebc88","盲","63b6a120ed1bf0b1b513dfb8","6a85c9708b479428678b79d6","2026-08-19 11:26"
"maks","6414d29eb61bfefd9d16461e","Ringo","6046c8a097019400018ea4cf","6a85c9d88b479428678b7b4b","2026-08-19 11:26"
"Waluuuuuuu","6380cc417b431c1eece4916c","Rafa","65d3d579486526d78cd578f9","6a85c8e5fd2504e27978f02d","2026-08-19 11:26"
"Clemens363","5f2bb2243ae4f7000134081b","Tomek5_5","606e09423667bc0001ad663d","6a85c8878b479428678b76e2","2026-08-19 11:26"
"NorthKoreaEnjoyer","6a5776b9557fa0b8070897d7","Lao","67e55b0b1a521e857df969cb","6a85c9fd8b479428678b7beb","2026-08-19 11:26"
"ferreiro","5f126427d6ca438f24009b8e","franek3215 2","69bd7ff3c47c5404925b9113","6a85ca961314c768abcf70c5","2026-08-19 11:27"
"NorthKoreaEnjoyer","6a5776b9557fa0b8070897d7","Lao","67e55b0b1a521e857df969cb","6a85c9fd8b479428678b7beb","2026-08-19 11:27"
"Jerzy Kirkowski","5ecbdec18d6ade72cc832c5a","nowiczok in your tea","62f970d6df4ff6a0e2c48e03","6a85c9f4b97b40e5013d76df","2026-08-19 11:27"
"Garou","69f366ee3f7f13479269b155","Syn","5fc86ba947bce10001a030ba","6a85c9b2260725335632e3fa","2026-08-19 11:27"
"xZenith","6846d165a3008977fe607ade","wafflyss","6068a918d8694000010952a2","6a85cabcb97b40e5013d78ec","2026-08-19 11:28"
"teddy bear","66f081f2bf4b230a2fcb970c","男方鬆 (N鴯D)","6409beba17491edb5a32b684","6a85ca138b479428678b7c3b","2026-08-19 11:28"
"SigmaLigma","641e0c54c1155de1803057b1","Deecibel ( washed )","63dbe5ecf34497fd1efceae5","6a85cab8b97b40e5013d78db","2026-08-19 11:29"
"盲","63b6a120ed1bf0b1b513dfb8","dudu","6202faaecee03000019ebc88","6a85cae5b97b40e5013d7991","2026-08-19 11:30"
"xZenith","6846d165a3008977fe607ade","teddy bear","66f081f2bf4b230a2fcb970c","6a85cb83260725335632e99b","2026-08-19 11:30"
"Caco","62423c3dda40ac184851c4f0","Tomek5_5","606e09423667bc0001ad663d","6a85caec9178618bce7e36e6","2026-08-19 11:30"
"Zifuko","5e85136d3d4b6a36ac752a7b","antidotess","60859c21128efc0001559603","6a85c9de8b479428678b7b6f","2026-08-19 11:30"
"Tottenhamwisps","60ad03a48b6e1d00012f8e7e","layy ♡","603df174d3dc740001da871a","6a85ca6bfd2504e27978f4d4","2026-08-19 11:30"
"PML","615b4d8920ea1200012de9bf","Jacky Wong","63be7833696b395b1a06db85","6a85cac9260725335632e74b","2026-08-19 11:30"
"Ringo","6046c8a097019400018ea4cf","Quentin4d","5eb7783deb473f2558de286d","6a85cb21fd2504e27978f709","2026-08-19 11:31"
"Erika","6835b7af656c2c951937f92e","maks","6414d29eb61bfefd9d16461e","6a85cb0b1314c768abcf7235","2026-08-19 11:31"
"Anya_TW","62739f6613352a5af981b531","GeoChiko","637129eb9d737c55a520a3e3","6a85c5b18b479428678b6c63","2026-08-19 11:31"
"It Ain't Me","69e11bbbae08465e06203227","iNS4NE","596fcdabcf818c83482add39","6a85cae78b479428678b7f75","2026-08-19 11:32"
"ferreiro","5f126427d6ca438f24009b8e","franek3215 2","69bd7ff3c47c5404925b9113","6a85cb43b97b40e5013d7a88","2026-08-19 11:32"
"AromatikoBombatiko","669e4ec691320f1dae6e4e5e","xyz121","69743aff656999ac66c57552","6a85cbebb97b40e5013d7c95","2026-08-19 11:32"
"BarryTheBee","62be7867aa13616722f8dd4a","M1tzki","668717ff41553d75c689c749","6a85ca00260725335632e513","2026-08-19 11:33"
"Mitteconrad","6056349f72a5a900014128a9","no thoughts, just violence","61cdfc02f6470200011a0caa","6a85ca6f1314c768abcf705e","2026-08-19 11:33"
"yang","68c8d78fee2a8aa559e3878b","Zaxter","60acecf82e13c40001e2ae29","6a85ca968b479428678b7e0d","2026-08-19 11:33"
"nowiczok in your tea","62f970d6df4ff6a0e2c48e03","Garou","69f366ee3f7f13479269b155","6a85cb5a8b479428678b8129","2026-08-19 11:33"
"Jerzy Kirkowski","5ecbdec18d6ade72cc832c5a","NorthKoreaEnjoyer","6a5776b9557fa0b8070897d7","6a85cb299178618bce7e3760","2026-08-19 11:34"
"teddy bear","66f081f2bf4b230a2fcb970c","Ringo","6046c8a097019400018ea4cf","6a85cc24b97b40e5013d7d4b","2026-08-19 11:35"
"ferreiro","5f126427d6ca438f24009b8e","Quentin4d","5eb7783deb473f2558de286d","6a85ccadfd2504e27978fba8","2026-08-19 11:35"
"yang","68c8d78fee2a8aa559e3878b","Zaxter","60acecf82e13c40001e2ae29","6a85cca79178618bce7e3be0","2026-08-19 11:35"
"Kome.jpeg","5bbdcfab2c01735208565bce","ElViejoFran420","66dc17fc166b047fc041d4c0","6a85cc3c8b479428678b847a","2026-08-19 11:35"
"盲","63b6a120ed1bf0b1b513dfb8","dudu","6202faaecee03000019ebc88","6a85cbd8b97b40e5013d7c5c","2026-08-19 11:36"
"Dan YAile","60ef0697612a5400012c89a3","xZenith","6846d165a3008977fe607ade","6a85cc048b479428678b8395","2026-08-19 11:36"
"Rafa","65d3d579486526d78cd578f9","Waluuuuuuu","6380cc417b431c1eece4916c","6a85cb11f00b024238b57358","2026-08-19 11:36"
"SigmaLigma","641e0c54c1155de1803057b1","zappi","605b96419b413c0001f0390b","6a85cb9cb97b40e5013d7b8a","2026-08-19 11:36"
"Tudelzzz","6549fc9cf755320e28e30de7","Elori","57d698c209f2ef93b8572689","6a85c52e260725335632d7b0","2026-08-19 11:36"
"Deecibel ( washed )","63dbe5ecf34497fd1efceae5","Tomek5_5","606e09423667bc0001ad663d","6a85cbfd9178618bce7e39e7","2026-08-19 11:36"
"Maksonic","619d09bdc4ab7000016c68d3","It Ain't Me","69e11bbbae08465e06203227","6a85cc63b97b40e5013d7e0d","2026-08-19 11:37"
"layy ♡","603df174d3dc740001da871a","maks","6414d29eb61bfefd9d16461e","6a85cc3bfd2504e27978fa5a","2026-08-19 11:37"
"mii3en","66159d055967919df66cf9c0","Dasi","60646de64f3a8e00016fae55","6a85cc748b479428678b8566","2026-08-19 11:37"
"Jacky Wong","63be7833696b395b1a06db85","PML","615b4d8920ea1200012de9bf","6a85cd51b97b40e5013d8198","2026-08-19 11:37"
"iNS4NE","596fcdabcf818c83482add39","boss bandit","63f549d56242089cd8f3b10e","6a85cc72fd2504e27978fafc","2026-08-19 11:38"
"wang","64df30f334185dd27cf839a7","iNS4NE","596fcdabcf818c83482add39","6a85cdc1b97b40e5013d8365","2026-08-19 11:39"
"Shakazaramesh","5ef2945bbb96627c9ce5f63f","Vell","5eea5f1162df1243a0cdd8e4","6a85cc9c8b479428678b8613","2026-08-19 11:39"
"NorthKoreaEnjoyer","6a5776b9557fa0b8070897d7","Garou","69f366ee3f7f13479269b155","6a85ccfe260725335632ee1b","2026-08-19 11:39"
"男方鬆 (N鴯D)","6409beba17491edb5a32b684","franek3215 2","69bd7ff3c47c5404925b9113","6a85cd91fd2504e27978fec0","2026-08-19 11:39"
"flaky htf","60ae985660d1f000019f0ef1","nowiczok in your tea","62f970d6df4ff6a0e2c48e03","6a85cca8b97b40e5013d7ede","2026-08-19 11:39"
"dudu","6202faaecee03000019ebc88","盲","63b6a120ed1bf0b1b513dfb8","6a85cd6f8b479428678b89d5","2026-08-19 11:40"
"Erika","6835b7af656c2c951937f92e","Caco","62423c3dda40ac184851c4f0","6a85cc5f321b3548ea5f5616","2026-08-19 11:40"
"val1d","63875de4e55ec4234b26d1fb","teddy bear","66f081f2bf4b230a2fcb970c","6a85cd408b479428678b88b2","2026-08-19 11:40"
"Geoplonker","63e1d8513621f1ba4a58fb70","Sosta///","5e1b11a037a93b220477f7d9","6a85cc568b479428678b84e4","2026-08-19 11:40"
"男方鬆 (N鴯D)","6409beba17491edb5a32b684","franek3215 2","69bd7ff3c47c5404925b9113","6a85cdf0260725335632f150","2026-08-19 11:40"
"Rihanna's alt","6a3c2f99fe770b27148e8436","Julian","5a8eb2d498cc2c6744a88ce4","6a85cab1b97b40e5013d78cc","2026-08-19 11:41"
"xZenith","6846d165a3008977fe607ade","Ringo","6046c8a097019400018ea4cf","6a85cd32260725335632ee9d","2026-08-19 11:41"
"Rafa","65d3d579486526d78cd578f9","Waluuuuuuu","6380cc417b431c1eece4916c","6a85cd3cfd2504e27978fd7f","2026-08-19 11:41"
"男方鬆 (N鴯D)","6409beba17491edb5a32b684","franek3215 2","69bd7ff3c47c5404925b9113","6a85cdf0260725335632f150","2026-08-19 11:41"
"GeoChiko","637129eb9d737c55a520a3e3","Wijn.","657979f3db414bd0da540f23","6a85cdd99178618bce7e3fd0","2026-08-19 11:41"
"M1tzki","668717ff41553d75c689c749","MARLON","676d5a15801d2d75f4d6d09e","6a85ccc08b479428678b8695","2026-08-19 11:42"
"It Ain't Me","69e11bbbae08465e06203227","maks","6414d29eb61bfefd9d16461e","6a85cd9eb97b40e5013d8305","2026-08-19 11:42"
"flaky htf","60ae985660d1f000019f0ef1","franek3215 2","69bd7ff3c47c5404925b9113","6a85ce23fd2504e2797900b5","2026-08-19 11:42"
"franek3215 2","69bd7ff3c47c5404925b9113","男方鬆 (N鴯D)","6409beba17491edb5a32b684","6a85ce5c8b479428678b8e33","2026-08-19 11:42"
"layy ♡","603df174d3dc740001da871a","wang","64df30f334185dd27cf839a7","6a85ce1f8b479428678b8d1a","2026-08-19 11:43"
"teddy bear","66f081f2bf4b230a2fcb970c","val1d","63875de4e55ec4234b26d1fb","6a85ce34fd2504e279790109","2026-08-19 11:43"
"zappi","605b96419b413c0001f0390b","SigmaLigma","641e0c54c1155de1803057b1","6a85cd618b479428678b8941","2026-08-19 11:43"
"Tomek5_5","606e09423667bc0001ad663d","PML","615b4d8920ea1200012de9bf","6a85cdc48b479428678b8b92","2026-08-19 11:43"
"dyingangels","5aae066718399e2758306701","twitch.tv/somanytearsss","694afef9362dac5a39fa9f54","6a85ce518b479428678b8df9","2026-08-19 11:44"
"BarryTheBee","62be7867aa13616722f8dd4a","hoppyface","5d6e4022b4ec1709f0729979","6a85cd248b479428678b883c","2026-08-19 11:45"
"Maksonic","619d09bdc4ab7000016c68d3","dudu","6202faaecee03000019ebc88","6a85ce41fd2504e27979013b","2026-08-19 11:45"
"It Ain't Me","69e11bbbae08465e06203227","Ringo","6046c8a097019400018ea4cf","6a85ceaa8b479428678b8f6e","2026-08-19 11:45"
"no thoughts, just violence","61cdfc02f6470200011a0caa","Mitteconrad","6056349f72a5a900014128a9","6a85ccb9260725335632ed1e","2026-08-19 11:45"
"Quentin4d","5eb7783deb473f2558de286d","val1d","63875de4e55ec4234b26d1fb","6a85cef08b479428678b90d3","2026-08-19 11:45"
"男方鬆 (N鴯D)","6409beba17491edb5a32b684","franek3215 2","69bd7ff3c47c5404925b9113","6a85cecbb97b40e5013d86a8","2026-08-19 11:45"
"Dasi","60646de64f3a8e00016fae55","nowiczok in your tea","62f970d6df4ff6a0e2c48e03","6a85ce84260725335632f2cb","2026-08-19 11:45"
"Caco","62423c3dda40ac184851c4f0","Rafa","65d3d579486526d78cd578f9","6a85ce6db97b40e5013d856f","2026-08-19 11:46"
"franek3215 2","69bd7ff3c47c5404925b9113","Ayli","6381e9f58453af043b2f4206","6a85ced2b97b40e5013d86b7","2026-08-19 11:46"
"val1d","63875de4e55ec4234b26d1fb","dyingangels","5aae066718399e2758306701","6a85cf6a8b479428678b92b7","2026-08-19 11:47"
"PML","615b4d8920ea1200012de9bf","Geoplonker","63e1d8513621f1ba4a58fb70","6a85cef71314c768abcf7e95","2026-08-19 11:47"
"GeoChiko","637129eb9d737c55a520a3e3","twitch.tv/somanytearsss","694afef9362dac5a39fa9f54","6a85cf208b479428678b9195","2026-08-19 11:47"
"Syn","5fc86ba947bce10001a030ba","ElViejoFran420","66dc17fc166b047fc041d4c0","6a85ceeefd2504e27979031a","2026-08-19 11:48"
"Dasi","60646de64f3a8e00016fae55","nowiczok in your tea","62f970d6df4ff6a0e2c48e03","6a85cf7e8b479428678b9314","2026-08-19 11:49"
"Brzoza","60ababeffb1efa0001302754","Caco","62423c3dda40ac184851c4f0","6a85d0028b479428678b9530","2026-08-19 11:50"
"Shakazaramesh","5ef2945bbb96627c9ce5f63f","Deecibel ( washed )","63dbe5ecf34497fd1efceae5","6a85ce05260725335632f181","2026-08-19 11:50"
"Jacky Wong","63be7833696b395b1a06db85","kakithesukip","6809563cae64cffc1988e9fe","6a85cdd09178618bce7e3fbb","2026-08-19 11:50"
"盲","63b6a120ed1bf0b1b513dfb8","MARLON","676d5a15801d2d75f4d6d09e","6a85ced48b479428678b903a","2026-08-19 11:51"
"layy ♡","603df174d3dc740001da871a","Julian","5a8eb2d498cc2c6744a88ce4","6a85cf721314c768abcf8002","2026-08-19 11:51"
"Mitteconrad","6056349f72a5a900014128a9","no thoughts, just violence","61cdfc02f6470200011a0caa","6a85cfccb97b40e5013d89f4","2026-08-19 11:51"
"Waluuuuuuu","6380cc417b431c1eece4916c","maks","6414d29eb61bfefd9d16461e","6a85ce98fd2504e279790242","2026-08-19 11:51"
"dyingangels","5aae066718399e2758306701","val1d","63875de4e55ec4234b26d1fb","6a85cfef8b479428678b94e3","2026-08-19 11:51"
"flaky htf","60ae985660d1f000019f0ef1","Wijn.","657979f3db414bd0da540f23","6a85cf088b479428678b9116","2026-08-19 11:51"
"PML","615b4d8920ea1200012de9bf","oh3","6239e8131e5d7a02a973159c","6a85cfe4260725335632f651","2026-08-19 11:51"
"Dasi","60646de64f3a8e00016fae55","geometry","6677323b8c4a3f875615805f","6a85d0748b479428678b9739","2026-08-19 11:51"
"hoppyface","5d6e4022b4ec1709f0729979","dudu","6202faaecee03000019ebc88","6a85cf808b479428678b931a","2026-08-19 11:52"
"Tudelzzz","6549fc9cf755320e28e30de7","Tomek5_5","606e09423667bc0001ad663d","6a85cf078b479428678b9114","2026-08-19 11:52"
"Quentin4d","5eb7783deb473f2558de286d","男方鬆 (N鴯D)","6409beba17491edb5a32b684","6a85cf9d8b479428678b9398","2026-08-19 11:52"
"boss bandit","63f549d56242089cd8f3b10e","iNS4NE","596fcdabcf818c83482add39","6a85ce218b479428678b8d22","2026-08-19 11:53"
"VehicleRonald","626be1db347a090f4e84683f","1k","5e1baa352034a083c05674a7","6a85cf38fd2504e279790415","2026-08-19 11:53"
"teddy bear","66f081f2bf4b230a2fcb970c","val1d","63875de4e55ec4234b26d1fb","6a85d0e28b479428678b98f0","2026-08-19 11:53"
"Rafa","65d3d579486526d78cd578f9","SigmaLigma","641e0c54c1155de1803057b1","6a85cfce1314c768abcf8113","2026-08-19 11:53"
"Jakub","5bef0f16fa37262f1c2c2d68","Kome.jpeg","5bbdcfab2c01735208565bce","6a85d00e8b479428678b9566","2026-08-19 11:53"
"Garou","69f366ee3f7f13479269b155","Geoplonker","63e1d8513621f1ba4a58fb70","6a85cfcb8b479428678b9460","2026-08-19 11:53"
"Moritz","604e275b66c3940001ee30ed","Dasi","60646de64f3a8e00016fae55","6a85d0c7b97b40e5013d8ca7","2026-08-19 11:54"
"Waluuuuuuu","6380cc417b431c1eece4916c","maks","6414d29eb61bfefd9d16461e","6a85d0b38b479428678b983c","2026-08-19 11:55"
"Tomek5_5","606e09423667bc0001ad663d","男方鬆 (N鴯D)","6409beba17491edb5a32b684","6a85d120fd2504e279790a12","2026-08-19 11:55"
"GeoChiko","637129eb9d737c55a520a3e3","Wijn.","657979f3db414bd0da540f23","6a85d0ea8b479428678b9917","2026-08-19 11:55"
"Dan YAile","60ef0697612a5400012c89a3","It Ain't Me","69e11bbbae08465e06203227","6a85d0351314c768abcf8235","2026-08-19 11:56"
"Brzoza","60ababeffb1efa0001302754","Genghis Khan","604a67e702e32a000195a11e","6a85d07a8b479428678b9745","2026-08-19 11:56"
"teddy bear","66f081f2bf4b230a2fcb970c","grytsko","68a2376a48461ffeecd42351","6a85d1471314c768abcf8584","2026-08-19 11:56"
"Shakazaramesh","5ef2945bbb96627c9ce5f63f","Tottenhamwisps","60ad03a48b6e1d00012f8e7e","6a85d0e98b479428678b9912","2026-08-19 11:56"
"Moritz","604e275b66c3940001ee30ed","tripleJJJ","606746dda95f2c00017f9ecd","6a85d17fb97b40e5013d8f05","2026-08-19 11:56"
"男方鬆 (N鴯D)","6409beba17491edb5a32b684","twitch.tv/somanytearsss","694afef9362dac5a39fa9f54","6a85d1a7b97b40e5013d8fa8","2026-08-19 11:56"
"MagnusMägi","6765f226ab11f49e3748df8b","Julian","5a8eb2d498cc2c6744a88ce4","6a85d135fd2504e279790a5d","2026-08-19 11:57"
"dyingangels","5aae066718399e2758306701","Tomek5_5","606e09423667bc0001ad663d","6a85d1a8fd2504e279790be4","2026-08-19 11:57"
"Lillysbruder","6471c2e45410e20734aedca1","Tudelzzz","6549fc9cf755320e28e30de7","6a85d1658b479428678b9b57","2026-08-19 11:57"
"Jacky Wong","63be7833696b395b1a06db85","Jakub","5bef0f16fa37262f1c2c2d68","6a85d1369178618bce7e4977","2026-08-19 11:57"
"盲","63b6a120ed1bf0b1b513dfb8","Daiiono","5fe17b0ef3881a000180878c","6a85d0e28b479428678b98ef","2026-08-19 11:58"
"MARLON","676d5a15801d2d75f4d6d09e","dudu","6202faaecee03000019ebc88","6a85d0f98b479428678b9947","2026-08-19 11:58"
"Genghis Khan","604a67e702e32a000195a11e","It Ain't Me","69e11bbbae08465e06203227","6a85d1ee8b479428678b9ded","2026-08-19 11:58"
"CARTO - GEO","6370f986261c84596054f8de","Wijn.","657979f3db414bd0da540f23","6a85d1c7b97b40e5013d9018","2026-08-19 11:58"
"Moritz","604e275b66c3940001ee30ed","Tottenhamwisps","60ad03a48b6e1d00012f8e7e","6a85d1eefd2504e279790cd1","2026-08-19 11:59"
"maks","6414d29eb61bfefd9d16461e","Waluuuuuuu","6380cc417b431c1eece4916c","6a85d1d78b479428678b9d90","2026-08-19 12:00"
"grytsko","68a2376a48461ffeecd42351","dyingangels","5aae066718399e2758306701","6a85d25c8b479428678b9ff1","2026-08-19 12:00"
"val1d","63875de4e55ec4234b26d1fb","teddy bear","66f081f2bf4b230a2fcb970c","6a85d1758b479428678b9ba4","2026-08-19 12:00"
"Syn","5fc86ba947bce10001a030ba","Caco","62423c3dda40ac184851c4f0","6a85d088b97b40e5013d8c0e","2026-08-19 12:00"
"Geoplonker","63e1d8513621f1ba4a58fb70","tripleJJJ","606746dda95f2c00017f9ecd","6a85d2118b479428678b9e8e","2026-08-19 12:00"
"no thoughts, just violence","61cdfc02f6470200011a0caa","Mitteconrad","6056349f72a5a900014128a9","6a85d0b28b479428678b9837","2026-08-19 12:01"
"盲","63b6a120ed1bf0b1b513dfb8","Daiiono","5fe17b0ef3881a000180878c","6a85d282b97b40e5013d9283","2026-08-19 12:02"
"teddy bear","66f081f2bf4b230a2fcb970c","Waluuuuuuu","6380cc417b431c1eece4916c","6a85d315260725335633004d","2026-08-19 12:02"
"男方鬆 (N鴯D)","6409beba17491edb5a32b684","Yuno","632641c5fa7cf9e0d6828b4a","6a85d21e8b479428678b9ed5","2026-08-19 12:02"
"simro_206","677eb0df9d782bd50cb2a7c2","Tottenhamwisps","60ad03a48b6e1d00012f8e7e","6a85d2b1fd2504e279790fca","2026-08-19 12:02"
"1k","5e1baa352034a083c05674a7","Brzoza","60ababeffb1efa0001302754","6a85d1ec8b479428678b9de6","2026-08-19 12:04"
"Avandy","60c3535133004c00010451a3","iNS4NE","596fcdabcf818c83482add39","6a85d3158b479428678ba311","2026-08-19 12:04"
"Pandazan","632e19f3f0149e276027d38e","teddy bear","66f081f2bf4b230a2fcb970c","6a85d321fd2504e279791132","2026-08-19 12:04"
"Waluuuuuuu","6380cc417b431c1eece4916c","teddy bear","66f081f2bf4b230a2fcb970c","6a85d369fd2504e279791245","2026-08-19 12:04"
"simro_206","677eb0df9d782bd50cb2a7c2","ElViejoFran420","66dc17fc166b047fc041d4c0","6a85d35e8b479428678ba46b","2026-08-19 12:04"
"MARLON","676d5a15801d2d75f4d6d09e","maks","6414d29eb61bfefd9d16461e","6a85d2ed8b479428678ba242","2026-08-19 12:05"
"Avandy","60c3535133004c00010451a3","iNS4NE","596fcdabcf818c83482add39","6a85d3e4b97b40e5013d9724","2026-08-19 12:05"
"It Ain't Me","69e11bbbae08465e06203227","dudu","6202faaecee03000019ebc88","6a85d28a8b479428678ba0aa","2026-08-19 12:05"
"Moritz","604e275b66c3940001ee30ed","Deecibel ( washed )","63dbe5ecf34497fd1efceae5","6a85d2e48b479428678ba225","2026-08-19 12:05"
"Jakub","5bef0f16fa37262f1c2c2d68","PML","615b4d8920ea1200012de9bf","6a85d23db97b40e5013d916a","2026-08-19 12:05"
"男方鬆 (N鴯D)","6409beba17491edb5a32b684","geometry","6677323b8c4a3f875615805f","6a85d35e8b479428678ba46a","2026-08-19 12:05"
"MagnusMägi","6765f226ab11f49e3748df8b","Julian","5a8eb2d498cc2c6744a88ce4","6a85d23dfd2504e279790e05","2026-08-19 12:06"
"Syn","5fc86ba947bce10001a030ba","grytsko","68a2376a48461ffeecd42351","6a85d3419178618bce7e505d","2026-08-19 12:06"
"Tottenhamwisps","60ad03a48b6e1d00012f8e7e","val1d","63875de4e55ec4234b26d1fb","6a85d3668b479428678ba484","2026-08-19 12:06"
"layy ♡","603df174d3dc740001da871a","SigmaLigma","641e0c54c1155de1803057b1","6a85d1731314c768abcf862c","2026-08-19 12:07"
"iNS4NE","596fcdabcf818c83482add39","Avandy","60c3535133004c00010451a3","6a85d43f321b3548ea5f6ccf","2026-08-19 12:08"
"Genghis Khan","604a67e702e32a000195a11e","Legacyz","62920c79e67deb0506650ca1","6a85d3728b479428678ba4be","2026-08-19 12:08"
"Luis","63b523e80510075fa39aeabc","Moritz","604e275b66c3940001ee30ed","6a85d427fd2504e279791454","2026-08-19 12:08"
"val1d","63875de4e55ec4234b26d1fb","Pandazan","632e19f3f0149e276027d38e","6a85d46f26072533563304b1","2026-08-19 12:08"
"Jakub","5bef0f16fa37262f1c2c2d68","simro_206","677eb0df9d782bd50cb2a7c2","6a85d401fd2504e2797913f4","2026-08-19 12:09"
"盲","63b6a120ed1bf0b1b513dfb8","Daiiono","5fe17b0ef3881a000180878c","6a85d38f26072533563301e4","2026-08-19 12:10"
"dudu","6202faaecee03000019ebc88","It Ain't Me","69e11bbbae08465e06203227","6a85d40d8b479428678ba72f","2026-08-19 12:10"
"teddy bear","66f081f2bf4b230a2fcb970c","Zoe","64012c4575693afea0dec10b","6a85d4129178618bce7e52f6","2026-08-19 12:10"
"男方鬆 (N鴯D)","6409beba17491edb5a32b684","Assonans","5fec56ce3362e4000147ea46","6a85d434fd2504e279791474","2026-08-19 12:10"
"Garou","69f366ee3f7f13479269b155","PML","615b4d8920ea1200012de9bf","6a85d41b1314c768abcf8e6e","2026-08-19 12:10"
"BlackShark","61f04538cc54700001a27678","Ryan","5e1cba902034a09a54bbd59d","6a85d44f2607253356330435","2026-08-19 12:11"
"1k","5e1baa352034a083c05674a7","Brzoza","60ababeffb1efa0001302754","6a85d3cbfd2504e279791352","2026-08-19 12:12"
"It Ain't Me","69e11bbbae08465e06203227","dudu","6202faaecee03000019ebc88","6a85d5288b479428678bab0a","2026-08-19 12:12"
"Genghis Khan","604a67e702e32a000195a11e","Pandazan","632e19f3f0149e276027d38e","6a85d4f2b97b40e5013d9aa0","2026-08-19 12:12"
"no thoughts, just violence","61cdfc02f6470200011a0caa","eglemania","603a7b0367954300019fb4e2","6a85d3579178618bce7e50b6","2026-08-19 12:12"
"maks","6414d29eb61bfefd9d16461e","Waluuuuuuu","6380cc417b431c1eece4916c","6a85d3fb8b479428678ba6f7","2026-08-19 12:12"
"Zhihh","63b435e80510075fa39ac039","Nitorip","60b4e24e49269d00013fa878","6a85d3f62607253356330339","2026-08-19 12:12"
"iNS4NE","596fcdabcf818c83482add39","Avandy","60c3535133004c00010451a3","6a85d4e2fd2504e27979169d","2026-08-19 12:13"
"grytsko","68a2376a48461ffeecd42351","SigmaLigma","641e0c54c1155de1803057b1","6a85d4c0fd2504e279791642","2026-08-19 12:13"
"Tottenhamwisps","60ad03a48b6e1d00012f8e7e","MagnusMägi","6765f226ab11f49e3748df8b","6a85d47926072533563304cd","2026-08-19 12:13"
"Jacky Wong","63be7833696b395b1a06db85","twitch.tv/somanytearsss","694afef9362dac5a39fa9f54","6a85d3ea8b479428678ba6a5","2026-08-19 12:13"
"spherical_cow","62b34fca140a13acdc6567df","SanderFMC","62ce8106f827cbfd72056f46","6a85d0068b479428678b9542","2026-08-19 12:14"
"MARLON","676d5a15801d2d75f4d6d09e","Julian","5a8eb2d498cc2c6744a88ce4","6a85d46e9178618bce7e53cc","2026-08-19 12:15"
"Vell","5eea5f1162df1243a0cdd8e4","simro_206","677eb0df9d782bd50cb2a7c2","6a85d524fd2504e2797917b8","2026-08-19 12:15"
"DK","616dadb53ea44c00014582b8","Daiiono","5fe17b0ef3881a000180878c","6a85d5868b479428678bac57","2026-08-19 12:16"
"男方鬆 (N鴯D)","6409beba17491edb5a32b684","Zoe","64012c4575693afea0dec10b","6a85d5491314c768abcf9195","2026-08-19 12:16"
"Deecibel ( washed )","63dbe5ecf34497fd1efceae5","Nitorip","60b4e24e49269d00013fa878","6a85d5bf2607253356330835","2026-08-19 12:16"
"Zhihh","63b435e80510075fa39ac039","ThomasThTrain","5fdcf2d89f206900016dc4d2","6a85d603260725335633092d","2026-08-19 12:16"
"Bilaxyy","662896176160692b89e271d1","Tomek5_5","606e09423667bc0001ad663d","6a85d5ef26072533563308e7","2026-08-19 12:16"
"Pandazan","632e19f3f0149e276027d38e","grytsko","68a2376a48461ffeecd42351","6a85d644fd2504e279791bf5","2026-08-19 12:17"
"Assonans","5fec56ce3362e4000147ea46","riso***","5e0bb8901b34a023587ad378","6a85d61db97b40e5013d9e64","2026-08-19 12:17"
"Genghis Khan","604a67e702e32a000195a11e","It Ain't Me","69e11bbbae08465e06203227","6a85d5cd1314c768abcf9317","2026-08-19 12:18"
"Avandy","60c3535133004c00010451a3","iNS4NE","596fcdabcf818c83482add39","6a85d5dd8b479428678baded","2026-08-19 12:18"
"MagnusMägi","6765f226ab11f49e3748df8b","SigmaLigma","641e0c54c1155de1803057b1","6a85d65cb97b40e5013d9f37","2026-08-19 12:18"
"Garou","69f366ee3f7f13479269b155","Yuno","632641c5fa7cf9e0d6828b4a","6a85d5768b479428678bac20","2026-08-19 12:18"
"Zoe","64012c4575693afea0dec10b","geometry","6677323b8c4a3f875615805f","6a85d6a18b479428678bb111","2026-08-19 12:18"
"Syn","5fc86ba947bce10001a030ba","Legacyz","62920c79e67deb0506650ca1","6a85d5158b479428678baaab","2026-08-19 12:19"
"dudu","6202faaecee03000019ebc88","Brzoza","60ababeffb1efa0001302754","6a85d5a48b479428678bacc9","2026-08-19 12:20"
"teddy bear","66f081f2bf4b230a2fcb970c","Dissonans","60e09234213b0600019d912e","6a85d6a19178618bce7e5b14","2026-08-19 12:20"
"Deecibel ( washed )","63dbe5ecf34497fd1efceae5","Nitorip","60b4e24e49269d00013fa878","6a85d6d48b479428678bb1f4","2026-08-19 12:20"
"Bilaxyy","662896176160692b89e271d1","Zendaya","679def87311b366ecb41dcae","6a85d6d19178618bce7e5bd1","2026-08-19 12:20"
"Waluuuuuuu","6380cc417b431c1eece4916c","maks","6414d29eb61bfefd9d16461e","6a85d59eb97b40e5013d9cb8","2026-08-19 12:21"
"男方鬆 (N鴯D)","6409beba17491edb5a32b684","mav1land","63f4a2bda13ee3ab588d6275","6a85d7199178618bce7e5c96","2026-08-19 12:21"
"Zoe","64012c4575693afea0dec10b","geometry","6677323b8c4a3f875615805f","6a85d72c9b739dad0fd0dc52","2026-08-19 12:21"
"no thoughts, just violence","61cdfc02f6470200011a0caa","spherical_cow","62b34fca140a13acdc6567df","6a85d6ad8b479428678bb147","2026-08-19 12:22"
"BarryTheBee","62be7867aa13616722f8dd4a","盲","63b6a120ed1bf0b1b513dfb8","6a85d56c1314c768abcf91e7","2026-08-19 12:23"
"twitch.tv/yapchell","67f66e1eab7fc9feab89429b","grytsko","68a2376a48461ffeecd42351","6a85d7039178618bce7e5c6a","2026-08-19 12:23"
"teddy bear","66f081f2bf4b230a2fcb970c","Dissonans","60e09234213b0600019d912e","6a85d7b78b479428678bb547","2026-08-19 12:23"
"男方鬆 (N鴯D)","6409beba17491edb5a32b684","mav1land","63f4a2bda13ee3ab588d6275","6a85d80a1314c768abcf9993","2026-08-19 12:23"
"Zhihh","63b435e80510075fa39ac039","simro_206","677eb0df9d782bd50cb2a7c2","6a85d6a78b479428678bb134","2026-08-19 12:23"
"PML","615b4d8920ea1200012de9bf","GeoNestor","5a0761e672d16b933871e7a1","6a85d5788b479428678bac27","2026-08-19 12:23"
"dudu","6202faaecee03000019ebc88","MARLON","676d5a15801d2d75f4d6d09e","6a85d7b7fd2504e27979206a","2026-08-19 12:24"
"twitch.tv/yapchell","67f66e1eab7fc9feab89429b","Genghis Khan","604a67e702e32a000195a11e","6a85d8498b479428678bb785","2026-08-19 12:24"
"Deecibel ( washed )","63dbe5ecf34497fd1efceae5","Assonans","5fec56ce3362e4000147ea46","6a85d7a6fd2504e279792047","2026-08-19 12:24"
"1k","5e1baa352034a083c05674a7","Julian","5a8eb2d498cc2c6744a88ce4","6a85d6ca2607253356330bf0","2026-08-19 12:25"
"Avandy","60c3535133004c00010451a3","Brzoza","60ababeffb1efa0001302754","6a85d79bfd2504e279792027","2026-08-19 12:25"
"maks","6414d29eb61bfefd9d16461e","Waluuuuuuu","6380cc417b431c1eece4916c","6a85d7c63b0aa70ae4194253","2026-08-19 12:25"
"Legacyz","62920c79e67deb0506650ca1","It Ain't Me","69e11bbbae08465e06203227","6a85d77b9178618bce7e5d80","2026-08-19 12:26"
"Żukasz","602cfd5dc397fa0001f09dfb","Dissonans","60e09234213b0600019d912e","6a85d8578b479428678bb7b7","2026-08-19 12:26"
"Action2410","6600817f787a1218b6f41ff2","Mundane Metazoan","611e6a266eba2c00010f1232","6a853dba3107cfa69a8e69e4","2026-08-19 12:26"
"男方鬆 (N鴯D)","6409beba17491edb5a32b684","teddy bear","66f081f2bf4b230a2fcb970c","6a85d86b8b479428678bb80e","2026-08-19 12:27"
"SigmaLigma","641e0c54c1155de1803057b1","NotNMPZDitoAgain","690b3774653c4fdcfc395260","6a85d7268b479428678bb33a","2026-08-19 12:27"
"grytsko","68a2376a48461ffeecd42351","mav1land","63f4a2bda13ee3ab588d6275","6a85d8d22607253356331126","2026-08-19 12:28"
"Julian","5a8eb2d498cc2c6744a88ce4","maks","6414d29eb61bfefd9d16461e","6a85d8d9b97b40e5013da5f1","2026-08-19 12:29"
"AromatikoBombatiko","669e4ec691320f1dae6e4e5e","Assonans","5fec56ce3362e4000147ea46","6a85d90c8b479428678bba1f","2026-08-19 12:29"
"Brzoza","60ababeffb1efa0001302754","Genghis Khan","604a67e702e32a000195a11e","6a85d8dd8b479428678bb97e","2026-08-19 12:30"
"Tottenhamwisps","60ad03a48b6e1d00012f8e7e","Waluuuuuuu","6380cc417b431c1eece4916c","6a85d8fa8b479428678bb9d4","2026-08-19 12:30"
"SanderFMC","62ce8106f827cbfd72056f46","eglemania","603a7b0367954300019fb4e2","6a85d77bf00b024238b59638","2026-08-19 12:30"
"dudu","6202faaecee03000019ebc88","Maksonic","619d09bdc4ab7000016c68d3","6a85d8a09178618bce7e601a","2026-08-19 12:31"
"男方鬆 (N鴯D)","6409beba17491edb5a32b684","teddy bear","66f081f2bf4b230a2fcb970c","6a85d92e8b479428678bba93","2026-08-19 12:31"
"Syn","5fc86ba947bce10001a030ba","F12RXY7U9I","6919845c3a6623b10b2fa710","6a85d9768b479428678bbb93","2026-08-19 12:31"
"Dissonans","60e09234213b0600019d912e","Żukasz","602cfd5dc397fa0001f09dfb","6a85d8fcfd2504e2797923ca","2026-08-19 12:31"
"Garou","69f366ee3f7f13479269b155","simro_206","677eb0df9d782bd50cb2a7c2","6a85d8aa8b479428678bb8c5","2026-08-19 12:31"
"1k","5e1baa352034a083c05674a7","盲","63b6a120ed1bf0b1b513dfb8","6a85d8fb2607253356331199","2026-08-19 12:32"
"irrational","65ba97ce8b2ba0c747ffa3b7","habesh","647734d056305f7bf5561a4e","6a85d55eb97b40e5013d9c09","2026-08-19 12:32"
"Deecibel ( washed )","63dbe5ecf34497fd1efceae5","Lottta","6019a1a4665de0000144339d","6a85d8f11314c768abcf9bba","2026-08-19 12:32"
"PML","615b4d8920ea1200012de9bf","tellomura","678ab426b5666218c82e03af","6a85d8518b479428678bb79c","2026-08-19 12:32"
"Surgut sand","5ec369eae7115241a4e75beb","bruno_","63539f99d762f9640ac69c12","6a85d9fd26072533563314af","2026-08-19 12:32"
"BarryTheBee","62be7867aa13616722f8dd4a","adams","62f0c9a9822a3f816d659d84","6a85d9d68b479428678bbce1","2026-08-19 12:33"
"Avandy","60c3535133004c00010451a3","kent","5fa7ab03b45c670001342904","6a85d9bcfd2504e2797925e3","2026-08-19 12:33"
"Legacyz","62920c79e67deb0506650ca1","It Ain't Me","69e11bbbae08465e06203227","6a85d8ff9178618bce7e60f1","2026-08-19 12:33"
"Brzoza","60ababeffb1efa0001302754","Genghis Khan","604a67e702e32a000195a11e","6a85d9e98b479428678bbd09","2026-08-19 12:34"
"grytsko","68a2376a48461ffeecd42351","val1d","63875de4e55ec4234b26d1fb","6a85d9c5fd2504e279792600","2026-08-19 12:34"
"Zhihh","63b435e80510075fa39ac039","GeoNestor","5a0761e672d16b933871e7a1","6a85d8bf8b479428678bb919","2026-08-19 12:34"
"kent","5fa7ab03b45c670001342904","kober","67ad18a09e150413a5e6fa66","6a85da96b97b40e5013daa38","2026-08-19 12:35"
"Daiiono","5fe17b0ef3881a000180878c","maks","6414d29eb61bfefd9d16461e","6a85d9ddfd2504e279792661","2026-08-19 12:35"
"Caco","62423c3dda40ac184851c4f0","PLK","62179a5c8e88d400010d91ea","6a85dab8fd2504e279792892","2026-08-19 12:35"
"Żukasz","602cfd5dc397fa0001f09dfb","Dissonans","60e09234213b0600019d912e","6a85da468b479428678bbe54","2026-08-19 12:35"
"kent","5fa7ab03b45c670001342904","kober","67ad18a09e150413a5e6fa66","6a85db3b8b479428678bc160","2026-08-19 12:36"
"Lemon","603bb687f532bb0001c6f2f6","Avandy","60c3535133004c00010451a3","6a85dad88b479428678bc003","2026-08-19 12:36"
"SigmaLigma","641e0c54c1155de1803057b1","Syn","5fc86ba947bce10001a030ba","6a85da351314c768abcf9ee2","2026-08-19 12:36"
"Caco","62423c3dda40ac184851c4f0","PLK","62179a5c8e88d400010d91ea","6a85db4b8b479428678bc1a7","2026-08-19 12:37"
"男方鬆 (N鴯D)","6409beba17491edb5a32b684","teddy bear","66f081f2bf4b230a2fcb970c","6a85da83fd2504e279792829","2026-08-19 12:37"
"val1d","63875de4e55ec4234b26d1fb","grytsko","68a2376a48461ffeecd42351","6a85dae61314c768abcfa05d","2026-08-19 12:37"
"Orangejuice","6963bcefbc79a0f23010eb7c","teddy bear","66f081f2bf4b230a2fcb970c","6a85dab79178618bce7e64be","2026-08-19 12:37"
"Schwarzweiss","5cfadc71b741f84acc8b23df","Zhihh","63b435e80510075fa39ac039","6a85db0c8b479428678bc0b3","2026-08-19 12:37"
"AromatikoBombatiko","669e4ec691320f1dae6e4e5e","Max","5f847db332173400011b50bb","6a85dad21314c768abcfa02b","2026-08-19 12:37"
"Garou","69f366ee3f7f13479269b155","PML","615b4d8920ea1200012de9bf","6a85da66b97b40e5013da9cf","2026-08-19 12:37"
"Vell","5eea5f1162df1243a0cdd8e4","egon","67d1cdbecf715f3c32f7057a","6a85d99bfd2504e279792572","2026-08-19 12:37"
"Max","5f847db332173400011b50bb","Barkuz","6084243b0feb6600017e1a7e","6a85db818b479428678bc2b5","2026-08-19 12:38"
"mav1land","63f4a2bda13ee3ab588d6275","Assonans","5fec56ce3362e4000147ea46","6a85db0efd2504e2797929af","2026-08-19 12:38"
"GeoNestor","5a0761e672d16b933871e7a1","twitch.tv/somanytearsss","694afef9362dac5a39fa9f54","6a85db3a8b479428678bc15d","2026-08-19 12:38"
"Maksonic","619d09bdc4ab7000016c68d3","Legacyz","62920c79e67deb0506650ca1","6a85dabffd2504e2797928ac","2026-08-19 12:39"
"Dissonans","60e09234213b0600019d912e","Żukasz","602cfd5dc397fa0001f09dfb","6a85db492607253356331812","2026-08-19 12:39"
"nowiczok in your tea","62f970d6df4ff6a0e2c48e03","Deecibel ( washed )","63dbe5ecf34497fd1efceae5","6a85db1c8b479428678bc0ff","2026-08-19 12:39"
"kent","5fa7ab03b45c670001342904","kober","67ad18a09e150413a5e6fa66","6a85db721314c768abcfa23e","2026-08-19 12:40"
"Lemon","603bb687f532bb0001c6f2f6","Avandy","60c3535133004c00010451a3","6a85db62fd2504e279792b0d","2026-08-19 12:40"
"Brzoza","60ababeffb1efa0001302754","Genghis Khan","604a67e702e32a000195a11e","6a85dafe9178618bce7e657f","2026-08-19 12:40"
"habesh","647734d056305f7bf5561a4e","eglemania","603a7b0367954300019fb4e2","6a85da7f8b479428678bbeef","2026-08-19 12:40"
"鹰娥朗","628e0d478e5ef3a3ca163627","yuyux32","65a3fa0c053e0780db54fd4b","6a85dbb9260725335633193c","2026-08-19 12:40"
"路易十六","65337c686711b99177ed189b","Joo-eun.","6a290dd1cf6b59479a2ae4de","6a85dba2fd2504e279792bf5","2026-08-19 12:40"
"Waluuuuuuu","6380cc417b431c1eece4916c","BlackShark","61f04538cc54700001a27678","6a85da00b97b40e5013da8d2","2026-08-19 12:41"
"Max","5f847db332173400011b50bb","Surgut sand","5ec369eae7115241a4e75beb","6a85dc2a9178618bce7e6891","2026-08-19 12:41"
"YRP","65361a91884b107b4fd0cef8","Daiiono","5fe17b0ef3881a000180878c","6a85db27b97b40e5013dabe9","2026-08-19 12:42"
"grytsko","68a2376a48461ffeecd42351","val1d","63875de4e55ec4234b26d1fb","6a85dba5fd2504e279792c00","2026-08-19 12:42"
"Syn","5fc86ba947bce10001a030ba","Caco","62423c3dda40ac184851c4f0","6a85dbd2321b3548ea5f7f89","2026-08-19 12:42"
"鹰娥朗","628e0d478e5ef3a3ca163627","Assonans","5fec56ce3362e4000147ea46","6a85dbcc1314c768abcfa363","2026-08-19 12:42"
"1k","5e1baa352034a083c05674a7","盲","63b6a120ed1bf0b1b513dfb8","6a85da7f8b479428678bbef0","2026-08-19 12:43"
"kent","5fa7ab03b45c670001342904","kober","67ad18a09e150413a5e6fa66","6a85dc6dfd2504e279792e62","2026-08-19 12:43"
"DonkeyGuesses","6912d873ef3380557dd45eec","Żukasz","602cfd5dc397fa0001f09dfb","6a85dc992607253356331b8e","2026-08-19 12:43"
"Maksonic","619d09bdc4ab7000016c68d3","Genghis Khan","604a67e702e32a000195a11e","6a85dc7f8b479428678bc611","2026-08-19 12:44"
"Schwarzweiss","5cfadc71b741f84acc8b23df","kakithesukip","6809563cae64cffc1988e9fe","6a85dbec9178618bce7e67e6","2026-08-19 12:44"
"Max","5f847db332173400011b50bb","鹰娥朗","628e0d478e5ef3a3ca163627","6a85dca88b479428678bc6ef","2026-08-19 12:44"
"PML","615b4d8920ea1200012de9bf","Pna","6063bbbdf93f57000113fed0","6a85dbc8260725335633195e","2026-08-19 12:44"
"Domak666","6a3a957b0446680426a7f84b","adams","62f0c9a9822a3f816d659d84","6a85dcc58b479428678bc77d","2026-08-19 12:45"
"Gonçalo","60477d3ef15a270001e1bb0c","Felix.svb","6856986bb22dea4ae40a3d22","6a85dbe5fd2504e279792cb5","2026-08-19 12:45"
"kober","67ad18a09e150413a5e6fa66","kent","5fa7ab03b45c670001342904","6a85dd108b479428678bc8e0","2026-08-19 12:45"
"路易十六","65337c686711b99177ed189b","NotNMPZDitoAgain","690b3774653c4fdcfc395260","6a85dcd02607253356331c31","2026-08-19 12:45"
"Genghis Khan","604a67e702e32a000195a11e","Daiiono","5fe17b0ef3881a000180878c","6a85dcc32607253356331be9","2026-08-19 12:46"
"Avandy","60c3535133004c00010451a3","Brzoza","60ababeffb1efa0001302754","6a85dc508b479428678bc576","2026-08-19 12:47"
"grytsko","68a2376a48461ffeecd42351","kober","67ad18a09e150413a5e6fa66","6a85dd221314c768abcfa70f","2026-08-19 12:47"
"SigmaLigma","641e0c54c1155de1803057b1","路易十六","65337c686711b99177ed189b","6a85ddacb97b40e5013db381","2026-08-19 12:47"
"Stevige","67057bd80e65158e29b7a97e","Mitteconrad","6056349f72a5a900014128a9","6a85dc4d1314c768abcfa470","2026-08-19 12:48"
"Rafa","65d3d579486526d78cd578f9","Schwarzweiss","5cfadc71b741f84acc8b23df","6a85dd84fd2504e279793237","2026-08-19 12:48"
"val1d","63875de4e55ec4234b26d1fb","Max","5f847db332173400011b50bb","6a85dd2d1314c768abcfa734","2026-08-19 12:48"
"Tomek5_5","606e09423667bc0001ad663d","NorthKoreaEnjoyer","6a5776b9557fa0b8070897d7","6a85ddd8321b3548ea5f850f","2026-08-19 12:48"
"Żukasz","602cfd5dc397fa0001f09dfb","yuyux32","65a3fa0c053e0780db54fd4b","6a85dd24b97b40e5013db1db","2026-08-19 12:48"
"1k","5e1baa352034a083c05674a7","Felix.svb","6856986bb22dea4ae40a3d22","6a85ddcbb97b40e5013db3b9","2026-08-19 12:49"
"dudu","6202faaecee03000019ebc88","kober","67ad18a09e150413a5e6fa66","6a85ddd78b479428678bcc08","2026-08-19 12:49"
"Brzoza","60ababeffb1efa0001302754","kober","67ad18a09e150413a5e6fa66","6a85ddfbfd2504e279793372","2026-08-19 12:50"
"Nunca mais pagarei esse jogo","6227feb9e7a8b70001576aeb","Mikalowski67","67d68b861749e8ab99f7bac0","6a85ddc59178618bce7e6d77","2026-08-19 12:50"
"boss bandit","63f549d56242089cd8f3b10e","Domak666","6a3a957b0446680426a7f84b","6a85dd9f8b479428678bcb43","2026-08-19 12:51"
"dudu","6202faaecee03000019ebc88","kober","67ad18a09e150413a5e6fa66","6a85de6e3b0aa70ae4195217","2026-08-19 12:51"
"Luxus","64d905c29860ac321bb0ddc5","Luis","63b523e80510075fa39aeabc","6a85dd50b97b40e5013db23a","2026-08-19 12:51"
"Blanecin","5e8781f3b3ec177638be489a","spherical_cow","62b34fca140a13acdc6567df","6a85de828b479428678bce34","2026-08-19 12:52"
"NorthKoreaEnjoyer","6a5776b9557fa0b8070897d7","Tomek5_5","606e09423667bc0001ad663d","6a85de43fd2504e279793431","2026-08-19 12:52"
"路易十六","65337c686711b99177ed189b","Krakarlkus","6000244a8987730001b34513","6a85de112607253356331fd6","2026-08-19 12:52"
"simro_206","677eb0df9d782bd50cb2a7c2","Assonans","5fec56ce3362e4000147ea46","6a85dda28b479428678bcb4f","2026-08-19 12:52"
"simeon","62dc07edf32847e5836668f1","BarryTheBee","62be7867aa13616722f8dd4a","6a85dda6b97b40e5013db373","2026-08-19 12:53"
"kuba.","68582b5f8e62427811441b60","Genghis Khan","604a67e702e32a000195a11e","6a85de659178618bce7e6f35","2026-08-19 12:53"
"val1d","63875de4e55ec4234b26d1fb","Żukasz","602cfd5dc397fa0001f09dfb","6a85de3a3b0aa70ae419519e","2026-08-19 12:53"
"dudu","6202faaecee03000019ebc88","kober","67ad18a09e150413a5e6fa66","6a85ded78b479428678bcf53","2026-08-19 12:54"
"Stevige","67057bd80e65158e29b7a97e","Frouser","676f1d87e37422d9da127424","6a85de458b479428678bcd56","2026-08-19 12:54"
"Julian","5a8eb2d498cc2c6744a88ce4","Tottenhamwisps","60ad03a48b6e1d00012f8e7e","6a85dec2fd2504e279793592","2026-08-19 12:54"
"grytsko","68a2376a48461ffeecd42351","Rafa","65d3d579486526d78cd578f9","6a85de309178618bce7e6eb6","2026-08-19 12:54"
"SigmaLigma","641e0c54c1155de1803057b1","PML","615b4d8920ea1200012de9bf","6a85de048b479428678bcc89","2026-08-19 12:54"
"Brzoza","60ababeffb1efa0001302754","kober","67ad18a09e150413a5e6fa66","6a85ded11314c768abcfab16","2026-08-19 12:55"
"Waluuuuuuu","6380cc417b431c1eece4916c","Caco","62423c3dda40ac184851c4f0","6a85dcb88b479428678bc74d","2026-08-19 12:55"
"teddy bear","66f081f2bf4b230a2fcb970c","DonkeyGuesses","6912d873ef3380557dd45eec","6a85deb1260725335633214e","2026-08-19 12:55"
"Tomek5_5","606e09423667bc0001ad663d","NorthKoreaEnjoyer","6a5776b9557fa0b8070897d7","6a85df478b479428678bd112","2026-08-19 12:55"
"Cassius Chaerea","692afa4a3b2a1d12384d418b","Build a Bi***","6590622a196ee939029f90b8","6a85df52fd2504e2797937b2","2026-08-19 12:55"
"Maksonic","619d09bdc4ab7000016c68d3","YRP","65361a91884b107b4fd0cef8","6a85dd66b97b40e5013db297","2026-08-19 12:56"
"Dissonans","60e09234213b0600019d912e","Żukasz","602cfd5dc397fa0001f09dfb","6a85df598b479428678bd150","2026-08-19 12:56"
"GeoNestor","5a0761e672d16b933871e7a1","NotNMPZDitoAgain","690b3774653c4fdcfc395260","6a85dd848b479428678bcad4","2026-08-19 12:56"
"val1d","63875de4e55ec4234b26d1fb","kober","67ad18a09e150413a5e6fa66","6a85dfb49178618bce7e72bd","2026-08-19 12:57"
"simro_206","677eb0df9d782bd50cb2a7c2","Krakarlkus","6000244a8987730001b34513","6a85df08260725335633224f","2026-08-19 12:57"
"Domak666","6a3a957b0446680426a7f84b","simeon","62dc07edf32847e5836668f1","6a85dfa58b479428678bd2a8","2026-08-19 12:58"
"Gonçalo","60477d3ef15a270001e1bb0c","kent","5fa7ab03b45c670001342904","6a85dd79fd2504e2797931fd","2026-08-19 12:58"
"Legacyz","62920c79e67deb0506650ca1","lol pop","622f101c589b350001a7ea5f","6a85dc0e8b479428678bc46d","2026-08-19 12:58"
"teddy bear","66f081f2bf4b230a2fcb970c","NorthKoreaEnjoyer","6a5776b9557fa0b8070897d7","6a85dfc78b479428678bd33f","2026-08-19 12:58"
"Tottenhamwisps","60ad03a48b6e1d00012f8e7e","Julian","5a8eb2d498cc2c6744a88ce4","6a85df878b479428678bd21f","2026-08-19 12:58"
"Tomek5_5","606e09423667bc0001ad663d","DonkeyGuesses","6912d873ef3380557dd45eec","6a85e00a1314c768abcfaf70","2026-08-19 12:58"
"Nunca mais pagarei esse jogo","6227feb9e7a8b70001576aeb","malin","635ecde09922ad2543266ce9","6a85de968b479428678bce69","2026-08-19 12:58"
"Build a Bi***","6590622a196ee939029f90b8","Thesice","5ec5a4cbf849319644f4436c","6a85dfdb260725335633245e","2026-08-19 12:58"
"YRP","65361a91884b107b4fd0cef8","kober","67ad18a09e150413a5e6fa66","6a85e055fd2504e279793ac6","2026-08-19 12:59"
"Genghis Khan","604a67e702e32a000195a11e","Avandy","60c3535133004c00010451a3","6a85df508b479428678bd12c","2026-08-19 12:59"
"路易十六","65337c686711b99177ed189b","thomas petruv","6000461b23fa0d00011e9f10","6a85df288b479428678bd0ae","2026-08-19 12:59"
"Tobi","641d3f9ac451b924d421941a","Cassius Chaerea","692afa4a3b2a1d12384d418b","6a85e0241314c768abcfafad","2026-08-19 13:00"
"wichura240","68767692157557d5c76a0ab6","mav1land","63f4a2bda13ee3ab588d6275","6a85e0508b479428678bd54a","2026-08-19 13:00"
"kent","5fa7ab03b45c670001342904","Avandy","60c3535133004c00010451a3","6a85e0bf26072533563326e8","2026-08-19 13:01"
"NorthKoreaEnjoyer","6a5776b9557fa0b8070897d7","Build a Bi***","6590622a196ee939029f90b8","6a85e087b97b40e5013dbaa7","2026-08-19 13:01"
"PML","615b4d8920ea1200012de9bf","SigmaLigma","641e0c54c1155de1803057b1","6a85dfb28b479428678bd2ee","2026-08-19 13:01"
"GeoNestor","5a0761e672d16b933871e7a1","simro_206","677eb0df9d782bd50cb2a7c2","6a85e034b97b40e5013db9f0","2026-08-19 13:01"
"dudu","6202faaecee03000019ebc88","1k","5e1baa352034a083c05674a7","6a85dfaeb97b40e5013db8b1","2026-08-19 13:02"
"Brzoza","60ababeffb1efa0001302754","kober","67ad18a09e150413a5e6fa66","6a85dfe5fd2504e279793973","2026-08-19 13:02"
"kober","67ad18a09e150413a5e6fa66","Genghis Khan","604a67e702e32a000195a11e","6a85e0d18b479428678bd6f4","2026-08-19 13:02"
"Waluuuuuuu","6380cc417b431c1eece4916c","Caco","62423c3dda40ac184851c4f0","6a85dfd58b479428678bd376","2026-08-19 13:02"
"teddy bear","66f081f2bf4b230a2fcb970c","Tomek5_5","606e09423667bc0001ad663d","6a85e08c8b479428678bd60f","2026-08-19 13:02"
"DonkeyGuesses","6912d873ef3380557dd45eec","twitch.tv/somanytearsss","694afef9362dac5a39fa9f54","6a85e09a8b479428678bd640","2026-08-19 13:02"
"Domak666","6a3a957b0446680426a7f84b","BarryTheBee","62be7867aa13616722f8dd4a","6a85e0a5fd2504e279793b9f","2026-08-19 13:03"
"Legacyz","62920c79e67deb0506650ca1","YRP","65361a91884b107b4fd0cef8","6a85e12a8b479428678bd849","2026-08-19 13:03"
"teddy bear","66f081f2bf4b230a2fcb970c","kober","67ad18a09e150413a5e6fa66","6a85e1628b479428678bd924","2026-08-19 13:03"
"Tomek5_5","606e09423667bc0001ad663d","Build a Bi***","6590622a196ee939029f90b8","6a85e1608b479428678bd91d","2026-08-19 13:03"
"Frouser","676f1d87e37422d9da127424","Rafa","65d3d579486526d78cd578f9","6a85df9b8b479428678bd287","2026-08-19 13:04"
"Tobi","641d3f9ac451b924d421941a","mav1land","63f4a2bda13ee3ab588d6275","6a85e0f18b479428678bd75b","2026-08-19 13:04"
"MaJo","67d5c3a40631f3abae121baf","Joo-eun.","6a290dd1cf6b59479a2ae4de","6a85e060260725335633260e","2026-08-19 13:04"
"thomas petruv","6000461b23fa0d00011e9f10","winter","5eea19cb4799175480045d3d","6a85e0c28b479428678bd6c8","2026-08-19 13:04"
"kent","5fa7ab03b45c670001342904","Avandy","60c3535133004c00010451a3","6a85e1458b479428678bd8b2","2026-08-19 13:05"
"Genghis Khan","604a67e702e32a000195a11e","kober","67ad18a09e150413a5e6fa66","6a85e1bd2607253356332994","2026-08-19 13:05"
"Luis","63b523e80510075fa39aeabc","SigmaLigma","641e0c54c1155de1803057b1","6a85e13afd2504e279793d19","2026-08-19 13:05"
"spherical_cow","62b34fca140a13acdc6567df","Blanecin","5e8781f3b3ec177638be489a","6a85df3bb97b40e5013db7d5","2026-08-19 13:05"
"simro_206","677eb0df9d782bd50cb2a7c2","DonkeyGuesses","6912d873ef3380557dd45eec","6a85e1629178618bce7e7624","2026-08-19 13:06"
"kent","5fa7ab03b45c670001342904","simeon","62dc07edf32847e5836668f1","6a85e2638b479428678bddce","2026-08-19 13:07"
"ましろ","60622a237c864a00019b5334","val1d","63875de4e55ec4234b26d1fb","6a85e0660d11dc10f60e94ec","2026-08-19 13:07"
"penjajah","6031d1fcf16b5b0001fa54b0","Julian","5a8eb2d498cc2c6744a88ce4","6a85e0ccfd2504e279793c03","2026-08-19 13:07"
"MaJo","67d5c3a40631f3abae121baf","thomas petruv","6000461b23fa0d00011e9f10","6a85e2049178618bce7e780c","2026-08-19 13:07"
"NorthKoreaEnjoyer","6a5776b9557fa0b8070897d7","mav1land","63f4a2bda13ee3ab588d6275","6a85e204321b3548ea5f8e3a","2026-08-19 13:07"
"Jerzy Kirkowski","5ecbdec18d6ade72cc832c5a","NotNMPZDitoAgain","690b3774653c4fdcfc395260","6a85e0838b479428678bd5e8","2026-08-19 13:07"
"BlackShark","61f04538cc54700001a27678","Furz_Bube","6239ed5ebe6d98222f073b0b","6a85e257fd2504e2797940dd","2026-08-19 13:07"
"dudu","6202faaecee03000019ebc88","YRP","65361a91884b107b4fd0cef8","6a85e19b9b739dad0fd0f3d5","2026-08-19 13:08"
"lol pop","622f101c589b350001a7ea5f","Luxus","64d905c29860ac321bb0ddc5","6a85e0e02607253356332727","2026-08-19 13:08"
"Varuṇa Himālko","69e925eb80387ae5d678bafa","Luca","559ebf9fb6a070c0648062a7","6a85e0ce9178618bce7e7508","2026-08-19 13:08"
"kuba.","68582b5f8e62427811441b60","Avandy","60c3535133004c00010451a3","6a85e23cfd2504e279794093","2026-08-19 13:09"
"teddy bear","66f081f2bf4b230a2fcb970c","Frouser","676f1d87e37422d9da127424","6a85e1e6fd2504e279793f74","2026-08-19 13:09"
"Caco","62423c3dda40ac184851c4f0","Tottenhamwisps","60ad03a48b6e1d00012f8e7e","6a85e1bf8b479428678bdaca","2026-08-19 13:09"
"Tomek5_5","606e09423667bc0001ad663d","kober","67ad18a09e150413a5e6fa66","6a85e247fd2504e2797940a8","2026-08-19 13:09"
"NorthKoreaEnjoyer","6a5776b9557fa0b8070897d7","mav1land","63f4a2bda13ee3ab588d6275","6a85e2ab2607253356332c4d","2026-08-19 13:09"
"1k","5e1baa352034a083c05674a7","manuelson","5eff753e4fc56993542703a7","6a85e1b1fd2504e279793ea4","2026-08-19 13:10"
"Tomek5_5","606e09423667bc0001ad663d","kober","67ad18a09e150413a5e6fa66","6a85e247fd2504e2797940a8","2026-08-19 13:10"
"simeon","62dc07edf32847e5836668f1","kent","5fa7ab03b45c670001342904","6a85e2dffd2504e2797942a4","2026-08-19 13:11"
"Brzoza","60ababeffb1efa0001302754","no thoughts, just violence","61cdfc02f6470200011a0caa","6a85e1868b479428678bd9be","2026-08-19 13:11"
"Avandy","60c3535133004c00010451a3","YRP","65361a91884b107b4fd0cef8","6a85e33ffd2504e2797943e3","2026-08-19 13:11"
"Frouser","676f1d87e37422d9da127424","teddy bear","66f081f2bf4b230a2fcb970c","6a85e30afd2504e279794318","2026-08-19 13:11"
"Julian","5a8eb2d498cc2c6744a88ce4","Luis","63b523e80510075fa39aeabc","6a85e2bf8b479428678bdf29","2026-08-19 13:11"
"PML","615b4d8920ea1200012de9bf","simro_206","677eb0df9d782bd50cb2a7c2","6a85e27ab97b40e5013dc008","2026-08-19 13:11"
"Zifuko","5e85136d3d4b6a36ac752a7b","Rafa","65d3d579486526d78cd578f9","6a85e2178b479428678bdc90","2026-08-19 13:12"
"JanTheIdiot","5c66d1901554907d648fd7df","Oortje","5f748fe18804c1000141b5d0","6a85dca32607253356331bab","2026-08-19 13:12"
"NorthKoreaEnjoyer","6a5776b9557fa0b8070897d7","kober","67ad18a09e150413a5e6fa66","6a85e3548b479428678be167","2026-08-19 13:13"
"Genghis Khan","604a67e702e32a000195a11e","kober","67ad18a09e150413a5e6fa66","6a85e344b97b40e5013dc232","2026-08-19 13:14"
"grytsko","68a2376a48461ffeecd42351","Bob Tschigerillo","62248fc297f88100010c1763","6a85e2979178618bce7e79a8","2026-08-19 13:14"
"teddy bear","66f081f2bf4b230a2fcb970c","Quentin4d","5eb7783deb473f2558de286d","6a85e3b71314c768abcfb919","2026-08-19 13:14"
"GeoBunny","64b2f9895059c43d9160f5af","Kluczini Bananini","66d58c237a4d614b853dd2de","6a85e37a9178618bce7e7c1d","2026-08-19 13:14"
"Dissonans","60e09234213b0600019d912e","wichura240","68767692157557d5c76a0ab6","6a85e3341314c768abcfb777","2026-08-19 13:14"
"BlackShark","61f04538cc54700001a27678","thomas petruv","6000461b23fa0d00011e9f10","6a85e2b79178618bce7e7a15","2026-08-19 13:14"
"Avandy","60c3535133004c00010451a3","Frouser","676f1d87e37422d9da127424","6a85e3a98b479428678be2a3","2026-08-19 13:15"
"race","603c5c220297940001b84e1a","Moussa","63f298b8251569d36d50155b","6a85e3c2b97b40e5013dc386","2026-08-19 13:15"
"Julian","5a8eb2d498cc2c6744a88ce4","TropicalMountain447","67914253de4eb4f636d10283","6a85e3abfd2504e27979450f","2026-08-19 13:16"
"lol pop","622f101c589b350001a7ea5f","caioxz_","6331d016ad2a2f9e703f7c60","6a85e2dfb97b40e5013dc13d","2026-08-19 13:17"
"MaJo","67d5c3a40631f3abae121baf","Tottenhamwisps","60ad03a48b6e1d00012f8e7e","6a85e32db97b40e5013dc1d1","2026-08-19 13:18"
"YRP","65361a91884b107b4fd0cef8","Zifuko","5e85136d3d4b6a36ac752a7b","6a85e4408b479428678be4dc","2026-08-19 13:19"
"teddy bear","66f081f2bf4b230a2fcb970c","Frouser","676f1d87e37422d9da127424","6a85e4c01314c768abcfbbd4","2026-08-19 13:19"
"kober","67ad18a09e150413a5e6fa66","Avandy","60c3535133004c00010451a3","6a85e49afd2504e2797947ed","2026-08-19 13:19"
"Bambi","6076dedd46e7e8000156494c","Quentin4d","5eb7783deb473f2558de286d","6a85e445fd2504e2797946c8","2026-08-19 13:19"
"simro_206","677eb0df9d782bd50cb2a7c2","NotNMPZDitoAgain","690b3774653c4fdcfc395260","6a85e3dafd2504e279794594","2026-08-19 13:19"
"kent","5fa7ab03b45c670001342904","1k","5e1baa352034a083c05674a7","6a85e394fd2504e2797944d6","2026-08-19 13:20"
"Bob Tschigerillo","62248fc297f88100010c1763","Kluczini Bananini","66d58c237a4d614b853dd2de","6a85e4568b479428678be540","2026-08-19 13:21"
"kober","67ad18a09e150413a5e6fa66","Genghis Khan","604a67e702e32a000195a11e","6a85e55b1314c768abcfbda4","2026-08-19 13:21"
"GeoBunny","64b2f9895059c43d9160f5af","Zifuko","5e85136d3d4b6a36ac752a7b","6a85e575fd2504e279794ad2","2026-08-19 13:22"
"Luxus","64d905c29860ac321bb0ddc5","BlackShark","61f04538cc54700001a27678","6a85e47c1314c768abcfbb20","2026-08-19 13:22"
"Quentin4d","5eb7783deb473f2558de286d","NorthKoreaEnjoyer","6a5776b9557fa0b8070897d7","6a85e5d22607253356333546","2026-08-19 13:23"
"Blanecin","5e8781f3b3ec177638be489a","lol pop","622f101c589b350001a7ea5f","6a85e502fd2504e279794930","2026-08-19 13:23"
"kober","67ad18a09e150413a5e6fa66","Tomek5_5","606e09423667bc0001ad663d","6a85e5f1fd2504e279794ce7","2026-08-19 13:24"
"wichura240","68767692157557d5c76a0ab6","Bambi","6076dedd46e7e8000156494c","6a85e589fd2504e279794b3a","2026-08-19 13:24"
"Zifuko","5e85136d3d4b6a36ac752a7b","GeoBunny","64b2f9895059c43d9160f5af","6a85e607fd2504e279794d25","2026-08-19 13:25"
"Tottenhamwisps","60ad03a48b6e1d00012f8e7e","GeoReda","6439632a8062b2c1de67acab","6a85e5aa8b479428678beb0f","2026-08-19 13:25"
"Quentin4d","5eb7783deb473f2558de286d","wert31415","6797c0be0b7bd1c00269ac82","6a85e666fd2504e279794e34","2026-08-19 13:25"
"Vell","5eea5f1162df1243a0cdd8e4","Timkon","681f023ce86ca49d1982d464","6a85e5a82211562290c4754d","2026-08-19 13:25"
"1k","5e1baa352034a083c05674a7","kent","5fa7ab03b45c670001342904","6a85e5c6321b3548ea5f980f","2026-08-19 13:26"
"YRP","65361a91884b107b4fd0cef8","kober","67ad18a09e150413a5e6fa66","6a85e5cc8b479428678bebd1","2026-08-19 13:26"
"Frouser","676f1d87e37422d9da127424","teddy bear","66f081f2bf4b230a2fcb970c","6a85e56e8b479428678be999","2026-08-19 13:26"
"Kluczini Bananini","66d58c237a4d614b853dd2de","Bob Tschigerillo","62248fc297f88100010c1763","6a85e5d12607253356333545","2026-08-19 13:27"
"caioxz_","6331d016ad2a2f9e703f7c60","Don't Give Up","5ffb60de75d2770001545e96","6a85e5138b479428678be81d","2026-08-19 13:27"
"Maksonic","619d09bdc4ab7000016c68d3","kober","67ad18a09e150413a5e6fa66","6a85e6c82607253356333870","2026-08-19 13:28"
"Genghis Khan","604a67e702e32a000195a11e","念","67663598f11f44713b967581","6a85e5ecfd2504e279794cd0","2026-08-19 13:28"
"OakTree","617eb25d4e0e40000158968f","DonkeyGuesses","6912d873ef3380557dd45eec","6a85e5a68b479428678beaf9","2026-08-19 13:29"
"Bambi","6076dedd46e7e8000156494c","Blanecin","5e8781f3b3ec177638be489a","6a85e6998b479428678beed6","2026-08-19 13:29"
"Kluczini Bananini","66d58c237a4d614b853dd2de","kober","67ad18a09e150413a5e6fa66","6a85e75e8b479428678bf219","2026-08-19 13:30"
"GeoReda","6439632a8062b2c1de67acab","MRKP","68d0088fae37a05a2198725b","6a85e70cb97b40e5013dcda6","2026-08-19 13:30"
"Jerzy Kirkowski","5ecbdec18d6ade72cc832c5a","Furz_Bube","6239ed5ebe6d98222f073b0b","6a85e2c18b479428678bdf33","2026-08-19 13:30"
"Zifuko","5e85136d3d4b6a36ac752a7b","GeoBunny","64b2f9895059c43d9160f5af","6a85e6dd1314c768abcfc2cf","2026-08-19 13:31"
"Don't Give Up","5ffb60de75d2770001545e96","simro_206","677eb0df9d782bd50cb2a7c2","6a85e76a1314c768abcfc48e","2026-08-19 13:31"
"BlackShark","61f04538cc54700001a27678","Luxus","64d905c29860ac321bb0ddc5","6a85e60f2211562290c4768d","2026-08-19 13:31"
"silvia","5ab45e391e1f02697026c335","im recording my gameplay","6a437d2254319c3206c01eb9","6a85e75dfd2504e27979524d","2026-08-19 13:31"
"wert31415","6797c0be0b7bd1c00269ac82","Tomek5_5","606e09423667bc0001ad663d","6a85e6ef2607253356333917","2026-08-19 13:32"
"Genghis Khan","604a67e702e32a000195a11e","Kluczini Bananini","66d58c237a4d614b853dd2de","6a85e8078b479428678bf657","2026-08-19 13:33"
"Conax","683029bd7e7399d1213e44e3","lol pop","622f101c589b350001a7ea5f","6a85e6b6fd2504e279794f5b","2026-08-19 13:33"
"Quentin4d","5eb7783deb473f2558de286d","Dissonans","60e09234213b0600019d912e","6a85e70ab97b40e5013dcda0","2026-08-19 13:33"
"Blanecin","5e8781f3b3ec177638be489a","念","67663598f11f44713b967581","6a85e7d02607253356333d09","2026-08-19 13:33"
"Don't Give Up","5ffb60de75d2770001545e96","Taquito","65580b96c0276bfd86f36c05","6a85e82d2607253356333e53","2026-08-19 13:33"
"zach","621783eaab08b80001371858","Bob Tschigerillo","62248fc297f88100010c1763","6a85e7bc8b479428678bf46c","2026-08-19 13:34"
"kober","67ad18a09e150413a5e6fa66","teddy bear","66f081f2bf4b230a2fcb970c","6a85e7a6fd2504e27979533d","2026-08-19 13:34"
"Dissonans","60e09234213b0600019d912e","Blanecin","5e8781f3b3ec177638be489a","6a85e8acb97b40e5013dd303","2026-08-19 13:34"
"Peter Dictator","684c775aeb78c494d9ee6b7a","DonkeyGuesses","6912d873ef3380557dd45eec","6a85e8879178618bce7e8c58","2026-08-19 13:34"
"kent","5fa7ab03b45c670001342904","1k","5e1baa352034a083c05674a7","6a85e7268b479428678bf0f0","2026-08-19 13:35"
"kober","67ad18a09e150413a5e6fa66","wichura240","68767692157557d5c76a0ab6","6a85e8418b479428678bf780","2026-08-19 13:35"
"Zifuko","5e85136d3d4b6a36ac752a7b","GeoBunny","64b2f9895059c43d9160f5af","6a85e8641314c768abcfc7a0","2026-08-19 13:35"
"Bambi","6076dedd46e7e8000156494c","OakTree","617eb25d4e0e40000158968f","6a85e7eeb97b40e5013dd0b1","2026-08-19 13:35"
"GeoReda","6439632a8062b2c1de67acab","Jerzy Kirkowski","5ecbdec18d6ade72cc832c5a","6a85e819fd2504e2797955ae","2026-08-19 13:36"
"zach","621783eaab08b80001371858","kober","67ad18a09e150413a5e6fa66","6a85e8ff8b479428678bfafc","2026-08-19 13:37"
"teddy bear","66f081f2bf4b230a2fcb970c","Bob Tschigerillo","62248fc297f88100010c1763","6a85e8ee8b479428678bfa9e","2026-08-19 13:37"
"Jerome","62e14841f938d5507c4d31f6","Kluczini Bananini","66d58c237a4d614b853dd2de","6a85e8c48b479428678bf9eb","2026-08-19 13:37"
"im recording my gameplay","6a437d2254319c3206c01eb9","silvia","5ab45e391e1f02697026c335","6a85e8538b479428678bf7d6","2026-08-19 13:37"
"wert31415","6797c0be0b7bd1c00269ac82","DonkeyGuesses","6912d873ef3380557dd45eec","6a85e8fc8b479428678bfaf2","2026-08-19 13:37"
"wafflyss","6068a918d8694000010952a2","YRP","65361a91884b107b4fd0cef8","6a85e7b98b479428678bf45a","2026-08-19 13:38"
"Tomek5_5","606e09423667bc0001ad663d","Pandazan","632e19f3f0149e276027d38e","6a85e89f8b479428678bf965","2026-08-19 13:38"
"winter","5eea19cb4799175480045d3d","Żukasz","602cfd5dc397fa0001f09dfb","6a85e89c8b479428678bf958","2026-08-19 13:38"
"Mathias","650a2d21361d5316c35b4efe","fat cat gif","632e04c44a19e972f04cd1d3","6a85e7f49178618bce7e8a31","2026-08-19 13:39"
"Trichter33","601d95ba49c0980001a824b8","no thoughts, just violence","61cdfc02f6470200011a0caa","6a85e46526072533563330ed","2026-08-19 13:39"
"Tottenhamwisps","60ad03a48b6e1d00012f8e7e","Blanecin","5e8781f3b3ec177638be489a","6a85e9038b479428678bfb0e","2026-08-19 13:39"
"GeoBunny","64b2f9895059c43d9160f5af","wichura240","68767692157557d5c76a0ab6","6a85e993fd2504e279795bf9","2026-08-19 13:39"
"VoltzyWoltzy","623f9aa519776cbc2a8282e2","Don't Give Up","5ffb60de75d2770001545e96","6a85e8e38b479428678bfa6e","2026-08-19 13:39"
"kent","5fa7ab03b45c670001342904","Maksonic","619d09bdc4ab7000016c68d3","6a85e9138b479428678bfb56","2026-08-19 13:40"
"GeoReda","6439632a8062b2c1de67acab","caioxz_","6331d016ad2a2f9e703f7c60","6a85e9938b479428678bfde7","2026-08-19 13:40"
"Bambi","6076dedd46e7e8000156494c","WashedGoat?!","6a4e9ed6170dae471fef5a16","6a85e9538b479428678bfcb4","2026-08-19 13:40"
"OakTree","617eb25d4e0e40000158968f","Tomek5_5","606e09423667bc0001ad663d","6a85e9df2607253356334363","2026-08-19 13:40"
"Jerzy Kirkowski","5ecbdec18d6ade72cc832c5a","Lottta","6019a1a4665de0000144339d","6a85e961fd2504e279795ab1","2026-08-19 13:40"
"Conax","683029bd7e7399d1213e44e3","Jackkincaid","5d698d4ab4ec17864c52c785","6a85e8db8b479428678bfa4b","2026-08-19 13:41"
"Tomek5_5","606e09423667bc0001ad663d","GeoBunny","64b2f9895059c43d9160f5af","6a85ea48fd2504e279795e39","2026-08-19 13:41"
"YRP","65361a91884b107b4fd0cef8","zach","621783eaab08b80001371858","6a85ea17fd2504e279795dbb","2026-08-19 13:42"
"kober","67ad18a09e150413a5e6fa66","teddy bear","66f081f2bf4b230a2fcb970c","6a85e9b926072533563342e6","2026-08-19 13:42"
"ZOMBIE","645d89a8404e68d0d57e5857","wert31415","6797c0be0b7bd1c00269ac82","6a85e9b99178618bce7e907a","2026-08-19 13:42"
"OceanMan","5e9a08cdd502e121002b5279","1k","5e1baa352034a083c05674a7","6a85ea20fd2504e279795ddb","2026-08-19 13:43"
"Tomek5_5","606e09423667bc0001ad663d","GeoBunny","64b2f9895059c43d9160f5af","6a85eaa18b479428678c0310","2026-08-19 13:43"
"im recording my gameplay","6a437d2254319c3206c01eb9","silvia","5ab45e391e1f02697026c335","6a85e9cd2607253356334331","2026-08-19 13:43"
"Zifuko","5e85136d3d4b6a36ac752a7b","kober","67ad18a09e150413a5e6fa66","6a85e9348b479428678bfbfb","2026-08-19 13:44"
"Kluczini Bananini","66d58c237a4d614b853dd2de","Davido","60b3bf820390be00015ed409","6a85e9b08b479428678bfe6a","2026-08-19 13:44"
"OakTree","617eb25d4e0e40000158968f","caioxz_","6331d016ad2a2f9e703f7c60","6a85ea6bfd2504e279795e87","2026-08-19 13:44"
"teddy bear","66f081f2bf4b230a2fcb970c","zach","621783eaab08b80001371858","6a85eac78b479428678c0398","2026-08-19 13:45"
"Jerome","62e14841f938d5507c4d31f6","Baga #banalts","6106adfe5078c20001560397","6a85ea128b479428678c00a5","2026-08-19 13:45"
"Pandazan","632e19f3f0149e276027d38e","Blanecin","5e8781f3b3ec177638be489a","6a85ea5d8b479428678c01f1","2026-08-19 13:45"
"Don't Give Up","5ffb60de75d2770001545e96","ScabTheSidewalk","691f64b9c0688aaea23c00dd","6a85ea3a8b479428678c0130","2026-08-19 13:45"
"Tomek5_5","606e09423667bc0001ad663d","GeoBunny","64b2f9895059c43d9160f5af","6a85eb368b479428678c05e9","2026-08-19 13:46"
"Davido","60b3bf820390be00015ed409","OakTree","617eb25d4e0e40000158968f","6a85eb6cfd2504e27979618a","2026-08-19 13:46"
"kober","67ad18a09e150413a5e6fa66","Zifuko","5e85136d3d4b6a36ac752a7b","6a85eb49fd2504e2797960ea","2026-08-19 13:47"
"Jackkincaid","5d698d4ab4ec17864c52c785","Luiz Henrique","67ffcf4fce0f332d5553d6b4","6a85ead18b479428678c03b2","2026-08-19 13:47"
"wert31415","6797c0be0b7bd1c00269ac82","Żukasz","602cfd5dc397fa0001f09dfb","6a85eaf7b97b40e5013dda86","2026-08-19 13:47"
"YRP","65361a91884b107b4fd0cef8","kober","67ad18a09e150413a5e6fa66","6a85eadafd2504e279795fb4","2026-08-19 13:48"
"Kluczini Bananini","66d58c237a4d614b853dd2de","Jerome","62e14841f938d5507c4d31f6","6a85eb898b479428678c077b","2026-08-19 13:48"
"im recording my gameplay","6a437d2254319c3206c01eb9","silvia","5ab45e391e1f02697026c335","6a85eb3d260725335633476b","2026-08-19 13:48"
"Tomek5_5","606e09423667bc0001ad663d","val1d","63875de4e55ec4234b26d1fb","6a85ebe3b97b40e5013dddb4","2026-08-19 13:49"
"winter","5eea19cb4799175480045d3d","Żukasz","602cfd5dc397fa0001f09dfb","6a85ebfd8b479428678c0951","2026-08-19 13:49"
"1k","5e1baa352034a083c05674a7","kent","5fa7ab03b45c670001342904","6a85eb3326072533563346e0","2026-08-19 13:50"
"zach","621783eaab08b80001371858","teddy bear","66f081f2bf4b230a2fcb970c","6a85eb948b479428678c07a9","2026-08-19 13:50"
"Don't Give Up","5ffb60de75d2770001545e96","Tottenhamwisps","60ad03a48b6e1d00012f8e7e","6a85eb84f00b024238b5c958","2026-08-19 13:50"
"BlackShark","61f04538cc54700001a27678","caioxz_","6331d016ad2a2f9e703f7c60","6a85eb61fd2504e279796154","2026-08-19 13:50"
"1k","5e1baa352034a083c05674a7","kent","5fa7ab03b45c670001342904","6a85eb3326072533563346e0","2026-08-19 13:51"
"Davido","60b3bf820390be00015ed409","wichura240","68767692157557d5c76a0ab6","6a85ebd4fd2504e2797962ea","2026-08-19 13:51"
"Luiz Henrique","67ffcf4fce0f332d5553d6b4","NotNMPZDitoAgain","690b3774653c4fdcfc395260","6a85ec498b479428678c0ab7","2026-08-19 13:51"
"fat cat gif","632e04c44a19e972f04cd1d3","tilted and tired","66549d4cc725af87c3aa9a34","6a85ec82fd2504e279796535","2026-08-19 13:52"
"Zifuko","5e85136d3d4b6a36ac752a7b","kober","67ad18a09e150413a5e6fa66","6a85ec17fd2504e2797963ab","2026-08-19 13:52"
"zach","621783eaab08b80001371858","val1d","63875de4e55ec4234b26d1fb","6a85eccc8b479428678c0cb8","2026-08-19 13:53"
"kober","67ad18a09e150413a5e6fa66","Jerome","62e14841f938d5507c4d31f6","6a85ec5b9178618bce7e987e","2026-08-19 13:53"
"Valen´t","5ecc89febb39467ce83ec462","OakTree","617eb25d4e0e40000158968f","6a85ebcafd2504e279796293","2026-08-19 13:53"
"winter","5eea19cb4799175480045d3d","im recording my gameplay","6a437d2254319c3206c01eb9","6a85ec7f8b479428678c0b99","2026-08-19 13:53"
"Kluczini Bananini","66d58c237a4d614b853dd2de","Tomek5_5","606e09423667bc0001ad663d","6a85ecadfd2504e2797965dd","2026-08-19 13:54"
"kober","67ad18a09e150413a5e6fa66","Wodak","6796246986227732f607bc7a","6a85ed5e8b479428678c0f9e","2026-08-19 13:55"
"m4PHI","6465f8a8196d74dad5532e0f","wafflyss","6068a918d8694000010952a2","6a85ed4d2607253356334e99","2026-08-19 13:56"
"Markus Benz","6109729e88f8fa00013f1db2","Lene","5d52f64824ec173888d82b60","6a85e8f78b479428678bfac3","2026-08-19 13:56"
"Palmitas","6984de4267015bc9a6109cae","Tomek5_5","606e09423667bc0001ad663d","6a85eda38b479428678c10c9","2026-08-19 13:56"
"Blanecin","5e8781f3b3ec177638be489a","ScabTheSidewalk","691f64b9c0688aaea23c00dd","6a85eb988b479428678c07b4","2026-08-19 13:56"
"Luiz Henrique","67ffcf4fce0f332d5553d6b4","Pna","6063bbbdf93f57000113fed0","6a85ecf82607253356334c8d","2026-08-19 13:56"
"YRP","65361a91884b107b4fd0cef8","Maksonic","619d09bdc4ab7000016c68d3","6a85ecc58b479428678c0c97","2026-08-19 13:57"
".Dexter Morgan","66a8ba1fe626c7340b49ccd9","wafflyss","6068a918d8694000010952a2","6a85ed652607253356334f11","2026-08-19 13:57"
"caioxz_","6331d016ad2a2f9e703f7c60","Tottenhamwisps","60ad03a48b6e1d00012f8e7e","6a85ecd98b479428678c0cef","2026-08-19 13:57"
"Zifuko","5e85136d3d4b6a36ac752a7b","teddy bear","66f081f2bf4b230a2fcb970c","6a85ed271314c768abcfd647","2026-08-19 13:58"
"Northboii","669bfa0bdf76dc442ac759bf","winter","5eea19cb4799175480045d3d","6a85ed7c1314c768abcfd73c","2026-08-19 13:58"
"im recording my gameplay","6a437d2254319c3206c01eb9","Kluczini Bananini","66d58c237a4d614b853dd2de","6a85eda19178618bce7e9cde","2026-08-19 13:58"
"Luiz Henrique","67ffcf4fce0f332d5553d6b4","Furz_Bube","6239ed5ebe6d98222f073b0b","6a85ee218b479428678c1309","2026-08-19 13:58"
"Lennli","5b4899f5b56fe41a1831bba4","tilted and tired","66549d4cc725af87c3aa9a34","6a85ed1a8b479428678c0e23","2026-08-19 13:59"
"kober","67ad18a09e150413a5e6fa66","zach","621783eaab08b80001371858","6a85ede98b479428678c11ff","2026-08-19 13:59"
"OakTree","617eb25d4e0e40000158968f","val1d","63875de4e55ec4234b26d1fb","6a85ed668b479428678c0fbd","2026-08-19 13:59"
"Magnus","679395e4205fcbaaa18ff360","Thomas4183b","60194a73ccb73b00018edf77","6a85ebd71314c768abcfd2b3","2026-08-19 14:00"
"Don't Give Up","5ffb60de75d2770001545e96","atomate29","662fe9d9f538b479027742ff","6a85ee399178618bce7e9ec4","2026-08-19 14:00"
"Palmitas","6984de4267015bc9a6109cae","Peter Dictator","684c775aeb78c494d9ee6b7a","6a85ee1f1314c768abcfd937","2026-08-19 14:01"
"caioxz_","6331d016ad2a2f9e703f7c60","Tottenhamwisps","60ad03a48b6e1d00012f8e7e","6a85ee6dfd2504e279796c0d","2026-08-19 14:01"
"twitch.tv/somanytearsss","694afef9362dac5a39fa9f54","VoltzyWoltzy","623f9aa519776cbc2a8282e2","6a85ee471314c768abcfd99f","2026-08-19 14:01"
"grytsko","68a2376a48461ffeecd42351","teddy bear","66f081f2bf4b230a2fcb970c","6a85eeac8b479428678c1596","2026-08-19 14:02"
"kent","5fa7ab03b45c670001342904","1k","5e1baa352034a083c05674a7","6a85ecdf2607253356334c57","2026-08-19 14:03"
"fat cat gif","632e04c44a19e972f04cd1d3","Markus Benz","6109729e88f8fa00013f1db2","6a85ee178b479428678c12dc","2026-08-19 14:03"
"kober","67ad18a09e150413a5e6fa66","Kluczini Bananini","66d58c237a4d614b853dd2de","6a85eedffd2504e279796da4","2026-08-19 14:03"
"SuperGeo","6642732ec501bffdb0aa8d45","im recording my gameplay","6a437d2254319c3206c01eb9","6a85eed2260725335633538a","2026-08-19 14:03"
"Don't Give Up","5ffb60de75d2770001545e96","silvia","5ab45e391e1f02697026c335","6a85ef028b479428678c1707","2026-08-19 14:03"
"Ayli","6381e9f58453af043b2f4206","gani","5aa4b65c42305f89a0f9d97e","6a85ef588b479428678c187f","2026-08-19 14:03"
"zach","621783eaab08b80001371858","kober","67ad18a09e150413a5e6fa66","6a85eebd8b479428678c15e3","2026-08-19 14:04"
"Pandazan","632e19f3f0149e276027d38e","teddy bear","66f081f2bf4b230a2fcb970c","6a85eef8b97b40e5013de743","2026-08-19 14:04"
"Markus Benz","6109729e88f8fa00013f1db2","kober","67ad18a09e150413a5e6fa66","6a85efe4fd2504e2797970e8","2026-08-19 14:05"
"Zifuko","5e85136d3d4b6a36ac752a7b",".Dexter Morgan","66a8ba1fe626c7340b49ccd9","6a85eea2fd2504e279796ce6","2026-08-19 14:05"
"Tudelzzz","6549fc9cf755320e28e30de7","Baga #banalts","6106adfe5078c20001560397","6a85eba39178618bce7e9648","2026-08-19 14:05"
"winter","5eea19cb4799175480045d3d","gani","5aa4b65c42305f89a0f9d97e","6a85efb68b479428678c1a64","2026-08-19 14:05"
"skrzypas&wojfer shared account","62dc07edf32847e5836668f1","kent","5fa7ab03b45c670001342904","6a85efc78b479428678c1aa3","2026-08-19 14:06"
"Lene","5d52f64824ec173888d82b60","kefirek_xyz","69c6ad21a630d6d9a570c728","6a85ef3e2607253356335516","2026-08-19 14:06"
"Maksonic","619d09bdc4ab7000016c68d3","YRP","65361a91884b107b4fd0cef8","6a85eef9fd2504e279796e01","2026-08-19 14:06"
"val1d","63875de4e55ec4234b26d1fb","Luiz Henrique","67ffcf4fce0f332d5553d6b4","6a85eeb78b479428678c15be","2026-08-19 14:06"
"kober","67ad18a09e150413a5e6fa66","Markus Benz","6109729e88f8fa00013f1db2","6a85f0338b479428678c1c74","2026-08-19 14:07"
"teddy bear","66f081f2bf4b230a2fcb970c","Pandazan","632e19f3f0149e276027d38e","6a85f0288b479428678c1c42","2026-08-19 14:07"
"caioxz_","6331d016ad2a2f9e703f7c60","Tottenhamwisps","60ad03a48b6e1d00012f8e7e","6a85ef4b8b479428678c1852","2026-08-19 14:07"
"twitch.tv/somanytearsss","694afef9362dac5a39fa9f54","VoltzyWoltzy","623f9aa519776cbc2a8282e2","6a85ef66fd2504e279796f4c","2026-08-19 14:07"
"kober","67ad18a09e150413a5e6fa66","Markus Benz","6109729e88f8fa00013f1db2","6a85f0338b479428678c1c74","2026-08-19 14:08"
"Northboii","669bfa0bdf76dc442ac759bf","Palmitas","6984de4267015bc9a6109cae","6a85ef89fd2504e279796fcf","2026-08-19 14:08"
"Kluczini Bananini","66d58c237a4d614b853dd2de","SuperGeo","6642732ec501bffdb0aa8d45","6a85efe3fd2504e2797970e4","2026-08-19 14:08"
"Ravi Chintalacharuvu","62ccb7f2973590185c12675b","DonkeyGuesses","6912d873ef3380557dd45eec","6a85f04bb97b40e5013debb9","2026-08-19 14:08"
"grytsko","68a2376a48461ffeecd42351","tilted and tired","66549d4cc725af87c3aa9a34","6a85efb7fd2504e27979706f","2026-08-19 14:09"
"im recording my gameplay","6a437d2254319c3206c01eb9","Antigs","5fb70fb9e2c593000135b6e0","6a85efed8b479428678c1b3b","2026-08-19 14:10"
"GeoBunny","64b2f9895059c43d9160f5af","teddy bear","66f081f2bf4b230a2fcb970c","6a85f1078b479428678c2015","2026-08-19 14:10"
"Jeremi","6007886fcafc2e00011be9cd","winter","5eea19cb4799175480045d3d","6a85f10d8b479428678c202e","2026-08-19 14:10"
"Ayli","6381e9f58453af043b2f4206","kakithesukip","6809563cae64cffc1988e9fe","6a85f0db8b479428678c1f5f","2026-08-19 14:10"
"zach","621783eaab08b80001371858","Palmitas","6984de4267015bc9a6109cae","6a85f0e08b479428678c1f76","2026-08-19 14:11"
"MaxJoker84","658c1a04945350bcd1f47aca","riso***","5e0bb8901b34a023587ad378","6a85f1498b479428678c213e","2026-08-19 14:11"
"YRP","65361a91884b107b4fd0cef8","kober","67ad18a09e150413a5e6fa66","6a85f1498b479428678c213f","2026-08-19 14:12"
".Dexter Morgan","66a8ba1fe626c7340b49ccd9","kober","67ad18a09e150413a5e6fa66","6a85f0b4260725335633595f","2026-08-19 14:12"
"fat cat gif","632e04c44a19e972f04cd1d3","Markus Benz","6109729e88f8fa00013f1db2","6a85f0a58b479428678c1e90","2026-08-19 14:12"
"Thomas4183b","60194a73ccb73b00018edf77","Phantom","65ae346c790b3f77dba7a1c9","6a85f1108b479428678c2034","2026-08-19 14:12"
"teddy bear","66f081f2bf4b230a2fcb970c","GeoBunny","64b2f9895059c43d9160f5af","6a85f183b97b40e5013def49","2026-08-19 14:13"
"adams","62f0c9a9822a3f816d659d84","skrzypas&wojfer shared account","62dc07edf32847e5836668f1","6a85f09c8b479428678c1e4c","2026-08-19 14:14"
"val1d","63875de4e55ec4234b26d1fb","Pandazan","632e19f3f0149e276027d38e","6a85f0bd8b479428678c1ef3","2026-08-19 14:14"
"Palmitas","6984de4267015bc9a6109cae","zach","621783eaab08b80001371858","6a85f1be8b479428678c2317","2026-08-19 14:15"
"teddy bear","66f081f2bf4b230a2fcb970c","val1d","63875de4e55ec4234b26d1fb","6a85f2638b479428678c25d0","2026-08-19 14:16"
"Wodak","6796246986227732f607bc7a","kober","67ad18a09e150413a5e6fa66","6a85f222374bd3156945211e","2026-08-19 14:16"
"SuperGeo","6642732ec501bffdb0aa8d45","twitch.tv/somanytearsss","694afef9362dac5a39fa9f54","6a85f0df8b479428678c1f6f","2026-08-19 14:16"
"Conax","683029bd7e7399d1213e44e3","Don't Give Up","5ffb60de75d2770001545e96","6a85f0911314c768abcfe092","2026-08-19 14:17"
"GeoBunny","64b2f9895059c43d9160f5af","F12RXY7U9I","6919845c3a6623b10b2fa710","6a85f234b97b40e5013df168","2026-08-19 14:17"
"Wodak","6796246986227732f607bc7a","kober","67ad18a09e150413a5e6fa66","6a85f222374bd3156945211e","2026-08-19 14:18"
"Tomek5_5","606e09423667bc0001ad663d","teddy bear","66f081f2bf4b230a2fcb970c","6a85f2702607253356335e1f","2026-08-19 14:18"
"Thomas4183b","60194a73ccb73b00018edf77","PML","615b4d8920ea1200012de9bf","6a85f1fd8b479428678c2435","2026-08-19 14:18"
"Ayli","6381e9f58453af043b2f4206","kakithesukip","6809563cae64cffc1988e9fe","6a85f1859178618bce7ea7c1","2026-08-19 14:18"
"adams","62f0c9a9822a3f816d659d84","skrzypas&wojfer shared account","62dc07edf32847e5836668f1","6a85f2378b479428678c250d","2026-08-19 14:19"
"zach","621783eaab08b80001371858","Palmitas","6984de4267015bc9a6109cae","6a85f296b97b40e5013df25d","2026-08-19 14:19"
"Kluczini Bananini","66d58c237a4d614b853dd2de","Pandazan","632e19f3f0149e276027d38e","6a85f2548b479428678c2598","2026-08-19 14:19"
"GeoBunny","64b2f9895059c43d9160f5af","Don't Give Up","5ffb60de75d2770001545e96","6a85f31dfd2504e279797a91","2026-08-19 14:20"
"twitch.tv/somanytearsss","694afef9362dac5a39fa9f54","Synxzy","62b9d279343a6042acb35fe8","6a85f2cb2607253356335efc","2026-08-19 14:20"
"Clement","635c171d190621fb60d8bb08",".Dexter Morgan","66a8ba1fe626c7340b49ccd9","6a85f330fd2504e279797ac2","2026-08-19 14:21"
"val1d","63875de4e55ec4234b26d1fb","teddy bear","66f081f2bf4b230a2fcb970c","6a85f36926072533563360c8","2026-08-19 14:21"
"Phantom","65ae346c790b3f77dba7a1c9","DonkeyGuesses","6912d873ef3380557dd45eec","6a85f2a21314c768abcfe662","2026-08-19 14:21"
"kent","5fa7ab03b45c670001342904","1k","5e1baa352034a083c05674a7","6a85f082fd2504e279797296","2026-08-19 14:22"
"kefirek_xyz","69c6ad21a630d6d9a570c728","YRP","65361a91884b107b4fd0cef8","6a85f3048b479428678c2815","2026-08-19 14:22"
"val1d","63875de4e55ec4234b26d1fb","teddy bear","66f081f2bf4b230a2fcb970c","6a85f36926072533563360c8","2026-08-19 14:22"
"Don't Give Up","5ffb60de75d2770001545e96","twitch.tv/somanytearsss","694afef9362dac5a39fa9f54","6a85f3d5fd2504e279797cb9","2026-08-19 14:22"
"Ayli","6381e9f58453af043b2f4206","Stuttgarden","5e7b584fd51dd6198cd166d1","6a85f3528b479428678c2965","2026-08-19 14:22"
"Wodak","6796246986227732f607bc7a","kober","67ad18a09e150413a5e6fa66","6a85f31cb97b40e5013df3c3","2026-08-19 14:23"
"Tudelzzz","6549fc9cf755320e28e30de7","Baga #banalts","6106adfe5078c20001560397","6a85f0d88b479428678c1f5a","2026-08-19 14:23"
"Mathias","650a2d21361d5316c35b4efe","tilted and tired","66549d4cc725af87c3aa9a34","6a85f2cd8b479428678c2770","2026-08-19 14:24"
".Dexter Morgan","66a8ba1fe626c7340b49ccd9","zach","621783eaab08b80001371858","6a85f3df8b479428678c2bd2","2026-08-19 14:24"
"Synxzy","62b9d279343a6042acb35fe8","Don't Give Up","5ffb60de75d2770001545e96","6a85f4238b479428678c2cea","2026-08-19 14:24"
"adams","62f0c9a9822a3f816d659d84","skrzypas&wojfer shared account","62dc07edf32847e5836668f1","6a85f3729178618bce7eac37","2026-08-19 14:25"
"AromatikoBombatiko","669e4ec691320f1dae6e4e5e","teddy bear","66f081f2bf4b230a2fcb970c","6a85f4598b479428678c2dab","2026-08-19 14:25"
"AromatikoBombatiko","669e4ec691320f1dae6e4e5e","teddy bear","66f081f2bf4b230a2fcb970c","6a85f4598b479428678c2dab","2026-08-19 14:26"
"Xase","6155e281335e48000120c4ee","GeoBunny","64b2f9895059c43d9160f5af","6a85f409b97b40e5013df6ee","2026-08-19 14:26"
"Ayli","6381e9f58453af043b2f4206","val1d","63875de4e55ec4234b26d1fb","6a85f4778b479428678c2e2d","2026-08-19 14:26"
"Palmitas","6984de4267015bc9a6109cae","Kluczini Bananini","66d58c237a4d614b853dd2de","6a85f3938b479428678c2a8a","2026-08-19 14:27"
"Thomas4183b","60194a73ccb73b00018edf77","kakithesukip","6809563cae64cffc1988e9fe","6a85f3671314c768abcfe827","2026-08-19 14:27"
"1k","5e1baa352034a083c05674a7","kent","5fa7ab03b45c670001342904","6a85f43c8b479428678c2d43","2026-08-19 14:28"
"kefirek_xyz","69c6ad21a630d6d9a570c728","Clement","635c171d190621fb60d8bb08","6a85f41c8b479428678c2cd4","2026-08-19 14:28"
".Dexter Morgan","66a8ba1fe626c7340b49ccd9","whueu-abi","694060fd0b5941c5cbe18cbf","6a85f4f99178618bce7eb050","2026-08-19 14:28"
"Wodak","6796246986227732f607bc7a","kober","67ad18a09e150413a5e6fa66","6a85f47e8b479428678c2e4a","2026-08-19 14:29"
"Jeremi","6007886fcafc2e00011be9cd","Gaz","5ffc25ff91da7b0001ada8fa","6a85f4881314c768abcfebe6","2026-08-19 14:29"
"Phantom","65ae346c790b3f77dba7a1c9","resident","6919ea6aa5259496d039943a","6a85f542b97b40e5013df9dc","2026-08-19 14:29"
"Tomek5_5","606e09423667bc0001ad663d","teddy bear","66f081f2bf4b230a2fcb970c","6a85f54b8b479428678c3146","2026-08-19 14:30"
"Don't Give Up","5ffb60de75d2770001545e96","Cynox","5a7c41e2a1835d1c3cc540da","6a85f4e3fd2504e279797fdb","2026-08-19 14:30"
"w4tercloud","5eadc193d502e122ec8b0f9f","Synxzy","62b9d279343a6042acb35fe8","6a85f54826072533563366e9","2026-08-19 14:30"
"Phantom","65ae346c790b3f77dba7a1c9","DonkeyGuesses","6912d873ef3380557dd45eec","6a85f5bbb97b40e5013dfb19","2026-08-19 14:30"
".Dexter Morgan","66a8ba1fe626c7340b49ccd9","caribou","65b67a412c40703eebe95de7","6a85f5f22607253356336872","2026-08-19 14:31"
"Palmitas","6984de4267015bc9a6109cae","YRP","65361a91884b107b4fd0cef8","6a85f5c0fd2504e27979821d","2026-08-19 14:31"
"Ayli","6381e9f58453af043b2f4206","AromatikoBombatiko","669e4ec691320f1dae6e4e5e","6a85f5578b479428678c316f","2026-08-19 14:31"
"GeoBunny","64b2f9895059c43d9160f5af","Phantom","65ae346c790b3f77dba7a1c9","6a85f62c8b479428678c34db","2026-08-19 14:32"
"PML","615b4d8920ea1200012de9bf","twitch.tv/somanytearsss","694afef9362dac5a39fa9f54","6a85f46cfd2504e279797ea3","2026-08-19 14:32"
"Markus Benz","6109729e88f8fa00013f1db2","Lene","5d52f64824ec173888d82b60","6a85f1d38b479428678c2365","2026-08-19 14:33"
"whueu-abi","694060fd0b5941c5cbe18cbf","kober","67ad18a09e150413a5e6fa66","6a85f5e6b97b40e5013dfb7f","2026-08-19 14:33"
"zach","621783eaab08b80001371858","Genghis Khan","604a67e702e32a000195a11e","6a85f4c58b479428678c2f56","2026-08-19 14:33"
"Kluczini Bananini","66d58c237a4d614b853dd2de","Bob Tschigerillo","62248fc297f88100010c1763","6a85f5678b479428678c31b2","2026-08-19 14:33"
"MoD","62261e5b2446120001170812","DonkeyGuesses","6912d873ef3380557dd45eec","6a85f632fd2504e279798382","2026-08-19 14:33"
"Domak666","6a3a957b0446680426a7f84b","skrzypas&wojfer shared account","62dc07edf32847e5836668f1","6a85f62d2607253356336921","2026-08-19 14:34"
"GeoBunny","64b2f9895059c43d9160f5af","Phantom","65ae346c790b3f77dba7a1c9","6a85f62c8b479428678c34db","2026-08-19 14:34"
"Synxzy","62b9d279343a6042acb35fe8","AlyssaXO","697951452c7d617abab0dc61","6a85f6468b479428678c3559","2026-08-19 14:34"
".Dexter Morgan","66a8ba1fe626c7340b49ccd9","caribou","65b67a412c40703eebe95de7","6a85f6a8fd2504e2797984d8","2026-08-19 14:35"
"Palmitas","6984de4267015bc9a6109cae","kober","67ad18a09e150413a5e6fa66","6a85f65b1314c768abcff081","2026-08-19 14:35"
"Markus Benz","6109729e88f8fa00013f1db2","whueu-abi","694060fd0b5941c5cbe18cbf","6a85f6f48b479428678c3821","2026-08-19 14:36"
"Genghis Khan","604a67e702e32a000195a11e","zach","621783eaab08b80001371858","6a85f6ceb97b40e5013dfe61","2026-08-19 14:36"
"Xase","6155e281335e48000120c4ee","tilted and tired","66549d4cc725af87c3aa9a34","6a85f52d8b479428678c30e8","2026-08-19 14:37"
"kober","67ad18a09e150413a5e6fa66","Tomek5_5","606e09423667bc0001ad663d","6a85f74db97b40e5013dfff6","2026-08-19 14:37"
"kouuli","61484b52add2db00018fe1ec","wert31415","6797c0be0b7bd1c00269ac82","6a85f70d8b479428678c3895","2026-08-19 14:37"
"adams","62f0c9a9822a3f816d659d84","Blinky","5b51062a4010740f7cd91dd5","6a85f507260725335633664d","2026-08-19 14:38"
"Conax","683029bd7e7399d1213e44e3","Shakazaramesh","5ef2945bbb96627c9ce5f63f","6a85f3a68b479428678c2ad5","2026-08-19 14:38"
"Kluczini Bananini","66d58c237a4d614b853dd2de","Bob Tschigerillo","62248fc297f88100010c1763","6a85f6dd1314c768abcff20c","2026-08-19 14:38"
"w4tercloud","5eadc193d502e122ec8b0f9f","Don't Give Up","5ffb60de75d2770001545e96","6a85f62b9b739dad0fd12bcc","2026-08-19 14:38"
"YRP","65361a91884b107b4fd0cef8","david attenborough","6202fc2fed74670001f9a180","6a85f6a7fd2504e2797984d6","2026-08-19 14:39"
"caribou","65b67a412c40703eebe95de7","Lene","5d52f64824ec173888d82b60","6a85f7458b479428678c3986","2026-08-19 14:39"
"twitch.tv/somanytearsss","694afef9362dac5a39fa9f54","ScabTheSidewalk","691f64b9c0688aaea23c00dd","6a85f690b97b40e5013dfda1","2026-08-19 14:39"
"Clement","635c171d190621fb60d8bb08","1k","5e1baa352034a083c05674a7","6a85f5af8b479428678c3301","2026-08-19 14:40"
"Don't Give Up","5ffb60de75d2770001545e96","Gangooo | Jan","5c692ddbfa7cd6698082d404","6a85f7ea8b479428678c3c39","2026-08-19 14:40"
"Palmitas","6984de4267015bc9a6109cae","kober","67ad18a09e150413a5e6fa66","6a85f7391314c768abcff329","2026-08-19 14:41"
"Ayli","6381e9f58453af043b2f4206","Tomek5_5","606e09423667bc0001ad663d","6a85f7ae8b479428678c3b51","2026-08-19 14:41"
"franek3215 2","69bd7ff3c47c5404925b9113","Surgut sand","5ec369eae7115241a4e75beb","6a85f7df1314c768abcff4b1","2026-08-19 14:41"
"zach","621783eaab08b80001371858",".Dexter Morgan","66a8ba1fe626c7340b49ccd9","6a85f76fb97b40e5013e0037","2026-08-19 14:42"
"Northboii","669bfa0bdf76dc442ac759bf","Kluczini Bananini","66d58c237a4d614b853dd2de","6a85f8198b479428678c3d09","2026-08-19 14:42"
"Bob Tschigerillo","62248fc297f88100010c1763","kober","67ad18a09e150413a5e6fa66","6a85f7eb8b479428678c3c43","2026-08-19 14:42"
"Lene","5d52f64824ec173888d82b60","tilted and tired","66549d4cc725af87c3aa9a34","6a85f8262607253356336ebf","2026-08-19 14:43"
"david attenborough","6202fc2fed74670001f9a180","val1d","63875de4e55ec4234b26d1fb","6a85f84dfd2504e2797989c5","2026-08-19 14:43"
"Shakazaramesh","5ef2945bbb96627c9ce5f63f","w4tercloud","5eadc193d502e122ec8b0f9f","6a85f80d2607253356336e78","2026-08-19 14:43"
"GDrigXOツ","62d397b9283f387577c4aff8","Jacky Wong","63be7833696b395b1a06db85","6a85f7792607253356336c8d","2026-08-19 14:43"
"skrzypas&wojfer shared account","62dc07edf32847e5836668f1","m4PHI","6465f8a8196d74dad5532e0f","6a85f73f8b479428678c396d","2026-08-19 14:44"
"YRP","65361a91884b107b4fd0cef8","GeoBunny","64b2f9895059c43d9160f5af","6a85f8928b479428678c3eda","2026-08-19 14:44"
"Palmitas","6984de4267015bc9a6109cae","kober","67ad18a09e150413a5e6fa66","6a85f8db8b479428678c3fc6","2026-08-19 14:44"
"Tomek5_5","606e09423667bc0001ad663d","Surgut sand","5ec369eae7115241a4e75beb","6a85f8adfd2504e279798b26","2026-08-19 14:44"
"mii3en","66159d055967919df66cf9c0","franek3215 2","69bd7ff3c47c5404925b9113","6a85f8bf8b479428678c3f6e","2026-08-19 14:44"
"Markus Benz","6109729e88f8fa00013f1db2","Xase","6155e281335e48000120c4ee","6a85f7e98b479428678c3c38","2026-08-19 14:45"
"caribou","65b67a412c40703eebe95de7","Wodak","6796246986227732f607bc7a","6a85f8238b479428678c3d28","2026-08-19 14:45"
"kober","67ad18a09e150413a5e6fa66","wichura240","68767692157557d5c76a0ab6","6a85f8f5fd2504e279798bfe","2026-08-19 14:45"
"Genghis Khan","604a67e702e32a000195a11e","whueu-abi","694060fd0b5941c5cbe18cbf","6a85f7838b479428678c3a7d","2026-08-19 14:46"
"Palmitas","6984de4267015bc9a6109cae","kober","67ad18a09e150413a5e6fa66","6a85f964260725335633721b","2026-08-19 14:46"
"Don't Give Up","5ffb60de75d2770001545e96","PML","615b4d8920ea1200012de9bf","6a85f86fb97b40e5013e02c4","2026-08-19 14:46"
"spherical_cow","62b34fca140a13acdc6567df","Uralensis","65eba12c6f7c11bcafdeaac8","6a85f1738b479428678c21cb","2026-08-19 14:46"
"Gangooo | Jan","5c692ddbfa7cd6698082d404","franek3215 2","69bd7ff3c47c5404925b9113","6a85f955fd2504e279798d3a","2026-08-19 14:46"
"Bob Tschigerillo","62248fc297f88100010c1763",".Dexter Morgan","66a8ba1fe626c7340b49ccd9","6a85f9129178618bce7ebafd","2026-08-19 14:47"
"Ayli","6381e9f58453af043b2f4206","GeoBunny","64b2f9895059c43d9160f5af","6a85f89a8b479428678c3ef4","2026-08-19 14:47"
"skrzypas&wojfer shared account","62dc07edf32847e5836668f1","Bad At Geo","5d46b0bb3b4b6a4968620f7b","6a85f94b9178618bce7ebb97","2026-08-19 14:48"
"caribou","65b67a412c40703eebe95de7","YRP","65361a91884b107b4fd0cef8","6a85f9951314c768abcffa1e","2026-08-19 14:48"
"whueu-abi","694060fd0b5941c5cbe18cbf","teddy bear","66f081f2bf4b230a2fcb970c","6a85f9c5fd2504e279798ecf","2026-08-19 14:48"
"1k","5e1baa352034a083c05674a7","Clement","635c171d190621fb60d8bb08","6a85f8bb9178618bce7eba26","2026-08-19 14:49"
"tilted and tired","66549d4cc725af87c3aa9a34","Markus Benz","6109729e88f8fa00013f1db2","6a85f9b38b479428678c4337","2026-08-19 14:49"
"Tomek5_5","606e09423667bc0001ad663d","GeoBunny","64b2f9895059c43d9160f5af","6a85f9958b479428678c42bc","2026-08-19 14:49"
"mii3en","66159d055967919df66cf9c0","winter","5eea19cb4799175480045d3d","6a85f9c6b97b40e5013e0659","2026-08-19 14:49"
"val1d","63875de4e55ec4234b26d1fb","wichura240","68767692157557d5c76a0ab6","6a85f9e28b479428678c43ec","2026-08-19 14:49"
"Synxzy","62b9d279343a6042acb35fe8","Slam4","60927f97129054000189c279","6a85f8d426072533563370ad","2026-08-19 14:49"
"twitch.tv/somanytearsss","694afef9362dac5a39fa9f54","franek3215 2","69bd7ff3c47c5404925b9113","6a85fa0c8b479428678c4494","2026-08-19 14:49"
"Blinky","5b51062a4010740f7cd91dd5","adams","62f0c9a9822a3f816d659d84","6a85f8001314c768abcff52d","2026-08-19 14:50"
"Palmitas","6984de4267015bc9a6109cae","Genghis Khan","604a67e702e32a000195a11e","6a85f9f01314c768abcffb05","2026-08-19 14:50"
"teddy bear","66f081f2bf4b230a2fcb970c","Ayli","6381e9f58453af043b2f4206","6a85fa388b479428678c453f","2026-08-19 14:50"
"Thomas4183b","60194a73ccb73b00018edf77","Tudelzzz","6549fc9cf755320e28e30de7","6a85f65a8b479428678c359d","2026-08-19 14:50"
"Jacky Wong","63be7833696b395b1a06db85","Gaz","5ffc25ff91da7b0001ada8fa","6a85f9178b479428678c40a7","2026-08-19 14:50"
"Gangooo | Jan","5c692ddbfa7cd6698082d404","Surgut sand","5ec369eae7115241a4e75beb","6a85fa0dfd2504e279798fb5","2026-08-19 14:50"
"Fructidor","5e3712631e34a03504349945","Loan","5e866b87b3ec17798078a43b","6a85f6d2b97b40e5013dfe6c","2026-08-19 14:50"
"whueu-abi","694060fd0b5941c5cbe18cbf","Markus Benz","6109729e88f8fa00013f1db2","6a85fa9c1314c768abcffd62","2026-08-19 14:51"
"PML","615b4d8920ea1200012de9bf","AlyssaXO","697951452c7d617abab0dc61","6a85faaf9b739dad0fd1374b","2026-08-19 14:51"
".Dexter Morgan","66a8ba1fe626c7340b49ccd9","Bob Tschigerillo","62248fc297f88100010c1763","6a85fa148b479428678c44b2","2026-08-19 14:52"
"Conax","683029bd7e7399d1213e44e3","Northboii","669bfa0bdf76dc442ac759bf","6a85f8f18b479428678c400c","2026-08-19 14:52"
"Ayli","6381e9f58453af043b2f4206","GeoBunny","64b2f9895059c43d9160f5af","6a85fab78b479428678c476d","2026-08-19 14:52"
"YRP","65361a91884b107b4fd0cef8","caribou","65b67a412c40703eebe95de7","6a85fa628b479428678c45fb","2026-08-19 14:53"
"teddy bear","66f081f2bf4b230a2fcb970c","Wodak","6796246986227732f607bc7a","6a85fa3cb97b40e5013e07a4","2026-08-19 14:53"
"Bad At Geo","5d46b0bb3b4b6a4968620f7b","skrzypas&wojfer shared account","62dc07edf32847e5836668f1","6a85fa682607253356337590","2026-08-19 14:54"
"Ricky Beast","5ff33554455e6800011e3146","david attenborough","6202fc2fed74670001f9a180","6a85f9308b479428678c4112","2026-08-19 14:54"
"Palmitas","6984de4267015bc9a6109cae","Genghis Khan","604a67e702e32a000195a11e","6a85faba8b479428678c477c","2026-08-19 14:54"
"Ayli","6381e9f58453af043b2f4206","GeoBunny","64b2f9895059c43d9160f5af","6a85fab78b479428678c476d","2026-08-19 14:54"
"Finn Siemon","66eb7b4a062332fb60915d65","Ayli","6381e9f58453af043b2f4206","6a85fb3db97b40e5013e0b06","2026-08-19 14:54"
"twitch.tv/somanytearsss","694afef9362dac5a39fa9f54","franek3215 2","69bd7ff3c47c5404925b9113","6a85fa902607253356337636","2026-08-19 14:54"
"Clement","635c171d190621fb60d8bb08","Markus Benz","6109729e88f8fa00013f1db2","6a85faef1314c768abcffe43","2026-08-19 14:55"
".Dexter Morgan","66a8ba1fe626c7340b49ccd9","YRP","65361a91884b107b4fd0cef8","6a85fb96fd2504e2797994db","2026-08-19 14:55"
"val1d","63875de4e55ec4234b26d1fb","Tomek5_5","606e09423667bc0001ad663d","6a85fa97b97b40e5013e08f4","2026-08-19 14:55"
"Synxzy","62b9d279343a6042acb35fe8","Slam4","60927f97129054000189c279","6a85fb088b479428678c48e9","2026-08-19 14:55"
"Bellaxo","5c7d0e74f8f7fb7218489b2e","Surgut sand","5ec369eae7115241a4e75beb","6a85fb131314c768abcffec3","2026-08-19 14:55"
"Blinky","5b51062a4010740f7cd91dd5","Geooo","5ffb5e4975d2770001545cf5","6a85fad126072533563376fe","2026-08-19 14:56"
"adams","62f0c9a9822a3f816d659d84","Bad At Geo","5d46b0bb3b4b6a4968620f7b","6a85fae2fd2504e2797992ac","2026-08-19 14:56"
"Coco 😼","643efb0c135092a962eb1751","teddy bear","66f081f2bf4b230a2fcb970c","6a85fb7d1314c768abcffff5","2026-08-19 14:57"
"david attenborough","6202fc2fed74670001f9a180","Goonax#4WC","6772fee6827b91b41dd22b5f","6a85fb9f2607253356337980","2026-08-19 14:57"
"vinnie","69af2d2e4921fb35244096f4","Northboii","669bfa0bdf76dc442ac759bf","6a85fb478b479428678c4a05","2026-08-19 14:57"
"Fenrys","60d8c06ddcd6370001961252","geomaster420","600311cf79633800018506b9","6a85fa278b479428678c4500","2026-08-19 14:57"
"Clement","635c171d190621fb60d8bb08",".Dexter Morgan","66a8ba1fe626c7340b49ccd9","6a85fc01fd2504e279799624","2026-08-19 14:58"
"Gangooo | Jan","5c692ddbfa7cd6698082d404","riso***","5e0bb8901b34a023587ad378","6a85fbc6b97b40e5013e0cab","2026-08-19 14:58"
"Antigs","5fb70fb9e2c593000135b6e0","NotNMPZDitoAgain","690b3774653c4fdcfc395260","6a85fb502607253356337883","2026-08-19 14:58"
"Bad At Geo","5d46b0bb3b4b6a4968620f7b","skrzypas&wojfer shared account","62dc07edf32847e5836668f1","6a85fba83b0aa70ae4199dca","2026-08-19 14:59"
"Valen´t","5ecc89febb39467ce83ec462","Palmitas","6984de4267015bc9a6109cae","6a85fbb19178618bce7ec2ec","2026-08-19 14:59"
"Flying Matze","596539239a4f706a2c9cda09","teddy bear","66f081f2bf4b230a2fcb970c","6a85fafc8b479428678c489a","2026-08-19 14:59"
"Bad At Geo","5d46b0bb3b4b6a4968620f7b","adams","62f0c9a9822a3f816d659d84","6a85fc16b97b40e5013e0d90","2026-08-19 15:00"
"Tomek5_5","606e09423667bc0001ad663d","GeoBunny","64b2f9895059c43d9160f5af","6a85fc028b479428678c4d7a","2026-08-19 15:00"
"Finn Siemon","66eb7b4a062332fb60915d65","GeoBunny","64b2f9895059c43d9160f5af","6a85fbd9fd2504e2797995ae","2026-08-19 15:00"
"Lennli","5b4899f5b56fe41a1831bba4","xLucky07","6771278c215608df4a80a000","6a85fc178b479428678c4dcc","2026-08-19 15:01"
"Markus Benz","6109729e88f8fa00013f1db2","Genghis Khan","604a67e702e32a000195a11e","6a85fbe29178618bce7ec391","2026-08-19 15:01"
"Bob Tschigerillo","62248fc297f88100010c1763","tilted and tired","66549d4cc725af87c3aa9a34","6a85fb1efd2504e279799373","2026-08-19 15:01"
"teddy bear","66f081f2bf4b230a2fcb970c","Thore Stach","60b2c6420390be00015e9fa1","6a85fced8b479428678c514e","2026-08-19 15:01"
"BlackShark","61f04538cc54700001a27678","Womir1982","671a87967678ed42696f58ab","6a85fc284175d0a421c946d7","2026-08-19 15:01"
"PML","615b4d8920ea1200012de9bf","Jacky Wong","63be7833696b395b1a06db85","6a85fc0eb97b40e5013e0d82","2026-08-19 15:01"
"Vell","5eea5f1162df1243a0cdd8e4","val1d","63875de4e55ec4234b26d1fb","6a85fc1c8b479428678c4de9","2026-08-19 15:01"
"Mr. Bastuaggregat","5ada37ab582de2514cbb19d8","Lene","5d52f64824ec173888d82b60","6a85f9318b479428678c411c","2026-08-19 15:02"
"Gangooo | Jan","5c692ddbfa7cd6698082d404","twitch.tv/somanytearsss","694afef9362dac5a39fa9f54","6a85fc9f8b479428678c501b","2026-08-19 15:02"
"adams","62f0c9a9822a3f816d659d84","Bad At Geo","5d46b0bb3b4b6a4968620f7b","6a85fd148b479428678c520d","2026-08-19 15:03"
"hoppyface","5d6e4022b4ec1709f0729979","Clement","635c171d190621fb60d8bb08","6a85fce2b97b40e5013e0fde","2026-08-19 15:03"
"Bob Tschigerillo","62248fc297f88100010c1763","teddy bear","66f081f2bf4b230a2fcb970c","6a85fd5d8b479428678c5352","2026-08-19 15:03"
"Northboii","669bfa0bdf76dc442ac759bf","Synxzy","62b9d279343a6042acb35fe8","6a85fc7c8b479428678c4f7d","2026-08-19 15:03"
"Bob Tschigerillo","62248fc297f88100010c1763","teddy bear","66f081f2bf4b230a2fcb970c","6a85fd5d8b479428678c5352","2026-08-19 15:03"
"val1d","63875de4e55ec4234b26d1fb","wichura240","68767692157557d5c76a0ab6","6a85fd682607253356337e77","2026-08-19 15:04"
"GeoBunny","64b2f9895059c43d9160f5af","wichura240","68767692157557d5c76a0ab6","6a85fd3d8b479428678c52ba","2026-08-19 15:04"
"skrzypas&wojfer shared account","62dc07edf32847e5836668f1","Bad At Geo","5d46b0bb3b4b6a4968620f7b","6a85fcecb97b40e5013e0ffe","2026-08-19 15:05"
"YRP","65361a91884b107b4fd0cef8","david attenborough","6202fc2fed74670001f9a180","6a85fc4c1314c768abd0026a","2026-08-19 15:05"
"Tomek5_5","606e09423667bc0001ad663d","GeoBunny","64b2f9895059c43d9160f5af","6a85fd2eb97b40e5013e10d4","2026-08-19 15:05"
"Antigs","5fb70fb9e2c593000135b6e0","Thore Stach","60b2c6420390be00015e9fa1","6a85fd638b479428678c536a","2026-08-19 15:05"
"Bad At Geo","5d46b0bb3b4b6a4968620f7b","adams","62f0c9a9822a3f816d659d84","6a85fdca2607253356337fe6","2026-08-19 15:06"
"Albanian Guy","58796ade8b9ff486d81bbad5","Lene","5d52f64824ec173888d82b60","6a85fde4321b3548ea5fda32","2026-08-19 15:06"
"Ballsackzzz","673c4848ef612abd4e6bb52c","Ayli","6381e9f58453af043b2f4206","6a85fd6a8b479428678c5390","2026-08-19 15:06"
"PML","615b4d8920ea1200012de9bf","Jacky Wong","63be7833696b395b1a06db85","6a85fd533b0aa70ae419a217","2026-08-19 15:06"
"Lennli","5b4899f5b56fe41a1831bba4","tilted and tired","66549d4cc725af87c3aa9a34","6a85fd978b479428678c5450","2026-08-19 15:07"
"xLucky07","6771278c215608df4a80a000","teddy bear","66f081f2bf4b230a2fcb970c","6a85fdc7b97b40e5013e12b3","2026-08-19 15:07"
"Lágrima","5f32d46aca94e000015886be","boulgour","5b4d54f6f1dad60dd82b7c8a","6a85fdbd8b479428678c5504","2026-08-19 15:07"
"Slam4","60927f97129054000189c279","Goonax#4WC","6772fee6827b91b41dd22b5f","6a85fcb11314c768abd003a5","2026-08-19 15:07"
"MoD","62261e5b2446120001170812","Vell","5eea5f1162df1243a0cdd8e4","6a85fda8b97b40e5013e1263","2026-08-19 15:07"
"domi","5dd056e9e2c0053dd02850e9","Karjalan poika","5ee666ddf200f12f30ceae47","6a85fd4f8b479428678c5318","2026-08-19 15:07"
".Dexter Morgan","66a8ba1fe626c7340b49ccd9","whueu-abi","694060fd0b5941c5cbe18cbf","6a85fde88b479428678c55c2","2026-08-19 15:08"
"Avandy","60c3535133004c00010451a3","Palmitas","6984de4267015bc9a6109cae","6a85fd34fd2504e279799a11","2026-08-19 15:08"
"teddy bear","66f081f2bf4b230a2fcb970c","Bob Tschigerillo","62248fc297f88100010c1763","6a85fdec8b479428678c55d4","2026-08-19 15:08"
"Gangooo | Jan","5c692ddbfa7cd6698082d404","atomate29","662fe9d9f538b479027742ff","6a85fe0e9178618bce7ec98f","2026-08-19 15:08"
"val1d","63875de4e55ec4234b26d1fb","twitch.tv/somanytearsss","694afef9362dac5a39fa9f54","6a85fe42fd2504e279799daf","2026-08-19 15:09"
"Bad At Geo","5d46b0bb3b4b6a4968620f7b","adams","62f0c9a9822a3f816d659d84","6a85fe798b479428678c5838","2026-08-19 15:10"
"YRP","65361a91884b107b4fd0cef8","Genghis Khan","604a67e702e32a000195a11e","6a85feb28b479428678c593b","2026-08-19 15:10"
"Ricky Beast","5ff33554455e6800011e3146","a-you","5e93a3443d4b6a5af4f11b0b","6a85fd082607253356337d57","2026-08-19 15:10"
"Bob Tschigerillo","62248fc297f88100010c1763","xLucky07","6771278c215608df4a80a000","6a85fee08b479428678c5a3d","2026-08-19 15:10"
"NorthKoreaEnjoyer","6a5776b9557fa0b8070897d7","NotNMPZDitoAgain","690b3774653c4fdcfc395260","6a85fcd958156bf08cafc7f7","2026-08-19 15:11"
"Jacky Wong","63be7833696b395b1a06db85","AlyssaXO","697951452c7d617abab0dc61","6a85fe9c8b479428678c58d4","2026-08-19 15:11"
"Blinky","5b51062a4010740f7cd91dd5","Geooo","5ffb5e4975d2770001545cf5","6a85fc33fd2504e2797996d0","2026-08-19 15:12"
"skrzypas&wojfer shared account","62dc07edf32847e5836668f1","Bad At Geo","5d46b0bb3b4b6a4968620f7b","6a85fe3c26072533563381a7","2026-08-19 15:12"
"Lennli","5b4899f5b56fe41a1831bba4","Clement","635c171d190621fb60d8bb08","6a85feb1b97b40e5013e15a1","2026-08-19 15:12"
"Avandy","60c3535133004c00010451a3","cozy","5eee1ae86a7c6a4edc0f7f94","6a85ff218b479428678c5b94","2026-08-19 15:12"
"tilted and tired","66549d4cc725af87c3aa9a34","boulgour","5b4d54f6f1dad60dd82b7c8a","6a85feb79178618bce7ecc44","2026-08-19 15:12"
"teddy bear","66f081f2bf4b230a2fcb970c","whueu-abi","694060fd0b5941c5cbe18cbf","6a85ff518b479428678c5c72","2026-08-19 15:12"
"Zi8gbolt Lyons","612472f2c4b5740001ef2d03","w4tercloud","5eadc193d502e122ec8b0f9f","6a85f9bc8b479428678c4359","2026-08-19 15:12"
"Fenrys","60d8c06ddcd6370001961252","Synxzy","62b9d279343a6042acb35fe8","6a85fe268b479428678c56e2","2026-08-19 15:12"
"whueu-abi","694060fd0b5941c5cbe18cbf","teddy bear","66f081f2bf4b230a2fcb970c","6a85ffdf8b479428678c5f31","2026-08-19 15:13"
"Tomek5_5","606e09423667bc0001ad663d","Lágrima","5f32d46aca94e000015886be","6a85fecf8b479428678c59b1","2026-08-19 15:13"
"GeoChiko","637129eb9d737c55a520a3e3","Hez1tred.","68274ac83004afb088d83eac","6a85fae7b97b40e5013e09f7","2026-08-19 15:13"
"연모트","5ffcf4ef76bbb900019724c1","Womir1982","671a87967678ed42696f58ab","6a85ff2fb97b40e5013e1767","2026-08-19 15:13"
"Bad At Geo","5d46b0bb3b4b6a4968620f7b","adams","62f0c9a9822a3f816d659d84","6a85ff5efd2504e27979a22b","2026-08-19 15:14"
"Ayli","6381e9f58453af043b2f4206","Ballsackzzz","673c4848ef612abd4e6bb52c","6a85fe861314c768abd009db","2026-08-19 15:14"
"Markus Benz","6109729e88f8fa00013f1db2","victr","660d89e0e8754a8737cdf7b8","6a85fd431314c768abd00553","2026-08-19 15:15"
"Palmitas","6984de4267015bc9a6109cae",".Dexter Morgan","66a8ba1fe626c7340b49ccd9","6a85fef6f00b024238b5fb23","2026-08-19 15:15"
"adams","62f0c9a9822a3f816d659d84","Bad At Geo","5d46b0bb3b4b6a4968620f7b","6a860050fd2504e27979a642","2026-08-19 15:16"
"Nicolai","5f74cd31b53fb70001d305b7","Geooo","5ffb5e4975d2770001545cf5","6a86003c8b479428678c60d6","2026-08-19 15:16"
"Ballsackzzz","673c4848ef612abd4e6bb52c","teddy bear","66f081f2bf4b230a2fcb970c","6a860061fd2504e27979a6b5","2026-08-19 15:16"
"Flamp","637797a8460099a3ebbc5879","atomate29","662fe9d9f538b479027742ff","6a85ff098b479428678c5b1c","2026-08-19 15:16"
"whueu-abi","694060fd0b5941c5cbe18cbf","Albanian Guy","58796ade8b9ff486d81bbad5","6a86002c26072533563388f0","2026-08-19 15:17"
"a-you","5e93a3443d4b6a5af4f11b0b","Bob Tschigerillo","62248fc297f88100010c1763","6a85ff73b97b40e5013e1818","2026-08-19 15:17"
"Goonax#4WC","6772fee6827b91b41dd22b5f","Slam4","60927f97129054000189c279","6a85fec08b479428678c5971","2026-08-19 15:17"
"GeoChiko","637129eb9d737c55a520a3e3","GeoBunny","64b2f9895059c43d9160f5af","6a86001f8b479428678c603b","2026-08-19 15:17"
"Bad At Geo","5d46b0bb3b4b6a4968620f7b","skrzypas&wojfer shared account","62dc07edf32847e5836668f1","6a8600cb1314c768abd01233","2026-08-19 15:18"
"Avandy","60c3535133004c00010451a3","Clement","635c171d190621fb60d8bb08","6a860010260725335633885e","2026-08-19 15:18"
"Palmitas","6984de4267015bc9a6109cae","Finn Siemon","66eb7b4a062332fb60915d65","6a8600af8b479428678c6339","2026-08-19 15:18"
"cozy","5eee1ae86a7c6a4edc0f7f94","val1d","63875de4e55ec4234b26d1fb","6a8600158b479428678c600a","2026-08-19 15:18"
"boulgour","5b4d54f6f1dad60dd82b7c8a","Jacky Wong","63be7833696b395b1a06db85","6a85ffef4175d0a421c952f8","2026-08-19 15:18"
"adams","62f0c9a9822a3f816d659d84","Bad At Geo","5d46b0bb3b4b6a4968620f7b","6a8600e18b479428678c641e","2026-08-19 15:19"
"irrational","65ba97ce8b2ba0c747ffa3b7","habesh","647734d056305f7bf5561a4e","6a85ff6ab97b40e5013e1802","2026-08-19 15:19"
"Jacky Wong","63be7833696b395b1a06db85","twitch.tv/somanytearsss","694afef9362dac5a39fa9f54","6a860147b97b40e5013e1e98","2026-08-19 15:20"
"Jamabi","5e5fcc1326bbda5284e824cf","Albanian Guy","58796ade8b9ff486d81bbad5","6a860154fd2504e27979aa8d","2026-08-19 15:21"
"Genghis Khan","604a67e702e32a000195a11e",".Dexter Morgan","66a8ba1fe626c7340b49ccd9","6a8600809178618bce7ed222","2026-08-19 15:21"
"Tomek5_5","606e09423667bc0001ad663d","teddy bear","66f081f2bf4b230a2fcb970c","6a860045fd2504e27979a632","2026-08-19 15:21"
"val1d","63875de4e55ec4234b26d1fb","Andrade","631f700e2347fcd4bef6185b","6a860152b97b40e5013e1ec7","2026-08-19 15:21"
"Lurkki","673dfa9f10797c20bc6721e9","wichura240","68767692157557d5c76a0ab6","6a86011a8b479428678c6556","2026-08-19 15:21"
"skrzypas&wojfer shared account","62dc07edf32847e5836668f1","Bad At Geo","5d46b0bb3b4b6a4968620f7b","6a86016a8b479428678c674a","2026-08-19 15:22"
"Lennli","5b4899f5b56fe41a1831bba4","Ricky Beast","5ff33554455e6800011e3146","6a86006a26072533563389ef","2026-08-19 15:22"
"YRP","65361a91884b107b4fd0cef8","xLucky07","6771278c215608df4a80a000","6a85ff808b479428678c5d5f","2026-08-19 15:22"
"whueu-abi","694060fd0b5941c5cbe18cbf","teddy bear","66f081f2bf4b230a2fcb970c","6a860119b97b40e5013e1dc1","2026-08-19 15:22"
"Ballsackzzz","673c4848ef612abd4e6bb52c","teddy bear","66f081f2bf4b230a2fcb970c","6a8600fb8b479428678c64b1","2026-08-19 15:22"
"F12RXY7U9I","6919845c3a6623b10b2fa710","Fenrys","60d8c06ddcd6370001961252","6a8600c12607253356338b92","2026-08-19 15:22"
"adams","62f0c9a9822a3f816d659d84","Bad At Geo","5d46b0bb3b4b6a4968620f7b","6a8601a59b739dad0fd14d9f","2026-08-19 15:23"
"Markus Benz","6109729e88f8fa00013f1db2","victr","660d89e0e8754a8737cdf7b8","6a8600b5fd2504e27979a7dd","2026-08-19 15:23"
"Finn Siemon","66eb7b4a062332fb60915d65","boulgour","5b4d54f6f1dad60dd82b7c8a","6a8601471314c768abd01460","2026-08-19 15:23"
"Flamp","637797a8460099a3ebbc5879","Mythaz","62c41cd57a1a25207caf8277","6a8601ba8b479428678c68fd","2026-08-19 15:23"
"Goonax#4WC","6772fee6827b91b41dd22b5f","Slam4","60927f97129054000189c279","6a8601091314c768abd01365","2026-08-19 15:24"
"franek3215 2","69bd7ff3c47c5404925b9113","DIFFK MISSED ABSOLUTEFILTHTV","5efe8645105829665ce0304a","6a8601a38b479428678c6895","2026-08-19 15:24"
"skrzypas&wojfer shared account","62dc07edf32847e5836668f1","Bad At Geo","5d46b0bb3b4b6a4968620f7b","6a8602591314c768abd01884","2026-08-19 15:25"
".Dexter Morgan","66a8ba1fe626c7340b49ccd9","Avandy","60c3535133004c00010451a3","6a86022c8b479428678c6b4d","2026-08-19 15:25"
"Jacky Wong","63be7833696b395b1a06db85","kakithesukip","6809563cae64cffc1988e9fe","6a86023d8b479428678c6bad","2026-08-19 15:25"
"Luxus","64d905c29860ac321bb0ddc5","Yarik","676e524ee37422d9da0e161a","6a8601931314c768abd015a9","2026-08-19 15:25"
"Phantom〔Retired〕","65ae346c790b3f77dba7a1c9","Australia Hater Nr 1","65f32cb72d73cb4cf283ec33","6a8601d59178618bce7ed86e","2026-08-19 15:25"
"Blinky","5b51062a4010740f7cd91dd5","Geooo","5ffb5e4975d2770001545cf5","6a8600ff8b479428678c64c4","2026-08-19 15:26"
"Northboii","669bfa0bdf76dc442ac759bf","caribou","65b67a412c40703eebe95de7","6a8601e3fd2504e27979acd8","2026-08-19 15:26"
"Vell","5eea5f1162df1243a0cdd8e4","NotNMPZDitoAgain","690b3774653c4fdcfc395260","6a860116b97b40e5013e1db7","2026-08-19 15:26"
"adams","62f0c9a9822a3f816d659d84","Bad At Geo","5d46b0bb3b4b6a4968620f7b","6a8602751314c768abd01960","2026-08-19 15:27"
"Genghis Khan","604a67e702e32a000195a11e","Markus Benz","6109729e88f8fa00013f1db2","6a86027b8b479428678c6d4e","2026-08-19 15:27"
"cozy","5eee1ae86a7c6a4edc0f7f94","NorthKoreaEnjoyer","6a5776b9557fa0b8070897d7","6a860163b97b40e5013e1f02","2026-08-19 15:27"
"teddy bear","66f081f2bf4b230a2fcb970c","Tomek5_5","606e09423667bc0001ad663d","6a86028c8b479428678c6d8e","2026-08-19 15:27"
"val1d","63875de4e55ec4234b26d1fb","Rawin","6162efcdc23f260001c6a4d3","6a8601f08b479428678c6a11","2026-08-19 15:27"
"franek3215 2","69bd7ff3c47c5404925b9113","GeoChiko","637129eb9d737c55a520a3e3","6a8602638b479428678c6c91","2026-08-19 15:27"
"domi","5dd056e9e2c0053dd02850e9","Curlsphil","634725814a2b0615fad04fb9","6a85ffe81314c768abd00ead","2026-08-19 15:27"
"Joo-eun.","6a290dd1cf6b59479a2ae4de","MoD","62261e5b2446120001170812","6a86023826072533563391b9","2026-08-19 15:27"
"Avandy","60c3535133004c00010451a3",".Dexter Morgan","66a8ba1fe626c7340b49ccd9","6a8602f01314c768abd01adb","2026-08-19 15:28"
"zach","621783eaab08b80001371858","whueu-abi","694060fd0b5941c5cbe18cbf","6a8602be8b479428678c6e89","2026-08-19 15:28"
"M1lan","67473d086316c898fe734668","teddy bear","66f081f2bf4b230a2fcb970c","6a8602c98b479428678c6ec9","2026-08-19 15:29"
"GeoBunny","64b2f9895059c43d9160f5af","PML","615b4d8920ea1200012de9bf","6a8601328b479428678c660f","2026-08-19 15:29"
"Lennli","5b4899f5b56fe41a1831bba4","Albanian Guy","58796ade8b9ff486d81bbad5","6a860272fd2504e27979af61","2026-08-19 15:30"
"xLucky07","6771278c215608df4a80a000","Shakazaramesh","5ef2945bbb96627c9ce5f63f","6a8602578b479428678c6c35","2026-08-19 15:30"
"NorthKoreaEnjoyer","6a5776b9557fa0b8070897d7","franek3215 2","69bd7ff3c47c5404925b9113","6a8603b3fd2504e27979b3b2","2026-08-19 15:30"
"Avandy","60c3535133004c00010451a3",".Dexter Morgan","66a8ba1fe626c7340b49ccd9","6a86038d8b479428678c7282","2026-08-19 15:31"
"zach","621783eaab08b80001371858","val1d","63875de4e55ec4234b26d1fb","6a8603f91314c768abd01dfb","2026-08-19 15:31"
"Kubson","63be7fdebd54e6a7f756f9d1","NotNMPZDitoAgain","690b3774653c4fdcfc395260","6a86035c8b479428678c7160","2026-08-19 15:31"
"Goonax#4WC","6772fee6827b91b41dd22b5f","im recording my gameplay","6a437d2254319c3206c01eb9","6a8602ef8b479428678c6f5e","2026-08-19 15:32"
"kstyko","5ead136297d6cf24a42b1ef4","whueu-abi","694060fd0b5941c5cbe18cbf","6a8603affd2504e27979b3a2","2026-08-19 15:33"
"Phantom〔Retired〕","65ae346c790b3f77dba7a1c9","val1d","63875de4e55ec4234b26d1fb","6a8604691314c768abd01f43","2026-08-19 15:33"
"Joo-eun.","6a290dd1cf6b59479a2ae4de","Vell","5eea5f1162df1243a0cdd8e4","6a8603658b479428678c7186","2026-08-19 15:33"
"Thore Stach","60b2c6420390be00015e9fa1","Jacky Wong","63be7833696b395b1a06db85","6a86042d9178618bce7ee0f7","2026-08-19 15:33"
"M1lan","67473d086316c898fe734668","teddy bear","66f081f2bf4b230a2fcb970c","6a860424b97b40e5013e297a","2026-08-19 15:34"
"Luis","63b523e80510075fa39aeabc","Synxzy","62b9d279343a6042acb35fe8","6a8603ee8b479428678c7452","2026-08-19 15:34"
"https://www.twitch.tv/qule0","635d8550c15309de668daf99","twitch.tv/somanytearsss","694afef9362dac5a39fa9f54","6a8603dff00b024238b60a6b","2026-08-19 15:34"
"BlackShark","61f04538cc54700001a27678","domi","5dd056e9e2c0053dd02850e9","6a8603c68b479428678c73a4","2026-08-19 15:34"
"habesh","647734d056305f7bf5561a4e","victr","660d89e0e8754a8737cdf7b8","6a860275fd2504e27979af66","2026-08-19 15:35"
"Tomek5_5","606e09423667bc0001ad663d","Northboii","669bfa0bdf76dc442ac759bf","6a86036b1314c768abd01c40","2026-08-19 15:35"
"Luxus","64d905c29860ac321bb0ddc5","kakithesukip","6809563cae64cffc1988e9fe","6a8602f58b479428678c6f78","2026-08-19 15:35"
"YRP","65361a91884b107b4fd0cef8","Markus Benz","6109729e88f8fa00013f1db2","6a86037d8b479428678c7212","2026-08-19 15:36"
"Albanian Guy","58796ade8b9ff486d81bbad5","teddy bear","66f081f2bf4b230a2fcb970c","6a86045efd2504e27979b63c","2026-08-19 15:36"
"Bob Tschigerillo","62248fc297f88100010c1763","Zi8gbolt Lyons","612472f2c4b5740001ef2d03","6a860108b97b40e5013e1d8d","2026-08-19 15:36"
"kstyko","5ead136297d6cf24a42b1ef4","https://www.twitch.tv/qule0","635d8550c15309de668daf99","6a8605029178618bce7ee3fb","2026-08-19 15:36"
"Bellaxo","5c7d0e74f8f7fb7218489b2e","Flamp","637797a8460099a3ebbc5879","6a86047e3b0aa70ae419ba6f","2026-08-19 15:36"
"xLucky07","6771278c215608df4a80a000","Shakazaramesh","5ef2945bbb96627c9ce5f63f","6a86041f8b479428678c7540","2026-08-19 15:37"
"teddy bear","66f081f2bf4b230a2fcb970c","Synxzy","62b9d279343a6042acb35fe8","6a8605461314c768abd0225d","2026-08-19 15:37"
"Rimmertb","5e1f6932dba5105d845b333b","boulgour","5b4d54f6f1dad60dd82b7c8a","6a8603838b479428678c722d","2026-08-19 15:37"
"Markus Benz","6109729e88f8fa00013f1db2","Bob Tschigerillo","62248fc297f88100010c1763","6a860582fd2504e27979ba2f","2026-08-19 15:38"
"Zhihh","63b435e80510075fa39ac039","PML","615b4d8920ea1200012de9bf","6a86041eb97b40e5013e296a","2026-08-19 15:38"
"Joo-eun.","6a290dd1cf6b59479a2ae4de","Phantom〔Retired〕","65ae346c790b3f77dba7a1c9","6a8604ea8b479428678c79ce","2026-08-19 15:38"
"Lurkki","673dfa9f10797c20bc6721e9","vacationspock","66a695eea320332302bb0c39","6a8602238b479428678c6b1c","2026-08-19 15:38"
"Goonax#4WC","6772fee6827b91b41dd22b5f","im recording my gameplay","6a437d2254319c3206c01eb9","6a8604be1314c768abd020b9","2026-08-19 15:39"
"Northboii","669bfa0bdf76dc442ac759bf","M1lan","67473d086316c898fe734668","6a8605612607253356339d12","2026-08-19 15:39"
"https://www.twitch.tv/qule0","635d8550c15309de668daf99","teddy bear","66f081f2bf4b230a2fcb970c","6a8605831314c768abd02304","2026-08-19 15:39"
"Albanian Guy","58796ade8b9ff486d81bbad5","kstyko","5ead136297d6cf24a42b1ef4","6a8605b3fd2504e27979bae2","2026-08-19 15:40"
".Dexter Morgan","66a8ba1fe626c7340b49ccd9","Avandy","60c3535133004c00010451a3","6a8604beb97b40e5013e2ba6","2026-08-19 15:40"
"Psylaris","59dad8dd5d2de4db8036e36c","irrational","65ba97ce8b2ba0c747ffa3b7","6a8602affd2504e27979b03e","2026-08-19 15:40"
"Phantom〔Retired〕","65ae346c790b3f77dba7a1c9","Joo-eun.","6a290dd1cf6b59479a2ae4de","6a8605f19178618bce7ee6c8","2026-08-19 15:40"
"https://www.twitch.tv/qule0","635d8550c15309de668daf99","teddy bear","66f081f2bf4b230a2fcb970c","6a86065c1314c768abd025b9","2026-08-19 15:41"
"xLucky07","6771278c215608df4a80a000","Markus Benz","6109729e88f8fa00013f1db2","6a8605eb2607253356339edd","2026-08-19 15:42"
"NorthKoreaEnjoyer","6a5776b9557fa0b8070897d7","kriszh","5922abce1bba700c703b0c00","6a8604f78b479428678c79f5","2026-08-19 15:42"
"M1lan","67473d086316c898fe734668","Genghis Khan","604a67e702e32a000195a11e","6a860658260725335633a06a","2026-08-19 15:43"
"teddy bear","66f081f2bf4b230a2fcb970c","Phantom〔Retired〕","65ae346c790b3f77dba7a1c9","6a86066d8b479428678c80ed","2026-08-19 15:43"
"kqyyy","6888a322b2328f914ebd912f","PomPom1204","63fd06a06174bebd3efc53f3","6a8605cf8b479428678c7e09","2026-08-19 15:43"
"Luxus","64d905c29860ac321bb0ddc5","Flamp","637797a8460099a3ebbc5879","6a8605828b479428678c7c82","2026-08-19 15:43"
"PML","615b4d8920ea1200012de9bf","Zhihh","63b435e80510075fa39ac039","6a8606238b479428678c7f8c","2026-08-19 15:43"
"burritoenjoye69","6495a50b2872ef45875a5eb2","Vonn McBloy","5f76323b4b84740001436d16","6a8606331314c768abd02553","2026-08-19 15:43"
"Luca","5f16089811d5ca4d3898393c","teddy bear","66f081f2bf4b230a2fcb970c","6a86062ab97b40e5013e30da","2026-08-19 15:44"
"Synxzy","62b9d279343a6042acb35fe8","OlhaGab","5fd145ff4f614a0001ee7886","6a8605b28b479428678c7d7f","2026-08-19 15:44"
"BlackShark","61f04538cc54700001a27678","domi","5dd056e9e2c0053dd02850e9","6a8605288b479428678c7b04","2026-08-19 15:44"
"Avandy","60c3535133004c00010451a3","whueu-abi","694060fd0b5941c5cbe18cbf","6a8606c78b479428678c8289","2026-08-19 15:45"
"Bob Tschigerillo","62248fc297f88100010c1763","im recording my gameplay","6a437d2254319c3206c01eb9","6a8606558b479428678c8088","2026-08-19 15:45"
"https://www.twitch.tv/qule0","635d8550c15309de668daf99","teddy bear","66f081f2bf4b230a2fcb970c","6a8606dd8b479428678c82de","2026-08-19 15:45"
"boulgour","5b4d54f6f1dad60dd82b7c8a","Shakazaramesh","5ef2945bbb96627c9ce5f63f","6a8605e38b479428678c7e5f","2026-08-19 15:45"
"Major Bajor","5dec182b44d2a4a0f4feafaf","Kubson","63be7fdebd54e6a7f756f9d1","6a8604618b479428678c76cd","2026-08-19 15:45"
"Markus Benz","6109729e88f8fa00013f1db2","kuba.","68582b5f8e62427811441b60","6a860715321b3548ea5ff90c","2026-08-19 15:46"
"teddy bear","66f081f2bf4b230a2fcb970c","Phantom〔Retired〕","65ae346c790b3f77dba7a1c9","6a860756260725335633a41b","2026-08-19 15:46"
"Jacky Wong","63be7833696b395b1a06db85","Thore Stach","60b2c6420390be00015e9fa1","6a8604e49178618bce7ee3b0","2026-08-19 15:46"
"Blinky","5b51062a4010740f7cd91dd5","Geooo","5ffb5e4975d2770001545cf5","6a8603568b479428678c714d","2026-08-19 15:47"
"Albanian Guy","58796ade8b9ff486d81bbad5",".Dexter Morgan","66a8ba1fe626c7340b49ccd9","6a8606a4b97b40e5013e326a","2026-08-19 15:47"
"ALFA","5b6f185f7135fa0e48b5528a","Bad At Geo","5d46b0bb3b4b6a4968620f7b","6a860698260725335633a13d","2026-08-19 15:48"
"Avandy","60c3535133004c00010451a3","Bad At Geo","5d46b0bb3b4b6a4968620f7b","6a8607e5b97b40e5013e36cc","2026-08-19 15:49"
"Genghis Khan","604a67e702e32a000195a11e","M1lan","67473d086316c898fe734668","6a8607478b479428678c84c8","2026-08-19 15:49"
"Luca","5f16089811d5ca4d3898393c","teddy bear","66f081f2bf4b230a2fcb970c","6a8607678b479428678c8547","2026-08-19 15:49"
"Jacky Wong","63be7833696b395b1a06db85","NordicFuss","658183f0f00b95cec1ae1e4f","6a8607c88b479428678c86f8","2026-08-19 15:49"
"burritoenjoye69","6495a50b2872ef45875a5eb2","Evan Moorehead","5eef013562df1243a0cf9050","6a86072eb97b40e5013e344f","2026-08-19 15:49"
"kuba.","68582b5f8e62427811441b60","Markus Benz","6109729e88f8fa00013f1db2","6a86080bb42521f75845e10e","2026-08-19 15:50"
"kriszh","5922abce1bba700c703b0c00","teddy bear","66f081f2bf4b230a2fcb970c","6a8607ab8b479428678c869c","2026-08-19 15:50"
"kqyyy","6888a322b2328f914ebd912f","Thore Stach","60b2c6420390be00015e9fa1","6a8607d08b479428678c8714","2026-08-19 15:51"
"teddy bear","66f081f2bf4b230a2fcb970c","wichura240","68767692157557d5c76a0ab6","6a86080ab42521f75845e107","2026-08-19 15:51"
"PML","615b4d8920ea1200012de9bf","Flamp","637797a8460099a3ebbc5879","6a86074c8b479428678c84de","2026-08-19 15:51"
"victr","660d89e0e8754a8737cdf7b8","Zi8gbolt Lyons","612472f2c4b5740001ef2d03","6a8605931314c768abd0232a","2026-08-19 15:52"
"Albanian Guy","58796ade8b9ff486d81bbad5","Avandy","60c3535133004c00010451a3","6a86087bb97b40e5013e38dc","2026-08-19 15:53"
"nemessis","6a68f0776670f9815653f016","Guilherme Cp Rs","634044ddb31ff990d3d209e6","6a8608188b479428678c887e","2026-08-19 15:53"
"Shakazaramesh","5ef2945bbb96627c9ce5f63f","https://www.twitch.tv/qule0","635d8550c15309de668daf99","6a8607b68b479428678c86b7","2026-08-19 15:53"
"teddy bear","66f081f2bf4b230a2fcb970c","Barkuz","6084243b0feb6600017e1a7e","6a8608aafd2504e27979c542","2026-08-19 15:53"
"im recording my gameplay","6a437d2254319c3206c01eb9","GeoMax","610ade6208061c000158624f","6a86086fb42521f75845e2f0","2026-08-19 15:53"
"whueu-abi","694060fd0b5941c5cbe18cbf","xLucky07","6771278c215608df4a80a000","6a8607a9b42521f75845dfcf","2026-08-19 15:54"
"kriszh","5922abce1bba700c703b0c00","kuba.","68582b5f8e62427811441b60","6a8608fb8b479428678c8be4","2026-08-19 15:54"
"Nunca mais pagarei esse jogo","6227feb9e7a8b70001576aeb","OlhaGab","5fd145ff4f614a0001ee7886","6a8608f5b42521f75845e56c","2026-08-19 15:55"
"Yarik","676e524ee37422d9da0e161a","domi","5dd056e9e2c0053dd02850e9","6a8608e28b479428678c8b91","2026-08-19 15:55"
"Genghis Khan","604a67e702e32a000195a11e","Markus Benz","6109729e88f8fa00013f1db2","6a8608edb42521f75845e557","2026-08-19 15:56"
"Jacky Wong","63be7833696b395b1a06db85","NotNMPZDitoAgain","690b3774653c4fdcfc395260","6a860887b42521f75845e369","2026-08-19 15:56"
"BlackShark","61f04538cc54700001a27678","Flamp","637797a8460099a3ebbc5879","6a860958fd2504e27979c777","2026-08-19 15:56"
"GeoChiko","637129eb9d737c55a520a3e3","Barkuz","6084243b0feb6600017e1a7e","6a8609979178618bce7ef188","2026-08-19 15:56"
"whueu-abi","694060fd0b5941c5cbe18cbf","Avandy","60c3535133004c00010451a3","6a8609abb42521f75845e882","2026-08-19 15:57"
"kriszh","5922abce1bba700c703b0c00","kuba.","68582b5f8e62427811441b60","6a8609e0b42521f75845e986","2026-08-19 15:57"
"geometry","6677323b8c4a3f875615805f","race","603c5c220297940001b84e1a","6a8609e18b479428678c8f28","2026-08-19 15:57"
"burritoenjoye69","6495a50b2872ef45875a5eb2","the eman","5bfea289fa37263280f348a3","6a8608898b479428678c8a40","2026-08-19 15:57"
"Assonans","5fec56ce3362e4000147ea46","sarpcc","665b3d374a1e99e5aa2e239c","6a8609f48b479428678c8f60","2026-08-19 15:57"
"race","603c5c220297940001b84e1a","geometry","6677323b8c4a3f875615805f","6a860a808b479428678c9144","2026-08-19 15:58"
"whueu-abi","694060fd0b5941c5cbe18cbf","kriszh","5922abce1bba700c703b0c00","6a860a74b42521f75845ebf9","2026-08-19 15:59"
"Finn Siemon","66eb7b4a062332fb60915d65","ZOMBIE","645d89a8404e68d0d57e5857","6a8609b9b42521f75845e8b8","2026-08-19 15:59"
"Assonans","5fec56ce3362e4000147ea46","sarpcc","665b3d374a1e99e5aa2e239c","6a860a8a8b479428678c9165","2026-08-19 15:59"
"xZenith","6846d165a3008977fe607ade","igs","62e14f0d9501708a124e1484","6a860ac28b479428678c9216","2026-08-19 16:00"
"tarcsa","60035ba331b2eb0001268660","YRP","65361a91884b107b4fd0cef8","6a8609ef8b479428678c8f52","2026-08-19 16:00"
"M1lan","67473d086316c898fe734668","Bob Tschigerillo","62248fc297f88100010c1763","6a86089c8b479428678c8a7a","2026-08-19 16:00"
"WanderLast","6272ef54de5cd5f448da91a5","SparklingPlateau482","6673cda3cd14c9c04bae1c80","6a860a0fb42521f75845ea5c","2026-08-19 16:00"
"Fructidor","5e3712631e34a03504349945","Zi8gbolt Lyons","612472f2c4b5740001ef2d03","6a86096eb97b40e5013e3c0c","2026-08-19 16:00"
"Shakazaramesh","5ef2945bbb96627c9ce5f63f","GeoMax","610ade6208061c000158624f","6a8609e0b42521f75845e981","2026-08-19 16:01"
"irrational","65ba97ce8b2ba0c747ffa3b7","Psylaris","59dad8dd5d2de4db8036e36c","6a8606cc8b479428678c82a3","2026-08-19 16:02"
"teddy bear","66f081f2bf4b230a2fcb970c","7ROU7","69ed3e0c27406e0b87b738aa","6a860a768b479428678c912e","2026-08-19 16:02"
"Yarik","676e524ee37422d9da0e161a","https://www.twitch.tv/qule0","635d8550c15309de668daf99","6a860abab42521f75845ed00","2026-08-19 16:02"
"Wolfgoon Auramadeus Moggzart","64a4686ecd74917a4fabee03","mii3en","66159d055967919df66cf9c0","6a860b8b8b479428678c94d1","2026-08-19 16:02"
"xZenith","6846d165a3008977fe607ade","whueu-abi","694060fd0b5941c5cbe18cbf","6a860b1bb42521f75845eea5","2026-08-19 16:03"
"Markus Benz","6109729e88f8fa00013f1db2","xLucky07","6771278c215608df4a80a000","6a860a5ab42521f75845eb7d","2026-08-19 16:03"
"kuba.","68582b5f8e62427811441b60","Genghis Khan","604a67e702e32a000195a11e","6a860a61260725335633aca5","2026-08-19 16:03"
"WanderLast","6272ef54de5cd5f448da91a5","A.Escocia","6a37d4cb1024f0335d59ee28","6a860b2f8b479428678c93a0","2026-08-19 16:03"
"Avandy","60c3535133004c00010451a3","david attenborough","6202fc2fed74670001f9a180","6a860b52b42521f75845ef95","2026-08-19 16:04"
"kriszh","5922abce1bba700c703b0c00","Finn Siemon","66eb7b4a062332fb60915d65","6a860b00b42521f75845ee37","2026-08-19 16:04"
"Bellaxo","5c7d0e74f8f7fb7218489b2e","Finn Siemon","66eb7b4a062332fb60915d65","6a860c04b42521f75845f23e","2026-08-19 16:05"
"PML","615b4d8920ea1200012de9bf","boulgour","5b4d54f6f1dad60dd82b7c8a","6a860a9d8b479428678c919e","2026-08-19 16:05"
"Jacky Wong","63be7833696b395b1a06db85","BlackShark","61f04538cc54700001a27678","6a860ae08b479428678c9289","2026-08-19 16:06"
"whueu-abi","694060fd0b5941c5cbe18cbf","Genghis Khan","604a67e702e32a000195a11e","6a860bfbb42521f75845f21d","2026-08-19 16:07"
"tarcsa","60035ba331b2eb0001268660","xLucky07","6771278c215608df4a80a000","6a860bc7260725335633b00e","2026-08-19 16:08"
"7ROU7","69ed3e0c27406e0b87b738aa","dyingangels","5aae066718399e2758306701","6a860bfd8b479428678c9674","2026-08-19 16:08"
"https://www.twitch.tv/qule0","635d8550c15309de668daf99","Barkuz","6084243b0feb6600017e1a7e","6a860bb3b42521f75845f0eb","2026-08-19 16:08"
"Pirik","669e6134d95d857a27cbc0cd","NotNMPZDitoAgain","690b3774653c4fdcfc395260","6a860a65b97b40e5013e3ee0","2026-08-19 16:08"
"mii3en","66159d055967919df66cf9c0","Wolfgoon Auramadeus Moggzart","64a4686ecd74917a4fabee03","6a860bc1b42521f75845f12a","2026-08-19 16:08"
"YRP","65361a91884b107b4fd0cef8","M1lan","67473d086316c898fe734668","6a860b30b42521f75845ef11","2026-08-19 16:09"
"Markus Benz","6109729e88f8fa00013f1db2","kuba.","68582b5f8e62427811441b60","6a860bcbb42521f75845f159","2026-08-19 16:09"
"kriszh","5922abce1bba700c703b0c00","david attenborough","6202fc2fed74670001f9a180","6a860c36fd2504e27979cf58","2026-08-19 16:09"
"Shakazaramesh","5ef2945bbb96627c9ce5f63f","BootyBread","5c9d59dde92b0c6610726f31","6a860ba08b479428678c9516","2026-08-19 16:09"
"Flamp","637797a8460099a3ebbc5879","OlhaGab","5fd145ff4f614a0001ee7886","6a860be4fd2504e27979ce48","2026-08-19 16:09"
"Geooo","5ffb5e4975d2770001545cf5","victr","660d89e0e8754a8737cdf7b8","6a8609c0b42521f75845e8d7","2026-08-19 16:10"
"Fructidor","5e3712631e34a03504349945","KAITOOO","62e8c3ab0065abc49aca361d","6a860b241314c768abd03618","2026-08-19 16:10"
"xZenith","6846d165a3008977fe607ade","Avandy","60c3535133004c00010451a3","6a860c78b42521f75845f42f","2026-08-19 16:11"
"Markus Benz","6109729e88f8fa00013f1db2","kuba.","68582b5f8e62427811441b60","6a860d41b42521f75845f777","2026-08-19 16:11"
"Finn Siemon","66eb7b4a062332fb60915d65","mii3en","66159d055967919df66cf9c0","6a860d38b42521f75845f75a","2026-08-19 16:11"
"WanderLast","6272ef54de5cd5f448da91a5","BossMan","6a15974f84599d6260e7dd1c","6a860bd4f00b024238b61f74","2026-08-19 16:11"
"boulgour","5b4d54f6f1dad60dd82b7c8a","https://www.twitch.tv/qule0","635d8550c15309de668daf99","6a860d04b42521f75845f679","2026-08-19 16:12"
"PML","615b4d8920ea1200012de9bf","BlackShark","61f04538cc54700001a27678","6a860cbd260725335633b22a","2026-08-19 16:12"
"xLucky07","6771278c215608df4a80a000","Pasord","6669c659ca16186b5a3dbc35","6a860cf9b42521f75845f641","2026-08-19 16:13"
"kuba.","68582b5f8e62427811441b60","Avandy","60c3535133004c00010451a3","6a860db61314c768abd03d13","2026-08-19 16:14"
"Genghis Khan","604a67e702e32a000195a11e","whueu-abi","694060fd0b5941c5cbe18cbf","6a860d14b42521f75845f6df","2026-08-19 16:15"
"Assonans","5fec56ce3362e4000147ea46","FlyingPancake","5b16c1aa1c701293c4fc1091","6a860e55b97b40e5013e4a0d","2026-08-19 16:15"
"habesh","647734d056305f7bf5561a4e","Psylaris","59dad8dd5d2de4db8036e36c","6a860c698b479428678c97c2","2026-08-19 16:16"
"Shakazaramesh","5ef2945bbb96627c9ce5f63f","david attenborough","6202fc2fed74670001f9a180","6a860d808b479428678c9b4b","2026-08-19 16:16"
"https://www.twitch.tv/qule0","635d8550c15309de668daf99","mii3en","66159d055967919df66cf9c0","6a860de9b42521f75845fa20","2026-08-19 16:16"
"Jacky Wong","63be7833696b395b1a06db85","Curlsphil","634725814a2b0615fad04fb9","6a860c8a1314c768abd039d7","2026-08-19 16:16"
"Unc","6876a81aaf5ea16088df663a","Yarik","676e524ee37422d9da0e161a","6a860e3fb97b40e5013e49be","2026-08-19 16:16"
"WanderLast","6272ef54de5cd5f448da91a5","keelsbomb","6a0c78aa122647d56c71bad4","6a860dc5b97b40e5013e4851","2026-08-19 16:16"
"Geooo","5ffb5e4975d2770001545cf5","xZenith","6846d165a3008977fe607ade","6a860dd6b42521f75845f9d6","2026-08-19 16:17"
"Jesper","6962762abc79a0f2300d324e","Nils","69e06745452af952b85a7a1d","6a860e5db42521f75845fbf3","2026-08-19 16:17"
"Build a Bi***","6590622a196ee939029f90b8","Pirik","669e6134d95d857a27cbc0cd","6a860d328b479428678c9a52","2026-08-19 16:17"
"Moritz","604e275b66c3940001ee30ed","Pasord","6669c659ca16186b5a3dbc35","6a860e43b42521f75845fb84","2026-08-19 16:18"
"GeoChiko","637129eb9d737c55a520a3e3","Hez1tred.","68274ac83004afb088d83eac","6a860abc8b479428678c9203","2026-08-19 16:18"
"mink flow","61c0d83a2240d4000107a7a1","Shidowo","6a43f4198e3067fa583f1de7","6a860ea3b42521f75845fd4d","2026-08-19 16:18"
"whueu-abi","694060fd0b5941c5cbe18cbf","kuba.","68582b5f8e62427811441b60","6a860eb7b42521f75845fdda","2026-08-19 16:19"
"victr","660d89e0e8754a8737cdf7b8","Elori","57d698c209f2ef93b8572689","6a860df61314c768abd03ddd","2026-08-19 16:19"
"kriszh","5922abce1bba700c703b0c00","boulgour","5b4d54f6f1dad60dd82b7c8a","6a860df9b42521f75845fa68","2026-08-19 16:19"
"Finn Siemon","66eb7b4a062332fb60915d65","dyingangels","5aae066718399e2758306701","6a860ddcb97b40e5013e489c","2026-08-19 16:19"
"Lágrima","5f32d46aca94e000015886be","Pasord","6669c659ca16186b5a3dbc35","6a860f528b479428678ca157","2026-08-19 16:20"
"https://www.twitch.tv/qule0","635d8550c15309de668daf99","Bar Ban","61d5db412cdea40001981c53","6a860ef2b97b40e5013e4bc3","2026-08-19 16:20"
"OakTree","617eb25d4e0e40000158968f","Finn Fly","5f5bf60822321e000163a465","6a860f79b42521f758460105","2026-08-19 16:20"
"Assonans","5fec56ce3362e4000147ea46","FlyingPancake","5b16c1aa1c701293c4fc1091","6a860ef7b42521f75845feec","2026-08-19 16:20"
"OlhaGab","5fd145ff4f614a0001ee7886","domi","5dd056e9e2c0053dd02850e9","6a860ebd8b479428678c9f61","2026-08-19 16:20"
"Geooo","5ffb5e4975d2770001545cf5","xZenith","6846d165a3008977fe607ade","6a860f76b42521f7584600f6","2026-08-19 16:21"
"Genghis Khan","604a67e702e32a000195a11e","kuba.","68582b5f8e62427811441b60","6a860f93b97b40e5013e4d4f","2026-08-19 16:21"
"Moritz","604e275b66c3940001ee30ed","Build a Bi***","6590622a196ee939029f90b8","6a860f5db42521f7584600a2","2026-08-19 16:21"
"WanderLast","6272ef54de5cd5f448da91a5","Ewout4","6a24617c1008ad7b5146a190","6a860f7eb42521f758460133","2026-08-19 16:21"
"MG","670d6a20cf57e18ab12f38f8","Unc","6876a81aaf5ea16088df663a","6a860f188b479428678ca070","2026-08-19 16:21"
"Avandy","60c3535133004c00010451a3","Albanian Guy","58796ade8b9ff486d81bbad5","6a860e74b42521f75845fc65","2026-08-19 16:22"
"david attenborough","6202fc2fed74670001f9a180","WeValueYourFeedback","666c9156dc30d0d163f505b5","6a860f0cb42521f75845ff43","2026-08-19 16:22"
"Jesper","6962762abc79a0f2300d324e","kriszh","5922abce1bba700c703b0c00","6a860febb42521f758460327","2026-08-19 16:22"
"Fructidor","5e3712631e34a03504349945","RuralQuay427","67afb8f9170e41f8f611a20a","6a860dedb42521f75845fa35","2026-08-19 16:22"
"YRP","65361a91884b107b4fd0cef8","Markus Benz","6109729e88f8fa00013f1db2","6a860dbbb42521f75845f963","2026-08-19 16:23"
"JoguessR","633dc7c5d5114aab59533f52","Pirik","669e6134d95d857a27cbc0cd","6a860f728b479428678ca1a8","2026-08-19 16:23"
"im recording my gameplay","6a437d2254319c3206c01eb9","Vell","5eea5f1162df1243a0cdd8e4","6a86102ffd2504e27979d95f","2026-08-19 16:23"
"Assonans","5fec56ce3362e4000147ea46","Limatas","6524cac4da010dc590231cb3","6a861067b42521f758460539","2026-08-19 16:24"
"tr","654bd5dfad693a62843361db","Flamp","637797a8460099a3ebbc5879","6a860ecdb42521f75845fe63","2026-08-19 16:24"
"Pasord","6669c659ca16186b5a3dbc35","dyingangels","5aae066718399e2758306701","6a860fdcb42521f7584602f1","2026-08-19 16:25"
"Finn Siemon","66eb7b4a062332fb60915d65","https://www.twitch.tv/qule0","635d8550c15309de668daf99","6a860fd8b42521f7584602d6","2026-08-19 16:25"
"Zi8gbolt Lyons","612472f2c4b5740001ef2d03","Demiurge","68f0c79a6b4cd855b3c4bcf2","6a860b588b479428678c9443","2026-08-19 16:25"
"WanderLast","6272ef54de5cd5f448da91a5","Ewout4","6a24617c1008ad7b5146a190","6a86102efd2504e27979d95c","2026-08-19 16:25"
"MG","670d6a20cf57e18ab12f38f8","Velogeo","607b4fd0132f8300012354f4","6a86104b8b479428678ca458","2026-08-19 16:25"
"Yarik","676e524ee37422d9da0e161a","Womir1982","671a87967678ed42696f58ab","6a860f929178618bce7f0024","2026-08-19 16:25"
"xZenith","6846d165a3008977fe607ade","kuba.","68582b5f8e62427811441b60","6a86104f0d11dc10f60f1197","2026-08-19 16:26"
"xLucky07","6771278c215608df4a80a000","tarcsa","60035ba331b2eb0001268660","6a860e2fb42521f75845fb3d","2026-08-19 16:26"
"Unc","6876a81aaf5ea16088df663a","Yarik_rest","66982d41350e1b449ce7608c","6a861043b42521f7584604a7","2026-08-19 16:26"
"Markus Benz","6109729e88f8fa00013f1db2","Avandy","60c3535133004c00010451a3","6a861099b97b40e5013e5021","2026-08-19 16:27"
"Lágrima","5f32d46aca94e000015886be","kriszh","5922abce1bba700c703b0c00","6a861065b42521f758460532","2026-08-19 16:27"
"Jesper","6962762abc79a0f2300d324e","wichura240","68767692157557d5c76a0ab6","6a8610cffd2504e27979dac4","2026-08-19 16:27"
"DLAidoo","61a7c8ab24c30400018555b5","Pioczyz","63275f6913418f5590cbeb85","6a86109db97b40e5013e502d","2026-08-19 16:27"
"kuba.","68582b5f8e62427811441b60","Finn Siemon","66eb7b4a062332fb60915d65","6a861155b42521f758460984","2026-08-19 16:28"
"Pasord","6669c659ca16186b5a3dbc35","https://www.twitch.tv/qule0","635d8550c15309de668daf99","6a86111bb42521f758460865","2026-08-19 16:28"
"DarkWoke 🇵🇸","5f061c5b8fba346634a84c33","GeoMax","610ade6208061c000158624f","6a861163fd2504e27979dcad","2026-08-19 16:29"
"kefirek_xyz","69c6ad21a630d6d9a570c728","xZenith","6846d165a3008977fe607ade","6a861173260725335633be16","2026-08-19 16:30"
"Pasord","6669c659ca16186b5a3dbc35","kuba.","68582b5f8e62427811441b60","6a8611c7b42521f758460b82","2026-08-19 16:30"
"Moritz","604e275b66c3940001ee30ed","JH87","66dd876f7268383da37613b8","6a861140b42521f758460940","2026-08-19 16:30"
"Pirik","669e6134d95d857a27cbc0cd","Flamp","637797a8460099a3ebbc5879","6a8610fdb42521f7584607d4","2026-08-19 16:30"
"Geooo","5ffb5e4975d2770001545cf5","victr","660d89e0e8754a8737cdf7b8","6a861077b97b40e5013e4fdc","2026-08-19 16:31"
"Fructidor","5e3712631e34a03504349945","RuralQuay427","67afb8f9170e41f8f611a20a","6a8610671314c768abd0456d","2026-08-19 16:31"
"Jesper","6962762abc79a0f2300d324e","Genghis Khan","604a67e702e32a000195a11e","6a861193b97b40e5013e53cc","2026-08-19 16:32"
"MARLON","676d5a15801d2d75f4d6d09e","Armire","579e7c0d96ca677b840d1210","6a8611c68b479428678ca9a5","2026-08-19 16:33"
"boulgour","5b4d54f6f1dad60dd82b7c8a","GeoChiko","637129eb9d737c55a520a3e3","6a860fa78b479428678ca255","2026-08-19 16:33"
"https://www.twitch.tv/qule0","635d8550c15309de668daf99","tr","654bd5dfad693a62843361db","6a8611c41314c768abd04962","2026-08-19 16:33"
"race","603c5c220297940001b84e1a","SFLarry","69907ae70636b249aee0ffe8","6a86122db42521f758460d38","2026-08-19 16:33"
"kuba.","68582b5f8e62427811441b60","teddy bear","66f081f2bf4b230a2fcb970c","6a86123fb42521f758460d6e","2026-08-19 16:34"
"WanderLast","6272ef54de5cd5f448da91a5","SOSLANA","6834abba235a60d1a38af76b","6a86117dfd2504e27979dcfd","2026-08-19 16:34"
"Avandy","60c3535133004c00010451a3","Jesper","6962762abc79a0f2300d324e","6a8612c08b479428678cacc1","2026-08-19 16:35"
"kriszh","5922abce1bba700c703b0c00","Lágrima","5f32d46aca94e000015886be","6a8611b2b42521f758460b1d","2026-08-19 16:35"
"https://www.twitch.tv/qule0","635d8550c15309de668daf99","Unc","6876a81aaf5ea16088df663a","6a8612fbb42521f75846105e","2026-08-19 16:35"
"Thomas4183b","60194a73ccb73b00018edf77","Demiurge","68f0c79a6b4cd855b3c4bcf2","6a861123b42521f758460892","2026-08-19 16:35"
"M A D A R A","680ebd4ab8187db80148ff47","Pirik","669e6134d95d857a27cbc0cd","6a861254b42521f758460dcd","2026-08-19 16:36"
"Fructidor","5e3712631e34a03504349945","RuralQuay427","67afb8f9170e41f8f611a20a","6a8612608b479428678cab7a","2026-08-19 16:36"
"tarcsa","60035ba331b2eb0001268660","Markus Benz","6109729e88f8fa00013f1db2","6a86118ab42521f758460a70","2026-08-19 16:37"
"Genghis Khan","604a67e702e32a000195a11e","Pasord","6669c659ca16186b5a3dbc35","6a86129efd2504e27979dfbb","2026-08-19 16:37"
"teddy bear","66f081f2bf4b230a2fcb970c","wichura240","68767692157557d5c76a0ab6","6a861319b42521f7584610fa","2026-08-19 16:37"
"いぶりー ivly","6578df649b50a29c7d4112a0","WeValueYourFeedback","666c9156dc30d0d163f505b5","6a8611988b479428678ca8e8","2026-08-19 16:37"
"WanderLast","6272ef54de5cd5f448da91a5","Aricarkamalos","60258b1dd050ac0001f1eae0","6a86130fb42521f7584610cc","2026-08-19 16:37"
"kuba.","68582b5f8e62427811441b60","Ballsackzzz","673c4848ef612abd4e6bb52c","6a86130a8b479428678cadc6","2026-08-19 16:38"
"Moritz","604e275b66c3940001ee30ed","DarkWoke 🇵🇸","5f061c5b8fba346634a84c33","6a86123e8b479428678caafd","2026-08-19 16:38"
"Tottenhamwisps","60ad03a48b6e1d00012f8e7e","khizar","62eff3f3af6915a2625c294c","6a8612d8b42521f758460fab","2026-08-19 16:38"
"Pirik","669e6134d95d857a27cbc0cd","WesołyBorsuk","67e2de630253a48e5df6477d","6a8613828b479428678caf76","2026-08-19 16:38"
"Elori","57d698c209f2ef93b8572689","irrational","65ba97ce8b2ba0c747ffa3b7","6a860fb5b42521f758460210","2026-08-19 16:39"
"Fructidor","5e3712631e34a03504349945","RuralQuay427","67afb8f9170e41f8f611a20a","6a8613a88b479428678caff9","2026-08-19 16:39"
"Unc","6876a81aaf5ea16088df663a","https://www.twitch.tv/qule0","635d8550c15309de668daf99","6a8613808b479428678caf70","2026-08-19 16:39"
"GeoMax","610ade6208061c000158624f","Yarik","676e524ee37422d9da0e161a","6a86133c1314c768abd04d73","2026-08-19 16:39"
"Avandy","60c3535133004c00010451a3","Lágrima","5f32d46aca94e000015886be","6a8613a6fd2504e27979e274","2026-08-19 16:40"
"Genghis Khan","604a67e702e32a000195a11e","Pasord","6669c659ca16186b5a3dbc35","6a8613c6b42521f7584613bc","2026-08-19 16:40"
"teddy bear","66f081f2bf4b230a2fcb970c","dyingangels","5aae066718399e2758306701","6a8613f2b42521f75846144f","2026-08-19 16:40"
"OakTree","617eb25d4e0e40000158968f","kriszh","5922abce1bba700c703b0c00","6a86138dfd2504e27979e23c","2026-08-19 16:40"
"xZenith","6846d165a3008977fe607ade","Markus Benz","6109729e88f8fa00013f1db2","6a8613f5b42521f75846146d","2026-08-19 16:42"
"Palmitas","69b33a815634cc416b9c7877","MARLON","676d5a15801d2d75f4d6d09e","6a8612dab42521f758460fb0","2026-08-19 16:42"
"Genghis Khan","604a67e702e32a000195a11e","Pasord","6669c659ca16186b5a3dbc35","6a8614918b479428678cb2a9","2026-08-19 16:42"
"Ballsackzzz","673c4848ef612abd4e6bb52c","kuba.","68582b5f8e62427811441b60","6a86140db42521f7584614c5","2026-08-19 16:42"
"Jarnoo","6807860a7b5e23a92b7f855f","ILoveXBow_CR","614649da0a3a920001f1042a","6a861368b42521f758461230","2026-08-19 16:42"
"https://www.twitch.tv/qule0","635d8550c15309de668daf99","Unc","6876a81aaf5ea16088df663a","6a861455b42521f7584615dc","2026-08-19 16:42"
"Peter Dictator","684c775aeb78c494d9ee6b7a","teddy bear","66f081f2bf4b230a2fcb970c","6a8613f5b42521f75846146f","2026-08-19 16:42"
"Geooo","5ffb5e4975d2770001545cf5","victr","660d89e0e8754a8737cdf7b8","6a8612bf8b479428678cacbc","2026-08-19 16:43"
"Genghis Khan","604a67e702e32a000195a11e","xZenith","6846d165a3008977fe607ade","6a8614f9b42521f758461825","2026-08-19 16:44"
"Lágrima","5f32d46aca94e000015886be","kriszh","5922abce1bba700c703b0c00","6a8614ae8b479428678cb2eb","2026-08-19 16:44"
"Pasord","6669c659ca16186b5a3dbc35","kuba.","68582b5f8e62427811441b60","6a86150fb42521f75846187c","2026-08-19 16:44"
"WanderLast","6272ef54de5cd5f448da91a5","heddeig","6a3d500d0d39e8c568965227","6a8614ccb97b40e5013e5c91","2026-08-19 16:44"
"Moritz","604e275b66c3940001ee30ed","Pirik","669e6134d95d857a27cbc0cd","6a861433b42521f758461546","2026-08-19 16:45"
"dyingangels","5aae066718399e2758306701","teddy bear","66f081f2bf4b230a2fcb970c","6a861510fd2504e27979e600","2026-08-19 16:45"
"DLAidoo","61a7c8ab24c30400018555b5","wichura240","68767692157557d5c76a0ab6","6a8614ca1314c768abd051ab","2026-08-19 16:45"
"いぶりー ivly","6578df649b50a29c7d4112a0","khizar","62eff3f3af6915a2625c294c","6a86146d260725335633c5ae","2026-08-19 16:46"
"WanderLast","6272ef54de5cd5f448da91a5","lina","69d198ad35405d2e8ea971e2","6a861586b42521f758461a38","2026-08-19 16:46"
"GeoMax","610ade6208061c000158624f","Thore Stach","60b2c6420390be00015e9fa1","6a8614cdfd2504e27979e523","2026-08-19 16:46"
"kuba.","68582b5f8e62427811441b60","Pasord","6669c659ca16186b5a3dbc35","6a86158bb42521f758461a49","2026-08-19 16:47"
"Ballsackzzz","673c4848ef612abd4e6bb52c","Peter Dictator","684c775aeb78c494d9ee6b7a","6a86151db42521f7584618b5","2026-08-19 16:47"
"Moritz","604e275b66c3940001ee30ed","Pirik","669e6134d95d857a27cbc0cd","6a8615b8fd2504e27979e740","2026-08-19 16:47"
"Lágrima","5f32d46aca94e000015886be","xZenith","6846d165a3008977fe607ade","6a8615fb8b479428678cb6b8","2026-08-19 16:48"
"Shakazaramesh","5ef2945bbb96627c9ce5f63f","WeValueYourFeedback","666c9156dc30d0d163f505b5","6a8614e1b42521f7584617de","2026-08-19 16:48"
"https://www.twitch.tv/qule0","635d8550c15309de668daf99","teddy bear","66f081f2bf4b230a2fcb970c","6a8615188b479428678cb448","2026-08-19 16:48"
"Ayli","6381e9f58453af043b2f4206","Pasord","6669c659ca16186b5a3dbc35","6a86162cb42521f758461cd9","2026-08-19 16:48"
"Avandy","60c3535133004c00010451a3","a-you","5e93a3443d4b6a5af4f11b0b","6a8614ecb97b40e5013e5ccf","2026-08-19 16:49"
"Unc","6876a81aaf5ea16088df663a","jasonbeckrich","601545a73b63a60001e534b0","6a8615208b479428678cb456","2026-08-19 16:49"
"OakTree","617eb25d4e0e40000158968f","Jerzy Kirkowski","5ecbdec18d6ade72cc832c5a","6a8615cc260725335633c8d1","2026-08-19 16:50"
"Thomas4183b","60194a73ccb73b00018edf77","GeoChiko","637129eb9d737c55a520a3e3","6a8613898b479428678caf83","2026-08-19 16:50"
"Fructidor","5e3712631e34a03504349945","RuralQuay427","67afb8f9170e41f8f611a20a","6a86146d8b479428678cb238","2026-08-19 16:50"
"placebo","66f44a3b843bc018a3e981c7","Luiz Henrique","67ffcf4fce0f332d5553d6b4","6a8616298b479428678cb742","2026-08-19 16:50"
"kstyko","5ead136297d6cf24a42b1ef4","kuba.","68582b5f8e62427811441b60","6a8616198b479428678cb710","2026-08-19 16:51"
"wichura240","68767692157557d5c76a0ab6","Ayli","6381e9f58453af043b2f4206","6a861695b42521f758461e89","2026-08-19 16:51"
"Lágrima","5f32d46aca94e000015886be","Pasord","6669c659ca16186b5a3dbc35","6a86167c8b479428678cb828","2026-08-19 16:52"
"kuba.","68582b5f8e62427811441b60","Ayli","6381e9f58453af043b2f4206","6a86171cb97b40e5013e6269","2026-08-19 16:52"
"Pirik","669e6134d95d857a27cbc0cd","KAITOOO","62e8c3ab0065abc49aca361d","6a861651b42521f758461d73","2026-08-19 16:52"
"Unc","6876a81aaf5ea16088df663a","the","682825223a6f3655a33c8c4c","6a8616a6b42521f758461ebe","2026-08-19 16:52"
"https://www.twitch.tv/qule0","635d8550c15309de668daf99","teddy bear","66f081f2bf4b230a2fcb970c","6a8616adb97b40e5013e614f","2026-08-19 16:53"
"Ayli","6381e9f58453af043b2f4206","DLAidoo","61a7c8ab24c30400018555b5","6a86177dfd2504e27979eb4d","2026-08-19 16:54"
"wafflyss","6068a918d8694000010952a2","xZenith","6846d165a3008977fe607ade","6a8616f0b42521f758461fcf","2026-08-19 16:55"
"Shakazaramesh","5ef2945bbb96627c9ce5f63f","a-you","5e93a3443d4b6a5af4f11b0b","6a8616acb42521f758461ece","2026-08-19 16:55"
"Pasord","6669c659ca16186b5a3dbc35","kstyko","5ead136297d6cf24a42b1ef4","6a861761260725335633cc1f","2026-08-19 16:55"
"F12RXY7U9I","6919845c3a6623b10b2fa710","いぶりー ivly","6578df649b50a29c7d4112a0","6a861743b97b40e5013e62a5","2026-08-19 16:55"
"Pirik","669e6134d95d857a27cbc0cd","KAITOOO","62e8c3ab0065abc49aca361d","6a861749b42521f758462111","2026-08-19 16:55"
"wichura240","68767692157557d5c76a0ab6","Unc","6876a81aaf5ea16088df663a","6a861766b97b40e5013e6303","2026-08-19 16:55"
"Dissonans","60e09234213b0600019d912e","DLAidoo","61a7c8ab24c30400018555b5","6a8617cab42521f7584622b5","2026-08-19 16:56"
"Thore Stach","60b2c6420390be00015e9fa1","placebo","66f44a3b843bc018a3e981c7","6a861709b42521f758462032","2026-08-19 16:56"
"kuba.","68582b5f8e62427811441b60","teddy bear","66f081f2bf4b230a2fcb970c","6a8617bc260725335633cd29","2026-08-19 16:57"
"GeoMax","610ade6208061c000158624f","Yarik","676e524ee37422d9da0e161a","6a8617c2b97b40e5013e63e1","2026-08-19 16:57"
"Pasord","6669c659ca16186b5a3dbc35","a-you","5e93a3443d4b6a5af4f11b0b","6a8617fbb42521f758462389","2026-08-19 16:58"
"mii3en","66159d055967919df66cf9c0","GeoChiko","637129eb9d737c55a520a3e3","6a8618071314c768abd05977","2026-08-19 16:58"
"burritoenjoye69","6495a50b2872ef45875a5eb2","Humacorn","683c69356230d2dd7d71c8aa","6a86179eb97b40e5013e636e","2026-08-19 16:58"
"kstyko","5ead136297d6cf24a42b1ef4","Ayli","6381e9f58453af043b2f4206","6a8617fab42521f758462385","2026-08-19 16:59"
"Avandy","60c3535133004c00010451a3","Lágrima","5f32d46aca94e000015886be","6a861778321b3548ea602172","2026-08-19 17:00"
"tilted and tired","66549d4cc725af87c3aa9a34","Iclimbhigher","6594e77717360fe0d27e44d5","6a8616398b479428678cb773","2026-08-19 17:00"
"https://www.twitch.tv/qule0","635d8550c15309de668daf99","dying sociopath","5aae066718399e2758306701","6a8617d6b42521f7584622fd","2026-08-19 17:00"
"teddy bear","66f081f2bf4b230a2fcb970c","curiosity","5bc76c7dfdd59823e4fb3ff5","6a8618a4b97b40e5013e662b","2026-08-19 17:00"
"placebo","66f44a3b843bc018a3e981c7","riso***","5e0bb8901b34a023587ad378","6a8618adb42521f758462638","2026-08-19 17:00"
"Felix.svb","6856986bb22dea4ae40a3d22","salamander","60d33d62acc9ca00010d4d66","6a86174db42521f75846211b","2026-08-19 17:01"
"xZenith","6846d165a3008977fe607ade","F12RXY7U9I","6919845c3a6623b10b2fa710","6a861852b42521f7584624de","2026-08-19 17:01"
"OakTree","617eb25d4e0e40000158968f","teddy bear","66f081f2bf4b230a2fcb970c","6a861894b42521f7584625cc","2026-08-19 17:01"
"WanderLast","6272ef54de5cd5f448da91a5","Amit","66859fc6447c3727efef57e6","6a86191c8b479428678cc00f","2026-08-19 17:01"
"kuba.","68582b5f8e62427811441b60","teddy bear","66f081f2bf4b230a2fcb970c","6a8618ce9178618bce7f1506","2026-08-19 17:02"
"kstyko","5ead136297d6cf24a42b1ef4","https://www.twitch.tv/qule0","635d8550c15309de668daf99","6a8619318b479428678cc03e","2026-08-19 17:02"
"Pasord","6669c659ca16186b5a3dbc35","Ayli","6381e9f58453af043b2f4206","6a86191afd2504e27979ef20","2026-08-19 17:03"
"Pirik","669e6134d95d857a27cbc0cd","Yarik","676e524ee37422d9da0e161a","6a8618a2b42521f75846260a","2026-08-19 17:03"
"Lágrima","5f32d46aca94e000015886be","xZenith","6846d165a3008977fe607ade","6a861991b97b40e5013e6898","2026-08-19 17:04"
"WeValueYourFeedback","666c9156dc30d0d163f505b5","Jerzy Kirkowski","5ecbdec18d6ade72cc832c5a","6a861702b42521f758462014","2026-08-19 17:04"
"GeoMax","610ade6208061c000158624f","SFLarry","69907ae70636b249aee0ffe8","6a861891b42521f7584625b8","2026-08-19 17:04"
"Thore Stach","60b2c6420390be00015e9fa1","DLAidoo","61a7c8ab24c30400018555b5","6a86186c9178618bce7f1413","2026-08-19 17:04"
"Emmepemme","5bf9b0c343196557d45fc4b6","Fructidor","5e3712631e34a03504349945","6a8616c9b42521f758461f38","2026-08-19 17:04"
"burritoenjoye69","6495a50b2872ef45875a5eb2","Zunpix","65a079277407bb3019962d3a","6a8618e2fd2504e27979eea6","2026-08-19 17:05"
"F12RXY7U9I","6919845c3a6623b10b2fa710","https://www.twitch.tv/qule0","635d8550c15309de668daf99","6a8619c5b42521f758462a7c","2026-08-19 17:06"
"GeoMax","610ade6208061c000158624f","Pirik","669e6134d95d857a27cbc0cd","6a861a161314c768abd05e6c","2026-08-19 17:06"
"WanderLast","6272ef54de5cd5f448da91a5","marco_rennmaus","6a1da392ae1ad72c912d8db7","6a861998b42521f7584629ca","2026-08-19 17:06"
"Shakazaramesh","5ef2945bbb96627c9ce5f63f","a-you","5e93a3443d4b6a5af4f11b0b","6a8618dcb97b40e5013e66e5","2026-08-19 17:07"
"kstyko","5ead136297d6cf24a42b1ef4","Dissonans","60e09234213b0600019d912e","6a8619d18b479428678cc22b","2026-08-19 17:07"
"boulgour","5b4d54f6f1dad60dd82b7c8a","BlackShark","61f04538cc54700001a27678","6a8619808b479428678cc12e","2026-08-19 17:07"
"Ayli","6381e9f58453af043b2f4206","DLAidoo","61a7c8ab24c30400018555b5","6a861a22b42521f758462bb1","2026-08-19 17:07"
"Saradão","66245f82ee56b7dcb4cfcca3","serrani","5e24621927ec173f88185843","6a8619b7b97b40e5013e68da","2026-08-19 17:08"
"victr","660d89e0e8754a8737cdf7b8","Markus Benz","6109729e88f8fa00013f1db2","6a861579b42521f7584619fb","2026-08-19 17:09"
"https://www.twitch.tv/qule0","635d8550c15309de668daf99","F12RXY7U9I","6919845c3a6623b10b2fa710","6a861a89b42521f758462d69","2026-08-19 17:09"
"NorthKoreaEnjoyer","6a5776b9557fa0b8070897d7","Pasord","6669c659ca16186b5a3dbc35","6a8619de8b479428678cc247","2026-08-19 17:09"
"xZenith","6846d165a3008977fe607ade","Lágrima","5f32d46aca94e000015886be","6a861a478b479428678cc34c","2026-08-19 17:10"
"Iclimbhigher","6594e77717360fe0d27e44d5","tilted and tired","66549d4cc725af87c3aa9a34","6a8619b9b97b40e5013e68e9","2026-08-19 17:10"
"BlackShark","61f04538cc54700001a27678","KAITOOO","62e8c3ab0065abc49aca361d","6a861aceb97b40e5013e6b7d","2026-08-19 17:10"
"Dissonans","60e09234213b0600019d912e","Ayli","6381e9f58453af043b2f4206","6a861afd8b479428678cc59a","2026-08-19 17:11"
"いぶりー ivly","6578df649b50a29c7d4112a0","Vell","5eea5f1162df1243a0cdd8e4","6a86196bfd2504e27979f00a","2026-08-19 17:11"
"WanderLast","6272ef54de5cd5f448da91a5","Marcopolo","6a19af736b5eab05e5532a39","6a861ae4b42521f758462ec7","2026-08-19 17:11"
"kstyko","5ead136297d6cf24a42b1ef4","Pandazan","632e19f3f0149e276027d38e","6a861b1fb42521f758462f80","2026-08-19 17:12"
"Tottenhamwisps","60ad03a48b6e1d00012f8e7e","Thore Stach","60b2c6420390be00015e9fa1","6a861b858b479428678cc70e","2026-08-19 17:12"
"Fructidor","5e3712631e34a03504349945","Emmepemme","5bf9b0c343196557d45fc4b6","6a861ab1fd2504e27979f2d1","2026-08-19 17:12"
"tilted and tired","66549d4cc725af87c3aa9a34","xZenith","6846d165a3008977fe607ade","6a861b8d8b479428678cc723","2026-08-19 17:13"
"Nico","5e8494b3cd30759188bd297c","https://www.twitch.tv/qule0","635d8550c15309de668daf99","6a861b668b479428678cc6c5","2026-08-19 17:13"
"Felix.svb","6856986bb22dea4ae40a3d22","tarcsa","60035ba331b2eb0001268660","6a861a07b42521f758462b5b","2026-08-19 17:14"
"Avandy","60c3535133004c00010451a3","wafflyss","6068a918d8694000010952a2","6a861a578b479428678cc379","2026-08-19 17:14"
"tilted and tired","66549d4cc725af87c3aa9a34","YRP","65361a91884b107b4fd0cef8","6a861c34b42521f75846336a","2026-08-19 17:14"
"gov 88","6a6ac9aa8843af27060574bd","Mymoonche","694c06bb522e293562e5d704","6a861bedb42521f758463265","2026-08-19 17:14"
"NorthKoreaEnjoyer","6a5776b9557fa0b8070897d7","Pasord","6669c659ca16186b5a3dbc35","6a861b51b42521f758463038","2026-08-19 17:14"
"GeoMax","610ade6208061c000158624f","Pirik","669e6134d95d857a27cbc0cd","6a861ad41314c768abd060c7","2026-08-19 17:14"
"placebo","66f44a3b843bc018a3e981c7","khizar","62eff3f3af6915a2625c294c","6a861ab48b479428678cc4ae","2026-08-19 17:14"
"Markus Benz","6109729e88f8fa00013f1db2","victr","660d89e0e8754a8737cdf7b8","6a861b578b479428678cc6a1","2026-08-19 17:15"
"kstyko","5ead136297d6cf24a42b1ef4","OakTree","617eb25d4e0e40000158968f","6a861c018b479428678cc875","2026-08-19 17:15"
"WanderLast","6272ef54de5cd5f448da91a5","Cyril Legrand","613a6a9ca534bc00014280c4","6a861bebb42521f75846325f","2026-08-19 17:15"
"BlackShark","61f04538cc54700001a27678","placebo","66f44a3b843bc018a3e981c7","6a861cbefd2504e27979f73c","2026-08-19 17:16"
"Pandazan","632e19f3f0149e276027d38e","https://www.twitch.tv/qule0","635d8550c15309de668daf99","6a861c4ab42521f7584633c9","2026-08-19 17:17"
"WanderLast","6272ef54de5cd5f448da91a5","Ale","63fe2a42f765beb810e1c907","6a861cb3b97b40e5013e6ff3","2026-08-19 17:17"
"Markus Benz","6109729e88f8fa00013f1db2","victr","660d89e0e8754a8737cdf7b8","6a861cacb42521f758463562","2026-08-19 17:18"
"Pasord","6669c659ca16186b5a3dbc35","Ayli","6381e9f58453af043b2f4206","6a861c748b479428678cc9b1","2026-08-19 17:18"
"GeoMax","610ade6208061c000158624f","Pirik","669e6134d95d857a27cbc0cd","6a861c85b42521f7584634b5","2026-08-19 17:18"
"Shakazaramesh","5ef2945bbb96627c9ce5f63f","SigmaLigma","641e0c54c1155de1803057b1","6a861c1b8b479428678cc8c1","2026-08-19 17:19"
"Fenrys","60d8c06ddcd6370001961252","placebo","66f44a3b843bc018a3e981c7","6a861d0bb42521f758463698","2026-08-19 17:19"
"OakTree","617eb25d4e0e40000158968f","GeoBunny","64b2f9895059c43d9160f5af","6a861d2c8b479428678ccbca","2026-08-19 17:20"
"boulgour","5b4d54f6f1dad60dd82b7c8a","Caco","62423c3dda40ac184851c4f0","6a861ac6b42521f758462e4b","2026-08-19 17:20"
"xZenith","6846d165a3008977fe607ade","wafflyss","6068a918d8694000010952a2","6a861ca1b97b40e5013e6fba","2026-08-19 17:21"
"Tomek5_5","606e09423667bc0001ad663d","Bellaxo","5c7d0e74f8f7fb7218489b2e","6a861d20b42521f7584636d6","2026-08-19 17:21"
"Ayli","6381e9f58453af043b2f4206","Peaxyls","600aeba6980191000144f1d7","6a861d7ffd2504e27979f93f","2026-08-19 17:21"
"gov 88","6a6ac9aa8843af27060574bd","Zbiko","62763e7d8030d428367d95d6","6a861deb8b479428678cce34","2026-08-19 17:22"
"Pasord","6669c659ca16186b5a3dbc35","Dissonans","60e09234213b0600019d912e","6a861d70b97b40e5013e71ed","2026-08-19 17:22"
"Ayli","6381e9f58453af043b2f4206","Peaxyls","600aeba6980191000144f1d7","6a861e2efd2504e27979fb06","2026-08-19 17:22"
"WanderLast","6272ef54de5cd5f448da91a5","Scrubby","61f55ea773cf2700017523c0","6a861d41b42521f758463744","2026-08-19 17:22"
"kuba.","68582b5f8e62427811441b60","GeoBunny","64b2f9895059c43d9160f5af","6a861e098b479428678cce97","2026-08-19 17:23"
"GeoMax","610ade6208061c000158624f","Fenrys","60d8c06ddcd6370001961252","6a861da58b479428678ccd5f","2026-08-19 17:23"
"Don't Give Up","5ffb60de75d2770001545e96","seven³","67cb3e4e3d2dc435a0a325e7","6a861dbcb42521f75846392f","2026-08-19 17:23"
"kstyko","5ead136297d6cf24a42b1ef4","Norbert","61b40084a8414400018d958a","6a861da48b479428678ccd5b","2026-08-19 17:24"
"Ayli","6381e9f58453af043b2f4206","Dissonans","60e09234213b0600019d912e","6a861e7d8b479428678ccfeb","2026-08-19 17:24"
"Pasord","6669c659ca16186b5a3dbc35","OakTree","617eb25d4e0e40000158968f","6a861e7c1314c768abd0690d","2026-08-19 17:25"
"#1 multiplier harvester 🫃","626fc4565f225f253556ea95","Pirik","669e6134d95d857a27cbc0cd","6a861d931314c768abd066ea","2026-08-19 17:25"
"Albanian Guy","58796ade8b9ff486d81bbad5","Markus Benz","6109729e88f8fa00013f1db2","6a861d89b42521f758463866","2026-08-19 17:26"
"Bellaxo","5c7d0e74f8f7fb7218489b2e","Tomek5_5","606e09423667bc0001ad663d","6a861e1bb42521f758463a85","2026-08-19 17:26"
"Fructidor","5e3712631e34a03504349945","Emmepemme","5bf9b0c343196557d45fc4b6","6a861c0db97b40e5013e6e4d","2026-08-19 17:26"
"tilted and tired","66549d4cc725af87c3aa9a34","YRP","65361a91884b107b4fd0cef8","6a861d169178618bce7f1eb4","2026-08-19 17:27"
"Thore Stach","60b2c6420390be00015e9fa1","Vell","5eea5f1162df1243a0cdd8e4","6a861da11314c768abd066f9","2026-08-19 17:27"
"wafflyss","6068a918d8694000010952a2","kuba.","68582b5f8e62427811441b60","6a861ecf9178618bce7f22af","2026-08-19 17:28"
"OakTree","617eb25d4e0e40000158968f","Pasord","6669c659ca16186b5a3dbc35","6a861f188b479428678cd16b","2026-08-19 17:28"
"GeoMax","610ade6208061c000158624f","Fenrys","60d8c06ddcd6370001961252","6a861eb7b42521f758463ce8","2026-08-19 17:28"
"BlackShark","61f04538cc54700001a27678","caioxz_","6331d016ad2a2f9e703f7c60","6a861e97b42521f758463c74","2026-08-19 17:28"
"Agastya","6260203bfc30a25d25410ac9","eglemania","603a7b0367954300019fb4e2","6a861d1fb42521f7584636d4","2026-08-19 17:28"
"victr","660d89e0e8754a8737cdf7b8","boulgour","5b4d54f6f1dad60dd82b7c8a","6a861dd9b42521f758463988","2026-08-19 17:29"
"Dissonans","60e09234213b0600019d912e","Ayli","6381e9f58453af043b2f4206","6a861edbb42521f758463d5d","2026-08-19 17:29"
"WanderLast","6272ef54de5cd5f448da91a5","Ondřej Trachta","60b3bae6c1ce390001d5844a","6a861e6e8b479428678ccfc9","2026-08-19 17:29"
"Ruben","5e1334ba1b34a033c801a9e8","teddy bear","66f081f2bf4b230a2fcb970c","6a861fae8b479428678cd31e","2026-08-19 17:29"
"Norbert","61b40084a8414400018d958a","Avandy","60c3535133004c00010451a3","6a861f09b42521f758463dde","2026-08-19 17:30"
"NorthKoreaEnjoyer","6a5776b9557fa0b8070897d7","kouuli","61484b52add2db00018fe1ec","6a861fbbb42521f758464074","2026-08-19 17:30"
"SigmaLigma","641e0c54c1155de1803057b1","Shakazaramesh","5ef2945bbb96627c9ce5f63f","6a861e13b42521f758463a6f","2026-08-19 17:30"
"Jakob","6330202c43032ef573d382eb","Trichter33","601d95ba49c0980001a824b8","6a861fa0b42521f758464011","2026-08-19 17:32"
"Ayli","6381e9f58453af043b2f4206","GeoBunny","64b2f9895059c43d9160f5af","6a862007b97b40e5013e77fa","2026-08-19 17:32"
"YRP","65361a91884b107b4fd0cef8","Markus Benz","6109729e88f8fa00013f1db2","6a861fbab42521f758464071","2026-08-19 17:33"
"layy ♡","603df174d3dc740001da871a","Tomek5_5","606e09423667bc0001ad663d","6a861f46b42521f758463ec8","2026-08-19 17:33"
"Albanian Guy","58796ade8b9ff486d81bbad5","wafflyss","6068a918d8694000010952a2","6a86203f1314c768abd06ce2","2026-08-19 17:34"
"kuba.","68582b5f8e62427811441b60","M1lan","67473d086316c898fe734668","6a861fd49178618bce7f2509","2026-08-19 17:34"
"Ayli","6381e9f58453af043b2f4206","GeoBunny","64b2f9895059c43d9160f5af","6a8620d2b97b40e5013e7a05","2026-08-19 17:34"
"WanderLast","6272ef54de5cd5f448da91a5","Vasyl Lukvinskyi","606adfce7aeca60001e84175","6a861ffa9178618bce7f253e","2026-08-19 17:34"
"Pirik","669e6134d95d857a27cbc0cd","Krakarlkus","6000244a8987730001b34513","6a861f499178618bce7f2398","2026-08-19 17:34"
"teddy bear","66f081f2bf4b230a2fcb970c","rafa_31","5f2f13cef9d058000138adaf","6a862021b42521f7584641df","2026-08-19 17:35"
"Thore Stach","60b2c6420390be00015e9fa1","DLAidoo","61a7c8ab24c30400018555b5","6a8620beb42521f758464452","2026-08-19 17:35"
"kuba.","68582b5f8e62427811441b60","Ayli","6381e9f58453af043b2f4206","6a8621451314c768abd06f66","2026-08-19 17:36"
"OakTree","617eb25d4e0e40000158968f","Norbert","61b40084a8414400018d958a","6a862086b42521f758464386","2026-08-19 17:36"
"Pasord","6669c659ca16186b5a3dbc35","caioxz_","6331d016ad2a2f9e703f7c60","6a861fcd8b479428678cd37b","2026-08-19 17:36"
"GeoMax","610ade6208061c000158624f","#1 multiplier harvester 🫃","626fc4565f225f253556ea95","6a8620041314c768abd06c4a","2026-08-19 17:36"
"BlackShark","61f04538cc54700001a27678","Antigs","5fb70fb9e2c593000135b6e0","6a862080b42521f758464373","2026-08-19 17:36"
"Avandy","60c3535133004c00010451a3","Trichter33","601d95ba49c0980001a824b8","6a8620c2b42521f75846445b","2026-08-19 17:37"
"Avetixz","632b4c9d0609ae73d2a1f799","seven³","67cb3e4e3d2dc435a0a325e7","6a861ef78b479428678cd10b","2026-08-19 17:37"
"lmoffy2115","685c068e5c394048131c42e6","M1lan","67473d086316c898fe734668","6a862124fd2504e2797a0172","2026-08-19 17:38"
"Shakazaramesh","5ef2945bbb96627c9ce5f63f","Tomek5_5","606e09423667bc0001ad663d","6a8620e48b479428678cd6e9","2026-08-19 17:38"
"teddy bear","66f081f2bf4b230a2fcb970c","rafa_31","5f2f13cef9d058000138adaf","6a86216c8b479428678cd84d","2026-08-19 17:38"
"OceanMan","5e9a08cdd502e121002b5279","tarcsa","60035ba331b2eb0001268660","6a861ff5b42521f758464154","2026-08-19 17:39"
"BlackShark","61f04538cc54700001a27678","im recording my gameplay","6a437d2254319c3206c01eb9","6a8621e78b479428678cda0d","2026-08-19 17:40"
"Ricky Beast","5ff33554455e6800011e3146","connexion de f*p","5e9662142ad6cfadc8e2db9d","6a8620518b479428678cd50c","2026-08-19 17:41"
"boulgour","5b4d54f6f1dad60dd82b7c8a","victr","660d89e0e8754a8737cdf7b8","6a86201fb42521f7584641cc","2026-08-19 17:41"
"SigmaLigma","641e0c54c1155de1803057b1","seven³","67cb3e4e3d2dc435a0a325e7","6a862212b97b40e5013e7cd5","2026-08-19 17:41"
"caioxz_","6331d016ad2a2f9e703f7c60","Ribeirete","6058ed09d0aad50001959dd0","6a8621d61314c768abd070cd","2026-08-19 17:41"
"mink flow","61c0d83a2240d4000107a7a1","Presdough","600b350b96ef4f00019176b3","6a86227efd2504e2797a047a","2026-08-19 17:41"
"twitch.tv/yapchell","67f66e1eab7fc9feab89429b","lmoffy2115","685c068e5c394048131c42e6","6a8622298b479428678cdad2","2026-08-19 17:42"
"Ruben","5e1334ba1b34a033c801a9e8","Ayli","6381e9f58453af043b2f4206","6a8621a2b42521f75846478f","2026-08-19 17:42"
"Avandy","60c3535133004c00010451a3","connexion de f*p","5e9662142ad6cfadc8e2db9d","6a862309b42521f758464d3b","2026-08-19 17:43"
"burritoenjoye69","6495a50b2872ef45875a5eb2","Humacorn","683c69356230d2dd7d71c8aa","6a86216db42521f7584646a1","2026-08-19 17:43"
"Caco","62423c3dda40ac184851c4f0","Ando","6217de15a0f6300001186164","6a8622a4b42521f758464b82","2026-08-19 17:44"
"WanderLast","6272ef54de5cd5f448da91a5","bugsnax","6164772694b7f60001c02590","6a8622991314c768abd07289","2026-08-19 17:44"
"twitch.tv/yapchell","67f66e1eab7fc9feab89429b","OakTree","617eb25d4e0e40000158968f","6a86234f9178618bce7f2cf6","2026-08-19 17:45"
"gov 88","6a6ac9aa8843af27060574bd","milvus_11","6244b70d8e372b2a8db19331","6a862373fd2504e2797a075e","2026-08-19 17:45"
"M1lan","67473d086316c898fe734668","GeoMax","610ade6208061c000158624f","6a86220b8b479428678cda81","2026-08-19 17:45"
"Pasord","6669c659ca16186b5a3dbc35","teddy bear","66f081f2bf4b230a2fcb970c","6a86225e9178618bce7f2a84","2026-08-19 17:45"
"boulgour","5b4d54f6f1dad60dd82b7c8a","teddy bear","66f081f2bf4b230a2fcb970c","6a8622f1321b3548ea6038ef","2026-08-19 17:45"
"seven³","67cb3e4e3d2dc435a0a325e7","SigmaLigma","641e0c54c1155de1803057b1","6a8622e2b97b40e5013e7ec1","2026-08-19 17:45"
"Thore Stach","60b2c6420390be00015e9fa1","Flubbersticks","69387a54dc6fdd9da05c91cd","6a862197b97b40e5013e7bb5","2026-08-19 17:45"
"kriszh","5922abce1bba700c703b0c00","NorthKoreaEnjoyer","6a5776b9557fa0b8070897d7","6a8621c2b42521f758464804","2026-08-19 17:46"
"WanderLast","6272ef54de5cd5f448da91a5","Thomasveitschegger31","6113685d5135680001b8d5fa","6a862398b97b40e5013e8063","2026-08-19 17:46"
"burritoenjoye69","6495a50b2872ef45875a5eb2","tj","6a3eef794161c24e5a59570e","6a8623659178618bce7f2d29","2026-08-19 17:46"
"YRP","65361a91884b107b4fd0cef8","Markus Benz","6109729e88f8fa00013f1db2","6a8621198b479428678cd786","2026-08-19 17:47"
"Shakazaramesh","5ef2945bbb96627c9ce5f63f","Tomek5_5","606e09423667bc0001ad663d","6a86223f1314c768abd071a8","2026-08-19 17:47"
"gov 88","6a6ac9aa8843af27060574bd","Kuba Wojtukiewicz","622d1039bc6ef2000160d52b","6a8623dbb42521f758465105","2026-08-19 17:47"
"SigmaLigma","641e0c54c1155de1803057b1","Flubbersticks","69387a54dc6fdd9da05c91cd","6a8623cfb42521f7584650cc","2026-08-19 17:47"
"Pirik","669e6134d95d857a27cbc0cd","GeoBunny","64b2f9895059c43d9160f5af","6a8622feb42521f758464d06","2026-08-19 17:47"
"Norbert","61b40084a8414400018d958a","Rubber Dinghy Rapids Bro","5b1814ea59669593c4ce555b","6a8621aeb42521f7584647ba","2026-08-19 17:48"
"gov 88","6a6ac9aa8843af27060574bd","Andriy Sushchyk","58b08e942f6fc615a836b8e1","6a862444b42521f7584652c5","2026-08-19 17:50"
"Tottenhamwisps","60ad03a48b6e1d00012f8e7e","SigmaLigma","641e0c54c1155de1803057b1","6a862439b42521f758465299","2026-08-19 17:50"
"im recording my gameplay","6a437d2254319c3206c01eb9","Ando","6217de15a0f6300001186164","6a862386b42521f758464f7a","2026-08-19 17:50"
"Ayli","6381e9f58453af043b2f4206","Xick","6227d06fc4123c000192c138","6a862467b97b40e5013e828a","2026-08-19 17:50"
"Markus Benz","6109729e88f8fa00013f1db2","OakTree","617eb25d4e0e40000158968f","6a86244f1314c768abd07757","2026-08-19 17:51"
"Fructidor","5e3712631e34a03504349945","Emmepemme","5bf9b0c343196557d45fc4b6","6a861f6bb42521f758463f50","2026-08-19 17:51"
"twitch.tv/yapchell","67f66e1eab7fc9feab89429b","Avandy","60c3535133004c00010451a3","6a8623b2b97b40e5013e80a7","2026-08-19 17:53"
"Pasord","6669c659ca16186b5a3dbc35","PLK","62179a5c8e88d400010d91ea","6a862403b42521f7584651c0","2026-08-19 17:53"
"GeoMax","610ade6208061c000158624f","seven³","67cb3e4e3d2dc435a0a325e7","6a8623fd9178618bce7f2eed","2026-08-19 17:53"
"BlackShark","61f04538cc54700001a27678","NorthKoreaEnjoyer","6a5776b9557fa0b8070897d7","6a862495b42521f758465422","2026-08-19 17:53"
"WanderLast","6272ef54de5cd5f448da91a5","ebar`33rus","58ca31fa27c28b5f883941a6","6a862492b42521f758465418","2026-08-19 17:53"
"burritoenjoye69","6495a50b2872ef45875a5eb2","RIK","66f5c14c0152bac3004cf0e4","6a86241fb42521f758465232","2026-08-19 17:53"
"YRP","65361a91884b107b4fd0cef8","connexion de f*p","5e9662142ad6cfadc8e2db9d","6a8624571314c768abd0777a","2026-08-19 17:54"
"Don't Give Up","5ffb60de75d2770001545e96","GeoBunny","64b2f9895059c43d9160f5af","6a8624e61314c768abd078fb","2026-08-19 17:54"
"Pirik","669e6134d95d857a27cbc0cd","Lottta","6019a1a4665de0000144339d","6a8624949178618bce7f307f","2026-08-19 17:54"
"Ribeirete","6058ed09d0aad50001959dd0","Conquistadorito","603801f090c95200017d047e","6a862484b42521f7584653d1","2026-08-19 17:54"
"Gaizkaiser","61e67e2b8a1e1100013538d3","tarcsa","60035ba331b2eb0001268660","6a86228fb42521f758464b2c","2026-08-19 17:56"
"Ayli","6381e9f58453af043b2f4206","GeoBunny","64b2f9895059c43d9160f5af","6a8625f19178618bce7f3437","2026-08-19 17:56"
"Markus Benz","6109729e88f8fa00013f1db2","Fructidor","5e3712631e34a03504349945","6a862579b42521f7584657e0","2026-08-19 17:57"
"Pirik","669e6134d95d857a27cbc0cd","Lottta","6019a1a4665de0000144339d","6a862604b42521f758465a32","2026-08-19 17:57"
"Jerzy Kirkowski","5ecbdec18d6ade72cc832c5a","seven³","67cb3e4e3d2dc435a0a325e7","6a862595b42521f75846584b","2026-08-19 17:57"
"tarcsa","60035ba331b2eb0001268660","connexion de f*p","5e9662142ad6cfadc8e2db9d","6a862656b42521f758465b7c","2026-08-19 17:58"
"Shakazaramesh","5ef2945bbb96627c9ce5f63f","Tomek5_5","606e09423667bc0001ad663d","6a86250cb42521f758465614","2026-08-19 17:58"
"OakTree","617eb25d4e0e40000158968f","Conquistadorito","603801f090c95200017d047e","6a86251dfd2504e2797a0c40","2026-08-19 17:59"
"PLK","62179a5c8e88d400010d91ea","Pasord","6669c659ca16186b5a3dbc35","6a862597b97b40e5013e8585","2026-08-19 18:00"
"im recording my gameplay","6a437d2254319c3206c01eb9","SigmaLigma","641e0c54c1155de1803057b1","6a862559b42521f758465743","2026-08-19 18:00"
"Jerzy Kirkowski","5ecbdec18d6ade72cc832c5a","Ayli","6381e9f58453af043b2f4206","6a86268a9178618bce7f35c3","2026-08-19 18:00"
"seven³","67cb3e4e3d2dc435a0a325e7","tmol","65804bf1981dcef1aaa9fc20","6a86268eb42521f758465c62","2026-08-19 18:00"
"victr","660d89e0e8754a8737cdf7b8","Norbert","61b40084a8414400018d958a","6a862499b97b40e5013e8323","2026-08-19 18:01"
"GeoMax","610ade6208061c000158624f","Bellaxo","5c7d0e74f8f7fb7218489b2e","6a86263bb42521f758465b21","2026-08-19 18:01"
"SigmaLigma","641e0c54c1155de1803057b1","Flubbersticks","69387a54dc6fdd9da05c91cd","6a8627389178618bce7f3766","2026-08-19 18:01"
"Ando","6217de15a0f6300001186164","BlackShark","61f04538cc54700001a27678","6a8626501314c768abd07cab","2026-08-19 18:01"
"twitch.tv/yapchell","67f66e1eab7fc9feab89429b","Avandy","60c3535133004c00010451a3","6a8625cdb42521f758465918","2026-08-19 18:02"
"Xick","6227d06fc4123c000192c138","Conquistadorito","603801f090c95200017d047e","6a86266afd2504e2797a0fc0","2026-08-19 18:02"
"Bouman","66f6e27efd3996cffce4e9ab","Johannes","677da9a8bd76060fb7da7799","6a8624971314c768abd0782b","2026-08-19 18:02"
"Markus Benz","6109729e88f8fa00013f1db2","Gaizkaiser","61e67e2b8a1e1100013538d3","6a8626b2fd2504e2797a1063","2026-08-19 18:03"
"Tomek5_5","606e09423667bc0001ad663d","Tottenhamwisps","60ad03a48b6e1d00012f8e7e","6a8626b7b42521f758465cf1","2026-08-19 18:03"
"Pirik","669e6134d95d857a27cbc0cd","Don't Give Up","5ffb60de75d2770001545e96","6a8626a8b42521f758465cc1","2026-08-19 18:03"
"seven³","67cb3e4e3d2dc435a0a325e7","Nitorip","60b4e24e49269d00013fa878","6a862745b42521f758465f09","2026-08-19 18:03"
"nemessis","6a68f0776670f9815653f016","sanzi96","67a401a1b768d2166005ea82","6a8627a91314c768abd07f9c","2026-08-19 18:04"
"Jerzy Kirkowski","5ecbdec18d6ade72cc832c5a","Conquistadorito","603801f090c95200017d047e","6a8627391314c768abd07ed0","2026-08-19 18:04"
"Ayli","6381e9f58453af043b2f4206","tmol","65804bf1981dcef1aaa9fc20","6a86273bb42521f758465ee0","2026-08-19 18:04"
"mink flow","61c0d83a2240d4000107a7a1","mike","6633979b682cf663438049a0","6a8627881314c768abd07f60","2026-08-19 18:04"
"Conquistadorito","603801f090c95200017d047e","Xick","6227d06fc4123c000192c138","6a862762b42521f758465f7a","2026-08-19 18:05"
"WanderLast","6272ef54de5cd5f448da91a5","Gheathcliff","6175a9f4866e950001753401","6a862632b42521f758465afd","2026-08-19 18:07"
"Ribeirete","6058ed09d0aad50001959dd0","Conquistadorito","603801f090c95200017d047e","6a8627c5b42521f7584660f5","2026-08-19 18:07"
"Pirik","669e6134d95d857a27cbc0cd","Don't Give Up","5ffb60de75d2770001545e96","6a86280dfd2504e2797a13ec","2026-08-19 18:08"
"mink flow","61c0d83a2240d4000107a7a1","Cloux","661b07d2634807657838da34","6a8628aeb42521f7584665b8","2026-08-19 18:08"
"PLK","62179a5c8e88d400010d91ea","Pasord","6669c659ca16186b5a3dbc35","6a8627391314c768abd07ed1","2026-08-19 18:09"
"Tomek5_5","606e09423667bc0001ad663d","seven³","67cb3e4e3d2dc435a0a325e7","6a862820b42521f7584662a2","2026-08-19 18:09"
"Tottenhamwisps","60ad03a48b6e1d00012f8e7e","Jerzy Kirkowski","5ecbdec18d6ade72cc832c5a","6a862845b97b40e5013e8c71","2026-08-19 18:09"
"Bellaxo","5c7d0e74f8f7fb7218489b2e","SigmaLigma","641e0c54c1155de1803057b1","6a862791b42521f75846603a","2026-08-19 18:09"
"Conquistadorito","603801f090c95200017d047e","Xick","6227d06fc4123c000192c138","6a862895b42521f75846652c","2026-08-19 18:09"
"Ando","6217de15a0f6300001186164","khizar","62eff3f3af6915a2625c294c","6a8627a1b97b40e5013e8a92","2026-08-19 18:09"
"Norbert","61b40084a8414400018d958a","victr","660d89e0e8754a8737cdf7b8","6a8627901314c768abd07f6e","2026-08-19 18:10"
"nemessis","6a68f0776670f9815653f016","Geo-Locator.","640025a00465ae1f9fb14cc8","6a8629171314c768abd08488","2026-08-19 18:10"
"Assonans","5fec56ce3362e4000147ea46","Limatas","6524cac4da010dc590231cb3","6a8629519178618bce7f3ea8","2026-08-19 18:10"
"tarcsa","60035ba331b2eb0001268660","Shakazaramesh","5ef2945bbb96627c9ce5f63f","6a862722fd2504e2797a1169","2026-08-19 18:11"
"[TNT] Myron","62d32ffc3377959be9ae670b","Gaizkaiser","61e67e2b8a1e1100013538d3","6a8627e2b42521f758466159","2026-08-19 18:11"
"Conquistadorito","603801f090c95200017d047e","Cassius Chaerea","692afa4a3b2a1d12384d418b","6a8628beb42521f7584665fc","2026-08-19 18:11"
"WanderLast","6272ef54de5cd5f448da91a5","Gheathcliff","6175a9f4866e950001753401","6a862906b42521f758466791","2026-08-19 18:11"
"Conquistadorito","603801f090c95200017d047e","Bellaxo","5c7d0e74f8f7fb7218489b2e","6a862977b97b40e5013e905c","2026-08-19 18:12"
"NorthKoreaEnjoyer","6a5776b9557fa0b8070897d7","BlackShark","61f04538cc54700001a27678","6a86280fb42521f758466239","2026-08-19 18:12"
"Pasord","6669c659ca16186b5a3dbc35","PLK","62179a5c8e88d400010d91ea","6a86295afd2504e2797a18a2","2026-08-19 18:13"
"Pirik","669e6134d95d857a27cbc0cd","seven³","67cb3e4e3d2dc435a0a325e7","6a862966b42521f75846692f","2026-08-19 18:13"
"Don't Give Up","5ffb60de75d2770001545e96","Kucerkaaa✨","66422b048e6606a3bc59724f","6a8629579b739dad0fd1b185","2026-08-19 18:13"
"Xick","6227d06fc4123c000192c138","Conquistadorito","603801f090c95200017d047e","6a862a39b97b40e5013e9242","2026-08-19 18:14"
"twitch.tv/yapchell","67f66e1eab7fc9feab89429b","Gaizkaiser","61e67e2b8a1e1100013538d3","6a8629f49178618bce7f4067","2026-08-19 18:15"
"Xick","6227d06fc4123c000192c138","Conquistadorito","603801f090c95200017d047e","6a862a39b97b40e5013e9242","2026-08-19 18:15"
"WanderLast","6272ef54de5cd5f448da91a5","Benmrosenblatt","5df011abe2c0058c74c9ff81","6a8629effd2504e2797a1a39","2026-08-19 18:16"
"Don't Give Up","5ffb60de75d2770001545e96","Pegi","61d641c61f131400016c9b9c","6a862a7b9178618bce7f41eb","2026-08-19 18:17"
"mii3en","66159d055967919df66cf9c0","Xick","6227d06fc4123c000192c138","6a862a94b97b40e5013e9359","2026-08-19 18:18"
"val1d","63875de4e55ec4234b26d1fb","Ravi Chintalacharuvu","62ccb7f2973590185c12675b","6a862b1eb97b40e5013e949a","2026-08-19 18:19"
"Jacky Wong","63be7833696b395b1a06db85","Bellaxo","5c7d0e74f8f7fb7218489b2e","6a862a28b42521f758466c68","2026-08-19 18:19"
"Ribeirete","6058ed09d0aad50001959dd0","Conquistadorito","603801f090c95200017d047e","6a862ae0f00b024238b663e9","2026-08-19 18:19"
"Emmepemme","5bf9b0c343196557d45fc4b6","Fructidor","5e3712631e34a03504349945","6a862730b97b40e5013e898a","2026-08-19 18:19"
"Pasord","6669c659ca16186b5a3dbc35","PLK","62179a5c8e88d400010d91ea","6a862a93b42521f758466e3b","2026-08-19 18:20"
"Pirik","669e6134d95d857a27cbc0cd","NorthKoreaEnjoyer","6a5776b9557fa0b8070897d7","6a862a6f9178618bce7f41b8","2026-08-19 18:20"
"WanderLast","6272ef54de5cd5f448da91a5","Zrinyii","6057cabdcb399a00013464df","6a862b21fd2504e2797a1d7a","2026-08-19 18:20"
"Ando","6217de15a0f6300001186164","happydranker","69ef3d87fe7d2a6001e635a8","6a862b301314c768abd08a65","2026-08-19 18:20"
"Gaizkaiser","61e67e2b8a1e1100013538d3","twitch.tv/yapchell","67f66e1eab7fc9feab89429b","6a862aeab42521f758466fa3","2026-08-19 18:21"
"Kucerkaaa✨","66422b048e6606a3bc59724f","Velogeo","607b4fd0132f8300012354f4","6a862aa49178618bce7f423e","2026-08-19 18:21"
"Don't Give Up","5ffb60de75d2770001545e96","BlackShark","61f04538cc54700001a27678","6a862b5afd2504e2797a1e67","2026-08-19 18:22"
"WanderLast","6272ef54de5cd5f448da91a5","Zrinyii","6057cabdcb399a00013464df","6a862c07fd2504e2797a2079","2026-08-19 18:22"
"Xick","6227d06fc4123c000192c138","val1d","63875de4e55ec4234b26d1fb","6a862bb51314c768abd08c17","2026-08-19 18:22"
"david attenborough","6202fc2fed74670001f9a180","F12RXY7U9I","6919845c3a6623b10b2fa710","6a862c57b42521f7584675b8","2026-08-19 18:23"
"YRP","65361a91884b107b4fd0cef8","Tylko Olimpia","5aa9bfec18399e27582f8b7a","6a86292eb42521f758466842","2026-08-19 18:24"
"twitch.tv/yapchell","67f66e1eab7fc9feab89429b","Gaizkaiser","61e67e2b8a1e1100013538d3","6a862c3d9178618bce7f46ae","2026-08-19 18:24"
"tarcsa","60035ba331b2eb0001268660","Shakazaramesh","5ef2945bbb96627c9ce5f63f","6a862a6b1314c768abd08840","2026-08-19 18:24"
"WanderLast","6272ef54de5cd5f448da91a5","Zrinyii","6057cabdcb399a00013464df","6a862c64b42521f7584675ed","2026-08-19 18:24"
"Cassius Chaerea","692afa4a3b2a1d12384d418b","Conquistadorito","603801f090c95200017d047e","6a862bd7b97b40e5013e968d","2026-08-19 18:24"
"Don't Give Up","5ffb60de75d2770001545e96","BlackShark","61f04538cc54700001a27678","6a862ca71314c768abd08e19","2026-08-19 18:25"
"Conquistadorito","603801f090c95200017d047e","PLK","62179a5c8e88d400010d91ea","6a862be7b42521f7584673d4","2026-08-19 18:25"
"Pegi","61d641c61f131400016c9b9c","Żukasz","602cfd5dc397fa0001f09dfb","6a862c10b97b40e5013e9723","2026-08-19 18:25"
"Xick","6227d06fc4123c000192c138","LQ64","6632408481038f9a6b05dbf4","6a862c89b42521f75846765f","2026-08-19 18:25"
"eglemania","603a7b0367954300019fb4e2","Fructidor","5e3712631e34a03504349945","6a862c0f1314c768abd08ce2","2026-08-19 18:25"
"Ando","6217de15a0f6300001186164","im recording my gameplay","6a437d2254319c3206c01eb9","6a862befb42521f7584673ea","2026-08-19 18:26"
"Bambi","6076dedd46e7e8000156494c","Conquistadorito","603801f090c95200017d047e","6a862c37fd2504e2797a20cc","2026-08-19 18:27"
"Jacky Wong","63be7833696b395b1a06db85","Bellaxo","5c7d0e74f8f7fb7218489b2e","6a862bdab42521f758467394","2026-08-19 18:27"
"seven³","67cb3e4e3d2dc435a0a325e7","Fabi","5807295cfbd28f9a6845a86f","6a862cb0b97b40e5013e9904","2026-08-19 18:27"
"victr","660d89e0e8754a8737cdf7b8","Norbert","61b40084a8414400018d958a","6a8629a71314c768abd08656","2026-08-19 18:28"
"PLK","62179a5c8e88d400010d91ea","Tylko Olimpia","5aa9bfec18399e27582f8b7a","6a862d3cb42521f7584679f0","2026-08-19 18:28"
"Assonans","5fec56ce3362e4000147ea46","Limatas","6524cac4da010dc590231cb3","6a862d69b42521f758467ab9","2026-08-19 18:28"
"WanderLast","6272ef54de5cd5f448da91a5","jacob","56cddabeab5b7456d8b7304c","6a862ce8b42521f758467842","2026-08-19 18:28"
"Shakazaramesh","5ef2945bbb96627c9ce5f63f","fat cat gif","632e04c44a19e972f04cd1d3","6a862ce1fd2504e2797a2266","2026-08-19 18:29"
"Bambi","6076dedd46e7e8000156494c","Xick","6227d06fc4123c000192c138","6a862dccfd2504e2797a2543","2026-08-19 18:29"
"Bellaxo","5c7d0e74f8f7fb7218489b2e","Conquistadorito","603801f090c95200017d047e","6a862db3b42521f758467c3a","2026-08-19 18:29"
"tarcsa","60035ba331b2eb0001268660","wang","64df30f334185dd27cf839a7","6a862d68b97b40e5013e9b5d","2026-08-19 18:30"
"Fructidor","5e3712631e34a03504349945","eglemania","603a7b0367954300019fb4e2","6a862d2fb42521f7584679ca","2026-08-19 18:31"
"Ando","6217de15a0f6300001186164","BlackShark","61f04538cc54700001a27678","6a862d4bb42521f758467a33","2026-08-19 18:31"
"val1d","63875de4e55ec4234b26d1fb","Conquistadorito","603801f090c95200017d047e","6a862ce0b42521f758467803","2026-08-19 18:32"
"WanderLast","6272ef54de5cd5f448da91a5","zoedipus","6281637072725629d801bff5","6a862dd2fd2504e2797a2555","2026-08-19 18:32"
"twitch.tv/yapchell","67f66e1eab7fc9feab89429b","wang","64df30f334185dd27cf839a7","6a862e38b42521f758467e56","2026-08-19 18:33"
"NorthKoreaEnjoyer","6a5776b9557fa0b8070897d7","Pirik","669e6134d95d857a27cbc0cd","6a862cb81314c768abd08e30","2026-08-19 18:33"
"WanderLast","6272ef54de5cd5f448da91a5","zoedipus","6281637072725629d801bff5","6a862ed4fd2504e2797a27d2","2026-08-19 18:34"
"Pegi","61d641c61f131400016c9b9c","Tottenhamwisps","60ad03a48b6e1d00012f8e7e","6a862ec0fd2504e2797a27a6","2026-08-19 18:35"
"Xick","6227d06fc4123c000192c138","Ando","6217de15a0f6300001186164","6a862e89b42521f758467f68","2026-08-19 18:35"
"seven³","67cb3e4e3d2dc435a0a325e7","Fabi","5807295cfbd28f9a6845a86f","6a862dacb42521f758467c20","2026-08-19 18:35"
"Norbert","61b40084a8414400018d958a","BarryTheBee","62be7867aa13616722f8dd4a","6a862ef90d11dc10f60f5534","2026-08-19 18:36"
"Gaizkaiser","61e67e2b8a1e1100013538d3","twitch.tv/yapchell","67f66e1eab7fc9feab89429b","6a862f1efd2504e2797a2859","2026-08-19 18:36"
"wichura240","68767692157557d5c76a0ab6","Dissonans","60e09234213b0600019d912e","6a862eabfd2504e2797a275b","2026-08-19 18:36"
"Conquistadorito","603801f090c95200017d047e","mii3en","66159d055967919df66cf9c0","6a862f59b42521f758468253","2026-08-19 18:37"
"WanderLast","6272ef54de5cd5f448da91a5","Tacosaregooder","60b0230b60d1f000019f9a6b","6a862f63fd2504e2797a28da","2026-08-19 18:38"
"YRP","65361a91884b107b4fd0cef8","fat cat gif","632e04c44a19e972f04cd1d3","6a862e1dfd2504e2797a2612","2026-08-19 18:39"
"tarcsa","60035ba331b2eb0001268660","Shakazaramesh","5ef2945bbb96627c9ce5f63f","6a862e3bb42521f758467e69","2026-08-19 18:39"
"Gaizkaiser","61e67e2b8a1e1100013538d3","Norbert","61b40084a8414400018d958a","6a862fcd4175d0a421c9c66b","2026-08-19 18:39"
"Pirik","669e6134d95d857a27cbc0cd","Tomek5_5","606e09423667bc0001ad663d","6a862f48fd2504e2797a289d","2026-08-19 18:39"
"val1d","63875de4e55ec4234b26d1fb","Flubbersticks","69387a54dc6fdd9da05c91cd","6a862faeb42521f758468376","2026-08-19 18:40"
"Bellaxo","5c7d0e74f8f7fb7218489b2e","Rapanui","56b34d54f0f54423887879e3","6a862ffab42521f75846846e","2026-08-19 18:40"
"LQ64","6632408481038f9a6b05dbf4","Xick","6227d06fc4123c000192c138","6a862f6cb42521f75846827c","2026-08-19 18:40"
"fat cat gif","632e04c44a19e972f04cd1d3","Shakazaramesh","5ef2945bbb96627c9ce5f63f","6a86308cb42521f758468656","2026-08-19 18:41"
"nemessis","6a68f0776670f9815653f016","mcj3ss","5942af4c99c5595304300bc8","6a862fe9b42521f758468432","2026-08-19 18:41"
"Tylko Olimpia","5aa9bfec18399e27582f8b7a","PLK","62179a5c8e88d400010d91ea","6a862df6b42521f758467d45","2026-08-19 18:41"
"Tottenhamwisps","60ad03a48b6e1d00012f8e7e","im recording my gameplay","6a437d2254319c3206c01eb9","6a862fe1b42521f758468410","2026-08-19 18:41"
"Dissonans","60e09234213b0600019d912e","mii3en","66159d055967919df66cf9c0","6a862fdd1314c768abd09655","2026-08-19 18:41"
"WanderLast","6272ef54de5cd5f448da91a5","laszloman","606c6ec53b371c0001c671f2","6a863031b42521f75846852e","2026-08-19 18:41"
"Tomek5_5","606e09423667bc0001ad663d","Pirik","669e6134d95d857a27cbc0cd","6a863066b42521f7584685e9","2026-08-19 18:42"
"Bellaxo","5c7d0e74f8f7fb7218489b2e","val1d","63875de4e55ec4234b26d1fb","6a8630aeb42521f7584686c7","2026-08-19 18:42"
"spherical_cow","62b34fca140a13acdc6567df","Kant 1804","5f94a12c64681500012a107a","6a862936b42521f758466869","2026-08-19 18:42"
"wang","64df30f334185dd27cf839a7","weucygkyhj","6a1b839fa537527ec94639b9","6a862f711314c768abd09564","2026-08-19 18:43"
"victr","660d89e0e8754a8737cdf7b8","Haus","678bc95a847b56d5e0276463","6a862e31b97b40e5013e9d45","2026-08-19 18:43"
"Pegi","61d641c61f131400016c9b9c","seven³","67cb3e4e3d2dc435a0a325e7","6a862fafb42521f758468378","2026-08-19 18:43"
"burritoenjoye69","6495a50b2872ef45875a5eb2","Dezperz","5ed869f45422eaa2e8e5242c","6a8630c5fd2504e2797a2c02","2026-08-19 18:43"
"Gaizkaiser","61e67e2b8a1e1100013538d3","twitch.tv/yapchell","67f66e1eab7fc9feab89429b","6a863083b42521f75846863f","2026-08-19 18:44"
"mii3en","66159d055967919df66cf9c0","GeoBunny","64b2f9895059c43d9160f5af","6a8630dfb42521f758468785","2026-08-19 18:44"
"Vell","5eea5f1162df1243a0cdd8e4","SigmaLigma","641e0c54c1155de1803057b1","6a863040b42521f758468550","2026-08-19 18:44"
"Dissonans","60e09234213b0600019d912e","捲菸的菸草不來自後山","6372795ba9204b943dd562cf","6a8631549178618bce7f52f0","2026-08-19 18:45"
"PLK","62179a5c8e88d400010d91ea","val1d","63875de4e55ec4234b26d1fb","6a863123b42521f758468859","2026-08-19 18:46"
"Tomek5_5","606e09423667bc0001ad663d","Bellaxo","5c7d0e74f8f7fb7218489b2e","6a86311fb42521f75846884a","2026-08-19 18:46"
"NorthKoreaEnjoyer","6a5776b9557fa0b8070897d7","Ando","6217de15a0f6300001186164","6a862f6cb42521f758468280","2026-08-19 18:46"
"Shakazaramesh","5ef2945bbb96627c9ce5f63f","Tylko Olimpia","5aa9bfec18399e27582f8b7a","6a863104fd2504e2797a2c8f","2026-08-19 18:47"
"im recording my gameplay","6a437d2254319c3206c01eb9","Pirik","669e6134d95d857a27cbc0cd","6a863112b42521f758468818","2026-08-19 18:47"
"BlackShark","61f04538cc54700001a27678","Saradão","66245f82ee56b7dcb4cfcca3","6a863071b42521f75846860e","2026-08-19 18:47"
"Geooo","5ffb5e4975d2770001545cf5","twitch.tv/yapchell","67f66e1eab7fc9feab89429b","6a8631c0b42521f758468a4c","2026-08-19 18:48"
"YRP","65361a91884b107b4fd0cef8","fat cat gif","632e04c44a19e972f04cd1d3","6a8630cdb42521f758468755","2026-08-19 18:48"
"PLK","62179a5c8e88d400010d91ea","a-you","5e93a3443d4b6a5af4f11b0b","6a863211b42521f758468b9e","2026-08-19 18:48"
"weucygkyhj","6a1b839fa537527ec94639b9","Pegi","61d641c61f131400016c9b9c","6a86317bb42521f758468971","2026-08-19 18:48"
"Tatert0t","68713ba58c49b2f1bf373e05","mii3en","66159d055967919df66cf9c0","6a8631bfb42521f758468a47","2026-08-19 18:48"
"WanderLast","6272ef54de5cd5f448da91a5","phralue","6422ebfd8825296bccd37346","6a8631c0b97b40e5013ea43b","2026-08-19 18:48"
"burritoenjoye69","6495a50b2872ef45875a5eb2","Dezperz","5ed869f45422eaa2e8e5242c","6a86317b1314c768abd0999c","2026-08-19 18:48"
"SigmaLigma","641e0c54c1155de1803057b1","seven³","67cb3e4e3d2dc435a0a325e7","6a863193b42521f7584689c1","2026-08-19 18:48"
"Cameera","60a2da66d11c7f0001ebc4d3","Nitorip","60b4e24e49269d00013fa878","6a863124fd2504e2797a2cd1","2026-08-19 18:48"
"Bellaxo","5c7d0e74f8f7fb7218489b2e","Ando","6217de15a0f6300001186164","6a863243b42521f758468c5d","2026-08-19 18:49"
"mii3en","66159d055967919df66cf9c0","Flubbersticks","69387a54dc6fdd9da05c91cd","6a8631f84175d0a421c9ca85","2026-08-19 18:49"
"Gaizkaiser","61e67e2b8a1e1100013538d3","mint","67bf13b90a45adc3b2e1c725","6a863189b42521f7584689a1","2026-08-19 18:50"
"Dissonans","60e09234213b0600019d912e","Vell","5eea5f1162df1243a0cdd8e4","6a8632781314c768abd09be6","2026-08-19 18:50"
"Pirik","669e6134d95d857a27cbc0cd","seven³","67cb3e4e3d2dc435a0a325e7","6a863295b42521f758468db8","2026-08-19 18:50"
"Assonans","5fec56ce3362e4000147ea46","Limatas","6524cac4da010dc590231cb3","6a863271fd2504e2797a2ff2","2026-08-19 18:50"
"Zetie","5e9215c1b3ec17480c01df1e","LQ64","6632408481038f9a6b05dbf4","6a8630c1b42521f75846871f","2026-08-19 18:50"
"PLK","62179a5c8e88d400010d91ea","a-you","5e93a3443d4b6a5af4f11b0b","6a863272fd2504e2797a2ff6","2026-08-19 18:51"
"mii3en","66159d055967919df66cf9c0","val1d","63875de4e55ec4234b26d1fb","6a8631fb9178618bce7f5444","2026-08-19 18:51"
"burritoenjoye69","6495a50b2872ef45875a5eb2","polon","6321985601560ee3b5808f0f","6a863276b42521f758468d21","2026-08-19 18:51"
"Geooo","5ffb5e4975d2770001545cf5","BarryTheBee","62be7867aa13616722f8dd4a","6a8632bbb42521f758468e6c","2026-08-19 18:53"
"Tatert0t","68713ba58c49b2f1bf373e05","weucygkyhj","6a1b839fa537527ec94639b9","6a86329a321b3548ea605c2a","2026-08-19 18:53"
"Tylko Olimpia","5aa9bfec18399e27582f8b7a","Tomek5_5","606e09423667bc0001ad663d","6a863264b42521f758468cd3","2026-08-19 18:54"
"Cameera","60a2da66d11c7f0001ebc4d3","Bellaxo","5c7d0e74f8f7fb7218489b2e","6a8632e8fd2504e2797a313d","2026-08-19 18:54"
"twitch.tv/yapchell","67f66e1eab7fc9feab89429b","mii3en","66159d055967919df66cf9c0","6a8633a0b42521f7584691ff","2026-08-19 18:55"
"mint","67bf13b90a45adc3b2e1c725","Pasord","6669c659ca16186b5a3dbc35","6a8633101314c768abd09db6","2026-08-19 18:56"
"SigmaLigma","641e0c54c1155de1803057b1","BlackShark","61f04538cc54700001a27678","6a863292b42521f758468db4","2026-08-19 18:56"
"eglemania","603a7b0367954300019fb4e2","Fructidor","5e3712631e34a03504349945","6a862ea09178618bce7f4d6b","2026-08-19 18:56"
"Ando","6217de15a0f6300001186164","Pegi","61d641c61f131400016c9b9c","6a8632c8b42521f758468ea8","2026-08-19 18:56"
"LQ64","6632408481038f9a6b05dbf4","seven³","67cb3e4e3d2dc435a0a325e7","6a86332bb42521f758469057","2026-08-19 18:56"
"PLK","62179a5c8e88d400010d91ea","a-you","5e93a3443d4b6a5af4f11b0b","6a86333ab42521f75846908c","2026-08-19 18:57"
"NorthKoreaEnjoyer","6a5776b9557fa0b8070897d7","Pirik","669e6134d95d857a27cbc0cd","6a863321b42521f758469032","2026-08-19 18:57"
"kouuli","61484b52add2db00018fe1ec","GeoBunny","64b2f9895059c43d9160f5af","6a863416b42521f758469397","2026-08-19 18:57"
"WanderLast","6272ef54de5cd5f448da91a5","George","6a608a02271fd232316a9feb","6a86332cb42521f75846905c","2026-08-19 18:57"
"YRP","65361a91884b107b4fd0cef8","fat cat gif","632e04c44a19e972f04cd1d3","6a8632e1fd2504e2797a3108","2026-08-19 18:58"
"Norbert","61b40084a8414400018d958a","victr","660d89e0e8754a8737cdf7b8","6a86314dfd2504e2797a2d29","2026-08-19 18:58"
"weucygkyhj","6a1b839fa537527ec94639b9","Tatert0t","68713ba58c49b2f1bf373e05","6a8633c6b97b40e5013ea905","2026-08-19 18:59"
"Tomek5_5","606e09423667bc0001ad663d","Pegi","61d641c61f131400016c9b9c","6a863468b42521f7584694ad","2026-08-19 18:59"
"Bellaxo","5c7d0e74f8f7fb7218489b2e","daes","603a39d190c95200017e30a2","6a8634021314c768abd09f8a","2026-08-19 18:59"
"Gaizkaiser","61e67e2b8a1e1100013538d3","tarcsa","60035ba331b2eb0001268660","6a8633ffb42521f75846932a","2026-08-19 19:00"
"Pirik","669e6134d95d857a27cbc0cd","BlackShark","61f04538cc54700001a27678","6a8634a5fd2504e2797a35fd","2026-08-19 19:01"
"mii3en","66159d055967919df66cf9c0","vdestin","69dceeb35a65a03675bcfd7b","6a863487b42521f758469520","2026-08-19 19:01"
"Pegi","61d641c61f131400016c9b9c","SigmaLigma","641e0c54c1155de1803057b1","6a863504b42521f7584696e0","2026-08-19 19:01"
"Haus","678bc95a847b56d5e0276463","rafa_31","5f2f13cef9d058000138adaf","6a8631ddb42521f758468ab2","2026-08-19 19:01"
"Geooo","5ffb5e4975d2770001545cf5","bodysfailing","69fd3dc20731483be6bd7038","6a86347bb42521f7584694f7","2026-08-19 19:02"
"Pasord","6669c659ca16186b5a3dbc35","PLK","62179a5c8e88d400010d91ea","6a8634a9b42521f75846959c","2026-08-19 19:02"
"Tatert0t","68713ba58c49b2f1bf373e05","Bellaxo","5c7d0e74f8f7fb7218489b2e","6a86350db42521f75846970d","2026-08-19 19:03"
"twitch.tv/yapchell","67f66e1eab7fc9feab89429b","Gaizkaiser","61e67e2b8a1e1100013538d3","6a86354c1314c768abd0a25e","2026-08-19 19:04"
"mii3en","66159d055967919df66cf9c0","NorthKoreaEnjoyer","6a5776b9557fa0b8070897d7","6a86359fb42521f75846994a","2026-08-19 19:04"
"daes","603a39d190c95200017e30a2","Gamer X","674cddb0dc12d4102c72e97a","6a86352db42521f75846977a","2026-08-19 19:04"
"SigmaLigma","641e0c54c1155de1803057b1","Pegi","61d641c61f131400016c9b9c","6a863598b42521f758469937","2026-08-19 19:04"
"weucygkyhj","6a1b839fa537527ec94639b9","Tomek5_5","606e09423667bc0001ad663d","6a86351bfd2504e2797a3733","2026-08-19 19:05"
"Gaizkaiser","61e67e2b8a1e1100013538d3","bodysfailing","69fd3dc20731483be6bd7038","6a86366bb42521f758469d29","2026-08-19 19:06"
"WanderLast","6272ef54de5cd5f448da91a5","geraltofseattle","62db2dc4f057d67051847857","6a86350bb42521f758469707","2026-08-19 19:06"
"Tylko Olimpia","5aa9bfec18399e27582f8b7a","Pirik","669e6134d95d857a27cbc0cd","6a8635adfd2504e2797a38ab","2026-08-19 19:07"
"捲菸的菸草不來自後山","6372795ba9204b943dd562cf","Tatert0t","68713ba58c49b2f1bf373e05","6a863606fd2504e2797a39ee","2026-08-19 19:07"
"PLK","62179a5c8e88d400010d91ea","wichura240","68767692157557d5c76a0ab6","6a8636edfd2504e2797a3cf4","2026-08-19 19:09"
"NorthKoreaEnjoyer","6a5776b9557fa0b8070897d7","SigmaLigma","641e0c54c1155de1803057b1","6a863647b42521f758469cba","2026-08-19 19:09"
"weucygkyhj","6a1b839fa537527ec94639b9","Tomek5_5","606e09423667bc0001ad663d","6a86369ab42521f758469dc0","2026-08-19 19:10"
"Fructidor","5e3712631e34a03504349945","eglemania","603a7b0367954300019fb4e2","6a86348fb42521f75846953e","2026-08-19 19:10"
"Jeremi","6007886fcafc2e00011be9cd","Pirik","669e6134d95d857a27cbc0cd","6a863721b42521f75846a020","2026-08-19 19:10"
"Pasord","6669c659ca16186b5a3dbc35","fat cat gif","632e04c44a19e972f04cd1d3","6a863681b42521f758469d74","2026-08-19 19:11"
"Vell","5eea5f1162df1243a0cdd8e4","Kiran","5fa6fdd8b45c67000133f43d","6a863582b42521f7584698e6","2026-08-19 19:11"
"Gaizkaiser","61e67e2b8a1e1100013538d3","PLK","62179a5c8e88d400010d91ea","6a86379eb42521f75846a278","2026-08-19 19:12"
"tarcsa","60035ba331b2eb0001268660","Salem","63af4615494c2bc27e4a2f31","6a86356ab42521f758469879","2026-08-19 19:12"
"Gamer X","674cddb0dc12d4102c72e97a","Kageyu","68ca96634b59728d6b0f739a","6a8636abb42521f758469df3","2026-08-19 19:12"
"WanderLast","6272ef54de5cd5f448da91a5","Smith Patton","5e7bbb72cd30755b70de8b54","6a8636e4fd2504e2797a3ccd","2026-08-19 19:12"
"victr","660d89e0e8754a8737cdf7b8","Norbert","61b40084a8414400018d958a","6a863548b42521f7584697da","2026-08-19 19:13"
"WanderLast","6272ef54de5cd5f448da91a5","tunky","60a52e2ad11c7f0001ec940c","6a8638271314c768abd0abd0","2026-08-19 19:14"
"PLK","62179a5c8e88d400010d91ea","wichura240","68767692157557d5c76a0ab6","6a86384cb42521f75846a551","2026-08-19 19:15"
"tarcsa","60035ba331b2eb0001268660","Salem","63af4615494c2bc27e4a2f31","6a863840b42521f75846a4f7","2026-08-19 19:16"
"Ribeirete","6058ed09d0aad50001959dd0","Clemens ☭🚬","672ccfbbce4fd1d4b6b8bf90","6a86376bb97b40e5013eb37c","2026-08-19 19:16"
"Pasord","6669c659ca16186b5a3dbc35","fat cat gif","632e04c44a19e972f04cd1d3","6a8637d4b97b40e5013eb47c","2026-08-19 19:17"
"NorthKoreaEnjoyer","6a5776b9557fa0b8070897d7","Pirik","669e6134d95d857a27cbc0cd","6a8637d7b42521f75846a350","2026-08-19 19:17"
"Tomek5_5","606e09423667bc0001ad663d","weucygkyhj","6a1b839fa537527ec94639b9","6a8637d1fd2504e2797a3feb","2026-08-19 19:18"
"Kageyu","68ca96634b59728d6b0f739a","Unc","6876a81aaf5ea16088df663a","6a863850b42521f75846a563","2026-08-19 19:19"
"Salem","63af4615494c2bc27e4a2f31","Shakazaramesh","5ef2945bbb96627c9ce5f63f","6a863917fd2504e2797a44d2","2026-08-19 19:20"
"PLK","62179a5c8e88d400010d91ea","keyo","63b0355078556747fa516558","6a8639391314c768abd0b01d","2026-08-19 19:20"
"Baga #banalts","6106adfe5078c20001560397","wichura240","68767692157557d5c76a0ab6","6a863933b42521f75846ab0f","2026-08-19 19:20"
"Assonans","5fec56ce3362e4000147ea46","𝒁𝒖𝒌𝒆","66957f165a77b25ff4d1c76b","6a8639b4b97b40e5013ebd36","2026-08-19 19:20"
"Gaizkaiser","61e67e2b8a1e1100013538d3","YRP","65361a91884b107b4fd0cef8","6a86380e1314c768abd0ab83","2026-08-19 19:21"
"Pasord","6669c659ca16186b5a3dbc35","NorthKoreaEnjoyer","6a5776b9557fa0b8070897d7","6a863944fd2504e2797a4543","2026-08-19 19:21"
"Lodi","5788e5e5c2a0fb1304dba46c","[FatSnail] SavetheSnail","591790fc1bba70b6146c6485","6a863a0a1314c768abd0b37d","2026-08-19 19:22"
"weucygkyhj","6a1b839fa537527ec94639b9","Tomek5_5","606e09423667bc0001ad663d","6a86399cb42521f75846ad21","2026-08-19 19:23"
"Fructidor","5e3712631e34a03504349945","eglemania","603a7b0367954300019fb4e2","6a8637b9fd2504e2797a3fa3","2026-08-19 19:23"
"WanderLast","6272ef54de5cd5f448da91a5","Rg43","6286ca07aa0f7b8cc0b12c0b","6a8638ba321b3548ea606b95","2026-08-19 19:23"
"KLII","66b80145236f1a4e4d55036f","Clemens ☭🚬","672ccfbbce4fd1d4b6b8bf90","6a86395fb97b40e5013ebaca","2026-08-19 19:23"
"tarcsa","60035ba331b2eb0001268660","fat cat gif","632e04c44a19e972f04cd1d3","6a863958b97b40e5013ebac0","2026-08-19 19:24"
"Norbert","61b40084a8414400018d958a","victr","660d89e0e8754a8737cdf7b8","6a8638b0b42521f75846a8c2","2026-08-19 19:24"
"Baga #banalts","6106adfe5078c20001560397","wichura240","68767692157557d5c76a0ab6","6a863a11b42521f75846afe5","2026-08-19 19:24"
"PLK","62179a5c8e88d400010d91ea","NorthKoreaEnjoyer","6a5776b9557fa0b8070897d7","6a863a46b42521f75846b0c3","2026-08-19 19:25"
"Ando","6217de15a0f6300001186164","Kageyu","68ca96634b59728d6b0f739a","6a8639bf1314c768abd0b235","2026-08-19 19:25"
"Tomek5_5","606e09423667bc0001ad663d","Lodi","5788e5e5c2a0fb1304dba46c","6a863ac61314c768abd0b5e4","2026-08-19 19:27"
"keyo","63b0355078556747fa516558","wang","64df30f334185dd27cf839a7","6a863a78b97b40e5013ebf5b","2026-08-19 19:28"
"Tottenhamwisps","60ad03a48b6e1d00012f8e7e","weucygkyhj","6a1b839fa537527ec94639b9","6a863ac4b42521f75846b415","2026-08-19 19:28"
"wichura240","68767692157557d5c76a0ab6","gruen132","6314923f8421b8c354ec0527","6a863b87b42521f75846b862","2026-08-19 19:28"
"keyo","63b0355078556747fa516558","wang","64df30f334185dd27cf839a7","6a863a78b97b40e5013ebf5b","2026-08-19 19:29"
"Shakazaramesh","5ef2945bbb96627c9ce5f63f","Salem","63af4615494c2bc27e4a2f31","6a863a20321b3548ea607114","2026-08-19 19:29"
"Clemens ☭🚬","672ccfbbce4fd1d4b6b8bf90","Pna","6063bbbdf93f57000113fed0","6a863aef1314c768abd0b682","2026-08-19 19:29"
"PLK","62179a5c8e88d400010d91ea","Tomek5_5","606e09423667bc0001ad663d","6a863bb0b42521f75846b934","2026-08-19 19:30"
"YRP","65361a91884b107b4fd0cef8","Gaizkaiser","61e67e2b8a1e1100013538d3","6a863a70b42521f75846b17c","2026-08-19 19:31"
"Norbert","61b40084a8414400018d958a","victr","660d89e0e8754a8737cdf7b8","6a863b04b42521f75846b565","2026-08-19 19:31"
"BarryTheBee","62be7867aa13616722f8dd4a","tarcsa","60035ba331b2eb0001268660","6a863b831314c768abd0b872","2026-08-19 19:32"
"fat cat gif","632e04c44a19e972f04cd1d3","Kageyu","68ca96634b59728d6b0f739a","6a863b5a1314c768abd0b7e8","2026-08-19 19:32"
"Ando","6217de15a0f6300001186164","NorthKoreaEnjoyer","6a5776b9557fa0b8070897d7","6a863b99b42521f75846b8cf","2026-08-19 19:32"
"wichura240","68767692157557d5c76a0ab6","gruen132","6314923f8421b8c354ec0527","6a863c25b42521f75846bb74","2026-08-19 19:32"
"[FatSnail] SavetheSnail","591790fc1bba70b6146c6485","Lodi","5788e5e5c2a0fb1304dba46c","6a863be6b42521f75846b9fd","2026-08-19 19:33"
"KLII","66b80145236f1a4e4d55036f","daes","603a39d190c95200017e30a2","6a863bcf374bd3156945d879","2026-08-19 19:34"
"Clemens ☭🚬","672ccfbbce4fd1d4b6b8bf90","Ribeirete","6058ed09d0aad50001959dd0","6a863ca6b42521f75846bd89","2026-08-19 19:36"
"PLK","62179a5c8e88d400010d91ea","wang","64df30f334185dd27cf839a7","6a863c7fb42521f75846bcff","2026-08-19 19:37"
"WanderLast","6272ef54de5cd5f448da91a5","Messalina","5ec5a2c91cb72533e0113de5","6a863d5cb42521f75846c0d7","2026-08-19 19:37"
"wichura240","68767692157557d5c76a0ab6","NorthKoreaEnjoyer","6a5776b9557fa0b8070897d7","6a863cd0b97b40e5013ec87e","2026-08-19 19:37"
"[FatSnail] SavetheSnail","591790fc1bba70b6146c6485","Lodi","5788e5e5c2a0fb1304dba46c","6a863d14b42521f75846bf7c","2026-08-19 19:37"
"Tylko Olimpia","5aa9bfec18399e27582f8b7a","Salem","63af4615494c2bc27e4a2f31","6a863c5cb42521f75846bc5f","2026-08-19 19:40"
"Assonans","5fec56ce3362e4000147ea46","1Kenma","67f1e53d840a2b6316eb1c59","6a863c87b42521f75846bd16","2026-08-19 19:40"
"SigmaLigma","641e0c54c1155de1803057b1","Lio123","57a3e64ac2a0fb301ce2e927","6a863de6b42521f75846c342","2026-08-19 19:40"
"NorthKoreaEnjoyer","6a5776b9557fa0b8070897d7","Ribeirete","6058ed09d0aad50001959dd0","6a863df4321b3548ea607ce6","2026-08-19 19:41"
"Clemens ☭🚬","672ccfbbce4fd1d4b6b8bf90","OakTree","617eb25d4e0e40000158968f","6a863de5b97b40e5013ecbec","2026-08-19 19:41"
"[FatSnail] SavetheSnail","591790fc1bba70b6146c6485","Lodi","5788e5e5c2a0fb1304dba46c","6a863e0db42521f75846c3c4","2026-08-19 19:41"
"Assonans","5fec56ce3362e4000147ea46","Tomek5_5","606e09423667bc0001ad663d","6a863ea91314c768abd0c17c","2026-08-19 19:41"
"daes","603a39d190c95200017e30a2","nayeon pop pop","609482b01b4a92000150edbd","6a863e56b42521f75846c4e3","2026-08-19 19:41"
"WanderLast","6272ef54de5cd5f448da91a5","Messalina","5ec5a2c91cb72533e0113de5","6a863e22b42521f75846c411","2026-08-19 19:42"
"Kageyu","68ca96634b59728d6b0f739a","Ando","6217de15a0f6300001186164","6a863cffb42521f75846bf1b","2026-08-19 19:42"
"BarryTheBee","62be7867aa13616722f8dd4a","tarcsa","60035ba331b2eb0001268660","6a863d21321b3548ea607b3a","2026-08-19 19:43"
"wang","64df30f334185dd27cf839a7","PLK","62179a5c8e88d400010d91ea","6a863e2ab42521f75846c432","2026-08-19 19:43"
"Assonans","5fec56ce3362e4000147ea46","nayeon pop pop","609482b01b4a92000150edbd","6a863efcb42521f75846c768","2026-08-19 19:43"
"Ando","6217de15a0f6300001186164","orbit","614f3131d8a93e000164741a","6a863f16b42521f75846c7cb","2026-08-19 19:43"
"SigmaLigma","641e0c54c1155de1803057b1","daes","603a39d190c95200017e30a2","6a863eefb97b40e5013ece41","2026-08-19 19:43"
"[FatSnail] SavetheSnail","591790fc1bba70b6146c6485","NorthKoreaEnjoyer","6a5776b9557fa0b8070897d7","6a863f04321b3548ea607ee5","2026-08-19 19:44"
"Assonans","5fec56ce3362e4000147ea46","Tomek5_5","606e09423667bc0001ad663d","6a863f72b42521f75846c95c","2026-08-19 19:44"
"eglemania","603a7b0367954300019fb4e2","Fructidor","5e3712631e34a03504349945","6a863adbb42521f75846b4b9","2026-08-19 19:44"
"victr","660d89e0e8754a8737cdf7b8","Norbert","61b40084a8414400018d958a","6a863ca9b42521f75846bd95","2026-08-19 19:45"
"Tomek5_5","606e09423667bc0001ad663d","Assonans","5fec56ce3362e4000147ea46","6a863fb7b42521f75846ca74","2026-08-19 19:45"
"KLII","66b80145236f1a4e4d55036f","NebekCito (YT)","674102f66d68a18b54a2931c","6a863d85321b3548ea607c05","2026-08-19 19:46"
"daes","603a39d190c95200017e30a2","1Kenma","67f1e53d840a2b6316eb1c59","6a863fb4b42521f75846ca6d","2026-08-19 19:46"
"Genghis Khan","604a67e702e32a000195a11e","PLK","62179a5c8e88d400010d91ea","6a863ff2b42521f75846cb90","2026-08-19 19:48"
"Tomek5_5","606e09423667bc0001ad663d","Assonans","5fec56ce3362e4000147ea46","6a86400ab42521f75846cbe8","2026-08-19 19:48"
"Norbert","61b40084a8414400018d958a","victr","660d89e0e8754a8737cdf7b8","6a863ff41314c768abd0c4b1","2026-08-19 19:49"
"[FatSnail] SavetheSnail","591790fc1bba70b6146c6485","NorthKoreaEnjoyer","6a5776b9557fa0b8070897d7","6a863fbdb42521f75846ca94","2026-08-19 19:49"
"OakTree","617eb25d4e0e40000158968f","Clemens ☭🚬","672ccfbbce4fd1d4b6b8bf90","6a863f08b42521f75846c78e","2026-08-19 19:50"
"Ando","6217de15a0f6300001186164","SigmaLigma","641e0c54c1155de1803057b1","6a863f8c374bd3156945e161","2026-08-19 19:50"
"NorthKoreaEnjoyer","6a5776b9557fa0b8070897d7","[FatSnail] SavetheSnail","591790fc1bba70b6146c6485","6a8640eeb42521f75846cecb","2026-08-19 19:51"
"Fructidor","5e3712631e34a03504349945","Saradão","66245f82ee56b7dcb4cfcca3","6a863fddb42521f75846cb2a","2026-08-19 19:51"
"tarcsa","60035ba331b2eb0001268660","YRP","65361a91884b107b4fd0cef8","6a863f7eb42521f75846c9a2","2026-08-19 19:52"
"Jeremi","6007886fcafc2e00011be9cd","PapaMacdus","6667d837d40195a479dc95b8","6a864125b42521f75846cfbf","2026-08-19 19:52"
"SigmaLigma","641e0c54c1155de1803057b1","Clemens ☭🚬","672ccfbbce4fd1d4b6b8bf90","6a864104b42521f75846cf29","2026-08-19 19:52"
"daes","603a39d190c95200017e30a2","Zetie","5e9215c1b3ec17480c01df1e","6a86401eb42521f75846cc24","2026-08-19 19:52"
"Tomek5_5","606e09423667bc0001ad663d","nayeon pop pop","609482b01b4a92000150edbd","6a86414a1314c768abd0c732","2026-08-19 19:53"
"Assonans","5fec56ce3362e4000147ea46","KLII","66b80145236f1a4e4d55036f","6a8640c8b42521f75846ce4d","2026-08-19 19:53"
"PLK","62179a5c8e88d400010d91ea","OakTree","617eb25d4e0e40000158968f","6a86412bb42521f75846cfd4","2026-08-19 19:55"
"vinnie","69af2d2e4921fb35244096f4","Don't Give Up","5ffb60de75d2770001545e96","6a864115b42521f75846cf75","2026-08-19 19:55"
"[FatSnail] SavetheSnail","591790fc1bba70b6146c6485","Fructidor","5e3712631e34a03504349945","6a8641451314c768abd0c72c","2026-08-19 19:55"
"Assonans","5fec56ce3362e4000147ea46","Dasi","60646de64f3a8e00016fae55","6a8641c5b42521f75846d255","2026-08-19 19:55"
"SigmaLigma","641e0c54c1155de1803057b1","Zetie","5e9215c1b3ec17480c01df1e","6a86419fb42521f75846d1cc","2026-08-19 19:55"
"BarryTheBee","62be7867aa13616722f8dd4a","[TNT] Kirania","5c14f357ff3dc98d883d182c","6a86406a321b3548ea608224","2026-08-19 19:58"
"YRP","65361a91884b107b4fd0cef8","Palmitas","69b33a815634cc416b9c7877","6a8641e5b42521f75846d337","2026-08-19 19:58"
"Assonans","5fec56ce3362e4000147ea46","[FatSnail] SavetheSnail","591790fc1bba70b6146c6485","6a86426db42521f75846d52f","2026-08-19 19:58"
"SigmaLigma","641e0c54c1155de1803057b1","Dasi","60646de64f3a8e00016fae55","6a864251b97b40e5013ed6b5","2026-08-19 19:58"
"KLII","66b80145236f1a4e4d55036f","NebekCito (YT)","674102f66d68a18b54a2931c","6a8641e0b42521f75846d2c2","2026-08-19 19:59"
"fat cat gif","632e04c44a19e972f04cd1d3","Palmitas","69b33a815634cc416b9c7877","6a864347b42521f75846d8c3","2026-08-19 20:01"
"OakTree","617eb25d4e0e40000158968f","PLK","62179a5c8e88d400010d91ea","6a864238b42521f75846d471","2026-08-19 20:01"
"Tomek5_5","606e09423667bc0001ad663d","nayeon pop pop","609482b01b4a92000150edbd","6a8643501314c768abd0cc38","2026-08-19 20:01"
"[FatSnail] SavetheSnail","591790fc1bba70b6146c6485","Lodi","5788e5e5c2a0fb1304dba46c","6a86435cb42521f75846d908","2026-08-19 20:01"
"seven³","67cb3e4e3d2dc435a0a325e7","Owen","68ffadfbf9290e6cbe65d749","6a864193b42521f75846d1a6","2026-08-19 20:01"
"val1d","63875de4e55ec4234b26d1fb","Dasi","60646de64f3a8e00016fae55","6a864312b42521f75846d7cd","2026-08-19 20:02"
"Gamer X","674cddb0dc12d4102c72e97a","Don't Give Up","5ffb60de75d2770001545e96","6a8642e6b42521f75846d73b","2026-08-19 20:03"
"Assonans","5fec56ce3362e4000147ea46","SigmaLigma","641e0c54c1155de1803057b1","6a864342b97b40e5013ed8f6","2026-08-19 20:03"
"NorthKoreaEnjoyer","6a5776b9557fa0b8070897d7","[FatSnail] SavetheSnail","591790fc1bba70b6146c6485","6a8643cfb42521f75846daf4","2026-08-19 20:03"
"Zetie","5e9215c1b3ec17480c01df1e","Owen","68ffadfbf9290e6cbe65d749","6a8643ceb42521f75846dae2","2026-08-19 20:03"
"PLK","62179a5c8e88d400010d91ea","OakTree","617eb25d4e0e40000158968f","6a86439bb97b40e5013ed9c8","2026-08-19 20:05"
"YRP","65361a91884b107b4fd0cef8","wang","64df30f334185dd27cf839a7","6a8643d5b42521f75846db15","2026-08-19 20:06"
"Clemens ☭🚬","672ccfbbce4fd1d4b6b8bf90","NorthKoreaEnjoyer","6a5776b9557fa0b8070897d7","6a86448ab42521f75846de0b","2026-08-19 20:07"
"[TNT] Kirania","5c14f357ff3dc98d883d182c","Palmitas","69b33a815634cc416b9c7877","6a86441db97b40e5013edb08","2026-08-19 20:09"
"OakTree","617eb25d4e0e40000158968f","PLK","62179a5c8e88d400010d91ea","6a86449bb42521f75846de40","2026-08-19 20:09"
"Don't Give Up","5ffb60de75d2770001545e96","silvia","5ab45e391e1f02697026c335","6a864476b97b40e5013edbc4","2026-08-19 20:09"
"val1d","63875de4e55ec4234b26d1fb","[FatSnail] SavetheSnail","591790fc1bba70b6146c6485","6a864437b42521f75846dca7","2026-08-19 20:09"
"wang","64df30f334185dd27cf839a7","vinnie","69af2d2e4921fb35244096f4","6a8644ceb42521f75846df20","2026-08-19 20:11"
"Zetie","5e9215c1b3ec17480c01df1e","SigmaLigma","641e0c54c1155de1803057b1","6a864435321b3548ea608add","2026-08-19 20:11"
"val1d","63875de4e55ec4234b26d1fb","PLK","62179a5c8e88d400010d91ea","6a8645d6b42521f75846e327","2026-08-19 20:13"
"Dasi","60646de64f3a8e00016fae55","Lodi","5788e5e5c2a0fb1304dba46c","6a8644f3b42521f75846dfd7","2026-08-19 20:13"
"NorthKoreaEnjoyer","6a5776b9557fa0b8070897d7","Dumb American","6439eb2cff2ea2c2416028fc","6a86461db42521f75846e427","2026-08-19 20:15"
"Palmitas","69b33a815634cc416b9c7877","OakTree","617eb25d4e0e40000158968f","6a864571b42521f75846e193","2026-08-19 20:17"
"PLK","62179a5c8e88d400010d91ea","val1d","63875de4e55ec4234b26d1fb","6a86469fb42521f75846e683","2026-08-19 20:17"
"Clemens ☭🚬","672ccfbbce4fd1d4b6b8bf90","Saradão","66245f82ee56b7dcb4cfcca3","6a8645fbb42521f75846e3b5","2026-08-19 20:17"
"Fenrys","60d8c06ddcd6370001961252","silvia","5ab45e391e1f02697026c335","6a8645dcb42521f75846e33c","2026-08-19 20:17"
"KLII","66b80145236f1a4e4d55036f","Don't Give Up","5ffb60de75d2770001545e96","6a864590b42521f75846e20e","2026-08-19 20:17"
"YRP","65361a91884b107b4fd0cef8","[TNT] Kirania","5c14f357ff3dc98d883d182c","6a8645a1b42521f75846e24c","2026-08-19 20:20"
"vinnie","69af2d2e4921fb35244096f4","SigmaLigma","641e0c54c1155de1803057b1","6a86463eb42521f75846e4d7","2026-08-19 20:21"
"val1d","63875de4e55ec4234b26d1fb","el gato de black sabbath","6461c7119a20b5f06ec52445","6a8647deb42521f75846eb9f","2026-08-19 20:21"
"Dasi","60646de64f3a8e00016fae55","Zetie","5e9215c1b3ec17480c01df1e","6a864695321b3548ea6090a9","2026-08-19 20:21"
"PapaMacdus","6667d837d40195a479dc95b8","OceanicPrairie","6529a1994e67c140977d571d","6a864687b42521f75846e613","2026-08-19 20:21"
"Palmitas","69b33a815634cc416b9c7877","Norbert","61b40084a8414400018d958a","6a864764b42521f75846e9bd","2026-08-19 20:22"
"no loose ends","6a5d3186441c5a5a92510e3e","Tomek5_5","606e09423667bc0001ad663d","6a864760b42521f75846e9a5","2026-08-19 20:22"
"Dumb American","6439eb2cff2ea2c2416028fc","JamMan","61eca6e2fa85ad00016fe180","6a86481eb42521f75846ecbd","2026-08-19 20:22"
"PLK","62179a5c8e88d400010d91ea","OakTree","617eb25d4e0e40000158968f","6a864780b42521f75846ea2f","2026-08-19 20:25"
"Fenrys","60d8c06ddcd6370001961252","Don't Give Up","5ffb60de75d2770001545e96","6a864786b42521f75846ea48","2026-08-19 20:25"
"vinnie","69af2d2e4921fb35244096f4","Palmitas","69b33a815634cc416b9c7877","6a86489ab42521f75846ee87","2026-08-19 20:26"
"super singh","6a591d57c05d5d35f4095c85","TropicalForest427","69a67351951cdda0e2e9a339","6a8648c1321b3548ea6095f0","2026-08-19 20:26"
"val1d","63875de4e55ec4234b26d1fb","Dumb American","6439eb2cff2ea2c2416028fc","6a864889b42521f75846ee49","2026-08-19 20:26"
"NorthKoreaEnjoyer","6a5776b9557fa0b8070897d7","danq_s","639c2a925d4cc27b2f7a898b","6a8648dbb42521f75846efbc","2026-08-19 20:26"
"Finn Siemon","66eb7b4a062332fb60915d65","Lodi","5788e5e5c2a0fb1304dba46c","6a8648c9b42521f75846ef6f","2026-08-19 20:27"
"Zetie","5e9215c1b3ec17480c01df1e","SigmaLigma","641e0c54c1155de1803057b1","6a864862b42521f75846edbb","2026-08-19 20:28"
"Palmitas","69b33a815634cc416b9c7877","Lágrima","5f32d46aca94e000015886be","6a8649beb42521f75846f32b","2026-08-19 20:29"
"Fenrys","60d8c06ddcd6370001961252","BlackShark","61f04538cc54700001a27678","6a86494fb42521f75846f195","2026-08-19 20:29"
"Don't Give Up","5ffb60de75d2770001545e96","Lirik","632e0c2488070b726d73e245","6a8649c3b42521f75846f336","2026-08-19 20:31"
"PapaMacdus","6667d837d40195a479dc95b8","Tomek5_5","606e09423667bc0001ad663d","6a8648d5b42521f75846ef9a","2026-08-19 20:31"
"NorthKoreaEnjoyer","6a5776b9557fa0b8070897d7","Dumb American","6439eb2cff2ea2c2416028fc","6a86497ab42521f75846f22c","2026-08-19 20:31"
"Palmitas","69b33a815634cc416b9c7877","48Meters on Apía - Tadó = 4999","5e730243cd30756270994780","6a864a5d321b3548ea60997e","2026-08-19 20:32"
"PLK","62179a5c8e88d400010d91ea","OakTree","617eb25d4e0e40000158968f","6a864948b42521f75846f173","2026-08-19 20:32"
"Finn Siemon","66eb7b4a062332fb60915d65","Lágrima","5f32d46aca94e000015886be","6a8649d9b42521f75846f37b","2026-08-19 20:32"
"SigmaLigma","641e0c54c1155de1803057b1","Pegi","61d641c61f131400016c9b9c","6a864a1bb97b40e5013ee917","2026-08-19 20:32"
"Fenrys","60d8c06ddcd6370001961252","BlackShark","61f04538cc54700001a27678","6a864a57321b3548ea60996d","2026-08-19 20:34"
"Palmitas","69b33a815634cc416b9c7877","Lubec","5e974c906ea510372c1e444a","6a864b20b42521f75846f868","2026-08-19 20:35"
"vinnie","69af2d2e4921fb35244096f4","Tottenhamwisps","60ad03a48b6e1d00012f8e7e","6a864b18b42521f75846f856","2026-08-19 20:35"
"48Meters on Apía - Tadó = 4999","5e730243cd30756270994780","Lágrima","5f32d46aca94e000015886be","6a864b09b42521f75846f81d","2026-08-19 20:35"
"flaky htf","60ae985660d1f000019f0ef1","val1d","63875de4e55ec4234b26d1fb","6a864a2eb97b40e5013ee946","2026-08-19 20:35"
"PapaMacdus","6667d837d40195a479dc95b8","Don't Give Up","5ffb60de75d2770001545e96","6a864accb42521f75846f747","2026-08-19 20:35"
"SigmaLigma","641e0c54c1155de1803057b1","Pegi","61d641c61f131400016c9b9c","6a864af4b42521f75846f7be","2026-08-19 20:35"
"PLK","62179a5c8e88d400010d91ea","OakTree","617eb25d4e0e40000158968f","6a864af8b42521f75846f7c7","2026-08-19 20:36"
"Ringo","6046c8a097019400018ea4cf","Fenrys","60d8c06ddcd6370001961252","6a864b53b42521f75846f96c","2026-08-19 20:37"
"Finn Siemon","66eb7b4a062332fb60915d65","Tomek5_5","606e09423667bc0001ad663d","6a864af0b42521f75846f7b2","2026-08-19 20:37"
"SigmaLigma","641e0c54c1155de1803057b1","Pegi","61d641c61f131400016c9b9c","6a864b98b42521f75846faa8","2026-08-19 20:38"
"Don't Give Up","5ffb60de75d2770001545e96","Tottenhamwisps","60ad03a48b6e1d00012f8e7e","6a864bbdb42521f75846fb4c","2026-08-19 20:40"
"Zetie","5e9215c1b3ec17480c01df1e","OceanicFjord211","690f1379b64ee729c47df8b3","6a864adc321b3548ea609b28","2026-08-19 20:40"
"silvia","5ab45e391e1f02697026c335","BlackShark","61f04538cc54700001a27678","6a864b54b42521f75846f973","2026-08-19 20:40"
"朋友是一个坚韧不拔的纪录片， 在香港这座城市的设置。","65de536fb77f430b929240f3","mr_spy","665c34e0bc4531cdb19b9ab9","6a864cb2b42521f75846fff4","2026-08-19 20:41"
"48Meters on Apía - Tadó = 4999","5e730243cd30756270994780","OakTree","617eb25d4e0e40000158968f","6a864bf2b42521f75846fc7a","2026-08-19 20:41"
"val1d","63875de4e55ec4234b26d1fb","flaky htf","60ae985660d1f000019f0ef1","6a864bbeb97b40e5013eed5b","2026-08-19 20:41"
"Palmitas","69b33a815634cc416b9c7877","PLK","62179a5c8e88d400010d91ea","6a864bf11314c768abd0e0f8","2026-08-19 20:42"
"Finn Siemon","66eb7b4a062332fb60915d65","Ringo","6046c8a097019400018ea4cf","6a864c1db42521f75846fd8e","2026-08-19 20:42"
"Tomek5_5","606e09423667bc0001ad663d","SigmaLigma","641e0c54c1155de1803057b1","6a864c75b97b40e5013eef7a","2026-08-19 20:42"
"rylynn 🌺","6a465addf758690c0d2dad6f","Tim Bailly","60647ae72f7f9b000142a959","6a864c9db42521f75846ffa7","2026-08-19 20:42"
"Lirik","632e0c2488070b726d73e245","OceanicFjord211","690f1379b64ee729c47df8b3","6a864d00b42521f758470121","2026-08-19 20:42"
"mr_spy","665c34e0bc4531cdb19b9ab9","Tottenhamwisps","60ad03a48b6e1d00012f8e7e","6a864cf6b42521f7584700fa","2026-08-19 20:43"
"Ringo","6046c8a097019400018ea4cf","48Meters on Apía - Tadó = 4999","5e730243cd30756270994780","6a864d661314c768abd0e53b","2026-08-19 20:46"
"Don't Give Up","5ffb60de75d2770001545e96","Zetie","5e9215c1b3ec17480c01df1e","6a864ccdb42521f758470061","2026-08-19 20:46"
"flaky htf","60ae985660d1f000019f0ef1","OakTree","617eb25d4e0e40000158968f","6a864d29b42521f7584701ab","2026-08-19 20:46"
"wang","64df30f334185dd27cf839a7","PLK","62179a5c8e88d400010d91ea","6a864d3eb42521f7584701f6","2026-08-19 20:47"
"Tomek5_5","606e09423667bc0001ad663d","Tottenhamwisps","60ad03a48b6e1d00012f8e7e","6a864d831314c768abd0e591","2026-08-19 20:47"
"Kageyu","68ca96634b59728d6b0f739a","Pegi","61d641c61f131400016c9b9c","6a864d30b42521f7584701d0","2026-08-19 20:47"
"BarryTheBee","62be7867aa13616722f8dd4a","[TNT] Kirania","5c14f357ff3dc98d883d182c","6a864cd2b42521f758470074","2026-08-19 20:48"
"val1d","63875de4e55ec4234b26d1fb","Lirik","632e0c2488070b726d73e245","6a864d54321b3548ea60a190","2026-08-19 20:48"
"wang","64df30f334185dd27cf839a7","PLK","62179a5c8e88d400010d91ea","6a864e73b42521f758470643","2026-08-19 20:49"
"Finn Siemon","66eb7b4a062332fb60915d65","Palmitas","69b33a815634cc416b9c7877","6a864d88b42521f758470304","2026-08-19 20:49"
"Tottenhamwisps","60ad03a48b6e1d00012f8e7e","Lirik","632e0c2488070b726d73e245","6a864e972211562290c57cf9","2026-08-19 20:49"
"flaky htf","60ae985660d1f000019f0ef1","OakTree","617eb25d4e0e40000158968f","6a864e96b42521f7584706b5","2026-08-19 20:50"
"tarcsa","60035ba331b2eb0001268660","YRP","65361a91884b107b4fd0cef8","6a864bd4b42521f75846fbc0","2026-08-19 20:51"
"Norbert","61b40084a8414400018d958a","slew","5cc1545b8701a898fc423332","6a864a8eb42521f75846f634","2026-08-19 20:51"
"Ringo","6046c8a097019400018ea4cf","mr_spy","665c34e0bc4531cdb19b9ab9","6a864e2eb42521f758470541","2026-08-19 20:51"
"Zetie","5e9215c1b3ec17480c01df1e","Don't Give Up","5ffb60de75d2770001545e96","6a864e48b42521f7584705b4","2026-08-19 20:51"
"silvia","5ab45e391e1f02697026c335","Nitorip","60b4e24e49269d00013fa878","6a864e31b42521f758470555","2026-08-19 20:51"
"val1d","63875de4e55ec4234b26d1fb","Finn Siemon","66eb7b4a062332fb60915d65","6a864ef8b97b40e5013ef565","2026-08-19 20:52"
"Tomek5_5","606e09423667bc0001ad663d","Kageyu","68ca96634b59728d6b0f739a","6a864e7fb42521f758470666","2026-08-19 20:53"
"Ringo","6046c8a097019400018ea4cf","mr_spy","665c34e0bc4531cdb19b9ab9","6a864f65b42521f7584709a5","2026-08-19 20:55"
"flaky htf","60ae985660d1f000019f0ef1","OakTree","617eb25d4e0e40000158968f","6a864f43b42521f758470936","2026-08-19 20:55"
"SigmaLigma","641e0c54c1155de1803057b1","nayeon pop pop","609482b01b4a92000150edbd","6a864f5fb42521f75847098a","2026-08-19 20:55"
"Palmitas","69b33a815634cc416b9c7877","fat cat gif","632e04c44a19e972f04cd1d3","6a864f5a1314c768abd0e9b1","2026-08-19 20:56"
"Lirik","632e0c2488070b726d73e245","OceanicFjord211","690f1379b64ee729c47df8b3","6a864f8cb42521f758470a3b","2026-08-19 20:56"
"Finn Siemon","66eb7b4a062332fb60915d65","val1d","63875de4e55ec4234b26d1fb","6a864fc4b97b40e5013ef75e","2026-08-19 20:57"
"Tottenhamwisps","60ad03a48b6e1d00012f8e7e","48Meters on Apía - Tadó = 4999","5e730243cd30756270994780","6a864f3d1314c768abd0e98b","2026-08-19 20:57"
"PLK","62179a5c8e88d400010d91ea","[TNT] Kirania","5c14f357ff3dc98d883d182c","6a864f2eb97b40e5013ef5f7","2026-08-19 20:58"
"danq_s","639c2a925d4cc27b2f7a898b","flaky htf","60ae985660d1f000019f0ef1","6a865038b42521f758470c9c","2026-08-19 20:58"
"Don't Give Up","5ffb60de75d2770001545e96","Caco","62423c3dda40ac184851c4f0","6a864f85b42521f758470a24","2026-08-19 20:59"
"OakTree","617eb25d4e0e40000158968f","mr_spy","665c34e0bc4531cdb19b9ab9","6a86504a1314c768abd0ebc2","2026-08-19 20:59"
"YRP","65361a91884b107b4fd0cef8","wang","64df30f334185dd27cf839a7","6a864fd2b97b40e5013ef773","2026-08-19 21:00"
"捲菸的菸草不來自後山","6372795ba9204b943dd562cf","val1d","63875de4e55ec4234b26d1fb","6a865126b42521f758470f6f","2026-08-19 21:00"
"Tomek5_5","606e09423667bc0001ad663d","Kageyu","68ca96634b59728d6b0f739a","6a864ffcb42521f758470bc2","2026-08-19 21:00"
"YRP","65361a91884b107b4fd0cef8","wang","64df30f334185dd27cf839a7","6a86517bb42521f75847108d","2026-08-19 21:03"
"Tottenhamwisps","60ad03a48b6e1d00012f8e7e","Don't Give Up","5ffb60de75d2770001545e96","6a86512eb42521f758470f8d","2026-08-19 21:03"
"PLK","62179a5c8e88d400010d91ea","mr_spy","665c34e0bc4531cdb19b9ab9","6a865158b42521f758471011","2026-08-19 21:04"
"OakTree","617eb25d4e0e40000158968f","danq_s","639c2a925d4cc27b2f7a898b","6a86514ab42521f758470fd6","2026-08-19 21:05"
"Doofist","68f3a854d35e604bd5617bb2","flaky htf","60ae985660d1f000019f0ef1","6a86515e321b3548ea60aa37","2026-08-19 21:05"
"SigmaLigma","641e0c54c1155de1803057b1","nayeon pop pop","609482b01b4a92000150edbd","6a8651931314c768abd0ee69","2026-08-19 21:05"
"Tomek5_5","606e09423667bc0001ad663d","Kageyu","68ca96634b59728d6b0f739a","6a8651b1b42521f758471136","2026-08-19 21:07"
"Zetie","5e9215c1b3ec17480c01df1e","PapaMacdus","6667d837d40195a479dc95b8","6a86504ab97b40e5013ef86e","2026-08-19 21:07"
"Norbert","61b40084a8414400018d958a","slew","5cc1545b8701a898fc423332","6a864fadb42521f758470aad","2026-08-19 21:08"
"wang","64df30f334185dd27cf839a7","Finn Siemon","66eb7b4a062332fb60915d65","6a865249321b3548ea60ac54","2026-08-19 21:08"
"mr_spy","665c34e0bc4531cdb19b9ab9","PLK","62179a5c8e88d400010d91ea","6a86528ab42521f758471410","2026-08-19 21:08"
"danq_s","639c2a925d4cc27b2f7a898b","OakTree","617eb25d4e0e40000158968f","6a865292b42521f758471434","2026-08-19 21:08"
"Don't Give Up","5ffb60de75d2770001545e96","Doofist","68f3a854d35e604bd5617bb2","6a86529ab97b40e5013efd3b","2026-08-19 21:09"
"Lirik","632e0c2488070b726d73e245","OceanicFjord211","690f1379b64ee729c47df8b3","6a865083321b3548ea60a87c","2026-08-19 21:09"
"Palmitas","69b33a815634cc416b9c7877","tarcsa","60035ba331b2eb0001268660","6a865106321b3548ea60a96e","2026-08-19 21:10"
"Ringo","6046c8a097019400018ea4cf","Finn Siemon","66eb7b4a062332fb60915d65","6a86534fb42521f7584716e6","2026-08-19 21:10"
"WheelieBinEnjoyer","6a60cb66561c205d0831e2ad","StTakisFire","6a49b50f417d1c389ddd6779","6a865313b42521f75847161c","2026-08-19 21:11"
"SigmaLigma","641e0c54c1155de1803057b1","Pegi","61d641c61f131400016c9b9c","6a8652fab42521f7584715be","2026-08-19 21:11"
"OakTree","617eb25d4e0e40000158968f","danq_s","639c2a925d4cc27b2f7a898b","6a865398b42521f7584717d6","2026-08-19 21:12"
"YRP","65361a91884b107b4fd0cef8","[TNT] Kirania","5c14f357ff3dc98d883d182c","6a8652c3b42521f7584714dd","2026-08-19 21:13"
"Finn Siemon","66eb7b4a062332fb60915d65","PLK","62179a5c8e88d400010d91ea","6a8653dbb42521f7584718ae","2026-08-19 21:15"
"Tomek5_5","606e09423667bc0001ad663d","silvia","5ab45e391e1f02697026c335","6a865480b42521f758471b25","2026-08-19 21:15"
"SigmaLigma","641e0c54c1155de1803057b1","Don't Give Up","5ffb60de75d2770001545e96","6a86542cb42521f7584719e9","2026-08-19 21:15"
"Doofist","68f3a854d35e604bd5617bb2","PapaMacdus","6667d837d40195a479dc95b8","6a86539ab42521f7584717e2","2026-08-19 21:16"
"danq_s","639c2a925d4cc27b2f7a898b","OakTree","617eb25d4e0e40000158968f","6a865469b42521f758471ace","2026-08-19 21:16"
"Norbert","61b40084a8414400018d958a","slew","5cc1545b8701a898fc423332","6a86538e1314c768abd0f256","2026-08-19 21:18"
"wang","64df30f334185dd27cf839a7","PLK","62179a5c8e88d400010d91ea","6a8654f0b42521f758471ca9","2026-08-19 21:20"
"Ringo","6046c8a097019400018ea4cf","Finn Siemon","66eb7b4a062332fb60915d65","6a86557cb42521f758471e57","2026-08-19 21:20"
"SigmaLigma","641e0c54c1155de1803057b1","Pegi","61d641c61f131400016c9b9c","6a86550ab97b40e5013f020b","2026-08-19 21:21"
"danq_s","639c2a925d4cc27b2f7a898b","OakTree","617eb25d4e0e40000158968f","6a86554db42521f758471db8","2026-08-19 21:21"
"Palmitas","69b33a815634cc416b9c7877","tarcsa","60035ba331b2eb0001268660","6a86543cb42521f758471a25","2026-08-19 21:22"
"danq_s","639c2a925d4cc27b2f7a898b","OakTree","617eb25d4e0e40000158968f","6a865651b42521f758472126","2026-08-19 21:22"
"YRP","65361a91884b107b4fd0cef8","Tomek5_5","606e09423667bc0001ad663d","6a8655d1b42521f758471f5c","2026-08-19 21:25"
"Luggas","629a55eea8331865c76e1ba0","Antigs","5fb70fb9e2c593000135b6e0","6a8651cbb42521f758471173","2026-08-19 21:25"
"Finn Siemon","66eb7b4a062332fb60915d65","PLK","62179a5c8e88d400010d91ea","6a86563cb42521f7584720bd","2026-08-19 21:26"
"SigmaLigma","641e0c54c1155de1803057b1","Nitorip","60b4e24e49269d00013fa878","6a8656bdb42521f758472299","2026-08-19 21:26"
"Norbert","61b40084a8414400018d958a","slew","5cc1545b8701a898fc423332","6a865600b42521f758471ff2","2026-08-19 21:28"
"Palmitas","69b33a815634cc416b9c7877","wang","64df30f334185dd27cf839a7","6a86569db42521f758472237","2026-08-19 21:29"
"Tomek5_5","606e09423667bc0001ad663d","SigmaLigma","641e0c54c1155de1803057b1","6a8657c4b42521f7584725e6","2026-08-19 21:29"
"Finn Siemon","66eb7b4a062332fb60915d65","PLK","62179a5c8e88d400010d91ea","6a8657991314c768abd0fae7","2026-08-19 21:30"
"Antigs","5fb70fb9e2c593000135b6e0","silvia","5ab45e391e1f02697026c335","6a865746b42521f758472436","2026-08-19 21:30"
"Gonçalo","60477d3ef15a270001e1bb0c","Ringo","6046c8a097019400018ea4cf","6a8656e2b97b40e5013f054c","2026-08-19 21:31"
"PLK","62179a5c8e88d400010d91ea","Finn Siemon","66eb7b4a062332fb60915d65","6a865883b42521f7584728c7","2026-08-19 21:32"
"Tomek5_5","606e09423667bc0001ad663d","SigmaLigma","641e0c54c1155de1803057b1","6a86584c1314c768abd0fc86","2026-08-19 21:33"
"Palmitas","69b33a815634cc416b9c7877","YRP","65361a91884b107b4fd0cef8","6a865848b42521f7584727d9","2026-08-19 21:34"
"KLII","66b80145236f1a4e4d55036f","Pegi","61d641c61f131400016c9b9c","6a8658d7b42521f758472a10","2026-08-19 21:34"
"OakTree","617eb25d4e0e40000158968f","PuraVida","66d869920a556b43c635a768","6a865893b42521f758472903","2026-08-19 21:35"
"PLK","62179a5c8e88d400010d91ea","Ringo","6046c8a097019400018ea4cf","6a865906b42521f758472adb","2026-08-19 21:39"
"Tottenhamwisps","60ad03a48b6e1d00012f8e7e","Tomek5_5","606e09423667bc0001ad663d","6a865980b42521f758472cc9","2026-08-19 21:39"
"Bellaxo","5c7d0e74f8f7fb7218489b2e","SigmaLigma","641e0c54c1155de1803057b1","6a865946b42521f758472bdb","2026-08-19 21:39"
"KLII","66b80145236f1a4e4d55036f","ハシビロ","62fd923738281a76193b9110","6a8659bdb42521f758472dc6","2026-08-19 21:39"
"DooDoo","692e36a0aa69c37dd1565b93","Finn Siemon","66eb7b4a062332fb60915d65","6a865a1cb42521f758472f26","2026-08-19 21:40"
"YRP","65361a91884b107b4fd0cef8","Palmitas","69b33a815634cc416b9c7877","6a865998b42521f758472d3b","2026-08-19 21:42"
"SigmaLigma","641e0c54c1155de1803057b1","KLII","66b80145236f1a4e4d55036f","6a865a98b42521f7584731b0","2026-08-19 21:43"
"Tottenhamwisps","60ad03a48b6e1d00012f8e7e","Tomek5_5","606e09423667bc0001ad663d","6a865b5cb97b40e5013f12cc","2026-08-19 21:44"
"nemessis","6a68f0776670f9815653f016","Ak1027","6a590ca8be792171b6112cec","6a8659e4b42521f758472e58","2026-08-19 21:44"
"Ringo","6046c8a097019400018ea4cf","PLK","62179a5c8e88d400010d91ea","6a865ab2b42521f758473211","2026-08-19 21:45"
"Luggas","629a55eea8331865c76e1ba0","Lofty","5aa426e6afad0f7de4936eda","6a865bc7b42521f758473741","2026-08-19 21:46"
"silvia","5ab45e391e1f02697026c335","Tomek5_5","606e09423667bc0001ad663d","6a865c09b42521f7584738dd","2026-08-19 21:48"
"KLII","66b80145236f1a4e4d55036f","SigmaLigma","641e0c54c1155de1803057b1","6a865ba7b42521f7584736c6","2026-08-19 21:50"
"YRP","65361a91884b107b4fd0cef8","Gonçalo","60477d3ef15a270001e1bb0c","6a865b63b42521f7584735cb","2026-08-19 21:51"
"Palmitas","69b33a815634cc416b9c7877","Genghis Khan","604a67e702e32a000195a11e","6a865b9db42521f7584736a9","2026-08-19 21:52"
"nemessis","6a68f0776670f9815653f016","EffervescentSteppe","602e9f0766549c0001831960","6a865bc4b42521f75847373a","2026-08-19 21:52"
"Luggas","629a55eea8331865c76e1ba0","silvia","5ab45e391e1f02697026c335","6a865cb5b42521f758473c13","2026-08-19 21:52"
"PuraVida","66d869920a556b43c635a768","연모트","5ffcf4ef76bbb900019724c1","6a865c25b97b40e5013f1569","2026-08-19 21:52"
"Norbert","61b40084a8414400018d958a","barle","6398628520609ac8c10cab13","6a865822b42521f758472735","2026-08-19 21:53"
"Lofty","5aa426e6afad0f7de4936eda","penjajah","6031d1fcf16b5b0001fa54b0","6a865d3eb42521f758473e40","2026-08-19 21:53"
"Tomek5_5","606e09423667bc0001ad663d","Ringo","6046c8a097019400018ea4cf","6a865c48b42521f758473a29","2026-08-19 21:53"
"nemessis","6a68f0776670f9815653f016","Samski","5a05d9375955f8f64060aa46","6a865da8374bd31569462a5e","2026-08-19 21:54"
"NebekCito (YT)","674102f66d68a18b54a2931c","Pegi","61d641c61f131400016c9b9c","6a865c54b42521f758473a5e","2026-08-19 21:55"
"Tottenhamwisps","60ad03a48b6e1d00012f8e7e","SigmaLigma","641e0c54c1155de1803057b1","6a865d9e1314c768abd10ece","2026-08-19 21:56"
"Tomek5_5","606e09423667bc0001ad663d","wang","64df30f334185dd27cf839a7","6a865cecb97b40e5013f17ba","2026-08-19 21:56"
"Genghis Khan","604a67e702e32a000195a11e","Ringo","6046c8a097019400018ea4cf","6a865e29b42521f758474318","2026-08-19 21:58"
"silvia","5ab45e391e1f02697026c335","연모트","5ffcf4ef76bbb900019724c1","6a865dadb42521f75847408a","2026-08-19 21:58"
"Palmitas","69b33a815634cc416b9c7877","YRP","65361a91884b107b4fd0cef8","6a865daeb42521f758474090","2026-08-19 21:59"
"[TNT] Kirania","5c14f357ff3dc98d883d182c","Gonçalo","60477d3ef15a270001e1bb0c","6a865e2bb42521f758474324","2026-08-19 22:00"
"wang","64df30f334185dd27cf839a7","Finn Siemon","66eb7b4a062332fb60915d65","6a865ecbb42521f7584745eb","2026-08-19 22:00"
"Tomek5_5","606e09423667bc0001ad663d","Lofty","5aa426e6afad0f7de4936eda","6a865e991314c768abd11252","2026-08-19 22:00"
"NebekCito (YT)","674102f66d68a18b54a2931c","Build a Bi***","6590622a196ee939029f90b8","6a865e61b97b40e5013f1d1b","2026-08-19 22:00"
"SigmaLigma","641e0c54c1155de1803057b1","OceanicFjord211","690f1379b64ee729c47df8b3","6a865ea2b97b40e5013f1de3","2026-08-19 22:04"
"urban rodeo","638b511acd4f3274b95cb530","Palmitas","69b33a815634cc416b9c7877","6a866021b42521f758474bda","2026-08-19 22:05"
"Ringo","6046c8a097019400018ea4cf","Tottenhamwisps","60ad03a48b6e1d00012f8e7e","6a865effb42521f7584746a1","2026-08-19 22:05"
"Tomek5_5","606e09423667bc0001ad663d","Luggas","629a55eea8331865c76e1ba0","6a86605bb42521f758474d49","2026-08-19 22:06"
"Genghis Khan","604a67e702e32a000195a11e","Finn Siemon","66eb7b4a062332fb60915d65","6a865fadb42521f7584749b7","2026-08-19 22:07"
"KLII","66b80145236f1a4e4d55036f","Lofty","5aa426e6afad0f7de4936eda","6a865f911314c768abd114da","2026-08-19 22:07"
"Luggas","629a55eea8331865c76e1ba0","silvia","5ab45e391e1f02697026c335","6a8660ffb42521f758475123","2026-08-19 22:09"
"YRP","65361a91884b107b4fd0cef8","[TNT] Kirania","5c14f357ff3dc98d883d182c","6a865f93b42521f758474943","2026-08-19 22:10"
"Tottenhamwisps","60ad03a48b6e1d00012f8e7e","Ringo","6046c8a097019400018ea4cf","6a8660b3321b3548ea60d694","2026-08-19 22:10"
"Azuryne","61e444e727627e00010d0fcd","NebekCito (YT)","674102f66d68a18b54a2931c","6a8660e8b97b40e5013f265b","2026-08-19 22:10"
"Norbert","61b40084a8414400018d958a","barle","6398628520609ac8c10cab13","6a865e70b42521f758474457","2026-08-19 22:11"
"Build a Bi***","6590622a196ee939029f90b8","SigmaLigma","641e0c54c1155de1803057b1","6a866071b42521f758474db8","2026-08-19 22:11"
"Gonçalo","60477d3ef15a270001e1bb0c","wang","64df30f334185dd27cf839a7","6a8660e9b42521f7584750c0","2026-08-19 22:12"
"Tomek5_5","606e09423667bc0001ad663d","Palmitas","69b33a815634cc416b9c7877","6a86613db42521f758475215","2026-08-19 22:12"
"Ringo","6046c8a097019400018ea4cf","Finn Siemon","66eb7b4a062332fb60915d65","6a8661ddb97b40e5013f295b","2026-08-19 22:14"
"NebekCito (YT)","674102f66d68a18b54a2931c","Президент Геогесера (justlman)","5feb7db83362e40001479717","6a866259b42521f75847578e","2026-08-19 22:17"
"Unc","6876a81aaf5ea16088df663a","Tem231","6936eb17d271945ce8a9293d","6a8662efb42521f758475a8c","2026-08-19 22:18"
"Build a Bi***","6590622a196ee939029f90b8","SigmaLigma","641e0c54c1155de1803057b1","6a86622cb42521f7584756a3","2026-08-19 22:19"
"Gonçalo","60477d3ef15a270001e1bb0c","Palmitas","69b33a815634cc416b9c7877","6a866256b42521f75847577f","2026-08-19 22:20"
"Genghis Khan","604a67e702e32a000195a11e","Finn Siemon","66eb7b4a062332fb60915d65","6a866382b42521f758475d7f","2026-08-19 22:21"
"Lofty","5aa426e6afad0f7de4936eda","wang","64df30f334185dd27cf839a7","6a866289b42521f7584758aa","2026-08-19 22:21"
"SigmaLigma","641e0c54c1155de1803057b1","seven³","67cb3e4e3d2dc435a0a325e7","6a866435b42521f75847613d","2026-08-19 22:21"
"Unc","6876a81aaf5ea16088df663a","Президент Геогесера (justlman)","5feb7db83362e40001479717","6a8663c0b42521f758475ed0","2026-08-19 22:22"
"Tomek5_5","606e09423667bc0001ad663d","Ringo","6046c8a097019400018ea4cf","6a8662d31314c768abd12087","2026-08-19 22:23"
"YRP","65361a91884b107b4fd0cef8","[TNT] Kirania","5c14f357ff3dc98d883d182c","6a8661ee1314c768abd11d91","2026-08-19 22:24"
"kober","67ad18a09e150413a5e6fa66","Finn Siemon","66eb7b4a062332fb60915d65","6a866500b42521f75847653c","2026-08-19 22:26"
"Bellaxo","5c7d0e74f8f7fb7218489b2e","silvia","5ab45e391e1f02697026c335","6a866442321b3548ea60e25e","2026-08-19 22:27"
"kober","67ad18a09e150413a5e6fa66","Finn Siemon","66eb7b4a062332fb60915d65","6a8665a5b42521f7584767ab","2026-08-19 22:28"
"Gonçalo","60477d3ef15a270001e1bb0c","Palmitas","69b33a815634cc416b9c7877","6a866455b42521f758476199","2026-08-19 22:29"
"Stephen","5d87615adf1dd672b8a144b5","Bothlose","67c9a0f97857aec18c6f2239","6a8661f61314c768abd11da1","2026-08-19 22:29"
"Build a Bi***","6590622a196ee939029f90b8","NebekCito (YT)","674102f66d68a18b54a2931c","6a8663f4b42521f758475ff4","2026-08-19 22:29"
"Ringo","6046c8a097019400018ea4cf","Lofty","5aa426e6afad0f7de4936eda","6a8664deb97b40e5013f3547","2026-08-19 22:31"
"kober","67ad18a09e150413a5e6fa66","Luggas","629a55eea8331865c76e1ba0","6a866615b42521f758476a12","2026-08-19 22:31"
"Unc","6876a81aaf5ea16088df663a","연모트","5ffcf4ef76bbb900019724c1","6a866581b97b40e5013f3761","2026-08-19 22:32"
"Tomek5_5","606e09423667bc0001ad663d","wang","64df30f334185dd27cf839a7","6a86655ab42521f75847669a","2026-08-19 22:33"
"YRP","65361a91884b107b4fd0cef8","[TNT] Kirania","5c14f357ff3dc98d883d182c","6a866539b42521f758476622","2026-08-19 22:34"
"Build a Bi***","6590622a196ee939029f90b8","NebekCito (YT)","674102f66d68a18b54a2931c","6a866677b42521f758476c1d","2026-08-19 22:35"
"Norbert","61b40084a8414400018d958a","barle","6398628520609ac8c10cab13","6a8664f3b42521f758476502","2026-08-19 22:36"
"Ringo","6046c8a097019400018ea4cf","kober","67ad18a09e150413a5e6fa66","6a8666dfb42521f758476e82","2026-08-19 22:36"
"SignpostSlayer","5cd1da5575345f65c86dea02","KAITOOO","62e8c3ab0065abc49aca361d","6a8666ca321b3548ea60eb38","2026-08-19 22:36"
"Palmitas","69b33a815634cc416b9c7877","Gonçalo","60477d3ef15a270001e1bb0c","6a866696b42521f758476cb6","2026-08-19 22:38"
"kober","67ad18a09e150413a5e6fa66","wang","64df30f334185dd27cf839a7","6a866810b42521f758477489","2026-08-19 22:38"
"Luggas","629a55eea8331865c76e1ba0","seven³","67cb3e4e3d2dc435a0a325e7","6a8666f4b97b40e5013f3d9a","2026-08-19 22:38"
"YRP","65361a91884b107b4fd0cef8","[TNT] Kirania","5c14f357ff3dc98d883d182c","6a8667acb42521f75847732d","2026-08-19 22:41"
"Lofty","5aa426e6afad0f7de4936eda","Tottenhamwisps","60ad03a48b6e1d00012f8e7e","6a866726b42521f75847709a","2026-08-19 22:41"
"NebekCito (YT)","674102f66d68a18b54a2931c","KAITOOO","62e8c3ab0065abc49aca361d","6a8667e0b42521f7584773be","2026-08-19 22:41"
"kober","67ad18a09e150413a5e6fa66","wang","64df30f334185dd27cf839a7","6a8668bdb42521f758477764","2026-08-19 22:42"
"kober","67ad18a09e150413a5e6fa66","Ringo","6046c8a097019400018ea4cf","6a866962b42521f758477a4d","2026-08-19 22:43"
"Build a Bi***","6590622a196ee939029f90b8","Caco","62423c3dda40ac184851c4f0","6a8667c6b42521f758477373","2026-08-19 22:43"
"SignpostSlayer","5cd1da5575345f65c86dea02","Primzahl","63a4bfd4030a368d18291a84","6a8668ccb42521f758477795","2026-08-19 22:43"
"Gonçalo","60477d3ef15a270001e1bb0c","Palmitas","69b33a815634cc416b9c7877","6a8668a2b42521f758477702","2026-08-19 22:44"
"puffle","63cf256c0168c114ef60bea4","seven³","67cb3e4e3d2dc435a0a325e7","6a866874b42521f758477671","2026-08-19 22:44"
"kober","67ad18a09e150413a5e6fa66","Puwaphat2304","660da547c04c2826f94e7d80","6a866981b42521f758477ac4","2026-08-19 22:46"
"Feneb","5dba86167e473f2408461141","Ringo","6046c8a097019400018ea4cf","6a86696db42521f758477a72","2026-08-19 22:46"
"kober","67ad18a09e150413a5e6fa66","Ringo","6046c8a097019400018ea4cf","6a866a43b42521f758477e09","2026-08-19 22:47"
"NebekCito (YT)","674102f66d68a18b54a2931c","KAITOOO","62e8c3ab0065abc49aca361d","6a86695ab42521f758477a15","2026-08-19 22:47"
"YRP","65361a91884b107b4fd0cef8","[TNT] Kirania","5c14f357ff3dc98d883d182c","6a866952b42521f7584779e3","2026-08-19 22:48"
"Tottenhamwisps","60ad03a48b6e1d00012f8e7e","Lofty","5aa426e6afad0f7de4936eda","6a866937b42521f758477968","2026-08-19 22:48"
"mink flow","61c0d83a2240d4000107a7a1","Squirtle - Brawl Stars","60ac2199fed60600011de6f2","6a866a88b42521f758477f11","2026-08-19 22:49"
"kober","67ad18a09e150413a5e6fa66","[TNT] Kirania","5c14f357ff3dc98d883d182c","6a866ae7b42521f75847806e","2026-08-19 22:51"
"Puwaphat2304","660da547c04c2826f94e7d80","silvia","5ab45e391e1f02697026c335","6a866a40b42521f758477e04","2026-08-19 22:51"
"nemessis","6a68f0776670f9815653f016","nsryan","600b358794b5f40001ee4ced","6a8669a7b97b40e5013f46ab","2026-08-19 22:52"
"Build a Bi***","6590622a196ee939029f90b8","Ringo","6046c8a097019400018ea4cf","6a866a7bb97b40e5013f48f6","2026-08-19 22:54"
"barle","6398628520609ac8c10cab13","Norbert","61b40084a8414400018d958a","6a866820b42521f7584774d1","2026-08-19 22:55"
"Palmitas","69b33a815634cc416b9c7877","Gonçalo","60477d3ef15a270001e1bb0c","6a8669e2b42521f758477c64","2026-08-19 22:57"
"BYL","665af55a0f1c875d08a700fb","kober","67ad18a09e150413a5e6fa66","6a866c73b97b40e5013f4dac","2026-08-19 22:58"
"Lofty","5aa426e6afad0f7de4936eda","WindyMirage774","661c9b427222970e307aff01","6a866ad8b42521f758478048","2026-08-19 22:59"
"Feneb","5dba86167e473f2408461141","Tomek5_5","606e09423667bc0001ad663d","6a866b52b42521f75847822d","2026-08-19 23:00"
"nemessis","6a68f0776670f9815653f016","IcySpiceCube","679c4a405a60644b85674636","6a866cc8321b3548ea60fbfa","2026-08-19 23:00"
"数字信号处理","62a559ad291a85ec390d343e","kober","67ad18a09e150413a5e6fa66","6a866cbbb42521f75847873c","2026-08-19 23:00"
"Build a Bi***","6590622a196ee939029f90b8","Ringo","6046c8a097019400018ea4cf","6a866cfab42521f758478828","2026-08-19 23:01"
"SignpostSlayer","5cd1da5575345f65c86dea02","BlackShark","61f04538cc54700001a27678","6a866bd8b42521f758478405","2026-08-19 23:01"
"Tomek5_5","606e09423667bc0001ad663d","kober","67ad18a09e150413a5e6fa66","6a866daab42521f758478ae2","2026-08-19 23:02"
"Stephen","5d87615adf1dd672b8a144b5","Zi8gbolt Lyons","612472f2c4b5740001ef2d03","6a866a89b97b40e5013f491a","2026-08-19 23:02"
"kober","67ad18a09e150413a5e6fa66","Ringo","6046c8a097019400018ea4cf","6a866e13b42521f758478c5a","2026-08-19 23:03"
"Gonçalo","60477d3ef15a270001e1bb0c","Palmitas","69b33a815634cc416b9c7877","6a866cf8b42521f758478821","2026-08-19 23:04"
"kober","67ad18a09e150413a5e6fa66","Ringo","6046c8a097019400018ea4cf","6a866e40321b3548ea60ff26","2026-08-19 23:05"
"Lofty","5aa426e6afad0f7de4936eda","WindyMirage774","661c9b427222970e307aff01","6a866d53b42521f7584789c9","2026-08-19 23:05"
"Tottenhamwisps","60ad03a48b6e1d00012f8e7e","BYL","665af55a0f1c875d08a700fb","6a866d1eb42521f7584788d1","2026-08-19 23:07"
"Ringo","6046c8a097019400018ea4cf","Lofty","5aa426e6afad0f7de4936eda","6a866ee7b42521f758478fff","2026-08-19 23:10"
"kober","67ad18a09e150413a5e6fa66","Ringo","6046c8a097019400018ea4cf","6a866ffeb42521f758479432","2026-08-19 23:11"
"Build a Bi***","6590622a196ee939029f90b8","Caco","62423c3dda40ac184851c4f0","6a866fdfb42521f7584793b2","2026-08-19 23:11"
"kober","67ad18a09e150413a5e6fa66","Ringo","6046c8a097019400018ea4cf","6a867045b42521f75847953c","2026-08-19 23:13"
"Palmitas","69b33a815634cc416b9c7877","Gonçalo","60477d3ef15a270001e1bb0c","6a866ea9b42521f758478edc","2026-08-19 23:14"
"kober","67ad18a09e150413a5e6fa66","Ringo","6046c8a097019400018ea4cf","6a8670cbb42521f75847970d","2026-08-19 23:14"
"Bellaxo","5c7d0e74f8f7fb7218489b2e","WindyMirage774","661c9b427222970e307aff01","6a866ec91314c768abd144fc","2026-08-19 23:15"
"Tomek5_5","606e09423667bc0001ad663d","kober","67ad18a09e150413a5e6fa66","6a8670f9321b3548ea6105f1","2026-08-19 23:18"
"Build a Bi***","6590622a196ee939029f90b8","BANG PRE","673ef08cfb1aaa5c9673d1d7","6a8670721314c768abd1497c","2026-08-19 23:18"
"silvia","5ab45e391e1f02697026c335","Lofty","5aa426e6afad0f7de4936eda","6a867049b42521f75847954a","2026-08-19 23:18"
"YRP","65361a91884b107b4fd0cef8","Palmitas","69b33a815634cc416b9c7877","6a8671a5b97b40e5013f5b54","2026-08-19 23:20"
"Lofty","5aa426e6afad0f7de4936eda","NebekCito (YT)","674102f66d68a18b54a2931c","6a8671ddb97b40e5013f5bf7","2026-08-19 23:20"
"Ryder","622d12825301d3000177b094","kober","67ad18a09e150413a5e6fa66","6a867205b42521f758479b66","2026-08-19 23:22"
"WindyMirage774","661c9b427222970e307aff01","Build a Bi***","6590622a196ee939029f90b8","6a86723e321b3548ea61094c","2026-08-19 23:22"
"kober","67ad18a09e150413a5e6fa66","Tomek5_5","606e09423667bc0001ad663d","6a86721bb42521f758479bf2","2026-08-19 23:23"
"Zi8gbolt Lyons","612472f2c4b5740001ef2d03","vicho","6a4ee4c3170dae471ff01141","6a866f47b42521f7584791bb","2026-08-19 23:23"
"silvia","5ab45e391e1f02697026c335","BlackShark","61f04538cc54700001a27678","6a867239b42521f758479c69","2026-08-19 23:23"
"Bravious","608f43fa0d0e0d0001d2abde","seven³","67cb3e4e3d2dc435a0a325e7","6a8671c0b42521f758479a60","2026-08-19 23:24"
"kober","67ad18a09e150413a5e6fa66","Tomek5_5","606e09423667bc0001ad663d","6a8672ecb42521f758479f2a","2026-08-19 23:26"
"Palmitas","69b33a815634cc416b9c7877","Belle Gosse De La Cité","699342b1c715ab9aa0c74d25","6a86726cb42521f758479d65","2026-08-19 23:27"
"Tomek5_5","606e09423667bc0001ad663d","Lubec","5e974c906ea510372c1e444a","6a8673cab42521f75847a2aa","2026-08-19 23:28"
"Feneb","5dba86167e473f2408461141","kober","67ad18a09e150413a5e6fa66","6a867309b42521f758479faa","2026-08-19 23:28"
"WindyMirage774","661c9b427222970e307aff01","silvia","5ab45e391e1f02697026c335","6a867304b42521f758479f99","2026-08-19 23:29"
"NebekCito (YT)","674102f66d68a18b54a2931c","KAITOOO","62e8c3ab0065abc49aca361d","6a867392b42521f75847a197","2026-08-19 23:30"
"Lofty","5aa426e6afad0f7de4936eda","Северная Звезда","624197cb0a09fe783347a232","6a867295b42521f758479e08","2026-08-19 23:31"
"Tomek5_5","606e09423667bc0001ad663d","kober","67ad18a09e150413a5e6fa66","6a867409b97b40e5013f61fb","2026-08-19 23:32"
"kober","67ad18a09e150413a5e6fa66","Tomek5_5","606e09423667bc0001ad663d","6a867434b42521f75847a42a","2026-08-19 23:33"
"Lofty","5aa426e6afad0f7de4936eda","Taquito","65580b96c0276bfd86f36c05","6a8674fc1314c768abd15671","2026-08-19 23:34"
"Palmitas","69b33a815634cc416b9c7877","Belle Gosse De La Cité","699342b1c715ab9aa0c74d25","6a867407b42521f75847a396","2026-08-19 23:35"
"Tomek5_5","606e09423667bc0001ad663d","kober","67ad18a09e150413a5e6fa66","6a86755db42521f75847a8e6","2026-08-19 23:35"
"Tottenhamwisps","60ad03a48b6e1d00012f8e7e","Lubec","5e974c906ea510372c1e444a","6a8674eab42521f75847a733","2026-08-19 23:35"
"kober","67ad18a09e150413a5e6fa66","Tomek5_5","606e09423667bc0001ad663d","6a867568b42521f75847a90d","2026-08-19 23:36"
"Feneb","5dba86167e473f2408461141","Lubec","5e974c906ea510372c1e444a","6a8674c4b97b40e5013f6427","2026-08-19 23:36"
"Северная Звезда","624197cb0a09fe783347a232","捲菸的菸草不來自後山","6372795ba9204b943dd562cf","6a8674e7b42521f75847a728","2026-08-19 23:36"
"kober","67ad18a09e150413a5e6fa66","捲菸的菸草不來自後山","6372795ba9204b943dd562cf","6a8675fdb42521f75847ab32","2026-08-19 23:38"
"BYL","665af55a0f1c875d08a700fb","Tomek5_5","606e09423667bc0001ad663d","6a867676b42521f75847acdc","2026-08-19 23:39"
"Lofty","5aa426e6afad0f7de4936eda","Belle Gosse De La Cité","699342b1c715ab9aa0c74d25","6a8675c2b97b40e5013f6680","2026-08-19 23:40"
"BYL","665af55a0f1c875d08a700fb","Tomek5_5","606e09423667bc0001ad663d","6a867676b42521f75847acdc","2026-08-19 23:41"
"捲菸的菸草不來自後山","6372795ba9204b943dd562cf","kober","67ad18a09e150413a5e6fa66","6a8676a6b42521f75847ad96","2026-08-19 23:41"
"BYL","665af55a0f1c875d08a700fb","Lubec","5e974c906ea510372c1e444a","6a8676ccb42521f75847ae25","2026-08-19 23:42"
"Lofty","5aa426e6afad0f7de4936eda","BANG PRE","673ef08cfb1aaa5c9673d1d7","6a867734b42521f75847b022","2026-08-19 23:43"
"NebekCito (YT)","674102f66d68a18b54a2931c","WindyMirage774","661c9b427222970e307aff01","6a86748ab42521f75847a574","2026-08-19 23:44"
"YRP","65361a91884b107b4fd0cef8","Palmitas","69b33a815634cc416b9c7877","6a8675e8b42521f75847aaef","2026-08-19 23:45"
"Belle Gosse De La Cité","699342b1c715ab9aa0c74d25","Tomek5_5","606e09423667bc0001ad663d","6a8676ffb42521f75847af38","2026-08-19 23:45"
"Lubec","5e974c906ea510372c1e444a","捲菸的菸草不來自後山","6372795ba9204b943dd562cf","6a8677cbb42521f75847b254","2026-08-19 23:45"
"barle","6398628520609ac8c10cab13","Zi8gbolt Lyons","612472f2c4b5740001ef2d03","6a867362b42521f75847a0c9","2026-08-19 23:46"
"kober","67ad18a09e150413a5e6fa66","BYL","665af55a0f1c875d08a700fb","6a86778db42521f75847b184","2026-08-19 23:48"
"Lubec","5e974c906ea510372c1e444a","Tomek5_5","606e09423667bc0001ad663d","6a867828b42521f75847b392","2026-08-19 23:48"
"Tomek5_5","606e09423667bc0001ad663d","Lubec","5e974c906ea510372c1e444a","6a8678cfb97b40e5013f6ebc","2026-08-19 23:49"
"YRP","65361a91884b107b4fd0cef8","Palmitas","69b33a815634cc416b9c7877","6a86785eb42521f75847b4be","2026-08-19 23:52"
"Tomek5_5","606e09423667bc0001ad663d","kober","67ad18a09e150413a5e6fa66","6a8678eab42521f75847b6b5","2026-08-19 23:52"
"Lofty","5aa426e6afad0f7de4936eda","WindyMirage774","661c9b427222970e307aff01","6a8678361314c768abd15fcb","2026-08-19 23:52"
"Ringo","6046c8a097019400018ea4cf","WindyMirage774","661c9b427222970e307aff01","6a8679d0b42521f75847b9b4","2026-08-19 23:54"
"BYL","665af55a0f1c875d08a700fb","kober","67ad18a09e150413a5e6fa66","6a867a02b42521f75847ba99","2026-08-19 23:56"
"BYL","665af55a0f1c875d08a700fb","kober","67ad18a09e150413a5e6fa66","6a867aa6b42521f75847bcee","2026-08-19 23:58"
"Azuryne","61e444e727627e00010d0fcd","Lubec","5e974c906ea510372c1e444a","6a86796bb42521f75847b860","2026-08-19 23:58"
"捲菸的菸草不來自後山","6372795ba9204b943dd562cf","kober","67ad18a09e150413a5e6fa66","6a867a1eb42521f75847bb12","2026-08-19 23:58"
"YRP","65361a91884b107b4fd0cef8","BarryTheBee","62be7867aa13616722f8dd4a","6a867a121314c768abd164d5","2026-08-19 23:59"
"Lofty","5aa426e6afad0f7de4936eda","Sinaloense","6387b9578639516bf19923d5","6a867a08b42521f75847baab","2026-08-19 23:59"
