"WatchATreeGrow","6a60921e561c205d08312aae","Aster","690feecb34445f7c1ddac18f","6a813555390a6c7e60e6353b","2026-08-16 00:00"
"Gamer X","674cddb0dc12d4102c72e97a","Fxrzs","676edd67b060daec5f128233","6a8133fa0f772dfe043c17c4","2026-08-16 00:02"
"Belle Gosse De La Cité","699342b1c715ab9aa0c74d25","unwrittencat","659b1e04a83479f364f5ae61","6a813527947036f489742903","2026-08-16 00:03"
"mii3en","66159d055967919df66cf9c0","kober","67ad18a09e150413a5e6fa66","6a8135fd0f772dfe043c1b71","2026-08-16 00:03"
"daes","603a39d190c95200017e30a2","まっちゃあいす","63c5614f750d5027f914c047","6a8135c20f772dfe043c1b0d","2026-08-16 00:05"
"Cos","6372795ba9204b943dd562cf","朋友是一个坚韧不拔的纪录片， 在香港这座城市的设置。","65de536fb77f430b929240f3","6a8135350f772dfe043c19cd","2026-08-16 00:06"
"kober","67ad18a09e150413a5e6fa66","数字信号处理","62a559ad291a85ec390d343e","6a8136b6390a6c7e60e6372b","2026-08-16 00:06"
"unwrittencat","659b1e04a83479f364f5ae61","Belle Gosse De La Cité","699342b1c715ab9aa0c74d25","6a813681390a6c7e60e636d6","2026-08-16 00:07"
"Fxrzs","676edd67b060daec5f128233","kober","67ad18a09e150413a5e6fa66","6a813617947036f489742a8b","2026-08-16 00:07"
"GeoChiko","637129eb9d737c55a520a3e3","xyz121","69743aff656999ac66c57552","6a8136b80d2268c2e52bb09b","2026-08-16 00:09"
"dudewalkingtothestore1999","6813b929970c7b33d30fd7e1","Surgut sand","5ec369eae7115241a4e75beb","6a813697390a6c7e60e636fd","2026-08-16 00:09"
"YRP","65361a91884b107b4fd0cef8","unwrittencat","659b1e04a83479f364f5ae61","6a81374d390a6c7e60e63801","2026-08-16 00:11"
"mii3en","66159d055967919df66cf9c0","朋友是一个坚韧不拔的纪录片， 在香港这座城市的设置。","65de536fb77f430b929240f3","6a813706947036f489742bee","2026-08-16 00:11"
"TechimanGuesser","69763f0e293ac365ce659dca","Gamer X","674cddb0dc12d4102c72e97a","6a81367f947036f489742b15","2026-08-16 00:12"
"kober","67ad18a09e150413a5e6fa66","dudewalkingtothestore1999","6813b929970c7b33d30fd7e1","6a8137bf947036f489742d92","2026-08-16 00:12"
"daes","603a39d190c95200017e30a2","まっちゃあいす","63c5614f750d5027f914c047","6a8136e7390a6c7e60e63768","2026-08-16 00:12"
"xyz121","69743aff656999ac66c57552","kober","67ad18a09e150413a5e6fa66","6a8137fa0f772dfe043c1ede","2026-08-16 00:13"
"朋友是一个坚韧不拔的纪录片， 在香港这座城市的设置。","65de536fb77f430b929240f3","unwrittencat","659b1e04a83479f364f5ae61","6a81385e947036f489742f21","2026-08-16 00:15"
"xyz121","69743aff656999ac66c57552","kober","67ad18a09e150413a5e6fa66","6a8137fa0f772dfe043c1ede","2026-08-16 00:15"
"xyz121","69743aff656999ac66c57552","数字信号处理","62a559ad291a85ec390d343e","6a8138e20f772dfe043c2058","2026-08-16 00:16"
"dudewalkingtothestore1999","6813b929970c7b33d30fd7e1","Surgut sand","5ec369eae7115241a4e75beb","6a8138bb0f772dfe043c2013","2026-08-16 00:16"
"YRP","65361a91884b107b4fd0cef8","unwrittencat","659b1e04a83479f364f5ae61","6a81393c390a6c7e60e63bae","2026-08-16 00:18"
"Fxrzs","676edd67b060daec5f128233","Fenrys","60d8c06ddcd6370001961252","6a8137ca947036f489742db0","2026-08-16 00:19"
"Belle Gosse De La Cité","699342b1c715ab9aa0c74d25","unwrittencat","659b1e04a83479f364f5ae61","6a8139ea390a6c7e60e63c9b","2026-08-16 00:20"
"TechimanGuesser","69763f0e293ac365ce659dca","Gamer X","674cddb0dc12d4102c72e97a","6a8138be0f772dfe043c2019","2026-08-16 00:20"
"朋友是一个坚韧不拔的纪录片， 在香港这座城市的设置。","65de536fb77f430b929240f3","kober","67ad18a09e150413a5e6fa66","6a81395a947036f4897430d3","2026-08-16 00:21"
"xyz121","69743aff656999ac66c57552","kober","67ad18a09e150413a5e6fa66","6a81396c0f772dfe043c214d","2026-08-16 00:23"
"Belle Gosse De La Cité","699342b1c715ab9aa0c74d25","mii3en","66159d055967919df66cf9c0","6a813a6e0f772dfe043c2374","2026-08-16 00:25"
"dudewalkingtothestore1999","6813b929970c7b33d30fd7e1","kober","67ad18a09e150413a5e6fa66","6a813abc0f772dfe043c23fc","2026-08-16 00:27"
"unwrittencat","659b1e04a83479f364f5ae61","YRP","65361a91884b107b4fd0cef8","6a813b18947036f4897433e2","2026-08-16 00:28"
"xyz121","69743aff656999ac66c57552","mii3en","66159d055967919df66cf9c0","6a813b7a947036f48974348d","2026-08-16 00:29"
"unwrittencat","659b1e04a83479f364f5ae61","mii3en","66159d055967919df66cf9c0","6a813c89390a6c7e60e64160","2026-08-16 00:32"
"arkst5711","653e2552c65b2ec04be90d7e","TechimanGuesser","69763f0e293ac365ce659dca","6a813abb0f772dfe043c23fa","2026-08-16 00:32"
"DonkeyGuesses","6912d873ef3380557dd45eec","数字信号处理","62a559ad291a85ec390d343e","6a813c92947036f4897436f9","2026-08-16 00:32"
"unwrittencat","659b1e04a83479f364f5ae61","mii3en","66159d055967919df66cf9c0","6a813d59947036f489743889","2026-08-16 00:34"
"xyz121","69743aff656999ac66c57552","Magnus","679395e4205fcbaaa18ff360","6a813cb9947036f489743743","2026-08-16 00:34"
"DonkeyGuesses","6912d873ef3380557dd45eec","Surgut sand","5ec369eae7115241a4e75beb","6a813d7e0f772dfe043c2964","2026-08-16 00:36"
"Tottenhamwisps","60ad03a48b6e1d00012f8e7e","TechimanGuesser","69763f0e293ac365ce659dca","6a813d2c0f772dfe043c28c0","2026-08-16 00:39"
"mii3en","66159d055967919df66cf9c0","xyz121","69743aff656999ac66c57552","6a813db20f772dfe043c29e6","2026-08-16 00:39"
"vicho","6a4ee4c3170dae471ff01141","Adam","69f33ec0db3e7bcca4b23a5c","6a813e6d390a6c7e60e644fe","2026-08-16 00:40"
"flickshot","622d5637fbf42a00013d06b1","Bothlose","67c9a0f97857aec18c6f2239","6a813bce0f772dfe043c25f4","2026-08-16 00:41"
"mii3en","66159d055967919df66cf9c0","xyz121","69743aff656999ac66c57552","6a813ee5390a6c7e60e6462d","2026-08-16 00:42"
"nowlo","67493198473744059fbb9736","Eddie","5695b1e1838cda1838015d4b","6a813fdb390a6c7e60e64807","2026-08-16 00:47"
"TechimanGuesser","69763f0e293ac365ce659dca","まっちゃあいす","63c5614f750d5027f914c047","6a813eeb0e7094bdc77e4879","2026-08-16 00:48"
"vicho","6a4ee4c3170dae471ff01141","cereal","62c82717bd7cbd37e7b229b9","6a813f25947036f489743c7d","2026-08-16 00:48"
"Tottenhamwisps","60ad03a48b6e1d00012f8e7e","MongolianMerchant","69ba2e52a04671c8a9b13e12","6a8140b10f772dfe043c3037","2026-08-16 00:49"
"朋友是一个坚韧不拔的纪录片， 在香港这座城市的设置。","65de536fb77f430b929240f3","Norbert","61b40084a8414400018d958a","6a813c1a947036f4897435e1","2026-08-16 00:51"
"arkst5711","653e2552c65b2ec04be90d7e","OceanMan","5e9a08cdd502e121002b5279","6a814042947036f489743edf","2026-08-16 00:51"
"Hego♪","67930488dc684cc50b15c7bb","zadusk","664355240d326e910df50cb4","6a81418e390a6c7e60e64b46","2026-08-16 00:55"
"Hego♪","67930488dc684cc50b15c7bb","offmylawn","674bbb9465709cb3c93c6b17","6a81427e947036f489744303","2026-08-16 00:57"
"vicho","6a4ee4c3170dae471ff01141","garnet_ap","68cf28c1f96ce009288e3c71","6a81426d0f772dfe043c3383","2026-08-16 01:00"
"nowlo","67493198473744059fbb9736","OceanMan","5e9a08cdd502e121002b5279","6a8141c6390a6c7e60e64bb1","2026-08-16 01:01"
"Eddie","5695b1e1838cda1838015d4b","TechimanGuesser","69763f0e293ac365ce659dca","6a81412a390a6c7e60e64a84","2026-08-16 01:01"
"flickshot","622d5637fbf42a00013d06b1","niwai","63bcf9051465b5b236749d8f","6a813f68390a6c7e60e64749","2026-08-16 01:01"
"Palmitas","69b33a815634cc416b9c7877","Tottenhamwisps","60ad03a48b6e1d00012f8e7e","6a81428f0d2268c2e52bc228","2026-08-16 01:02"
"MongolianMerchant","69ba2e52a04671c8a9b13e12","silvia","5ab45e391e1f02697026c335","6a8142af0f772dfe043c340e","2026-08-16 01:02"
"Hego♪","67930488dc684cc50b15c7bb","Mune Pang","63bff5b077712f4eb483af9d","6a81436d390a6c7e60e64edf","2026-08-16 01:02"
"Hego♪","67930488dc684cc50b15c7bb","silvia","5ab45e391e1f02697026c335","6a8144540f772dfe043c37ce","2026-08-16 01:05"
"Eddie","5695b1e1838cda1838015d4b","TechimanGuesser","69763f0e293ac365ce659dca","6a8143ff390a6c7e60e65027","2026-08-16 01:06"
"OceanMan","5e9a08cdd502e121002b5279","Palmitas","69b33a815634cc416b9c7877","6a81442c390a6c7e60e650ba","2026-08-16 01:08"
"朋友是一个坚韧不拔的纪录片， 在香港这座城市的设置。","65de536fb77f430b929240f3","Tottenhamwisps","60ad03a48b6e1d00012f8e7e","6a8144990f772dfe043c3857","2026-08-16 01:10"
"Tottenhamwisps","60ad03a48b6e1d00012f8e7e","OceanMan","5e9a08cdd502e121002b5279","6a81463b390a6c7e60e6546e","2026-08-16 01:14"
"Norbert","61b40084a8414400018d958a","朋友是一个坚韧不拔的纪录片， 在香港这座城市的设置。","65de536fb77f430b929240f3","6a814643390a6c7e60e65474","2026-08-16 01:15"
"TechimanGuesser","69763f0e293ac365ce659dca","silvia","5ab45e391e1f02697026c335","6a814515947036f489744862","2026-08-16 01:15"
"Palmitas","69b33a815634cc416b9c7877","Superhorstuwe","67f42dea666326f3169cde54","6a8145c10d2268c2e52bc72c","2026-08-16 01:17"
"niwai","63bcf9051465b5b236749d8f","flickshot","622d5637fbf42a00013d06b1","6a8143e40f772dfe043c36e4","2026-08-16 01:17"
"Tottenhamwisps","60ad03a48b6e1d00012f8e7e","TechimanGuesser","69763f0e293ac365ce659dca","6a814780390a6c7e60e6569c","2026-08-16 01:18"
"repler","624b0f92227874e6a1e26994","Eddie","5695b1e1838cda1838015d4b","6a81457b0d2268c2e52bc6d0","2026-08-16 01:19"
"Superhorstuwe","67f42dea666326f3169cde54","TechimanGuesser","69763f0e293ac365ce659dca","6a814803390a6c7e60e657a8","2026-08-16 01:21"
"parsec","670c184c705e783701c753c0","Magnus","679395e4205fcbaaa18ff360","6a8146d00f772dfe043c3cbe","2026-08-16 01:21"
"朋友是一个坚韧不拔的纪录片， 在香港这座城市的设置。","65de536fb77f430b929240f3","OceanMan","5e9a08cdd502e121002b5279","6a8147360f772dfe043c3d80","2026-08-16 01:22"
"OceanMan","5e9a08cdd502e121002b5279","Delema()()()","65869f62df3f7bea3fa1d675","6a8148dd947036f489745081","2026-08-16 01:26"
"Palmitas","69b33a815634cc416b9c7877","Eddie","5695b1e1838cda1838015d4b","6a814843947036f489744ef9","2026-08-16 01:27"
"TechimanGuesser","69763f0e293ac365ce659dca","Magnus","679395e4205fcbaaa18ff360","6a8148c4947036f489745043","2026-08-16 01:27"
"Superhorstuwe","67f42dea666326f3169cde54","DonkeyGuesses","6912d873ef3380557dd45eec","6a81491d947036f489745103","2026-08-16 01:30"
"MongolianMerchant","69ba2e52a04671c8a9b13e12","parsec","670c184c705e783701c753c0","6a81495b947036f489745190","2026-08-16 01:31"
"OceanMan","5e9a08cdd502e121002b5279","朋友是一个坚韧不拔的纪录片， 在香港这座城市的设置。","65de536fb77f430b929240f3","6a8149c9947036f489745257","2026-08-16 01:33"
"Elcu","633102d69d4a5044970cce21","Eddie","5695b1e1838cda1838015d4b","6a814a52390a6c7e60e65c6f","2026-08-16 01:33"
"Palmitas","6984de4267015bc9a6109cae","Valen´t","5ecc89febb39467ce83ec462","6a814a92947036f489745490","2026-08-16 01:34"
"Palmitas","69b33a815634cc416b9c7877","Tottenhamwisps","60ad03a48b6e1d00012f8e7e","6a814a1b390a6c7e60e65be0","2026-08-16 01:35"
"Palmitas","6984de4267015bc9a6109cae","Bothlose","67c9a0f97857aec18c6f2239","6a814bb10f772dfe043c470b","2026-08-16 01:35"
"TechimanGuesser","69763f0e293ac365ce659dca","Superhorstuwe","67f42dea666326f3169cde54","6a814ab8947036f48974550a","2026-08-16 01:36"
"parsec","670c184c705e783701c753c0","DonkeyGuesses","6912d873ef3380557dd45eec","6a814b01390a6c7e60e65e14","2026-08-16 01:36"
"Delema()()()","65869f62df3f7bea3fa1d675","OceanMan","5e9a08cdd502e121002b5279","6a814b69947036f489745688","2026-08-16 01:37"
"Delema()()()","65869f62df3f7bea3fa1d675","OceanMan","5e9a08cdd502e121002b5279","6a814c67947036f4897458be","2026-08-16 01:38"
"Palmitas","6984de4267015bc9a6109cae","Bothlose","67c9a0f97857aec18c6f2239","6a814bfd390a6c7e60e65ff3","2026-08-16 01:39"
"Valen´t","5ecc89febb39467ce83ec462","Palmitas","6984de4267015bc9a6109cae","6a814cf3947036f4897459f0","2026-08-16 01:41"
"OceanMan","5e9a08cdd502e121002b5279","Delema()()()","65869f62df3f7bea3fa1d675","6a814caf0d2268c2e52bd27a","2026-08-16 01:43"
"Valen´t","5ecc89febb39467ce83ec462","Palmitas","6984de4267015bc9a6109cae","6a814d6b0f772dfe043c4a8a","2026-08-16 01:44"
"TechimanGuesser","69763f0e293ac365ce659dca","Tottenhamwisps","60ad03a48b6e1d00012f8e7e","6a814c25390a6c7e60e66033","2026-08-16 01:44"
"朋友是一个坚韧不拔的纪录片， 在香港这座城市的设置。","65de536fb77f430b929240f3","Palmitas","69b33a815634cc416b9c7877","6a814c0e0f772dfe043c47bc","2026-08-16 01:46"
"parsec","670c184c705e783701c753c0","Superhorstuwe","67f42dea666326f3169cde54","6a814cc7390a6c7e60e6619a","2026-08-16 01:46"
"OceanMan","5e9a08cdd502e121002b5279","Delema()()()","65869f62df3f7bea3fa1d675","6a814dd1947036f489745bc5","2026-08-16 01:47"
"Lubec","5e974c906ea510372c1e444a","Tottenhamwisps","60ad03a48b6e1d00012f8e7e","6a814e390f772dfe043c4c11","2026-08-16 01:48"
"aguardiente","60ba2dec2056310001c27701","Geoplonker","63e1d8513621f1ba4a58fb70","6a814da4947036f489745b81","2026-08-16 01:49"
"OceanMan","5e9a08cdd502e121002b5279","朋友是一个坚韧不拔的纪录片， 在香港这座城市的设置。","65de536fb77f430b929240f3","6a814eb0947036f489745d55","2026-08-16 01:51"
"Superhorstuwe","67f42dea666326f3169cde54","aguardiente","60ba2dec2056310001c27701","6a814f29390a6c7e60e66642","2026-08-16 01:53"
"Palmitas","6984de4267015bc9a6109cae","xxfeetluver69 🤤👅🦶","68cb3fdf6f672817f40cf951","6a814e910f772dfe043c4cbd","2026-08-16 01:54"
"aguardiente","60ba2dec2056310001c27701","Action2410","6600817f787a1218b6f41ff2","6a815014947036f48974600c","2026-08-16 01:56"
"OceanMan","5e9a08cdd502e121002b5279","Superhorstuwe","67f42dea666326f3169cde54","6a815061390a6c7e60e6686e","2026-08-16 01:58"
"Delema()()()","65869f62df3f7bea3fa1d675","朋友是一个坚韧不拔的纪录片， 在香港这座城市的设置。","65de536fb77f430b929240f3","6a814fc1ca6bacddc72b4b82","2026-08-16 01:59"
"parsec","670c184c705e783701c753c0","Yerofey Pavlovich","5c200f8d097d013a04bcd2a7","6a814f790f772dfe043c4e82","2026-08-16 02:02"
"Action2410","6600817f787a1218b6f41ff2","aguardiente","60ba2dec2056310001c27701","6a8150e80f772dfe043c517c","2026-08-16 02:02"
"Superhorstuwe","67f42dea666326f3169cde54","DonkeyGuesses","6912d873ef3380557dd45eec","6a8151e80f772dfe043c538e","2026-08-16 02:04"
"aguardiente","60ba2dec2056310001c27701","Yerofey Pavlovich","5c200f8d097d013a04bcd2a7","6a81526d947036f489746487","2026-08-16 02:07"
"flickshot","622d5637fbf42a00013d06b1","Norbert","61b40084a8414400018d958a","6a814dd10d2268c2e52bd46c","2026-08-16 02:08"
"Delema()()()","65869f62df3f7bea3fa1d675","朋友是一个坚韧不拔的纪录片， 在香港这座城市的设置。","65de536fb77f430b929240f3","6a81519d947036f4897462f7","2026-08-16 02:10"
"nowlo","67493198473744059fbb9736","Palmitas","69b33a815634cc416b9c7877","6a8152b3947036f4897464f3","2026-08-16 02:11"
"Superhorstuwe","67f42dea666326f3169cde54","BYL","665af55a0f1c875d08a700fb","6a8152ca947036f489746517","2026-08-16 02:11"
"flickshot","622d5637fbf42a00013d06b1","aguardiente","60ba2dec2056310001c27701","6a8153f0390a6c7e60e66ea3","2026-08-16 02:12"
"flickshot","622d5637fbf42a00013d06b1","BYL","665af55a0f1c875d08a700fb","6a815495390a6c7e60e66fe3","2026-08-16 02:13"
"DonkeyGuesses","6912d873ef3380557dd45eec","Geoplonker","63e1d8513621f1ba4a58fb70","6a8153460f772dfe043c561a","2026-08-16 02:13"
"kober","67ad18a09e150413a5e6fa66","朋友是一个坚韧不拔的纪录片， 在香港这座城市的设置。","65de536fb77f430b929240f3","6a815432390a6c7e60e66f3e","2026-08-16 02:16"
"aguardiente","60ba2dec2056310001c27701","tmol","65804bf1981dcef1aaa9fc20","6a8154970f772dfe043c583c","2026-08-16 02:17"
"Superhorstuwe","67f42dea666326f3169cde54","kober","67ad18a09e150413a5e6fa66","6a81546f0f772dfe043c5806","2026-08-16 02:18"
"DonkeyGuesses","6912d873ef3380557dd45eec","Joshkabloomy","604c5a52e142340001a0a666","6a8154e60f772dfe043c58dc","2026-08-16 02:18"
"BYL","665af55a0f1c875d08a700fb","flickshot","622d5637fbf42a00013d06b1","6a8154f7947036f48974689f","2026-08-16 02:19"
"kober","67ad18a09e150413a5e6fa66","yuyux32","65a3fa0c053e0780db54fd4b","6a815600947036f489746a5c","2026-08-16 02:19"
"Yerofey Pavlovich","5c200f8d097d013a04bcd2a7","盲","63b6a120ed1bf0b1b513dfb8","6a815447947036f48974675a","2026-08-16 02:20"
"nowlo","67493198473744059fbb9736","Delema()()()","65869f62df3f7bea3fa1d675","6a81554b0d2268c2e52bdf02","2026-08-16 02:21"
"BYL","665af55a0f1c875d08a700fb","朋友是一个坚韧不拔的纪录片， 在香港这座城市的设置。","65de536fb77f430b929240f3","6a8156530f772dfe043c5b3a","2026-08-16 02:23"
"kober","67ad18a09e150413a5e6fa66","盲","63b6a120ed1bf0b1b513dfb8","6a8156770f772dfe043c5b7e","2026-08-16 02:23"
"BYL","665af55a0f1c875d08a700fb","朋友是一个坚韧不拔的纪录片， 在香港这座城市的设置。","65de536fb77f430b929240f3","6a815737947036f489746c7b","2026-08-16 02:25"
"Superhorstuwe","67f42dea666326f3169cde54","aguardiente","60ba2dec2056310001c27701","6a815645947036f489746adc","2026-08-16 02:25"
"盲","63b6a120ed1bf0b1b513dfb8","kober","67ad18a09e150413a5e6fa66","6a8157560f772dfe043c5d23","2026-08-16 02:25"
"kober","67ad18a09e150413a5e6fa66","盲","63b6a120ed1bf0b1b513dfb8","6a81579f0f772dfe043c5d93","2026-08-16 02:27"
"Delema()()()","65869f62df3f7bea3fa1d675","Superhorstuwe","67f42dea666326f3169cde54","6a81580a0f772dfe043c5e55","2026-08-16 02:28"
"daes","603a39d190c95200017e30a2","Yerofey Pavlovich","5c200f8d097d013a04bcd2a7","6a815699947036f489746b7f","2026-08-16 02:29"
"Delema()()()","65869f62df3f7bea3fa1d675","Xick","6227d06fc4123c000192c138","6a8158a90f772dfe043c5f37","2026-08-16 02:31"
"Superhorstuwe","67f42dea666326f3169cde54","kober","67ad18a09e150413a5e6fa66","6a815852390a6c7e60e675f4","2026-08-16 02:32"
"BYL","665af55a0f1c875d08a700fb","朋友是一个坚韧不拔的纪录片， 在香港这座城市的设置。","65de536fb77f430b929240f3","6a8157ce390a6c7e60e67552","2026-08-16 02:33"
"盲","63b6a120ed1bf0b1b513dfb8","earthenjoyer","662b7a543f29656f5fe5bf53","6a81593c0f772dfe043c6044","2026-08-16 02:33"
"aguardiente","60ba2dec2056310001c27701","Joshkabloomy","604c5a52e142340001a0a666","6a8158730f772dfe043c5ee7","2026-08-16 02:34"
"kober","67ad18a09e150413a5e6fa66","TEEM0","68f9fdd90f6d5f026cf9e4d8","6a8159950f772dfe043c60c9","2026-08-16 02:35"
"Bms432","5d75a280b4ec1705ecdb7cf0","Geoplonker","63e1d8513621f1ba4a58fb70","6a8159d6390a6c7e60e67830","2026-08-16 02:36"
"kent","5fa7ab03b45c670001342904","Henrik","5ffda066ad68a300017a45e1","6a81592f0f772dfe043c6028","2026-08-16 02:37"
"Superhorstuwe","67f42dea666326f3169cde54","kober","67ad18a09e150413a5e6fa66","6a8159ec0f772dfe043c613a","2026-08-16 02:39"
"Tschapra","66b9c722770eb8e328a9c2fb","盲","63b6a120ed1bf0b1b513dfb8","6a8159a90f772dfe043c60e8","2026-08-16 02:39"
"Bms432","5d75a280b4ec1705ecdb7cf0","Lágrima","5f32d46aca94e000015886be","6a815a950f772dfe043c6251","2026-08-16 02:39"
"TEEM0","68f9fdd90f6d5f026cf9e4d8","Kemal G.","5d65159182777cc9c423867b","6a815a1f390a6c7e60e67890","2026-08-16 02:40"
"朋友是一个坚韧不拔的纪录片， 在香港这座城市的设置。","65de536fb77f430b929240f3","盲","63b6a120ed1bf0b1b513dfb8","6a8159a8947036f48974703e","2026-08-16 02:41"
"Yerofey Pavlovich","5c200f8d097d013a04bcd2a7","daes","603a39d190c95200017e30a2","6a8158b7390a6c7e60e67687","2026-08-16 02:41"
"GeoBiden","600367027963380001856b05","Crosby42","5a13d79e6e2ae15b80943d1b","6a815a8f947036f489747194","2026-08-16 02:42"
"Henrik","5ffda066ad68a300017a45e1","BYL","665af55a0f1c875d08a700fb","6a815aa2947036f4897471a6","2026-08-16 02:43"
"kober","67ad18a09e150413a5e6fa66","Tschapra","66b9c722770eb8e328a9c2fb","6a815aea947036f489747207","2026-08-16 02:43"
"Feneb","5dba86167e473f2408461141","aguardiente","60ba2dec2056310001c27701","6a815ace0f772dfe043c62ad","2026-08-16 02:44"
"Bms432","5d75a280b4ec1705ecdb7cf0","mav1land","63f4a2bda13ee3ab588d6275","6a815b90390a6c7e60e67ab0","2026-08-16 02:44"
"Superhorstuwe","67f42dea666326f3169cde54","Henrik","5ffda066ad68a300017a45e1","6a815be1390a6c7e60e67b1b","2026-08-16 02:45"
"盲","63b6a120ed1bf0b1b513dfb8","DonkeyGuesses","6912d873ef3380557dd45eec","6a815ae70f772dfe043c62c7","2026-08-16 02:45"
"盲","63b6a120ed1bf0b1b513dfb8","daes","603a39d190c95200017e30a2","6a815b85947036f48974730c","2026-08-16 02:46"
"Yerofey Pavlovich","5c200f8d097d013a04bcd2a7","盲","63b6a120ed1bf0b1b513dfb8","6a815b90390a6c7e60e67aaf","2026-08-16 02:49"
"盲","63b6a120ed1bf0b1b513dfb8","Superhorstuwe","67f42dea666326f3169cde54","6a815c55947036f489747439","2026-08-16 02:50"
"GeoBiden","600367027963380001856b05","Geoplonker","63e1d8513621f1ba4a58fb70","6a815bbc390a6c7e60e67ae8","2026-08-16 02:50"
"Delema()()()","65869f62df3f7bea3fa1d675","kober","67ad18a09e150413a5e6fa66","6a815c93390a6c7e60e67bf6","2026-08-16 02:51"
"Tschapra","66b9c722770eb8e328a9c2fb","Bms432","5d75a280b4ec1705ecdb7cf0","6a815c140f772dfe043c647a","2026-08-16 02:51"
"Henrik","5ffda066ad68a300017a45e1","kober","67ad18a09e150413a5e6fa66","6a815c53947036f489747436","2026-08-16 02:52"
"Henrik","5ffda066ad68a300017a45e1","kober","67ad18a09e150413a5e6fa66","6a815e09947036f4897476fe","2026-08-16 02:55"
"aguardiente","60ba2dec2056310001c27701","DonkeyGuesses","6912d873ef3380557dd45eec","6a815c3f390a6c7e60e67b93","2026-08-16 02:55"
"盲","63b6a120ed1bf0b1b513dfb8","daes","603a39d190c95200017e30a2","6a815d67947036f4897475ec","2026-08-16 02:56"
"盲","63b6a120ed1bf0b1b513dfb8","Syn","5fc86ba947bce10001a030ba","6a815da00d2268c2e52be8e5","2026-08-16 02:57"
"kober","67ad18a09e150413a5e6fa66","Henrik","5ffda066ad68a300017a45e1","6a815eb0947036f4897477cd","2026-08-16 02:58"
"盲","63b6a120ed1bf0b1b513dfb8","Syn","5fc86ba947bce10001a030ba","6a815da00d2268c2e52be8e5","2026-08-16 02:59"
"Delema()()()","65869f62df3f7bea3fa1d675","nowlo","67493198473744059fbb9736","6a815dfa390a6c7e60e67e65","2026-08-16 03:00"
"DonkeyGuesses","6912d873ef3380557dd45eec","miniura","650ff17b12259a4cd34bd829","6a815ed6947036f489747801","2026-08-16 03:00"
"Superhorstuwe","67f42dea666326f3169cde54","Yerofey Pavlovich","5c200f8d097d013a04bcd2a7","6a815daf0f772dfe043c676c","2026-08-16 03:02"
"kober","67ad18a09e150413a5e6fa66","朋友是一个坚韧不拔的纪录片， 在香港这座城市的设置。","65de536fb77f430b929240f3","6a815ecc0f772dfe043c6908","2026-08-16 03:03"
"盲","63b6a120ed1bf0b1b513dfb8","Syn","5fc86ba947bce10001a030ba","6a815f53390a6c7e60e6801c","2026-08-16 03:03"
"盲","63b6a120ed1bf0b1b513dfb8","Feneb","5dba86167e473f2408461141","6a815f88947036f4897478ce","2026-08-16 03:04"
"GeoBiden","600367027963380001856b05","Tschapra","66b9c722770eb8e328a9c2fb","6a815de70d2268c2e52be92c","2026-08-16 03:04"
"kober","67ad18a09e150413a5e6fa66","Henrik","5ffda066ad68a300017a45e1","6a815f820f772dfe043c69de","2026-08-16 03:05"
"盲","63b6a120ed1bf0b1b513dfb8","Feneb","5dba86167e473f2408461141","6a8160ec947036f489747ae5","2026-08-16 03:09"
"捲菸的菸草不來自後山","6372795ba9204b943dd562cf","盲","63b6a120ed1bf0b1b513dfb8","6a81605f947036f489747a24","2026-08-16 03:10"
"Terell Thomas","6428d427bb7424e826f4c214","DonkeyGuesses","6912d873ef3380557dd45eec","6a8161420f772dfe043c6c54","2026-08-16 03:10"
"Henrik","5ffda066ad68a300017a45e1","anizev","5ed9dcd29bdb822ab016e3fd","6a8161640f772dfe043c6c9c","2026-08-16 03:11"
"朋友是一个坚韧不拔的纪录片， 在香港这座城市的设置。","65de536fb77f430b929240f3","Syn","5fc86ba947bce10001a030ba","6a8160d6947036f489747aca","2026-08-16 03:12"
"Terell Thomas","6428d427bb7424e826f4c214","DonkeyGuesses","6912d873ef3380557dd45eec","6a816223390a6c7e60e683f0","2026-08-16 03:12"
"盲","63b6a120ed1bf0b1b513dfb8","Feneb","5dba86167e473f2408461141","6a8160ec947036f489747ae5","2026-08-16 03:13"
"Henrik","5ffda066ad68a300017a45e1","anizev","5ed9dcd29bdb822ab016e3fd","6a8162890f772dfe043c6e40","2026-08-16 03:13"
"kstyko","5ead136297d6cf24a42b1ef4","chilemasterballking","64c4d20a8f7b73c424913e00","6a8162ce390a6c7e60e684d1","2026-08-16 03:14"
"Tschapra","66b9c722770eb8e328a9c2fb","GeoBiden","600367027963380001856b05","6a8160e6947036f489747add","2026-08-16 03:16"
"盲","63b6a120ed1bf0b1b513dfb8","Feneb","5dba86167e473f2408461141","6a8162140f772dfe043c6d9e","2026-08-16 03:17"
"盲","63b6a120ed1bf0b1b513dfb8","Superhorstuwe","67f42dea666326f3169cde54","6a8162540f772dfe043c6df5","2026-08-16 03:18"
"Tschapra","66b9c722770eb8e328a9c2fb","GeoBiden","600367027963380001856b05","6a81638d947036f489747f15","2026-08-16 03:19"
"anizev","5ed9dcd29bdb822ab016e3fd","Joshkabloomy","604c5a52e142340001a0a666","6a8163670f772dfe043c6f7e","2026-08-16 03:19"
"Delema()()()","65869f62df3f7bea3fa1d675","kstyko","5ead136297d6cf24a42b1ef4","6a8163c50f772dfe043c701d","2026-08-16 03:20"
"chilemasterballking","64c4d20a8f7b73c424913e00","Henrik","5ffda066ad68a300017a45e1","6a816341947036f489747ea1","2026-08-16 03:20"
"朋友是一个坚韧不拔的纪录片， 在香港这座城市的设置。","65de536fb77f430b929240f3","盲","63b6a120ed1bf0b1b513dfb8","6a8162d9947036f489747dfc","2026-08-16 03:21"
"Feneb","5dba86167e473f2408461141","Superhorstuwe","67f42dea666326f3169cde54","6a8164210f772dfe043c7086","2026-08-16 03:22"
"Tschapra","66b9c722770eb8e328a9c2fb","anizev","5ed9dcd29bdb822ab016e3fd","6a81644c947036f489748020","2026-08-16 03:23"
"kstyko","5ead136297d6cf24a42b1ef4","Henrik","5ffda066ad68a300017a45e1","6a8164ba390a6c7e60e68784","2026-08-16 03:24"
"dudewalkingtothestore1999","6813b929970c7b33d30fd7e1","anizev","5ed9dcd29bdb822ab016e3fd","6a816534947036f4897481b5","2026-08-16 03:24"
"Terell Thomas","6428d427bb7424e826f4c214","Kanonenkaktus","5f1c05d6a8de85000129c1ac","6a81648f0f772dfe043c7135","2026-08-16 03:24"
"盲","63b6a120ed1bf0b1b513dfb8","Yerofey Pavlovich","5c200f8d097d013a04bcd2a7","6a8164f0947036f489748134","2026-08-16 03:25"
"chilemasterballking","64c4d20a8f7b73c424913e00","盲","63b6a120ed1bf0b1b513dfb8","6a816487947036f48974807b","2026-08-16 03:26"
"Kris","6773fe29c77b1d889eb42462","盲","63b6a120ed1bf0b1b513dfb8","6a8163e7390a6c7e60e68662","2026-08-16 03:27"
"Laatsch","60c62658b2f5d60001ed3efe","Bankz","6632068e2d673f57895aa438","6a8164f80f772dfe043c71c6","2026-08-16 03:27"
"Henrik","5ffda066ad68a300017a45e1","anizev","5ed9dcd29bdb822ab016e3fd","6a8165b2947036f48974827c","2026-08-16 03:28"
"Yerofey Pavlovich","5c200f8d097d013a04bcd2a7","silvia","5ab45e391e1f02697026c335","6a8165e1390a6c7e60e68920","2026-08-16 03:28"
"Terell Thomas","6428d427bb7424e826f4c214","dudewalkingtothestore1999","6813b929970c7b33d30fd7e1","6a8165ea0d2268c2e52bf171","2026-08-16 03:28"
"朋友是一个坚韧不拔的纪录片， 在香港这座城市的设置。","65de536fb77f430b929240f3","Superhorstuwe","67f42dea666326f3169cde54","6a816508947036f489748158","2026-08-16 03:29"
"UmLach","6a4c61b69e5ab052cae3e509","CLONOD","6242bd78de454031f82ebbc4","6a816653390a6c7e60e689e7","2026-08-16 03:29"
"Feneb","5dba86167e473f2408461141","kstyko","5ead136297d6cf24a42b1ef4","6a8165840f772dfe043c72bc","2026-08-16 03:31"
"Florian","5dad9132d0d2a44f1018e420","DonkeyGuesses","6912d873ef3380557dd45eec","6a816632947036f489748370","2026-08-16 03:31"
"Eddie","5695b1e1838cda1838015d4b","Delema()()()","65869f62df3f7bea3fa1d675","6a81661d947036f489748348","2026-08-16 03:32"
"Terell Thomas","6428d427bb7424e826f4c214","Caelux","66e5cc4c62390812a59964b4","6a8166ee0f772dfe043c74b4","2026-08-16 03:34"
"Syn","5fc86ba947bce10001a030ba","GeoBiden","600367027963380001856b05","6a8165ee947036f489748301","2026-08-16 03:35"
"Superhorstuwe","67f42dea666326f3169cde54","Yerofey Pavlovich","5c200f8d097d013a04bcd2a7","6a8166b50f772dfe043c744d","2026-08-16 03:36"
"Delema()()()","65869f62df3f7bea3fa1d675","Eddie","5695b1e1838cda1838015d4b","6a81677f0f772dfe043c7569","2026-08-16 03:37"
"Terell Thomas","6428d427bb7424e826f4c214","Feneb","5dba86167e473f2408461141","6a8167fc947036f48974862b","2026-08-16 03:37"
"Florian","5dad9132d0d2a44f1018e420","DonkeyGuesses","6912d873ef3380557dd45eec","6a81678d390a6c7e60e68b9f","2026-08-16 03:37"
"Superhorstuwe","67f42dea666326f3169cde54","Feneb","5dba86167e473f2408461141","6a81689b390a6c7e60e68d36","2026-08-16 03:40"
"Laatsch","60c62658b2f5d60001ed3efe","silvia","5ab45e391e1f02697026c335","6a816861947036f4897486d6","2026-08-16 03:40"
"Syn","5fc86ba947bce10001a030ba","Laatsch","60c62658b2f5d60001ed3efe","6a8169520f772dfe043c7876","2026-08-16 03:43"
"Yerofey Pavlovich","5c200f8d097d013a04bcd2a7","GeoBiden","600367027963380001856b05","6a8168440f772dfe043c769f","2026-08-16 03:45"
"Delema()()()","65869f62df3f7bea3fa1d675","Eddie","5695b1e1838cda1838015d4b","6a816901947036f489748819","2026-08-16 03:46"
"GCU","69f74f7bd9284e0db0e2a65c","Dumby The Wizard","62d3d7745f2d61d4ee64cca9","6a8169ae947036f489748919","2026-08-16 03:47"
"Superhorstuwe","67f42dea666326f3169cde54","Feneb","5dba86167e473f2408461141","6a81695e947036f4897488a5","2026-08-16 03:48"
"GeoBiden","600367027963380001856b05","Florian","5dad9132d0d2a44f1018e420","6a816a510f772dfe043c79ee","2026-08-16 03:49"
"Laatsch","60c62658b2f5d60001ed3efe","Syn","5fc86ba947bce10001a030ba","6a816a13947036f4897489de","2026-08-16 03:49"
"Yerofey Pavlovich","5c200f8d097d013a04bcd2a7","朋友是一个坚韧不拔的纪录片， 在香港这座城市的设置。","65de536fb77f430b929240f3","6a816a820f772dfe043c7a2d","2026-08-16 03:54"
"GCU","69f74f7bd9284e0db0e2a65c","GeoBiden","600367027963380001856b05","6a816b400f772dfe043c7b43","2026-08-16 03:55"
"Dumby The Wizard","62d3d7745f2d61d4ee64cca9","Superhorstuwe","67f42dea666326f3169cde54","6a816b6d947036f489748bfb","2026-08-16 03:56"
"GeoBiden","600367027963380001856b05","Jannik","5fc75232c612f0000152c3b5","6a816cf7390a6c7e60e69406","2026-08-16 03:59"
"Yerofey Pavlovich","5c200f8d097d013a04bcd2a7","Laatsch","60c62658b2f5d60001ed3efe","6a816c990f772dfe043c7d82","2026-08-16 04:00"
"sk 愛","666b76089d20c1dd39ec810c","Eddie","5695b1e1838cda1838015d4b","6a816cfc0f772dfe043c7e26","2026-08-16 04:03"
"GeoBiden","600367027963380001856b05","れい（Rey）","6444afc0c30fa09317b315fc","6a816de1947036f489748fee","2026-08-16 04:03"
"Syn","5fc86ba947bce10001a030ba","Joshkabloomy","604c5a52e142340001a0a666","6a816d53947036f489748f1c","2026-08-16 04:05"
"Yerofey Pavlovich","5c200f8d097d013a04bcd2a7","Tikon","621cddf10416aa00011b992b","6a816e34390a6c7e60e695db","2026-08-16 04:06"
"Delema()()()","65869f62df3f7bea3fa1d675","sk 愛","666b76089d20c1dd39ec810c","6a816ed4390a6c7e60e6971e","2026-08-16 04:07"
"Nibiru","5f8c1986d282f60001f34b05","朋友是一个坚韧不拔的纪录片， 在香港这座城市的设置。","65de536fb77f430b929240f3","6a816cc0947036f489748e26","2026-08-16 04:07"
"Superhorstuwe","67f42dea666326f3169cde54","Dumby The Wizard","62d3d7745f2d61d4ee64cca9","6a816d13947036f489748ebe","2026-08-16 04:07"
"GeoBiden","600367027963380001856b05","れい（Rey）","6444afc0c30fa09317b315fc","6a816e9b0f772dfe043c80ab","2026-08-16 04:08"
"Tikon","621cddf10416aa00011b992b","Julian","5a8eb2d498cc2c6744a88ce4","6a816f39390a6c7e60e697d2","2026-08-16 04:11"
"sk 愛","666b76089d20c1dd39ec810c","Halikaru","5c357a953d925b4de42c816a","6a817019390a6c7e60e6991e","2026-08-16 04:12"
"Aaryan22","657021f7412bfd95aad62550","Eddie","5695b1e1838cda1838015d4b","6a816eba390a6c7e60e696d3","2026-08-16 04:12"
"habesh","647734d056305f7bf5561a4e","Joonas Valtteri","6027bf5eb767780001b2204c","6a816ecf0f772dfe043c811f","2026-08-16 04:14"
"sk 愛","666b76089d20c1dd39ec810c","no thoughts, just violence","61cdfc02f6470200011a0caa","6a8170d5390a6c7e60e69a45","2026-08-16 04:16"
"Yerofey Pavlovich","5c200f8d097d013a04bcd2a7","GeoBiden","600367027963380001856b05","6a816fe50d2268c2e52bfc58","2026-08-16 04:16"
"Kraim","655c88001a146e82ab9593a5","Gabrielcrosetto88","63e155cc8854c2318b53eff2","6a8170fa390a6c7e60e69a79","2026-08-16 04:16"
"nowlo","67493198473744059fbb9736","Chuya","66549d4cc725af87c3aa9a34","6a817050947036f489749401","2026-08-16 04:17"
"Eddie","5695b1e1838cda1838015d4b","Halikaru","5c357a953d925b4de42c816a","6a8170e223063e05eaccf340","2026-08-16 04:18"
"Ziga","5f864ab232173400011bd862","Julian","5a8eb2d498cc2c6744a88ce4","6a817097390a6c7e60e699e4","2026-08-16 04:18"
"朋友是一个坚韧不拔的纪录片， 在香港这座城市的设置。","65de536fb77f430b929240f3","Dumby The Wizard","62d3d7745f2d61d4ee64cca9","6a816faa0f772dfe043c8278","2026-08-16 04:18"
"no thoughts, just violence","61cdfc02f6470200011a0caa","Yerofey Pavlovich","5c200f8d097d013a04bcd2a7","6a817218390a6c7e60e69c3a","2026-08-16 04:20"
"Superhorstuwe","67f42dea666326f3169cde54","Aaryan22","657021f7412bfd95aad62550","6a817126947036f48974953f","2026-08-16 04:21"
"GeoBiden","600367027963380001856b05","yakisaba","63cefde6f824a9096ddc950e","6a8171ae390a6c7e60e69b99","2026-08-16 04:21"
"Julian","5a8eb2d498cc2c6744a88ce4","Eddie","5695b1e1838cda1838015d4b","6a81722e390a6c7e60e69c5f","2026-08-16 04:22"
"Elori","57d698c209f2ef93b8572689","Dumby The Wizard","62d3d7745f2d61d4ee64cca9","6a8172050f772dfe043c8647","2026-08-16 04:22"
"no thoughts, just violence","61cdfc02f6470200011a0caa","朋友是一个坚韧不拔的纪录片， 在香港这座城市的设置。","65de536fb77f430b929240f3","6a8172a5947036f4897497e6","2026-08-16 04:23"
"sk 愛","666b76089d20c1dd39ec810c","Chuya","66549d4cc725af87c3aa9a34","6a8172150f772dfe043c865d","2026-08-16 04:24"
"Kraim","655c88001a146e82ab9593a5","parsec","670c184c705e783701c753c0","6a8171e50f772dfe043c860f","2026-08-16 04:25"
"no thoughts, just violence","61cdfc02f6470200011a0caa","朋友是一个坚韧不拔的纪录片， 在香港这座城市的设置。","65de536fb77f430b929240f3","6a817382947036f489749946","2026-08-16 04:26"
"Elori","57d698c209f2ef93b8572689","PLK","62179a5c8e88d400010d91ea","6a8173160f772dfe043c87e7","2026-08-16 04:27"
"Joo-eun.","6a290dd1cf6b59479a2ae4de","Frigo Camelo","6831b15be91c310e7f58d599","6a8173480f772dfe043c8842","2026-08-16 04:27"
"Dumby The Wizard","62d3d7745f2d61d4ee64cca9","Puwaphat2304","660da547c04c2826f94e7d80","6a8173580f772dfe043c885c","2026-08-16 04:28"
"no thoughts, just violence","61cdfc02f6470200011a0caa","Crimson_Skie5","6542b879035c41bbf7e7d0a5","6a817422947036f489749a68","2026-08-16 04:29"
"yakisaba","63cefde6f824a9096ddc950e","GeoBiden","600367027963380001856b05","6a8172e3390a6c7e60e69d70","2026-08-16 04:29"
"朋友是一个坚韧不拔的纪录片， 在香港这座城市的设置。","65de536fb77f430b929240f3","parsec","670c184c705e783701c753c0","6a817423390a6c7e60e69f56","2026-08-16 04:30"
"Puwaphat2304","660da547c04c2826f94e7d80","GeoBiden","600367027963380001856b05","6a8174a8390a6c7e60e6a034","2026-08-16 04:31"
"sk 愛","666b76089d20c1dd39ec810c","Chuya","66549d4cc725af87c3aa9a34","6a8173a9390a6c7e60e69eb9","2026-08-16 04:32"
"Aaryan22","657021f7412bfd95aad62550","Yerofey Pavlovich","5c200f8d097d013a04bcd2a7","6a8172cc390a6c7e60e69d4a","2026-08-16 04:33"
"Skcmj","669bbdca232879fb8fd85725","CARTO - GEO","6370f986261c84596054f8de","6a81747e0f772dfe043c8a54","2026-08-16 04:33"
"Schlork","5b79a04e1ee010718865158c","121 MeriDian E","66c0479c515ebf2ff7a660b5","6a81749a0f772dfe043c8a70","2026-08-16 04:33"
"yakisaba","63cefde6f824a9096ddc950e","Geoplonker","63e1d8513621f1ba4a58fb70","6a8174f8390a6c7e60e6a0ef","2026-08-16 04:35"
"no thoughts, just violence","61cdfc02f6470200011a0caa","朋友是一个坚韧不拔的纪录片， 在香港这座城市的设置。","65de536fb77f430b929240f3","6a817507390a6c7e60e6a10b","2026-08-16 04:36"
"Puwaphat2304","660da547c04c2826f94e7d80","parsec","670c184c705e783701c753c0","6a8175b5947036f489749d72","2026-08-16 04:39"
"PLK","62179a5c8e88d400010d91ea","Elori","57d698c209f2ef93b8572689","6a817436947036f489749a96","2026-08-16 04:40"
"no thoughts, just violence","61cdfc02f6470200011a0caa","朋友是一个坚韧不拔的纪录片， 在香港这座城市的设置。","65de536fb77f430b929240f3","6a8176610e7094bdc77e9046","2026-08-16 04:42"
"sk 愛","666b76089d20c1dd39ec810c","Yerofey Pavlovich","5c200f8d097d013a04bcd2a7","6a8175ff390a6c7e60e6a286","2026-08-16 04:44"
"nowlo","67493198473744059fbb9736","no thoughts, just violence","61cdfc02f6470200011a0caa","6a8176a5947036f489749f7f","2026-08-16 04:45"
"TEEM0","68f9fdd90f6d5f026cf9e4d8","CARTO - GEO","6370f986261c84596054f8de","6a81782a947036f48974a261","2026-08-16 04:46"
"Aaryan22","657021f7412bfd95aad62550","朋友是一个坚韧不拔的纪录片， 在香港这座城市的设置。","65de536fb77f430b929240f3","6a81780e390a6c7e60e6a5f4","2026-08-16 04:47"
"Lurkki","673dfa9f10797c20bc6721e9","CARTO - GEO","6370f986261c84596054f8de","6a8178e60d2268c2e52c0757","2026-08-16 04:49"
"TEEM0","68f9fdd90f6d5f026cf9e4d8","Kazuyanpi15","62f98280984cca8f85927223","6a8178aa947036f48974a351","2026-08-16 04:50"
"PLK","62179a5c8e88d400010d91ea","parsec","670c184c705e783701c753c0","6a817761947036f48974a0d5","2026-08-16 04:52"
"Aaryan22","657021f7412bfd95aad62550","朋友是一个坚韧不拔的纪录片， 在香港这座城市的设置。","65de536fb77f430b929240f3","6a8178ef947036f48974a3bf","2026-08-16 04:53"
"sk 愛","666b76089d20c1dd39ec810c","Eddie","5695b1e1838cda1838015d4b","6a8178590f772dfe043c9160","2026-08-16 04:55"
"PLK","62179a5c8e88d400010d91ea","parsec","670c184c705e783701c753c0","6a817a41947036f48974a635","2026-08-16 05:00"
"swangambit","5f7ddfaa5e57b3000189a24e","no thoughts, just violence","61cdfc02f6470200011a0caa","6a817ba1390a6c7e60e6ac46","2026-08-16 05:00"
"eeeeeeeeeeee","658e9c0361137989504ec7ee","Superhorstuwe","67f42dea666326f3169cde54","6a817ac50d2268c2e52c09e7","2026-08-16 05:01"
"Lurkki","673dfa9f10797c20bc6721e9","Yerofey Pavlovich","5c200f8d097d013a04bcd2a7","6a817988947036f48974a4db","2026-08-16 05:02"
"PLK","62179a5c8e88d400010d91ea","swangambit","5f7ddfaa5e57b3000189a24e","6a817bfd947036f48974aae5","2026-08-16 05:03"
"cocomelon123","5ffc1edc415d4d00016642d7","Json Delulu","6a14d675c819b60e452fa035","6a817b1f0f772dfe043c96c3","2026-08-16 05:06"
"Delema()()()","65869f62df3f7bea3fa1d675","wafflyss","6068a918d8694000010952a2","6a817be7390a6c7e60e6acf9","2026-08-16 05:07"
"Oli4brodjeaap","6390667778362b31eedaf759","Yerofey Pavlovich","5c200f8d097d013a04bcd2a7","6a817c720d2268c2e52c0d20","2026-08-16 05:07"
"朋友是一个坚韧不拔的纪录片， 在香港这座城市的设置。","65de536fb77f430b929240f3","Eddie","5695b1e1838cda1838015d4b","6a817bd80f772dfe043c9896","2026-08-16 05:08"
"Geoplonker","63e1d8513621f1ba4a58fb70","YZ223","67976b5a13757369b4e9ec50","6a817cc10d2268c2e52c0d8b","2026-08-16 05:09"
"swangambit","5f7ddfaa5e57b3000189a24e","PLK","62179a5c8e88d400010d91ea","6a817c970f772dfe043c9a20","2026-08-16 05:10"
"Superhorstuwe","67f42dea666326f3169cde54","parsec","670c184c705e783701c753c0","6a817c420f772dfe043c9972","2026-08-16 05:12"
"Delema()()()","65869f62df3f7bea3fa1d675","QueridaFaye","65ccbf18d27db2a3685168d8","6a817dd3947036f48974aedd","2026-08-16 05:13"
"kober","67ad18a09e150413a5e6fa66","朋友是一个坚韧不拔的纪录片， 在香港这座城市的设置。","65de536fb77f430b929240f3","6a817e75947036f48974b04b","2026-08-16 05:13"
"Oli4brodjeaap","6390667778362b31eedaf759","Yerofey Pavlovich","5c200f8d097d013a04bcd2a7","6a817dba23063e05eacd045e","2026-08-16 05:15"
"kober","67ad18a09e150413a5e6fa66","Superhorstuwe","67f42dea666326f3169cde54","6a817eb60f772dfe043c9e96","2026-08-16 05:16"
"Yerofey Pavlovich","5c200f8d097d013a04bcd2a7","GeoBiden","600367027963380001856b05","6a817f700e7094bdc77e9cbd","2026-08-16 05:16"
"swangambit","5f7ddfaa5e57b3000189a24e","PLK","62179a5c8e88d400010d91ea","6a817e3c947036f48974afbc","2026-08-16 05:17"
"Geoplonker","63e1d8513621f1ba4a58fb70","Timkon","681f023ce86ca49d1982d464","6a817f2c947036f48974b187","2026-08-16 05:18"
"Superhorstuwe","67f42dea666326f3169cde54","Oli4brodjeaap","6390667778362b31eedaf759","6a817fba390a6c7e60e6b3cc","2026-08-16 05:20"
"swangambit","5f7ddfaa5e57b3000189a24e","QueridaFaye","65ccbf18d27db2a3685168d8","6a817fea0f772dfe043ca10a","2026-08-16 05:22"
"朋友是一个坚韧不拔的纪录片， 在香港这座城市的设置。","65de536fb77f430b929240f3","cocomelon123","5ffc1edc415d4d00016642d7","6a817f240f772dfe043c9f7d","2026-08-16 05:22"
"Geoplonker","63e1d8513621f1ba4a58fb70","Babrnoch","676c36f3ae31f29e4b2ef2f5","6a818042390a6c7e60e6b496","2026-08-16 05:22"
"kober","67ad18a09e150413a5e6fa66","Superhorstuwe","67f42dea666326f3169cde54","6a8180b1390a6c7e60e6b561","2026-08-16 05:23"
"kober","67ad18a09e150413a5e6fa66","Superhorstuwe","67f42dea666326f3169cde54","6a8180b1390a6c7e60e6b561","2026-08-16 05:24"
"QueridaFaye","65ccbf18d27db2a3685168d8","swangambit","5f7ddfaa5e57b3000189a24e","6a8181200f772dfe043ca3ba","2026-08-16 05:26"
"Geoplonker","63e1d8513621f1ba4a58fb70","Zhihh","63b435e80510075fa39ac039","6a81813d947036f48974b6f2","2026-08-16 05:26"
"earthenjoyer","662b7a543f29656f5fe5bf53","PLK","62179a5c8e88d400010d91ea","6a8181b10f772dfe043ca52d","2026-08-16 05:27"
"MANGER","6785046bef2c357f0bdfd387","Yerofey Pavlovich","5c200f8d097d013a04bcd2a7","6a8180c0947036f48974b51f","2026-08-16 05:28"
"Superhorstuwe","67f42dea666326f3169cde54","cocomelon123","5ffc1edc415d4d00016642d7","6a818143947036f48974b6fc","2026-08-16 05:29"
"Schwarzweiss","5cfadc71b741f84acc8b23df","Bankz","6632068e2d673f57895aa438","6a817f7b0f772dfe043ca02e","2026-08-16 05:29"
"朋友是一个坚韧不拔的纪录片， 在香港这座城市的设置。","65de536fb77f430b929240f3","Geoplonker","63e1d8513621f1ba4a58fb70","6a81820c947036f48974b8e6","2026-08-16 05:31"
"kober","67ad18a09e150413a5e6fa66","PLK","62179a5c8e88d400010d91ea","6a8182bc0f772dfe043ca7d8","2026-08-16 05:35"
"盲","63b6a120ed1bf0b1b513dfb8","earthenjoyer","662b7a543f29656f5fe5bf53","6a81834a947036f48974bbaa","2026-08-16 05:35"
"Eddie","5695b1e1838cda1838015d4b","QueridaFaye","65ccbf18d27db2a3685168d8","6a81826e390a6c7e60e6b982","2026-08-16 05:35"
"Derzal","5f96feae45cc8c00017ca853","Sydn4y","67853ea3426d61dc087f1e1f","6a81827e390a6c7e60e6b9a7","2026-08-16 05:35"
"Yanek","5e625daa90d6cfa438a867a6","YRP","65361a91884b107b4fd0cef8","6a81826e947036f48974b9f7","2026-08-16 05:36"
"Yerofey Pavlovich","5c200f8d097d013a04bcd2a7","GeoBiden","600367027963380001856b05","6a8183e0947036f48974bcc4","2026-08-16 05:36"
"Geoplonker","63e1d8513621f1ba4a58fb70","BYL","665af55a0f1c875d08a700fb","6a818364390a6c7e60e6bb33","2026-08-16 05:37"
"Superhorstuwe","67f42dea666326f3169cde54","cocomelon123","5ffc1edc415d4d00016642d7","6a8182c90f772dfe043ca7e6","2026-08-16 05:38"
"Filipp","63bf085d2a26bb57d315f246","Rawin","6162efcdc23f260001c6a4d3","6a818464390a6c7e60e6bccf","2026-08-16 05:38"
"frey44","65196df73b287bbf7203f3f7","kiesta","679abff2e551bb82abef4fbd","6a8183be947036f48974bc88","2026-08-16 05:38"
"Schwarzweiss","5cfadc71b741f84acc8b23df","SoloDeveloping_ttv","6588371b2042a7381b6e016a","6a8183030d2268c2e52c1817","2026-08-16 05:38"
"YRP","65361a91884b107b4fd0cef8","aero","6204e99c582e1f0001bd9a43","6a8184680f772dfe043cab4a","2026-08-16 05:41"
"PLK","62179a5c8e88d400010d91ea","盲","63b6a120ed1bf0b1b513dfb8","6a81841f0f772dfe043caaaf","2026-08-16 05:41"
"Tudelzzz","6549fc9cf755320e28e30de7","patrickk.","69cbd6f7c27ed58d53a75908","6a818039947036f48974b3ac","2026-08-16 05:41"
"kober","67ad18a09e150413a5e6fa66","Filipp","63bf085d2a26bb57d315f246","6a8184e30f772dfe043cac27","2026-08-16 05:42"
"Eddie","5695b1e1838cda1838015d4b","earthenjoyer","662b7a543f29656f5fe5bf53","6a8184270d2268c2e52c196d","2026-08-16 05:42"
"朋友是一个坚韧不拔的纪录片， 在香港这座城市的设置。","65de536fb77f430b929240f3","Geoplonker","63e1d8513621f1ba4a58fb70","6a8184be947036f48974be9e","2026-08-16 05:42"
"Derzal","5f96feae45cc8c00017ca853","Sydn4y","67853ea3426d61dc087f1e1f","6a818452390a6c7e60e6bcb1","2026-08-16 05:42"
"PLK","62179a5c8e88d400010d91ea","cocomelon123","5ffc1edc415d4d00016642d7","6a818599390a6c7e60e6bec3","2026-08-16 05:46"
"Filipp","63bf085d2a26bb57d315f246","kober","67ad18a09e150413a5e6fa66","6a818651390a6c7e60e6c040","2026-08-16 05:46"
"frey44","65196df73b287bbf7203f3f7","earthenjoyer","662b7a543f29656f5fe5bf53","6a818604390a6c7e60e6bf6d","2026-08-16 05:46"
"Geoplonker","63e1d8513621f1ba4a58fb70","GeoBiden","600367027963380001856b05","6a8185e10f772dfe043cadf6","2026-08-16 05:46"
"朋友是一个坚韧不拔的纪录片， 在香港这座城市的设置。","65de536fb77f430b929240f3","Eddie","5695b1e1838cda1838015d4b","6a8185d4390a6c7e60e6bf19","2026-08-16 05:47"
"nota","68b68704757dd886cdc2365a","Ybarra","6493b04ff720fdece93fcb6f","6a81868e0f772dfe043cafaf","2026-08-16 05:47"
"YRP","65361a91884b107b4fd0cef8","aero","6204e99c582e1f0001bd9a43","6a8185fb947036f48974c14a","2026-08-16 05:48"
"Filipp","63bf085d2a26bb57d315f246","kober","67ad18a09e150413a5e6fa66","6a8186bf0f772dfe043cb00d","2026-08-16 05:48"
"PLK","62179a5c8e88d400010d91ea","Bob Tschigerillo","62248fc297f88100010c1763","6a8186aa0f772dfe043caff3","2026-08-16 05:50"
"朋友是一个坚韧不拔的纪录片， 在香港这座城市的设置。","65de536fb77f430b929240f3","Monaia","5d45566324ec173888d619a4","6a81872e390a6c7e60e6c1ff","2026-08-16 05:50"
"Geoplonker","63e1d8513621f1ba4a58fb70","earthenjoyer","662b7a543f29656f5fe5bf53","6a8186ff947036f48974c3cd","2026-08-16 05:50"
"Superhorstuwe","67f42dea666326f3169cde54","Schwarzweiss","5cfadc71b741f84acc8b23df","6a818550947036f48974c013","2026-08-16 05:51"
"kober","67ad18a09e150413a5e6fa66","Bob Tschigerillo","62248fc297f88100010c1763","6a8187940d2268c2e52c1e8a","2026-08-16 05:53"
"cocomelon123","5ffc1edc415d4d00016642d7","frey44","65196df73b287bbf7203f3f7","6a8186e10d2268c2e52c1d98","2026-08-16 05:53"
"Filipp","63bf085d2a26bb57d315f246","kober","67ad18a09e150413a5e6fa66","6a8187570f772dfe043cb123","2026-08-16 05:54"
"earthenjoyer","662b7a543f29656f5fe5bf53","Rawin","6162efcdc23f260001c6a4d3","6a8187bd947036f48974c567","2026-08-16 05:55"
"Monaia","5d45566324ec173888d619a4","Hez1tred.","68274ac83004afb088d83eac","6a8187cb947036f48974c581","2026-08-16 05:55"
"nota","68b68704757dd886cdc2365a","Sydn4y","67853ea3426d61dc087f1e1f","6a818761390a6c7e60e6c269","2026-08-16 05:55"
"cocomelon123","5ffc1edc415d4d00016642d7","frey44","65196df73b287bbf7203f3f7","6a818854390a6c7e60e6c448","2026-08-16 05:56"
"SIM","5ed11a2b282ad28b94fe9b42","Agastya","6260203bfc30a25d25410ac9","6a8184a2390a6c7e60e6bd37","2026-08-16 05:56"
"Monaia","5d45566324ec173888d619a4","Hez1tred.","68274ac83004afb088d83eac","6a8188da947036f48974c7b5","2026-08-16 05:56"
"PLK","62179a5c8e88d400010d91ea","Ripailloux","5f05fde774184e2f78733b0b","6a8188230f772dfe043cb2cb","2026-08-16 05:57"
"kober","67ad18a09e150413a5e6fa66","BYL","665af55a0f1c875d08a700fb","6a8188a90f772dfe043cb426","2026-08-16 05:57"
"Firma","5ff879f9ce04930001f6ee64",".Uz","654a71f1a02b54c363802082","6a81851d0f772dfe043caca3","2026-08-16 05:58"
"Filipp","63bf085d2a26bb57d315f246","kober","67ad18a09e150413a5e6fa66","6a8188ac0f772dfe043cb429","2026-08-16 05:58"
"earthenjoyer","662b7a543f29656f5fe5bf53","Sydn4y","67853ea3426d61dc087f1e1f","6a8188e10f772dfe043cb499","2026-08-16 05:58"
"Hez1tred.","68274ac83004afb088d83eac","Monaia","5d45566324ec173888d619a4","6a81891a947036f48974c838","2026-08-16 05:58"
"Bob Tschigerillo","62248fc297f88100010c1763","Superhorstuwe","67f42dea666326f3169cde54","6a81886d390a6c7e60e6c484","2026-08-16 05:59"
"BYL","665af55a0f1c875d08a700fb","Monaia","5d45566324ec173888d619a4","6a81895d0f772dfe043cb55f","2026-08-16 06:01"
"PLK","62179a5c8e88d400010d91ea","Jacky Wong","63be7833696b395b1a06db85","6a818943390a6c7e60e6c61c","2026-08-16 06:02"
"Bob Tschigerillo","62248fc297f88100010c1763","kober","67ad18a09e150413a5e6fa66","6a8189c7947036f48974c9fa","2026-08-16 06:02"
"frey44","65196df73b287bbf7203f3f7","cocomelon123","5ffc1edc415d4d00016642d7","6a818939947036f48974c880","2026-08-16 06:02"
"kober","67ad18a09e150413a5e6fa66","Filipp","63bf085d2a26bb57d315f246","6a818a710f772dfe043cb7c3","2026-08-16 06:03"
"kober","67ad18a09e150413a5e6fa66","Bob Tschigerillo","62248fc297f88100010c1763","6a818aa3390a6c7e60e6c95a","2026-08-16 06:06"
"Eddie","5695b1e1838cda1838015d4b","earthenjoyer","662b7a543f29656f5fe5bf53","6a8189a90f772dfe043cb5e3","2026-08-16 06:06"
"wert31415","6797c0be0b7bd1c00269ac82","Hez1tred.","68274ac83004afb088d83eac","6a818a0e0f772dfe043cb6d4","2026-08-16 06:06"
"YRP","65361a91884b107b4fd0cef8",".Uz","654a71f1a02b54c363802082","6a818aee0f772dfe043cb906","2026-08-16 06:07"
"Pedro Sampaio","63a8b951fb73701f4020d786","Ripailloux","5f05fde774184e2f78733b0b","6a818970947036f48974c90f","2026-08-16 06:07"
"PLK","62179a5c8e88d400010d91ea","Jacky Wong","63be7833696b395b1a06db85","6a818a88947036f48974cbd7","2026-08-16 06:08"
"Bob Tschigerillo","62248fc297f88100010c1763","Hez1tred.","68274ac83004afb088d83eac","6a818ba8390a6c7e60e6cb47","2026-08-16 06:08"
"Superhorstuwe","67f42dea666326f3169cde54","Sydn4y","67853ea3426d61dc087f1e1f","6a818a02390a6c7e60e6c7d7","2026-08-16 06:08"
"cocomelon123","5ffc1edc415d4d00016642d7","frey44","65196df73b287bbf7203f3f7","6a818a8e390a6c7e60e6c914","2026-08-16 06:08"
"Filipp","63bf085d2a26bb57d315f246","kober","67ad18a09e150413a5e6fa66","6a818ad9947036f48974cc9d","2026-08-16 06:09"
"Dumby The Wizard","62d3d7745f2d61d4ee64cca9","BYL","665af55a0f1c875d08a700fb","6a818a6d947036f48974cb8f","2026-08-16 06:09"
"kober","67ad18a09e150413a5e6fa66","Szymono","613295acc4b5740001f1bfdf","6a818c49390a6c7e60e6cc70","2026-08-16 06:11"
"Jacky Wong","63be7833696b395b1a06db85","earthenjoyer","662b7a543f29656f5fe5bf53","6a818bdc390a6c7e60e6cbbc","2026-08-16 06:11"
"wert31415","6797c0be0b7bd1c00269ac82","Hez1tred.","68274ac83004afb088d83eac","6a818c10947036f48974cee8","2026-08-16 06:11"
"YRP","65361a91884b107b4fd0cef8",".Uz","654a71f1a02b54c363802082","6a818bb10f772dfe043cba98","2026-08-16 06:12"
"Derzal","5f96feae45cc8c00017ca853","Womir1982","671a87967678ed42696f58ab","6a818b89947036f48974cdde","2026-08-16 06:12"
"Pedro Sampaio","63a8b951fb73701f4020d786","Eddie","5695b1e1838cda1838015d4b","6a818bc30f772dfe043cbabb","2026-08-16 06:14"
"earthenjoyer","662b7a543f29656f5fe5bf53","Szymono","613295acc4b5740001f1bfdf","6a818c914566d406b3b6aa54","2026-08-16 06:14"
"Bob Tschigerillo","62248fc297f88100010c1763","PLK","62179a5c8e88d400010d91ea","6a818c020f772dfe043cbb24","2026-08-16 06:15"
"frey44","65196df73b287bbf7203f3f7","cocomelon123","5ffc1edc415d4d00016642d7","6a818bd00f772dfe043cbad4","2026-08-16 06:15"
".Uz","654a71f1a02b54c363802082","YRP","65361a91884b107b4fd0cef8","6a818cd84566d406b3b6aaec","2026-08-16 06:16"
"Filipp","63bf085d2a26bb57d315f246","kober","67ad18a09e150413a5e6fa66","6a818c444566d406b3b6a9b1","2026-08-16 06:16"
"Thomas4183b","60194a73ccb73b00018edf77","BenNY_the_27","6064fc3f12c7b700012d0167","6a8188a7947036f48974c736","2026-08-16 06:16"
"koekemonster","602ea9c05fa0b100010db2b3","kober","67ad18a09e150413a5e6fa66","6a818cb80f772dfe043cbc6c","2026-08-16 06:19"
"BYL","665af55a0f1c875d08a700fb","Bob Tschigerillo","62248fc297f88100010c1763","6a818da1390a6c7e60e6cebb","2026-08-16 06:19"
"Tudelzzz","6549fc9cf755320e28e30de7","ADI","61e1dd8775ebf300018fcffe","6a818ca04566d406b3b6aa7e","2026-08-16 06:20"
"Bob Tschigerillo","62248fc297f88100010c1763","BYL","665af55a0f1c875d08a700fb","6a818e78390a6c7e60e6d03f","2026-08-16 06:21"
"Dumby The Wizard","62d3d7745f2d61d4ee64cca9","Szymono","613295acc4b5740001f1bfdf","6a818d59390a6c7e60e6ce76","2026-08-16 06:21"
"cocomelon123","5ffc1edc415d4d00016642d7","frey44","65196df73b287bbf7203f3f7","6a818d824566d406b3b6ac4e","2026-08-16 06:21"
"Matt_9332","6250182bdd625b65bc9638d0","earthenjoyer","662b7a543f29656f5fe5bf53","6a818d620f772dfe043cbd97","2026-08-16 06:21"
".Uz","654a71f1a02b54c363802082","kober","67ad18a09e150413a5e6fa66","6a818e0e4566d406b3b6ad4a","2026-08-16 06:22"
"Pedro Sampaio","63a8b951fb73701f4020d786","PLK","62179a5c8e88d400010d91ea","6a818d740f772dfe043cbdb3","2026-08-16 06:22"
"Shpluk","56a0a5f1f0f54438b8b9f4b1","Elori","57d698c209f2ef93b8572689","6a818cf54566d406b3b6ab2b","2026-08-16 06:22"
"Ripailloux","5f05fde774184e2f78733b0b","achmedsender","5a1606e2f370149bf01ab594","6a818c13ca6bacddc72b970b","2026-08-16 06:22"
"xZenith","6846d165a3008977fe607ade","koekemonster","602ea9c05fa0b100010db2b3","6a818fbf0f772dfe043cc176","2026-08-16 06:26"
"Julian","5a8eb2d498cc2c6744a88ce4","Elori","57d698c209f2ef93b8572689","6a818f2e947036f48974d48c","2026-08-16 06:26"
"kober","67ad18a09e150413a5e6fa66","Bob Tschigerillo","62248fc297f88100010c1763","6a818f0a0f772dfe043cc029","2026-08-16 06:26"
"cocomelon123","5ffc1edc415d4d00016642d7","Szymono","613295acc4b5740001f1bfdf","6a818f114566d406b3b6af49","2026-08-16 06:26"
"kober","67ad18a09e150413a5e6fa66","PLK","62179a5c8e88d400010d91ea","6a818f56947036f48974d4d8","2026-08-16 06:28"
"Erika","6835b7af656c2c951937f92e","Matt_9332","6250182bdd625b65bc9638d0","6a818f93947036f48974d554","2026-08-16 06:29"
"xZenith","6846d165a3008977fe607ade","koekemonster","602ea9c05fa0b100010db2b3","6a819033947036f48974d6d0","2026-08-16 06:31"
"Rawin","6162efcdc23f260001c6a4d3","Thomas4183b","60194a73ccb73b00018edf77","6a819029947036f48974d6c5","2026-08-16 06:31"
"Berzan Solmaz","6924b173be3c228d8500cc35","NotACat","6443b6fa8533a4048652b1e2","6a8190da947036f48974d813","2026-08-16 06:33"
"Rawin","6162efcdc23f260001c6a4d3","Garou","69f366ee3f7f13479269b155","6a8190ed4566d406b3b6b2ed","2026-08-16 06:33"
"Rawin","6162efcdc23f260001c6a4d3","ꀋꏦꇊ","679857c21e3f92bc77808937","6a819155390a6c7e60e6d4cc","2026-08-16 06:34"
"Pedro Sampaio","63a8b951fb73701f4020d786",".Uz","654a71f1a02b54c363802082","6a81900b4566d406b3b6b13a","2026-08-16 06:35"
"PLK","62179a5c8e88d400010d91ea","Bob Tschigerillo","62248fc297f88100010c1763","6a81907e390a6c7e60e6d378","2026-08-16 06:35"
"Tudelzzz","6549fc9cf755320e28e30de7","BenNY_the_27","6064fc3f12c7b700012d0167","6a818f744566d406b3b6b011","2026-08-16 06:35"
"Rawin","6162efcdc23f260001c6a4d3","Garou","69f366ee3f7f13479269b155","6a8191d90f772dfe043cc529","2026-08-16 06:35"
"Berzan Solmaz","6924b173be3c228d8500cc35","れい（Rey）","6444afc0c30fa09317b315fc","6a8191d1947036f48974d9ef","2026-08-16 06:36"
"PLK","62179a5c8e88d400010d91ea","xZenith","6846d165a3008977fe607ade","6a8192354566d406b3b6b583","2026-08-16 06:37"
"Julian","5a8eb2d498cc2c6744a88ce4","Dumby The Wizard","62d3d7745f2d61d4ee64cca9","6a819035947036f48974d6d8","2026-08-16 06:37"
"Shpluk","56a0a5f1f0f54438b8b9f4b1","achmedsender","5a1606e2f370149bf01ab594","6a81900d0f772dfe043cc20c","2026-08-16 06:37"
"PLK","62179a5c8e88d400010d91ea","xZenith","6846d165a3008977fe607ade","6a8192c0947036f48974dbe5","2026-08-16 06:39"
"Harper","64747a72fe41a947a0d0f752","Erika","6835b7af656c2c951937f92e","6a8190e84566d406b3b6b2e3","2026-08-16 06:39"
"cocomelon123","5ffc1edc415d4d00016642d7","Szymono","613295acc4b5740001f1bfdf","6a819043947036f48974d6f3","2026-08-16 06:39"
"WashedGoat?!","6a4e9ed6170dae471fef5a16","Rawin","6162efcdc23f260001c6a4d3","6a81922d947036f48974daaa","2026-08-16 06:39"
".Uz","654a71f1a02b54c363802082","Preussen","64da4d57e44ffbb819d935b1","6a8192ae947036f48974dbca","2026-08-16 06:41"
"parsec","670c184c705e783701c753c0","SoloDeveloping_ttv","6588371b2042a7381b6e016a","6a8191800f772dfe043cc4a4","2026-08-16 06:41"
"Garou","69f366ee3f7f13479269b155","れい（Rey）","6444afc0c30fa09317b315fc","6a81927a947036f48974db58","2026-08-16 06:41"
"Rawin","6162efcdc23f260001c6a4d3","DonkeyGuesses","6912d873ef3380557dd45eec","6a819321947036f48974dcaa","2026-08-16 06:42"
"Rawin","6162efcdc23f260001c6a4d3","Frigo Camelo","6831b15be91c310e7f58d599","6a8193ad390a6c7e60e6d8ba","2026-08-16 06:43"
"Rawin","6162efcdc23f260001c6a4d3","Matt","67a8e90f607e54ae2aaad54a","6a8193e9390a6c7e60e6d926","2026-08-16 06:44"
"xZenith","6846d165a3008977fe607ade","PLK","62179a5c8e88d400010d91ea","6a8193a4947036f48974ddd0","2026-08-16 06:45"
"Bob Tschigerillo","62248fc297f88100010c1763","Equinox","65cac339810ef89a8b628cc7","6a819244947036f48974dad9","2026-08-16 06:45"
"parsec","670c184c705e783701c753c0","Garou","69f366ee3f7f13479269b155","6a8193b40f772dfe043cc800","2026-08-16 06:45"
"Szymono","613295acc4b5740001f1bfdf","Erika","6835b7af656c2c951937f92e","6a8193270f772dfe043cc71b","2026-08-16 06:45"
"Rawin","6162efcdc23f260001c6a4d3","Frigo Camelo","6831b15be91c310e7f58d599","6a8194831733aae025b0e54e","2026-08-16 06:47"
"xZenith","6846d165a3008977fe607ade","PLK","62179a5c8e88d400010d91ea","6a8194b3947036f48974dfbd","2026-08-16 06:49"
"franek3215 2 (wached)","69bd7ff3c47c5404925b9113","Rawin","6162efcdc23f260001c6a4d3","6a81952d4566d406b3b6bb96","2026-08-16 06:49"
"MaJo","67d5c3a40631f3abae121baf","DonkeyGuesses","6912d873ef3380557dd45eec","6a8193e6390a6c7e60e6d919","2026-08-16 06:49"
"Tudelzzz","6549fc9cf755320e28e30de7","irrational","65ba97ce8b2ba0c747ffa3b7","6a819282947036f48974db62","2026-08-16 06:50"
"Kluczini Bananini","66d58c237a4d614b853dd2de","Szymono","613295acc4b5740001f1bfdf","6a8194894566d406b3b6ba53","2026-08-16 06:51"
"xZenith","6846d165a3008977fe607ade","PLK","62179a5c8e88d400010d91ea","6a81958e0f772dfe043ccacd","2026-08-16 06:52"
"Equinox","65cac339810ef89a8b628cc7","Garou","69f366ee3f7f13479269b155","6a8194b30f772dfe043cc952","2026-08-16 06:52"
"落汤鸡","675ee56fd2220e44dea68a81","Eddie","5695b1e1838cda1838015d4b","6a81948d947036f48974df72","2026-08-16 06:52"
"Erika","6835b7af656c2c951937f92e","parsec","670c184c705e783701c753c0","6a8195224566d406b3b6bb7b","2026-08-16 06:52"
"Rawin","6162efcdc23f260001c6a4d3","wert31415","6797c0be0b7bd1c00269ac82","6a81959d4566d406b3b6bc46","2026-08-16 06:53"
"Preussen","64da4d57e44ffbb819d935b1","reezwon","67cc28f8f758eb4f26db5827","6a8195860f772dfe043ccac5","2026-08-16 06:54"
"Erika","6835b7af656c2c951937f92e","Garou","69f366ee3f7f13479269b155","6a8196354566d406b3b6bd4d","2026-08-16 06:54"
"MaJo","67d5c3a40631f3abae121baf","Stella/chat off","63e1b563ec5549833a008296","6a8195e24566d406b3b6bcc2","2026-08-16 06:56"
"PLK","62179a5c8e88d400010d91ea","Equinox","65cac339810ef89a8b628cc7","6a8196410f772dfe043ccbdd","2026-08-16 06:57"
"Eddie","5695b1e1838cda1838015d4b","parsec","670c184c705e783701c753c0","6a819660947036f48974e2e9","2026-08-16 06:57"
"Rawin","6162efcdc23f260001c6a4d3","franek3215 2 (wached)","69bd7ff3c47c5404925b9113","6a8196b6947036f48974e39f","2026-08-16 06:57"
"Szymono","613295acc4b5740001f1bfdf","Kluczini Bananini","66d58c237a4d614b853dd2de","6a8195e90f772dfe043ccb58","2026-08-16 06:57"
".Uz","654a71f1a02b54c363802082","Pedro Sampaio","63a8b951fb73701f4020d786","6a81945c947036f48974df19","2026-08-16 06:58"
"simeon","62dc07edf32847e5836668f1","Preussen","64da4d57e44ffbb819d935b1","6a81975c390a6c7e60e6de33","2026-08-16 07:00"
"xZenith","6846d165a3008977fe607ade","Maksonic","619d09bdc4ab7000016c68d3","6a8196fb0f772dfe043ccd24","2026-08-16 07:00"
"Feneb","5dba86167e473f2408461141","Rawin","6162efcdc23f260001c6a4d3","6a8196d3947036f48974e3f7","2026-08-16 07:00"
"Kluczini Bananini","66d58c237a4d614b853dd2de","wert31415","6797c0be0b7bd1c00269ac82","6a8197850f772dfe043ccdeb","2026-08-16 07:00"
"Erika","6835b7af656c2c951937f92e","Garou","69f366ee3f7f13479269b155","6a8196c14566d406b3b6be4b","2026-08-16 07:00"
"Tudelzzz","6549fc9cf755320e28e30de7","落汤鸡","675ee56fd2220e44dea68a81","6a819681947036f48974e322","2026-08-16 07:01"
"Pedro Sampaio","63a8b951fb73701f4020d786","twitch.tv/yapchell","67f66e1eab7fc9feab89429b","6a8197c90f772dfe043cce5b","2026-08-16 07:02"
"Shpluk","56a0a5f1f0f54438b8b9f4b1","achmedsender","5a1606e2f370149bf01ab594","6a8194404566d406b3b6b9be","2026-08-16 07:02"
"kstyko","5ead136297d6cf24a42b1ef4","48Meters on Apía - Tadó = 4999","5e730243cd30756270994780","6a8197ac0f772dfe043cce31","2026-08-16 07:02"
"Tikon","621cddf10416aa00011b992b","GeoMax","610ade6208061c000158624f","6a8197f74566d406b3b6c07a","2026-08-16 07:03"
"Equinox","65cac339810ef89a8b628cc7","Stella/chat off","63e1b563ec5549833a008296","6a8197554566d406b3b6bf56","2026-08-16 07:03"
"Mitteconrad","6056349f72a5a900014128a9","thenderson netanyahu","651735b2324c811102e538a6","6a8196754566d406b3b6bdc0","2026-08-16 07:04"
"twitch.tv/yapchell","67f66e1eab7fc9feab89429b","Gaizkaiser","61e67e2b8a1e1100013538d3","6a819890947036f48974e74f","2026-08-16 07:05"
"PLK","62179a5c8e88d400010d91ea","Eddie","5695b1e1838cda1838015d4b","6a8197664566d406b3b6bf71","2026-08-16 07:05"
"落汤鸡","675ee56fd2220e44dea68a81","Erika","6835b7af656c2c951937f92e","6a81985f4566d406b3b6c153","2026-08-16 07:05"
"Rawin","6162efcdc23f260001c6a4d3","Feneb","5dba86167e473f2408461141","6a8198360f772dfe043ccef1","2026-08-16 07:05"
"kriszh","5922abce1bba700c703b0c00","Conax","683029bd7e7399d1213e44e3","6a8197000d2268c2e52c32dd","2026-08-16 07:06"
"Szymono","613295acc4b5740001f1bfdf","parsec","670c184c705e783701c753c0","6a819782390a6c7e60e6de69","2026-08-16 07:06"
"48Meters on Apía - Tadó = 4999","5e730243cd30756270994780","kstyko","5ead136297d6cf24a42b1ef4","6a8198ae4566d406b3b6c1e3","2026-08-16 07:07"
"wert31415","6797c0be0b7bd1c00269ac82","Kluczini Bananini","66d58c237a4d614b853dd2de","6a8199874566d406b3b6c381","2026-08-16 07:07"
"Lennli","5b4899f5b56fe41a1831bba4","xZenith","6846d165a3008977fe607ade","6a8198540f772dfe043ccf1a","2026-08-16 07:08"
"Equinox","65cac339810ef89a8b628cc7","Stella/chat off","63e1b563ec5549833a008296","6a8198c4947036f48974e7c4","2026-08-16 07:08"
"StayHumble","69d51b7a6e59940ded5ab98d","Maksonic","619d09bdc4ab7000016c68d3","6a8199194566d406b3b6c2af","2026-08-16 07:09"
"Till","5f04dedea8560175a4e2b497","Szymono","613295acc4b5740001f1bfdf","6a819985947036f48974e957","2026-08-16 07:09"
"Feneb","5dba86167e473f2408461141","GeoMax","610ade6208061c000158624f","6a8199420f772dfe043cd07d","2026-08-16 07:10"
".Uz","654a71f1a02b54c363802082","simeon","62dc07edf32847e5836668f1","6a819846947036f48974e6a5","2026-08-16 07:11"
"twitch.tv/yapchell","67f66e1eab7fc9feab89429b","Gaizkaiser","61e67e2b8a1e1100013538d3","6a81995e4566d406b3b6c333","2026-08-16 07:11"
"irrational","65ba97ce8b2ba0c747ffa3b7","Caetsar","5ec82eb4f849319644f4d9ab","6a81960aca6bacddc72ba2ea","2026-08-16 07:11"
"MaJo","67d5c3a40631f3abae121baf","Garou","69f366ee3f7f13479269b155","6a8198b6947036f48974e7af","2026-08-16 07:11"
"Szymono","613295acc4b5740001f1bfdf","Stella/chat off","63e1b563ec5549833a008296","6a819a260f772dfe043cd206","2026-08-16 07:12"
"Thomas4183b","60194a73ccb73b00018edf77","Paris, Texas","6999ebd9423ce38404eadfb6","6a8197c5390a6c7e60e6dec9","2026-08-16 07:12"
"PLK","62179a5c8e88d400010d91ea","adameq","626c3725834eacd247226547","6a8199454566d406b3b6c2fe","2026-08-16 07:13"
"Shpluk","56a0a5f1f0f54438b8b9f4b1","落汤鸡","675ee56fd2220e44dea68a81","6a819960947036f48974e912","2026-08-16 07:13"
"Equinox","65cac339810ef89a8b628cc7","48Meters on Apía - Tadó = 4999","5e730243cd30756270994780","6a819a01390a6c7e60e6e236","2026-08-16 07:13"
"Lennli","5b4899f5b56fe41a1831bba4","xZenith","6846d165a3008977fe607ade","6a819a331733aae025b0ebe3","2026-08-16 07:14"
"Eddie","5695b1e1838cda1838015d4b","Nick.BY","5926b86352e6ca6c8c1463d7","6a8199a04566d406b3b6c3aa","2026-08-16 07:14"
"nowlo","67493198473744059fbb9736","Preussen","64da4d57e44ffbb819d935b1","6a8198cb4566d406b3b6c214","2026-08-16 07:16"
"Stella/chat off","63e1b563ec5549833a008296","Rick Astley","64fce8cb8f2e9fbe3b42b979","6a819b034566d406b3b6c641","2026-08-16 07:16"
"Conax","683029bd7e7399d1213e44e3","zappi","605b96419b413c0001f0390b","6a819a3a947036f48974eaa5","2026-08-16 07:17"
"Garou","69f366ee3f7f13479269b155","Falken","6259db15861871be45a34fab","6a819b47947036f48974ec91","2026-08-16 07:17"
"twitch.tv/yapchell","67f66e1eab7fc9feab89429b","PLK","62179a5c8e88d400010d91ea","6a819b174566d406b3b6c67e","2026-08-16 07:18"
"Maksonic","619d09bdc4ab7000016c68d3","Gaizkaiser","61e67e2b8a1e1100013538d3","6a819ab10f772dfe043cd2f6","2026-08-16 07:18"
"Feneb","5dba86167e473f2408461141","48Meters on Apía - Tadó = 4999","5e730243cd30756270994780","6a819b740f772dfe043cd497","2026-08-16 07:19"
"GeoMax","610ade6208061c000158624f","MaJo","67d5c3a40631f3abae121baf","6a819ad8947036f48974ebc3","2026-08-16 07:19"
"Flying Matze","596539239a4f706a2c9cda09","PopularPeninsula783","6794f91a4613843d08b344b1","6a819af6390a6c7e60e6e386","2026-08-16 07:19"
"adameq","626c3725834eacd247226547","Nick.BY","5926b86352e6ca6c8c1463d7","6a819b680f772dfe043cd477","2026-08-16 07:20"
"twitch.tv/yapchell","67f66e1eab7fc9feab89429b","xZenith","6846d165a3008977fe607ade","6a819c3f947036f48974ee84","2026-08-16 07:21"
"Kluczini Bananini","66d58c237a4d614b853dd2de","Szymono","613295acc4b5740001f1bfdf","6a819b074566d406b3b6c64e","2026-08-16 07:21"
"zappi","605b96419b413c0001f0390b","Stella/chat off","63e1b563ec5549833a008296","6a819bfd390a6c7e60e6e563","2026-08-16 07:22"
"Geoplonker","63e1d8513621f1ba4a58fb70","Ruben","5e1334ba1b34a033c801a9e8","6a819c760f772dfe043cd692","2026-08-16 07:22"
"simeon","62dc07edf32847e5836668f1","Eamonn","5e2e983722bbda85a40e9009","6a819ab50f772dfe043cd2fe","2026-08-16 07:23"
"48Meters on Apía - Tadó = 4999","5e730243cd30756270994780","Maksonic","619d09bdc4ab7000016c68d3","6a819cfe4566d406b3b6ca9c","2026-08-16 07:23"
"Pedro Sampaio","63a8b951fb73701f4020d786","Conax","683029bd7e7399d1213e44e3","6a819c37390a6c7e60e6e5cf","2026-08-16 07:24"
"Shpluk","56a0a5f1f0f54438b8b9f4b1","落汤鸡","675ee56fd2220e44dea68a81","6a819b100f772dfe043cd3b3","2026-08-16 07:24"
"Szymono","613295acc4b5740001f1bfdf","Kluczini Bananini","66d58c237a4d614b853dd2de","6a819d060f772dfe043cd781","2026-08-16 07:24"
"Paris, Texas","6999ebd9423ce38404eadfb6","Kenari","5e611a2212777c5c0431ee4b","6a819cf7947036f48974eff3","2026-08-16 07:24"
"Gaizkaiser","61e67e2b8a1e1100013538d3","PLK","62179a5c8e88d400010d91ea","6a819c510f772dfe043cd64f","2026-08-16 07:25"
"Ruben","5e1334ba1b34a033c801a9e8","Frigo Camelo","6831b15be91c310e7f58d599","6a819d5e4566d406b3b6cb65","2026-08-16 07:25"
".Uz","654a71f1a02b54c363802082","Lennli","5b4899f5b56fe41a1831bba4","6a819b77390a6c7e60e6e452","2026-08-16 07:26"
"Giant Panda","6874e2f8ef3960e599abae7c","48Meters on Apía - Tadó = 4999","5e730243cd30756270994780","6a819d940f772dfe043cd878","2026-08-16 07:26"
"adameq","626c3725834eacd247226547","Nick.BY","5926b86352e6ca6c8c1463d7","6a819d01947036f48974f00d","2026-08-16 07:27"
"Maksonic","619d09bdc4ab7000016c68d3","xZenith","6846d165a3008977fe607ade","6a819d974566d406b3b6cbf0","2026-08-16 07:28"
"Equinox","65cac339810ef89a8b628cc7","Stevige","67057bd80e65158e29b7a97e","6a819b52947036f48974ecb6","2026-08-16 07:28"
"GeoMax","610ade6208061c000158624f","Stella/chat off","63e1b563ec5549833a008296","6a819d5c4566d406b3b6cb61","2026-08-16 07:28"
"48Meters on Apía - Tadó = 4999","5e730243cd30756270994780","Giant Panda","6874e2f8ef3960e599abae7c","6a819e2d947036f48974f289","2026-08-16 07:28"
"Garou","69f366ee3f7f13479269b155","Ruben","5e1334ba1b34a033c801a9e8","6a819e15947036f48974f250","2026-08-16 07:28"
"Pedro Sampaio","63a8b951fb73701f4020d786","Tikon","621cddf10416aa00011b992b","6a819dba4566d406b3b6cc3a","2026-08-16 07:29"
"48Meters on Apía - Tadó = 4999","5e730243cd30756270994780","Giant Panda","6874e2f8ef3960e599abae7c","6a819e990f772dfe043cda32","2026-08-16 07:29"
"Geoplonker","63e1d8513621f1ba4a58fb70","zappi","605b96419b413c0001f0390b","6a819d62947036f48974f0df","2026-08-16 07:29"
"Kluczini Bananini","66d58c237a4d614b853dd2de","Szymono","613295acc4b5740001f1bfdf","6a819dbf0f772dfe043cd8c2","2026-08-16 07:29"
"Gaizkaiser","61e67e2b8a1e1100013538d3","PLK","62179a5c8e88d400010d91ea","6a819e110f772dfe043cd93e","2026-08-16 07:30"
"Erika","6835b7af656c2c951937f92e","DonkeyGuesses","6912d873ef3380557dd45eec","6a819da6390a6c7e60e6e832","2026-08-16 07:31"
"Garou","69f366ee3f7f13479269b155","Kluczini Bananini","66d58c237a4d614b853dd2de","6a819edf4566d406b3b6cec4","2026-08-16 07:31"
"YRP","65361a91884b107b4fd0cef8","simeon","62dc07edf32847e5836668f1","6a819eeb947036f48974f41f","2026-08-16 07:32"
"Gaizkaiser","61e67e2b8a1e1100013538d3","PLK","62179a5c8e88d400010d91ea","6a819f2f0f772dfe043cdb27","2026-08-16 07:32"
"adameq","626c3725834eacd247226547","Nick.BY","5926b86352e6ca6c8c1463d7","6a819e5d390a6c7e60e6e953","2026-08-16 07:32"
"Stevige","67057bd80e65158e29b7a97e","GeoMax","610ade6208061c000158624f","6a819ea44566d406b3b6ce4c","2026-08-16 07:32"
"落汤鸡","675ee56fd2220e44dea68a81","Timbo","6352c05ddc57c324dba7d12f","6a819de74566d406b3b6cca5","2026-08-16 07:33"
"MaJo","67d5c3a40631f3abae121baf","CARTO - GEO","6370f986261c84596054f8de","6a819ca9947036f48974ef64","2026-08-16 07:33"
"Maksonic","619d09bdc4ab7000016c68d3","Jonas","661ad4c4073f663c21b57fe6","6a819f814566d406b3b6d008","2026-08-16 07:34"
"Eddie","5695b1e1838cda1838015d4b","kriszh","5922abce1bba700c703b0c00","6a819cae390a6c7e60e6e69c","2026-08-16 07:34"
"irrational","65ba97ce8b2ba0c747ffa3b7","ChronosC","63262c005e44be1f38494296","6a819bb7947036f48974ed80","2026-08-16 07:34"
"Pedro Sampaio","63a8b951fb73701f4020d786","adameq","626c3725834eacd247226547","6a819fab947036f48974f594","2026-08-16 07:35"
"Shpluk","56a0a5f1f0f54438b8b9f4b1","achmedsender","5a1606e2f370149bf01ab594","6a819e964566d406b3b6ce22","2026-08-16 07:35"
"PLK","62179a5c8e88d400010d91ea","JoeySpeeltGames (YT)","6272d88be46a0017a063634a","6a819f93947036f48974f560","2026-08-16 07:35"
"Tikon","621cddf10416aa00011b992b","Conax","683029bd7e7399d1213e44e3","6a819ee90f772dfe043cdaa3","2026-08-16 07:36"
"YRP","65361a91884b107b4fd0cef8","simeon","62dc07edf32847e5836668f1","6a819fab4566d406b3b6d04b","2026-08-16 07:37"
"PLK","62179a5c8e88d400010d91ea","Jonas","661ad4c4073f663c21b57fe6","6a81a041947036f48974f6bf","2026-08-16 07:37"
"Garou","69f366ee3f7f13479269b155","DonkeyGuesses","6912d873ef3380557dd45eec","6a819f784566d406b3b6cffd","2026-08-16 07:37"
"Kraim","655c88001a146e82ab9593a5","Falken","6259db15861871be45a34fab","6a819fbd0f772dfe043cdc08","2026-08-16 07:37"
"Lennli","5b4899f5b56fe41a1831bba4","Gaizkaiser","61e67e2b8a1e1100013538d3","6a819f94947036f48974f564","2026-08-16 07:39"
"zappi","605b96419b413c0001f0390b","Equinox","65cac339810ef89a8b628cc7","6a819f4d947036f48974f4fa","2026-08-16 07:39"
"YRP","65361a91884b107b4fd0cef8","simeon","62dc07edf32847e5836668f1","6a81a0bc0f772dfe043cdda9","2026-08-16 07:40"
"JoeySpeeltGames (YT)","6272d88be46a0017a063634a","Rawin","6162efcdc23f260001c6a4d3","6a81a082390a6c7e60e6ec7c","2026-08-16 07:40"
"Maksonic","619d09bdc4ab7000016c68d3","PLK","62179a5c8e88d400010d91ea","6a81a0b4947036f48974f7b1","2026-08-16 07:42"
"kriszh","5922abce1bba700c703b0c00","adameq","626c3725834eacd247226547","6a81a0750f772dfe043cdd42","2026-08-16 07:42"
"Tikon","621cddf10416aa00011b992b","Conax","683029bd7e7399d1213e44e3","6a81a0c2947036f48974f7ca","2026-08-16 07:42"
"落汤鸡","675ee56fd2220e44dea68a81","Stevige","67057bd80e65158e29b7a97e","6a819fe54566d406b3b6d0c0","2026-08-16 07:42"
"Eddie","5695b1e1838cda1838015d4b","Красота спасёт мир","696e7ffd3657a531005b1a50","6a81a0324566d406b3b6d157","2026-08-16 07:43"
"Gaizkaiser","61e67e2b8a1e1100013538d3","Lennli","5b4899f5b56fe41a1831bba4","6a81a167947036f48974f916","2026-08-16 07:44"
"Equinox","65cac339810ef89a8b628cc7","[ODG] Felix","5caae9e58d22d966e47b01b2","6a81a147947036f48974f8d5","2026-08-16 07:44"
"Rawin","6162efcdc23f260001c6a4d3","JoeySpeeltGames (YT)","6272d88be46a0017a063634a","6a81a1c4947036f48974f9e1","2026-08-16 07:44"
"franek3215 2 (wached)","69bd7ff3c47c5404925b9113","Frigo Camelo","6831b15be91c310e7f58d599","6a81a197390a6c7e60e6ee50","2026-08-16 07:44"
"xenoxvx","656a6671f86dd57dbb5e2d65","DonkeyGuesses","6912d873ef3380557dd45eec","6a81a12c390a6c7e60e6ed85","2026-08-16 07:44"
"Eamonn","5e2e983722bbda85a40e9009","Pedro Sampaio","63a8b951fb73701f4020d786","6a81a06b390a6c7e60e6ec4a","2026-08-16 07:45"
"Jonas","661ad4c4073f663c21b57fe6","Ruben","5e1334ba1b34a033c801a9e8","6a81a0d6947036f48974f7fd","2026-08-16 07:45"
"Schwarzweiss","5cfadc71b741f84acc8b23df","Maswara","656ca965880e3e2a9a64d361","6a81a187947036f48974f952","2026-08-16 07:45"
"Julian","5a8eb2d498cc2c6744a88ce4","zappi","605b96419b413c0001f0390b","6a81a1884566d406b3b6d44f","2026-08-16 07:46"
"Gaizkaiser","61e67e2b8a1e1100013538d3","Lennli","5b4899f5b56fe41a1831bba4","6a81a2b70f772dfe043ce177","2026-08-16 07:47"
"Paris, Texas","6999ebd9423ce38404eadfb6","Kraim","655c88001a146e82ab9593a5","6a81a239947036f48974faef","2026-08-16 07:47"
"PLK","62179a5c8e88d400010d91ea","Stevige","67057bd80e65158e29b7a97e","6a81a2044566d406b3b6d57a","2026-08-16 07:48"
"Thomas4183b","60194a73ccb73b00018edf77","DeTect","65aaf6d23171e89a57705b47","6a81a10b4566d406b3b6d335","2026-08-16 07:48"
"Equinox","65cac339810ef89a8b628cc7","adameq","626c3725834eacd247226547","6a81a26d0f772dfe043ce105","2026-08-16 07:50"
"JoeySpeeltGames (YT)","6272d88be46a0017a063634a","Ruben","5e1334ba1b34a033c801a9e8","6a81a2c923063e05eacd3523","2026-08-16 07:50"
"Rawin","6162efcdc23f260001c6a4d3","Jonas","661ad4c4073f663c21b57fe6","6a81a2a4947036f48974fbef","2026-08-16 07:50"
"aguardiente","60ba2dec2056310001c27701","Paris, Texas","6999ebd9423ce38404eadfb6","6a81a1d10f772dfe043cdfa8","2026-08-16 07:50"
"irrational","65ba97ce8b2ba0c747ffa3b7","Timbo","6352c05ddc57c324dba7d12f","6a81a2f7390a6c7e60e6f0ae","2026-08-16 07:51"
"Geoplonker","63e1d8513621f1ba4a58fb70","Schwarzweiss","5cfadc71b741f84acc8b23df","6a81a2fb947036f48974fca4","2026-08-16 07:51"
"Garou","69f366ee3f7f13479269b155","Skaven","684ffbcec374eb437a89fc20","6a81a29d1733aae025b0f733","2026-08-16 07:51"
"simeon","62dc07edf32847e5836668f1","Maksonic","619d09bdc4ab7000016c68d3","6a81a28e4566d406b3b6d6ce","2026-08-16 07:52"
"zappi","605b96419b413c0001f0390b","Taiyo","68fa168910383f76a558d5b1","6a81a3074566d406b3b6d7ef","2026-08-16 07:52"
"DonkeyGuesses","6912d873ef3380557dd45eec","Don't Give Up","5ffb60de75d2770001545e96","6a81a2dd0f772dfe043ce1d4","2026-08-16 07:52"
"Magnus","679395e4205fcbaaa18ff360","Blumeq","61223629224b8a0001020f04","6a81a25e390a6c7e60e6efd4","2026-08-16 07:52"
"Shpluk","56a0a5f1f0f54438b8b9f4b1","R2 Moving Goat","686fd3f2ed7d3b771f809a95","6a81a0f2947036f48974f837","2026-08-16 07:53"
"Eddie","5695b1e1838cda1838015d4b","Conax","683029bd7e7399d1213e44e3","6a81a2c9390a6c7e60e6f064","2026-08-16 07:53"
"Garou","69f366ee3f7f13479269b155","Katann","65344618265023e3e16f3225","6a81a43a0f772dfe043ce44c","2026-08-16 07:53"
"Julian","5a8eb2d498cc2c6744a88ce4","BotsWannaBeMe","678d57b5624e9dc811ce9ca0","6a81a36c0f772dfe043ce2ba","2026-08-16 07:54"
"Ripailloux","5f05fde774184e2f78733b0b","Elori","57d698c209f2ef93b8572689","6a81a3a1947036f48974fdec","2026-08-16 07:54"
"Jonas","661ad4c4073f663c21b57fe6","JoeySpeeltGames (YT)","6272d88be46a0017a063634a","6a81a43c4566d406b3b6da59","2026-08-16 07:55"
"Taiyo","68fa168910383f76a558d5b1","DonkeyGuesses","6912d873ef3380557dd45eec","6a81a4530e7094bdc77eccbf","2026-08-16 07:55"
"Eamonn","5e2e983722bbda85a40e9009","Pedro Sampaio","63a8b951fb73701f4020d786","6a81a3270f772dfe043ce255","2026-08-16 07:56"
"xenoxvx","656a6671f86dd57dbb5e2d65","fatslump","603e28ef0297940001b93db1","6a81a2714566d406b3b6d697","2026-08-16 07:56"
"Paris, Texas","6999ebd9423ce38404eadfb6","franek3215 2 (wached)","69bd7ff3c47c5404925b9113","6a81a46e947036f48974ffcd","2026-08-16 07:56"
"Kraim","655c88001a146e82ab9593a5","Womir1982","671a87967678ed42696f58ab","6a81a3da0f772dfe043ce3ad","2026-08-16 07:56"
"YRP","65361a91884b107b4fd0cef8","Lennli","5b4899f5b56fe41a1831bba4","6a81a37d390a6c7e60e6f180","2026-08-16 07:57"
"oiva","69144f05b078f459481f7a67","Gaizkaiser","61e67e2b8a1e1100013538d3","6a81a3cf947036f48974fe65","2026-08-16 07:57"
"PLK","62179a5c8e88d400010d91ea","Stevige","67057bd80e65158e29b7a97e","6a81a377390a6c7e60e6f179","2026-08-16 07:57"
"Timbo","6352c05ddc57c324dba7d12f","SIM","5ed11a2b282ad28b94fe9b42","6a81a45b947036f48974ff9d","2026-08-16 07:57"
"Ruben","5e1334ba1b34a033c801a9e8","Nank","63c3387d291d7f1604e7a6e3","6a81a4f0947036f4897500c8","2026-08-16 07:57"
"ILIAPLONKS (YT/TTV)","623798a42965f997f04b1cc1","twitch.tv/yapchell","67f66e1eab7fc9feab89429b","6a819e214566d406b3b6cd17","2026-08-16 07:59"
"Paris, Texas","6999ebd9423ce38404eadfb6","Ruben","5e1334ba1b34a033c801a9e8","6a81a47d0f772dfe043ce4e0","2026-08-16 07:59"
"simeon","62dc07edf32847e5836668f1","Maksonic","619d09bdc4ab7000016c68d3","6a81a52a947036f48975013c","2026-08-16 08:00"
"BotsWannaBeMe","678d57b5624e9dc811ce9ca0","Grategonalop","5d0cfad48b19a91fe05aaa20","6a81a4d2947036f48975008f","2026-08-16 08:00"
"Paris, Texas","6999ebd9423ce38404eadfb6","GeoMax","610ade6208061c000158624f","6a81a572390a6c7e60e6f49c","2026-08-16 08:00"
"Garou","69f366ee3f7f13479269b155","Erika","6835b7af656c2c951937f92e","6a81a4ac23063e05eacd377c","2026-08-16 08:00"
"[TNT] jv724 α","5d50f46b24ec173888d7e22e","franek3215 2 (wached)","69bd7ff3c47c5404925b9113","6a81a5534566d406b3b6dc67","2026-08-16 08:00"
"adameq","626c3725834eacd247226547","Geoplonker","63e1d8513621f1ba4a58fb70","6a81a428947036f48974ff3b","2026-08-16 08:01"
"Conax","683029bd7e7399d1213e44e3","aguardiente","60ba2dec2056310001c27701","6a81a4bd4566d406b3b6db40","2026-08-16 08:01"
"Eddie","5695b1e1838cda1838015d4b","Waluuuuuuu","6380cc417b431c1eece4916c","6a81a4994566d406b3b6db07","2026-08-16 08:02"
"Rawin","6162efcdc23f260001c6a4d3","Jonas","661ad4c4073f663c21b57fe6","6a81a497947036f48975001f","2026-08-16 08:02"
"JoeySpeeltGames (YT)","6272d88be46a0017a063634a","Ulti's Husband","62d514c7640e5a876fd322f0","6a81a51d947036f489750124","2026-08-16 08:02"
"Ruben","5e1334ba1b34a033c801a9e8","Nank","63c3387d291d7f1604e7a6e3","6a81a565390a6c7e60e6f47c","2026-08-16 08:02"
"kriszh","5922abce1bba700c703b0c00","Elori","57d698c209f2ef93b8572689","6a81a4f4947036f4897500cf","2026-08-16 08:03"
"Paris, Texas","6999ebd9423ce38404eadfb6","Ruben","5e1334ba1b34a033c801a9e8","6a81a62f947036f48975035e","2026-08-16 08:03"
"Stevige","67057bd80e65158e29b7a97e","Don't Give Up","5ffb60de75d2770001545e96","6a81a56f0f772dfe043ce654","2026-08-16 08:04"
"Paris, Texas","6999ebd9423ce38404eadfb6","[TNT] jv724 α","5d50f46b24ec173888d7e22e","6a81a6434566d406b3b6de92","2026-08-16 08:04"
"BenNY_the_27","6064fc3f12c7b700012d0167","TTV TheDaninja","5abe52986d08340f706178a3","6a81a2c3390a6c7e60e6f05d","2026-08-16 08:04"
"Maksonic","619d09bdc4ab7000016c68d3","simeon","62dc07edf32847e5836668f1","6a81a6824566d406b3b6df07","2026-08-16 08:05"
"aguardiente","60ba2dec2056310001c27701","Garou","69f366ee3f7f13479269b155","6a81a6624566d406b3b6dec0","2026-08-16 08:05"
"Thomas4183b","60194a73ccb73b00018edf77","DeTect","65aaf6d23171e89a57705b47","6a81a3500f772dfe043ce287","2026-08-16 08:05"
"Paris, Texas","6999ebd9423ce38404eadfb6","Ruben","5e1334ba1b34a033c801a9e8","6a81a705947036f489750512","2026-08-16 08:06"
"Delema()()()","65869f62df3f7bea3fa1d675","Gaizkaiser","61e67e2b8a1e1100013538d3","6a81a6200f772dfe043ce7ba","2026-08-16 08:07"
"Pedro Sampaio","63a8b951fb73701f4020d786","Lennli","5b4899f5b56fe41a1831bba4","6a81a56b0e7094bdc77ece05","2026-08-16 08:07"
"Erika","6835b7af656c2c951937f92e","lol pop","622f101c589b350001a7ea5f","6a81a61a947036f48975033e","2026-08-16 08:07"
"Garou","69f366ee3f7f13479269b155","Timkon","681f023ce86ca49d1982d464","6a81a7610f772dfe043ce9e0","2026-08-16 08:07"
"Filipp","63bf085d2a26bb57d315f246","Jonas","661ad4c4073f663c21b57fe6","6a81a6a40f772dfe043ce8a8","2026-08-16 08:08"
"Conax","683029bd7e7399d1213e44e3","Geoplonker","63e1d8513621f1ba4a58fb70","6a81a64d947036f4897503a0","2026-08-16 08:09"
"Skaven","684ffbcec374eb437a89fc20","DonkeyGuesses","6912d873ef3380557dd45eec","6a81a67a4566d406b3b6def3","2026-08-16 08:09"
"Gaizkaiser","61e67e2b8a1e1100013538d3","Ling","653d58ea4044fc276f407e75","6a81a813390a6c7e60e6f8b4","2026-08-16 08:10"
"Waluuuuuuu","6380cc417b431c1eece4916c","adameq","626c3725834eacd247226547","6a81a6ab947036f48975045e","2026-08-16 08:10"
"Jonas","661ad4c4073f663c21b57fe6","Ruben","5e1334ba1b34a033c801a9e8","6a81a8094566d406b3b6e26d","2026-08-16 08:10"
"Grategonalop","5d0cfad48b19a91fe05aaa20","SIM","5ed11a2b282ad28b94fe9b42","6a81a6210f772dfe043ce7bb","2026-08-16 08:10"
"Garou","69f366ee3f7f13479269b155","im recording my gameplay","6a437d2254319c3206c01eb9","6a81a7ce947036f4897506b3","2026-08-16 08:10"
"Stevige","67057bd80e65158e29b7a97e","Paris, Texas","6999ebd9423ce38404eadfb6","6a81a719947036f489750536","2026-08-16 08:11"
"GeoMax","610ade6208061c000158624f","Paris, Texas","6999ebd9423ce38404eadfb6","6a81a7a64566d406b3b6e174","2026-08-16 08:11"
"aguardiente","60ba2dec2056310001c27701","irrational","65ba97ce8b2ba0c747ffa3b7","6a81a79c0f772dfe043cea41","2026-08-16 08:11"
"Maksonic","619d09bdc4ab7000016c68d3","simeon","62dc07edf32847e5836668f1","6a81a790390a6c7e60e6f7d1","2026-08-16 08:13"
"Eddie","5695b1e1838cda1838015d4b","Ulti's Husband","62d514c7640e5a876fd322f0","6a81a6b64566d406b3b6df74","2026-08-16 08:13"
"Jonas","661ad4c4073f663c21b57fe6","Żukasz","602cfd5dc397fa0001f09dfb","6a81a8ad4566d406b3b6e3f4","2026-08-16 08:13"
"lol pop","622f101c589b350001a7ea5f","Geoplonker","63e1d8513621f1ba4a58fb70","6a81a82d0f772dfe043ceb4e","2026-08-16 08:13"
"RuralQuay427","67afb8f9170e41f8f611a20a","Zeblob","6424147d3a74e2377d8a65a7","6a81a73a4566d406b3b6e095","2026-08-16 08:13"
"Garou","69f366ee3f7f13479269b155","im recording my gameplay","6a437d2254319c3206c01eb9","6a81a88f947036f48975087d","2026-08-16 08:14"
"Julian","5a8eb2d498cc2c6744a88ce4","Conax","683029bd7e7399d1213e44e3","6a81a83b4566d406b3b6e2e5","2026-08-16 08:15"
"Paris, Texas","6999ebd9423ce38404eadfb6","Nank","63c3387d291d7f1604e7a6e3","6a81a912947036f4897509a3","2026-08-16 08:15"
"Erika","6835b7af656c2c951937f92e","Skaven","684ffbcec374eb437a89fc20","6a81a887947036f489750867","2026-08-16 08:15"
"Ulti's Husband","62d514c7640e5a876fd322f0","Żukasz","602cfd5dc397fa0001f09dfb","6a81a9560f772dfe043ced99","2026-08-16 08:16"
"Paris, Texas","6999ebd9423ce38404eadfb6","Nank","63c3387d291d7f1604e7a6e3","6a81a912947036f4897509a3","2026-08-16 08:16"
"BenNY_the_27","6064fc3f12c7b700012d0167","ChronosC","63262c005e44be1f38494296","6a81a70b4566d406b3b6e032","2026-08-16 08:16"
"Gaizkaiser","61e67e2b8a1e1100013538d3","simeon","62dc07edf32847e5836668f1","6a81a931947036f4897509d9","2026-08-16 08:17"
"Waluuuuuuu","6380cc417b431c1eece4916c","GeoMax","610ade6208061c000158624f","6a81a8c74566d406b3b6e42e","2026-08-16 08:17"
"Stevige","67057bd80e65158e29b7a97e","Grategonalop","5d0cfad48b19a91fe05aaa20","6a81a943390a6c7e60e6faba","2026-08-16 08:18"
"Ulti's Husband","62d514c7640e5a876fd322f0","Garou","69f366ee3f7f13479269b155","6a81aa0423063e05eacd3e5f","2026-08-16 08:19"
"Jonas","661ad4c4073f663c21b57fe6","Paris, Texas","6999ebd9423ce38404eadfb6","6a81a9e8947036f489750b6e","2026-08-16 08:19"
"rylynn","6a465addf758690c0d2dad6f","Overwateringkills","61487a4ef5f26100019e7f98","6a81aa3f390a6c7e60e6fc34","2026-08-16 08:19"
"Gaizkaiser","61e67e2b8a1e1100013538d3","simeon","62dc07edf32847e5836668f1","6a81aa194566d406b3b6e71b","2026-08-16 08:20"
"Lennli","5b4899f5b56fe41a1831bba4","Pedro Sampaio","63a8b951fb73701f4020d786","6a81a819390a6c7e60e6f8bd","2026-08-16 08:20"
"adameq","626c3725834eacd247226547","kriszh","5922abce1bba700c703b0c00","6a81a8854566d406b3b6e375","2026-08-16 08:21"
"Rawin","6162efcdc23f260001c6a4d3","Jonas","661ad4c4073f663c21b57fe6","6a81aae30f772dfe043cf07d","2026-08-16 08:22"
"Paris, Texas","6999ebd9423ce38404eadfb6","Żukasz","602cfd5dc397fa0001f09dfb","6a81aa614566d406b3b6e7bc","2026-08-16 08:22"
"Gaizkaiser","61e67e2b8a1e1100013538d3","simeon","62dc07edf32847e5836668f1","6a81aaeb4566d406b3b6e8e7","2026-08-16 08:23"
"Lennli","5b4899f5b56fe41a1831bba4","Pedro Sampaio","63a8b951fb73701f4020d786","6a81aacc4566d406b3b6e895","2026-08-16 08:23"
"Ulti's Husband","62d514c7640e5a876fd322f0","Paris, Texas","6999ebd9423ce38404eadfb6","6a81aaa90f772dfe043ceffe","2026-08-16 08:23"
"Garou","69f366ee3f7f13479269b155","GeoMax","610ade6208061c000158624f","6a81aae1947036f489750d57","2026-08-16 08:23"
"BootyBread","5c9d59dde92b0c6610726f31","im recording my gameplay","6a437d2254319c3206c01eb9","6a81aafe947036f489750da3","2026-08-16 08:24"
"SIM","5ed11a2b282ad28b94fe9b42","DeTect","65aaf6d23171e89a57705b47","6a81a9110f772dfe043ced31","2026-08-16 08:25"
"wichura240","68767692157557d5c76a0ab6","dadasing","6380ec3dda4b679cf55302da","6a81ab404566d406b3b6e97c","2026-08-16 08:25"
"simeon","62dc07edf32847e5836668f1","Gaizkaiser","61e67e2b8a1e1100013538d3","6a81ab82947036f489750ea6","2026-08-16 08:26"
"Stevige","67057bd80e65158e29b7a97e","Grategonalop","5d0cfad48b19a91fe05aaa20","6a81aa53947036f489750c4a","2026-08-16 08:26"
"Jonas","661ad4c4073f663c21b57fe6","Geoplonker","63e1d8513621f1ba4a58fb70","6a81ab500f772dfe043cf15d","2026-08-16 08:26"
"lol pop","622f101c589b350001a7ea5f","Eddie","5695b1e1838cda1838015d4b","6a81a9a14566d406b3b6e620","2026-08-16 08:26"
"rylynn","6a465addf758690c0d2dad6f","datb0i","5ee7e9ed03f80c500c7cea3b","6a81ab8d0f772dfe043cf1d8","2026-08-16 08:26"
"Jonas","661ad4c4073f663c21b57fe6","Paris, Texas","6999ebd9423ce38404eadfb6","6a81ab8a0e7094bdc77ed590","2026-08-16 08:27"
"vukGG","6384aef735180c664babf36e","Gaizkaiser","61e67e2b8a1e1100013538d3","6a81ac440f772dfe043cf350","2026-08-16 08:28"
"Ulti's Husband","62d514c7640e5a876fd322f0","GeoMax","610ade6208061c000158624f","6a81aba24566d406b3b6ea55","2026-08-16 08:29"
"Grategonalop","5d0cfad48b19a91fe05aaa20","Jannik","6a0c58030808c41cb15866fe","6a81ac794566d406b3b6ec5b","2026-08-16 08:30"
"Lennli","5b4899f5b56fe41a1831bba4","Pedro Sampaio","63a8b951fb73701f4020d786","6a81ab8b4566d406b3b6ea21","2026-08-16 08:31"
"Geoplonker","63e1d8513621f1ba4a58fb70","Rapanui","56b34d54f0f54423887879e3","6a81ac414566d406b3b6ebdc","2026-08-16 08:31"
"simeon","62dc07edf32847e5836668f1","Gaizkaiser","61e67e2b8a1e1100013538d3","6a81acac0f772dfe043cf404","2026-08-16 08:32"
"BotsWannaBeMe","678d57b5624e9dc811ce9ca0","adameq","626c3725834eacd247226547","6a81ab87947036f489750ebd","2026-08-16 08:32"
"Stevige","67057bd80e65158e29b7a97e","lol pop","622f101c589b350001a7ea5f","6a81ac834566d406b3b6ec7c","2026-08-16 08:33"
"Ulti's Husband","62d514c7640e5a876fd322f0","Jonas","661ad4c4073f663c21b57fe6","6a81ace10f772dfe043cf46c","2026-08-16 08:33"
"BenNY_the_27","6064fc3f12c7b700012d0167","ChronosC","63262c005e44be1f38494296","6a81aadb947036f489750d4d","2026-08-16 08:33"
"habesh","647734d056305f7bf5561a4e","Yareh","62726f8411308ea36554fa19","6a81ab67390a6c7e60e6fe1f","2026-08-16 08:34"
"irrational","65ba97ce8b2ba0c747ffa3b7","SimSim18","56251026acdaa18ae08e7492","6a81aa8c0d2268c2e52c4afc","2026-08-16 08:34"
"Moussa","63f298b8251569d36d50155b","数字信号处理","62a559ad291a85ec390d343e","6a81adc34566d406b3b6ef4b","2026-08-16 08:34"
"wichura240","68767692157557d5c76a0ab6","dadasing","6380ec3dda4b679cf55302da","6a81ad124566d406b3b6edac","2026-08-16 08:34"
"Julian","5a8eb2d498cc2c6744a88ce4","Pedro Sampaio","63a8b951fb73701f4020d786","6a81ade5390a6c7e60e7029a","2026-08-16 08:35"
"GeoMax","610ade6208061c000158624f","Garou","69f366ee3f7f13479269b155","6a81ad14390a6c7e60e7012b","2026-08-16 08:35"
"Skaven","684ffbcec374eb437a89fc20","Grategonalop","5d0cfad48b19a91fe05aaa20","6a81ad360f772dfe043cf520","2026-08-16 08:35"
"Schrödingers Schwein","6137adcffd122d0001cab84c","R2 Moving Goat","686fd3f2ed7d3b771f809a95","6a81abb7947036f489750f27","2026-08-16 08:35"
"Garou","69f366ee3f7f13479269b155","im recording my gameplay","6a437d2254319c3206c01eb9","6a81ae7a947036f489751547","2026-08-16 08:36"
"Jonas","661ad4c4073f663c21b57fe6","Ulti's Husband","62d514c7640e5a876fd322f0","6a81ae21947036f489751493","2026-08-16 08:38"
"vukGG","6384aef735180c664babf36e","Filipp","63bf085d2a26bb57d315f246","6a81adb34566d406b3b6ef24","2026-08-16 08:39"
"BotsWannaBeMe","678d57b5624e9dc811ce9ca0","Erika","6835b7af656c2c951937f92e","6a81ae460f772dfe043cf73a","2026-08-16 08:39"
"Jonas","661ad4c4073f663c21b57fe6","twitch.tv/yapchell","67f66e1eab7fc9feab89429b","6a81aea34566d406b3b6f130","2026-08-16 08:39"
"Garou","69f366ee3f7f13479269b155","Rapanui","56b34d54f0f54423887879e3","6a81aebf390a6c7e60e703c9","2026-08-16 08:39"
"Kuchen","633e8c870607afb40b3322f6","adameq","626c3725834eacd247226547","6a81ad9aca6bacddc72bc00b","2026-08-16 08:40"
"SIM","5ed11a2b282ad28b94fe9b42","ChronosC","63262c005e44be1f38494296","6a81adf4947036f48975142e","2026-08-16 08:40"
"simeon","62dc07edf32847e5836668f1","Gaizkaiser","61e67e2b8a1e1100013538d3","6a81adb74566d406b3b6ef31","2026-08-16 08:41"
"GeoMax","610ade6208061c000158624f","Grategonalop","5d0cfad48b19a91fe05aaa20","6a81ae83947036f48975155e","2026-08-16 08:41"
"Garou","69f366ee3f7f13479269b155","Erika","6835b7af656c2c951937f92e","6a81af60947036f489751737","2026-08-16 08:42"
"Magnus","679395e4205fcbaaa18ff360","Edqy","60a2893cb7d972000112fbf4","6a81aeb14566d406b3b6f150","2026-08-16 08:43"
"wichura240","68767692157557d5c76a0ab6","BRO BAGAS","61568977b30f8800018736f1","6a81afea0f772dfe043cfa26","2026-08-16 08:43"
"simeon","62dc07edf32847e5836668f1","Gaizkaiser","61e67e2b8a1e1100013538d3","6a81afe30f772dfe043cfa1a","2026-08-16 08:44"
"Felix.svb","6856986bb22dea4ae40a3d22","Lennli","5b4899f5b56fe41a1831bba4","6a81ae324566d406b3b6f039","2026-08-16 08:44"
"Grategonalop","5d0cfad48b19a91fe05aaa20","GeoMax","610ade6208061c000158624f","6a81afba4566d406b3b6f3a9","2026-08-16 08:44"
"twitch.tv/yapchell","67f66e1eab7fc9feab89429b","vukGG","6384aef735180c664babf36e","6a81af844566d406b3b6f32e","2026-08-16 08:45"
"Julian","5a8eb2d498cc2c6744a88ce4","Goonax#4WC","6772fee6827b91b41dd22b5f","6a81af3e390a6c7e60e704a3","2026-08-16 08:45"
"Giant Panda","6874e2f8ef3960e599abae7c","wichura240","68767692157557d5c76a0ab6","6a81b0530f772dfe043cfaea","2026-08-16 08:45"
"Erika","6835b7af656c2c951937f92e","Garou","69f366ee3f7f13479269b155","6a81b01f4566d406b3b6f48b","2026-08-16 08:46"
"Yareh","62726f8411308ea36554fa19","Ole","67c70b553f65f1a34a926de3","6a81aee7947036f48975161d","2026-08-16 08:47"
"Jonas","661ad4c4073f663c21b57fe6","Ulti's Husband","62d514c7640e5a876fd322f0","6a81af53947036f489751726","2026-08-16 08:47"
"vukGG","6384aef735180c664babf36e","twitch.tv/yapchell","67f66e1eab7fc9feab89429b","6a81b0c44566d406b3b6f5e9","2026-08-16 08:49"
"BotsWannaBeMe","678d57b5624e9dc811ce9ca0","adameq","626c3725834eacd247226547","6a81b0b2947036f489751a12","2026-08-16 08:49"
"lol pop","622f101c589b350001a7ea5f","Griesi27","6248c16b0e2586bb5e03e025","6a81ae274566d406b3b6f025","2026-08-16 08:49"
"Giant Panda","6874e2f8ef3960e599abae7c","wichura240","68767692157557d5c76a0ab6","6a81b0e24566d406b3b6f62a","2026-08-16 08:49"
"Magnus","679395e4205fcbaaa18ff360","CARTO - GEO","6370f986261c84596054f8de","6a81b08c0f772dfe043cfb50","2026-08-16 08:49"
"simeon","62dc07edf32847e5836668f1","Gaizkaiser","61e67e2b8a1e1100013538d3","6a81b0a10f772dfe043cfb74","2026-08-16 08:50"
"Ulti's Husband","62d514c7640e5a876fd322f0","Garou","69f366ee3f7f13479269b155","6a81b12f947036f489751b2a","2026-08-16 08:51"
"Giant Panda","6874e2f8ef3960e599abae7c","wichura240","68767692157557d5c76a0ab6","6a81b1cc390a6c7e60e708c0","2026-08-16 08:51"
"twitch.tv/yapchell","67f66e1eab7fc9feab89429b","simeon","62dc07edf32847e5836668f1","6a81b1de0f772dfe043cfd8d","2026-08-16 08:52"
"Kuchen","633e8c870607afb40b3322f6","Goonax#4WC","6772fee6827b91b41dd22b5f","6a81b0ea0f772dfe043cfbda","2026-08-16 08:53"
"adameq","626c3725834eacd247226547","Julian","5a8eb2d498cc2c6744a88ce4","6a81b1a14566d406b3b6f7d0","2026-08-16 08:53"
"Magnus","679395e4205fcbaaa18ff360","Erika","6835b7af656c2c951937f92e","6a81b197947036f489751c00","2026-08-16 08:53"
"Schrödingers Schwein","6137adcffd122d0001cab84c","BenNY_the_27","6064fc3f12c7b700012d0167","6a81afb54566d406b3b6f394","2026-08-16 08:53"
"Middle click final boss","60e09234213b0600019d912e","Giant Panda","6874e2f8ef3960e599abae7c","6a81b22c0f772dfe043cfe26","2026-08-16 08:54"
"Moussa","63f298b8251569d36d50155b","Rapanui","56b34d54f0f54423887879e3","6a81b1d34566d406b3b6f863","2026-08-16 08:55"
"simeon","62dc07edf32847e5836668f1","twitch.tv/yapchell","67f66e1eab7fc9feab89429b","6a81b24b947036f489751dda","2026-08-16 08:56"
"Lennli","5b4899f5b56fe41a1831bba4","Mitteconrad","6056349f72a5a900014128a9","6a81b0bc0f772dfe043cfb9e","2026-08-16 08:56"
"Yareh","62726f8411308ea36554fa19","achmedsender","5a1606e2f370149bf01ab594","6a81b1b8390a6c7e60e70885","2026-08-16 08:57"
"Ulti's Husband","62d514c7640e5a876fd322f0","Garou","69f366ee3f7f13479269b155","6a81b2500f772dfe043cfe6c","2026-08-16 08:58"
"Edqy","60a2893cb7d972000112fbf4","Chrort","65f35a55fa03b84166fe1dd6","6a81b225947036f489751d8e","2026-08-16 08:58"
"adameq","626c3725834eacd247226547","Kuchen","633e8c870607afb40b3322f6","6a81b2b04566d406b3b6fa3d","2026-08-16 09:00"
"Middle click final boss","60e09234213b0600019d912e","CARTO - GEO","6370f986261c84596054f8de","6a81b3590f772dfe043d008a","2026-08-16 09:00"
"simeon","62dc07edf32847e5836668f1","twitch.tv/yapchell","67f66e1eab7fc9feab89429b","6a81b371947036f48975209e","2026-08-16 09:01"
"Goonax#4WC","6772fee6827b91b41dd22b5f","Magnus","679395e4205fcbaaa18ff360","6a81b292947036f489751e98","2026-08-16 09:01"
"Moussa","63f298b8251569d36d50155b","Mecenas Jefferson","56ab9660aeb0f587e8d0190a","6a81b35e0f772dfe043d0090","2026-08-16 09:01"
"Lennli","5b4899f5b56fe41a1831bba4","vukGG","6384aef735180c664babf36e","6a81b34e0f772dfe043d0074","2026-08-16 09:02"
"thomas7eme","5ef89d2d8f01a05300030185","Ole","67c70b553f65f1a34a926de3","6a81b1384566d406b3b6f6f0","2026-08-16 09:03"
"Garou","69f366ee3f7f13479269b155","Edqy","60a2893cb7d972000112fbf4","6a81b3cc4566d406b3b6fd03","2026-08-16 09:04"
"VIVER","631f29032347fcd4bef60349","Yarik_rest","66982d41350e1b449ce7608c","6a81b4b1947036f4897523f3","2026-08-16 09:04"
"Manureza","678ec40f575b9e3fd172579d","Skaven","684ffbcec374eb437a89fc20","6a81b2ef23063e05eacd49e4","2026-08-16 09:04"
"wichura240","68767692157557d5c76a0ab6","CARTO - GEO","6370f986261c84596054f8de","6a81b42c4566d406b3b6fdec","2026-08-16 09:04"
"vukGG","6384aef735180c664babf36e","Lennli","5b4899f5b56fe41a1831bba4","6a81b4fc0f772dfe043d040e","2026-08-16 09:05"
"Jonas","661ad4c4073f663c21b57fe6","Azuryne","61e444e727627e00010d0fcd","6a81b485390a6c7e60e70dd5","2026-08-16 09:05"
"盲","63b6a120ed1bf0b1b513dfb8","Waluuuuuuu","6380cc417b431c1eece4916c","6a81b3d54566d406b3b6fd24","2026-08-16 09:05"
"wichura240","68767692157557d5c76a0ab6","CARTO - GEO","6370f986261c84596054f8de","6a81b55b0f772dfe043d04db","2026-08-16 09:06"
".Uz","654a71f1a02b54c363802082","ALFA","5b6f185f7135fa0e48b5528a","6a81b3014566d406b3b6fb32","2026-08-16 09:08"
"twitch.tv/yapchell","67f66e1eab7fc9feab89429b","simeon","62dc07edf32847e5836668f1","6a81b49d4566d406b3b6ff01","2026-08-16 09:08"
"VIVER","631f29032347fcd4bef60349","Yarik_rest","66982d41350e1b449ce7608c","6a81b5350f772dfe043d0483","2026-08-16 09:08"
"vukGG","6384aef735180c664babf36e","Lennli","5b4899f5b56fe41a1831bba4","6a81b59e947036f489752654","2026-08-16 09:09"
"Ling","653d58ea4044fc276f407e75","路易十六","65337c686711b99177ed189b","6a81b50c0f772dfe043d043d","2026-08-16 09:09"
"fatslump","603e28ef0297940001b93db1","Moussa","63f298b8251569d36d50155b","6a81b4b1ce00bd3832207365","2026-08-16 09:09"
"adameq","626c3725834eacd247226547","Kuchen","633e8c870607afb40b3322f6","6a81b4510f772dfe043d02a4","2026-08-16 09:10"
"Middle click final boss","60e09234213b0600019d912e","Manureza","678ec40f575b9e3fd172579d","6a81b522947036f4897524f2","2026-08-16 09:10"
"wichura240","68767692157557d5c76a0ab6","Pravel9","6424b8759357e420505d40f5","6a81b5e0947036f489752714","2026-08-16 09:10"
"Blinky","5b51062a4010740f7cd91dd5","Jonas","661ad4c4073f663c21b57fe6","6a81b6070f772dfe043d0668","2026-08-16 09:11"
"twitch.tv/yapchell","67f66e1eab7fc9feab89429b","simeon","62dc07edf32847e5836668f1","6a81b60f4566d406b3b7030a","2026-08-16 09:11"
"盲","63b6a120ed1bf0b1b513dfb8","Erika","6835b7af656c2c951937f92e","6a81b5d8947036f4897526fc","2026-08-16 09:11"
"Conax","683029bd7e7399d1213e44e3","Goonax#4WC","6772fee6827b91b41dd22b5f","6a81b46e390a6c7e60e70db7","2026-08-16 09:11"
"VIVER","631f29032347fcd4bef60349","Yarik_rest","66982d41350e1b449ce7608c","6a81b614390a6c7e60e710de","2026-08-16 09:11"
"Shpluk","56a0a5f1f0f54438b8b9f4b1","Yareh","62726f8411308ea36554fa19","6a81b3700e7094bdc77ee005","2026-08-16 09:12"
"Waluuuuuuu","6380cc417b431c1eece4916c","Garou","69f366ee3f7f13479269b155","6a81b56e947036f4897525c1","2026-08-16 09:12"
"Ritchie","5ff84d182c4df40001592f85","路易十六","65337c686711b99177ed189b","6a81b65e947036f489752849","2026-08-16 09:13"
"VIVER","631f29032347fcd4bef60349","wichura240","68767692157557d5c76a0ab6","6a81b6c2947036f48975294f","2026-08-16 09:13"
"GeoMax","610ade6208061c000158624f","Manureza","678ec40f575b9e3fd172579d","6a81b69a390a6c7e60e711d2","2026-08-16 09:13"
"Edqy","60a2893cb7d972000112fbf4","Ripailloux","5f05fde774184e2f78733b0b","6a81b529947036f489752504","2026-08-16 09:13"
"Magnus","679395e4205fcbaaa18ff360","SimSim18","56251026acdaa18ae08e7492","6a81b4c50f772dfe043d0381","2026-08-16 09:13"
"Crimson_Skie5","6542b879035c41bbf7e7d0a5","Steve","5c936d6ce92b0c49e4020934","6a81b4a14566d406b3b6ff0b","2026-08-16 09:14"
"Geoplonker","63e1d8513621f1ba4a58fb70","fatslump","603e28ef0297940001b93db1","6a81b64c947036f48975281f","2026-08-16 09:15"
"Felix.svb","6856986bb22dea4ae40a3d22","Jamabi","5e5fcc1326bbda5284e824cf","6a81b5054566d406b3b7000f","2026-08-16 09:16"
"twitch.tv/yapchell","67f66e1eab7fc9feab89429b","simeon","62dc07edf32847e5836668f1","6a81b6ee0f772dfe043d086c","2026-08-16 09:16"
"Superhorstuwe","67f42dea666326f3169cde54","Jonas","661ad4c4073f663c21b57fe6","6a81b6c90f772dfe043d081f","2026-08-16 09:16"
"Goonax#4WC","6772fee6827b91b41dd22b5f","路易十六","65337c686711b99177ed189b","6a81b794947036f489752b6a","2026-08-16 09:16"
"Erika","6835b7af656c2c951937f92e","Yarik_rest","66982d41350e1b449ce7608c","6a81b6e90d2268c2e52c5c3a","2026-08-16 09:16"
"adameq","626c3725834eacd247226547","Garou","69f366ee3f7f13479269b155","6a81b7434566d406b3b70624","2026-08-16 09:17"
"盲","63b6a120ed1bf0b1b513dfb8","Kuchen","633e8c870607afb40b3322f6","6a81b6bc4566d406b3b704cf","2026-08-16 09:17"
"Rawin","6162efcdc23f260001c6a4d3","Bulgariunaci","5ee07a02053ea52a8454e6c2","6a81b6ea4566d406b3b7053c","2026-08-16 09:17"
"simeon","62dc07edf32847e5836668f1","twitch.tv/yapchell","67f66e1eab7fc9feab89429b","6a81b7e40f772dfe043d0a7c","2026-08-16 09:18"
"Ling","653d58ea4044fc276f407e75","mr_spy","665c34e0bc4531cdb19b9ab9","6a81b7df4566d406b3b70802","2026-08-16 09:18"
"Waluuuuuuu","6380cc417b431c1eece4916c","Conax","683029bd7e7399d1213e44e3","6a81b706947036f4897529dc","2026-08-16 09:18"
"Ritchie","5ff84d182c4df40001592f85","VIVER","631f29032347fcd4bef60349","6a81b7bd0f772dfe043d0a11","2026-08-16 09:18"
"GeoMax","610ade6208061c000158624f","Manureza","678ec40f575b9e3fd172579d","6a81b74d947036f489752aaf","2026-08-16 09:18"
"wichura240","68767692157557d5c76a0ab6","CARTO - GEO","6370f986261c84596054f8de","6a81b8400f772dfe043d0b63","2026-08-16 09:19"
"1Kenma","67f1e53d840a2b6316eb1c59","Rapanui","56b34d54f0f54423887879e3","6a81b6814566d406b3b70433","2026-08-16 09:19"
"Steve","5c936d6ce92b0c49e4020934","vinnie","69af2d2e4921fb35244096f4","6a81b7a04566d406b3b7074b","2026-08-16 09:20"
"Ripailloux","5f05fde774184e2f78733b0b","Sam","5f762dd1b53fb70001d349a4","6a81b7614566d406b3b70678","2026-08-16 09:20"
"Moussa","63f298b8251569d36d50155b","DonkeyGuesses","6912d873ef3380557dd45eec","6a81b8210f772dfe043d0b1b","2026-08-16 09:20"
"𝓯𝓻𝓮𝓪𝓴𝔂 scarlocck","671b07117678ed42697349ee","thomas7eme","5ef89d2d8f01a05300030185","6a81b5440f772dfe043d049c","2026-08-16 09:21"
"Erika","6835b7af656c2c951937f92e","Garou","69f366ee3f7f13479269b155","6a81b861947036f489752d90","2026-08-16 09:22"
"Goonax#4WC","6772fee6827b91b41dd22b5f","adameq","626c3725834eacd247226547","6a81b84a0f772dfe043d0b76","2026-08-16 09:23"
"Bulgariunaci","5ee07a02053ea52a8454e6c2","mr_spy","665c34e0bc4531cdb19b9ab9","6a81b8864566d406b3b709b5","2026-08-16 09:23"
"fatslump","603e28ef0297940001b93db1","Yarik_rest","66982d41350e1b449ce7608c","6a81b81b0f772dfe043d0b14","2026-08-16 09:23"
"wichura240","68767692157557d5c76a0ab6","DonkeyGuesses","6912d873ef3380557dd45eec","6a81b94e390a6c7e60e7173b","2026-08-16 09:23"
"Mitteconrad","6056349f72a5a900014128a9","Ole","67c70b553f65f1a34a926de3","6a81b67b390a6c7e60e7119e","2026-08-16 09:24"
"盲","63b6a120ed1bf0b1b513dfb8","Kuchen","633e8c870607afb40b3322f6","6a81b873390a6c7e60e7159e","2026-08-16 09:24"
"Crimson_Skie5","6542b879035c41bbf7e7d0a5","Jonas","661ad4c4073f663c21b57fe6","6a81b843ca6bacddc72bcf2d","2026-08-16 09:24"
"Moussa","63f298b8251569d36d50155b","1Kenma","67f1e53d840a2b6316eb1c59","6a81b932947036f489752f99","2026-08-16 09:24"
"simeon","62dc07edf32847e5836668f1","Rawin","6162efcdc23f260001c6a4d3","6a81b8e74566d406b3b70ab2","2026-08-16 09:25"
"Lennli","5b4899f5b56fe41a1831bba4","ALFA","5b6f185f7135fa0e48b5528a","6a81b6b6947036f48975292b","2026-08-16 09:25"
"Ling","653d58ea4044fc276f407e75","twitch.tv/yapchell","67f66e1eab7fc9feab89429b","6a81b882390a6c7e60e715b2","2026-08-16 09:25"
"Erika","6835b7af656c2c951937f92e","Garou","69f366ee3f7f13479269b155","6a81b97b947036f48975303f","2026-08-16 09:26"
"wichura240","68767692157557d5c76a0ab6","Yarik_rest","66982d41350e1b449ce7608c","6a81b9c14566d406b3b70cb4","2026-08-16 09:26"
"Waluuuuuuu","6380cc417b431c1eece4916c","Conax","683029bd7e7399d1213e44e3","6a81b9164566d406b3b70b40","2026-08-16 09:27"
"Bulgariunaci","5ee07a02053ea52a8454e6c2","mr_spy","665c34e0bc4531cdb19b9ab9","6a81b98a947036f48975305e","2026-08-16 09:27"
"Magnus","679395e4205fcbaaa18ff360","LeBron James of Geoguessr","58ba5dff0eac7223846496ea","6a81b7364566d406b3b7060a","2026-08-16 09:27"
"simeon","62dc07edf32847e5836668f1","twitch.tv/yapchell","67f66e1eab7fc9feab89429b","6a81ba1e390a6c7e60e718a9","2026-08-16 09:28"
"Nick.BY","5926b86352e6ca6c8c1463d7","adameq","626c3725834eacd247226547","6a81b9864566d406b3b70c35","2026-08-16 09:28"
"Ling","653d58ea4044fc276f407e75","Lennli","5b4899f5b56fe41a1831bba4","6a81ba4f390a6c7e60e718ed","2026-08-16 09:30"
"Jonas","661ad4c4073f663c21b57fe6","mr_spy","665c34e0bc4531cdb19b9ab9","6a81baa70f772dfe043d1048","2026-08-16 09:31"
"Bulgariunaci","5ee07a02053ea52a8454e6c2","Pandazan","632e19f3f0149e276027d38e","6a81bae4947036f48975338f","2026-08-16 09:31"
"fatslump","603e28ef0297940001b93db1","Ritchie","5ff84d182c4df40001592f85","6a81b9e94566d406b3b70d1e","2026-08-16 09:31"
"wichura240","68767692157557d5c76a0ab6","OWNED-BY-JUMPS","6661f0637a64c94aed9d1ecc","6a81ba87947036f4897532a0","2026-08-16 09:31"
"YRP","65361a91884b107b4fd0cef8","Geomalick","61fd64f28c0f8100014ebf0b","6a81ba0e4566d406b3b70d6b","2026-08-16 09:32"
"Edqy","60a2893cb7d972000112fbf4","Moussa","63f298b8251569d36d50155b","6a81ba28390a6c7e60e718bc","2026-08-16 09:32"
"ALFA","5b6f185f7135fa0e48b5528a","simeon","62dc07edf32847e5836668f1","6a81baf44566d406b3b70f9c","2026-08-16 09:33"
"盲","63b6a120ed1bf0b1b513dfb8","Kuchen","633e8c870607afb40b3322f6","6a81b9cc390a6c7e60e71812","2026-08-16 09:33"
"Kilkum","61b228be008ec800015ff0a9","R2 Moving Goat","686fd3f2ed7d3b771f809a95","6a81ba2a4566d406b3b70da8","2026-08-16 09:33"
"Jonas","661ad4c4073f663c21b57fe6","Ritchie","5ff84d182c4df40001592f85","6a81bb84947036f489753511","2026-08-16 09:35"
"Steve","5c936d6ce92b0c49e4020934","Garou","69f366ee3f7f13479269b155","6a81ba9f0f772dfe043d1026","2026-08-16 09:35"
"Bulgariunaci","5ee07a02053ea52a8454e6c2","fatslump","603e28ef0297940001b93db1","6a81bbb24566d406b3b71164","2026-08-16 09:35"
"Ling","653d58ea4044fc276f407e75","Crimson_Skie5","6542b879035c41bbf7e7d0a5","6a81bbb60f772dfe043d1264","2026-08-16 09:36"
"adameq","626c3725834eacd247226547","Conax","683029bd7e7399d1213e44e3","6a81bab50f772dfe043d1060","2026-08-16 09:36"
"mr_spy","665c34e0bc4531cdb19b9ab9","VIVER","631f29032347fcd4bef60349","6a81bb700f772dfe043d11da","2026-08-16 09:36"
"simeon","62dc07edf32847e5836668f1","Geomalick","61fd64f28c0f8100014ebf0b","6a81bc15947036f48975364b","2026-08-16 09:37"
"Pandazan","632e19f3f0149e276027d38e","wichura240","68767692157557d5c76a0ab6","6a81bbf2390a6c7e60e71b8f","2026-08-16 09:37"
"no thoughts, just violence","61cdfc02f6470200011a0caa","Ole","67c70b553f65f1a34a926de3","6a81ba724566d406b3b70e69","2026-08-16 09:38"
"Trash map (Yellow Belly)","6a14cb11a6370a8d80e86ada","akia","6a0f4aea9f6f0bf394478379","6a81bb30947036f48975343d","2026-08-16 09:38"
"fatslump","603e28ef0297940001b93db1","Mecenas Jefferson","56ab9660aeb0f587e8d0190a","6a81bc58390a6c7e60e71c26","2026-08-16 09:38"
"Zuepp","601458985acffb00015bd0d5","GeoMax","610ade6208061c000158624f","6a81bb470f772dfe043d1181","2026-08-16 09:39"
"ALFA","5b6f185f7135fa0e48b5528a","Sandman5","68e3f9f00a56d04f694094b5","6a81bc744566d406b3b7131c","2026-08-16 09:40"
"simeon","62dc07edf32847e5836668f1","Ling","653d58ea4044fc276f407e75","6a81bcfb4566d406b3b7144c","2026-08-16 09:40"
"盲","63b6a120ed1bf0b1b513dfb8","Kuchen","633e8c870607afb40b3322f6","6a81bbf90f772dfe043d12e8","2026-08-16 09:40"
"Ritchie","5ff84d182c4df40001592f85","Bulgariunaci","5ee07a02053ea52a8454e6c2","6a81bc78947036f489753715","2026-08-16 09:41"
"mr_spy","665c34e0bc4531cdb19b9ab9","Jonas","661ad4c4073f663c21b57fe6","6a81bca9390a6c7e60e71ca7","2026-08-16 09:41"
"vinnie","69af2d2e4921fb35244096f4","Garou","69f366ee3f7f13479269b155","6a81bc7b23063e05eacd57b0","2026-08-16 09:42"
"akia","6a0f4aea9f6f0bf394478379","Loup","6689a4883908e91b58a49887","6a81bd5f4566d406b3b7153f","2026-08-16 09:42"
"Yareh","62726f8411308ea36554fa19","LeBron James of Geoguessr","58ba5dff0eac7223846496ea","6a81bb38947036f489753446","2026-08-16 09:43"
"Jonas","661ad4c4073f663c21b57fe6","mr_spy","665c34e0bc4531cdb19b9ab9","6a81bdda0f772dfe043d1638","2026-08-16 09:43"
"simeon","62dc07edf32847e5836668f1","Geomalick","61fd64f28c0f8100014ebf0b","6a81bdab4566d406b3b715f0","2026-08-16 09:44"
"adameq","626c3725834eacd247226547","Steve","5c936d6ce92b0c49e4020934","6a81bc934566d406b3b71371","2026-08-16 09:44"
"Jonas","661ad4c4073f663c21b57fe6","mr_spy","665c34e0bc4531cdb19b9ab9","6a81be52947036f489753b62","2026-08-16 09:44"
"fatslump","603e28ef0297940001b93db1","Trash map (Yellow Belly)","6a14cb11a6370a8d80e86ada","6a81bd15390a6c7e60e71d4e","2026-08-16 09:44"
"Garou","69f366ee3f7f13479269b155","Loup","6689a4883908e91b58a49887","6a81be080f772dfe043d169a","2026-08-16 09:44"
"Conax","683029bd7e7399d1213e44e3","Crimson_Skie5","6542b879035c41bbf7e7d0a5","6a81bccd4566d406b3b713e8","2026-08-16 09:45"
"Magnus","679395e4205fcbaaa18ff360","achmedsender","5a1606e2f370149bf01ab594","6a81bac2947036f48975334a","2026-08-16 09:46"
"VIVER","631f29032347fcd4bef60349","wichura240","68767692157557d5c76a0ab6","6a81bcf9947036f48975383f","2026-08-16 09:46"
"Geomalick","61fd64f28c0f8100014ebf0b","Ling","653d58ea4044fc276f407e75","6a81bea5947036f489753c3a","2026-08-16 09:47"
"Lillysbruder","6471c2e45410e20734aedca1","Talha Özdemir","63c525391b291e5f05b62f47","6a81bc2d0f772dfe043d1335","2026-08-16 09:47"
"simeon","62dc07edf32847e5836668f1","Ling","653d58ea4044fc276f407e75","6a81bf69947036f489753e70","2026-08-16 09:48"
"Ritchie","5ff84d182c4df40001592f85","Leftist Leo 解放巴勒斯坦 🇵🇸 和","60d9c5536dac910001297d14","6a81beb4390a6c7e60e72039","2026-08-16 09:48"
"mr_spy","665c34e0bc4531cdb19b9ab9","Jonas","661ad4c4073f663c21b57fe6","6a81be9f947036f489753c2e","2026-08-16 09:48"
"thomas7eme","5ef89d2d8f01a05300030185","SIM","5ed11a2b282ad28b94fe9b42","6a81b9b70d2268c2e52c605b","2026-08-16 09:48"
"fatslump","603e28ef0297940001b93db1","Garou","69f366ee3f7f13479269b155","6a81be930f772dfe043d17c4","2026-08-16 09:48"
"盲","63b6a120ed1bf0b1b513dfb8","Kuchen","633e8c870607afb40b3322f6","6a81bd9e947036f4897539c2","2026-08-16 09:49"
"Conax","683029bd7e7399d1213e44e3","Crimson_Skie5","6542b879035c41bbf7e7d0a5","6a81bf110f772dfe043d18c1","2026-08-16 09:49"
"Ole","67c70b553f65f1a34a926de3","no thoughts, just violence","61cdfc02f6470200011a0caa","6a81bd370f772dfe043d14e7","2026-08-16 09:49"
"GeoMax","610ade6208061c000158624f","akia","6a0f4aea9f6f0bf394478379","6a81be070f772dfe043d1695","2026-08-16 09:49"
"Sandman5","68e3f9f00a56d04f694094b5","Zuepp","601458985acffb00015bd0d5","6a81bdb20f772dfe043d15ed","2026-08-16 09:50"
"Geomalick","61fd64f28c0f8100014ebf0b","Ling","653d58ea4044fc276f407e75","6a81bf92947036f489753ede","2026-08-16 09:51"
"Palmitas","69b33a815634cc416b9c7877","Steve","5c936d6ce92b0c49e4020934","6a81beb34566d406b3b7187d","2026-08-16 09:51"
"Jonas","661ad4c4073f663c21b57fe6","mr_spy","665c34e0bc4531cdb19b9ab9","6a81bf6c947036f489753e7e","2026-08-16 09:51"
"Leftist Leo 解放巴勒斯坦 🇵🇸 和","60d9c5536dac910001297d14","OakTree","617eb25d4e0e40000158968f","6a81bfc2947036f489753f81","2026-08-16 09:51"
"Garou","69f366ee3f7f13479269b155","Bazreia","596014fbf97df993145b15d0","6a81bf610f772dfe043d1974","2026-08-16 09:51"
"VIVER","631f29032347fcd4bef60349","wichura240","68767692157557d5c76a0ab6","6a81bf140f772dfe043d18ca","2026-08-16 09:52"
"Gamer X","674cddb0dc12d4102c72e97a","Trash map (Yellow Belly)","6a14cb11a6370a8d80e86ada","6a81be834566d406b3b7180c","2026-08-16 09:52"
"no thoughts, just violence","61cdfc02f6470200011a0caa","Conax","683029bd7e7399d1213e44e3","6a81bfd2390a6c7e60e72281","2026-08-16 09:53"
"Erika","6835b7af656c2c951937f92e","GeoMax","610ade6208061c000158624f","6a81c002947036f48975402f","2026-08-16 09:53"
"盲","63b6a120ed1bf0b1b513dfb8","Sandman5","68e3f9f00a56d04f694094b5","6a81bff3947036f48975400e","2026-08-16 09:54"
"Leftist Leo 解放巴勒斯坦 🇵🇸 和","60d9c5536dac910001297d14","mr_spy","665c34e0bc4531cdb19b9ab9","6a81c030390a6c7e60e72337","2026-08-16 09:54"
"no thoughts, just violence","61cdfc02f6470200011a0caa","Conax","683029bd7e7399d1213e44e3","6a81bfd2390a6c7e60e72281","2026-08-16 09:55"
"Jonas","661ad4c4073f663c21b57fe6","Ling","653d58ea4044fc276f407e75","6a81c03b947036f4897540db","2026-08-16 09:55"
"Ritchie","5ff84d182c4df40001592f85","VIVER","631f29032347fcd4bef60349","6a81c07b947036f48975416f","2026-08-16 09:56"
"ALFA","5b6f185f7135fa0e48b5528a","simeon","62dc07edf32847e5836668f1","6a81bfbf0f772dfe043d1a55","2026-08-16 09:57"
"Jonas","661ad4c4073f663c21b57fe6","Ling","653d58ea4044fc276f407e75","6a81c126947036f48975430e","2026-08-16 09:57"
"Kuchen","633e8c870607afb40b3322f6","Zuepp","601458985acffb00015bd0d5","6a81c0040f772dfe043d1b0c","2026-08-16 09:57"
"GeoNoah","677989c87c4f6c09dd1d2748","ChronosC","63262c005e44be1f38494296","6a81bdd74566d406b3b7165b","2026-08-16 09:57"
"no thoughts, just violence","61cdfc02f6470200011a0caa","Conax","683029bd7e7399d1213e44e3","6a81c0aa947036f4897541e3","2026-08-16 09:58"
"mr_spy","665c34e0bc4531cdb19b9ab9","Olli22","5e7a9c753d4b6a56201ffda8","6a81c1324566d406b3b71ef0","2026-08-16 09:59"
"Ole","67c70b553f65f1a34a926de3","Yareh","62726f8411308ea36554fa19","6a81bfa90f772dfe043d1a26","2026-08-16 10:00"
"nota","68b68704757dd886cdc2365a","Trash map (Yellow Belly)","6a14cb11a6370a8d80e86ada","6a81c1d40f772dfe043d1f00","2026-08-16 10:00"
"Geomalick","61fd64f28c0f8100014ebf0b","Zuepp","601458985acffb00015bd0d5","6a81c2064566d406b3b721ae","2026-08-16 10:02"
"Lennli","5b4899f5b56fe41a1831bba4","Jamabi","5e5fcc1326bbda5284e824cf","6a81bb76947036f4897534de","2026-08-16 10:02"
"no thoughts, just violence","61cdfc02f6470200011a0caa","Sandman5","68e3f9f00a56d04f694094b5","6a81c12c0f772dfe043d1d85","2026-08-16 10:02"
"Leftist Leo 解放巴勒斯坦 🇵🇸 和","60d9c5536dac910001297d14","Crimson_Skie5","6542b879035c41bbf7e7d0a5","6a81c14d4566d406b3b71f46","2026-08-16 10:02"
"Haus","678bc95a847b56d5e0276463","achmedsender","5a1606e2f370149bf01ab594","6a81c1114566d406b3b71ea2","2026-08-16 10:02"
"盲","63b6a120ed1bf0b1b513dfb8","Palmitas","69b33a815634cc416b9c7877","6a81c0da0f772dfe043d1cb1","2026-08-16 10:03"
"VIVER","631f29032347fcd4bef60349","Северная Звезда","624197cb0a09fe783347a232","6a81c18f947036f489754427","2026-08-16 10:03"
"Geoplonker","63e1d8513621f1ba4a58fb70","Garou","69f366ee3f7f13479269b155","6a81c1870d2268c2e52c6a80","2026-08-16 10:04"
"Jonas","661ad4c4073f663c21b57fe6","路易十六","65337c686711b99177ed189b","6a81c2d64566d406b3b72400","2026-08-16 10:05"
"Kuchen","633e8c870607afb40b3322f6","Ritchie","5ff84d182c4df40001592f85","6a81c1bf0f772dfe043d1ed3","2026-08-16 10:05"
"Zuepp","601458985acffb00015bd0d5","VIVER","631f29032347fcd4bef60349","6a81c306947036f489754848","2026-08-16 10:05"
"Crimson_Skie5","6542b879035c41bbf7e7d0a5","Gamer X","674cddb0dc12d4102c72e97a","6a81c2d1947036f4897547a8","2026-08-16 10:05"
"Conax","683029bd7e7399d1213e44e3","Erika","6835b7af656c2c951937f92e","6a81c258390a6c7e60e72780","2026-08-16 10:05"
"Bulgariunaci","5ee07a02053ea52a8454e6c2","mr_spy","665c34e0bc4531cdb19b9ab9","6a81c261947036f48975465f","2026-08-16 10:05"
"Steve","5c936d6ce92b0c49e4020934","vinnie","69af2d2e4921fb35244096f4","6a81c076947036f489754166","2026-08-16 10:07"
"Северная Звезда","624197cb0a09fe783347a232","Geoplonker","63e1d8513621f1ba4a58fb70","6a81c330947036f4897548a0","2026-08-16 10:07"
"路易十六","65337c686711b99177ed189b","Ritchie","5ff84d182c4df40001592f85","6a81c36d947036f489754936","2026-08-16 10:08"
"nota","68b68704757dd886cdc2365a","Lottta","6019a1a4665de0000144339d","6a81c316947036f489754869","2026-08-16 10:08"
"no thoughts, just violence","61cdfc02f6470200011a0caa","Gaizkaiser","61e67e2b8a1e1100013538d3","6a81c3b40f772dfe043d2355","2026-08-16 10:10"
"VIVER","631f29032347fcd4bef60349","mr_spy","665c34e0bc4531cdb19b9ab9","6a81c3964566d406b3b72628","2026-08-16 10:10"
"Kuchen","633e8c870607afb40b3322f6","Zuepp","601458985acffb00015bd0d5","6a81c3734566d406b3b725bd","2026-08-16 10:11"
"路易十六","65337c686711b99177ed189b","Ritchie","5ff84d182c4df40001592f85","6a81c44f390a6c7e60e72ba8","2026-08-16 10:11"
"Kilkum","61b228be008ec800015ff0a9","OakTree","617eb25d4e0e40000158968f","6a81c0aa0f772dfe043d1c58","2026-08-16 10:11"
"盲","63b6a120ed1bf0b1b513dfb8","swangambit","5f7ddfaa5e57b3000189a24e","6a81c328947036f48975488b","2026-08-16 10:12"
"Bulgariunaci","5ee07a02053ea52a8454e6c2","Geoplonker","63e1d8513621f1ba4a58fb70","6a81c3df0f772dfe043d23b0","2026-08-16 10:12"
"mr_spy","665c34e0bc4531cdb19b9ab9","VIVER","631f29032347fcd4bef60349","6a81c498947036f489754c75","2026-08-16 10:12"
"vinnie","69af2d2e4921fb35244096f4","Garou","69f366ee3f7f13479269b155","6a81c4ad390a6c7e60e72c50","2026-08-16 10:12"
"no thoughts, just violence","61cdfc02f6470200011a0caa","Gaizkaiser","61e67e2b8a1e1100013538d3","6a81c3b40f772dfe043d2355","2026-08-16 10:13"
"Yareh","62726f8411308ea36554fa19","Ole","67c70b553f65f1a34a926de3","6a81c28c947036f4897546ec","2026-08-16 10:13"
"Conax","683029bd7e7399d1213e44e3","Erika","6835b7af656c2c951937f92e","6a81c37a0f772dfe043d22dd","2026-08-16 10:13"
"Victor","67822dd7ca228d1e49a1a611","CleyRey","6022999c91e2d70001baa800","6a81c44d0f772dfe043d24cf","2026-08-16 10:13"
"路易十六","65337c686711b99177ed189b","Ritchie","5ff84d182c4df40001592f85","6a81c4f2947036f489754d4d","2026-08-16 10:14"
"柴田理恵＆久本雅美 shared Account","6377c7561c02362bcac9a924","Bazreia","596014fbf97df993145b15d0","6a81c3c4390a6c7e60e72a84","2026-08-16 10:15"
"Bulgariunaci","5ee07a02053ea52a8454e6c2","mr_spy","665c34e0bc4531cdb19b9ab9","6a81c53b4566d406b3b72b0b","2026-08-16 10:16"
"Felix.svb","6856986bb22dea4ae40a3d22","Lennli","5b4899f5b56fe41a1831bba4","6a81c2e5ca6bacddc72bde4a","2026-08-16 10:17"
"盲","63b6a120ed1bf0b1b513dfb8","swangambit","5f7ddfaa5e57b3000189a24e","6a81c51a4566d406b3b72aa5","2026-08-16 10:17"
"Palmitas","69b33a815634cc416b9c7877","Kuchen","633e8c870607afb40b3322f6","6a81c4d60f772dfe043d25f9","2026-08-16 10:17"
"Conax","683029bd7e7399d1213e44e3","Erika","6835b7af656c2c951937f92e","6a81c5650f772dfe043d276c","2026-08-16 10:17"
"mr_spy","665c34e0bc4531cdb19b9ab9","VIVER","631f29032347fcd4bef60349","6a81c6024566d406b3b72d3e","2026-08-16 10:17"
"路易十六","65337c686711b99177ed189b","Ritchie","5ff84d182c4df40001592f85","6a81c5890f772dfe043d27cc","2026-08-16 10:18"
"parsec","670c184c705e783701c753c0","I Love Flags","677585956d1359f9c1bb712a","6a81c5e3947036f489754ffe","2026-08-16 10:18"
"BarryTheBee","62be7867aa13616722f8dd4a","ALFA","5b6f185f7135fa0e48b5528a","6a81c38f4566d406b3b72605","2026-08-16 10:19"
"Trabota","6056fd798ddd1c00018baf23","Gaizkaiser","61e67e2b8a1e1100013538d3","6a81c497947036f489754c6c","2026-08-16 10:19"
"Stevige","67057bd80e65158e29b7a97e","Steve","5c936d6ce92b0c49e4020934","6a81c4a9390a6c7e60e72c42","2026-08-16 10:19"
"CleyRey","6022999c91e2d70001baa800","Geoplonker","63e1d8513621f1ba4a58fb70","6a81c556390a6c7e60e72dec","2026-08-16 10:19"
"Palmitas","69b33a815634cc416b9c7877","Bulgariunaci","5ee07a02053ea52a8454e6c2","6a81c6344566d406b3b72dde","2026-08-16 10:20"
"swangambit","5f7ddfaa5e57b3000189a24e","Tikon","621cddf10416aa00011b992b","6a81c62c947036f4897550f8","2026-08-16 10:20"
"柴田理恵＆久本雅美 shared Account","6377c7561c02362bcac9a924","OakTree","617eb25d4e0e40000158968f","6a81c619390a6c7e60e72f9d","2026-08-16 10:20"
"cZarnyy","5ecbdec18d6ade72cc832c5a","BRO BAGAS","61568977b30f8800018736f1","6a81c6204566d406b3b72da2","2026-08-16 10:20"
"lol pop","622f101c589b350001a7ea5f","nota","68b68704757dd886cdc2365a","6a81c6560f772dfe043d2997","2026-08-16 10:21"
"mr_spy","665c34e0bc4531cdb19b9ab9","Ritchie","5ff84d182c4df40001592f85","6a81c6824566d406b3b72ecb","2026-08-16 10:21"
"VIVER","631f29032347fcd4bef60349","BetterUs","65196050331bb807313df8b0","6a81c65f2c17aa10a145cfcf","2026-08-16 10:22"
"cZarnyy","5ecbdec18d6ade72cc832c5a","BRO BAGAS","61568977b30f8800018736f1","6a81c6ed390a6c7e60e7312b","2026-08-16 10:22"
"yang","68c8d78fee2a8aa559e3878b","ましろ","60622a237c864a00019b5334","6a81c645947036f48975513b","2026-08-16 10:22"
"Tikon","621cddf10416aa00011b992b","Jonas","661ad4c4073f663c21b57fe6","6a81c6f9947036f489755340","2026-08-16 10:23"
"Erika","6835b7af656c2c951937f92e","Conax","683029bd7e7399d1213e44e3","6a81c633390a6c7e60e72fdf","2026-08-16 10:23"
"parsec","670c184c705e783701c753c0","Rapanui","56b34d54f0f54423887879e3","6a81c6b1947036f489755281","2026-08-16 10:24"
"swangambit","5f7ddfaa5e57b3000189a24e","Bulgariunaci","5ee07a02053ea52a8454e6c2","6a81c6ee4566d406b3b7300a","2026-08-16 10:25"
"Kuchen","633e8c870607afb40b3322f6","盲","63b6a120ed1bf0b1b513dfb8","6a81c6644566d406b3b72e56","2026-08-16 10:25"
"mr_spy","665c34e0bc4531cdb19b9ab9","VIVER","631f29032347fcd4bef60349","6a81c784947036f4897554ca","2026-08-16 10:25"
"BetterUs","65196050331bb807313df8b0","BRO BAGAS","61568977b30f8800018736f1","6a81c786947036f4897554d3","2026-08-16 10:25"
"Lennli","5b4899f5b56fe41a1831bba4","Jamabi","5e5fcc1326bbda5284e824cf","6a81c7064566d406b3b73057","2026-08-16 10:26"
"Jonas","661ad4c4073f663c21b57fe6","Tikon","621cddf10416aa00011b992b","6a81c7b2947036f489755544","2026-08-16 10:26"
"CleyRey","6022999c91e2d70001baa800","OakTree","617eb25d4e0e40000158968f","6a81c6fa0f772dfe043d2b04","2026-08-16 10:26"
"Geoplonker","63e1d8513621f1ba4a58fb70","NattyNarwhal","5ab2dfcd1e1f026970265258","6a81c6c94566d406b3b72fa7","2026-08-16 10:26"
".Uz","654a71f1a02b54c363802082","ALFA","5b6f185f7135fa0e48b5528a","6a81c75e947036f48975545b","2026-08-16 10:27"
"Gaizkaiser","61e67e2b8a1e1100013538d3","路易十六","65337c686711b99177ed189b","6a81c6a24566d406b3b72f2e","2026-08-16 10:27"
"Griesi27","6248c16b0e2586bb5e03e025","1Kenma","67f1e53d840a2b6316eb1c59","6a81c6e14566d406b3b72fe7","2026-08-16 10:27"
"parsec","670c184c705e783701c753c0","Rapanui","56b34d54f0f54423887879e3","6a81c7df947036f4897555c5","2026-08-16 10:27"
"vinnie","69af2d2e4921fb35244096f4","Steve","5c936d6ce92b0c49e4020934","6a81c6db0f772dfe043d2ab4","2026-08-16 10:28"
"BetterUs","65196050331bb807313df8b0","ましろ","60622a237c864a00019b5334","6a81c83e4566d406b3b733bd","2026-08-16 10:28"
"Tikon","621cddf10416aa00011b992b","Nick.BY","5926b86352e6ca6c8c1463d7","6a81c85a4566d406b3b73416","2026-08-16 10:29"
"Bulgariunaci","5ee07a02053ea52a8454e6c2","mr_spy","665c34e0bc4531cdb19b9ab9","6a81c85d947036f48975571f","2026-08-16 10:29"
"nota","68b68704757dd886cdc2365a","Cassosclub","65a7c8563d08098ae0def9f9","6a81c894390a6c7e60e734c0","2026-08-16 10:29"
"Ritchie","5ff84d182c4df40001592f85","路易十六","65337c686711b99177ed189b","6a81c8b9390a6c7e60e7351c","2026-08-16 10:30"
"kabrioletlux","60b9f1cafd3caa00014a461e","Yareh","62726f8411308ea36554fa19","6a81c59e4566d406b3b72c31","2026-08-16 10:31"
"CleyRey","6022999c91e2d70001baa800","Geoplonker","63e1d8513621f1ba4a58fb70","6a81c87a390a6c7e60e7348c","2026-08-16 10:31"
"Rasender","5d36bec124ec173888d3a33a","Preussen","64da4d57e44ffbb819d935b1","6a81c7f54566d406b3b732e2","2026-08-16 10:32"
"Jonas","661ad4c4073f663c21b57fe6","Gaizkaiser","61e67e2b8a1e1100013538d3","6a81c8950f772dfe043d2ecb","2026-08-16 10:32"
"Kuchen","633e8c870607afb40b3322f6","Nick.BY","5926b86352e6ca6c8c1463d7","6a81c92e0f772dfe043d3016","2026-08-16 10:32"
"lol pop","622f101c589b350001a7ea5f","Erika","6835b7af656c2c951937f92e","6a81c7a14566d406b3b73216","2026-08-16 10:32"
"Palmitas","69b33a815634cc416b9c7877","adameq","626c3725834eacd247226547","6a81c7f90d2268c2e52c7591","2026-08-16 10:33"
"Bulgariunaci","5ee07a02053ea52a8454e6c2","mr_spy","665c34e0bc4531cdb19b9ab9","6a81c92d390a6c7e60e735fd","2026-08-16 10:34"
"柴田理恵＆久本雅美 shared Account","6377c7561c02362bcac9a924","cZarnyy","5ecbdec18d6ade72cc832c5a","6a81c778ce00bd383220906e","2026-08-16 10:34"
"BetterUs","65196050331bb807313df8b0","Mitrani","5ec41b4ff849319644f3dfd4","6a81c9894566d406b3b73777","2026-08-16 10:34"
"Geoplonker","63e1d8513621f1ba4a58fb70","1Kenma","67f1e53d840a2b6316eb1c59","6a81c9a54566d406b3b737c4","2026-08-16 10:35"
"Trabota","6056fd798ddd1c00018baf23","Blinky","5b51062a4010740f7cd91dd5","6a81c6c04566d406b3b72f85","2026-08-16 10:36"
"Palmitas","69b33a815634cc416b9c7877","swangambit","5f7ddfaa5e57b3000189a24e","6a81ca7a4566d406b3b73a58","2026-08-16 10:36"
"Bulgariunaci","5ee07a02053ea52a8454e6c2","BetterUs","65196050331bb807313df8b0","6a81ca61947036f489755c9a","2026-08-16 10:36"
"Clemens363","5f2bb2243ae4f7000134081b","Kilkum","61b228be008ec800015ff0a9","6a81c51f0f772dfe043d26c1","2026-08-16 10:36"
"Jerzy Kirkowski","5ecbdec18d6ade72cc832c5a","mr_spy","665c34e0bc4531cdb19b9ab9","6a81ca3f4566d406b3b73996","2026-08-16 10:37"
"Gaizkaiser","61e67e2b8a1e1100013538d3","Rihanna's alt","6a3c2f99fe770b27148e8436","6a81c9c5947036f489755aac","2026-08-16 10:38"
"Mathias","650a2d21361d5316c35b4efe","路易十六","65337c686711b99177ed189b","6a81c9b64566d406b3b7380f","2026-08-16 10:39"
"adameq","626c3725834eacd247226547","Kuchen","633e8c870607afb40b3322f6","6a81ca1b390a6c7e60e73804","2026-08-16 10:39"
"Nick.BY","5926b86352e6ca6c8c1463d7","Preussen","64da4d57e44ffbb819d935b1","6a81c9e90d2268c2e52c78a7","2026-08-16 10:39"
"lol pop","622f101c589b350001a7ea5f","Erika","6835b7af656c2c951937f92e","6a81c9d74566d406b3b7386a","2026-08-16 10:39"
"CleyRey","6022999c91e2d70001baa800","Victor","67822dd7ca228d1e49a1a611","6a81c9e34566d406b3b7389b","2026-08-16 10:39"
"BetterUs","65196050331bb807313df8b0","Mitrani","5ec41b4ff849319644f3dfd4","6a81cadb947036f489755e2b","2026-08-16 10:39"
"nota","68b68704757dd886cdc2365a","Cassosclub","65a7c8563d08098ae0def9f9","6a81ca92947036f489755d4e","2026-08-16 10:39"
"EnchantingTunnel555","6a30b364003bbbd30814179d","DeporS","5ad34acb582de2514cb97a51","6a81cb02390a6c7e60e739e9","2026-08-16 10:39"
"Felix.svb","6856986bb22dea4ae40a3d22","Lennli","5b4899f5b56fe41a1831bba4","6a81c873947036f489755768","2026-08-16 10:41"
"GeoMax","610ade6208061c000158624f","Geoplonker","63e1d8513621f1ba4a58fb70","6a81ca66947036f489755cb6","2026-08-16 10:41"
"Bulgariunaci","5ee07a02053ea52a8454e6c2","Palmitas","69b33a815634cc416b9c7877","6a81caf60f772dfe043d3446","2026-08-16 10:42"
"Rawin","6162efcdc23f260001c6a4d3","swangambit","5f7ddfaa5e57b3000189a24e","6a81cadb4566d406b3b73b8a","2026-08-16 10:42"
"arpansarangi","64bd0b2d4e5bceaec7837cbf","Erika","6835b7af656c2c951937f92e","6a81cb5d947036f489755f75","2026-08-16 10:42"
"CleyRey","6022999c91e2d70001baa800","Moussa","63f298b8251569d36d50155b","6a81cb8e0f772dfe043d35f4","2026-08-16 10:43"
"Fifonż","62a47f05cc33a10539b724eb","Sir Plonk-a-Lot","615ca101e2d91f0001f7e759","6a81c8034566d406b3b73306","2026-08-16 10:43"
"SobPro","685eddbc8d1a34931b00105c","Tottenhamwisps","60ad03a48b6e1d00012f8e7e","6a81cbdb0f772dfe043d36ad","2026-08-16 10:44"
"mr_spy","665c34e0bc4531cdb19b9ab9","鹰娥朗","628e0d478e5ef3a3ca163627","6a81cc0c4566d406b3b73ee2","2026-08-16 10:44"
"ALFA","5b6f185f7135fa0e48b5528a","Blinky","5b51062a4010740f7cd91dd5","6a81cba5947036f489756045","2026-08-16 10:46"
"koekemonster","602ea9c05fa0b100010db2b3","SobPro","685eddbc8d1a34931b00105c","6a81ccab4566d406b3b740ae","2026-08-16 10:46"
"akia","6a0f4aea9f6f0bf394478379","Blumeq","61223629224b8a0001020f04","6a81cb2b0f772dfe043d3512","2026-08-16 10:46"
"Lobsz #KeepCarMeta","60822019dcc60e000146c172","Gaizkaiser","61e67e2b8a1e1100013538d3","6a81cb3d947036f489755f25","2026-08-16 10:47"
"路易十六","65337c686711b99177ed189b","Kuchen","633e8c870607afb40b3322f6","6a81cb87947036f489755fea","2026-08-16 10:47"
"路易十六","65337c686711b99177ed189b","wicked","62b58d581d1f72470f4628a0","6a81cd4e4566d406b3b742a4","2026-08-16 10:48"
"BetterUs","65196050331bb807313df8b0","Clemens363","5f2bb2243ae4f7000134081b","6a81cb5f0f772dfe043d359b","2026-08-16 10:48"
"EnchantingTunnel555","6a30b364003bbbd30814179d","Shimpanse@€","66395e12bf24f37844d5e809","6a81cb5d390a6c7e60e73ac9","2026-08-16 10:48"
"Lennli","5b4899f5b56fe41a1831bba4","Preussen","64da4d57e44ffbb819d935b1","6a81cc7b0f772dfe043d3821","2026-08-16 10:49"
"koekemonster","602ea9c05fa0b100010db2b3","Gaizkaiser","61e67e2b8a1e1100013538d3","6a81cd680f772dfe043d3aa4","2026-08-16 10:49"
"Jonas","661ad4c4073f663c21b57fe6","Bulgariunaci","5ee07a02053ea52a8454e6c2","6a81cc7b947036f4897562a8","2026-08-16 10:49"
"Rawin","6162efcdc23f260001c6a4d3","Ritchie","5ff84d182c4df40001592f85","6a81cceb4566d406b3b74169","2026-08-16 10:49"
"Steve","5c936d6ce92b0c49e4020934","CleyRey","6022999c91e2d70001baa800","6a81cc9f947036f489756325","2026-08-16 10:49"
"GeoMax","610ade6208061c000158624f","Moussa","63f298b8251569d36d50155b","6a81ccad4566d406b3b740b4","2026-08-16 10:49"
"ましろ","60622a237c864a00019b5334","NotACat","6443b6fa8533a4048652b1e2","6a81cd194566d406b3b741f8","2026-08-16 10:49"
"Trabota","6056fd798ddd1c00018baf23","Maksonic","619d09bdc4ab7000016c68d3","6a81cbc8390a6c7e60e73bd3","2026-08-16 10:50"
"akia","6a0f4aea9f6f0bf394478379","Tottenhamwisps","60ad03a48b6e1d00012f8e7e","6a81cd414566d406b3b74284","2026-08-16 10:50"
"Rasender","5d36bec124ec173888d3a33a","adameq","626c3725834eacd247226547","6a81cb590f772dfe043d3594","2026-08-16 10:51"
"MARLON","676d5a15801d2d75f4d6d09e","Mathias","650a2d21361d5316c35b4efe","6a81cbca4566d406b3b73e36","2026-08-16 10:52"
"wicked","62b58d581d1f72470f4628a0","路易十六","65337c686711b99177ed189b","6a81cdac4566d406b3b743c0","2026-08-16 10:52"
"Ritchie","5ff84d182c4df40001592f85","Bothlose","67c9a0f97857aec18c6f2239","6a81cdb5947036f489756631","2026-08-16 10:52"
"arpansarangi","64bd0b2d4e5bceaec7837cbf","BANG PRE","673ef08cfb1aaa5c9673d1d7","6a81cd0e0f772dfe043d39a1","2026-08-16 10:52"
"Rawin","6162efcdc23f260001c6a4d3","ましろ","60622a237c864a00019b5334","6a81ce0e947036f48975671f","2026-08-16 10:53"
"EnchantingTunnel555","6a30b364003bbbd30814179d","Kirrex","5ed4fcc293122b841c1a1e10","6a81cdf2947036f4897566d5","2026-08-16 10:53"
"koekemonster","602ea9c05fa0b100010db2b3","Trabota","6056fd798ddd1c00018baf23","6a81ce11947036f48975672b","2026-08-16 10:54"
"Steve","5c936d6ce92b0c49e4020934","masamune","60b36d8fbba4ea0001ba5dc5","6a81ce540f772dfe043d3ce4","2026-08-16 10:54"
"GeoMax","610ade6208061c000158624f","Tottenhamwisps","60ad03a48b6e1d00012f8e7e","6a81ce19947036f489756741","2026-08-16 10:54"
"CleyRey","6022999c91e2d70001baa800","caioxz_","6331d016ad2a2f9e703f7c60","6a81cde6947036f4897566bc","2026-08-16 10:54"
"ましろ","60622a237c864a00019b5334","CARTO - GEO","6370f986261c84596054f8de","6a81ce41390a6c7e60e74148","2026-08-16 10:54"
"路易十六","65337c686711b99177ed189b","GramenMystace","621688225a265e000124cc8d","6a81ce814566d406b3b74632","2026-08-16 10:55"
"Kuchen","633e8c870607afb40b3322f6","いぶりー ivly","6578df649b50a29c7d4112a0","6a81cd8d0f772dfe043d3b06","2026-08-16 10:56"
"Domak666","6a3a957b0446680426a7f84b","ましろ","60622a237c864a00019b5334","6a81ceeb0e7094bdc77f0b54","2026-08-16 10:56"
"Ritchie","5ff84d182c4df40001592f85","Superhorstuwe","67f42dea666326f3169cde54","6a81cf27947036f489756abf","2026-08-16 10:57"
"Blinky","5b51062a4010740f7cd91dd5","ALFA","5b6f185f7135fa0e48b5528a","6a81ccfd4566d406b3b7419a","2026-08-16 10:58"
"GramenMystace","621688225a265e000124cc8d","Zuepp","601458985acffb00015bd0d5","6a81cf444566d406b3b7488a","2026-08-16 10:58"
"Rawin","6162efcdc23f260001c6a4d3","Tottenhamwisps","60ad03a48b6e1d00012f8e7e","6a81cf050f772dfe043d3e7d","2026-08-16 10:59"
"Superhorstuwe","67f42dea666326f3169cde54","TechimanGuesser","69763f0e293ac365ce659dca","6a81cfb94566d406b3b749fb","2026-08-16 11:00"
"vukard","6040b767a822080001418691","irrational","65ba97ce8b2ba0c747ffa3b7","6a81c8f2947036f4897558a3","2026-08-16 11:00"
"GeoMax","610ade6208061c000158624f","caioxz_","6331d016ad2a2f9e703f7c60","6a81cf12947036f489756a78","2026-08-16 11:00"
"GramenMystace","621688225a265e000124cc8d","Zuepp","601458985acffb00015bd0d5","6a81d00d390a6c7e60e745ef","2026-08-16 11:01"
"Trabota","6056fd798ddd1c00018baf23","Kuchen","633e8c870607afb40b3322f6","6a81cf9d947036f489756c3c","2026-08-16 11:02"
"kabrioletlux","60b9f1cafd3caa00014a461e","Lennli","5b4899f5b56fe41a1831bba4","6a81cdac947036f489756610","2026-08-16 11:02"
"Mathias","650a2d21361d5316c35b4efe","MARLON","676d5a15801d2d75f4d6d09e","6a81cf1c947036f489756aa1","2026-08-16 11:02"
"CleyRey","6022999c91e2d70001baa800","nota","68b68704757dd886cdc2365a","6a81cf50947036f489756b3e","2026-08-16 11:02"
"koekemonster","602ea9c05fa0b100010db2b3","Maksonic","619d09bdc4ab7000016c68d3","6a81cf2b4566d406b3b7483c","2026-08-16 11:03"
"GramenMystace","621688225a265e000124cc8d","Rawin","6162efcdc23f260001c6a4d3","6a81d0a1947036f489756fd2","2026-08-16 11:04"
"Superhorstuwe","67f42dea666326f3169cde54","GeoMax","610ade6208061c000158624f","6a81d08323063e05eacd79ba","2026-08-16 11:04"
"adameq","626c3725834eacd247226547","Preussen","64da4d57e44ffbb819d935b1","6a81ce33390a6c7e60e74120","2026-08-16 11:05"
"TechimanGuesser","69763f0e293ac365ce659dca","caioxz_","6331d016ad2a2f9e703f7c60","6a81d054947036f489756ebd","2026-08-16 11:06"
"ましろ","60622a237c864a00019b5334","Ritchie","5ff84d182c4df40001592f85","6a81d1044566d406b3b74e25","2026-08-16 11:07"
"waterloo sunset","6779de5c462d84c18822bb8f","mr_spy","665c34e0bc4531cdb19b9ab9","6a81d17e947036f4897572ab","2026-08-16 11:08"
"koekemonster","602ea9c05fa0b100010db2b3","Trabota","6056fd798ddd1c00018baf23","6a81d0ff4566d406b3b74e13","2026-08-16 11:09"
"Superhorstuwe","67f42dea666326f3169cde54","Rihanna's alt","6a3c2f99fe770b27148e8436","6a81d1601733aae025b13e61","2026-08-16 11:09"
"irrational","65ba97ce8b2ba0c747ffa3b7","LeBron James of Geoguessr","58ba5dff0eac7223846496ea","6a81d09b390a6c7e60e74768","2026-08-16 11:09"
"Kuchen","633e8c870607afb40b3322f6","MARLON","676d5a15801d2d75f4d6d09e","6a81d0ea947036f4897570ae","2026-08-16 11:10"
"vukard","6040b767a822080001418691","Mich","5ef35fd819612a2940d22de2","6a81d132947036f4897571ae","2026-08-16 11:10"
"CleyRey","6022999c91e2d70001baa800","鳴神","5e6434058fd6cf50f886fb99","6a81d1054566d406b3b74e2b","2026-08-16 11:10"
"Geoplonker","63e1d8513621f1ba4a58fb70","Moussa","63f298b8251569d36d50155b","6a81d190390a6c7e60e749b5","2026-08-16 11:10"
"ましろ","60622a237c864a00019b5334","Ritchie","5ff84d182c4df40001592f85","6a81d213947036f48975747f","2026-08-16 11:10"
"Blinky","5b51062a4010740f7cd91dd5","ALFA","5b6f185f7135fa0e48b5528a","6a81cfc8947036f489756cd8","2026-08-16 11:11"
"Aljosc","6285deec505b0a7a76ccca1d","Rawin","6162efcdc23f260001c6a4d3","6a81d1f94566d406b3b75163","2026-08-16 11:11"
"Ritchie","5ff84d182c4df40001592f85","ましろ","60622a237c864a00019b5334","6a81d2b00f772dfe043d4872","2026-08-16 11:12"
"Trabota","6056fd798ddd1c00018baf23","koekemonster","602ea9c05fa0b100010db2b3","6a81d298947036f489757602","2026-08-16 11:13"
"adameq","626c3725834eacd247226547","TechimanGuesser","69763f0e293ac365ce659dca","6a81d1e31733aae025b13f74","2026-08-16 11:13"
"Ole","67c70b553f65f1a34a926de3","habesh","647734d056305f7bf5561a4e","6a81d0ea4566d406b3b74dd6","2026-08-16 11:14"
"いぶりー ivly","6578df649b50a29c7d4112a0","DonkeyGuesses","6912d873ef3380557dd45eec","6a81d1d3947036f4897573b6","2026-08-16 11:14"
"Alt Foda","6a552980312272525410f673","Anch_Acoh","69d7ad00d043df537db08166","6a81d2f5390a6c7e60e74d6e","2026-08-16 11:14"
"0.03mm","692fdd96871fb5a05c4dcab0","kappa1","6202b2df6d77590001143f83","6a81d2ec23063e05eacd7edc","2026-08-16 11:14"
"Tikon","621cddf10416aa00011b992b","vukard","6040b767a822080001418691","6a81d33f0f772dfe043d4a05","2026-08-16 11:15"
"Kuchen","633e8c870607afb40b3322f6","Rawin","6162efcdc23f260001c6a4d3","6a81d2dc0d2268c2e52c8a1c","2026-08-16 11:15"
"GGvuk","68481c2f555d94f766ef7fcc","___________________","68cadb546f672817f40b47b5","6a81cdf14566d406b3b7448b","2026-08-16 11:15"
"Ritchie","5ff84d182c4df40001592f85","ましろ","60622a237c864a00019b5334","6a81d329390a6c7e60e74df9","2026-08-16 11:15"
"ましろ","60622a237c864a00019b5334","kakithesukip","6809563cae64cffc1988e9fe","6a81d3904566d406b3b75627","2026-08-16 11:15"
"Yareh","62726f8411308ea36554fa19","Sir Plonk-a-Lot","615ca101e2d91f0001f7e759","6a81d26f4566d406b3b752df","2026-08-16 11:17"
"Alt Foda","6a552980312272525410f673","kappa1","6202b2df6d77590001143f83","6a81d3994566d406b3b75649","2026-08-16 11:17"
"ましろ","60622a237c864a00019b5334","Ritchie","5ff84d182c4df40001592f85","6a81d3fc4566d406b3b75798","2026-08-16 11:18"
"0.03mm","692fdd96871fb5a05c4dcab0","Andreicos25","623e4794ee2149e379e895d0","6a81d3aa4566d406b3b75680","2026-08-16 11:18"
"Preussen","64da4d57e44ffbb819d935b1","Rihanna's alt","6a3c2f99fe770b27148e8436","6a81d28e390a6c7e60e74c6f","2026-08-16 11:19"
"CleyRey","6022999c91e2d70001baa800","鳴神","5e6434058fd6cf50f886fb99","6a81d2bb0f772dfe043d48b2","2026-08-16 11:19"
"ましろ","60622a237c864a00019b5334","DIFFK MISSED ABSOLUTEFILTHTV","5efe8645105829665ce0304a","6a81d4de0f772dfe043d4e1c","2026-08-16 11:21"
"adameq","626c3725834eacd247226547","TechimanGuesser","69763f0e293ac365ce659dca","6a81d3774566d406b3b755e5","2026-08-16 11:22"
"Blinky","5b51062a4010740f7cd91dd5","ALFA","5b6f185f7135fa0e48b5528a","6a81d2f3947036f489757706","2026-08-16 11:23"
"Trabota","6056fd798ddd1c00018baf23","MARLON","676d5a15801d2d75f4d6d09e","6a81d3b40f772dfe043d4b25","2026-08-16 11:23"
"Tikon","621cddf10416aa00011b992b","Kuchen","633e8c870607afb40b3322f6","6a81d3e80f772dfe043d4b99","2026-08-16 11:23"
"Victor","67822dd7ca228d1e49a1a611","yac&cheese","645b0c20107fe29c924fb124","6a81d4fe0f772dfe043d4eb8","2026-08-16 11:23"
"vukard","6040b767a822080001418691","Ritchie","5ff84d182c4df40001592f85","6a81d4b1390a6c7e60e751c1","2026-08-16 11:24"
"Alt Foda","6a552980312272525410f673","HESTOLL","653e44b6335e09cac4186a30","6a81d475947036f489757b66","2026-08-16 11:24"
"MARLON","676d5a15801d2d75f4d6d09e","TechimanGuesser","69763f0e293ac365ce659dca","6a81d5a6947036f489757ef9","2026-08-16 11:26"
"habesh","647734d056305f7bf5561a4e","Ole","67c70b553f65f1a34a926de3","6a81d3bb947036f489757949","2026-08-16 11:26"
"yac&cheese","645b0c20107fe29c924fb124","Victor","67822dd7ca228d1e49a1a611","6a81d5d64566d406b3b75d3b","2026-08-16 11:26"
"CleyRey","6022999c91e2d70001baa800","いぶりー ivly","6578df649b50a29c7d4112a0","6a81d516947036f489757d8e","2026-08-16 11:27"
"Żukasz","602cfd5dc397fa0001f09dfb","Ritchie","5ff84d182c4df40001592f85","6a81d5e74566d406b3b75d94","2026-08-16 11:27"
"Felix.svb","6856986bb22dea4ae40a3d22","Lennli","5b4899f5b56fe41a1831bba4","6a81d111390a6c7e60e7485e","2026-08-16 11:28"
"ましろ","60622a237c864a00019b5334","Middle click final boss","60e09234213b0600019d912e","6a81d5614566d406b3b75bce","2026-08-16 11:28"
"Alt Foda","6a552980312272525410f673","Beefun","67ed97af783619bc54deac8f","6a81d5f7947036f489757fe4","2026-08-16 11:28"
"Kuchen","633e8c870607afb40b3322f6","no thoughts, just violence","61cdfc02f6470200011a0caa","6a81d6264566d406b3b75e8d","2026-08-16 11:29"
"Domak666","6a3a957b0446680426a7f84b","Victor","67822dd7ca228d1e49a1a611","6a81d6a14566d406b3b760b4","2026-08-16 11:29"
"adameq","626c3725834eacd247226547","Preussen","64da4d57e44ffbb819d935b1","6a81d596947036f489757ec0","2026-08-16 11:30"
"Clemens363","5f2bb2243ae4f7000134081b","BRO BAGAS","61568977b30f8800018736f1","6a81d371947036f489757886","2026-08-16 11:30"
"Blinky","5b51062a4010740f7cd91dd5","ALFA","5b6f185f7135fa0e48b5528a","6a81d5ea947036f489757fbf","2026-08-16 11:31"
"vukard","6040b767a822080001418691","choco","622e22e69974710001c132e3","6a81d6014566d406b3b75ded","2026-08-16 11:31"
"Żukasz","602cfd5dc397fa0001f09dfb","Ritchie","5ff84d182c4df40001592f85","6a81d6ab947036f489758347","2026-08-16 11:31"
"Domak666","6a3a957b0446680426a7f84b","Andrade","631f700e2347fcd4bef6185b","6a81d7490f772dfe043d56b5","2026-08-16 11:31"
"Kuchen","633e8c870607afb40b3322f6","adameq","626c3725834eacd247226547","6a81d7534566d406b3b7631a","2026-08-16 11:32"
"mint","67bf13b90a45adc3b2e1c725","Preussen","64da4d57e44ffbb819d935b1","6a81d74a390a6c7e60e75955","2026-08-16 11:32"
"GGvuk","68481c2f555d94f766ef7fcc","___________________","68cadb546f672817f40b47b5","6a81d40e0f772dfe043d4bec","2026-08-16 11:32"
"Żukasz","602cfd5dc397fa0001f09dfb","Andrade","631f700e2347fcd4bef6185b","6a81d7a94566d406b3b76495","2026-08-16 11:32"
"nowlo","67493198473744059fbb9736","Trabota","6056fd798ddd1c00018baf23","6a81d5a3947036f489757ef1","2026-08-16 11:33"
"Victor","67822dd7ca228d1e49a1a611","Middle click final boss","60e09234213b0600019d912e","6a81d73c4566d406b3b762b7","2026-08-16 11:34"
"Jonas","661ad4c4073f663c21b57fe6","Lennli","5b4899f5b56fe41a1831bba4","6a81d78b947036f48975866e","2026-08-16 11:35"
"Victor","67822dd7ca228d1e49a1a611","Middle click final boss","60e09234213b0600019d912e","6a81d8490f772dfe043d59ba","2026-08-16 11:35"
"TechimanGuesser","69763f0e293ac365ce659dca","Taylor Swift Connoisseur","5c7d0e74f8f7fb7218489b2e","6a81d6b8947036f489758395","2026-08-16 11:36"
"Żukasz","602cfd5dc397fa0001f09dfb","wichura240","68767692157557d5c76a0ab6","6a81d7d9947036f48975881c","2026-08-16 11:36"
"vukard","6040b767a822080001418691","MARLON","676d5a15801d2d75f4d6d09e","6a81d7b84566d406b3b764c0","2026-08-16 11:37"
"Ritchie","5ff84d182c4df40001592f85","masamune","60b36d8fbba4ea0001ba5dc5","6a81d82a947036f48975896b","2026-08-16 11:38"
"Middle click final boss","60e09234213b0600019d912e","wichura240","68767692157557d5c76a0ab6","6a81d8bf947036f489758c64","2026-08-16 11:38"
"Rasender","5d36bec124ec173888d3a33a","BotsWannaBeMe","678d57b5624e9dc811ce9ca0","6a81d7894566d406b3b76418","2026-08-16 11:39"
"Dimsum","63f619f14068eb7d4bbb134d","CleyRey","6022999c91e2d70001baa800","6a81d73a0f772dfe043d568a","2026-08-16 11:39"
"Rafa","65d3d579486526d78cd578f9","Jolutien","5fb2f215dcf055000142ff72","6a81d8d30f772dfe043d5c10","2026-08-16 11:39"
"Loan","5e866b87b3ec17798078a43b","Manureza","678ec40f575b9e3fd172579d","6a81d7e50f772dfe043d58a6","2026-08-16 11:39"
"Blinky","5b51062a4010740f7cd91dd5","ALFA","5b6f185f7135fa0e48b5528a","6a81d7ae947036f489758792","2026-08-16 11:40"
"Victor","67822dd7ca228d1e49a1a611","flaky htf","60ae985660d1f000019f0ef1","6a81d897947036f489758b88","2026-08-16 11:40"
"Tikon","621cddf10416aa00011b992b","Kuchen","633e8c870607afb40b3322f6","6a81d8800e7094bdc77f2141","2026-08-16 11:41"
"mint","67bf13b90a45adc3b2e1c725","adameq","626c3725834eacd247226547","6a81d7e50f772dfe043d58a5","2026-08-16 11:41"
"Giant Panda","6874e2f8ef3960e599abae7c","Jerzy Kirkowski","5ecbdec18d6ade72cc832c5a","6a81d95d4566d406b3b76ab0","2026-08-16 11:41"
"Erika","6835b7af656c2c951937f92e","choco","622e22e69974710001c132e3","6a81d896947036f489758b81","2026-08-16 11:41"
"Trabota","6056fd798ddd1c00018baf23","nowlo","67493198473744059fbb9736","6a81d82b947036f48975896f","2026-08-16 11:42"
"Alt Foda","6a552980312272525410f673","RainyZenith347","68af8853260a7d5ae111fa29","6a81d7b6947036f4897587a8","2026-08-16 11:42"
"franek3215 2 (wached)","69bd7ff3c47c5404925b9113","flaky htf","60ae985660d1f000019f0ef1","6a81d9c64566d406b3b76beb","2026-08-16 11:42"
"Rafa","65d3d579486526d78cd578f9","kakithesukip","6809563cae64cffc1988e9fe","6a81d98a947036f489758e51","2026-08-16 11:43"
"Rihanna's alt","6a3c2f99fe770b27148e8436","vukard","6040b767a822080001418691","6a81d91f4566d406b3b769de","2026-08-16 11:44"
"TechimanGuesser","69763f0e293ac365ce659dca","Taylor Swift Connoisseur","5c7d0e74f8f7fb7218489b2e","6a81d8eb0d2268c2e52c981f","2026-08-16 11:44"
"Giant Panda","6874e2f8ef3960e599abae7c","Rawin","6162efcdc23f260001c6a4d3","6a81da070f772dfe043d5f27","2026-08-16 11:44"
"Felix.svb","6856986bb22dea4ae40a3d22","Lennli","5b4899f5b56fe41a1831bba4","6a81d8a34566d406b3b76818","2026-08-16 11:45"
"Shpluk","56a0a5f1f0f54438b8b9f4b1","___________________","68cadb546f672817f40b47b5","6a81d7cf390a6c7e60e75ad8","2026-08-16 11:45"
"鳴神","5e6434058fd6cf50f886fb99","Yareh","62726f8411308ea36554fa19","6a81d4d0390a6c7e60e75214","2026-08-16 11:45"
"adameq","626c3725834eacd247226547","MARLON","676d5a15801d2d75f4d6d09e","6a81da1b390a6c7e60e7620f","2026-08-16 11:46"
"Ole","67c70b553f65f1a34a926de3","Thomas4183b","60194a73ccb73b00018edf77","6a81d70a947036f48975845e","2026-08-16 11:46"
"Steve","5c936d6ce92b0c49e4020934","Erika","6835b7af656c2c951937f92e","6a81d9ee947036f489758f7e","2026-08-16 11:46"
"franek3215 2 (wached)","69bd7ff3c47c5404925b9113","flaky htf","60ae985660d1f000019f0ef1","6a81da3a390a6c7e60e76245","2026-08-16 11:46"
"Blinky","5b51062a4010740f7cd91dd5","ALFA","5b6f185f7135fa0e48b5528a","6a81d9db947036f489758f2e","2026-08-16 11:47"
"choco","622e22e69974710001c132e3","Jerzy Kirkowski","5ecbdec18d6ade72cc832c5a","6a81da014566d406b3b76cf6","2026-08-16 11:47"
"Victor","67822dd7ca228d1e49a1a611","wichura240","68767692157557d5c76a0ab6","6a81dab9947036f48975916c","2026-08-16 11:47"
"CleyRey","6022999c91e2d70001baa800","BotsWannaBeMe","678d57b5624e9dc811ce9ca0","6a81d996947036f489758e6e","2026-08-16 11:48"
"Giant Panda","6874e2f8ef3960e599abae7c","franek3215 2 (wached)","69bd7ff3c47c5404925b9113","6a81db2d0f772dfe043d6205","2026-08-16 11:49"
"Middle click final boss","60e09234213b0600019d912e","Rawin","6162efcdc23f260001c6a4d3","6a81dae94566d406b3b76f60","2026-08-16 11:49"
"Jonas","661ad4c4073f663c21b57fe6","Lennli","5b4899f5b56fe41a1831bba4","6a81dad9947036f4897591cf","2026-08-16 11:50"
"Dimsum","63f619f14068eb7d4bbb134d","Xase","6155e281335e48000120c4ee","6a81da320f772dfe043d5f7b","2026-08-16 11:50"
"Fxrzs","676edd67b060daec5f128233","Victor","67822dd7ca228d1e49a1a611","6a81db940f772dfe043d62f8","2026-08-16 11:50"
"Rafa","65d3d579486526d78cd578f9","TechimanGuesser","69763f0e293ac365ce659dca","6a81daa30f772dfe043d60a4","2026-08-16 11:50"
"Superhorstuwe","67f42dea666326f3169cde54","Julian","5a8eb2d498cc2c6744a88ce4","6a81dadb4566d406b3b76f3a","2026-08-16 11:51"
"Blinky","5b51062a4010740f7cd91dd5","Delema()()()","65869f62df3f7bea3fa1d675","6a81db8f4566d406b3b7711b","2026-08-16 11:52"
"adameq","626c3725834eacd247226547","Rihanna's alt","6a3c2f99fe770b27148e8436","6a81db74947036f48975937a","2026-08-16 11:52"
"vukard","6040b767a822080001418691","Steve","5c936d6ce92b0c49e4020934","6a81db250f772dfe043d61f2","2026-08-16 11:52"
"いぶりー ivly","6578df649b50a29c7d4112a0","Manureza","678ec40f575b9e3fd172579d","6a81dac34566d406b3b76eef","2026-08-16 11:52"
"Yareh","62726f8411308ea36554fa19","___________________","68cadb546f672817f40b47b5","6a81db0c0f772dfe043d61bb","2026-08-16 11:53"
"Giant Panda","6874e2f8ef3960e599abae7c","tacocat 🌮 🐈","675a19ef5a75afba3b6908ea","6a81dbea4566d406b3b77210","2026-08-16 11:53"
"Domak666","6a3a957b0446680426a7f84b","Max","5f847db332173400011b50bb","6a81dc03947036f4897594d3","2026-08-16 11:53"
"Fxrzs","676edd67b060daec5f128233","TechimanGuesser","69763f0e293ac365ce659dca","6a81dc324566d406b3b772f7","2026-08-16 11:54"
"choco","622e22e69974710001c132e3","Erika","6835b7af656c2c951937f92e","6a81db49947036f489759315","2026-08-16 11:54"
"nowlo","67493198473744059fbb9736","Kuchen","633e8c870607afb40b3322f6","6a81dabc4566d406b3b76ed6","2026-08-16 11:55"
"Skrillicon","63655c683f13a9e2cceb27d9","Lennli","5b4899f5b56fe41a1831bba4","6a81dc0f947036f4897594fb","2026-08-16 11:55"
"CleyRey","6022999c91e2d70001baa800","BotsWannaBeMe","678d57b5624e9dc811ce9ca0","6a81db91947036f4897593b5","2026-08-16 11:55"
"SIM","5ed11a2b282ad28b94fe9b42","BRO BAGAS","61568977b30f8800018736f1","6a81d8944566d406b3b767ec","2026-08-16 11:55"
"ALFA","5b6f185f7135fa0e48b5528a","Rasender","5d36bec124ec173888d3a33a","6a81dc040d2268c2e52c9d05","2026-08-16 11:56"
"Middle click final boss","60e09234213b0600019d912e","Giant Panda","6874e2f8ef3960e599abae7c","6a81dcde4566d406b3b774bc","2026-08-16 11:56"
"Domak666","6a3a957b0446680426a7f84b","સિલુસ્ટરબુસ્ટર","65a298676d25e3f9160d193d","6a81dcf8947036f48975975b","2026-08-16 11:56"
"Loan","5e866b87b3ec17798078a43b","Patrickvanpaul","5ff4a6cb612052000195aed4","6a81d99e0f772dfe043d5e20","2026-08-16 11:56"
"Mathias","650a2d21361d5316c35b4efe","vukard","6040b767a822080001418691","6a81dc800f772dfe043d6559","2026-08-16 11:59"
"Kuchen","633e8c870607afb40b3322f6","ILIAPLONKS (YT/TTV)","623798a42965f997f04b1cc1","6a81dd5d4566d406b3b77652","2026-08-16 11:59"
"CleyRey","6022999c91e2d70001baa800","Mow_Mi_Ksienciu","65567939564ddbb4b6c81c58","6a81dd6b4566d406b3b77686","2026-08-16 11:59"
"M1lan","67473d086316c898fe734668","Steve","5c936d6ce92b0c49e4020934","6a81dc89947036f489759657","2026-08-16 11:59"
"Kilkum","61b228be008ec800015ff0a9","Shpluk","56a0a5f1f0f54438b8b9f4b1","6a81dbb10f772dfe043d6341","2026-08-16 12:00"
"teddy bear","66f081f2bf4b230a2fcb970c","Vxltz","67780adf0879aa72b56d9004","6a81ddc5947036f48975996d","2026-08-16 12:00"
"Tikon","621cddf10416aa00011b992b","Lennli","5b4899f5b56fe41a1831bba4","6a81dd91947036f4897598d0","2026-08-16 12:01"
"___________________","68cadb546f672817f40b47b5","Dimsum","63f619f14068eb7d4bbb134d","6a81dcb3390a6c7e60e7673f","2026-08-16 12:01"
"Domak666","6a3a957b0446680426a7f84b","Zuepp","601458985acffb00015bd0d5","6a81ddaf947036f48975992b","2026-08-16 12:01"
"TechimanGuesser","69763f0e293ac365ce659dca","goodvibes18","64fc454da5664ce9de249325","6a81dcfc4566d406b3b7751c","2026-08-16 12:02"
"teddy bear","66f081f2bf4b230a2fcb970c","Valen´t","5ecc89febb39467ce83ec462","6a81de780f772dfe043d6992","2026-08-16 12:02"
"polaring","632e04c44a19e972f04cd1d3","Superhorstuwe","67f42dea666326f3169cde54","6a81dd824566d406b3b776c3","2026-08-16 12:03"
"Erika","6835b7af656c2c951937f92e","연모트","5ffcf4ef76bbb900019724c1","6a81dd0a4566d406b3b7753f","2026-08-16 12:03"
"M1lan","67473d086316c898fe734668","Steve","5c936d6ce92b0c49e4020934","6a81de3c947036f489759a8d","2026-08-16 12:04"
"Zuepp","601458985acffb00015bd0d5","Valen´t","5ecc89febb39467ce83ec462","6a81deeb947036f489759cb9","2026-08-16 12:05"
"Middle click final boss","60e09234213b0600019d912e","teddy bear","66f081f2bf4b230a2fcb970c","6a81def02c17aa10a1460073","2026-08-16 12:05"
"Mr. Geo Accuracy","67666c0fae31f29e4b0ec6ad","Rawin","6162efcdc23f260001c6a4d3","6a81dedb4566d406b3b77b04","2026-08-16 12:05"
"steelik","5c8952067235f956d80440cc","devj","5ee70329a237c362e06100b5","6a81dece4566d406b3b77aea","2026-08-16 12:05"
"Yareh","62726f8411308ea36554fa19","Enej","5ff5665d96dfe0000184bfc7","6a81dd3b4566d406b3b775db","2026-08-16 12:06"
"Thomas4183b","60194a73ccb73b00018edf77","SanderFMC","62ce8106f827cbfd72056f46","6a81db150f772dfe043d61d7","2026-08-16 12:06"
"nowlo","67493198473744059fbb9736","Delema()()()","65869f62df3f7bea3fa1d675","6a81dd5e947036f489759855","2026-08-16 12:08"
"Valen´t","5ecc89febb39467ce83ec462","Domak666","6a3a957b0446680426a7f84b","6a81dfc31733aae025b15b07","2026-08-16 12:08"
"Rasender","5d36bec124ec173888d3a33a","BotsWannaBeMe","678d57b5624e9dc811ce9ca0","6a81df26390a6c7e60e76c41","2026-08-16 12:09"
"aguardiente","60ba2dec2056310001c27701","TechimanGuesser","69763f0e293ac365ce659dca","6a81dee50f772dfe043d6ab3","2026-08-16 12:09"
"Kuchen","633e8c870607afb40b3322f6","Mathias","650a2d21361d5316c35b4efe","6a81de39947036f489759a88","2026-08-16 12:10"
"Dimsum","63f619f14068eb7d4bbb134d","___________________","68cadb546f672817f40b47b5","6a81deb14566d406b3b77a56","2026-08-16 12:10"
"Lennli","5b4899f5b56fe41a1831bba4","Tikon","621cddf10416aa00011b992b","6a81def74566d406b3b77b5b","2026-08-16 12:11"
"NicolauNiko","691f6f07353ec7b4ef829b8b","choco","622e22e69974710001c132e3","6a81e054947036f48975a0c7","2026-08-16 12:11"
"Noksi","6557a72349182de4e31db900","nowlo","67493198473744059fbb9736","6a81e09f390a6c7e60e76f66","2026-08-16 12:12"
"goodvibes18","64fc454da5664ce9de249325","M1lan","67473d086316c898fe734668","6a81df7a947036f489759e40","2026-08-16 12:12"
"Erika","6835b7af656c2c951937f92e","Steve","5c936d6ce92b0c49e4020934","6a81df51947036f489759dbc","2026-08-16 12:12"
"Superhorstuwe","67f42dea666326f3169cde54","Palmitas","69b33a815634cc416b9c7877","6a81dfef4566d406b3b77e52","2026-08-16 12:13"
"TechimanGuesser","69763f0e293ac365ce659dca","BotsWannaBeMe","678d57b5624e9dc811ce9ca0","6a81e0ba4566d406b3b780a1","2026-08-16 12:13"
"sLeon","67bb3f2eee61ec146522e88a","Middle click final boss","60e09234213b0600019d912e","6a81e0de390a6c7e60e76ff4","2026-08-16 12:13"
"akia","6a0f4aea9f6f0bf394478379","devj","5ee70329a237c362e06100b5","6a81e00b0f772dfe043d6dc4","2026-08-16 12:13"
"Dzenki","5eee1558b28e5e26bc7f43dc","Cribu","593a9221d280a519982a5afb","6a81e06f0f772dfe043d6ebb","2026-08-16 12:14"
"Rasender","5d36bec124ec173888d3a33a","Delema()()()","65869f62df3f7bea3fa1d675","6a81e076947036f48975a138","2026-08-16 12:15"
"Erika","6835b7af656c2c951937f92e","Steve","5c936d6ce92b0c49e4020934","6a81e1840f772dfe043d7158","2026-08-16 12:15"
"Aljosc","6285deec505b0a7a76ccca1d","steelik","5c8952067235f956d80440cc","6a81e122947036f48975a31d","2026-08-16 12:17"
"OakTree","617eb25d4e0e40000158968f","akia","6a0f4aea9f6f0bf394478379","6a81e1ed4566d406b3b78410","2026-08-16 12:17"
"wichura240","68767692157557d5c76a0ab6","Middle click final boss","60e09234213b0600019d912e","6a81e1ab947036f48975a4c0","2026-08-16 12:18"
"simro_206","677eb0df9d782bd50cb2a7c2","Żabur","6693b395c27076651a4074dd","6a81e0afca6bacddc72c16db","2026-08-16 12:18"
"___________________","68cadb546f672817f40b47b5","Ole","67c70b553f65f1a34a926de3","6a81e0f0947036f48975a291","2026-08-16 12:19"
"steelik","5c8952067235f956d80440cc","Cribu","593a9221d280a519982a5afb","6a81e254947036f48975a6c3","2026-08-16 12:19"
"TechimanGuesser","69763f0e293ac365ce659dca","BotsWannaBeMe","678d57b5624e9dc811ce9ca0","6a81e19e947036f48975a48f","2026-08-16 12:20"
"Shpluk","56a0a5f1f0f54438b8b9f4b1","SIM","5ed11a2b282ad28b94fe9b42","6a81df3b4566d406b3b77c0c","2026-08-16 12:21"
"irrational","65ba97ce8b2ba0c747ffa3b7","Thomas4183b","60194a73ccb73b00018edf77","6a81e0704566d406b3b77fdd","2026-08-16 12:21"
"OakTree","617eb25d4e0e40000158968f","akia","6a0f4aea9f6f0bf394478379","6a81e2724566d406b3b785d4","2026-08-16 12:21"
"mzk","5f3fde73116e5c0001ef74a5","Steve","5c936d6ce92b0c49e4020934","6a81e20b947036f48975a5e2","2026-08-16 12:22"
"Emmepemme","5bf9b0c343196557d45fc4b6","Furz_Bube","6239ed5ebe6d98222f073b0b","6a81dd4f947036f48975982c","2026-08-16 12:22"
"simro_206","677eb0df9d782bd50cb2a7c2","Erika","6835b7af656c2c951937f92e","6a81e2cb4566d406b3b786f2","2026-08-16 12:22"
"Fxrzs","676edd67b060daec5f128233","Valen´t","5ecc89febb39467ce83ec462","6a81e1e70f772dfe043d7233","2026-08-16 12:23"
"M1lan","67473d086316c898fe734668","choco","622e22e69974710001c132e3","6a81e130390a6c7e60e770a0","2026-08-16 12:23"
"steelik","5c8952067235f956d80440cc","Middle click final boss","60e09234213b0600019d912e","6a81e2e24566d406b3b78742","2026-08-16 12:23"
"wichura240","68767692157557d5c76a0ab6","Manureza","678ec40f575b9e3fd172579d","6a81e322947036f48975a8d6","2026-08-16 12:23"
"TechimanGuesser","69763f0e293ac365ce659dca","BotsWannaBeMe","678d57b5624e9dc811ce9ca0","6a81e325947036f48975a8dc","2026-08-16 12:25"
"Mow_Mi_Ksienciu","65567939564ddbb4b6c81c58","celownikwodny","664a46ec660949cf6274a231","6a81e2c44566d406b3b786d8","2026-08-16 12:26"
"Kuba","6744ee112d6c958a853b52a6","Steve","5c936d6ce92b0c49e4020934","6a81e37f4566d406b3b788cd","2026-08-16 12:27"
"Middle click final boss","60e09234213b0600019d912e","wichura240","68767692157557d5c76a0ab6","6a81e3d8947036f48975aaf1","2026-08-16 12:27"
"Erika","6835b7af656c2c951937f92e","kakithesukip","6809563cae64cffc1988e9fe","6a81e4310f772dfe043d77f7","2026-08-16 12:28"
"Ritchie","5ff84d182c4df40001592f85","Valen´t","5ecc89febb39467ce83ec462","6a81e40a0f772dfe043d7797","2026-08-16 12:28"
"no loose ends","6a5d3186441c5a5a92510e3e","Sebastian Morawski","6115a7df51f50b000103d0ad","6a81e48f0f772dfe043d78fc","2026-08-16 12:28"
"nowlo","67493198473744059fbb9736","Delema()()()","65869f62df3f7bea3fa1d675","6a81e2c60f772dfe043d749d","2026-08-16 12:29"
"Mathias","650a2d21361d5316c35b4efe","Palmitas","69b33a815634cc416b9c7877","6a81e16b0f772dfe043d712b","2026-08-16 12:29"
"Yareh","62726f8411308ea36554fa19","Dimsum","63f619f14068eb7d4bbb134d","6a81e0cb4566d406b3b780c4","2026-08-16 12:29"
"Zi8gbolt Lyons","612472f2c4b5740001ef2d03","RuralQuay427","67afb8f9170e41f8f611a20a","6a81e4cf947036f48975adb8","2026-08-16 12:29"
"M1lan","67473d086316c898fe734668","TechimanGuesser","69763f0e293ac365ce659dca","6a81e4644566d406b3b78bad","2026-08-16 12:30"
"simro_206","677eb0df9d782bd50cb2a7c2","choco","622e22e69974710001c132e3","6a81e3d0947036f48975aad4","2026-08-16 12:31"
"Valen´t","5ecc89febb39467ce83ec462","Middle click final boss","60e09234213b0600019d912e","6a81e4ef947036f48975ae1f","2026-08-16 12:32"
"Lster95","6875664f91065c0938397061","Erika","6835b7af656c2c951937f92e","6a81e539947036f48975af28","2026-08-16 12:32"
"lágrima de luva","60823b72d59d1b0001227506","Rasender","5d36bec124ec173888d3a33a","6a81e3fb947036f48975ab5e","2026-08-16 12:33"
"捲菸的菸草不來自後山","6372795ba9204b943dd562cf","Steve","5c936d6ce92b0c49e4020934","6a81e4e5ce00bd383220c9d0","2026-08-16 12:33"
"Ole","67c70b553f65f1a34a926de3","___________________","68cadb546f672817f40b47b5","6a81e31a0d2268c2e52ca92d","2026-08-16 12:33"
"irrational","65ba97ce8b2ba0c747ffa3b7","Kilkum","61b228be008ec800015ff0a9","6a81e5310f772dfe043d7aa0","2026-08-16 12:33"
"BotsWannaBeMe","678d57b5624e9dc811ce9ca0","Kuba","6744ee112d6c958a853b52a6","6a81e4c1390a6c7e60e77871","2026-08-16 12:33"
"Zi8gbolt Lyons","612472f2c4b5740001ef2d03","EntityGG","6a2ee6a0c227e2e2b7707578","6a81e5864566d406b3b78f03","2026-08-16 12:34"
"Middle click final boss","60e09234213b0600019d912e","Kuba","6744ee112d6c958a853b52a6","6a81e6304566d406b3b79114","2026-08-16 12:34"
"Domak666","6a3a957b0446680426a7f84b","shucheng","67e8552a577397ddc5472b8e","6a81e5ba947036f48975b0ab","2026-08-16 12:34"
"Ruari","60258d7d36ff8a0001f5fef5","Ritchie","5ff84d182c4df40001592f85","6a81e58d0f772dfe043d7b6f","2026-08-16 12:34"
"no loose ends","6a5d3186441c5a5a92510e3e","adib","5eb47e8f97d6cf5a9850753f","6a81e5e1947036f48975b114","2026-08-16 12:35"
"Svalbard","6965f5547e2953859a50775c","danq_s","639c2a925d4cc27b2f7a898b","6a81e5cd947036f48975b0d9","2026-08-16 12:36"
"M1lan","67473d086316c898fe734668","Erika","6835b7af656c2c951937f92e","6a81e5ed390a6c7e60e77acc","2026-08-16 12:36"
"Steve","5c936d6ce92b0c49e4020934","Moussa","63f298b8251569d36d50155b","6a81e622947036f48975b1d7","2026-08-16 12:36"
"choco","622e22e69974710001c132e3","jjoker","6a1f6e4eec2e759c8529c3c2","6a81e61a390a6c7e60e77b48","2026-08-16 12:36"
"Mathias","650a2d21361d5316c35b4efe","Chuya","66549d4cc725af87c3aa9a34","6a81e6374566d406b3b79120","2026-08-16 12:37"
"Middle click final boss","60e09234213b0600019d912e","Kuba","6744ee112d6c958a853b52a6","6a81e6770f772dfe043d7db7","2026-08-16 12:37"
"Domak666","6a3a957b0446680426a7f84b","Ritchie","5ff84d182c4df40001592f85","6a81e66a947036f48975b2c7","2026-08-16 12:37"
"Delema()()()","65869f62df3f7bea3fa1d675","PLK","62179a5c8e88d400010d91ea","6a81e546947036f48975af5a","2026-08-16 12:38"
"Shpluk","56a0a5f1f0f54438b8b9f4b1","Fructidor","69d9a0dd291d3a2e5184c64e","6a81e4030f772dfe043d778a","2026-08-16 12:38"
"Mathias","650a2d21361d5316c35b4efe","Chuya","66549d4cc725af87c3aa9a34","6a81e6374566d406b3b79120","2026-08-16 12:39"
"M1lan","67473d086316c898fe734668","Erika","6835b7af656c2c951937f92e","6a81e6d14566d406b3b792f7","2026-08-16 12:39"
"danq_s","639c2a925d4cc27b2f7a898b","Middle click final boss","60e09234213b0600019d912e","6a81e71c4566d406b3b793c7","2026-08-16 12:39"
"simro_206","677eb0df9d782bd50cb2a7c2","Geo Cosmos","637e1e3f952cb472a388a6c2","6a81e728947036f48975b4e3","2026-08-16 12:39"
"Domak666","6a3a957b0446680426a7f84b","Valen´t","5ecc89febb39467ce83ec462","6a81e7260e7094bdc77f3a71","2026-08-16 12:40"
"Mr. Geo Accuracy","67666c0fae31f29e4b0ec6ad","BLANC DE BLANC","5eec83c262df1243a0ceaea8","6a81e6ef4566d406b3b79349","2026-08-16 12:40"
"M1lan","67473d086316c898fe734668","Erika","6835b7af656c2c951937f92e","6a81e6d14566d406b3b792f7","2026-08-16 12:40"
"Fxrzs","676edd67b060daec5f128233","TechimanGuesser","69763f0e293ac365ce659dca","6a81e5924566d406b3b78f2e","2026-08-16 12:41"
"CoastalTundra844","69ce7e5d0326086782b8bb1c","YRP","65361a91884b107b4fd0cef8","6a81e77d1733aae025b16865","2026-08-16 12:42"
"BotsWannaBeMe","678d57b5624e9dc811ce9ca0","ILIAPLONKS (YT/TTV)","623798a42965f997f04b1cc1","6a81e6be0d2268c2e52caf7c","2026-08-16 12:42"
"Kuba","6744ee112d6c958a853b52a6","Svalbard","6965f5547e2953859a50775c","6a81e709947036f48975b463","2026-08-16 12:42"
"danq_s","639c2a925d4cc27b2f7a898b","Middle click final boss","60e09234213b0600019d912e","6a81e7a0947036f48975b682","2026-08-16 12:42"
"Steve","5c936d6ce92b0c49e4020934","akia","6a0f4aea9f6f0bf394478379","6a81e73e4566d406b3b7941e","2026-08-16 12:42"
"no loose ends","6a5d3186441c5a5a92510e3e","kg207","60873a3880395800011b1675","6a81e803390a6c7e60e77f98","2026-08-16 12:42"
"Finn Siemon","66eb7b4a062332fb60915d65","thomas petruv","6000461b23fa0d00011e9f10","6a81e7cc947036f48975b6fb","2026-08-16 12:43"
"shucheng","67e8552a577397ddc5472b8e","DonkeyGuesses","6912d873ef3380557dd45eec","6a81e6a2390a6c7e60e77c68","2026-08-16 12:43"
"M1lan","67473d086316c898fe734668","GeoMax","610ade6208061c000158624f","6a81e7860f772dfe043d8057","2026-08-16 12:44"
"Ritchie","5ff84d182c4df40001592f85","flaky htf","60ae985660d1f000019f0ef1","6a81e8344566d406b3b7970c","2026-08-16 12:44"
"BLANC DE BLANC","5eec83c262df1243a0ceaea8","Mr. Geo Accuracy","67666c0fae31f29e4b0ec6ad","6a81e7f74566d406b3b7964f","2026-08-16 12:44"
"Yareh","62726f8411308ea36554fa19","___________________","68cadb546f672817f40b47b5","6a81e61a947036f48975b1bf","2026-08-16 12:45"
"danq_s","639c2a925d4cc27b2f7a898b","Kuba","6744ee112d6c958a853b52a6","6a81e8764566d406b3b797ba","2026-08-16 12:45"
"Thomas4183b","60194a73ccb73b00018edf77","Emmepemme","5bf9b0c343196557d45fc4b6","6a81e3a0947036f48975aa4b","2026-08-16 12:45"
"wichura240","68767692157557d5c76a0ab6","devj","5ee70329a237c362e06100b5","6a81e82e947036f48975b81f","2026-08-16 12:45"
"manuelson","5eff753e4fc56993542703a7","BarryTheBee","62be7867aa13616722f8dd4a","6a81e581947036f48975affb","2026-08-16 12:46"
"Domak666","6a3a957b0446680426a7f84b","wichura240","68767692157557d5c76a0ab6","6a81e8fb390a6c7e60e78188","2026-08-16 12:46"
"OakTree","617eb25d4e0e40000158968f","choco","622e22e69974710001c132e3","6a81e6e1947036f48975b400","2026-08-16 12:46"
"YRP","65361a91884b107b4fd0cef8","CoastalTundra844","69ce7e5d0326086782b8bb1c","6a81e86d947036f48975b8e6","2026-08-16 12:47"
"Mathias","650a2d21361d5316c35b4efe","PLK","62179a5c8e88d400010d91ea","6a81e7654566d406b3b7948c","2026-08-16 12:47"
"choco","622e22e69974710001c132e3","Syn","5fc86ba947bce10001a030ba","6a81e9264566d406b3b799fb","2026-08-16 12:47"
"Ritchie","5ff84d182c4df40001592f85","flaky htf","60ae985660d1f000019f0ef1","6a81e8dc947036f48975ba09","2026-08-16 12:47"
"Shpluk","56a0a5f1f0f54438b8b9f4b1","Diamond Armor Steve","6032bace6212610001532150","6a81e8190e7094bdc77f3c6e","2026-08-16 12:48"
"Svalbard","6965f5547e2953859a50775c","Valen´t","5ecc89febb39467ce83ec462","6a81e83e947036f48975b85c","2026-08-16 12:48"
"Finn Siemon","66eb7b4a062332fb60915d65","akia","6a0f4aea9f6f0bf394478379","6a81e88e947036f48975b921","2026-08-16 12:48"
"sleepysaurus","65e2ca88d10b98a730ec34d8","Middle click final boss","60e09234213b0600019d912e","6a81e86a947036f48975b8dd","2026-08-16 12:48"
"Stevige","67057bd80e65158e29b7a97e","Ned","5eeb7335479917548004e4f7","6a81e7964566d406b3b7952d","2026-08-16 12:49"
"捲菸的菸草不來自後山","6372795ba9204b943dd562cf","TechimanGuesser","69763f0e293ac365ce659dca","6a81e81e4566d406b3b796d4","2026-08-16 12:49"
"Fxrzs","676edd67b060daec5f128233","danq_s","639c2a925d4cc27b2f7a898b","6a81e8f0947036f48975ba46","2026-08-16 12:49"
"BotsWannaBeMe","678d57b5624e9dc811ce9ca0","Steve","5c936d6ce92b0c49e4020934","6a81e8530f772dfe043d8237","2026-08-16 12:49"
"Domak666","6a3a957b0446680426a7f84b","flaky htf","60ae985660d1f000019f0ef1","6a81e985947036f48975bc3f","2026-08-16 12:49"
"Ruari","60258d7d36ff8a0001f5fef5","GeoBiden","600367027963380001856b05","6a81e8bc0f772dfe043d8338","2026-08-16 12:49"
"Delema()()()","65869f62df3f7bea3fa1d675","ILIAPLONKS (YT/TTV)","623798a42965f997f04b1cc1","6a81e8534566d406b3b7976a","2026-08-16 12:50"
"Kuba","6744ee112d6c958a853b52a6","M1lan","67473d086316c898fe734668","6a81e8e04566d406b3b7990d","2026-08-16 12:50"
"Valen´t","5ecc89febb39467ce83ec462","Middle click final boss","60e09234213b0600019d912e","6a81e9c6947036f48975bd02","2026-08-16 12:50"
"sleepysaurus","65e2ca88d10b98a730ec34d8","danq_s","639c2a925d4cc27b2f7a898b","6a81e9ea4566d406b3b79c42","2026-08-16 12:51"
"PLK","62179a5c8e88d400010d91ea","Tikon","621cddf10416aa00011b992b","6a81e98a390a6c7e60e782bb","2026-08-16 12:52"
"Svalbard","6965f5547e2953859a50775c","Domak666","6a3a957b0446680426a7f84b","6a81e9f34566d406b3b79c56","2026-08-16 12:52"
"Valen´t","5ecc89febb39467ce83ec462","Middle click final boss","60e09234213b0600019d912e","6a81ea214566d406b3b79cfb","2026-08-16 12:52"
"wichura240","68767692157557d5c76a0ab6","Finn Siemon","66eb7b4a062332fb60915d65","6a81e9a2947036f48975bc85","2026-08-16 12:52"
"YRP","65361a91884b107b4fd0cef8","CoastalTundra844","69ce7e5d0326086782b8bb1c","6a81e96b390a6c7e60e78286","2026-08-16 12:53"
"parsec","670c184c705e783701c753c0","TechimanGuesser","69763f0e293ac365ce659dca","6a81e9ee947036f48975bd9a","2026-08-16 12:53"
"Tikon","621cddf10416aa00011b992b","PLK","62179a5c8e88d400010d91ea","6a81ea8b4566d406b3b79e2a","2026-08-16 12:54"
"Svalbard","6965f5547e2953859a50775c","ILIAPLONKS (YT/TTV)","623798a42965f997f04b1cc1","6a81ea7f4566d406b3b79e0b","2026-08-16 12:54"
"danq_s","639c2a925d4cc27b2f7a898b","Valen´t","5ecc89febb39467ce83ec462","6a81eabb947036f48975bfee","2026-08-16 12:54"
"Finn Siemon","66eb7b4a062332fb60915d65","Middle click final boss","60e09234213b0600019d912e","6a81ea9f4566d406b3b79e69","2026-08-16 12:54"
"Ruari","60258d7d36ff8a0001f5fef5","OakTree","617eb25d4e0e40000158968f","6a81ea18947036f48975be28","2026-08-16 12:54"
"Luiz Henrique","67ffcf4fce0f332d5553d6b4","sleepysaurus","65e2ca88d10b98a730ec34d8","6a81ea890f772dfe043d8800","2026-08-16 12:55"
"Moussa","63f298b8251569d36d50155b","Taylor Swift Connoisseur","5c7d0e74f8f7fb7218489b2e","6a81ea4c0f772dfe043d877d","2026-08-16 12:55"
"BotsWannaBeMe","678d57b5624e9dc811ce9ca0","Kuba","6744ee112d6c958a853b52a6","6a81ea26947036f48975be56","2026-08-16 12:56"
"Domak666","6a3a957b0446680426a7f84b","Middle click final boss","60e09234213b0600019d912e","6a81eb41947036f48975c195","2026-08-16 12:56"
"Garou","69f366ee3f7f13479269b155","Syn","5fc86ba947bce10001a030ba","6a81e986390a6c7e60e782b1","2026-08-16 12:56"
"PLK","62179a5c8e88d400010d91ea","ILIAPLONKS (YT/TTV)","623798a42965f997f04b1cc1","6a81eb1a947036f48975c142","2026-08-16 12:57"
"Svalbard","6965f5547e2953859a50775c","danq_s","639c2a925d4cc27b2f7a898b","6a81eb28947036f48975c15d","2026-08-16 12:57"
"sleepysaurus","65e2ca88d10b98a730ec34d8","Ruari","60258d7d36ff8a0001f5fef5","6a81eb54390a6c7e60e78686","2026-08-16 12:57"
"CoastalTundra844","69ce7e5d0326086782b8bb1c","Delema()()()","65869f62df3f7bea3fa1d675","6a81eac10f772dfe043d8898","2026-08-16 12:58"
"Domak666","6a3a957b0446680426a7f84b","Ruari","60258d7d36ff8a0001f5fef5","6a81ebbc4566d406b3b7a1b6","2026-08-16 12:58"
"Finn Siemon","66eb7b4a062332fb60915d65","Middle click final boss","60e09234213b0600019d912e","6a81eb294566d406b3b7a03a","2026-08-16 12:58"
"Valen´t","5ecc89febb39467ce83ec462","wichura240","68767692157557d5c76a0ab6","6a81eb1d947036f48975c149","2026-08-16 12:59"
"Steve","5c936d6ce92b0c49e4020934","M1lan","67473d086316c898fe734668","6a81ea45947036f48975beac","2026-08-16 12:59"
"sleepysaurus","65e2ca88d10b98a730ec34d8","danq_s","639c2a925d4cc27b2f7a898b","6a81ebd7ce00bd383220d64f","2026-08-16 13:01"
"Steve","5c936d6ce92b0c49e4020934","M1lan","67473d086316c898fe734668","6a81ec67947036f48975c545","2026-08-16 13:02"
"wichura240","68767692157557d5c76a0ab6","Domak666","6a3a957b0446680426a7f84b","6a81ec770f772dfe043d8d2a","2026-08-16 13:02"
"Moussa","63f298b8251569d36d50155b","devj","5ee70329a237c362e06100b5","6a81ebb2390a6c7e60e78724","2026-08-16 13:02"
"Joo-eun.","6a290dd1cf6b59479a2ae4de","GeoNestor","5a0761e672d16b933871e7a1","6a81eb6a0f772dfe043d8a98","2026-08-16 13:02"
".Uz","654a71f1a02b54c363802082","M1tzki","668717ff41553d75c689c749","6a81eba60e7094bdc77f42a6","2026-08-16 13:03"
"BotsWannaBeMe","678d57b5624e9dc811ce9ca0","Kuba","6744ee112d6c958a853b52a6","6a81eb9d390a6c7e60e786f9","2026-08-16 13:03"
"Ole","67c70b553f65f1a34a926de3","Fructidor","69d9a0dd291d3a2e5184c64e","6a81e9a24566d406b3b79b5c","2026-08-16 13:03"
"m4PHI","6465f8a8196d74dad5532e0f","YRP","65361a91884b107b4fd0cef8","6a81ec9e4566d406b3b7a4ac","2026-08-16 13:04"
"PLK","62179a5c8e88d400010d91ea","Rossi","607c2c79284a5f0001eee443","6a81ebde0f772dfe043d8b7c","2026-08-16 13:04"
"Svalbard","6965f5547e2953859a50775c","lágrima de luva","60823b72d59d1b0001227506","6a81ec49947036f48975c4d0","2026-08-16 13:04"
"Valen´t","5ecc89febb39467ce83ec462","Finn Siemon","66eb7b4a062332fb60915d65","6a81ec604566d406b3b7a3c6","2026-08-16 13:04"
"Delema()()()","65869f62df3f7bea3fa1d675","CoastalTundra844","69ce7e5d0326086782b8bb1c","6a81ebe7390a6c7e60e78795","2026-08-16 13:05"
"M1lan","67473d086316c898fe734668","Joo-eun.","6a290dd1cf6b59479a2ae4de","6a81ed08947036f48975c74d","2026-08-16 13:05"
"Moussa","63f298b8251569d36d50155b","Garou","69f366ee3f7f13479269b155","6a81ed4923063e05eacdb192","2026-08-16 13:07"
"Palmitas","69b33a815634cc416b9c7877","ILIAPLONKS (YT/TTV)","623798a42965f997f04b1cc1","6a81ec2b0f772dfe043d8c3b","2026-08-16 13:08"
"BotsWannaBeMe","678d57b5624e9dc811ce9ca0","M1lan","67473d086316c898fe734668","6a81edd1947036f48975c99f","2026-08-16 13:08"
"Valen´t","5ecc89febb39467ce83ec462","Svalbard","6965f5547e2953859a50775c","6a81ed86947036f48975c8c9","2026-08-16 13:08"
"Pasord","6669c659ca16186b5a3dbc35","Moussa","63f298b8251569d36d50155b","6a81ee13947036f48975ca7b","2026-08-16 13:08"
"Rossi","607c2c79284a5f0001eee443","PLK","62179a5c8e88d400010d91ea","6a81ed53390a6c7e60e78b14","2026-08-16 13:09"
"danq_s","639c2a925d4cc27b2f7a898b","Middle click final boss","60e09234213b0600019d912e","6a81ed5e947036f48975c842","2026-08-16 13:09"
"Domak666","6a3a957b0446680426a7f84b","wichura240","68767692157557d5c76a0ab6","6a81eda80f772dfe043d9023","2026-08-16 13:09"
"m4PHI","6465f8a8196d74dad5532e0f","Delema()()()","65869f62df3f7bea3fa1d675","6a81edb24566d406b3b7a7c1","2026-08-16 13:10"
"Rafa","65d3d579486526d78cd578f9","Taylor Swift Connoisseur","5c7d0e74f8f7fb7218489b2e","6a81ecdf4566d406b3b7a583","2026-08-16 13:10"
"YRP","65361a91884b107b4fd0cef8","manuelson","5eff753e4fc56993542703a7","6a81ecce0f772dfe043d8e41","2026-08-16 13:11"
"Domak666","6a3a957b0446680426a7f84b","Valen´t","5ecc89febb39467ce83ec462","6a81ee7f4566d406b3b7aa53","2026-08-16 13:11"
"Joo-eun.","6a290dd1cf6b59479a2ae4de","Finn Siemon","66eb7b4a062332fb60915d65","6a81ee044566d406b3b7a89d","2026-08-16 13:11"
"ILIAPLONKS (YT/TTV)","623798a42965f997f04b1cc1","Svalbard","6965f5547e2953859a50775c","6a81ee6d0f772dfe043d923b","2026-08-16 13:12"
"Rossi","607c2c79284a5f0001eee443","PLK","62179a5c8e88d400010d91ea","6a81ee9e0f772dfe043d92a8","2026-08-16 13:13"
"OakTree","617eb25d4e0e40000158968f","TechimanGuesser","69763f0e293ac365ce659dca","6a81ecd50f772dfe043d8e55","2026-08-16 13:13"
"Ned","5eeb7335479917548004e4f7","Shpluk","56a0a5f1f0f54438b8b9f4b1","6a81ea454566d406b3b79d70","2026-08-16 13:14"
"PLK","62179a5c8e88d400010d91ea","kstyko","5ead136297d6cf24a42b1ef4","6a81efa40f772dfe043d9571","2026-08-16 13:14"
"Filipp","63bf085d2a26bb57d315f246","danq_s","639c2a925d4cc27b2f7a898b","6a81eef5947036f48975cd7f","2026-08-16 13:14"
"Rafa","65d3d579486526d78cd578f9","Joo-eun.","6a290dd1cf6b59479a2ae4de","6a81ef0d4566d406b3b7ac36","2026-08-16 13:14"
"M1lan","67473d086316c898fe734668","Pasord","6669c659ca16186b5a3dbc35","6a81ee6e390a6c7e60e78de1","2026-08-16 13:15"
"wichura240","68767692157557d5c76a0ab6","zGipfeli","63790184336303437a0f260c","6a81ef81947036f48975cf75","2026-08-16 13:15"
".Uz","654a71f1a02b54c363802082","manuelson","5eff753e4fc56993542703a7","6a81ef790f772dfe043d94f9","2026-08-16 13:16"
"Zi8gbolt Lyons","612472f2c4b5740001ef2d03","Blumeq","61223629224b8a0001020f04","6a81ecbf0f772dfe043d8e18","2026-08-16 13:16"
"Tikon","621cddf10416aa00011b992b","Palmitas","69b33a815634cc416b9c7877","6a81eecd4566d406b3b7ab61","2026-08-16 13:17"
"BotsWannaBeMe","678d57b5624e9dc811ce9ca0","Superhorstuwe","67f42dea666326f3169cde54","6a81ee8e4566d406b3b7aa87","2026-08-16 13:17"
"Joo-eun.","6a290dd1cf6b59479a2ae4de","DonkeyGuesses","6912d873ef3380557dd45eec","6a81efa9390a6c7e60e790ad","2026-08-16 13:17"
"ILIAPLONKS (YT/TTV)","623798a42965f997f04b1cc1","Svalbard","6965f5547e2953859a50775c","6a81ef7e2c17aa10a1461e1f","2026-08-16 13:18"
"Valen´t","5ecc89febb39467ce83ec462","Filipp","63bf085d2a26bb57d315f246","6a81efcb947036f48975d05d","2026-08-16 13:18"
"danq_s","639c2a925d4cc27b2f7a898b","kstyko","5ead136297d6cf24a42b1ef4","6a81efdc947036f48975d08d","2026-08-16 13:18"
"TechimanGuesser","69763f0e293ac365ce659dca","Garou","69f366ee3f7f13479269b155","6a81ef754566d406b3b7ad87","2026-08-16 13:18"
"manuelson","5eff753e4fc56993542703a7",".Uz","654a71f1a02b54c363802082","6a81f03f7573a5f5ebd2cb05","2026-08-16 13:19"
"PLK","62179a5c8e88d400010d91ea","Sélestat Vinted Chairman","6363f6addf4ad1bf40826a3b","6a81efda947036f48975d083","2026-08-16 13:20"
"Svalbard","6965f5547e2953859a50775c","Valen´t","5ecc89febb39467ce83ec462","6a81f0ce947036f48975d33f","2026-08-16 13:20"
"Delema()()()","65869f62df3f7bea3fa1d675","m4PHI","6465f8a8196d74dad5532e0f","6a81ef52947036f48975ceb9","2026-08-16 13:21"
"Palmitas","69b33a815634cc416b9c7877","Tikon","621cddf10416aa00011b992b","6a81f0602c17aa10a1461f8a","2026-08-16 13:21"
"朋友是一个坚韧不拔的纪录片， 在香港这座城市的设置。","65de536fb77f430b929240f3","M1lan","67473d086316c898fe734668","6a81f00c0f772dfe043d9679","2026-08-16 13:21"
"Joo-eun.","6a290dd1cf6b59479a2ae4de","devj","5ee70329a237c362e06100b5","6a81f07f4566d406b3b7b04b","2026-08-16 13:21"
"Ole","67c70b553f65f1a34a926de3","Haus","678bc95a847b56d5e0276463","6a81ee3f23063e05eacdb399","2026-08-16 13:22"
"Kuba","6744ee112d6c958a853b52a6","parsec","670c184c705e783701c753c0","6a81f0f0947036f48975d39c","2026-08-16 13:22"
"Delema()()()","65869f62df3f7bea3fa1d675","m4PHI","6465f8a8196d74dad5532e0f","6a81f15f947036f48975d4be","2026-08-16 13:23"
"ILIAPLONKS (YT/TTV)","623798a42965f997f04b1cc1","Filipp","63bf085d2a26bb57d315f246","6a81f0c7947036f48975d330","2026-08-16 13:23"
"khoyer","65a40bcd1d2944943d44368e","danq_s","639c2a925d4cc27b2f7a898b","6a81f11b947036f48975d408","2026-08-16 13:23"
"Dimsum","63f619f14068eb7d4bbb134d","Rafa","65d3d579486526d78cd578f9","6a81f0e60f772dfe043d9886","2026-08-16 13:23"
"Valen´t","5ecc89febb39467ce83ec462","Sélestat Vinted Chairman","6363f6addf4ad1bf40826a3b","6a81f12e0f772dfe043d9932","2026-08-16 13:23"
"Tikon","621cddf10416aa00011b992b","PLK","62179a5c8e88d400010d91ea","6a81f1670f772dfe043d99b7","2026-08-16 13:24"
"Superhorstuwe","67f42dea666326f3169cde54","BotsWannaBeMe","678d57b5624e9dc811ce9ca0","6a81f06e947036f48975d236","2026-08-16 13:24"
"Kuba","6744ee112d6c958a853b52a6","朋友是一个坚韧不拔的纪录片， 在香港这座城市的设置。","65de536fb77f430b929240f3","6a81f1b10f772dfe043d9a66","2026-08-16 13:24"
"DonkeyGuesses","6912d873ef3380557dd45eec","Syn","5fc86ba947bce10001a030ba","6a81f0e8947036f48975d386","2026-08-16 13:24"
"M1lan","67473d086316c898fe734668","Steve","5c936d6ce92b0c49e4020934","6a81f1664566d406b3b7b2cc","2026-08-16 13:25"
"wichura240","68767692157557d5c76a0ab6","devj","5ee70329a237c362e06100b5","6a81f239390a6c7e60e795a6","2026-08-16 13:25"
"parsec","670c184c705e783701c753c0","Sydn4y","67853ea3426d61dc087f1e1f","6a81f1fc0f772dfe043d9b09","2026-08-16 13:27"
"m4PHI","6465f8a8196d74dad5532e0f","hoppyface","5d6e4022b4ec1709f0729979","6a81f2840f772dfe043d9c56","2026-08-16 13:28"
"ILIAPLONKS (YT/TTV)","623798a42965f997f04b1cc1","Filipp","63bf085d2a26bb57d315f246","6a81f1eb390a6c7e60e79502","2026-08-16 13:28"
"Palmitas","69b33a815634cc416b9c7877","kstyko","5ead136297d6cf24a42b1ef4","6a81f1920f772dfe043d9a1a","2026-08-16 13:28"
"PLK","62179a5c8e88d400010d91ea","朋友是一个坚韧不拔的纪录片， 在香港这座城市的设置。","65de536fb77f430b929240f3","6a81f20b947036f48975d699","2026-08-16 13:28"
"Sélestat Vinted Chairman","6363f6addf4ad1bf40826a3b","khoyer","65a40bcd1d2944943d44368e","6a81f1d64566d406b3b7b428","2026-08-16 13:28"
"ymot","5c296804097d019c9053201b","Pasord","6669c659ca16186b5a3dbc35","6a81f1eb390a6c7e60e79503","2026-08-16 13:28"
"danq_s","639c2a925d4cc27b2f7a898b","franek3215 2 (wached)","69bd7ff3c47c5404925b9113","6a81f1d64566d406b3b7b426","2026-08-16 13:28"
"STERYD997","602d0052e4d3e90001a21d48","Middle click final boss","60e09234213b0600019d912e","6a81f222947036f48975d6e6","2026-08-16 13:28"
"Svalbard","6965f5547e2953859a50775c","Rossi","607c2c79284a5f0001eee443","6a81f163390a6c7e60e793f2","2026-08-16 13:29"
"Platzz","5b66d5037135fa0e48b47084","Dimsum","63f619f14068eb7d4bbb134d","6a81f0cf947036f48975d342","2026-08-16 13:30"
"Steve","5c936d6ce92b0c49e4020934","Erika","6835b7af656c2c951937f92e","6a81f251947036f48975d76a","2026-08-16 13:30"
"Syn","5fc86ba947bce10001a030ba","TechimanGuesser","69763f0e293ac365ce659dca","6a81f22d947036f48975d6fc","2026-08-16 13:30"
"Sélestat Vinted Chairman","6363f6addf4ad1bf40826a3b","PLK","62179a5c8e88d400010d91ea","6a81f2f54566d406b3b7b77b","2026-08-16 13:31"
"朋友是一个坚韧不拔的纪录片， 在香港这座城市的设置。","65de536fb77f430b929240f3","Filipp","63bf085d2a26bb57d315f246","6a81f3004566d406b3b7b7a0","2026-08-16 13:31"
"parsec","670c184c705e783701c753c0","Sydn4y","67853ea3426d61dc087f1e1f","6a81f2eb947036f48975d953","2026-08-16 13:31"
"Mr. Geo Accuracy","67666c0fae31f29e4b0ec6ad","Joo-eun.","6a290dd1cf6b59479a2ae4de","6a81f1a94566d406b3b7b396","2026-08-16 13:31"
"wichura240","68767692157557d5c76a0ab6","devj","5ee70329a237c362e06100b5","6a81f2db4566d406b3b7b720","2026-08-16 13:31"
"khoyer","65a40bcd1d2944943d44368e","Rossi","607c2c79284a5f0001eee443","6a81f3940f772dfe043d9f3c","2026-08-16 13:32"
"Kuba","6744ee112d6c958a853b52a6","Superhorstuwe","67f42dea666326f3169cde54","6a81f227947036f48975d6f1","2026-08-16 13:32"
"BotsWannaBeMe","678d57b5624e9dc811ce9ca0","M1lan","67473d086316c898fe734668","6a81f252947036f48975d76c","2026-08-16 13:33"
"GooseMcGoose","5ff78fa1a56da30001ba546a","Fructidor","69d9a0dd291d3a2e5184c64e","6a81ef36390a6c7e60e78fa7","2026-08-16 13:33"
"Filipp","63bf085d2a26bb57d315f246","PLK","62179a5c8e88d400010d91ea","6a81f3c24566d406b3b7ba24","2026-08-16 13:34"
"Haus","678bc95a847b56d5e0276463","Moirs","6776c6fe1f1d1097f1038b83","6a81f1ea4566d406b3b7b453","2026-08-16 13:34"
"Tikon","621cddf10416aa00011b992b","路易十六","65337c686711b99177ed189b","6a81f304947036f48975d9bd","2026-08-16 13:35"
"Pasord","6669c659ca16186b5a3dbc35","kstyko","5ead136297d6cf24a42b1ef4","6a81f334390a6c7e60e79814","2026-08-16 13:35"
"Mr. Geo Accuracy","67666c0fae31f29e4b0ec6ad","Joo-eun.","6a290dd1cf6b59479a2ae4de","6a81f3dd390a6c7e60e7994a","2026-08-16 13:35"
"franek3215 2 (wached)","69bd7ff3c47c5404925b9113","HyperActive7","6198945bd94ad90001903d51","6a81f429390a6c7e60e799da","2026-08-16 13:35"
"m4PHI","6465f8a8196d74dad5532e0f","CoastalTundra844","69ce7e5d0326086782b8bb1c","6a81f3084566d406b3b7b7bd","2026-08-16 13:36"
"Sélestat Vinted Chairman","6363f6addf4ad1bf40826a3b","Kuba","6744ee112d6c958a853b52a6","6a81f3fc4566d406b3b7bada","2026-08-16 13:36"
"Svalbard","6965f5547e2953859a50775c","Palmitas","69b33a815634cc416b9c7877","6a81f3420d2268c2e52cc649","2026-08-16 13:36"
"PLK","62179a5c8e88d400010d91ea","M1lan","67473d086316c898fe734668","6a81f4744566d406b3b7bc13","2026-08-16 13:37"
"路易十六","65337c686711b99177ed189b","Pasord","6669c659ca16186b5a3dbc35","6a81f4a00f772dfe043da1eb","2026-08-16 13:37"
"m4PHI","6465f8a8196d74dad5532e0f","Robinhood","6238ed45585d3a1784ef7ef6","6a81f4f14566d406b3b7bd94","2026-08-16 13:38"
"CoastalTundra844","69ce7e5d0326086782b8bb1c","hoppyface","5d6e4022b4ec1709f0729979","6a81f4eb390a6c7e60e79b47","2026-08-16 13:39"
"Pedro Sampaio","63a8b951fb73701f4020d786","朋友是一个坚韧不拔的纪录片， 在香港这座城市的设置。","65de536fb77f430b929240f3","6a81f3ae0f772dfe043d9fb1","2026-08-16 13:39"
"Sélestat Vinted Chairman","6363f6addf4ad1bf40826a3b","PLK","62179a5c8e88d400010d91ea","6a81f50a0f772dfe043da31b","2026-08-16 13:39"
"jul","5f07412b8551644f80314987","BotsWannaBeMe","678d57b5624e9dc811ce9ca0","6a81f44a390a6c7e60e79a06","2026-08-16 13:39"
"m4PHI","6465f8a8196d74dad5532e0f","Robinhood","6238ed45585d3a1784ef7ef6","6a81f5854566d406b3b7bf71","2026-08-16 13:40"
"PLK","62179a5c8e88d400010d91ea","Sélestat Vinted Chairman","6363f6addf4ad1bf40826a3b","6a81f5894566d406b3b7bf7e","2026-08-16 13:40"
"路易十六","65337c686711b99177ed189b","kstyko","5ead136297d6cf24a42b1ef4","6a81f50c390a6c7e60e79b9c","2026-08-16 13:40"
"khoyer","65a40bcd1d2944943d44368e","Steve","5c936d6ce92b0c49e4020934","6a81f400947036f48975dcdc","2026-08-16 13:40"
"DarkWoke 🇵🇸","5f061c5b8fba346634a84c33","lol pop","622f101c589b350001a7ea5f","6a81f53e390a6c7e60e79c19","2026-08-16 13:40"
"Joo-eun.","6a290dd1cf6b59479a2ae4de","franek3215 2 (wached)","69bd7ff3c47c5404925b9113","6a81f4c80f772dfe043da257","2026-08-16 13:40"
"Syn","5fc86ba947bce10001a030ba","CoolMoonGuy","67ba5164f30fffa59919db60","6a81f4554566d406b3b7bbc5","2026-08-16 13:41"
"earthenjoyer","662b7a543f29656f5fe5bf53","Joo-eun.","6a290dd1cf6b59479a2ae4de","6a81f5ee23063e05eacdc12e","2026-08-16 13:42"
"Sélestat Vinted Chairman","6363f6addf4ad1bf40826a3b","路易十六","65337c686711b99177ed189b","6a81f5dd390a6c7e60e79da9","2026-08-16 13:43"
"Filipp","63bf085d2a26bb57d315f246","mii3en","66159d055967919df66cf9c0","6a81f489947036f48975de40","2026-08-16 13:43"
"Kuba","6744ee112d6c958a853b52a6","Platzz","5b66d5037135fa0e48b47084","6a81f5064566d406b3b7bdd2","2026-08-16 13:43"
"Kilkum","61b228be008ec800015ff0a9","Tudelzzz","6549fc9cf755320e28e30de7","6a81f3450f772dfe043d9e7d","2026-08-16 13:43"
"Pasord","6669c659ca16186b5a3dbc35","M1lan","67473d086316c898fe734668","6a81f50c0f772dfe043da321","2026-08-16 13:43"
"Syn","5fc86ba947bce10001a030ba","CoolMoonGuy","67ba5164f30fffa59919db60","6a81f6370f772dfe043da642","2026-08-16 13:43"
"franek3215 2 (wached)","69bd7ff3c47c5404925b9113","akia","6a0f4aea9f6f0bf394478379","6a81f5d44566d406b3b7c076","2026-08-16 13:43"
"hoppyface","5d6e4022b4ec1709f0729979","CoastalTundra844","69ce7e5d0326086782b8bb1c","6a81f5b6947036f48975e21a","2026-08-16 13:45"
"jul","5f07412b8551644f80314987","Steve","5c936d6ce92b0c49e4020934","6a81f5dc390a6c7e60e79da4","2026-08-16 13:45"
"kstyko","5ead136297d6cf24a42b1ef4","Żukasz","602cfd5dc397fa0001f09dfb","6a81f5e0947036f48975e295","2026-08-16 13:45"
"Monaia","5d45566324ec173888d619a4","Jolutien","5fb2f215dcf055000142ff72","6a81f6554566d406b3b7c1d9","2026-08-16 13:45"
"wichura240","68767692157557d5c76a0ab6","danq_s","639c2a925d4cc27b2f7a898b","6a81f5764566d406b3b7bf4a","2026-08-16 13:45"
"franek3215 2 (wached)","69bd7ff3c47c5404925b9113","akia","6a0f4aea9f6f0bf394478379","6a81f6b7947036f48975e535","2026-08-16 13:45"
"Sélestat Vinted Chairman","6363f6addf4ad1bf40826a3b","mii3en","66159d055967919df66cf9c0","6a81f68923063e05eacdc238","2026-08-16 13:46"
"Svalbard","6965f5547e2953859a50775c","朋友是一个坚韧不拔的纪录片， 在香港这座城市的设置。","65de536fb77f430b929240f3","6a81f5871733aae025b18165","2026-08-16 13:46"
"BarryTheBee","62be7867aa13616722f8dd4a","Robinhood","6238ed45585d3a1784ef7ef6","6a81f642947036f48975e3de","2026-08-16 13:47"
"Superhorstuwe","67f42dea666326f3169cde54","Tikon","621cddf10416aa00011b992b","6a81f4a7947036f48975de8f","2026-08-16 13:47"
"Middle click final boss","60e09234213b0600019d912e","franek3215 2 (wached)","69bd7ff3c47c5404925b9113","6a81f725390a6c7e60e7a044","2026-08-16 13:47"
"PLK","62179a5c8e88d400010d91ea","no thoughts, just violence","61cdfc02f6470200011a0caa","6a81f5eb4566d406b3b7c0cd","2026-08-16 13:48"
"BotsWannaBeMe","678d57b5624e9dc811ce9ca0","Mr. Geo Accuracy","67666c0fae31f29e4b0ec6ad","6a81f5c94566d406b3b7c056","2026-08-16 13:48"
"Kuba","6744ee112d6c958a853b52a6","Filipp","63bf085d2a26bb57d315f246","6a81f6870f772dfe043da701","2026-08-16 13:48"
"Fructidor","69d9a0dd291d3a2e5184c64e","Kymaxx","66d701c96a664353b1e17278","6a81f4444566d406b3b7bb91","2026-08-16 13:48"
"GeoBiden","600367027963380001856b05","M1lan","67473d086316c898fe734668","6a81f6af947036f48975e51f","2026-08-16 13:48"
"Joo-eun.","6a290dd1cf6b59479a2ae4de","mav1land","63f4a2bda13ee3ab588d6275","6a81f77f947036f48975e78b","2026-08-16 13:48"
"lol pop","622f101c589b350001a7ea5f","Sydn4y","67853ea3426d61dc087f1e1f","6a81f65f0f772dfe043da6a6","2026-08-16 13:49"
"Pasord","6669c659ca16186b5a3dbc35","路易十六","65337c686711b99177ed189b","6a81f696947036f48975e4cf","2026-08-16 13:50"
"earthenjoyer","662b7a543f29656f5fe5bf53","Syn","5fc86ba947bce10001a030ba","6a81f679947036f48975e483","2026-08-16 13:50"
"Żukasz","602cfd5dc397fa0001f09dfb","Steve","5c936d6ce92b0c49e4020934","6a81f71c4566d406b3b7c445","2026-08-16 13:50"
"victr","660d89e0e8754a8737cdf7b8","Ole","67c70b553f65f1a34a926de3","6a81f515947036f48975dfe9","2026-08-16 13:51"
"Monaia","5d45566324ec173888d619a4","mii3en","66159d055967919df66cf9c0","6a81f747947036f48975e6fe","2026-08-16 13:51"
"franek3215 2 (wached)","69bd7ff3c47c5404925b9113","Middle click final boss","60e09234213b0600019d912e","6a81f79b947036f48975e7d0","2026-08-16 13:51"
"Joo-eun.","6a290dd1cf6b59479a2ae4de","mav1land","63f4a2bda13ee3ab588d6275","6a81f7da0f772dfe043daa40","2026-08-16 13:51"
"Robinhood","6238ed45585d3a1784ef7ef6","Yanek","5e625daa90d6cfa438a867a6","6a81f7864566d406b3b7c57b","2026-08-16 13:52"
"kstyko","5ead136297d6cf24a42b1ef4","danq_s","639c2a925d4cc27b2f7a898b","6a81f7140f772dfe043da880","2026-08-16 13:52"
"wichura240","68767692157557d5c76a0ab6","Jerzy Kirkowski","5ecbdec18d6ade72cc832c5a","6a81f8680f772dfe043dabc0","2026-08-16 13:52"
"Platzz","5b66d5037135fa0e48b47084","Tomek5_5","606e09423667bc0001ad663d","6a81f6d1947036f48975e58b","2026-08-16 13:53"
"Anth0s","681e7980b249cbbdf8d64544","Pasord","6669c659ca16186b5a3dbc35","6a81f85c4566d406b3b7c81f","2026-08-16 13:53"
"hoppyface","5d6e4022b4ec1709f0729979","CoastalTundra844","69ce7e5d0326086782b8bb1c","6a81f6f24566d406b3b7c3d6","2026-08-16 13:54"
"Sélestat Vinted Chairman","6363f6addf4ad1bf40826a3b","朋友是一个坚韧不拔的纪录片， 在香港这座城市的设置。","65de536fb77f430b929240f3","6a81f76e390a6c7e60e7a0fa","2026-08-16 13:54"
"BotsWannaBeMe","678d57b5624e9dc811ce9ca0","Kuba","6744ee112d6c958a853b52a6","6a81f7d4947036f48975e894","2026-08-16 13:54"
"Filipp","63bf085d2a26bb57d315f246","caioxz_","6331d016ad2a2f9e703f7c60","6a81f7fb0f772dfe043daa9f","2026-08-16 13:54"
"Tikon","621cddf10416aa00011b992b","PLK","62179a5c8e88d400010d91ea","6a81f7cd0f772dfe043daa2e","2026-08-16 13:55"
"Magnus","679395e4205fcbaaa18ff360","Tudelzzz","6549fc9cf755320e28e30de7","6a81f6ab4566d406b3b7c302","2026-08-16 13:55"
"Żukasz","602cfd5dc397fa0001f09dfb","Steve","5c936d6ce92b0c49e4020934","6a81f82d0f772dfe043dab17","2026-08-16 13:55"
"Sydn4y","67853ea3426d61dc087f1e1f","Mr. Geo Accuracy","67666c0fae31f29e4b0ec6ad","6a81f82b4566d406b3b7c766","2026-08-16 13:55"
"Dancing star","62dc523cfc3f00bfb851be27","Robinhood","6238ed45585d3a1784ef7ef6","6a81f8cc0f772dfe043dacb2","2026-08-16 13:56"
"Middle click final boss","60e09234213b0600019d912e","franek3215 2 (wached)","69bd7ff3c47c5404925b9113","6a81f889947036f48975eae5","2026-08-16 13:56"
"jul","5f07412b8551644f80314987","Doofist","68f3a854d35e604bd5617bb2","6a81f7620f772dfe043da92a","2026-08-16 13:57"
"Tomek5_5","606e09423667bc0001ad663d","Filipp","63bf085d2a26bb57d315f246","6a81f9354566d406b3b7ca7f","2026-08-16 13:57"
"Monaia","5d45566324ec173888d619a4","mii3en","66159d055967919df66cf9c0","6a81f8830f772dfe043dabf6","2026-08-16 13:57"
"victr","660d89e0e8754a8737cdf7b8","no thoughts, just violence","61cdfc02f6470200011a0caa","6a81f8774566d406b3b7c869","2026-08-16 13:58"
"earthenjoyer","662b7a543f29656f5fe5bf53","路易十六","65337c686711b99177ed189b","6a81f84a0f772dfe043dab6a","2026-08-16 13:58"
"Dancing star","62dc523cfc3f00bfb851be27","Robinhood","6238ed45585d3a1784ef7ef6","6a81f98b947036f48975ee07","2026-08-16 13:59"
"Pasord","6669c659ca16186b5a3dbc35","lol pop","622f101c589b350001a7ea5f","6a81f8ec947036f48975ec2a","2026-08-16 13:59"
"Żukasz","602cfd5dc397fa0001f09dfb","Kuba","6744ee112d6c958a853b52a6","6a81f95c4566d406b3b7caf2","2026-08-16 13:59"
"Steve","5c936d6ce92b0c49e4020934","Sydn4y","67853ea3426d61dc087f1e1f","6a81f96d947036f48975edaf","2026-08-16 13:59"
"Doofist","68f3a854d35e604bd5617bb2","mii3en","66159d055967919df66cf9c0","6a81fa030f772dfe043dafc3","2026-08-16 14:00"
"Wish i could try again","69d154ba0a3f30cbd4825d7a","Platzz","5b66d5037135fa0e48b47084","6a81f9fc947036f48975ef6b","2026-08-16 14:00"
"PLK","62179a5c8e88d400010d91ea","朋友是一个坚韧不拔的纪录片， 在香港这座城市的设置。","65de536fb77f430b929240f3","6a81f976390a6c7e60e7a5b0","2026-08-16 14:01"
"Filipp","63bf085d2a26bb57d315f246","Monaia","5d45566324ec173888d619a4","6a81f9e9947036f48975ef24","2026-08-16 14:01"
"Tomek5_5","606e09423667bc0001ad663d","Kuba","6744ee112d6c958a853b52a6","6a81fa5f947036f48975f093","2026-08-16 14:02"
"Baga #banalts","6106adfe5078c20001560397","Timbo","6352c05ddc57c324dba7d12f","6a81fa3c0f772dfe043db03d","2026-08-16 14:02"
"Tudelzzz","6549fc9cf755320e28e30de7","Haus","678bc95a847b56d5e0276463","6a81f9894566d406b3b7cb96","2026-08-16 14:02"
"Luiz Henrique","67ffcf4fce0f332d5553d6b4","Pna","6063bbbdf93f57000113fed0","6a81f9ec947036f48975ef2f","2026-08-16 14:02"
"Pasord","6669c659ca16186b5a3dbc35","Steve","5c936d6ce92b0c49e4020934","6a81fa4d0f772dfe043db05d","2026-08-16 14:03"
"Doofist","68f3a854d35e604bd5617bb2","સિલુસ્ટરબુસ્ટર","65a298676d25e3f9160d193d","6a81faab947036f48975f164","2026-08-16 14:03"
"Robinhood","6238ed45585d3a1784ef7ef6","Dancing star","62dc523cfc3f00bfb851be27","6a81fa504566d406b3b7cdd0","2026-08-16 14:04"
"Pedro Sampaio","63a8b951fb73701f4020d786","BotsWannaBeMe","678d57b5624e9dc811ce9ca0","6a81f9430f772dfe043dadda","2026-08-16 14:04"
"M1lan","67473d086316c898fe734668","Jerzy Kirkowski","5ecbdec18d6ade72cc832c5a","6a81f929390a6c7e60e7a4e9","2026-08-16 14:04"
"Żukasz","602cfd5dc397fa0001f09dfb","earthenjoyer","662b7a543f29656f5fe5bf53","6a81fa574566d406b3b7cdeb","2026-08-16 14:05"
"GeoMango","640633579d4e23ba52d7b054","Eyo Marlo where we at?","624c58e75e74f3966763fe6f","6a81f7e24566d406b3b7c68c","2026-08-16 14:05"
"Middle click final boss","60e09234213b0600019d912e","朋友是一个坚韧不拔的纪录片， 在香港这座城市的设置。","65de536fb77f430b929240f3","6a81faee0f772dfe043db1d6","2026-08-16 14:05"
"franek3215 2 (wached)","69bd7ff3c47c5404925b9113","devj","5ee70329a237c362e06100b5","6a81fa084566d406b3b7cce9","2026-08-16 14:05"
"Dancing star","62dc523cfc3f00bfb851be27","Robinhood","6238ed45585d3a1784ef7ef6","6a81fb691733aae025b18b9d","2026-08-16 14:06"
"Monaia","5d45566324ec173888d619a4","mii3en","66159d055967919df66cf9c0","6a81fac9947036f48975f1b8","2026-08-16 14:06"
"Northboii","669bfa0bdf76dc442ac759bf","路易十六","65337c686711b99177ed189b","6a81fa1f947036f48975efc3","2026-08-16 14:07"
"Tomek5_5","606e09423667bc0001ad663d","Pasord","6669c659ca16186b5a3dbc35","6a81fb3a947036f48975f31d","2026-08-16 14:07"
"Tottenhamwisps","60ad03a48b6e1d00012f8e7e","Mr. Geo Accuracy","67666c0fae31f29e4b0ec6ad","6a81fb734566d406b3b7d168","2026-08-16 14:07"
"danq_s","639c2a925d4cc27b2f7a898b","Anth0s","681e7980b249cbbdf8d64544","6a81fba3947036f48975f46e","2026-08-16 14:07"
"Kuba","6744ee112d6c958a853b52a6","Luiz Henrique","67ffcf4fce0f332d5553d6b4","6a81fb184566d406b3b7d03f","2026-08-16 14:08"
"ChronosC","63262c005e44be1f38494296","malin","635ecde09922ad2543266ce9","6a81f771947036f48975e76f","2026-08-16 14:08"
"Syn","5fc86ba947bce10001a030ba","ijuriqu","679d5f7704201c88cf713162","6a81faef947036f48975f225","2026-08-16 14:08"
"Robinhood","6238ed45585d3a1784ef7ef6","Dancing star","62dc523cfc3f00bfb851be27","6a81fbfc0f772dfe043db4ba","2026-08-16 14:09"
"BotsWannaBeMe","678d57b5624e9dc811ce9ca0","Pedro Sampaio","63a8b951fb73701f4020d786","6a81fb610f772dfe043db306","2026-08-16 14:09"
"Filipp","63bf085d2a26bb57d315f246","Baga #banalts","6106adfe5078c20001560397","6a81faf6947036f48975f243","2026-08-16 14:09"
"Pasord","6669c659ca16186b5a3dbc35","Ritchie","5ff84d182c4df40001592f85","6a81fc21947036f48975f620","2026-08-16 14:09"
"Platzz","5b66d5037135fa0e48b47084","CoastillCitadel955","689f0cfe032a68f96bee23d0","6a81fad3390a6c7e60e7a887","2026-08-16 14:09"
"danq_s","639c2a925d4cc27b2f7a898b","DonkeyGuesses","6912d873ef3380557dd45eec","6a81fc40947036f48975f699","2026-08-16 14:09"
"Szymono","613295acc4b5740001f1bfdf","Steve","5c936d6ce92b0c49e4020934","6a81fb5c4566d406b3b7d12b","2026-08-16 14:09"
"Middle click final boss","60e09234213b0600019d912e","franek3215 2 (wached)","69bd7ff3c47c5404925b9113","6a81fbfe4566d406b3b7d358","2026-08-16 14:09"
"Monaia","5d45566324ec173888d619a4","mii3en","66159d055967919df66cf9c0","6a81fc1c0f772dfe043db524","2026-08-16 14:10"
"vinnie","69af2d2e4921fb35244096f4","lol pop","622f101c589b350001a7ea5f","6a81fab14566d406b3b7cf17","2026-08-16 14:10"
"PLK","62179a5c8e88d400010d91ea","jul","5f07412b8551644f80314987","6a81fb064566d406b3b7d009","2026-08-16 14:11"
"DooDoo","692e36a0aa69c37dd1565b93","danq_s","639c2a925d4cc27b2f7a898b","6a81fcb7947036f48975f866","2026-08-16 14:11"
"Pedro Sampaio","63a8b951fb73701f4020d786","BotsWannaBeMe","678d57b5624e9dc811ce9ca0","6a81fc8f7573a5f5ebd2e085","2026-08-16 14:12"
"Baga #banalts","6106adfe5078c20001560397","Ritchie","5ff84d182c4df40001592f85","6a81fcab0f772dfe043db6af","2026-08-16 14:12"
"Tomek5_5","606e09423667bc0001ad663d","Filipp","63bf085d2a26bb57d315f246","6a81fca1947036f48975f810","2026-08-16 14:13"
"M1lan","67473d086316c898fe734668","Tottenhamwisps","60ad03a48b6e1d00012f8e7e","6a81fc4b4566d406b3b7d44a","2026-08-16 14:13"
"Robinhood","6238ed45585d3a1784ef7ef6","Dancing star","62dc523cfc3f00bfb851be27","6a81fc88947036f48975f7d3","2026-08-16 14:14"
"Robinhood","6238ed45585d3a1784ef7ef6","Dancing star","62dc523cfc3f00bfb851be27","6a81fdc34566d406b3b7d950","2026-08-16 14:15"
"PLK","62179a5c8e88d400010d91ea","BotsWannaBeMe","678d57b5624e9dc811ce9ca0","6a81fd3e947036f48975fa33","2026-08-16 14:15"
"Northboii","669bfa0bdf76dc442ac759bf","Kuba","6744ee112d6c958a853b52a6","6a81fc51390a6c7e60e7abfd","2026-08-16 14:15"
"Ole","67c70b553f65f1a34a926de3","Thomas4183b","60194a73ccb73b00018edf77","6a81f89d4566d406b3b7c8d8","2026-08-16 14:15"
"Monaia","5d45566324ec173888d619a4","Middle click final boss","60e09234213b0600019d912e","6a81fd004566d406b3b7d6bd","2026-08-16 14:15"
"celownikwodny","664a46ec660949cf6274a231","malle","669ab1afec461481537ec8c2","6a81fd96947036f48975fb5e","2026-08-16 14:15"
"Luiz Henrique","67ffcf4fce0f332d5553d6b4","સિલુસ્ટરબુસ્ટર","65a298676d25e3f9160d193d","6a81fd98947036f48975fb63","2026-08-16 14:15"
"Ritchie","5ff84d182c4df40001592f85","danq_s","639c2a925d4cc27b2f7a898b","6a81fd52947036f48975fa92","2026-08-16 14:15"
"Żukasz","602cfd5dc397fa0001f09dfb","Tottenhamwisps","60ad03a48b6e1d00012f8e7e","6a81fdb24566d406b3b7d91e","2026-08-16 14:16"
"mii3en","66159d055967919df66cf9c0","Kuba","6744ee112d6c958a853b52a6","6a81fdfb390a6c7e60e7b0af","2026-08-16 14:16"
"Yarik","676e524ee37422d9da0e161a","devj","5ee70329a237c362e06100b5","6a81fc147573a5f5ebd2df95","2026-08-16 14:16"
"Palmitas","69b33a815634cc416b9c7877","路易十六","65337c686711b99177ed189b","6a81fc1d0f772dfe043db527","2026-08-16 14:17"
"Tomek5_5","606e09423667bc0001ad663d","Filipp","63bf085d2a26bb57d315f246","6a81fdb8947036f48975fbd8","2026-08-16 14:17"
"CoastillCitadel955","689f0cfe032a68f96bee23d0","Pna","6063bbbdf93f57000113fed0","6a81fcf8947036f48975f921","2026-08-16 14:17"
"Szymono","613295acc4b5740001f1bfdf","Syn","5fc86ba947bce10001a030ba","6a81fc96947036f48975f7f3","2026-08-16 14:17"
"Anth0s","681e7980b249cbbdf8d64544","Mr. Geo Accuracy","67666c0fae31f29e4b0ec6ad","6a81fc3d0f772dfe043db583","2026-08-16 14:17"
"franek3215 2 (wached)","69bd7ff3c47c5404925b9113","offmylawn","674bbb9465709cb3c93c6b17","6a81fdd54566d406b3b7d994","2026-08-16 14:17"
"Dancing star","62dc523cfc3f00bfb851be27","OceanMan","5e9a08cdd502e121002b5279","6a81fe214566d406b3b7da6b","2026-08-16 14:18"
"Steve","5c936d6ce92b0c49e4020934","Platzz","5b66d5037135fa0e48b47084","6a81fcab4566d406b3b7d57c","2026-08-16 14:18"
"lol pop","622f101c589b350001a7ea5f","vinnie","69af2d2e4921fb35244096f4","6a81fd110f772dfe043db7c3","2026-08-16 14:19"
"danq_s","639c2a925d4cc27b2f7a898b","Luiz Henrique","67ffcf4fce0f332d5553d6b4","6a81fe26947036f48975fd54","2026-08-16 14:19"
"Ned","5eeb7335479917548004e4f7","Kuba","6744ee112d6c958a853b52a6","6a81fe52947036f48975fe05","2026-08-16 14:20"
"CoastillCitadel955","689f0cfe032a68f96bee23d0","Żukasz","602cfd5dc397fa0001f09dfb","6a81feb7390a6c7e60e7b342","2026-08-16 14:20"
"Monaia","5d45566324ec173888d619a4","Ritchie","5ff84d182c4df40001592f85","6a81fe0f390a6c7e60e7b108","2026-08-16 14:20"
"Magnus","679395e4205fcbaaa18ff360","Jeppsa","64394435c84d0d06e2ce5c81","6a81fc760f772dfe043db637","2026-08-16 14:20"
"mii3en","66159d055967919df66cf9c0","Middle click final boss","60e09234213b0600019d912e","6a81fe024566d406b3b7da18","2026-08-16 14:20"
"Timbo","6352c05ddc57c324dba7d12f","Tudelzzz","6549fc9cf755320e28e30de7","6a81fb04947036f48975f26b","2026-08-16 14:20"
"PLK","62179a5c8e88d400010d91ea","Pedro Sampaio","63a8b951fb73701f4020d786","6a81fe08947036f48975fcf3","2026-08-16 14:21"
"victr","660d89e0e8754a8737cdf7b8","no thoughts, just violence","61cdfc02f6470200011a0caa","6a81fa421733aae025b189a2","2026-08-16 14:21"
"Filipp","63bf085d2a26bb57d315f246","Tomek5_5","606e09423667bc0001ad663d","6a81feab947036f48975ff11","2026-08-16 14:21"
"路易十六","65337c686711b99177ed189b","Tottenhamwisps","60ad03a48b6e1d00012f8e7e","6a81fe6f390a6c7e60e7b228","2026-08-16 14:21"
"M1lan","67473d086316c898fe734668","Zetie","5e9215c1b3ec17480c01df1e","6a81fde7947036f48975fc73","2026-08-16 14:21"
"Dancing star","62dc523cfc3f00bfb851be27","Robinhood","6238ed45585d3a1784ef7ef6","6a81fea8947036f48975ff07","2026-08-16 14:22"
"PLK","62179a5c8e88d400010d91ea","OceanMan","5e9a08cdd502e121002b5279","6a81ff884566d406b3b7dfc0","2026-08-16 14:22"
"Kuba","6744ee112d6c958a853b52a6","danq_s","639c2a925d4cc27b2f7a898b","6a81ff264566d406b3b7de95","2026-08-16 14:22"
"Szymono","613295acc4b5740001f1bfdf","Syn","5fc86ba947bce10001a030ba","6a81fe7b390a6c7e60e7b268","2026-08-16 14:22"
"Ritchie","5ff84d182c4df40001592f85","Middle click final boss","60e09234213b0600019d912e","6a81ff4523063e05eacdd30c","2026-08-16 14:22"
"vinnie","69af2d2e4921fb35244096f4","Yarik","676e524ee37422d9da0e161a","6a81fef64566d406b3b7ddf7","2026-08-16 14:23"
"Steve","5c936d6ce92b0c49e4020934","Platzz","5b66d5037135fa0e48b47084","6a81fec8947036f48975ff86","2026-08-16 14:23"
"Northboii","669bfa0bdf76dc442ac759bf","BotsWannaBeMe","678d57b5624e9dc811ce9ca0","6a81fe1c7573a5f5ebd2e38b","2026-08-16 14:24"
"Anth0s","681e7980b249cbbdf8d64544","Monaia","5d45566324ec173888d619a4","6a81ff4e4566d406b3b7df39","2026-08-16 14:24"
"Fructidor","69d9a0dd291d3a2e5184c64e","Kilkum","61b228be008ec800015ff0a9","6a81fa984566d406b3b7cebb","2026-08-16 14:24"
"Luiz Henrique","67ffcf4fce0f332d5553d6b4","lol pop","622f101c589b350001a7ea5f","6a81ff070f772dfe043dbe17","2026-08-16 14:24"
"Mr. Geo Accuracy","67666c0fae31f29e4b0ec6ad","Pna","6063bbbdf93f57000113fed0","6a81fe854566d406b3b7dc67","2026-08-16 14:24"
"Middle click final boss","60e09234213b0600019d912e","Ritchie","5ff84d182c4df40001592f85","6a81ffb40f772dfe043dc047","2026-08-16 14:24"
"Tomek5_5","606e09423667bc0001ad663d","Filipp","63bf085d2a26bb57d315f246","6a81ff8d0f772dfe043dbfa3","2026-08-16 14:25"
"irrational","65ba97ce8b2ba0c747ffa3b7","ChronosC","63262c005e44be1f38494296","6a81fdc00f772dfe043dba2c","2026-08-16 14:25"
"Tottenhamwisps","60ad03a48b6e1d00012f8e7e","mii3en","66159d055967919df66cf9c0","6a81ff63947036f48976019b","2026-08-16 14:25"
"Steve","5c936d6ce92b0c49e4020934","ijuriqu","679d5f7704201c88cf713162","6a81ffec390a6c7e60e7b66a","2026-08-16 14:25"
"Thomas4183b","60194a73ccb73b00018edf77","Diamond Armor Steve","6032bace6212610001532150","6a81fe160f772dfe043dbb2d","2026-08-16 14:25"
"Middle click final boss","60e09234213b0600019d912e","offmylawn","674bbb9465709cb3c93c6b17","6a820030390a6c7e60e7b785","2026-08-16 14:25"
"OceanMan","5e9a08cdd502e121002b5279","connexion de f*p","5e9662142ad6cfadc8e2db9d","6a81ffc8390a6c7e60e7b600","2026-08-16 14:26"
"Robinhood","6238ed45585d3a1784ef7ef6","Dancing star","62dc523cfc3f00bfb851be27","6a81ffcf4566d406b3b7e0ad","2026-08-16 14:27"
"Kuba","6744ee112d6c958a853b52a6","Żukasz","602cfd5dc397fa0001f09dfb","6a81ffc24566d406b3b7e084","2026-08-16 14:27"
"BLANC DE BLANC","5eec83c262df1243a0ceaea8","nayeon pop pop","609482b01b4a92000150edbd","6a81ffc44566d406b3b7e090","2026-08-16 14:27"
"OceanMan","5e9a08cdd502e121002b5279","connexion de f*p","5e9662142ad6cfadc8e2db9d","6a8200aa0f772dfe043dc354","2026-08-16 14:28"
"Middle click final boss","60e09234213b0600019d912e","https://www.twitch.tv/qule0","635d8550c15309de668daf99","6a820098390a6c7e60e7b8fa","2026-08-16 14:28"
"Robinhood","6238ed45585d3a1784ef7ef6","BarryTheBee","62be7867aa13616722f8dd4a","6a8200de947036f48976071a","2026-08-16 14:29"
"Ole","67c70b553f65f1a34a926de3","Magnus","679395e4205fcbaaa18ff360","6a81ff890f772dfe043dbf8b","2026-08-16 14:29"
"Ritchie","5ff84d182c4df40001592f85","mii3en","66159d055967919df66cf9c0","6a8200700f772dfe043dc29c","2026-08-16 14:29"
"DonkeyGuesses","6912d873ef3380557dd45eec","malin","635ecde09922ad2543266ce9","6a81fcc90f772dfe043db717","2026-08-16 14:29"
"Filipp","63bf085d2a26bb57d315f246","Tomek5_5","606e09423667bc0001ad663d","6a82006a390a6c7e60e7b85c","2026-08-16 14:30"
"Platzz","5b66d5037135fa0e48b47084","Mr. Geo Accuracy","67666c0fae31f29e4b0ec6ad","6a820017947036f489760469","2026-08-16 14:30"
"Pna","6063bbbdf93f57000113fed0","Luiz Henrique","67ffcf4fce0f332d5553d6b4","6a82016a947036f4897608d2","2026-08-16 14:30"
"Szymono","613295acc4b5740001f1bfdf","Luxus","64d905c29860ac321bb0ddc5","6a81ffb0947036f4897602cb","2026-08-16 14:31"
"Palmitas","69b33a815634cc416b9c7877","Kuba","6744ee112d6c958a853b52a6","6a820105947036f48976078a","2026-08-16 14:33"
"Tomek5_5","606e09423667bc0001ad663d","Ling","653d58ea4044fc276f407e75","6a820199947036f48976099b","2026-08-16 14:33"
"路易十六","65337c686711b99177ed189b","M1lan","67473d086316c898fe734668","6a81ff704566d406b3b7df8c","2026-08-16 14:33"
"mii3en","66159d055967919df66cf9c0","Luiz Henrique","67ffcf4fce0f332d5553d6b4","6a8201a4947036f4897609c3","2026-08-16 14:33"
"connexion de f*p","5e9662142ad6cfadc8e2db9d","OceanMan","5e9a08cdd502e121002b5279","6a820130ce00bd383220ff10","2026-08-16 14:34"
"Tomek5_5","606e09423667bc0001ad663d","Ling","653d58ea4044fc276f407e75","6a8202514566d406b3b7eb2c","2026-08-16 14:34"
"BotsWannaBeMe","678d57b5624e9dc811ce9ca0","Anth0s","681e7980b249cbbdf8d64544","6a8200314566d406b3b7e22d","2026-08-16 14:34"
"Szymono","613295acc4b5740001f1bfdf","Middle click final boss","60e09234213b0600019d912e","6a8201ef4566d406b3b7e945","2026-08-16 14:34"
"Steve","5c936d6ce92b0c49e4020934","vinnie","69af2d2e4921fb35244096f4","6a820074947036f4897605cb","2026-08-16 14:34"
"Ritchie","5ff84d182c4df40001592f85","https://www.twitch.tv/qule0","635d8550c15309de668daf99","6a820162947036f4897608b3","2026-08-16 14:34"
"no thoughts, just violence","61cdfc02f6470200011a0caa","Ole","67c70b553f65f1a34a926de3","6a820171947036f4897608e1","2026-08-16 14:35"
"路易十六","65337c686711b99177ed189b","Anth0s","681e7980b249cbbdf8d64544","6a82027a947036f489760d47","2026-08-16 14:35"
"danq_s","639c2a925d4cc27b2f7a898b","lol pop","622f101c589b350001a7ea5f","6a8200d90f772dfe043dc3e7","2026-08-16 14:35"
"Robinhood","6238ed45585d3a1784ef7ef6","Dancing star","62dc523cfc3f00bfb851be27","6a82015b390a6c7e60e7bb07","2026-08-16 14:36"
"Sélestat Vinted Chairman","6363f6addf4ad1bf40826a3b","CoastalTundra844","69ce7e5d0326086782b8bb1c","6a82010f0d2268c2e52ce073","2026-08-16 14:36"
"Celneo","630b9715510e022a3194e5bb","Filipp","63bf085d2a26bb57d315f246","6a8201cf947036f489760a6c","2026-08-16 14:36"
"celownikwodny","664a46ec660949cf6274a231","Żukasz","602cfd5dc397fa0001f09dfb","6a820134947036f489760813","2026-08-16 14:36"
"Mr. Geo Accuracy","67666c0fae31f29e4b0ec6ad","Luiz Henrique","67ffcf4fce0f332d5553d6b4","6a820249947036f489760c5c","2026-08-16 14:36"
"Luxus","64d905c29860ac321bb0ddc5","M1lan","67473d086316c898fe734668","6a82023c0f772dfe043dc875","2026-08-16 14:37"
"Middle click final boss","60e09234213b0600019d912e","wichura240","68767692157557d5c76a0ab6","6a820289947036f489760d76","2026-08-16 14:37"
"Tomek5_5","606e09423667bc0001ad663d","路易十六","65337c686711b99177ed189b","6a8202c44566d406b3b7ed39","2026-08-16 14:38"
"Ling","653d58ea4044fc276f407e75","Jonas","661ad4c4073f663c21b57fe6","6a82029d4566d406b3b7ec7d","2026-08-16 14:38"
"Kuba","6744ee112d6c958a853b52a6","Daski","608ab513176fca00014c4cae","6a820260390a6c7e60e7bdea","2026-08-16 14:38"
"Pna","6063bbbdf93f57000113fed0","malin","635ecde09922ad2543266ce9","6a8201a54566d406b3b7e81d","2026-08-16 14:38"
"Palmitas","69b33a815634cc416b9c7877","PLK","62179a5c8e88d400010d91ea","6a8202d94566d406b3b7ed91","2026-08-16 14:39"
"Thomas4183b","60194a73ccb73b00018edf77","Timbo","6352c05ddc57c324dba7d12f","6a82011c4566d406b3b7e613","2026-08-16 14:39"
"BotsWannaBeMe","678d57b5624e9dc811ce9ca0","Szymono","613295acc4b5740001f1bfdf","6a82028a0f772dfe043dc970","2026-08-16 14:40"
"Filipp","63bf085d2a26bb57d315f246","Middle click final boss","60e09234213b0600019d912e","6a8203417573a5f5ebd2f13e","2026-08-16 14:40"
"Platzz","5b66d5037135fa0e48b47084","Jeppsa","64394435c84d0d06e2ce5c81","6a8201d84566d406b3b7e8f1","2026-08-16 14:40"
"vinnie","69af2d2e4921fb35244096f4","danq_s","639c2a925d4cc27b2f7a898b","6a8202b04566d406b3b7ecd9","2026-08-16 14:40"
"GeoMango","640633579d4e23ba52d7b054","Haus","678bc95a847b56d5e0276463","6a81fbca947036f48975f4ee","2026-08-16 14:40"
"Jonas","661ad4c4073f663c21b57fe6","PLK","62179a5c8e88d400010d91ea","6a8203b00f772dfe043dce42","2026-08-16 14:42"
"Platzz","5b66d5037135fa0e48b47084","Daski","608ab513176fca00014c4cae","6a8203d44566d406b3b7f31d","2026-08-16 14:42"
"Szymono","613295acc4b5740001f1bfdf","mii3en","66159d055967919df66cf9c0","6a8203ec0f772dfe043dcf2c","2026-08-16 14:43"
"wichura240","68767692157557d5c76a0ab6","Ritchie","5ff84d182c4df40001592f85","6a8203520f772dfe043dcce4","2026-08-16 14:43"
"Pna","6063bbbdf93f57000113fed0","Luxus","64d905c29860ac321bb0ddc5","6a82035d4566d406b3b7f0e8","2026-08-16 14:43"
"Dancing star","62dc523cfc3f00bfb851be27","Robinhood","6238ed45585d3a1784ef7ef6","6a8202f64566d406b3b7ee29","2026-08-16 14:44"
"Sélestat Vinted Chairman","6363f6addf4ad1bf40826a3b","Tomek5_5","606e09423667bc0001ad663d","6a8203944566d406b3b7f1e8","2026-08-16 14:44"
"路易十六","65337c686711b99177ed189b","Kuba","6744ee112d6c958a853b52a6","6a82038f4566d406b3b7f1cc","2026-08-16 14:44"
"lol pop","622f101c589b350001a7ea5f","Joo-eun.","6a290dd1cf6b59479a2ae4de","6a82033e947036f48976104b","2026-08-16 14:44"
"M1lan","67473d086316c898fe734668","Yarik","676e524ee37422d9da0e161a","6a820358947036f4897610b7","2026-08-16 14:44"
"Filipp","63bf085d2a26bb57d315f246","Middle click final boss","60e09234213b0600019d912e","6a8204194566d406b3b7f450","2026-08-16 14:45"
"Luxus","64d905c29860ac321bb0ddc5","danq_s","639c2a925d4cc27b2f7a898b","6a82048d4566d406b3b7f5fa","2026-08-16 14:45"
"Luiz Henrique","67ffcf4fce0f332d5553d6b4","Anth0s","681e7980b249cbbdf8d64544","6a8202e0947036f489760e98","2026-08-16 14:45"
"Jonas","661ad4c4073f663c21b57fe6","PLK","62179a5c8e88d400010d91ea","6a82047a947036f489761598","2026-08-16 14:46"
"no thoughts, just violence","61cdfc02f6470200011a0caa","Ole","67c70b553f65f1a34a926de3","6a8202c2947036f489760e38","2026-08-16 14:46"
"捲菸的菸草不來自後山","6372795ba9204b943dd562cf","Platzz","5b66d5037135fa0e48b47084","6a82046d4566d406b3b7f58c","2026-08-16 14:46"
"M1lan","67473d086316c898fe734668","路易十六","65337c686711b99177ed189b","6a8204d5390a6c7e60e7c683","2026-08-16 14:46"
"connexion de f*p","5e9662142ad6cfadc8e2db9d","OceanMan","5e9a08cdd502e121002b5279","6a8202960f772dfe043dc98a","2026-08-16 14:47"
"Kuba","6744ee112d6c958a853b52a6","mii3en","66159d055967919df66cf9c0","6a8204d5947036f489761741","2026-08-16 14:47"
"Daski","608ab513176fca00014c4cae","Szymono","613295acc4b5740001f1bfdf","6a8204820f772dfe043dd145","2026-08-16 14:47"
"https://www.twitch.tv/qule0","635d8550c15309de668daf99","Moks","5a188dccd4f53d8488a82ec7","6a8204c40f772dfe043dd259","2026-08-16 14:47"
"Sélestat Vinted Chairman","6363f6addf4ad1bf40826a3b","Superhorstuwe","67f42dea666326f3169cde54","6a8204d47573a5f5ebd2f623","2026-08-16 14:48"
"Ritchie","5ff84d182c4df40001592f85","Mr. Geo Accuracy","67666c0fae31f29e4b0ec6ad","6a820545947036f48976192f","2026-08-16 14:48"
"Robinhood","6238ed45585d3a1784ef7ef6","Dancing star","62dc523cfc3f00bfb851be27","6a8204d64566d406b3b7f765","2026-08-16 14:49"
"Middle click final boss","60e09234213b0600019d912e","danq_s","639c2a925d4cc27b2f7a898b","6a820514947036f489761866","2026-08-16 14:49"
"https://www.twitch.tv/qule0","635d8550c15309de668daf99","Tottenhamwisps","60ad03a48b6e1d00012f8e7e","6a820576390a6c7e60e7c81a","2026-08-16 14:49"
"PLK","62179a5c8e88d400010d91ea","路易十六","65337c686711b99177ed189b","6a820551947036f489761962","2026-08-16 14:50"
"Tomek5_5","606e09423667bc0001ad663d","Filipp","63bf085d2a26bb57d315f246","6a8205291733aae025b1a3f9","2026-08-16 14:50"
"Ritchie","5ff84d182c4df40001592f85","Middle click final boss","60e09234213b0600019d912e","6a820601947036f489761c1c","2026-08-16 14:50"
"Luiz Henrique","67ffcf4fce0f332d5553d6b4","bagaboiebailey","5fcef4a643dcb200016784ef","6a8205434566d406b3b7f903","2026-08-16 14:50"
"Yanek","5e625daa90d6cfa438a867a6","Juagie","601b3f4047f927000155a753","6a82041f4566d406b3b7f460","2026-08-16 14:51"
"Palmitas","69b33a815634cc416b9c7877","BotsWannaBeMe","678d57b5624e9dc811ce9ca0","6a8203fe23063e05eacddfe7","2026-08-16 14:51"
"danq_s","639c2a925d4cc27b2f7a898b","સિલુસ્ટરબુસ્ટર","65a298676d25e3f9160d193d","6a8206034566d406b3b7fba7","2026-08-16 14:51"
"Sélestat Vinted Chairman","6363f6addf4ad1bf40826a3b","Jonas","661ad4c4073f663c21b57fe6","6a8205e8947036f489761bcf","2026-08-16 14:52"
"irrational","65ba97ce8b2ba0c747ffa3b7","Ole","67c70b553f65f1a34a926de3","6a82053d4566d406b3b7f8ee","2026-08-16 14:52"
"SIM","5ed11a2b282ad28b94fe9b42","Timbo","6352c05ddc57c324dba7d12f","6a8203b1947036f48976122b","2026-08-16 14:52"
"Middle click final boss","60e09234213b0600019d912e","Ritchie","5ff84d182c4df40001592f85","6a82065d947036f489761d50","2026-08-16 14:52"
"https://www.twitch.tv/qule0","635d8550c15309de668daf99","Tottenhamwisps","60ad03a48b6e1d00012f8e7e","6a8206334566d406b3b7fc78","2026-08-16 14:52"
"Kuba","6744ee112d6c958a853b52a6","ましろ","60622a237c864a00019b5334","6a82057a0f772dfe043dd49d","2026-08-16 14:53"
"M1lan","67473d086316c898fe734668","Platzz","5b66d5037135fa0e48b47084","6a820563947036f4897619a5","2026-08-16 14:53"
"vinnie","69af2d2e4921fb35244096f4","Luxus","64d905c29860ac321bb0ddc5","6a8205274566d406b3b7f88e","2026-08-16 14:53"
"Ling","653d58ea4044fc276f407e75","Szymono","613295acc4b5740001f1bfdf","6a8205d94566d406b3b7fb27","2026-08-16 14:54"
"Mr. Geo Accuracy","67666c0fae31f29e4b0ec6ad","Thore Stach","60b2c6420390be00015e9fa1","6a8205db390a6c7e60e7c94f","2026-08-16 14:54"
"Pna","6063bbbdf93f57000113fed0","malle","669ab1afec461481537ec8c2","6a82058c0f772dfe043dd4e3","2026-08-16 14:56"
"Mr. Geo Accuracy","67666c0fae31f29e4b0ec6ad","Riglan","62f700db4710bd0107b53ce3","6a820729947036f48976201f","2026-08-16 14:56"
"Sélestat Vinted Chairman","6363f6addf4ad1bf40826a3b","Jonas","661ad4c4073f663c21b57fe6","6a8206dd4566d406b3b7fec4","2026-08-16 14:57"
"PLK","62179a5c8e88d400010d91ea","phantom power 48v","67f7742e3d41f991b454dae6","6a820653390a6c7e60e7ca8e","2026-08-16 14:57"
"Superhorstuwe","67f42dea666326f3169cde54","Tikon","621cddf10416aa00011b992b","6a820617947036f489761c89","2026-08-16 14:57"
"Filipp","63bf085d2a26bb57d315f246","Tomek5_5","606e09423667bc0001ad663d","6a8206604566d406b3b7fd13","2026-08-16 14:57"
"Rimmertb","5e1f6932dba5105d845b333b","Daski","608ab513176fca00014c4cae","6a8205a94566d406b3b7fa83","2026-08-16 14:57"
"Ritchie","5ff84d182c4df40001592f85","Middle click final boss","60e09234213b0600019d912e","6a8206f0947036f489761f68","2026-08-16 14:57"
"Klem","61e164f411b55c00015fb36b","bagaboiebailey","5fcef4a643dcb200016784ef","6a820667947036f489761d82","2026-08-16 14:57"
"Robinhood","6238ed45585d3a1784ef7ef6","Ling","653d58ea4044fc276f407e75","6a8207c5947036f489762269","2026-08-16 14:58"
"Kuba","6744ee112d6c958a853b52a6","Square","6258ba2148590cd1b4d0e0a1","6a8207034566d406b3b7ff51","2026-08-16 14:58"
"https://www.twitch.tv/qule0","635d8550c15309de668daf99","danq_s","639c2a925d4cc27b2f7a898b","6a8206c5947036f489761e9a","2026-08-16 14:58"
"OceanMan","5e9a08cdd502e121002b5279","connexion de f*p","5e9662142ad6cfadc8e2db9d","6a8205a923063e05eacde3f4","2026-08-16 14:59"
"Anth0s","681e7980b249cbbdf8d64544","Gamer X","674cddb0dc12d4102c72e97a","6a820732390a6c7e60e7ccee","2026-08-16 14:59"
"Ling","653d58ea4044fc276f407e75","Kuba","6744ee112d6c958a853b52a6","6a820810390a6c7e60e7cef9","2026-08-16 15:00"
"Daski","608ab513176fca00014c4cae","Yarik","676e524ee37422d9da0e161a","6a8207ea4566d406b3b8020c","2026-08-16 15:00"
"Luxus","64d905c29860ac321bb0ddc5","vinnie","69af2d2e4921fb35244096f4","6a82070e0f772dfe043dd9ac","2026-08-16 15:00"
"Middle click final boss","60e09234213b0600019d912e","Ritchie","5ff84d182c4df40001592f85","6a8207fc2c17aa10a14651e9","2026-08-16 15:00"
"Tomek5_5","606e09423667bc0001ad663d","Jonas","661ad4c4073f663c21b57fe6","6a820805947036f489762341","2026-08-16 15:01"
"M1lan","67473d086316c898fe734668","Szymono","613295acc4b5740001f1bfdf","6a820720947036f489762005","2026-08-16 15:01"
"https://www.twitch.tv/qule0","635d8550c15309de668daf99","ましろ","60622a237c864a00019b5334","6a82082c4566d406b3b80302","2026-08-16 15:01"
"Julian","5a8eb2d498cc2c6744a88ce4","connexion de f*p","5e9662142ad6cfadc8e2db9d","6a82085e390a6c7e60e7cfa7","2026-08-16 15:02"
"wichura240","68767692157557d5c76a0ab6","Platzz","5b66d5037135fa0e48b47084","6a8207cb0f772dfe043ddbd4","2026-08-16 15:02"
"Filipp","63bf085d2a26bb57d315f246","danq_s","639c2a925d4cc27b2f7a898b","6a82085c4566d406b3b80399","2026-08-16 15:03"
"Anth0s","681e7980b249cbbdf8d64544","Ritchie","5ff84d182c4df40001592f85","6a82089b947036f489762566","2026-08-16 15:03"
"bagaboiebailey","5fcef4a643dcb200016784ef","Daski","608ab513176fca00014c4cae","6a820893390a6c7e60e7d02c","2026-08-16 15:03"
"ましろ","60622a237c864a00019b5334","Middle click final boss","60e09234213b0600019d912e","6a8208d30d2268c2e52cf373","2026-08-16 15:03"
"Juagie","601b3f4047f927000155a753","Yanek","5e625daa90d6cfa438a867a6","6a82069b0f772dfe043dd82d","2026-08-16 15:04"
"Palmitas","69b33a815634cc416b9c7877","PLK","62179a5c8e88d400010d91ea","6a8207fa4566d406b3b8025e","2026-08-16 15:04"
"Mr. Geo Accuracy","67666c0fae31f29e4b0ec6ad","Klem","61e164f411b55c00015fb36b","6a8207f5947036f48976230b","2026-08-16 15:04"
"Ritchie","5ff84d182c4df40001592f85","Mikoo0","63f0ca33c17e8c146f6a9379","6a820947947036f4897627c1","2026-08-16 15:04"
"Filipp","63bf085d2a26bb57d315f246","Ling","653d58ea4044fc276f407e75","6a82096f0f772dfe043de06e","2026-08-16 15:05"
"mr_spy","665c34e0bc4531cdb19b9ab9","Middle click final boss","60e09234213b0600019d912e","6a8209734566d406b3b80755","2026-08-16 15:05"
"Robinhood","6238ed45585d3a1784ef7ef6","Yanek","5e625daa90d6cfa438a867a6","6a820997947036f4897628d4","2026-08-16 15:06"
"Jonas","661ad4c4073f663c21b57fe6","Maksonic","619d09bdc4ab7000016c68d3","6a8208c9947036f48976260b","2026-08-16 15:06"
"JoguessR","633dc7c5d5114aab59533f52","Kuba","6744ee112d6c958a853b52a6","6a820895947036f489762556","2026-08-16 15:06"
"Tikon","621cddf10416aa00011b992b","phantom power 48v","67f7742e3d41f991b454dae6","6a82083a947036f48976242e","2026-08-16 15:07"
"Tomek5_5","606e09423667bc0001ad663d","Szymono","613295acc4b5740001f1bfdf","6a820909390a6c7e60e7d140","2026-08-16 15:08"
"捲菸的菸草不來自後山","6372795ba9204b943dd562cf","PLK","62179a5c8e88d400010d91ea","6a82099a947036f4897628dd","2026-08-16 15:08"
"https://www.twitch.tv/qule0","635d8550c15309de668daf99","Middle click final boss","60e09234213b0600019d912e","6a8209b17573a5f5ebd3009d","2026-08-16 15:08"
"Palmitas","69b33a815634cc416b9c7877","M1lan","67473d086316c898fe734668","6a8209e20f772dfe043de1a1","2026-08-16 15:10"
"Jonas","661ad4c4073f663c21b57fe6","phantom power 48v","67f7742e3d41f991b454dae6","6a820a410f772dfe043de2bc","2026-08-16 15:10"
"Filipp","63bf085d2a26bb57d315f246","Kuba","6744ee112d6c958a853b52a6","6a8209e60f772dfe043de1ad","2026-08-16 15:10"
"Anth0s","681e7980b249cbbdf8d64544","Platzz","5b66d5037135fa0e48b47084","6a820945390a6c7e60e7d1d7","2026-08-16 15:10"
"Yanek","5e625daa90d6cfa438a867a6","YRP","65361a91884b107b4fd0cef8","6a8209ec947036f4897629fa","2026-08-16 15:11"
"Ritchie","5ff84d182c4df40001592f85","સિલુસ્ટરબુસ્ટર","65a298676d25e3f9160d193d","6a820aa20d2268c2e52cf6cf","2026-08-16 15:11"
"Platzz","5b66d5037135fa0e48b47084","Magnus","679395e4205fcbaaa18ff360","6a820af00f772dfe043de49d","2026-08-16 15:12"
"Middle click final boss","60e09234213b0600019d912e","mr_spy","665c34e0bc4531cdb19b9ab9","6a820a78390a6c7e60e7d4b5","2026-08-16 15:12"
"Filipp","63bf085d2a26bb57d315f246","Kuba","6744ee112d6c958a853b52a6","6a820ae2390a6c7e60e7d586","2026-08-16 15:13"
"Daski","608ab513176fca00014c4cae","bagaboiebailey","5fcef4a643dcb200016784ef","6a82096f947036f48976285d","2026-08-16 15:13"
"SIM","5ed11a2b282ad28b94fe9b42","Sir Plonk-a-Lot","615ca101e2d91f0001f7e759","6a82072e4566d406b3b7ffec","2026-08-16 15:13"
"Ritchie","5ff84d182c4df40001592f85","danq_s","639c2a925d4cc27b2f7a898b","6a820b5c947036f489762ea2","2026-08-16 15:13"
"YRP","65361a91884b107b4fd0cef8","Yanek","5e625daa90d6cfa438a867a6","6a820b58390a6c7e60e7d694","2026-08-16 15:14"
"PLK","62179a5c8e88d400010d91ea","Tomek5_5","606e09423667bc0001ad663d","6a820a804566d406b3b80adf","2026-08-16 15:14"
"Szymono","613295acc4b5740001f1bfdf","Luxus","64d905c29860ac321bb0ddc5","6a820a700f772dfe043de344","2026-08-16 15:14"
"Mr. Geo Accuracy","67666c0fae31f29e4b0ec6ad","Klem","61e164f411b55c00015fb36b","6a8209db0f772dfe043de18c","2026-08-16 15:14"
"Sélestat Vinted Chairman","6363f6addf4ad1bf40826a3b","Jonas","661ad4c4073f663c21b57fe6","6a820b4a390a6c7e60e7d673","2026-08-16 15:15"
"Conquistadorito","603801f090c95200017d047e","no thoughts, just violence","61cdfc02f6470200011a0caa","6a820a220f772dfe043de24f","2026-08-16 15:15"
"mr_spy","665c34e0bc4531cdb19b9ab9","Der Teufel","6165b05d1a1017000125798b","6a820b63947036f489762ebe","2026-08-16 15:15"
"Zetie","5e9215c1b3ec17480c01df1e","kakithesukip","6809563cae64cffc1988e9fe","6a820af54566d406b3b80c4d","2026-08-16 15:16"
"Tomek5_5","606e09423667bc0001ad663d","Jonas","661ad4c4073f663c21b57fe6","6a820c01390a6c7e60e7d81d","2026-08-16 15:17"
"Daski","608ab513176fca00014c4cae","bagaboiebailey","5fcef4a643dcb200016784ef","6a820ba5390a6c7e60e7d742","2026-08-16 15:17"
"mr_spy","665c34e0bc4531cdb19b9ab9","wichura240","68767692157557d5c76a0ab6","6a820c3c4566d406b3b810b4","2026-08-16 15:17"
"Its_ChinasFault","67d88144617e135e7b6559af","RuralQuay427","67afb8f9170e41f8f611a20a","6a8209f6947036f489762a15","2026-08-16 15:17"
"https://www.twitch.tv/qule0","635d8550c15309de668daf99","ましろ","60622a237c864a00019b5334","6a820b88947036f489762f34","2026-08-16 15:18"
"YRP","65361a91884b107b4fd0cef8","Yanek","5e625daa90d6cfa438a867a6","6a820bf64566d406b3b80fe9","2026-08-16 15:19"
"Ritchie","5ff84d182c4df40001592f85","Szymono","613295acc4b5740001f1bfdf","6a820bcc4566d406b3b80f60","2026-08-16 15:19"
"Filipp","63bf085d2a26bb57d315f246","PLK","62179a5c8e88d400010d91ea","6a820bcc4566d406b3b80f5f","2026-08-16 15:20"
"mr_spy","665c34e0bc4531cdb19b9ab9","Middle click final boss","60e09234213b0600019d912e","6a820cd34566d406b3b812c3","2026-08-16 15:20"
"Mr. Geo Accuracy","67666c0fae31f29e4b0ec6ad","Klem","61e164f411b55c00015fb36b","6a820bde947036f489763030","2026-08-16 15:20"
"Palmitas","69b33a815634cc416b9c7877","捲菸的菸草不來自後山","6372795ba9204b943dd562cf","6a820c614566d406b3b8112d","2026-08-16 15:21"
"Jonas","661ad4c4073f663c21b57fe6","Tomek5_5","606e09423667bc0001ad663d","6a820cbe4566d406b3b81284","2026-08-16 15:21"
"Kuba","6744ee112d6c958a853b52a6","M1lan","67473d086316c898fe734668","6a820b8a4566d406b3b80e45","2026-08-16 15:21"
"Alt Foda","6a552980312272525410f673","Abhishekkale App","62d6b9e39a2e2001e90c3a9e","6a820b410d2268c2e52cf7fb","2026-08-16 15:21"
"bagaboiebailey","5fcef4a643dcb200016784ef","Zetie","5e9215c1b3ec17480c01df1e","6a820ca7947036f4897632de","2026-08-16 15:22"
"Tikon","621cddf10416aa00011b992b","Daski","608ab513176fca00014c4cae","6a820cca947036f489763354","2026-08-16 15:23"
"https://www.twitch.tv/qule0","635d8550c15309de668daf99","GeoMango","640633579d4e23ba52d7b054","6a820d0e1733aae025b1b471","2026-08-16 15:23"
"wichura240","68767692157557d5c76a0ab6","ましろ","60622a237c864a00019b5334","6a820cf0947036f4897633de","2026-08-16 15:23"
"Yanek","5e625daa90d6cfa438a867a6","YRP","65361a91884b107b4fd0cef8","6a820d022c17aa10a1465b4c","2026-08-16 15:24"
"no thoughts, just violence","61cdfc02f6470200011a0caa","Conquistadorito","603801f090c95200017d047e","6a820c27947036f48976311b","2026-08-16 15:24"
"Mr. Geo Accuracy","67666c0fae31f29e4b0ec6ad","Klem","61e164f411b55c00015fb36b","6a820d5b390a6c7e60e7db3a","2026-08-16 15:24"
"PLK","62179a5c8e88d400010d91ea","Jonas","661ad4c4073f663c21b57fe6","6a820d924566d406b3b8154b","2026-08-16 15:25"
"Gaizkaiser","61e67e2b8a1e1100013538d3","Tomek5_5","606e09423667bc0001ad663d","6a820dac947036f48976365a","2026-08-16 15:26"
"Ling","653d58ea4044fc276f407e75","Conquistadorito","603801f090c95200017d047e","6a820e31947036f4897637fa","2026-08-16 15:26"
"https://www.twitch.tv/qule0","635d8550c15309de668daf99","GeoMango","640633579d4e23ba52d7b054","6a820df6947036f489763738","2026-08-16 15:26"
"ましろ","60622a237c864a00019b5334","Wingwang","652f3b838c7ef475b4326ef5","6a820e314566d406b3b81775","2026-08-16 15:26"
"Der Teufel","6165b05d1a1017000125798b","Middle click final boss","60e09234213b0600019d912e","6a820dd14566d406b3b81620","2026-08-16 15:26"
"YRP","65361a91884b107b4fd0cef8","Yanek","5e625daa90d6cfa438a867a6","6a820e31947036f4897637f9","2026-08-16 15:28"
"Sélestat Vinted Chairman","6363f6addf4ad1bf40826a3b","PLK","62179a5c8e88d400010d91ea","6a820e600f772dfe043dee34","2026-08-16 15:28"
"kriszh","5922abce1bba700c703b0c00","Jonas","661ad4c4073f663c21b57fe6","6a820ea7390a6c7e60e7de6b","2026-08-16 15:28"
"Kuba","6744ee112d6c958a853b52a6","捲菸的菸草不來自後山","6372795ba9204b943dd562cf","6a820da32c17aa10a1465c82","2026-08-16 15:28"
"https://www.twitch.tv/qule0","635d8550c15309de668daf99","ましろ","60622a237c864a00019b5334","6a820ecc0f772dfe043def5b","2026-08-16 15:28"
"Daski","608ab513176fca00014c4cae","doog","660e520e300701e42bc197ca","6a820e214566d406b3b81734","2026-08-16 15:28"
"https://www.twitch.tv/qule0","635d8550c15309de668daf99","ましろ","60622a237c864a00019b5334","6a820ecc0f772dfe043def5b","2026-08-16 15:28"
"Its_ChinasFault","67d88144617e135e7b6559af","TamedDragon","5aee1805b18d087fc482c8f3","6a820d124566d406b3b813a5","2026-08-16 15:28"
"Robinhood","6238ed45585d3a1784ef7ef6","Yanek","5e625daa90d6cfa438a867a6","6a820f42947036f489763b88","2026-08-16 15:30"
"https://www.twitch.tv/qule0","635d8550c15309de668daf99","捲菸的菸草不來自後山","6372795ba9204b943dd562cf","6a820f50947036f489763bc5","2026-08-16 15:30"
"M1lan","67473d086316c898fe734668","bagaboiebailey","5fcef4a643dcb200016784ef","6a820db3ce00bd3832211d17","2026-08-16 15:30"
"Gaizkaiser","61e67e2b8a1e1100013538d3","Tomek5_5","606e09423667bc0001ad663d","6a820ecf4566d406b3b8196a","2026-08-16 15:31"
"no thoughts, just violence","61cdfc02f6470200011a0caa","Conquistadorito","603801f090c95200017d047e","6a820eb4947036f4897639b6","2026-08-16 15:31"
"Jonas","661ad4c4073f663c21b57fe6","PLK","62179a5c8e88d400010d91ea","6a820f280f772dfe043df075","2026-08-16 15:31"
"Baron","693f6bdc3353aee359a84f82","Kuba","6744ee112d6c958a853b52a6","6a820f334566d406b3b81ac3","2026-08-16 15:32"
"Mr. Geo Accuracy","67666c0fae31f29e4b0ec6ad","PineTerrain","6a1004c726334947e82a0859","6a820e54947036f48976387d","2026-08-16 15:32"
"Jonas","661ad4c4073f663c21b57fe6","Tomek5_5","606e09423667bc0001ad663d","6a820fe4947036f489763dca","2026-08-16 15:33"
"Der Teufel","6165b05d1a1017000125798b","Middle click final boss","60e09234213b0600019d912e","6a820f9e0f772dfe043df1ee","2026-08-16 15:33"
"Gaizkaiser","61e67e2b8a1e1100013538d3","leaque","6363f700f56937e0c19a9ea5","6a820fd40f772dfe043df2af","2026-08-16 15:34"
"PLK","62179a5c8e88d400010d91ea","https://www.twitch.tv/qule0","635d8550c15309de668daf99","6a820fda947036f489763d9f","2026-08-16 15:34"
"Ritchie","5ff84d182c4df40001592f85","mr_spy","665c34e0bc4531cdb19b9ab9","6a820f9c947036f489763cbe","2026-08-16 15:34"
"GeoMango","640633579d4e23ba52d7b054","Zetie","5e9215c1b3ec17480c01df1e","6a820ec223063e05eacdf6fe","2026-08-16 15:34"
"Juagie","601b3f4047f927000155a753","Palmitas","69b33a815634cc416b9c7877","6a820df00f772dfe043decd4","2026-08-16 15:35"
"wichura240","68767692157557d5c76a0ab6","捲菸的菸草不來自後山","6372795ba9204b943dd562cf","6a820fbc947036f489763d34","2026-08-16 15:35"
"Ling","653d58ea4044fc276f407e75","Gaizkaiser","61e67e2b8a1e1100013538d3","6a82108e4566d406b3b81f86","2026-08-16 15:36"
"Robinhood","6238ed45585d3a1784ef7ef6","Yanek","5e625daa90d6cfa438a867a6","6a820faf390a6c7e60e7e123","2026-08-16 15:37"
"Tomek5_5","606e09423667bc0001ad663d","https://www.twitch.tv/qule0","635d8550c15309de668daf99","6a8210b70f772dfe043df54e","2026-08-16 15:38"
"Kuba","6744ee112d6c958a853b52a6","DarkWoke 🇵🇸","5f061c5b8fba346634a84c33","6a82102d4566d406b3b81e66","2026-08-16 15:38"
"Der Teufel","6165b05d1a1017000125798b","Middle click final boss","60e09234213b0600019d912e","6a82105d947036f489763f5f","2026-08-16 15:38"
"Gaizkaiser","61e67e2b8a1e1100013538d3","Ling","653d58ea4044fc276f407e75","6a821115947036f4897641ae","2026-08-16 15:39"
"PLK","62179a5c8e88d400010d91ea","leaque","6363f700f56937e0c19a9ea5","6a82109a4566d406b3b81fa0","2026-08-16 15:39"
"Mr. Geo Accuracy","67666c0fae31f29e4b0ec6ad","Baron","693f6bdc3353aee359a84f82","6a821051947036f489763f37","2026-08-16 15:39"
"mr_spy","665c34e0bc4531cdb19b9ab9","捲菸的菸草不來自後山","6372795ba9204b943dd562cf","6a8210ec4566d406b3b820a6","2026-08-16 15:39"
"bagaboiebailey","5fcef4a643dcb200016784ef","M1lan","67473d086316c898fe734668","6a820f97390a6c7e60e7e0ee","2026-08-16 15:39"
"GeoMango","640633579d4e23ba52d7b054","Aethona","5c94675f37eff27e08b38c83","6a82109b947036f48976403e","2026-08-16 15:39"
"Zontux","609d70e884a9e6000133d136","Timmyfafa","6114f05442abbd00010c7b9a","6a82111e4566d406b3b82143","2026-08-16 15:39"
"https://www.twitch.tv/qule0","635d8550c15309de668daf99","Kuba","6744ee112d6c958a853b52a6","6a8211964566d406b3b822e9","2026-08-16 15:40"
"Halikaru","5c357a953d925b4de42c816a","Its_ChinasFault","67d88144617e135e7b6559af","6a820f54947036f489763bd6","2026-08-16 15:40"
"Tomek5_5","606e09423667bc0001ad663d","Jonas","661ad4c4073f663c21b57fe6","6a8211b1947036f4897643fd","2026-08-16 15:41"
"Conquistadorito","603801f090c95200017d047e","no thoughts, just violence","61cdfc02f6470200011a0caa","6a820fd24566d406b3b81d10","2026-08-16 15:41"
"BarryTheBee","62be7867aa13616722f8dd4a","Robinhood","6238ed45585d3a1784ef7ef6","6a82115e4566d406b3b82226","2026-08-16 15:42"
"Kuba","6744ee112d6c958a853b52a6","https://www.twitch.tv/qule0","635d8550c15309de668daf99","6a8211ea947036f4897644a5","2026-08-16 15:42"
"Der Teufel","6165b05d1a1017000125798b","Middle click final boss","60e09234213b0600019d912e","6a8211884566d406b3b822b7","2026-08-16 15:42"
"leaque","6363f700f56937e0c19a9ea5","PLK","62179a5c8e88d400010d91ea","6a8211cc4566d406b3b82396","2026-08-16 15:43"
"Tomek5_5","606e09423667bc0001ad663d","Jonas","661ad4c4073f663c21b57fe6","6a8212690f772dfe043dfa2d","2026-08-16 15:43"
"Mr. Geo Accuracy","67666c0fae31f29e4b0ec6ad","mr_spy","665c34e0bc4531cdb19b9ab9","6a8211d87573a5f5ebd3105b","2026-08-16 15:43"
"Ritchie","5ff84d182c4df40001592f85","Klem","61e164f411b55c00015fb36b","6a8211a60f772dfe043df7db","2026-08-16 15:43"
"Kuba","6744ee112d6c958a853b52a6","Derzal","5f96feae45cc8c00017ca853","6a82126d4566d406b3b825d1","2026-08-16 15:44"
"M1lan","67473d086316c898fe734668","Baron","693f6bdc3353aee359a84f82","6a8212140f772dfe043df91c","2026-08-16 15:44"
"Zontux","609d70e884a9e6000133d136","macchazgayming","5f3ac37b3f017f00018c3ae1","6a821246390a6c7e60e7e7bd","2026-08-16 15:44"
"Ling","653d58ea4044fc276f407e75","Gaizkaiser","61e67e2b8a1e1100013538d3","6a8211a6390a6c7e60e7e604","2026-08-16 15:45"
"Kuba","6744ee112d6c958a853b52a6","wichura240","68767692157557d5c76a0ab6","6a8212fa0f772dfe043dfc01","2026-08-16 15:46"
"Robinhood","6238ed45585d3a1784ef7ef6","YRP","65361a91884b107b4fd0cef8","6a8212870f772dfe043dfa87","2026-08-16 15:47"
"mr_spy","665c34e0bc4531cdb19b9ab9","Mr. Geo Accuracy","67666c0fae31f29e4b0ec6ad","6a8212b74566d406b3b826c6","2026-08-16 15:47"
"Zetie","5e9215c1b3ec17480c01df1e","Wienerfisch","5a928f4042305f693820a8c0","6a82118d947036f489764372","2026-08-16 15:47"
"twitch.tv/yapchell","67f66e1eab7fc9feab89429b","Jonas","661ad4c4073f663c21b57fe6","6a8212db0f772dfe043dfb9e","2026-08-16 15:48"
"leaque","6363f700f56937e0c19a9ea5","PLK","62179a5c8e88d400010d91ea","6a82129a0f772dfe043dfac3","2026-08-16 15:48"
"Kuba","6744ee112d6c958a853b52a6","Tomek5_5","606e09423667bc0001ad663d","6a821376947036f489764a97","2026-08-16 15:48"
"https://www.twitch.tv/qule0","635d8550c15309de668daf99","Der Teufel","6165b05d1a1017000125798b","6a82128b947036f4897646d6","2026-08-16 15:48"
"Zontux","609d70e884a9e6000133d136","Baron","693f6bdc3353aee359a84f82","6a8212f2947036f489764856","2026-08-16 15:48"
"Juagie","601b3f4047f927000155a753","Yanek","5e625daa90d6cfa438a867a6","6a8211480f772dfe043df6bd","2026-08-16 15:49"
"Tikon","621cddf10416aa00011b992b","Palmitas","69b33a815634cc416b9c7877","6a8212bb4566d406b3b826d0","2026-08-16 15:49"
"Mr. Geo Accuracy","67666c0fae31f29e4b0ec6ad","mr_spy","665c34e0bc4531cdb19b9ab9","6a82139d947036f489764b32","2026-08-16 15:50"
"Zontux","609d70e884a9e6000133d136","Platzz","5b66d5037135fa0e48b47084","6a8213d94566d406b3b82ad9","2026-08-16 15:50"
"Ling","653d58ea4044fc276f407e75","Gaizkaiser","61e67e2b8a1e1100013538d3","6a8213114566d406b3b827ef","2026-08-16 15:52"
"Tomek5_5","606e09423667bc0001ad663d","twitch.tv/yapchell","67f66e1eab7fc9feab89429b","6a821400947036f489764cf6","2026-08-16 15:52"
"Kuba","6744ee112d6c958a853b52a6","Jonas","661ad4c4073f663c21b57fe6","6a8213ee947036f489764cb3","2026-08-16 15:52"
"Der Teufel","6165b05d1a1017000125798b","wichura240","68767692157557d5c76a0ab6","6a8213c4947036f489764bf7","2026-08-16 15:52"
"Zetie","5e9215c1b3ec17480c01df1e","kuba.","68582b5f8e62427811441b60","6a8214334566d406b3b82c1f","2026-08-16 15:52"
"no thoughts, just violence","61cdfc02f6470200011a0caa","Conquistadorito","603801f090c95200017d047e","6a821236947036f4897645b9","2026-08-16 15:53"
"Julian","5a8eb2d498cc2c6744a88ce4","Palmitas","69b33a815634cc416b9c7877","6a8214124566d406b3b82bb9","2026-08-16 15:54"
"Der Teufel","6165b05d1a1017000125798b","mr_spy","665c34e0bc4531cdb19b9ab9","6a8214c1947036f489765044","2026-08-16 15:54"
"Juagie","601b3f4047f927000155a753","Yanek","5e625daa90d6cfa438a867a6","6a82142f4566d406b3b82c0f","2026-08-16 15:55"
"twitch.tv/yapchell","67f66e1eab7fc9feab89429b","Ling","653d58ea4044fc276f407e75","6a8214d6947036f48976509c","2026-08-16 15:55"
"PLK","62179a5c8e88d400010d91ea","leaque","6363f700f56937e0c19a9ea5","6a8213d6947036f489764c50","2026-08-16 15:55"
"Zontux","609d70e884a9e6000133d136","LAMINE YAMAL","5fec56ce3362e4000147ea46","6a82148f4566d406b3b82d91","2026-08-16 15:55"
"Baron","693f6bdc3353aee359a84f82","Thore Stach","60b2c6420390be00015e9fa1","6a8213e40f772dfe043dffaa","2026-08-16 15:55"
"BarryTheBee","62be7867aa13616722f8dd4a","Robinhood","6238ed45585d3a1784ef7ef6","6a8213b50f772dfe043dff02","2026-08-16 15:56"
"https://www.twitch.tv/qule0","635d8550c15309de668daf99","Kuba","6744ee112d6c958a853b52a6","6a8214ea4566d406b3b82f4d","2026-08-16 15:56"
"bagaboiebailey","5fcef4a643dcb200016784ef","M1lan","67473d086316c898fe734668","6a8212d74566d406b3b82720","2026-08-16 15:56"
"Derzal","5f96feae45cc8c00017ca853","Olekron","603a9f77af90ab00018b34a9","6a8213434566d406b3b82870","2026-08-16 15:57"
"twitch.tv/yapchell","67f66e1eab7fc9feab89429b","Ling","653d58ea4044fc276f407e75","6a821581390a6c7e60e7f194","2026-08-16 15:58"
"Tomek5_5","606e09423667bc0001ad663d","Conquistadorito","603801f090c95200017d047e","6a82150c0f772dfe043e044d","2026-08-16 15:58"
"M1lan","67473d086316c898fe734668","Elori","57d698c209f2ef93b8572689","6a8215ab4566d406b3b83202","2026-08-16 15:59"
"Robinhood","6238ed45585d3a1784ef7ef6","Yanek","5e625daa90d6cfa438a867a6","6a8215cd390a6c7e60e7f267","2026-08-16 16:00"
"PLK","62179a5c8e88d400010d91ea","leaque","6363f700f56937e0c19a9ea5","6a8215714566d406b3b8310a","2026-08-16 16:00"
"Kuba","6744ee112d6c958a853b52a6","Palmitas","69b33a815634cc416b9c7877","6a8215ba947036f489765419","2026-08-16 16:00"
"Conquistadorito","603801f090c95200017d047e","wichura240","68767692157557d5c76a0ab6","6a821650947036f489765635","2026-08-16 16:00"
"Ritchie","5ff84d182c4df40001592f85","Aethona","5c94675f37eff27e08b38c83","6a821558947036f4897652be","2026-08-16 16:00"
"mr_spy","665c34e0bc4531cdb19b9ab9","Baron","693f6bdc3353aee359a84f82","6a8215784566d406b3b8311e","2026-08-16 16:00"
"M1lan","67473d086316c898fe734668","Olekron","603a9f77af90ab00018b34a9","6a82167c390a6c7e60e7f477","2026-08-16 16:01"
"Tottenhamwisps","60ad03a48b6e1d00012f8e7e","NO0B4EV3R","5e62499f12777c7a20431990","6a82169c390a6c7e60e7f4bb","2026-08-16 16:01"
"Crimson_Skie5","6542b879035c41bbf7e7d0a5","Halikaru","5c357a953d925b4de42c816a","6a821659947036f489765648","2026-08-16 16:02"
"Zetie","5e9215c1b3ec17480c01df1e","Jolutien","5fb2f215dcf055000142ff72","6a8215200d2268c2e52d0c99","2026-08-16 16:02"
"Xick","6227d06fc4123c000192c138","Tomek5_5","606e09423667bc0001ad663d","6a8216854566d406b3b83550","2026-08-16 16:03"
"mr_spy","665c34e0bc4531cdb19b9ab9","https://www.twitch.tv/qule0","635d8550c15309de668daf99","6a8216ca390a6c7e60e7f542","2026-08-16 16:03"
"twitch.tv/yapchell","67f66e1eab7fc9feab89429b","Ling","653d58ea4044fc276f407e75","6a821660390a6c7e60e7f413","2026-08-16 16:04"
"Kuba","6744ee112d6c958a853b52a6","Conquistadorito","603801f090c95200017d047e","6a82169c947036f489765747","2026-08-16 16:04"
"LAMINE YAMAL","5fec56ce3362e4000147ea46","Vinz3210","637272cf1443c23536ef8202","6a821734947036f4897658e9","2026-08-16 16:04"
"Kuba","6744ee112d6c958a853b52a6","https://www.twitch.tv/qule0","635d8550c15309de668daf99","6a82179c947036f489765a78","2026-08-16 16:05"
"BarryTheBee","62be7867aa13616722f8dd4a","Robinhood","6238ed45585d3a1784ef7ef6","6a8216c04566d406b3b8362a","2026-08-16 16:06"
"leaque","6363f700f56937e0c19a9ea5","PLK","62179a5c8e88d400010d91ea","6a8216b04566d406b3b835ed","2026-08-16 16:06"
"Der Teufel","6165b05d1a1017000125798b","wichura240","68767692157557d5c76a0ab6","6a8216e0947036f48976581f","2026-08-16 16:06"
"Xick","6227d06fc4123c000192c138","Tomek5_5","606e09423667bc0001ad663d","6a82176c4566d406b3b83814","2026-08-16 16:07"
"Platzz","5b66d5037135fa0e48b47084","Magnus","679395e4205fcbaaa18ff360","6a8215d84566d406b3b832b3","2026-08-16 16:07"
"LAMINE YAMAL","5fec56ce3362e4000147ea46","☃️💞Necridanov💞☃️🇫🇷-🇲🇹","61c8e6e43ac48e000144efc9","6a8217fb947036f489765bb7","2026-08-16 16:07"
"Kuba","6744ee112d6c958a853b52a6","https://www.twitch.tv/qule0","635d8550c15309de668daf99","6a8217d7bb20a4f7c973db3a","2026-08-16 16:08"
"Ritchie","5ff84d182c4df40001592f85","48Meters on Apía - Tadó = 4999","5e730243cd30756270994780","6a82172cbb20a4f7c973d8cb","2026-08-16 16:08"
"Baron","693f6bdc3353aee359a84f82","Yarik","676e524ee37422d9da0e161a","6a8216f8390a6c7e60e7f5a9","2026-08-16 16:08"
"bagaboiebailey","5fcef4a643dcb200016784ef","Conquistadorito","603801f090c95200017d047e","6a82179e390a6c7e60e7f707","2026-08-16 16:09"
"twitch.tv/yapchell","67f66e1eab7fc9feab89429b","leaque","6363f700f56937e0c19a9ea5","6a8217f9bb20a4f7c973dbe0","2026-08-16 16:10"
"Tomek5_5","606e09423667bc0001ad663d","Platzz","5b66d5037135fa0e48b47084","6a821874bb20a4f7c973ddf4","2026-08-16 16:10"
"M1lan","67473d086316c898fe734668","Palmitas","69b33a815634cc416b9c7877","6a82171dbb20a4f7c973d8a5","2026-08-16 16:10"
"Emmepemme","5bf9b0c343196557d45fc4b6","Halikaru","5c357a953d925b4de42c816a","6a82172e390a6c7e60e7f640","2026-08-16 16:10"
"Yanek","5e625daa90d6cfa438a867a6","Juagie","601b3f4047f927000155a753","6a82171b947036f48976589c","2026-08-16 16:11"
"mr_spy","665c34e0bc4531cdb19b9ab9","Ritchie","5ff84d182c4df40001592f85","6a8218ce947036f489765e51","2026-08-16 16:12"
"wichura240","68767692157557d5c76a0ab6","https://www.twitch.tv/qule0","635d8550c15309de668daf99","6a8218a1947036f489765ddd","2026-08-16 16:12"
"mii3en","66159d055967919df66cf9c0","NO0B4EV3R","5e62499f12777c7a20431990","6a821946bb20a4f7c973e12a","2026-08-16 16:12"
"Crimson_Skie5","6542b879035c41bbf7e7d0a5","vinnie","69af2d2e4921fb35244096f4","6a8217ecca6bacddc72c8413","2026-08-16 16:13"
"Der Teufel","6165b05d1a1017000125798b","Zetie","5e9215c1b3ec17480c01df1e","6a821824ca6bacddc72c849d","2026-08-16 16:13"
"Robinhood","6238ed45585d3a1784ef7ef6","Yanek","5e625daa90d6cfa438a867a6","6a8219510f772dfe043e109f","2026-08-16 16:14"
"PLK","62179a5c8e88d400010d91ea","Xick","6227d06fc4123c000192c138","6a82184a947036f489765ca7","2026-08-16 16:14"
"Tomek5_5","606e09423667bc0001ad663d","Platzz","5b66d5037135fa0e48b47084","6a82193abb20a4f7c973e0f2","2026-08-16 16:14"
"twitch.tv/yapchell","67f66e1eab7fc9feab89429b","leaque","6363f700f56937e0c19a9ea5","6a82198c0f772dfe043e1131","2026-08-16 16:15"
"bagaboiebailey","5fcef4a643dcb200016784ef","Conquistadorito","603801f090c95200017d047e","6a8218b0bb20a4f7c973deca","2026-08-16 16:16"
"Robinhood","6238ed45585d3a1784ef7ef6","Yanek","5e625daa90d6cfa438a867a6","6a821a1dbb20a4f7c973e414","2026-08-16 16:17"
"https://www.twitch.tv/qule0","635d8550c15309de668daf99","Ritchie","5ff84d182c4df40001592f85","6a82198a4566d406b3b83e53","2026-08-16 16:17"
"Baron","693f6bdc3353aee359a84f82","Pasord","6669c659ca16186b5a3dbc35","6a8218840f772dfe043e0eb8","2026-08-16 16:17"
"Palmitas","69b33a815634cc416b9c7877","Tomek5_5","606e09423667bc0001ad663d","6a8219e5bb20a4f7c973e361","2026-08-16 16:18"
"twitch.tv/yapchell","67f66e1eab7fc9feab89429b","leaque","6363f700f56937e0c19a9ea5","6a821a40bb20a4f7c973e496","2026-08-16 16:19"
"PLK","62179a5c8e88d400010d91ea","Crimson_Skie5","6542b879035c41bbf7e7d0a5","6a821a220f772dfe043e12ba","2026-08-16 16:20"
"Kuba","6744ee112d6c958a853b52a6","Xick","6227d06fc4123c000192c138","6a821a7fbb20a4f7c973e5a1","2026-08-16 16:20"
"https://www.twitch.tv/qule0","635d8550c15309de668daf99","K4CP3RSKI777","624aa4216b4b8b1765bb6dad","6a821ac0390a6c7e60e7fe5a","2026-08-16 16:20"
"Luiz Henrique","67ffcf4fce0f332d5553d6b4","Yarik","676e524ee37422d9da0e161a","6a821988bb20a4f7c973e213","2026-08-16 16:20"
"Xick","6227d06fc4123c000192c138","K4CP3RSKI777","624aa4216b4b8b1765bb6dad","6a821b6dbb20a4f7c973e946","2026-08-16 16:22"
"Conquistadorito","603801f090c95200017d047e","vinnie","69af2d2e4921fb35244096f4","6a821a860f772dfe043e13cc","2026-08-16 16:22"
"bagaboiebailey","5fcef4a643dcb200016784ef","Pasord","6669c659ca16186b5a3dbc35","6a821aba947036f489766535","2026-08-16 16:24"
"Platzz","5b66d5037135fa0e48b47084","Mr. Geo Accuracy","67666c0fae31f29e4b0ec6ad","6a8219fc947036f48976626f","2026-08-16 16:24"
"wichura240","68767692157557d5c76a0ab6","Luiz Henrique","67ffcf4fce0f332d5553d6b4","6a821bcc947036f48976692f","2026-08-16 16:24"
"Yanek","5e625daa90d6cfa438a867a6","Robinhood","6238ed45585d3a1784ef7ef6","6a821acddd6eeff3b504c22f","2026-08-16 16:25"
"K4CP3RSKI777","624aa4216b4b8b1765bb6dad","Conquistadorito","603801f090c95200017d047e","6a821be1bb20a4f7c973eaef","2026-08-16 16:25"
"SanderFMC","62ce8106f827cbfd72056f46","Tomi","5919b0dd0fe9871e20179c60","6a8219cc947036f4897661ba","2026-08-16 16:25"
"bodysfailing","69fd3dc20731483be6bd7038","Xick","6227d06fc4123c000192c138","6a821c04947036f4897669d8","2026-08-16 16:26"
"twitch.tv/yapchell","67f66e1eab7fc9feab89429b","leaque","6363f700f56937e0c19a9ea5","6a821b400f772dfe043e15d7","2026-08-16 16:26"
"Kuba","6744ee112d6c958a853b52a6","Palmitas","69b33a815634cc416b9c7877","6a821b4bbb20a4f7c973e8ca","2026-08-16 16:26"
"Conquistadorito","603801f090c95200017d047e","K4CP3RSKI777","624aa4216b4b8b1765bb6dad","6a821c924566d406b3b8468e","2026-08-16 16:27"
"https://www.twitch.tv/qule0","635d8550c15309de668daf99","Crimson_Skie5","6542b879035c41bbf7e7d0a5","6a821bd00f772dfe043e17ed","2026-08-16 16:27"
"Emmepemme","5bf9b0c343196557d45fc4b6","Halikaru","5c357a953d925b4de42c816a","6a8219344566d406b3b83d58","2026-08-16 16:27"
"Zetie","5e9215c1b3ec17480c01df1e","Der Teufel","6165b05d1a1017000125798b","6a8219b4947036f48976615d","2026-08-16 16:27"
"boss bandit","63f549d56242089cd8f3b10e","Yanek","5e625daa90d6cfa438a867a6","6a821cc0bb20a4f7c973edec","2026-08-16 16:28"
"leaque","6363f700f56937e0c19a9ea5","Conquistadorito","603801f090c95200017d047e","6a821cc24566d406b3b8470f","2026-08-16 16:28"
"BarryTheBee","62be7867aa13616722f8dd4a","Robinhood","6238ed45585d3a1784ef7ef6","6a821c7cbb20a4f7c973ed0a","2026-08-16 16:29"
"Conquistadorito","603801f090c95200017d047e","https://www.twitch.tv/qule0","635d8550c15309de668daf99","6a821d0ebb20a4f7c973eee4","2026-08-16 16:29"
"Platzz","5b66d5037135fa0e48b47084","Luiz Henrique","67ffcf4fce0f332d5553d6b4","6a821c58947036f489766ae6","2026-08-16 16:30"
"leaque","6363f700f56937e0c19a9ea5","Conquistadorito","603801f090c95200017d047e","6a821d44bb20a4f7c973efc3","2026-08-16 16:31"
"bodysfailing","69fd3dc20731483be6bd7038","Yanek","5e625daa90d6cfa438a867a6","6a821d574566d406b3b8488d","2026-08-16 16:32"
"leaque","6363f700f56937e0c19a9ea5","Conquistadorito","603801f090c95200017d047e","6a821de7bb20a4f7c973f27b","2026-08-16 16:32"
"https://www.twitch.tv/qule0","635d8550c15309de668daf99","Conquistadorito","603801f090c95200017d047e","6a821d5cbb20a4f7c973f05d","2026-08-16 16:32"
"boss bandit","63f549d56242089cd8f3b10e","twitch.tv/yapchell","67f66e1eab7fc9feab89429b","6a821d5dbb20a4f7c973f062","2026-08-16 16:33"
"Palmitas","69b33a815634cc416b9c7877","Kuba","6744ee112d6c958a853b52a6","6a821cdb390a6c7e60e802b5","2026-08-16 16:33"
"Conquistadorito","603801f090c95200017d047e","https://www.twitch.tv/qule0","635d8550c15309de668daf99","6a821e44390a6c7e60e8056a","2026-08-16 16:33"
"Mr. Geo Accuracy","67666c0fae31f29e4b0ec6ad","Der Teufel","6165b05d1a1017000125798b","6a821d154566d406b3b847c3","2026-08-16 16:33"
"leaque","6363f700f56937e0c19a9ea5","Kuba","6744ee112d6c958a853b52a6","6a821e5b947036f489767113","2026-08-16 16:35"
"Xick","6227d06fc4123c000192c138","K4CP3RSKI777","624aa4216b4b8b1765bb6dad","6a821d204566d406b3b847de","2026-08-16 16:35"
"Conquistadorito","603801f090c95200017d047e","https://www.twitch.tv/qule0","635d8550c15309de668daf99","6a821e44390a6c7e60e8056a","2026-08-16 16:35"
"Mr. Geo Accuracy","67666c0fae31f29e4b0ec6ad","https://www.twitch.tv/qule0","635d8550c15309de668daf99","6a821e6e947036f489767154","2026-08-16 16:35"
"Conquistadorito","603801f090c95200017d047e","https://www.twitch.tv/qule0","635d8550c15309de668daf99","6a821e44390a6c7e60e8056a","2026-08-16 16:36"
"JoguessR","633dc7c5d5114aab59533f52","bagaboiebailey","5fcef4a643dcb200016784ef","6a821d614566d406b3b848cc","2026-08-16 16:37"
"Sabahnakhet","6a543ba7ed02c0562a0804e4","endrju","5faae825d3f912000122ad3c","6a821dfb4566d406b3b84aca","2026-08-16 16:37"
"BarryTheBee","62be7867aa13616722f8dd4a","BulgariaEnjoyer","60f46ec8cac323000166141d","6a821d82bb20a4f7c973f0dc","2026-08-16 16:38"
"Robinhood","6238ed45585d3a1784ef7ef6","boss bandit","63f549d56242089cd8f3b10e","6a821e66947036f489767137","2026-08-16 16:38"
"twitch.tv/yapchell","67f66e1eab7fc9feab89429b","Conquistadorito","603801f090c95200017d047e","6a821ec0947036f489767248","2026-08-16 16:38"
"Kuba","6744ee112d6c958a853b52a6","Palmitas","69b33a815634cc416b9c7877","6a821f0f947036f489767337","2026-08-16 16:38"
"K4CP3RSKI777","624aa4216b4b8b1765bb6dad","Conquistadorito","603801f090c95200017d047e","6a821eee947036f4897672bb","2026-08-16 16:38"
"Bulgariunaci","5ee07a02053ea52a8454e6c2","Mr. Geo Accuracy","67666c0fae31f29e4b0ec6ad","6a821efe947036f4897672f5","2026-08-16 16:39"
"Thomas4183b","60194a73ccb73b00018edf77","Agastya","6260203bfc30a25d25410ac9","6a821b53bb20a4f7c973e8ed","2026-08-16 16:39"
"boss bandit","63f549d56242089cd8f3b10e","Robinhood","6238ed45585d3a1784ef7ef6","6a821fa6947036f48976750c","2026-08-16 16:40"
"https://www.twitch.tv/qule0","635d8550c15309de668daf99","Conquistadorito","603801f090c95200017d047e","6a821f24947036f489767373","2026-08-16 16:40"
"Dancing star","62dc523cfc3f00bfb851be27","Xick","6227d06fc4123c000192c138","6a821f5fbb20a4f7c973f7b3","2026-08-16 16:41"
"Yanek","5e625daa90d6cfa438a867a6","bodysfailing","69fd3dc20731483be6bd7038","6a821e48947036f4897670dd","2026-08-16 16:41"
"https://www.twitch.tv/qule0","635d8550c15309de668daf99","Conquistadorito","603801f090c95200017d047e","6a821ff6947036f48976761c","2026-08-16 16:42"
"Palmitas","69b33a815634cc416b9c7877","Kuba","6744ee112d6c958a853b52a6","6a821f7d4566d406b3b84e9e","2026-08-16 16:43"
"K4CP3RSKI777","624aa4216b4b8b1765bb6dad","wichura240","68767692157557d5c76a0ab6","6a821fa44566d406b3b84f20","2026-08-16 16:43"
"Luis","63b523e80510075fa39aeabc","Zetie","5e9215c1b3ec17480c01df1e","6a821f8b947036f4897674a9","2026-08-16 16:43"
"Yanek","5e625daa90d6cfa438a867a6","twitch.tv/yapchell","67f66e1eab7fc9feab89429b","6a822041bb20a4f7c973fb30","2026-08-16 16:44"
"RedPanda","668983b7dd3af951fb7ef3e9","Platzz","5b66d5037135fa0e48b47084","6a821e22947036f489767083","2026-08-16 16:44"
"Ravi Chintalacharuvu","62ccb7f2973590185c12675b","Conquistadorito","603801f090c95200017d047e","6a822021947036f4897676a7","2026-08-16 16:44"
"Ando","6217de15a0f6300001186164","Conquistadorito","603801f090c95200017d047e","6a821fd80f772dfe043e20c0","2026-08-16 16:44"
"https://www.twitch.tv/qule0","635d8550c15309de668daf99","Conquistadorito","603801f090c95200017d047e","6a8220704566d406b3b85136","2026-08-16 16:45"
"bagaboiebailey","5fcef4a643dcb200016784ef","JoguessR","633dc7c5d5114aab59533f52","6a821fabbb20a4f7c973f8dd","2026-08-16 16:45"
"Halikaru","5c357a953d925b4de42c816a","Emmepemme","5bf9b0c343196557d45fc4b6","6a821d1fbb20a4f7c973ef2c","2026-08-16 16:45"
"Wijn.","657979f3db414bd0da540f23","Steve","5c936d6ce92b0c49e4020934","6a821fae947036f489767521","2026-08-16 16:45"
"Sabahnakhet","6a543ba7ed02c0562a0804e4","cardu","6014ab749e1bec000185a416","6a821f53bb20a4f7c973f783","2026-08-16 16:45"
"Robinhood","6238ed45585d3a1784ef7ef6","boss bandit","63f549d56242089cd8f3b10e","6a8220190f772dfe043e216e","2026-08-16 16:47"
"Dancing star","62dc523cfc3f00bfb851be27","Yanek","5e625daa90d6cfa438a867a6","6a822107bb20a4f7c973fe41","2026-08-16 16:47"
"Kuba","6744ee112d6c958a853b52a6","Xick","6227d06fc4123c000192c138","6a8220c60f772dfe043e2394","2026-08-16 16:47"
"Bulgariunaci","5ee07a02053ea52a8454e6c2","https://www.twitch.tv/qule0","635d8550c15309de668daf99","6a8221314566d406b3b8541d","2026-08-16 16:47"
"Kuba","6744ee112d6c958a853b52a6","Bulgariunaci","5ee07a02053ea52a8454e6c2","6a8221c34566d406b3b855a0","2026-08-16 16:48"
"Qiko","6a2d61bda141fcc6981c341c","Conquistadorito","603801f090c95200017d047e","6a82211f4566d406b3b853c0","2026-08-16 16:48"
"Sabahnakhet","6a543ba7ed02c0562a0804e4","vlad","65f0f2ce06283ccd4d51e5b3","6a82213b0f772dfe043e251b","2026-08-16 16:49"
"franek3215 2 (wached)","69bd7ff3c47c5404925b9113","Kluczini Bananini","66d58c237a4d614b853dd2de","6a822175947036f489767ba1","2026-08-16 16:49"
"twitch.tv/yapchell","67f66e1eab7fc9feab89429b","leaque","6363f700f56937e0c19a9ea5","6a822137bb20a4f7c973fefa","2026-08-16 16:50"
"K4CP3RSKI777","624aa4216b4b8b1765bb6dad","Conquistadorito","603801f090c95200017d047e","6a82210ebb20a4f7c973fe6b","2026-08-16 16:50"
"wichura240","68767692157557d5c76a0ab6","mii3en","66159d055967919df66cf9c0","6a8221004566d406b3b85335","2026-08-16 16:50"
"Zetie","5e9215c1b3ec17480c01df1e","Derrengeo","5f297fad4388720001074ed2","6a8220ca4566d406b3b8528d","2026-08-16 16:50"
"Robinhood","6238ed45585d3a1784ef7ef6","boss bandit","63f549d56242089cd8f3b10e","6a8221bebb20a4f7c9740155","2026-08-16 16:51"
"Yanek","5e625daa90d6cfa438a867a6","Dancing star","62dc523cfc3f00bfb851be27","6a8221c14566d406b3b85599","2026-08-16 16:51"
"RedPanda","668983b7dd3af951fb7ef3e9","Conax","683029bd7e7399d1213e44e3","6a822109bb20a4f7c973fe4a","2026-08-16 16:51"
"twitch.tv/yapchell","67f66e1eab7fc9feab89429b","bodysfailing","69fd3dc20731483be6bd7038","6a822283947036f489767f1f","2026-08-16 16:52"
"leaque","6363f700f56937e0c19a9ea5","Kuba","6744ee112d6c958a853b52a6","6a82225ebb20a4f7c9740373","2026-08-16 16:52"
"Palmitas","69b33a815634cc416b9c7877","xLucky07","6771278c215608df4a80a000","6a822153947036f489767b2c","2026-08-16 16:52"
"Kluczini Bananini","66d58c237a4d614b853dd2de","Conquistadorito","603801f090c95200017d047e","6a82222cbb20a4f7c97402b9","2026-08-16 16:52"
"Qiko","6a2d61bda141fcc6981c341c","mr_spy","665c34e0bc4531cdb19b9ab9","6a822227bb20a4f7c97402aa","2026-08-16 16:53"
"Robinhood","6238ed45585d3a1784ef7ef6","boss bandit","63f549d56242089cd8f3b10e","6a8222970f772dfe043e28a5","2026-08-16 16:54"
"Lubec","5e974c906ea510372c1e444a","zone","601d17c1d565030001440b8d","6a82218e947036f489767be0","2026-08-16 16:54"
"Qiko","6a2d61bda141fcc6981c341c","Conquistadorito","603801f090c95200017d047e","6a822300bb20a4f7c97405e8","2026-08-16 16:54"
"franek3215 2 (wached)","69bd7ff3c47c5404925b9113","Der Teufel","6165b05d1a1017000125798b","6a822240947036f489767e4c","2026-08-16 16:54"
"https://www.twitch.tv/qule0","635d8550c15309de668daf99","Xick","6227d06fc4123c000192c138","6a8221d2bb20a4f7c9740197","2026-08-16 16:55"
"Qiko","6a2d61bda141fcc6981c341c","Conquistadorito","603801f090c95200017d047e","6a822300bb20a4f7c97405e8","2026-08-16 16:55"
"Der Teufel","6165b05d1a1017000125798b","franek3215 2 (wached)","69bd7ff3c47c5404925b9113","6a82235ebb20a4f7c9740728","2026-08-16 16:56"
"LAMINE YAMAL","5fec56ce3362e4000147ea46","Nite Call","633208c46d294c41817efb2c","6a822348bb20a4f7c97406e1","2026-08-16 16:56"
"Robinhood","6238ed45585d3a1784ef7ef6","boss bandit","63f549d56242089cd8f3b10e","6a8223470f772dfe043e2a67","2026-08-16 16:57"
"Dancing star","62dc523cfc3f00bfb851be27","Yanek","5e625daa90d6cfa438a867a6","6a8222aabb20a4f7c974046d","2026-08-16 16:57"
"lol pop","622f101c589b350001a7ea5f","Derrengeo","5f297fad4388720001074ed2","6a8222770f772dfe043e2840","2026-08-16 16:57"
"Platzz","5b66d5037135fa0e48b47084","Steve","5c936d6ce92b0c49e4020934","6a822143bb20a4f7c973ff2b","2026-08-16 16:57"
"Qiko","6a2d61bda141fcc6981c341c","mii3en","66159d055967919df66cf9c0","6a8223a50f772dfe043e2bd0","2026-08-16 16:57"
"Kluczini Bananini","66d58c237a4d614b853dd2de","Conquistadorito","603801f090c95200017d047e","6a822367bb20a4f7c9740748","2026-08-16 16:57"
"bodysfailing","69fd3dc20731483be6bd7038","twitch.tv/yapchell","67f66e1eab7fc9feab89429b","6a8223024566d406b3b858ef","2026-08-16 16:58"
"Nici","619512ea6e5572000187322c","DarkWoke 🇵🇸","5f061c5b8fba346634a84c33","6a822394947036f48976833b","2026-08-16 16:58"
"Conquistadorito","603801f090c95200017d047e","mii3en","66159d055967919df66cf9c0","6a8223aabb20a4f7c97408cc","2026-08-16 16:58"
"Der Teufel","6165b05d1a1017000125798b","franek3215 2 (wached)","69bd7ff3c47c5404925b9113","6a8223cebb20a4f7c974093e","2026-08-16 16:58"
"KANMURU","63bcd8027039017494d42999","choco","622e22e69974710001c132e3","6a822323bb20a4f7c9740661","2026-08-16 16:58"
"Kuba","6744ee112d6c958a853b52a6","OceanMan","5e9a08cdd502e121002b5279","6a8222cebb20a4f7c9740518","2026-08-16 16:59"
"Conquistadorito","603801f090c95200017d047e","https://www.twitch.tv/qule0","635d8550c15309de668daf99","6a8223ba4566d406b3b85b2d","2026-08-16 16:59"
"zone","601d17c1d565030001440b8d","Palmitas","69b33a815634cc416b9c7877","6a8223670f772dfe043e2ac8","2026-08-16 17:00"
"https://www.twitch.tv/qule0","635d8550c15309de668daf99","Conquistadorito","603801f090c95200017d047e","6a82247b947036f4897686a8","2026-08-16 17:00"
"mr_spy","665c34e0bc4531cdb19b9ab9","Zetie","5e9215c1b3ec17480c01df1e","6a822343bb20a4f7c97406d1","2026-08-16 17:00"
"leaque","6363f700f56937e0c19a9ea5","twitch.tv/yapchell","67f66e1eab7fc9feab89429b","6a822445bb20a4f7c9740b58","2026-08-16 17:01"
"Qiko","6a2d61bda141fcc6981c341c","Der Teufel","6165b05d1a1017000125798b","6a822443bb20a4f7c9740b4b","2026-08-16 17:01"
"LAMINE YAMAL","5fec56ce3362e4000147ea46","Nite Call","633208c46d294c41817efb2c","6a82246f947036f489768681","2026-08-16 17:01"
"Dancing star","62dc523cfc3f00bfb851be27","Yanek","5e625daa90d6cfa438a867a6","6a8223eabb20a4f7c97409ba","2026-08-16 17:02"
"Kuba","6744ee112d6c958a853b52a6","Platzz","5b66d5037135fa0e48b47084","6a8224a3947036f48976872c","2026-08-16 17:02"
"mii3en","66159d055967919df66cf9c0","Conquistadorito","603801f090c95200017d047e","6a82246f0f772dfe043e2e33","2026-08-16 17:02"
"xLucky07","6771278c215608df4a80a000","OceanMan","5e9a08cdd502e121002b5279","6a822462947036f489768642","2026-08-16 17:03"
"habesh","647734d056305f7bf5561a4e","RedStem","6379b7cc522b82e861ec9ec3","6a82230cbb20a4f7c974060e","2026-08-16 17:03"
"Conquistadorito","603801f090c95200017d047e","https://www.twitch.tv/qule0","635d8550c15309de668daf99","6a8224b8bb20a4f7c9740d26","2026-08-16 17:03"
"Qiko","6a2d61bda141fcc6981c341c","Conquistadorito","603801f090c95200017d047e","6a822505bb20a4f7c9740e4c","2026-08-16 17:04"
"Loan","5e866b87b3ec17798078a43b","[800A] ptf19","56f7f0a3c28556d1c87bb458","6a82200f0f772dfe043e212e","2026-08-16 17:04"
"choco","622e22e69974710001c132e3","Derrengeo","5f297fad4388720001074ed2","6a8224370f772dfe043e2d88","2026-08-16 17:04"
"FREE PALESTINE","6281e747cb6c707ef5ec2f6c","manuelson","5eff753e4fc56993542703a7","6a8223d34566d406b3b85b68","2026-08-16 17:05"
"wicked","62b58d581d1f72470f4628a0","Conquistadorito","603801f090c95200017d047e","6a8225afbb20a4f7c97410f1","2026-08-16 17:05"
"zone","601d17c1d565030001440b8d","leaque","6363f700f56937e0c19a9ea5","6a82251ebb20a4f7c9740ea2","2026-08-16 17:06"
"https://www.twitch.tv/qule0","635d8550c15309de668daf99","Conquistadorito","603801f090c95200017d047e","6a8225774566d406b3b86079","2026-08-16 17:06"
"Qiko","6a2d61bda141fcc6981c341c","kuba.","68582b5f8e62427811441b60","6a8225a7947036f489768ae4","2026-08-16 17:06"
"bodysfailing","69fd3dc20731483be6bd7038","boss bandit","63f549d56242089cd8f3b10e","6a822437bb20a4f7c9740b2f","2026-08-16 17:07"
"Yanek","5e625daa90d6cfa438a867a6","twitch.tv/yapchell","67f66e1eab7fc9feab89429b","6a8225370f772dfe043e3065","2026-08-16 17:07"
"franek3215 2 (wached)","69bd7ff3c47c5404925b9113","Conquistadorito","603801f090c95200017d047e","6a8225634566d406b3b86040","2026-08-16 17:07"
"Platzz","5b66d5037135fa0e48b47084","Nici","619512ea6e5572000187322c","6a82253f0f772dfe043e3079","2026-08-16 17:08"
"CrazyHorse","661830566555811b1291bac1","Zhihh","63b435e80510075fa39ac039","6a822617bb20a4f7c974122f","2026-08-16 17:08"
"OceanMan","5e9a08cdd502e121002b5279","polaring","632e04c44a19e972f04cd1d3","6a82255c0e7094bdc77fba0f","2026-08-16 17:09"
"mr_spy","665c34e0bc4531cdb19b9ab9","KANMURU","63bcd8027039017494d42999","6a8224e7bb20a4f7c9740ddb","2026-08-16 17:09"
"SanderFMC","62ce8106f827cbfd72056f46","كافوركافوركافوركافوركافوركافور","6a4f8afe312818a4781ffecf","6a821dcb947036f489766f79","2026-08-16 17:09"
"kuba.","68582b5f8e62427811441b60","Conquistadorito","603801f090c95200017d047e","6a822618947036f489768c33","2026-08-16 17:09"
"twitch.tv/yapchell","67f66e1eab7fc9feab89429b","Kuba","6744ee112d6c958a853b52a6","6a8226a2947036f489768e08","2026-08-16 17:10"
"Steve","5c936d6ce92b0c49e4020934","lol pop","622f101c589b350001a7ea5f","6a8224210f772dfe043e2d5f","2026-08-16 17:10"
"choco","622e22e69974710001c132e3","Derrengeo","5f297fad4388720001074ed2","6a8225bc4566d406b3b8615c","2026-08-16 17:10"
"Zetie","5e9215c1b3ec17480c01df1e","Thore Stach","60b2c6420390be00015e9fa1","6a8224be4566d406b3b85e6a","2026-08-16 17:10"
"Qiko","6a2d61bda141fcc6981c341c","wicked","62b58d581d1f72470f4628a0","6a82262e947036f489768c86","2026-08-16 17:11"
"connexion de f*p","5e9662142ad6cfadc8e2db9d","nagahama","69c350edba60e4673f416dd4","6a8225ccbb20a4f7c9741156","2026-08-16 17:12"
"Supi.exe","62367e9e2965f997f04a920f","Conquistadorito","603801f090c95200017d047e","6a8225ed947036f489768bc0","2026-08-16 17:12"
"Zetie","5e9215c1b3ec17480c01df1e","Nici","619512ea6e5572000187322c","6a822706bb20a4f7c97415ac","2026-08-16 17:12"
"Yanek","5e625daa90d6cfa438a867a6","bodysfailing","69fd3dc20731483be6bd7038","6a8226780f772dfe043e33a3","2026-08-16 17:13"
"Qiko","6a2d61bda141fcc6981c341c","kuba.","68582b5f8e62427811441b60","6a82274b947036f489768fe9","2026-08-16 17:13"
"OceanMan","5e9a08cdd502e121002b5279","Kuba","6744ee112d6c958a853b52a6","6a82272a0f772dfe043e352b","2026-08-16 17:15"
"zone","601d17c1d565030001440b8d","leaque","6363f700f56937e0c19a9ea5","6a822663947036f489768d23","2026-08-16 17:15"
"Lubec","5e974c906ea510372c1e444a","twitch.tv/yapchell","67f66e1eab7fc9feab89429b","6a8226c20f772dfe043e3455","2026-08-16 17:15"
"mr_spy","665c34e0bc4531cdb19b9ab9","choco","622e22e69974710001c132e3","6a8227644566d406b3b865ad","2026-08-16 17:15"
"Platzz","5b66d5037135fa0e48b47084","CrazyHorse","661830566555811b1291bac1","6a8226b1947036f489768e37","2026-08-16 17:15"
"Conquistadorito","603801f090c95200017d047e","kuba.","68582b5f8e62427811441b60","6a8227c223063e05eace2e11","2026-08-16 17:15"
"Kuba","6744ee112d6c958a853b52a6","OceanMan","5e9a08cdd502e121002b5279","6a822830947036f489769270","2026-08-16 17:16"
"Yanek","5e625daa90d6cfa438a867a6","boss bandit","63f549d56242089cd8f3b10e","6a8227fa4566d406b3b8670f","2026-08-16 17:17"
"zone","601d17c1d565030001440b8d","twitch.tv/yapchell","67f66e1eab7fc9feab89429b","6a822849947036f4897692bf","2026-08-16 17:17"
"wicked","62b58d581d1f72470f4628a0","kriszh","5922abce1bba700c703b0c00","6a82277d947036f489769073","2026-08-16 17:17"
"Qiko","6a2d61bda141fcc6981c341c","Conquistadorito","603801f090c95200017d047e","6a822803bb20a4f7c974191f","2026-08-16 17:17"
"Tomek5_5","606e09423667bc0001ad663d","leaque","6363f700f56937e0c19a9ea5","6a822860bb20a4f7c9741a53","2026-08-16 17:18"
"Nici","619512ea6e5572000187322c","Tottenhamwisps","60ad03a48b6e1d00012f8e7e","6a82284a4566d406b3b867dc","2026-08-16 17:18"
"Lubec","5e974c906ea510372c1e444a","twitch.tv/yapchell","67f66e1eab7fc9feab89429b","6a8228514566d406b3b867e9","2026-08-16 17:19"
"Halikaru","5c357a953d925b4de42c816a","Emmepemme","5bf9b0c343196557d45fc4b6","6a822143947036f489767ae0","2026-08-16 17:19"
"Conquistadorito","603801f090c95200017d047e","[FatSnail] SavetheSnail","591790fc1bba70b6146c6485","6a8228594566d406b3b86808","2026-08-16 17:19"
"Kuba","6744ee112d6c958a853b52a6","PLK","62179a5c8e88d400010d91ea","6a822895bb20a4f7c9741b1d","2026-08-16 17:20"
"Wish i could try again","69d154ba0a3f30cbd4825d7a","lol pop","622f101c589b350001a7ea5f","6a822768947036f48976903f","2026-08-16 17:20"
"Doofist","68f3a854d35e604bd5617bb2","Tottenhamwisps","60ad03a48b6e1d00012f8e7e","6a82291a947036f48976953c","2026-08-16 17:21"
"kuba.","68582b5f8e62427811441b60","Conquistadorito","603801f090c95200017d047e","6a8228febb20a4f7c9741c5c","2026-08-16 17:21"
"CrazyHorse","661830566555811b1291bac1","Alemão(Retired 4Ever)","670f839c4f58c8c7b975c4fe","6a8228cc947036f489769427","2026-08-16 17:21"
"Qiko","6a2d61bda141fcc6981c341c","zone","601d17c1d565030001440b8d","6a822900947036f4897694d8","2026-08-16 17:22"
"mr_spy","665c34e0bc4531cdb19b9ab9","Conquistadorito","603801f090c95200017d047e","6a82297a0f772dfe043e3a30","2026-08-16 17:22"
"Doofist","68f3a854d35e604bd5617bb2","Conquistadorito","603801f090c95200017d047e","6a82299fbb20a4f7c9741e73","2026-08-16 17:22"
"Lurkki","673dfa9f10797c20bc6721e9","Conquistadorito","603801f090c95200017d047e","6a8228d7bb20a4f7c9741be5","2026-08-16 17:22"
"leaque","6363f700f56937e0c19a9ea5","Lubec","5e974c906ea510372c1e444a","6a8229717573a5f5ebd340a2","2026-08-16 17:23"
"Yanek","5e625daa90d6cfa438a867a6","boss bandit","63f549d56242089cd8f3b10e","6a8228d0bb20a4f7c9741bd9","2026-08-16 17:24"
"wicked","62b58d581d1f72470f4628a0","MaxJoker84","658c1a04945350bcd1f47aca","6a8228ca4566d406b3b86942","2026-08-16 17:24"
"Zetie","5e9215c1b3ec17480c01df1e","choco","622e22e69974710001c132e3","6a822894947036f4897693a4","2026-08-16 17:24"
"no loose ends","6a5d3186441c5a5a92510e3e","EntjeLover","5c08eb45aac55bddecad3e12","6a8229abbb20a4f7c9741e92","2026-08-16 17:24"
"nagahama","69c350edba60e4673f416dd4","connexion de f*p","5e9662142ad6cfadc8e2db9d","6a8227b10f772dfe043e3664","2026-08-16 17:25"
"Nici","619512ea6e5572000187322c","Platzz","5b66d5037135fa0e48b47084","6a8229160f772dfe043e393f","2026-08-16 17:25"
"Tottenhamwisps","60ad03a48b6e1d00012f8e7e","Wish i could try again","69d154ba0a3f30cbd4825d7a","6a82298a2c17aa10a14697ed","2026-08-16 17:25"
"kuba.","68582b5f8e62427811441b60","Conquistadorito","603801f090c95200017d047e","6a8229d1bb20a4f7c9741f25","2026-08-16 17:25"
"Gamer X","674cddb0dc12d4102c72e97a","Vladimir","60fad6c01f275800018c7003","6a822947bb20a4f7c9741d49","2026-08-16 17:25"
"salamander","60d33d62acc9ca00010d4d66","OceanMan","5e9a08cdd502e121002b5279","6a8228954566d406b3b868bf","2026-08-16 17:26"
"PLK","62179a5c8e88d400010d91ea","wang","64df30f334185dd27cf839a7","6a82297bbb20a4f7c9741df1","2026-08-16 17:26"
"kuba.","68582b5f8e62427811441b60","Conquistadorito","603801f090c95200017d047e","6a822a85bb20a4f7c974211b","2026-08-16 17:26"
"[FatSnail] SavetheSnail","591790fc1bba70b6146c6485","MaxJoker84","658c1a04945350bcd1f47aca","6a822a7abb20a4f7c97420fa","2026-08-16 17:26"
"Yanek","5e625daa90d6cfa438a867a6","boss bandit","63f549d56242089cd8f3b10e","6a822a64947036f489769909","2026-08-16 17:28"
"Norbert","61b40084a8414400018d958a","Loan","5e866b87b3ec17798078a43b","6a82290d947036f489769508","2026-08-16 17:28"
"zone","601d17c1d565030001440b8d","leaque","6363f700f56937e0c19a9ea5","6a822a2523063e05eace31e7","2026-08-16 17:28"
"choco","622e22e69974710001c132e3","Zhihh","63b435e80510075fa39ac039","6a822a4cbb20a4f7c974207c","2026-08-16 17:28"
"Lubec","5e974c906ea510372c1e444a","wicked","62b58d581d1f72470f4628a0","6a822aad4566d406b3b86dd7","2026-08-16 17:29"
"nagahama","69c350edba60e4673f416dd4","Palmitas","69b33a815634cc416b9c7877","6a822aa1947036f4897699a2","2026-08-16 17:29"
"KANMURU","63bcd8027039017494d42999","Gamer X","674cddb0dc12d4102c72e97a","6a822aab4566d406b3b86dd0","2026-08-16 17:29"
"kuba.","68582b5f8e62427811441b60","Conquistadorito","603801f090c95200017d047e","6a822acebb20a4f7c9742234","2026-08-16 17:29"
"franek3215 2 (wached)","69bd7ff3c47c5404925b9113","MaxJoker84","658c1a04945350bcd1f47aca","6a822aeebb20a4f7c974228e","2026-08-16 17:29"
"Yanek","5e625daa90d6cfa438a867a6","boss bandit","63f549d56242089cd8f3b10e","6a822b54947036f489769bad","2026-08-16 17:30"
"lol pop","622f101c589b350001a7ea5f","Lurkki","673dfa9f10797c20bc6721e9","6a8229d2bb20a4f7c9741f26","2026-08-16 17:30"
"Wish i could try again","69d154ba0a3f30cbd4825d7a","Zetie","5e9215c1b3ec17480c01df1e","6a822a8ebb20a4f7c9742141","2026-08-16 17:30"
"Moussa","63f298b8251569d36d50155b","LAMINE YAMAL","5fec56ce3362e4000147ea46","6a822b664566d406b3b86f8a","2026-08-16 17:30"
"OceanMan","5e9a08cdd502e121002b5279","connexion de f*p","5e9662142ad6cfadc8e2db9d","6a822ae5bb20a4f7c9742279","2026-08-16 17:31"
"xLucky07","6771278c215608df4a80a000","kriszh","5922abce1bba700c703b0c00","6a822a0d947036f4897697fe","2026-08-16 17:31"
"MaxJoker84","658c1a04945350bcd1f47aca","Conquistadorito","603801f090c95200017d047e","6a822bf70f772dfe043e3f5b","2026-08-16 17:32"
"Lurkki","673dfa9f10797c20bc6721e9","Erika","6835b7af656c2c951937f92e","6a822bab4566d406b3b87053","2026-08-16 17:32"
"franek3215 2 (wached)","69bd7ff3c47c5404925b9113","Conquistadorito","603801f090c95200017d047e","6a822bae947036f489769ca5","2026-08-16 17:32"
"nagahama","69c350edba60e4673f416dd4","Palmitas","6996dba3740f6563cda3ee30","6a822b830f772dfe043e3e5e","2026-08-16 17:33"
"CrazyHorse","661830566555811b1291bac1","VoltzyWoltzy","623f9aa519776cbc2a8282e2","6a822b31947036f489769b42","2026-08-16 17:33"
"zone","601d17c1d565030001440b8d","leaque","6363f700f56937e0c19a9ea5","6a822b484566d406b3b86f32","2026-08-16 17:34"
"Yanek","5e625daa90d6cfa438a867a6","boss bandit","63f549d56242089cd8f3b10e","6a822c010f772dfe043e3f7a","2026-08-16 17:35"
"no loose ends","6a5d3186441c5a5a92510e3e","RikG_P","59af25db17631e74145dc9f5","6a822c1ebb20a4f7c974263e","2026-08-16 17:35"
"iNS4NE","596fcdabcf818c83482add39","PLK","62179a5c8e88d400010d91ea","6a822b25bb20a4f7c9742340","2026-08-16 17:36"
"Palmitas","69b33a815634cc416b9c7877","wicked","62b58d581d1f72470f4628a0","6a822b9e947036f489769c76","2026-08-16 17:36"
"Platzz","5b66d5037135fa0e48b47084","Doofist","68f3a854d35e604bd5617bb2","6a822ad0947036f489769a46","2026-08-16 17:36"
"Geooo","5ffb5e4975d2770001545cf5","OceanMan","5e9a08cdd502e121002b5279","6a822cc14566d406b3b872da","2026-08-16 17:37"
"zone","601d17c1d565030001440b8d","leaque","6363f700f56937e0c19a9ea5","6a822c9cbb20a4f7c97427ee","2026-08-16 17:37"
"franek3215 2 (wached)","69bd7ff3c47c5404925b9113","MaxJoker84","658c1a04945350bcd1f47aca","6a822c4d4566d406b3b871cb","2026-08-16 17:37"
"[TNT] Myron","62d32ffc3377959be9ae670b","kriszh","5922abce1bba700c703b0c00","6a822c6c947036f489769e9f","2026-08-16 17:38"
"Wish i could try again","69d154ba0a3f30cbd4825d7a","Zetie","5e9215c1b3ec17480c01df1e","6a822bd5947036f489769cfc","2026-08-16 17:38"
"achmedsender","5a1606e2f370149bf01ab594","Nuno Sequeira","66b7e9a62421091d8660454a","6a8229580f772dfe043e39e6","2026-08-16 17:39"
"Peter Dictator","684c775aeb78c494d9ee6b7a","Conquistadorito","603801f090c95200017d047e","6a822d17bb20a4f7c9742995","2026-08-16 17:39"
"kabrioletlux","60b9f1cafd3caa00014a461e","Agastya","6260203bfc30a25d25410ac9","6a822a2523063e05eace31e6","2026-08-16 17:40"
"Erika","6835b7af656c2c951937f92e","mr_spy","665c34e0bc4531cdb19b9ab9","6a822ce5bb20a4f7c97428fa","2026-08-16 17:40"
"[FatSnail] SavetheSnail","591790fc1bba70b6146c6485","MaxJoker84","658c1a04945350bcd1f47aca","6a822de8bb20a4f7c9742c41","2026-08-16 17:40"
"supergaming","5dfe5cfd328e461c04d7fbf2","Lubec","5e974c906ea510372c1e444a","6a822bcd0f772dfe043e3f06","2026-08-16 17:41"
"Loan","5e866b87b3ec17798078a43b","RuralQuay427","67afb8f9170e41f8f611a20a","6a822b720f772dfe043e3e2c","2026-08-16 17:41"
"RedStem","6379b7cc522b82e861ec9ec3","N360Geo","68d225501b1313e1620d60cc","6a822b0cbb20a4f7c97422f1","2026-08-16 17:41"
"PLK","62179a5c8e88d400010d91ea","wicked","62b58d581d1f72470f4628a0","6a822d35947036f48976a0d8","2026-08-16 17:42"
"Palmitas","69b33a815634cc416b9c7877","twitch.tv/yapchell","67f66e1eab7fc9feab89429b","6a822d24947036f48976a0ba","2026-08-16 17:42"
"Palmitas","6996dba3740f6563cda3ee30","emshanoff","60a55176895a250001d9e2d8","6a822c9bbb20a4f7c97427ec","2026-08-16 17:42"
"lol pop","622f101c589b350001a7ea5f","Gamer X","674cddb0dc12d4102c72e97a","6a822c23947036f489769dc2","2026-08-16 17:42"
"Yanek","5e625daa90d6cfa438a867a6","iNS4NE","596fcdabcf818c83482add39","6a822d23947036f48976a0b6","2026-08-16 17:43"
"Norbert","61b40084a8414400018d958a","[TNT] Myron","62d32ffc3377959be9ae670b","6a822dde0f772dfe043e4391","2026-08-16 17:43"
"kriszh","5922abce1bba700c703b0c00","leaque","6363f700f56937e0c19a9ea5","6a822db1bb20a4f7c9742b67","2026-08-16 17:43"
"SteelyYolo","6439fe9890664def4616aaf5","Nici","619512ea6e5572000187322c","6a822d58bb20a4f7c9742a49","2026-08-16 17:43"
"MaxJoker84","658c1a04945350bcd1f47aca","mii3en","66159d055967919df66cf9c0","6a822e6ebb20a4f7c9742dd2","2026-08-16 17:44"
"[FatSnail] SavetheSnail","591790fc1bba70b6146c6485","jasonbeckrich","601545a73b63a60001e534b0","6a822e46ca6bacddc72cb00e","2026-08-16 17:44"
"leaque","6363f700f56937e0c19a9ea5","kriszh","5922abce1bba700c703b0c00","6a822ec3947036f48976a500","2026-08-16 17:45"
"K4CP3RSKI777","624aa4216b4b8b1765bb6dad","wicked","62b58d581d1f72470f4628a0","6a822ea8bb20a4f7c9742e78","2026-08-16 17:45"
"mr_spy","665c34e0bc4531cdb19b9ab9","Erika","6835b7af656c2c951937f92e","6a822e21947036f48976a35f","2026-08-16 17:45"
"Doofist","68f3a854d35e604bd5617bb2","Platzz","5b66d5037135fa0e48b47084","6a822d20947036f48976a0b1","2026-08-16 17:45"
"mii3en","66159d055967919df66cf9c0","MaxJoker84","658c1a04945350bcd1f47aca","6a822effbb20a4f7c9742f88","2026-08-16 17:45"
"kriszh","5922abce1bba700c703b0c00","leaque","6363f700f56937e0c19a9ea5","6a822f5c2c17aa10a146a111","2026-08-16 17:46"
"weucygkyhj","6a1b839fa537527ec94639b9","Nici","619512ea6e5572000187322c","6a822eb5bb20a4f7c9742e98","2026-08-16 17:46"
"Geooo","5ffb5e4975d2770001545cf5","OceanMan","5e9a08cdd502e121002b5279","6a822e02947036f48976a304","2026-08-16 17:47"
"wicked","62b58d581d1f72470f4628a0","mr_spy","665c34e0bc4531cdb19b9ab9","6a822f55bb20a4f7c9743071","2026-08-16 17:48"
"emshanoff","60a55176895a250001d9e2d8","lol pop","622f101c589b350001a7ea5f","6a822ea0947036f48976a4ac","2026-08-16 17:48"
"MaxJoker84","658c1a04945350bcd1f47aca","jasonbeckrich","601545a73b63a60001e534b0","6a822f440f772dfe043e462f","2026-08-16 17:48"
"zone","601d17c1d565030001440b8d","twitch.tv/yapchell","67f66e1eab7fc9feab89429b","6a822e82bb20a4f7c9742e06","2026-08-16 17:49"
"[TNT] Myron","62d32ffc3377959be9ae670b","Lubec","5e974c906ea510372c1e444a","6a822efdbb20a4f7c9742f7e","2026-08-16 17:49"
"Ripailloux","5f05fde774184e2f78733b0b","Zetie","5e9215c1b3ec17480c01df1e","6a822d90947036f48976a1bd","2026-08-16 17:49"
"franek3215 2 (wached)","69bd7ff3c47c5404925b9113","Conquistadorito","603801f090c95200017d047e","6a822fb24566d406b3b8798f","2026-08-16 17:49"
"mii3en","66159d055967919df66cf9c0","Conquistadorito","603801f090c95200017d047e","6a822f4f0f772dfe043e4644","2026-08-16 17:49"
"PLK","62179a5c8e88d400010d91ea","Palmitas","69b33a815634cc416b9c7877","6a822e9d0f772dfe043e44ff","2026-08-16 17:50"
"leaque","6363f700f56937e0c19a9ea5","K4CP3RSKI777","624aa4216b4b8b1765bb6dad","6a822fd2bb20a4f7c97431b7","2026-08-16 17:50"
"franek3215 2 (wached)","69bd7ff3c47c5404925b9113","Conquistadorito","603801f090c95200017d047e","6a823025bb20a4f7c974329a","2026-08-16 17:50"
"Ygor","66e06ef0505c8f7f70ea3776","Erika","6835b7af656c2c951937f92e","6a822f60bb20a4f7c9743091","2026-08-16 17:50"
"Nici","619512ea6e5572000187322c","weucygkyhj","6a1b839fa537527ec94639b9","6a822f7a4566d406b3b87924","2026-08-16 17:51"
"Platzz","5b66d5037135fa0e48b47084","jul","5f07412b8551644f80314987","6a822f4d947036f48976a683","2026-08-16 17:51"
"iNS4NE","596fcdabcf818c83482add39","Norbert","61b40084a8414400018d958a","6a822ee1bb20a4f7c9742f2f","2026-08-16 17:52"
"supergaming","5dfe5cfd328e461c04d7fbf2","OceanMan","5e9a08cdd502e121002b5279","6a822fe2947036f48976a803","2026-08-16 17:52"
"MaxJoker84","658c1a04945350bcd1f47aca","jasonbeckrich","601545a73b63a60001e534b0","6a823012947036f48976a876","2026-08-16 17:52"
"Trichter33","601d95ba49c0980001a824b8","kriszh","5922abce1bba700c703b0c00","6a822f9dbb20a4f7c974312c","2026-08-16 17:53"
"mii3en","66159d055967919df66cf9c0","franek3215 2 (wached)","69bd7ff3c47c5404925b9113","6a823093947036f48976a997","2026-08-16 17:53"
"[TNT] Myron","62d32ffc3377959be9ae670b","leaque","6363f700f56937e0c19a9ea5","6a8230764566d406b3b87af8","2026-08-16 17:54"
"mr_spy","665c34e0bc4531cdb19b9ab9","emshanoff","60a55176895a250001d9e2d8","6a822fffce00bd38322161d5","2026-08-16 17:54"
"Doofist","68f3a854d35e604bd5617bb2","Erika","6835b7af656c2c951937f92e","6a823087bb20a4f7c97433b3","2026-08-16 17:54"
"Agastya","6260203bfc30a25d25410ac9","achmedsender","5a1606e2f370149bf01ab594","6a822e0e947036f48976a32b","2026-08-16 17:54"
"zone","601d17c1d565030001440b8d","Yanek","5e625daa90d6cfa438a867a6","6a823056bb20a4f7c974332d","2026-08-16 17:55"
"Palmitas","69b33a815634cc416b9c7877","PLK","62179a5c8e88d400010d91ea","6a8230940f772dfe043e487d","2026-08-16 17:56"
"Norbert","61b40084a8414400018d958a","OceanMan","5e9a08cdd502e121002b5279","6a8231011733aae025b1fc1e","2026-08-16 17:57"
"Trichter33","601d95ba49c0980001a824b8","K4CP3RSKI777","624aa4216b4b8b1765bb6dad","6a823148bb20a4f7c97435a6","2026-08-16 17:57"
"mii3en","66159d055967919df66cf9c0","franek3215 2 (wached)","69bd7ff3c47c5404925b9113","6a8231394566d406b3b87c52","2026-08-16 17:57"
"val1d","63875de4e55ec4234b26d1fb","kriszh","5922abce1bba700c703b0c00","6a82311cbb20a4f7c9743535","2026-08-16 17:58"
"Doofist","68f3a854d35e604bd5617bb2","MaxJoker84","658c1a04945350bcd1f47aca","6a82318c947036f48976abd8","2026-08-16 17:58"
"emshanoff","60a55176895a250001d9e2d8","Erika","6835b7af656c2c951937f92e","6a823165947036f48976ab88","2026-08-16 17:58"
"jul","5f07412b8551644f80314987","Pna","6063bbbdf93f57000113fed0","6a823151bb20a4f7c97435b9","2026-08-16 17:59"
"Cassius Chaerea","692afa4a3b2a1d12384d418b","Kaffee","5e56897826bbdac8d0080bbb","6a822d63bb20a4f7c9742a69","2026-08-16 17:59"
"[TNT] Myron","62d32ffc3377959be9ae670b","leaque","6363f700f56937e0c19a9ea5","6a82316dbb20a4f7c9743609","2026-08-16 18:00"
"wang","64df30f334185dd27cf839a7","PLK","62179a5c8e88d400010d91ea","6a8231eb947036f48976acaa","2026-08-16 18:00"
"lol pop","622f101c589b350001a7ea5f","Zetie","5e9215c1b3ec17480c01df1e","6a8230334566d406b3b87a82","2026-08-16 18:00"
"no loose ends","6a5d3186441c5a5a92510e3e","randomGue55","60fae2246e4e090001311652","6a823230bb20a4f7c974381b","2026-08-16 18:00"
"Lubec","5e974c906ea510372c1e444a","xLucky07","6771278c215608df4a80a000","6a8230ad4566d406b3b87b69","2026-08-16 18:01"
"Nici","619512ea6e5572000187322c","weucygkyhj","6a1b839fa537527ec94639b9","6a823097947036f48976a99e","2026-08-16 18:01"
"mii3en","66159d055967919df66cf9c0","franek3215 2 (wached)","69bd7ff3c47c5404925b9113","6a823220bb20a4f7c97437e9","2026-08-16 18:01"
"Geooo","5ffb5e4975d2770001545cf5","Yanek","5e625daa90d6cfa438a867a6","6a82319fbb20a4f7c9743697","2026-08-16 18:02"
"wang","64df30f334185dd27cf839a7","leaque","6363f700f56937e0c19a9ea5","6a8232e00f772dfe043e4c47","2026-08-16 18:02"
"emshanoff","60a55176895a250001d9e2d8","MaxJoker84","658c1a04945350bcd1f47aca","6a82326a947036f48976adfe","2026-08-16 18:02"
"Pna","6063bbbdf93f57000113fed0","geo guez","6977deb37152525cbd406635","6a8232aeca6bacddc72cb5cb","2026-08-16 18:02"
"iNS4NE","596fcdabcf818c83482add39","zone","601d17c1d565030001440b8d","6a823192bb20a4f7c974366a","2026-08-16 18:03"
"Ling","653d58ea4044fc276f407e75","PLK","62179a5c8e88d400010d91ea","6a8232d70e7094bdc77fceba","2026-08-16 18:03"
"Loan","5e866b87b3ec17798078a43b","RedStem","6379b7cc522b82e861ec9ec3","6a822ebf0f772dfe043e452f","2026-08-16 18:03"
"Norbert","61b40084a8414400018d958a","Palmitas","69b33a815634cc416b9c7877","6a8232444566d406b3b87e88","2026-08-16 18:04"
"emshanoff","60a55176895a250001d9e2d8","MaxJoker84","658c1a04945350bcd1f47aca","6a823354bb20a4f7c9743b5e","2026-08-16 18:04"
"Lubec","5e974c906ea510372c1e444a","leaque","6363f700f56937e0c19a9ea5","6a823342947036f48976b025","2026-08-16 18:06"
"Wish i could try again","69d154ba0a3f30cbd4825d7a","Palmitas","6996dba3740f6563cda3ee30","6a8230b8bb20a4f7c9743439","2026-08-16 18:06"
"Cassius Chaerea","692afa4a3b2a1d12384d418b","anonymoususer","63cd6eef100bfa855a97700e","6a8232b0947036f48976aeb3","2026-08-16 18:07"
"leaque","6363f700f56937e0c19a9ea5","Wish i could try again","69d154ba0a3f30cbd4825d7a","6a8234590f772dfe043e4f55","2026-08-16 18:08"
"OceanMan","5e9a08cdd502e121002b5279","jul","5f07412b8551644f80314987","6a8232ae947036f48976aead","2026-08-16 18:09"
"MaxJoker84","658c1a04945350bcd1f47aca","franek3215 2 (wached)","69bd7ff3c47c5404925b9113","6a8233e10f772dfe043e4e5b","2026-08-16 18:09"
"Trichter33","601d95ba49c0980001a824b8","zone","601d17c1d565030001440b8d","6a823384bb20a4f7c9743bd1","2026-08-16 18:10"
"achmedsender","5a1606e2f370149bf01ab594","Conquistadorito","603801f090c95200017d047e","6a82324c0f772dfe043e4b59","2026-08-16 18:10"
"Yanek","5e625daa90d6cfa438a867a6","Geooo","5ffb5e4975d2770001545cf5","6a823388bb20a4f7c9743bdb","2026-08-16 18:11"
"PLK","62179a5c8e88d400010d91ea","val1d","63875de4e55ec4234b26d1fb","6a8233b2bb20a4f7c9743c58","2026-08-16 18:11"
"Wish i could try again","69d154ba0a3f30cbd4825d7a","leaque","6363f700f56937e0c19a9ea5","6a8234c5bb20a4f7c9743f78","2026-08-16 18:12"
"PLK","62179a5c8e88d400010d91ea","val1d","63875de4e55ec4234b26d1fb","6a823551947036f48976b580","2026-08-16 18:14"
"Pna","6063bbbdf93f57000113fed0","Palmitas","6996dba3740f6563cda3ee30","6a8234434566d406b3b882df","2026-08-16 18:14"
"val1d","63875de4e55ec4234b26d1fb","PLK","62179a5c8e88d400010d91ea","6a82362d947036f48976b7a4","2026-08-16 18:16"
"jul","5f07412b8551644f80314987","Yerofey Pavlovich","5c200f8d097d013a04bcd2a7","6a82351f0f772dfe043e50fd","2026-08-16 18:16"
"Lubec","5e974c906ea510372c1e444a","OceanMan","5e9a08cdd502e121002b5279","6a82355a0f772dfe043e5169","2026-08-16 18:17"
"Palmitas","69b33a815634cc416b9c7877","leaque","6363f700f56937e0c19a9ea5","6a8235a9bb20a4f7c97441c2","2026-08-16 18:17"
"inferno","678d41c562226bf506f8bc73","Wish i could try again","69d154ba0a3f30cbd4825d7a","6a8235a04566d406b3b88622","2026-08-16 18:17"
"Yanek","5e625daa90d6cfa438a867a6","Geooo","5ffb5e4975d2770001545cf5","6a823586947036f48976b60f","2026-08-16 18:18"
"xLucky07","6771278c215608df4a80a000","bagaboiebailey","5fcef4a643dcb200016784ef","6a823492bb20a4f7c9743ee7","2026-08-16 18:18"
"inferno","678d41c562226bf506f8bc73","leaque","6363f700f56937e0c19a9ea5","6a8236d70f772dfe043e5449","2026-08-16 18:19"
"habesh","647734d056305f7bf5561a4e","achmedsender","5a1606e2f370149bf01ab594","6a82357abb20a4f7c9744157","2026-08-16 18:20"
"Yiğit Onur","628a020c86224535a595335f","Yerofey Pavlovich","5c200f8d097d013a04bcd2a7","6a8236984566d406b3b88834","2026-08-16 18:20"
"Conquistadorito","603801f090c95200017d047e","TheBlueFiretruck","6380ff74c13e7dd195f3a550","6a8236fabb20a4f7c974453e","2026-08-16 18:20"
"Norbert","61b40084a8414400018d958a","Trichter33","601d95ba49c0980001a824b8","6a8235424566d406b3b88554","2026-08-16 18:21"
"leaque","6363f700f56937e0c19a9ea5","val1d","63875de4e55ec4234b26d1fb","6a823736947036f48976ba1c","2026-08-16 18:22"
"PLK","62179a5c8e88d400010d91ea","Michael Json","6866d268906ee7386a2994cd","6a8236c4947036f48976b8f3","2026-08-16 18:23"
"Jackkincaid","5d698d4ab4ec17864c52c785","chiller77","5f072526a958535b8c80351b","6a8236084566d406b3b88705","2026-08-16 18:23"
"Pna","6063bbbdf93f57000113fed0","ShadowGrif","584b3ad09992305700ea4284","6a8236264566d406b3b8874a","2026-08-16 18:23"
"Dancing star","62dc523cfc3f00bfb851be27","Yanek","5e625daa90d6cfa438a867a6","6a8236fb947036f48976b98d","2026-08-16 18:24"
"Lubec","5e974c906ea510372c1e444a","OceanMan","5e9a08cdd502e121002b5279","6a8236e8947036f48976b94b","2026-08-16 18:24"
"bagaboiebailey","5fcef4a643dcb200016784ef","inferno","678d41c562226bf506f8bc73","6a823747bb20a4f7c9744605","2026-08-16 18:24"
"Geooo","5ffb5e4975d2770001545cf5","Tomek5_5","606e09423667bc0001ad663d","6a8237b80f772dfe043e5600","2026-08-16 18:25"
"leaque","6363f700f56937e0c19a9ea5","mii3en","66159d055967919df66cf9c0","6a823804bb20a4f7c974480b","2026-08-16 18:25"
"Wish i could try again","69d154ba0a3f30cbd4825d7a","jul","5f07412b8551644f80314987","6a8236c10f772dfe043e542a","2026-08-16 18:26"
"Kilkum","61b228be008ec800015ff0a9","Band1to","5fdd32c7df0cf800017ddf6d","6a8237f10f772dfe043e5657","2026-08-16 18:26"
"achmedsender","5a1606e2f370149bf01ab594","N360Geo","68d225501b1313e1620d60cc","6a8237870f772dfe043e5593","2026-08-16 18:26"
"PLK","62179a5c8e88d400010d91ea","val1d","63875de4e55ec4234b26d1fb","6a82383bbb20a4f7c97448b5","2026-08-16 18:27"
"chiller77","5f072526a958535b8c80351b","inferno","678d41c562226bf506f8bc73","6a823874947036f48976bd39","2026-08-16 18:27"
"Cassius Chaerea","692afa4a3b2a1d12384d418b","Kashmirr","682b548b8f4ad45a79dbc560","6a8234710f772dfe043e4f8a","2026-08-16 18:28"
"leaque","6363f700f56937e0c19a9ea5","Tomek5_5","606e09423667bc0001ad663d","6a8238a8947036f48976bdb2","2026-08-16 18:29"
"wichura240","68767692157557d5c76a0ab6","mii3en","66159d055967919df66cf9c0","6a8238d54566d406b3b88cf9","2026-08-16 18:29"
"Yiğit Onur","628a020c86224535a595335f","Yerofey Pavlovich","5c200f8d097d013a04bcd2a7","6a82377abb20a4f7c974468a","2026-08-16 18:29"
"inferno","678d41c562226bf506f8bc73","val1d","63875de4e55ec4234b26d1fb","6a82393c947036f48976beff","2026-08-16 18:30"
"Zetie","5e9215c1b3ec17480c01df1e","Mow_Mi_Ksienciu","65567939564ddbb4b6c81c58","6a823855bb20a4f7c97448fd","2026-08-16 18:30"
"ShadowGrif","584b3ad09992305700ea4284","Pna","6063bbbdf93f57000113fed0","6a82381dbb20a4f7c9744856","2026-08-16 18:30"
"PLK","62179a5c8e88d400010d91ea","wang","64df30f334185dd27cf839a7","6a823926bb20a4f7c9744afe","2026-08-16 18:31"
"OceanMan","5e9a08cdd502e121002b5279","Lubec","5e974c906ea510372c1e444a","6a82387e947036f48976bd4f","2026-08-16 18:32"
"leaque","6363f700f56937e0c19a9ea5","Tomek5_5","606e09423667bc0001ad663d","6a82398abb20a4f7c9744bd7","2026-08-16 18:32"
"Mow_Mi_Ksienciu","65567939564ddbb4b6c81c58","mii3en","66159d055967919df66cf9c0","6a8239be947036f48976c04e","2026-08-16 18:32"
"Wish i could try again","69d154ba0a3f30cbd4825d7a","jul","5f07412b8551644f80314987","6a8239234566d406b3b88db9","2026-08-16 18:33"
"Olekron","603a9f77af90ab00018b34a9","bagaboiebailey","5fcef4a643dcb200016784ef","6a8238bd4566d406b3b88cce","2026-08-16 18:33"
"Its_ChinasFault","67d88144617e135e7b6559af","Conquistadorito","603801f090c95200017d047e","6a823764bb20a4f7c9744651","2026-08-16 18:34"
"mii3en","66159d055967919df66cf9c0","Mow_Mi_Ksienciu","65567939564ddbb4b6c81c58","6a823a311733aae025b208a7","2026-08-16 18:35"
"Conquistadorito","603801f090c95200017d047e","Simon","618c08f44aa4e100015f9559","6a823abe4566d406b3b890df","2026-08-16 18:36"
"Dancing star","62dc523cfc3f00bfb851be27","Yanek","5e625daa90d6cfa438a867a6","6a8238e2947036f48976be26","2026-08-16 18:37"
"Norbert","61b40084a8414400018d958a","Michael Json","6866d268906ee7386a2994cd","6a82390d0f772dfe043e582d","2026-08-16 18:37"
"wang","64df30f334185dd27cf839a7","leaque","6363f700f56937e0c19a9ea5","6a823a5e4566d406b3b8901c","2026-08-16 18:37"
"inferno","678d41c562226bf506f8bc73","chiller77","5f072526a958535b8c80351b","6a8239d00f772dfe043e598f","2026-08-16 18:37"
"Pna","6063bbbdf93f57000113fed0","ShadowGrif","584b3ad09992305700ea4284","6a823a25947036f48976c11e","2026-08-16 18:37"
"val1d","63875de4e55ec4234b26d1fb","mii3en","66159d055967919df66cf9c0","6a823b1cbb20a4f7c9745015","2026-08-16 18:38"
"Conquistadorito","603801f090c95200017d047e","Wish i could try again","69d154ba0a3f30cbd4825d7a","6a823af4bb20a4f7c9744fa1","2026-08-16 18:38"
"mii3en","66159d055967919df66cf9c0","val1d","63875de4e55ec4234b26d1fb","6a823bbe0f772dfe043e5d27","2026-08-16 18:39"
"Zetie","5e9215c1b3ec17480c01df1e","Yarik","676e524ee37422d9da0e161a","6a823a3abb20a4f7c9744d8a","2026-08-16 18:39"
"wang","64df30f334185dd27cf839a7","kober","67ad18a09e150413a5e6fa66","6a823babbb20a4f7c97451a1","2026-08-16 18:40"
"Tomek5_5","606e09423667bc0001ad663d","zappi","605b96419b413c0001f0390b","6a823a78bb20a4f7c9744e39","2026-08-16 18:40"
"Jacky Wong","63be7833696b395b1a06db85","CoolMoonGuy","67ba5164f30fffa59919db60","6a823b4dbb20a4f7c974509a","2026-08-16 18:40"
"Conquistadorito","603801f090c95200017d047e","Mow_Mi_Ksienciu","65567939564ddbb4b6c81c58","6a823b08bb20a4f7c9744fdc","2026-08-16 18:40"
"Dancing star","62dc523cfc3f00bfb851be27","Yanek","5e625daa90d6cfa438a867a6","6a823b91bb20a4f7c974515e","2026-08-16 18:41"
"Ling","653d58ea4044fc276f407e75","Palmitas","69b33a815634cc416b9c7877","6a823b52947036f48976c3c0","2026-08-16 18:41"
"jul","5f07412b8551644f80314987","bagaboiebailey","5fcef4a643dcb200016784ef","6a823aa4bb20a4f7c9744eab","2026-08-16 18:41"
"Conquistadorito","603801f090c95200017d047e","Ribeirete","6058ed09d0aad50001959dd0","6a823b4e4566d406b3b89218","2026-08-16 18:41"
"leaque","6363f700f56937e0c19a9ea5","Michael Json","6866d268906ee7386a2994cd","6a823b7a0f772dfe043e5caf","2026-08-16 18:42"
"Yerofey Pavlovich","5c200f8d097d013a04bcd2a7","Olekron","603a9f77af90ab00018b34a9","6a823adb947036f48976c2ad","2026-08-16 18:42"
"Wish i could try again","69d154ba0a3f30cbd4825d7a","Conquistadorito","603801f090c95200017d047e","6a823bb7947036f48976c4a0","2026-08-16 18:43"
"chiller77","5f072526a958535b8c80351b","inferno","678d41c562226bf506f8bc73","6a823b73bb20a4f7c9745114","2026-08-16 18:44"
"kober","67ad18a09e150413a5e6fa66","Заяц","63890678411c174863e40d57","6a823c34947036f48976c5b4","2026-08-16 18:44"
"Kilkum","61b228be008ec800015ff0a9","achmedsender","5a1606e2f370149bf01ab594","6a8238f40f772dfe043e57f5","2026-08-16 18:44"
"anizev","5ed9dcd29bdb822ab016e3fd","Nardorenco","628122bc65003e8fd7d8a74b","6a823be3947036f48976c4f7","2026-08-16 18:44"
"Yanek","5e625daa90d6cfa438a867a6","Dancing star","62dc523cfc3f00bfb851be27","6a823c6cce00bd3832217374","2026-08-16 18:45"
"Ling","653d58ea4044fc276f407e75","Palmitas","69b33a815634cc416b9c7877","6a823c83947036f48976c687","2026-08-16 18:45"
"kober","67ad18a09e150413a5e6fa66","Заяц","63890678411c174863e40d57","6a823c34947036f48976c5b4","2026-08-16 18:45"
"mii3en","66159d055967919df66cf9c0","val1d","63875de4e55ec4234b26d1fb","6a823c19bb20a4f7c97452af","2026-08-16 18:45"
"Michael Json","6866d268906ee7386a2994cd","leaque","6363f700f56937e0c19a9ea5","6a823ce4bb20a4f7c97454ac","2026-08-16 18:46"
"bagaboiebailey","5fcef4a643dcb200016784ef","Mow_Mi_Ksienciu","65567939564ddbb4b6c81c58","6a823c5e2c17aa10a146b3f1","2026-08-16 18:46"
"Pna","6063bbbdf93f57000113fed0","ScabTheSidewalk","691f64b9c0688aaea23c00dd","6a823b744566d406b3b8926b","2026-08-16 18:46"
"Yerofey Pavlovich","5c200f8d097d013a04bcd2a7","Wish i could try again","69d154ba0a3f30cbd4825d7a","6a823ce94566d406b3b89545","2026-08-16 18:46"
"kober","67ad18a09e150413a5e6fa66","Palmitas","69b33a815634cc416b9c7877","6a823d4f947036f48976c849","2026-08-16 18:47"
"zappi","605b96419b413c0001f0390b","Tomek5_5","606e09423667bc0001ad663d","6a823c1cbb20a4f7c97452b4","2026-08-16 18:47"
"ShadowGrif","584b3ad09992305700ea4284","Arne0708","644b11936a15a8e278a0126b","6a823bb5947036f48976c498","2026-08-16 18:47"
"val1d","63875de4e55ec4234b26d1fb","Dissonans","60e09234213b0600019d912e","6a823daabb20a4f7c974568b","2026-08-16 18:48"
"anizev","5ed9dcd29bdb822ab016e3fd","Conquistadorito","603801f090c95200017d047e","6a823d26947036f48976c7de","2026-08-16 18:48"
"chiller77","5f072526a958535b8c80351b","OceanMan","5e9a08cdd502e121002b5279","6a823d314566d406b3b895da","2026-08-16 18:49"
"Wish i could try again","69d154ba0a3f30cbd4825d7a","Pna","6063bbbdf93f57000113fed0","6a823d9f947036f48976c907","2026-08-16 18:49"
"Mow_Mi_Ksienciu","65567939564ddbb4b6c81c58","Conquistadorito","603801f090c95200017d047e","6a823df00f772dfe043e60f2","2026-08-16 18:49"
"Dancing star","62dc523cfc3f00bfb851be27","Yanek","5e625daa90d6cfa438a867a6","6a823d4ebb20a4f7c97455b2","2026-08-16 18:50"
"Michael Json","6866d268906ee7386a2994cd","leaque","6363f700f56937e0c19a9ea5","6a823da5947036f48976c916","2026-08-16 18:50"
"Ling","653d58ea4044fc276f407e75","wang","64df30f334185dd27cf839a7","6a823d46bb20a4f7c9745596","2026-08-16 18:51"
"inferno","678d41c562226bf506f8bc73","Заяц","63890678411c174863e40d57","6a823d83947036f48976c8c0","2026-08-16 18:51"
"Dancing star","62dc523cfc3f00bfb851be27","Yanek","5e625daa90d6cfa438a867a6","6a823e7fbb20a4f7c974587a","2026-08-16 18:52"
"Palmitas","69b33a815634cc416b9c7877","Tomek5_5","606e09423667bc0001ad663d","6a823de24566d406b3b8974b","2026-08-16 18:52"
"jul","5f07412b8551644f80314987","CapixabaGeo","65e1351e81122873dc224467","6a823d2f4566d406b3b895d3","2026-08-16 18:52"
"anizev","5ed9dcd29bdb822ab016e3fd","Conquistadorito","603801f090c95200017d047e","6a823e34bb20a4f7c97457c0","2026-08-16 18:52"
"no loose ends","6a5d3186441c5a5a92510e3e","ricardo leon","60e6e7edd6f72e0001c7a048","6a823ed7bb20a4f7c9745930","2026-08-16 18:52"
"leaque","6363f700f56937e0c19a9ea5","Horizon","66451451a5194c721aa8a094","6a823e89bb20a4f7c9745893","2026-08-16 18:53"
"Wish i could try again","69d154ba0a3f30cbd4825d7a","Mow_Mi_Ksienciu","65567939564ddbb4b6c81c58","6a823e554566d406b3b89853","2026-08-16 18:53"
"val1d","63875de4e55ec4234b26d1fb","ShadowGrif","584b3ad09992305700ea4284","6a823e27947036f48976ca2c","2026-08-16 18:54"
"Pna","6063bbbdf93f57000113fed0","Rapanui","56b34d54f0f54423887879e3","6a823ec64566d406b3b8993e","2026-08-16 18:54"
"chiller77","5f072526a958535b8c80351b","OceanMan","5e9a08cdd502e121002b5279","6a823e73bb20a4f7c974585d","2026-08-16 18:55"
"Tomek5_5","606e09423667bc0001ad663d","Horizon","66451451a5194c721aa8a094","6a823f1e0f772dfe043e6343","2026-08-16 18:55"
"Conax","683029bd7e7399d1213e44e3","xLucky07","6771278c215608df4a80a000","6a823bff947036f48976c52c","2026-08-16 18:55"
"Ling","653d58ea4044fc276f407e75","Tomek5_5","606e09423667bc0001ad663d","6a823f09bb20a4f7c97459c6","2026-08-16 18:56"
"Заяц","63890678411c174863e40d57","anizev","5ed9dcd29bdb822ab016e3fd","6a823eeb947036f48976cc05","2026-08-16 18:56"
"Yerofey Pavlovich","5c200f8d097d013a04bcd2a7","Zetie","5e9215c1b3ec17480c01df1e","6a823e18bb20a4f7c9745780","2026-08-16 18:56"
"no loose ends","6a5d3186441c5a5a92510e3e","BenTheGoated","612431b588f8fa0001436e70","6a823f25947036f48976ccb7","2026-08-16 18:56"
"leaque","6363f700f56937e0c19a9ea5","Albanian Guy","58796ade8b9ff486d81bbad5","6a823f20bb20a4f7c9745a22","2026-08-16 18:57"
"Tottenhamwisps","60ad03a48b6e1d00012f8e7e","CapixabaGeo","65e1351e81122873dc224467","6a823f720f772dfe043e63ef","2026-08-16 18:57"
"Ling","653d58ea4044fc276f407e75","Tomek5_5","606e09423667bc0001ad663d","6a8240294566d406b3b89c69","2026-08-16 18:58"
"Horizon","66451451a5194c721aa8a094","Conquistadorito","603801f090c95200017d047e","6a823fda4566d406b3b89b9e","2026-08-16 18:58"
"Ling","653d58ea4044fc276f407e75","Tomek5_5","606e09423667bc0001ad663d","6a8240294566d406b3b89c69","2026-08-16 18:59"
"Wish i could try again","69d154ba0a3f30cbd4825d7a","Mow_Mi_Ksienciu","65567939564ddbb4b6c81c58","6a823f2cbb20a4f7c9745a3c","2026-08-16 18:59"
"alex99","6205976f4e77cd0001949f1e","RuralQuay427","67afb8f9170e41f8f611a20a","6a823c4b4566d406b3b89429","2026-08-16 18:59"
"OceanMan","5e9a08cdd502e121002b5279","Заяц","63890678411c174863e40d57","6a823fec947036f48976cea8","2026-08-16 19:00"
"Tottenhamwisps","60ad03a48b6e1d00012f8e7e","CoolMoonGuy","67ba5164f30fffa59919db60","6a8240254566d406b3b89c63","2026-08-16 19:01"
"anizev","5ed9dcd29bdb822ab016e3fd","Thesice","5ec5a4cbf849319644f4436c","6a823ff0bb20a4f7c9745c29","2026-08-16 19:01"
"achmedsender","5a1606e2f370149bf01ab594","Band1to","5fdd32c7df0cf800017ddf6d","6a823e28947036f48976ca32","2026-08-16 19:01"
"OceanMan","5e9a08cdd502e121002b5279","Ling","653d58ea4044fc276f407e75","6a8240c74566d406b3b89dc7","2026-08-16 19:03"
"leaque","6363f700f56937e0c19a9ea5","Albanian Guy","58796ade8b9ff486d81bbad5","6a82403a947036f48976cf76","2026-08-16 19:03"
"Tomek5_5","606e09423667bc0001ad663d","Wish i could try again","69d154ba0a3f30cbd4825d7a","6a82409d947036f48976d07d","2026-08-16 19:03"
"inferno","678d41c562226bf506f8bc73","Nici","619512ea6e5572000187322c","6a823eec947036f48976cc06","2026-08-16 19:03"
"Yerofey Pavlovich","5c200f8d097d013a04bcd2a7","Palmitas","6996dba3740f6563cda3ee30","6a824045bb20a4f7c9745ce4","2026-08-16 19:03"
"TiltedTroxx","64543bd7fb6efa97a2e06d2b","Michael Json","6866d268906ee7386a2994cd","6a823e9aca6bacddc72cc6c8","2026-08-16 19:04"
"GeoBunny","64b2f9895059c43d9160f5af","Conquistadorito","603801f090c95200017d047e","6a82415d0d2268c2e52d5748","2026-08-16 19:04"
"Заяц","63890678411c174863e40d57","雨又潇潇","635a7c4f940d8dc91bd25ec4","6a82410c0f772dfe043e6749","2026-08-16 19:05"
"Conquistadorito","603801f090c95200017d047e","qeezy new acc","6033a16edb1db5000118e2c0","6a8241c94566d406b3b8a017","2026-08-16 19:05"
"Yarik","676e524ee37422d9da0e161a","Rapanui","56b34d54f0f54423887879e3","6a824103bb20a4f7c9745ed0","2026-08-16 19:05"
"Tomek5_5","606e09423667bc0001ad663d","Wish i could try again","69d154ba0a3f30cbd4825d7a","6a8241770f772dfe043e684b","2026-08-16 19:06"
"Kilkum","61b228be008ec800015ff0a9","RedStem","6379b7cc522b82e861ec9ec3","6a82406c947036f48976d007","2026-08-16 19:06"
"val1d","63875de4e55ec4234b26d1fb","ShadowGrif","584b3ad09992305700ea4284","6a823f9bbb20a4f7c9745b41","2026-08-16 19:06"
"Conquistadorito","603801f090c95200017d047e","Dissonans","60e09234213b0600019d912e","6a8242224566d406b3b8a0dd","2026-08-16 19:06"
"OceanMan","5e9a08cdd502e121002b5279","Ling","653d58ea4044fc276f407e75","6a8241924566d406b3b89fa1","2026-08-16 19:07"
"Michael Json","6866d268906ee7386a2994cd","Tomek5_5","606e09423667bc0001ad663d","6a8241d8947036f48976d3e7","2026-08-16 19:07"
"Albanian Guy","58796ade8b9ff486d81bbad5","inferno","678d41c562226bf506f8bc73","6a8241ad0e7094bdc77fe4b1","2026-08-16 19:08"
"Conquistadorito","603801f090c95200017d047e","Dissonans","60e09234213b0600019d912e","6a8242224566d406b3b8a0dd","2026-08-16 19:08"
"CapixabaGeo","65e1351e81122873dc224467","Zetie","5e9215c1b3ec17480c01df1e","6a824199bb20a4f7c9746073","2026-08-16 19:08"
"雨又潇潇","635a7c4f940d8dc91bd25ec4","OceanMan","5e9a08cdd502e121002b5279","6a824290947036f48976d5bc","2026-08-16 19:09"
"Tomek5_5","606e09423667bc0001ad663d","Заяц","63890678411c174863e40d57","6a82422c947036f48976d49f","2026-08-16 19:09"
"Fructidor","69d9a0dd291d3a2e5184c64e","RedStem","6379b7cc522b82e861ec9ec3","6a82425b1733aae025b2149c","2026-08-16 19:09"
"Yanek","5e625daa90d6cfa438a867a6","xLucky07","6771278c215608df4a80a000","6a8241130f772dfe043e675c","2026-08-16 19:10"
"Ole","67c70b553f65f1a34a926de3","alex99","6205976f4e77cd0001949f1e","6a82414d4566d406b3b89efd","2026-08-16 19:10"
"Dissonans","60e09234213b0600019d912e","Conquistadorito","603801f090c95200017d047e","6a8242d3947036f48976d67e","2026-08-16 19:10"
"Michael Json","6866d268906ee7386a2994cd","Albanian Guy","58796ade8b9ff486d81bbad5","6a8242aebb20a4f7c9746319","2026-08-16 19:11"
"Nici","619512ea6e5572000187322c","wang","64df30f334185dd27cf839a7","6a8241b5947036f48976d388","2026-08-16 19:11"
"Yerofey Pavlovich","5c200f8d097d013a04bcd2a7","BAGUAL","637041223c1be616ac2dff4e","6a8242b6947036f48976d62f","2026-08-16 19:11"
"Ling","653d58ea4044fc276f407e75","雨又潇潇","635a7c4f940d8dc91bd25ec4","6a8242efbb20a4f7c97463aa","2026-08-16 19:12"
"OceanMan","5e9a08cdd502e121002b5279","Tomek5_5","606e09423667bc0001ad663d","6a824313947036f48976d70d","2026-08-16 19:12"
"Заяц","63890678411c174863e40d57","Conquistadorito","603801f090c95200017d047e","6a82434ebb20a4f7c97464c5","2026-08-16 19:12"
"inferno","678d41c562226bf506f8bc73","Tomek5_5","606e09423667bc0001ad663d","6a8242a3bb20a4f7c97462fa","2026-08-16 19:13"
"Заяц","63890678411c174863e40d57","Conquistadorito","603801f090c95200017d047e","6a82434ebb20a4f7c97464c5","2026-08-16 19:13"
"Albanian Guy","58796ade8b9ff486d81bbad5","OceanMan","5e9a08cdd502e121002b5279","6a8243b34566d406b3b8a505","2026-08-16 19:14"
"anizev","5ed9dcd29bdb822ab016e3fd","Conquistadorito","603801f090c95200017d047e","6a8242e9947036f48976d6af","2026-08-16 19:14"
"Dissonans","60e09234213b0600019d912e","Conquistadorito","603801f090c95200017d047e","6a8243f00e7094bdc77fe8a4","2026-08-16 19:14"
"Заяц","63890678411c174863e40d57","val1d","63875de4e55ec4234b26d1fb","6a8243aebb20a4f7c97465ef","2026-08-16 19:15"
"Ling","653d58ea4044fc276f407e75","Tomek5_5","606e09423667bc0001ad663d","6a8243bbbb20a4f7c9746607","2026-08-16 19:16"
"TiltedTroxx","64543bd7fb6efa97a2e06d2b","Wish i could try again","69d154ba0a3f30cbd4825d7a","6a824245bb20a4f7c97461f9","2026-08-16 19:16"
"xLucky07","6771278c215608df4a80a000","Michael Json","6866d268906ee7386a2994cd","6a824388947036f48976d886","2026-08-16 19:16"
"Albanian Guy","58796ade8b9ff486d81bbad5","OceanMan","5e9a08cdd502e121002b5279","6a8244170f772dfe043e6e09","2026-08-16 19:17"
"Conquistadorito","603801f090c95200017d047e","Dissonans","60e09234213b0600019d912e","6a82444a0f772dfe043e6ea2","2026-08-16 19:18"
"Ling","653d58ea4044fc276f407e75","kober","67ad18a09e150413a5e6fa66","6a8244b01733aae025b2191b","2026-08-16 19:19"
"Tomek5_5","606e09423667bc0001ad663d","Wish i could try again","69d154ba0a3f30cbd4825d7a","6a8244b14566d406b3b8a7a2","2026-08-16 19:19"
"habesh","647734d056305f7bf5561a4e","alex99","6205976f4e77cd0001949f1e","6a8243febb20a4f7c97466e2","2026-08-16 19:20"
"val1d","63875de4e55ec4234b26d1fb","inferno","678d41c562226bf506f8bc73","6a82448f4566d406b3b8a753","2026-08-16 19:20"
"Yerofey Pavlovich","5c200f8d097d013a04bcd2a7","Joshkabloomy","604c5a52e142340001a0a666","6a82452dbb20a4f7c97469e9","2026-08-16 19:20"
"anizev","5ed9dcd29bdb822ab016e3fd","Conquistadorito","603801f090c95200017d047e","6a8244cc947036f48976dbfb","2026-08-16 19:20"
"PML","615b4d8920ea1200012de9bf","benworldwide #***GeoDevs","5cca8e3375345f6a48f16f28","6a824423bb20a4f7c974674f","2026-08-16 19:20"
"Dissonans","60e09234213b0600019d912e","Conquistadorito","603801f090c95200017d047e","6a8245124566d406b3b8a887","2026-08-16 19:20"
"OceanMan","5e9a08cdd502e121002b5279","Albanian Guy","58796ade8b9ff486d81bbad5","6a8244e00f772dfe043e6fd6","2026-08-16 19:21"
"Tomek5_5","606e09423667bc0001ad663d","雨又潇潇","635a7c4f940d8dc91bd25ec4","6a8245634566d406b3b8a944","2026-08-16 19:21"
"Dissonans","60e09234213b0600019d912e","Conquistadorito","603801f090c95200017d047e","6a8245124566d406b3b8a887","2026-08-16 19:21"
"Zetie","5e9215c1b3ec17480c01df1e","Thesice","5ec5a4cbf849319644f4436c","6a8244581733aae025b21891","2026-08-16 19:21"
"Lubec","5e974c906ea510372c1e444a","Palmitas","69b33a815634cc416b9c7877","6a82451c4566d406b3b8a897","2026-08-16 19:22"
"Tomek5_5","606e09423667bc0001ad663d","雨又潇潇","635a7c4f940d8dc91bd25ec4","6a8245634566d406b3b8a944","2026-08-16 19:23"
"inferno","678d41c562226bf506f8bc73","val1d","63875de4e55ec4234b26d1fb","6a82459d4566d406b3b8a9f3","2026-08-16 19:23"
"GeoBunny","64b2f9895059c43d9160f5af","Conquistadorito","603801f090c95200017d047e","6a8245f1bb20a4f7c9746bc5","2026-08-16 19:23"
"Tomek5_5","606e09423667bc0001ad663d","kober","67ad18a09e150413a5e6fa66","6a8245560f772dfe043e70d7","2026-08-16 19:25"
"雨又潇潇","635a7c4f940d8dc91bd25ec4","Tomek5_5","606e09423667bc0001ad663d","6a8246180f772dfe043e72be","2026-08-16 19:25"
"Conquistadorito","603801f090c95200017d047e","Wish i could try again","69d154ba0a3f30cbd4825d7a","6a8245fa4566d406b3b8aae2","2026-08-16 19:25"
"Albanian Guy","58796ade8b9ff486d81bbad5","OceanMan","5e9a08cdd502e121002b5279","6a8245da4566d406b3b8aa92","2026-08-16 19:26"
"CoolMoonGuy","67ba5164f30fffa59919db60","Wish i could try again","69d154ba0a3f30cbd4825d7a","6a8246b44566d406b3b8ac67","2026-08-16 19:26"
"kober","67ad18a09e150413a5e6fa66","Ling","653d58ea4044fc276f407e75","6a8246ba4566d406b3b8ac6f","2026-08-16 19:27"
"B-FAULT","62253ec0f9a281000121d0e3","Fenrys","60d8c06ddcd6370001961252","6a824610947036f48976df38","2026-08-16 19:27"
"CapixabaGeo","65e1351e81122873dc224467","Zetie","5e9215c1b3ec17480c01df1e","6a8245c14566d406b3b8aa48","2026-08-16 19:27"
"[TNT] Kirania","5c14f357ff3dc98d883d182c","Yanek","5e625daa90d6cfa438a867a6","6a824601947036f48976df12","2026-08-16 19:28"
"kober","67ad18a09e150413a5e6fa66","Ling","653d58ea4044fc276f407e75","6a8246ba4566d406b3b8ac6f","2026-08-16 19:28"
"GeoBunny","64b2f9895059c43d9160f5af","Dissonans","60e09234213b0600019d912e","6a82469e947036f48976e0ab","2026-08-16 19:28"
"Tomek5_5","606e09423667bc0001ad663d","雨又潇潇","635a7c4f940d8dc91bd25ec4","6a8246b20f772dfe043e73e6","2026-08-16 19:29"
"Wish i could try again","69d154ba0a3f30cbd4825d7a","Conquistadorito","603801f090c95200017d047e","6a824714bb20a4f7c9746e3f","2026-08-16 19:29"
"achmedsender","5a1606e2f370149bf01ab594","كافوركافوركافوركافوركافوركافور","6a4f8afe312818a4781ffecf","6a8244c7bb20a4f7c97468d8","2026-08-16 19:29"
"Albanian Guy","58796ade8b9ff486d81bbad5","OceanMan","5e9a08cdd502e121002b5279","6a8247054566d406b3b8ad04","2026-08-16 19:31"
"TiltedTroxx","64543bd7fb6efa97a2e06d2b","xLucky07","6771278c215608df4a80a000","6a8244c34566d406b3b8a7d0","2026-08-16 19:31"
"Ling","653d58ea4044fc276f407e75","Tomek5_5","606e09423667bc0001ad663d","6a824762947036f48976e2b8","2026-08-16 19:32"
"Palmitas","69b33a815634cc416b9c7877","Lubec","5e974c906ea510372c1e444a","6a824604947036f48976df1a","2026-08-16 19:32"
"val1d","63875de4e55ec4234b26d1fb","Conquistadorito","603801f090c95200017d047e","6a8246620f772dfe043e7364","2026-08-16 19:32"
"anizev","5ed9dcd29bdb822ab016e3fd","Conquistadorito","603801f090c95200017d047e","6a82470f4566d406b3b8ad1c","2026-08-16 19:32"
"Palmitas","69b33a815634cc416b9c7877","OceanMan","5e9a08cdd502e121002b5279","6a8248464566d406b3b8b041","2026-08-16 19:33"
"Tomek5_5","606e09423667bc0001ad663d","雨又潇潇","635a7c4f940d8dc91bd25ec4","6a8247b7947036f48976e362","2026-08-16 19:33"
"B-FAULT","62253ec0f9a281000121d0e3","CapixabaGeo","65e1351e81122873dc224467","6a824736bb20a4f7c9746e81","2026-08-16 19:33"
"GeoBunny","64b2f9895059c43d9160f5af","Conquistadorito","603801f090c95200017d047e","6a82477b947036f48976e2d9","2026-08-16 19:33"
"Tomek5_5","606e09423667bc0001ad663d","Ling","653d58ea4044fc276f407e75","6a824859947036f48976e513","2026-08-16 19:34"
"B-FAULT","62253ec0f9a281000121d0e3","val1d","63875de4e55ec4234b26d1fb","6a8248810d2268c2e52d63ed","2026-08-16 19:34"
"CoolMoonGuy","67ba5164f30fffa59919db60","Conquistadorito","603801f090c95200017d047e","6a82485abb20a4f7c974712a","2026-08-16 19:36"
"CapixabaGeo","65e1351e81122873dc224467","Johannez","6025667836ff8a0001f5ebe6","6a82489c947036f48976e5a3","2026-08-16 19:36"
"CoastalTundra844","69ce7e5d0326086782b8bb1c","Albanian Guy","58796ade8b9ff486d81bbad5","6a82481ebb20a4f7c9747091","2026-08-16 19:37"
"Fructidor","69d9a0dd291d3a2e5184c64e","Ole","67c70b553f65f1a34a926de3","6a824367947036f48976d823","2026-08-16 19:37"
"OceanMan","5e9a08cdd502e121002b5279","Palmitas","69b33a815634cc416b9c7877","6a8248a1947036f48976e5ae","2026-08-16 19:38"
"CoolMoonGuy","67ba5164f30fffa59919db60","Conquistadorito","603801f090c95200017d047e","6a8249444566d406b3b8b284","2026-08-16 19:38"
"val1d","63875de4e55ec4234b26d1fb","B-FAULT","62253ec0f9a281000121d0e3","6a8248f4bb20a4f7c9747292","2026-08-16 19:39"
"Kilkum","61b228be008ec800015ff0a9","Tim Tölzer","613f5d64a915be0001009e63","6a8248264566d406b3b8afea","2026-08-16 19:40"
"B-FAULT","62253ec0f9a281000121d0e3","val1d","63875de4e55ec4234b26d1fb","6a8249f6947036f48976e8d1","2026-08-16 19:40"
"雨又潇潇","635a7c4f940d8dc91bd25ec4","Ling","653d58ea4044fc276f407e75","6a8248f14566d406b3b8b1ba","2026-08-16 19:41"
"雨又潇潇","635a7c4f940d8dc91bd25ec4","wang","64df30f334185dd27cf839a7","6a824a82947036f48976ea1d","2026-08-16 19:44"
"CapixabaGeo","65e1351e81122873dc224467","Steve","64072b15a23b79e61f25e831","6a824a52bb20a4f7c97475cb","2026-08-16 19:46"
"CoastalTundra844","69ce7e5d0326086782b8bb1c","[TNT] Kirania","5c14f357ff3dc98d883d182c","6a824b0cbb20a4f7c9747798","2026-08-16 19:47"
"Dissonans","60e09234213b0600019d912e","Zetie","5e9215c1b3ec17480c01df1e","6a824a81bb20a4f7c974763c","2026-08-16 19:47"
"TiltedTroxx","64543bd7fb6efa97a2e06d2b","Rihanna's alt","6a3c2f99fe770b27148e8436","6a8249c14566d406b3b8b37e","2026-08-16 19:48"
"OceanMan","5e9a08cdd502e121002b5279","Palmitas","69b33a815634cc416b9c7877","6a8249d10f772dfe043e7a13","2026-08-16 19:48"
"UmLach","6a4c61b69e5ab052cae3e509","CLONOD","6242bd78de454031f82ebbc4","6a824beebb20a4f7c9747972","2026-08-16 19:50"
"[TNT] Kirania","5c14f357ff3dc98d883d182c","Albanian Guy","58796ade8b9ff486d81bbad5","6a824c2c0f772dfe043e7edf","2026-08-16 19:51"
"Lubec","5e974c906ea510372c1e444a","雨又潇潇","635a7c4f940d8dc91bd25ec4","6a824b77947036f48976ec04","2026-08-16 19:51"
"Fructidor","69d9a0dd291d3a2e5184c64e","Ole","67c70b553f65f1a34a926de3","6a824999bb20a4f7c9747426","2026-08-16 19:51"
"B-FAULT","62253ec0f9a281000121d0e3","Halikaru","5c357a953d925b4de42c816a","6a824a46bb20a4f7c97475ba","2026-08-16 19:51"
"CapixabaGeo","65e1351e81122873dc224467","tmol","65804bf1981dcef1aaa9fc20","6a824b970f772dfe043e7dc7","2026-08-16 19:51"
"OceanMan","5e9a08cdd502e121002b5279","Palmitas","69b33a815634cc416b9c7877","6a824c41947036f48976ede4","2026-08-16 19:53"
"雨又潇潇","635a7c4f940d8dc91bd25ec4","Lubec","5e974c906ea510372c1e444a","6a824d000f772dfe043e80de","2026-08-16 19:54"
"Fructidor","69d9a0dd291d3a2e5184c64e","Halikaru","5c357a953d925b4de42c816a","6a824ce24566d406b3b8bb10","2026-08-16 19:54"
"vicho","6a4ee4c3170dae471ff01141","Case International","601afea77b63e80001da16db","6a824cce947036f48976ef3f","2026-08-16 19:54"
"Dissonans","60e09234213b0600019d912e","Żabur","6693b395c27076651a4074dd","6a824d1a947036f48976f026","2026-08-16 19:54"
"[TNT] Kirania","5c14f357ff3dc98d883d182c","Albanian Guy","58796ade8b9ff486d81bbad5","6a824ced947036f48976ef9d","2026-08-16 19:55"
"Rihanna's alt","6a3c2f99fe770b27148e8436","wang","64df30f334185dd27cf839a7","6a824c074566d406b3b8b8f6","2026-08-16 19:56"
"雨又潇潇","635a7c4f940d8dc91bd25ec4","Palmitas","69b33a815634cc416b9c7877","6a824d85947036f48976f197","2026-08-16 19:57"
"UmLach","6a4c61b69e5ab052cae3e509","VibrantZenith527","68abca8b18638ce560276cb8","6a824cb14566d406b3b8ba7b","2026-08-16 19:57"
"val1d","63875de4e55ec4234b26d1fb","Conquistadorito","603801f090c95200017d047e","6a824dd44566d406b3b8bde0","2026-08-16 19:58"
"CoastalTundra844","69ce7e5d0326086782b8bb1c","Moo","603b1b0d5cdb1b0001bbf19e","6a824d76947036f48976f162","2026-08-16 20:00"
"雨又潇潇","635a7c4f940d8dc91bd25ec4","Albanian Guy","58796ade8b9ff486d81bbad5","6a824e3a0f772dfe043e8420","2026-08-16 20:00"
"OceanMan","5e9a08cdd502e121002b5279","Lubec","5e974c906ea510372c1e444a","6a824dbc4566d406b3b8bda3","2026-08-16 20:01"
"EntityGG","6a2ee6a0c227e2e2b7707578","Lubec","5e974c906ea510372c1e444a","6a824f78947036f48976f69f","2026-08-16 20:03"
"UmLach","6a4c61b69e5ab052cae3e509","CoolMoonGuy","67ba5164f30fffa59919db60","6a824f2d0d2268c2e52d6fe5","2026-08-16 20:06"
"Dissonans","60e09234213b0600019d912e","CapixabaGeo","65e1351e81122873dc224467","6a824e2e4566d406b3b8beda","2026-08-16 20:06"
"雨又潇潇","635a7c4f940d8dc91bd25ec4","Palmitas","69b33a815634cc416b9c7877","6a824efcbb20a4f7c9748161","2026-08-16 20:07"
"Mow_Mi_Ksienciu","65567939564ddbb4b6c81c58","Conquistadorito","603801f090c95200017d047e","6a824ee5947036f48976f4e2","2026-08-16 20:07"
"Conquistadorito","603801f090c95200017d047e","race","603c5c220297940001b84e1a","6a824fb2947036f48976f76a","2026-08-16 20:08"
"Lubec","5e974c906ea510372c1e444a","雨又潇潇","635a7c4f940d8dc91bd25ec4","6a825087bb20a4f7c97485cb","2026-08-16 20:10"
"CoolMoonGuy","67ba5164f30fffa59919db60","Lorenz1245","63f8f5364160446a46de27f5","6a825077bb20a4f7c97485a1","2026-08-16 20:10"
"Kilkum","61b228be008ec800015ff0a9","Fructidor","69d9a0dd291d3a2e5184c64e","6a824df00f772dfe043e8371","2026-08-16 20:11"
"Mow_Mi_Ksienciu","65567939564ddbb4b6c81c58","Conquistadorito","603801f090c95200017d047e","6a8250870f772dfe043e89bf","2026-08-16 20:12"
"urban rodeo","638b511acd4f3274b95cb530","OceanMan","5e9a08cdd502e121002b5279","6a824fc9947036f48976f7ac","2026-08-16 20:13"
"Rihanna's alt","6a3c2f99fe770b27148e8436","TiltedTroxx","64543bd7fb6efa97a2e06d2b","6a824e640f772dfe043e845d","2026-08-16 20:13"
"TonyOHIO","5c3c0e7a43220664940e6fc2","Conquistadorito","603801f090c95200017d047e","6a8251234566d406b3b8c657","2026-08-16 20:13"
"Groucho","6701ac5ee964d817bdddd7a5","Albert","624733c7641c9e49286f8d39","6a82511a4566d406b3b8c647","2026-08-16 20:13"
"gov 88","6a6ac9aa8843af27060574bd","Dwafs","63fc2d84205e0675563edc98","6a8251ec0f772dfe043e8c3e","2026-08-16 20:14"
"Dissonans","60e09234213b0600019d912e","malin","635ecde09922ad2543266ce9","6a8250524566d406b3b8c47d","2026-08-16 20:14"
"Lubec","5e974c906ea510372c1e444a","雨又潇潇","635a7c4f940d8dc91bd25ec4","6a825146947036f48976fb0e","2026-08-16 20:16"
"B-FAULT","62253ec0f9a281000121d0e3","Halikaru","5c357a953d925b4de42c816a","6a824d81947036f48976f184","2026-08-16 20:16"
"fatslump","603e28ef0297940001b93db1","Conquistadorito","603801f090c95200017d047e","6a8251dd4566d406b3b8c7c9","2026-08-16 20:16"
"gov 88","6a6ac9aa8843af27060574bd","Santera99","690bc8b7f3715109fd5ce7a3","6a82526a4566d406b3b8c8c6","2026-08-16 20:17"
"val1d","63875de4e55ec4234b26d1fb","Conquistadorito","603801f090c95200017d047e","6a82521e947036f48976fc6e","2026-08-16 20:18"
"Conquistadorito","603801f090c95200017d047e","fatslump","603e28ef0297940001b93db1","6a825292bb20a4f7c97489d2","2026-08-16 20:18"
"wang","64df30f334185dd27cf839a7","Lodi","5788e5e5c2a0fb1304dba46c","6a8251fa4566d406b3b8c80a","2026-08-16 20:19"
"gov 88","6a6ac9aa8843af27060574bd","Santera99","690bc8b7f3715109fd5ce7a3","6a8252d3947036f48976fdc4","2026-08-16 20:19"
"Conquistadorito","603801f090c95200017d047e","fatslump","603e28ef0297940001b93db1","6a825292bb20a4f7c97489d2","2026-08-16 20:19"
"no loose ends","6a5d3186441c5a5a92510e3e","fatslump","603e28ef0297940001b93db1","6a825336bb20a4f7c9748b1c","2026-08-16 20:21"
"Dissonans","60e09234213b0600019d912e","val1d","63875de4e55ec4234b26d1fb","6a82535ee4726b84698bf78b","2026-08-16 20:21"
"Conquistadorito","603801f090c95200017d047e","Emmanuel Rendez Moi Brigitte","67b2a7cbd0147363c5f4c02b","6a8252e7bb20a4f7c9748a83","2026-08-16 20:21"
"gov 88","6a6ac9aa8843af27060574bd","AsiDavidd","6a18bde08f39e0efe94ab84e","6a82537c947036f48976ff00","2026-08-16 20:22"
"Bravious","608f43fa0d0e0d0001d2abde","Lorenz1245","63f8f5364160446a46de27f5","6a8253680f772dfe043e8ead","2026-08-16 20:23"
"Rihanna's alt","6a3c2f99fe770b27148e8436","BadAssGeo","69742cb6dd3c0f9e450df031","6a8252a4bb20a4f7c97489f8","2026-08-16 20:24"
"wang","64df30f334185dd27cf839a7","Tomek5_5","606e09423667bc0001ad663d","6a825377947036f48976fefb","2026-08-16 20:24"
"gov 88","6a6ac9aa8843af27060574bd","Inocêncio Coitadinho","6a6262069f3c3242b69bdb7c","6a8254140f772dfe043e8f88","2026-08-16 20:24"
"fatslump","603e28ef0297940001b93db1","Qiko","6a2d61bda141fcc6981c341c","6a8253e5947036f48976ffa8","2026-08-16 20:24"
"鹰娥朗","628e0d478e5ef3a3ca163627","Lodi","5788e5e5c2a0fb1304dba46c","6a8253b6947036f48976ff5f","2026-08-16 20:24"
"Erika","6835b7af656c2c951937f92e","Unc","6876a81aaf5ea16088df663a","6a8253854566d406b3b8cac0","2026-08-16 20:24"
"teek","685e20c019355c6a36ac4983","fatslump","603e28ef0297940001b93db1","6a8254b6bb20a4f7c9748d67","2026-08-16 20:27"
"gov 88","6a6ac9aa8843af27060574bd","Santera99","690bc8b7f3715109fd5ce7a3","6a8254ab947036f48977010e","2026-08-16 20:27"
"Dissonans","60e09234213b0600019d912e","Bravious","608f43fa0d0e0d0001d2abde","6a825448bb20a4f7c9748ccb","2026-08-16 20:27"
"Lodi","5788e5e5c2a0fb1304dba46c","Erika","6835b7af656c2c951937f92e","6a8254a8947036f489770100","2026-08-16 20:28"
"Tomek5_5","606e09423667bc0001ad663d","wang","64df30f334185dd27cf839a7","6a8254ea1733aae025b233d9","2026-08-16 20:29"
"Qiko","6a2d61bda141fcc6981c341c","Jesper","6962762abc79a0f2300d324e","6a82551e0f772dfe043e910c","2026-08-16 20:29"
"Dissonans","60e09234213b0600019d912e","Erika","6835b7af656c2c951937f92e","6a82558f0f772dfe043e91c1","2026-08-16 20:30"
"gov 88","6a6ac9aa8843af27060574bd","noggy","5e5d27ef26bbda5260b01e89","6a8255400f772dfe043e9145","2026-08-16 20:30"
"val1d","63875de4e55ec4234b26d1fb","Emmanuel Rendez Moi Brigitte","67b2a7cbd0147363c5f4c02b","6a825490bb20a4f7c9748d34","2026-08-16 20:30"
"gov 88","6a6ac9aa8843af27060574bd","EquatorialPromenade842","69348c683f176e631e5e2bfc","6a8255d9e4726b84698bfa52","2026-08-16 20:31"
"Kome.jpeg","5bbdcfab2c01735208565bce","Rapanui","56b34d54f0f54423887879e3","6a825513bb20a4f7c9748e11","2026-08-16 20:31"
"Rihanna's alt","6a3c2f99fe770b27148e8436","TiltedTroxx","64543bd7fb6efa97a2e06d2b","6a825492947036f4897700c6","2026-08-16 20:32"
"Qiko","6a2d61bda141fcc6981c341c","Tomek5_5","606e09423667bc0001ad663d","6a8255bcbb20a4f7c9748f73","2026-08-16 20:32"
"aguardiente","60ba2dec2056310001c27701","vicho","6a4ee4c3170dae471ff01141","6a82542c947036f489770022","2026-08-16 20:32"
"fatslump","603e28ef0297940001b93db1","Bravious","608f43fa0d0e0d0001d2abde","6a8255564566d406b3b8cdc9","2026-08-16 20:32"
"gov 88","6a6ac9aa8843af27060574bd","EquatorialPromenade842","69348c683f176e631e5e2bfc","6a82563b4566d406b3b8cf4a","2026-08-16 20:33"
"Dissonans","60e09234213b0600019d912e","val1d","63875de4e55ec4234b26d1fb","6a8255fe947036f489770341","2026-08-16 20:34"
"KLII","66b80145236f1a4e4d55036f","Lodi","5788e5e5c2a0fb1304dba46c","6a8255b24566d406b3b8ce67","2026-08-16 20:34"
"Blanecin","5e8781f3b3ec177638be489a","Emmanuel Rendez Moi Brigitte","67b2a7cbd0147363c5f4c02b","6a8256b3947036f4897704df","2026-08-16 20:35"
"Qiko","6a2d61bda141fcc6981c341c","fatslump","603e28ef0297940001b93db1","6a8256930f772dfe043e938f","2026-08-16 20:36"
"gov 88","6a6ac9aa8843af27060574bd","Lunboks","665bcea99962ed66512388ea","6a825706304090a70391c617","2026-08-16 20:37"
"Bravious","608f43fa0d0e0d0001d2abde","francishow","6048173c50a8500001ba84d8","6a825687bb20a4f7c974912a","2026-08-16 20:37"
"Norbert","61b40084a8414400018d958a","Tomek5_5","606e09423667bc0001ad663d","6a82570a947036f489770590","2026-08-16 20:38"
"Dissonans","60e09234213b0600019d912e","Blanecin","5e8781f3b3ec177638be489a","6a8257210f772dfe043e94c2","2026-08-16 20:38"
"Lodi","5788e5e5c2a0fb1304dba46c","val1d","63875de4e55ec4234b26d1fb","6a8256fd0f772dfe043e9482","2026-08-16 20:38"
"Qiko","6a2d61bda141fcc6981c341c","wang","64df30f334185dd27cf839a7","6a8257501733aae025b2378b","2026-08-16 20:39"
"EnchantingTunnel555","6a30b364003bbbd30814179d","Ramsrevenge","6a00e194af48434abc5106fe","6a825796e4726b84698bfd4d","2026-08-16 20:39"
"B-FAULT","62253ec0f9a281000121d0e3","RedStem","6379b7cc522b82e861ec9ec3","6a825652947036f4897703f2","2026-08-16 20:40"
"Řežin","5e9c6bd897d6cf6f58b47ac4","vicho","6a4ee4c3170dae471ff01141","6a825680bb20a4f7c974911f","2026-08-16 20:40"
"TiltedTroxx","64543bd7fb6efa97a2e06d2b","Lubec","5e974c906ea510372c1e444a","6a825687bb20a4f7c974912b","2026-08-16 20:43"
"Qiko","6a2d61bda141fcc6981c341c","Nicolai","5f74cd31b53fb70001d305b7","6a825832e4726b84698bfea4","2026-08-16 20:43"
"gov 88","6a6ac9aa8843af27060574bd","Andershow","60849ea01f0e94000190abd4","6a82589b947036f4897709be","2026-08-16 20:43"
"Blanecin","5e8781f3b3ec177638be489a","Scamardi","63b0735ceb2a92f7c98021da","6a8257e2947036f4897707aa","2026-08-16 20:44"
"Norbert","61b40084a8414400018d958a","Tomek5_5","606e09423667bc0001ad663d","6a8258aebb20a4f7c974961d","2026-08-16 20:45"
"B-FAULT","62253ec0f9a281000121d0e3","vicho","6a4ee4c3170dae471ff01141","6a8258704566d406b3b8d526","2026-08-16 20:45"
"Lodi","5788e5e5c2a0fb1304dba46c","Dissonans","60e09234213b0600019d912e","6a825830947036f4897708a8","2026-08-16 20:46"
"fatslump","603e28ef0297940001b93db1","鹰娥朗","628e0d478e5ef3a3ca163627","6a825914947036f489770aea","2026-08-16 20:46"
"Rihanna's alt","6a3c2f99fe770b27148e8436","duck","635dc283e419c615374198d6","6a8257e9947036f4897707c0","2026-08-16 20:47"
"Wanderer","628d8821da07473974d7adab","鹰娥朗","628e0d478e5ef3a3ca163627","6a825938e4726b84698c011a","2026-08-16 20:47"
"gov 88","6a6ac9aa8843af27060574bd","Chillin77777","688fb9683b2f00bed41482bc","6a825936947036f489770b51","2026-08-16 20:48"
"vertigo","5aa5926b42305f89a0f9f86d","Saradão","66245f82ee56b7dcb4cfcca3","6a825861947036f489770916","2026-08-16 20:48"
"Qiko","6a2d61bda141fcc6981c341c","Nicolai","5f74cd31b53fb70001d305b7","6a8259450f772dfe043e9a2a","2026-08-16 20:50"
"gov 88","6a6ac9aa8843af27060574bd","Mushrooman","6a16201eb1442de866267f94","6a825a42775a2137840347ee","2026-08-16 20:51"
"fatslump","603e28ef0297940001b93db1","鹰娥朗","628e0d478e5ef3a3ca163627","6a825a050f772dfe043e9c32","2026-08-16 20:51"
"Blanecin","5e8781f3b3ec177638be489a","Green Goblin","65cb9e8115560e90493024fc","6a825977947036f489770c11","2026-08-16 20:51"
"Tomek5_5","606e09423667bc0001ad663d","B-FAULT","62253ec0f9a281000121d0e3","6a8259a00f772dfe043e9b2f","2026-08-16 20:52"
"looer_h","627823ed8874df9dd7c83fae","silvia","5ab45e391e1f02697026c335","6a8259aebb20a4f7c9749909","2026-08-16 20:52"
"Dissonans","60e09234213b0600019d912e","duck","635dc283e419c615374198d6","6a8259f95978f15573173c9c","2026-08-16 20:53"
"vertigo","5aa5926b42305f89a0f9f86d","Kucerkaaa✨","66422b048e6606a3bc59724f","6a825a38bb20a4f7c9749a9d","2026-08-16 20:53"
"Rapanui","56b34d54f0f54423887879e3","Wingwang","652f3b838c7ef475b4326ef5","6a8259f8947036f489770da9","2026-08-16 20:53"
"Lubec","5e974c906ea510372c1e444a","Rihanna's alt","6a3c2f99fe770b27148e8436","6a8259ec947036f489770d76","2026-08-16 20:54"
"Azuryne","61e444e727627e00010d0fcd","fatslump","603e28ef0297940001b93db1","6a825afa0f772dfe043e9eff","2026-08-16 20:54"
"gov 88","6a6ac9aa8843af27060574bd","Felipe De Laroche","673e8601016db3c3e18aee2b","6a825afabb20a4f7c9749cd2","2026-08-16 20:55"
"no loose ends","6a5d3186441c5a5a92510e3e","AlphaZero4000","5ffa660ae8ee080001350d46","6a825b0dbb20a4f7c9749d07","2026-08-16 20:55"
"fatslump","603e28ef0297940001b93db1","estatista","64dc0ed490256c1eba066c5f","6a825b910f772dfe043ea0f7","2026-08-16 20:56"
"Qiko","6a2d61bda141fcc6981c341c","Nicolai","5f74cd31b53fb70001d305b7","6a825aba0f772dfe043e9e50","2026-08-16 20:57"
"gov 88","6a6ac9aa8843af27060574bd","Felipe De Laroche","673e8601016db3c3e18aee2b","6a825be3947036f48977144e","2026-08-16 20:57"
"AlphaZero4000","5ffa660ae8ee080001350d46","no loose ends","6a5d3186441c5a5a92510e3e","6a825bbe0f772dfe043ea191","2026-08-16 20:57"
"nemessis","6a68f0776670f9815653f016","OscarLP","62cb8ccf650774982881880f","6a825b5d23063e05eace80a1","2026-08-16 20:58"
"CoolMoonGuy","67ba5164f30fffa59919db60","Rapanui","56b34d54f0f54423887879e3","6a825b52bb20a4f7c9749df8","2026-08-16 20:58"
"Emmanuel Rendez Moi Brigitte","67b2a7cbd0147363c5f4c02b","鹰娥朗","628e0d478e5ef3a3ca163627","6a825bd6947036f489771424","2026-08-16 20:58"
"repler","624b0f92227874e6a1e26994","Tomek5_5","606e09423667bc0001ad663d","6a825ba7947036f489771366","2026-08-16 20:59"
"gov 88","6a6ac9aa8843af27060574bd","Jossu_3","629676be6c1ed0a6b87a24a9","6a825c3bbb20a4f7c974a105","2026-08-16 20:59"
"fatslump","603e28ef0297940001b93db1","Ilham Aliyev","67823628944bf415c9e5b9d9","6a825c22bb20a4f7c974a0cc","2026-08-16 21:00"
"Blanecin","5e8781f3b3ec177638be489a","Lodi","5788e5e5c2a0fb1304dba46c","6a825ad6947036f4897710b1","2026-08-16 21:00"
"Dissonans","60e09234213b0600019d912e","Kageyu","68ca96634b59728d6b0f739a","6a825b75bb20a4f7c9749e70","2026-08-16 21:01"
"Lubec","5e974c906ea510372c1e444a","Norbert","61b40084a8414400018d958a","6a825c5be4726b84698c088a","2026-08-16 21:02"
"Qiko","6a2d61bda141fcc6981c341c","Palmitas","69b33a815634cc416b9c7877","6a825cbe947036f48977166f","2026-08-16 21:02"
"nemessis","6a68f0776670f9815653f016","blarfo","68c0e86a6b330aaa16b8c6db","6a825c89bb20a4f7c974a1cf","2026-08-16 21:02"
"Nicolai","5f74cd31b53fb70001d305b7","no loose ends","6a5d3186441c5a5a92510e3e","6a825c6f947036f489771590","2026-08-16 21:03"
"gov 88","6a6ac9aa8843af27060574bd","YUQAQ","69fc9daa2a1b394f288778de","6a825caa947036f489771636","2026-08-16 21:03"
"vertigo","5aa5926b42305f89a0f9f86d","B-FAULT","62253ec0f9a281000121d0e3","6a825b5f947036f489771280","2026-08-16 21:03"
"Rapanui","56b34d54f0f54423887879e3","iPhone","642e38ddaa7e41ce87a2c4d7","6a825c8e947036f4897715e2","2026-08-16 21:03"
"Palmitas","69b33a815634cc416b9c7877","Nicolai","5f74cd31b53fb70001d305b7","6a825da50f772dfe043ea694","2026-08-16 21:04"
"Lubec","5e974c906ea510372c1e444a","Tomek5_5","606e09423667bc0001ad663d","6a825d96947036f4897718a4","2026-08-16 21:06"
"gov 88","6a6ac9aa8843af27060574bd","Evan","5fffa42bc531d70001035af4","6a825e12947036f489771a00","2026-08-16 21:06"
"no loose ends","6a5d3186441c5a5a92510e3e","daes","603a39d190c95200017e30a2","6a825d9be4726b84698c0af3","2026-08-16 21:06"
"Jas","6011f79736fafa00014be126","Rapanui","56b34d54f0f54423887879e3","6a825dc70f772dfe043ea6eb","2026-08-16 21:06"
"Dissonans","60e09234213b0600019d912e","fatslump","603e28ef0297940001b93db1","6a825d74947036f489771866","2026-08-16 21:07"
"Ilham Aliyev","67823628944bf415c9e5b9d9","Lodi","5788e5e5c2a0fb1304dba46c","6a825cf6bb20a4f7c974a310","2026-08-16 21:07"
"Palmitas","69b33a815634cc416b9c7877","Jazzonne","638bcf412c734faf1bcce61e","6a825e0b0f772dfe043ea799","2026-08-16 21:08"
"数字信号处理","62a559ad291a85ec390d343e","Flubbersticks","69387a54dc6fdd9da05c91cd","6a825d96bb20a4f7c974a4a7","2026-08-16 21:08"
"val1d","63875de4e55ec4234b26d1fb","Wingwang","652f3b838c7ef475b4326ef5","6a825dc0e4726b84698c0b3e","2026-08-16 21:08"
"Norbert","61b40084a8414400018d958a","kober","67ad18a09e150413a5e6fa66","6a825d94947036f48977189a","2026-08-16 21:09"
"gov 88","6a6ac9aa8843af27060574bd","seanjimin","5df40577d202e11e302128e6","6a825e7fbb20a4f7c974a6e7","2026-08-16 21:09"
"Ilham Aliyev","67823628944bf415c9e5b9d9","fatslump","603e28ef0297940001b93db1","6a825ebabb20a4f7c974a768","2026-08-16 21:09"
"val1d","63875de4e55ec4234b26d1fb","estatista","64dc0ed490256c1eba066c5f","6a825ed6947036f489771c0d","2026-08-16 21:09"
"Lubec","5e974c906ea510372c1e444a","Tomek5_5","606e09423667bc0001ad663d","6a825e52947036f489771a9f","2026-08-16 21:11"
"Fructidor","69d9a0dd291d3a2e5184c64e","B-FAULT","62253ec0f9a281000121d0e3","6a825db2947036f4897718f3","2026-08-16 21:11"
"Jazzonne","638bcf412c734faf1bcce61e","kober","67ad18a09e150413a5e6fa66","6a825f28bb20a4f7c974a86d","2026-08-16 21:11"
"Nicolai","5f74cd31b53fb70001d305b7","Hez1tred.","68274ac83004afb088d83eac","6a825eb0bb20a4f7c974a74b","2026-08-16 21:11"
"no loose ends","6a5d3186441c5a5a92510e3e","silvia","5ab45e391e1f02697026c335","6a825e64bb20a4f7c974a6a4","2026-08-16 21:11"
"rylynn","6a465addf758690c0d2dad6f","leinad","6086fcf186d5170001f45b80","6a825ddd947036f48977196d","2026-08-16 21:11"
"Kageyu","68ca96634b59728d6b0f739a","CoolMoonGuy","67ba5164f30fffa59919db60","6a825d5c947036f489771810","2026-08-16 21:11"
"Ilham Aliyev","67823628944bf415c9e5b9d9","fatslump","603e28ef0297940001b93db1","6a825f4f947036f489771d20","2026-08-16 21:12"
"bodysfailing","69fd3dc20731483be6bd7038","aterawok","6626e9b2d2478b5677ac616c","6a825ecd947036f489771bf3","2026-08-16 21:13"
"kober","67ad18a09e150413a5e6fa66","Nicolai","5f74cd31b53fb70001d305b7","6a825f950f772dfe043eab03","2026-08-16 21:13"
"rylynn","6a465addf758690c0d2dad6f","Mitch Johnson","62395aea4d48cc420b03be89","6a825fb7bb20a4f7c974a9ba","2026-08-16 21:14"
"Tottenhamwisps","60ad03a48b6e1d00012f8e7e","val1d","63875de4e55ec4234b26d1fb","6a825f7d0f772dfe043eaacc","2026-08-16 21:15"
"鳴神","5e6434058fd6cf50f886fb99","aguardiente","60ba2dec2056310001c27701","6a826021bb20a4f7c974aad7","2026-08-16 21:16"
"Palmitas","69b33a815634cc416b9c7877","kober","67ad18a09e150413a5e6fa66","6a825f78bb20a4f7c974a93b","2026-08-16 21:17"
"Ilham Aliyev","67823628944bf415c9e5b9d9","Lodi","5788e5e5c2a0fb1304dba46c","6a826009947036f489771f18","2026-08-16 21:18"
"gov 88","6a6ac9aa8843af27060574bd","Evan","5fffa42bc531d70001035af4","6a8260aebb20a4f7c974ac40","2026-08-16 21:18"
"CoolMoonGuy","67ba5164f30fffa59919db60","Pirik","669e6134d95d857a27cbc0cd","6a8260640f772dfe043eacf8","2026-08-16 21:18"
"Ant3k","61a0aa0b508e25000188294f","Norbert","61b40084a8414400018d958a","6a8260f9947036f489772178","2026-08-16 21:19"
"SteelyYolo","6439fe9890664def4616aaf5","Tomek5_5","606e09423667bc0001ad663d","6a825fc3bb20a4f7c974a9dc","2026-08-16 21:19"
"gov 88","6a6ac9aa8843af27060574bd","Dwafs","63fc2d84205e0675563edc98","6a826120947036f489772200","2026-08-16 21:19"
"nemessis","6a68f0776670f9815653f016","Stunkey","68794bd50b7953df9c90b20c","6a8260c2947036f4897720ef","2026-08-16 21:20"
"Nicolai","5f74cd31b53fb70001d305b7","kober","67ad18a09e150413a5e6fa66","6a8260670f772dfe043eacff","2026-08-16 21:20"
"kiesta","679abff2e551bb82abef4fbd","Ilham Aliyev","67823628944bf415c9e5b9d9","6a8261350f772dfe043eaf13","2026-08-16 21:21"
"Tottenhamwisps","60ad03a48b6e1d00012f8e7e","Rapanui","56b34d54f0f54423887879e3","6a8261a7bb20a4f7c974aefe","2026-08-16 21:22"
"Palmitas","69b33a815634cc416b9c7877","kober","67ad18a09e150413a5e6fa66","6a8261140f772dfe043eae9f","2026-08-16 21:23"
"Tomek5_5","606e09423667bc0001ad663d","kober","67ad18a09e150413a5e6fa66","6a8261c3bb20a4f7c974af43","2026-08-16 21:23"
"aguardiente","60ba2dec2056310001c27701","Jas","6011f79736fafa00014be126","6a82610b947036f4897721a8","2026-08-16 21:23"
"gov 88","6a6ac9aa8843af27060574bd","Dwafs","63fc2d84205e0675563edc98","6a826188947036f48977233c","2026-08-16 21:23"
"Flubbersticks","69387a54dc6fdd9da05c91cd","Kucerkaaa✨","66422b048e6606a3bc59724f","6a8261b7947036f4897723c9","2026-08-16 21:23"
"Zetie","5e9215c1b3ec17480c01df1e","vodka","69af925337439948a892db80","6a826189bb20a4f7c974aeae","2026-08-16 21:23"
"Ant3k","61a0aa0b508e25000188294f","Norbert","61b40084a8414400018d958a","6a82617a0f772dfe043eafb8","2026-08-16 21:24"
"Tomek5_5","606e09423667bc0001ad663d","kober","67ad18a09e150413a5e6fa66","6a826265bb20a4f7c974b128","2026-08-16 21:26"
"gov 88","6a6ac9aa8843af27060574bd","linesy","625833a48a5b9578f6ff80c6","6a8262600f772dfe043eb22f","2026-08-16 21:26"
"Ilham Aliyev","67823628944bf415c9e5b9d9","kober","67ad18a09e150413a5e6fa66","6a82627a947036f4897725f3","2026-08-16 21:27"
"Tomek5_5","606e09423667bc0001ad663d","kober","67ad18a09e150413a5e6fa66","6a8263040f772dfe043eb447","2026-08-16 21:28"
"Ilham Aliyev","67823628944bf415c9e5b9d9","kober","67ad18a09e150413a5e6fa66","6a8263580f772dfe043eb52a","2026-08-16 21:28"
"gov 88","6a6ac9aa8843af27060574bd","VolcanicValley858","69e46eb83c0f45b4430564e6","6a8263140f772dfe043eb479","2026-08-16 21:28"
"Tottenhamwisps","60ad03a48b6e1d00012f8e7e","Jas","6011f79736fafa00014be126","6a826246947036f489772543","2026-08-16 21:30"
"Conquistadorito","603801f090c95200017d047e","B-FAULT","62253ec0f9a281000121d0e3","6a825f8ebb20a4f7c974a95f","2026-08-16 21:30"
"Zetie","5e9215c1b3ec17480c01df1e","4815162342Sbf","5feec6e20f95370001fbfdda","6a8262760f772dfe043eb261","2026-08-16 21:30"
"Jazzonne","638bcf412c734faf1bcce61e","Lodi","5788e5e5c2a0fb1304dba46c","6a82625a0f772dfe043eb21f","2026-08-16 21:31"
"gov 88","6a6ac9aa8843af27060574bd","VolcanicValley858","69e46eb83c0f45b4430564e6","6a82639b0f772dfe043eb5c4","2026-08-16 21:31"
"Tomek5_5","606e09423667bc0001ad663d","Lubec","5e974c906ea510372c1e444a","6a82638b0f772dfe043eb59e","2026-08-16 21:32"
"kober","67ad18a09e150413a5e6fa66","Ilham Aliyev","67823628944bf415c9e5b9d9","6a8263a6bb20a4f7c974b482","2026-08-16 21:32"
"gov 88","6a6ac9aa8843af27060574bd","VolcanicValley858","69e46eb83c0f45b4430564e6","6a826434947036f489772aa0","2026-08-16 21:33"
"Ilham Aliyev","67823628944bf415c9e5b9d9","kober","67ad18a09e150413a5e6fa66","6a826462775a213784035c66","2026-08-16 21:35"
"gov 88","6a6ac9aa8843af27060574bd","Dwafs","63fc2d84205e0675563edc98","6a8264b30f772dfe043eb88e","2026-08-16 21:35"
"数字信号处理","62a559ad291a85ec390d343e","Flubbersticks","69387a54dc6fdd9da05c91cd","6a8263f60f772dfe043eb6c2","2026-08-16 21:35"
"Jas","6011f79736fafa00014be126","vodka","69af925337439948a892db80","6a8263fcbb20a4f7c974b571","2026-08-16 21:35"
"Lodi","5788e5e5c2a0fb1304dba46c","kober","67ad18a09e150413a5e6fa66","6a82644d947036f489772ad5","2026-08-16 21:36"
"Zetie","5e9215c1b3ec17480c01df1e","Erika","6835b7af656c2c951937f92e","6a8264660f772dfe043eb7e9","2026-08-16 21:36"
"gov 88","6a6ac9aa8843af27060574bd","Jossu_3","629676be6c1ed0a6b87a24a9","6a826535947036f489772cf5","2026-08-16 21:38"
"Palmitas","69b33a815634cc416b9c7877","yac&cheese","645b0c20107fe29c924fb124","6a8264e20f772dfe043eb906","2026-08-16 21:39"
"数字信号处理","62a559ad291a85ec390d343e","Flubbersticks","69387a54dc6fdd9da05c91cd","6a82653fbb20a4f7c974b869","2026-08-16 21:40"
"Nicolai","5f74cd31b53fb70001d305b7","yac&cheese","645b0c20107fe29c924fb124","6a826626bb20a4f7c974ba4e","2026-08-16 21:41"
"kober","67ad18a09e150413a5e6fa66","Ilham Aliyev","67823628944bf415c9e5b9d9","6a8265330f772dfe043eb9c6","2026-08-16 21:41"
"gov 88","6a6ac9aa8843af27060574bd","nicknacck","5bf3b46afa372630bc24e865","6a8265fa0f772dfe043ebb55","2026-08-16 21:41"
"duck","635dc283e419c615374198d6","Lodi","5788e5e5c2a0fb1304dba46c","6a82659a947036f489772ddd","2026-08-16 21:42"
"Jas","6011f79736fafa00014be126","Rapanui","56b34d54f0f54423887879e3","6a82654f947036f489772d48","2026-08-16 21:42"
"BulgariaEnjoyer","60f46ec8cac323000166141d","BarryTheBee","62be7867aa13616722f8dd4a","6a8266050f772dfe043ebb71","2026-08-16 21:43"
"kober","67ad18a09e150413a5e6fa66","Nicolai","5f74cd31b53fb70001d305b7","6a8266acbb20a4f7c974bb70","2026-08-16 21:44"
"yac&cheese","645b0c20107fe29c924fb124","Ilham Aliyev","67823628944bf415c9e5b9d9","6a826680947036f489772fb1","2026-08-16 21:44"
"kober","67ad18a09e150413a5e6fa66","Lodi","5788e5e5c2a0fb1304dba46c","6a8266ea947036f4897730e8","2026-08-16 21:46"
"CoolMoonGuy","67ba5164f30fffa59919db60","MASSIVELEGEND","57a1e5c296ca67161038e742","6a826576bb20a4f7c974b8d9","2026-08-16 21:46"
"gov 88","6a6ac9aa8843af27060574bd","ijustbusted","5c2463493e41f885bc396268","6a826756bb20a4f7c974bd26","2026-08-16 21:47"
"BulgariaEnjoyer","60f46ec8cac323000166141d","BarryTheBee","62be7867aa13616722f8dd4a","6a8266f90f772dfe043ebd5e","2026-08-16 21:48"
"Nicolai","5f74cd31b53fb70001d305b7","Ilham Aliyev","67823628944bf415c9e5b9d9","6a826763947036f489773219","2026-08-16 21:48"
"kober","67ad18a09e150413a5e6fa66","Palmitas","69b33a815634cc416b9c7877","6a8267cc947036f48977332e","2026-08-16 21:49"
"Its_ChinasFault","67d88144617e135e7b6559af","Conquistadorito","603801f090c95200017d047e","6a8266570f772dfe043ebc15","2026-08-16 21:50"
"BulgariaEnjoyer","60f46ec8cac323000166141d","BarryTheBee","62be7867aa13616722f8dd4a","6a82682abb20a4f7c974bfc3","2026-08-16 21:51"
"xLucky07","6771278c215608df4a80a000","Lubec","5e974c906ea510372c1e444a","6a826794947036f489773290","2026-08-16 21:51"
"kober","67ad18a09e150413a5e6fa66","Palmitas","69b33a815634cc416b9c7877","6a8267cc947036f48977332e","2026-08-16 21:51"
"Ilham Aliyev","67823628944bf415c9e5b9d9","Vader43","62490726757cbf189f839261","6a82682b0f772dfe043ec025","2026-08-16 21:51"
"Conquistadorito","603801f090c95200017d047e","Hez1tred.","68274ac83004afb088d83eac","6a8268bc947036f4897735d0","2026-08-16 21:53"
"gov 88","6a6ac9aa8843af27060574bd","Majaja","66229677855115696e56a132","6a8268b8bb20a4f7c974c14b","2026-08-16 21:54"
"BulgariaEnjoyer","60f46ec8cac323000166141d","BarryTheBee","62be7867aa13616722f8dd4a","6a8268ed947036f489773641","2026-08-16 21:55"
"Palmitas","69b33a815634cc416b9c7877","kober","67ad18a09e150413a5e6fa66","6a8268800f772dfe043ec116","2026-08-16 21:56"
"Vader43","62490726757cbf189f839261","Ilham Aliyev","67823628944bf415c9e5b9d9","6a82690d0f772dfe043ec25e","2026-08-16 21:56"
"Lodi","5788e5e5c2a0fb1304dba46c","[FatSnail] SavetheSnail","591790fc1bba70b6146c6485","6a826907bb20a4f7c974c207","2026-08-16 21:56"
"Norbert","61b40084a8414400018d958a","kober","67ad18a09e150413a5e6fa66","6a826959947036f489773737","2026-08-16 21:57"
"gov 88","6a6ac9aa8843af27060574bd","ctfoe","62978fca6f3cbf13e582f44c","6a8269d3947036f48977383c","2026-08-16 21:57"
"Zetie","5e9215c1b3ec17480c01df1e","Rapanui","56b34d54f0f54423887879e3","6a82692e0f772dfe043ec2bf","2026-08-16 21:57"
"[FatSnail] SavetheSnail","591790fc1bba70b6146c6485","Conquistadorito","603801f090c95200017d047e","6a826a33bb20a4f7c974c48a","2026-08-16 21:58"
"Wanderer","628d8821da07473974d7adab","Hez1tred.","68274ac83004afb088d83eac","6a826951bb20a4f7c974c29e","2026-08-16 21:58"
"BulgariaEnjoyer","60f46ec8cac323000166141d","BarryTheBee","62be7867aa13616722f8dd4a","6a8269f9947036f4897738a2","2026-08-16 21:59"
"Ilham Aliyev","67823628944bf415c9e5b9d9","kober","67ad18a09e150413a5e6fa66","6a826a481733aae025b25c54","2026-08-16 22:00"
"VIVER","631f29032347fcd4bef60349","Conquistadorito","603801f090c95200017d047e","6a8269d6947036f489773844","2026-08-16 22:01"
"Lodi","5788e5e5c2a0fb1304dba46c","Zetie","5e9215c1b3ec17480c01df1e","6a826a450f772dfe043ec4f6","2026-08-16 22:02"
"Kageyu","68ca96634b59728d6b0f739a","MASSIVELEGEND","57a1e5c296ca67161038e742","6a826892bb20a4f7c974c0e7","2026-08-16 22:02"
"chanchelix","6a01f3acc96e0cd450208f71","Hez1tred.","68274ac83004afb088d83eac","6a826a91947036f489773a0b","2026-08-16 22:02"
"Ilham Aliyev","67823628944bf415c9e5b9d9","kober","67ad18a09e150413a5e6fa66","6a826a481733aae025b25c54","2026-08-16 22:03"
"gov 88","6a6ac9aa8843af27060574bd","M_Memo02","62ee7c762c473538965ef415","6a826b61bb20a4f7c974c748","2026-08-16 22:03"
"[FatSnail] SavetheSnail","591790fc1bba70b6146c6485","Ilham Aliyev","67823628944bf415c9e5b9d9","6a826b10bb20a4f7c974c676","2026-08-16 22:04"
"Chronos","669fcc63ac0994d88711144c","TeRuanIsGod","67979da9c2328890129f177e","6a826b890f772dfe043ec7fd","2026-08-16 22:04"
"BarryTheBee","62be7867aa13616722f8dd4a","BulgariaEnjoyer","60f46ec8cac323000166141d","6a826abc947036f489773a70","2026-08-16 22:05"
"雨又潇潇","635a7c4f940d8dc91bd25ec4","kober","67ad18a09e150413a5e6fa66","6a826b30bb20a4f7c974c6d5","2026-08-16 22:05"
"gov 88","6a6ac9aa8843af27060574bd","boulder0311","5f8bee0da2d0b20001223530","6a826bbe0f772dfe043ec85c","2026-08-16 22:05"
"VIVER","631f29032347fcd4bef60349","Conquistadorito","603801f090c95200017d047e","6a826b340f772dfe043ec73f","2026-08-16 22:05"
"VIVER","631f29032347fcd4bef60349","Conquistadorito","603801f090c95200017d047e","6a826b340f772dfe043ec73f","2026-08-16 22:05"
"Jas","6011f79736fafa00014be126","Nardorenco","628122bc65003e8fd7d8a74b","6a826acf947036f489773a9b","2026-08-16 22:06"
"wang","64df30f334185dd27cf839a7","Ilham Aliyev","67823628944bf415c9e5b9d9","6a826be1947036f489773d06","2026-08-16 22:07"
"CoolMoonGuy","67ba5164f30fffa59919db60","Sinaloense","6387b9578639516bf19923d5","6a826b5b947036f489773bdc","2026-08-16 22:07"
"chanchelix","6a01f3acc96e0cd450208f71","Tottenhamwisps","60ad03a48b6e1d00012f8e7e","6a826b86947036f489773c4a","2026-08-16 22:07"
"Conquistadorito","603801f090c95200017d047e","Charlie T","61562b33f2b2220001ec44ab","6a826c0c947036f489773d75","2026-08-16 22:07"
"gov 88","6a6ac9aa8843af27060574bd","rumofthemill","600f64ffd589c90001320a1a","6a826c81bb20a4f7c974ca32","2026-08-16 22:08"
"Ilham Aliyev","67823628944bf415c9e5b9d9","Chronos","669fcc63ac0994d88711144c","6a826c95947036f489773ea2","2026-08-16 22:08"
"[FatSnail] SavetheSnail","591790fc1bba70b6146c6485","kober","67ad18a09e150413a5e6fa66","6a826bfd947036f489773d4d","2026-08-16 22:08"
"Conquistadorito","603801f090c95200017d047e","Charlie T","61562b33f2b2220001ec44ab","6a826c0c947036f489773d75","2026-08-16 22:08"
"BarryTheBee","62be7867aa13616722f8dd4a","BulgariaEnjoyer","60f46ec8cac323000166141d","6a826c5f947036f489773e26","2026-08-16 22:09"
"CoolMoonGuy","67ba5164f30fffa59919db60","wang","64df30f334185dd27cf839a7","6a826cc90f772dfe043eca8e","2026-08-16 22:09"
"Conquistadorito","603801f090c95200017d047e","VIVER","631f29032347fcd4bef60349","6a826c53bb20a4f7c974c9b4","2026-08-16 22:09"
"gov 88","6a6ac9aa8843af27060574bd","OceanicRoad770","676ecd1c801d2d75f4dea535","6a826cfe0f772dfe043ecb1a","2026-08-16 22:10"
"[FatSnail] SavetheSnail","591790fc1bba70b6146c6485","Hez1tred.","68274ac83004afb088d83eac","6a826d40947036f489774035","2026-08-16 22:11"
"gov 88","6a6ac9aa8843af27060574bd","boulder0311","5f8bee0da2d0b20001223530","6a826d87947036f4897740e5","2026-08-16 22:12"
"Palmitas","69b33a815634cc416b9c7877","雨又潇潇","635a7c4f940d8dc91bd25ec4","6a826c49947036f489773de7","2026-08-16 22:13"
"Ilham Aliyev","67823628944bf415c9e5b9d9","Chronos","669fcc63ac0994d88711144c","6a826d0c947036f489773fb8","2026-08-16 22:13"
"Zetie","5e9215c1b3ec17480c01df1e","MASSIVELEGEND","57a1e5c296ca67161038e742","6a826b9d0f772dfe043ec824","2026-08-16 22:13"
"Tomek5_5","606e09423667bc0001ad663d","[FatSnail] SavetheSnail","591790fc1bba70b6146c6485","6a826dbb0f772dfe043ecc92","2026-08-16 22:14"
"Tottenhamwisps","60ad03a48b6e1d00012f8e7e","Jas","6011f79736fafa00014be126","6a826c9723063e05eacea0a2","2026-08-16 22:14"
"BulgariaEnjoyer","60f46ec8cac323000166141d","BarryTheBee","62be7867aa13616722f8dd4a","6a826d360f772dfe043ecb83","2026-08-16 22:15"
"Ilham Aliyev","67823628944bf415c9e5b9d9","Domak666","6a3a957b0446680426a7f84b","6a826e00947036f4897741e5","2026-08-16 22:15"
"gov 88","6a6ac9aa8843af27060574bd","italiano","6431c00a8155f49edd35fa92","6a826dfc1733aae025b262af","2026-08-16 22:15"
"VIVER","631f29032347fcd4bef60349","Lodi","5788e5e5c2a0fb1304dba46c","6a826d440f772dfe043ecba4","2026-08-16 22:15"
"wang","64df30f334185dd27cf839a7","Tomek5_5","606e09423667bc0001ad663d","6a826e6d0f772dfe043ece2d","2026-08-16 22:16"
"Albanian Guy","58796ade8b9ff486d81bbad5","CoastalTundra844","69ce7e5d0326086782b8bb1c","6a826dfb0f772dfe043ecd1d","2026-08-16 22:17"
"Fxrzs","676edd67b060daec5f128233","雨又潇潇","635a7c4f940d8dc91bd25ec4","6a826e2c947036f489774266","2026-08-16 22:17"
"gg80","63094e1796056024727fc5d5","CoolMoonGuy","67ba5164f30fffa59919db60","6a826df2bb20a4f7c974cd9a","2026-08-16 22:17"
"[FatSnail] SavetheSnail","591790fc1bba70b6146c6485","Conquistadorito","603801f090c95200017d047e","6a826e4ebb20a4f7c974ce67","2026-08-16 22:17"
"Tomek5_5","606e09423667bc0001ad663d","雨又潇潇","635a7c4f940d8dc91bd25ec4","6a826f19947036f48977448d","2026-08-16 22:18"
"Lodi","5788e5e5c2a0fb1304dba46c","khizar","62eff3f3af6915a2625c294c","6a826ea423063e05eacea406","2026-08-16 22:18"
"Yerofey Pavlovich","5c200f8d097d013a04bcd2a7","chanchelix","6a01f3acc96e0cd450208f71","6a826c9d0f772dfe043eca4c","2026-08-16 22:19"
"Lodi","5788e5e5c2a0fb1304dba46c","CoolMoonGuy","67ba5164f30fffa59919db60","6a826f52bb20a4f7c974d0cf","2026-08-16 22:19"
"Conquistadorito","603801f090c95200017d047e","[FatSnail] SavetheSnail","591790fc1bba70b6146c6485","6a826f0be4726b84698c2c8b","2026-08-16 22:19"
"BulgariaEnjoyer","60f46ec8cac323000166141d","BarryTheBee","62be7867aa13616722f8dd4a","6a826e900f772dfe043ecea3","2026-08-16 22:20"
"kober","67ad18a09e150413a5e6fa66","yac&cheese","645b0c20107fe29c924fb124","6a826f230f772dfe043ecfe8","2026-08-16 22:20"
"gov 88","6a6ac9aa8843af27060574bd","HardStyle","6a630022c136ad205d91b9c5","6a826f590f772dfe043ed057","2026-08-16 22:20"
"Conquistadorito","603801f090c95200017d047e","[FatSnail] SavetheSnail","591790fc1bba70b6146c6485","6a826f0be4726b84698c2c8b","2026-08-16 22:20"
"雨又潇潇","635a7c4f940d8dc91bd25ec4","Tomek5_5","606e09423667bc0001ad663d","6a826f71947036f489774534","2026-08-16 22:21"
"VIVER","631f29032347fcd4bef60349","Ilham Aliyev","67823628944bf415c9e5b9d9","6a826e92bb20a4f7c974cf1f","2026-08-16 22:21"
"chief","66cabbab2d73885610b090ab","Sopka","6923e7101744c5356b0f457a","6a826d540f772dfe043ecbd3","2026-08-16 22:21"
"gg80","63094e1796056024727fc5d5","kober","67ad18a09e150413a5e6fa66","6a826f3cbb20a4f7c974d097","2026-08-16 22:22"
"yac&cheese","645b0c20107fe29c924fb124","Conquistadorito","603801f090c95200017d047e","6a826fa1bb20a4f7c974d17a","2026-08-16 22:22"
"Norbert","61b40084a8414400018d958a","CoastalTundra844","69ce7e5d0326086782b8bb1c","6a827000947036f48977467c","2026-08-16 22:24"
"kober","67ad18a09e150413a5e6fa66","Conquistadorito","603801f090c95200017d047e","6a826fbb947036f4897745ec","2026-08-16 22:24"
"CoolMoonGuy","67ba5164f30fffa59919db60","Lodi","5788e5e5c2a0fb1304dba46c","6a826fb0bb20a4f7c974d1aa","2026-08-16 22:24"
"wang","64df30f334185dd27cf839a7","Elcu","633102d69d4a5044970cce21","6a826ee6bb20a4f7c974cfe2","2026-08-16 22:25"
"Ilham Aliyev","67823628944bf415c9e5b9d9","yac&cheese","645b0c20107fe29c924fb124","6a8270380f772dfe043ed23a","2026-08-16 22:25"
"gov 88","6a6ac9aa8843af27060574bd","Leinho","651cd2b7655697698fd5a286","6a8270450f772dfe043ed24e","2026-08-16 22:25"
"[FatSnail] SavetheSnail","591790fc1bba70b6146c6485","Conquistadorito","603801f090c95200017d047e","6a826f8c0f772dfe043ed0cd","2026-08-16 22:25"
"Yerofey Pavlovich","5c200f8d097d013a04bcd2a7","Fxrzs","676edd67b060daec5f128233","6a826ff1e4726b84698c2dfd","2026-08-16 22:26"
"chanchelix","6a01f3acc96e0cd450208f71","khizar","62eff3f3af6915a2625c294c","6a826f7d0f772dfe043ed09f","2026-08-16 22:26"
"Tomek5_5","606e09423667bc0001ad663d","雨又潇潇","635a7c4f940d8dc91bd25ec4","6a826ffb0f772dfe043ed1b3","2026-08-16 22:27"
"BarryTheBee","62be7867aa13616722f8dd4a","BulgariaEnjoyer","60f46ec8cac323000166141d","6a826fa80f772dfe043ed109","2026-08-16 22:28"
"Conquistadorito","603801f090c95200017d047e","Lodi","5788e5e5c2a0fb1304dba46c","6a8270d3bb20a4f7c974d3f7","2026-08-16 22:29"
"chief","66cabbab2d73885610b090ab","Nardorenco","628122bc65003e8fd7d8a74b","6a8270d6bb20a4f7c974d3fc","2026-08-16 22:29"
"雨又潇潇","635a7c4f940d8dc91bd25ec4","a-you","5e93a3443d4b6a5af4f11b0b","6a82719fbb20a4f7c974d587","2026-08-16 22:30"
"CoolMoonGuy","67ba5164f30fffa59919db60","chanchelix","6a01f3acc96e0cd450208f71","6a827125947036f4897748d3","2026-08-16 22:31"
"wang","64df30f334185dd27cf839a7","Ilham Aliyev","67823628944bf415c9e5b9d9","6a8271100f772dfe043ed3d4","2026-08-16 22:32"
"VIVER","631f29032347fcd4bef60349","Conquistadorito","603801f090c95200017d047e","6a827027947036f4897746d1","2026-08-16 22:32"
"gov 88","6a6ac9aa8843af27060574bd","Nico Jensen","5f440be16a4f750001791860","6a8271cbbb20a4f7c974d5e6","2026-08-16 22:32"
"[FatSnail] SavetheSnail","591790fc1bba70b6146c6485","Conquistadorito","603801f090c95200017d047e","6a8270ebbb20a4f7c974d41d","2026-08-16 22:32"
"BulgariaEnjoyer","60f46ec8cac323000166141d","BarryTheBee","62be7867aa13616722f8dd4a","6a827184947036f4897749c5","2026-08-16 22:33"
"雨又潇潇","635a7c4f940d8dc91bd25ec4","a-you","5e93a3443d4b6a5af4f11b0b","6a8271fc947036f489774ad2","2026-08-16 22:33"
"gg80","63094e1796056024727fc5d5","Tomek5_5","606e09423667bc0001ad663d","6a8271c70f772dfe043ed551","2026-08-16 22:33"
"gov 88","6a6ac9aa8843af27060574bd","Johncomstock9716","5f83689494c5260001b27762","6a82727e0f772dfe043ed769","2026-08-16 22:33"
"Conquistadorito","603801f090c95200017d047e","Hez1tred.","68274ac83004afb088d83eac","6a8272040f772dfe043ed5f1","2026-08-16 22:34"
"Tottenhamwisps","60ad03a48b6e1d00012f8e7e","Psylaris","59dad8dd5d2de4db8036e36c","6a8271c0bb20a4f7c974d5c8","2026-08-16 22:35"
"chanchelix","6a01f3acc96e0cd450208f71","daes","603a39d190c95200017e30a2","6a827237e4726b84698c3207","2026-08-16 22:35"
"Lodi","5788e5e5c2a0fb1304dba46c","tozi","5fe92d543351fe000164e8d8","6a8271e1947036f489774a87","2026-08-16 22:35"
"chief","66cabbab2d73885610b090ab","MASSIVELEGEND","57a1e5c296ca67161038e742","6a8272440f772dfe043ed6b0","2026-08-16 22:35"
"Conquistadorito","603801f090c95200017d047e","Ilham Aliyev","67823628944bf415c9e5b9d9","6a8272995978f15573176aae","2026-08-16 22:36"
"chief","66cabbab2d73885610b090ab","daes","603a39d190c95200017e30a2","6a827351e4726b84698c3411","2026-08-16 22:36"
"silvia","5ab45e391e1f02697026c335","Zetie","5e9215c1b3ec17480c01df1e","6a8272aabb20a4f7c974d827","2026-08-16 22:36"
"a-you","5e93a3443d4b6a5af4f11b0b","雨又潇潇","635a7c4f940d8dc91bd25ec4","6a8272d95978f15573176b2c","2026-08-16 22:37"
"Conquistadorito","603801f090c95200017d047e","Ilham Aliyev","67823628944bf415c9e5b9d9","6a8272995978f15573176aae","2026-08-16 22:38"
"wang","64df30f334185dd27cf839a7","Tomek5_5","606e09423667bc0001ad663d","6a8272c4947036f489774ce7","2026-08-16 22:39"
"Fxrzs","676edd67b060daec5f128233","Elcu","633102d69d4a5044970cce21","6a82713f0f772dfe043ed443","2026-08-16 22:39"
"Conquistadorito","603801f090c95200017d047e","Hez1tred.","68274ac83004afb088d83eac","6a827310947036f489774d96","2026-08-16 22:39"
"BarryTheBee","62be7867aa13616722f8dd4a","BulgariaEnjoyer","60f46ec8cac323000166141d","6a8272ab0f772dfe043ed7d1","2026-08-16 22:40"
"chanchelix","6a01f3acc96e0cd450208f71","Psylaris","59dad8dd5d2de4db8036e36c","6a82735f0f772dfe043ed914","2026-08-16 22:40"
"雨又潇潇","635a7c4f940d8dc91bd25ec4","a-you","5e93a3443d4b6a5af4f11b0b","6a8273ce5978f15573176c85","2026-08-16 22:41"
"wang","64df30f334185dd27cf839a7","Tomek5_5","606e09423667bc0001ad663d","6a8274310f772dfe043edaab","2026-08-16 22:42"
"Conquistadorito","603801f090c95200017d047e","Lodi","5788e5e5c2a0fb1304dba46c","6a8274310f772dfe043edaaa","2026-08-16 22:42"
"chief","66cabbab2d73885610b090ab","silvia","5ab45e391e1f02697026c335","6a8274020f772dfe043eda4a","2026-08-16 22:42"
"Ilham Aliyev","67823628944bf415c9e5b9d9","Conquistadorito","603801f090c95200017d047e","6a8273770f772dfe043ed94b","2026-08-16 22:43"
"Zetie","5e9215c1b3ec17480c01df1e","Rapanui","56b34d54f0f54423887879e3","6a827413947036f489774f7f","2026-08-16 22:43"
"Psylaris","59dad8dd5d2de4db8036e36c","chanchelix","6a01f3acc96e0cd450208f71","6a827457bb20a4f7c974db1f","2026-08-16 22:45"
"Conquistadorito","603801f090c95200017d047e","Lodi","5788e5e5c2a0fb1304dba46c","6a8274310f772dfe043edaaa","2026-08-16 22:45"
"a-you","5e93a3443d4b6a5af4f11b0b","雨又潇潇","635a7c4f940d8dc91bd25ec4","6a8274ad947036f4897750ef","2026-08-16 22:46"
"BarryTheBee","62be7867aa13616722f8dd4a","BulgariaEnjoyer","60f46ec8cac323000166141d","6a827481947036f489775075","2026-08-16 22:47"
"Norbert","61b40084a8414400018d958a","Lubec","5e974c906ea510372c1e444a","6a8274950f772dfe043edba6","2026-08-16 22:47"
"Tomek5_5","606e09423667bc0001ad663d","Conquistadorito","603801f090c95200017d047e","6a8275ba0f772dfe043edde9","2026-08-16 22:47"
"Tomek5_5","606e09423667bc0001ad663d","Conquistadorito","603801f090c95200017d047e","6a8275ba0f772dfe043edde9","2026-08-16 22:48"
"Tomek5_5","606e09423667bc0001ad663d","Conquistadorito","603801f090c95200017d047e","6a8275ba0f772dfe043edde9","2026-08-16 22:49"
"chief","66cabbab2d73885610b090ab","Grilled Negi","637d9e110e0274079e61acf1","6a827567bb20a4f7c974dd88","2026-08-16 22:49"
"Tomek5_5","606e09423667bc0001ad663d","Conquistadorito","603801f090c95200017d047e","6a8276250f772dfe043edec6","2026-08-16 22:50"
"unwrittencat","659b1e04a83479f364f5ae61","Tomek5_5","606e09423667bc0001ad663d","6a8276b1bb20a4f7c974e053","2026-08-16 22:51"
"unwrittencat","659b1e04a83479f364f5ae61","Tomek5_5","606e09423667bc0001ad663d","6a8276b1bb20a4f7c974e053","2026-08-16 22:51"
"Lodi","5788e5e5c2a0fb1304dba46c","Conquistadorito","603801f090c95200017d047e","6a8274d2bb20a4f7c974dc4d","2026-08-16 22:51"
"Norbert","61b40084a8414400018d958a","Lubec","5e974c906ea510372c1e444a","6a82764e947036f489775467","2026-08-16 22:52"
"Palmitas","69b33a815634cc416b9c7877","wang","64df30f334185dd27cf839a7","6a8274d50f772dfe043edc14","2026-08-16 22:52"
"Северная Звезда","624197cb0a09fe783347a232","Conquistadorito","603801f090c95200017d047e","6a8276760f772dfe043edf8a","2026-08-16 22:52"
"nemessis","6a68f0776670f9815653f016","Condoleezza My Rice","57bc59a8177ccfca483b1b49","6a8275bfbb20a4f7c974de39","2026-08-16 22:53"
"Tomek5_5","606e09423667bc0001ad663d","Conquistadorito","603801f090c95200017d047e","6a82771dbb20a4f7c974e145","2026-08-16 22:54"
"Yerofey Pavlovich","5c200f8d097d013a04bcd2a7","Sopka","6923e7101744c5356b0f457a","6a827523bb20a4f7c974dcf5","2026-08-16 22:54"
"chanchelix","6a01f3acc96e0cd450208f71","Rick Astley","64fce8cb8f2e9fbe3b42b979","6a8275b2bb20a4f7c974de1b","2026-08-16 22:54"
"Psylaris","59dad8dd5d2de4db8036e36c","Ilham Aliyev","67823628944bf415c9e5b9d9","6a8276490f772dfe043edf26","2026-08-16 22:55"
"Fxrzs","676edd67b060daec5f128233","雨又潇潇","635a7c4f940d8dc91bd25ec4","6a827604947036f4897753b4","2026-08-16 22:56"
"chief","66cabbab2d73885610b090ab","Lodi","5788e5e5c2a0fb1304dba46c","6a827743bb20a4f7c974e195","2026-08-16 22:56"
"wang","64df30f334185dd27cf839a7","Tomek5_5","606e09423667bc0001ad663d","6a827758947036f4897756b1","2026-08-16 22:57"
"Conquistadorito","603801f090c95200017d047e","Dumb American","6439eb2cff2ea2c2416028fc","6a8277b40f772dfe043ee245","2026-08-16 22:57"
"nemessis","6a68f0776670f9815653f016","Condoleezza My Rice","57bc59a8177ccfca483b1b49","6a82776bbb20a4f7c974e1db","2026-08-16 22:58"
"Conquistadorito","603801f090c95200017d047e","Dumb American","6439eb2cff2ea2c2416028fc","6a8277b40f772dfe043ee245","2026-08-16 22:58"
"Ilham Aliyev","67823628944bf415c9e5b9d9","chanchelix","6a01f3acc96e0cd450208f71","6a8277debb20a4f7c974e2c7","2026-08-16 22:59"
"Tomek5_5","606e09423667bc0001ad663d","雨又潇潇","635a7c4f940d8dc91bd25ec4","6a827859947036f4897758d7","2026-08-16 23:01"
"chanchelix","6a01f3acc96e0cd450208f71","Conquistadorito","603801f090c95200017d047e","6a8278d0bb20a4f7c974e523","2026-08-16 23:01"
"wang","64df30f334185dd27cf839a7","Tomek5_5","606e09423667bc0001ad663d","6a827873947036f489775912","2026-08-16 23:02"
"Lodi","5788e5e5c2a0fb1304dba46c","RupturingNebulas","68547edd73045641270e5a0c","6a8278310f772dfe043ee325","2026-08-16 23:02"
"Knowledge","5fa20214cb54e30001357d56","Conquistadorito","603801f090c95200017d047e","6a82789bbb20a4f7c974e4a7","2026-08-16 23:03"
"nemessis","6a68f0776670f9815653f016","Alexgcresi","6345556a4c45b8d6bfb809ea","6a8278c0bb20a4f7c974e4f0","2026-08-16 23:03"
"Ilham Aliyev","67823628944bf415c9e5b9d9","chief","66cabbab2d73885610b090ab","6a8278dfbb20a4f7c974e553","2026-08-16 23:03"
"Palmitas","69b33a815634cc416b9c7877","Lubec","5e974c906ea510372c1e444a","6a8277d1947036f48977579b","2026-08-16 23:04"
"雨又潇潇","635a7c4f940d8dc91bd25ec4","Tomek5_5","606e09423667bc0001ad663d","6a8279b0bb20a4f7c974e726","2026-08-16 23:05"
"chanchelix","6a01f3acc96e0cd450208f71","Tottenhamwisps","60ad03a48b6e1d00012f8e7e","6a8279460f772dfe043ee5b5","2026-08-16 23:05"
"Dumb American","6439eb2cff2ea2c2416028fc","Conquistadorito","603801f090c95200017d047e","6a8278fd947036f489775a23","2026-08-16 23:05"
"Knowledge","5fa20214cb54e30001357d56","Tomek5_5","606e09423667bc0001ad663d","6a827a0c947036f489775c68","2026-08-16 23:07"
"Ilham Aliyev","67823628944bf415c9e5b9d9","chief","66cabbab2d73885610b090ab","6a8279debb20a4f7c974e77c","2026-08-16 23:08"
"Tomek5_5","606e09423667bc0001ad663d","Knowledge","5fa20214cb54e30001357d56","6a827abc0f772dfe043ee908","2026-08-16 23:09"
"Conquistadorito","603801f090c95200017d047e","Hez1tred.","68274ac83004afb088d83eac","6a8279f2e4726b84698c3edc","2026-08-16 23:09"
"Dumb American","6439eb2cff2ea2c2416028fc","Grilled Negi","637d9e110e0274079e61acf1","6a827a47947036f489775cf7","2026-08-16 23:09"
"雨又潇潇","635a7c4f940d8dc91bd25ec4","wang","64df30f334185dd27cf839a7","6a827a5cbb20a4f7c974e8b1","2026-08-16 23:10"
"Lodi","5788e5e5c2a0fb1304dba46c","Conquistadorito","603801f090c95200017d047e","6a8279da0f772dfe043ee6fa","2026-08-16 23:11"
"wang","64df30f334185dd27cf839a7","Tomek5_5","606e09423667bc0001ad663d","6a827b61947036f489775fcb","2026-08-16 23:12"
"Dumb American","6439eb2cff2ea2c2416028fc","Grilled Negi","637d9e110e0274079e61acf1","6a827b4e775a2137840382da","2026-08-16 23:12"
"Mathias","650a2d21361d5316c35b4efe","Palmitas","69b33a815634cc416b9c7877","6a827a2fe4726b84698c3f5b","2026-08-16 23:13"
"wang","64df30f334185dd27cf839a7","Tomek5_5","606e09423667bc0001ad663d","6a827b61947036f489775fcb","2026-08-16 23:13"
"Hez1tred.","68274ac83004afb088d83eac","Conquistadorito","603801f090c95200017d047e","6a827b2f5978f1557317788a","2026-08-16 23:13"
"Tottenhamwisps","60ad03a48b6e1d00012f8e7e","chanchelix","6a01f3acc96e0cd450208f71","6a827a6e0f772dfe043ee83a","2026-08-16 23:15"
"Palmitas","69b33a815634cc416b9c7877","wang","64df30f334185dd27cf839a7","6a827c290f772dfe043eec43","2026-08-16 23:16"
"Conquistadorito","603801f090c95200017d047e","Dumb American","6439eb2cff2ea2c2416028fc","6a827bebbb20a4f7c974ecc1","2026-08-16 23:16"
"雨又潇潇","635a7c4f940d8dc91bd25ec4","Tomek5_5","606e09423667bc0001ad663d","6a827be8947036f4897760d0","2026-08-16 23:17"
"Ilham Aliyev","67823628944bf415c9e5b9d9","Lodi","5788e5e5c2a0fb1304dba46c","6a827bbc0f772dfe043eeb7f","2026-08-16 23:18"
"Conquistadorito","603801f090c95200017d047e","Dumb American","6439eb2cff2ea2c2416028fc","6a827bebbb20a4f7c974ecc1","2026-08-16 23:18"
"chanchelix","6a01f3acc96e0cd450208f71","Conquistadorito","603801f090c95200017d047e","6a827ca8bb20a4f7c974ee6b","2026-08-16 23:20"
"Dumb American","6439eb2cff2ea2c2416028fc","Conquistadorito","603801f090c95200017d047e","6a827ce7bb20a4f7c974eefe","2026-08-16 23:21"
"Dumb American","6439eb2cff2ea2c2416028fc","Conquistadorito","603801f090c95200017d047e","6a827ce7bb20a4f7c974eefe","2026-08-16 23:23"
"yac&cheese","645b0c20107fe29c924fb124","Conquistadorito","603801f090c95200017d047e","6a827e160f772dfe043ef088","2026-08-16 23:24"
"Azuryne","61e444e727627e00010d0fcd","Dumb American","6439eb2cff2ea2c2416028fc","6a827e93bb20a4f7c974f2f3","2026-08-16 23:25"
"yac&cheese","645b0c20107fe29c924fb124","Conquistadorito","603801f090c95200017d047e","6a827e160f772dfe043ef088","2026-08-16 23:25"
"GDrigXOツ","62d397b9283f387577c4aff8","AlyssaXO","697951452c7d617abab0dc61","6a827ecb0f772dfe043ef285","2026-08-16 23:28"
"Knowledge","5fa20214cb54e30001357d56","Conquistadorito","603801f090c95200017d047e","6a827f50e4726b84698c4891","2026-08-16 23:29"
"Azuryne","61e444e727627e00010d0fcd","路易十六","65337c686711b99177ed189b","6a827ef40f772dfe043ef2f7","2026-08-16 23:29"
"Ilham Aliyev","67823628944bf415c9e5b9d9","wang","64df30f334185dd27cf839a7","6a827e3f947036f4897765f0","2026-08-16 23:30"
"Knowledge","5fa20214cb54e30001357d56","Conquistadorito","603801f090c95200017d047e","6a827f50e4726b84698c4891","2026-08-16 23:30"
"chanchelix","6a01f3acc96e0cd450208f71","Conquistadorito","603801f090c95200017d047e","6a827f15947036f489776806","2026-08-16 23:32"
"Lodi","5788e5e5c2a0fb1304dba46c","せせせ","611b3959e24a780001e44b06","6a827f5f947036f4897768d8","2026-08-16 23:32"
"Gaizkaiser","61e67e2b8a1e1100013538d3","Norbert","61b40084a8414400018d958a","6a82801e947036f489776aa8","2026-08-16 23:33"
"路易十六","65337c686711b99177ed189b","Conquistadorito","603801f090c95200017d047e","6a827ff9947036f489776a50","2026-08-16 23:33"
"Norbert","61b40084a8414400018d958a","Gaizkaiser","61e67e2b8a1e1100013538d3","6a8280f5bb20a4f7c974f895","2026-08-16 23:37"
"Conquistadorito","603801f090c95200017d047e","wang","64df30f334185dd27cf839a7","6a8281480f772dfe043ef824","2026-08-16 23:37"
"路易十六","65337c686711b99177ed189b","Conquistadorito","603801f090c95200017d047e","6a828100947036f489776cb0","2026-08-16 23:38"
"Kome.jpeg","5bbdcfab2c01735208565bce","AlyssaXO","697951452c7d617abab0dc61","6a82806abb20a4f7c974f756","2026-08-16 23:38"
"Conquistadorito","603801f090c95200017d047e","TeRuanIsGod","67979da9c2328890129f177e","6a8281f8bb20a4f7c974facf","2026-08-16 23:39"
"Gaizkaiser","61e67e2b8a1e1100013538d3","wang","64df30f334185dd27cf839a7","6a8281e3947036f489776e96","2026-08-16 23:41"
"Conquistadorito","603801f090c95200017d047e","Grilled Negi","637d9e110e0274079e61acf1","6a8282190f772dfe043ef98f","2026-08-16 23:41"
"BarryTheBee","62be7867aa13616722f8dd4a","nowlo","67493198473744059fbb9736","6a82811b0f772dfe043ef7c9","2026-08-16 23:43"
"路易十六","65337c686711b99177ed189b","Ilham Aliyev","67823628944bf415c9e5b9d9","6a8281f2947036f489776eb9","2026-08-16 23:43"
"Kome.jpeg","5bbdcfab2c01735208565bce","Grilled Negi","637d9e110e0274079e61acf1","6a8282f0947036f489777095","2026-08-16 23:44"
"kober","67ad18a09e150413a5e6fa66","Conquistadorito","603801f090c95200017d047e","6a828344bb20a4f7c974fd1b","2026-08-16 23:46"
"kober","67ad18a09e150413a5e6fa66","Conquistadorito","603801f090c95200017d047e","6a828344bb20a4f7c974fd1b","2026-08-16 23:46"
"Lodi","5788e5e5c2a0fb1304dba46c","Kazuyanpi15","62f98280984cca8f85927223","6a828181bb20a4f7c974f9b5","2026-08-16 23:46"
"kober","67ad18a09e150413a5e6fa66","Conquistadorito","603801f090c95200017d047e","6a8283dc947036f48977727e","2026-08-16 23:49"
"yac&cheese","645b0c20107fe29c924fb124","Odinman9847","5c563ee498004e3174c2eccf","6a8283ea947036f489777293","2026-08-16 23:50"
"Palmitas","69b33a815634cc416b9c7877","Conquistadorito","603801f090c95200017d047e","6a828458bb20a4f7c974ff8b","2026-08-16 23:51"
"nowlo","67493198473744059fbb9736","[TNT] Kirania","5c14f357ff3dc98d883d182c","6a828389947036f4897771c3","2026-08-16 23:53"
"kober","67ad18a09e150413a5e6fa66","Conquistadorito","603801f090c95200017d047e","6a8284c30f772dfe043eff20","2026-08-16 23:54"
"Tottenhamwisps","60ad03a48b6e1d00012f8e7e","路易十六","65337c686711b99177ed189b","6a8283f0947036f4897772a4","2026-08-16 23:54"
"[FatSnail] SavetheSnail","591790fc1bba70b6146c6485","Conquistadorito","603801f090c95200017d047e","6a82847d947036f48977740a","2026-08-16 23:55"
"Lodi","5788e5e5c2a0fb1304dba46c","Conquistadorito","603801f090c95200017d047e","6a828513bb20a4f7c9750163","2026-08-16 23:57"
"AlyssaXO","697951452c7d617abab0dc61","Rick Astley","64fce8cb8f2e9fbe3b42b979","6a828578bb20a4f7c9750234","2026-08-16 23:57"
"Norbert","61b40084a8414400018d958a","Palmitas","69b33a815634cc416b9c7877","6a82854d0f772dfe043f001a","2026-08-16 23:59"
"kober","67ad18a09e150413a5e6fa66","路易十六","65337c686711b99177ed189b","6a8285abbb20a4f7c975028f","2026-08-16 23:59"
"Lodi","5788e5e5c2a0fb1304dba46c","Conquistadorito","603801f090c95200017d047e","6a828513bb20a4f7c9750163","2026-08-16 23:59"
"daes","603a39d190c95200017e30a2","Bazreia","596014fbf97df993145b15d0","6a8286800f772dfe043f02ec","2026-08-16 23:59"
