"wisps","60ad03a48b6e1d00012f8e7e","Bravious","608f43fa0d0e0d0001d2abde","6a9ce477d6156877e12113df","2026-09-06 00:00"
"[FatSnail] SavetheSnail","591790fc1bba70b6146c6485","pas bon","6138c0b02041ad0001a01eae","6a9ce4e45a43d0a64f97aeee","2026-09-06 00:01"
"Trexor","60b6b26b7398830001d3b83c","trrrrrrrrrrr","69d9879b413bbbdd23696a47","6a9ce443d6156877e1211331","2026-09-06 00:01"
"捲菸的菸草不來自後山","6372795ba9204b943dd562cf","Ringo (chatbanned)","6046c8a097019400018ea4cf","6a9ce4c5d6156877e1211482","2026-09-06 00:03"
"WindyMirage774","661c9b427222970e307aff01","wisps","60ad03a48b6e1d00012f8e7e","6a9ce57bb841a990e0b81e2a","2026-09-06 00:04"
"nitro","631d3543233913017a7ac6c6","Giancarlo Esposito","68e85bdb3f2cbbe915cbcd3d","6a9ce4bb5a43d0a64f97ae6c","2026-09-06 00:05"
"Fenrys","60d8c06ddcd6370001961252","eladio","6594e77717360fe0d27e44d5","6a9ce3f0b841a990e0b819de","2026-09-06 00:05"
"Fenrys","60d8c06ddcd6370001961252","sva","67a710249d75e04dff436d40","6a9ce658d6156877e1211a4e","2026-09-06 00:07"
"[FatSnail] SavetheSnail","591790fc1bba70b6146c6485","fishyy","5f21225bac988f00018aff93","6a9ce60ed6156877e12119ac","2026-09-06 00:08"
"parsec","670c184c705e783701c753c0","SigmaLigma","641e0c54c1155de1803057b1","6a9ce506d6156877e1211538","2026-09-06 00:08"
"wisps","60ad03a48b6e1d00012f8e7e","WindyMirage774","661c9b427222970e307aff01","6a9ce62e5a43d0a64f97b3ae","2026-09-06 00:09"
"[FatSnail] SavetheSnail","591790fc1bba70b6146c6485","fishyy","5f21225bac988f00018aff93","6a9ce729d6156877e1211c73","2026-09-06 00:11"
"nitro","631d3543233913017a7ac6c6","Giancarlo Esposito","68e85bdb3f2cbbe915cbcd3d","6a9ce662b841a990e0b82183","2026-09-06 00:12"
"Bravious","608f43fa0d0e0d0001d2abde","Savagewalrus921","5f5a40e1cbd6d20001dce11d","6a9ce549d6156877e1211670","2026-09-06 00:12"
"sva","67a710249d75e04dff436d40","SigmaLigma","641e0c54c1155de1803057b1","6a9ce711b841a990e0b822b2","2026-09-06 00:14"
"Ringo (chatbanned)","6046c8a097019400018ea4cf","Psylaris","59dad8dd5d2de4db8036e36c","6a9ce5fe3f1a67370ecb2f96","2026-09-06 00:15"
"wisps","60ad03a48b6e1d00012f8e7e","WindyMirage774","661c9b427222970e307aff01","6a9ce77e3f1a67370ecb332f","2026-09-06 00:17"
"기니","67493198473744059fbb9736","BarryTheBee","62be7867aa13616722f8dd4a","6a9ce6bdd6156877e1211b52","2026-09-06 00:18"
"nitro","631d3543233913017a7ac6c6","Giancarlo Esposito","68e85bdb3f2cbbe915cbcd3d","6a9ce8045a43d0a64f97ba45","2026-09-06 00:18"
"eladio","6594e77717360fe0d27e44d5","Fenrys","60d8c06ddcd6370001961252","6a9ce6eb3f1a67370ecb31f4","2026-09-06 00:18"
"fishyy","5f21225bac988f00018aff93","[FatSnail] SavetheSnail","591790fc1bba70b6146c6485","6a9ce83c205b30231b3c0935","2026-09-06 00:18"
"Surgut sand","5ec369eae7115241a4e75beb","TSCViperz","5ee9188996009f461845d877","6a9ce934d6156877e12123f2","2026-09-06 00:19"
"Giancarlo Esposito","68e85bdb3f2cbbe915cbcd3d","Eddie","5695b1e1838cda1838015d4b","6a9ce9f0d6156877e12125b8","2026-09-06 00:24"
"Ringo (chatbanned)","6046c8a097019400018ea4cf","捲菸的菸草不來自後山","6372795ba9204b943dd562cf","6a9ce997b841a990e0b82c43","2026-09-06 00:24"
"[FatSnail] SavetheSnail","591790fc1bba70b6146c6485","fishyy","5f21225bac988f00018aff93","6a9ce98eb841a990e0b82c24","2026-09-06 00:24"
"sva","67a710249d75e04dff436d40","JoguessR","633dc7c5d5114aab59533f52","6a9ce900b841a990e0b82a3d","2026-09-06 00:24"
"Trexor","60b6b26b7398830001d3b83c","ぷれんと","5e6cf3a7d51dd6300c8bcabd","6a9ce8cb3f1a67370ecb37d5","2026-09-06 00:27"
"Fenrys","60d8c06ddcd6370001961252","eladio","6594e77717360fe0d27e44d5","6a9cea5bb841a990e0b82f08","2026-09-06 00:28"
"Surgut sand","5ec369eae7115241a4e75beb","WindyMirage774","661c9b427222970e307aff01","6a9ce9be5a43d0a64f97c002","2026-09-06 00:28"
"BarryTheBee","62be7867aa13616722f8dd4a","기니","67493198473744059fbb9736","6a9ce9edd6156877e12125b4","2026-09-06 00:29"
"fishyy","5f21225bac988f00018aff93","[FatSnail] SavetheSnail","591790fc1bba70b6146c6485","6a9cead2d6156877e1212937","2026-09-06 00:29"
"まっちゃあいす","63c5614f750d5027f914c047","sva","67a710249d75e04dff436d40","6a9ceaf0b841a990e0b8313f","2026-09-06 00:29"
"Surgut sand","5ec369eae7115241a4e75beb","TSCViperz","5ee9188996009f461845d877","6a9cebabd6156877e1212bbc","2026-09-06 00:29"
"Giancarlo Esposito","68e85bdb3f2cbbe915cbcd3d","nitro","631d3543233913017a7ac6c6","6a9ceb61d6156877e1212ae6","2026-09-06 00:32"
"tom","613563da6ab4770001681b9a","[FatSnail] SavetheSnail","591790fc1bba70b6146c6485","6a9cec055a43d0a64f97c798","2026-09-06 00:34"
"JoguessR","633dc7c5d5114aab59533f52","sva","67a710249d75e04dff436d40","6a9cec2a5a43d0a64f97c7d9","2026-09-06 00:34"
"WindyMirage774","661c9b427222970e307aff01","れい（Rey）","6444afc0c30fa09317b315fc","6a9cebe25a43d0a64f97c761","2026-09-06 00:34"
"nitro","631d3543233913017a7ac6c6","Giancarlo Esposito","68e85bdb3f2cbbe915cbcd3d","6a9cecc73f1a67370ecb4279","2026-09-06 00:36"
"fishyy","5f21225bac988f00018aff93","Surgut sand","5ec369eae7115241a4e75beb","6a9cec42b841a990e0b834f7","2026-09-06 00:36"
"BlackShark","61f04538cc54700001a27678","squarehousesonhokkaido","69ad74a684477b7c30fac8c6","6a9cec1fd6156877e1212cca","2026-09-06 00:36"
"捲菸的菸草不來自後山","6372795ba9204b943dd562cf","a-you","5e93a3443d4b6a5af4f11b0b","6a9ced225a43d0a64f97c986","2026-09-06 00:38"
"nitro","631d3543233913017a7ac6c6","Giancarlo Esposito","68e85bdb3f2cbbe915cbcd3d","6a9ced89d6156877e1212f57","2026-09-06 00:39"
"tom","613563da6ab4770001681b9a","WindyMirage774","661c9b427222970e307aff01","6a9ced3e3f1a67370ecb432c","2026-09-06 00:39"
"wisps","60ad03a48b6e1d00012f8e7e","れい（Rey）","6444afc0c30fa09317b315fc","6a9ced99d6156877e1212f6e","2026-09-06 00:39"
"JoguessR","633dc7c5d5114aab59533f52","Fenrys","60d8c06ddcd6370001961252","6a9ced37b841a990e0b83697","2026-09-06 00:41"
"sva","67a710249d75e04dff436d40","BlackShark","61f04538cc54700001a27678","6a9ced98d6156877e1212f6c","2026-09-06 00:41"
"fishyy","5f21225bac988f00018aff93","tom","613563da6ab4770001681b9a","6a9cee815a43d0a64f97cc1a","2026-09-06 00:42"
"WindyMirage774","661c9b427222970e307aff01","Dasi","60646de64f3a8e00016fae55","6a9cee805a43d0a64f97cc17","2026-09-06 00:42"
"nitro","631d3543233913017a7ac6c6","Giancarlo Esposito","68e85bdb3f2cbbe915cbcd3d","6a9cee79d6156877e12131b5","2026-09-06 00:45"
"Fenrys","60d8c06ddcd6370001961252","sva","67a710249d75e04dff436d40","6a9ceee65a43d0a64f97cd0d","2026-09-06 00:46"
"fishyy","5f21225bac988f00018aff93","WindyMirage774","661c9b427222970e307aff01","6a9cefd4d6156877e121341f","2026-09-06 00:47"
"𝓯𝓻𝓮𝓪𝓴𝔂 scarlocck","671b07117678ed42697349ee","a-you","5e93a3443d4b6a5af4f11b0b","6a9cee18d6156877e12130b3","2026-09-06 00:47"
"JoguessR","633dc7c5d5114aab59533f52","Dasi","60646de64f3a8e00016fae55","6a9cef275a43d0a64f97cdaf","2026-09-06 00:47"
"BlackShark","61f04538cc54700001a27678","れい（Rey）","6444afc0c30fa09317b315fc","6a9cef515a43d0a64f97ce1a","2026-09-06 00:49"
"雨又潇潇","635a7c4f940d8dc91bd25ec4","a-you","5e93a3443d4b6a5af4f11b0b","6a9cf0165a43d0a64f97cf7d","2026-09-06 00:50"
"Dasi","60646de64f3a8e00016fae55","pas bon","6138c0b02041ad0001a01eae","6a9cf03dd6156877e12134f4","2026-09-06 00:51"
"Fenrys","60d8c06ddcd6370001961252","sva","67a710249d75e04dff436d40","6a9ceff15a43d0a64f97cf3a","2026-09-06 00:52"
"tom","613563da6ab4770001681b9a","fishyy","5f21225bac988f00018aff93","6a9cf0bc5a43d0a64f97d0e6","2026-09-06 00:53"
"BlackShark","61f04538cc54700001a27678","れい（Rey）","6444afc0c30fa09317b315fc","6a9cf0afb841a990e0b83cbe","2026-09-06 00:53"
"nitro","631d3543233913017a7ac6c6","Giancarlo Esposito","68e85bdb3f2cbbe915cbcd3d","6a9cefd9d6156877e1213429","2026-09-06 00:54"
"fishyy","5f21225bac988f00018aff93","雨又潇潇","635a7c4f940d8dc91bd25ec4","6a9cf18cb841a990e0b83e12","2026-09-06 00:56"
"a-you","5e93a3443d4b6a5af4f11b0b","JoguessR","633dc7c5d5114aab59533f52","6a9cf0fcd6156877e1213662","2026-09-06 00:56"
"Dasi","60646de64f3a8e00016fae55","WindyMirage774","661c9b427222970e307aff01","6a9cf13d3f1a67370ecb4917","2026-09-06 00:57"
"BlackShark","61f04538cc54700001a27678","sva","67a710249d75e04dff436d40","6a9cf17cb841a990e0b83de9","2026-09-06 00:58"
"Giancarlo Esposito","68e85bdb3f2cbbe915cbcd3d","nitro","631d3543233913017a7ac6c6","6a9cf1d25a43d0a64f97d2c4","2026-09-06 00:59"
"tom","613563da6ab4770001681b9a","Ringo (chatbanned)","6046c8a097019400018ea4cf","6a9cf24c3f1a67370ecb4a7d","2026-09-06 00:59"
"wisps","60ad03a48b6e1d00012f8e7e","れい（Rey）","6444afc0c30fa09317b315fc","6a9cf2e2b841a990e0b8400d","2026-09-06 01:01"
"nitro","631d3543233913017a7ac6c6","Giancarlo Esposito","68e85bdb3f2cbbe915cbcd3d","6a9cf2fcd6156877e1213a36","2026-09-06 01:02"
"fishyy","5f21225bac988f00018aff93","雨又潇潇","635a7c4f940d8dc91bd25ec4","6a9cf288d6156877e121396f","2026-09-06 01:03"
"Fenrys","60d8c06ddcd6370001961252","a-you","5e93a3443d4b6a5af4f11b0b","6a9cf2355a43d0a64f97d373","2026-09-06 01:03"
"sva","67a710249d75e04dff436d40","BlackShark","61f04538cc54700001a27678","6a9cf2b75a43d0a64f97d456","2026-09-06 01:03"
"WindyMirage774","661c9b427222970e307aff01","Ran","66afa1dd844e1ade19b86da3","6a9cf284b841a990e0b83f8f","2026-09-06 01:04"
"雨又潇潇","635a7c4f940d8dc91bd25ec4","fishyy","5f21225bac988f00018aff93","6a9cf405d6156877e1213bc5","2026-09-06 01:07"
"Giancarlo Esposito","68e85bdb3f2cbbe915cbcd3d","nitro","631d3543233913017a7ac6c6","6a9cf3bf5a43d0a64f97d620","2026-09-06 01:08"
"a-you","5e93a3443d4b6a5af4f11b0b","Fenrys","60d8c06ddcd6370001961252","6a9cf3fad6156877e1213bae","2026-09-06 01:08"
"parsec","670c184c705e783701c753c0","Ringo (chatbanned)","6046c8a097019400018ea4cf","6a9cf3d0d6156877e1213b6c","2026-09-06 01:08"
"BlackShark","61f04538cc54700001a27678","sva","67a710249d75e04dff436d40","6a9cf41acd72607d3d154e7b","2026-09-06 01:08"
"a-you","5e93a3443d4b6a5af4f11b0b","fishyy","5f21225bac988f00018aff93","6a9cf528d6156877e1213e00","2026-09-06 01:11"
"sva","67a710249d75e04dff436d40","Try2hedge","66e8421d3844c6998075eff3","6a9cf5253f1a67370ecb4ee7","2026-09-06 01:12"
"WindyMirage774","661c9b427222970e307aff01","Ran","66afa1dd844e1ade19b86da3","6a9cf4cbd6156877e1213d6c","2026-09-06 01:12"
"기니","67493198473744059fbb9736","BarryTheBee","62be7867aa13616722f8dd4a","6a9cf2b3d6156877e12139bf","2026-09-06 01:13"
"雨又潇潇","635a7c4f940d8dc91bd25ec4","Ringo (chatbanned)","6046c8a097019400018ea4cf","6a9cf521d6156877e1213df5","2026-09-06 01:13"
"fishyy","5f21225bac988f00018aff93","keyo","63b0355078556747fa516558","6a9cf613d6156877e1213f7e","2026-09-06 01:13"
"Giancarlo Esposito","68e85bdb3f2cbbe915cbcd3d","nitro","631d3543233913017a7ac6c6","6a9cf50b3f1a67370ecb4ed0","2026-09-06 01:15"
"Ringo (chatbanned)","6046c8a097019400018ea4cf","Anonymous","617f7cfb9dffd50001875a3f","6a9cf64e5a43d0a64f97da32","2026-09-06 01:17"
"Joshkabloomy","604c5a52e142340001a0a666","sva","67a710249d75e04dff436d40","6a9cf60bd6156877e1213f72","2026-09-06 01:17"
"nitro","631d3543233913017a7ac6c6","Giancarlo Esposito","68e85bdb3f2cbbe915cbcd3d","6a9cf6bb5a43d0a64f97dac6","2026-09-06 01:18"
"Ringo (chatbanned)","6046c8a097019400018ea4cf","Anonymous","617f7cfb9dffd50001875a3f","6a9cf757d6156877e12141bb","2026-09-06 01:19"
"雨又潇潇","635a7c4f940d8dc91bd25ec4","fishyy","5f21225bac988f00018aff93","6a9cf65fd6156877e1213fe8","2026-09-06 01:20"
"Joshkabloomy","604c5a52e142340001a0a666","sva","67a710249d75e04dff436d40","6a9cf7255a43d0a64f97dbd5","2026-09-06 01:21"
"Giancarlo Esposito","68e85bdb3f2cbbe915cbcd3d","nitro","631d3543233913017a7ac6c6","6a9cf77cd6156877e1214206","2026-09-06 01:22"
"Fenrys","60d8c06ddcd6370001961252","keyo","63b0355078556747fa516558","6a9cf698d6156877e1214048","2026-09-06 01:22"
"wisps","60ad03a48b6e1d00012f8e7e","WindyMirage774","661c9b427222970e307aff01","6a9cf7fe3f1a67370ecb5392","2026-09-06 01:22"
"Ringo (chatbanned)","6046c8a097019400018ea4cf","Anonymous","617f7cfb9dffd50001875a3f","6a9cf7b7d6156877e12142df","2026-09-06 01:24"
"nitro","631d3543233913017a7ac6c6","Giancarlo Esposito","68e85bdb3f2cbbe915cbcd3d","6a9cf8665a43d0a64f97de62","2026-09-06 01:25"
"keyo","63b0355078556747fa516558","雨又潇潇","635a7c4f940d8dc91bd25ec4","6a9cf8665a43d0a64f97de63","2026-09-06 01:25"
"WaiWai","621f7436f0bf520001066b61","れい（Rey）","6444afc0c30fa09317b315fc","6a9cf6d0d6156877e12140a2","2026-09-06 01:25"
"Anonymous","617f7cfb9dffd50001875a3f","捲菸的菸草不來自後山","6372795ba9204b943dd562cf","6a9cf8dad6156877e1214542","2026-09-06 01:28"
"Fenrys","60d8c06ddcd6370001961252","duskron","60e6fefd864e960001667155","6a9cf8ca5a43d0a64f97df91","2026-09-06 01:30"
"Ringo (chatbanned)","6046c8a097019400018ea4cf","Coco","643efb0c135092a962eb1751","6a9cf8de3f1a67370ecb553f","2026-09-06 01:31"
"nitro","631d3543233913017a7ac6c6","Giancarlo Esposito","68e85bdb3f2cbbe915cbcd3d","6a9cf92a9a5ebf32bef026be","2026-09-06 01:32"
"ken(retired)","633f713b8c050fa35270d9e6","れい（Rey）","6444afc0c30fa09317b315fc","6a9cf9c8d6156877e1214765","2026-09-06 01:33"
"Anonymous","617f7cfb9dffd50001875a3f","捲菸的菸草不來自後山","6372795ba9204b943dd562cf","6a9cf9fed6156877e12147bf","2026-09-06 01:35"
"nitro","631d3543233913017a7ac6c6","Giancarlo Esposito","68e85bdb3f2cbbe915cbcd3d","6a9cfab9d6156877e1214940","2026-09-06 01:38"
"wisps","60ad03a48b6e1d00012f8e7e","Ringo (chatbanned)","6046c8a097019400018ea4cf","6a9cfae0d6156877e1214981","2026-09-06 01:38"
"Coco","643efb0c135092a962eb1751","Fenrys","60d8c06ddcd6370001961252","6a9cfa8f3f1a67370ecb58b7","2026-09-06 01:41"
"捲菸的菸草不來自後山","6372795ba9204b943dd562cf","Anonymous","617f7cfb9dffd50001875a3f","6a9cfb7d5a43d0a64f97e51d","2026-09-06 01:41"
"ken(retired)","633f713b8c050fa35270d9e6","れい（Rey）","6444afc0c30fa09317b315fc","6a9cfb27d6156877e1214a2a","2026-09-06 01:41"
"Bëni Gulasa","626c9acefc34d1f69c605565","WaiWai","621f7436f0bf520001066b61","6a9cfb66b841a990e0b85095","2026-09-06 01:42"
"keyo","63b0355078556747fa516558","Ringo (chatbanned)","6046c8a097019400018ea4cf","6a9cfc0e5a43d0a64f97e688","2026-09-06 01:45"
"wisps","60ad03a48b6e1d00012f8e7e","Anonymous","617f7cfb9dffd50001875a3f","6a9cfd925a43d0a64f97e928","2026-09-06 01:47"
"ken(retired)","633f713b8c050fa35270d9e6","Bëni Gulasa","626c9acefc34d1f69c605565","6a9cfd3a5a43d0a64f97e861","2026-09-06 01:49"
"Anonymous","617f7cfb9dffd50001875a3f","Ringo (chatbanned)","6046c8a097019400018ea4cf","6a9cfe2ad6156877e1215005","2026-09-06 01:50"
"Coco","643efb0c135092a962eb1751","Fenrys","60d8c06ddcd6370001961252","6a9cfcf8d6156877e1214d7d","2026-09-06 01:51"
"Anonymous","617f7cfb9dffd50001875a3f","Ringo (chatbanned)","6046c8a097019400018ea4cf","6a9cfeefb841a990e0b8566a","2026-09-06 01:54"
"Bëni Gulasa","626c9acefc34d1f69c605565","WaiWai","621f7436f0bf520001066b61","6a9cfec4d6156877e121510c","2026-09-06 01:54"
"ken(retired)","633f713b8c050fa35270d9e6","wisps","60ad03a48b6e1d00012f8e7e","6a9cfefbd6156877e1215152","2026-09-06 01:54"
"wisps","60ad03a48b6e1d00012f8e7e","ken(retired)","633f713b8c050fa35270d9e6","6a9d000e5a43d0a64f97ede7","2026-09-06 01:57"
"Ringo (chatbanned)","6046c8a097019400018ea4cf","Anonymous","617f7cfb9dffd50001875a3f","6a9cffefd6156877e12152ef","2026-09-06 01:59"
"Anonymous","617f7cfb9dffd50001875a3f","wisps","60ad03a48b6e1d00012f8e7e","6a9d016dd6156877e12155b1","2026-09-06 02:04"
"Bëni Gulasa","626c9acefc34d1f69c605565","Bazreia","596014fbf97df993145b15d0","6a9cffd5b841a990e0b85803","2026-09-06 02:05"
"Coco","643efb0c135092a962eb1751","Ringo (chatbanned)","6046c8a097019400018ea4cf","6a9d0103d6156877e12154d0","2026-09-06 02:07"
"Anonymous","617f7cfb9dffd50001875a3f","雨又潇潇","635a7c4f940d8dc91bd25ec4","6a9d02455a43d0a64f97f222","2026-09-06 02:07"
"雨又潇潇","635a7c4f940d8dc91bd25ec4","Anonymous","617f7cfb9dffd50001875a3f","6a9d02f25a43d0a64f97f39b","2026-09-06 02:09"
"Anonymous","617f7cfb9dffd50001875a3f","雨又潇潇","635a7c4f940d8dc91bd25ec4","6a9d035dd6156877e12159cd","2026-09-06 02:12"
"wisps","60ad03a48b6e1d00012f8e7e","OnkeGG","6912d873ef3380557dd45eec","6a9d02f2d6156877e12158e5","2026-09-06 02:12"
"Ringo (chatbanned)","6046c8a097019400018ea4cf","Jayden","61f149e3c24ced00015b4777","6a9d03415a43d0a64f97f42b","2026-09-06 02:14"
"OnkeGG","6912d873ef3380557dd45eec","Jayden","61f149e3c24ced00015b4777","6a9d04845a43d0a64f97f6cf","2026-09-06 02:15"
"雨又潇潇","635a7c4f940d8dc91bd25ec4","Anonymous","617f7cfb9dffd50001875a3f","6a9d04225a43d0a64f97f5f0","2026-09-06 02:16"
"雨又潇潇","635a7c4f940d8dc91bd25ec4","Coco","643efb0c135092a962eb1751","6a9d05213f1a67370ecb6b18","2026-09-06 02:19"
"Anonymous","617f7cfb9dffd50001875a3f","雨又潇潇","635a7c4f940d8dc91bd25ec4","6a9d05d35a43d0a64f97f9c4","2026-09-06 02:21"
"Bms432","5d75a280b4ec1705ecdb7cf0","Kayden","5759d0d2c3eb4f349c4974fa","6a9d0635b841a990e0b86535","2026-09-06 02:24"
"Coco","643efb0c135092a962eb1751","vukGG","6384aef735180c664babf36e","6a9d06005a43d0a64f97fa2f","2026-09-06 02:25"
"기니","67493198473744059fbb9736","しよえ　Shiyoe","6375a42d001fcb9df8d226d9","6a9d05f6d6156877e1215f85","2026-09-06 02:27"
"Anonymous","617f7cfb9dffd50001875a3f","雨又潇潇","635a7c4f940d8dc91bd25ec4","6a9d06745a43d0a64f97fb03","2026-09-06 02:28"
"Bms432","5d75a280b4ec1705ecdb7cf0","Kayden","5759d0d2c3eb4f349c4974fa","6a9d06f0d6156877e121619b","2026-09-06 02:29"
"Anonymous","617f7cfb9dffd50001875a3f","雨又潇潇","635a7c4f940d8dc91bd25ec4","6a9d07f7d6156877e12163fb","2026-09-06 02:30"
"无关风月","67a628b703077ed0dfbe96f6","Kayden","5759d0d2c3eb4f349c4974fa","6a9d07fed6156877e1216414","2026-09-06 02:33"
"しよえ　Shiyoe","6375a42d001fcb9df8d226d9","Coco","643efb0c135092a962eb1751","6a9d083bd6156877e12164a7","2026-09-06 02:36"
"Coco","643efb0c135092a962eb1751","しよえ　Shiyoe","6375a42d001fcb9df8d226d9","6a9d09fa5a43d0a64f980196","2026-09-06 02:40"
"ましろ","60622a237c864a00019b5334","vodka","69af925337439948a892db80","6a9d0a80b841a990e0b86c68","2026-09-06 02:41"
"しよえ　Shiyoe","6375a42d001fcb9df8d226d9","Coco","643efb0c135092a962eb1751","6a9d0ac75a43d0a64f9802e5","2026-09-06 02:48"
"Bms432","5d75a280b4ec1705ecdb7cf0","ぷれんと","5e6cf3a7d51dd6300c8bcabd","6a9d0b4b5a43d0a64f9803c0","2026-09-06 02:48"
"기니","67493198473744059fbb9736","aero","6204e99c582e1f0001bd9a43","6a9d0c6d3f1a67370ecb764e","2026-09-06 02:51"
"BlackShark","61f04538cc54700001a27678","cano","68f52475a80eb88d63b492ba","6a9d0c5dd6156877e1216b8a","2026-09-06 02:52"
"Wijn.","657979f3db414bd0da540f23","Styy","64ad2511ee774894b957fb3b","6a9d0b6eb841a990e0b86d9f","2026-09-06 02:53"
"BlackShark","61f04538cc54700001a27678","NoruJumping","5c5817f33d925bc96cd177e7","6a9d0d8dd6156877e1216de7","2026-09-06 02:54"
"Ringo (chatbanned)","6046c8a097019400018ea4cf","OnkeGG","6912d873ef3380557dd45eec","6a9d0d795a43d0a64f98077a","2026-09-06 02:55"
"ましろ","60622a237c864a00019b5334","Khia","62b3dd64fa2c6ce9ff5a42fb","6a9d0d9a5a43d0a64f9807da","2026-09-06 02:55"
"Jayden","61f149e3c24ced00015b4777","ALT POLIZIA","68d14c48a12767387be3a538","6a9d0cd55a43d0a64f980664","2026-09-06 02:57"
"Bms432","5d75a280b4ec1705ecdb7cf0","121 MeriDian E","66c0479c515ebf2ff7a660b5","6a9d0cb5d6156877e1216c25","2026-09-06 02:57"
"기니","67493198473744059fbb9736","aero","6204e99c582e1f0001bd9a43","6a9d0d6b5a43d0a64f98075c","2026-09-06 02:59"
"eladio","6594e77717360fe0d27e44d5","Coco","643efb0c135092a962eb1751","6a9d0d19461b6a707a7c2555","2026-09-06 03:00"
"ましろ","60622a237c864a00019b5334","BlackShark","61f04538cc54700001a27678","6a9d0e475a43d0a64f9808f0","2026-09-06 03:00"
"NoruJumping","5c5817f33d925bc96cd177e7","LostWithDaus","689602447074bdfc403c8e9a","6a9d0e15b841a990e0b8722e","2026-09-06 03:02"
"Ringo (chatbanned)","6046c8a097019400018ea4cf","Coco","643efb0c135092a962eb1751","6a9d0f583f1a67370ecb7a8b","2026-09-06 03:05"
"sva","67a710249d75e04dff436d40","OnkeGG","6912d873ef3380557dd45eec","6a9d0e793f1a67370ecb78fc","2026-09-06 03:05"
"Jayden","61f149e3c24ced00015b4777","ALT POLIZIA","68d14c48a12767387be3a538","6a9d0ea7d6156877e1216fa7","2026-09-06 03:07"
"ましろ","60622a237c864a00019b5334","BlackShark","61f04538cc54700001a27678","6a9d0f693f1a67370ecb7a9e","2026-09-06 03:07"
"OnkeGG","6912d873ef3380557dd45eec","路易十六","65337c686711b99177ed189b","6a9d106e5a43d0a64f980c96","2026-09-06 03:08"
"eladio","6594e77717360fe0d27e44d5","Elori","57d698c209f2ef93b8572689","6a9d0ff25a43d0a64f980be5","2026-09-06 03:10"
"NoruJumping","5c5817f33d925bc96cd177e7","LostWithDaus","689602447074bdfc403c8e9a","6a9d0ff05a43d0a64f980be0","2026-09-06 03:11"
"Bms432","5d75a280b4ec1705ecdb7cf0","WaiWai","621f7436f0bf520001066b61","6a9d10f9b841a990e0b87697","2026-09-06 03:12"
"BlackShark","61f04538cc54700001a27678","ALT POLIZIA","68d14c48a12767387be3a538","6a9d11075a43d0a64f980d96","2026-09-06 03:13"
"Axel","62bd3ee10958bff9fbeff77a","Jayden","61f149e3c24ced00015b4777","6a9d110fb841a990e0b876c1","2026-09-06 03:14"
"しよえ　Shiyoe","6375a42d001fcb9df8d226d9","Coco","643efb0c135092a962eb1751","6a9d10a45a43d0a64f980cf4","2026-09-06 03:15"
"chilemasterballking","64c4d20a8f7b73c424913e00","Zezeshaka","60a4bf78880a050001dcaa70","6a9d1240d6156877e12176bc","2026-09-06 03:15"
"ましろ","60622a237c864a00019b5334","路易十六","65337c686711b99177ed189b","6a9d11485a43d0a64f980e01","2026-09-06 03:15"
"chilemasterballking","64c4d20a8f7b73c424913e00","Axel","62bd3ee10958bff9fbeff77a","6a9d12d15a43d0a64f9810bf","2026-09-06 03:17"
"Bms432","5d75a280b4ec1705ecdb7cf0","WaiWai","621f7436f0bf520001066b61","6a9d12655a43d0a64f981020","2026-09-06 03:18"
"OnkeGG","6912d873ef3380557dd45eec","sva","67a710249d75e04dff436d40","6a9d1202b841a990e0b87836","2026-09-06 03:19"
"路易十六","65337c686711b99177ed189b","Zezeshaka","60a4bf78880a050001dcaa70","6a9d12cfd6156877e12177f3","2026-09-06 03:19"
"kcd","5aef47d3b18d0894c4ffe297","Prometheus","64da2edded0ce01ab055723e","6a9d12b33f1a67370ecb7faf","2026-09-06 03:20"
"ましろ","60622a237c864a00019b5334","BlackShark","61f04538cc54700001a27678","6a9d12c55a43d0a64f9810aa","2026-09-06 03:21"
"MiniKochi #1 FAN","63d29ada31674327ca09c658","Coco","643efb0c135092a962eb1751","6a9d12f8d6156877e1217835","2026-09-06 03:22"
"ALT POLIZIA","68d14c48a12767387be3a538","Bms432","5d75a280b4ec1705ecdb7cf0","6a9d13acb841a990e0b87ae2","2026-09-06 03:22"
"chilemasterballking","64c4d20a8f7b73c424913e00","Raqhi","67d48df5e116b8cd2a7fa3f7","6a9d1372d6156877e121790f","2026-09-06 03:23"
"NoruJumping","5c5817f33d925bc96cd177e7","izakMicrosoft","621417f119f1c30001e662c0","6a9d13513f1a67370ecb8094","2026-09-06 03:24"
"Kenjin","6917549db14de91e7a2e919d","Coco","643efb0c135092a962eb1751","6a9d14cf5a43d0a64f981405","2026-09-06 03:25"
"fishyy","5f21225bac988f00018aff93","boulgour","5b4d54f6f1dad60dd82b7c8a","6a9d149cb841a990e0b87c66","2026-09-06 03:26"
"Zezeshaka","60a4bf78880a050001dcaa70","路易十六","65337c686711b99177ed189b","6a9d13b4d6156877e1217986","2026-09-06 03:26"
"kcd","5aef47d3b18d0894c4ffe297","vukGG","6384aef735180c664babf36e","6a9d15125a43d0a64f981479","2026-09-06 03:27"
"sva","67a710249d75e04dff436d40","ましろ","60622a237c864a00019b5334","6a9d14505a43d0a64f98134c","2026-09-06 03:27"
"Zezeshaka","60a4bf78880a050001dcaa70","ALT POLIZIA","68d14c48a12767387be3a538","6a9d15573f1a67370ecb8382","2026-09-06 03:27"
"NoruJumping","5c5817f33d925bc96cd177e7","ALT POLIZIA","68d14c48a12767387be3a538","6a9d153a3f1a67370ecb8366","2026-09-06 03:27"
"eladio","6594e77717360fe0d27e44d5","Axel","62bd3ee10958bff9fbeff77a","6a9d13b85a43d0a64f981239","2026-09-06 03:28"
"Ringo (chatbanned)","6046c8a097019400018ea4cf","しよえ　Shiyoe","6375a42d001fcb9df8d226d9","6a9d1371d6156877e121790e","2026-09-06 03:28"
"BlackShark","61f04538cc54700001a27678","Raqhi","67d48df5e116b8cd2a7fa3f7","6a9d14dbb841a990e0b87cba","2026-09-06 03:28"
"vukGG","6384aef735180c664babf36e","fishyy","5f21225bac988f00018aff93","6a9d15beb841a990e0b87e17","2026-09-06 03:29"
"NoruJumping","5c5817f33d925bc96cd177e7","Zezeshaka","60a4bf78880a050001dcaa70","6a9d15bad6156877e1217d80","2026-09-06 03:29"
"Axel","62bd3ee10958bff9fbeff77a","Raqhi","67d48df5e116b8cd2a7fa3f7","6a9d1607d6156877e1217de9","2026-09-06 03:30"
"기니","67493198473744059fbb9736","rileyrhino4wc2027","63b6a120ed1bf0b1b513dfb8","6a9d1349d6156877e12178e4","2026-09-06 03:31"
"ましろ","60622a237c864a00019b5334","sva","67a710249d75e04dff436d40","6a9d15af3f1a67370ecb83f7","2026-09-06 03:31"
"Coco","643efb0c135092a962eb1751","OnkeGG","6912d873ef3380557dd45eec","6a9d1535b841a990e0b87d5c","2026-09-06 03:33"
"vukGG","6384aef735180c664babf36e","fishyy","5f21225bac988f00018aff93","6a9d16503f1a67370ecb84c2","2026-09-06 03:34"
"izakMicrosoft","621417f119f1c30001e662c0","Zezeshaka","60a4bf78880a050001dcaa70","6a9d1620d6156877e1217e0e","2026-09-06 03:34"
"izakMicrosoft","621417f119f1c30001e662c0","연모트","5ffcf4ef76bbb900019724c1","6a9d1760b841a990e0b8805e","2026-09-06 03:36"
"Zezeshaka","60a4bf78880a050001dcaa70","Rinka","66ef015a0d51fac29bcc68a8","6a9d17575a43d0a64f981817","2026-09-06 03:38"
"daes","603a39d190c95200017e30a2","sva","67a710249d75e04dff436d40","6a9d16ad5a43d0a64f9816f1","2026-09-06 03:38"
"Axel","62bd3ee10958bff9fbeff77a","ましろ","60622a237c864a00019b5334","6a9d16b4d6156877e1217ed9","2026-09-06 03:39"
"NoruJumping","5c5817f33d925bc96cd177e7","Raqhi","67d48df5e116b8cd2a7fa3f7","6a9d1668d6156877e1217e69","2026-09-06 03:39"
"Zezeshaka","60a4bf78880a050001dcaa70","Kelex","69fba177885d4eaea877b40d","6a9d18355a43d0a64f981977","2026-09-06 03:39"
"기니","67493198473744059fbb9736","rileyrhino4wc2027","63b6a120ed1bf0b1b513dfb8","6a9d170db841a990e0b87feb","2026-09-06 03:40"
"しよえ　Shiyoe","6375a42d001fcb9df8d226d9","Coco","643efb0c135092a962eb1751","6a9d1741d6156877e1217feb","2026-09-06 03:40"
"fishyy","5f21225bac988f00018aff93","vukGG","6384aef735180c664babf36e","6a9d1789b841a990e0b8808a","2026-09-06 03:40"
"izakMicrosoft","621417f119f1c30001e662c0","Kenji","5f2fd4348378f500019bdee0","6a9d17ec3f1a67370ecb86f3","2026-09-06 03:41"
"ましろ","60622a237c864a00019b5334","sva","67a710249d75e04dff436d40","6a9d1881d6156877e121821e","2026-09-06 03:42"
"Rinka","66ef015a0d51fac29bcc68a8","연모트","5ffcf4ef76bbb900019724c1","6a9d1853d6156877e12181c4","2026-09-06 03:42"
"fishyy","5f21225bac988f00018aff93","vukGG","6384aef735180c664babf36e","6a9d18d7b841a990e0b882bd","2026-09-06 03:45"
"Skarm","62a6dd3ebe55997022e9e51c","Luuuuuu :)","62e8d4366d2691f34172c855","6a9d18e15a43d0a64f981a9b","2026-09-06 03:45"
"rileyrhino4wc2027","63b6a120ed1bf0b1b513dfb8","しよえ　Shiyoe","6375a42d001fcb9df8d226d9","6a9d19075a43d0a64f981acb","2026-09-06 03:47"
"ましろ","60622a237c864a00019b5334","Coco","643efb0c135092a962eb1751","6a9d1929d6156877e1218352","2026-09-06 03:47"
"BenNY_the_27","6064fc3f12c7b700012d0167","いぶりー ivly","6578df649b50a29c7d4112a0","6a9d18de3f1a67370ecb8841","2026-09-06 03:47"
"vukGG","6384aef735180c664babf36e","fishyy","5f21225bac988f00018aff93","6a9d19feb841a990e0b8849e","2026-09-06 03:48"
"路易十六","65337c686711b99177ed189b","sva","67a710249d75e04dff436d40","6a9d1959b841a990e0b88387","2026-09-06 03:49"
"K4CP3RSKI777","624aa4216b4b8b1765bb6dad","Coco","643efb0c135092a962eb1751","6a9d1a9cd6156877e12185d5","2026-09-06 03:52"
"路易十六","65337c686711b99177ed189b","Skarm","62a6dd3ebe55997022e9e51c","6a9d1ad85a43d0a64f981e04","2026-09-06 03:52"
"izakMicrosoft","621417f119f1c30001e662c0","Kenji","5f2fd4348378f500019bdee0","6a9d19093f1a67370ecb8869","2026-09-06 03:52"
"rileyrhino4wc2027","63b6a120ed1bf0b1b513dfb8","しよえ　Shiyoe","6375a42d001fcb9df8d226d9","6a9d1ab83f1a67370ecb8b27","2026-09-06 03:53"
"vukGG","6384aef735180c664babf36e","fishyy","5f21225bac988f00018aff93","6a9d1ab1b841a990e0b885bc","2026-09-06 03:53"
"Zezeshaka","60a4bf78880a050001dcaa70","Axel","62bd3ee10958bff9fbeff77a","6a9d18ceb841a990e0b882b4","2026-09-06 03:53"
"Jayden","61f149e3c24ced00015b4777","sva","67a710249d75e04dff436d40","6a9d1b373f1a67370ecb8bf5","2026-09-06 03:54"
"NoruJumping","5c5817f33d925bc96cd177e7","Luuuuuu :)","62e8d4366d2691f34172c855","6a9d19ef5a43d0a64f981c73","2026-09-06 03:54"
"Anonymous","62517d69bf2d9b52f4682c70","flipster22","5f172e581874328b38c066f7","6a9d1b4c3f1a67370ecb8c19","2026-09-06 03:54"
"Lurkki","673dfa9f10797c20bc6721e9","Bankz","6632068e2d673f57895aa438","6a9d1b0bb841a990e0b8862e","2026-09-06 03:54"
"RinKa","66ef015a0d51fac29bcc68a8","Skarm","62a6dd3ebe55997022e9e51c","6a9d1bd2b841a990e0b887a1","2026-09-06 03:56"
"vukGG","6384aef735180c664babf36e","fishyy","5f21225bac988f00018aff93","6a9d1c15b841a990e0b887fd","2026-09-06 03:58"
"Dumby The Wizard","62d3d7745f2d61d4ee64cca9","Luuuuuu :)","62e8d4366d2691f34172c855","6a9d1c2d5a43d0a64f98206f","2026-09-06 03:58"
"sva","67a710249d75e04dff436d40","Bankz","6632068e2d673f57895aa438","6a9d1bfe3f1a67370ecb8d34","2026-09-06 03:58"
"기니","67493198473744059fbb9736","rileyrhino4wc2027","63b6a120ed1bf0b1b513dfb8","6a9d1c103f1a67370ecb8d5a","2026-09-06 03:59"
"K4CP3RSKI777","624aa4216b4b8b1765bb6dad","fishyy","5f21225bac988f00018aff93","6a9d1cf15a43d0a64f98219d","2026-09-06 03:59"
"Coco","643efb0c135092a962eb1751","路易十六","65337c686711b99177ed189b","6a9d1ba55a43d0a64f981f9d","2026-09-06 03:59"
"Jayden","61f149e3c24ced00015b4777","Zezeshaka","60a4bf78880a050001dcaa70","6a9d1be9205b30231b3c5876","2026-09-06 03:59"
"Lurkki","673dfa9f10797c20bc6721e9","flipster22","5f172e581874328b38c066f7","6a9d1c223f1a67370ecb8d62","2026-09-06 03:59"
"Umbrella☔","6814628ed8477060002e00ba","Polygon Z","67e48ece675e308d5fe9d18d","6a9d1c988e5c6190712d5876","2026-09-06 04:01"
"BenNY_the_27","6064fc3f12c7b700012d0167","habesh","647734d056305f7bf5561a4e","6a9d1c348e5c6190712d57ea","2026-09-06 04:01"
"K4CP3RSKI777","624aa4216b4b8b1765bb6dad","fishyy","5f21225bac988f00018aff93","6a9d1d458e5c6190712d5990","2026-09-06 04:02"
"Jayden","61f149e3c24ced00015b4777","Lurkki","673dfa9f10797c20bc6721e9","6a9d1d39d6156877e1218a16","2026-09-06 04:02"
"しよえ　Shiyoe","6375a42d001fcb9df8d226d9","rileyrhino4wc2027","63b6a120ed1bf0b1b513dfb8","6a9d1d23d6156877e12189ef","2026-09-06 04:03"
"Dumby The Wizard","62d3d7745f2d61d4ee64cca9","路易十六","65337c686711b99177ed189b","6a9d1d1c5a43d0a64f9821de","2026-09-06 04:04"
"Anonymous","62517d69bf2d9b52f4682c70","noggy","5e5d27ef26bbda5260b01e89","6a9d1d5a5a43d0a64f98223c","2026-09-06 04:04"
"Vader43","62490726757cbf189f839261","Jayden","61f149e3c24ced00015b4777","6a9d1df08e5c6190712d5aed","2026-09-06 04:05"
"Luuuuuu :)","62e8d4366d2691f34172c855","im recording my gameplay","6a437d2254319c3206c01eb9","6a9d1e155a43d0a64f9823a5","2026-09-06 04:05"
"Coco","643efb0c135092a962eb1751","OnkeGG","6912d873ef3380557dd45eec","6a9d1d763f1a67370ecb8f20","2026-09-06 04:06"
"vukGG","6384aef735180c664babf36e","K4CP3RSKI777","624aa4216b4b8b1765bb6dad","6a9d1ded9a5ebf32bef05b82","2026-09-06 04:09"
"Skarm","62a6dd3ebe55997022e9e51c","路易十六","65337c686711b99177ed189b","6a9d1e62b841a990e0b88aea","2026-09-06 04:09"
".Uz","654a71f1a02b54c363802082","기니","67493198473744059fbb9736","6a9d1d258e5c6190712d5956","2026-09-06 04:11"
"rileyrhino4wc2027","63b6a120ed1bf0b1b513dfb8","しよえ　Shiyoe","6375a42d001fcb9df8d226d9","6a9d1e505a43d0a64f9823f9","2026-09-06 04:11"
"Coco","643efb0c135092a962eb1751","Vader43","62490726757cbf189f839261","6a9d1ed85a43d0a64f982496","2026-09-06 04:11"
"NoruJumping","5c5817f33d925bc96cd177e7","Zezeshaka","60a4bf78880a050001dcaa70","6a9d1f02b841a990e0b88b89","2026-09-06 04:11"
"路易十六","65337c686711b99177ed189b","Skarm","62a6dd3ebe55997022e9e51c","6a9d1f71d6156877e1218dae","2026-09-06 04:11"
"RinKa","66ef015a0d51fac29bcc68a8","Lurkki","673dfa9f10797c20bc6721e9","6a9d1ef1d6156877e1218cfa","2026-09-06 04:11"
"izakMicrosoft","621417f119f1c30001e662c0","Kanonenkaktus","5f1c05d6a8de85000129c1ac","6a9d1f67d6156877e1218da2","2026-09-06 04:12"
"Coco","643efb0c135092a962eb1751","Vader43","62490726757cbf189f839261","6a9d201f8e5c6190712d5eab","2026-09-06 04:13"
"Luuuuuu :)","62e8d4366d2691f34172c855","im recording my gameplay","6a437d2254319c3206c01eb9","6a9d1eb58e5c6190712d5c49","2026-09-06 04:13"
"路易十六","65337c686711b99177ed189b","Zezeshaka","60a4bf78880a050001dcaa70","6a9d1fe8d6156877e1218e27","2026-09-06 04:14"
"K4CP3RSKI777","624aa4216b4b8b1765bb6dad","Coco","643efb0c135092a962eb1751","6a9d208c5a43d0a64f9826bc","2026-09-06 04:15"
"OnkeGG","6912d873ef3380557dd45eec","NorthKoreaEnjoyer","6a5776b9557fa0b8070897d7","6a9d1f3d5a43d0a64f982519","2026-09-06 04:17"
"Lurkki","673dfa9f10797c20bc6721e9","Skarm","62a6dd3ebe55997022e9e51c","6a9d20005a43d0a64f98260c","2026-09-06 04:17"
"izakMicrosoft","621417f119f1c30001e662c0","RedpandaBjornescu","623cc1d32a07da2bdeb4bc61","6a9d20a08e5c6190712d5fd1","2026-09-06 04:18"
"NorthKoreaEnjoyer","6a5776b9557fa0b8070897d7","Lurkki","673dfa9f10797c20bc6721e9","6a9d216f8e5c6190712d6197","2026-09-06 04:19"
"sva","67a710249d75e04dff436d40","superowl88","68511307440a8b590abd1334","6a9d21575a43d0a64f9827db","2026-09-06 04:20"
"しよえ　Shiyoe","6375a42d001fcb9df8d226d9","rileyrhino4wc2027","63b6a120ed1bf0b1b513dfb8","6a9d204a5a43d0a64f98265f","2026-09-06 04:21"
"Skarm","62a6dd3ebe55997022e9e51c","Ferrummite","67992f6cb109ba1d618b3ec9","6a9d21698e5c6190712d618d","2026-09-06 04:21"
"izakMicrosoft","621417f119f1c30001e662c0","OnkeGG","6912d873ef3380557dd45eec","6a9d21c78e5c6190712d624c","2026-09-06 04:22"
"Luuuuuu :)","62e8d4366d2691f34172c855","Lurkki","673dfa9f10797c20bc6721e9","6a9d2216461b6a707a7c3e65","2026-09-06 04:22"
"habesh","647734d056305f7bf5561a4e","Ringo (chatbanned)","6046c8a097019400018ea4cf","6a9d1fb9cd72607d3d158d9b","2026-09-06 04:24"
"Coco","643efb0c135092a962eb1751","Elori","57d698c209f2ef93b8572689","6a9d2115b841a990e0b88de7","2026-09-06 04:24"
"Dumby The Wizard","62d3d7745f2d61d4ee64cca9","Jolutien","5fb2f215dcf055000142ff72","6a9d214a5a43d0a64f9827cf","2026-09-06 04:25"
"Skarm","62a6dd3ebe55997022e9e51c","Lurkki","673dfa9f10797c20bc6721e9","6a9d227ed6156877e121917e","2026-09-06 04:26"
"Anonymous","62517d69bf2d9b52f4682c70","NorthKoreaEnjoyer","6a5776b9557fa0b8070897d7","6a9d21ea8e5c6190712d6298","2026-09-06 04:27"
"Zetie","5e9215c1b3ec17480c01df1e","sva","67a710249d75e04dff436d40","6a9d22488e5c6190712d634a","2026-09-06 04:27"
"whueu-abi","694060fd0b5941c5cbe18cbf","izakMicrosoft","621417f119f1c30001e662c0","6a9d22cfd6156877e12191d9","2026-09-06 04:28"
"Skarm","62a6dd3ebe55997022e9e51c","wert31415","6797c0be0b7bd1c00269ac82","6a9d2399d6156877e12192cd","2026-09-06 04:28"
"K4CP3RSKI777","624aa4216b4b8b1765bb6dad","Coco","643efb0c135092a962eb1751","6a9d23135a43d0a64f982a2f","2026-09-06 04:29"
"sva","67a710249d75e04dff436d40","NorthKoreaEnjoyer","6a5776b9557fa0b8070897d7","6a9d23abd6156877e12192ee","2026-09-06 04:30"
"Ringo (chatbanned)","6046c8a097019400018ea4cf","rileyrhino4wc2027","63b6a120ed1bf0b1b513dfb8","6a9d23428e5c6190712d6526","2026-09-06 04:31"
"Elori","57d698c209f2ef93b8572689","しよえ　Shiyoe","6375a42d001fcb9df8d226d9","6a9d22fdd6156877e1219208","2026-09-06 04:31"
"wert31415","6797c0be0b7bd1c00269ac82","Lurkki","673dfa9f10797c20bc6721e9","6a9d24553f1a67370ecb9790","2026-09-06 04:31"
"Anonymous","62517d69bf2d9b52f4682c70","Jayden","61f149e3c24ced00015b4777","6a9d23aad6156877e12192ed","2026-09-06 04:32"
"Dasi","60646de64f3a8e00016fae55","whueu-abi","694060fd0b5941c5cbe18cbf","6a9d24a65a43d0a64f982cc0","2026-09-06 04:33"
"Elori","57d698c209f2ef93b8572689","Lubec","5e974c906ea510372c1e444a","6a9d249d5a43d0a64f982cb5","2026-09-06 04:35"
"NoruJumping","5c5817f33d925bc96cd177e7","Luuuuuu :)","62e8d4366d2691f34172c855","6a9d22828e5c6190712d63a5","2026-09-06 04:35"
"K4CP3RSKI777","624aa4216b4b8b1765bb6dad","Coco","643efb0c135092a962eb1751","6a9d2475b841a990e0b891c6","2026-09-06 04:36"
"whueu-abi","694060fd0b5941c5cbe18cbf","Dasi","60646de64f3a8e00016fae55","6a9d2580d6156877e1219636","2026-09-06 04:38"
"Luuuuuu :)","62e8d4366d2691f34172c855","Orbin","62be339b9707fba79c7e3961","6a9d2603d6156877e1219702","2026-09-06 04:39"
"wert31415","6797c0be0b7bd1c00269ac82","Lurkki","673dfa9f10797c20bc6721e9","6a9d25dcd6156877e12196c6","2026-09-06 04:39"
"Ringo (chatbanned)","6046c8a097019400018ea4cf","しよえ　Shiyoe","6375a42d001fcb9df8d226d9","6a9d24f1b841a990e0b89269","2026-09-06 04:41"
"Dasi","60646de64f3a8e00016fae55","Sochi","62572af8924e491f28b0326c","6a9d267b5a43d0a64f98303e","2026-09-06 04:42"
"Lubec","5e974c906ea510372c1e444a","Elori","57d698c209f2ef93b8572689","6a9d25bfd6156877e121969d","2026-09-06 04:43"
"wert31415","6797c0be0b7bd1c00269ac82","Lurkki","673dfa9f10797c20bc6721e9","6a9d268dd6156877e12197fd","2026-09-06 04:44"
"Coco","643efb0c135092a962eb1751","いぶりー ivly","6578df649b50a29c7d4112a0","6a9d26458e5c6190712d6bf3","2026-09-06 04:45"
"Dasi","60646de64f3a8e00016fae55","sva","67a710249d75e04dff436d40","6a9d279ed6156877e121996a","2026-09-06 04:45"
"Anonymous","62517d69bf2d9b52f4682c70","Joaking","61b863f1f1da58000105141b","6a9d2731d6156877e12198e4","2026-09-06 04:46"
"Lubec","5e974c906ea510372c1e444a","K4CP3RSKI777","624aa4216b4b8b1765bb6dad","6a9d27da8e5c6190712d6f77","2026-09-06 04:49"
"しよえ　Shiyoe","6375a42d001fcb9df8d226d9","kcd","5aef47d3b18d0894c4ffe297","6a9d27775a43d0a64f9831de","2026-09-06 04:50"
"いぶりー ivly","6578df649b50a29c7d4112a0","IGoParaguayOnKenya","5f8fcfd87cd2940001e81ef1","6a9d289d8e5c6190712d70f2","2026-09-06 04:52"
"sva","67a710249d75e04dff436d40","Joaking","61b863f1f1da58000105141b","6a9d286c8e5c6190712d709c","2026-09-06 04:52"
"Coco","643efb0c135092a962eb1751","雨又潇潇","635a7c4f940d8dc91bd25ec4","6a9d28ba8e5c6190712d7135","2026-09-06 04:53"
"Anonymous","62517d69bf2d9b52f4682c70","ImShinx","5f04af67d94a1550f0e79c76","6a9d28e6d6156877e1219b6c","2026-09-06 04:53"
"K4CP3RSKI777","624aa4216b4b8b1765bb6dad","Lubec","5e974c906ea510372c1e444a","6a9d28d68e5c6190712d716a","2026-09-06 04:54"
"BenNY_the_27","6064fc3f12c7b700012d0167","Fishingpower","612ad5f06962f50001aec696","6a9d29668e5c6190712d728b","2026-09-06 04:54"
"wert31415","6797c0be0b7bd1c00269ac82","Sochi","62572af8924e491f28b0326c","6a9d28a8b954b6be36aaedfd","2026-09-06 04:54"
"いぶりー ivly","6578df649b50a29c7d4112a0","sva","67a710249d75e04dff436d40","6a9d29cbb954b6be36aaefc0","2026-09-06 04:56"
"K4CP3RSKI777","624aa4216b4b8b1765bb6dad","kcd","5aef47d3b18d0894c4ffe297","6a9d29f78e5c6190712d73d4","2026-09-06 04:57"
"Coco","643efb0c135092a962eb1751","雨又潇潇","635a7c4f940d8dc91bd25ec4","6a9d29f7b954b6be36aaeff4","2026-09-06 04:57"
"Axel","62bd3ee10958bff9fbeff77a","Anonymous","62517d69bf2d9b52f4682c70","6a9d2a625a43d0a64f983694","2026-09-06 04:58"
"雨又潇潇","635a7c4f940d8dc91bd25ec4","Ringo (chatbanned)","6046c8a097019400018ea4cf","6a9d2ae68e5c6190712d758c","2026-09-06 05:02"
"Skolors","615463c9d936a00001cc3e2d","Bms432","5d75a280b4ec1705ecdb7cf0","6a9d2afe8e5c6190712d75c2","2026-09-06 05:02"
"Lubec","5e974c906ea510372c1e444a","Asteroid","69dbdc1efb7bdfcff7ddf99d","6a9d2a475a43d0a64f983678","2026-09-06 05:03"
"Dumby The Wizard","62d3d7745f2d61d4ee64cca9","MANGER","6785046bef2c357f0bdfd387","6a9d29fb5a43d0a64f983619","2026-09-06 05:03"
"Rick Astley","64fce8cb8f2e9fbe3b42b979","Jannik","6a0c58030808c41cb15866fe","6a9d2b77b954b6be36aaf293","2026-09-06 05:04"
"雨又潇潇","635a7c4f940d8dc91bd25ec4","Knowledge","5fa20214cb54e30001357d56","6a9d2c008e5c6190712d77d4","2026-09-06 05:05"
"Lubec","5e974c906ea510372c1e444a","Asteroid","69dbdc1efb7bdfcff7ddf99d","6a9d2c608e5c6190712d78b0","2026-09-06 05:06"
"Skolors","615463c9d936a00001cc3e2d","Garou","69f366ee3f7f13479269b155","6a9d2c075a43d0a64f9839e1","2026-09-06 05:06"
"K4CP3RSKI777","624aa4216b4b8b1765bb6dad","Ringo (chatbanned)","6046c8a097019400018ea4cf","6a9d2c128e5c6190712d77fe","2026-09-06 05:07"
"Axel","62bd3ee10958bff9fbeff77a","Anonymous","62517d69bf2d9b52f4682c70","6a9d2bc88e5c6190712d777b","2026-09-06 05:07"
"Asteroid","69dbdc1efb7bdfcff7ddf99d","雨又潇潇","635a7c4f940d8dc91bd25ec4","6a9d2cf6b954b6be36aaf580","2026-09-06 05:09"
"ImShinx","5f04af67d94a1550f0e79c76","superowl88","68511307440a8b590abd1334","6a9d2c71b954b6be36aaf456","2026-09-06 05:11"
"Asteroid","69dbdc1efb7bdfcff7ddf99d","K4CP3RSKI777","624aa4216b4b8b1765bb6dad","6a9d2d9e8e5c6190712d7b3b","2026-09-06 05:12"
"Knowledge","5fa20214cb54e30001357d56","Kraim","655c88001a146e82ab9593a5","6a9d2cb2b954b6be36aaf4c2","2026-09-06 05:12"
"Garou","69f366ee3f7f13479269b155","Skolors","615463c9d936a00001cc3e2d","6a9d2d0f8e5c6190712d7a09","2026-09-06 05:13"
"kcd","5aef47d3b18d0894c4ffe297","Asteroid","69dbdc1efb7bdfcff7ddf99d","6a9d2e3bb954b6be36aaf7c3","2026-09-06 05:14"
"gokhale","68257ab1be5b31c617f37156","雨又潇潇","635a7c4f940d8dc91bd25ec4","6a9d2e035a43d0a64f983d0b","2026-09-06 05:14"
"Michal Kučinka","5e823590b3ec177f0c7cf5bd","Dumby The Wizard","62d3d7745f2d61d4ee64cca9","6a9d2d678e5c6190712d7abe","2026-09-06 05:14"
"MANGER","6785046bef2c357f0bdfd387","NoruJumping","5c5817f33d925bc96cd177e7","6a9d2c818e5c6190712d790d","2026-09-06 05:15"
"kcd","5aef47d3b18d0894c4ffe297","Asteroid","69dbdc1efb7bdfcff7ddf99d","6a9d2eb8b954b6be36aaf88b","2026-09-06 05:16"
"Lubec","5e974c906ea510372c1e444a","Eamonn","5e2e983722bbda85a40e9009","6a9d2d108e5c6190712d7a0b","2026-09-06 05:17"
"Waluuuuuuu","6380cc417b431c1eece4916c","Ringo (chatbanned)","6046c8a097019400018ea4cf","6a9d2d278e5c6190712d7a3d","2026-09-06 05:17"
"雨又潇潇","635a7c4f940d8dc91bd25ec4","gokhale","68257ab1be5b31c617f37156","6a9d2ebcb954b6be36aaf894","2026-09-06 05:18"
"Schwarzweiss","5cfadc71b741f84acc8b23df","Kraim","655c88001a146e82ab9593a5","6a9d2e615a43d0a64f983db1","2026-09-06 05:19"
"K4CP3RSKI777","624aa4216b4b8b1765bb6dad","kober","67ad18a09e150413a5e6fa66","6a9d2f4c8e5c6190712d7f7a","2026-09-06 05:20"
"雨又潇潇","635a7c4f940d8dc91bd25ec4","gokhale","68257ab1be5b31c617f37156","6a9d2fbb8e5c6190712d8077","2026-09-06 05:20"
"Garou","69f366ee3f7f13479269b155","Anonymous","62517d69bf2d9b52f4682c70","6a9d2ed93f1a67370ecba54f","2026-09-06 05:20"
"ImShinx","5f04af67d94a1550f0e79c76","Skolors","615463c9d936a00001cc3e2d","6a9d2ebdd6156877e121a3a4","2026-09-06 05:20"
"Zoe","64012c4575693afea0dec10b","vanz","68bd5b8c717f397339807f14","6a9d2facb954b6be36aafa6b","2026-09-06 05:21"
"kcd","5aef47d3b18d0894c4ffe297","Ronnilol","67fe57fab1452bcd8d46a9a6","6a9d2f55b954b6be36aaf9da","2026-09-06 05:22"
"MANGER","6785046bef2c357f0bdfd387","quarksauce","5fe1b134a2ebcc0001c6bd9c","6a9d2f028e5c6190712d7ec5","2026-09-06 05:23"
"Schwarzweiss","5cfadc71b741f84acc8b23df","ImShinx","5f04af67d94a1550f0e79c76","6a9d306a5a43d0a64f984172","2026-09-06 05:23"
"gokhale","68257ab1be5b31c617f37156","kober","67ad18a09e150413a5e6fa66","6a9d30798e5c6190712d8272","2026-09-06 05:24"
"TTV CLD_Pika","61b01eb14ec1f10001cfcb79","Hanno","66cd9b65da42d067e3be0f24","6a9d2f318e5c6190712d7f3c","2026-09-06 05:24"
"Kraim","655c88001a146e82ab9593a5","meisteralex","642dfb26973eafa618374d1a","6a9d303fb954b6be36aafb77","2026-09-06 05:24"
"K4CP3RSKI777","624aa4216b4b8b1765bb6dad","kcd","5aef47d3b18d0894c4ffe297","6a9d30e75a43d0a64f984274","2026-09-06 05:25"
"Rick Astley","64fce8cb8f2e9fbe3b42b979","Skaven","684ffbcec374eb437a89fc20","6a9d2fe5d6156877e121a579","2026-09-06 05:25"
"Eamonn","5e2e983722bbda85a40e9009","Lubec","5e974c906ea510372c1e444a","6a9d2fcc8e5c6190712d80b0","2026-09-06 05:26"
"Ringo (chatbanned)","6046c8a097019400018ea4cf","Asteroid","69dbdc1efb7bdfcff7ddf99d","6a9d2f8b8e5c6190712d8014","2026-09-06 05:27"
"gokhale","68257ab1be5b31c617f37156","kober","67ad18a09e150413a5e6fa66","6a9d312a8e5c6190712d83ef","2026-09-06 05:27"
"Endoline","626f5dd16445db23fa48e117","Zoe","64012c4575693afea0dec10b","6a9d30aacd72607d3d15a28b","2026-09-06 05:27"
"kcd","5aef47d3b18d0894c4ffe297","K4CP3RSKI777","624aa4216b4b8b1765bb6dad","6a9d3173d6156877e121a8c3","2026-09-06 05:28"
"雨又潇潇","635a7c4f940d8dc91bd25ec4","kober","67ad18a09e150413a5e6fa66","6a9d3049d6156877e121a699","2026-09-06 05:28"
"irrational","65ba97ce8b2ba0c747ffa3b7","Loan","5e866b87b3ec17798078a43b","6a9d29dd8e5c6190712d7391","2026-09-06 05:29"
"Dunkirk","687665b10b7953df9c8407c3","gokhale","68257ab1be5b31c617f37156","6a9d31ba5a43d0a64f9843e0","2026-09-06 05:29"
"Lubec","5e974c906ea510372c1e444a","K4CP3RSKI777","624aa4216b4b8b1765bb6dad","6a9d320d8e5c6190712d860d","2026-09-06 05:30"
"Endoline","626f5dd16445db23fa48e117","Zoe","64012c4575693afea0dec10b","6a9d31dad6156877e121a96e","2026-09-06 05:31"
"Timkon","681f023ce86ca49d1982d464","Skolors","615463c9d936a00001cc3e2d","6a9d302e8e5c6190712d8195","2026-09-06 05:31"
"ImShinx","5f04af67d94a1550f0e79c76","Aaryan22","657021f7412bfd95aad62550","6a9d31118e5c6190712d83c4","2026-09-06 05:31"
"UNWRITTENCAT","659b1e04a83479f364f5ae61","K4CP3RSKI777","624aa4216b4b8b1765bb6dad","6a9d32985a43d0a64f984564","2026-09-06 05:32"
"kober","67ad18a09e150413a5e6fa66","Asteroid","69dbdc1efb7bdfcff7ddf99d","6a9d31c95a43d0a64f984408","2026-09-06 05:32"
"Ronnilol","67fe57fab1452bcd8d46a9a6","Elori","57d698c209f2ef93b8572689","6a9d312fb954b6be36aafd60","2026-09-06 05:33"
"TTV CLD_Pika","61b01eb14ec1f10001cfcb79","Hanno","66cd9b65da42d067e3be0f24","6a9d31348e5c6190712d8401","2026-09-06 05:33"
"Endoline","626f5dd16445db23fa48e117","Zoe","64012c4575693afea0dec10b","6a9d32b88e5c6190712d87a0","2026-09-06 05:34"
"gokhale","68257ab1be5b31c617f37156","kober","67ad18a09e150413a5e6fa66","6a9d330eb954b6be36ab0110","2026-09-06 05:35"
"sva","67a710249d75e04dff436d40","Matt_9332","6250182bdd625b65bc9638d0","6a9d3289205b30231b3c7237","2026-09-06 05:35"
"Eamonn","5e2e983722bbda85a40e9009","kcd","5aef47d3b18d0894c4ffe297","6a9d31f9d6156877e121a99f","2026-09-06 05:36"
"Dumby The Wizard","62d3d7745f2d61d4ee64cca9","MANGER","6785046bef2c357f0bdfd387","6a9d3177b954b6be36aafdee","2026-09-06 05:36"
"Asteroid","69dbdc1efb7bdfcff7ddf99d","K4CP3RSKI777","624aa4216b4b8b1765bb6dad","6a9d330fb954b6be36ab0113","2026-09-06 05:37"
"Aaryan22","657021f7412bfd95aad62550","Skolors","615463c9d936a00001cc3e2d","6a9d32acb954b6be36ab0044","2026-09-06 05:37"
"Eamonn","5e2e983722bbda85a40e9009","Ronnilol","67fe57fab1452bcd8d46a9a6","6a9d33ee8e5c6190712d8aa4","2026-09-06 05:38"
"Schwarzweiss","5cfadc71b741f84acc8b23df","Skaven","684ffbcec374eb437a89fc20","6a9d31738e5c6190712d84a0","2026-09-06 05:39"
"sva","67a710249d75e04dff436d40","Jayden","61f149e3c24ced00015b4777","6a9d33c3b954b6be36ab027b","2026-09-06 05:39"
"UNWRITTENCAT","659b1e04a83479f364f5ae61","kober","67ad18a09e150413a5e6fa66","6a9d33a55a43d0a64f9847ae","2026-09-06 05:40"
"Ringo (chatbanned)","6046c8a097019400018ea4cf","kober","67ad18a09e150413a5e6fa66","6a9d33bdb841a990e0b8a58c","2026-09-06 05:40"
"VIVER","631f29032347fcd4bef60349","MANGER","6785046bef2c357f0bdfd387","6a9d34215a43d0a64f984863","2026-09-06 05:40"
"Endoline","626f5dd16445db23fa48e117","gokhale","68257ab1be5b31c617f37156","6a9d33a3205b30231b3c73db","2026-09-06 05:40"
"ImShinx","5f04af67d94a1550f0e79c76","Zoe","64012c4575693afea0dec10b","6a9d33fb8e5c6190712d8ac1","2026-09-06 05:40"
"Aaryan22","657021f7412bfd95aad62550","egon","67d1cdbecf715f3c32f7057a","6a9d3426b954b6be36ab0334","2026-09-06 05:41"
"Lubec","5e974c906ea510372c1e444a","sebastian","667d87ca8401bca3fee14649","6a9d34af8e5c6190712d8c7c","2026-09-06 05:42"
"UNWRITTENCAT","659b1e04a83479f364f5ae61","kober","67ad18a09e150413a5e6fa66","6a9d35068e5c6190712d8d39","2026-09-06 05:42"
"Skolors","615463c9d936a00001cc3e2d","mu6h0m0r3k","6a2e97e56d531d07b5890b30","6a9d3415d6156877e121ad32","2026-09-06 05:42"
"Hanno","66cd9b65da42d067e3be0f24","Ferrummite","67992f6cb109ba1d618b3ec9","6a9d34ae5a43d0a64f984982","2026-09-06 05:43"
"sebastian","667d87ca8401bca3fee14649","Lubec","5e974c906ea510372c1e444a","6a9d3545d6156877e121af3c","2026-09-06 05:44"
"Skolors","615463c9d936a00001cc3e2d","mu6h0m0r3k","6a2e97e56d531d07b5890b30","6a9d35788e5c6190712d8e2c","2026-09-06 05:44"
"Rick Astley","64fce8cb8f2e9fbe3b42b979","sva","67a710249d75e04dff436d40","6a9d34a05a43d0a64f98495f","2026-09-06 05:44"
"Eamonn","5e2e983722bbda85a40e9009","Ronnilol","67fe57fab1452bcd8d46a9a6","6a9d34498e5c6190712d8b90","2026-09-06 05:45"
"Endoline","626f5dd16445db23fa48e117","MANGER","6785046bef2c357f0bdfd387","6a9d34df8e5c6190712d8cdc","2026-09-06 05:45"
"VIVER","631f29032347fcd4bef60349","kober","67ad18a09e150413a5e6fa66","6a9d35158e5c6190712d8d61","2026-09-06 05:46"
"Asteroid","69dbdc1efb7bdfcff7ddf99d","aero","6204e99c582e1f0001bd9a43","6a9d34708e5c6190712d8bf2","2026-09-06 05:47"
"kober","67ad18a09e150413a5e6fa66","UNWRITTENCAT","659b1e04a83479f364f5ae61","6a9d3573d6156877e121af92","2026-09-06 05:48"
"Dunkirk","687665b10b7953df9c8407c3","ImShinx","5f04af67d94a1550f0e79c76","6a9d350c8e5c6190712d8d47","2026-09-06 05:48"
"Aaryan22","657021f7412bfd95aad62550","benji (^-^)","6401d53b67356a12ae3f0c6a","6a9d35525a43d0a64f984a80","2026-09-06 05:48"
"aero","6204e99c582e1f0001bd9a43","sebastian","667d87ca8401bca3fee14649","6a9d36748e5c6190712d9099","2026-09-06 05:49"
"Skolors","615463c9d936a00001cc3e2d","sva","67a710249d75e04dff436d40","6a9d36078e5c6190712d8f52","2026-09-06 05:49"
"Ronnilol","67fe57fab1452bcd8d46a9a6","Lubec","5e974c906ea510372c1e444a","6a9d3602b954b6be36ab06b3","2026-09-06 05:50"
"Endoline","626f5dd16445db23fa48e117","MANGER","6785046bef2c357f0bdfd387","6a9d36148e5c6190712d8f6e","2026-09-06 05:50"
"kober","67ad18a09e150413a5e6fa66","UNWRITTENCAT","659b1e04a83479f364f5ae61","6a9d36d5d6156877e121b286","2026-09-06 05:51"
"Blanecin","5e8781f3b3ec177638be489a","Hanno","66cd9b65da42d067e3be0f24","6a9d35e58e5c6190712d8f0f","2026-09-06 05:51"
"aero","6204e99c582e1f0001bd9a43","sebastian","667d87ca8401bca3fee14649","6a9d371a5a43d0a64f984e12","2026-09-06 05:54"
"kober","67ad18a09e150413a5e6fa66","UNWRITTENCAT","659b1e04a83479f364f5ae61","6a9d3782b954b6be36ab0a21","2026-09-06 05:54"
"Dumby The Wizard","62d3d7745f2d61d4ee64cca9","GeoChad147 (Youtube)","61333da66ab477000167c55b","6a9d3691b954b6be36ab07f7","2026-09-06 05:54"
"Aaryan22","657021f7412bfd95aad62550","sva","67a710249d75e04dff436d40","6a9d36df5a43d0a64f984db0","2026-09-06 05:54"
"VIVER","631f29032347fcd4bef60349","Thomas4183b","60194a73ccb73b00018edf77","6a9d37b25a43d0a64f984f89","2026-09-06 05:55"
"鬼哭啾々","642938b80c4a29948f1bf1ea","Anonymous","62517d69bf2d9b52f4682c70","6a9d372dd6156877e121b31f","2026-09-06 05:55"
"whueu-abi","694060fd0b5941c5cbe18cbf","ImShinx","5f04af67d94a1550f0e79c76","6a9d37f9d6156877e121b4b7","2026-09-06 05:55"
"Skolors","615463c9d936a00001cc3e2d","Skaven","684ffbcec374eb437a89fc20","6a9d37058e5c6190712d9219","2026-09-06 05:55"
"aero","6204e99c582e1f0001bd9a43","sebastian","667d87ca8401bca3fee14649","6a9d381b5a43d0a64f985074","2026-09-06 05:56"
"Endoline","626f5dd16445db23fa48e117","kober","67ad18a09e150413a5e6fa66","6a9d37668e5c6190712d9311","2026-09-06 05:56"
"TTV CLD_Pika","61b01eb14ec1f10001cfcb79","RedpandaBjornescu","623cc1d32a07da2bdeb4bc61","6a9d377fd6156877e121b3cd","2026-09-06 05:57"
"Ronnilol","67fe57fab1452bcd8d46a9a6","Lubec","5e974c906ea510372c1e444a","6a9d3752b954b6be36ab0991","2026-09-06 05:58"
"Endoline","626f5dd16445db23fa48e117","kober","67ad18a09e150413a5e6fa66","6a9d38858e5c6190712d95e1","2026-09-06 05:58"
"鬼哭啾々","642938b80c4a29948f1bf1ea","Thomas4183b","60194a73ccb73b00018edf77","6a9d385d8e5c6190712d9580","2026-09-06 05:58"
"Anonymous","62517d69bf2d9b52f4682c70","mu6h0m0r3k","6a2e97e56d531d07b5890b30","6a9d3844b954b6be36ab0b94","2026-09-06 05:58"
"Lebron James","69f1903c702a7978150c1f60","MANGER","6785046bef2c357f0bdfd387","6a9d3743d6156877e121b34d","2026-09-06 05:58"
"Aaryan22","657021f7412bfd95aad62550","GeoChad147 (Youtube)","61333da66ab477000167c55b","6a9d38248e5c6190712d950e","2026-09-06 05:59"
"UNWRITTENCAT","659b1e04a83479f364f5ae61","VIVER","631f29032347fcd4bef60349","6a9d3860b954b6be36ab0bc0","2026-09-06 06:00"
"Endoline","626f5dd16445db23fa48e117","kober","67ad18a09e150413a5e6fa66","6a9d39145a43d0a64f98529f","2026-09-06 06:00"
"Skaven","684ffbcec374eb437a89fc20","陀飞轮","664890bee33770c5d3492d55","6a9d38b8b954b6be36ab0c69","2026-09-06 06:00"
"Brzoza","60ababeffb1efa0001302754","鬼哭啾々","642938b80c4a29948f1bf1ea","6a9d3907d6156877e121b66f","2026-09-06 06:01"
"Endoline","626f5dd16445db23fa48e117","kober","67ad18a09e150413a5e6fa66","6a9d398db954b6be36ab0e96","2026-09-06 06:02"
"VIVER","631f29032347fcd4bef60349","Worst Player Ever","68c9b96af5632a4e71ec8b8c","6a9d39a48e5c6190712d994b","2026-09-06 06:02"
"Blanecin","5e8781f3b3ec177638be489a","whueu-abi","694060fd0b5941c5cbe18cbf","6a9d38d55a43d0a64f9851eb","2026-09-06 06:02"
"Skolors","615463c9d936a00001cc3e2d","OnkeGG","6912d873ef3380557dd45eec","6a9d38895a43d0a64f98514b","2026-09-06 06:04"
"Anonymous","62517d69bf2d9b52f4682c70","bonaSWK","662f614c4e1b730ec96d8ba1","6a9d39268e5c6190712d97b6","2026-09-06 06:04"
"MANGER","6785046bef2c357f0bdfd387","GeoChad147 (Youtube)","61333da66ab477000167c55b","6a9d395ad6156877e121b714","2026-09-06 06:04"
"Lubec","5e974c906ea510372c1e444a","Ronnilol","67fe57fab1452bcd8d46a9a6","6a9d398d5a43d0a64f9853f5","2026-09-06 06:05"
"Ringo (chatbanned)","6046c8a097019400018ea4cf","kober","67ad18a09e150413a5e6fa66","6a9d383dd6156877e121b51a","2026-09-06 06:05"
"Horizon","6222899bf7131100016e875e","ImShinx","5f04af67d94a1550f0e79c76","6a9d389ab841a990e0b8ad18","2026-09-06 06:05"
"Lebron James","69f1903c702a7978150c1f60","Skaven","684ffbcec374eb437a89fc20","6a9d39818e5c6190712d98f2","2026-09-06 06:06"
"陀飞轮","664890bee33770c5d3492d55","whueu-abi","694060fd0b5941c5cbe18cbf","6a9d3ad2d6156877e121b9bc","2026-09-06 06:07"
"UNWRITTENCAT","659b1e04a83479f364f5ae61","gokhale","68257ab1be5b31c617f37156","6a9d39d35a43d0a64f98549e","2026-09-06 06:08"
"Aaryan22","657021f7412bfd95aad62550","TTV CLD_Pika","61b01eb14ec1f10001cfcb79","6a9d3958d6156877e121b70d","2026-09-06 06:08"
"hoppyface","5d6e4022b4ec1709f0729979","aero","6204e99c582e1f0001bd9a43","6a9d3a708e5c6190712d9bac","2026-09-06 06:09"
"Firma","5ff879f9ce04930001f6ee64","kober","67ad18a09e150413a5e6fa66","6a9d3b298e5c6190712d9d43","2026-09-06 06:09"
"Endoline","626f5dd16445db23fa48e117","VIVER","631f29032347fcd4bef60349","6a9d3a36b954b6be36ab1000","2026-09-06 06:09"
"Skolors","615463c9d936a00001cc3e2d","Worst Player Ever","68c9b96af5632a4e71ec8b8c","6a9d3a8b8e5c6190712d9be8","2026-09-06 06:09"
"Ronnilol","67fe57fab1452bcd8d46a9a6","Lubec","5e974c906ea510372c1e444a","6a9d3ac45a43d0a64f98566d","2026-09-06 06:10"
"Firma","5ff879f9ce04930001f6ee64","kober","67ad18a09e150413a5e6fa66","6a9d3b298e5c6190712d9d43","2026-09-06 06:10"
"Thomas4183b","60194a73ccb73b00018edf77","adfost8","69a01d1686149729b03dd5c7","6a9d39008e5c6190712d973d","2026-09-06 06:10"
"Horizon","6222899bf7131100016e875e","Mythaz","62c41cd57a1a25207caf8277","6a9d3aecb954b6be36ab1155","2026-09-06 06:10"
"VIVER","631f29032347fcd4bef60349","kober","67ad18a09e150413a5e6fa66","6a9d3bd18e5c6190712d9ee2","2026-09-06 06:11"
"Endoline","626f5dd16445db23fa48e117","UNWRITTENCAT","659b1e04a83479f364f5ae61","6a9d3bb3d6156877e121bb2a","2026-09-06 06:12"
"kober","67ad18a09e150413a5e6fa66","VIVER","631f29032347fcd4bef60349","6a9d3c21d6156877e121bbfb","2026-09-06 06:12"
"gokhale","68257ab1be5b31c617f37156","Lebron James","69f1903c702a7978150c1f60","6a9d3b5fd6156877e121baaf","2026-09-06 06:12"
"陀飞轮","664890bee33770c5d3492d55","Anonymous","62517d69bf2d9b52f4682c70","6a9d3b298e5c6190712d9d49","2026-09-06 06:12"
"LetsCrime (chatbanned)","67a80cc003077ed0dfc834ab","Elori","57d698c209f2ef93b8572689","6a9d39fd8e5c6190712d9a7f","2026-09-06 06:13"
"Skaven","684ffbcec374eb437a89fc20","mu6h0m0r3k","6a2e97e56d531d07b5890b30","6a9d3b3ab954b6be36ab11d7","2026-09-06 06:13"
"kober","67ad18a09e150413a5e6fa66","VIVER","631f29032347fcd4bef60349","6a9d3c21d6156877e121bbfb","2026-09-06 06:14"
"hoppyface","5d6e4022b4ec1709f0729979","aero","6204e99c582e1f0001bd9a43","6a9d3bc48e5c6190712d9ec4","2026-09-06 06:15"
"Endoline","626f5dd16445db23fa48e117","UNWRITTENCAT","659b1e04a83479f364f5ae61","6a9d3c6d8e5c6190712da064","2026-09-06 06:15"
"arkst5711","653e2552c65b2ec04be90d7e","Luca","62faac056417c6c320e282de","6a9d3b668e5c6190712d9dc2","2026-09-06 06:15"
"Thomas4183b","60194a73ccb73b00018edf77","Aaryan22","657021f7412bfd95aad62550","6a9d3bdb5a43d0a64f9858ac","2026-09-06 06:15"
"sebastian","667d87ca8401bca3fee14649","vukGG","6384aef735180c664babf36e","6a9d3c998e5c6190712da0d5","2026-09-06 06:16"
"Asteroid","69dbdc1efb7bdfcff7ddf99d","Lubec","5e974c906ea510372c1e444a","6a9d3c1f8e5c6190712d9f8c","2026-09-06 06:16"
"kober","67ad18a09e150413a5e6fa66","LetsCrime (chatbanned)","67a80cc003077ed0dfc834ab","6a9d3ce8d6156877e121bd5b","2026-09-06 06:16"
"kober","67ad18a09e150413a5e6fa66","LetsCrime (chatbanned)","67a80cc003077ed0dfc834ab","6a9d3ce8d6156877e121bd5b","2026-09-06 06:18"
"Endoline","626f5dd16445db23fa48e117","UNWRITTENCAT","659b1e04a83479f364f5ae61","6a9d3cf78e5c6190712da1b5","2026-09-06 06:19"
"Lebron James","69f1903c702a7978150c1f60","Skaven","684ffbcec374eb437a89fc20","6a9d3ca78e5c6190712da100","2026-09-06 06:19"
"sebastian","667d87ca8401bca3fee14649","Asteroid","69dbdc1efb7bdfcff7ddf99d","6a9d3d40d6156877e121be69","2026-09-06 06:20"
"Рома","5bc9f3921f3cf81af80cfa72","DeTect","65aaf6d23171e89a57705b47","6a9d3b97b954b6be36ab12a5","2026-09-06 06:20"
"MANGER","6785046bef2c357f0bdfd387","Aaryan22","657021f7412bfd95aad62550","6a9d3d23b954b6be36ab15f7","2026-09-06 06:20"
"kober","67ad18a09e150413a5e6fa66","vukGG","6384aef735180c664babf36e","6a9d3d78205b30231b3c8212","2026-09-06 06:21"
"Luca","62faac056417c6c320e282de","Thomas4183b","60194a73ccb73b00018edf77","6a9d3d263f1a67370ecbb907","2026-09-06 06:21"
"sebastian","667d87ca8401bca3fee14649","lecheur2pieds","663523ba8e313d3aa27852b0","6a9d3e57d6156877e121c04e","2026-09-06 06:23"
"Firma","5ff879f9ce04930001f6ee64","Ronnilol","67fe57fab1452bcd8d46a9a6","6a9d3bceb954b6be36ab1305","2026-09-06 06:23"
"UNWRITTENCAT","659b1e04a83479f364f5ae61","Asteroid","69dbdc1efb7bdfcff7ddf99d","6a9d3e568e5c6190712da51d","2026-09-06 06:23"
"VIVER","631f29032347fcd4bef60349","kober","67ad18a09e150413a5e6fa66","6a9d3dd78e5c6190712da3ec","2026-09-06 06:23"
"Bigfoot","67fd4eba9625059c3d2f10f0","Blanecin","5e8781f3b3ec177638be489a","6a9d3d3b5a43d0a64f985ba1","2026-09-06 06:23"
"WindyMirage774","661c9b427222970e307aff01","Worst Player Ever","68c9b96af5632a4e71ec8b8c","6a9d3ec0d6156877e121c117","2026-09-06 06:24"
"Endoline","626f5dd16445db23fa48e117","Yanek","5e625daa90d6cfa438a867a6","6a9d3e06cd72607d3d15b5a7","2026-09-06 06:25"
"Firma","5ff879f9ce04930001f6ee64","sebastian","667d87ca8401bca3fee14649","6a9d3f198e5c6190712da73b","2026-09-06 06:26"
"Ringo (chatbanned)","6046c8a097019400018ea4cf","habesh","647734d056305f7bf5561a4e","6a9d3dd18e5c6190712da3df","2026-09-06 06:26"
"kober","67ad18a09e150413a5e6fa66","vukGG","6384aef735180c664babf36e","6a9d3e945a43d0a64f985e38","2026-09-06 06:26"
"Lubec","5e974c906ea510372c1e444a","Brzoza","60ababeffb1efa0001302754","6a9d3d5c8e5c6190712da2ad","2026-09-06 06:27"
"Aaryan22","657021f7412bfd95aad62550","Lebron James","69f1903c702a7978150c1f60","6a9d3e545a43d0a64f985db7","2026-09-06 06:27"
"GeoChad147 (Youtube)","61333da66ab477000167c55b","Skaven","684ffbcec374eb437a89fc20","6a9d3e1b8e5c6190712da49a","2026-09-06 06:27"
"Luca","62faac056417c6c320e282de","SigmaLigma","641e0c54c1155de1803057b1","6a9d3e8a5a43d0a64f985e2a","2026-09-06 06:28"
"MANGER","6785046bef2c357f0bdfd387","KAITOOO","62e8c3ab0065abc49aca361d","6a9d3f0d8e5c6190712da713","2026-09-06 06:28"
"teddy bear","66f081f2bf4b230a2fcb970c","Asteroid","69dbdc1efb7bdfcff7ddf99d","6a9d3f618e5c6190712da7fb","2026-09-06 06:29"
"exegi momentum","5f906300b00b570001274e55","UNWRITTENCAT","659b1e04a83479f364f5ae61","6a9d3efc8e5c6190712da6de","2026-09-06 06:29"
"VIVER","631f29032347fcd4bef60349","kober","67ad18a09e150413a5e6fa66","6a9d3ee2b954b6be36ab1976","2026-09-06 06:29"
"WindyMirage774","661c9b427222970e307aff01","TTV CLD_Pika","61b01eb14ec1f10001cfcb79","6a9d3f3ab954b6be36ab1a31","2026-09-06 06:29"
"WindyMirage774","661c9b427222970e307aff01","TTV CLD_Pika","61b01eb14ec1f10001cfcb79","6a9d3f3ab954b6be36ab1a31","2026-09-06 06:30"
"PopularPeninsula783","6794f91a4613843d08b344b1","Sebo586","6484d6c62835b90b9cd9297c","6a9d3ef1cd72607d3d15b6c1","2026-09-06 06:31"
"Firma","5ff879f9ce04930001f6ee64","sebastian","667d87ca8401bca3fee14649","6a9d3fb18e5c6190712da8d3","2026-09-06 06:32"
"kcd","5aef47d3b18d0894c4ffe297","xZenith","6846d165a3008977fe607ade","6a9d4044d6156877e121c3ff","2026-09-06 06:32"
"kcd","5aef47d3b18d0894c4ffe297","sebastian","667d87ca8401bca3fee14649","6a9d41075a43d0a64f9863dc","2026-09-06 06:33"
"roxrzvfx tiktok","678feebcda31971d1e229253","Bigfoot","67fd4eba9625059c3d2f10f0","6a9d3f955a43d0a64f9860bb","2026-09-06 06:33"
"teddy bear","66f081f2bf4b230a2fcb970c","vukGG","6384aef735180c664babf36e","6a9d40558e5c6190712daa8c","2026-09-06 06:34"
"Asteroid","69dbdc1efb7bdfcff7ddf99d","kober","67ad18a09e150413a5e6fa66","6a9d4062b954b6be36ab1c71","2026-09-06 06:34"
"VIVER","631f29032347fcd4bef60349","kober","67ad18a09e150413a5e6fa66","6a9d40708e5c6190712daac2","2026-09-06 06:34"
"Thomas4183b","60194a73ccb73b00018edf77","DeTect","65aaf6d23171e89a57705b47","6a9d3e9fd6156877e121c0d0","2026-09-06 06:34"
"SigmaLigma","641e0c54c1155de1803057b1","TTV CLD_Pika","61b01eb14ec1f10001cfcb79","6a9d40428e5c6190712daa46","2026-09-06 06:34"
"Worst Player Ever","68c9b96af5632a4e71ec8b8c","WindyMirage774","661c9b427222970e307aff01","6a9d40415a43d0a64f986205","2026-09-06 06:34"
"GeoChad147 (Youtube)","61333da66ab477000167c55b","Aaryan22","657021f7412bfd95aad62550","6a9d40008e5c6190712da983","2026-09-06 06:35"
"kcd","5aef47d3b18d0894c4ffe297","Firma","5ff879f9ce04930001f6ee64","6a9d415f1e7857ed600b8863","2026-09-06 06:36"
"Worst Player Ever","68c9b96af5632a4e71ec8b8c","WindyMirage774","661c9b427222970e307aff01","6a9d41d4d6156877e121c6c7","2026-09-06 06:36"
"UNWRITTENCAT","659b1e04a83479f364f5ae61","VIVER","631f29032347fcd4bef60349","6a9d41663f1a67370ecbbfa8","2026-09-06 06:37"
"MANGER","6785046bef2c357f0bdfd387","Venux","601d72df848235000143965e","6a9d40f2d6156877e121c571","2026-09-06 06:37"
"sebastian","667d87ca8401bca3fee14649","teddy bear","66f081f2bf4b230a2fcb970c","6a9d416f1e7857ed600b886f","2026-09-06 06:38"
"Yanek","5e625daa90d6cfa438a867a6","habesh","647734d056305f7bf5561a4e","6a9d3fadd6156877e121c2ff","2026-09-06 06:38"
"kober","67ad18a09e150413a5e6fa66","vukGG","6384aef735180c664babf36e","6a9d4172b954b6be36ab1efa","2026-09-06 06:38"
"Brzoza","60ababeffb1efa0001302754","Tudelzzz","6549fc9cf755320e28e30de7","6a9d3fdfd6156877e121c33f","2026-09-06 06:38"
"Luca","62faac056417c6c320e282de","ImShinx","5f04af67d94a1550f0e79c76","6a9d41588e5c6190712dacef","2026-09-06 06:38"
"鬼哭啾々","642938b80c4a29948f1bf1ea","Thomas4183b","60194a73ccb73b00018edf77","6a9d4204b954b6be36ab2037","2026-09-06 06:38"
"Mythaz","62c41cd57a1a25207caf8277","SigmaLigma","641e0c54c1155de1803057b1","6a9d417b8e5c6190712dad48","2026-09-06 06:38"
"Asteroid","69dbdc1efb7bdfcff7ddf99d","kober","67ad18a09e150413a5e6fa66","6a9d41875a43d0a64f9864d7","2026-09-06 06:39"
"Blanecin","5e8781f3b3ec177638be489a","Рома","5bc9f3921f3cf81af80cfa72","6a9d3f248e5c6190712da757","2026-09-06 06:39"
"TTV CLD_Pika","61b01eb14ec1f10001cfcb79","Worst Player Ever","68c9b96af5632a4e71ec8b8c","6a9d41985a43d0a64f9864f1","2026-09-06 06:39"
"Lubec","5e974c906ea510372c1e444a","sp4ghet","5ec26de5a789c45a9c13cf3c","6a9d40408e5c6190712daa42","2026-09-06 06:40"
"Aaryan22","657021f7412bfd95aad62550","Bigfoot","67fd4eba9625059c3d2f10f0","6a9d41dab954b6be36ab1fce","2026-09-06 06:40"
"Falken","6259db15861871be45a34fab","GeoWiz","60a005c9880a050001db106c","6a9d417cd6156877e121c63c","2026-09-06 06:40"
"teddy bear","66f081f2bf4b230a2fcb970c","kober","67ad18a09e150413a5e6fa66","6a9d42891e7857ed600b8a58","2026-09-06 06:41"
"Luca","62faac056417c6c320e282de","Mythaz","62c41cd57a1a25207caf8277","6a9d42953f1a67370ecbc116","2026-09-06 06:41"
"MANGER","6785046bef2c357f0bdfd387","Venux","601d72df848235000143965e","6a9d42278e5c6190712daf1f","2026-09-06 06:41"
"鬼哭啾々","642938b80c4a29948f1bf1ea","kober","67ad18a09e150413a5e6fa66","6a9d42c05a43d0a64f986721","2026-09-06 06:42"
"Ringo (chatbanned)","6046c8a097019400018ea4cf","VIVER","631f29032347fcd4bef60349","6a9d42388e5c6190712daf42","2026-09-06 06:44"
"sp4ghet","5ec26de5a789c45a9c13cf3c","kober","67ad18a09e150413a5e6fa66","6a9d430b8e5c6190712db13b","2026-09-06 06:44"
"UNWRITTENCAT","659b1e04a83479f364f5ae61","vukGG","6384aef735180c664babf36e","6a9d4280b954b6be36ab20e4","2026-09-06 06:44"
"ImShinx","5f04af67d94a1550f0e79c76","pangolin","5ee22161f200f12f30cd9d29","6a9d42cb8e5c6190712db0a6","2026-09-06 06:44"
"GeoMax","610ade6208061c000158624f","鬼哭啾々","642938b80c4a29948f1bf1ea","6a9d4380d6156877e121c9ab","2026-09-06 06:45"
"GeoChad147 (Youtube)","61333da66ab477000167c55b","SigmaLigma","641e0c54c1155de1803057b1","6a9d426cb954b6be36ab20c8","2026-09-06 06:46"
"Falken","6259db15861871be45a34fab","Thomas4183b","60194a73ccb73b00018edf77","6a9d43095a43d0a64f986790","2026-09-06 06:46"
"sebastian","667d87ca8401bca3fee14649","Lubec","5e974c906ea510372c1e444a","6a9d4317b954b6be36ab21ea","2026-09-06 06:47"
"UNWRITTENCAT","659b1e04a83479f364f5ae61","vukGG","6384aef735180c664babf36e","6a9d43f41e7857ed600b8c9d","2026-09-06 06:47"
"sp4ghet","5ec26de5a789c45a9c13cf3c","kober","67ad18a09e150413a5e6fa66","6a9d43d1d6156877e121ca34","2026-09-06 06:48"
"VIVER","631f29032347fcd4bef60349","Salem","63af4615494c2bc27e4a2f31","6a9d443a1e7857ed600b8d25","2026-09-06 06:48"
"kober","67ad18a09e150413a5e6fa66","Veet","61f24e39e6b49c0001e98918","6a9d43fa5a43d0a64f986988","2026-09-06 06:48"
"Aaryan22","657021f7412bfd95aad62550","Blanecin","5e8781f3b3ec177638be489a","6a9d42d61e7857ed600b8ac2","2026-09-06 06:48"
"Yanek","5e625daa90d6cfa438a867a6","Asteroid","69dbdc1efb7bdfcff7ddf99d","6a9d42bab954b6be36ab2150","2026-09-06 06:49"
"Brzoza","60ababeffb1efa0001302754","Tudelzzz","6549fc9cf755320e28e30de7","6a9d426bd6156877e121c7c5","2026-09-06 06:49"
"Luca","62faac056417c6c320e282de","MANGER","6785046bef2c357f0bdfd387","6a9d43368e5c6190712db19a","2026-09-06 06:49"
"Dumby The Wizard","62d3d7745f2d61d4ee64cca9","Kenji","5f2fd4348378f500019bdee0","6a9d43898e5c6190712db27e","2026-09-06 06:49"
"kcd","5aef47d3b18d0894c4ffe297","sebastian","667d87ca8401bca3fee14649","6a9d44b55a43d0a64f986b16","2026-09-06 06:50"
"Maksonic","619d09bdc4ab7000016c68d3","teddy bear","66f081f2bf4b230a2fcb970c","6a9d436ab954b6be36ab227a","2026-09-06 06:50"
"UNWRITTENCAT","659b1e04a83479f364f5ae61","vukGG","6384aef735180c664babf36e","6a9d44a68e5c6190712db51c","2026-09-06 06:50"
"SigmaLigma","641e0c54c1155de1803057b1","Thomas4183b","60194a73ccb73b00018edf77","6a9d447ad6156877e121cb78","2026-09-06 06:50"
"TEEM0","68f9fdd90f6d5f026cf9e4d8","pangolin","5ee22161f200f12f30cd9d29","6a9d44685a43d0a64f986a7a","2026-09-06 06:50"
"Sebo586","6484d6c62835b90b9cd9297c","OnkeGG","6912d873ef3380557dd45eec","6a9d41de5a43d0a64f986570","2026-09-06 06:51"
"Mimii_","699711a6047cff743822aac4","鬼哭啾々","642938b80c4a29948f1bf1ea","6a9d44211e7857ed600b8cfb","2026-09-06 06:51"
"teddy bear","66f081f2bf4b230a2fcb970c","sp4ghet","5ec26de5a789c45a9c13cf3c","6a9d4538d6156877e121ccb0","2026-09-06 06:52"
"MANGER","6785046bef2c357f0bdfd387","Falken","6259db15861871be45a34fab","6a9d451a8e5c6190712db629","2026-09-06 06:52"
"Lubec","5e974c906ea510372c1e444a","GeoMax","610ade6208061c000158624f","6a9d44f4b954b6be36ab2537","2026-09-06 06:53"
"sebastian","667d87ca8401bca3fee14649","Yanek","5e625daa90d6cfa438a867a6","6a9d4547b954b6be36ab25c1","2026-09-06 06:54"
"VIVER","631f29032347fcd4bef60349","Blanecin","5e8781f3b3ec177638be489a","6a9d44e1b954b6be36ab250f","2026-09-06 06:54"
"ferreiro","5f126427d6ca438f24009b8e","Veet","61f24e39e6b49c0001e98918","6a9d455d8e5c6190712db71b","2026-09-06 06:54"
"MANGER","6785046bef2c357f0bdfd387","Falken","6259db15861871be45a34fab","6a9d45e38e5c6190712db872","2026-09-06 06:54"
"OnkeGG","6912d873ef3380557dd45eec","鬼哭啾々","642938b80c4a29948f1bf1ea","6a9d45835a43d0a64f986cc4","2026-09-06 06:54"
"UNWRITTENCAT","659b1e04a83479f364f5ae61","vukGG","6384aef735180c664babf36e","6a9d45b28e5c6190712db7c8","2026-09-06 06:55"
"skrzypas&wojfer shared account","62dc07edf32847e5836668f1","kcd","5aef47d3b18d0894c4ffe297","6a9d45afd6156877e121cd7b","2026-09-06 06:56"
"Luca","62faac056417c6c320e282de","鬼哭啾々","642938b80c4a29948f1bf1ea","6a9d4580d6156877e121cd1f","2026-09-06 06:56"
"Рома","5bc9f3921f3cf81af80cfa72","Clemens363","5f2bb2243ae4f7000134081b","6a9d446c5a43d0a64f986a82","2026-09-06 06:56"
"oasis🌌","65c6415fd049a76dfa1bd411","Loars_","67c023fa843f4449095fd251","6a9d46005a43d0a64f986dd1","2026-09-06 06:56"
"cryptal","68da8c9b361db7a9867df6ec","Charlie","6086e54c403c220001ed4116","6a9d45bd1e7857ed600b8f99","2026-09-06 06:56"
"teddy bear","66f081f2bf4b230a2fcb970c","sp4ghet","5ec26de5a789c45a9c13cf3c","6a9d4603d6156877e121ce12","2026-09-06 06:57"
"Yanek","5e625daa90d6cfa438a867a6","sebastian","667d87ca8401bca3fee14649","6a9d461fb954b6be36ab274f","2026-09-06 06:58"
"SigmaLigma","641e0c54c1155de1803057b1","Derzal","5f96feae45cc8c00017ca853","6a9d454cd6156877e121cce1","2026-09-06 06:58"
"skrzypas&wojfer shared account","62dc07edf32847e5836668f1","kcd","5aef47d3b18d0894c4ffe297","6a9d469cd6156877e121cf0a","2026-09-06 06:59"
"teddy bear","66f081f2bf4b230a2fcb970c","Asteroid","69dbdc1efb7bdfcff7ddf99d","6a9d46ea5a43d0a64f986f7a","2026-09-06 06:59"
"Brzoza","60ababeffb1efa0001302754","Tudelzzz","6549fc9cf755320e28e30de7","6a9d4520d6156877e121cc77","2026-09-06 06:59"
"OnkeGG","6912d873ef3380557dd45eec","鬼哭啾々","642938b80c4a29948f1bf1ea","6a9d463d8e5c6190712db939","2026-09-06 06:59"
"GeoChad147 (Youtube)","61333da66ab477000167c55b","thomas petruv","6000461b23fa0d00011e9f10","6a9d468d8e5c6190712dba1c","2026-09-06 06:59"
"Dumby The Wizard","62d3d7745f2d61d4ee64cca9","Anonymous","62517d69bf2d9b52f4682c70","6a9d4666b954b6be36ab27b0","2026-09-06 07:00"
"sebastian","667d87ca8401bca3fee14649","Yanek","5e625daa90d6cfa438a867a6","6a9d47268e5c6190712dbb88","2026-09-06 07:01"
"kcd","5aef47d3b18d0894c4ffe297","skrzypas&wojfer shared account","62dc07edf32847e5836668f1","6a9d479c8e5c6190712dbcd4","2026-09-06 07:02"
"Brzoza","60ababeffb1efa0001302754","Ritchie","5ff84d182c4df40001592f85","6a9d47b58e5c6190712dbd18","2026-09-06 07:02"
"Luca","62faac056417c6c320e282de","Leo","643ee35e420a82ec7b9e79cc","6a9d47048e5c6190712dbb35","2026-09-06 07:02"
"MANGER","6785046bef2c357f0bdfd387","VIVER","631f29032347fcd4bef60349","6a9d463d5a43d0a64f986e5d","2026-09-06 07:02"
"鬼哭啾々","642938b80c4a29948f1bf1ea","vukGG","6384aef735180c664babf36e","6a9d46bb8e5c6190712dba9e","2026-09-06 07:02"
"Veet","61f24e39e6b49c0001e98918","Falken","6259db15861871be45a34fab","6a9d464a8e5c6190712db94f","2026-09-06 07:02"
"SigmaLigma","641e0c54c1155de1803057b1","Derzal","5f96feae45cc8c00017ca853","6a9d471bb954b6be36ab2905","2026-09-06 07:03"
"oasis🌌","65c6415fd049a76dfa1bd411","Malte","60c853a83cb2160001a0e14b","6a9d46a95a43d0a64f986f21","2026-09-06 07:03"
"teddy bear","66f081f2bf4b230a2fcb970c","Asteroid","69dbdc1efb7bdfcff7ddf99d","6a9d4758cd72607d3d15c265","2026-09-06 07:04"
"sp4ghet","5ec26de5a789c45a9c13cf3c","Shakazaramesh","5ef2945bbb96627c9ce5f63f","6a9d46fb8e5c6190712dbb20","2026-09-06 07:04"
"鬼哭啾々","642938b80c4a29948f1bf1ea","GeoChad147 (Youtube)","61333da66ab477000167c55b","6a9d47615a43d0a64f98704c","2026-09-06 07:04"
"Magnus","679395e4205fcbaaa18ff360","OnkeGG","6912d873ef3380557dd45eec","6a9d476fd6156877e121d072","2026-09-06 07:04"
"sebastian","667d87ca8401bca3fee14649","Yanek","5e625daa90d6cfa438a867a6","6a9d47dbb954b6be36ab2a79","2026-09-06 07:05"
"Anonymous","617f7cfb9dffd50001875a3f","Ringo (chatbanned)","6046c8a097019400018ea4cf","6a9d47431e7857ed600b922f","2026-09-06 07:06"
"Asteroid","69dbdc1efb7bdfcff7ddf99d","teddy bear","66f081f2bf4b230a2fcb970c","6a9d48745a43d0a64f987250","2026-09-06 07:06"
"Kelex","69fba177885d4eaea877b40d","Magnus","679395e4205fcbaaa18ff360","6a9d487f8e5c6190712dbec0","2026-09-06 07:06"
"oasis🌌","65c6415fd049a76dfa1bd411","Zoe","64012c4575693afea0dec10b","6a9d48448e5c6190712dbe62","2026-09-06 07:06"
"Ritchie","5ff84d182c4df40001592f85","Leo","643ee35e420a82ec7b9e79cc","6a9d48358e5c6190712dbe3b","2026-09-06 07:07"
"xiwang","696e0e6fe76a00570552d609","SigmaLigma","641e0c54c1155de1803057b1","6a9d485fb954b6be36ab2b4f","2026-09-06 07:07"
"Veet","61f24e39e6b49c0001e98918","Falken","6259db15861871be45a34fab","6a9d481cb954b6be36ab2adc","2026-09-06 07:07"
"기니","67493198473744059fbb9736","kcd","5aef47d3b18d0894c4ffe297","6a9d48618e5c6190712dbe91","2026-09-06 07:09"
"skrzypas&wojfer shared account","62dc07edf32847e5836668f1","sebastian","667d87ca8401bca3fee14649","6a9d48c4b954b6be36ab2c01","2026-09-06 07:09"
"oasis🌌","65c6415fd049a76dfa1bd411","Kelex","69fba177885d4eaea877b40d","6a9d49125a43d0a64f987353","2026-09-06 07:09"
"Thomas4183b","60194a73ccb73b00018edf77","DeTect","65aaf6d23171e89a57705b47","6a9d4601d6156877e121ce0d","2026-09-06 07:09"
"sp4ghet","5ec26de5a789c45a9c13cf3c","Shakazaramesh","5ef2945bbb96627c9ce5f63f","6a9d489ad6156877e121d237","2026-09-06 07:10"
"teddy bear","66f081f2bf4b230a2fcb970c","Asteroid","69dbdc1efb7bdfcff7ddf99d","6a9d490b8e5c6190712dbfd9","2026-09-06 07:11"
"vukGG","6384aef735180c664babf36e","鬼哭啾々","642938b80c4a29948f1bf1ea","6a9d480d205b30231b3c914c","2026-09-06 07:11"
"SigmaLigma","641e0c54c1155de1803057b1","xiwang","696e0e6fe76a00570552d609","6a9d493f8e5c6190712dc04d","2026-09-06 07:11"
"Horizon","6222899bf7131100016e875e","鬼哭啾々","642938b80c4a29948f1bf1ea","6a9d48c68e5c6190712dbf53","2026-09-06 07:11"
"Lubec","5e974c906ea510372c1e444a","kcd","5aef47d3b18d0894c4ffe297","6a9d4a038e5c6190712dc210","2026-09-06 07:12"
"GeoChad147 (Youtube)","61333da66ab477000167c55b","Magnus","679395e4205fcbaaa18ff360","6a9d48f3b841a990e0b8c42b","2026-09-06 07:12"
"OnkeGG","6912d873ef3380557dd45eec","Derzal","5f96feae45cc8c00017ca853","6a9d487c5a43d0a64f987263","2026-09-06 07:13"
"Magnus","679395e4205fcbaaa18ff360","鬼哭啾々","642938b80c4a29948f1bf1ea","6a9d4a551e7857ed600b973f","2026-09-06 07:13"
"lecheur2pieds","663523ba8e313d3aa27852b0","skrzypas&wojfer shared account","62dc07edf32847e5836668f1","6a9d49d45a43d0a64f9874a8","2026-09-06 07:15"
"teddy bear","66f081f2bf4b230a2fcb970c","kcd","5aef47d3b18d0894c4ffe297","6a9d4a4db954b6be36ab2e97","2026-09-06 07:15"
"vukGG","6384aef735180c664babf36e","Asteroid","69dbdc1efb7bdfcff7ddf99d","6a9d4a425a43d0a64f987593","2026-09-06 07:15"
"xiwang","696e0e6fe76a00570552d609","SigmaLigma","641e0c54c1155de1803057b1","6a9d4a1f5a43d0a64f98753a","2026-09-06 07:15"
"OnkeGG","6912d873ef3380557dd45eec","Magnus","679395e4205fcbaaa18ff360","6a9d4aac3f1a67370ecbcbd5","2026-09-06 07:15"
"Ritchie","5ff84d182c4df40001592f85","sp4ghet","5ec26de5a789c45a9c13cf3c","6a9d49de5a43d0a64f9874bc","2026-09-06 07:16"
"Rick Astley","64fce8cb8f2e9fbe3b42b979","Leo","643ee35e420a82ec7b9e79cc","6a9d49735a43d0a64f9873ea","2026-09-06 07:16"
"sva","67a710249d75e04dff436d40","Feraoleo","658d9b7bcb4345ff30748091","6a9d4afa1e7857ed600b982f","2026-09-06 07:16"
"skrzypas&wojfer shared account","62dc07edf32847e5836668f1","lecheur2pieds","663523ba8e313d3aa27852b0","6a9d4b2bb954b6be36ab2fe5","2026-09-06 07:17"
"0.03mm","692fdd96871fb5a05c4dcab0","Derzal","5f96feae45cc8c00017ca853","6a9d4a981e7857ed600b97a6","2026-09-06 07:18"
"pätrixo❤️mini pablo","6912393b171526dcbf92936c","Shakazaramesh","5ef2945bbb96627c9ce5f63f","6a9d4a00b954b6be36ab2e06","2026-09-06 07:18"
"기니","67493198473744059fbb9736","Lubec","5e974c906ea510372c1e444a","6a9d4ab11e7857ed600b97ca","2026-09-06 07:19"
"skrzypas&wojfer shared account","62dc07edf32847e5836668f1","lecheur2pieds","663523ba8e313d3aa27852b0","6a9d4b818e5c6190712dc5d9","2026-09-06 07:20"
"kcd","5aef47d3b18d0894c4ffe297","teddy bear","66f081f2bf4b230a2fcb970c","6a9d4b478e5c6190712dc545","2026-09-06 07:20"
"vukGG","6384aef735180c664babf36e","Asteroid","69dbdc1efb7bdfcff7ddf99d","6a9d4b40d6156877e121d679","2026-09-06 07:20"
"chilemasterballking","64c4d20a8f7b73c424913e00","Dumby The Wizard","62d3d7745f2d61d4ee64cca9","6a9d49598e5c6190712dc095","2026-09-06 07:20"
"Shakazaramesh","5ef2945bbb96627c9ce5f63f","鬼哭啾々","642938b80c4a29948f1bf1ea","6a9d4bcb8e5c6190712dc68e","2026-09-06 07:21"
"thomas petruv","6000461b23fa0d00011e9f10","RinKa","66ef015a0d51fac29bcc68a8","6a9d4b588e5c6190712dc568","2026-09-06 07:21"
"ulquiora","66159d055967919df66cf9c0","VixGeooo2b","5fb0f0e56f23e6000161ccbf","6a9d4be98e5c6190712dc6d4","2026-09-06 07:21"
"kcd","5aef47d3b18d0894c4ffe297","teddy bear","66f081f2bf4b230a2fcb970c","6a9d4c34b954b6be36ab312e","2026-09-06 07:22"
"xiwang","696e0e6fe76a00570552d609","SigmaLigma","641e0c54c1155de1803057b1","6a9d4b2ab954b6be36ab2fe3","2026-09-06 07:22"
"sva","67a710249d75e04dff436d40","Feraoleo","658d9b7bcb4345ff30748091","6a9d4b5d1e7857ed600b98fa","2026-09-06 07:22"
"PLAYHRD","5d696003e9473f7c4058f0ae","teddy bear","66f081f2bf4b230a2fcb970c","6a9d4c39b954b6be36ab3133","2026-09-06 07:23"
"Shakazaramesh","5ef2945bbb96627c9ce5f63f","鬼哭啾々","642938b80c4a29948f1bf1ea","6a9d4bcb8e5c6190712dc68e","2026-09-06 07:23"
"skrzypas&wojfer shared account","62dc07edf32847e5836668f1","lecheur2pieds","663523ba8e313d3aa27852b0","6a9d4c5e1e7857ed600b9a99","2026-09-06 07:24"
"Locke","679bd2f0c95e0ff79cde564e","Leo","643ee35e420a82ec7b9e79cc","6a9d4b731e7857ed600b991e","2026-09-06 07:24"
"SigmaLigma","641e0c54c1155de1803057b1","Shakazaramesh","5ef2945bbb96627c9ce5f63f","6a9d4cda8e5c6190712dc910","2026-09-06 07:24"
"kcd","5aef47d3b18d0894c4ffe297","teddy bear","66f081f2bf4b230a2fcb970c","6a9d4cc05a43d0a64f987a41","2026-09-06 07:25"
"chilemasterballking","64c4d20a8f7b73c424913e00","Asteroid","69dbdc1efb7bdfcff7ddf99d","6a9d4c4d8e5c6190712dc7b8","2026-09-06 07:25"
"Ned","5eeb7335479917548004e4f7","Frouser","676f1d87e37422d9da127424","6a9d4bbd1e7857ed600b9992","2026-09-06 07:26"
"Filipp","63bf085d2a26bb57d315f246","Eddie","5695b1e1838cda1838015d4b","6a9d4bcb8e5c6190712dc690","2026-09-06 07:26"
"鬼哭啾々","642938b80c4a29948f1bf1ea","thomas petruv","6000461b23fa0d00011e9f10","6a9d4c70b954b6be36ab3182","2026-09-06 07:26"
"RinKa","66ef015a0d51fac29bcc68a8","ulquiora","66159d055967919df66cf9c0","6a9d4c881e7857ed600b9ae0","2026-09-06 07:26"
"Horizon","6222899bf7131100016e875e","pätrixo❤️mini pablo","6912393b171526dcbf92936c","6a9d4be15a43d0a64f98786f","2026-09-06 07:26"
"Angeria","5e1333041b34a033c801a9b1","teddy bear","66f081f2bf4b230a2fcb970c","6a9d4d378e5c6190712dc9ee","2026-09-06 07:27"
"Tung Sahur","6a5e71db480fcf6a022a4219","Asteroid","69dbdc1efb7bdfcff7ddf99d","6a9d4d73d6156877e121da1c","2026-09-06 07:27"
"Yanek","5e625daa90d6cfa438a867a6","Brzoza","60ababeffb1efa0001302754","6a9d48c48e5c6190712dbf52","2026-09-06 07:28"
"vukGG","6384aef735180c664babf36e","Ritchie","5ff84d182c4df40001592f85","6a9d4ca85a43d0a64f987a10","2026-09-06 07:28"
"Leo","643ee35e420a82ec7b9e79cc","Hussienisgay","6a6020eb271fd232316962d4","6a9d4d2b5a43d0a64f987b30","2026-09-06 07:28"
"Shakazaramesh","5ef2945bbb96627c9ce5f63f","SigmaLigma","641e0c54c1155de1803057b1","6a9d4d441e7857ed600b9c40","2026-09-06 07:29"
"Baga #banalts","6106adfe5078c20001560397","鬼哭啾々","642938b80c4a29948f1bf1ea","6a9d4da8b954b6be36ab33a3","2026-09-06 07:29"
"kcd","5aef47d3b18d0894c4ffe297","Eddie","5695b1e1838cda1838015d4b","6a9d4db0d6156877e121da73","2026-09-06 07:30"
"Genziara","62e033ce217ecdfb2101edf8","Ritchie","5ff84d182c4df40001592f85","6a9d4e1d8e5c6190712dcbfd","2026-09-06 07:31"
"Horizon","6222899bf7131100016e875e","Anonymous","62517d69bf2d9b52f4682c70","6a9d4db38e5c6190712dcb0f","2026-09-06 07:31"
"기니","67493198473744059fbb9736","Eamonn","5e2e983722bbda85a40e9009","6a9d4e84d6156877e121db86","2026-09-06 07:32"
"skrzypas&wojfer shared account","62dc07edf32847e5836668f1","lecheur2pieds","663523ba8e313d3aa27852b0","6a9d4d481e7857ed600b9c47","2026-09-06 07:32"
"Angeria","5e1333041b34a033c801a9b1","teddy bear","66f081f2bf4b230a2fcb970c","6a9d4ddb8e5c6190712dcb6c","2026-09-06 07:32"
"RinKa","66ef015a0d51fac29bcc68a8","ulquiora","66159d055967919df66cf9c0","6a9d4db48e5c6190712dcb17","2026-09-06 07:32"
"Filipp","63bf085d2a26bb57d315f246","teddy bear","66f081f2bf4b230a2fcb970c","6a9d4dcf1e7857ed600b9cfa","2026-09-06 07:33"
"vukGG","6384aef735180c664babf36e","Asteroid","69dbdc1efb7bdfcff7ddf99d","6a9d4e20d6156877e121db06","2026-09-06 07:33"
"Luca","62faac056417c6c320e282de","Dumby The Wizard","62d3d7745f2d61d4ee64cca9","6a9d4d3a5a43d0a64f987b43","2026-09-06 07:33"
"pätrixo❤️mini pablo","6912393b171526dcbf92936c","mu6h0m0r3k","6a2e97e56d531d07b5890b30","6a9d4dd78e5c6190712dcb5e","2026-09-06 07:33"
"Brzoza","60ababeffb1efa0001302754","sp4ghet","5ec26de5a789c45a9c13cf3c","6a9d4e428e5c6190712dcc61","2026-09-06 07:34"
"SigmaLigma","641e0c54c1155de1803057b1","Reginald McCumbiscuits","67f242296e1e3985a123fe4a","6a9d4e765a43d0a64f987d7a","2026-09-06 07:34"
"Yanek","5e625daa90d6cfa438a867a6","Elori","57d698c209f2ef93b8572689","6a9d4e841e7857ed600b9e2e","2026-09-06 07:35"
"teddy bear","66f081f2bf4b230a2fcb970c","kuba.","68582b5f8e62427811441b60","6a9d4f175a43d0a64f987e97","2026-09-06 07:35"
"chilemasterballking","64c4d20a8f7b73c424913e00","Baga #banalts","6106adfe5078c20001560397","6a9d4ea38e5c6190712dcd4e","2026-09-06 07:35"
"kcd","5aef47d3b18d0894c4ffe297","skrzypas&wojfer shared account","62dc07edf32847e5836668f1","6a9d4f15b841a990e0b8cb2a","2026-09-06 07:36"
"Equinox","65cac339810ef89a8b628cc7","Ringo (chatbanned)","6046c8a097019400018ea4cf","6a9d4f19b954b6be36ab35b2","2026-09-06 07:36"
"Рома","5bc9f3921f3cf81af80cfa72","Mjees","5eb547e997d6cf4714896ca7","6a9d4db7d6156877e121da7d","2026-09-06 07:36"
"鬼哭啾々","642938b80c4a29948f1bf1ea","L","69b596bc924a2250e702f92f","6a9d4e848e5c6190712dccf5","2026-09-06 07:36"
"Magnus","679395e4205fcbaaa18ff360","Blanecin","5e8781f3b3ec177638be489a","6a9d4c061e7857ed600b99f1","2026-09-06 07:36"
"Locke","679bd2f0c95e0ff79cde564e","Leo","643ee35e420a82ec7b9e79cc","6a9d4e355a43d0a64f987d11","2026-09-06 07:37"
"Rick Astley","64fce8cb8f2e9fbe3b42b979","noggy","5e5d27ef26bbda5260b01e89","6a9d4f685a43d0a64f987f28","2026-09-06 07:37"
"鬼哭啾々","642938b80c4a29948f1bf1ea","Umbrella☔","6814628ed8477060002e00ba","6a9d4e895a43d0a64f987daa","2026-09-06 07:38"
"sva","67a710249d75e04dff436d40","Bobby (hardly to play Geo)","6714750201023856a7e005a7","6a9d4f3b5a43d0a64f987ed3","2026-09-06 07:38"
"Filipp","63bf085d2a26bb57d315f246","sp4ghet","5ec26de5a789c45a9c13cf3c","6a9d4fb41e7857ed600ba00f","2026-09-06 07:39"
"Brzoza","60ababeffb1efa0001302754","vukGG","6384aef735180c664babf36e","6a9d4f80b841a990e0b8cbb3","2026-09-06 07:39"
"Angeria","5e1333041b34a033c801a9b1","Ritchie","5ff84d182c4df40001592f85","6a9d4f1e5a43d0a64f987eac","2026-09-06 07:39"
"chilemasterballking","64c4d20a8f7b73c424913e00","Luca","62faac056417c6c320e282de","6a9d4fe3d6156877e121dd79","2026-09-06 07:39"
"Asteroid","69dbdc1efb7bdfcff7ddf99d","teddy bear","66f081f2bf4b230a2fcb970c","6a9d4f565a43d0a64f987f09","2026-09-06 07:39"
"lecheur2pieds","663523ba8e313d3aa27852b0","kcd","5aef47d3b18d0894c4ffe297","6a9d50095a43d0a64f988077","2026-09-06 07:40"
"teddy bear","66f081f2bf4b230a2fcb970c","sp4ghet","5ec26de5a789c45a9c13cf3c","6a9d50be8e5c6190712dd274","2026-09-06 07:40"
"Horizon","6222899bf7131100016e875e","3rik","652aca3b712620f1edca77dd","6a9d4f138e5c6190712dce50","2026-09-06 07:40"
"L","69b596bc924a2250e702f92f","Anonymous","62517d69bf2d9b52f4682c70","6a9d50188e5c6190712dd0ab","2026-09-06 07:40"
"Shakazaramesh","5ef2945bbb96627c9ce5f63f","雲仙天草ファン","67057bd80e65158e29b7a97e","6a9d4eb95a43d0a64f987dfb","2026-09-06 07:41"
"鬼哭啾々","642938b80c4a29948f1bf1ea","Blanecin","5e8781f3b3ec177638be489a","6a9d50248e5c6190712dd0cb","2026-09-06 07:41"
"Brzoza","60ababeffb1efa0001302754","teddy bear","66f081f2bf4b230a2fcb970c","6a9d50ab5a43d0a64f9881ac","2026-09-06 07:42"
"Ringo (chatbanned)","6046c8a097019400018ea4cf","Equinox","65cac339810ef89a8b628cc7","6a9d50108e5c6190712dd095","2026-09-06 07:42"
"Ritchie","5ff84d182c4df40001592f85","Filipp","63bf085d2a26bb57d315f246","6a9d50e61e7857ed600ba20a","2026-09-06 07:42"
"Baga #banalts","6106adfe5078c20001560397","[TNT] jv724 α","5d50f46b24ec173888d7e22e","6a9d50158e5c6190712dd0a8","2026-09-06 07:42"
"sva","67a710249d75e04dff436d40","ulquiora","66159d055967919df66cf9c0","6a9d508b1e7857ed600ba16c","2026-09-06 07:42"
"SigmaLigma","641e0c54c1155de1803057b1","NoruJumping","5c5817f33d925bc96cd177e7","6a9d4fa35a43d0a64f987fbc","2026-09-06 07:43"
"Kenji","5f2fd4348378f500019bdee0","Dumby The Wizard","62d3d7745f2d61d4ee64cca9","6a9d4f468e5c6190712dcebd","2026-09-06 07:43"
"rileyrhino4wc2027","63b6a120ed1bf0b1b513dfb8","Luca","62faac056417c6c320e282de","6a9d50ed8e5c6190712dd2d9","2026-09-06 07:44"
"sp4ghet","5ec26de5a789c45a9c13cf3c","teddy bear","66f081f2bf4b230a2fcb970c","6a9d51275a43d0a64f988280","2026-09-06 07:44"
"Locke","679bd2f0c95e0ff79cde564e","Asteroid","69dbdc1efb7bdfcff7ddf99d","6a9d50c18e5c6190712dd27a","2026-09-06 07:44"
"Ringo (chatbanned)","6046c8a097019400018ea4cf","Lubec","5e974c906ea510372c1e444a","6a9d5189d6156877e121e006","2026-09-06 07:45"
"vukGG","6384aef735180c664babf36e","kuba.","68582b5f8e62427811441b60","6a9d50afb954b6be36ab3872","2026-09-06 07:45"
"Magnus","679395e4205fcbaaa18ff360","Timbo","6352c05ddc57c324dba7d12f","6a9d50665a43d0a64f988137","2026-09-06 07:45"
"Leo","643ee35e420a82ec7b9e79cc","EUZAH","60adebe1fed60600011e8387","6a9d506e1e7857ed600ba134","2026-09-06 07:45"
"lecheur2pieds","663523ba8e313d3aa27852b0","skrzypas&wojfer shared account","62dc07edf32847e5836668f1","6a9d510c3f1a67370ecbd3c0","2026-09-06 07:46"
"Filipp","63bf085d2a26bb57d315f246","teddy bear","66f081f2bf4b230a2fcb970c","6a9d51725a43d0a64f988318","2026-09-06 07:46"
"Baga #banalts","6106adfe5078c20001560397","Asteroid","69dbdc1efb7bdfcff7ddf99d","6a9d51f91e7857ed600ba394","2026-09-06 07:46"
"Horizon","6222899bf7131100016e875e","雲仙天草ファン","67057bd80e65158e29b7a97e","6a9d514b5a43d0a64f9882c8","2026-09-06 07:46"
"miniura","650ff17b12259a4cd34bd829","鬼哭啾々","642938b80c4a29948f1bf1ea","6a9d51558e5c6190712dd3d5","2026-09-06 07:46"
"[TNT] jv724 α","5d50f46b24ec173888d7e22e","zGipfeli","63790184336303437a0f260c","6a9d5178b954b6be36ab39b3","2026-09-06 07:46"
"lecheur2pieds","663523ba8e313d3aa27852b0","sebastian","667d87ca8401bca3fee14649","6a9d5275b954b6be36ab3b6f","2026-09-06 07:48"
"Angeria","5e1333041b34a033c801a9b1","sp4ghet","5ec26de5a789c45a9c13cf3c","6a9d52108e5c6190712dd58a","2026-09-06 07:48"
"Kelex","69fba177885d4eaea877b40d","benji (^-^)","6401d53b67356a12ae3f0c6a","6a9d5201d6156877e121e0e3","2026-09-06 07:48"
"Brzoza","60ababeffb1efa0001302754","teddy bear","66f081f2bf4b230a2fcb970c","6a9d51675a43d0a64f988301","2026-09-06 07:49"
"Asteroid","69dbdc1efb7bdfcff7ddf99d","teddy bear","66f081f2bf4b230a2fcb970c","6a9d52708e5c6190712dd688","2026-09-06 07:49"
"Breivik","67eaa19f174c9c157fefdc99","Luca","62faac056417c6c320e282de","6a9d51e71e7857ed600ba36e","2026-09-06 07:49"
"Tatert0t","68713ba58c49b2f1bf373e05","L","69b596bc924a2250e702f92f","6a9d51111e7857ed600ba237","2026-09-06 07:49"
"dying sociopath","5aae066718399e2758306701","teddy bear","66f081f2bf4b230a2fcb970c","6a9d526d5a43d0a64f988512","2026-09-06 07:50"
"Baga #banalts","6106adfe5078c20001560397","સિલુસ્ટરબુસ્ટર","65a298676d25e3f9160d193d","6a9d52bcb954b6be36ab3be2","2026-09-06 07:50"
"skrzypas&wojfer shared account","62dc07edf32847e5836668f1","sebastian","667d87ca8401bca3fee14649","6a9d52c2d6156877e121e251","2026-09-06 07:51"
"vukGG","6384aef735180c664babf36e","kuba.","68582b5f8e62427811441b60","6a9d5227b954b6be36ab3aea","2026-09-06 07:51"
"NoruJumping","5c5817f33d925bc96cd177e7","Kenji","5f2fd4348378f500019bdee0","6a9d51cd5a43d0a64f9883cd","2026-09-06 07:51"
"Angeria","5e1333041b34a033c801a9b1","sp4ghet","5ec26de5a789c45a9c13cf3c","6a9d52f95a43d0a64f988619","2026-09-06 07:52"
"Ritchie","5ff84d182c4df40001592f85","Filipp","63bf085d2a26bb57d315f246","6a9d52ddb954b6be36ab3c1c","2026-09-06 07:52"
"Umbrella☔","6814628ed8477060002e00ba","鬼哭啾々","642938b80c4a29948f1bf1ea","6a9d524d5a43d0a64f9884d8","2026-09-06 07:52"
"[TNT] jv724 α","5d50f46b24ec173888d7e22e","鬼哭啾々","642938b80c4a29948f1bf1ea","6a9d526b1e7857ed600ba44c","2026-09-06 07:52"
"Blanecin","5e8781f3b3ec177638be489a","Casanção Blur Enjoyer","6a207295824d2054d74c3e7a","6a9d51818e5c6190712dd430","2026-09-06 07:52"
"Ringo (chatbanned)","6046c8a097019400018ea4cf","rileyrhino4wc2027","63b6a120ed1bf0b1b513dfb8","6a9d525eb954b6be36ab3b4b","2026-09-06 07:53"
"雲仙天草ファン","67057bd80e65158e29b7a97e","Horizon","6222899bf7131100016e875e","6a9d52955a43d0a64f98855b","2026-09-06 07:53"
"Asteroid","69dbdc1efb7bdfcff7ddf99d","Luca","62faac056417c6c320e282de","6a9d533a8e5c6190712dd88d","2026-09-06 07:53"
"Baga #banalts","6106adfe5078c20001560397","Breivik","67eaa19f174c9c157fefdc99","6a9d53588e5c6190712dd8ea","2026-09-06 07:53"
"teddy bear","66f081f2bf4b230a2fcb970c","dying sociopath","5aae066718399e2758306701","6a9d53968e5c6190712dd997","2026-09-06 07:54"
"鬼哭啾々","642938b80c4a29948f1bf1ea","Casanção Blur Enjoyer","6a207295824d2054d74c3e7a","6a9d53e2b954b6be36ab3e06","2026-09-06 07:54"
"teddy bear","66f081f2bf4b230a2fcb970c","sp4ghet","5ec26de5a789c45a9c13cf3c","6a9d53b5b954b6be36ab3dbb","2026-09-06 07:55"
"Shakazaramesh","5ef2945bbb96627c9ce5f63f","鬼哭啾々","642938b80c4a29948f1bf1ea","6a9d53c65a43d0a64f9887b2","2026-09-06 07:55"
"Dumby The Wizard","62d3d7745f2d61d4ee64cca9","Locke","679bd2f0c95e0ff79cde564e","6a9d52268e5c6190712dd5bf","2026-09-06 07:55"
"Brzoza","60ababeffb1efa0001302754","lecheur2pieds","663523ba8e313d3aa27852b0","6a9d5345b954b6be36ab3ce1","2026-09-06 07:56"
"Filipp","63bf085d2a26bb57d315f246","rileyrhino4wc2027","63b6a120ed1bf0b1b513dfb8","6a9d54088e5c6190712ddab7","2026-09-06 07:56"
"vukGG","6384aef735180c664babf36e","kuba.","68582b5f8e62427811441b60","6a9d5380d6156877e121e3cd","2026-09-06 07:57"
"teddy bear","66f081f2bf4b230a2fcb970c","Angeria","5e1333041b34a033c801a9b1","6a9d53da8e5c6190712dda35","2026-09-06 07:57"
"Umbrella☔","6814628ed8477060002e00ba","[TNT] jv724 α","5d50f46b24ec173888d7e22e","6a9d53df5a43d0a64f9887e2","2026-09-06 07:57"
"sva","67a710249d75e04dff436d40","thomas petruv","6000461b23fa0d00011e9f10","6a9d54965a43d0a64f98895c","2026-09-06 07:58"
"vukGG","6384aef735180c664babf36e","kuba.","68582b5f8e62427811441b60","6a9d54f95a43d0a64f988a27","2026-09-06 07:59"
"Breivik","67eaa19f174c9c157fefdc99","Asteroid","69dbdc1efb7bdfcff7ddf99d","6a9d5418b954b6be36ab3e76","2026-09-06 07:59"
"鬼哭啾々","642938b80c4a29948f1bf1ea","üqvume","686ec69c5e236cb88190db7f","6a9d545b5a43d0a64f9888e2","2026-09-06 07:59"
"miniura","650ff17b12259a4cd34bd829","Magnus","679395e4205fcbaaa18ff360","6a9d52c2d6156877e121e252","2026-09-06 07:59"
"Fifonż","62a47f05cc33a10539b724eb","Leo","643ee35e420a82ec7b9e79cc","6a9d53558e5c6190712dd8de","2026-09-06 07:59"
"Filipp","63bf085d2a26bb57d315f246","teddy bear","66f081f2bf4b230a2fcb970c","6a9d550fb954b6be36ab4025","2026-09-06 08:00"
"rileyrhino4wc2027","63b6a120ed1bf0b1b513dfb8","dying sociopath","5aae066718399e2758306701","6a9d54d1d6156877e121e5e0","2026-09-06 08:01"
"asiacwan","61ea87207c1a7800014fb30d","Asteroid","69dbdc1efb7bdfcff7ddf99d","6a9d555bb954b6be36ab40a2","2026-09-06 08:01"
"teddy bear","66f081f2bf4b230a2fcb970c","kuba.","68582b5f8e62427811441b60","6a9d555f1e7857ed600ba90d","2026-09-06 08:02"
"BlackShark","61f04538cc54700001a27678","Feraoleo","658d9b7bcb4345ff30748091","6a9d553c8e5c6190712ddd75","2026-09-06 08:02"
"Blanecin","5e8781f3b3ec177638be489a","Kenji","5f2fd4348378f500019bdee0","6a9d53d38e5c6190712dda19","2026-09-06 08:02"
"기니","67493198473744059fbb9736","Eamonn","5e2e983722bbda85a40e9009","6a9d5487d6156877e121e56d","2026-09-06 08:04"
"lecheur2pieds","663523ba8e313d3aa27852b0","skrzypas&wojfer shared account","62dc07edf32847e5836668f1","6a9d54e41e7857ed600ba84b","2026-09-06 08:04"
"teddy bear","66f081f2bf4b230a2fcb970c","kuba.","68582b5f8e62427811441b60","6a9d56131e7857ed600baa76","2026-09-06 08:04"
"rileyrhino4wc2027","63b6a120ed1bf0b1b513dfb8","teddy bear","66f081f2bf4b230a2fcb970c","6a9d55d65a43d0a64f988be2","2026-09-06 08:05"
"vukGG","6384aef735180c664babf36e","Angeria","5e1333041b34a033c801a9b1","6a9d557a5a43d0a64f988b0a","2026-09-06 08:05"
"dying sociopath","5aae066718399e2758306701","teddy bear","66f081f2bf4b230a2fcb970c","6a9d561f5a43d0a64f988c73","2026-09-06 08:05"
"sp4ghet","5ec26de5a789c45a9c13cf3c","雲仙天草ファン","67057bd80e65158e29b7a97e","6a9d548dd6156877e121e576","2026-09-06 08:05"
"鬼哭啾々","642938b80c4a29948f1bf1ea","sva","67a710249d75e04dff436d40","6a9d556ad6156877e121e6d5","2026-09-06 08:05"
"[TNT] jv724 α","5d50f46b24ec173888d7e22e","whueu-abi","694060fd0b5941c5cbe18cbf","6a9d55c6b954b6be36ab417b","2026-09-06 08:05"
"teddy bear","66f081f2bf4b230a2fcb970c","kuba.","68582b5f8e62427811441b60","6a9d56ac8e5c6190712de159","2026-09-06 08:06"
"Elori","57d698c209f2ef93b8572689","Shakazaramesh","5ef2945bbb96627c9ce5f63f","6a9d55708e5c6190712dddda","2026-09-06 08:06"
"skrzypas&wojfer shared account","62dc07edf32847e5836668f1","lecheur2pieds","663523ba8e313d3aa27852b0","6a9d56a95a43d0a64f988dcd","2026-09-06 08:07"
"teddy bear","66f081f2bf4b230a2fcb970c","rileyrhino4wc2027","63b6a120ed1bf0b1b513dfb8","6a9d56f65a43d0a64f988e56","2026-09-06 08:07"
"sp4ghet","5ec26de5a789c45a9c13cf3c","kuba.","68582b5f8e62427811441b60","6a9d56c58e5c6190712de191","2026-09-06 08:08"
"Elori","57d698c209f2ef93b8572689","雲仙天草ファン","67057bd80e65158e29b7a97e","6a9d56f85a43d0a64f988e5b","2026-09-06 08:09"
"Asteroid","69dbdc1efb7bdfcff7ddf99d","NoruJumping","5c5817f33d925bc96cd177e7","6a9d55d58e5c6190712ddefb","2026-09-06 08:09"
"GeoHunter.jp","682addc04342da6bdce10d12","BlackShark","61f04538cc54700001a27678","6a9d56268e5c6190712ddfdd","2026-09-06 08:09"
"kuba.","68582b5f8e62427811441b60","Angeria","5e1333041b34a033c801a9b1","6a9d579a8e5c6190712de3ba","2026-09-06 08:10"
"Ziga","5f864ab232173400011bd862","Locke","679bd2f0c95e0ff79cde564e","6a9d54b68e5c6190712ddc48","2026-09-06 08:10"
"鬼哭啾々","642938b80c4a29948f1bf1ea","OnkeGG","6912d873ef3380557dd45eec","6a9d56c2cd72607d3d15d555","2026-09-06 08:10"
"teddy bear","66f081f2bf4b230a2fcb970c","dying sociopath","5aae066718399e2758306701","6a9d5717b954b6be36ab441c","2026-09-06 08:11"
"Nici","619512ea6e5572000187322c","Dumby The Wizard","62d3d7745f2d61d4ee64cca9","6a9d57228e5c6190712de288","2026-09-06 08:11"
"Shakazaramesh","5ef2945bbb96627c9ce5f63f","bajram_:)","5a141a876e2ae15b80944941","6a9d571f8e5c6190712de27b","2026-09-06 08:11"
"Zetie","5e9215c1b3ec17480c01df1e","Kenji","5f2fd4348378f500019bdee0","6a9d56478e5c6190712de03a","2026-09-06 08:11"
"lecheur2pieds","663523ba8e313d3aa27852b0","skrzypas&wojfer shared account","62dc07edf32847e5836668f1","6a9d573db954b6be36ab446d","2026-09-06 08:12"
"vukGG","6384aef735180c664babf36e","teddy bear","66f081f2bf4b230a2fcb970c","6a9d56e08e5c6190712de1c7","2026-09-06 08:12"
"sebastian","667d87ca8401bca3fee14649","Bad At Geo","5d46b0bb3b4b6a4968620f7b","6a9d57d95a43d0a64f989050","2026-09-06 08:13"
"Angeria","5e1333041b34a033c801a9b1","kuba.","68582b5f8e62427811441b60","6a9d583f1e7857ed600baea2","2026-09-06 08:14"
"鹰娥朗","628e0d478e5ef3a3ca163627","Kraim","655c88001a146e82ab9593a5","6a9d57801e7857ed600bad3b","2026-09-06 08:14"
"Bad At Geo","5d46b0bb3b4b6a4968620f7b","sebastian","667d87ca8401bca3fee14649","6a9d58c15a43d0a64f98927b","2026-09-06 08:15"
"skrzypas&wojfer shared account","62dc07edf32847e5836668f1","lecheur2pieds","663523ba8e313d3aa27852b0","6a9d587e8e5c6190712de62a","2026-09-06 08:16"
"dying sociopath","5aae066718399e2758306701","teddy bear","66f081f2bf4b230a2fcb970c","6a9d58828e5c6190712de638","2026-09-06 08:16"
"Elori","57d698c209f2ef93b8572689","雲仙天草ファン","67057bd80e65158e29b7a97e","6a9d57c71e7857ed600badbf","2026-09-06 08:16"
"Casanção Blur Enjoyer","6a207295824d2054d74c3e7a","thomas petruv","6000461b23fa0d00011e9f10","6a9d57bc8e5c6190712de40c","2026-09-06 08:16"
"mumami","69c5f6d3791d40cd91c6d117","pangolin","5ee22161f200f12f30cd9d29","6a9d588a8e5c6190712de64f","2026-09-06 08:16"
"GeoMax","610ade6208061c000158624f","Asteroid","69dbdc1efb7bdfcff7ddf99d","6a9d57ff1e7857ed600bae23","2026-09-06 08:17"
"Locke","679bd2f0c95e0ff79cde564e","OnkeGG","6912d873ef3380557dd45eec","6a9d58198e5c6190712de4e6","2026-09-06 08:17"
"鬼哭啾々","642938b80c4a29948f1bf1ea","Blanecin","5e8781f3b3ec177638be489a","6a9d5837d6156877e121ec73","2026-09-06 08:17"
"whueu-abi","694060fd0b5941c5cbe18cbf","üqvume","686ec69c5e236cb88190db7f","6a9d58e31e7857ed600baff7","2026-09-06 08:17"
"Kraim","655c88001a146e82ab9593a5","Kenji","5f2fd4348378f500019bdee0","6a9d59018e5c6190712de79f","2026-09-06 08:17"
"Zendaya","679def87311b366ecb41dcae","Dumby The Wizard","62d3d7745f2d61d4ee64cca9","6a9d585c5a43d0a64f98916b","2026-09-06 08:18"
"Aaryan22","657021f7412bfd95aad62550","kuba.","68582b5f8e62427811441b60","6a9d593f5a43d0a64f98938e","2026-09-06 08:18"
"sebastian","667d87ca8401bca3fee14649","Bad At Geo","5d46b0bb3b4b6a4968620f7b","6a9d59358e5c6190712de820","2026-09-06 08:19"
"Zendaya","679def87311b366ecb41dcae","GeoMax","610ade6208061c000158624f","6a9d59f91e7857ed600bb1fa","2026-09-06 08:19"
"lecheur2pieds","663523ba8e313d3aa27852b0","skrzypas&wojfer shared account","62dc07edf32847e5836668f1","6a9d5983b954b6be36ab48b6","2026-09-06 08:20"
"david attenborough","6202fc2fed74670001f9a180","Brzoza","60ababeffb1efa0001302754","6a9d59645a43d0a64f9893d3","2026-09-06 08:20"
"Elori","57d698c209f2ef93b8572689","雲仙天草ファン","67057bd80e65158e29b7a97e","6a9d59758e5c6190712de8ec","2026-09-06 08:20"
"kuba.","68582b5f8e62427811441b60","dying sociopath","5aae066718399e2758306701","6a9d59fc1e7857ed600bb203","2026-09-06 08:20"
"기니","67493198473744059fbb9736","Eamonn","5e2e983722bbda85a40e9009","6a9d56bb5a43d0a64f988def","2026-09-06 08:21"
"kaleiss","654d0e4520681e7049600f03","Dumby The Wizard","62d3d7745f2d61d4ee64cca9","6a9d59f58e5c6190712dea54","2026-09-06 08:21"
"ебырь","6920f2d14b596b4ea1b71e26","Blanecin","5e8781f3b3ec177638be489a","6a9d5992b954b6be36ab48d7","2026-09-06 08:21"
"NoruJumping","5c5817f33d925bc96cd177e7","Aaryan22","657021f7412bfd95aad62550","6a9d5a051e7857ed600bb211","2026-09-06 08:22"
"whueu-abi","694060fd0b5941c5cbe18cbf","鹰娥朗","628e0d478e5ef3a3ca163627","6a9d59beb954b6be36ab4935","2026-09-06 08:22"
"bajram_:)","5a141a876e2ae15b80944941","GeoHunter.jp","682addc04342da6bdce10d12","6a9d58458e5c6190712de56d","2026-09-06 08:22"
"sebastian","667d87ca8401bca3fee14649","Bad At Geo","5d46b0bb3b4b6a4968620f7b","6a9d5a225a43d0a64f989599","2026-09-06 08:23"
"teddy bear","66f081f2bf4b230a2fcb970c","vukGG","6384aef735180c664babf36e","6a9d588c5a43d0a64f9891ff","2026-09-06 08:23"
"Locke","679bd2f0c95e0ff79cde564e","Asteroid","69dbdc1efb7bdfcff7ddf99d","6a9d59985a43d0a64f989465","2026-09-06 08:23"
"Kelex","69fba177885d4eaea877b40d","oasis🌌","65c6415fd049a76dfa1bd411","6a9d59661e7857ed600bb108","2026-09-06 08:23"
"BlackShark","61f04538cc54700001a27678","OnkeGG","6912d873ef3380557dd45eec","6a9d59b08e5c6190712de986","2026-09-06 08:23"
"lecheur2pieds","663523ba8e313d3aa27852b0","skrzypas&wojfer shared account","62dc07edf32847e5836668f1","6a9d5a688e5c6190712deba4","2026-09-06 08:25"
"vukGG","6384aef735180c664babf36e","teddy bear","66f081f2bf4b230a2fcb970c","6a9d5b17d6156877e121f1c8","2026-09-06 08:25"
"Brzoza","60ababeffb1efa0001302754","kuba.","68582b5f8e62427811441b60","6a9d5a78d6156877e121f0b6","2026-09-06 08:25"
"gokhale","68257ab1be5b31c617f37156","teddy bear","66f081f2bf4b230a2fcb970c","6a9d5b108e5c6190712ded4d","2026-09-06 08:25"
"dying sociopath","5aae066718399e2758306701","david attenborough","6202fc2fed74670001f9a180","6a9d5ab5b954b6be36ab4b53","2026-09-06 08:26"
"whueu-abi","694060fd0b5941c5cbe18cbf","Casanção Blur Enjoyer","6a207295824d2054d74c3e7a","6a9d5abf8e5c6190712dec77","2026-09-06 08:26"
"Kelex","69fba177885d4eaea877b40d","Zendaya","679def87311b366ecb41dcae","6a9d5b2fd6156877e121f1fc","2026-09-06 08:26"
"lecheur2pieds","663523ba8e313d3aa27852b0","sebastian","667d87ca8401bca3fee14649","6a9d5b958e5c6190712deeb3","2026-09-06 08:27"
"dying sociopath","5aae066718399e2758306701","kuba.","68582b5f8e62427811441b60","6a9d5bb61e7857ed600bb51a","2026-09-06 08:27"
"gokhale","68257ab1be5b31c617f37156","teddy bear","66f081f2bf4b230a2fcb970c","6a9d5b95d6156877e121f2b7","2026-09-06 08:27"
"BlackShark","61f04538cc54700001a27678","sva","67a710249d75e04dff436d40","6a9d5b298e5c6190712ded82","2026-09-06 08:27"
"ебырь","6920f2d14b596b4ea1b71e26","Dumby The Wizard","62d3d7745f2d61d4ee64cca9","6a9d5a9d8e5c6190712dec19","2026-09-06 08:27"
"teddy bear","66f081f2bf4b230a2fcb970c","vukGG","6384aef735180c664babf36e","6a9d5b995a43d0a64f9898ae","2026-09-06 08:28"
"Kelex","69fba177885d4eaea877b40d","oasis🌌","65c6415fd049a76dfa1bd411","6a9d5bc78e5c6190712def2b","2026-09-06 08:28"
"鹰娥朗","628e0d478e5ef3a3ca163627","bajram_:)","5a141a876e2ae15b80944941","6a9d5ae8d6156877e121f16f","2026-09-06 08:28"
"oasis🌌","65c6415fd049a76dfa1bd411","Casanção Blur Enjoyer","6a207295824d2054d74c3e7a","6a9d5bdfd6156877e121f34d","2026-09-06 08:28"
"lecheur2pieds","663523ba8e313d3aa27852b0","skrzypas&wojfer shared account","62dc07edf32847e5836668f1","6a9d5c105a43d0a64f9899ac","2026-09-06 08:29"
"GeoMax","610ade6208061c000158624f","Elori","57d698c209f2ef93b8572689","6a9d5a745a43d0a64f989638","2026-09-06 08:29"
"鹰娥朗","628e0d478e5ef3a3ca163627","bajram_:)","5a141a876e2ae15b80944941","6a9d5ae8d6156877e121f16f","2026-09-06 08:29"
"OnkeGG","6912d873ef3380557dd45eec","Blanecin","5e8781f3b3ec177638be489a","6a9d5b1d8e5c6190712ded6c","2026-09-06 08:29"
"kuba.","68582b5f8e62427811441b60","gokhale","68257ab1be5b31c617f37156","6a9d5c195a43d0a64f9899c2","2026-09-06 08:30"
"sva","67a710249d75e04dff436d40","whueu-abi","694060fd0b5941c5cbe18cbf","6a9d5bfe5a43d0a64f989979","2026-09-06 08:30"
"mumami","69c5f6d3791d40cd91c6d117","sundrenched","5e20750f27ec175d68cb732c","6a9d59538e5c6190712de870","2026-09-06 08:30"
"mint","67bf13b90a45adc3b2e1c725","teddy bear","66f081f2bf4b230a2fcb970c","6a9d5c4db954b6be36ab4eab","2026-09-06 08:31"
"kuba.","68582b5f8e62427811441b60","gokhale","68257ab1be5b31c617f37156","6a9d5caa8e5c6190712df18f","2026-09-06 08:31"
"Asteroid","69dbdc1efb7bdfcff7ddf99d","Aaryan22","657021f7412bfd95aad62550","6a9d5b005a43d0a64f989755","2026-09-06 08:31"
"kaleiss","654d0e4520681e7049600f03","雲仙天草ファン","67057bd80e65158e29b7a97e","6a9d5aa05a43d0a64f989690","2026-09-06 08:31"
"Kelex","69fba177885d4eaea877b40d","oasis🌌","65c6415fd049a76dfa1bd411","6a9d5c50d6156877e121f41e","2026-09-06 08:31"
"kuba.","68582b5f8e62427811441b60","mint","67bf13b90a45adc3b2e1c725","6a9d5cfeb954b6be36ab4ff7","2026-09-06 08:33"
"Eamonn","5e2e983722bbda85a40e9009","Bad At Geo","5d46b0bb3b4b6a4968620f7b","6a9d5af21e7857ed600bb3b2","2026-09-06 08:34"
"skrzypas&wojfer shared account","62dc07edf32847e5836668f1","sebastian","667d87ca8401bca3fee14649","6a9d5c7bb954b6be36ab4f04","2026-09-06 08:34"
"teddy bear","66f081f2bf4b230a2fcb970c","vukGG","6384aef735180c664babf36e","6a9d5cd7d6156877e121f51f","2026-09-06 08:34"
"Zendaya","679def87311b366ecb41dcae","NoruJumping","5c5817f33d925bc96cd177e7","6a9d5bc5b954b6be36ab4d82","2026-09-06 08:34"
"qqfr","695f4575cc12ff508343057a","Ruben","5e1334ba1b34a033c801a9e8","6a9d5c938e5c6190712df158","2026-09-06 08:34"
"whueu-abi","694060fd0b5941c5cbe18cbf","sva","67a710249d75e04dff436d40","6a9d5cbcd6156877e121f4f1","2026-09-06 08:34"
"GeoHunter.jp","682addc04342da6bdce10d12","bajram_:)","5a141a876e2ae15b80944941","6a9d5c2cb954b6be36ab4e59","2026-09-06 08:34"
"teddy bear","66f081f2bf4b230a2fcb970c","david attenborough","6202fc2fed74670001f9a180","6a9d5d86b954b6be36ab5125","2026-09-06 08:35"
"ебырь","6920f2d14b596b4ea1b71e26","Dumby The Wizard","62d3d7745f2d61d4ee64cca9","6a9d5c14d6156877e121f3b2","2026-09-06 08:35"
"oasis🌌","65c6415fd049a76dfa1bd411","Casanção Blur Enjoyer","6a207295824d2054d74c3e7a","6a9d5c575a43d0a64f989a53","2026-09-06 08:35"
"skrzypas&wojfer shared account","62dc07edf32847e5836668f1","lecheur2pieds","663523ba8e313d3aa27852b0","6a9d5d855a43d0a64f989d4a","2026-09-06 08:36"
"Bad At Geo","5d46b0bb3b4b6a4968620f7b","sebastian","667d87ca8401bca3fee14649","6a9d5d8e8e5c6190712df3e6","2026-09-06 08:36"
"男方鬆 - Mr. Nanfsong","6409beba17491edb5a32b684","mint","67bf13b90a45adc3b2e1c725","6a9d5d6ab954b6be36ab50e1","2026-09-06 08:37"
"kaleiss","654d0e4520681e7049600f03","BlackShark","61f04538cc54700001a27678","6a9d5cf7d6156877e121f56a","2026-09-06 08:37"
"wichura240","68767692157557d5c76a0ab6","સિલુસ્ટરબુસ્ટર","65a298676d25e3f9160d193d","6a9d5dadd6156877e121f6bf","2026-09-06 08:37"
"Edqy","60a2893cb7d972000112fbf4","pätrixo❤️mini pablo","6912393b171526dcbf92936c","6a9d5d5e8e5c6190712df358","2026-09-06 08:38"
"Shakazaramesh","5ef2945bbb96627c9ce5f63f","SignpostSlayer","5cd1da5575345f65c86dea02","6a9d5c3c5a43d0a64f989a07","2026-09-06 08:39"
"Zendaya","679def87311b366ecb41dcae","whueu-abi","694060fd0b5941c5cbe18cbf","6a9d5dbc8e5c6190712df471","2026-09-06 08:39"
"mumami","69c5f6d3791d40cd91c6d117","mirai","658cfaf8c12126a89d3c98fb","6a9d5cc18e5c6190712df1bf","2026-09-06 08:39"
"Bad At Geo","5d46b0bb3b4b6a4968620f7b","sebastian","667d87ca8401bca3fee14649","6a9d5e338e5c6190712df5bf","2026-09-06 08:40"
"oasis🌌","65c6415fd049a76dfa1bd411","Casanção Blur Enjoyer","6a207295824d2054d74c3e7a","6a9d5dd25a43d0a64f989ded","2026-09-06 08:40"
"lecheur2pieds","663523ba8e313d3aa27852b0","skrzypas&wojfer shared account","62dc07edf32847e5836668f1","6a9d5e318e5c6190712df5bb","2026-09-06 08:41"
"Zendaya","679def87311b366ecb41dcae","whueu-abi","694060fd0b5941c5cbe18cbf","6a9d5ec08e5c6190712df735","2026-09-06 08:41"
"parsec","670c184c705e783701c753c0","OnkeGG","6912d873ef3380557dd45eec","6a9d5c608e5c6190712df0d2","2026-09-06 08:41"
"Synxzy","62b9d279343a6042acb35fe8","Aaryan22","657021f7412bfd95aad62550","6a9d5d165a43d0a64f989c3d","2026-09-06 08:41"
"GeoHunter.jp","682addc04342da6bdce10d12","ебырь","6920f2d14b596b4ea1b71e26","6a9d5dd81e7857ed600bb950","2026-09-06 08:41"
"Blanecin","5e8781f3b3ec177638be489a","xHE110x","604a2333ce15c200010f3eaa","6a9d5c7cb954b6be36ab4f06","2026-09-06 08:41"
"Flubbersticks","69387a54dc6fdd9da05c91cd","数字信号处理","62a559ad291a85ec390d343e","6a9d5eb11e7857ed600bbabd","2026-09-06 08:41"
"david attenborough","6202fc2fed74670001f9a180","男方鬆 - Mr. Nanfsong","6409beba17491edb5a32b684","6a9d5e561e7857ed600bba2d","2026-09-06 08:42"
"Asteroid","69dbdc1efb7bdfcff7ddf99d","雲仙天草ファン","67057bd80e65158e29b7a97e","6a9d5ce75a43d0a64f989bbc","2026-09-06 08:42"
"BlackShark","61f04538cc54700001a27678","kaleiss","654d0e4520681e7049600f03","6a9d5e5c5a43d0a64f989ef1","2026-09-06 08:42"
"Dumby The Wizard","62d3d7745f2d61d4ee64cca9","Kenji","5f2fd4348378f500019bdee0","6a9d5e198e5c6190712df568","2026-09-06 08:42"
"qqfr","695f4575cc12ff508343057a","mumami","69c5f6d3791d40cd91c6d117","6a9d5ecb8e5c6190712df752","2026-09-06 08:44"
"NoruJumping","5c5817f33d925bc96cd177e7","ElViejoFran420","66dc17fc166b047fc041d4c0","6a9d5f87b954b6be36ab5525","2026-09-06 08:44"
"OnkeGG","6912d873ef3380557dd45eec","whueu-abi","694060fd0b5941c5cbe18cbf","6a9d5f3e5a43d0a64f98a0d2","2026-09-06 08:44"
"teddy bear","66f081f2bf4b230a2fcb970c","Zendaya","679def87311b366ecb41dcae","6a9d5f4c5a43d0a64f98a0f4","2026-09-06 08:45"
"数字信号处理","62a559ad291a85ec390d343e","Flubbersticks","69387a54dc6fdd9da05c91cd","6a9d5f665a43d0a64f98a12a","2026-09-06 08:45"
"落汤鸡","675ee56fd2220e44dea68a81","男方鬆 - Mr. Nanfsong","6409beba17491edb5a32b684","6a9d5fced6156877e121fa90","2026-09-06 08:46"
"GeoHunter.jp","682addc04342da6bdce10d12","Kenji","5f2fd4348378f500019bdee0","6a9d5f7c1e7857ed600bbc0e","2026-09-06 08:46"
"oasis🌌","65c6415fd049a76dfa1bd411","OKURA","61bb76b479d3b50001f745d0","6a9d5f6c8e5c6190712df909","2026-09-06 08:46"
"Bad At Geo","5d46b0bb3b4b6a4968620f7b","lecheur2pieds","663523ba8e313d3aa27852b0","6a9d5f458e5c6190712df89c","2026-09-06 08:47"
"david attenborough","6202fc2fed74670001f9a180","GeoMax","610ade6208061c000158624f","6a9d5f838e5c6190712df942","2026-09-06 08:47"
"Brzoza","60ababeffb1efa0001302754","SIM","5ed11a2b282ad28b94fe9b42","6a9d5d7a8e5c6190712df3b2","2026-09-06 08:47"
"qqfr","695f4575cc12ff508343057a","Dumby The Wizard","62d3d7745f2d61d4ee64cca9","6a9d5ff65a43d0a64f98a283","2026-09-06 08:47"
"Bad At Geo","5d46b0bb3b4b6a4968620f7b","lecheur2pieds","663523ba8e313d3aa27852b0","6a9d60915a43d0a64f98a3ed","2026-09-06 08:48"
"Asteroid","69dbdc1efb7bdfcff7ddf99d","雲仙天草ファン","67057bd80e65158e29b7a97e","6a9d5f73b954b6be36ab5509","2026-09-06 08:48"
"teddy bear","66f081f2bf4b230a2fcb970c","男方鬆 - Mr. Nanfsong","6409beba17491edb5a32b684","6a9d60601e7857ed600bbda3","2026-09-06 08:49"
"SignpostSlayer","5cd1da5575345f65c86dea02","kaleiss","654d0e4520681e7049600f03","6a9d5fe28e5c6190712dfa43","2026-09-06 08:49"
"Dumby The Wizard","62d3d7745f2d61d4ee64cca9","sva","67a710249d75e04dff436d40","6a9d60b95a43d0a64f98a457","2026-09-06 08:49"
"Flubbersticks","69387a54dc6fdd9da05c91cd","数字信号处理","62a559ad291a85ec390d343e","6a9d60449a5ebf32bef0b4d8","2026-09-06 08:49"
"OnkeGG","6912d873ef3380557dd45eec","pätrixo❤️mini pablo","6912393b171526dcbf92936c","6a9d60388e5c6190712dfb21","2026-09-06 08:50"
"Anya_TW","62739f6613352a5af981b531","鹰娥朗","628e0d478e5ef3a3ca163627","6a9d5e70b954b6be36ab52c4","2026-09-06 08:50"
"mumami","69c5f6d3791d40cd91c6d117","ебырь","6920f2d14b596b4ea1b71e26","6a9d5fe6b954b6be36ab55e9","2026-09-06 08:50"
"skrzypas&wojfer shared account","62dc07edf32847e5836668f1","teddy bear","66f081f2bf4b230a2fcb970c","6a9d605bb954b6be36ab56cb","2026-09-06 08:51"
"Asteroid","69dbdc1efb7bdfcff7ddf99d","GeoMax","610ade6208061c000158624f","6a9d61141e7857ed600bbf05","2026-09-06 08:52"
"Zendaya","679def87311b366ecb41dcae","Shakazaramesh","5ef2945bbb96627c9ce5f63f","6a9d605c5a43d0a64f98a378","2026-09-06 08:52"
"NoruJumping","5c5817f33d925bc96cd177e7","ElViejoFran420","66dc17fc166b047fc041d4c0","6a9d60275a43d0a64f98a30d","2026-09-06 08:52"
"sva","67a710249d75e04dff436d40","સિલુસ્ટરબુસ્ટર","65a298676d25e3f9160d193d","6a9d6127b954b6be36ab586c","2026-09-06 08:52"
"teddy bear","66f081f2bf4b230a2fcb970c","男方鬆 - Mr. Nanfsong","6409beba17491edb5a32b684","6a9d617f5a43d0a64f98a677","2026-09-06 08:53"
"数字信号处理","62a559ad291a85ec390d343e","Flubbersticks","69387a54dc6fdd9da05c91cd","6a9d615d5a43d0a64f98a611","2026-09-06 08:53"
"lecheur2pieds","663523ba8e313d3aa27852b0","skrzypas&wojfer shared account","62dc07edf32847e5836668f1","6a9d61835a43d0a64f98a67d","2026-09-06 08:54"
"Leo","643ee35e420a82ec7b9e79cc","Johannez","6025667836ff8a0001f5ebe6","6a9d61a0d6156877e121fe7c","2026-09-06 08:54"
"Blanecin","5e8781f3b3ec177638be489a","Pieter-jan De X","59886f23fdab8f163023e440","6a9d5f6b8e5c6190712df907","2026-09-06 08:54"
"SIM","5ed11a2b282ad28b94fe9b42","落汤鸡","675ee56fd2220e44dea68a81","6a9d60bb1e7857ed600bbe64","2026-09-06 08:55"
"Bad At Geo","5d46b0bb3b4b6a4968620f7b","david attenborough","6202fc2fed74670001f9a180","6a9d61048e5c6190712dfd67","2026-09-06 08:56"
"雲仙天草ファン","67057bd80e65158e29b7a97e","qqfr","695f4575cc12ff508343057a","6a9d60ea1e7857ed600bbec7","2026-09-06 08:56"
"sva","67a710249d75e04dff436d40","સિલુસ્ટરબુસ્ટર","65a298676d25e3f9160d193d","6a9d61c48e5c6190712dff5c","2026-09-06 08:56"
"kstyko","5ead136297d6cf24a42b1ef4","qqfr","695f4575cc12ff508343057a","6a9d62b63f1a67370ecbed77","2026-09-06 08:57"
"mumami","69c5f6d3791d40cd91c6d117","Dumby The Wizard","62d3d7745f2d61d4ee64cca9","6a9d6163b954b6be36ab58ff","2026-09-06 08:58"
"OKURA","61bb76b479d3b50001f745d0","mirai","658cfaf8c12126a89d3c98fb","6a9d617b8e5c6190712dfeb5","2026-09-06 08:58"
"skrzypas&wojfer shared account","62dc07edf32847e5836668f1","lecheur2pieds","663523ba8e313d3aa27852b0","6a9d626e5a43d0a64f98a8a5","2026-09-06 08:59"
"teddy bear","66f081f2bf4b230a2fcb970c","sebastian","667d87ca8401bca3fee14649","6a9d62bcb954b6be36ab5c51","2026-09-06 08:59"
"男方鬆 - Mr. Nanfsong","6409beba17491edb5a32b684","落汤鸡","675ee56fd2220e44dea68a81","6a9d6273b954b6be36ab5b9d","2026-09-06 08:59"
"雲仙天草ファン","67057bd80e65158e29b7a97e","Shakazaramesh","5ef2945bbb96627c9ce5f63f","6a9d62b75a43d0a64f98a98b","2026-09-06 08:59"
"NoruJumping","5c5817f33d925bc96cd177e7","Zendaya","679def87311b366ecb41dcae","6a9d61f58e5c6190712e0020","2026-09-06 08:59"
"oasis🌌","65c6415fd049a76dfa1bd411","whueu-abi","694060fd0b5941c5cbe18cbf","6a9d62508e5c6190712e0148","2026-09-06 08:59"
"Asteroid","69dbdc1efb7bdfcff7ddf99d","GeoMax","610ade6208061c000158624f","6a9d61d18e5c6190712dff8a","2026-09-06 09:00"
"ElViejoFran420","66dc17fc166b047fc041d4c0","Alemão(Retired 4Ever)","670f839c4f58c8c7b975c4fe","6a9d624d8e5c6190712e0144","2026-09-06 09:00"
"SignpostSlayer","5cd1da5575345f65c86dea02","david attenborough","6202fc2fed74670001f9a180","6a9d634d5a43d0a64f98aa7d","2026-09-06 09:01"
"oasis🌌","65c6415fd049a76dfa1bd411","Bilaxyy","662896176160692b89e271d1","6a9d63878e5c6190712e0465","2026-09-06 09:01"
"skrzypas&wojfer shared account","62dc07edf32847e5836668f1","lecheur2pieds","663523ba8e313d3aa27852b0","6a9d63945a43d0a64f98ab01","2026-09-06 09:02"
"Dumby The Wizard","62d3d7745f2d61d4ee64cca9","mumami","69c5f6d3791d40cd91c6d117","6a9d63515a43d0a64f98aa89","2026-09-06 09:02"
"whueu-abi","694060fd0b5941c5cbe18cbf","BANG PRE","673ef08cfb1aaa5c9673d1d7","6a9d638f8e5c6190712e0475","2026-09-06 09:02"
"sebastian","667d87ca8401bca3fee14649","teddy bear","66f081f2bf4b230a2fcb970c","6a9d6437b954b6be36ab5ed5","2026-09-06 09:03"
"OKURA","61bb76b479d3b50001f745d0","kstyko","5ead136297d6cf24a42b1ef4","6a9d63535a43d0a64f98aa8e","2026-09-06 09:03"
"数字信号处理","62a559ad291a85ec390d343e","whueu-abi","694060fd0b5941c5cbe18cbf","6a9d63885a43d0a64f98aae4","2026-09-06 09:03"
"whueu-abi","694060fd0b5941c5cbe18cbf","mirai","658cfaf8c12126a89d3c98fb","6a9d642b8e5c6190712e05e7","2026-09-06 09:04"
"skrzypas&wojfer shared account","62dc07edf32847e5836668f1","lecheur2pieds","663523ba8e313d3aa27852b0","6a9d642c5a43d0a64f98ac30","2026-09-06 09:05"
"雲仙天草ファン","67057bd80e65158e29b7a97e","Shakazaramesh","5ef2945bbb96627c9ce5f63f","6a9d63938e5c6190712e048a","2026-09-06 09:05"
"oasis🌌","65c6415fd049a76dfa1bd411","wichura240","68767692157557d5c76a0ab6","6a9d6417b954b6be36ab5eae","2026-09-06 09:05"
"男方鬆 - Mr. Nanfsong","6409beba17491edb5a32b684","落汤鸡","675ee56fd2220e44dea68a81","6a9d638bb954b6be36ab5dd1","2026-09-06 09:06"
"ElViejoFran420","66dc17fc166b047fc041d4c0","GeoMax","610ade6208061c000158624f","6a9d63f9d6156877e12202bc","2026-09-06 09:06"
"david attenborough","6202fc2fed74670001f9a180","Brzoza","60ababeffb1efa0001302754","6a9d6486b954b6be36ab5f60","2026-09-06 09:07"
"Asteroid","69dbdc1efb7bdfcff7ddf99d","Angeria","5e1333041b34a033c801a9b1","6a9d63ba8e5c6190712e04eb","2026-09-06 09:07"
"Tudelzzz","6549fc9cf755320e28e30de7","鹰娥朗","628e0d478e5ef3a3ca163627","6a9d62221e7857ed600bc131","2026-09-06 09:07"
"Dumby The Wizard","62d3d7745f2d61d4ee64cca9","mumami","69c5f6d3791d40cd91c6d117","6a9d642e6258d6f85da68210","2026-09-06 09:07"
"whueu-abi","694060fd0b5941c5cbe18cbf","fatslump","603e28ef0297940001b93db1","6a9d64998e5c6190712e06f4","2026-09-06 09:07"
"skrzypas&wojfer shared account","62dc07edf32847e5836668f1","lecheur2pieds","663523ba8e313d3aa27852b0","6a9d64f85a43d0a64f98add5","2026-09-06 09:08"
"sebastian","667d87ca8401bca3fee14649","teddy bear","66f081f2bf4b230a2fcb970c","6a9d64c7b954b6be36ab5ff3","2026-09-06 09:08"
"oasis🌌","65c6415fd049a76dfa1bd411","Voro","5a8f1e5d98cc2c6744a8a135","6a9d64dbd6156877e122045c","2026-09-06 09:08"
"Yiğit Onur","628a020c86224535a595335f","whueu-abi","694060fd0b5941c5cbe18cbf","6a9d64c65a43d0a64f98ad5a","2026-09-06 09:09"
"Tatert0t","68713ba58c49b2f1bf373e05","whueu-abi","694060fd0b5941c5cbe18cbf","6a9d656f8e5c6190712e0930","2026-09-06 09:09"
"雲仙天草ファン","67057bd80e65158e29b7a97e","Anonymous","617f7cfb9dffd50001875a3f","6a9d65235a43d0a64f98ae3a","2026-09-06 09:10"
"NoruJumping","5c5817f33d925bc96cd177e7","SignpostSlayer","5cd1da5575345f65c86dea02","6a9d64191e7857ed600bc48f","2026-09-06 09:10"
"数字信号处理","62a559ad291a85ec390d343e","Flubbersticks","69387a54dc6fdd9da05c91cd","6a9d65845a43d0a64f98af09","2026-09-06 09:10"
"noggy","5e5d27ef26bbda5260b01e89","pangolin","5ee22161f200f12f30cd9d29","6a9d64e75a43d0a64f98ada1","2026-09-06 09:10"
"落汤鸡","675ee56fd2220e44dea68a81","男方鬆 - Mr. Nanfsong","6409beba17491edb5a32b684","6a9d65478e5c6190712e08e9","2026-09-06 09:11"
"bajram_:)","5a141a876e2ae15b80944941","સિલુસ્ટરબુસ્ટર","65a298676d25e3f9160d193d","6a9d654c5a43d0a64f98ae8a","2026-09-06 09:11"
"lecheur2pieds","663523ba8e313d3aa27852b0","skrzypas&wojfer shared account","62dc07edf32847e5836668f1","6a9d6587b954b6be36ab6173","2026-09-06 09:12"
"sebastian","667d87ca8401bca3fee14649","teddy bear","66f081f2bf4b230a2fcb970c","6a9d66021e7857ed600bc81e","2026-09-06 09:12"
"Erik.DL","64caea899c1426306f701b23","GeoMax","610ade6208061c000158624f","6a9d65ad5a43d0a64f98af5f","2026-09-06 09:12"
"khoyer","65a40bcd1d2944943d44368e","Asteroid","69dbdc1efb7bdfcff7ddf99d","6a9d657f5a43d0a64f98aef4","2026-09-06 09:13"
"whueu-abi","694060fd0b5941c5cbe18cbf","Ayura","66acbec3e13e3e4d0fcc6a14","6a9d65d91e7857ed600bc7d1","2026-09-06 09:13"
"noggy","5e5d27ef26bbda5260b01e89","Alemão(Retired 4Ever)","670f839c4f58c8c7b975c4fe","6a9d660e8e5c6190712e0acb","2026-09-06 09:13"
"Voro","5a8f1e5d98cc2c6744a8a135","oasis🌌","65c6415fd049a76dfa1bd411","6a9d659bb954b6be36ab61a0","2026-09-06 09:13"
"david attenborough","6202fc2fed74670001f9a180","kuba.","68582b5f8e62427811441b60","6a9d660d5a43d0a64f98b005","2026-09-06 09:14"
"Shakazaramesh","5ef2945bbb96627c9ce5f63f","Lancer227","65b1167dd85363b33611ac05","6a9d65008e5c6190712e082a","2026-09-06 09:14"
"whueu-abi","694060fd0b5941c5cbe18cbf","Tatert0t","68713ba58c49b2f1bf373e05","6a9d65ef5a43d0a64f98afdd","2026-09-06 09:14"
"Pedro Sampaio","63a8b951fb73701f4020d786","irrational","65ba97ce8b2ba0c747ffa3b7","6a9d653d5a43d0a64f98ae6e","2026-09-06 09:15"
"男方鬆 - Mr. Nanfsong","6409beba17491edb5a32b684","落汤鸡","675ee56fd2220e44dea68a81","6a9d666e8e5c6190712e0bdd","2026-09-06 09:15"
"Yiğit Onur","628a020c86224535a595335f","sva","67a710249d75e04dff436d40","6a9d65c95a43d0a64f98af85","2026-09-06 09:15"
"lecheur2pieds","663523ba8e313d3aa27852b0","sebastian","667d87ca8401bca3fee14649","6a9d66a2b954b6be36ab63d9","2026-09-06 09:16"
"鹰娥朗","628e0d478e5ef3a3ca163627","Curlsphil","634725814a2b0615fad04fb9","6a9d65568e5c6190712e0900","2026-09-06 09:17"
"teddy bear","66f081f2bf4b230a2fcb970c","Anonymous","617f7cfb9dffd50001875a3f","6a9d669d8e5c6190712e0c5a","2026-09-06 09:18"
"Lancer227","65b1167dd85363b33611ac05","sva","67a710249d75e04dff436d40","6a9d67485a43d0a64f98b238","2026-09-06 09:18"
"Ayura","66acbec3e13e3e4d0fcc6a14","kstyko","5ead136297d6cf24a42b1ef4","6a9d6704d6156877e122083d","2026-09-06 09:18"
"BetterUs","65196050331bb807313df8b0","Ziga","5f864ab232173400011bd862","6a9d66878e5c6190712e0c18","2026-09-06 09:19"
"bajram_:)","5a141a876e2ae15b80944941","Erik.DL","64caea899c1426306f701b23","6a9d66bf5a43d0a64f98b113","2026-09-06 09:19"
"数字信号处理","62a559ad291a85ec390d343e","val1d","63875de4e55ec4234b26d1fb","6a9d675e5a43d0a64f98b26b","2026-09-06 09:19"
"Angeria","5e1333041b34a033c801a9b1","男方鬆 - Mr. Nanfsong","6409beba17491edb5a32b684","6a9d67418e5c6190712e0e66","2026-09-06 09:20"
"1k","5e1baa352034a083c05674a7","skrzypas&wojfer shared account","62dc07edf32847e5836668f1","6a9d66f1b954b6be36ab64a6","2026-09-06 09:21"
"sebastian","667d87ca8401bca3fee14649","lecheur2pieds","663523ba8e313d3aa27852b0","6a9d67618e5c6190712e0eb2","2026-09-06 09:21"
"GeoMax","610ade6208061c000158624f","Asteroid","69dbdc1efb7bdfcff7ddf99d","6a9d66d1b954b6be36ab6456","2026-09-06 09:21"
"雲仙天草ファン","67057bd80e65158e29b7a97e","Luca","62faac056417c6c320e282de","6a9d66358e5c6190712e0b39","2026-09-06 09:22"
"val1d","63875de4e55ec4234b26d1fb","Ziga","5f864ab232173400011bd862","6a9d68385a43d0a64f98b454","2026-09-06 09:22"
"oasis🌌","65c6415fd049a76dfa1bd411","tb_ro","603e081bd3dc740001da90e8","6a9d677b1e7857ed600bcb11","2026-09-06 09:22"
"khoyer","65a40bcd1d2944943d44368e","NoruJumping","5c5817f33d925bc96cd177e7","6a9d670db954b6be36ab64de","2026-09-06 09:23"
"kstyko","5ead136297d6cf24a42b1ef4","Jimbo Junk","5588a2efb8a3409dec36f9de","6a9d67f18e5c6190712e1029","2026-09-06 09:23"
"mumami","69c5f6d3791d40cd91c6d117","WestCoastD'Armor","677699b98d7eb43c5800f187","6a9d67b38e5c6190712e0f90","2026-09-06 09:23"
".Dexter Morgan","66a8ba1fe626c7340b49ccd9","teddy bear","66f081f2bf4b230a2fcb970c","6a9d68085a43d0a64f98b3c5","2026-09-06 09:24"
"Erik.DL","64caea899c1426306f701b23","Lancer227","65b1167dd85363b33611ac05","6a9d68275a43d0a64f98b41c","2026-09-06 09:24"
"Voro","5a8f1e5d98cc2c6744a8a135","手癢","68db9ecbe6586dfdb1908777","6a9d67dbd6156877e122099f","2026-09-06 09:24"
"Asteroid","69dbdc1efb7bdfcff7ddf99d","Angeria","5e1333041b34a033c801a9b1","6a9d68c38e5c6190712e12c0","2026-09-06 09:25"
"BetterUs","65196050331bb807313df8b0","Anonymous","617f7cfb9dffd50001875a3f","6a9d68391e7857ed600bcc6e","2026-09-06 09:25"
"Luca","62faac056417c6c320e282de","GeoReda","6439632a8062b2c1de67acab","6a9d68e18e5c6190712e1319","2026-09-06 09:25"
"val1d","63875de4e55ec4234b26d1fb","oasis🌌","65c6415fd049a76dfa1bd411","6a9d68ee8e5c6190712e1339","2026-09-06 09:25"
"lecheur2pieds","663523ba8e313d3aa27852b0","skrzypas&wojfer shared account","62dc07edf32847e5836668f1","6a9d68bb8e5c6190712e1297","2026-09-06 09:26"
"Tudelzzz","6549fc9cf755320e28e30de7","Brzoza","60ababeffb1efa0001302754","6a9d65ed8e5c6190712e0a8b","2026-09-06 09:26"
"Derzal","5f96feae45cc8c00017ca853","mirai","658cfaf8c12126a89d3c98fb","6a9d69008e5c6190712e137a","2026-09-06 09:26"
"Anonymous","62517d69bf2d9b52f4682c70","Alemão(Retired 4Ever)","670f839c4f58c8c7b975c4fe","6a9d6890d6156877e1220b4b","2026-09-06 09:26"
"noggy","5e5d27ef26bbda5260b01e89","Lster95","6875664f91065c0938397061","6a9d68a2b954b6be36ab6863","2026-09-06 09:26"
"男方鬆 - Mr. Nanfsong","6409beba17491edb5a32b684","Ziga","5f864ab232173400011bd862","6a9d6909b954b6be36ab694d","2026-09-06 09:27"
"Lancer227","65b1167dd85363b33611ac05","kstyko","5ead136297d6cf24a42b1ef4","6a9d697bb954b6be36ab6a13","2026-09-06 09:27"
"Tatert0t","68713ba58c49b2f1bf373e05","Kenji","5f2fd4348378f500019bdee0","6a9d67178e5c6190712e0dcc","2026-09-06 09:27"
"Joo-eun.","6a290dd1cf6b59479a2ae4de","Zoe","64012c4575693afea0dec10b","6a9d69805a43d0a64f98b760","2026-09-06 09:27"
"Angeria","5e1333041b34a033c801a9b1","kuba.","68582b5f8e62427811441b60","6a9d69cd8e5c6190712e1626","2026-09-06 09:28"
"Dictator Mbappe","697ec2084f2fb1a1a48cb642","GeoReda","6439632a8062b2c1de67acab","6a9d69c18e5c6190712e15f5","2026-09-06 09:28"
"val1d","63875de4e55ec4234b26d1fb","oasis🌌","65c6415fd049a76dfa1bd411","6a9d699bd6156877e1220d18","2026-09-06 09:28"
"mumami","69c5f6d3791d40cd91c6d117","Jimbo Junk","5588a2efb8a3409dec36f9de","6a9d69331e7857ed600bce85","2026-09-06 09:28"
"mumami","69c5f6d3791d40cd91c6d117","Jimbo Junk","5588a2efb8a3409dec36f9de","6a9d6a52d6156877e1220e86","2026-09-06 09:29"
"Voro","5a8f1e5d98cc2c6744a8a135","手癢","68db9ecbe6586dfdb1908777","6a9d69448e5c6190712e1470","2026-09-06 09:30"
"Harrier (YT)","5ffb2e6d415d4d000165f5dd","lecheur2pieds","663523ba8e313d3aa27852b0","6a9d6a8a8e5c6190712e1868","2026-09-06 09:31"
"Brzoza","60ababeffb1efa0001302754","tkt""if","641594b28c264332aafbea17","6a9d6a0bb954b6be36ab6b71","2026-09-06 09:31"
"Ziga","5f864ab232173400011bd862","Joo-eun.","6a290dd1cf6b59479a2ae4de","6a9d6a34b954b6be36ab6bc4","2026-09-06 09:31"
"Leo","643ee35e420a82ec7b9e79cc","Antoine Penhard","5eaef711eb473f1450ac2be5","6a9d68728e5c6190712e11bd","2026-09-06 09:31"
"Anonymous","62517d69bf2d9b52f4682c70","WestCoastD'Armor","677699b98d7eb43c5800f187","6a9d69ea5a43d0a64f98b8a1","2026-09-06 09:31"
"noggy","5e5d27ef26bbda5260b01e89","Lster95","6875664f91065c0938397061","6a9d69dcb954b6be36ab6b0b","2026-09-06 09:31"
"teddy bear","66f081f2bf4b230a2fcb970c","BetterUs","65196050331bb807313df8b0","6a9d69a9b954b6be36ab6a87","2026-09-06 09:32"
"Luca","62faac056417c6c320e282de","Asteroid","69dbdc1efb7bdfcff7ddf99d","6a9d69ae8e5c6190712e159c","2026-09-06 09:32"
"Erik.DL","64caea899c1426306f701b23","雲仙天草ファン","67057bd80e65158e29b7a97e","6a9d6987d6156877e1220ceb","2026-09-06 09:32"
"Anonymous","617f7cfb9dffd50001875a3f","GeoMax","610ade6208061c000158624f","6a9d69a28e5c6190712e1580","2026-09-06 09:33"
"Lancer227","65b1167dd85363b33611ac05","NoruJumping","5c5817f33d925bc96cd177e7","6a9d6a278e5c6190712e1736","2026-09-06 09:33"
"kstyko","5ead136297d6cf24a42b1ef4","oasis🌌","65c6415fd049a76dfa1bd411","6a9d6a4b5a43d0a64f98b982","2026-09-06 09:33"
"Brzoza","60ababeffb1efa0001302754","Harrier (YT)","5ffb2e6d415d4d000165f5dd","6a9d6b18b954b6be36ab6de3","2026-09-06 09:34"
"kuba.","68582b5f8e62427811441b60","Angeria","5e1333041b34a033c801a9b1","6a9d6a518e5c6190712e17aa","2026-09-06 09:34"
"鹰娥朗","628e0d478e5ef3a3ca163627","ZetanChamp","64139432060237445c0eb5dc","6a9d680f1e7857ed600bcc06","2026-09-06 09:34"
"Tatert0t","68713ba58c49b2f1bf373e05","polish meta slave","6623ecb7315d4d4449b8ca98","6a9d6a688e5c6190712e1803","2026-09-06 09:34"
"mumami","69c5f6d3791d40cd91c6d117","Kenji","5f2fd4348378f500019bdee0","6a9d6ae6d6156877e1220f9a","2026-09-06 09:35"
"skrzypas&wojfer shared account","62dc07edf32847e5836668f1","Firma","5ff879f9ce04930001f6ee64","6a9d69ed1e7857ed600bd007","2026-09-06 09:36"
"Anonymous","62517d69bf2d9b52f4682c70","Jimbo Junk","5588a2efb8a3409dec36f9de","6a9d6b171e7857ed600bd25e","2026-09-06 09:36"
"lecheur2pieds","663523ba8e313d3aa27852b0","teddy bear","66f081f2bf4b230a2fcb970c","6a9d6b591e7857ed600bd2e2","2026-09-06 09:37"
"BetterUs","65196050331bb807313df8b0","[FatSnail] SavetheSnail","591790fc1bba70b6146c6485","6a9d6b828e5c6190712e1b3a","2026-09-06 09:37"
"val1d","63875de4e55ec4234b26d1fb","OnkeGG","6912d873ef3380557dd45eec","6a9d6ac0d6156877e1220f59","2026-09-06 09:37"
"sva","67a710249d75e04dff436d40","BigBen","5f25fcbd9483a700016d046f","6a9d6b9a8e5c6190712e1b89","2026-09-06 09:37"
"skrzypas&wojfer shared account","62dc07edf32847e5836668f1","lecheur2pieds","663523ba8e313d3aa27852b0","6a9d6c4fb954b6be36ab7062","2026-09-06 09:38"
"Anonymous","617f7cfb9dffd50001875a3f","GeoMax","610ade6208061c000158624f","6a9d6b878e5c6190712e1b48","2026-09-06 09:38"
"Asteroid","69dbdc1efb7bdfcff7ddf99d","Erik.DL","64caea899c1426306f701b23","6a9d6b571e7857ed600bd2da","2026-09-06 09:38"
"雲仙天草ファン","67057bd80e65158e29b7a97e","Luca","62faac056417c6c320e282de","6a9d6b4f8e5c6190712e1aa8","2026-09-06 09:38"
"oasis🌌","65c6415fd049a76dfa1bd411","Zoe","64012c4575693afea0dec10b","6a9d6bb15a43d0a64f98bd15","2026-09-06 09:38"
"Harrier (YT)","5ffb2e6d415d4d000165f5dd","chilemasterballking","64c4d20a8f7b73c424913e00","6a9d6bead6156877e1221177","2026-09-06 09:39"
"kuba.","68582b5f8e62427811441b60","Angeria","5e1333041b34a033c801a9b1","6a9d6b9eb954b6be36ab6f10","2026-09-06 09:39"
"Ziga","5f864ab232173400011bd862","Voro","5a8f1e5d98cc2c6744a8a135","6a9d6b35b954b6be36ab6e1c","2026-09-06 09:39"
"sva","67a710249d75e04dff436d40","BlackShark","61f04538cc54700001a27678","6a9d6c73d6156877e1221294","2026-09-06 09:39"
"mumami","69c5f6d3791d40cd91c6d117","Niklas","59b6c03843a14357704cbf64","6a9d6bd65a43d0a64f98bd56","2026-09-06 09:40"
"Anonymous","62517d69bf2d9b52f4682c70","Dumby The Wizard","62d3d7745f2d61d4ee64cca9","6a9d6c4a5a43d0a64f98be4d","2026-09-06 09:40"
"GeoReda","6439632a8062b2c1de67acab","Tudelzzz","6549fc9cf755320e28e30de7","6a9d6a5fd6156877e1220e9b","2026-09-06 09:41"
"oasis🌌","65c6415fd049a76dfa1bd411","Leo","643ee35e420a82ec7b9e79cc","6a9d6ca01e7857ed600bd61a","2026-09-06 09:41"
"lecheur2pieds","663523ba8e313d3aa27852b0","skrzypas&wojfer shared account","62dc07edf32847e5836668f1","6a9d6cbf8e5c6190712e1ec0","2026-09-06 09:42"
"Asteroid","69dbdc1efb7bdfcff7ddf99d","teddy bear","66f081f2bf4b230a2fcb970c","6a9d6c905a43d0a64f98befc","2026-09-06 09:42"
"GeoMax","610ade6208061c000158624f","Erik.DL","64caea899c1426306f701b23","6a9d6ca2d6156877e12212ef","2026-09-06 09:42"
"Harrier (YT)","5ffb2e6d415d4d000165f5dd","kuba.","68582b5f8e62427811441b60","6a9d6cdf1e7857ed600bd6a6","2026-09-06 09:43"
"val1d","63875de4e55ec4234b26d1fb","[FatSnail] SavetheSnail","591790fc1bba70b6146c6485","6a9d6cd21e7857ed600bd681","2026-09-06 09:43"
"Lancer227","65b1167dd85363b33611ac05","Tatert0t","68713ba58c49b2f1bf373e05","6a9d6ba3d6156877e122110f","2026-09-06 09:43"
"mirai","658cfaf8c12126a89d3c98fb","Lster95","6875664f91065c0938397061","6a9d6cde8e5c6190712e1f1b","2026-09-06 09:43"
"tkt""if","641594b28c264332aafbea17","sp4ghet","5ec26de5a789c45a9c13cf3c","6a9d6b1e5a43d0a64f98bb9d","2026-09-06 09:44"
"Luca","62faac056417c6c320e282de","chilemasterballking","64c4d20a8f7b73c424913e00","6a9d6ce01e7857ed600bd6aa","2026-09-06 09:44"
"BlackShark","61f04538cc54700001a27678","路易十六","65337c686711b99177ed189b","6a9d6ceb8e5c6190712e1f37","2026-09-06 09:44"
"Jimbo Junk","5588a2efb8a3409dec36f9de","NoruJumping","5c5817f33d925bc96cd177e7","6a9d6c2a8e5c6190712e1d00","2026-09-06 09:45"
"Anonymous","62517d69bf2d9b52f4682c70","Niklas","59b6c03843a14357704cbf64","6a9d6d1d5a43d0a64f98c035","2026-09-06 09:45"
"skrzypas&wojfer shared account","62dc07edf32847e5836668f1","lecheur2pieds","663523ba8e313d3aa27852b0","6a9d6d9d8e5c6190712e20f4","2026-09-06 09:46"
"teddy bear","66f081f2bf4b230a2fcb970c","Angeria","5e1333041b34a033c801a9b1","6a9d6d941e7857ed600bd7e7","2026-09-06 09:46"
"鹰娥朗","628e0d478e5ef3a3ca163627","ZetanChamp","64139432060237445c0eb5dc","6a9d6ca55a43d0a64f98bf29","2026-09-06 09:46"
"Voro","5a8f1e5d98cc2c6744a8a135","sva","67a710249d75e04dff436d40","6a9d6cf95a43d0a64f98bfe8","2026-09-06 09:46"
"mirai","658cfaf8c12126a89d3c98fb","Erik.DL","64caea899c1426306f701b23","6a9d6db95a43d0a64f98c187","2026-09-06 09:46"
"oasis🌌","65c6415fd049a76dfa1bd411","手癢","68db9ecbe6586dfdb1908777","6a9d6db68e5c6190712e213f","2026-09-06 09:47"
"irrational","65ba97ce8b2ba0c747ffa3b7","落汤鸡","675ee56fd2220e44dea68a81","6a9d67a98e5c6190712e0f73","2026-09-06 09:48"
"Paul Thomas Anderson","6999ebd9423ce38404eadfb6","встречай, посейдон","61cdfc02f6470200011a0caa","6a9d6dee1e7857ed600bd8c1","2026-09-06 09:48"
"Jimbo Junk","5588a2efb8a3409dec36f9de","BlackShark","61f04538cc54700001a27678","6a9d6e3cd6156877e12215f4","2026-09-06 09:48"
"OKURA","61bb76b479d3b50001f745d0","kstyko","5ead136297d6cf24a42b1ef4","6a9d6cd78e5c6190712e1f06","2026-09-06 09:48"
"GeoMax","610ade6208061c000158624f","Asteroid","69dbdc1efb7bdfcff7ddf99d","6a9d6db11e7857ed600bd832","2026-09-06 09:49"
"lecheur2pieds","663523ba8e313d3aa27852b0","sebastian","667d87ca8401bca3fee14649","6a9d6eaeb954b6be36ab752c","2026-09-06 09:50"
"Harrier (YT)","5ffb2e6d415d4d000165f5dd","teddy bear","66f081f2bf4b230a2fcb970c","6a9d6e6fb954b6be36ab7489","2026-09-06 09:50"
"Anonymous","617f7cfb9dffd50001875a3f","雲仙天草ファン","67057bd80e65158e29b7a97e","6a9d6cbdb954b6be36ab7161","2026-09-06 09:51"
"chilemasterballking","64c4d20a8f7b73c424913e00","Luca","62faac056417c6c320e282de","6a9d6e1b8e5c6190712e224b","2026-09-06 09:51"
"Erik.DL","64caea899c1426306f701b23","Anonymous","62517d69bf2d9b52f4682c70","6a9d6e97b954b6be36ab74ec","2026-09-06 09:51"
"Voro","5a8f1e5d98cc2c6744a8a135","oasis🌌","65c6415fd049a76dfa1bd411","6a9d6ea78e5c6190712e23fd","2026-09-06 09:51"
"Tatert0t","68713ba58c49b2f1bf373e05","[FatSnail] SavetheSnail","591790fc1bba70b6146c6485","6a9d6ddfb954b6be36ab739e","2026-09-06 09:51"
"sva","67a710249d75e04dff436d40","鹰娥朗","628e0d478e5ef3a3ca163627","6a9d6ee68e5c6190712e24b3","2026-09-06 09:51"
"lecheur2pieds","663523ba8e313d3aa27852b0","sebastian","667d87ca8401bca3fee14649","6a9d6f6c8e5c6190712e2649","2026-09-06 09:52"
"Firma","5ff879f9ce04930001f6ee64","rileyrhino4wc2027","63b6a120ed1bf0b1b513dfb8","6a9d6cb41e7857ed600bd641","2026-09-06 09:52"
"Skaven","684ffbcec374eb437a89fc20","路易十六","65337c686711b99177ed189b","6a9d6e268e5c6190712e226a","2026-09-06 09:52"
"Luca","62faac056417c6c320e282de","GeoMax","610ade6208061c000158624f","6a9d6f9d5a43d0a64f98c5f1","2026-09-06 09:53"
"lecheur2pieds","663523ba8e313d3aa27852b0","sebastian","667d87ca8401bca3fee14649","6a9d6ffa5a43d0a64f98c6cb","2026-09-06 09:54"
"teddy bear","66f081f2bf4b230a2fcb970c","chilemasterballking","64c4d20a8f7b73c424913e00","6a9d6f988e5c6190712e26c0","2026-09-06 09:54"
"val1d","63875de4e55ec4234b26d1fb","Angeria","5e1333041b34a033c801a9b1","6a9d6ec55a43d0a64f98c3bf","2026-09-06 09:54"
"Anonymous","62517d69bf2d9b52f4682c70","[FatSnail] SavetheSnail","591790fc1bba70b6146c6485","6a9d6faab954b6be36ab775e","2026-09-06 09:54"
"rileyrhino4wc2027","63b6a120ed1bf0b1b513dfb8","Anonymous","617f7cfb9dffd50001875a3f","6a9d700db954b6be36ab784d","2026-09-06 09:55"
"Asteroid","69dbdc1efb7bdfcff7ddf99d","落汤鸡","675ee56fd2220e44dea68a81","6a9d6f405a43d0a64f98c514","2026-09-06 09:55"
"路易十六","65337c686711b99177ed189b","Skaven","684ffbcec374eb437a89fc20","6a9d6feb8e5c6190712e27c1","2026-09-06 09:55"
"mirai","658cfaf8c12126a89d3c98fb","BigBen","5f25fcbd9483a700016d046f","6a9d6ea45a43d0a64f98c384","2026-09-06 09:55"
"NoruJumping","5c5817f33d925bc96cd177e7","Schwarzweiss","5cfadc71b741f84acc8b23df","6a9d6e525a43d0a64f98c2af","2026-09-06 09:56"
"BlackShark","61f04538cc54700001a27678","Jimbo Junk","5588a2efb8a3409dec36f9de","6a9d6f148e5c6190712e2554","2026-09-06 09:56"
"落汤鸡","675ee56fd2220e44dea68a81","chilemasterballking","64c4d20a8f7b73c424913e00","6a9d708b8e5c6190712e2964","2026-09-06 09:57"
"Erik.DL","64caea899c1426306f701b23","Aaryan22","657021f7412bfd95aad62550","6a9d6faf8e5c6190712e270a","2026-09-06 09:57"
"OnkeGG","6912d873ef3380557dd45eec","鹰娥朗","628e0d478e5ef3a3ca163627","6a9d6fbed6156877e12218ea","2026-09-06 09:57"
"sebastian","667d87ca8401bca3fee14649","lecheur2pieds","663523ba8e313d3aa27852b0","6a9d709c1e7857ed600bde66","2026-09-06 09:58"
"Felix.svb","6856986bb22dea4ae40a3d22","Tikon","621cddf10416aa00011b992b","6a9d6fae8e5c6190712e2706","2026-09-06 09:58"
"teddy bear","66f081f2bf4b230a2fcb970c","Harrier (YT)","5ffb2e6d415d4d000165f5dd","6a9d70725a43d0a64f98c7e3","2026-09-06 09:58"
"Angeria","5e1333041b34a033c801a9b1","val1d","63875de4e55ec4234b26d1fb","6a9d7073b954b6be36ab7923","2026-09-06 09:58"
"встречай, посейдон","61cdfc02f6470200011a0caa","LetsCrime (chatbanned)","67a80cc003077ed0dfc834ab","6a9d6f1a8e5c6190712e255f","2026-09-06 09:58"
"kuba.","68582b5f8e62427811441b60","Asteroid","69dbdc1efb7bdfcff7ddf99d","6a9d70b11e7857ed600bde94","2026-09-06 09:59"
"Luca","62faac056417c6c320e282de","GeoMax","610ade6208061c000158624f","6a9d70578e5c6190712e28f1","2026-09-06 09:59"
"[FatSnail] SavetheSnail","591790fc1bba70b6146c6485","Jimbo Junk","5588a2efb8a3409dec36f9de","6a9d70ed8e5c6190712e2aa2","2026-09-06 09:59"
"雲仙天草ファン","67057bd80e65158e29b7a97e","Frouser","676f1d87e37422d9da127424","6a9d6fc18e5c6190712e2738","2026-09-06 10:00"
"oasis🌌","65c6415fd049a76dfa1bd411","Tang, Zijie","67e6bbbb20771f5e5eff63fc","6a9d71035a43d0a64f98c940","2026-09-06 10:00"
"Joo-eun.","6a290dd1cf6b59479a2ae4de","tb_ro","603e081bd3dc740001da90e8","6a9d70c85a43d0a64f98c8b4","2026-09-06 10:00"
"Kenji","5f2fd4348378f500019bdee0","Lucas Aparecido","647662cfc340f9b0158cd58b","6a9d70d91e7857ed600bdee4","2026-09-06 10:00"
"Multi Merchant?","6801684b3f0a51c426828d33","chilemasterballking","64c4d20a8f7b73c424913e00","6a9d71111e7857ed600bdf4f","2026-09-06 10:01"
"Anonymous","62517d69bf2d9b52f4682c70","Erik.DL","64caea899c1426306f701b23","6a9d712d8e5c6190712e2b5f","2026-09-06 10:01"
"手癢","68db9ecbe6586dfdb1908777","IrisThePro","68ef57cd560b941b9b34f3b8","6a9d711c8e5c6190712e2b2d","2026-09-06 10:01"
"sebastian","667d87ca8401bca3fee14649","lecheur2pieds","663523ba8e313d3aa27852b0","6a9d715bd6156877e1221c14","2026-09-06 10:02"
"GeoMax","610ade6208061c000158624f","[FatSnail] SavetheSnail","591790fc1bba70b6146c6485","6a9d71cd8e5c6190712e2d3d","2026-09-06 10:02"
"встречай, посейдон","61cdfc02f6470200011a0caa","teddy bear","66f081f2bf4b230a2fcb970c","6a9d71e35a43d0a64f98cb9e","2026-09-06 10:03"
"Ando","6217de15a0f6300001186164","mirai","658cfaf8c12126a89d3c98fb","6a9d71d78e5c6190712e2d61","2026-09-06 10:03"
"鹰娥朗","628e0d478e5ef3a3ca163627","OnkeGG","6912d873ef3380557dd45eec","6a9d71208e5c6190712e2b3d","2026-09-06 10:03"
"Skaven","684ffbcec374eb437a89fc20","路易十六","65337c686711b99177ed189b","6a9d70ba5a43d0a64f98c894","2026-09-06 10:03"
"rileyrhino4wc2027","63b6a120ed1bf0b1b513dfb8","Genziara","62e033ce217ecdfb2101edf8","6a9d711b5a43d0a64f98c97e","2026-09-06 10:04"
"Schwarzweiss","5cfadc71b741f84acc8b23df","Voro","5a8f1e5d98cc2c6744a8a135","6a9d71045a43d0a64f98c944","2026-09-06 10:04"
"oasis🌌","65c6415fd049a76dfa1bd411","Joo-eun.","6a290dd1cf6b59479a2ae4de","6a9d71bfb954b6be36ab7bdf","2026-09-06 10:04"
"Kenji","5f2fd4348378f500019bdee0","Anonymous","62517d69bf2d9b52f4682c70","6a9d7216205b30231b3ccd49","2026-09-06 10:04"
"Draymond8","6032bcb309857100013466be","OnkeGG","6912d873ef3380557dd45eec","6a9d72915a43d0a64f98cd2a","2026-09-06 10:05"
"手癢","68db9ecbe6586dfdb1908777","IrisThePro","68ef57cd560b941b9b34f3b8","6a9d72435a43d0a64f98cc5d","2026-09-06 10:05"
"Tikon","621cddf10416aa00011b992b","Harrier (YT)","5ffb2e6d415d4d000165f5dd","6a9d715dd6156877e1221c17","2026-09-06 10:06"
"встречай, посейдон","61cdfc02f6470200011a0caa","chilemasterballking","64c4d20a8f7b73c424913e00","6a9d72098e5c6190712e2e08","2026-09-06 10:06"
"NoruJumping","5c5817f33d925bc96cd177e7","Erik.DL","64caea899c1426306f701b23","6a9d722b8e5c6190712e2e7a","2026-09-06 10:06"
"Aaryan22","657021f7412bfd95aad62550","Tang, Zijie","67e6bbbb20771f5e5eff63fc","6a9d729c8e5c6190712e2fc9","2026-09-06 10:06"
"BarryTheBee","62be7867aa13616722f8dd4a","sebastian","667d87ca8401bca3fee14649","6a9d72748e5c6190712e2f4d","2026-09-06 10:07"
"встречай, посейдон","61cdfc02f6470200011a0caa","Frouser","676f1d87e37422d9da127424","6a9d72341e7857ed600be1b5","2026-09-06 10:07"
"Anonymous","62517d69bf2d9b52f4682c70","Kenji","5f2fd4348378f500019bdee0","6a9d72be8e5c6190712e3038","2026-09-06 10:08"
"路易十六","65337c686711b99177ed189b","Dumby The Wizard","62d3d7745f2d61d4ee64cca9","6a9d729cb954b6be36ab7dd1","2026-09-06 10:08"
"Genziara","62e033ce217ecdfb2101edf8","teddy bear","66f081f2bf4b230a2fcb970c","6a9d72e45a43d0a64f98cdf1","2026-09-06 10:09"
"встречай, посейдон","61cdfc02f6470200011a0caa","GeoMax","610ade6208061c000158624f","6a9d727a1e7857ed600be270","2026-09-06 10:09"
"Angeria","5e1333041b34a033c801a9b1","Asteroid","69dbdc1efb7bdfcff7ddf99d","6a9d71768e5c6190712e2c0a","2026-09-06 10:09"
"mirai","658cfaf8c12126a89d3c98fb","Skaven","684ffbcec374eb437a89fc20","6a9d72978e5c6190712e2fb1","2026-09-06 10:09"
"Shakazaramesh","5ef2945bbb96627c9ce5f63f","Erik.DL","64caea899c1426306f701b23","6a9d732a8e5c6190712e3193","2026-09-06 10:10"
"Alfred","5c5171d33d925b4af4b9bcbc","落汤鸡","675ee56fd2220e44dea68a81","6a9d7101d6156877e1221b6a","2026-09-06 10:11"
"Schwarzweiss","5cfadc71b741f84acc8b23df","Voro","5a8f1e5d98cc2c6744a8a135","6a9d72eb1e7857ed600be351","2026-09-06 10:11"
"Aaryan22","657021f7412bfd95aad62550","路易十六","65337c686711b99177ed189b","6a9d73a48e5c6190712e3324","2026-09-06 10:11"
"Draymond8","6032bcb309857100013466be","chilemasterballking","64c4d20a8f7b73c424913e00","6a9d73351e7857ed600be3fc","2026-09-06 10:12"
"鹰娥朗","628e0d478e5ef3a3ca163627","Pitinay","58ecb0a7eb8529945c203f43","6a9d72a28e5c6190712e2fdf","2026-09-06 10:12"
"LetsCrime (chatbanned)","67a80cc003077ed0dfc834ab","teddy bear","66f081f2bf4b230a2fcb970c","6a9d74141e7857ed600be5c6","2026-09-06 10:13"
"Asteroid","69dbdc1efb7bdfcff7ddf99d","GeoMax","610ade6208061c000158624f","6a9d73e85a43d0a64f98d083","2026-09-06 10:13"
"Hanno","66cd9b65da42d067e3be0f24","手癢","68db9ecbe6586dfdb1908777","6a9d73365a43d0a64f98cedd","2026-09-06 10:13"
"Harrier (YT)","5ffb2e6d415d4d000165f5dd","sebastian","667d87ca8401bca3fee14649","6a9d739ad6156877e1222151","2026-09-06 10:14"
"Tikon","621cddf10416aa00011b992b","Frouser","676f1d87e37422d9da127424","6a9d73868e5c6190712e32ad","2026-09-06 10:14"
"鬼哭啾々","642938b80c4a29948f1bf1ea","Jimbo Junk","5588a2efb8a3409dec36f9de","6a9d741f8e5c6190712e34ce","2026-09-06 10:15"
"teddy bear","66f081f2bf4b230a2fcb970c","sebastian","667d87ca8401bca3fee14649","6a9d752e8e5c6190712e385f","2026-09-06 10:16"
"rileyrhino4wc2027","63b6a120ed1bf0b1b513dfb8","Bad At Geo","5d46b0bb3b4b6a4968620f7b","6a9d74a85a43d0a64f98d223","2026-09-06 10:17"
"teddy bear","66f081f2bf4b230a2fcb970c","sebastian","667d87ca8401bca3fee14649","6a9d752e8e5c6190712e385f","2026-09-06 10:17"
"chilemasterballking","64c4d20a8f7b73c424913e00","落汤鸡","675ee56fd2220e44dea68a81","6a9d74b3b841a990e0b90209","2026-09-06 10:17"
"Anonymous","62517d69bf2d9b52f4682c70","Kenji","5f2fd4348378f500019bdee0","6a9d73be8e5c6190712e3391","2026-09-06 10:17"
"mirai","658cfaf8c12126a89d3c98fb","Skaven","684ffbcec374eb437a89fc20","6a9d7406d6156877e1222223","2026-09-06 10:17"
"Angeria","5e1333041b34a033c801a9b1","Genziara","62e033ce217ecdfb2101edf8","6a9d74541e7857ed600be658","2026-09-06 10:18"
"路易十六","65337c686711b99177ed189b","Aaryan22","657021f7412bfd95aad62550","6a9d7452b954b6be36ab8192","2026-09-06 10:18"
"teddy bear","66f081f2bf4b230a2fcb970c","rileyrhino4wc2027","63b6a120ed1bf0b1b513dfb8","6a9d75b1b954b6be36ab8447","2026-09-06 10:19"
"kqyyy","6888a322b2328f914ebd912f","Shakazaramesh","5ef2945bbb96627c9ce5f63f","6a9d744c8e5c6190712e3558","2026-09-06 10:19"
"Major Bajor","5dec182b44d2a4a0f4feafaf","Hussienisgay","6a6020eb271fd232316962d4","6a9d7563d6156877e1222581","2026-09-06 10:19"
"Voro","5a8f1e5d98cc2c6744a8a135","Jackkincaid","5d698d4ab4ec17864c52c785","6a9d74688e5c6190712e35bf","2026-09-06 10:19"
"Hanno","66cd9b65da42d067e3be0f24","LostWithDaus","689602447074bdfc403c8e9a","6a9d7574d6156877e12225ad","2026-09-06 10:19"
"sebastian","667d87ca8401bca3fee14649","Harrier (YT)","5ffb2e6d415d4d000165f5dd","6a9d75618e5c6190712e390b","2026-09-06 10:20"
"Jimbo Junk","5588a2efb8a3409dec36f9de","Alemão(Retired 4Ever)","670f839c4f58c8c7b975c4fe","6a9d7549b954b6be36ab83a1","2026-09-06 10:20"
"路易十六","65337c686711b99177ed189b","Timkon","681f023ce86ca49d1982d464","6a9d7616d6156877e1222727","2026-09-06 10:21"
"teddy bear","66f081f2bf4b230a2fcb970c","rileyrhino4wc2027","63b6a120ed1bf0b1b513dfb8","6a9d75b1b954b6be36ab8447","2026-09-06 10:22"
"雲仙天草ファン","67057bd80e65158e29b7a97e","Asteroid","69dbdc1efb7bdfcff7ddf99d","6a9d75d55a43d0a64f98d53d","2026-09-06 10:22"
"落汤鸡","675ee56fd2220e44dea68a81","NoruJumping","5c5817f33d925bc96cd177e7","6a9d75de8e5c6190712e3a57","2026-09-06 10:22"
"Gertie Goo Goo","5f29256f3ae4f70001338474","HoidoiMelonKing","623730592965f997f04add50","6a9d75941e7857ed600be948","2026-09-06 10:22"
"rileyrhino4wc2027","63b6a120ed1bf0b1b513dfb8","Zuepp","601458985acffb00015bd0d5","6a9d76781e7857ed600beb35","2026-09-06 10:23"
"Kenji","5f2fd4348378f500019bdee0","સિલુસ્ટરબુસ્ટર","65a298676d25e3f9160d193d","6a9d76695a43d0a64f98d69b","2026-09-06 10:23"
"sebastian","667d87ca8401bca3fee14649","teddy bear","66f081f2bf4b230a2fcb970c","6a9d76f01e7857ed600bec18","2026-09-06 10:24"
"pqmq","66665ccebd193a1fa70e656e","Venux","601d72df848235000143965e","6a9d7724d6156877e1222950","2026-09-06 10:24"
"BarryTheBee","62be7867aa13616722f8dd4a","Bad At Geo","5d46b0bb3b4b6a4968620f7b","6a9d76311e7857ed600bea89","2026-09-06 10:25"
"Draymond8","6032bcb309857100013466be","鬼哭啾々","642938b80c4a29948f1bf1ea","6a9d7564d6156877e1222583","2026-09-06 10:25"
"Jimbo Junk","5588a2efb8a3409dec36f9de","Anonymous","62517d69bf2d9b52f4682c70","6a9d769cb954b6be36ab8678","2026-09-06 10:25"
"Hanno","66cd9b65da42d067e3be0f24","Alemão(Retired 4Ever)","670f839c4f58c8c7b975c4fe","6a9d76948e5c6190712e3ca6","2026-09-06 10:25"
"rileyrhino4wc2027","63b6a120ed1bf0b1b513dfb8","sebastian","667d87ca8401bca3fee14649","6a9d77735a43d0a64f98d950","2026-09-06 10:26"
"||brat||","615cef2d7dde250001e339ef","pqmq","66665ccebd193a1fa70e656e","6a9d77901e7857ed600bed8f","2026-09-06 10:26"
"mirai","658cfaf8c12126a89d3c98fb","chilemasterballking","64c4d20a8f7b73c424913e00","6a9d75fc8e5c6190712e3abf","2026-09-06 10:26"
"Tikon","621cddf10416aa00011b992b","Genziara","62e033ce217ecdfb2101edf8","6a9d761b1e7857ed600bea50","2026-09-06 10:27"
"Frouser","676f1d87e37422d9da127424","teddy bear","66f081f2bf4b230a2fcb970c","6a9d7705d6156877e122290d","2026-09-06 10:27"
"Lil Frenky","60409299545b6c0001c4a79b","thomas petruv","6000461b23fa0d00011e9f10","6a9d7750b954b6be36ab87e7","2026-09-06 10:28"
"sebastian","667d87ca8401bca3fee14649","teddy bear","66f081f2bf4b230a2fcb970c","6a9d7806d6156877e1222b12","2026-09-06 10:29"
"雲仙天草ファン","67057bd80e65158e29b7a97e","Asteroid","69dbdc1efb7bdfcff7ddf99d","6a9d77308e5c6190712e3e76","2026-09-06 10:29"
"chilemasterballking","64c4d20a8f7b73c424913e00","Zuepp","601458985acffb00015bd0d5","6a9d78011e7857ed600bee66","2026-09-06 10:29"
"rileyrhino4wc2027","63b6a120ed1bf0b1b513dfb8","Bad At Geo","5d46b0bb3b4b6a4968620f7b","6a9d77f58e5c6190712e40e5","2026-09-06 10:30"
"Angeria","5e1333041b34a033c801a9b1","Shakazaramesh","5ef2945bbb96627c9ce5f63f","6a9d763cd6156877e1222774","2026-09-06 10:30"
"Clemens363","5f2bb2243ae4f7000134081b","Hussienisgay","6a6020eb271fd232316962d4","6a9d77ddd6156877e1222ab9","2026-09-06 10:30"
"Hanno","66cd9b65da42d067e3be0f24","Henrikk","622640b7cb9b530001598509","6a9d78141e7857ed600bee87","2026-09-06 10:30"
"Asteroid","69dbdc1efb7bdfcff7ddf99d","chilemasterballking","64c4d20a8f7b73c424913e00","6a9d7887d6156877e1222c27","2026-09-06 10:31"
"TEEM0","68f9fdd90f6d5f026cf9e4d8","Lil Frenky","60409299545b6c0001c4a79b","6a9d7885461b6a707a7cb6ed","2026-09-06 10:31"
"Kenji","5f2fd4348378f500019bdee0","NoruJumping","5c5817f33d925bc96cd177e7","6a9d77401e7857ed600becb6","2026-09-06 10:31"
"Lubec","5e974c906ea510372c1e444a","teddy bear","66f081f2bf4b230a2fcb970c","6a9d785ab954b6be36ab8a42","2026-09-06 10:32"
"kuba.","68582b5f8e62427811441b60","Asteroid","69dbdc1efb7bdfcff7ddf99d","6a9d79105a43d0a64f98dcc3","2026-09-06 10:32"
"Anonymous","62517d69bf2d9b52f4682c70","Jimbo Junk","5588a2efb8a3409dec36f9de","6a9d77b05a43d0a64f98d9e6","2026-09-06 10:32"
"鬼哭啾々","642938b80c4a29948f1bf1ea","chilemasterballking","64c4d20a8f7b73c424913e00","6a9d791518140701491511a8","2026-09-06 10:33"
"Draymond8","6032bcb309857100013466be","kqyyy","6888a322b2328f914ebd912f","6a9d787e8e5c6190712e4274","2026-09-06 10:34"
"Shakazaramesh","5ef2945bbb96627c9ce5f63f","Skcmj","669bbdca232879fb8fd85725","6a9d78e98e5c6190712e437c","2026-09-06 10:34"
"Casanção Blur Enjoyer","6a207295824d2054d74c3e7a","Batze","66264a9232424d7626d17d76","6a9d77365a43d0a64f98d8d0","2026-09-06 10:34"
"rileyrhino4wc2027","63b6a120ed1bf0b1b513dfb8","Angeria","5e1333041b34a033c801a9b1","6a9d7911d6156877e1222d0c","2026-09-06 10:35"
"Asteroid","69dbdc1efb7bdfcff7ddf99d","kuba.","68582b5f8e62427811441b60","6a9d79498e5c6190712e446d","2026-09-06 10:35"
"Zuepp","601458985acffb00015bd0d5","Kanonenkaktus","5f1c05d6a8de85000129c1ac","6a9d79c51e7857ed600bf1ce","2026-09-06 10:37"
"Casanção Blur Enjoyer","6a207295824d2054d74c3e7a","Anonymous","62517d69bf2d9b52f4682c70","6a9d79e71e7857ed600bf213","2026-09-06 10:37"
"Fenix","5ba8fe22a8e5d55294d5801a","mu6h0m0r3k","6a2e97e56d531d07b5890b30","6a9d796bd6156877e1222dcd","2026-09-06 10:37"
"Peter Dictator","684c775aeb78c494d9ee6b7a","Omnia mea mecum porto","61484b52add2db00018fe1ec","6a9d79648e5c6190712e44cd","2026-09-06 10:38"
"Casanção Blur Enjoyer","6a207295824d2054d74c3e7a","Anonymous","62517d69bf2d9b52f4682c70","6a9d79e71e7857ed600bf213","2026-09-06 10:38"
"rileyrhino4wc2027","63b6a120ed1bf0b1b513dfb8","sebastian","667d87ca8401bca3fee14649","6a9d7a268e5c6190712e4705","2026-09-06 10:39"
"Shakazaramesh","5ef2945bbb96627c9ce5f63f","Skcmj","669bbdca232879fb8fd85725","6a9d79b08e5c6190712e4598","2026-09-06 10:39"
"chilemasterballking","64c4d20a8f7b73c424913e00","鬼哭啾々","642938b80c4a29948f1bf1ea","6a9d79968e5c6190712e4551","2026-09-06 10:39"
"Jimbo Junk","5588a2efb8a3409dec36f9de","Lil Frenky","60409299545b6c0001c4a79b","6a9d79578e5c6190712e4495","2026-09-06 10:39"
"teddy bear","66f081f2bf4b230a2fcb970c","Asteroid","69dbdc1efb7bdfcff7ddf99d","6a9d79f08e5c6190712e465c","2026-09-06 10:40"
"NoruJumping","5c5817f33d925bc96cd177e7","Hanno","66cd9b65da42d067e3be0f24","6a9d79761e7857ed600bf13d","2026-09-06 10:40"
"Stozzy","60c9c89f6dac91000126151b","thomas petruv","6000461b23fa0d00011e9f10","6a9d79b58e5c6190712e45a9","2026-09-06 10:40"
"1k","5e1baa352034a083c05674a7","BarryTheBee","62be7867aa13616722f8dd4a","6a9d787f8e5c6190712e4275","2026-09-06 10:41"
"Angeria","5e1333041b34a033c801a9b1","teddy bear","66f081f2bf4b230a2fcb970c","6a9d7a5a8e5c6190712e47c1","2026-09-06 10:41"
"Leo","643ee35e420a82ec7b9e79cc","chilemasterballking","64c4d20a8f7b73c424913e00","6a9d7ae51e7857ed600bf429","2026-09-06 10:41"
"sebastian","667d87ca8401bca3fee14649","rileyrhino4wc2027","63b6a120ed1bf0b1b513dfb8","6a9d7aefd6156877e12230c8","2026-09-06 10:42"
"Draymond8","6032bcb309857100013466be","Anonymous","62517d69bf2d9b52f4682c70","6a9d7ac9d6156877e122308e","2026-09-06 10:42"
"GeoKitten :3","6a60cb66561c205d0831e2ad","Skcmj","669bbdca232879fb8fd85725","6a9d7b228e5c6190712e4a09","2026-09-06 10:43"
"Hanno","66cd9b65da42d067e3be0f24","Owen","66a3e179154c74d83af4b4f3","6a9d7b438e5c6190712e4a5c","2026-09-06 10:43"
"Dumby The Wizard","62d3d7745f2d61d4ee64cca9","Venux","601d72df848235000143965e","6a9d7a14b954b6be36ab8d83","2026-09-06 10:43"
"rileyrhino4wc2027","63b6a120ed1bf0b1b513dfb8","teddy bear","66f081f2bf4b230a2fcb970c","6a9d7ba68e5c6190712e4b66","2026-09-06 10:44"
"wang4wc2027(徒弟yang)","64df30f334185dd27cf839a7","kuba.","68582b5f8e62427811441b60","6a9d7ad0b841a990e0b90bc1","2026-09-06 10:44"
"BlackShark","61f04538cc54700001a27678","Sesquipedalism","59e21e3539d85572801d5a5e","6a9d7ac48e5c6190712e491e","2026-09-06 10:44"
"Egorsmol","60c7cce623bc770001651df5","Manureza","678ec40f575b9e3fd172579d","6a9d7afad6156877e12230e1","2026-09-06 10:44"
"Frouser","676f1d87e37422d9da127424","Asteroid","69dbdc1efb7bdfcff7ddf99d","6a9d7b3a205b30231b3cdc2d","2026-09-06 10:45"
"Tatert0t","68713ba58c49b2f1bf373e05","thomas petruv","6000461b23fa0d00011e9f10","6a9d7b238e5c6190712e4a11","2026-09-06 10:45"
"jasonbeckrich","601545a73b63a60001e534b0","HoidoiMelonKing","623730592965f997f04add50","6a9d776dd6156877e12229e2","2026-09-06 10:45"
"Kuba","6744ee112d6c958a853b52a6","teddy bear","66f081f2bf4b230a2fcb970c","6a9d7bc55a43d0a64f98e337","2026-09-06 10:46"
"Leo","643ee35e420a82ec7b9e79cc","chilemasterballking","64c4d20a8f7b73c424913e00","6a9d7b588e5c6190712e4a93","2026-09-06 10:46"
"Lil Frenky","60409299545b6c0001c4a79b","Lurkki","673dfa9f10797c20bc6721e9","6a9d7bb75a43d0a64f98e308","2026-09-06 10:46"
"C:/=^._.^=𝒽𝒾𝓃𝒶/.𝑘𝑔","69ec816eed737868fa3d8cff","Skcmj","669bbdca232879fb8fd85725","6a9d7c0e5a43d0a64f98e3da","2026-09-06 10:47"
"Zuepp","601458985acffb00015bd0d5","Omnia mea mecum porto","61484b52add2db00018fe1ec","6a9d7adb1e7857ed600bf40b","2026-09-06 10:47"
"wichura240","68767692157557d5c76a0ab6","Kanonenkaktus","5f1c05d6a8de85000129c1ac","6a9d7b8f5a43d0a64f98e2bc","2026-09-06 10:47"
"Lil Frenky","60409299545b6c0001c4a79b","Lurkki","673dfa9f10797c20bc6721e9","6a9d7c805a43d0a64f98e4f3","2026-09-06 10:47"
"Anonymous","62517d69bf2d9b52f4682c70","NoruJumping","5c5817f33d925bc96cd177e7","6a9d7bc95a43d0a64f98e33d","2026-09-06 10:48"
"teddy bear","66f081f2bf4b230a2fcb970c","Asteroid","69dbdc1efb7bdfcff7ddf99d","6a9d7ca11e7857ed600bf7da","2026-09-06 10:49"
"kqyyy","6888a322b2328f914ebd912f","Rafa","65d3d579486526d78cd578f9","6a9d7b87205b30231b3cdc8b","2026-09-06 10:49"
"rileyrhino4wc2027","63b6a120ed1bf0b1b513dfb8","teddy bear","66f081f2bf4b230a2fcb970c","6a9d7c3c205b30231b3cdd75","2026-09-06 10:50"
"Kuba","6744ee112d6c958a853b52a6","kuba.","68582b5f8e62427811441b60","6a9d7cad3f1a67370ecc164c","2026-09-06 10:50"
"Dumby The Wizard","62d3d7745f2d61d4ee64cca9","Sesquipedalism","59e21e3539d85572801d5a5e","6a9d7c5e1e7857ed600bf73c","2026-09-06 10:50"
"Kuba","6744ee112d6c958a853b52a6","teddy bear","66f081f2bf4b230a2fcb970c","6a9d7d965a43d0a64f98e7e3","2026-09-06 10:51"
"Asteroid","69dbdc1efb7bdfcff7ddf99d","Omnia mea mecum porto","61484b52add2db00018fe1ec","6a9d7d565a43d0a64f98e72e","2026-09-06 10:51"
"wichura240","68767692157557d5c76a0ab6","chilemasterballking","64c4d20a8f7b73c424913e00","6a9d7cbc8e5c6190712e4ebb","2026-09-06 10:51"
"Lil Frenky","60409299545b6c0001c4a79b","Lurkki","673dfa9f10797c20bc6721e9","6a9d7cdf8e5c6190712e4f2c","2026-09-06 10:51"
"kuba.","68582b5f8e62427811441b60","teddy bear","66f081f2bf4b230a2fcb970c","6a9d7d6f8e5c6190712e50d7","2026-09-06 10:52"
"Lil Frenky","60409299545b6c0001c4a79b","Lurkki","673dfa9f10797c20bc6721e9","6a9d7dd08e5c6190712e5233","2026-09-06 10:52"
"Zuepp","601458985acffb00015bd0d5","teddy bear","66f081f2bf4b230a2fcb970c","6a9d7d008e5c6190712e4f84","2026-09-06 10:53"
"GeoKitten :3","6a60cb66561c205d0831e2ad","Tatert0t","68713ba58c49b2f1bf373e05","6a9d7c3e5a43d0a64f98e441","2026-09-06 10:53"
"アラメイン","68445484b91725e394c6e69d","Dumby The Wizard","62d3d7745f2d61d4ee64cca9","6a9d7da15a43d0a64f98e822","2026-09-06 10:53"
"Kuba","6744ee112d6c958a853b52a6","kuba.","68582b5f8e62427811441b60","6a9d7de95a43d0a64f98e905","2026-09-06 10:54"
"Rafa","65d3d579486526d78cd578f9","NoruJumping","5c5817f33d925bc96cd177e7","6a9d7d648e5c6190712e50af","2026-09-06 10:54"
"Anonymous","62517d69bf2d9b52f4682c70","Shakazaramesh","5ef2945bbb96627c9ce5f63f","6a9d7d348e5c6190712e503e","2026-09-06 10:55"
"Fenix","5ba8fe22a8e5d55294d5801a","Hanno","66cd9b65da42d067e3be0f24","6a9d7e2c8e5c6190712e535c","2026-09-06 10:55"
"irrational","65ba97ce8b2ba0c747ffa3b7","teddy bear","66f081f2bf4b230a2fcb970c","6a9d7e43d6156877e12237c5","2026-09-06 10:57"
"kuba.","68582b5f8e62427811441b60","Kuba","6744ee112d6c958a853b52a6","6a9d7e738e5c6190712e5485","2026-09-06 10:57"
"chilemasterballking","64c4d20a8f7b73c424913e00","Asteroid","69dbdc1efb7bdfcff7ddf99d","6a9d7dc2b954b6be36ab959b","2026-09-06 10:57"
"Tatert0t","68713ba58c49b2f1bf373e05","drobec","66f6f724dc55f1b787b0cf96","6a9d7e4cb841a990e0b911b6","2026-09-06 10:57"
"rileyrhino4wc2027","63b6a120ed1bf0b1b513dfb8","BarryTheBee","62be7867aa13616722f8dd4a","6a9d7daa8e5c6190712e51ca","2026-09-06 10:58"
"Tatert0t","68713ba58c49b2f1bf373e05","Yiğit Onur","628a020c86224535a595335f","6a9d7f0c8e5c6190712e566c","2026-09-06 10:58"
"アラメイン","68445484b91725e394c6e69d","Dumby The Wizard","62d3d7745f2d61d4ee64cca9","6a9d7e55b954b6be36ab96f6","2026-09-06 10:58"
"Zuepp","601458985acffb00015bd0d5","teddy bear","66f081f2bf4b230a2fcb970c","6a9d7f565a43d0a64f98ed32","2026-09-06 10:59"
"persimmonsukip","6809563cae64cffc1988e9fe","Paul Thomas Anderson","6999ebd9423ce38404eadfb6","6a9d7eee5a43d0a64f98ebbf","2026-09-06 10:59"
"Kuba","6744ee112d6c958a853b52a6","kuba.","68582b5f8e62427811441b60","6a9d7f255a43d0a64f98ec64","2026-09-06 11:00"
"Asteroid","69dbdc1efb7bdfcff7ddf99d","teddy bear","66f081f2bf4b230a2fcb970c","6a9d7f295a43d0a64f98ec81","2026-09-06 11:00"
"Lil Frenky","60409299545b6c0001c4a79b","Hanno","66cd9b65da42d067e3be0f24","6a9d7f008e5c6190712e5643","2026-09-06 11:00"
"Zuepp","601458985acffb00015bd0d5","teddy bear","66f081f2bf4b230a2fcb970c","6a9d7f565a43d0a64f98ed32","2026-09-06 11:01"
"NoruJumping","5c5817f33d925bc96cd177e7","Thomas","69acad06161f904c0739e318","6a9d7edd5a43d0a64f98eb97","2026-09-06 11:01"
"miniura","650ff17b12259a4cd34bd829","Fifonż","62a47f05cc33a10539b724eb","6a9d7df4d6156877e1223704","2026-09-06 11:01"
"Gamer X","674cddb0dc12d4102c72e97a","Shakazaramesh","5ef2945bbb96627c9ce5f63f","6a9d7eccd6156877e12238eb","2026-09-06 11:02"
"Rafa","65d3d579486526d78cd578f9","Frouser","676f1d87e37422d9da127424","6a9d7ea08e5c6190712e5548","2026-09-06 11:03"
"Yiğit Onur","628a020c86224535a595335f","Tatert0t","68713ba58c49b2f1bf373e05","6a9d7f80205b30231b3ce43c","2026-09-06 11:03"
"Dumby The Wizard","62d3d7745f2d61d4ee64cca9","Prsova","6658c692b31af2f10a86a038","6a9d7f5d1e7857ed600bfe73","2026-09-06 11:03"
"Hanno","66cd9b65da42d067e3be0f24","Fenix","5ba8fe22a8e5d55294d5801a","6a9d7ff05a43d0a64f98eef0","2026-09-06 11:03"
"Asteroid","69dbdc1efb7bdfcff7ddf99d","kuba.","68582b5f8e62427811441b60","6a9d7fe48e5c6190712e595c","2026-09-06 11:04"
"BarryTheBee","62be7867aa13616722f8dd4a","Sandman5","68e3f9f00a56d04f694094b5","6a9d7ff35a43d0a64f98ef00","2026-09-06 11:05"
"rileyrhino4wc2027","63b6a120ed1bf0b1b513dfb8","Ned","5eeb7335479917548004e4f7","6a9d7f448e5c6190712e5742","2026-09-06 11:05"
"Zuepp","601458985acffb00015bd0d5","Lil Frenky","60409299545b6c0001c4a79b","6a9d7ff85a43d0a64f98ef13","2026-09-06 11:06"
"Paul Thomas Anderson","6999ebd9423ce38404eadfb6","Jazzonne","638bcf412c734faf1bcce61e","6a9d7fae5a43d0a64f98ee4b","2026-09-06 11:06"
"Thomas","69acad06161f904c0739e318","Anonymous","62517d69bf2d9b52f4682c70","6a9d8000d6156877e1223bbb","2026-09-06 11:06"
"Fenix","5ba8fe22a8e5d55294d5801a","Brutus","64ec9f5c7a6d1887fb5869bb","6a9d8080d6156877e1223cce","2026-09-06 11:06"
"irrational","65ba97ce8b2ba0c747ffa3b7","Yiğit Onur","628a020c86224535a595335f","6a9d80d5d6156877e1223d86","2026-09-06 11:08"
"chilemasterballking","64c4d20a8f7b73c424913e00","GeoChad147 (Youtube)","61333da66ab477000167c55b","6a9d7f40b954b6be36ab9946","2026-09-06 11:08"
"rileyrhino4wc2027","63b6a120ed1bf0b1b513dfb8","Ned","5eeb7335479917548004e4f7","6a9d80fd5a43d0a64f98f196","2026-09-06 11:09"
"supergaming","5dfe5cfd328e461c04d7fbf2","Kuba","6744ee112d6c958a853b52a6","6a9d805cd6156877e1223c7b","2026-09-06 11:09"
"kuba.","68582b5f8e62427811441b60","встречай, посейдон","61cdfc02f6470200011a0caa","6a9d80e58e5c6190712e5c7f","2026-09-06 11:09"
"Worst Player Ever","68c9b96af5632a4e71ec8b8c","klingemann","67e8571421527a17dfbc69d4","6a9d812b5a43d0a64f98f20d","2026-09-06 11:09"
"男方鬆 - Mr. Nanfsong","6409beba17491edb5a32b684","Ritchie","5ff84d182c4df40001592f85","6a9d81ccd6156877e1223f8a","2026-09-06 11:10"
"Rafa","65d3d579486526d78cd578f9","Asteroid","69dbdc1efb7bdfcff7ddf99d","6a9d80ec5a43d0a64f98f16e","2026-09-06 11:10"
"Zuepp","601458985acffb00015bd0d5","val1d","63875de4e55ec4234b26d1fb","6a9d813f5a43d0a64f98f243","2026-09-06 11:10"
"GeoBunny","64b2f9895059c43d9160f5af","Hanno","66cd9b65da42d067e3be0f24","6a9d80e41e7857ed600c01ae","2026-09-06 11:10"
"Thomas","69acad06161f904c0739e318","GeoKitten :3","6a60cb66561c205d0831e2ad","6a9d815c5a43d0a64f98f271","2026-09-06 11:10"
"Worst Player Ever","68c9b96af5632a4e71ec8b8c","klingemann","67e8571421527a17dfbc69d4","6a9d812b5a43d0a64f98f20d","2026-09-06 11:10"
"Fenix","5ba8fe22a8e5d55294d5801a","Anonymous","62517d69bf2d9b52f4682c70","6a9d816d205b30231b3ce788","2026-09-06 11:10"
"Hanno","66cd9b65da42d067e3be0f24","GeoBunny","64b2f9895059c43d9160f5af","6a9d821dd6156877e122401a","2026-09-06 11:11"
"lecheur2pieds","663523ba8e313d3aa27852b0","rileyrhino4wc2027","63b6a120ed1bf0b1b513dfb8","6a9d81e68e5c6190712e5f8f","2026-09-06 11:12"
"Kuba","6744ee112d6c958a853b52a6","kuba.","68582b5f8e62427811441b60","6a9d820f8e5c6190712e6007","2026-09-06 11:12"
"男方鬆 - Mr. Nanfsong","6409beba17491edb5a32b684","Ned","5eeb7335479917548004e4f7","6a9d82475a43d0a64f98f49a","2026-09-06 11:12"
"Omnia mea mecum porto","61484b52add2db00018fe1ec","GeoChad147 (Youtube)","61333da66ab477000167c55b","6a9d81bb1e7857ed600c03a4","2026-09-06 11:13"
"Tatert0t","68713ba58c49b2f1bf373e05","Shakazaramesh","5ef2945bbb96627c9ce5f63f","6a9d807bb954b6be36ab9bf6","2026-09-06 11:13"
"Lil Frenky","60409299545b6c0001c4a79b","choco","622e22e69974710001c132e3","6a9d81485a43d0a64f98f252","2026-09-06 11:13"
"Batze","66264a9232424d7626d17d76","Worst Player Ever","68c9b96af5632a4e71ec8b8c","6a9d827a8e5c6190712e6121","2026-09-06 11:13"
"Sandman5","68e3f9f00a56d04f694094b5","BarryTheBee","62be7867aa13616722f8dd4a","6a9d81bb8e5c6190712e5f0f","2026-09-06 11:14"
"Anonymous","62517d69bf2d9b52f4682c70","GeoKitten :3","6a60cb66561c205d0831e2ad","6a9d82971e7857ed600c0595","2026-09-06 11:14"
"Batze","66264a9232424d7626d17d76","Worst Player Ever","68c9b96af5632a4e71ec8b8c","6a9d827a8e5c6190712e6121","2026-09-06 11:14"
"teddy bear","66f081f2bf4b230a2fcb970c","Wndntt","67607c5f15734408543abb64","6a9d82c18e5c6190712e61fa","2026-09-06 11:15"
"Thomas","69acad06161f904c0739e318","Hanno","66cd9b65da42d067e3be0f24","6a9d82708e5c6190712e60fe","2026-09-06 11:15"
"Batze","66264a9232424d7626d17d76","Worst Player Ever","68c9b96af5632a4e71ec8b8c","6a9d827a8e5c6190712e6121","2026-09-06 11:15"
"Kuba","6744ee112d6c958a853b52a6","kuba.","68582b5f8e62427811441b60","6a9d82ac863f543a30d0c749","2026-09-06 11:16"
"GeoReda","6439632a8062b2c1de67acab","Rafa","65d3d579486526d78cd578f9","6a9d82af9a5ebf32bef0ec54","2026-09-06 11:16"
"val1d","63875de4e55ec4234b26d1fb","Asteroid","69dbdc1efb7bdfcff7ddf99d","6a9d823b1e7857ed600c04e2","2026-09-06 11:16"
"Shakazaramesh","5ef2945bbb96627c9ce5f63f","Omnia mea mecum porto","61484b52add2db00018fe1ec","6a9d82fd8e5c6190712e62d6","2026-09-06 11:16"
"Worst Player Ever","68c9b96af5632a4e71ec8b8c","tobsy","66dd82927008358f2fcc3b96","6a9d82875a43d0a64f98f516","2026-09-06 11:16"
"lebron-3","694357bf716cf71c98f96b42","rileyrhino4wc2027","63b6a120ed1bf0b1b513dfb8","6a9d82a75a43d0a64f98f572","2026-09-06 11:17"
"Lil Frenky","60409299545b6c0001c4a79b","Worst Player Ever","68c9b96af5632a4e71ec8b8c","6a9d82d98e5c6190712e624e","2026-09-06 11:17"
"Joo-eun.","6a290dd1cf6b59479a2ae4de","klingemann","67e8571421527a17dfbc69d4","6a9d82c0d6156877e1224161","2026-09-06 11:17"
"BarryTheBee","62be7867aa13616722f8dd4a","lecheur2pieds","663523ba8e313d3aa27852b0","6a9d83385a43d0a64f98f6e0","2026-09-06 11:18"
"男方鬆 - Mr. Nanfsong","6409beba17491edb5a32b684","teddy bear","66f081f2bf4b230a2fcb970c","6a9d8338b954b6be36aba1e0","2026-09-06 11:18"
"Sityqwai","5dc9b82ae9473f3ff8ad7799","Yiğit Onur","628a020c86224535a595335f","6a9d8209b954b6be36ab9f86","2026-09-06 11:18"
"Wndntt","67607c5f15734408543abb64","Batze","66264a9232424d7626d17d76","6a9d8349d6156877e12242a9","2026-09-06 11:18"
"Dumby The Wizard","62d3d7745f2d61d4ee64cca9","polish meta slave","6623ecb7315d4d4449b8ca98","6a9d82c3863f543a30d0c776","2026-09-06 11:18"
"Jakob","6330202c43032ef573d382eb","kuba.","68582b5f8e62427811441b60","6a9d83e68e5c6190712e6570","2026-09-06 11:19"
"Asteroid","69dbdc1efb7bdfcff7ddf99d","Ritchie","5ff84d182c4df40001592f85","6a9d838a1e7857ed600c0764","2026-09-06 11:19"
"NoruJumping","5c5817f33d925bc96cd177e7","chilemasterballking","64c4d20a8f7b73c424913e00","6a9d81b26258d6f85da6b1f3","2026-09-06 11:19"
"GeoKitten :3","6a60cb66561c205d0831e2ad","Anonymous","62517d69bf2d9b52f4682c70","6a9d833c1e7857ed600c06d3","2026-09-06 11:19"
"GeoChad147 (Youtube)","61333da66ab477000167c55b","Tatert0t","68713ba58c49b2f1bf373e05","6a9d82d3863f543a30d0c797","2026-09-06 11:19"
"Worst Player Ever","68c9b96af5632a4e71ec8b8c","Next","6080a368f1a498000103e1ae","6a9d83a18e5c6190712e64ae","2026-09-06 11:19"
"Frouser","676f1d87e37422d9da127424","SignpostSlayer","5cd1da5575345f65c86dea02","6a9d812fb954b6be36ab9d96","2026-09-06 11:20"
"Worst Player Ever","68c9b96af5632a4e71ec8b8c","Tatert0t","68713ba58c49b2f1bf373e05","6a9d84588e5c6190712e66f4","2026-09-06 11:20"
"BLANC DE BLANC","5eec83c262df1243a0ceaea8","Alemão(Retired 4Ever)","670f839c4f58c8c7b975c4fe","6a9d83f75a43d0a64f98f8ba","2026-09-06 11:20"
"val1d","63875de4e55ec4234b26d1fb","Wndntt","67607c5f15734408543abb64","6a9d84018e5c6190712e65bd","2026-09-06 11:21"
"Thomas","69acad06161f904c0739e318","Hanno","66cd9b65da42d067e3be0f24","6a9d8371b954b6be36aba25f","2026-09-06 11:21"
"Worst Player Ever","68c9b96af5632a4e71ec8b8c","Tatert0t","68713ba58c49b2f1bf373e05","6a9d84588e5c6190712e66f4","2026-09-06 11:21"
"Lucas Labubu","6227feb9e7a8b70001576aeb","tobsy","66dd82927008358f2fcc3b96","6a9d83e8863f543a30d0c9f3","2026-09-06 11:22"
"Sandman5","68e3f9f00a56d04f694094b5","supergaming","5dfe5cfd328e461c04d7fbf2","6a9d838b5a43d0a64f98f7a5","2026-09-06 11:23"
"Tikon","621cddf10416aa00011b992b","rileyrhino4wc2027","63b6a120ed1bf0b1b513dfb8","6a9d8439b954b6be36aba424","2026-09-06 11:23"
"teddy bear","66f081f2bf4b230a2fcb970c","男方鬆 - Mr. Nanfsong","6409beba17491edb5a32b684","6a9d8434d6156877e1224492","2026-09-06 11:23"
"Ritchie","5ff84d182c4df40001592f85","kuba.","68582b5f8e62427811441b60","6a9d845c5a43d0a64f98f9cd","2026-09-06 11:23"
"Shakazaramesh","5ef2945bbb96627c9ce5f63f","Antigs","5fb70fb9e2c593000135b6e0","6a9d8432d6156877e1224482","2026-09-06 11:23"
"Lil Frenky","60409299545b6c0001c4a79b","Joo-eun.","6a290dd1cf6b59479a2ae4de","6a9d83f28e5c6190712e658f","2026-09-06 11:23"
"Rafa","65d3d579486526d78cd578f9","Starc","60995f8f8eb3fe0001e057c2","6a9d83bd5a43d0a64f98f83a","2026-09-06 11:24"
"Dumby The Wizard","62d3d7745f2d61d4ee64cca9","Steffko","614c94dc6af59f00016df6f4","6a9d842418140701491524ed","2026-09-06 11:24"
"Legacyz","62920c79e67deb0506650ca1","val1d","63875de4e55ec4234b26d1fb","6a9d8527863f543a30d0cc8e","2026-09-06 11:25"
"Zuepp","601458985acffb00015bd0d5","Wndntt","67607c5f15734408543abb64","6a9d84f2863f543a30d0cc2b","2026-09-06 11:25"
"chilemasterballking","64c4d20a8f7b73c424913e00","Anonymous","62517d69bf2d9b52f4682c70","6a9d84655a43d0a64f98f9e8","2026-09-06 11:25"
"Tatert0t","68713ba58c49b2f1bf373e05","Thomas","69acad06161f904c0739e318","6a9d84b58e5c6190712e6806","2026-09-06 11:25"
"kstyko","5ead136297d6cf24a42b1ef4","GeoBunny","64b2f9895059c43d9160f5af","6a9d84885a43d0a64f98fa3f","2026-09-06 11:25"
"GeoKitten :3","6a60cb66561c205d0831e2ad","Kucerkaaa✨","66422b048e6606a3bc59724f","6a9d846cb954b6be36aba4b2","2026-09-06 11:26"
"teddy bear","66f081f2bf4b230a2fcb970c","kuba.","68582b5f8e62427811441b60","6a9d8537d6156877e1224682","2026-09-06 11:27"
"Jazzonne","638bcf412c734faf1bcce61e","HoidoiMelonKing","623730592965f997f04add50","6a9d817bb954b6be36ab9e4b","2026-09-06 11:27"
"Jakob","6330202c43032ef573d382eb","lecheur2pieds","663523ba8e313d3aa27852b0","6a9d848d8e5c6190712e6798","2026-09-06 11:28"
"NoruJumping","5c5817f33d925bc96cd177e7","Next","6080a368f1a498000103e1ae","6a9d84db1e7857ed600c0a48","2026-09-06 11:28"
"Lil Frenky","60409299545b6c0001c4a79b","Sesquipedalism","59e21e3539d85572801d5a5e","6a9d85465a43d0a64f98fc27","2026-09-06 11:28"
"Dumby The Wizard","62d3d7745f2d61d4ee64cca9","Worst Player Ever","68c9b96af5632a4e71ec8b8c","6a9d8587863f543a30d0cd54","2026-09-06 11:28"
"Ritchie","5ff84d182c4df40001592f85","Zuepp","601458985acffb00015bd0d5","6a9d85b05a43d0a64f98fd1e","2026-09-06 11:29"
"鬼哭啾々","642938b80c4a29948f1bf1ea","Wndntt","67607c5f15734408543abb64","6a9d85bdd6156877e1224772","2026-09-06 11:29"
"GeoBunny","64b2f9895059c43d9160f5af","Joo-eun.","6a290dd1cf6b59479a2ae4de","6a9d85f08e5c6190712e6b6a","2026-09-06 11:29"
"Hanno","66cd9b65da42d067e3be0f24","dingyiyi","5f84853be4f30f00010d49ee","6a9d84e15a43d0a64f98fb31","2026-09-06 11:29"
"irrational","65ba97ce8b2ba0c747ffa3b7","Kuba","6744ee112d6c958a853b52a6","6a9d8398d6156877e1224358","2026-09-06 11:30"
"teddy bear","66f081f2bf4b230a2fcb970c","kuba.","68582b5f8e62427811441b60","6a9d86201e7857ed600c0c89","2026-09-06 11:30"
"Rafa","65d3d579486526d78cd578f9","SignpostSlayer","5cd1da5575345f65c86dea02","6a9d858a8e5c6190712e6a4b","2026-09-06 11:30"
"Antigs","5fb70fb9e2c593000135b6e0","Lucas Labubu","6227feb9e7a8b70001576aeb","6a9d852cb954b6be36aba66d","2026-09-06 11:30"
"BarryTheBee","62be7867aa13616722f8dd4a","lebron-3","694357bf716cf71c98f96b42","6a9d8516863f543a30d0cc7a","2026-09-06 11:31"
"chilemasterballking","64c4d20a8f7b73c424913e00","val1d","63875de4e55ec4234b26d1fb","6a9d85c78e5c6190712e6af3","2026-09-06 11:31"
"GeoKitten :3","6a60cb66561c205d0831e2ad","Goonax#4WC","6772fee6827b91b41dd22b5f","6a9d860c8e5c6190712e6bc1","2026-09-06 11:31"
"Worst Player Ever","68c9b96af5632a4e71ec8b8c","Thomas","69acad06161f904c0739e318","6a9d859f8e5c6190712e6a84","2026-09-06 11:31"
"Shakazaramesh","5ef2945bbb96627c9ce5f63f","Tatert0t","68713ba58c49b2f1bf373e05","6a9d85b3b954b6be36aba766","2026-09-06 11:32"
"kstyko","5ead136297d6cf24a42b1ef4","Wndntt","67607c5f15734408543abb64","6a9d8699b954b6be36aba97a","2026-09-06 11:32"
"supergaming","5dfe5cfd328e461c04d7fbf2","Frouser","676f1d87e37422d9da127424","6a9d853bd6156877e1224688","2026-09-06 11:33"
"teddy bear","66f081f2bf4b230a2fcb970c","Zuepp","601458985acffb00015bd0d5","6a9d86e98e5c6190712e6e34","2026-09-06 11:33"
"val1d","63875de4e55ec4234b26d1fb","chilemasterballking","64c4d20a8f7b73c424913e00","6a9d872e5a43d0a64f9900f2","2026-09-06 11:33"
"Lil Frenky","60409299545b6c0001c4a79b","Worst Player Ever","68c9b96af5632a4e71ec8b8c","6a9d86775a43d0a64f98ff12","2026-09-06 11:33"
"鬼哭啾々","642938b80c4a29948f1bf1ea","teddy bear","66f081f2bf4b230a2fcb970c","6a9d86d35a43d0a64f990038","2026-09-06 11:34"
"Tatert0t","68713ba58c49b2f1bf373e05","Worst Player Ever","68c9b96af5632a4e71ec8b8c","6a9d8743b954b6be36abaad2","2026-09-06 11:34"
"Batze","66264a9232424d7626d17d76","arczi","57e91d8ea52b274b5cb09b8c","6a9d8626b954b6be36aba863","2026-09-06 11:34"
"Goonax#4WC","6772fee6827b91b41dd22b5f","GeoKitten :3","6a60cb66561c205d0831e2ad","6a9d871f863f543a30d0d0a5","2026-09-06 11:35"
"Wndntt","67607c5f15734408543abb64","kstyko","5ead136297d6cf24a42b1ef4","6a9d87788e5c6190712e6fbb","2026-09-06 11:35"
"val1d","63875de4e55ec4234b26d1fb","teddy bear","66f081f2bf4b230a2fcb970c","6a9d87b6863f543a30d0d1e5","2026-09-06 11:36"
"Hanno","66cd9b65da42d067e3be0f24","Sesquipedalism","59e21e3539d85572801d5a5e","6a9d86ec5a43d0a64f99006d","2026-09-06 11:36"
"teddy bear","66f081f2bf4b230a2fcb970c","鬼哭啾々","642938b80c4a29948f1bf1ea","6a9d87dcb954b6be36ababf1","2026-09-06 11:37"
"chilemasterballking","64c4d20a8f7b73c424913e00","Zuepp","601458985acffb00015bd0d5","6a9d87b0d6156877e1224b86","2026-09-06 11:37"
"Wndntt","67607c5f15734408543abb64","Goonax#4WC","6772fee6827b91b41dd22b5f","6a9d88275a43d0a64f9903c5","2026-09-06 11:37"
"Elori","57d698c209f2ef93b8572689","Kuba","6744ee112d6c958a853b52a6","6a9d87018e5c6190712e6e80","2026-09-06 11:38"
"Rafa","65d3d579486526d78cd578f9","NoruJumping","5c5817f33d925bc96cd177e7","6a9d86fab954b6be36abaa3e","2026-09-06 11:38"
"Lil Frenky","60409299545b6c0001c4a79b","Worst Player Ever","68c9b96af5632a4e71ec8b8c","6a9d87a38e5c6190712e7034","2026-09-06 11:38"
"BarryTheBee","62be7867aa13616722f8dd4a","lecheur2pieds","663523ba8e313d3aa27852b0","6a9d88618e5c6190712e7285","2026-09-06 11:39"
"Frouser","676f1d87e37422d9da127424","SignpostSlayer","5cd1da5575345f65c86dea02","6a9d87c45a43d0a64f990295","2026-09-06 11:40"
"Tatert0t","68713ba58c49b2f1bf373e05","Batze","66264a9232424d7626d17d76","6a9d87f78e5c6190712e7103","2026-09-06 11:40"
"Lubec","5e974c906ea510372c1e444a","Kuba","6744ee112d6c958a853b52a6","6a9d88be8e5c6190712e73cc","2026-09-06 11:41"
"supergaming","5dfe5cfd328e461c04d7fbf2","wang4wc2027(徒弟yang)","64df30f334185dd27cf839a7","6a9d87841814070149152a71","2026-09-06 11:41"
"val1d","63875de4e55ec4234b26d1fb","teddy bear","66f081f2bf4b230a2fcb970c","6a9d888e1e7857ed600c1183","2026-09-06 11:41"
"Paul Thomas Anderson","6999ebd9423ce38404eadfb6","kuba.","68582b5f8e62427811441b60","6a9d870db954b6be36abaa5f","2026-09-06 11:41"
"GeoKitten :3","6a60cb66561c205d0831e2ad","TechimanGuesser","69763f0e293ac365ce659dca","6a9d886cb954b6be36abad24","2026-09-06 11:41"
"val1d","63875de4e55ec4234b26d1fb","teddy bear","66f081f2bf4b230a2fcb970c","6a9d888e1e7857ed600c1183","2026-09-06 11:42"
"NoruJumping","5c5817f33d925bc96cd177e7","TechimanGuesser","69763f0e293ac365ce659dca","6a9d89628e5c6190712e75a0","2026-09-06 11:42"
"Zhihh","63b435e80510075fa39ac039","Wndntt","67607c5f15734408543abb64","6a9d88a5d6156877e1224dd1","2026-09-06 11:42"
"lecheur2pieds","663523ba8e313d3aa27852b0","victr","660d89e0e8754a8737cdf7b8","6a9d893e8e5c6190712e7543","2026-09-06 11:43"
"[FatSnail] SavetheSnail","591790fc1bba70b6146c6485","klingemann","67e8571421527a17dfbc69d4","6a9d894fb954b6be36abaf2c","2026-09-06 11:43"
"supergaming","5dfe5cfd328e461c04d7fbf2","Kuba","6744ee112d6c958a853b52a6","6a9d896d8e5c6190712e75b9","2026-09-06 11:45"
"Paul Thomas Anderson","6999ebd9423ce38404eadfb6","kuba.","68582b5f8e62427811441b60","6a9d89728e5c6190712e75c6","2026-09-06 11:45"
"Wndntt","67607c5f15734408543abb64","GeoKitten :3","6a60cb66561c205d0831e2ad","6a9d89e58e5c6190712e76e1","2026-09-06 11:45"
"Żukasz","602cfd5dc397fa0001f09dfb","choco","622e22e69974710001c132e3","6a9d88ff5a43d0a64f990675","2026-09-06 11:45"
"Brzoza","60ababeffb1efa0001302754","Lubec","5e974c906ea510372c1e444a","6a9d899a1e7857ed600c1418","2026-09-06 11:46"
"Yanek","5e625daa90d6cfa438a867a6","Ned","5eeb7335479917548004e4f7","6a9d82bab614ccc80a740fcd","2026-09-06 11:47"
"Rafa","65d3d579486526d78cd578f9","SignpostSlayer","5cd1da5575345f65c86dea02","6a9d8935863f543a30d0d5a8","2026-09-06 11:47"
"Goonax#4WC","6772fee6827b91b41dd22b5f","Shakazaramesh","5ef2945bbb96627c9ce5f63f","6a9d88b3b954b6be36abadc2","2026-09-06 11:47"
"Lil Frenky","60409299545b6c0001c4a79b","Kanonenkaktus","5f1c05d6a8de85000129c1ac","6a9d88f55a43d0a64f99064a","2026-09-06 11:48"
"Wndntt","67607c5f15734408543abb64","kuba.","68582b5f8e62427811441b60","6a9d8a5b8e5c6190712e782c","2026-09-06 11:48"
"GeoBunny","64b2f9895059c43d9160f5af","Zuepp","601458985acffb00015bd0d5","6a9d89688e5c6190712e75ac","2026-09-06 11:48"
"lecheur2pieds","663523ba8e313d3aa27852b0","victr","660d89e0e8754a8737cdf7b8","6a9d8a088e5c6190712e775a","2026-09-06 11:49"
"lebron-3","694357bf716cf71c98f96b42","Elori","57d698c209f2ef93b8572689","6a9d8928205b30231b3cf450","2026-09-06 11:49"
"val1d","63875de4e55ec4234b26d1fb","teddy bear","66f081f2bf4b230a2fcb970c","6a9d89f2b954b6be36abb04c","2026-09-06 11:49"
"NoruJumping","5c5817f33d925bc96cd177e7","TechimanGuesser","69763f0e293ac365ce659dca","6a9d89b18e5c6190712e765d","2026-09-06 11:49"
"GeoBunny","64b2f9895059c43d9160f5af","choco","622e22e69974710001c132e3","6a9d8b2d5a43d0a64f990bb8","2026-09-06 11:50"
"Fenix","5ba8fe22a8e5d55294d5801a","Zhihh","63b435e80510075fa39ac039","6a9d8af9d6156877e12252e3","2026-09-06 11:50"
"supergaming","5dfe5cfd328e461c04d7fbf2","Brzoza","60ababeffb1efa0001302754","6a9d8a92b954b6be36abb17a","2026-09-06 11:51"
"teddy bear","66f081f2bf4b230a2fcb970c","Zuepp","601458985acffb00015bd0d5","6a9d8b81b954b6be36abb352","2026-09-06 11:51"
"Freezera.","66e8389ee40dd9e2006fba24","[FatSnail] SavetheSnail","591790fc1bba70b6146c6485","6a9d8b35d6156877e122535b","2026-09-06 11:51"
"kuba.","68582b5f8e62427811441b60","Lil Frenky","60409299545b6c0001c4a79b","6a9d8b265a43d0a64f990ba7","2026-09-06 11:52"
"Tatert0t","68713ba58c49b2f1bf373e05","Next","6080a368f1a498000103e1ae","6a9d8938b954b6be36abaef9","2026-09-06 11:52"
"路易十六","65337c686711b99177ed189b","GeoKitten :3","6a60cb66561c205d0831e2ad","6a9d8a8db954b6be36abb16f","2026-09-06 11:52"
"BetterUs","65196050331bb807313df8b0","Ned","5eeb7335479917548004e4f7","6a9d8b2dd6156877e122534c","2026-09-06 11:53"
"Zhihh","63b435e80510075fa39ac039","Tinoco Pontaria","665bb40cf0577719597d0467","6a9d8bd8863f543a30d0daf0","2026-09-06 11:53"
"Kanonenkaktus","5f1c05d6a8de85000129c1ac","BANG PRE","673ef08cfb1aaa5c9673d1d7","6a9d8bcc863f543a30d0dad5","2026-09-06 11:53"
"supergaming","5dfe5cfd328e461c04d7fbf2","Lubec","5e974c906ea510372c1e444a","6a9d8beb863f543a30d0db1e","2026-09-06 11:54"
"Shakazaramesh","5ef2945bbb96627c9ce5f63f","SignpostSlayer","5cd1da5575345f65c86dea02","6a9d8aee1e7857ed600c16f3","2026-09-06 11:54"
"路易十六","65337c686711b99177ed189b","Zuepp","601458985acffb00015bd0d5","6a9d8c215a43d0a64f990e82","2026-09-06 11:54"
"BarryTheBee","62be7867aa13616722f8dd4a","lecheur2pieds","663523ba8e313d3aa27852b0","6a9d8b828e5c6190712e7b85","2026-09-06 11:55"
"Lil Frenky","60409299545b6c0001c4a79b","kuba.","68582b5f8e62427811441b60","6a9d8c115a43d0a64f990e56","2026-09-06 11:55"
"GeoBunny","64b2f9895059c43d9160f5af","teddy bear","66f081f2bf4b230a2fcb970c","6a9d8bfe863f543a30d0db5d","2026-09-06 11:55"
"GeoKitten :3","6a60cb66561c205d0831e2ad","Yiğit Onur","628a020c86224535a595335f","6a9d8c5a863f543a30d0dc8c","2026-09-06 11:55"
"Action2410","6600817f787a1218b6f41ff2","DLAidoo","61a7c8ab24c30400018555b5","6a9d8bb6b954b6be36abb3a7","2026-09-06 11:55"
"JulLaStar 🇧🇩❤️","6877b24fc8272415e0c98d7a","victr","660d89e0e8754a8737cdf7b8","6a9d8b6bd6156877e12253f7","2026-09-06 11:56"
"Kuba","6744ee112d6c958a853b52a6","Tylko Olimpia","5aa9bfec18399e27582f8b7a","6a9d8adb5a43d0a64f990afd","2026-09-06 11:56"
"BetterUs","65196050331bb807313df8b0","Ned","5eeb7335479917548004e4f7","6a9d8c3e1e7857ed600c1a4f","2026-09-06 11:56"
"NoruJumping","5c5817f33d925bc96cd177e7","Elori","57d698c209f2ef93b8572689","6a9d8b8ad6156877e122543a","2026-09-06 11:56"
"Brzoza","60ababeffb1efa0001302754","Rafa","65d3d579486526d78cd578f9","6a9d8be95a43d0a64f990db4","2026-09-06 11:58"
"Jazzonne","638bcf412c734faf1bcce61e","Paul Thomas Anderson","6999ebd9423ce38404eadfb6","6a9d8ae68e5c6190712e79d3","2026-09-06 11:58"
"Skcmj","669bbdca232879fb8fd85725","路易十六","65337c686711b99177ed189b","6a9d8c97863f543a30d0dd24","2026-09-06 11:58"
"Ned","5eeb7335479917548004e4f7","BetterUs","65196050331bb807313df8b0","6a9d8cf9863f543a30d0de36","2026-09-06 11:59"
"teddy bear","66f081f2bf4b230a2fcb970c","Ritchie","5ff84d182c4df40001592f85","6a9d8ca98e5c6190712e801c","2026-09-06 11:59"
"Tylko Olimpia","5aa9bfec18399e27582f8b7a","SignpostSlayer","5cd1da5575345f65c86dea02","6a9d8d118e5c6190712e8176","2026-09-06 11:59"
"GeoKitten :3","6a60cb66561c205d0831e2ad","Next","6080a368f1a498000103e1ae","6a9d8cc8863f543a30d0ddb6","2026-09-06 11:59"
"Zuepp","601458985acffb00015bd0d5","Blanecin","5e8781f3b3ec177638be489a","6a9d8ccad6156877e12257bb","2026-09-06 11:59"
"Zhihh","63b435e80510075fa39ac039","choco","622e22e69974710001c132e3","6a9d8caa863f543a30d0dd3f","2026-09-06 11:59"
"lecheur2pieds","663523ba8e313d3aa27852b0","Lubec","5e974c906ea510372c1e444a","6a9d8caa863f543a30d0dd40","2026-09-06 12:00"
"Kuba","6744ee112d6c958a853b52a6","JulLaStar 🇧🇩❤️","6877b24fc8272415e0c98d7a","6a9d8d0e863f543a30d0de67","2026-09-06 12:00"
"Lil Frenky","60409299545b6c0001c4a79b","GeoBunny","64b2f9895059c43d9160f5af","6a9d8cc28e5c6190712e8080","2026-09-06 12:00"
"victr","660d89e0e8754a8737cdf7b8","sk 愛","666b76089d20c1dd39ec810c","6a9d8cffd6156877e122584b","2026-09-06 12:01"
"kuba.","68582b5f8e62427811441b60","Jerome","62e14841f938d5507c4d31f6","6a9d8d148e5c6190712e817d","2026-09-06 12:01"
"Yiğit Onur","628a020c86224535a595335f","Horizon","6222899bf7131100016e875e","6a9d8cb65a43d0a64f9910ae","2026-09-06 12:01"
"Venux","601d72df848235000143965e","Stella/chat off","63e1b563ec5549833a008296","6a9d8d245a43d0a64f991289","2026-09-06 12:01"
"Fructidor","5e3712631e34a03504349945","Paul Thomas Anderson","6999ebd9423ce38404eadfb6","6a9d8d655a43d0a64f99132d","2026-09-06 12:02"
"Zuepp","601458985acffb00015bd0d5","路易十六","65337c686711b99177ed189b","6a9d8d98863f543a30d0e053","2026-09-06 12:03"
"BarryTheBee","62be7867aa13616722f8dd4a","lecheur2pieds","663523ba8e313d3aa27852b0","6a9d8e0ad6156877e1225b02","2026-09-06 12:04"
"Ned","5eeb7335479917548004e4f7","BetterUs","65196050331bb807313df8b0","6a9d8d9a8e5c6190712e83b2","2026-09-06 12:04"
"Tylko Olimpia","5aa9bfec18399e27582f8b7a","SignpostSlayer","5cd1da5575345f65c86dea02","6a9d8dad863f543a30d0e077","2026-09-06 12:04"
"Jerome","62e14841f938d5507c4d31f6","GeoBunny","64b2f9895059c43d9160f5af","6a9d8e3b18140701491538ce","2026-09-06 12:04"
"botje","65ef376b2528c8b0fb2b5e4c","steelik","5c8952067235f956d80440cc","6a9d8e16863f543a30d0e1a9","2026-09-06 12:04"
"Brzoza","60ababeffb1efa0001302754","Elori","57d698c209f2ef93b8572689","6a9d8d786258d6f85da6c7cb","2026-09-06 12:05"
"K4CP3RSKI777","624aa4216b4b8b1765bb6dad","BetterUs","65196050331bb807313df8b0","6a9d8ecfb954b6be36abbc01","2026-09-06 12:05"
"K4CP3RSKI777","624aa4216b4b8b1765bb6dad","雨又潇潇","635a7c4f940d8dc91bd25ec4","6a9d8eff8e5c6190712e8801","2026-09-06 12:06"
"teddy bear","66f081f2bf4b230a2fcb970c","Ritchie","5ff84d182c4df40001592f85","6a9d8dc25a43d0a64f991468","2026-09-06 12:06"
"Lil Frenky","60409299545b6c0001c4a79b","val1d","63875de4e55ec4234b26d1fb","6a9d8e1bd6156877e1225b1e","2026-09-06 12:06"
"kuba.","68582b5f8e62427811441b60","Horizon","6222899bf7131100016e875e","6a9d8e471e7857ed600c1f5f","2026-09-06 12:06"
"Skcmj","669bbdca232879fb8fd85725","choco","622e22e69974710001c132e3","6a9d8de08e5c6190712e84b6","2026-09-06 12:06"
"Zhihh","63b435e80510075fa39ac039","Next","6080a368f1a498000103e1ae","6a9d8da45a43d0a64f991430","2026-09-06 12:06"
"sk 愛","666b76089d20c1dd39ec810c","Kuba","6744ee112d6c958a853b52a6","6a9d8e22863f543a30d0e1c6","2026-09-06 12:07"
"JulLaStar 🇧🇩❤️","6877b24fc8272415e0c98d7a","Lubec","5e974c906ea510372c1e444a","6a9d8e5f5a43d0a64f991622","2026-09-06 12:07"
"NoruJumping","5c5817f33d925bc96cd177e7","Veet","61f24e39e6b49c0001e98918","6a9d8d6fd6156877e1225952","2026-09-06 12:07"
"Jerome","62e14841f938d5507c4d31f6","BetterUs","65196050331bb807313df8b0","6a9d8f038e5c6190712e8809","2026-09-06 12:07"
"Jazzonne","638bcf412c734faf1bcce61e","Blanecin","5e8781f3b3ec177638be489a","6a9d8d998e5c6190712e83ad","2026-09-06 12:07"
"路易十六","65337c686711b99177ed189b","Zuepp","601458985acffb00015bd0d5","6a9d8e958e5c6190712e86b4","2026-09-06 12:08"
"K4CP3RSKI777","624aa4216b4b8b1765bb6dad","雨又潇潇","635a7c4f940d8dc91bd25ec4","6a9d8f69863f543a30d0e4b1","2026-09-06 12:10"
"GeoBunny","64b2f9895059c43d9160f5af","steelik","5c8952067235f956d80440cc","6a9d8efab954b6be36abbc69","2026-09-06 12:10"
"JulLaStar 🇧🇩❤️","6877b24fc8272415e0c98d7a","Square","6258ba2148590cd1b4d0e0a1","6a9d8facd6156877e1225e65","2026-09-06 12:11"
"Tylko Olimpia","5aa9bfec18399e27582f8b7a","Żukasz","602cfd5dc397fa0001f09dfb","6a9d8f1fb954b6be36abbcc6","2026-09-06 12:11"
"Lil Frenky","60409299545b6c0001c4a79b","Ritchie","5ff84d182c4df40001592f85","6a9d8f668e5c6190712e8950","2026-09-06 12:11"
"Lodi","5788e5e5c2a0fb1304dba46c","kuba.","68582b5f8e62427811441b60","6a9d8f71d6156877e1225e03","2026-09-06 12:11"
"Kuba","6744ee112d6c958a853b52a6","macio","5fee639b55afe70001848041","6a9d8fab5a43d0a64f991960","2026-09-06 12:12"
"botje","65ef376b2528c8b0fb2b5e4c","Skcmj","669bbdca232879fb8fd85725","6a9d8f628e5c6190712e893d","2026-09-06 12:12"
"Next","6080a368f1a498000103e1ae","drobec","66f6f724dc55f1b787b0cf96","6a9d90411e7857ed600c23c1","2026-09-06 12:12"
"victr","660d89e0e8754a8737cdf7b8","lebron-3","694357bf716cf71c98f96b42","6a9d8e15863f543a30d0e1a5","2026-09-06 12:13"
"val1d","63875de4e55ec4234b26d1fb","Jerome","62e14841f938d5507c4d31f6","6a9d8fa4d6156877e1225e51","2026-09-06 12:13"
"Venux","601d72df848235000143965e","Hauptstadt","678fb86fd12f81ab81b3ff8e","6a9d8e52863f543a30d0e22f","2026-09-06 12:13"
"lecheur2pieds","663523ba8e313d3aa27852b0","Dan YAile","60ef0697612a5400012c89a3","6a9d9043d6156877e1225f91","2026-09-06 12:14"
"Ritchie","5ff84d182c4df40001592f85","Lil Frenky","60409299545b6c0001c4a79b","6a9d909c1e7857ed600c2471","2026-09-06 12:14"
"Yanek","5e625daa90d6cfa438a867a6","K4CP3RSKI777","624aa4216b4b8b1765bb6dad","6a9d9090863f543a30d0e759","2026-09-06 12:15"
"Jerome","62e14841f938d5507c4d31f6","Zendaya","679def87311b366ecb41dcae","6a9d9120863f543a30d0e88c","2026-09-06 12:15"
"Timkon","681f023ce86ca49d1982d464","choco","622e22e69974710001c132e3","6a9d8f67d6156877e1225def","2026-09-06 12:15"
"lecheur2pieds","663523ba8e313d3aa27852b0","Dan YAile","60ef0697612a5400012c89a3","6a9d91398e5c6190712e8e2a","2026-09-06 12:16"
"Brzoza","60ababeffb1efa0001302754","Ned","5eeb7335479917548004e4f7","6a9d8f151e7857ed600c2163","2026-09-06 12:16"
"Square","6258ba2148590cd1b4d0e0a1","雨又潇潇","635a7c4f940d8dc91bd25ec4","6a9d9089b954b6be36abbfe6","2026-09-06 12:16"
"Fructidor","5e3712631e34a03504349945","落汤鸡","675ee56fd2220e44dea68a81","6a9d8ed71e7857ed600c20b0","2026-09-06 12:16"
"teddy bear","66f081f2bf4b230a2fcb970c","Zuepp","601458985acffb00015bd0d5","6a9d90188e5c6190712e8b5e","2026-09-06 12:17"
"botje","65ef376b2528c8b0fb2b5e4c","Tylko Olimpia","5aa9bfec18399e27582f8b7a","6a9d90a58e5c6190712e8cda","2026-09-06 12:17"
"Zhihh","63b435e80510075fa39ac039","Veet","61f24e39e6b49c0001e98918","6a9d90248e5c6190712e8b73","2026-09-06 12:17"
"Garou","69f366ee3f7f13479269b155","路易十六","65337c686711b99177ed189b","6a9d8fd3d6156877e1225ec2","2026-09-06 12:17"
"Ritchie","5ff84d182c4df40001592f85","Lil Frenky","60409299545b6c0001c4a79b","6a9d91418e5c6190712e8e41","2026-09-06 12:18"
"雨又潇潇","635a7c4f940d8dc91bd25ec4","val1d","63875de4e55ec4234b26d1fb","6a9d91a3d6156877e122623e","2026-09-06 12:19"
"Żukasz","602cfd5dc397fa0001f09dfb","NoruJumping","5c5817f33d925bc96cd177e7","6a9d91045a43d0a64f991ce5","2026-09-06 12:19"
"lecheur2pieds","663523ba8e313d3aa27852b0","Dan YAile","60ef0697612a5400012c89a3","6a9d919fd6156877e1226239","2026-09-06 12:20"
"Ritchie","5ff84d182c4df40001592f85","雨又潇潇","635a7c4f940d8dc91bd25ec4","6a9d9253863f543a30d0eb6b","2026-09-06 12:20"
"macio","5fee639b55afe70001848041","Kuba","6744ee112d6c958a853b52a6","6a9d90c78e5c6190712e8d23","2026-09-06 12:20"
"victr","660d89e0e8754a8737cdf7b8","Giancarlo Esposito","68e85bdb3f2cbbe915cbcd3d","6a9d9117b954b6be36abc0ef","2026-09-06 12:21"
"Jerome","62e14841f938d5507c4d31f6","Zendaya","679def87311b366ecb41dcae","6a9d9188bb0fbd225714014e","2026-09-06 12:21"
"路易十六","65337c686711b99177ed189b","Stella/chat off","63e1b563ec5549833a008296","6a9d91fc8e5c6190712e900f","2026-09-06 12:21"
"Skcmj","669bbdca232879fb8fd85725","Zhihh","63b435e80510075fa39ac039","6a9d92008e5c6190712e9019","2026-09-06 12:21"
"Kuba","6744ee112d6c958a853b52a6","val1d","63875de4e55ec4234b26d1fb","6a9d929fb954b6be36abc473","2026-09-06 12:22"
"SignpostSlayer","5cd1da5575345f65c86dea02","NORTHEASTGOD","65e0ff94c1294fdd6dc5dc4c","6a9d9183d6156877e12261f8","2026-09-06 12:22"
"Egorsmol","60c7cce623bc770001651df5","Aaryan22","657021f7412bfd95aad62550","6a9d9150b954b6be36abc18c","2026-09-06 12:22"
"Venux","601d72df848235000143965e","Koch7bzh","63ecc22c6c3024278622de59","6a9d91088e5c6190712e8daf","2026-09-06 12:22"
"GeoBunny","64b2f9895059c43d9160f5af","Lil Frenky","60409299545b6c0001c4a79b","6a9d9225863f543a30d0eaed","2026-09-06 12:23"
"Dan YAile","60ef0697612a5400012c89a3","K4CP3RSKI777","624aa4216b4b8b1765bb6dad","6a9d92b05a43d0a64f9921e0","2026-09-06 12:24"
"雨又潇潇","635a7c4f940d8dc91bd25ec4","Zendaya","679def87311b366ecb41dcae","6a9d92cb5a43d0a64f99222f","2026-09-06 12:24"
"gokhale","68257ab1be5b31c617f37156","路易十六","65337c686711b99177ed189b","6a9d92ec5a43d0a64f992273","2026-09-06 12:25"
"Fructidor","5e3712631e34a03504349945","🤖aaaaaaaaaaaaaaaaaa🤖","69751c89c3036f77b93fb696","6a9d91a31e7857ed600c26b2","2026-09-06 12:25"
"NoruJumping","5c5817f33d925bc96cd177e7","Żukasz","602cfd5dc397fa0001f09dfb","6a9d92981e7857ed600c28f3","2026-09-06 12:25"
"Erik.DL","64caea899c1426306f701b23","Next","6080a368f1a498000103e1ae","6a9d92bc863f543a30d0ec99","2026-09-06 12:25"
"val1d","63875de4e55ec4234b26d1fb","Kuba","6744ee112d6c958a853b52a6","6a9d92fbb954b6be36abc52b","2026-09-06 12:26"
"Ziga","5f864ab232173400011bd862","wisps","60ad03a48b6e1d00012f8e7e","6a9d91d7863f543a30d0ea3c","2026-09-06 12:26"
"lecheur2pieds","663523ba8e313d3aa27852b0","Giancarlo Esposito","68e85bdb3f2cbbe915cbcd3d","6a9d92d28e5c6190712e929b","2026-09-06 12:27"
"gokhale","68257ab1be5b31c617f37156","Kuba","6744ee112d6c958a853b52a6","6a9d93e918140701491542ee","2026-09-06 12:27"
"Jazzonne","638bcf412c734faf1bcce61e","Blanecin","5e8781f3b3ec177638be489a","6a9d8f995a43d0a64f99192c","2026-09-06 12:27"
"Venux","601d72df848235000143965e","Koch7bzh","63ecc22c6c3024278622de59","6a9d9314863f543a30d0ed86","2026-09-06 12:27"
"Tylko Olimpia","5aa9bfec18399e27582f8b7a","botje","65ef376b2528c8b0fb2b5e4c","6a9d9208d6156877e122632f","2026-09-06 12:28"
"kuba.","68582b5f8e62427811441b60","Jerome","62e14841f938d5507c4d31f6","6a9d93305a43d0a64f992319","2026-09-06 12:28"
"Aaryan22","657021f7412bfd95aad62550","Sesquipedalism","59e21e3539d85572801d5a5e","6a9d93491e7857ed600c2ab5","2026-09-06 12:28"
"PLK","62179a5c8e88d400010d91ea","gokhale","68257ab1be5b31c617f37156","6a9d94415a43d0a64f992632","2026-09-06 12:29"
"Zendaya","679def87311b366ecb41dcae","雨又潇潇","635a7c4f940d8dc91bd25ec4","6a9d93a5863f543a30d0eec8","2026-09-06 12:29"
"Erik.DL","64caea899c1426306f701b23","NoruJumping","5c5817f33d925bc96cd177e7","6a9d93e15a43d0a64f992531","2026-09-06 12:29"
"Skcmj","669bbdca232879fb8fd85725","Shakazaramesh","5ef2945bbb96627c9ce5f63f","6a9d930b8e5c6190712e9340","2026-09-06 12:29"
"wang4wc2027(徒弟yang)","64df30f334185dd27cf839a7","Dan YAile","60ef0697612a5400012c89a3","6a9d93dd8e5c6190712e962e","2026-09-06 12:30"
"GeoBunny","64b2f9895059c43d9160f5af","Garou","69f366ee3f7f13479269b155","6a9d93675a43d0a64f9923d8","2026-09-06 12:30"
"skrzypas&wojfer shared account","62dc07edf32847e5836668f1","lecheur2pieds","663523ba8e313d3aa27852b0","6a9d9429863f543a30d0efba","2026-09-06 12:31"
"victr","660d89e0e8754a8737cdf7b8","K4CP3RSKI777","624aa4216b4b8b1765bb6dad","6a9d938f8e5c6190712e9500","2026-09-06 12:31"
"steelik","5c8952067235f956d80440cc","Afonso097tv","626344b2a37c8bc48cd849b8","6a9d938bd6156877e12266ca","2026-09-06 12:31"
"NORTHEASTGOD","65e0ff94c1294fdd6dc5dc4c","Kuba","6744ee112d6c958a853b52a6","6a9d94388e5c6190712e972e","2026-09-06 12:32"
"victr","660d89e0e8754a8737cdf7b8","Dan YAile","60ef0697612a5400012c89a3","6a9d9523863f543a30d0f213","2026-09-06 12:33"
"Dissonans","60e09234213b0600019d912e","val1d","63875de4e55ec4234b26d1fb","6a9d94298e5c6190712e9707","2026-09-06 12:33"
"zxn","5ec972d78e925d4dec0576cc","Jazzonne","638bcf412c734faf1bcce61e","6a9d942f5a43d0a64f992608","2026-09-06 12:33"
"Aaryan22","657021f7412bfd95aad62550","kuba.","68582b5f8e62427811441b60","6a9d94941e7857ed600c2d78","2026-09-06 12:33"
"Tylko Olimpia","5aa9bfec18399e27582f8b7a","botje","65ef376b2528c8b0fb2b5e4c","6a9d94835a43d0a64f9926d3","2026-09-06 12:34"
"Zendaya","679def87311b366ecb41dcae","PLK","62179a5c8e88d400010d91ea","6a9d94cc5a43d0a64f9927aa","2026-09-06 12:34"
"Erik.DL","64caea899c1426306f701b23","Next","6080a368f1a498000103e1ae","6a9d94d88e5c6190712e9909","2026-09-06 12:35"
"skrzypas&wojfer shared account","62dc07edf32847e5836668f1","lecheur2pieds","663523ba8e313d3aa27852b0","6a9d9514d6156877e1226a04","2026-09-06 12:36"
"Dan YAile","60ef0697612a5400012c89a3","NORTHEASTGOD","65e0ff94c1294fdd6dc5dc4c","6a9d9592d6156877e1226b36","2026-09-06 12:37"
"Kuba","6744ee112d6c958a853b52a6","kuba.","68582b5f8e62427811441b60","6a9d95c15a43d0a64f992a3c","2026-09-06 12:37"
"NoruJumping","5c5817f33d925bc96cd177e7","Fenix","5ba8fe22a8e5d55294d5801a","6a9d9562863f543a30d0f2c0","2026-09-06 12:37"
"Shakazaramesh","5ef2945bbb96627c9ce5f63f","Skcmj","669bbdca232879fb8fd85725","6a9d94bc8e5c6190712e98c4","2026-09-06 12:37"
"Garou","69f366ee3f7f13479269b155","choco","622e22e69974710001c132e3","6a9d9529863f543a30d0f22e","2026-09-06 12:37"
"Giancarlo Esposito","68e85bdb3f2cbbe915cbcd3d","雨又潇潇","635a7c4f940d8dc91bd25ec4","6a9d94f98e5c6190712e9998","2026-09-06 12:38"
"skrzypas&wojfer shared account","62dc07edf32847e5836668f1","lecheur2pieds","663523ba8e313d3aa27852b0","6a9d965c5a43d0a64f992ba8","2026-09-06 12:39"
"lecheur2pieds","663523ba8e313d3aa27852b0","Giancarlo Esposito","68e85bdb3f2cbbe915cbcd3d","6a9d970e5a43d0a64f992d97","2026-09-06 12:40"
"Preussen","64da4d57e44ffbb819d935b1","Dan YAile","60ef0697612a5400012c89a3","6a9d95e05a43d0a64f992aa8","2026-09-06 12:40"
"K4CP3RSKI777","624aa4216b4b8b1765bb6dad","PLK","62179a5c8e88d400010d91ea","6a9d96528e5c6190712e9d72","2026-09-06 12:40"
"Fructidor","5e3712631e34a03504349945","🤖aaaaaaaaaaaaaaaaaa🤖","69751c89c3036f77b93fb696","6a9d93cf18140701491542bf","2026-09-06 12:40"
"botje","65ef376b2528c8b0fb2b5e4c","Zendaya","679def87311b366ecb41dcae","6a9d95da8e5c6190712e9c2f","2026-09-06 12:40"
"Tatert0t","68713ba58c49b2f1bf373e05","Kubson","63be7fdebd54e6a7f756f9d1","6a9d96d2863f543a30d0f602","2026-09-06 12:40"
"雨又潇潇","635a7c4f940d8dc91bd25ec4","Kuba","6744ee112d6c958a853b52a6","6a9d96c58e5c6190712e9ed1","2026-09-06 12:41"
"Erik.DL","64caea899c1426306f701b23","Tylko Olimpia","5aa9bfec18399e27582f8b7a","6a9d96818e5c6190712e9dfa","2026-09-06 12:41"
"Zecdi","5a9db2143bc43c5498425803","Stella/chat off","63e1b563ec5549833a008296","6a9d96b5d6156877e1226d65","2026-09-06 12:41"
"Skcmj","669bbdca232879fb8fd85725","Fenix","5ba8fe22a8e5d55294d5801a","6a9d9689d6156877e1226d10","2026-09-06 12:41"
"Garou","69f366ee3f7f13479269b155","choco","622e22e69974710001c132e3","6a9d96a6863f543a30d0f5a0","2026-09-06 12:41"
"Casanção Blur Enjoyer","6a207295824d2054d74c3e7a","Batze","66264a9232424d7626d17d76","6a9d96968e5c6190712e9e43","2026-09-06 12:41"
"Ned","5eeb7335479917548004e4f7","Brzoza","60ababeffb1efa0001302754","6a9d91c15a43d0a64f991f18","2026-09-06 12:43"
"NoruJumping","5c5817f33d925bc96cd177e7","kuba.","68582b5f8e62427811441b60","6a9d96a71e7857ed600c31bf","2026-09-06 12:43"
"Zecdi","5a9db2143bc43c5498425803","Skcmj","669bbdca232879fb8fd85725","6a9d97995a43d0a64f992ec5","2026-09-06 12:43"
"Casanção Blur Enjoyer","6a207295824d2054d74c3e7a","Batze","66264a9232424d7626d17d76","6a9d97858e5c6190712ea156","2026-09-06 12:43"
"Zendaya","679def87311b366ecb41dcae","Dissonans","60e09234213b0600019d912e","6a9d974d5a43d0a64f992e1e","2026-09-06 12:44"
"Aaryan22","657021f7412bfd95aad62550","TechimanGuesser","69763f0e293ac365ce659dca","6a9d97108e5c6190712e9fe9","2026-09-06 12:44"
"lecheur2pieds","663523ba8e313d3aa27852b0","skrzypas&wojfer shared account","62dc07edf32847e5836668f1","6a9d9740d6156877e1226ec2","2026-09-06 12:45"
"Tylko Olimpia","5aa9bfec18399e27582f8b7a","Kuba","6744ee112d6c958a853b52a6","6a9d979ab954b6be36abd002","2026-09-06 12:45"
"Zecdi","5a9db2143bc43c5498425803","kuba.","68582b5f8e62427811441b60","6a9d98175a43d0a64f993036","2026-09-06 12:45"
"Garou","69f366ee3f7f13479269b155","choco","622e22e69974710001c132e3","6a9d97815a43d0a64f992e89","2026-09-06 12:45"
"Dan YAile","60ef0697612a5400012c89a3","Giancarlo Esposito","68e85bdb3f2cbbe915cbcd3d","6a9d97408e5c6190712ea074","2026-09-06 12:46"
"wisps","60ad03a48b6e1d00012f8e7e","NORTHEASTGOD","65e0ff94c1294fdd6dc5dc4c","6a9d96dc8e5c6190712e9f25","2026-09-06 12:46"
"Fenix","5ba8fe22a8e5d55294d5801a","louis","663a973693554797a0c4c3ab","6a9d97881e7857ed600c33b6","2026-09-06 12:46"
"Dan YAile","60ef0697612a5400012c89a3","Preussen","64da4d57e44ffbb819d935b1","6a9d9767863f543a30d0f74d","2026-09-06 12:47"
"teddy bear","66f081f2bf4b230a2fcb970c","K4CP3RSKI777","624aa4216b4b8b1765bb6dad","6a9d9812863f543a30d0f8db","2026-09-06 12:47"
"NoruJumping","5c5817f33d925bc96cd177e7","Skcmj","669bbdca232879fb8fd85725","6a9d981ad6156877e12270bf","2026-09-06 12:47"
"Dissonans","60e09234213b0600019d912e","Kuba","6744ee112d6c958a853b52a6","6a9d9860b954b6be36abd193","2026-09-06 12:47"
"Shakazaramesh","5ef2945bbb96627c9ce5f63f","Egorsmol","60c7cce623bc770001651df5","6a9d9729b954b6be36abcef8","2026-09-06 12:47"
"Ant3k","61a0aa0b508e25000188294f","lecheur2pieds","663523ba8e313d3aa27852b0","6a9d98658e5c6190712ea3de","2026-09-06 12:48"
"kuba.","68582b5f8e62427811441b60","Kubson","63be7fdebd54e6a7f756f9d1","6a9d98c3b954b6be36abd233","2026-09-06 12:48"
"Ulti's Husband","62d514c7640e5a876fd322f0","雨又潇潇","635a7c4f940d8dc91bd25ec4","6a9d97e05a43d0a64f992f87","2026-09-06 12:49"
"skrzypas&wojfer shared account","62dc07edf32847e5836668f1","bodysfailing","69fd3dc20731483be6bd7038","6a9d989c863f543a30d0fa3d","2026-09-06 12:50"
"Shakazaramesh","5ef2945bbb96627c9ce5f63f","Lucas Labubu","6227feb9e7a8b70001576aeb","6a9d994c5a43d0a64f993331","2026-09-06 12:50"
"Casanção Blur Enjoyer","6a207295824d2054d74c3e7a","Batze","66264a9232424d7626d17d76","6a9d98e45a43d0a64f993237","2026-09-06 12:50"
"Kucerkaaa✨","66422b048e6606a3bc59724f","Egorsmol","60c7cce623bc770001651df5","6a9d98fc6258d6f85da6dbe0","2026-09-06 12:50"
"K4CP3RSKI777","624aa4216b4b8b1765bb6dad","Felix.svb","6856986bb22dea4ae40a3d22","6a9d98e8863f543a30d0fab5","2026-09-06 12:51"
"Kuba","6744ee112d6c958a853b52a6","NORTHEASTGOD","65e0ff94c1294fdd6dc5dc4c","6a9d98f8d6156877e122721d","2026-09-06 12:51"
"kuba.","68582b5f8e62427811441b60","Dissonans","60e09234213b0600019d912e","6a9d99475a43d0a64f993326","2026-09-06 12:51"
"Dan YAile","60ef0697612a5400012c89a3","Ant3k","61a0aa0b508e25000188294f","6a9d9967d6156877e12272dd","2026-09-06 12:52"
"wang4wc2027(徒弟yang)","64df30f334185dd27cf839a7","Pasord","6669c659ca16186b5a3dbc35","6a9d99445a43d0a64f993321","2026-09-06 12:52"
"Brzoza","60ababeffb1efa0001302754","Asteroid","69dbdc1efb7bdfcff7ddf99d","6a9d988d5a43d0a64f99317e","2026-09-06 12:52"
"Tatert0t","68713ba58c49b2f1bf373e05","botje","65ef376b2528c8b0fb2b5e4c","6a9d976b863f543a30d0f75a","2026-09-06 12:52"
"lecheur2pieds","663523ba8e313d3aa27852b0","Dan YAile","60ef0697612a5400012c89a3","6a9d992a863f543a30d0fb64","2026-09-06 12:53"
"NORTHEASTGOD","65e0ff94c1294fdd6dc5dc4c","Dissonans","60e09234213b0600019d912e","6a9d99d6863f543a30d0fc98","2026-09-06 12:53"
"Zecdi","5a9db2143bc43c5498425803","GeoKitten :3","6a60cb66561c205d0831e2ad","6a9d99265a43d0a64f9932d4","2026-09-06 12:53"
"mumami","69c5f6d3791d40cd91c6d117","SignpostSlayer","5cd1da5575345f65c86dea02","6a9d99711e7857ed600c373d","2026-09-06 12:53"
"Egorsmol","60c7cce623bc770001651df5","Kucerkaaa✨","66422b048e6606a3bc59724f","6a9d99c28e5c6190712ea788","2026-09-06 12:53"
"Casanção Blur Enjoyer","6a207295824d2054d74c3e7a","Batze","66264a9232424d7626d17d76","6a9d99ce1e7857ed600c37f2","2026-09-06 12:53"
"teddy bear","66f081f2bf4b230a2fcb970c","Kuba","6744ee112d6c958a853b52a6","6a9d99c58e5c6190712ea78e","2026-09-06 12:54"
"kuba.","68582b5f8e62427811441b60","Tatert0t","68713ba58c49b2f1bf373e05","6a9d9a068e5c6190712ea837","2026-09-06 12:54"
"bodysfailing","69fd3dc20731483be6bd7038","skrzypas&wojfer shared account","62dc07edf32847e5836668f1","6a9d99e95a43d0a64f993488","2026-09-06 12:55"
"Luis","63b523e80510075fa39aeabc","鬼哭啾々","642938b80c4a29948f1bf1ea","6a9d99845a43d0a64f9933b4","2026-09-06 12:55"
"Dissonans","60e09234213b0600019d912e","NORTHEASTGOD","65e0ff94c1294fdd6dc5dc4c","6a9d9a5cd6156877e12274da","2026-09-06 12:55"
"Skcmj","669bbdca232879fb8fd85725","polish meta slave","6623ecb7315d4d4449b8ca98","6a9d9954d6156877e12272bd","2026-09-06 12:55"
"Ant3k","61a0aa0b508e25000188294f","wang4wc2027(徒弟yang)","64df30f334185dd27cf839a7","6a9d9a355a43d0a64f993548","2026-09-06 12:56"
"Felix.svb","6856986bb22dea4ae40a3d22","Brzoza","60ababeffb1efa0001302754","6a9d9a2f5a43d0a64f993539","2026-09-06 12:56"
"Tylko Olimpia","5aa9bfec18399e27582f8b7a","Zendaya","679def87311b366ecb41dcae","6a9d98688e5c6190712ea3e0","2026-09-06 12:56"
"GeoKitten :3","6a60cb66561c205d0831e2ad","Egorsmol","60c7cce623bc770001651df5","6a9d9a455a43d0a64f99356d","2026-09-06 12:57"
"lecheur2pieds","663523ba8e313d3aa27852b0","Dan YAile","60ef0697612a5400012c89a3","6a9d9a5c8e5c6190712ea91a","2026-09-06 12:58"
"teddy bear","66f081f2bf4b230a2fcb970c","Kuba","6744ee112d6c958a853b52a6","6a9d9a898e5c6190712ea990","2026-09-06 12:58"
"Заяц","63890678411c174863e40d57","K4CP3RSKI777","624aa4216b4b8b1765bb6dad","6a9d99f6863f543a30d0fcf9","2026-09-06 12:58"
"Jazzonne","638bcf412c734faf1bcce61e","🤖aaaaaaaaaaaaaaaaaa🤖","69751c89c3036f77b93fb696","6a9d974a5a43d0a64f992e14","2026-09-06 12:58"
"wichura240","68767692157557d5c76a0ab6","Unga","5f131ab1d52cd04658f42ad7","6a9d9a5b8e5c6190712ea919","2026-09-06 12:58"
"bodysfailing","69fd3dc20731483be6bd7038","skrzypas&wojfer shared account","62dc07edf32847e5836668f1","6a9d9ac2b954b6be36abd600","2026-09-06 12:59"
"Casanção Blur Enjoyer","6a207295824d2054d74c3e7a","Kubson","63be7fdebd54e6a7f756f9d1","6a9d9a768e5c6190712ea955","2026-09-06 12:59"
"Felix.svb","6856986bb22dea4ae40a3d22","Luis","63b523e80510075fa39aeabc","6a9d9b3f863f543a30d0ff96","2026-09-06 13:00"
"Заяц","63890678411c174863e40d57","Kuba","6744ee112d6c958a853b52a6","6a9d9b8b863f543a30d10061","2026-09-06 13:00"
"Zecdi","5a9db2143bc43c5498425803","kuba.","68582b5f8e62427811441b60","6a9d9ad08e5c6190712eaa51","2026-09-06 13:00"
"mumami","69c5f6d3791d40cd91c6d117","Moritz","604e275b66c3940001ee30ed","6a9d9a7c1e7857ed600c3956","2026-09-06 13:01"
"Tatert0t","68713ba58c49b2f1bf373e05","Jakub","5bef0f16fa37262f1c2c2d68","6a9d9ab61e7857ed600c39c4","2026-09-06 13:01"
"Egorsmol","60c7cce623bc770001651df5","polish meta slave","6623ecb7315d4d4449b8ca98","6a9d9b5a8e5c6190712eabc7","2026-09-06 13:01"
"wang4wc2027(徒弟yang)","64df30f334185dd27cf839a7","Dan YAile","60ef0697612a5400012c89a3","6a9d9b9b5a43d0a64f993852","2026-09-06 13:02"
"val1d","63875de4e55ec4234b26d1fb","gokhale","68257ab1be5b31c617f37156","6a9d9bf15a43d0a64f99390d","2026-09-06 13:02"
"Dissonans","60e09234213b0600019d912e","Ant3k","61a0aa0b508e25000188294f","6a9d9b63863f543a30d10001","2026-09-06 13:02"
"🤖aaaaaaaaaaaaaaaaaa🤖","69751c89c3036f77b93fb696","TechimanGuesser","69763f0e293ac365ce659dca","6a9d9b798e5c6190712eac2f","2026-09-06 13:02"
"Giancarlo Esposito","68e85bdb3f2cbbe915cbcd3d","Dan YAile","60ef0697612a5400012c89a3","6a9d9bc08e5c6190712eacfc","2026-09-06 13:03"
"Asteroid","69dbdc1efb7bdfcff7ddf99d","Pasord","6669c659ca16186b5a3dbc35","6a9d9a3a8e5c6190712ea8c9","2026-09-06 13:03"
"落汤鸡","675ee56fd2220e44dea68a81","Fructidor","5e3712631e34a03504349945","6a9d97d0b954b6be36abd087","2026-09-06 13:03"
"kuba.","68582b5f8e62427811441b60","Kuba","6744ee112d6c958a853b52a6","6a9d9c02d6156877e12277c4","2026-09-06 13:03"
"Zhihh","63b435e80510075fa39ac039","wichura240","68767692157557d5c76a0ab6","6a9d9bb61e7857ed600c3bcb","2026-09-06 13:03"
"Brzoza","60ababeffb1efa0001302754","Shakazaramesh","5ef2945bbb96627c9ce5f63f","6a9d9b288e5c6190712eab45","2026-09-06 13:04"
"Заяц","63890678411c174863e40d57","gokhale","68257ab1be5b31c617f37156","6a9d9c8e8e5c6190712eaf38","2026-09-06 13:04"
"SignpostSlayer","5cd1da5575345f65c86dea02","Zendaya","679def87311b366ecb41dcae","6a9d9b028e5c6190712eaacd","2026-09-06 13:04"
"Luis","63b523e80510075fa39aeabc","Zecdi","5a9db2143bc43c5498425803","6a9d9c07d6156877e12277cd","2026-09-06 13:05"
"Zendaya","679def87311b366ecb41dcae","kuba.","68582b5f8e62427811441b60","6a9d9cdf5a43d0a64f993b59","2026-09-06 13:05"
"bodysfailing","69fd3dc20731483be6bd7038","Ant3k","61a0aa0b508e25000188294f","6a9d9c62d6156877e1227885","2026-09-06 13:06"
"NORTHEASTGOD","65e0ff94c1294fdd6dc5dc4c","NoruJumping","5c5817f33d925bc96cd177e7","6a9d9adf8e5c6190712eaa68","2026-09-06 13:06"
"sebastian","667d87ca8401bca3fee14649","Dan YAile","60ef0697612a5400012c89a3","6a9d9c7f1e7857ed600c3d47","2026-09-06 13:07"
"Felix.svb","6856986bb22dea4ae40a3d22","Moritz","604e275b66c3940001ee30ed","6a9d9c6f5a43d0a64f993a3f","2026-09-06 13:07"
"Рома","5bc9f3921f3cf81af80cfa72","w4tercloud","5eadc193d502e122ec8b0f9f","6a9d9a59b954b6be36abd544","2026-09-06 13:07"
"Zendaya","679def87311b366ecb41dcae","Luis","63b523e80510075fa39aeabc","6a9d9d239a5ebf32bef11ade","2026-09-06 13:08"
"wichura240","68767692157557d5c76a0ab6","Koch7bzh","63ecc22c6c3024278622de59","6a9d9cf5863f543a30d10366","2026-09-06 13:08"
"val1d","63875de4e55ec4234b26d1fb","Kuba","6744ee112d6c958a853b52a6","6a9d9ccc8e5c6190712eaffc","2026-09-06 13:09"
"Zecdi","5a9db2143bc43c5498425803","Zhihh","63b435e80510075fa39ac039","6a9d9d1fb954b6be36abda7f","2026-09-06 13:09"
"Tatert0t","68713ba58c49b2f1bf373e05","Jakub","5bef0f16fa37262f1c2c2d68","6a9d9c1f1e7857ed600c3c9f","2026-09-06 13:09"
"whueu-abi","694060fd0b5941c5cbe18cbf","kuba.","68582b5f8e62427811441b60","6a9d9d608e5c6190712eb1ff","2026-09-06 13:09"
"SuperGeo","6642732ec501bffdb0aa8d45","NirvaHAINE","5ea6984397d6cf4a547fae04","6a9d9b391e7857ed600c3abd","2026-09-06 13:09"
"Yanek","5e625daa90d6cfa438a867a6","Заяц","63890678411c174863e40d57","6a9d9d128e5c6190712eb113","2026-09-06 13:10"
"Giancarlo Esposito","68e85bdb3f2cbbe915cbcd3d","Brzoza","60ababeffb1efa0001302754","6a9d9ce48e5c6190712eb083","2026-09-06 13:10"
"sebastian","667d87ca8401bca3fee14649","lecheur2pieds","663523ba8e313d3aa27852b0","6a9d9dc88e5c6190712eb337","2026-09-06 13:11"
"sk 愛","666b76089d20c1dd39ec810c","MARLON","676d5a15801d2d75f4d6d09e","6a9d9d625a43d0a64f993c5e","2026-09-06 13:12"
"Ned","5eeb7335479917548004e4f7","teddy bear","66f081f2bf4b230a2fcb970c","6a9d9e135a43d0a64f993dd3","2026-09-06 13:12"
"wichura240","68767692157557d5c76a0ab6","benji (^-^)","6401d53b67356a12ae3f0c6a","6a9d9dd15a43d0a64f993d4d","2026-09-06 13:12"
"Egorsmol","60c7cce623bc770001651df5","Kucerkaaa✨","66422b048e6606a3bc59724f","6a9d9de78e5c6190712eb396","2026-09-06 13:12"
"Ailo","640b6e12b01f2e06423c05d0","Zhihh","63b435e80510075fa39ac039","6a9d9e3b8e5c6190712eb491","2026-09-06 13:12"
"mumami","69c5f6d3791d40cd91c6d117","Shakazaramesh","5ef2945bbb96627c9ce5f63f","6a9d9ce31e7857ed600c3e04","2026-09-06 13:13"
"Ailo","640b6e12b01f2e06423c05d0","Zhihh","63b435e80510075fa39ac039","6a9d9e3b8e5c6190712eb491","2026-09-06 13:13"
"bodysfailing","69fd3dc20731483be6bd7038","Ant3k","61a0aa0b508e25000188294f","6a9d9d89d6156877e1227b21","2026-09-06 13:14"
"sebastian","667d87ca8401bca3fee14649","Yanek","5e625daa90d6cfa438a867a6","6a9d9eafd6156877e1227d96","2026-09-06 13:14"
"Felix.svb","6856986bb22dea4ae40a3d22","Preussen","64da4d57e44ffbb819d935b1","6a9d9dde8e5c6190712eb379","2026-09-06 13:14"
"Luis","63b523e80510075fa39aeabc","wisps","60ad03a48b6e1d00012f8e7e","6a9d9dfe8e5c6190712eb3d0","2026-09-06 13:14"
"val1d","63875de4e55ec4234b26d1fb","whueu-abi","694060fd0b5941c5cbe18cbf","6a9d9e4ed6156877e1227cb7","2026-09-06 13:14"
"gokhale","68257ab1be5b31c617f37156","Asteroid","69dbdc1efb7bdfcff7ddf99d","6a9d9d1b8e5c6190712eb136","2026-09-06 13:14"
"Zecdi","5a9db2143bc43c5498425803","Kuba","6744ee112d6c958a853b52a6","6a9d9e15d6156877e1227c3e","2026-09-06 13:14"
"bodysfailing","69fd3dc20731483be6bd7038","lecheur2pieds","663523ba8e313d3aa27852b0","6a9d9f6dd6156877e1227f42","2026-09-06 13:15"
"NORTHEASTGOD","65e0ff94c1294fdd6dc5dc4c","Moritz","604e275b66c3940001ee30ed","6a9d9d97d6156877e1227b46","2026-09-06 13:15"
"NoruJumping","5c5817f33d925bc96cd177e7","Zendaya","679def87311b366ecb41dcae","6a9d9deb5a43d0a64f993d8b","2026-09-06 13:15"
"SigmaLigma","641e0c54c1155de1803057b1","Edqy","60a2893cb7d972000112fbf4","6a9d9e9d1e7857ed600c4203","2026-09-06 13:15"
"🤖aaaaaaaaaaaaaaaaaa🤖","69751c89c3036f77b93fb696","Psylaris","59dad8dd5d2de4db8036e36c","6a9d9c79863f543a30d10272","2026-09-06 13:15"
"bodysfailing","69fd3dc20731483be6bd7038","lecheur2pieds","663523ba8e313d3aa27852b0","6a9d9fa21e7857ed600c4458","2026-09-06 13:16"
"Pasord","6669c659ca16186b5a3dbc35","Giancarlo Esposito","68e85bdb3f2cbbe915cbcd3d","6a9d9e50863f543a30d10674","2026-09-06 13:16"
"kuba.","68582b5f8e62427811441b60","pas bon","6138c0b02041ad0001a01eae","6a9d9e751e7857ed600c419d","2026-09-06 13:16"
"teddy bear","66f081f2bf4b230a2fcb970c","Ned","5eeb7335479917548004e4f7","6a9d9edbd6156877e1227de1","2026-09-06 13:17"
"mumami","69c5f6d3791d40cd91c6d117","Shakazaramesh","5ef2945bbb96627c9ce5f63f","6a9d9efcd6156877e1227e20","2026-09-06 13:17"
"🤖aaaaaaaaaaaaaaaaaa🤖","69751c89c3036f77b93fb696","SigmaLigma","641e0c54c1155de1803057b1","6a9d9f76863f543a30d10927","2026-09-06 13:17"
"SuperGeo","6642732ec501bffdb0aa8d45","Jakub","5bef0f16fa37262f1c2c2d68","6a9d9e26d6156877e1227c68","2026-09-06 13:17"
"Ailo","640b6e12b01f2e06423c05d0","benji (^-^)","6401d53b67356a12ae3f0c6a","6a9d9edab954b6be36abddd5","2026-09-06 13:17"
"lecheur2pieds","663523ba8e313d3aa27852b0","Giancarlo Esposito","68e85bdb3f2cbbe915cbcd3d","6a9d9fcf8e5c6190712eb9cb","2026-09-06 13:18"
"wisps","60ad03a48b6e1d00012f8e7e","Zhihh","63b435e80510075fa39ac039","6a9d9f3c5a43d0a64f9940da","2026-09-06 13:18"
"whueu-abi","694060fd0b5941c5cbe18cbf","GeoMax","610ade6208061c000158624f","6a9d9f57b954b6be36abdee3","2026-09-06 13:18"
"bodysfailing","69fd3dc20731483be6bd7038","lecheur2pieds","663523ba8e313d3aa27852b0","6a9da0205a43d0a64f994373","2026-09-06 13:19"
"Yanek","5e625daa90d6cfa438a867a6","Preussen","64da4d57e44ffbb819d935b1","6a9d9f54b954b6be36abdeda","2026-09-06 13:20"
"Luis","63b523e80510075fa39aeabc","Zendaya","679def87311b366ecb41dcae","6a9d9f961e7857ed600c443d","2026-09-06 13:20"
"lecheur2pieds","663523ba8e313d3aa27852b0","Giancarlo Esposito","68e85bdb3f2cbbe915cbcd3d","6a9da055b954b6be36abe15b","2026-09-06 13:21"
"Ant3k","61a0aa0b508e25000188294f","sebastian","667d87ca8401bca3fee14649","6a9d9f528e5c6190712eb828","2026-09-06 13:21"
"NORTHEASTGOD","65e0ff94c1294fdd6dc5dc4c","Anthony Gordon","607c2c79284a5f0001eee443","6a9d9f9c5a43d0a64f9941ef","2026-09-06 13:21"
"Unc","6876a81aaf5ea16088df663a","Kuba","6744ee112d6c958a853b52a6","6a9d9f80863f543a30d10942","2026-09-06 13:21"
"teddy bear","66f081f2bf4b230a2fcb970c","Ned","5eeb7335479917548004e4f7","6a9d9fee8e5c6190712eba2a","2026-09-06 13:22"
"mumami","69c5f6d3791d40cd91c6d117","Shakazaramesh","5ef2945bbb96627c9ce5f63f","6a9da011863f543a30d10ad2","2026-09-06 13:22"
"Moritz","604e275b66c3940001ee30ed","SignpostSlayer","5cd1da5575345f65c86dea02","6a9d9ffab954b6be36abe078","2026-09-06 13:22"
"Tobi","641d3f9ac451b924d421941a","kuba.","68582b5f8e62427811441b60","6a9da00f8e5c6190712eba94","2026-09-06 13:22"
"bodysfailing","69fd3dc20731483be6bd7038","lecheur2pieds","663523ba8e313d3aa27852b0","6a9da0fe8e5c6190712ebdba","2026-09-06 13:23"
"Ronnilol","67fe57fab1452bcd8d46a9a6","sk 愛","666b76089d20c1dd39ec810c","6a9d9fb28e5c6190712eb956","2026-09-06 13:23"
"Giancarlo Esposito","68e85bdb3f2cbbe915cbcd3d","Luis","63b523e80510075fa39aeabc","6a9da0fb5a43d0a64f9945d5","2026-09-06 13:23"
"NORTHEASTGOD","65e0ff94c1294fdd6dc5dc4c","Anthony Gordon","607c2c79284a5f0001eee443","6a9da0d85a43d0a64f994573","2026-09-06 13:23"
"SigmaLigma","641e0c54c1155de1803057b1","🤖aaaaaaaaaaaaaaaaaa🤖","69751c89c3036f77b93fb696","6a9d9ffdd6156877e12280da","2026-09-06 13:23"
"Asteroid","69dbdc1efb7bdfcff7ddf99d","gokhale","68257ab1be5b31c617f37156","6a9d9f3d6258d6f85da6e610","2026-09-06 13:24"
"GeoKitten :3","6a60cb66561c205d0831e2ad","Doofist","68f3a854d35e604bd5617bb2","6a9da0e4d6156877e12282e8","2026-09-06 13:24"
"Zhihh","63b435e80510075fa39ac039","whueu-abi","694060fd0b5941c5cbe18cbf","6a9da0538e5c6190712ebb7b","2026-09-06 13:24"
"Ant3k","61a0aa0b508e25000188294f","sebastian","667d87ca8401bca3fee14649","6a9da0cd8e5c6190712ebd1b","2026-09-06 13:25"
"Yanek","5e625daa90d6cfa438a867a6","Preussen","64da4d57e44ffbb819d935b1","6a9da0ba863f543a30d10c69","2026-09-06 13:25"
"Brzoza","60ababeffb1efa0001302754","irrational","65ba97ce8b2ba0c747ffa3b7","6a9d9e3c5a43d0a64f993e34","2026-09-06 13:25"
"Ned","5eeb7335479917548004e4f7","Giancarlo Esposito","68e85bdb3f2cbbe915cbcd3d","6a9da153b954b6be36abe3ac","2026-09-06 13:26"
"Unc","6876a81aaf5ea16088df663a","Kubson","63be7fdebd54e6a7f756f9d1","6a9da0fcd6156877e1228322","2026-09-06 13:26"
"Tobi","641d3f9ac451b924d421941a","kuba.","68582b5f8e62427811441b60","6a9da114863f543a30d10d55","2026-09-06 13:26"
"Fenix","5ba8fe22a8e5d55294d5801a","Skaven","684ffbcec374eb437a89fc20","6a9da0f3863f543a30d10cff","2026-09-06 13:26"
"Thomas4183b","60194a73ccb73b00018edf77","Pieter-jan De X","59886f23fdab8f163023e440","6a9da0f9cd72607d3d165090","2026-09-06 13:26"
"lecheur2pieds","663523ba8e313d3aa27852b0","Firma","5ff879f9ce04930001f6ee64","6a9da1198e5c6190712ebe1a","2026-09-06 13:27"
"Zecdi","5a9db2143bc43c5498425803","Jakub","5bef0f16fa37262f1c2c2d68","6a9da024d6156877e1228145","2026-09-06 13:27"
"GeoKitten :3","6a60cb66561c205d0831e2ad","Lebron James","69f1903c702a7978150c1f60","6a9da1d7d6156877e122852d","2026-09-06 13:27"
"Kuba","6744ee112d6c958a853b52a6","vdestin","69dceeb35a65a03675bcfd7b","6a9da0f18e5c6190712ebd97","2026-09-06 13:27"
"whueu-abi","694060fd0b5941c5cbe18cbf","gokhale","68257ab1be5b31c617f37156","6a9da1ac1e7857ed600c4974","2026-09-06 13:27"
"choco","622e22e69974710001c132e3","Kiran","5fa6fdd8b45c67000133f43d","6a9da124863f543a30d10d75","2026-09-06 13:27"
"mumami","69c5f6d3791d40cd91c6d117","Moritz","604e275b66c3940001ee30ed","6a9da1408e5c6190712ebeba","2026-09-06 13:28"
"Psylaris","59dad8dd5d2de4db8036e36c","Рома","5bc9f3921f3cf81af80cfa72","6a9d9f94b954b6be36abdf75","2026-09-06 13:28"
"SigmaLigma","641e0c54c1155de1803057b1","SignpostSlayer","5cd1da5575345f65c86dea02","6a9da15e1e7857ed600c48be","2026-09-06 13:28"
"Preussen","64da4d57e44ffbb819d935b1","Giancarlo Esposito","68e85bdb3f2cbbe915cbcd3d","6a9da1f8863f543a30d11023","2026-09-06 13:30"
"Luis","63b523e80510075fa39aeabc","NORTHEASTGOD","65e0ff94c1294fdd6dc5dc4c","6a9da17c8e5c6190712ebf7d","2026-09-06 13:30"
"GeoMax","610ade6208061c000158624f","Unc","6876a81aaf5ea16088df663a","6a9da21b5a43d0a64f9948ec","2026-09-06 13:30"
"🤖aaaaaaaaaaaaaaaaaa🤖","69751c89c3036f77b93fb696","Shakazaramesh","5ef2945bbb96627c9ce5f63f","6a9da158863f543a30d10e34","2026-09-06 13:30"
"Tobi","641d3f9ac451b924d421941a","kuba.","68582b5f8e62427811441b60","6a9da1fd8e5c6190712ec14f","2026-09-06 13:30"
"lecheur2pieds","663523ba8e313d3aa27852b0","Firma","5ff879f9ce04930001f6ee64","6a9da2658e5c6190712ec2f5","2026-09-06 13:31"
"Ant3k","61a0aa0b508e25000188294f","bodysfailing","69fd3dc20731483be6bd7038","6a9da1ec8e5c6190712ec11f","2026-09-06 13:31"
"Zhihh","63b435e80510075fa39ac039","Max","5f847db332173400011b50bb","6a9da1abb954b6be36abe475","2026-09-06 13:31"
"vdestin","69dceeb35a65a03675bcfd7b","Lebron James","69f1903c702a7978150c1f60","6a9da2865a43d0a64f9949e8","2026-09-06 13:31"
"Ned","5eeb7335479917548004e4f7","dying sociopath","5aae066718399e2758306701","6a9da25f5a43d0a64f99499a","2026-09-06 13:32"
"Doofist","68f3a854d35e604bd5617bb2","Asteroid","69dbdc1efb7bdfcff7ddf99d","6a9da1ba8e5c6190712ec056","2026-09-06 13:32"
"Yanek","5e625daa90d6cfa438a867a6","s7ymon.","689dea76e80ba00f3a8dbdc1","6a9da1de5a43d0a64f994861","2026-09-06 13:33"
"GeoKitten :3","6a60cb66561c205d0831e2ad","SigmaLigma","641e0c54c1155de1803057b1","6a9da2a9b954b6be36abe6c8","2026-09-06 13:33"
"Goonax#4WC","6772fee6827b91b41dd22b5f","Egorsmol","60c7cce623bc770001651df5","6a9da3465a43d0a64f994bed","2026-09-06 13:33"
"whueu-abi","694060fd0b5941c5cbe18cbf","Zecdi","5a9db2143bc43c5498425803","6a9da272863f543a30d1114c","2026-09-06 13:33"
"Jakub","5bef0f16fa37262f1c2c2d68","Kuba","6744ee112d6c958a853b52a6","6a9da264b954b6be36abe659","2026-09-06 13:33"
"Ant3k","61a0aa0b508e25000188294f","Firma","5ff879f9ce04930001f6ee64","6a9da35e863f543a30d113c6","2026-09-06 13:34"
"Tomek5_5","606e09423667bc0001ad663d","Doofist","68f3a854d35e604bd5617bb2","6a9da3788e5c6190712ec65f","2026-09-06 13:34"
"Zecdi","5a9db2143bc43c5498425803","Asteroid","69dbdc1efb7bdfcff7ddf99d","6a9da3d28e5c6190712ec79c","2026-09-06 13:35"
"Palmitas","6984de4267015bc9a6109cae","SignpostSlayer","5cd1da5575345f65c86dea02","6a9da2d0d6156877e122878a","2026-09-06 13:35"
"Moritz","604e275b66c3940001ee30ed","mumami","69c5f6d3791d40cd91c6d117","6a9da28ab954b6be36abe693","2026-09-06 13:36"
"whueu-abi","694060fd0b5941c5cbe18cbf","Asteroid","69dbdc1efb7bdfcff7ddf99d","6a9da3f0863f543a30d1153f","2026-09-06 13:36"
"Unc","6876a81aaf5ea16088df663a","Kubson","63be7fdebd54e6a7f756f9d1","6a9da3248e5c6190712ec55e","2026-09-06 13:36"
"GeoChad147 (Youtube)","61333da66ab477000167c55b","Shakazaramesh","5ef2945bbb96627c9ce5f63f","6a9da30a1e7857ed600c4cb7","2026-09-06 13:36"
"Preussen","64da4d57e44ffbb819d935b1","Luis","63b523e80510075fa39aeabc","6a9da3138e5c6190712ec531","2026-09-06 13:37"
"NORTHEASTGOD","65e0ff94c1294fdd6dc5dc4c","teddy bear","66f081f2bf4b230a2fcb970c","6a9da30f8e5c6190712ec526","2026-09-06 13:37"
"Fenix","5ba8fe22a8e5d55294d5801a","Next","6080a368f1a498000103e1ae","6a9da3da8e5c6190712ec7b3","2026-09-06 13:37"
"choco","622e22e69974710001c132e3","Kucerkaaa✨","66422b048e6606a3bc59724f","6a9da39c8e5c6190712ec6db","2026-09-06 13:37"
"Bheegey Hont","62d15a560a598888deedb672","vdestin","69dceeb35a65a03675bcfd7b","6a9da37eb954b6be36abe88d","2026-09-06 13:37"
"lecheur2pieds","663523ba8e313d3aa27852b0","bodysfailing","69fd3dc20731483be6bd7038","6a9da34e5a43d0a64f994c02","2026-09-06 13:38"
"Ant3k","61a0aa0b508e25000188294f","Giancarlo Esposito","68e85bdb3f2cbbe915cbcd3d","6a9da3e88e5c6190712ec7e1","2026-09-06 13:38"
"LetsCrime (chatbanned)","67a80cc003077ed0dfc834ab","dying sociopath","5aae066718399e2758306701","6a9da4008e5c6190712ec829","2026-09-06 13:38"
"Kuba","6744ee112d6c958a853b52a6","PLK","62179a5c8e88d400010d91ea","6a9da3b0863f543a30d114ac","2026-09-06 13:38"
"teddy bear","66f081f2bf4b230a2fcb970c","NORTHEASTGOD","65e0ff94c1294fdd6dc5dc4c","6a9da4b6461b6a707a7d03f2","2026-09-06 13:39"
"PLK","62179a5c8e88d400010d91ea","Kuba","6744ee112d6c958a853b52a6","6a9da4dfd6156877e1228c2f","2026-09-06 13:39"
"Zecdi","5a9db2143bc43c5498425803","Doofist","68f3a854d35e604bd5617bb2","6a9da421863f543a30d1159d","2026-09-06 13:39"
"Asteroid","69dbdc1efb7bdfcff7ddf99d","Unc","6876a81aaf5ea16088df663a","6a9da47c8e5c6190712ec9a8","2026-09-06 13:39"
"whueu-abi","694060fd0b5941c5cbe18cbf","kuba.","68582b5f8e62427811441b60","6a9da4ab5a43d0a64f994f65","2026-09-06 13:39"
"Max","5f847db332173400011b50bb","GeoChad147 (Youtube)","61333da66ab477000167c55b","6a9da490d6156877e1228b83","2026-09-06 13:39"
"Skaven","684ffbcec374eb437a89fc20","Derrengeo","5f297fad4388720001074ed2","6a9da37d5a43d0a64f994c6f","2026-09-06 13:39"
"Shakazaramesh","5ef2945bbb96627c9ce5f63f","Palmitas","6984de4267015bc9a6109cae","6a9da4568e5c6190712ec929","2026-09-06 13:40"
"Thomas4183b","60194a73ccb73b00018edf77","Redoplay","5ee8e0b326a057498c620201","6a9da262d6156877e122869c","2026-09-06 13:40"
"NORTHEASTGOD","65e0ff94c1294fdd6dc5dc4c","teddy bear","66f081f2bf4b230a2fcb970c","6a9da5238e5c6190712ecbce","2026-09-06 13:41"
"whueu-abi","694060fd0b5941c5cbe18cbf","Asteroid","69dbdc1efb7bdfcff7ddf99d","6a9da527d6156877e1228ce0","2026-09-06 13:41"
"wert31415","6797c0be0b7bd1c00269ac82","Vdiitgger","61424662f5f26100019d778b","6a9da4fd1e7857ed600c50ac","2026-09-06 13:41"
"bodysfailing","69fd3dc20731483be6bd7038","lecheur2pieds","663523ba8e313d3aa27852b0","6a9da4f7863f543a30d1176a","2026-09-06 13:42"
"Yanek","5e625daa90d6cfa438a867a6","Ant3k","61a0aa0b508e25000188294f","6a9da4df8e5c6190712ecafa","2026-09-06 13:42"
"Preussen","64da4d57e44ffbb819d935b1","Giancarlo Esposito","68e85bdb3f2cbbe915cbcd3d","6a9da4e05a43d0a64f994fed","2026-09-06 13:42"
"PLK","62179a5c8e88d400010d91ea","Kuba","6744ee112d6c958a853b52a6","6a9da5341e7857ed600c5147","2026-09-06 13:42"
"SigmaLigma","641e0c54c1155de1803057b1","Goonax#4WC","6772fee6827b91b41dd22b5f","6a9da3c7863f543a30d114eb","2026-09-06 13:42"
"s7ymon.","689dea76e80ba00f3a8dbdc1","Firma","5ff879f9ce04930001f6ee64","6a9da3f75a43d0a64f994d8f","2026-09-06 13:43"
"sebastian","667d87ca8401bca3fee14649","Bad At Geo","5d46b0bb3b4b6a4968620f7b","6a9da5988e5c6190712ecd18","2026-09-06 13:43"
"Unc","6876a81aaf5ea16088df663a","Max","5f847db332173400011b50bb","6a9da5218e5c6190712ecbcb","2026-09-06 13:43"
"GeoJacked YT","66a6ab072a14368c4dabd23a","Next","6080a368f1a498000103e1ae","6a9da4a8d6156877e1228bb3","2026-09-06 13:43"
"Skaven","684ffbcec374eb437a89fc20","GeoChad147 (Youtube)","61333da66ab477000167c55b","6a9da5438e5c6190712ecc28","2026-09-06 13:43"
"kuba.","68582b5f8e62427811441b60","Bilaxyy","662896176160692b89e271d1","6a9da527b954b6be36abec3a","2026-09-06 13:43"
"NORTHEASTGOD","65e0ff94c1294fdd6dc5dc4c","teddy bear","66f081f2bf4b230a2fcb970c","6a9da5a7d6156877e1228e18","2026-09-06 13:44"
"vdestin","69dceeb35a65a03675bcfd7b","Bheegey Hont","62d15a560a598888deedb672","6a9da4be863f543a30d116e7","2026-09-06 13:44"
"Ant3k","61a0aa0b508e25000188294f","lecheur2pieds","663523ba8e313d3aa27852b0","6a9da5d25a43d0a64f9952ab","2026-09-06 13:45"
"PLK","62179a5c8e88d400010d91ea","Giancarlo Esposito","68e85bdb3f2cbbe915cbcd3d","6a9da5edd6156877e1228ecf","2026-09-06 13:45"
"mumami","69c5f6d3791d40cd91c6d117","Moritz","604e275b66c3940001ee30ed","6a9da46cd6156877e1228b2a","2026-09-06 13:45"
"Goonax#4WC","6772fee6827b91b41dd22b5f","SigmaLigma","641e0c54c1155de1803057b1","6a9da5b9d6156877e1228e47","2026-09-06 13:45"
"whueu-abi","694060fd0b5941c5cbe18cbf","Palmitas","6984de4267015bc9a6109cae","6a9da5908e5c6190712eccf9","2026-09-06 13:46"
"SignpostSlayer","5cd1da5575345f65c86dea02","Doofist","68f3a854d35e604bd5617bb2","6a9da5108e5c6190712ecb97","2026-09-06 13:46"
"Asteroid","69dbdc1efb7bdfcff7ddf99d","lol pop","622f101c589b350001a7ea5f","6a9da59a5a43d0a64f995205","2026-09-06 13:47"
"Voro","5a8f1e5d98cc2c6744a8a135","Unc","6876a81aaf5ea16088df663a","6a9da624863f543a30d11a72","2026-09-06 13:47"
"LetsCrime (chatbanned)","67a80cc003077ed0dfc834ab","dying sociopath","5aae066718399e2758306701","6a9da5208e5c6190712ecbc6","2026-09-06 13:48"
"Giancarlo Esposito","68e85bdb3f2cbbe915cbcd3d","NORTHEASTGOD","65e0ff94c1294fdd6dc5dc4c","6a9da6808e5c6190712ecff9","2026-09-06 13:48"
"mumami","69c5f6d3791d40cd91c6d117","TechimanGuesser","69763f0e293ac365ce659dca","6a9da6e05a43d0a64f9955a2","2026-09-06 13:48"
"Psylaris","59dad8dd5d2de4db8036e36c","🤖aaaaaaaaaaaaaaaaaa🤖","69751c89c3036f77b93fb696","6a9da30b1e7857ed600c4cb8","2026-09-06 13:48"
"Kuba","6744ee112d6c958a853b52a6","Max","5f847db332173400011b50bb","6a9da6185a43d0a64f99536f","2026-09-06 13:48"
"kuba.","68582b5f8e62427811441b60","vdestin","69dceeb35a65a03675bcfd7b","6a9da6385a43d0a64f9953c0","2026-09-06 13:48"
"Bravious","608f43fa0d0e0d0001d2abde","[800A] ptf19","56f7f0a3c28556d1c87bb458","6a9da55e1e7857ed600c5196","2026-09-06 13:48"
"Ant3k","61a0aa0b508e25000188294f","sebastian","667d87ca8401bca3fee14649","6a9da66cd6156877e1228fef","2026-09-06 13:49"
"Yanek","5e625daa90d6cfa438a867a6","bodysfailing","69fd3dc20731483be6bd7038","6a9da5c6d6156877e1228e6b","2026-09-06 13:49"
"Tikon","621cddf10416aa00011b992b","supergaming","5dfe5cfd328e461c04d7fbf2","6a9da6381e7857ed600c53c3","2026-09-06 13:49"
"Worst Player Ever","68c9b96af5632a4e71ec8b8c","Unc","6876a81aaf5ea16088df663a","6a9da7098e5c6190712ed1b1","2026-09-06 13:49"
"Bheegey Hont","62d15a560a598888deedb672","Kubson","63be7fdebd54e6a7f756f9d1","6a9da64a1e7857ed600c53df","2026-09-06 13:49"
"GeoChad147 (Youtube)","61333da66ab477000167c55b","Vdiitgger","61424662f5f26100019d778b","6a9da64c8e5c6190712ecf52","2026-09-06 13:50"
"Giancarlo Esposito","68e85bdb3f2cbbe915cbcd3d","NORTHEASTGOD","65e0ff94c1294fdd6dc5dc4c","6a9da72fd6156877e1229217","2026-09-06 13:51"
"Doofist","68f3a854d35e604bd5617bb2","whueu-abi","694060fd0b5941c5cbe18cbf","6a9da6e48e5c6190712ed12f","2026-09-06 13:51"
"Kuba","6744ee112d6c958a853b52a6","Voro","5a8f1e5d98cc2c6744a8a135","6a9da72d5a43d0a64f995698","2026-09-06 13:51"
"Jakub","5bef0f16fa37262f1c2c2d68","Shakazaramesh","5ef2945bbb96627c9ce5f63f","6a9da67d863f543a30d11ba0","2026-09-06 13:51"
"bodysfailing","69fd3dc20731483be6bd7038","xZenith","6846d165a3008977fe607ade","6a9da771863f543a30d11e30","2026-09-06 13:52"
"lecheur2pieds","663523ba8e313d3aa27852b0","PLK","62179a5c8e88d400010d91ea","6a9da6d61e7857ed600c5547","2026-09-06 13:52"
"kuba.","68582b5f8e62427811441b60","Kubson","63be7fdebd54e6a7f756f9d1","6a9da774863f543a30d11e37","2026-09-06 13:52"
"Ant3k","61a0aa0b508e25000188294f","Yanek","5e625daa90d6cfa438a867a6","6a9da7825a43d0a64f99579f","2026-09-06 13:53"
"sebastian","667d87ca8401bca3fee14649","LetsCrime (chatbanned)","67a80cc003077ed0dfc834ab","6a9da78a863f543a30d11e6a","2026-09-06 13:53"
"Kuba","6744ee112d6c958a853b52a6","SignpostSlayer","5cd1da5575345f65c86dea02","6a9da7dfd6156877e12293e3","2026-09-06 13:53"
"Worst Player Ever","68c9b96af5632a4e71ec8b8c","Unc","6876a81aaf5ea16088df663a","6a9da7838e5c6190712ed384","2026-09-06 13:53"
"Bravious","608f43fa0d0e0d0001d2abde","Max","5f847db332173400011b50bb","6a9da7225a43d0a64f995684","2026-09-06 13:53"
"Jakub","5bef0f16fa37262f1c2c2d68","Shakazaramesh","5ef2945bbb96627c9ce5f63f","6a9da800863f543a30d11f9c","2026-09-06 13:54"
"lol pop","622f101c589b350001a7ea5f","Skcmj","669bbdca232879fb8fd85725","6a9da78e5a43d0a64f9957c7","2026-09-06 13:54"
"Worst Player Ever","68c9b96af5632a4e71ec8b8c","Max","5f847db332173400011b50bb","6a9da84eb954b6be36abf3e0","2026-09-06 13:54"
"kuba.","68582b5f8e62427811441b60","Kubson","63be7fdebd54e6a7f756f9d1","6a9da83b8e5c6190712ed5f8","2026-09-06 13:54"
"Firma","5ff879f9ce04930001f6ee64","MARLON","676d5a15801d2d75f4d6d09e","6a9da7008e5c6190712ed191","2026-09-06 13:55"
"Giancarlo Esposito","68e85bdb3f2cbbe915cbcd3d","NORTHEASTGOD","65e0ff94c1294fdd6dc5dc4c","6a9da7de5a43d0a64f995888","2026-09-06 13:55"
"Thomas4183b","60194a73ccb73b00018edf77","irrational","65ba97ce8b2ba0c747ffa3b7","6a9da5fe5a43d0a64f995324","2026-09-06 13:55"
"Bheegey Hont","62d15a560a598888deedb672","kuba.","68582b5f8e62427811441b60","6a9da7778e5c6190712ed355","2026-09-06 13:55"
"bodysfailing","69fd3dc20731483be6bd7038","Ant3k","61a0aa0b508e25000188294f","6a9da86b8e5c6190712ed68f","2026-09-06 13:56"
"whueu-abi","694060fd0b5941c5cbe18cbf","dying sociopath","5aae066718399e2758306701","6a9da7d2d6156877e12293c9","2026-09-06 13:56"
"Nitorip","60b4e24e49269d00013fa878","Vdiitgger","61424662f5f26100019d778b","6a9da7d75a43d0a64f995871","2026-09-06 13:56"
"lecheur2pieds","663523ba8e313d3aa27852b0","sebastian","667d87ca8401bca3fee14649","6a9da8568e5c6190712ed649","2026-09-06 13:57"
"Yanek","5e625daa90d6cfa438a867a6","xZenith","6846d165a3008977fe607ade","6a9da8bd5a43d0a64f995b39","2026-09-06 13:57"
"Giancarlo Esposito","68e85bdb3f2cbbe915cbcd3d","男方鬆 - Mr. Nanfsong","6409beba17491edb5a32b684","6a9da8cf8e5c6190712ed7eb","2026-09-06 13:57"
"teddy bear","66f081f2bf4b230a2fcb970c","PLK","62179a5c8e88d400010d91ea","6a9da8398e5c6190712ed5ef","2026-09-06 13:57"
"kuba.","68582b5f8e62427811441b60","Kayden","5759d0d2c3eb4f349c4974fa","6a9da8ea8e5c6190712ed857","2026-09-06 13:57"
"NORTHEASTGOD","65e0ff94c1294fdd6dc5dc4c","MARLON","676d5a15801d2d75f4d6d09e","6a9da8f28e5c6190712ed865","2026-09-06 13:58"
"Asteroid","69dbdc1efb7bdfcff7ddf99d","Worst Player Ever","68c9b96af5632a4e71ec8b8c","6a9da8988e5c6190712ed721","2026-09-06 13:58"
"Unc","6876a81aaf5ea16088df663a","Kuba","6744ee112d6c958a853b52a6","6a9da851b954b6be36abf3eb","2026-09-06 13:58"
"Skcmj","669bbdca232879fb8fd85725","Fenix","5ba8fe22a8e5d55294d5801a","6a9da8a48e5c6190712ed758","2026-09-06 13:58"
"supergaming","5dfe5cfd328e461c04d7fbf2","s7ymon.","689dea76e80ba00f3a8dbdc1","6a9da7a1b954b6be36abf24d","2026-09-06 13:59"
"Jakub","5bef0f16fa37262f1c2c2d68","Shakazaramesh","5ef2945bbb96627c9ce5f63f","6a9da8b28e5c6190712ed789","2026-09-06 13:59"
"Worst Player Ever","68c9b96af5632a4e71ec8b8c","Synxzy","62b9d279343a6042acb35fe8","6a9da9838e5c6190712eda71","2026-09-06 13:59"
"Bheegey Hont","62d15a560a598888deedb672","kuba.","68582b5f8e62427811441b60","6a9da9005a43d0a64f995bcf","2026-09-06 13:59"
"bodysfailing","69fd3dc20731483be6bd7038","Ant3k","61a0aa0b508e25000188294f","6a9da92d8e5c6190712ed917","2026-09-06 14:00"
"lecheur2pieds","663523ba8e313d3aa27852b0","sebastian","667d87ca8401bca3fee14649","6a9da95fb954b6be36abf668","2026-09-06 14:00"
"teddy bear","66f081f2bf4b230a2fcb970c","Pafo05","606cbe428716750001a4eb65","6a9da9dd5a43d0a64f995e2e","2026-09-06 14:00"
"lol pop","622f101c589b350001a7ea5f","Milksop","5e9364a52ad6cf6a40519573","6a9da92eb954b6be36abf5d6","2026-09-06 14:00"
"Worst Player Ever","68c9b96af5632a4e71ec8b8c","Synxzy","62b9d279343a6042acb35fe8","6a9da9838e5c6190712eda71","2026-09-06 14:00"
"Fenix","5ba8fe22a8e5d55294d5801a","Skcmj","669bbdca232879fb8fd85725","6a9da98c863f543a30d1237a","2026-09-06 14:00"
"wert31415","6797c0be0b7bd1c00269ac82","Skaven","684ffbcec374eb437a89fc20","6a9da82a5a43d0a64f995972","2026-09-06 14:00"
"Giancarlo Esposito","68e85bdb3f2cbbe915cbcd3d","男方鬆 - Mr. Nanfsong","6409beba17491edb5a32b684","6a9da95d8e5c6190712ed9df","2026-09-06 14:01"
"PLK","62179a5c8e88d400010d91ea","UNWRITTENCAT","659b1e04a83479f364f5ae61","6a9da94d8e5c6190712ed9a1","2026-09-06 14:01"
"🤖aaaaaaaaaaaaaaaaaa🤖","69751c89c3036f77b93fb696","mumami","69c5f6d3791d40cd91c6d117","6a9da7518e5c6190712ed2c8","2026-09-06 14:01"
"kuba.","68582b5f8e62427811441b60","Kayden","5759d0d2c3eb4f349c4974fa","6a9da9d5863f543a30d12423","2026-09-06 14:01"
"whueu-abi","694060fd0b5941c5cbe18cbf","Kuba","6744ee112d6c958a853b52a6","6a9da99f8e5c6190712edb18","2026-09-06 14:02"
"Worst Player Ever","68c9b96af5632a4e71ec8b8c","kuba.","68582b5f8e62427811441b60","6a9da9d7d6156877e122989c","2026-09-06 14:02"
"UNWRITTENCAT","659b1e04a83479f364f5ae61","dying sociopath","5aae066718399e2758306701","6a9daa6cb954b6be36abf8e5","2026-09-06 14:03"
"lecheur2pieds","663523ba8e313d3aa27852b0","bodysfailing","69fd3dc20731483be6bd7038","6a9daa1b5a43d0a64f995ee7","2026-09-06 14:04"
"Yanek","5e625daa90d6cfa438a867a6","tarcsa","60035ba331b2eb0001268660","6a9da9a8d6156877e1229836","2026-09-06 14:04"
"Skcmj","669bbdca232879fb8fd85725","Milksop","5e9364a52ad6cf6a40519573","6a9daa3b863f543a30d1253b","2026-09-06 14:04"
"Bheegey Hont","62d15a560a598888deedb672","wert31415","6797c0be0b7bd1c00269ac82","6a9daa0c5a43d0a64f995ec2","2026-09-06 14:04"
"Anonymous","62517d69bf2d9b52f4682c70","Worst Player Ever","68c9b96af5632a4e71ec8b8c","6a9daa7f863f543a30d125e5","2026-09-06 14:04"
"kuba.","68582b5f8e62427811441b60","Kubson","63be7fdebd54e6a7f756f9d1","6a9daa518e5c6190712edd3d","2026-09-06 14:04"
"Giancarlo Esposito","68e85bdb3f2cbbe915cbcd3d","teddy bear","66f081f2bf4b230a2fcb970c","6a9daa3cb954b6be36abf86d","2026-09-06 14:05"
"MARLON","676d5a15801d2d75f4d6d09e","Asteroid","69dbdc1efb7bdfcff7ddf99d","6a9da9af8e5c6190712edb49","2026-09-06 14:05"
"Pafo05","606cbe428716750001a4eb65","Zecdi","5a9db2143bc43c5498425803","6a9daa278e5c6190712edca2","2026-09-06 14:05"
"PLK","62179a5c8e88d400010d91ea","男方鬆 - Mr. Nanfsong","6409beba17491edb5a32b684","6a9daa595a43d0a64f995fa4","2026-09-06 14:06"
"kuba.","68582b5f8e62427811441b60","Kuba","6744ee112d6c958a853b52a6","6a9daa8d8e5c6190712ede13","2026-09-06 14:06"
"bodysfailing","69fd3dc20731483be6bd7038","lecheur2pieds","663523ba8e313d3aa27852b0","6a9daadd5a43d0a64f99611c","2026-09-06 14:07"
"dying sociopath","5aae066718399e2758306701","Giancarlo Esposito","68e85bdb3f2cbbe915cbcd3d","6a9dab418e5c6190712ee08e","2026-09-06 14:07"
"GeoKitten :3","6a60cb66561c205d0831e2ad","SignpostSlayer","5cd1da5575345f65c86dea02","6a9da863d6156877e1229530","2026-09-06 14:07"
"Jakub","5bef0f16fa37262f1c2c2d68","Shakazaramesh","5ef2945bbb96627c9ce5f63f","6a9da9be863f543a30d123f2","2026-09-06 14:07"
"kuba.","68582b5f8e62427811441b60","Worst Player Ever","68c9b96af5632a4e71ec8b8c","6a9dab135a43d0a64f9961c3","2026-09-06 14:07"
"Wudsch","6a69e0dcac05d4a8aa4819fb","Kayden","5759d0d2c3eb4f349c4974fa","6a9dab3b5a43d0a64f99622d","2026-09-06 14:07"
"UNWRITTENCAT","659b1e04a83479f364f5ae61","whueu-abi","694060fd0b5941c5cbe18cbf","6a9daacf8e5c6190712edeef","2026-09-06 14:08"
"Synxzy","62b9d279343a6042acb35fe8","Skcmj","669bbdca232879fb8fd85725","6a9dab0f863f543a30d12764","2026-09-06 14:08"
"kuba.","68582b5f8e62427811441b60","cryptal","68da8c9b361db7a9867df6ec","6a9dab6c8e5c6190712ee118","2026-09-06 14:09"
"lecheur2pieds","663523ba8e313d3aa27852b0","Giancarlo Esposito","68e85bdb3f2cbbe915cbcd3d","6a9dabdf205b30231b3d3312","2026-09-06 14:10"
"teddy bear","66f081f2bf4b230a2fcb970c","男方鬆 - Mr. Nanfsong","6409beba17491edb5a32b684","6a9dab75b954b6be36abfb56","2026-09-06 14:10"
"mumami","69c5f6d3791d40cd91c6d117","Voro","5a8f1e5d98cc2c6744a8a135","6a9daae95a43d0a64f996141","2026-09-06 14:10"
"wert31415","6797c0be0b7bd1c00269ac82","Milksop","5e9364a52ad6cf6a40519573","6a9dab148e5c6190712edfda","2026-09-06 14:10"
"Asteroid","69dbdc1efb7bdfcff7ddf99d","Kuba","6744ee112d6c958a853b52a6","6a9dab595a43d0a64f996264","2026-09-06 14:11"
"kuba.","68582b5f8e62427811441b60","Wudsch","6a69e0dcac05d4a8aa4819fb","6a9dabccb954b6be36abfc5b","2026-09-06 14:11"
"Nitorip","60b4e24e49269d00013fa878","Worst Player Ever","68c9b96af5632a4e71ec8b8c","6a9dabb05a43d0a64f99636a","2026-09-06 14:11"
"MARLON","676d5a15801d2d75f4d6d09e","Yanek","5e625daa90d6cfa438a867a6","6a9dab95d6156877e1229cf0","2026-09-06 14:12"
"捲菸的菸草不來自後山","6372795ba9204b943dd562cf","Anonymous","62517d69bf2d9b52f4682c70","6a9dab4f1e7857ed600c5fb3","2026-09-06 14:12"
"Synxzy","62b9d279343a6042acb35fe8","GeoKitten :3","6a60cb66561c205d0831e2ad","6a9dac2f5a43d0a64f996513","2026-09-06 14:12"
"Maksonic","619d09bdc4ab7000016c68d3","Giancarlo Esposito","68e85bdb3f2cbbe915cbcd3d","6a9dac66863f543a30d12af2","2026-09-06 14:13"
"Rasender","5d36bec124ec173888d3a33a","tarcsa","60035ba331b2eb0001268660","6a9daaf4863f543a30d12727","2026-09-06 14:13"
"Fenix","5ba8fe22a8e5d55294d5801a","Bankz","6632068e2d673f57895aa438","6a9dac0d5a43d0a64f9964a1","2026-09-06 14:13"
"teddy bear","66f081f2bf4b230a2fcb970c","whueu-abi","694060fd0b5941c5cbe18cbf","6a9dac7b863f543a30d12b2d","2026-09-06 14:14"
"val1d","63875de4e55ec4234b26d1fb","UNWRITTENCAT","659b1e04a83479f364f5ae61","6a9dabf98e5c6190712ee305","2026-09-06 14:14"
"mumami","69c5f6d3791d40cd91c6d117","Kuba","6744ee112d6c958a853b52a6","6a9dac998e5c6190712ee543","2026-09-06 14:14"
"Bheegey Hont","62d15a560a598888deedb672","Ayli","6381e9f58453af043b2f4206","6a9dac008e5c6190712ee315","2026-09-06 14:14"
"Yanek","5e625daa90d6cfa438a867a6","lecheur2pieds","663523ba8e313d3aa27852b0","6a9dace08e5c6190712ee617","2026-09-06 14:15"
"whueu-abi","694060fd0b5941c5cbe18cbf","justachair","5e07eecc1b34a05538118ee3","6a9dad37b954b6be36ac0048","2026-09-06 14:15"
"kuba.","68582b5f8e62427811441b60","Worst Player Ever","68c9b96af5632a4e71ec8b8c","6a9dacc45a43d0a64f99668d","2026-09-06 14:15"
"lol pop","622f101c589b350001a7ea5f","Blanecin","5e8781f3b3ec177638be489a","6a9dab931e7857ed600c6040","2026-09-06 14:15"
"Egorsmol","60c7cce623bc770001651df5","NorthKoreaEnjoyer","6a5776b9557fa0b8070897d7","6a9dac62b954b6be36abfe05","2026-09-06 14:15"
"BrianBrobbey","6a7c8155731b5e298427b074","lizzie","6500ace9bf47f5b79019bd12","6a9dac2f1e7857ed600c6216","2026-09-06 14:16"
"Shakazaramesh","5ef2945bbb96627c9ce5f63f","Skaven","684ffbcec374eb437a89fc20","6a9dacc8d6156877e122a001","2026-09-06 14:16"
"kuba.","68582b5f8e62427811441b60","whueu-abi","694060fd0b5941c5cbe18cbf","6a9dad941e7857ed600c65b5","2026-09-06 14:17"
"SignpostSlayer","5cd1da5575345f65c86dea02","Next","6080a368f1a498000103e1ae","6a9dabe9863f543a30d129b5","2026-09-06 14:17"
"Unc","6876a81aaf5ea16088df663a","Blanecin","5e8781f3b3ec177638be489a","6a9dad85b954b6be36ac0123","2026-09-06 14:17"
"Kuba","6744ee112d6c958a853b52a6","Ayli","6381e9f58453af043b2f4206","6a9dad498e5c6190712ee7d9","2026-09-06 14:17"
"steelik","5c8952067235f956d80440cc","Bheegey Hont","62d15a560a598888deedb672","6a9dad43b954b6be36ac0064","2026-09-06 14:17"
"greguiz","60af1407ce6bd2000128aaba","tarcsa","60035ba331b2eb0001268660","6a9dad34863f543a30d12d08","2026-09-06 14:18"
"Firma","5ff879f9ce04930001f6ee64","irrational","65ba97ce8b2ba0c747ffa3b7","6a9da94f8e5c6190712ed9a4","2026-09-06 14:18"
"MARLON","676d5a15801d2d75f4d6d09e","GeoKitten :3","6a60cb66561c205d0831e2ad","6a9dacee5a43d0a64f996702","2026-09-06 14:18"
"mumami","69c5f6d3791d40cd91c6d117","Luis","63b523e80510075fa39aeabc","6a9dad7e863f543a30d12de8","2026-09-06 14:18"
"Moritz","604e275b66c3940001ee30ed","GeoMax","610ade6208061c000158624f","6a9dac158e5c6190712ee363","2026-09-06 14:18"
"Anonymous","62517d69bf2d9b52f4682c70","Voro","5a8f1e5d98cc2c6744a8a135","6a9dacefd6156877e122a06c","2026-09-06 14:18"
"Wudsch","6a69e0dcac05d4a8aa4819fb","wert31415","6797c0be0b7bd1c00269ac82","6a9dacb4b954b6be36abfecb","2026-09-06 14:18"
"Giancarlo Esposito","68e85bdb3f2cbbe915cbcd3d","UNWRITTENCAT","659b1e04a83479f364f5ae61","6a9dad6ed6156877e122a206","2026-09-06 14:19"
"Bheegey Hont","62d15a560a598888deedb672","Loars_","67c023fa843f4449095fd251","6a9dae2fd6156877e122a41d","2026-09-06 14:19"
"Yanek","5e625daa90d6cfa438a867a6","lecheur2pieds","663523ba8e313d3aa27852b0","6a9dad92863f543a30d12e0c","2026-09-06 14:20"
"Jonas","661ad4c4073f663c21b57fe6","kuba.","68582b5f8e62427811441b60","6a9dada71e7857ed600c65e7","2026-09-06 14:20"
"Kuba","6744ee112d6c958a853b52a6","Synxzy","62b9d279343a6042acb35fe8","6a9dadf4b954b6be36ac023c","2026-09-06 14:20"
"TechimanGuesser","69763f0e293ac365ce659dca","Jeremi","6007886fcafc2e00011be9cd","6a9dae2f8e5c6190712eeb56","2026-09-06 14:20"
"GeoKitten :3","6a60cb66561c205d0831e2ad","Anonymous","62517d69bf2d9b52f4682c70","6a9dae4b5a43d0a64f996b8e","2026-09-06 14:21"
"kuba.","68582b5f8e62427811441b60","teddy bear","66f081f2bf4b230a2fcb970c","6a9dae411e7857ed600c6783","2026-09-06 14:21"
"BrianBrobbey","6a7c8155731b5e298427b074","YE","5ed98ed7f4788b3eacfe9d0a","6a9dae37863f543a30d12fe8","2026-09-06 14:22"
"NorthKoreaEnjoyer","6a5776b9557fa0b8070897d7","Wudsch","6a69e0dcac05d4a8aa4819fb","6a9dae848e5c6190712eec84","2026-09-06 14:22"
"Maksonic","619d09bdc4ab7000016c68d3","Giancarlo Esposito","68e85bdb3f2cbbe915cbcd3d","6a9dae728e5c6190712eec45","2026-09-06 14:23"
"Doofist","68f3a854d35e604bd5617bb2","Synxzy","62b9d279343a6042acb35fe8","6a9daec98e5c6190712eed70","2026-09-06 14:23"
"Kuba","6744ee112d6c958a853b52a6","Unc","6876a81aaf5ea16088df663a","6a9daead8e5c6190712eed13","2026-09-06 14:23"
"Shakazaramesh","5ef2945bbb96627c9ce5f63f","Egorsmol","60c7cce623bc770001651df5","6a9dadcd8e5c6190712ee9e8","2026-09-06 14:23"
"tarcsa","60035ba331b2eb0001268660","MARLON","676d5a15801d2d75f4d6d09e","6a9dae4a1e7857ed600c67a0","2026-09-06 14:24"
"teddy bear","66f081f2bf4b230a2fcb970c","kuba.","68582b5f8e62427811441b60","6a9daf1b5a43d0a64f996e4b","2026-09-06 14:24"
"teddy bear","66f081f2bf4b230a2fcb970c","kuba.","68582b5f8e62427811441b60","6a9daf1b5a43d0a64f996e4b","2026-09-06 14:24"
"Unc","6876a81aaf5ea16088df663a","Kubson","63be7fdebd54e6a7f756f9d1","6a9daf78d6156877e122a7c7","2026-09-06 14:24"
"Jonas","661ad4c4073f663c21b57fe6","Wudsch","6a69e0dcac05d4a8aa4819fb","6a9daf38d6156877e122a715","2026-09-06 14:25"
"PLK","62179a5c8e88d400010d91ea","teddy bear","66f081f2bf4b230a2fcb970c","6a9daf2c1e7857ed600c69cd","2026-09-06 14:26"
"mumami","69c5f6d3791d40cd91c6d117","Luis","63b523e80510075fa39aeabc","6a9dae511e7857ed600c67ad","2026-09-06 14:26"
"m4PHI","6465f8a8196d74dad5532e0f","lecheur2pieds","663523ba8e313d3aa27852b0","6a9daf588e5c6190712eefe0","2026-09-06 14:27"
"teddy bear","66f081f2bf4b230a2fcb970c","Giancarlo Esposito","68e85bdb3f2cbbe915cbcd3d","6a9daf775a43d0a64f996fc0","2026-09-06 14:27"
"Kingi","60710278c5c3340001822cbe","kuba.","68582b5f8e62427811441b60","6a9daf9a8e5c6190712ef11f","2026-09-06 14:27"
"Shakazaramesh","5ef2945bbb96627c9ce5f63f","Kuba","6744ee112d6c958a853b52a6","6a9daf59d6156877e122a770","2026-09-06 14:27"
"kuba.","68582b5f8e62427811441b60","teddy bear","66f081f2bf4b230a2fcb970c","6a9dafb68e5c6190712ef188","2026-09-06 14:28"
"GeoKitten :3","6a60cb66561c205d0831e2ad","Doofist","68f3a854d35e604bd5617bb2","6a9daf555a43d0a64f996f23","2026-09-06 14:28"
"Kuba","6744ee112d6c958a853b52a6","Moritz","604e275b66c3940001ee30ed","6a9db0509a5ebf32bef13f7a","2026-09-06 14:28"
"Giancarlo Esposito","68e85bdb3f2cbbe915cbcd3d","teddy bear","66f081f2bf4b230a2fcb970c","6a9db046c8745cc28e3f9c9f","2026-09-06 14:29"
"UNWRITTENCAT","659b1e04a83479f364f5ae61","PLK","62179a5c8e88d400010d91ea","6a9db027c8745cc28e3f9c04","2026-09-06 14:29"
"kuba.","68582b5f8e62427811441b60","Jonas","661ad4c4073f663c21b57fe6","6a9db042863f543a30d13607","2026-09-06 14:29"
"Synxzy","62b9d279343a6042acb35fe8","Nev","66d611e9be1daddf56607d5b","6a9daf93d6156877e122a80f","2026-09-06 14:29"
"Wudsch","6a69e0dcac05d4a8aa4819fb","Jannik","6a0c58030808c41cb15866fe","6a9db00e863f543a30d13581","2026-09-06 14:29"
"Herkules","5c225d3e3e41f81dd0eecc08","Shakazaramesh","5ef2945bbb96627c9ce5f63f","6a9db05fc8745cc28e3f9d0b","2026-09-06 14:29"
"whueu-abi","694060fd0b5941c5cbe18cbf","Kingi","60710278c5c3340001822cbe","6a9db07ac8745cc28e3f9d89","2026-09-06 14:30"
"Luxus","64d905c29860ac321bb0ddc5","Voro","5a8f1e5d98cc2c6744a8a135","6a9dae8bd6156877e122a524","2026-09-06 14:30"
"teddy bear","66f081f2bf4b230a2fcb970c","kuba.","68582b5f8e62427811441b60","6a9db093863f543a30d136d8","2026-09-06 14:31"
"Doofist","68f3a854d35e604bd5617bb2","kaleiss","654d0e4520681e7049600f03","6a9db08b8e5c6190712ef400","2026-09-06 14:31"
"Saywakler","67c2ed225b3081106fa85143","Stahu","5c4c5e963d925b4af4b88080","6a9dafeb8e5c6190712ef241","2026-09-06 14:31"
"wang4wc2027(徒弟yang)","64df30f334185dd27cf839a7","Giancarlo Esposito","68e85bdb3f2cbbe915cbcd3d","6a9db0ef8e5c6190712ef538","2026-09-06 14:32"
"teddy bear","66f081f2bf4b230a2fcb970c","kuba.","68582b5f8e62427811441b60","6a9db0cec8745cc28e3f9efa","2026-09-06 14:32"
"Jonas","661ad4c4073f663c21b57fe6","Wudsch","6a69e0dcac05d4a8aa4819fb","6a9db0de863f543a30d13799","2026-09-06 14:32"
"lol pop","622f101c589b350001a7ea5f","🤖aaaaaaaaaaaaaaaaaa🤖","69751c89c3036f77b93fb696","6a9dae758e5c6190712eec4c","2026-09-06 14:32"
"tozangezan","5a33d4491cbd1560d0eaed6b","Arnonono","5f283a199a6d6e0001a7ee15","6a9dae7d8e5c6190712eec6b","2026-09-06 14:32"
"NorthKoreaEnjoyer","6a5776b9557fa0b8070897d7","STERYD997","602d0052e4d3e90001a21d48","6a9db132c8745cc28e3fa0c7","2026-09-06 14:32"
"teddy bear","66f081f2bf4b230a2fcb970c","PLK","62179a5c8e88d400010d91ea","6a9db0f56258d6f85da70b05","2026-09-06 14:33"
"Firma","5ff879f9ce04930001f6ee64","Yanek","5e625daa90d6cfa438a867a6","6a9daebd863f543a30d1319a","2026-09-06 14:34"
"Maksonic","619d09bdc4ab7000016c68d3","UNWRITTENCAT","659b1e04a83479f364f5ae61","6a9db119c8745cc28e3fa050","2026-09-06 14:34"
"whueu-abi","694060fd0b5941c5cbe18cbf","Kingi","60710278c5c3340001822cbe","6a9db141c8745cc28e3fa117","2026-09-06 14:34"
"GeoMax","610ade6208061c000158624f","Peter","604b32c70a8833000197ff31","6a9daf785a43d0a64f996fc5","2026-09-06 14:34"
"Ripailloux","5f05fde774184e2f78733b0b","steelik","5c8952067235f956d80440cc","6a9db11f1e7857ed600c6ee9","2026-09-06 14:34"
"Giancarlo Esposito","68e85bdb3f2cbbe915cbcd3d","teddy bear","66f081f2bf4b230a2fcb970c","6a9db182c8745cc28e3fa24c","2026-09-06 14:35"
"Doofist","68f3a854d35e604bd5617bb2","kuba.","68582b5f8e62427811441b60","6a9db172b954b6be36ac0ac1","2026-09-06 14:35"
"Jonas","661ad4c4073f663c21b57fe6","PLK","62179a5c8e88d400010d91ea","6a9db1dcc8745cc28e3fa417","2026-09-06 14:36"
"Fenix","5ba8fe22a8e5d55294d5801a","Shakazaramesh","5ef2945bbb96627c9ce5f63f","6a9db0e1c8745cc28e3f9f50","2026-09-06 14:36"
"teddy bear","66f081f2bf4b230a2fcb970c","kuba.","68582b5f8e62427811441b60","6a9db1b4c8745cc28e3fa356","2026-09-06 14:37"
"🤖aaaaaaaaaaaaaaaaaa🤖","69751c89c3036f77b93fb696","TechimanGuesser","69763f0e293ac365ce659dca","6a9db19cc8745cc28e3fa2d8","2026-09-06 14:37"
"UNWRITTENCAT","659b1e04a83479f364f5ae61","whueu-abi","694060fd0b5941c5cbe18cbf","6a9db2005a43d0a64f9975c3","2026-09-06 14:38"
"Egorsmol","60c7cce623bc770001651df5","seven³","67cb3e4e3d2dc435a0a325e7","6a9db1b6b954b6be36ac0ba8","2026-09-06 14:38"
"Peter","604b32c70a8833000197ff31","kaleiss","654d0e4520681e7049600f03","6a9db1edc8745cc28e3fa477","2026-09-06 14:38"
"steelik","5c8952067235f956d80440cc","Jannik","6a0c58030808c41cb15866fe","6a9db2668e5c6190712ef97a","2026-09-06 14:38"
"PLK","62179a5c8e88d400010d91ea","kuba.","68582b5f8e62427811441b60","6a9db27bc8745cc28e3fa724","2026-09-06 14:39"
"🤖aaaaaaaaaaaaaaaaaa🤖","69751c89c3036f77b93fb696","lágrima de luva","60823b72d59d1b0001227506","6a9db2be8e5c6190712efa4e","2026-09-06 14:39"
"whueu-abi","694060fd0b5941c5cbe18cbf","UNWRITTENCAT","659b1e04a83479f364f5ae61","6a9db30ec8745cc28e3faa03","2026-09-06 14:40"
"Jonas","661ad4c4073f663c21b57fe6","kuba.","68582b5f8e62427811441b60","6a9db29dc8745cc28e3fa7c5","2026-09-06 14:40"
"Shakazaramesh","5ef2945bbb96627c9ce5f63f","tb_ro","603e081bd3dc740001da90e8","6a9db269d6156877e122addf","2026-09-06 14:40"
"Rimmertb","5e1f6932dba5105d845b333b","Next","6080a368f1a498000103e1ae","6a9db10fc8745cc28e3fa030","2026-09-06 14:40"
"sebastian","667d87ca8401bca3fee14649","teddy bear","66f081f2bf4b230a2fcb970c","6a9db2bfc8745cc28e3fa85e","2026-09-06 14:41"
"PLK","62179a5c8e88d400010d91ea","kuba.","68582b5f8e62427811441b60","6a9db32ec8745cc28e3faaad","2026-09-06 14:41"
"Kingi","60710278c5c3340001822cbe","Ripailloux","5f05fde774184e2f78733b0b","6a9db20d863f543a30d13a67","2026-09-06 14:41"
"masamune","60b36d8fbba4ea0001ba5dc5","🦎Roi Lézard","6624098671203610beece184","6a9db2afc8745cc28e3fa824","2026-09-06 14:41"
"GeoKitten :3","6a60cb66561c205d0831e2ad","tarcsa","60035ba331b2eb0001268660","6a9db0d9c8745cc28e3f9f34","2026-09-06 14:42"
"steelik","5c8952067235f956d80440cc","Wudsch","6a69e0dcac05d4a8aa4819fb","6a9db368c8745cc28e3fabc8","2026-09-06 14:42"
"PLK","62179a5c8e88d400010d91ea","teddy bear","66f081f2bf4b230a2fcb970c","6a9db3b2c8745cc28e3fad24","2026-09-06 14:43"
"lágrima de luva","60823b72d59d1b0001227506","Doofist","68f3a854d35e604bd5617bb2","6a9db2ecc8745cc28e3fa94e","2026-09-06 14:43"
"kuba.","68582b5f8e62427811441b60","whueu-abi","694060fd0b5941c5cbe18cbf","6a9db3981e7857ed600c7410","2026-09-06 14:44"
"tozangezan","5a33d4491cbd1560d0eaed6b","Jazzonne","638bcf412c734faf1bcce61e","6a9db1b6bb0fbd2257143e23","2026-09-06 14:45"
"TechimanGuesser","69763f0e293ac365ce659dca","Vdiitgger","61424662f5f26100019d778b","6a9db2d1d6156877e122ae99","2026-09-06 14:45"
"UNWRITTENCAT","659b1e04a83479f364f5ae61","vukGG","6384aef735180c664babf36e","6a9db37ec8745cc28e3fac2f","2026-09-06 14:46"
"steelik","5c8952067235f956d80440cc","Wudsch","6a69e0dcac05d4a8aa4819fb","6a9db3fa205b30231b3d444e","2026-09-06 14:46"
"lecheur2pieds","663523ba8e313d3aa27852b0","sebastian","667d87ca8401bca3fee14649","6a9db4258e5c6190712efe6c","2026-09-06 14:47"
"Jonas","661ad4c4073f663c21b57fe6","PLK","62179a5c8e88d400010d91ea","6a9db43cc8745cc28e3fafc8","2026-09-06 14:47"
"kuba.","68582b5f8e62427811441b60","whueu-abi","694060fd0b5941c5cbe18cbf","6a9db4468e5c6190712efebf","2026-09-06 14:47"
"Kuba","6744ee112d6c958a853b52a6","Leo","643ee35e420a82ec7b9e79cc","6a9db418c8745cc28e3faf00","2026-09-06 14:47"
"steelik","5c8952067235f956d80440cc","Wudsch","6a69e0dcac05d4a8aa4819fb","6a9db4c9c8745cc28e3fb2c0","2026-09-06 14:47"
"UNWRITTENCAT","659b1e04a83479f364f5ae61","teddy bear","66f081f2bf4b230a2fcb970c","6a9db4d0c8745cc28e3fb2db","2026-09-06 14:48"
"Tomek5_5","606e09423667bc0001ad663d","NORTHEASTGOD","65e0ff94c1294fdd6dc5dc4c","6a9db3c7c8745cc28e3fad92","2026-09-06 14:48"
"Egorsmol","60c7cce623bc770001651df5","Peter","604b32c70a8833000197ff31","6a9db3041e7857ed600c72eb","2026-09-06 14:48"
"Shakazaramesh","5ef2945bbb96627c9ce5f63f","Next","6080a368f1a498000103e1ae","6a9db38bc8745cc28e3fac64","2026-09-06 14:48"
"steelik","5c8952067235f956d80440cc","Wudsch","6a69e0dcac05d4a8aa4819fb","6a9db51fc8745cc28e3fb489","2026-09-06 14:48"
"vukGG","6384aef735180c664babf36e","PLK","62179a5c8e88d400010d91ea","6a9db4f9c8745cc28e3fb3c6","2026-09-06 14:49"
"Ripailloux","5f05fde774184e2f78733b0b","Yarik","676e524ee37422d9da0e161a","6a9db3b6c8745cc28e3fad3f","2026-09-06 14:49"
"lágrima de luva","60823b72d59d1b0001227506","ElViejoFran420","66dc17fc166b047fc041d4c0","6a9db454c8745cc28e3fb03d","2026-09-06 14:50"
"lecheur2pieds","663523ba8e313d3aa27852b0","Yanek","5e625daa90d6cfa438a867a6","6a9db4fac8745cc28e3fb3cd","2026-09-06 14:51"
"🤖aaaaaaaaaaaaaaaaaa🤖","69751c89c3036f77b93fb696","mirai","658cfaf8c12126a89d3c98fb","6a9db362205b30231b3d4314","2026-09-06 14:51"
"kenny","65cbc406504fe72cd8cea23e","GeoKitten :3","6a60cb66561c205d0831e2ad","6a9db58bb614ccc80a746cab","2026-09-06 14:52"
"UNWRITTENCAT","659b1e04a83479f364f5ae61","teddy bear","66f081f2bf4b230a2fcb970c","6a9db564c8745cc28e3fb5cb","2026-09-06 14:52"
"NORTHEASTGOD","65e0ff94c1294fdd6dc5dc4c","kuba.","68582b5f8e62427811441b60","6a9db537c8745cc28e3fb501","2026-09-06 14:52"
"Kingi","60710278c5c3340001822cbe","Kuba","6744ee112d6c958a853b52a6","6a9db4ffc8745cc28e3fb3e2","2026-09-06 14:52"
"whueu-abi","694060fd0b5941c5cbe18cbf","Jonas","661ad4c4073f663c21b57fe6","6a9db521c8745cc28e3fb495","2026-09-06 14:52"
"Todjinou","60674f56a95f2c00017fa2fc","steelik","5c8952067235f956d80440cc","6a9db57bc8745cc28e3fb646","2026-09-06 14:52"
"TechimanGuesser","69763f0e293ac365ce659dca","Luiz Henrique","67ffcf4fce0f332d5553d6b4","6a9db49d5a43d0a64f997b9f","2026-09-06 14:53"
"Bad At Geo","5d46b0bb3b4b6a4968620f7b","tarcsa","60035ba331b2eb0001268660","6a9db4ba863f543a30d1406f","2026-09-06 14:54"
"Maksonic","619d09bdc4ab7000016c68d3","sebastian","667d87ca8401bca3fee14649","6a9db52a1e7857ed600c7808","2026-09-06 14:54"
"niwai","63bcf9051465b5b236749d8f","Rasender","5d36bec124ec173888d3a33a","6a9db32a8e5c6190712efba0","2026-09-06 14:54"
"Egorsmol","60c7cce623bc770001651df5","Leo","643ee35e420a82ec7b9e79cc","6a9db572c8745cc28e3fb60e","2026-09-06 14:54"
"Shakazaramesh","5ef2945bbb96627c9ce5f63f","Next","6080a368f1a498000103e1ae","6a9db544c8745cc28e3fb52c","2026-09-06 14:54"
"Kubson","63be7fdebd54e6a7f756f9d1","Timbo","6352c05ddc57c324dba7d12f","6a9db648c8745cc28e3fba83","2026-09-06 14:54"
"kuba.","68582b5f8e62427811441b60","steelik","5c8952067235f956d80440cc","6a9db639c8745cc28e3fba31","2026-09-06 14:55"
"Antigs","5fb70fb9e2c593000135b6e0","SigmaLigma","641e0c54c1155de1803057b1","6a9db56cc8745cc28e3fb5f3","2026-09-06 14:55"
"lecheur2pieds","663523ba8e313d3aa27852b0","Yanek","5e625daa90d6cfa438a867a6","6a9db5ffc8745cc28e3fb8f6","2026-09-06 14:56"
"NORTHEASTGOD","65e0ff94c1294fdd6dc5dc4c","PLK","62179a5c8e88d400010d91ea","6a9db626863f543a30d1442a","2026-09-06 14:56"
"teddy bear","66f081f2bf4b230a2fcb970c","UNWRITTENCAT","659b1e04a83479f364f5ae61","6a9db6298e5c6190712f0424","2026-09-06 14:56"
"kuba.","68582b5f8e62427811441b60","Jonas","661ad4c4073f663c21b57fe6","6a9db653c8745cc28e3fbab9","2026-09-06 14:56"
"Kubson","63be7fdebd54e6a7f756f9d1","Wudsch","6a69e0dcac05d4a8aa4819fb","6a9db6a3c8745cc28e3fbc4e","2026-09-06 14:56"
"sebastian","667d87ca8401bca3fee14649","lebron-3","694357bf716cf71c98f96b42","6a9db6cbb841a990e0b97940","2026-09-06 14:58"
"Kingi","60710278c5c3340001822cbe","tarcsa","60035ba331b2eb0001268660","6a9db6cb1e7857ed600c7b65","2026-09-06 14:58"
"PLK","62179a5c8e88d400010d91ea","kuba.","68582b5f8e62427811441b60","6a9db71dc8745cc28e3fbe7a","2026-09-06 14:58"
"kenny","65cbc406504fe72cd8cea23e","GeoKitten :3","6a60cb66561c205d0831e2ad","6a9db65f8e5c6190712f04c4","2026-09-06 14:59"
"NORTHEASTGOD","65e0ff94c1294fdd6dc5dc4c","teddy bear","66f081f2bf4b230a2fcb970c","6a9db731c8745cc28e3fbef8","2026-09-06 14:59"
"SigmaLigma","641e0c54c1155de1803057b1","UpliftingPeninsula263","66b80145236f1a4e4d55036f","6a9db734c8745cc28e3fbf07","2026-09-06 14:59"
"Kuba","6744ee112d6c958a853b52a6","🤖aaaaaaaaaaaaaaaaaa🤖","69751c89c3036f77b93fb696","6a9db63ec8745cc28e3fba45","2026-09-06 14:59"
"ElViejoFran420","66dc17fc166b047fc041d4c0","lágrima de luva","60823b72d59d1b0001227506","6a9db5dbc8745cc28e3fb82e","2026-09-06 14:59"
"Kubson","63be7fdebd54e6a7f756f9d1","steelik","5c8952067235f956d80440cc","6a9db70e863f543a30d1463b","2026-09-06 14:59"
"TechimanGuesser","69763f0e293ac365ce659dca","Next","6080a368f1a498000103e1ae","6a9db6d2c8745cc28e3fbd0d","2026-09-06 14:59"
"UNWRITTENCAT","659b1e04a83479f364f5ae61","PLK","62179a5c8e88d400010d91ea","6a9db790c8745cc28e3fc083","2026-09-06 15:01"
"lecheur2pieds","663523ba8e313d3aa27852b0","Yanek","5e625daa90d6cfa438a867a6","6a9db749c8745cc28e3fbf5c","2026-09-06 15:02"
"SigmaLigma","641e0c54c1155de1803057b1","Kuba","6744ee112d6c958a853b52a6","6a9db7d2c8745cc28e3fc1d0","2026-09-06 15:03"
"sebastian","667d87ca8401bca3fee14649","lebron-3","694357bf716cf71c98f96b42","6a9db7e1c8745cc28e3fc21b","2026-09-06 15:04"
"Moritz","604e275b66c3940001ee30ed","lágrima de luva","60823b72d59d1b0001227506","6a9db81cc8745cc28e3fc352","2026-09-06 15:04"
"🤖aaaaaaaaaaaaaaaaaa🤖","69751c89c3036f77b93fb696","TechimanGuesser","69763f0e293ac365ce659dca","6a9db7e08e5c6190712f08e4","2026-09-06 15:04"
"Yanek","5e625daa90d6cfa438a867a6","lecheur2pieds","663523ba8e313d3aa27852b0","6a9db890c8745cc28e3fc58c","2026-09-06 15:06"
"Pasord","6669c659ca16186b5a3dbc35","Giancarlo Esposito","68e85bdb3f2cbbe915cbcd3d","6a9d9e50863f543a30d10674","2026-09-06 15:06"
"wisps","60ad03a48b6e1d00012f8e7e","masamune","60b36d8fbba4ea0001ba5dc5","6a9db7a18e5c6190712f0835","2026-09-06 15:06"
"Leo","643ee35e420a82ec7b9e79cc","1Kenma","67f1e53d840a2b6316eb1c59","6a9db864c8745cc28e3fc4b1","2026-09-06 15:06"
"kenny","65cbc406504fe72cd8cea23e","NORTHEASTGOD","65e0ff94c1294fdd6dc5dc4c","6a9db7fc8e5c6190712f094f","2026-09-06 15:07"
"Shakazaramesh","5ef2945bbb96627c9ce5f63f","UpliftingPeninsula263","66b80145236f1a4e4d55036f","6a9db7dd8e5c6190712f08de","2026-09-06 15:07"
"PLK","62179a5c8e88d400010d91ea","UNWRITTENCAT","659b1e04a83479f364f5ae61","6a9db868c8745cc28e3fc4c8","2026-09-06 15:08"
"lágrima de luva","60823b72d59d1b0001227506","Moritz","604e275b66c3940001ee30ed","6a9db962c8745cc28e3fc9b8","2026-09-06 15:08"
"boulgour","5b4d54f6f1dad60dd82b7c8a","Jazzonne","638bcf412c734faf1bcce61e","6a9db5388e5c6190712f017c","2026-09-06 15:08"
"Yanek","5e625daa90d6cfa438a867a6","lebron-3","694357bf716cf71c98f96b42","6a9db99ac8745cc28e3fcacf","2026-09-06 15:09"
"tarcsa","60035ba331b2eb0001268660","Rasender","5d36bec124ec173888d3a33a","6a9db8205a43d0a64f9982c4","2026-09-06 15:09"
"Kuba","6744ee112d6c958a853b52a6","SigmaLigma","641e0c54c1155de1803057b1","6a9db8ce1e7857ed600c7f7b","2026-09-06 15:09"
"masamune","60b36d8fbba4ea0001ba5dc5","UpliftingPeninsula263","66b80145236f1a4e4d55036f","6a9db9cdc8745cc28e3fcbb5","2026-09-06 15:09"
"sebastian","667d87ca8401bca3fee14649","teddy bear","66f081f2bf4b230a2fcb970c","6a9db946c8745cc28e3fc92c","2026-09-06 15:10"
"wichura240","68767692157557d5c76a0ab6","Flyme","603fff793e7bfc000156e274","6a9db961c8745cc28e3fc9af","2026-09-06 15:10"
"NORTHEASTGOD","65e0ff94c1294fdd6dc5dc4c","Ritchie","5ff84d182c4df40001592f85","6a9db9d1c8745cc28e3fcbcf","2026-09-06 15:11"
"Egorsmol","60c7cce623bc770001651df5","まっちゃあいす","63c5614f750d5027f914c047","6a9db8a9c8745cc28e3fc60e","2026-09-06 15:11"
"TechimanGuesser","69763f0e293ac365ce659dca","Next","6080a368f1a498000103e1ae","6a9db92cc8745cc28e3fc8a2","2026-09-06 15:11"
"lecheur2pieds","663523ba8e313d3aa27852b0","Yanek","5e625daa90d6cfa438a867a6","6a9dba49cd72607d3d1684d5","2026-09-06 15:12"
"UNWRITTENCAT","659b1e04a83479f364f5ae61","PLK","62179a5c8e88d400010d91ea","6a9dba168e5c6190712f0fc4","2026-09-06 15:12"
"Fenix","5ba8fe22a8e5d55294d5801a","tb_ro","603e081bd3dc740001da90e8","6a9dba52c8745cc28e3fcebc","2026-09-06 15:12"
"Leo","643ee35e420a82ec7b9e79cc","1Kenma","67f1e53d840a2b6316eb1c59","6a9db978c8745cc28e3fca15","2026-09-06 15:12"
"lágrima de luva","60823b72d59d1b0001227506","Moritz","604e275b66c3940001ee30ed","6a9dba09c8745cc28e3fcd16","2026-09-06 15:13"
"Kuba","6744ee112d6c958a853b52a6","SigmaLigma","641e0c54c1155de1803057b1","6a9dba318e5c6190712f102e","2026-09-06 15:13"
"sebastian","667d87ca8401bca3fee14649","Giancarlo Esposito","68e85bdb3f2cbbe915cbcd3d","6a9dba98c8745cc28e3fd018","2026-09-06 15:14"
"PLK","62179a5c8e88d400010d91ea","Ritchie","5ff84d182c4df40001592f85","6a9dbaf5c8745cc28e3fd205","2026-09-06 15:14"
"Major Bajor","5dec182b44d2a4a0f4feafaf","JustTacoo","60c61fff63fff800011701b5","6a9db412c8745cc28e3faeec","2026-09-06 15:14"
"TechimanGuesser","69763f0e293ac365ce659dca","tomus","665dad413a13d962ba9f8632","6a9dbac7863f543a30d14f70","2026-09-06 15:14"
"lebron-3","694357bf716cf71c98f96b42","kenny","65cbc406504fe72cd8cea23e","6a9dba85b954b6be36ac1f09","2026-09-06 15:15"
"teddy bear","66f081f2bf4b230a2fcb970c","Jonas","661ad4c4073f663c21b57fe6","6a9dba805a43d0a64f9987fc","2026-09-06 15:15"
"Ramzey","65f4b7001657435a2a817dd1","InfidelFiddler","64491466c22a35f95ce5f682","6a9db9fac8745cc28e3fccce","2026-09-06 15:15"
"masamune","60b36d8fbba4ea0001ba5dc5","UpliftingPeninsula263","66b80145236f1a4e4d55036f","6a9dba445a43d0a64f99874e","2026-09-06 15:15"
"lágrima de luva","60823b72d59d1b0001227506","Kuba","6744ee112d6c958a853b52a6","6a9dbb3e1e7857ed600c851e","2026-09-06 15:16"
"TechimanGuesser","69763f0e293ac365ce659dca","SigmaLigma","641e0c54c1155de1803057b1","6a9dbb5cc8745cc28e3fd40f","2026-09-06 15:16"
"teddy bear","66f081f2bf4b230a2fcb970c","Jonas","661ad4c4073f663c21b57fe6","6a9dbbb6863f543a30d151b0","2026-09-06 15:17"
"UNWRITTENCAT","659b1e04a83479f364f5ae61","Giancarlo Esposito","68e85bdb3f2cbbe915cbcd3d","6a9dbb77c8745cc28e3fd49d","2026-09-06 15:18"
"Ritchie","5ff84d182c4df40001592f85","PLK","62179a5c8e88d400010d91ea","6a9dbba68e5c6190712f14c0","2026-09-06 15:18"
"Yanek","5e625daa90d6cfa438a867a6","lecheur2pieds","663523ba8e313d3aa27852b0","6a9dbaf6b954b6be36ac2008","2026-09-06 15:19"
"lebron-3","694357bf716cf71c98f96b42","sebastian","667d87ca8401bca3fee14649","6a9dbba8b954b6be36ac2170","2026-09-06 15:19"
"Kuba","6744ee112d6c958a853b52a6","kuba.","68582b5f8e62427811441b60","6a9dbbebc8745cc28e3fd6bb","2026-09-06 15:19"
"NORTHEASTGOD","65e0ff94c1294fdd6dc5dc4c","Rasender","5d36bec124ec173888d3a33a","6a9dbaccb954b6be36ac1fbb","2026-09-06 15:20"
"Leo","643ee35e420a82ec7b9e79cc","Egorsmol","60c7cce623bc770001651df5","6a9dbae8c8745cc28e3fd1c9","2026-09-06 15:20"
"Yanek","5e625daa90d6cfa438a867a6","lecheur2pieds","663523ba8e313d3aa27852b0","6a9dbc748e5c6190712f16f3","2026-09-06 15:21"
"sebastian","667d87ca8401bca3fee14649","lebron-3","694357bf716cf71c98f96b42","6a9dbc85c8745cc28e3fd9d5","2026-09-06 15:22"
"kenny","65cbc406504fe72cd8cea23e","teddy bear","66f081f2bf4b230a2fcb970c","6a9dbc318e5c6190712f1634","2026-09-06 15:22"
"UNWRITTENCAT","659b1e04a83479f364f5ae61","NORTHEASTGOD","65e0ff94c1294fdd6dc5dc4c","6a9dbce6c8745cc28e3fdbc3","2026-09-06 15:22"
"Giancarlo Esposito","68e85bdb3f2cbbe915cbcd3d","PLK","62179a5c8e88d400010d91ea","6a9dbc6d6258d6f85da722e1","2026-09-06 15:22"
"https://www.twitch.tv/qule0","635d8550c15309de668daf99","kuba.","68582b5f8e62427811441b60","6a9dbca8c8745cc28e3fda8a","2026-09-06 15:22"
"keyo","63b0355078556747fa516558","Dissonans","60e09234213b0600019d912e","6a9dbcf9c8745cc28e3fdc28","2026-09-06 15:23"
"wichura240","68767692157557d5c76a0ab6","Blanecin","5e8781f3b3ec177638be489a","6a9dbc778e5c6190712f1718","2026-09-06 15:23"
"Jonas","661ad4c4073f663c21b57fe6","Kuba","6744ee112d6c958a853b52a6","6a9dbc94c8745cc28e3fda22","2026-09-06 15:24"
"SigmaLigma","641e0c54c1155de1803057b1","masamune","60b36d8fbba4ea0001ba5dc5","6a9dbc0bc8745cc28e3fd769","2026-09-06 15:24"
"Yanek","5e625daa90d6cfa438a867a6","lecheur2pieds","663523ba8e313d3aa27852b0","6a9dbd058e5c6190712f18ee","2026-09-06 15:25"
"Giancarlo Esposito","68e85bdb3f2cbbe915cbcd3d","kenny","65cbc406504fe72cd8cea23e","6a9dbd5bc8745cc28e3fde40","2026-09-06 15:25"
"curiosity","5bc76c7dfdd59823e4fb3ff5","Flyme","603fff793e7bfc000156e274","6a9dbdbac8745cc28e3fe056","2026-09-06 15:25"
"sebastian","667d87ca8401bca3fee14649","lebron-3","694357bf716cf71c98f96b42","6a9dbda7c8745cc28e3fe017","2026-09-06 15:26"
"niwai","63bcf9051465b5b236749d8f","Fenrys","60d8c06ddcd6370001961252","6a9dbc7ec8745cc28e3fd9a3","2026-09-06 15:26"
"UNWRITTENCAT","659b1e04a83479f364f5ae61","NORTHEASTGOD","65e0ff94c1294fdd6dc5dc4c","6a9dbd63c8745cc28e3fde8e","2026-09-06 15:26"
"Lillysbruder","6471c2e45410e20734aedca1","Owen","66a3e179154c74d83af4b4f3","6a9db8e61e7857ed600c7fa7","2026-09-06 15:26"
"Egorsmol","60c7cce623bc770001651df5","ScabTheSidewalk","691f64b9c0688aaea23c00dd","6a9dbcddc8745cc28e3fdb98","2026-09-06 15:26"
"Jazzonne","638bcf412c734faf1bcce61e","Alfred","5c5171d33d925b4af4b9bcbc","6a9dba54863f543a30d14e2a","2026-09-06 15:26"
"keyo","63b0355078556747fa516558","Dissonans","60e09234213b0600019d912e","6a9dbd8fc8745cc28e3fdf9a","2026-09-06 15:28"
"Jonas","661ad4c4073f663c21b57fe6","Kuba","6744ee112d6c958a853b52a6","6a9dbda08e5c6190712f1aec","2026-09-06 15:28"
"Giancarlo Esposito","68e85bdb3f2cbbe915cbcd3d","kenny","65cbc406504fe72cd8cea23e","6a9dbdeec8745cc28e3fe14e","2026-09-06 15:29"
"https://www.twitch.tv/qule0","635d8550c15309de668daf99","teddy bear","66f081f2bf4b230a2fcb970c","6a9dbd75c8745cc28e3fdf0f","2026-09-06 15:29"
"wisps","60ad03a48b6e1d00012f8e7e","SigmaLigma","641e0c54c1155de1803057b1","6a9dbdccc8745cc28e3fe0a9","2026-09-06 15:29"
"kuba.","68582b5f8e62427811441b60","wichura240","68767692157557d5c76a0ab6","6a9dbd67c8745cc28e3fdea4","2026-09-06 15:29"
"鹰娥朗","628e0d478e5ef3a3ca163627","TechimanGuesser","69763f0e293ac365ce659dca","6a9dbe518e5c6190712f1cdb","2026-09-06 15:29"
"tacocat 🌮 🐈","675a19ef5a75afba3b6908ea","teddy bear","66f081f2bf4b230a2fcb970c","6a9dbe16863f543a30d157b0","2026-09-06 15:30"
"Kuba","6744ee112d6c958a853b52a6","TechimanGuesser","69763f0e293ac365ce659dca","6a9dbecdc8745cc28e3fe589","2026-09-06 15:30"
"Yanek","5e625daa90d6cfa438a867a6","sebastian","667d87ca8401bca3fee14649","6a9dbe78c8745cc28e3fe407","2026-09-06 15:31"
"Luca","62faac056417c6c320e282de","SigmaLigma","641e0c54c1155de1803057b1","6a9dbf0bc8745cc28e3fe6ae","2026-09-06 15:31"
"Jonas","661ad4c4073f663c21b57fe6","teddy bear","66f081f2bf4b230a2fcb970c","6a9dbee9c8745cc28e3fe5fd","2026-09-06 15:31"
"Kuba","6744ee112d6c958a853b52a6","https://www.twitch.tv/qule0","635d8550c15309de668daf99","6a9dbf1bc8745cc28e3fe702","2026-09-06 15:31"
"wichura240","68767692157557d5c76a0ab6","curiosity","5bc76c7dfdd59823e4fb3ff5","6a9dbf32c8745cc28e3fe770","2026-09-06 15:31"
"keyo","63b0355078556747fa516558","Dissonans","60e09234213b0600019d912e","6a9dbeba8e5c6190712f1df4","2026-09-06 15:32"
"teddy bear","66f081f2bf4b230a2fcb970c","Ritchie","5ff84d182c4df40001592f85","6a9dbf3e8e5c6190712f1fa0","2026-09-06 15:32"
"Egorsmol","60c7cce623bc770001651df5","Fenrys","60d8c06ddcd6370001961252","6a9dbe578e5c6190712f1cea","2026-09-06 15:32"
"TechimanGuesser","69763f0e293ac365ce659dca","Yarik","676e524ee37422d9da0e161a","6a9dbf1bc8745cc28e3fe701","2026-09-06 15:32"
"Rasender","5d36bec124ec173888d3a33a","lebron-3","694357bf716cf71c98f96b42","6a9dbe3ec8745cc28e3fe2e6","2026-09-06 15:33"
"keyo","63b0355078556747fa516558","Dissonans","60e09234213b0600019d912e","6a9dbeba8e5c6190712f1df4","2026-09-06 15:33"
"Yanek","5e625daa90d6cfa438a867a6","sebastian","667d87ca8401bca3fee14649","6a9dbf69c8745cc28e3fe88f","2026-09-06 15:34"
"teddy bear","66f081f2bf4b230a2fcb970c","Ritchie","5ff84d182c4df40001592f85","6a9dbfa1c8745cc28e3fe9c2","2026-09-06 15:35"
"Jonas","661ad4c4073f663c21b57fe6","TropicalMountain447","67914253de4eb4f636d10283","6a9dbf7eb954b6be36ac29ca","2026-09-06 15:35"
"NORTHEASTGOD","65e0ff94c1294fdd6dc5dc4c","Alfred","5c5171d33d925b4af4b9bcbc","6a9dbea5c8745cc28e3fe4cc","2026-09-06 15:36"
"teddy bear","66f081f2bf4b230a2fcb970c","Dissonans","60e09234213b0600019d912e","6a9dbffec8745cc28e3febb9","2026-09-06 15:36"
"Shakazaramesh","5ef2945bbb96627c9ce5f63f","SigmaLigma","641e0c54c1155de1803057b1","6a9dbf508e5c6190712f1fcd","2026-09-06 15:36"
"teddy bear","66f081f2bf4b230a2fcb970c","Dissonans","60e09234213b0600019d912e","6a9dbffec8745cc28e3febb9","2026-09-06 15:37"
"Jannik","6a0c58030808c41cb15866fe","wichura240","68767692157557d5c76a0ab6","6a9dbf7dc8745cc28e3fe8fa","2026-09-06 15:37"
"Bad At Geo","5d46b0bb3b4b6a4968620f7b","sebastian","667d87ca8401bca3fee14649","6a9dc037c8745cc28e3fecd4","2026-09-06 15:38"
"lebron-3","694357bf716cf71c98f96b42","caco","62423c3dda40ac184851c4f0","6a9dc001c8745cc28e3febce","2026-09-06 15:38"
"kenny","65cbc406504fe72cd8cea23e","Giancarlo Esposito","68e85bdb3f2cbbe915cbcd3d","6a9dbedec8745cc28e3fe5d3","2026-09-06 15:38"
"keyo","63b0355078556747fa516558","UNWRITTENCAT","659b1e04a83479f364f5ae61","6a9dbfa68e5c6190712f20f7","2026-09-06 15:38"
"Kuba","6744ee112d6c958a853b52a6","Luca","62faac056417c6c320e282de","6a9dbf598e5c6190712f1fef","2026-09-06 15:38"
"Wndntt","67607c5f15734408543abb64","TechimanGuesser","69763f0e293ac365ce659dca","6a9dbf93c8745cc28e3fe972","2026-09-06 15:38"
"masamune","60b36d8fbba4ea0001ba5dc5","Kucerkaaa✨","66422b048e6606a3bc59724f","6a9dbf85c8745cc28e3fe92a","2026-09-06 15:38"
"Jonas","661ad4c4073f663c21b57fe6","teddy bear","66f081f2bf4b230a2fcb970c","6a9dc0bc205b30231b3d5fb8","2026-09-06 15:39"
"Ritchie","5ff84d182c4df40001592f85","Dissonans","60e09234213b0600019d912e","6a9dc0a7c8745cc28e3fefa8","2026-09-06 15:39"
"Giancarlo Esposito","68e85bdb3f2cbbe915cbcd3d","teddy bear","66f081f2bf4b230a2fcb970c","6a9dc0eb8e5c6190712f2510","2026-09-06 15:40"
"Fenrys","60d8c06ddcd6370001961252","Ygor","66e06ef0505c8f7f70ea3776","6a9dbfe0863f543a30d15b75","2026-09-06 15:40"
"SigmaLigma","641e0c54c1155de1803057b1","https://www.twitch.tv/qule0","635d8550c15309de668daf99","6a9dc0b0c8745cc28e3fefd7","2026-09-06 15:40"
"kaleiss","654d0e4520681e7049600f03","Shakazaramesh","5ef2945bbb96627c9ce5f63f","6a9dc08ac8745cc28e3feedd","2026-09-06 15:40"
"Bad At Geo","5d46b0bb3b4b6a4968620f7b","sebastian","667d87ca8401bca3fee14649","6a9dc11ec8745cc28e3ff2a7","2026-09-06 15:41"
"Ritchie","5ff84d182c4df40001592f85","Dissonans","60e09234213b0600019d912e","6a9dc13ec8745cc28e3ff384","2026-09-06 15:41"
"Casanção Blur Enjoyer","6a207295824d2054d74c3e7a","Kuba","6744ee112d6c958a853b52a6","6a9dc0f38e5c6190712f2529","2026-09-06 15:41"
"Jannik","6a0c58030808c41cb15866fe","Flyme","603fff793e7bfc000156e274","6a9dc0dec8745cc28e3ff0f7","2026-09-06 15:41"
"Bad At Geo","5d46b0bb3b4b6a4968620f7b","sebastian","667d87ca8401bca3fee14649","6a9dc1ac8e5c6190712f283d","2026-09-06 15:44"
"Rasender","5d36bec124ec173888d3a33a","NORTHEASTGOD","65e0ff94c1294fdd6dc5dc4c","6a9dc0b8c8745cc28e3ff012","2026-09-06 15:44"
"kenny","65cbc406504fe72cd8cea23e","caco","62423c3dda40ac184851c4f0","6a9dc0f6c8745cc28e3ff1a9","2026-09-06 15:44"
"Jonas","661ad4c4073f663c21b57fe6","teddy bear","66f081f2bf4b230a2fcb970c","6a9dc169c8745cc28e3ff45b","2026-09-06 15:44"
"Egorsmol","60c7cce623bc770001651df5","Alfred","5c5171d33d925b4af4b9bcbc","6a9dc07c5a43d0a64f99954e","2026-09-06 15:44"
"teddy bear","66f081f2bf4b230a2fcb970c","Ritchie","5ff84d182c4df40001592f85","6a9dc274c8745cc28e3ffc30","2026-09-06 15:45"
"Shakazaramesh","5ef2945bbb96627c9ce5f63f","kaleiss","654d0e4520681e7049600f03","6a9dc197c8745cc28e3ff5d4","2026-09-06 15:45"
"https://www.twitch.tv/qule0","635d8550c15309de668daf99","teddy bear","66f081f2bf4b230a2fcb970c","6a9dc170863f543a30d16116","2026-09-06 15:46"
"Casanção Blur Enjoyer","6a207295824d2054d74c3e7a","Omnia mea mecum porto","61484b52add2db00018fe1ec","6a9dc1c68e5c6190712f28c7","2026-09-06 15:46"
"Surgut sand","5ec369eae7115241a4e75beb","Jeltixx","622dd223da4bee0001a3cb1b","6a9dc29cc8745cc28e3ffd8b","2026-09-06 15:46"
"TechimanGuesser","69763f0e293ac365ce659dca","OnkeGG","6912d873ef3380557dd45eec","6a9dc1078e5c6190712f255b","2026-09-06 15:47"
"teddy bear","66f081f2bf4b230a2fcb970c","Giancarlo Esposito","68e85bdb3f2cbbe915cbcd3d","6a9dc2ffc8745cc28e400087","2026-09-06 15:48"
"Lillysbruder","6471c2e45410e20734aedca1","thomas7eme","5ef89d2d8f01a05300030185","6a9dbfdf8e5c6190712f2197","2026-09-06 15:48"
"SigmaLigma","641e0c54c1155de1803057b1","Saywakler","67c2ed225b3081106fa85143","6a9dc1778e5c6190712f2766","2026-09-06 15:48"
"kenny","65cbc406504fe72cd8cea23e","caco","62423c3dda40ac184851c4f0","6a9dc27a8e5c6190712f2ca5","2026-09-06 15:49"
"Luca","62faac056417c6c320e282de","Dissonans","60e09234213b0600019d912e","6a9dc1c88e5c6190712f28cd","2026-09-06 15:49"
"Shakazaramesh","5ef2945bbb96627c9ce5f63f","Egorsmol","60c7cce623bc770001651df5","6a9dc2a2c8745cc28e3ffdb0","2026-09-06 15:49"
"Surgut sand","5ec369eae7115241a4e75beb","Flyme","603fff793e7bfc000156e274","6a9dc327c8745cc28e400161","2026-09-06 15:49"
"NORTHEASTGOD","65e0ff94c1294fdd6dc5dc4c","no one gets away with anything","64a487c9cd74917a4fac0c92","6a9dc2848e5c6190712f2cd8","2026-09-06 15:50"
"Wndntt","67607c5f15734408543abb64","Fenrys","60d8c06ddcd6370001961252","6a9dc173c8745cc28e3ff49b","2026-09-06 15:50"
"Alfred","5c5171d33d925b4af4b9bcbc","Ygor","66e06ef0505c8f7f70ea3776","6a9dc256c8745cc28e3ffb72","2026-09-06 15:50"
"kaleiss","654d0e4520681e7049600f03","TropicalMountain447","67914253de4eb4f636d10283","6a9dc2adc8745cc28e3ffdf3","2026-09-06 15:50"
"teddy bear","66f081f2bf4b230a2fcb970c","Giancarlo Esposito","68e85bdb3f2cbbe915cbcd3d","6a9dc2ffc8745cc28e400087","2026-09-06 15:51"
"kstyko","5ead136297d6cf24a42b1ef4","Kuba","6744ee112d6c958a853b52a6","6a9dc2a1c8745cc28e3ffda8","2026-09-06 15:51"
"Giancarlo Esposito","68e85bdb3f2cbbe915cbcd3d","Jonas","661ad4c4073f663c21b57fe6","6a9dc34bb841a990e0b99715","2026-09-06 15:52"
"wichura240","68767692157557d5c76a0ab6","Wudsch","6a69e0dcac05d4a8aa4819fb","6a9dc3d0863f543a30d169a6","2026-09-06 15:52"
"Rasender","5d36bec124ec173888d3a33a","Bad At Geo","5d46b0bb3b4b6a4968620f7b","6a9dc36cc8745cc28e400334","2026-09-06 15:53"
"caco","62423c3dda40ac184851c4f0","SigmaLigma","641e0c54c1155de1803057b1","6a9dc3a6c8745cc28e4004a1","2026-09-06 15:53"
"teddy bear","66f081f2bf4b230a2fcb970c","Mimii_","699711a6047cff743822aac4","6a9dc3d8c8745cc28e4005ed","2026-09-06 15:54"
"Jannik","6a0c58030808c41cb15866fe","TSCViperz","5ee9188996009f461845d877","6a9dc36dc8745cc28e400362","2026-09-06 15:54"
"NORTHEASTGOD","65e0ff94c1294fdd6dc5dc4c","Giancarlo Esposito","68e85bdb3f2cbbe915cbcd3d","6a9dc43c863f543a30d16b17","2026-09-06 15:55"
"Jonas","661ad4c4073f663c21b57fe6","Kuba","6744ee112d6c958a853b52a6","6a9dc436c8745cc28e4007f6","2026-09-06 15:55"
"Saywakler","67c2ed225b3081106fa85143","TechimanGuesser","69763f0e293ac365ce659dca","6a9dc384c8745cc28e4003df","2026-09-06 15:55"
"Firma","5ff879f9ce04930001f6ee64","lebron-3","694357bf716cf71c98f96b42","6a9dc114c8745cc28e3ff271","2026-09-06 15:56"
"Ygor","66e06ef0505c8f7f70ea3776","TropicalMountain447","67914253de4eb4f636d10283","6a9dc3d61e7857ed600c9c84","2026-09-06 15:56"
"Bad At Geo","5d46b0bb3b4b6a4968620f7b","caco","62423c3dda40ac184851c4f0","6a9dc4e1863f543a30d16cbe","2026-09-06 15:57"
"Luca","62faac056417c6c320e282de","Fenrys","60d8c06ddcd6370001961252","6a9dc3bc5a43d0a64f99a01f","2026-09-06 15:57"
"Lágrima's Spaceplonk Alt","698282326314d86a2a8c61e3","https://www.twitch.tv/qule0","635d8550c15309de668daf99","6a9dc4048e5c6190712f31f5","2026-09-06 15:57"
"Dissonans","60e09234213b0600019d912e","Egorsmol","60c7cce623bc770001651df5","6a9dc3acc8745cc28e4004dc","2026-09-06 15:57"
"kstyko","5ead136297d6cf24a42b1ef4","Ritchie","5ff84d182c4df40001592f85","6a9dc486c8745cc28e400984","2026-09-06 15:57"
"Jannik","6a0c58030808c41cb15866fe","Kuba","6744ee112d6c958a853b52a6","6a9dc4e1c8745cc28e400bac","2026-09-06 15:57"
"wichura240","68767692157557d5c76a0ab6","TropicalMountain447","67914253de4eb4f636d10283","6a9dc539c8745cc28e400da7","2026-09-06 15:57"
"teddy bear","66f081f2bf4b230a2fcb970c","Jonas","661ad4c4073f663c21b57fe6","6a9dc4f98e5c6190712f353b","2026-09-06 15:58"
"Shakazaramesh","5ef2945bbb96627c9ce5f63f","no one gets away with anything","64a487c9cd74917a4fac0c92","6a9dc3e78e5c6190712f3188","2026-09-06 15:58"
"SigmaLigma","641e0c54c1155de1803057b1","GeoKitten :3","6a60cb66561c205d0831e2ad","6a9dc48e8e5c6190712f33e4","2026-09-06 15:58"
"wichura240","68767692157557d5c76a0ab6","TropicalMountain447","67914253de4eb4f636d10283","6a9dc580c8745cc28e400f05","2026-09-06 15:58"
"Timbo","6352c05ddc57c324dba7d12f","azirah","64513d84bc2196175c13e13f","6a9dc3985a43d0a64f999fd5","2026-09-06 15:58"
"Saywakler","67c2ed225b3081106fa85143","TechimanGuesser","69763f0e293ac365ce659dca","6a9dc4f6c8745cc28e400c62","2026-09-06 15:59"
"K4CP3RSKI777","624aa4216b4b8b1765bb6dad","Giancarlo Esposito","68e85bdb3f2cbbe915cbcd3d","6a9dc5171e7857ed600ca0e9","2026-09-06 16:00"
"caco","62423c3dda40ac184851c4f0","NORTHEASTGOD","65e0ff94c1294fdd6dc5dc4c","6a9dc56cb954b6be36ac3b4c","2026-09-06 16:00"
"GeoKitten :3","6a60cb66561c205d0831e2ad","SigmaLigma","641e0c54c1155de1803057b1","6a9dc5aac8745cc28e40100b","2026-09-06 16:00"
"wichura240","68767692157557d5c76a0ab6","Jannik","6a0c58030808c41cb15866fe","6a9dc5b6c8745cc28e401047","2026-09-06 16:00"
"Ronnilol","67fe57fab1452bcd8d46a9a6","sk 愛","666b76089d20c1dd39ec810c","6a9d9fb28e5c6190712eb956","2026-09-06 16:01"
"Kuba","6744ee112d6c958a853b52a6","https://www.twitch.tv/qule0","635d8550c15309de668daf99","6a9dc5868e5c6190712f36b2","2026-09-06 16:01"
"TropicalMountain447","67914253de4eb4f636d10283","Reeqz","698ce27932787794650d2625","6a9dc5c0c8745cc28e40108e","2026-09-06 16:01"
"Mimii_","699711a6047cff743822aac4","Jonas","661ad4c4073f663c21b57fe6","6a9dc5d2c8745cc28e40110d","2026-09-06 16:03"
"Kuba","6744ee112d6c958a853b52a6","TropicalMountain447","67914253de4eb4f636d10283","6a9dc67c8e5c6190712f3a1d","2026-09-06 16:03"
"kstyko","5ead136297d6cf24a42b1ef4","wichura240","68767692157557d5c76a0ab6","6a9dc6418e5c6190712f391f","2026-09-06 16:03"
"Ygor","66e06ef0505c8f7f70ea3776","Egorsmol","60c7cce623bc770001651df5","6a9dc5735a43d0a64f99a49d","2026-09-06 16:03"
"Giancarlo Esposito","68e85bdb3f2cbbe915cbcd3d","teddy bear","66f081f2bf4b230a2fcb970c","6a9dc630c8745cc28e401334","2026-09-06 16:04"
"SigmaLigma","641e0c54c1155de1803057b1","Anonymous","62517d69bf2d9b52f4682c70","6a9dc652c8745cc28e4013e6","2026-09-06 16:04"
"TechimanGuesser","69763f0e293ac365ce659dca","Saywakler","67c2ed225b3081106fa85143","6a9dc5f2c8745cc28e4011a2","2026-09-06 16:04"
"K4CP3RSKI777","624aa4216b4b8b1765bb6dad","NORTHEASTGOD","65e0ff94c1294fdd6dc5dc4c","6a9dc6548e5c6190712f3951","2026-09-06 16:05"
"caco","62423c3dda40ac184851c4f0","Luca","62faac056417c6c320e282de","6a9dc642c8745cc28e401390","2026-09-06 16:05"
"TropicalMountain447","67914253de4eb4f636d10283","Unc","6876a81aaf5ea16088df663a","6a9dc6d8c8745cc28e40172d","2026-09-06 16:06"
"no one gets away with anything","64a487c9cd74917a4fac0c92","Lágrima's Spaceplonk Alt","698282326314d86a2a8c61e3","6a9dc5a8c8745cc28e401004","2026-09-06 16:07"
"kstyko","5ead136297d6cf24a42b1ef4","Mimii_","699711a6047cff743822aac4","6a9dc760c8745cc28e401a56","2026-09-06 16:07"
"Egorsmol","60c7cce623bc770001651df5","Dissonans","60e09234213b0600019d912e","6a9dc714c8745cc28e40189b","2026-09-06 16:07"
"Firma","5ff879f9ce04930001f6ee64","lebron-3","694357bf716cf71c98f96b42","6a9dc547c8745cc28e400df0","2026-09-06 16:08"
"Ritchie","5ff84d182c4df40001592f85","Shakazaramesh","5ef2945bbb96627c9ce5f63f","6a9dc5d4b954b6be36ac3c7b","2026-09-06 16:08"
"Kuba","6744ee112d6c958a853b52a6","Casanção Blur Enjoyer","6a207295824d2054d74c3e7a","6a9dc6c4c8745cc28e4016d6","2026-09-06 16:08"
"SigmaLigma","641e0c54c1155de1803057b1","TechimanGuesser","69763f0e293ac365ce659dca","6a9dc71dc8745cc28e4018cc","2026-09-06 16:08"
"twitch.tv/yapchell","67f66e1eab7fc9feab89429b","K4CP3RSKI777","624aa4216b4b8b1765bb6dad","6a9dc780c8745cc28e401b1a","2026-09-06 16:09"
"Jonas","661ad4c4073f663c21b57fe6","teddy bear","66f081f2bf4b230a2fcb970c","6a9dc730863f543a30d17415","2026-09-06 16:09"
"いぶりー ivly","6578df649b50a29c7d4112a0","Lillysbruder","6471c2e45410e20734aedca1","6a9dc3c3c8745cc28e400545","2026-09-06 16:09"
"NorthKoreaEnjoyer","6a5776b9557fa0b8070897d7","TropicalMountain447","67914253de4eb4f636d10283","6a9dc7a1c8745cc28e401c17","2026-09-06 16:09"
"Mimii_","699711a6047cff743822aac4","Kuba","6744ee112d6c958a853b52a6","6a9dc80d8e5c6190712f3f8e","2026-09-06 16:10"
"TechimanGuesser","69763f0e293ac365ce659dca","ScabTheSidewalk","691f64b9c0688aaea23c00dd","6a9dc816c8745cc28e401eec","2026-09-06 16:10"
"Shakazaramesh","5ef2945bbb96627c9ce5f63f","Egorsmol","60c7cce623bc770001651df5","6a9dc813c8745cc28e401ed4","2026-09-06 16:11"
"teddy bear","66f081f2bf4b230a2fcb970c","Jonas","661ad4c4073f663c21b57fe6","6a9dc830c8745cc28e401f71","2026-09-06 16:12"
"no one gets away with anything","64a487c9cd74917a4fac0c92","celownikwodny","664a46ec660949cf6274a231","6a9dc7c48e5c6190712f3edf","2026-09-06 16:12"
"Unc","6876a81aaf5ea16088df663a","Afonso097tv","626344b2a37c8bc48cd849b8","6a9dc7c78e5c6190712f3ee5","2026-09-06 16:12"
"Luxus","64d905c29860ac321bb0ddc5","SigmaLigma","641e0c54c1155de1803057b1","6a9dc8578e5c6190712f4068","2026-09-06 16:13"
"Max","5f847db332173400011b50bb","wichura240","68767692157557d5c76a0ab6","6a9dc854c8745cc28e402020","2026-09-06 16:13"
"Luca","62faac056417c6c320e282de","Thesice","5ec5a4cbf849319644f4436c","6a9dc77b8e5c6190712f3e03","2026-09-06 16:14"
"no one gets away with anything","64a487c9cd74917a4fac0c92","mint","67bf13b90a45adc3b2e1c725","6a9dc909c8745cc28e402396","2026-09-06 16:14"
"Ritchie","5ff84d182c4df40001592f85","Lillysbruder","6471c2e45410e20734aedca1","6a9dc89b5a43d0a64f99acd1","2026-09-06 16:14"
"NorthKoreaEnjoyer","6a5776b9557fa0b8070897d7","Jannik","6a0c58030808c41cb15866fe","6a9dc866c8745cc28e40206c","2026-09-06 16:14"
"TropicalMountain447","67914253de4eb4f636d10283","Anonymous","62517d69bf2d9b52f4682c70","6a9dc866c8745cc28e40206d","2026-09-06 16:15"
"Bad At Geo","5d46b0bb3b4b6a4968620f7b","twitch.tv/yapchell","67f66e1eab7fc9feab89429b","6a9dc83d1e7857ed600ca944","2026-09-06 16:16"
"mint","67bf13b90a45adc3b2e1c725","Lillysbruder","6471c2e45410e20734aedca1","6a9dc9a0c8745cc28e4026d7","2026-09-06 16:17"
"NorthKoreaEnjoyer","6a5776b9557fa0b8070897d7","Jannik","6a0c58030808c41cb15866fe","6a9dc982863f543a30d17b76","2026-09-06 16:17"
"TechimanGuesser","69763f0e293ac365ce659dca","Kuba","6744ee112d6c958a853b52a6","6a9dc87f5a43d0a64f99ac94","2026-09-06 16:17"
"Giancarlo Esposito","68e85bdb3f2cbbe915cbcd3d","Mimii_","699711a6047cff743822aac4","6a9dc8cc8e5c6190712f41c6","2026-09-06 16:18"
"Max","5f847db332173400011b50bb","Thesice","5ec5a4cbf849319644f4436c","6a9dc98e8e5c6190712f4498","2026-09-06 16:18"
"Timbo","6352c05ddc57c324dba7d12f","Yarik","676e524ee37422d9da0e161a","6a9dc648c8745cc28e4013ad","2026-09-06 16:18"
"Voro","5a8f1e5d98cc2c6744a8a135","Wienerfisch","5a928f4042305f693820a8c0","6a9dc900b954b6be36ac4561","2026-09-06 16:18"
"teddy bear","66f081f2bf4b230a2fcb970c","Giancarlo Esposito","68e85bdb3f2cbbe915cbcd3d","6a9dca5b863f543a30d17df6","2026-09-06 16:19"
"Shakazaramesh","5ef2945bbb96627c9ce5f63f","Egorsmol","60c7cce623bc770001651df5","6a9dc8a6c8745cc28e402181","2026-09-06 16:19"
"SigmaLigma","641e0c54c1155de1803057b1","Unc","6876a81aaf5ea16088df663a","6a9dc967bb0fbd22571475e9","2026-09-06 16:19"
"Giancarlo Esposito","68e85bdb3f2cbbe915cbcd3d","teddy bear","66f081f2bf4b230a2fcb970c","6a9dcaaec8745cc28e402c85","2026-09-06 16:21"
"Lágrima's Spaceplonk Alt","698282326314d86a2a8c61e3","Edawardz","600aa63b94b5f40001eddb27","6a9dc87d8e5c6190712f40d5","2026-09-06 16:21"
"quarksauce","5fe1b134a2ebcc0001c6bd9c","Luxus","64d905c29860ac321bb0ddc5","6a9dc953c8745cc28e402522","2026-09-06 16:21"
"Kuba","6744ee112d6c958a853b52a6","celownikwodny","664a46ec660949cf6274a231","6a9dca41c8745cc28e402a54","2026-09-06 16:21"
"Anonymous","62517d69bf2d9b52f4682c70","TropicalMountain447","67914253de4eb4f636d10283","6a9dc9e3c8745cc28e40287d","2026-09-06 16:21"
"Ritchie","5ff84d182c4df40001592f85","teddy bear","66f081f2bf4b230a2fcb970c","6a9dc9a88e5c6190712f44ef","2026-09-06 16:22"
"Bad At Geo","5d46b0bb3b4b6a4968620f7b","teddy bear","66f081f2bf4b230a2fcb970c","6a9dcb18863f543a30d17ff2","2026-09-06 16:23"
"Thesice","5ec5a4cbf849319644f4436c","Unc","6876a81aaf5ea16088df663a","6a9dca92c8745cc28e402bea","2026-09-06 16:23"
"no one gets away with anything","64a487c9cd74917a4fac0c92","Lágrima's Spaceplonk Alt","698282326314d86a2a8c61e3","6a9dcb08c8745cc28e402e5c","2026-09-06 16:24"
"Kuba","6744ee112d6c958a853b52a6","wichura240","68767692157557d5c76a0ab6","6a9dcb4d1e7857ed600cb0b2","2026-09-06 16:24"
"Unc","6876a81aaf5ea16088df663a","Thesice","5ec5a4cbf849319644f4436c","6a9dcb85c8745cc28e4030a3","2026-09-06 16:24"
"Anonymous","62517d69bf2d9b52f4682c70","Luxus","64d905c29860ac321bb0ddc5","6a9dcb0a8e5c6190712f49d5","2026-09-06 16:24"
"Voro","5a8f1e5d98cc2c6744a8a135","Max","5f847db332173400011b50bb","6a9dca77863f543a30d17e38","2026-09-06 16:24"
"Firma","5ff879f9ce04930001f6ee64","lebron-3","694357bf716cf71c98f96b42","6a9dc912c8745cc28e4023c2","2026-09-06 16:25"
"Edawardz","600aa63b94b5f40001eddb27","Giancarlo Esposito","68e85bdb3f2cbbe915cbcd3d","6a9dcb316258d6f85da74918","2026-09-06 16:25"
"TropicalMountain447","67914253de4eb4f636d10283","UpliftingPeninsula263","66b80145236f1a4e4d55036f","6a9dcb07c8745cc28e402e57","2026-09-06 16:25"
"big man katoo","66cf5b02457683c980c2533a","TechimanGuesser","69763f0e293ac365ce659dca","6a9dca598e5c6190712f477d","2026-09-06 16:26"
"teddy bear","66f081f2bf4b230a2fcb970c","K4CP3RSKI777","624aa4216b4b8b1765bb6dad","6a9dcb9d863f543a30d1815e","2026-09-06 16:27"
"Kuba","6744ee112d6c958a853b52a6","Ritchie","5ff84d182c4df40001592f85","6a9dcbe2c8745cc28e403274","2026-09-06 16:27"
"Luxus","64d905c29860ac321bb0ddc5","Max","5f847db332173400011b50bb","6a9dcbdbc8745cc28e40325a","2026-09-06 16:28"
"NorthKoreaEnjoyer","6a5776b9557fa0b8070897d7","🦎Roi Lézard","6624098671203610beece184","6a9dca34863f543a30d17d77","2026-09-06 16:28"
"Yiğit Onur","628a020c86224535a595335f","SigmaLigma","641e0c54c1155de1803057b1","6a9dcad4863f543a30d17f27","2026-09-06 16:28"
"Giancarlo Esposito","68e85bdb3f2cbbe915cbcd3d","Edawardz","600aa63b94b5f40001eddb27","6a9dcc298e5c6190712f4d67","2026-09-06 16:29"
"cadu","6701c271782cbf631e6511a9","SigmaLigma","641e0c54c1155de1803057b1","6a9dcca3863f543a30d1844d","2026-09-06 16:29"
"Zelki","6231de0f9af9e10001ef2000","雨又潇潇","635a7c4f940d8dc91bd25ec4","6a9dcbc1c8745cc28e4031d1","2026-09-06 16:29"
"Luca","62faac056417c6c320e282de","caco","62423c3dda40ac184851c4f0","6a9dca775a43d0a64f99b10d","2026-09-06 16:30"
"Lillysbruder","6471c2e45410e20734aedca1","鹰娥朗","628e0d478e5ef3a3ca163627","6a9dca0cc8745cc28e402948","2026-09-06 16:30"
"wichura240","68767692157557d5c76a0ab6","Thesice","5ec5a4cbf849319644f4436c","6a9dcbe78e5c6190712f4cad","2026-09-06 16:30"
"PLK","62179a5c8e88d400010d91ea","teddy bear","66f081f2bf4b230a2fcb970c","6a9dcc83863f543a30d183e7","2026-09-06 16:32"
"Luxus","64d905c29860ac321bb0ddc5","Yiğit Onur","628a020c86224535a595335f","6a9dccb4c8745cc28e403693","2026-09-06 16:32"
"Max","5f847db332173400011b50bb","TechimanGuesser","69763f0e293ac365ce659dca","6a9dccaf8e5c6190712f4eef","2026-09-06 16:32"
"Giancarlo Esposito","68e85bdb3f2cbbe915cbcd3d","Edawardz","600aa63b94b5f40001eddb27","6a9dcd14d6156877e122ed74","2026-09-06 16:33"
"Zelki","6231de0f9af9e10001ef2000","NorthKoreaEnjoyer","6a5776b9557fa0b8070897d7","6a9dcd75863f543a30d18658","2026-09-06 16:33"
"caco","62423c3dda40ac184851c4f0","TropicalMountain447","67914253de4eb4f636d10283","6a9dcd9dc8745cc28e403b02","2026-09-06 16:34"
"cadu","6701c271782cbf631e6511a9","SigmaLigma","641e0c54c1155de1803057b1","6a9dcd111e7857ed600cb597","2026-09-06 16:34"
"GeoKitten :3","6a60cb66561c205d0831e2ad","Lágrima's Spaceplonk Alt","698282326314d86a2a8c61e3","6a9dcbf78e5c6190712f4cd9","2026-09-06 16:34"
"Kuba","6744ee112d6c958a853b52a6","いぶりー ivly","6578df649b50a29c7d4112a0","6a9dcc95c8745cc28e403606","2026-09-06 16:34"
"Anonymous","62517d69bf2d9b52f4682c70","big man katoo","66cf5b02457683c980c2533a","6a9dcc44c8745cc28e403483","2026-09-06 16:34"
"Owen","66a3e179154c74d83af4b4f3","RuralQuay427","67afb8f9170e41f8f611a20a","6a9dcc86c8745cc28e4035c1","2026-09-06 16:34"
"Max","5f847db332173400011b50bb","Thore Stach","60b2c6420390be00015e9fa1","6a9dce06c8745cc28e403ce3","2026-09-06 16:35"
"TechimanGuesser","69763f0e293ac365ce659dca","NorthKoreaEnjoyer","6a5776b9557fa0b8070897d7","6a9dcde1c8745cc28e403c44","2026-09-06 16:35"
"fatslump","603e28ef0297940001b93db1","Timbo","6352c05ddc57c324dba7d12f","6a9dcd4cc8745cc28e403997","2026-09-06 16:35"
"teddy bear","66f081f2bf4b230a2fcb970c","PLK","62179a5c8e88d400010d91ea","6a9dcdc4c8745cc28e403bc3","2026-09-06 16:36"
"Ritchie","5ff84d182c4df40001592f85","雨又潇潇","635a7c4f940d8dc91bd25ec4","6a9dcce95a43d0a64f99b724","2026-09-06 16:36"
"Luxus","64d905c29860ac321bb0ddc5","Yiğit Onur","628a020c86224535a595335f","6a9dcdb8c8745cc28e403b91","2026-09-06 16:36"
"Max","5f847db332173400011b50bb","Lágrima's Spaceplonk Alt","698282326314d86a2a8c61e3","6a9dce808e5c6190712f547b","2026-09-06 16:37"
"sk 愛","666b76089d20c1dd39ec810c","kenny","65cbc406504fe72cd8cea23e","6a9dce9ac8745cc28e403fad","2026-09-06 16:38"
"Lillysbruder","6471c2e45410e20734aedca1","鹰娥朗","628e0d478e5ef3a3ca163627","6a9dcd22863f543a30d1856c","2026-09-06 16:38"
"Unc","6876a81aaf5ea16088df663a","Yarik","676e524ee37422d9da0e161a","6a9dcec3b954b6be36ac5458","2026-09-06 16:38"
"Kuba","6744ee112d6c958a853b52a6","SigmaLigma","641e0c54c1155de1803057b1","6a9dce51c8745cc28e403e5d","2026-09-06 16:39"
"big man katoo","66cf5b02457683c980c2533a","TropicalMountain447","67914253de4eb4f636d10283","6a9dce333f1a67370eccbab2","2026-09-06 16:39"
"Giancarlo Esposito","68e85bdb3f2cbbe915cbcd3d","Edawardz","600aa63b94b5f40001eddb27","6a9dce00181407014915bd45","2026-09-06 16:40"
"PLK","62179a5c8e88d400010d91ea","teddy bear","66f081f2bf4b230a2fcb970c","6a9dceb9c8745cc28e404041","2026-09-06 16:40"
"Blanecin","5e8781f3b3ec177638be489a","Spectate","682f90082e0faf21e0cad324","6a9dcedfc8745cc28e4040e9","2026-09-06 16:40"
"caco","62423c3dda40ac184851c4f0","Tomek5_5","606e09423667bc0001ad663d","6a9dce3bc8745cc28e403de4","2026-09-06 16:41"
"Kuba","6744ee112d6c958a853b52a6","SigmaLigma","641e0c54c1155de1803057b1","6a9dcf46863f543a30d18af7","2026-09-06 16:41"
"GeoKitten :3","6a60cb66561c205d0831e2ad","雨又潇潇","635a7c4f940d8dc91bd25ec4","6a9dcefec8745cc28e40417d","2026-09-06 16:42"
"Halikaru","5c357a953d925b4de42c816a","Andrade","631f700e2347fcd4bef6185b","6a9dcf3ec8745cc28e4042b8","2026-09-06 16:42"
"Unc","6876a81aaf5ea16088df663a","Max","5f847db332173400011b50bb","6a9dcf0e8e5c6190712f5606","2026-09-06 16:42"
"いぶりー ivly","6578df649b50a29c7d4112a0","Luxus","64d905c29860ac321bb0ddc5","6a9dceb9c8745cc28e404040","2026-09-06 16:42"
"TechimanGuesser","69763f0e293ac365ce659dca","Thore Stach","60b2c6420390be00015e9fa1","6a9dce75c8745cc28e403f03","2026-09-06 16:43"
"big man katoo","66cf5b02457683c980c2533a","TropicalMountain447","67914253de4eb4f636d10283","6a9dcf40c8745cc28e4042bc","2026-09-06 16:43"
"Bad At Geo","5d46b0bb3b4b6a4968620f7b","kenny","65cbc406504fe72cd8cea23e","6a9dcf65c8745cc28e404366","2026-09-06 16:44"
"teddy bear","66f081f2bf4b230a2fcb970c","雨又潇潇","635a7c4f940d8dc91bd25ec4","6a9dcfecc8745cc28e404602","2026-09-06 16:44"
"Halikaru","5c357a953d925b4de42c816a","Unc","6876a81aaf5ea16088df663a","6a9dd020c8745cc28e4046f0","2026-09-06 16:44"
"Jonas","661ad4c4073f663c21b57fe6","PLK","62179a5c8e88d400010d91ea","6a9dcf9fc8745cc28e40448b","2026-09-06 16:45"
"NorthKoreaEnjoyer","6a5776b9557fa0b8070897d7","Yiğit Onur","628a020c86224535a595335f","6a9dceadc8745cc28e403fff","2026-09-06 16:45"
"fatslump","603e28ef0297940001b93db1","TropicalMountain447","67914253de4eb4f636d10283","6a9dd046c8745cc28e404786","2026-09-06 16:45"
"Ritchie","5ff84d182c4df40001592f85","cadu","6701c271782cbf631e6511a9","6a9dcf1a8e5c6190712f5637","2026-09-06 16:46"
"TechimanGuesser","69763f0e293ac365ce659dca","wert31415","6797c0be0b7bd1c00269ac82","6a9dd03b1e7857ed600cbcf7","2026-09-06 16:46"
"Edawardz","600aa63b94b5f40001eddb27","Kuba","6744ee112d6c958a853b52a6","6a9dcfa98e5c6190712f57ca","2026-09-06 16:47"
"Заяц","63890678411c174863e40d57","teddy bear","66f081f2bf4b230a2fcb970c","6a9dd086c8745cc28e4048c8","2026-09-06 16:48"
"mint","67bf13b90a45adc3b2e1c725","Clemmontferrand","5c9255da62aa6e8334e9bb9a","6a9dcb9fc8745cc28e403126","2026-09-06 16:48"
"big man katoo","66cf5b02457683c980c2533a","Thore Stach","60b2c6420390be00015e9fa1","6a9dd042cd72607d3d16bae1","2026-09-06 16:48"
"Blanecin","5e8781f3b3ec177638be489a","Alemão(Retired 4Ever)","670f839c4f58c8c7b975c4fe","6a9dd060c8745cc28e404808","2026-09-06 16:48"
"Konny","5c94817a7235f97790cbf6ab","Halikaru","5c357a953d925b4de42c816a","6a9dd090c8745cc28e4048fe","2026-09-06 16:48"
"salamander","60d33d62acc9ca00010d4d66","Edawardz","600aa63b94b5f40001eddb27","6a9dd156c8745cc28e404cc2","2026-09-06 16:49"
"雨又潇潇","635a7c4f940d8dc91bd25ec4","Unc","6876a81aaf5ea16088df663a","6a9dd08ec8745cc28e4048f4","2026-09-06 16:49"
"TechimanGuesser","69763f0e293ac365ce659dca","wert31415","6797c0be0b7bd1c00269ac82","6a9dd107461b6a707a7d676e","2026-09-06 16:49"
"Bad At Geo","5d46b0bb3b4b6a4968620f7b","sk 愛","666b76089d20c1dd39ec810c","6a9dd11ac8745cc28e404bc1","2026-09-06 16:50"
"PLK","62179a5c8e88d400010d91ea","Jonas","661ad4c4073f663c21b57fe6","6a9dd0abc8745cc28e40499e","2026-09-06 16:50"
"Lágrima's Spaceplonk Alt","698282326314d86a2a8c61e3","Shakazaramesh","5ef2945bbb96627c9ce5f63f","6a9dcf388e5c6190712f56a5","2026-09-06 16:50"
"achmedsender","5a1606e2f370149bf01ab594","鹰娥朗","628e0d478e5ef3a3ca163627","6a9dcf39863f543a30d18ad7","2026-09-06 16:50"
"Luxus","64d905c29860ac321bb0ddc5","SigmaLigma","641e0c54c1155de1803057b1","6a9dcff2c8745cc28e40461d","2026-09-06 16:50"
"Owen","66a3e179154c74d83af4b4f3","HunJose","5f830cfe8f2c480001f01bbf","6a9dce328e5c6190712f538d","2026-09-06 16:50"
"manuelson","5eff753e4fc56993542703a7","dudu","6202faaecee03000019ebc88","6a9dd02e5a43d0a64f99bdfe","2026-09-06 16:51"
"Bad At Geo","5d46b0bb3b4b6a4968620f7b","sk 愛","666b76089d20c1dd39ec810c","6a9dd11ac8745cc28e404bc1","2026-09-06 16:51"
"GeoKitten :3","6a60cb66561c205d0831e2ad","Luca","62faac056417c6c320e282de","6a9dd080c8745cc28e40488d","2026-09-06 16:51"
"geopotato","63a22a8691767b2f0499937c","Ritchie","5ff84d182c4df40001592f85","6a9dd12b8e5c6190712f5bed","2026-09-06 16:51"
"NorthKoreaEnjoyer","6a5776b9557fa0b8070897d7","Max","5f847db332173400011b50bb","6a9dd0cac8745cc28e404a2a","2026-09-06 16:51"
"caco","62423c3dda40ac184851c4f0","kenny","65cbc406504fe72cd8cea23e","6a9dd096c8745cc28e404928","2026-09-06 16:52"
"Tomek5_5","606e09423667bc0001ad663d","eladio","6594e77717360fe0d27e44d5","6a9dcfe5c8745cc28e4045d1","2026-09-06 16:52"
"雨又潇潇","635a7c4f940d8dc91bd25ec4","Unc","6876a81aaf5ea16088df663a","6a9dd1b0c8745cc28e404e8f","2026-09-06 16:52"
"Kelex","69fba177885d4eaea877b40d","Jannik","6a0c58030808c41cb15866fe","6a9dd2148e5c6190712f5ea6","2026-09-06 16:52"
"いぶりー ivly","6578df649b50a29c7d4112a0","drobec","66f6f724dc55f1b787b0cf96","6a9dd1868e5c6190712f5d1d","2026-09-06 16:52"
"teddy bear","66f081f2bf4b230a2fcb970c","Заяц","63890678411c174863e40d57","6a9dd17ac8745cc28e404d7a","2026-09-06 16:53"
"fatslump","603e28ef0297940001b93db1","Lucas Labubu","6227feb9e7a8b70001576aeb","6a9dd0efc8745cc28e404ae4","2026-09-06 16:53"
"geopotato","63a22a8691767b2f0499937c","Goonax#4WC","6772fee6827b91b41dd22b5f","6a9dd23a863f543a30d1922e","2026-09-06 16:54"
"Felix.svb","6856986bb22dea4ae40a3d22","habesh","647734d056305f7bf5561a4e","6a9dd07bc8745cc28e404880","2026-09-06 16:55"
"雨又潇潇","635a7c4f940d8dc91bd25ec4","Kelex","69fba177885d4eaea877b40d","6a9dd263b954b6be36ac5bf6","2026-09-06 16:55"
"looer_h","627823ed8874df9dd7c83fae","Lágrima's Spaceplonk Alt","698282326314d86a2a8c61e3","6a9dd2648e5c6190712f5f5d","2026-09-06 16:55"
"NorthKoreaEnjoyer","6a5776b9557fa0b8070897d7","Anonymous","62517d69bf2d9b52f4682c70","6a9dd21fc8745cc28e40508e","2026-09-06 16:55"
"Bad At Geo","5d46b0bb3b4b6a4968620f7b","dudu","6202faaecee03000019ebc88","6a9dd2188e5c6190712f5eaf","2026-09-06 16:56"
"Jonas","661ad4c4073f663c21b57fe6","PLK","62179a5c8e88d400010d91ea","6a9dd1eab954b6be36ac5b0b","2026-09-06 16:56"
"Halikaru","5c357a953d925b4de42c816a","big man katoo","66cf5b02457683c980c2533a","6a9dd177c8745cc28e404d6b","2026-09-06 16:56"
"fatslump","603e28ef0297940001b93db1","flipster22","5f172e581874328b38c066f7","6a9dd280863f543a30d192e3","2026-09-06 16:56"
"Unc","6876a81aaf5ea16088df663a","wert31415","6797c0be0b7bd1c00269ac82","6a9dd2b98e5c6190712f603a","2026-09-06 16:56"
"Заяц","63890678411c174863e40d57","teddy bear","66f081f2bf4b230a2fcb970c","6a9dd28a1e7857ed600cc1d0","2026-09-06 16:57"
"NorthKoreaEnjoyer","6a5776b9557fa0b8070897d7","Anonymous","62517d69bf2d9b52f4682c70","6a9dd30f863f543a30d1940c","2026-09-06 16:57"
"dudu","6202faaecee03000019ebc88","Felix.svb","6856986bb22dea4ae40a3d22","6a9dd33bbb0fbd2257148a63","2026-09-06 16:58"
"Ritchie","5ff84d182c4df40001592f85","cadu","6701c271782cbf631e6511a9","6a9dd22c863f543a30d19219","2026-09-06 16:58"
"雨又潇潇","635a7c4f940d8dc91bd25ec4","geopotato","63a22a8691767b2f0499937c","6a9dd30bb954b6be36ac5d49","2026-09-06 16:58"
"RuralQuay427","67afb8f9170e41f8f611a20a","øttawa","5e976125d502e12cf8d2e61f","6a9dce75863f543a30d1893c","2026-09-06 16:58"
"looer_h","627823ed8874df9dd7c83fae","PLK","62179a5c8e88d400010d91ea","6a9dd34cc8745cc28e4055f3","2026-09-06 16:59"
"Owen","66a3e179154c74d83af4b4f3","VictorAlt","67822dd7ca228d1e49a1a611","6a9dd343b954b6be36ac5dc4","2026-09-06 16:59"
"Edawardz","600aa63b94b5f40001eddb27","Shakazaramesh","5ef2945bbb96627c9ce5f63f","6a9dd1d58e5c6190712f5e10","2026-09-06 17:00"
"雨又潇潇","635a7c4f940d8dc91bd25ec4","geopotato","63a22a8691767b2f0499937c","6a9dd3df863f543a30d195db","2026-09-06 17:00"
"Lágrima's Spaceplonk Alt","698282326314d86a2a8c61e3","Luca","62faac056417c6c320e282de","6a9dd3211e7857ed600cc2e9","2026-09-06 17:00"
"Jonas","661ad4c4073f663c21b57fe6","teddy bear","66f081f2bf4b230a2fcb970c","6a9dd398c8745cc28e40575f","2026-09-06 17:01"
"Unc","6876a81aaf5ea16088df663a","wert31415","6797c0be0b7bd1c00269ac82","6a9dd373c8745cc28e4056c2","2026-09-06 17:01"
"eladio","6594e77717360fe0d27e44d5","kenny","65cbc406504fe72cd8cea23e","6a9dd2698e5c6190712f5f68","2026-09-06 17:02"
"雨又潇潇","635a7c4f940d8dc91bd25ec4","geopotato","63a22a8691767b2f0499937c","6a9dd432863f543a30d196c8","2026-09-06 17:02"
"Blanecin","5e8781f3b3ec177638be489a","Thore Stach","60b2c6420390be00015e9fa1","6a9dd2ed863f543a30d193c0","2026-09-06 17:02"
"manuelson","5eff753e4fc56993542703a7","Bad At Geo","5d46b0bb3b4b6a4968620f7b","6a9dd331c8745cc28e405573","2026-09-06 17:03"
"fatslump","603e28ef0297940001b93db1","flipster22","5f172e581874328b38c066f7","6a9dd341c8745cc28e4055cc","2026-09-06 17:03"
"Unc","6876a81aaf5ea16088df663a","Konny","5c94817a7235f97790cbf6ab","6a9dd46c1e7857ed600cc5cc","2026-09-06 17:03"
"Owen","66a3e179154c74d83af4b4f3","VictorAlt","67822dd7ca228d1e49a1a611","6a9dd3ea863f543a30d19603","2026-09-06 17:03"
"sundrenched","5e20750f27ec175d68cb732c","いぶりー ivly","6578df649b50a29c7d4112a0","6a9dd2b9c8745cc28e405379","2026-09-06 17:03"
"dudu","6202faaecee03000019ebc88","Felix.svb","6856986bb22dea4ae40a3d22","6a9dd3cac8745cc28e40584f","2026-09-06 17:04"
"Edawardz","600aa63b94b5f40001eddb27","Ritchie","5ff84d182c4df40001592f85","6a9dd446c8745cc28e405aa2","2026-09-06 17:04"
"Lágrima's Spaceplonk Alt","698282326314d86a2a8c61e3","Luca","62faac056417c6c320e282de","6a9dd43fc8745cc28e405a8c","2026-09-06 17:04"
"鹰娥朗","628e0d478e5ef3a3ca163627","alex99","6205976f4e77cd0001949f1e","6a9dd224c8745cc28e4050a3","2026-09-06 17:04"
"kenny","65cbc406504fe72cd8cea23e","雨又潇潇","635a7c4f940d8dc91bd25ec4","6a9dd4cdc8745cc28e405d1b","2026-09-06 17:06"
"捲菸的菸草不來自後山","6372795ba9204b943dd562cf","GeoKitten :3","6a60cb66561c205d0831e2ad","6a9dd4e58e5c6190712f661a","2026-09-06 17:06"
"Jonas","661ad4c4073f663c21b57fe6","teddy bear","66f081f2bf4b230a2fcb970c","6a9dd48bc8745cc28e405bf4","2026-09-06 17:06"
"RuralQuay427","67afb8f9170e41f8f611a20a","AncientIsland101","690d0e70da10a17e5b6c4195","6a9dd3cfc8745cc28e40586a","2026-09-06 17:06"
"looer_h","627823ed8874df9dd7c83fae","PLK","62179a5c8e88d400010d91ea","6a9dd3f5b954b6be36ac5f59","2026-09-06 17:07"
"NorthKoreaEnjoyer","6a5776b9557fa0b8070897d7","SigmaLigma","641e0c54c1155de1803057b1","6a9dd3dec8745cc28e4058ae","2026-09-06 17:07"
"teddy bear","66f081f2bf4b230a2fcb970c","雨又潇潇","635a7c4f940d8dc91bd25ec4","6a9dd5bdc8745cc28e40618d","2026-09-06 17:08"
"geopotato","63a22a8691767b2f0499937c","Ritchie","5ff84d182c4df40001592f85","6a9dd51cc8745cc28e405e9b","2026-09-06 17:08"
"big man katoo","66cf5b02457683c980c2533a","Unc","6876a81aaf5ea16088df663a","6a9dd5b3c8745cc28e406156","2026-09-06 17:08"
"bodysfailing","69fd3dc20731483be6bd7038","Bad At Geo","5d46b0bb3b4b6a4968620f7b","6a9dd53cd6156877e122fe7f","2026-09-06 17:09"
"Rafa","65d3d579486526d78cd578f9","GeoKitten :3","6a60cb66561c205d0831e2ad","6a9dd5b08e5c6190712f6892","2026-09-06 17:09"
"Surgut sand","5ec369eae7115241a4e75beb","Cassius Chaerea","692afa4a3b2a1d12384d418b","6a9dd5bb3f1a67370eccca33","2026-09-06 17:09"
"big man katoo","66cf5b02457683c980c2533a","NorthKoreaEnjoyer","6a5776b9557fa0b8070897d7","6a9dd61bc8745cc28e406342","2026-09-06 17:10"
"habesh","647734d056305f7bf5561a4e","lebron-3","694357bf716cf71c98f96b42","6a9dd392c8745cc28e405741","2026-09-06 17:11"
"Jonas","661ad4c4073f663c21b57fe6","kenny","65cbc406504fe72cd8cea23e","6a9dd5c3863f543a30d19a83","2026-09-06 17:11"
"Shakazaramesh","5ef2945bbb96627c9ce5f63f","Blanecin","5e8781f3b3ec177638be489a","6a9dd4d75a43d0a64f99c786","2026-09-06 17:11"
"bodysfailing","69fd3dc20731483be6bd7038","Bad At Geo","5d46b0bb3b4b6a4968620f7b","6a9dd63bc8745cc28e4063ce","2026-09-06 17:12"
"Felix.svb","6856986bb22dea4ae40a3d22","Edawardz","600aa63b94b5f40001eddb27","6a9dd549c8745cc28e405f75","2026-09-06 17:12"
"Rafa","65d3d579486526d78cd578f9","looer_h","627823ed8874df9dd7c83fae","6a9dd6e9c8745cc28e4066b6","2026-09-06 17:13"
"Ritchie","5ff84d182c4df40001592f85","teddy bear","66f081f2bf4b230a2fcb970c","6a9dd633c8745cc28e4063aa","2026-09-06 17:13"
"Unc","6876a81aaf5ea16088df663a","Surgut sand","5ec369eae7115241a4e75beb","6a9dd6628e5c6190712f6a5b","2026-09-06 17:13"
"RuralQuay427","67afb8f9170e41f8f611a20a","AncientIsland101","690d0e70da10a17e5b6c4195","6a9dd5be8e5c6190712f68ac","2026-09-06 17:13"
"big man katoo","66cf5b02457683c980c2533a","DerMichi","6404be1b4e7cfe74c3e42583","6a9dd690c8745cc28e406558","2026-09-06 17:15"
"bodysfailing","69fd3dc20731483be6bd7038","Bad At Geo","5d46b0bb3b4b6a4968620f7b","6a9dd703863f543a30d19d65","2026-09-06 17:16"
"teddy bear","66f081f2bf4b230a2fcb970c","Jonas","661ad4c4073f663c21b57fe6","6a9dd73fc8745cc28e406832","2026-09-06 17:16"
"geopotato","63a22a8691767b2f0499937c","kenny","65cbc406504fe72cd8cea23e","6a9dd6e8863f543a30d19d19","2026-09-06 17:16"
"鹰娥朗","628e0d478e5ef3a3ca163627","alex99","6205976f4e77cd0001949f1e","6a9dd53d5a43d0a64f99c842","2026-09-06 17:16"
"Edawardz","600aa63b94b5f40001eddb27","Sebo586","6484d6c62835b90b9cd9297c","6a9dd706c8745cc28e406749","2026-09-06 17:17"
"big man katoo","66cf5b02457683c980c2533a","DerMichi","6404be1b4e7cfe74c3e42583","6a9dd7a7c8745cc28e4069de","2026-09-06 17:17"
"Unc","6876a81aaf5ea16088df663a","Surgut sand","5ec369eae7115241a4e75beb","6a9dd73c8e5c6190712f6c73","2026-09-06 17:18"
"Felix.svb","6856986bb22dea4ae40a3d22","捲菸的菸草不來自後山","6372795ba9204b943dd562cf","6a9dd705c8745cc28e406745","2026-09-06 17:19"
"Jonas","661ad4c4073f663c21b57fe6","kenny","65cbc406504fe72cd8cea23e","6a9dd8068e5c6190712f6e5e","2026-09-06 17:19"
"Lágrima's Spaceplonk Alt","698282326314d86a2a8c61e3","NorthKoreaEnjoyer","6a5776b9557fa0b8070897d7","6a9dd67f8e5c6190712f6acd","2026-09-06 17:19"
"Surgut sand","5ec369eae7115241a4e75beb","Unc","6876a81aaf5ea16088df663a","6a9dd870c8745cc28e406d52","2026-09-06 17:19"
"lecheur2pieds","663523ba8e313d3aa27852b0","geopotato","63a22a8691767b2f0499937c","6a9dd862c8745cc28e406d20","2026-09-06 17:20"
"Ritchie","5ff84d182c4df40001592f85","looer_h","627823ed8874df9dd7c83fae","6a9dd7e1c8745cc28e406aed","2026-09-06 17:21"
"kenny","65cbc406504fe72cd8cea23e","Jonas","661ad4c4073f663c21b57fe6","6a9dd8bac8745cc28e406ea5","2026-09-06 17:22"
"Edawardz","600aa63b94b5f40001eddb27","Nici","619512ea6e5572000187322c","6a9dd842c8745cc28e406c94","2026-09-06 17:22"
"RuralQuay427","67afb8f9170e41f8f611a20a","AncientIsland101","690d0e70da10a17e5b6c4195","6a9dd76bc8745cc28e4068ee","2026-09-06 17:22"
"Surgut sand","5ec369eae7115241a4e75beb","Unc","6876a81aaf5ea16088df663a","6a9dd8a8c8745cc28e406e4b","2026-09-06 17:22"
"geopotato","63a22a8691767b2f0499937c","Fxrzs","676edd67b060daec5f128233","6a9dd922c8745cc28e407050","2026-09-06 17:23"
"Bad At Geo","5d46b0bb3b4b6a4968620f7b","bodysfailing","69fd3dc20731483be6bd7038","6a9dd7e6c8745cc28e406aff","2026-09-06 17:24"
"Blumeq","61223629224b8a0001020f04","big man katoo","66cf5b02457683c980c2533a","6a9dd84ab954b6be36ac67bc","2026-09-06 17:24"
"Konny","5c94817a7235f97790cbf6ab","TropicalMountain447","67914253de4eb4f636d10283","6a9dd9505a43d0a64f99cfaf","2026-09-06 17:25"
"kenny","65cbc406504fe72cd8cea23e","Jonas","661ad4c4073f663c21b57fe6","6a9dd983bb0fbd22571495e9","2026-09-06 17:26"
"BrianBrobbey","6a7c8155731b5e298427b074","Joey","6036d5069f94c60001adb5dc","6a9dd9c0c8745cc28e4072e3","2026-09-06 17:27"
"Unc","6876a81aaf5ea16088df663a","Surgut sand","5ec369eae7115241a4e75beb","6a9dd97bc8745cc28e4071d1","2026-09-06 17:27"
"Jonas","661ad4c4073f663c21b57fe6","kenny","65cbc406504fe72cd8cea23e","6a9dda588e5c6190712f73e0","2026-09-06 17:28"
"NorthKoreaEnjoyer","6a5776b9557fa0b8070897d7","Julenzooo","603a7a540b13630001e09ff9","6a9dd8afc8745cc28e406e74","2026-09-06 17:28"
"RuralQuay427","67afb8f9170e41f8f611a20a","Kenjin","6917549db14de91e7a2e919d","6a9dd950863f543a30d1a1f3","2026-09-06 17:28"
"lecheur2pieds","663523ba8e313d3aa27852b0","Bad At Geo","5d46b0bb3b4b6a4968620f7b","6a9dd9c68e5c6190712f7270","2026-09-06 17:30"
"Nici","619512ea6e5572000187322c","Rafa","65d3d579486526d78cd578f9","6a9dd977c8745cc28e4071c1","2026-09-06 17:30"
"Sebo586","6484d6c62835b90b9cd9297c","Lágrima's Spaceplonk Alt","698282326314d86a2a8c61e3","6a9dd8dec8745cc28e406f3d","2026-09-06 17:30"
"Edqy","60a2893cb7d972000112fbf4","DerMichi","6404be1b4e7cfe74c3e42583","6a9dd8ea8e5c6190712f7075","2026-09-06 17:30"
"Blumeq","61223629224b8a0001020f04","Konny","5c94817a7235f97790cbf6ab","6a9dda31c8745cc28e407498","2026-09-06 17:30"
"Jonas","661ad4c4073f663c21b57fe6","twitch.tv/yapchell","67f66e1eab7fc9feab89429b","6a9ddae0c8745cc28e40771d","2026-09-06 17:31"
"Fxrzs","676edd67b060daec5f128233","big man katoo","66cf5b02457683c980c2533a","6a9dd9d2b954b6be36ac6a62","2026-09-06 17:31"
"lebron-3","694357bf716cf71c98f96b42","Fructidor","5e3712631e34a03504349945","6a9dd735bb0fbd2257149243","2026-09-06 17:32"
"NorthKoreaEnjoyer","6a5776b9557fa0b8070897d7","Shakazaramesh","5ef2945bbb96627c9ce5f63f","6a9ddac1c8745cc28e4076a6","2026-09-06 17:32"
"Elefantenrennen","62389c45454d59071bc14556","Surgut sand","5ec369eae7115241a4e75beb","6a9ddb1b5a43d0a64f99d311","2026-09-06 17:32"
"lecheur2pieds","663523ba8e313d3aa27852b0","pan","5ff3206bbc4e8c00013e4b25","6a9ddb53c8745cc28e407907","2026-09-06 17:33"
"mikowhy","659c9d0a72300acff1deb5df","niwai","63bcf9051465b5b236749d8f","6a9dda388e5c6190712f7398","2026-09-06 17:33"
"Konny","5c94817a7235f97790cbf6ab","Anonymous","62517d69bf2d9b52f4682c70","6a9ddb4ac8745cc28e4078de","2026-09-06 17:33"
"Bad At Geo","5d46b0bb3b4b6a4968620f7b","bodysfailing","69fd3dc20731483be6bd7038","6a9ddb53c8745cc28e407905","2026-09-06 17:36"
"Shakazaramesh","5ef2945bbb96627c9ce5f63f","NorthKoreaEnjoyer","6a5776b9557fa0b8070897d7","6a9ddba5c8745cc28e407a58","2026-09-06 17:36"
"Julenzooo","603a7a540b13630001e09ff9","Yarik","676e524ee37422d9da0e161a","6a9ddae6b954b6be36ac6c19","2026-09-06 17:36"
"Surgut sand","5ec369eae7115241a4e75beb","big man katoo","66cf5b02457683c980c2533a","6a9ddbe2863f543a30d1a691","2026-09-06 17:36"
"捲菸的菸草不來自後山","6372795ba9204b943dd562cf","GeoKitten :3","6a60cb66561c205d0831e2ad","6a9ddbadc8745cc28e407a73","2026-09-06 17:37"
"Sebo586","6484d6c62835b90b9cd9297c","Rafa","65d3d579486526d78cd578f9","6a9ddbe18e5c6190712f7733","2026-09-06 17:37"
"sebastian","667d87ca8401bca3fee14649","lecheur2pieds","663523ba8e313d3aa27852b0","6a9ddc608e5c6190712f784f","2026-09-06 17:38"
"Jonas","661ad4c4073f663c21b57fe6","Fructidor","5e3712631e34a03504349945","6a9ddbed8e5c6190712f7746","2026-09-06 17:38"
"Lágrima's Spaceplonk Alt","698282326314d86a2a8c61e3","Fxrzs","676edd67b060daec5f128233","6a9ddbc28e5c6190712f76cc","2026-09-06 17:38"
"BrianBrobbey","6a7c8155731b5e298427b074","jccpx","60733dbbac99e00001b6f5d2","6a9ddb59c8745cc28e407926","2026-09-06 17:38"
"鹰娥朗","628e0d478e5ef3a3ca163627","LeBron James of Geoguessr","58ba5dff0eac7223846496ea","6a9dd9bb8e5c6190712f7260","2026-09-06 17:40"
"DerMichi","6404be1b4e7cfe74c3e42583","Blumeq","61223629224b8a0001020f04","6a9ddcbe863f543a30d1a884","2026-09-06 17:40"
"GeoKitten :3","6a60cb66561c205d0831e2ad","Julenzooo","603a7a540b13630001e09ff9","6a9ddce5b954b6be36ac6f6d","2026-09-06 17:41"
"Anonymous","62517d69bf2d9b52f4682c70","NorthKoreaEnjoyer","6a5776b9557fa0b8070897d7","6a9ddca18e5c6190712f78df","2026-09-06 17:41"
"bane","68ad099927369b0fd919500a","Edqy","60a2893cb7d972000112fbf4","6a9ddc82c8745cc28e407dbb","2026-09-06 17:43"
"lecheur2pieds","663523ba8e313d3aa27852b0","bodysfailing","69fd3dc20731483be6bd7038","6a9ddd39c8745cc28e408042","2026-09-06 17:45"
"twitch.tv/yapchell","67f66e1eab7fc9feab89429b","sebastian","667d87ca8401bca3fee14649","6a9ddda23f1a67370eccd771","2026-09-06 17:45"
"looer_h","627823ed8874df9dd7c83fae","Nici","619512ea6e5572000187322c","6a9ddc3a863f543a30d1a74d","2026-09-06 17:45"
"Shakazaramesh","5ef2945bbb96627c9ce5f63f","big man katoo","66cf5b02457683c980c2533a","6a9ddcabc8745cc28e407e59","2026-09-06 17:45"
"mikowhy","659c9d0a72300acff1deb5df","niwai","63bcf9051465b5b236749d8f","6a9ddbea863f543a30d1a6a6","2026-09-06 17:46"
"asiacwan","61ea87207c1a7800014fb30d","DerMichi","6404be1b4e7cfe74c3e42583","6a9ddd9bc8745cc28e4081be","2026-09-06 17:46"
"slew","5cc1545b8701a898fc423332","alex99","6205976f4e77cd0001949f1e","6a9dd80cc8745cc28e406ba4","2026-09-06 17:46"
"Anonymous","62517d69bf2d9b52f4682c70","TropicalMountain447","67914253de4eb4f636d10283","6a9dde1bc8745cc28e4083ba","2026-09-06 17:46"
"Rafa","65d3d579486526d78cd578f9","Fxrzs","676edd67b060daec5f128233","6a9ddd2e863f543a30d1a96d","2026-09-06 17:47"
"Unc","6876a81aaf5ea16088df663a","riso***","5e0bb8901b34a023587ad378","6a9ddebf205b30231b3da0b2","2026-09-06 17:47"
"wisps","60ad03a48b6e1d00012f8e7e","GeoKitten :3","6a60cb66561c205d0831e2ad","6a9dddf9c8745cc28e40833d","2026-09-06 17:48"
"Shakazaramesh","5ef2945bbb96627c9ce5f63f","Nici","619512ea6e5572000187322c","6a9dded0c8745cc28e40865d","2026-09-06 17:48"
"sebastian","667d87ca8401bca3fee14649","twitch.tv/yapchell","67f66e1eab7fc9feab89429b","6a9ddf04c8745cc28e408720","2026-09-06 17:49"
"Shakazaramesh","5ef2945bbb96627c9ce5f63f","NorthKoreaEnjoyer","6a5776b9557fa0b8070897d7","6a9ddf9c863f543a30d1af2f","2026-09-06 17:50"
"Julenzooo","603a7a540b13630001e09ff9","TropicalMountain447","67914253de4eb4f636d10283","6a9ddf1ac8745cc28e40875e","2026-09-06 17:50"
"lecheur2pieds","663523ba8e313d3aa27852b0","bodysfailing","69fd3dc20731483be6bd7038","6a9ddee28e5c6190712f7efd","2026-09-06 17:51"
"Edqy","60a2893cb7d972000112fbf4","bane","68ad099927369b0fd919500a","6a9dde4f8e5c6190712f7d96","2026-09-06 17:51"
"Blanecin","5e8781f3b3ec177638be489a","RuralQuay427","67afb8f9170e41f8f611a20a","6a9ddba38e5c6190712f767e","2026-09-06 17:51"
"lebron-3","694357bf716cf71c98f96b42","Thomas4183b","60194a73ccb73b00018edf77","6a9ddc73c8745cc28e407d7c","2026-09-06 17:52"
"Anonymous","62517d69bf2d9b52f4682c70","Konny","5c94817a7235f97790cbf6ab","6a9ddf328e5c6190712f7fc5","2026-09-06 17:52"
"DerMichi","6404be1b4e7cfe74c3e42583","Unc","6876a81aaf5ea16088df663a","6a9ddf50c8745cc28e408834","2026-09-06 17:52"
"Fxrzs","676edd67b060daec5f128233","Rafa","65d3d579486526d78cd578f9","6a9ddf27c8745cc28e40879c","2026-09-06 17:53"
"looer_h","627823ed8874df9dd7c83fae","NorthKoreaEnjoyer","6a5776b9557fa0b8070897d7","6a9ddfb4c8745cc28e4089c1","2026-09-06 17:54"
"twitch.tv/yapchell","67f66e1eab7fc9feab89429b","sebastian","667d87ca8401bca3fee14649","6a9ddfdf8e5c6190712f8178","2026-09-06 17:55"
"GeoKitten :3","6a60cb66561c205d0831e2ad","Nici","619512ea6e5572000187322c","6a9ddf938e5c6190712f80c3","2026-09-06 17:56"
"bodysfailing","69fd3dc20731483be6bd7038","lecheur2pieds","663523ba8e313d3aa27852b0","6a9de029c8745cc28e408b44","2026-09-06 17:57"
"捲菸的菸草不來自後山","6372795ba9204b943dd562cf","Anonymous","62517d69bf2d9b52f4682c70","6a9de0f2863f543a30d1b1cd","2026-09-06 17:58"
"NorthKoreaEnjoyer","6a5776b9557fa0b8070897d7","Dissonans","60e09234213b0600019d912e","6a9de0cf863f543a30d1b193","2026-09-06 17:58"
"Bulgariunaci","5ee07a02053ea52a8454e6c2","Fxrzs","676edd67b060daec5f128233","6a9de0f08e5c6190712f843a","2026-09-06 17:59"
"twitch.tv/yapchell","67f66e1eab7fc9feab89429b","sebastian","667d87ca8401bca3fee14649","6a9de118c8745cc28e408f3b","2026-09-06 18:00"
"kenny","65cbc406504fe72cd8cea23e","Rafa","65d3d579486526d78cd578f9","6a9de0d9c8745cc28e408e42","2026-09-06 18:00"
"lecheur2pieds","663523ba8e313d3aa27852b0","bodysfailing","69fd3dc20731483be6bd7038","6a9de17fc8745cc28e4090b7","2026-09-06 18:01"
"Shakazaramesh","5ef2945bbb96627c9ce5f63f","mikowhy","659c9d0a72300acff1deb5df","6a9de0498e5c6190712f828a","2026-09-06 18:01"
"bane","68ad099927369b0fd919500a","DerMichi","6404be1b4e7cfe74c3e42583","6a9de07b863f543a30d1b0f7","2026-09-06 18:01"
"Anonymous","62517d69bf2d9b52f4682c70","鹰娥朗","628e0d478e5ef3a3ca163627","6a9de1ee863f543a30d1b3fe","2026-09-06 18:02"
"Blanecin","5e8781f3b3ec177638be489a","RuralQuay427","67afb8f9170e41f8f611a20a","6a9de0308e5c6190712f824d","2026-09-06 18:02"
"Konny","5c94817a7235f97790cbf6ab","Unc","6876a81aaf5ea16088df663a","6a9de1ffc8745cc28e40925b","2026-09-06 18:03"
"looer_h","627823ed8874df9dd7c83fae","GeoKitten :3","6a60cb66561c205d0831e2ad","6a9de152863f543a30d1b294","2026-09-06 18:04"
"Dissonans","60e09234213b0600019d912e","NorthKoreaEnjoyer","6a5776b9557fa0b8070897d7","6a9de1cd8e5c6190712f86b1","2026-09-06 18:04"
"PLK","62179a5c8e88d400010d91ea","Dissonans","60e09234213b0600019d912e","6a9de32bc8745cc28e409666","2026-09-06 18:05"
"鹰娥朗","628e0d478e5ef3a3ca163627","bane","68ad099927369b0fd919500a","6a9de2d43f1a67370ecce033","2026-09-06 18:05"
"Konny","5c94817a7235f97790cbf6ab","Anonymous","62517d69bf2d9b52f4682c70","6a9de2eac8745cc28e409597","2026-09-06 18:05"
"twitch.tv/yapchell","67f66e1eab7fc9feab89429b","mikowhy","659c9d0a72300acff1deb5df","6a9de2c5c8745cc28e40951f","2026-09-06 18:06"
"Fxrzs","676edd67b060daec5f128233","Jonas","661ad4c4073f663c21b57fe6","6a9de241c8745cc28e409339","2026-09-06 18:06"
"lecheur2pieds","663523ba8e313d3aa27852b0","bodysfailing","69fd3dc20731483be6bd7038","6a9de28dc8745cc28e40944f","2026-09-06 18:08"
"Bulgariunaci","5ee07a02053ea52a8454e6c2","Henrik","5ffda066ad68a300017a45e1","6a9de27ac8745cc28e409409","2026-09-06 18:08"
"PLK","62179a5c8e88d400010d91ea","kober","67ad18a09e150413a5e6fa66","6a9de388863f543a30d1b759","2026-09-06 18:08"
"bane","68ad099927369b0fd919500a","Feraoleo","658d9b7bcb4345ff30748091","6a9de3a9c8745cc28e409805","2026-09-06 18:08"
"Jonas","661ad4c4073f663c21b57fe6","Dissonans","60e09234213b0600019d912e","6a9de405c8745cc28e409904","2026-09-06 18:09"
"PLK","62179a5c8e88d400010d91ea","Bulgariunaci","5ee07a02053ea52a8454e6c2","6a9de447c8745cc28e4099d1","2026-09-06 18:09"
"PLK","62179a5c8e88d400010d91ea","kober","67ad18a09e150413a5e6fa66","6a9de388863f543a30d1b759","2026-09-06 18:09"
"Sesquipedalism","59e21e3539d85572801d5a5e","TropicalMountain447","67914253de4eb4f636d10283","6a9de384c8745cc28e409787","2026-09-06 18:09"
"lecheur2pieds","663523ba8e313d3aa27852b0","bodysfailing","69fd3dc20731483be6bd7038","6a9de4178e5c6190712f8c04","2026-09-06 18:10"
"Anonymous","62517d69bf2d9b52f4682c70","rock","5f8b0f745578e000019d32f5","6a9de38ec8745cc28e4097b1","2026-09-06 18:10"
"Crusher","61806eba46697e000114264f","Blumeq","61223629224b8a0001020f04","6a9de0abc8745cc28e408d85","2026-09-06 18:10"
"Yiğit Onur","628a020c86224535a595335f","bane","68ad099927369b0fd919500a","6a9de4435a43d0a64f99e370","2026-09-06 18:11"
"twitch.tv/yapchell","67f66e1eab7fc9feab89429b","FREE PALESTINE","6281e747cb6c707ef5ec2f6c","6a9de3d6c8745cc28e409884","2026-09-06 18:12"
"kober","67ad18a09e150413a5e6fa66","PLK","62179a5c8e88d400010d91ea","6a9de4818e5c6190712f8ce4","2026-09-06 18:13"
"Harrier (YT)","5ffb2e6d415d4d000165f5dd","捲菸的菸草不來自後山","6372795ba9204b943dd562cf","6a9de4678e5c6190712f8cb1","2026-09-06 18:14"
"Jonas","661ad4c4073f663c21b57fe6","Bulgariunaci","5ee07a02053ea52a8454e6c2","6a9de4bac8745cc28e409b56","2026-09-06 18:14"
"kober","67ad18a09e150413a5e6fa66","PLK","62179a5c8e88d400010d91ea","6a9de4818e5c6190712f8ce4","2026-09-06 18:14"
"Egorsmol","60c7cce623bc770001651df5","Daski","608ab513176fca00014c4cae","6a9de3dbc8745cc28e40988f","2026-09-06 18:14"
"FREE PALESTINE","6281e747cb6c707ef5ec2f6c","twitch.tv/yapchell","67f66e1eab7fc9feab89429b","6a9de52ac8745cc28e409cc0","2026-09-06 18:15"
"Thomas4183b","60194a73ccb73b00018edf77","LeBron James of Geoguessr","58ba5dff0eac7223846496ea","6a9de07b863f543a30d1b0f8","2026-09-06 18:15"
"Yiğit Onur","628a020c86224535a595335f","Sesquipedalism","59e21e3539d85572801d5a5e","6a9de517863f543a30d1b9ec","2026-09-06 18:15"
"plotter","674c4756fb60b9f111e6e0b4","lebron-3","694357bf716cf71c98f96b42","6a9de35ac8745cc28e4096ea","2026-09-06 18:16"
"Rafa","65d3d579486526d78cd578f9","7ROU7","69ed3e0c27406e0b87b738aa","6a9de427c8745cc28e409967","2026-09-06 18:16"
"Blumeq","61223629224b8a0001020f04","Anonymous","62517d69bf2d9b52f4682c70","6a9de4c3863f543a30d1b96e","2026-09-06 18:16"
"bodysfailing","69fd3dc20731483be6bd7038","Ling","653d58ea4044fc276f407e75","6a9de4a1c8745cc28e409b11","2026-09-06 18:17"
"Jonas","661ad4c4073f663c21b57fe6","twitch.tv/yapchell","67f66e1eab7fc9feab89429b","6a9de5dbc8745cc28e409ede","2026-09-06 18:17"
"Harrier (YT)","5ffb2e6d415d4d000165f5dd","捲菸的菸草不來自後山","6372795ba9204b943dd562cf","6a9de59d5a43d0a64f99e552","2026-09-06 18:18"
"kober","67ad18a09e150413a5e6fa66","PLK","62179a5c8e88d400010d91ea","6a9de553c8745cc28e409d5f","2026-09-06 18:18"
"Dissonans","60e09234213b0600019d912e","Marölchen","6363d4e6dd7a020d3caf03d1","6a9de5d68e5c6190712f8f8b","2026-09-06 18:18"
"lecheur2pieds","663523ba8e313d3aa27852b0","FREE PALESTINE","6281e747cb6c707ef5ec2f6c","6a9de5bfc8745cc28e409e8f","2026-09-06 18:19"
"kober","67ad18a09e150413a5e6fa66","Bulgariunaci","5ee07a02053ea52a8454e6c2","6a9de5b28e5c6190712f8f47","2026-09-06 18:19"
"Traveler","63869920622107e9895056f7","bane","68ad099927369b0fd919500a","6a9de4ffc8745cc28e409c33","2026-09-06 18:19"
"Blumeq","61223629224b8a0001020f04","Remy","62bd2758a13615c38eb2b07d","6a9de61fc8745cc28e409fea","2026-09-06 18:19"
"Ling","653d58ea4044fc276f407e75","twitch.tv/yapchell","67f66e1eab7fc9feab89429b","6a9de661c8745cc28e40a0bf","2026-09-06 18:20"
"Henrik","5ffda066ad68a300017a45e1","Marölchen","6363d4e6dd7a020d3caf03d1","6a9de6a4c8745cc28e40a1bd","2026-09-06 18:20"
"Yiğit Onur","628a020c86224535a595335f","Sesquipedalism","59e21e3539d85572801d5a5e","6a9de5e88e5c6190712f8fb4","2026-09-06 18:21"
"Jonas","661ad4c4073f663c21b57fe6","Rafa","65d3d579486526d78cd578f9","6a9de666cd72607d3d16e19e","2026-09-06 18:22"
"PLK","62179a5c8e88d400010d91ea","Dissonans","60e09234213b0600019d912e","6a9de68e8e5c6190712f9168","2026-09-06 18:22"
"Blumeq","61223629224b8a0001020f04","Unc","6876a81aaf5ea16088df663a","6a9de6c9c8745cc28e40a224","2026-09-06 18:22"
"捲菸的菸草不來自後山","6372795ba9204b943dd562cf","Harrier (YT)","5ffb2e6d415d4d000165f5dd","6a9de6a38e5c6190712f91b0","2026-09-06 18:23"
"twitch.tv/yapchell","67f66e1eab7fc9feab89429b","Jonas","661ad4c4073f663c21b57fe6","6a9de77bc8745cc28e40a45c","2026-09-06 18:24"
"Daski","608ab513176fca00014c4cae","Egorsmol","60c7cce623bc770001651df5","6a9de58f863f543a30d1baa7","2026-09-06 18:24"
"Marölchen","6363d4e6dd7a020d3caf03d1","Unc","6876a81aaf5ea16088df663a","6a9de784c8745cc28e40a470","2026-09-06 18:24"
"NorthKoreaEnjoyer","6a5776b9557fa0b8070897d7","DerMichi","6404be1b4e7cfe74c3e42583","6a9de6b38e5c6190712f91cb","2026-09-06 18:24"
"bodysfailing","69fd3dc20731483be6bd7038","plotter","674c4756fb60b9f111e6e0b4","6a9de63ec8745cc28e40a050","2026-09-06 18:25"
"Dissonans","60e09234213b0600019d912e","PLK","62179a5c8e88d400010d91ea","6a9de78fc8745cc28e40a48d","2026-09-06 18:25"
"BrianBrobbey","6a7c8155731b5e298427b074","asdfghjk","5fc2538e759f5400010e1fd5","6a9de610c8745cc28e409fb4","2026-09-06 18:25"
"FREE PALESTINE","6281e747cb6c707ef5ec2f6c","lecheur2pieds","663523ba8e313d3aa27852b0","6a9de6df8e5c6190712f923b","2026-09-06 18:26"
"Bulgariunaci","5ee07a02053ea52a8454e6c2","RJay223","68a7393aba3755f87bd88212","6a9de6f98e5c6190712f9282","2026-09-06 18:26"
"masamune","60b36d8fbba4ea0001ba5dc5","Yiğit Onur","628a020c86224535a595335f","6a9de720c8745cc28e40a346","2026-09-06 18:26"
"Harrier (YT)","5ffb2e6d415d4d000165f5dd","Jonas","661ad4c4073f663c21b57fe6","6a9de7d2863f543a30d1bf63","2026-09-06 18:28"
"Blumeq","61223629224b8a0001020f04","tomus","665dad413a13d962ba9f8632","6a9de779c8745cc28e40a459","2026-09-06 18:28"
"Palmitas","69b33a815634cc416b9c7877","teddy bear","66f081f2bf4b230a2fcb970c","6a9de7ebc8745cc28e40a5dc","2026-09-06 18:29"
"Jazzonne","638bcf412c734faf1bcce61e","PingiPuck","59c23b63572f0e4c689a467b","6a9de4df8e5c6190712f8d7f","2026-09-06 18:29"
"twitch.tv/yapchell","67f66e1eab7fc9feab89429b","PLK","62179a5c8e88d400010d91ea","6a9de84a8e5c6190712f95a7","2026-09-06 18:30"
"Henrik","5ffda066ad68a300017a45e1","RJay223","68a7393aba3755f87bd88212","6a9de84dc8745cc28e40a706","2026-09-06 18:30"
"Egorsmol","60c7cce623bc770001651df5","Marölchen","6363d4e6dd7a020d3caf03d1","6a9de807c8745cc28e40a63f","2026-09-06 18:30"
"lecheur2pieds","663523ba8e313d3aa27852b0","FREE PALESTINE","6281e747cb6c707ef5ec2f6c","6a9de8b5c8745cc28e40a87e","2026-09-06 18:31"
"Jonas","661ad4c4073f663c21b57fe6","Harrier (YT)","5ffb2e6d415d4d000165f5dd","6a9de8dcc8745cc28e40a8fd","2026-09-06 18:31"
"teddy bear","66f081f2bf4b230a2fcb970c","Palmitas","69b33a815634cc416b9c7877","6a9de90cc8745cc28e40a999","2026-09-06 18:31"
"DerMichi","6404be1b4e7cfe74c3e42583","NorthKoreaEnjoyer","6a5776b9557fa0b8070897d7","6a9de7e98e5c6190712f94b8","2026-09-06 18:33"
"BarryTheBee","62be7867aa13616722f8dd4a","lecheur2pieds","663523ba8e313d3aa27852b0","6a9de98f863f543a30d1c28e","2026-09-06 18:34"
"Harrier (YT)","5ffb2e6d415d4d000165f5dd","Jonas","661ad4c4073f663c21b57fe6","6a9de988b841a990e0b9e0f5","2026-09-06 18:34"
"FREE PALESTINE","6281e747cb6c707ef5ec2f6c","teddy bear","66f081f2bf4b230a2fcb970c","6a9de9fe863f543a30d1c351","2026-09-06 18:35"
"捲菸的菸草不來自後山","6372795ba9204b943dd562cf","wang4wc2027(徒弟yang)","64df30f334185dd27cf839a7","6a9de94d8e5c6190712f9850","2026-09-06 18:35"
"masamune","60b36d8fbba4ea0001ba5dc5","Dissonans","60e09234213b0600019d912e","6a9de93e8e5c6190712f9834","2026-09-06 18:35"
"Henrik","5ffda066ad68a300017a45e1","RJay223","68a7393aba3755f87bd88212","6a9de9828e5c6190712f98b2","2026-09-06 18:36"
"Egorsmol","60c7cce623bc770001651df5","Palmitas","69b33a815634cc416b9c7877","6a9de9b08e5c6190712f990d","2026-09-06 18:37"
"Harrier (YT)","5ffb2e6d415d4d000165f5dd","Jonas","661ad4c4073f663c21b57fe6","6a9dea3dc8745cc28e40ad57","2026-09-06 18:38"
"Henrik","5ffda066ad68a300017a45e1","teddy bear","66f081f2bf4b230a2fcb970c","6a9deaa6c8745cc28e40aebf","2026-09-06 18:38"
"RJay223","68a7393aba3755f87bd88212","Nardorenco","628122bc65003e8fd7d8a74b","6a9deac4c8745cc28e40af12","2026-09-06 18:39"
"Marölchen","6363d4e6dd7a020d3caf03d1","NorthKoreaEnjoyer","6a5776b9557fa0b8070897d7","6a9dea1a8e5c6190712f9a1f","2026-09-06 18:39"
"BarryTheBee","62be7867aa13616722f8dd4a","lecheur2pieds","663523ba8e313d3aa27852b0","6a9dea4ac8745cc28e40ad83","2026-09-06 18:40"
"Fxrzs","676edd67b060daec5f128233","wisps","60ad03a48b6e1d00012f8e7e","6a9de94e8e5c6190712f9858","2026-09-06 18:40"
"sva","67a710249d75e04dff436d40","Dissonans","60e09234213b0600019d912e","6a9dea97c8745cc28e40ae8c","2026-09-06 18:40"
"FREE PALESTINE","6281e747cb6c707ef5ec2f6c","wang4wc2027(徒弟yang)","64df30f334185dd27cf839a7","6a9deae6c8745cc28e40af81","2026-09-06 18:41"
"Vader43","62490726757cbf189f839261","Henrik","5ffda066ad68a300017a45e1","6a9deb278e5c6190712f9d09","2026-09-06 18:41"
"Timbo","6352c05ddc57c324dba7d12f","Ulmar","5d9147e1ea473f7e3ccb9d92","6a9de7c1c8745cc28e40a545","2026-09-06 18:41"
"Harrier (YT)","5ffb2e6d415d4d000165f5dd","Jonas","661ad4c4073f663c21b57fe6","6a9deb369a5ebf32bef1b568","2026-09-06 18:42"
"Daski","608ab513176fca00014c4cae","Ziga","5f864ab232173400011bd862","6a9de87e8e5c6190712f961e","2026-09-06 18:42"
"Joshkabloomy","604c5a52e142340001a0a666","Marölchen","6363d4e6dd7a020d3caf03d1","6a9deb89205b30231b3db43a","2026-09-06 18:42"
"RJay223","68a7393aba3755f87bd88212","DaveRave","62ba6e6c343a6042acb37194","6a9deb5a8e5c6190712f9d7d","2026-09-06 18:42"
"looer_h","627823ed8874df9dd7c83fae","Egorsmol","60c7cce623bc770001651df5","6a9deb45863f543a30d1c5cc","2026-09-06 18:43"
"NorthKoreaEnjoyer","6a5776b9557fa0b8070897d7","Nardorenco","628122bc65003e8fd7d8a74b","6a9deb87c8745cc28e40b188","2026-09-06 18:43"
"DerMichi","6404be1b4e7cfe74c3e42583","Dissonans","60e09234213b0600019d912e","6a9deba7c8745cc28e40b202","2026-09-06 18:44"
"bodysfailing","69fd3dc20731483be6bd7038","twitch.tv/yapchell","67f66e1eab7fc9feab89429b","6a9dec478e5c6190712f9f9f","2026-09-06 18:46"
"Jonas","661ad4c4073f663c21b57fe6","Ziga","5f864ab232173400011bd862","6a9dec258e5c6190712f9f56","2026-09-06 18:46"
"Mich","5ef35fd819612a2940d22de2","teddy bear","66f081f2bf4b230a2fcb970c","6a9decdac8745cc28e40b5b3","2026-09-06 18:46"
"Henrik","5ffda066ad68a300017a45e1","Vader43","62490726757cbf189f839261","6a9debecc8745cc28e40b2e3","2026-09-06 18:46"
"Joshkabloomy","604c5a52e142340001a0a666","wisps","60ad03a48b6e1d00012f8e7e","6a9dec0ac8745cc28e40b353","2026-09-06 18:46"
"lecheur2pieds","663523ba8e313d3aa27852b0","FREE PALESTINE","6281e747cb6c707ef5ec2f6c","6a9debd6c8745cc28e40b295","2026-09-06 18:47"
"Henrik","5ffda066ad68a300017a45e1","Vader43","62490726757cbf189f839261","6a9decf9c8745cc28e40b60b","2026-09-06 18:48"
"RJay223","68a7393aba3755f87bd88212","vdestin","69dceeb35a65a03675bcfd7b","6a9dec4ec8745cc28e40b417","2026-09-06 18:48"
"DerMichi","6404be1b4e7cfe74c3e42583","Ribeirete","6058ed09d0aad50001959dd0","6a9dec918e5c6190712fa039","2026-09-06 18:48"
"Egorsmol","60c7cce623bc770001651df5","Dissonans","60e09234213b0600019d912e","6a9dec88c8745cc28e40b4cf","2026-09-06 18:49"
"teddy bear","66f081f2bf4b230a2fcb970c","Marölchen","6363d4e6dd7a020d3caf03d1","6a9ded55c8745cc28e40b751","2026-09-06 18:50"
"twitch.tv/yapchell","67f66e1eab7fc9feab89429b","Jonas","661ad4c4073f663c21b57fe6","6a9ded19863f543a30d1c91d","2026-09-06 18:51"
"Ziga","5f864ab232173400011bd862","looer_h","627823ed8874df9dd7c83fae","6a9ded0c8e5c6190712fa136","2026-09-06 18:51"
"masamune","60b36d8fbba4ea0001ba5dc5","Joshkabloomy","604c5a52e142340001a0a666","6a9ded13c8745cc28e40b663","2026-09-06 18:51"
"Dissonans","60e09234213b0600019d912e","wisps","60ad03a48b6e1d00012f8e7e","6a9dee64863f543a30d1cb9a","2026-09-06 18:53"
"FREE PALESTINE","6281e747cb6c707ef5ec2f6c","twitch.tv/yapchell","67f66e1eab7fc9feab89429b","6a9dee4ec8745cc28e40ba3e","2026-09-06 18:54"
"Jonas","661ad4c4073f663c21b57fe6","teddy bear","66f081f2bf4b230a2fcb970c","6a9dee31c8745cc28e40b9e1","2026-09-06 18:54"
"Henrik","5ffda066ad68a300017a45e1","Vader43","62490726757cbf189f839261","6a9deda8863f543a30d1ca32","2026-09-06 18:54"
"lecheur2pieds","663523ba8e313d3aa27852b0","bodysfailing","69fd3dc20731483be6bd7038","6a9ded50c8745cc28e40b746","2026-09-06 18:55"
"Ziga","5f864ab232173400011bd862","Dissonans","60e09234213b0600019d912e","6a9deea6c8745cc28e40bb56","2026-09-06 18:56"
"RJay223","68a7393aba3755f87bd88212","vdestin","69dceeb35a65a03675bcfd7b","6a9dedb1c8745cc28e40b889","2026-09-06 18:56"
"Marölchen","6363d4e6dd7a020d3caf03d1","Ribeirete","6058ed09d0aad50001959dd0","6a9dee16c8745cc28e40b99b","2026-09-06 18:56"
"wisps","60ad03a48b6e1d00012f8e7e","Egorsmol","60c7cce623bc770001651df5","6a9deebc863f543a30d1cc79","2026-09-06 18:57"
"Timbo","6352c05ddc57c324dba7d12f","Ulmar","5d9147e1ea473f7e3ccb9d92","6a9debeec8745cc28e40b2e7","2026-09-06 18:57"
"FREE PALESTINE","6281e747cb6c707ef5ec2f6c","twitch.tv/yapchell","67f66e1eab7fc9feab89429b","6a9def02863f543a30d1ccfb","2026-09-06 18:58"
"Vader43","62490726757cbf189f839261","Henrik","5ffda066ad68a300017a45e1","6a9deedb5a43d0a64f99f47a","2026-09-06 18:58"
"Joshkabloomy","604c5a52e142340001a0a666","masamune","60b36d8fbba4ea0001ba5dc5","6a9dee5ac8745cc28e40ba62","2026-09-06 18:58"
"Dissonans","60e09234213b0600019d912e","Egorsmol","60c7cce623bc770001651df5","6a9def9ac8745cc28e40be44","2026-09-06 19:00"
"wisps","60ad03a48b6e1d00012f8e7e","looer_h","627823ed8874df9dd7c83fae","6a9df01dc8745cc28e40bfb3","2026-09-06 19:01"
"bodysfailing","69fd3dc20731483be6bd7038","lecheur2pieds","663523ba8e313d3aa27852b0","6a9def478e5c6190712fa694","2026-09-06 19:03"
"Henrik","5ffda066ad68a300017a45e1","Vader43","62490726757cbf189f839261","6a9deff3c8745cc28e40bf32","2026-09-06 19:03"
"Dissonans","60e09234213b0600019d912e","Marölchen","6363d4e6dd7a020d3caf03d1","6a9df06c8e5c6190712fa91b","2026-09-06 19:03"
"Harrier (YT)","5ffb2e6d415d4d000165f5dd","twitch.tv/yapchell","67f66e1eab7fc9feab89429b","6a9df00dc8745cc28e40bf81","2026-09-06 19:04"
"wisps","60ad03a48b6e1d00012f8e7e","looer_h","627823ed8874df9dd7c83fae","6a9df0c28e5c6190712fa9c4","2026-09-06 19:05"
"Vader43","62490726757cbf189f839261","Sesquipedalism","59e21e3539d85572801d5a5e","6a9df12ac8745cc28e40c31e","2026-09-06 19:06"
"bodysfailing","69fd3dc20731483be6bd7038","lecheur2pieds","663523ba8e313d3aa27852b0","6a9df12dc8745cc28e40c326","2026-09-06 19:08"
"twitch.tv/yapchell","67f66e1eab7fc9feab89429b","Harrier (YT)","5ffb2e6d415d4d000165f5dd","6a9df13d8e5c6190712faaa5","2026-09-06 19:09"
"keycam","574c348877abe9cba8d2712d","Haus","678bc95a847b56d5e0276463","6a9deb45c8745cc28e40b0af","2026-09-06 19:09"
"Dissonans","60e09234213b0600019d912e","Marölchen","6363d4e6dd7a020d3caf03d1","6a9df0fb5a43d0a64f99f7df","2026-09-06 19:10"
"lecheur2pieds","663523ba8e313d3aa27852b0","bodysfailing","69fd3dc20731483be6bd7038","6a9df25ac8745cc28e40c6e3","2026-09-06 19:11"
"looer_h","627823ed8874df9dd7c83fae","Palmitas","69b33a815634cc416b9c7877","6a9df1bbc8745cc28e40c4cd","2026-09-06 19:12"
"FMC","638348f8910c9ca0fbb4fa15","Vader43","62490726757cbf189f839261","6a9df299c8745cc28e40c79b","2026-09-06 19:12"
"lecheur2pieds","663523ba8e313d3aa27852b0","bodysfailing","69fd3dc20731483be6bd7038","6a9df2ec8e5c6190712fae26","2026-09-06 19:13"
"wisps","60ad03a48b6e1d00012f8e7e","Harrier (YT)","5ffb2e6d415d4d000165f5dd","6a9df2a1863f543a30d1d41f","2026-09-06 19:14"
"FMC","638348f8910c9ca0fbb4fa15","Marölchen","6363d4e6dd7a020d3caf03d1","6a9df34dc8745cc28e40c9ca","2026-09-06 19:16"
"Harrier (YT)","5ffb2e6d415d4d000165f5dd","twitch.tv/yapchell","67f66e1eab7fc9feab89429b","6a9df3d38e5c6190712fb072","2026-09-06 19:17"
"Palmitas","69b33a815634cc416b9c7877","Dissonans","60e09234213b0600019d912e","6a9df3945a43d0a64f99fc1c","2026-09-06 19:18"
"Juagie","601b3f4047f927000155a753","BarryTheBee","62be7867aa13616722f8dd4a","6a9df24dc8745cc28e40c6bc","2026-09-06 19:19"
"鹰娥朗","628e0d478e5ef3a3ca163627","FMC","638348f8910c9ca0fbb4fa15","6a9df4105a43d0a64f99fd44","2026-09-06 19:19"
"bodysfailing","69fd3dc20731483be6bd7038","lecheur2pieds","663523ba8e313d3aa27852b0","6a9df37cc8745cc28e40ca30","2026-09-06 19:20"
"wisps","60ad03a48b6e1d00012f8e7e","Dissonans","60e09234213b0600019d912e","6a9df4a05a43d0a64f99feae","2026-09-06 19:21"
"Ulmar","5d9147e1ea473f7e3ccb9d92","Timbo","6352c05ddc57c324dba7d12f","6a9df263c8745cc28e40c706","2026-09-06 19:21"
"simsson","603659630b13630001de6f9c","Harrier (YT)","5ffb2e6d415d4d000165f5dd","6a9df46d863f543a30d1d7c5","2026-09-06 19:22"
"Marölchen","6363d4e6dd7a020d3caf03d1","Dissonans","60e09234213b0600019d912e","6a9df5618e5c6190712fb53a","2026-09-06 19:23"
"FMC","638348f8910c9ca0fbb4fa15","Valdemanco del Esteras","63a961ba125cceb013a41d89","6a9df5205a43d0a64f9a002d","2026-09-06 19:24"
"twitch.tv/yapchell","67f66e1eab7fc9feab89429b","Harrier (YT)","5ffb2e6d415d4d000165f5dd","6a9df5805a43d0a64f9a0109","2026-09-06 19:25"
"Dissonans","60e09234213b0600019d912e","Kucerkaaa✨","66422b048e6606a3bc59724f","6a9df5dd8e5c6190712fb6a6","2026-09-06 19:26"
"BarryTheBee","62be7867aa13616722f8dd4a","lecheur2pieds","663523ba8e313d3aa27852b0","6a9df5098e5c6190712fb3ff","2026-09-06 19:27"
"FMC","638348f8910c9ca0fbb4fa15","Marölchen","6363d4e6dd7a020d3caf03d1","6a9df6415a43d0a64f9a02b0","2026-09-06 19:27"
"Palmitas","69b33a815634cc416b9c7877","Nördster","60a91a4b4910a100012b6132","6a9df5bb8e5c6190712fb640","2026-09-06 19:28"
"BrianBrobbey","6a7c8155731b5e298427b074","JacKzy","65a6ceb5ff1043a4408fb150","6a9df49e8e5c6190712fb2d6","2026-09-06 19:28"
"Dissonans","60e09234213b0600019d912e","Kucerkaaa✨","66422b048e6606a3bc59724f","6a9df6c95a43d0a64f9a03e6","2026-09-06 19:29"
"Tomek5_5","606e09423667bc0001ad663d","eladio","6594e77717360fe0d27e44d5","6a9df5758e5c6190712fb55e","2026-09-06 19:30"
"Harrier (YT)","5ffb2e6d415d4d000165f5dd","twitch.tv/yapchell","67f66e1eab7fc9feab89429b","6a9df62c8e5c6190712fb7c4","2026-09-06 19:31"
"noggy","5e5d27ef26bbda5260b01e89","Andrade","631f700e2347fcd4bef6185b","6a9df71a8e5c6190712fba6a","2026-09-06 19:31"
"Palmitas","69b33a815634cc416b9c7877","FMC","638348f8910c9ca0fbb4fa15","6a9df6f98e5c6190712fba1b","2026-09-06 19:32"
"Dissonans","60e09234213b0600019d912e","Nitorip","60b4e24e49269d00013fa878","6a9df759b841a990e0b9f905","2026-09-06 19:33"
"noggy","5e5d27ef26bbda5260b01e89","Andrade","631f700e2347fcd4bef6185b","6a9df7c98e5c6190712fbc98","2026-09-06 19:34"
"Marölchen","6363d4e6dd7a020d3caf03d1","Unc","6876a81aaf5ea16088df663a","6a9df75b8e5c6190712fbb27","2026-09-06 19:34"
"Harrier (YT)","5ffb2e6d415d4d000165f5dd","捲菸的菸草不來自後山","6372795ba9204b943dd562cf","6a9df7905a43d0a64f9a05b8","2026-09-06 19:35"
"Palmitas","69b33a815634cc416b9c7877","kuba.","68582b5f8e62427811441b60","6a9df7f28e5c6190712fbd24","2026-09-06 19:35"
"Marölchen","6363d4e6dd7a020d3caf03d1","Unc","6876a81aaf5ea16088df663a","6a9df8578e5c6190712fbe54","2026-09-06 19:36"
"kuba.","68582b5f8e62427811441b60","Palmitas","69b33a815634cc416b9c7877","6a9df8845a43d0a64f9a0861","2026-09-06 19:38"
"[TNT] Myron","62d32ffc3377959be9ae670b","twitch.tv/yapchell","67f66e1eab7fc9feab89429b","6a9df7fa5a43d0a64f9a0710","2026-09-06 19:39"
"noggy","5e5d27ef26bbda5260b01e89","Dissonans","60e09234213b0600019d912e","6a9df880863f543a30d1e0ba","2026-09-06 19:39"
"Rafa","65d3d579486526d78cd578f9","eladio","6594e77717360fe0d27e44d5","6a9df7fa5a43d0a64f9a0711","2026-09-06 19:40"
"Harrier (YT)","5ffb2e6d415d4d000165f5dd","捲菸的菸草不來自後山","6372795ba9204b943dd562cf","6a9df888863f543a30d1e0c9","2026-09-06 19:41"
"Harrier (YT)","5ffb2e6d415d4d000165f5dd","twitch.tv/yapchell","67f66e1eab7fc9feab89429b","6a9df9f48e5c6190712fc2cb","2026-09-06 19:43"
"鹰娥朗","628e0d478e5ef3a3ca163627","Sesquipedalism","59e21e3539d85572801d5a5e","6a9df88e863f543a30d1e0d4","2026-09-06 19:43"
"Ulmar","5d9147e1ea473f7e3ccb9d92","slew","5cc1545b8701a898fc423332","6a9df52e8e5c6190712fb495","2026-09-06 19:44"
"Nitorip","60b4e24e49269d00013fa878","Kucerkaaa✨","66422b048e6606a3bc59724f","6a9dfa295a43d0a64f9a0c9e","2026-09-06 19:46"
"捲菸的菸草不來自後山","6372795ba9204b943dd562cf","Harrier (YT)","5ffb2e6d415d4d000165f5dd","6a9dfa805a43d0a64f9a0d57","2026-09-06 19:49"
"ana karla","6825695ee804a59e43097e14","Joshkabloomy","604c5a52e142340001a0a666","6a9dfb878e5c6190712fc6f1","2026-09-06 19:49"
"捲菸的菸草不來自後山","6372795ba9204b943dd562cf","Harrier (YT)","5ffb2e6d415d4d000165f5dd","6a9dfbc95a43d0a64f9a10a5","2026-09-06 19:51"
"Palmitas","69b33a815634cc416b9c7877","Elcu","633102d69d4a5044970cce21","6a9dfb25863f543a30d1e688","2026-09-06 19:51"
"Kageyu","68ca96634b59728d6b0f739a","cano","68f52475a80eb88d63b492ba","6a9dfaf4863f543a30d1e62c","2026-09-06 19:52"
"Dat1Cactus","60402d940b13630001e3e47d","Valdemanco del Esteras","63a961ba125cceb013a41d89","6a9dfbd0863f543a30d1e812","2026-09-06 19:53"
"eladio","6594e77717360fe0d27e44d5","caco","62423c3dda40ac184851c4f0","6a9dfa4a8e5c6190712fc3ca","2026-09-06 19:54"
"1th Grader","62d3181a0e6e2a7ef24d6340","Marölchen","6363d4e6dd7a020d3caf03d1","6a9dfc40863f543a30d1e90e","2026-09-06 19:56"
"Harrier (YT)","5ffb2e6d415d4d000165f5dd","wisps","60ad03a48b6e1d00012f8e7e","6a9dfc6a8e5c6190712fc959","2026-09-06 19:57"
"Knowledge","5fa20214cb54e30001357d56","vdestin","69dceeb35a65a03675bcfd7b","6a9dfcdb5a43d0a64f9a1360","2026-09-06 19:57"
"slew","5cc1545b8701a898fc423332","trrrrrrrrrrr","69d9879b413bbbdd23696a47","6a9dfc58b841a990e0ba030a","2026-09-06 19:57"
"pan","5ff3206bbc4e8c00013e4b25","Harrier (YT)","5ffb2e6d415d4d000165f5dd","6a9dfd9c3f1a67370ecd0bc6","2026-09-06 20:00"
"Palmitas","69b33a815634cc416b9c7877","Elcu","633102d69d4a5044970cce21","6a9dfcaf8e5c6190712fca28","2026-09-06 20:00"
"PLK","62179a5c8e88d400010d91ea","Knowledge","5fa20214cb54e30001357d56","6a9dfdb9863f543a30d1ec2c","2026-09-06 20:01"
"vukGG","6384aef735180c664babf36e","Harrier (YT)","5ffb2e6d415d4d000165f5dd","6a9dfe75863f543a30d1edbe","2026-09-06 20:03"
"eladio","6594e77717360fe0d27e44d5","wisps","60ad03a48b6e1d00012f8e7e","6a9dfdf85a43d0a64f9a1645","2026-09-06 20:04"
"Afonso097tv","626344b2a37c8bc48cd849b8","yukimecoq","683d0e9a7433a3e482c0610a","6a9dfe8b8e5c6190712fcf32","2026-09-06 20:04"
"Harrier (YT)","5ffb2e6d415d4d000165f5dd","Elcu","633102d69d4a5044970cce21","6a9dff365a43d0a64f9a197b","2026-09-06 20:05"
"Haus","678bc95a847b56d5e0276463","AncientIsland101","690d0e70da10a17e5b6c4195","6a9dfc2c863f543a30d1e8e6","2026-09-06 20:06"
"Nitorip","60b4e24e49269d00013fa878","bane","68ad099927369b0fd919500a","6a9dff93863f543a30d1f0ec","2026-09-06 20:07"
"pan","5ff3206bbc4e8c00013e4b25","vukGG","6384aef735180c664babf36e","6a9dff2f5a43d0a64f9a1971","2026-09-06 20:08"
"Marölchen","6363d4e6dd7a020d3caf03d1","GeoVasco 🜊","65e8a9cf15313ec5271d2421","6a9dfea1863f543a30d1ee3c","2026-09-06 20:08"
"ana karla","6825695ee804a59e43097e14"," Nils","5dded20d13777ca6b891ecd2","6a9dfbde5a43d0a64f9a10d6","2026-09-06 20:09"
"gg80","63094e1796056024727fc5d5","puffle","63cf256c0168c114ef60bea4","6a9dff675a43d0a64f9a19ff","2026-09-06 20:11"
"Nitorip","60b4e24e49269d00013fa878","yukimecoq","683d0e9a7433a3e482c0610a","6a9e00115a43d0a64f9a1baa","2026-09-06 20:11"
"Elcu","633102d69d4a5044970cce21","Harrier (YT)","5ffb2e6d415d4d000165f5dd","6a9dff94863f543a30d1f0f2","2026-09-06 20:13"
"Marölchen","6363d4e6dd7a020d3caf03d1","vdestin","69dceeb35a65a03675bcfd7b","6a9e009b8e5c6190712fd4fb","2026-09-06 20:13"
"Jonas","661ad4c4073f663c21b57fe6","plotter","674c4756fb60b9f111e6e0b4","6a9e00e25a43d0a64f9a1d87","2026-09-06 20:14"
"ana karla","6825695ee804a59e43097e14","Kucerkaaa✨","66422b048e6606a3bc59724f","6a9e00ef8e5c6190712fd5a2","2026-09-06 20:14"
"eladio","6594e77717360fe0d27e44d5","wisps","60ad03a48b6e1d00012f8e7e","6a9dffce8e5c6190712fd30a","2026-09-06 20:15"
"Rapanui","56b34d54f0f54423887879e3","yukimecoq","683d0e9a7433a3e482c0610a","6a9e011b8e5c6190712fd5f3","2026-09-06 20:15"
"Wang04","6954f560e75a2f9780cba9a4","TemperateArchipelago536","6a68ff25f85c071f71c0a786","6a9e00731b15b9fc2af88323","2026-09-06 20:15"
"Wang04","6954f560e75a2f9780cba9a4","mrwayne186","60e87e7816fb700001fa369f","6a9e01ec8e5c6190712fd790","2026-09-06 20:16"
"Harrier (YT)","5ffb2e6d415d4d000165f5dd","Jonas","661ad4c4073f663c21b57fe6","6a9e01d28e5c6190712fd750","2026-09-06 20:17"
"ana karla","6825695ee804a59e43097e14","Северная Звезда","624197cb0a09fe783347a232","6a9e01d4b841a990e0ba0ce2","2026-09-06 20:17"
"Supi.exe","62367e9e2965f997f04a920f","Dat1Cactus","60402d940b13630001e3e47d","6a9e01405a43d0a64f9a1e25","2026-09-06 20:18"
"Rapanui","56b34d54f0f54423887879e3","Alemão(Retired 4Ever)","670f839c4f58c8c7b975c4fe","6a9e02011b15b9fc2af885b5","2026-09-06 20:18"
"Giancarlo Esposito","68e85bdb3f2cbbe915cbcd3d","Jonas","661ad4c4073f663c21b57fe6","6a9e027b8e5c6190712fd915","2026-09-06 20:20"
"sva","67a710249d75e04dff436d40","bane","68ad099927369b0fd919500a","6a9e021f1b15b9fc2af88601","2026-09-06 20:22"
"Marölchen","6363d4e6dd7a020d3caf03d1","GeoVasco 🜊","65e8a9cf15313ec5271d2421","6a9e01815a43d0a64f9a1e89","2026-09-06 20:23"
"Wang04","6954f560e75a2f9780cba9a4","Viacheslav & Natalia","69ffbe49506f7829882f74a3","6a9e024d1b15b9fc2af88653","2026-09-06 20:23"
"Jonas","661ad4c4073f663c21b57fe6","Giancarlo Esposito","68e85bdb3f2cbbe915cbcd3d","6a9e03148e5c6190712fdac3","2026-09-06 20:24"
"gg80","63094e1796056024727fc5d5","puffle","63cf256c0168c114ef60bea4","6a9e01441b15b9fc2af88471","2026-09-06 20:24"
"Megalong","67bf04f795411793d076c5f5","数字信号处理","62a559ad291a85ec390d343e","6a9e03881b15b9fc2af888ff","2026-09-06 20:25"
"Mattshackelford06","5e4eb0ad26bbda4f241d0a69","Северная Звезда","624197cb0a09fe783347a232","6a9e038c1b15b9fc2af8890b","2026-09-06 20:25"
"Giuliii","694eace554711696f7007e4e","Sinaloense","6387b9578639516bf19923d5","6a9e032e863f543a30d1f78a","2026-09-06 20:25"
"pas bon","6138c0b02041ad0001a01eae","Dat1Cactus","60402d940b13630001e3e47d","6a9e037c8e5c6190712fdc03","2026-09-06 20:26"
"N","69d24347f45ed875a0ac1930","Aos807","5eee54c89d57a84ae09c73e9","6a9e04118e5c6190712fdd48","2026-09-06 20:26"
"ana karla","6825695ee804a59e43097e14","Rapanui","56b34d54f0f54423887879e3","6a9e029f5a43d0a64f9a210d","2026-09-06 20:27"
"Северная Звезда","624197cb0a09fe783347a232","bane","68ad099927369b0fd919500a","6a9e043e1b15b9fc2af88a48","2026-09-06 20:27"
"Mattshackelford06","5e4eb0ad26bbda4f241d0a69","Kucerkaaa✨","66422b048e6606a3bc59724f","6a9e04555a43d0a64f9a24bd","2026-09-06 20:27"
"数字信号处理","62a559ad291a85ec390d343e","Megalong","67bf04f795411793d076c5f5","6a9e043d8e5c6190712fdda1","2026-09-06 20:28"
"Harrier (YT)","5ffb2e6d415d4d000165f5dd","Elcu","633102d69d4a5044970cce21","6a9e02d33f1a67370ecd1539","2026-09-06 20:29"
"Mattshackelford06","5e4eb0ad26bbda4f241d0a69","Kucerkaaa✨","66422b048e6606a3bc59724f","6a9e04ca5a43d0a64f9a25c2","2026-09-06 20:29"
"N","69d24347f45ed875a0ac1930","Cairo Guadamuz","5eeab4c6479917548004acc9","6a9e04818e5c6190712fde43","2026-09-06 20:29"
"Jonas","661ad4c4073f663c21b57fe6","Giancarlo Esposito","68e85bdb3f2cbbe915cbcd3d","6a9e03f81b15b9fc2af889d2","2026-09-06 20:30"
"Mattshackelford06","5e4eb0ad26bbda4f241d0a69","Giuliii","694eace554711696f7007e4e","6a9e0532b841a990e0ba1295","2026-09-06 20:31"
"N","69d24347f45ed875a0ac1930","Chitoo","6a7ba4361d7720591c30830b","6a9e05318e5c6190712fdfdb","2026-09-06 20:31"
"plotter","674c4756fb60b9f111e6e0b4","puffle","63cf256c0168c114ef60bea4","6a9e051c1b15b9fc2af88c0b","2026-09-06 20:32"
"Bellaxo","5c7d0e74f8f7fb7218489b2e","Sinaloense","6387b9578639516bf19923d5","6a9e048d1b15b9fc2af88af9","2026-09-06 20:32"
"Megalong","67bf04f795411793d076c5f5","Rapanui","56b34d54f0f54423887879e3","6a9e05048e5c6190712fdf5f","2026-09-06 20:32"
"Wang04","6954f560e75a2f9780cba9a4","HotDelfin","5eb42e0cd502e15e44e66aec","6a9e04b68e5c6190712fdec5","2026-09-06 20:32"
"wisps","60ad03a48b6e1d00012f8e7e","gg80","63094e1796056024727fc5d5","6a9e0463863f543a30d1f9fc","2026-09-06 20:33"
"Megalong","67bf04f795411793d076c5f5","scleemps","5beb0e9a9f90a86d0801a5fb","6a9e05f01b15b9fc2af88dc3","2026-09-06 20:34"
"N","69d24347f45ed875a0ac1930","Cairo Guadamuz","5eeab4c6479917548004acc9","6a9e05a4863f543a30d1fc4d","2026-09-06 20:34"
"Giancarlo Esposito","68e85bdb3f2cbbe915cbcd3d","Jonas","661ad4c4073f663c21b57fe6","6a9e056e8e5c6190712fe09d","2026-09-06 20:35"
"Mattshackelford06","5e4eb0ad26bbda4f241d0a69","Fenix","5ba8fe22a8e5d55294d5801a","6a9e05e81b15b9fc2af88d92","2026-09-06 20:35"
"Rapanui","56b34d54f0f54423887879e3","Wingwang","652f3b838c7ef475b4326ef5","6a9e06108e5c6190712fe1e3","2026-09-06 20:36"
"Giancarlo Esposito","68e85bdb3f2cbbe915cbcd3d","Jonas","661ad4c4073f663c21b57fe6","6a9e06b85a43d0a64f9a299e","2026-09-06 20:37"
"Mattshackelford06","5e4eb0ad26bbda4f241d0a69","Bellaxo","5c7d0e74f8f7fb7218489b2e","6a9e06a81b15b9fc2af88f3b","2026-09-06 20:37"
"ana karla","6825695ee804a59e43097e14","bane","68ad099927369b0fd919500a","6a9e053cb841a990e0ba129b","2026-09-06 20:38"
"BrianBrobbey","6a7c8155731b5e298427b074","TemperateArchipelago536","6a68ff25f85c071f71c0a786","6a9e069f863f543a30d1fe02","2026-09-06 20:38"
"Megalong","67bf04f795411793d076c5f5","puffle","63cf256c0168c114ef60bea4","6a9e06848e5c6190712fe2f9","2026-09-06 20:38"
"Wang04","6954f560e75a2f9780cba9a4","Soy Calamar","6018877edc68550001cf7be7","6a9e0610863f543a30d1fd0b","2026-09-06 20:38"
"Mattshackelford06","5e4eb0ad26bbda4f241d0a69","SteelyYolo","6439fe9890664def4616aaf5","6a9e07111b15b9fc2af8901c","2026-09-06 20:39"
"N","69d24347f45ed875a0ac1930","SuspiciousCloth","6650072a774af2a33bc88675","6a9e07128e5c6190712fe48d","2026-09-06 20:39"
"dying sociopath","5aae066718399e2758306701","gg80","63094e1796056024727fc5d5","6a9e06228e5c6190712fe1fe","2026-09-06 20:40"
"Joshkabloomy","604c5a52e142340001a0a666","Sesquipedalism","59e21e3539d85572801d5a5e","6a9e06b2863f543a30d1fe1b","2026-09-06 20:40"
"れい（Rey）","6444afc0c30fa09317b315fc","Wingwang","652f3b838c7ef475b4326ef5","6a9e07088e5c6190712fe473","2026-09-06 20:40"
"Giancarlo Esposito","68e85bdb3f2cbbe915cbcd3d","Jonas","661ad4c4073f663c21b57fe6","6a9e07291b15b9fc2af89039","2026-09-06 20:41"
"puffle","63cf256c0168c114ef60bea4","Rapanui","56b34d54f0f54423887879e3","6a9e07648e5c6190712fe52b","2026-09-06 20:41"
"eladio","6594e77717360fe0d27e44d5","Elcu","633102d69d4a5044970cce21","6a9e05df863f543a30d1fcc8","2026-09-06 20:42"
"Megalong","67bf04f795411793d076c5f5","ana karla","6825695ee804a59e43097e14","6a9e07a08e5c6190712fe5e8","2026-09-06 20:42"
"Bellaxo","5c7d0e74f8f7fb7218489b2e","SteelyYolo","6439fe9890664def4616aaf5","6a9e07a68e5c6190712fe5f8","2026-09-06 20:43"
"Северная Звезда","624197cb0a09fe783347a232","Sinaloense","6387b9578639516bf19923d5","6a9e07dd8e5c6190712fe67f","2026-09-06 20:43"
"N","69d24347f45ed875a0ac1930","Nikkilla","69d18481647b9a328ed2e5d6","6a9e07bb5a43d0a64f9a2bdd","2026-09-06 20:43"
"Giancarlo Esposito","68e85bdb3f2cbbe915cbcd3d","Jonas","661ad4c4073f663c21b57fe6","6a9e081f8e5c6190712fe6f6","2026-09-06 20:44"
"BrianBrobbey","6a7c8155731b5e298427b074","KienLe","67b7b118d169e52e3e416335","6a9e07be5a43d0a64f9a2be5","2026-09-06 20:44"
"Rapanui","56b34d54f0f54423887879e3","sva","67a710249d75e04dff436d40","6a9e081f863f543a30d200ed","2026-09-06 20:45"
"Giancarlo Esposito","68e85bdb3f2cbbe915cbcd3d","Jonas","661ad4c4073f663c21b57fe6","6a9e08b35a43d0a64f9a2dec","2026-09-06 20:46"
"Wang04","6954f560e75a2f9780cba9a4","Dangerz0ne","66fe7570902684fbe11a86af","6a9e074d1b15b9fc2af89077","2026-09-06 20:46"
"plotter","674c4756fb60b9f111e6e0b4","BarryTheBee","62be7867aa13616722f8dd4a","6a9e06198e5c6190712fe1f4","2026-09-06 20:47"
"Joshkabloomy","604c5a52e142340001a0a666","wisps","60ad03a48b6e1d00012f8e7e","6a9e07c48e5c6190712fe63e","2026-09-06 20:47"
"SteelyYolo","6439fe9890664def4616aaf5","Bellaxo","5c7d0e74f8f7fb7218489b2e","6a9e08988e5c6190712fe7f5","2026-09-06 20:47"
"Megalong","67bf04f795411793d076c5f5","ana karla","6825695ee804a59e43097e14","6a9e085d8e5c6190712fe766","2026-09-06 20:47"
"Северная Звезда","624197cb0a09fe783347a232","Sinaloense","6387b9578639516bf19923d5","6a9e087c5a43d0a64f9a2d69","2026-09-06 20:47"
"N","69d24347f45ed875a0ac1930","heisenburger","6786a30b74447aa6eabf6daa","6a9e08848e5c6190712fe7ba","2026-09-06 20:47"
"Gustavaulas","68d2b189555c4ffeb5004169","L0n 31y","670eb4546876e74c9492e4e4","6a9e090b5a43d0a64f9a2e94","2026-09-06 20:47"
"Giancarlo Esposito","68e85bdb3f2cbbe915cbcd3d","Jonas","661ad4c4073f663c21b57fe6","6a9e0937863f543a30d202aa","2026-09-06 20:48"
"N","69d24347f45ed875a0ac1930","Ortega","57f3f17618cee073b8277184","6a9e09758e5c6190712fe9da","2026-09-06 20:48"
"ana karla","6825695ee804a59e43097e14","Megalong","67bf04f795411793d076c5f5","6a9e09738e5c6190712fe9d2","2026-09-06 20:49"
"Wang04","6954f560e75a2f9780cba9a4","Dangerz0ne","66fe7570902684fbe11a86af","6a9e09295a43d0a64f9a2ee0","2026-09-06 20:49"
"Tobi","641d3f9ac451b924d421941a","RuralQuay427","67afb8f9170e41f8f611a20a","6a9e081e863f543a30d200eb","2026-09-06 20:50"
"sva","67a710249d75e04dff436d40","Belarus hedge 🐐","5feb7db83362e40001479717","6a9e093a8e5c6190712fe955","2026-09-06 20:50"
"Северная Звезда","624197cb0a09fe783347a232","Bellaxo","5c7d0e74f8f7fb7218489b2e","6a9e097e1b15b9fc2af894f0","2026-09-06 20:50"
"puffle","63cf256c0168c114ef60bea4","gg80","63094e1796056024727fc5d5","6a9e0816863f543a30d200d8","2026-09-06 20:51"
"Kucerkaaa✨","66422b048e6606a3bc59724f","Rapanui","56b34d54f0f54423887879e3","6a9e09118e5c6190712fe8fb","2026-09-06 20:51"
"Bellaxo","5c7d0e74f8f7fb7218489b2e","Северная Звезда","624197cb0a09fe783347a232","6a9e0a0b5a43d0a64f9a30f5","2026-09-06 20:52"
"Gustavaulas","68d2b189555c4ffeb5004169","BigLeo99","6a5e8df91f371d3b83ece865","6a9e09e98e5c6190712feaec","2026-09-06 20:52"
"dying sociopath","5aae066718399e2758306701","Jonas","661ad4c4073f663c21b57fe6","6a9e09c55a43d0a64f9a302d","2026-09-06 20:53"
"N","69d24347f45ed875a0ac1930","JoanWilson","66e77e31894f170b757a5020","6a9e09ca863f543a30d2040b","2026-09-06 20:53"
"Северная Звезда","624197cb0a09fe783347a232","Bellaxo","5c7d0e74f8f7fb7218489b2e","6a9e0aae5a43d0a64f9a3232","2026-09-06 20:54"
"plotter","674c4756fb60b9f111e6e0b4","BarryTheBee","62be7867aa13616722f8dd4a","6a9e09c85a43d0a64f9a303a","2026-09-06 20:55"
"Giancarlo Esposito","68e85bdb3f2cbbe915cbcd3d","Tomek5_5","606e09423667bc0001ad663d","6a9e0aaf8e5c6190712feccc","2026-09-06 20:55"
"Северная Звезда","624197cb0a09fe783347a232","Giuliii","694eace554711696f7007e4e","6a9e0aff5a43d0a64f9a32e4","2026-09-06 20:55"
"sva","67a710249d75e04dff436d40","Rapanui","56b34d54f0f54423887879e3","6a9e0a733f1a67370ecd2251","2026-09-06 20:56"
"SteelyYolo","6439fe9890664def4616aaf5","Joshkabloomy","604c5a52e142340001a0a666","6a9e0993863f543a30d20388","2026-09-06 20:57"
"Megalong","67bf04f795411793d076c5f5","ana karla","6825695ee804a59e43097e14","6a9e0a231b15b9fc2af89642","2026-09-06 20:57"
"Wang04","6954f560e75a2f9780cba9a4","Dangerz0ne","66fe7570902684fbe11a86af","6a9e09dd863f543a30d20447","2026-09-06 20:57"
"wisps","60ad03a48b6e1d00012f8e7e","gg80","63094e1796056024727fc5d5","6a9e0ab85a43d0a64f9a3245","2026-09-06 20:58"
"Bellaxo","5c7d0e74f8f7fb7218489b2e","Jonas","661ad4c4073f663c21b57fe6","6a9e0b0c1b15b9fc2af89803","2026-09-06 20:58"
"N","69d24347f45ed875a0ac1930","Amendoim","63592d2f5d56cd96f518b533","6a9e0b9f8e5c6190712fef14","2026-09-06 20:58"
"Square","6258ba2148590cd1b4d0e0a1","dying sociopath","5aae066718399e2758306701","6a9e0b66205b30231b3de914","2026-09-06 20:59"
"Joshkabloomy","604c5a52e142340001a0a666","Megalong","67bf04f795411793d076c5f5","6a9e0bb65a43d0a64f9a3475","2026-09-06 20:59"
"Giancarlo Esposito","68e85bdb3f2cbbe915cbcd3d","Tomek5_5","606e09423667bc0001ad663d","6a9e0b791b15b9fc2af898c3","2026-09-06 21:00"
"Tobi","641d3f9ac451b924d421941a","RuralQuay427","67afb8f9170e41f8f611a20a","6a9e0a515a43d0a64f9a318e","2026-09-06 21:00"
"Bellaxo","5c7d0e74f8f7fb7218489b2e","Северная Звезда","624197cb0a09fe783347a232","6a9e0c0e8e5c6190712ff00b","2026-09-06 21:01"
"Belarus hedge 🐐","5feb7db83362e40001479717","Rapanui","56b34d54f0f54423887879e3","6a9e0b798e5c6190712feebe","2026-09-06 21:02"
"pan","5ff3206bbc4e8c00013e4b25","Giancarlo Esposito","68e85bdb3f2cbbe915cbcd3d","6a9e0c631b15b9fc2af89aaf","2026-09-06 21:03"
"RuralQuay427","67afb8f9170e41f8f611a20a","Tobi","641d3f9ac451b924d421941a","6a9e0c8c8e5c6190712ff141","2026-09-06 21:03"
"yoyik","6a829d62e4726b84698c7e93","SeanMnDad","64372fc06242488eda3af909","6a9e0cd88e5c6190712ff209","2026-09-06 21:03"
"dying sociopath","5aae066718399e2758306701","Северная Звезда","624197cb0a09fe783347a232","6a9e0cda863f543a30d209a5","2026-09-06 21:04"
"Wang04","6954f560e75a2f9780cba9a4","Dangerz0ne","66fe7570902684fbe11a86af","6a9e0bd68e5c6190712fef80","2026-09-06 21:04"
"Salem","63af4615494c2bc27e4a2f31","gg80","63094e1796056024727fc5d5","6a9e0c208e5c6190712ff044","2026-09-06 21:05"
"N","69d24347f45ed875a0ac1930","Rafael Abboud","60f5d715a97ae70001ddecd0","6a9e0cf81b15b9fc2af89bff","2026-09-06 21:05"
"Giancarlo Esposito","68e85bdb3f2cbbe915cbcd3d","Tomek5_5","606e09423667bc0001ad663d","6a9e0d518e5c6190712ff31f","2026-09-06 21:06"
"looer_h","627823ed8874df9dd7c83fae","Jonas","661ad4c4073f663c21b57fe6","6a9e0c1a1b15b9fc2af89a02","2026-09-06 21:06"
"Rapanui","56b34d54f0f54423887879e3","kayzer","69a1e4ab6a464444ea66e737","6a9e0ce61b15b9fc2af89bde","2026-09-06 21:06"
"Jonas","661ad4c4073f663c21b57fe6","Bellaxo","5c7d0e74f8f7fb7218489b2e","6a9e0dea1b15b9fc2af89e5f","2026-09-06 21:07"
"Северная Звезда","624197cb0a09fe783347a232","dying sociopath","5aae066718399e2758306701","6a9e0d965a43d0a64f9a3905","2026-09-06 21:07"
"yoyik","6a829d62e4726b84698c7e93","Ivan Iliev","5ee54bf93d7b655f60a857cb","6a9e0d348e5c6190712ff2dd","2026-09-06 21:07"
"pas bon","6138c0b02041ad0001a01eae","Primzahl","63a4bfd4030a368d18291a84","6a9e0cf08e5c6190712ff245","2026-09-06 21:07"
"plotter","674c4756fb60b9f111e6e0b4","BarryTheBee","62be7867aa13616722f8dd4a","6a9e0bb28e5c6190712fef48","2026-09-06 21:08"
"Северная Звезда","624197cb0a09fe783347a232","Jonas","661ad4c4073f663c21b57fe6","6a9e0e485a43d0a64f9a3b1f","2026-09-06 21:09"
"ana karla","6825695ee804a59e43097e14","Joshkabloomy","604c5a52e142340001a0a666","6a9e0c4b1b15b9fc2af89a83","2026-09-06 21:09"
"N","69d24347f45ed875a0ac1930","lang","68e707109f780aeea406b3cd","6a9e0e0b8e5c6190712ff507","2026-09-06 21:10"
"Tomek5_5","606e09423667bc0001ad663d","looer_h","627823ed8874df9dd7c83fae","6a9e0e5f8e5c6190712ff616","2026-09-06 21:11"
"Rapanui","56b34d54f0f54423887879e3","factoryworker","645a94956f1d0c06bf894966","6a9e0e168e5c6190712ff527","2026-09-06 21:11"
"Salem","63af4615494c2bc27e4a2f31","gg80","63094e1796056024727fc5d5","6a9e0db9863f543a30d20b29","2026-09-06 21:12"
"Jonas","661ad4c4073f663c21b57fe6","dying sociopath","5aae066718399e2758306701","6a9e0eb08e5c6190712ff6cf","2026-09-06 21:13"
"Tobi","641d3f9ac451b924d421941a","RuralQuay427","67afb8f9170e41f8f611a20a","6a9e0d2e1b15b9fc2af89c77","2026-09-06 21:13"
"Bellaxo","5c7d0e74f8f7fb7218489b2e","Salem","63af4615494c2bc27e4a2f31","6a9e0f498e5c6190712ff84d","2026-09-06 21:14"
"Belarus hedge 🐐","5feb7db83362e40001479717","Alemão(Retired 4Ever)","670f839c4f58c8c7b975c4fe","6a9e0df61b15b9fc2af89e71","2026-09-06 21:14"
"BarryTheBee","62be7867aa13616722f8dd4a","plotter","674c4756fb60b9f111e6e0b4","6a9e0ecd8e5c6190712ff70f","2026-09-06 21:15"
"N","69d24347f45ed875a0ac1930","JoyfulArchipelago500","6a2f00c4676bb7da3ce0041f","6a9e0f755a43d0a64f9a3e16","2026-09-06 21:15"
"Gustavaulas","68d2b189555c4ffeb5004169","Seb","6a2b5379726e8ef8b1a27421","6a9e0fa0863f543a30d20fbb","2026-09-06 21:15"
"GooseMcGoose","5ff78fa1a56da30001ba546a","Северная Звезда","624197cb0a09fe783347a232","6a9e0f9e1b15b9fc2af8a27d","2026-09-06 21:16"
"N","69d24347f45ed875a0ac1930","Rafael Abboud","60f5d715a97ae70001ddecd0","6a9e0fec8e5c6190712ffa30","2026-09-06 21:16"
"Jonas","661ad4c4073f663c21b57fe6","Tobi","641d3f9ac451b924d421941a","6a9e0f901b15b9fc2af8a25d","2026-09-06 21:18"
"N","69d24347f45ed875a0ac1930","nmiloseviic","60701dacb90e8100010c26c7","6a9e106c863f543a30d21219","2026-09-06 21:18"
"Wang04","6954f560e75a2f9780cba9a4","Dangerz0ne","66fe7570902684fbe11a86af","6a9e0d8a8e5c6190712ff394","2026-09-06 21:18"
"Rapanui","56b34d54f0f54423887879e3","Kucerkaaa✨","66422b048e6606a3bc59724f","6a9e10558e5c6190712ffb7a","2026-09-06 21:18"
"Salem","63af4615494c2bc27e4a2f31","Северная Звезда","624197cb0a09fe783347a232","6a9e105e1b15b9fc2af8a4ef","2026-09-06 21:19"
"Giancarlo Esposito","68e85bdb3f2cbbe915cbcd3d","Tomek5_5","606e09423667bc0001ad663d","6a9e0f4b863f543a30d20eda","2026-09-06 21:20"
"vertigo","5aa5926b42305f89a0f9f86d","Primzahl","63a4bfd4030a368d18291a84","6a9e103e863f543a30d21194","2026-09-06 21:20"
"looer_h","627823ed8874df9dd7c83fae","gg80","63094e1796056024727fc5d5","6a9e0f388e5c6190712ff828","2026-09-06 21:21"
"chief","66cabbab2d73885610b090ab","KermitosisYT","5f9cc5a6aa01a700013c6c77","6a9e11001b15b9fc2af8a680","2026-09-06 21:21"
"Gustavaulas","68d2b189555c4ffeb5004169","GeoChicken","5ed1244bbb39467ce83fdb5a","6a9e107a5a43d0a64f9a4136","2026-09-06 21:21"
"BarryTheBee","62be7867aa13616722f8dd4a","plotter","674c4756fb60b9f111e6e0b4","6a9e1008863f543a30d210e2","2026-09-06 21:22"
"Giancarlo Esposito","68e85bdb3f2cbbe915cbcd3d","aero","6204e99c582e1f0001bd9a43","6a9e11278e5c6190712ffdd4","2026-09-06 21:22"
"Jonas","661ad4c4073f663c21b57fe6","Tobi","641d3f9ac451b924d421941a","6a9e10c08e5c6190712ffcd2","2026-09-06 21:22"
"kaleiss","654d0e4520681e7049600f03","Belarus hedge 🐐","5feb7db83362e40001479717","6a9e0faf8e5c6190712ff967","2026-09-06 21:22"
"Северная Звезда","624197cb0a09fe783347a232","fishyy","5f21225bac988f00018aff93","6a9e11558e5c6190712ffe49","2026-09-06 21:24"
"yoyik","6a829d62e4726b84698c7e93","alexdts95","608d6b6e9dcfa70001af0849","6a9e11b78e5c6190712fff31","2026-09-06 21:24"
"Rapanui","56b34d54f0f54423887879e3","Kucerkaaa✨","66422b048e6606a3bc59724f","6a9e10c8be5eb2d3203ae833","2026-09-06 21:24"
"Megalong","67bf04f795411793d076c5f5","SpaceGopher","63ac9fb8425eb36c6ebf03a1","6a9e10d48e5c6190712ffd03","2026-09-06 21:25"
"aero","6204e99c582e1f0001bd9a43","Giancarlo Esposito","68e85bdb3f2cbbe915cbcd3d","6a9e11a65a43d0a64f9a43d5","2026-09-06 21:28"
"Tobi","641d3f9ac451b924d421941a","RuralQuay427","67afb8f9170e41f8f611a20a","6a9e1187863f543a30d21490","2026-09-06 21:29"
"Rapanui","56b34d54f0f54423887879e3","Belarus hedge 🐐","5feb7db83362e40001479717","6a9e12e48e5c6190713002a0","2026-09-06 21:29"
"SpaceGopher","63ac9fb8425eb36c6ebf03a1","sva","67a710249d75e04dff436d40","6a9e12a28e5c6190713001eb","2026-09-06 21:29"
"Jonas","661ad4c4073f663c21b57fe6","Ghoncho1800","5e730243cd30756270994780","6a9e12e55a43d0a64f9a471c","2026-09-06 21:30"
"Tomek5_5","606e09423667bc0001ad663d","looer_h","627823ed8874df9dd7c83fae","6a9e115c5a43d0a64f9a4322","2026-09-06 21:31"
"fishyy","5f21225bac988f00018aff93","Северная Звезда","624197cb0a09fe783347a232","6a9e1265863f543a30d21629","2026-09-06 21:31"
"ana karla","6825695ee804a59e43097e14","slew","5cc1545b8701a898fc423332","6a9e0ec95a43d0a64f9a3c79","2026-09-06 21:31"
"aero","6204e99c582e1f0001bd9a43","Giancarlo Esposito","68e85bdb3f2cbbe915cbcd3d","6a9e13298e5c619071300372","2026-09-06 21:32"
"gg80","63094e1796056024727fc5d5","kaleiss","654d0e4520681e7049600f03","6a9e11bb5a43d0a64f9a4414","2026-09-06 21:33"
"BarryTheBee","62be7867aa13616722f8dd4a","plotter","674c4756fb60b9f111e6e0b4","6a9e11bd8e5c6190712fff41","2026-09-06 21:34"
"Rapanui","56b34d54f0f54423887879e3","Belarus hedge 🐐","5feb7db83362e40001479717","6a9e132c8e5c61907130037f","2026-09-06 21:34"
"Gustavaulas","68d2b189555c4ffeb5004169","Danim2205","62a52b91291a85ec390d2d40","6a9e12f51b15b9fc2af8abab","2026-09-06 21:35"
"Giancarlo Esposito","68e85bdb3f2cbbe915cbcd3d","aero","6204e99c582e1f0001bd9a43","6a9e13e31b15b9fc2af8ae62","2026-09-06 21:36"
"Jonas","661ad4c4073f663c21b57fe6","fishyy","5f21225bac988f00018aff93","6a9e13b5863f543a30d21980","2026-09-06 21:36"
"aero","6204e99c582e1f0001bd9a43","Giancarlo Esposito","68e85bdb3f2cbbe915cbcd3d","6a9e14f3863f543a30d21c99","2026-09-06 21:37"
"Rafa","65d3d579486526d78cd578f9","wisps","60ad03a48b6e1d00012f8e7e","6a9e129a1b15b9fc2af8aaa7","2026-09-06 21:38"
"Северная Звезда","624197cb0a09fe783347a232","Bellaxo","5c7d0e74f8f7fb7218489b2e","6a9e14235a43d0a64f9a4a75","2026-09-06 21:39"
"aero","6204e99c582e1f0001bd9a43","Giancarlo Esposito","68e85bdb3f2cbbe915cbcd3d","6a9e153b8e5c6190713009e0","2026-09-06 21:40"
"Jonas","661ad4c4073f663c21b57fe6","fishyy","5f21225bac988f00018aff93","6a9e14ea1b15b9fc2af8b121","2026-09-06 21:40"
"slew","5cc1545b8701a898fc423332","RuralQuay427","67afb8f9170e41f8f611a20a","6a9e13d15a43d0a64f9a49a6","2026-09-06 21:40"
"Bellaxo","5c7d0e74f8f7fb7218489b2e","fishyy","5f21225bac988f00018aff93","6a9e15c75a43d0a64f9a4efe","2026-09-06 21:41"
"Jonas","661ad4c4073f663c21b57fe6","Albanian Guy","58796ade8b9ff486d81bbad5","6a9e15df863f543a30d21f0d","2026-09-06 21:42"
"Rafa","65d3d579486526d78cd578f9","wisps","60ad03a48b6e1d00012f8e7e","6a9e15c88e5c619071300b99","2026-09-06 21:42"
"ana karla","6825695ee804a59e43097e14","looer_h","627823ed8874df9dd7c83fae","6a9e142b5a43d0a64f9a4a85","2026-09-06 21:42"
"Kageyu","68ca96634b59728d6b0f739a","Program","62bfd10dea6140a9ef5f3224","6a9e14425a43d0a64f9a4ad8","2026-09-06 21:42"
"Rapanui","56b34d54f0f54423887879e3","Kucerkaaa✨","66422b048e6606a3bc59724f","6a9e15a41b15b9fc2af8b330","2026-09-06 21:42"
"Gustavaulas","68d2b189555c4ffeb5004169","Seb","6a2b5379726e8ef8b1a27421","6a9e15985a43d0a64f9a4e7f","2026-09-06 21:43"
"chief","66cabbab2d73885610b090ab","SpaceGopher","63ac9fb8425eb36c6ebf03a1","6a9e13745a43d0a64f9a48aa","2026-09-06 21:43"
"fishyy","5f21225bac988f00018aff93","Jonas","661ad4c4073f663c21b57fe6","6a9e16491b15b9fc2af8b539","2026-09-06 21:45"
"Северная Звезда","624197cb0a09fe783347a232","Bellaxo","5c7d0e74f8f7fb7218489b2e","6a9e161e1b15b9fc2af8b4b4","2026-09-06 21:45"
"Gustavaulas","68d2b189555c4ffeb5004169","Nibo22","614c26e304dec40001dc4c6b","6a9e16998e5c619071300e31","2026-09-06 21:46"
"SpaceGopher","63ac9fb8425eb36c6ebf03a1","Rapanui","56b34d54f0f54423887879e3","6a9e168b863f543a30d220e3","2026-09-06 21:46"
"aero","6204e99c582e1f0001bd9a43","Giancarlo Esposito","68e85bdb3f2cbbe915cbcd3d","6a9e160d5a43d0a64f9a4fcf","2026-09-06 21:47"
"fishyy","5f21225bac988f00018aff93","Jonas","661ad4c4073f663c21b57fe6","6a9e17078e5c619071300fdd","2026-09-06 21:48"
"Bellaxo","5c7d0e74f8f7fb7218489b2e","Северная Звезда","624197cb0a09fe783347a232","6a9e17318e5c619071301052","2026-09-06 21:48"
"gg80","63094e1796056024727fc5d5","looer_h","627823ed8874df9dd7c83fae","6a9e16d38e5c619071300f12","2026-09-06 21:49"
"Eric455293","5ba7d3df2c0173520853d18c","KAITOOO","62e8c3ab0065abc49aca361d","6a9e173c5a43d0a64f9a5316","2026-09-06 21:49"
"chief","66cabbab2d73885610b090ab","Kucerkaaa✨","66422b048e6606a3bc59724f","6a9e16fc863f543a30d22279","2026-09-06 21:51"
"Giancarlo Esposito","68e85bdb3f2cbbe915cbcd3d","aero","6204e99c582e1f0001bd9a43","6a9e17af8e5c6190713011ac","2026-09-06 21:52"
"Gustavaulas","68d2b189555c4ffeb5004169","AbimaVa23","682c00a26b6ab976aed538cb","6a9e182b5a43d0a64f9a557e","2026-09-06 21:52"
"Gustavaulas","68d2b189555c4ffeb5004169","AbimaVa23","682c00a26b6ab976aed538cb","6a9e18a61b15b9fc2af8bbf6","2026-09-06 21:53"
"SpaceGopher","63ac9fb8425eb36c6ebf03a1","PATUGANSU","5ed559cb282ad28b94ffb506","6a9e17465a43d0a64f9a5335","2026-09-06 21:53"
"Rafa","65d3d579486526d78cd578f9","wisps","60ad03a48b6e1d00012f8e7e","6a9e177f863f543a30d223a7","2026-09-06 21:54"
"fishyy","5f21225bac988f00018aff93","Jonas","661ad4c4073f663c21b57fe6","6a9e17c35a43d0a64f9a5455","2026-09-06 21:54"
"gg80","63094e1796056024727fc5d5","Северная Звезда","624197cb0a09fe783347a232","6a9e181a863f543a30d22572","2026-09-06 21:55"
"JoguessR","633dc7c5d5114aab59533f52","looer_h","627823ed8874df9dd7c83fae","6a9e181f1b15b9fc2af8ba99","2026-09-06 21:55"
"Eric455293","5ba7d3df2c0173520853d18c","Kucerkaaa✨","66422b048e6606a3bc59724f","6a9e187d1b15b9fc2af8bba8","2026-09-06 21:55"
"chief","66cabbab2d73885610b090ab","Rapanui","56b34d54f0f54423887879e3","6a9e18775a43d0a64f9a5677","2026-09-06 21:56"
"Северная Звезда","624197cb0a09fe783347a232","fishyy","5f21225bac988f00018aff93","6a9e19945a43d0a64f9a599c","2026-09-06 21:57"
"aero","6204e99c582e1f0001bd9a43","Giancarlo Esposito","68e85bdb3f2cbbe915cbcd3d","6a9e18c45a43d0a64f9a572e","2026-09-06 21:58"
"slew","5cc1545b8701a898fc423332","RuralQuay427","67afb8f9170e41f8f611a20a","6a9e16441b15b9fc2af8b528","2026-09-06 21:59"
"Jonas","661ad4c4073f663c21b57fe6","gg80","63094e1796056024727fc5d5","6a9e195f1b15b9fc2af8beca","2026-09-06 22:00"
"aero","6204e99c582e1f0001bd9a43","Giancarlo Esposito","68e85bdb3f2cbbe915cbcd3d","6a9e1a021b15b9fc2af8c0a6","2026-09-06 22:01"
"Albanian Guy","58796ade8b9ff486d81bbad5","fishyy","5f21225bac988f00018aff93","6a9e19dd5a43d0a64f9a5aa1","2026-09-06 22:01"
"sva","67a710249d75e04dff436d40","JoguessR","633dc7c5d5114aab59533f52","6a9e19645a43d0a64f9a5914","2026-09-06 22:01"
"looer_h","627823ed8874df9dd7c83fae","kaleiss","654d0e4520681e7049600f03","6a9e19bb8e5c619071301778","2026-09-06 22:03"
"NamibianAmphibianMan","69ba2e52a04671c8a9b13e12","Северная Звезда","624197cb0a09fe783347a232","6a9e1a3c1b15b9fc2af8c157","2026-09-06 22:04"
"Eric455293","5ba7d3df2c0173520853d18c","Belarus hedge 🐐","5feb7db83362e40001479717","6a9e197b1b15b9fc2af8bf2d","2026-09-06 22:04"
"Nick70Rus","6a87063dd6776d238cc6110a","julinfkz","68a984d362683ba8c3260cf3","6a9e1a738e5c619071301a28","2026-09-06 22:04"
"NebekCito (YT)","674102f66d68a18b54a2931c","Rapanui","56b34d54f0f54423887879e3","6a9e1acb863f543a30d22cdc","2026-09-06 22:04"
"Albanian Guy","58796ade8b9ff486d81bbad5","kober","67ad18a09e150413a5e6fa66","6a9e1b8a1b15b9fc2af8c50a","2026-09-06 22:06"
"Jonas","661ad4c4073f663c21b57fe6","fishyy","5f21225bac988f00018aff93","6a9e1ad05a43d0a64f9a5d4e","2026-09-06 22:06"
"looer_h","627823ed8874df9dd7c83fae","kaleiss","654d0e4520681e7049600f03","6a9e1b395a43d0a64f9a5e58","2026-09-06 22:06"
"Giancarlo Esposito","68e85bdb3f2cbbe915cbcd3d","Rafa","65d3d579486526d78cd578f9","6a9e1ac7863f543a30d22cd3","2026-09-06 22:07"
"BlahajBlues","6822e44b8214987f0464b932","Taky502","68b2622d8217bb4318d80ba3","6a9e1b051b15b9fc2af8c3b3","2026-09-06 22:07"
"sva","67a710249d75e04dff436d40","gg80","63094e1796056024727fc5d5","6a9e1ab38e5c619071301b28","2026-09-06 22:07"
"数字信号处理","62a559ad291a85ec390d343e","Flubbersticks","69387a54dc6fdd9da05c91cd","6a9e1c585a43d0a64f9a61e8","2026-09-06 22:09"
"NebekCito (YT)","674102f66d68a18b54a2931c","Rapanui","56b34d54f0f54423887879e3","6a9e1b875a43d0a64f9a5f82","2026-09-06 22:09"
"RuralQuay427","67afb8f9170e41f8f611a20a","Its_ChinasFault","67d88144617e135e7b6559af","6a9e1a4e1b15b9fc2af8c188","2026-09-06 22:09"
"Северная Звезда","624197cb0a09fe783347a232","Muffin","68c4e66da6114a16d98aa1ea","6a9e1bb71b15b9fc2af8c56d","2026-09-06 22:10"
"sva","67a710249d75e04dff436d40","GeoMoustachu","651d92713240ad2224dd0e2a","6a9e1c928e5c619071302069","2026-09-06 22:11"
"Surgut sand","5ec369eae7115241a4e75beb","volsyn","6a66cf519e4c3535c8fec546","6a9e1ca45a43d0a64f9a62b3","2026-09-06 22:11"
"Jonas","661ad4c4073f663c21b57fe6","gg80","63094e1796056024727fc5d5","6a9e1c498e5c619071301fa0","2026-09-06 22:12"
"looer_h","627823ed8874df9dd7c83fae","fishyy","5f21225bac988f00018aff93","6a9e1c118e5c619071301ee3","2026-09-06 22:15"
"数字信号处理","62a559ad291a85ec390d343e","Flubbersticks","69387a54dc6fdd9da05c91cd","6a9e1caa1b15b9fc2af8c7fc","2026-09-06 22:15"
"BarryTheBee","62be7867aa13616722f8dd4a","Giancarlo Esposito","68e85bdb3f2cbbe915cbcd3d","6a9e1c7f8e5c619071302042","2026-09-06 22:16"
"kober","67ad18a09e150413a5e6fa66","Северная Звезда","624197cb0a09fe783347a232","6a9e1d1c8e5c619071302245","2026-09-06 22:16"
"fishyy","5f21225bac988f00018aff93","数字信号处理","62a559ad291a85ec390d343e","6a9e1e1a1b15b9fc2af8cbe3","2026-09-06 22:17"
"sva","67a710249d75e04dff436d40","JoguessR","633dc7c5d5114aab59533f52","6a9e1d5f5a43d0a64f9a64e1","2026-09-06 22:17"
"Albanian Guy","58796ade8b9ff486d81bbad5","Jonas","661ad4c4073f663c21b57fe6","6a9e1d9f5a43d0a64f9a6572","2026-09-06 22:18"
"caco","62423c3dda40ac184851c4f0","wang4wc2027(徒弟yang)","64df30f334185dd27cf839a7","6a9e1d7f1b15b9fc2af8ca2f","2026-09-06 22:18"
"gg80","63094e1796056024727fc5d5","kober","67ad18a09e150413a5e6fa66","6a9e1d4e1b15b9fc2af8c9b0","2026-09-06 22:18"
"Alemão(Retired 4Ever)","670f839c4f58c8c7b975c4fe","chief","66cabbab2d73885610b090ab","6a9e1cac1b15b9fc2af8c7fe","2026-09-06 22:18"
"kober","67ad18a09e150413a5e6fa66","fishyy","5f21225bac988f00018aff93","6a9e1e6f5a43d0a64f9a67cd","2026-09-06 22:19"
"kober","67ad18a09e150413a5e6fa66","Jonas","661ad4c4073f663c21b57fe6","6a9e1eb91b15b9fc2af8cdfe","2026-09-06 22:21"
"gg80","63094e1796056024727fc5d5","Северная Звезда","624197cb0a09fe783347a232","6a9e1ec18e5c61907130275a","2026-09-06 22:21"
"Its_ChinasFault","67d88144617e135e7b6559af","RuralQuay427","67afb8f9170e41f8f611a20a","6a9e1c991b15b9fc2af8c7ce","2026-09-06 22:21"
"Albanian Guy","58796ade8b9ff486d81bbad5","kober","67ad18a09e150413a5e6fa66","6a9e1f17863f543a30d237ca","2026-09-06 22:22"
"lebron-3","694357bf716cf71c98f96b42","Pasord","6669c659ca16186b5a3dbc35","6a9e1f291b15b9fc2af8cf5b","2026-09-06 22:23"
"kober","67ad18a09e150413a5e6fa66","fishyy","5f21225bac988f00018aff93","6a9e1f838e5c61907130297f","2026-09-06 22:23"
"fishyy","5f21225bac988f00018aff93","kober","67ad18a09e150413a5e6fa66","6a9e2008863f543a30d23a74","2026-09-06 22:24"
"sva","67a710249d75e04dff436d40","looer_h","627823ed8874df9dd7c83fae","6a9e1ebf1b15b9fc2af8ce09","2026-09-06 22:24"
"Jonas","661ad4c4073f663c21b57fe6","gg80","63094e1796056024727fc5d5","6a9e1f9b8e5c6190713029b9","2026-09-06 22:25"
"Северная Звезда","624197cb0a09fe783347a232","kober","67ad18a09e150413a5e6fa66","6a9e1fca8e5c619071302a5a","2026-09-06 22:26"
"Giancarlo Esposito","68e85bdb3f2cbbe915cbcd3d","caco","62423c3dda40ac184851c4f0","6a9e1ee08e5c6190713027a6","2026-09-06 22:27"
"fishyy","5f21225bac988f00018aff93","kober","67ad18a09e150413a5e6fa66","6a9e203b8e5c619071302ba7","2026-09-06 22:28"
"Albanian Guy","58796ade8b9ff486d81bbad5","lebron-3","694357bf716cf71c98f96b42","6a9e209a5a43d0a64f9a6e39","2026-09-06 22:29"
"Daviduccio","691df93ef275e716c46378ab","JoguessR","633dc7c5d5114aab59533f52","6a9e1fa01b15b9fc2af8d0e4","2026-09-06 22:29"
"chief","66cabbab2d73885610b090ab","volsyn","6a66cf519e4c3535c8fec546","6a9e20558e5c619071302bea","2026-09-06 22:29"
"Giancarlo Esposito","68e85bdb3f2cbbe915cbcd3d","caco","62423c3dda40ac184851c4f0","6a9e210f1b15b9fc2af8d58a","2026-09-06 22:31"
"Taky502","68b2622d8217bb4318d80ba3","KAITOOO","62e8c3ab0065abc49aca361d","6a9e20911b15b9fc2af8d3af","2026-09-06 22:31"
"Jonas","661ad4c4073f663c21b57fe6","kober","67ad18a09e150413a5e6fa66","6a9e20b01b15b9fc2af8d405","2026-09-06 22:32"
"kober","67ad18a09e150413a5e6fa66","fishyy","5f21225bac988f00018aff93","6a9e2156863f543a30d23eac","2026-09-06 22:32"
"looer_h","627823ed8874df9dd7c83fae","sva","67a710249d75e04dff436d40","6a9e2043863f543a30d23afb","2026-09-06 22:32"
"Bellaxo","5c7d0e74f8f7fb7218489b2e","gg80","63094e1796056024727fc5d5","6a9e208d5a43d0a64f9a6e1a","2026-09-06 22:32"
"Albanian Guy","58796ade8b9ff486d81bbad5","lebron-3","694357bf716cf71c98f96b42","6a9e21701b15b9fc2af8d6e2","2026-09-06 22:33"
"Pasord","6669c659ca16186b5a3dbc35","Tomek5_5","606e09423667bc0001ad663d","6a9e20098e5c619071302b2c","2026-09-06 22:34"
"Jonas","661ad4c4073f663c21b57fe6","kober","67ad18a09e150413a5e6fa66","6a9e22039a5ebf32bef21ed6","2026-09-06 22:34"
"kober","67ad18a09e150413a5e6fa66","fishyy","5f21225bac988f00018aff93","6a9e22271b15b9fc2af8d934","2026-09-06 22:34"
"wang4wc2027(徒弟yang)","64df30f334185dd27cf839a7","lebron-3","694357bf716cf71c98f96b42","6a9e22411b15b9fc2af8d9b1","2026-09-06 22:35"
"Giancarlo Esposito","68e85bdb3f2cbbe915cbcd3d","caco","62423c3dda40ac184851c4f0","6a9e21d1863f543a30d2405a","2026-09-06 22:36"
"はやぴー","63c2fb1d3a6897fe7fa9b83c","sva","67a710249d75e04dff436d40","6a9e2232863f543a30d24172","2026-09-06 22:36"
"gg80","63094e1796056024727fc5d5","Bellaxo","5c7d0e74f8f7fb7218489b2e","6a9e220b5a43d0a64f9a7335","2026-09-06 22:36"
"Giancarlo Esposito","68e85bdb3f2cbbe915cbcd3d","caco","62423c3dda40ac184851c4f0","6a9e21d1863f543a30d2405a","2026-09-06 22:37"
"Jonas","661ad4c4073f663c21b57fe6","kober","67ad18a09e150413a5e6fa66","6a9e228c8e5c6190713033d2","2026-09-06 22:37"
"Giancarlo Esposito","68e85bdb3f2cbbe915cbcd3d","caco","62423c3dda40ac184851c4f0","6a9e21d1863f543a30d2405a","2026-09-06 22:38"
"fishyy","5f21225bac988f00018aff93","kober","67ad18a09e150413a5e6fa66","6a9e228a8e5c6190713033cf","2026-09-06 22:38"
"nitro","631d3543233913017a7ac6c6","Giancarlo Esposito","68e85bdb3f2cbbe915cbcd3d","6a9cfab9d6156877e1214940","2026-09-06 22:39"
"Pasord","6669c659ca16186b5a3dbc35","Tomek5_5","606e09423667bc0001ad663d","6a9e229b1b15b9fc2af8dafc","2026-09-06 22:39"
"sva","67a710249d75e04dff436d40","はやぴー","63c2fb1d3a6897fe7fa9b83c","6a9e22fa863f543a30d243b2","2026-09-06 22:39"
"nitro","631d3543233913017a7ac6c6","Giancarlo Esposito","68e85bdb3f2cbbe915cbcd3d","6a9cfab9d6156877e1214940","2026-09-06 22:40"
"david attenborough","6202fc2fed74670001f9a180","kuba.","68582b5f8e62427811441b60","6a9d660d5a43d0a64f98b005","2026-09-06 22:40"
"looer_h","627823ed8874df9dd7c83fae","Kayden","5759d0d2c3eb4f349c4974fa","6a9e236a1b15b9fc2af8dde5","2026-09-06 22:40"
"Taky502","68b2622d8217bb4318d80ba3","BAGUAL","637041223c1be616ac2dff4e","6a9e21df8e5c619071303170","2026-09-06 22:40"
"kober","67ad18a09e150413a5e6fa66","Jonas","661ad4c4073f663c21b57fe6","6a9e23508e5c619071303663","2026-09-06 22:41"
"JoguessR","633dc7c5d5114aab59533f52","A Balanced HKGeoguessr","652b9174712620f1edcadac8","6a9e21c91b15b9fc2af8d809","2026-09-06 22:41"
"sva","67a710249d75e04dff436d40","Tomek5_5","606e09423667bc0001ad663d","6a9e23d01b15b9fc2af8e034","2026-09-06 22:42"
"Its_ChinasFault","67d88144617e135e7b6559af","Josh","606140f97c864a00019ae211","6a9e203a1b15b9fc2af8d2a1","2026-09-06 22:42"
"caco","62423c3dda40ac184851c4f0","lebron-3","694357bf716cf71c98f96b42","6a9e22f11b15b9fc2af8dc2f","2026-09-06 22:43"
"fishyy","5f21225bac988f00018aff93","kober","67ad18a09e150413a5e6fa66","6a9e236e1b15b9fc2af8de1a","2026-09-06 22:43"
"d4nk","5b92bdcc1ee0107188685300","KAITOOO","62e8c3ab0065abc49aca361d","6a9e2302863f543a30d243f4","2026-09-06 22:43"
"boss bandit","63f549d56242089cd8f3b10e","Sombra","677c803ef36a2c9048280ccd","6a9784acce7c592295f96a72","2026-09-06 22:45"
"david attenborough","6202fc2fed74670001f9a180","Albanian Guy","58796ade8b9ff486d81bbad5","6a9e24428e5c6190713039cf","2026-09-06 22:46"
"はやぴー","63c2fb1d3a6897fe7fa9b83c","looer_h","627823ed8874df9dd7c83fae","6a9e23ff1b15b9fc2af8e0b7","2026-09-06 22:46"
"A Balanced HKGeoguessr","652b9174712620f1edcadac8","kober","67ad18a09e150413a5e6fa66","6a9e2441863f543a30d24968","2026-09-06 22:46"
"chief","66cabbab2d73885610b090ab","Kucerkaaa✨","66422b048e6606a3bc59724f","6a9e23c48e5c619071303864","2026-09-06 22:46"
"SpaceGopher","63ac9fb8425eb36c6ebf03a1","Alemão(Retired 4Ever)","670f839c4f58c8c7b975c4fe","6a9e247c5a43d0a64f9a7d88","2026-09-06 22:47"
"kober","67ad18a09e150413a5e6fa66","fishyy","5f21225bac988f00018aff93","6a9e249e1b15b9fc2af8e331","2026-09-06 22:48"
"JoguessR","633dc7c5d5114aab59533f52","Tomek5_5","606e09423667bc0001ad663d","6a9e24875a43d0a64f9a7da7","2026-09-06 22:48"
"JoguessR","633dc7c5d5114aab59533f52","Tomek5_5","606e09423667bc0001ad663d","6a9e24875a43d0a64f9a7da7","2026-09-06 22:49"
"Giancarlo Esposito","68e85bdb3f2cbbe915cbcd3d","boss bandit","63f549d56242089cd8f3b10e","6a9e25918e5c619071303e5e","2026-09-06 22:50"
"Tobi","641d3f9ac451b924d421941a","kober","67ad18a09e150413a5e6fa66","6a9e257f863f543a30d24db9","2026-09-06 22:50"
"caco","62423c3dda40ac184851c4f0","Tomek5_5","606e09423667bc0001ad663d","6a9e24da1b15b9fc2af8e457","2026-09-06 22:51"
"はやぴー","63c2fb1d3a6897fe7fa9b83c","Puwaphat2304","660da547c04c2826f94e7d80","6a9e25478e5c619071303d88","2026-09-06 22:51"
"CapixabaGeo","65e1351e81122873dc224467","Taky502","68b2622d8217bb4318d80ba3","6a9e24138e5c619071303937","2026-09-06 22:51"
"looer_h","627823ed8874df9dd7c83fae","sva","67a710249d75e04dff436d40","6a9e25381b15b9fc2af8e5fb","2026-09-06 22:52"
"fishyy","5f21225bac988f00018aff93","kober","67ad18a09e150413a5e6fa66","6a9e25c58e5c619071303f32","2026-09-06 22:52"
"SpaceGopher","63ac9fb8425eb36c6ebf03a1","chief","66cabbab2d73885610b090ab","6a9e259e1b15b9fc2af8e766","2026-09-06 22:52"
"はやぴー","63c2fb1d3a6897fe7fa9b83c","Tomek5_5","606e09423667bc0001ad663d","6a9e26658e5c619071304194","2026-09-06 22:53"
"boss bandit","63f549d56242089cd8f3b10e","Giancarlo Esposito","68e85bdb3f2cbbe915cbcd3d","6a9e26488e5c619071304140","2026-09-06 22:54"
"Jonas","661ad4c4073f663c21b57fe6","eladio","6594e77717360fe0d27e44d5","6a9e25658e5c619071303de7","2026-09-06 22:54"
"kober","67ad18a09e150413a5e6fa66","Tobi","641d3f9ac451b924d421941a","6a9e264c1b15b9fc2af8e9b6","2026-09-06 22:55"
"boss bandit","63f549d56242089cd8f3b10e","Giancarlo Esposito","68e85bdb3f2cbbe915cbcd3d","6a9e272a1b15b9fc2af8ebe9","2026-09-06 22:57"
"fishyy","5f21225bac988f00018aff93","kober","67ad18a09e150413a5e6fa66","6a9e26eb205b30231b3e2eee","2026-09-06 22:57"
"Taky502","68b2622d8217bb4318d80ba3","Puwaphat2304","660da547c04c2826f94e7d80","6a9e26785a43d0a64f9a84cb","2026-09-06 22:57"
"sva","67a710249d75e04dff436d40","chief","66cabbab2d73885610b090ab","6a9e26dd1b15b9fc2af8eb2a","2026-09-06 22:58"
"はやぴー","63c2fb1d3a6897fe7fa9b83c","eladio","6594e77717360fe0d27e44d5","6a9e273b8e5c6190713044ca","2026-09-06 23:00"
"Tobi","641d3f9ac451b924d421941a","LargeHamster779","679e8ab11b675b7716e37c18","6a9e275b8e5c619071304519","2026-09-06 23:00"
"JoguessR","633dc7c5d5114aab59533f52","caco","62423c3dda40ac184851c4f0","6a9e2700205b30231b3e2f0f","2026-09-06 23:01"
"kober","67ad18a09e150413a5e6fa66","Puwaphat2304","660da547c04c2826f94e7d80","6a9e27d31b15b9fc2af8ed4d","2026-09-06 23:01"
"fishyy","5f21225bac988f00018aff93","kober","67ad18a09e150413a5e6fa66","6a9e283b5a43d0a64f9a8a0b","2026-09-06 23:02"
"LargeHamster779","679e8ab11b675b7716e37c18","Tobi","641d3f9ac451b924d421941a","6a9e28ae5a43d0a64f9a8b7b","2026-09-06 23:04"
"caco","62423c3dda40ac184851c4f0","Pasord","6669c659ca16186b5a3dbc35","6a9e28dc863f543a30d257cb","2026-09-06 23:05"
"はやぴー","63c2fb1d3a6897fe7fa9b83c","Palmitas","6984de4267015bc9a6109cae","6a9e28b11b15b9fc2af8ef8d","2026-09-06 23:05"
"sva","67a710249d75e04dff436d40","Nördster","60a91a4b4910a100012b6132","6a9e285c8e5c6190713047f3","2026-09-06 23:05"
"nitro","631d3543233913017a7ac6c6","Giancarlo Esposito","68e85bdb3f2cbbe915cbcd3d","6a9e2878863f543a30d256b5","2026-09-06 23:06"
"sva","67a710249d75e04dff436d40","Pasord","6669c659ca16186b5a3dbc35","6a9e2a178e5c619071304d32","2026-09-06 23:09"
"Palmitas","6984de4267015bc9a6109cae","Nördster","60a91a4b4910a100012b6132","6a9e29cd863f543a30d25a52","2026-09-06 23:09"
"Puwaphat2304","660da547c04c2826f94e7d80","chief","66cabbab2d73885610b090ab","6a9e29045a43d0a64f9a8c6a","2026-09-06 23:10"
"Giancarlo Esposito","68e85bdb3f2cbbe915cbcd3d","nitro","631d3543233913017a7ac6c6","6a9e29f11b15b9fc2af8f2da","2026-09-06 23:11"
"Pasord","6669c659ca16186b5a3dbc35","sva","67a710249d75e04dff436d40","6a9e2ac15a43d0a64f9a9132","2026-09-06 23:12"
"eladio","6594e77717360fe0d27e44d5","はやぴー","63c2fb1d3a6897fe7fa9b83c","6a9e29ce5a43d0a64f9a8e97","2026-09-06 23:14"
"Kayden","5759d0d2c3eb4f349c4974fa","ColbyDoesMath","67c7b36b8d3be2002ba28fd7","6a9e297c5a43d0a64f9a8db6","2026-09-06 23:15"
"looer_h","627823ed8874df9dd7c83fae","sva","67a710249d75e04dff436d40","6a9e2b73863f543a30d2604e","2026-09-06 23:17"
"Pasord","6669c659ca16186b5a3dbc35","wisps","60ad03a48b6e1d00012f8e7e","6a9e2bac1b15b9fc2af8fa50","2026-09-06 23:18"
"Palmitas","6984de4267015bc9a6109cae","Nördster","60a91a4b4910a100012b6132","6a9e2ad6863f543a30d25d53","2026-09-06 23:19"
"ハシビロ","62fd923738281a76193b9110","Eric455293","5ba7d3df2c0173520853d18c","6a9e2c208e5c6190713055b7","2026-09-06 23:19"
"Giancarlo Esposito","68e85bdb3f2cbbe915cbcd3d","nitro","631d3543233913017a7ac6c6","6a9e2c831b15b9fc2af8fe54","2026-09-06 23:21"
"sva","67a710249d75e04dff436d40","Pasord","6669c659ca16186b5a3dbc35","6a9e2cff5a43d0a64f9a9d2c","2026-09-06 23:23"
"Blealgll","61ff38c2c5eeb200017a757d","vestfoldogtelemarkfan1","6488d607fb0f513b367ada8e","6a9e29e48e5c619071304ca4","2026-09-06 23:24"
"Kayden","5759d0d2c3eb4f349c4974fa","hamadashi8","634cb1151c23d83bc3275a78","6a9e2c851b15b9fc2af8fe5b","2026-09-06 23:25"
"eladio","6594e77717360fe0d27e44d5","はやぴー","63c2fb1d3a6897fe7fa9b83c","6a9e2c3e8e5c61907130565c","2026-09-06 23:26"
"ハシビロ","62fd923738281a76193b9110","Eric455293","5ba7d3df2c0173520853d18c","6a9e2d405a43d0a64f9a9e9d","2026-09-06 23:27"
"pas bon","6138c0b02041ad0001a01eae","Khia","62b3dd64fa2c6ce9ff5a42fb","6a9e2e328e5c6190713063b0","2026-09-06 23:27"
"kober","67ad18a09e150413a5e6fa66","fishyy","5f21225bac988f00018aff93","6a9e2e391b15b9fc2af9095d","2026-09-06 23:28"
"wisps","60ad03a48b6e1d00012f8e7e","Palmitas","6984de4267015bc9a6109cae","6a9e2dfa5a43d0a64f9aa306","2026-09-06 23:29"
"Gustavaulas","68d2b189555c4ffeb5004169","Miguelon","6a5e5c861f371d3b83ec85d5","6a9e2ea21b15b9fc2af90aed","2026-09-06 23:29"
"Giancarlo Esposito","68e85bdb3f2cbbe915cbcd3d","nitro","631d3543233913017a7ac6c6","6a9e2de1863f543a30d26d02","2026-09-06 23:31"
"sva","67a710249d75e04dff436d40","はやぴー","63c2fb1d3a6897fe7fa9b83c","6a9e2eae8e5c61907130656c","2026-09-06 23:31"
"kober","67ad18a09e150413a5e6fa66","fishyy","5f21225bac988f00018aff93","6a9e2f0e5a43d0a64f9aa86a","2026-09-06 23:31"
"Kayden","5759d0d2c3eb4f349c4974fa","Lio123","57a3e64ac2a0fb301ce2e927","6a9e2e848e5c6190713064aa","2026-09-06 23:31"
"Gustavaulas","68d2b189555c4ffeb5004169","DoUEvenShift","58680b138b9ff4dd8445c3eb","6a9e2f82863f543a30d274a4","2026-09-06 23:32"
"Puwaphat2304","660da547c04c2826f94e7d80","OnkeGG","6912d873ef3380557dd45eec","6a9e2ea6863f543a30d2708d","2026-09-06 23:33"
"nitro","631d3543233913017a7ac6c6","Giancarlo Esposito","68e85bdb3f2cbbe915cbcd3d","6a9e2fff1b15b9fc2af91354","2026-09-06 23:34"
"Flamp","637797a8460099a3ebbc5879","tassieexplorer","60eec12f78f30200018c48b8","6a9e30228e5c619071306d62","2026-09-06 23:36"
"fishyy","5f21225bac988f00018aff93","kober","67ad18a09e150413a5e6fa66","6a9e2ff88e5c619071306cb7","2026-09-06 23:39"
"OKURA","61bb76b479d3b50001f745d0","kober","67ad18a09e150413a5e6fa66","6a9e30f4863f543a30d27bb4","2026-09-06 23:39"
"nitro","631d3543233913017a7ac6c6","Giancarlo Esposito","68e85bdb3f2cbbe915cbcd3d","6a9e30b18e5c6190713070fa","2026-09-06 23:40"
"Puwaphat2304","660da547c04c2826f94e7d80","chief","66cabbab2d73885610b090ab","6a9e30545a43d0a64f9aae9f","2026-09-06 23:40"
"はやぴー","63c2fb1d3a6897fe7fa9b83c","sva","67a710249d75e04dff436d40","6a9e2fc7863f543a30d275e6","2026-09-06 23:42"
"vestfoldogtelemarkfan1","6488d607fb0f513b367ada8e","OnkeGG","6912d873ef3380557dd45eec","6a9e30d65a43d0a64f9ab094","2026-09-06 23:42"
"Zi8gbolt Lyons","612472f2c4b5740001ef2d03","slew","5cc1545b8701a898fc423332","6a9e2a9d1b15b9fc2af8f515","2026-09-06 23:43"
"kalesalad","60c9cf146dac910001261659","kober","67ad18a09e150413a5e6fa66","6a9e31cc863f543a30d280d0","2026-09-06 23:44"
"fishyy","5f21225bac988f00018aff93","kober","67ad18a09e150413a5e6fa66","6a9e32d08e5c619071307c43","2026-09-06 23:45"
"fishyy","5f21225bac988f00018aff93","kober","67ad18a09e150413a5e6fa66","6a9e32d08e5c619071307c43","2026-09-06 23:45"
"Giancarlo Esposito","68e85bdb3f2cbbe915cbcd3d","nitro","631d3543233913017a7ac6c6","6a9e31f18e5c619071307781","2026-09-06 23:46"
"Incomplet","6328da1f7f518e8bf2fd4335","Eric455293","5ba7d3df2c0173520853d18c","6a9e32de5a43d0a64f9abc03","2026-09-06 23:46"
"はやぴー","63c2fb1d3a6897fe7fa9b83c","sva","67a710249d75e04dff436d40","6a9e32818e5c619071307a67","2026-09-06 23:47"
"Kayden","5759d0d2c3eb4f349c4974fa","Yuri Lacerda","574a41d691ca974b84f3cb55","6a9e319e5a43d0a64f9ab4d6","2026-09-06 23:47"
"fishyy","5f21225bac988f00018aff93","kober","67ad18a09e150413a5e6fa66","6a9e33388e5c619071307fb0","2026-09-06 23:48"
"OnkeGG","6912d873ef3380557dd45eec","gruen132","6314923f8421b8c354ec0527","6a9e329f1b15b9fc2af92275","2026-09-06 23:48"
"Flamp","637797a8460099a3ebbc5879","high iq vision","68b3bd130c418d0a47f3f38e","6a9e33511b15b9fc2af9269a","2026-09-06 23:49"
"nitro","631d3543233913017a7ac6c6","Giancarlo Esposito","68e85bdb3f2cbbe915cbcd3d","6a9e33638e5c619071308091","2026-09-06 23:50"
"kober","67ad18a09e150413a5e6fa66","vestfoldogtelemarkfan1","6488d607fb0f513b367ada8e","6a9e33f75a43d0a64f9ac122","2026-09-06 23:50"
"kober","67ad18a09e150413a5e6fa66","vestfoldogtelemarkfan1","6488d607fb0f513b367ada8e","6a9e34685a43d0a64f9ac2c8","2026-09-06 23:52"
"nitro","631d3543233913017a7ac6c6","Giancarlo Esposito","68e85bdb3f2cbbe915cbcd3d","6a9e3459863f543a30d28e04","2026-09-06 23:53"
"kober","67ad18a09e150413a5e6fa66","vestfoldogtelemarkfan1","6488d607fb0f513b367ada8e","6a9e34685a43d0a64f9ac2c8","2026-09-06 23:53"
"Flamp","637797a8460099a3ebbc5879","gruen132","6314923f8421b8c354ec0527","6a9e3429863f543a30d28d35","2026-09-06 23:53"
"chief","66cabbab2d73885610b090ab","CapixabaGeo","65e1351e81122873dc224467","6a9e34151b15b9fc2af929b6","2026-09-06 23:53"
"eladio","6594e77717360fe0d27e44d5","kalesalad","60c9cf146dac910001261659","6a9e32dd8e5c619071307c78","2026-09-06 23:54"
"looer_h","627823ed8874df9dd7c83fae","sva","67a710249d75e04dff436d40","6a9e33de863f543a30d28c34","2026-09-06 23:54"
"chief","66cabbab2d73885610b090ab","GeoVasco 🜊","65e8a9cf15313ec5271d2421","6a9e35038e5c6190713086e4","2026-09-06 23:54"
"slew","5cc1545b8701a898fc423332","Allegiance to no crown","5d82e307ee473f0ce45004a9","6a9e335c5a43d0a64f9abf9a","2026-09-06 23:55"
"nitro","631d3543233913017a7ac6c6","Giancarlo Esposito","68e85bdb3f2cbbe915cbcd3d","6a9e35278e5c61907130875c","2026-09-06 23:57"
"はやぴー","63c2fb1d3a6897fe7fa9b83c","wisps","60ad03a48b6e1d00012f8e7e","6a9e338f5a43d0a64f9ac02c","2026-09-06 23:57"
"Surgut sand","5ec369eae7115241a4e75beb","Kayden","5759d0d2c3eb4f349c4974fa","6a9e351c5a43d0a64f9ac55d","2026-09-06 23:57"
"Lubec","5e974c906ea510372c1e444a","kober","67ad18a09e150413a5e6fa66","6a9e356d863f543a30d2913e","2026-09-06 23:58"
"CapixabaGeo","65e1351e81122873dc224467","vestfoldogtelemarkfan1","6488d607fb0f513b367ada8e","6a9e34f31b15b9fc2af92ccd","2026-09-06 23:58"
