"Lubec","5e974c906ea510372c1e444a","鳴神","5e6434058fd6cf50f886fb99","6ab5ef4b272ec2d862fc30fa","2026-09-25 00:00"
"NamibianAmphibianMan","69ba2e52a04671c8a9b13e12","Thenderson","651735b2324c811102e538a6","6ab5f0670a5f4c205171d17e","2026-09-25 00:00"
"Thenderson","5f8e3fe91e120800015d47f7","Feneb","5dba86167e473f2408461141","6ab5efaf272ec2d862fc322e","2026-09-25 00:01"
"PapaMacdus","6667d837d40195a479dc95b8","I hate this duel map","654d0e4520681e7049600f03","6ab5f19c0a5f4c205171d538","2026-09-25 00:05"
"Feneb","5dba86167e473f2408461141","Thenderson","5f8e3fe91e120800015d47f7","6ab5f1e9272ec2d862fc39d8","2026-09-25 00:08"
"NamibianAmphibianMan","69ba2e52a04671c8a9b13e12","Ryan","5e1cba902034a09a54bbd59d","6ab5f2b20a5f4c205171d8da","2026-09-25 00:08"
"Lubec","5e974c906ea510372c1e444a","鳴神","5e6434058fd6cf50f886fb99","6ab5f1a54e246ad58a275c66","2026-09-25 00:09"
"BulgariaEnjoyer","60f46ec8cac323000166141d","wisps","60ad03a48b6e1d00012f8e7e","6ab5f0ca0a5f4c205171d2ab","2026-09-25 00:10"
"Lubec","5e974c906ea510372c1e444a","鳴神","5e6434058fd6cf50f886fb99","6ab5f3c8272ec2d862fc40eb","2026-09-25 00:12"
"PapaMacdus","6667d837d40195a479dc95b8","M0vER2cK","6a3980146e586fb5631aa45a","6ab5f35e4e246ad58a276297","2026-09-25 00:13"
"Lubec","5e974c906ea510372c1e444a","鳴神","5e6434058fd6cf50f886fb99","6ab5f49c0a5f4c205171df6e","2026-09-25 00:16"
"I hate this duel map","654d0e4520681e7049600f03","backf1ow","6562b7811b1454b2437507f8","6ab5f3f04e246ad58a276448","2026-09-25 00:16"
"galegodepicos","697118dbc466ccf602d55ace","Ryan","5e1cba902034a09a54bbd59d","6ab5f4a10a5f4c205171df7e","2026-09-25 00:17"
"Lubec","5e974c906ea510372c1e444a","鳴神","5e6434058fd6cf50f886fb99","6ab5f56c272ec2d862fc46b2","2026-09-25 00:18"
"Thenderson","651735b2324c811102e538a6","Surgut sand","5ec369eae7115241a4e75beb","6ab5f566da1c05499568e030","2026-09-25 00:19"
"I hate this duel map","654d0e4520681e7049600f03","backf1ow","6562b7811b1454b2437507f8","6ab5f58cdf0a49894411b7b3","2026-09-25 00:21"
"Lubec","5e974c906ea510372c1e444a","鳴神","5e6434058fd6cf50f886fb99","6ab5f6204e246ad58a276b1b","2026-09-25 00:22"
"Feneb","5dba86167e473f2408461141","Thenderson","5f8e3fe91e120800015d47f7","6ab5f378272ec2d862fc3ffc","2026-09-25 00:23"
"kqyyy","6888a322b2328f914ebd912f","Conquistadorito","603801f090c95200017d047e","6ab5f1314e246ad58a275aec","2026-09-25 00:24"
"PapaMacdus","6667d837d40195a479dc95b8","G. H. Sprite","69bdbf472e6bd6caf811230d","6ab5f6b92b07fd4ea36e2bdc","2026-09-25 00:24"
"galegodepicos","697118dbc466ccf602d55ace","NamibianAmphibianMan","69ba2e52a04671c8a9b13e12","6ab5f5c6272ec2d862fc47d3","2026-09-25 00:25"
"FranzSanchez","68b3e3b52c6db073218b382c","Gabriel Costa","62cf5ed24c0d4b60c0b98302","6ab5f4cc5034f1351ce6b608","2026-09-25 00:25"
"pav","5e67d59212777c2530253a95","wisps","60ad03a48b6e1d00012f8e7e","6ab5f3e7272ec2d862fc413f","2026-09-25 00:26"
"Feneb","5dba86167e473f2408461141","Thenderson","5f8e3fe91e120800015d47f7","6ab5f71a4e246ad58a276e49","2026-09-25 00:27"
"Chronos","669fcc63ac0994d88711144c","Surgut sand","5ec369eae7115241a4e75beb","6ab5f698272ec2d862fc4b0e","2026-09-25 00:27"
"鳴神","5e6434058fd6cf50f886fb99","Lubec","5e974c906ea510372c1e444a","6ab5f7094e246ad58a276e05","2026-09-25 00:28"
"pav","5e67d59212777c2530253a95","wisps","60ad03a48b6e1d00012f8e7e","6ab5f7dd272ec2d862fc4f68","2026-09-25 00:29"
"Rick Astley","64fce8cb8f2e9fbe3b42b979","PapaMacdus","6667d837d40195a479dc95b8","6ab5f7660a5f4c205171e93b","2026-09-25 00:29"
"pav","5e67d59212777c2530253a95","wisps","60ad03a48b6e1d00012f8e7e","6ab5f8734e246ad58a277277","2026-09-25 00:33"
"Albanian Guy","58796ade8b9ff486d81bbad5","Thenderson","651735b2324c811102e538a6","6ab5f7b2272ec2d862fc4ee1","2026-09-25 00:33"
"🐈","6855405273045641271196c9","NamibianAmphibianMan","69ba2e52a04671c8a9b13e12","6ab5f7ea272ec2d862fc4fa0","2026-09-25 00:34"
"鳴神","5e6434058fd6cf50f886fb99","PapaMacdus","6667d837d40195a479dc95b8","6ab5f8dd272ec2d862fc534b","2026-09-25 00:36"
"기니","67493198473744059fbb9736","barry","62be7867aa13616722f8dd4a","6ab5fab34e246ad58a2779a8","2026-09-25 00:40"
"鳴神","5e6434058fd6cf50f886fb99","Albanian Guy","58796ade8b9ff486d81bbad5","6ab5fa3e0a5f4c205171f198","2026-09-25 00:40"
"Thenderson","651735b2324c811102e538a6","Surgut sand","5ec369eae7115241a4e75beb","6ab5fa60272ec2d862fc5870","2026-09-25 00:40"
"Thenderson","5f8e3fe91e120800015d47f7","Feneb","5dba86167e473f2408461141","6ab5f7ec272ec2d862fc4fa8","2026-09-25 00:41"
"Albanian Guy","58796ade8b9ff486d81bbad5","鳴神","5e6434058fd6cf50f886fb99","6ab5fb250a5f4c205171f3f8","2026-09-25 00:42"
"기니","67493198473744059fbb9736","barry","62be7867aa13616722f8dd4a","6ab5fb5e4e246ad58a277bc2","2026-09-25 00:45"
"0.03mm","692fdd96871fb5a05c4dcab0","WaiWai","621f7436f0bf520001066b61","6ab5f9e00a5f4c205171f0c4","2026-09-25 00:47"
"Albanian Guy","58796ade8b9ff486d81bbad5","鳴神","5e6434058fd6cf50f886fb99","6ab5fbbc272ec2d862fc5cce","2026-09-25 00:52"
"Rick Astley","64fce8cb8f2e9fbe3b42b979","SpaceGopher","63ac9fb8425eb36c6ebf03a1","6ab5fc59272ec2d862fc5ecd","2026-09-25 00:52"
"Kuba","6744ee112d6c958a853b52a6","galegodepicos","697118dbc466ccf602d55ace","6ab5fd204e246ad58a2780f4","2026-09-25 00:52"
"Muz","6816b9283345dcd5d7b1cf35","Finn Fly","5f5bf60822321e000163a465","6ab5fd16272ec2d862fc616a","2026-09-25 00:52"
"barry","62be7867aa13616722f8dd4a","기니","67493198473744059fbb9736","6ab5fc560a5f4c205171f755","2026-09-25 00:55"
"gokhale","68257ab1be5b31c617f37156","Chronos","669fcc63ac0994d88711144c","6ab5fd7e272ec2d862fc629a","2026-09-25 00:56"
"NamibianAmphibianMan","69ba2e52a04671c8a9b13e12","Kuba","6744ee112d6c958a853b52a6","6ab5fdca4e246ad58a2782f1","2026-09-25 00:59"
"鳴神","5e6434058fd6cf50f886fb99","galegodepicos","697118dbc466ccf602d55ace","6ab5fde00a5f4c205171fc27","2026-09-25 01:00"
"SpaceGopher","63ac9fb8425eb36c6ebf03a1","M0vER2cK","6a3980146e586fb5631aa45a","6ab5ff3f272ec2d862fc692e","2026-09-25 01:02"
"Chronos","669fcc63ac0994d88711144c","gokhale","68257ab1be5b31c617f37156","6ab5feba272ec2d862fc671a","2026-09-25 01:03"
"Finn Fly","5f5bf60822321e000163a465","WaiWai","621f7436f0bf520001066b61","6ab5ff5d4e246ad58a27882e","2026-09-25 01:03"
"barry","62be7867aa13616722f8dd4a","기니","67493198473744059fbb9736","6ab5fe903537b221cd903225","2026-09-25 01:04"
"鳴神","5e6434058fd6cf50f886fb99","Geonel Guessi  #ban xZenith","63875de4e55ec4234b26d1fb","6ab5ffa3272ec2d862fc6a9a","2026-09-25 01:04"
"Kuba","6744ee112d6c958a853b52a6","galegodepicos","697118dbc466ccf602d55ace","6ab60026272ec2d862fc6ce8","2026-09-25 01:06"
"鳴神","5e6434058fd6cf50f886fb99","Geonel Guessi  #ban xZenith","63875de4e55ec4234b26d1fb","6ab600ed0a5f4c20517205c7","2026-09-25 01:07"
"FranzSanchez","68b3e3b52c6db073218b382c","ryjohnsen","606e6a83875a6d000158b1b6","6ab5ff274e246ad58a27877f","2026-09-25 01:07"
"SpaceGopher","63ac9fb8425eb36c6ebf03a1","PapaMacdus","6667d837d40195a479dc95b8","6ab6005d272ec2d862fc6db8","2026-09-25 01:08"
"Chronos","669fcc63ac0994d88711144c","Finn Fly","5f5bf60822321e000163a465","6ab60086272ec2d862fc6e67","2026-09-25 01:08"
"Aaryan22","657021f7412bfd95aad62550","galegodepicos","697118dbc466ccf602d55ace","6ab60138272ec2d862fc7069","2026-09-25 01:09"
"鳴神","5e6434058fd6cf50f886fb99","Geonel Guessi  #ban xZenith","63875de4e55ec4234b26d1fb","6ab6015d0a5f4c2051720751","2026-09-25 01:10"
"Conquistadorito","603801f090c95200017d047e","wisps","60ad03a48b6e1d00012f8e7e","6ab5ff69272ec2d862fc69e3","2026-09-25 01:10"
"Kuba","6744ee112d6c958a853b52a6","Surgut sand","5ec369eae7115241a4e75beb","6ab6013d0a5f4c20517206f3","2026-09-25 01:10"
"Finn Fly","5f5bf60822321e000163a465","Chronos","669fcc63ac0994d88711144c","6ab601bf0a5f4c2051720899","2026-09-25 01:10"
"SpaceGopher","63ac9fb8425eb36c6ebf03a1","Rick Astley","64fce8cb8f2e9fbe3b42b979","6ab601c2272ec2d862fc724a","2026-09-25 01:14"
"FranzSanchez","68b3e3b52c6db073218b382c","Jacknedell","56e792a2c28556d1c87b7330","6ab60191272ec2d862fc71a9","2026-09-25 01:14"
"Finn Fly","5f5bf60822321e000163a465","Kuba","6744ee112d6c958a853b52a6","6ab6021f272ec2d862fc7358","2026-09-25 01:14"
"Aaryan22","657021f7412bfd95aad62550","Antigs","5fb70fb9e2c593000135b6e0","6ab601e0272ec2d862fc7294","2026-09-25 01:15"
"Geonel Guessi  #ban xZenith","63875de4e55ec4234b26d1fb","Chronos","669fcc63ac0994d88711144c","6ab602524e246ad58a279134","2026-09-25 01:16"
"Finn Fly","5f5bf60822321e000163a465","Kuba","6744ee112d6c958a853b52a6","6ab60323272ec2d862fc76e7","2026-09-25 01:17"
"Chronos","669fcc63ac0994d88711144c","geospy beta user","6a2a924f8c603508ce0257c3","6ab6036e272ec2d862fc77cc","2026-09-25 01:18"
"PapaMacdus","6667d837d40195a479dc95b8","Randomest","604f96d22729f70001d00e77","6ab602da272ec2d862fc75eb","2026-09-25 01:18"
"barry","62be7867aa13616722f8dd4a","기니","67493198473744059fbb9736","6ab600b2272ec2d862fc6edb","2026-09-25 01:19"
"Chronos","669fcc63ac0994d88711144c","Finn Fly","5f5bf60822321e000163a465","6ab604010a5f4c2051720f3e","2026-09-25 01:21"
"Kuba","6744ee112d6c958a853b52a6","WaiWai","621f7436f0bf520001066b61","6ab603c90a5f4c2051720e70","2026-09-25 01:21"
"Aaryan22","657021f7412bfd95aad62550","Antigs","5fb70fb9e2c593000135b6e0","6ab6039d0a5f4c2051720e18","2026-09-25 01:23"
"Finn Fly","5f5bf60822321e000163a465","Chronos","669fcc63ac0994d88711144c","6ab604a10a5f4c205172111e","2026-09-25 01:23"
"PapaMacdus","6667d837d40195a479dc95b8","geospy beta user","6a2a924f8c603508ce0257c3","6ab604294e246ad58a2796a5","2026-09-25 01:25"
"Antigs","5fb70fb9e2c593000135b6e0","Aaryan22","657021f7412bfd95aad62550","6ab6051a4e246ad58a27999f","2026-09-25 01:26"
"Chronos","669fcc63ac0994d88711144c","Finn Fly","5f5bf60822321e000163a465","6ab60523272ec2d862fc7da7","2026-09-25 01:26"
"a-you","5e93a3443d4b6a5af4f11b0b","Feneb","5dba86167e473f2408461141","6ab603e9272ec2d862fc7962","2026-09-25 01:28"
"𝓯𝓻𝓮𝓪𝓴𝔂 scarlocck","671b07117678ed42697349ee","Kuba","6744ee112d6c958a853b52a6","6ab604f1272ec2d862fc7cbf","2026-09-25 01:30"
"Jayden (Mobile)","61f149e3c24ced00015b4777","Aaryan22","657021f7412bfd95aad62550","6ab605ca272ec2d862fc7fc7","2026-09-25 01:35"
"RinKa","66ef015a0d51fac29bcc68a8","Lirik","632e0c2488070b726d73e245","6ab60747272ec2d862fc84c3","2026-09-25 01:36"
"Aaryan22","657021f7412bfd95aad62550","𝓯𝓻𝓮𝓪𝓴𝔂 scarlocck","671b07117678ed42697349ee","6ab607e50a5f4c2051721ad7","2026-09-25 01:37"
"barry","62be7867aa13616722f8dd4a","h","660d99bf23622d3679813f21","6ab6073b0a5f4c2051721929","2026-09-25 01:39"
"Feneb","5dba86167e473f2408461141","기니","67493198473744059fbb9736","6ab6064d0a5f4c2051721671","2026-09-25 01:41"
"𝓯𝓻𝓮𝓪𝓴𝔂 scarlocck","671b07117678ed42697349ee","Aaryan22","657021f7412bfd95aad62550","6ab608610a5f4c2051721c47","2026-09-25 01:43"
"はやぴー","63c2fb1d3a6897fe7fa9b83c","Jayden (Mobile)","61f149e3c24ced00015b4777","6ab608370a5f4c2051721bc3","2026-09-25 01:44"
"FranzSanchez","68b3e3b52c6db073218b382c","waterbug","605e45fd2f7f9b00013fcda1","6ab609030a5f4c2051721ee1","2026-09-25 01:44"
"h","660d99bf23622d3679813f21","mikowhy","659c9d0a72300acff1deb5df","6ab6093a3537b221cd905070","2026-09-25 01:47"
"Aaryan22","657021f7412bfd95aad62550","🐈","6855405273045641271196c9","6ab609f83537b221cd9052ed","2026-09-25 01:48"
"Fortis","60abab0ab646230001812812","1th Grader","62d3181a0e6e2a7ef24d6340","6ab6097b4e246ad58a27a787","2026-09-25 01:48"
"기니","67493198473744059fbb9736","Feneb","5dba86167e473f2408461141","6ab609b30a5f4c20517220b1","2026-09-25 01:49"
"h","660d99bf23622d3679813f21","mikowhy","659c9d0a72300acff1deb5df","6ab60af1272ec2d862fc90ec","2026-09-25 01:53"
"Feneb","5dba86167e473f2408461141","Albanian Guy","58796ade8b9ff486d81bbad5","6ab60b394e246ad58a27acb1","2026-09-25 01:53"
"Aaryan22","657021f7412bfd95aad62550","Fortis","60abab0ab646230001812812","6ab60aef272ec2d862fc90e2","2026-09-25 01:54"
"Rem","68b515bd7c70109d5efe1a51","PapaMacdus","6667d837d40195a479dc95b8","6ab6078e0a5f4c20517219f5","2026-09-25 01:54"
"𝓯𝓻𝓮𝓪𝓴𝔂 scarlocck","671b07117678ed42697349ee","adfost8","69a01d1686149729b03dd5c7","6ab60a6c272ec2d862fc8f8e","2026-09-25 01:55"
"1th Grader","62d3181a0e6e2a7ef24d6340","はやぴー","63c2fb1d3a6897fe7fa9b83c","6ab60b534e246ad58a27acff","2026-09-25 01:56"
"closethejson","6a538d8dd1649cea055fe58a","Albanian Guy","58796ade8b9ff486d81bbad5","6ab60ca54e246ad58a27b17d","2026-09-25 02:00"
"はやぴー","63c2fb1d3a6897fe7fa9b83c","Aaryan22","657021f7412bfd95aad62550","6ab60ce2272ec2d862fc9874","2026-09-25 02:01"
"1th Grader","62d3181a0e6e2a7ef24d6340","geospy beta user","6a2a924f8c603508ce0257c3","6ab60d8f0a5f4c2051722c8b","2026-09-25 02:01"
"mikowhy","659c9d0a72300acff1deb5df","Feneb","5dba86167e473f2408461141","6ab60c2f272ec2d862fc95ee","2026-09-25 02:02"
"Lágrima","5f32d46aca94e000015886be","PapaMacdus","6667d837d40195a479dc95b8","6ab60c8b272ec2d862fc974b","2026-09-25 02:02"
"FranzSanchez","68b3e3b52c6db073218b382c","Jacobooaf","63198d7e8c0e0343e900d4d5","6ab60d150a5f4c2051722b29","2026-09-25 02:03"
"h","660d99bf23622d3679813f21","Al Horford","6780ea19220bf0b5884b6412","6ab60ca0272ec2d862fc97b5","2026-09-25 02:04"
"はやぴー","63c2fb1d3a6897fe7fa9b83c","Rick Astley","64fce8cb8f2e9fbe3b42b979","6ab60e420a5f4c2051722f07","2026-09-25 02:07"
"Lágrima","5f32d46aca94e000015886be","PapaMacdus","6667d837d40195a479dc95b8","6ab60e5f272ec2d862fc9d81","2026-09-25 02:07"
"Lubec","5e974c906ea510372c1e444a","Chronos","669fcc63ac0994d88711144c","6ab60f0b0a5f4c2051723170","2026-09-25 02:08"
"Aaryan22","657021f7412bfd95aad62550","1th Grader","62d3181a0e6e2a7ef24d6340","6ab60dfe4e246ad58a27b4d3","2026-09-25 02:08"
"FranzSanchez","68b3e3b52c6db073218b382c","Backofbeyond27","69031b31030f4d746c171b44","6ab60ed632180356020d7aff","2026-09-25 02:08"
"mikowhy","659c9d0a72300acff1deb5df","Feneb","5dba86167e473f2408461141","6ab60e6432180356020d79de","2026-09-25 02:09"
"Albanian Guy","58796ade8b9ff486d81bbad5","closethejson","6a538d8dd1649cea055fe58a","6ab60e010a5f4c2051722db8","2026-09-25 02:09"
"L'Hank the Dawnstreak","628e0d478e5ef3a3ca163627","adfost8","69a01d1686149729b03dd5c7","6ab60d4632180356020d769a","2026-09-25 02:11"
"Lágrima","5f32d46aca94e000015886be","Lirik","632e0c2488070b726d73e245","6ab60f9d4e246ad58a27b994","2026-09-25 02:13"
"h","660d99bf23622d3679813f21","wisps","60ad03a48b6e1d00012f8e7e","6ab60fb032180356020d7da9","2026-09-25 02:14"
"closethejson","6a538d8dd1649cea055fe58a","Albanian Guy","58796ade8b9ff486d81bbad5","6ab6101d32180356020d7efb","2026-09-25 02:16"
"はやぴー","63c2fb1d3a6897fe7fa9b83c","Lubec","5e974c906ea510372c1e444a","6ab60fb832180356020d7dbb","2026-09-25 02:17"
"Leftist Leo 解放巴勒斯坦 🇵🇸 和","60d9c5536dac910001297d14","Chronos","669fcc63ac0994d88711144c","6ab610a00a5f4c2051723663","2026-09-25 02:17"
"h","660d99bf23622d3679813f21","Al Horford","6780ea19220bf0b5884b6412","6ab6116a32180356020d8341","2026-09-25 02:20"
"kober","67ad18a09e150413a5e6fa66","Lubec","5e974c906ea510372c1e444a","6ab61234272ec2d862fcaaa7","2026-09-25 02:21"
"Feneb","5dba86167e473f2408461141","mikowhy","659c9d0a72300acff1deb5df","6ab60fcd32180356020d7de9","2026-09-25 02:22"
"closethejson","6a538d8dd1649cea055fe58a","Albanian Guy","58796ade8b9ff486d81bbad5","6ab6119e272ec2d862fca875","2026-09-25 02:23"
"Lágrima","5f32d46aca94e000015886be","Jayden (Mobile)","61f149e3c24ced00015b4777","6ab610f432180356020d819d","2026-09-25 02:23"
"kober","67ad18a09e150413a5e6fa66","Lubec","5e974c906ea510372c1e444a","6ab612a232180356020d886f","2026-09-25 02:26"
"Leftist Leo 解放巴勒斯坦 🇵🇸 和","60d9c5536dac910001297d14","Sturmins","66fafd625e4df086314ae5af","6ab613da4e246ad58a27c705","2026-09-25 02:27"
"Jayden (Mobile)","61f149e3c24ced00015b4777","ParanaPine101","677e7700a878d4c84ac6af50","6ab6133032180356020d8a39","2026-09-25 02:27"
"mikowhy","659c9d0a72300acff1deb5df","Feneb","5dba86167e473f2408461141","6ab612ff4e246ad58a27c450","2026-09-25 02:30"
"wang4wc2027(徒弟yang)","64df30f334185dd27cf839a7","鳴神","5e6434058fd6cf50f886fb99","6ab613d70a5f4c2051724209","2026-09-25 02:30"
"closethejson","6a538d8dd1649cea055fe58a","Albanian Guy","58796ade8b9ff486d81bbad5","6ab6135c32180356020d8ac9","2026-09-25 02:31"
"Leftist Leo 解放巴勒斯坦 🇵🇸 和","60d9c5536dac910001297d14","Lirik","632e0c2488070b726d73e245","6ab6146d272ec2d862fcb25a","2026-09-25 02:31"
"earthenjoyer","662b7a543f29656f5fe5bf53","L'Hank the Dawnstreak","628e0d478e5ef3a3ca163627","6ab612cb272ec2d862fcacef","2026-09-25 02:33"
"Lágrima","5f32d46aca94e000015886be","Jayden (Mobile)","61f149e3c24ced00015b4777","6ab61418272ec2d862fcb149","2026-09-25 02:33"
"Leftist Leo 解放巴勒斯坦 🇵🇸 和","60d9c5536dac910001297d14","Bms432","5d75a280b4ec1705ecdb7cf0","6ab6151632180356020d915e","2026-09-25 02:34"
"amerain1729","63e33f4b3e7d8e18758fd541","wisps","60ad03a48b6e1d00012f8e7e","6ab611eb32180356020d853f","2026-09-25 02:37"
"Bms432","5d75a280b4ec1705ecdb7cf0","Sturmins","66fafd625e4df086314ae5af","6ab615ff32180356020d94ab","2026-09-25 02:37"
"Rick Astley","64fce8cb8f2e9fbe3b42b979","Aaryan22","657021f7412bfd95aad62550","6ab615454e246ad58a27cbba","2026-09-25 02:38"
"鳴神","5e6434058fd6cf50f886fb99","wang4wc2027(徒弟yang)","64df30f334185dd27cf839a7","6ab614e90a5f4c2051724580","2026-09-25 02:39"
"mikowhy","659c9d0a72300acff1deb5df","Feneb","5dba86167e473f2408461141","6ab614e6272ec2d862fcb41a","2026-09-25 02:41"
"Al Horford","6780ea19220bf0b5884b6412","Jonas","661ad4c4073f663c21b57fe6","6ab6164f0a5f4c2051724a32","2026-09-25 02:41"
"L'Hank the Dawnstreak","628e0d478e5ef3a3ca163627","Lágrima","5f32d46aca94e000015886be","6ab615934e246ad58a27cca4","2026-09-25 02:41"
"FranzSanchez","68b3e3b52c6db073218b382c","ffg123","632db539b1168c958ab84b85","6ab616114e246ad58a27ce15","2026-09-25 02:44"
"Bms432","5d75a280b4ec1705ecdb7cf0","Lirik","632e0c2488070b726d73e245","6ab616c7272ec2d862fcba94","2026-09-25 02:44"
"kober","67ad18a09e150413a5e6fa66","鳴神","5e6434058fd6cf50f886fb99","6ab616f332180356020d9794","2026-09-25 02:45"
"Feneb","5dba86167e473f2408461141","earthenjoyer","662b7a543f29656f5fe5bf53","6ab617a20a5f4c2051724ebf","2026-09-25 02:46"
"Lubec","5e974c906ea510372c1e444a","Jonas","661ad4c4073f663c21b57fe6","6ab618034e246ad58a27d47a","2026-09-25 02:47"
"Grategonalop","5d0cfad48b19a91fe05aaa20","GBG","609a639ee96bc600015c8fc6","6ab616ee32180356020d978d","2026-09-25 02:47"
"quarksauce","5fe1b134a2ebcc0001c6bd9c","Bms432","5d75a280b4ec1705ecdb7cf0","6ab618c84e246ad58a27d70f","2026-09-25 02:48"
"FranzSanchez","68b3e3b52c6db073218b382c","MajesticSummit997","698f285b2e5a79172bd6ff73","6ab61873272ec2d862fcc12f","2026-09-25 02:48"
"Aaryan22","657021f7412bfd95aad62550","马修","6705a787945947e950e2a238","6ab618e532180356020d9f29","2026-09-25 02:50"
"Al Horford","6780ea19220bf0b5884b6412","wang4wc2027(徒弟yang)","64df30f334185dd27cf839a7","6ab6176e0a5f4c2051724e04","2026-09-25 02:51"
"FranzSanchez","68b3e3b52c6db073218b382c","MajesticSummit997","698f285b2e5a79172bd6ff73","6ab61917272ec2d862fcc3a5","2026-09-25 02:51"
"trulybuzzy","5fb20f55d3f912000124d619","れい（Rey）","6444afc0c30fa09317b315fc","6ab617f532180356020d9bce","2026-09-25 02:51"
"Jonas","661ad4c4073f663c21b57fe6","Feneb","5dba86167e473f2408461141","6ab6192b32180356020da032","2026-09-25 02:53"
"鳴神","5e6434058fd6cf50f886fb99","しよえ　Shiyoe","6375a42d001fcb9df8d226d9","6ab618600a5f4c205172513d","2026-09-25 02:53"
"FranzSanchez","68b3e3b52c6db073218b382c","2hi","662d69e0b122e2d942f4a0b2","6ab619c132180356020da277","2026-09-25 02:54"
"trulybuzzy","5fb20f55d3f912000124d619","Jannik","5fc75232c612f0000152c3b5","6ab619dd272ec2d862fcc5eb","2026-09-25 02:54"
"Aaryan22","657021f7412bfd95aad62550","0.03mm","692fdd96871fb5a05c4dcab0","6ab6197a272ec2d862fcc4e6","2026-09-25 02:55"
"FranzSanchez","68b3e3b52c6db073218b382c","SandyTundra384","6a8ebd92e053887b8c92acc4","6ab61a5d32180356020da46e","2026-09-25 02:55"
"马修","6705a787945947e950e2a238","Ruben","5e1334ba1b34a033c801a9e8","6ab619a232180356020da1db","2026-09-25 02:56"
"earthenjoyer","662b7a543f29656f5fe5bf53","wang4wc2027(徒弟yang)","64df30f334185dd27cf839a7","6ab61a494e246ad58a27db9a","2026-09-25 02:57"
"鳴神","5e6434058fd6cf50f886fb99","Lubec","5e974c906ea510372c1e444a","6ab61a4632180356020da426","2026-09-25 02:57"
"Feneb","5dba86167e473f2408461141","Jonas","661ad4c4073f663c21b57fe6","6ab61ab6272ec2d862fcc87e","2026-09-25 02:58"
"しよえ　Shiyoe","6375a42d001fcb9df8d226d9","Aaryan22","657021f7412bfd95aad62550","6ab61aaa0a5f4c2051725864","2026-09-25 03:00"
"0.03mm","692fdd96871fb5a05c4dcab0","Aculstingray","5f09a434a958535b8c808fd6","6ab61afe32180356020da624","2026-09-25 03:01"
"Ruben","5e1334ba1b34a033c801a9e8","马修","6705a787945947e950e2a238","6ab61ad50a5f4c20517258bd","2026-09-25 03:01"
"trulybuzzy","5fb20f55d3f912000124d619","Voro","5a8f1e5d98cc2c6744a8a135","6ab61a8f32180356020da4e9","2026-09-25 03:03"
"FranzSanchez","68b3e3b52c6db073218b382c","KekSparrow","695131fe2b33ed24b961a8a9","6ab61c58272ec2d862fccd13","2026-09-25 03:04"
"しよえ　Shiyoe","6375a42d001fcb9df8d226d9","Aaryan22","657021f7412bfd95aad62550","6ab61c020a5f4c2051725c3b","2026-09-25 03:05"
"Kacper Tomasiak","6874db1c4c43e0efcc0bc838","马修","6705a787945947e950e2a238","6ab61c42272ec2d862fccccb","2026-09-25 03:06"
"kcd","5aef47d3b18d0894c4ffe297","Feneb","5dba86167e473f2408461141","6ab61b7e0a5f4c2051725aaf","2026-09-25 03:07"
"しよえ　Shiyoe","6375a42d001fcb9df8d226d9","Al Horford","6780ea19220bf0b5884b6412","6ab61d2c0a5f4c2051725ff1","2026-09-25 03:08"
"Kacper Tomasiak","6874db1c4c43e0efcc0bc838","路易十六","65337c686711b99177ed189b","6ab61d72317fc8a467b86b04","2026-09-25 03:08"
"kcd","5aef47d3b18d0894c4ffe297","Feneb","5dba86167e473f2408461141","6ab61d73317fc8a467b86b08","2026-09-25 03:09"
"FranzSanchez","68b3e3b52c6db073218b382c","KekSparrow","695131fe2b33ed24b961a8a9","6ab61cd7317fc8a467b868e4","2026-09-25 03:09"
"Tschapra","66b9c722770eb8e328a9c2fb","Aaryan22","657021f7412bfd95aad62550","6ab61d2e32180356020dadc0","2026-09-25 03:10"
"trulybuzzy","5fb20f55d3f912000124d619","Aculstingray","5f09a434a958535b8c808fd6","6ab61c824e246ad58a27e1bd","2026-09-25 03:10"
"Kacper Tomasiak","6874db1c4c43e0efcc0bc838","路易十六","65337c686711b99177ed189b","6ab61dd132180356020dafa5","2026-09-25 03:12"
"马修","6705a787945947e950e2a238","Loars_","67c023fa843f4449095fd251","6ab61d5d32180356020dae6a","2026-09-25 03:12"
"Feneb","5dba86167e473f2408461141","kcd","5aef47d3b18d0894c4ffe297","6ab61dec88594517c37bf44c","2026-09-25 03:14"
"FranzSanchez","68b3e3b52c6db073218b382c","Dev","55722c499ff1735a746fc394","6ab61e19ca3bdfe81056cd1b","2026-09-25 03:14"
"wang4wc2027(徒弟yang)","64df30f334185dd27cf839a7","Magnus","679395e4205fcbaaa18ff360","6ab61bb532180356020da8a1","2026-09-25 03:17"
"Aaryan22","657021f7412bfd95aad62550","6nimmtEnjoyer","6590622a196ee939029f90b8","6ab61ec43e79a04ee13e8821","2026-09-25 03:17"
"Kacper Tomasiak","6874db1c4c43e0efcc0bc838","马修","6705a787945947e950e2a238","6ab61ef75557b7e849d8d90d","2026-09-25 03:18"
"trulybuzzy","5fb20f55d3f912000124d619","路易十六","65337c686711b99177ed189b","6ab61ea03e79a04ee13e87bd","2026-09-25 03:19"
"trulybuzzy","5fb20f55d3f912000124d619","路易十六","65337c686711b99177ed189b","6ab61ea03e79a04ee13e87bd","2026-09-25 03:20"
"kcd","5aef47d3b18d0894c4ffe297","Feneb","5dba86167e473f2408461141","6ab61f303e79a04ee13e893d","2026-09-25 03:21"
"Aaryan22","657021f7412bfd95aad62550","Karant","62dcde50c8712cae60a23acc","6ab6204cca3bdfe81056d3ce","2026-09-25 03:23"
"Spinner2k","6222449c68dc010001609860","ILIAPLONKS (YT/TTV)","623798a42965f997f04b1cc1","6ab61f9f5557b7e849d8dac3","2026-09-25 03:23"
"kcd","5aef47d3b18d0894c4ffe297","kober","67ad18a09e150413a5e6fa66","6ab620ad5557b7e849d8de4f","2026-09-25 03:24"
"MANGER","6785046bef2c357f0bdfd387","Tschapra","66b9c722770eb8e328a9c2fb","6ab61e515557b7e849d8d71b","2026-09-25 03:24"
"路易十六","65337c686711b99177ed189b","trulybuzzy","5fb20f55d3f912000124d619","6ab620823e79a04ee13e8d42","2026-09-25 03:25"
"kcd","5aef47d3b18d0894c4ffe297","기니","67493198473744059fbb9736","6ab621713e79a04ee13e90fb","2026-09-25 03:27"
"马修","6705a787945947e950e2a238","Instaguessr","676c20c89c0874b92718ca06","6ab6218d3e79a04ee13e915e","2026-09-25 03:27"
"Kacper Tomasiak","6874db1c4c43e0efcc0bc838","陀飞轮","664890bee33770c5d3492d55","6ab621299c713c875b9247a6","2026-09-25 03:28"
"Aaryan22","657021f7412bfd95aad62550","Spinner2k","6222449c68dc010001609860","6ab62156ca3bdfe81056d7de","2026-09-25 03:30"
"SD","655dd2ebb70499ea064bc6a1","Tschapra","66b9c722770eb8e328a9c2fb","6ab621aaca3bdfe81056d972","2026-09-25 03:30"
"しよえ　Shiyoe","6375a42d001fcb9df8d226d9","wang4wc2027(徒弟yang)","64df30f334185dd27cf839a7","6ab621445557b7e849d8e0d2","2026-09-25 03:31"
"trulybuzzy","5fb20f55d3f912000124d619","路易十六","65337c686711b99177ed189b","6ab6219f88594517c37bfff1","2026-09-25 03:31"
"马修","6705a787945947e950e2a238","mzk","5f3fde73116e5c0001ef74a5","6ab622415557b7e849d8e491","2026-09-25 03:31"
"kober","67ad18a09e150413a5e6fa66","barle #freepalmitas #freekober","6398628520609ac8c10cab13","6ab622beca3bdfe81056de15","2026-09-25 03:33"
"Karant","62dcde50c8712cae60a23acc","Dunkirk","687665b10b7953df9c8407c3","6ab622da5557b7e849d8e67c","2026-09-25 03:33"
"Karant","62dcde50c8712cae60a23acc","ATRI's","6421b17d8e757a784e9494d9","6ab623cd5557b7e849d8e982","2026-09-25 03:35"
"陀飞轮","664890bee33770c5d3492d55","TeRuanIsGod","67979da9c2328890129f177e","6ab623603e79a04ee13e97d7","2026-09-25 03:35"
"MANGER","6785046bef2c357f0bdfd387","Aaryan22","657021f7412bfd95aad62550","6ab622d89c713c875b924ca3","2026-09-25 03:36"
"Karant","62dcde50c8712cae60a23acc","ATRI's","6421b17d8e757a784e9494d9","6ab6242a3e79a04ee13e9a57","2026-09-25 03:37"
"马修","6705a787945947e950e2a238","Skcmj","669bbdca232879fb8fd85725","6ab6232cca3bdfe81056dfee","2026-09-25 03:37"
"陀飞轮","664890bee33770c5d3492d55","TeRuanIsGod","67979da9c2328890129f177e","6ab6242f88594517c37c08e6","2026-09-25 03:37"
"earthenjoyer","662b7a543f29656f5fe5bf53","barle #freepalmitas #freekober","6398628520609ac8c10cab13","6ab6240bca3bdfe81056e33b","2026-09-25 03:39"
"Spinner2k","6222449c68dc010001609860","trulybuzzy","5fb20f55d3f912000124d619","6ab6233dca3bdfe81056e034","2026-09-25 03:39"
"gokhale","68257ab1be5b31c617f37156","陀飞轮","664890bee33770c5d3492d55","6ab62486ca3bdfe81056e4ca","2026-09-25 03:39"
"Spinner2k","6222449c68dc010001609860","Kris","6773fe29c77b1d889eb42462","6ab625199c713c875b925307","2026-09-25 03:41"
"기니","67493198473744059fbb9736","mikowhy","659c9d0a72300acff1deb5df","6ab6238688594517c37c0696","2026-09-25 03:42"
"wang4wc2027(徒弟yang)","64df30f334185dd27cf839a7","adfost8","69a01d1686149729b03dd5c7","6ab62532ca3bdfe81056e709","2026-09-25 03:44"
"Karant","62dcde50c8712cae60a23acc","gokhale","68257ab1be5b31c617f37156","6ab6251a88594517c37c0bb8","2026-09-25 03:44"
"Orleansguessr","610040cd12eb690001107516","马修","6705a787945947e950e2a238","6ab624cc5557b7e849d8ece7","2026-09-25 03:44"
"barle #freepalmitas #freekober","6398628520609ac8c10cab13","kober","67ad18a09e150413a5e6fa66","6ab624f79c713c875b9252d1","2026-09-25 03:45"
"Aaryan22","657021f7412bfd95aad62550","Tschapra","66b9c722770eb8e328a9c2fb","6ab6248388594517c37c09ea","2026-09-25 03:45"
"ATRI's","6421b17d8e757a784e9494d9","TTV CLD_Pika","61b01eb14ec1f10001cfcb79","6ab625ceca3bdfe81056e8ff","2026-09-25 03:46"
"MANGER","6785046bef2c357f0bdfd387","Spinner2k","6222449c68dc010001609860","6ab625a088594517c37c0d4a","2026-09-25 03:47"
"Kris","6773fe29c77b1d889eb42462","earthenjoyer","662b7a543f29656f5fe5bf53","6ab625db5557b7e849d8eff1","2026-09-25 03:49"
"BYL","665af55a0f1c875d08a700fb","Karant","62dcde50c8712cae60a23acc","6ab626432a0572f2f9e2965e","2026-09-25 03:49"
"陀飞轮","664890bee33770c5d3492d55","trulybuzzy","5fb20f55d3f912000124d619","6ab625335557b7e849d8ee0f","2026-09-25 03:49"
"kober","67ad18a09e150413a5e6fa66","barle #freepalmitas #freekober","6398628520609ac8c10cab13","6ab626675557b7e849d8f149","2026-09-25 03:50"
"马修","6705a787945947e950e2a238","Sturmins","66fafd625e4df086314ae5af","6ab62678ca3bdfe81056eb0c","2026-09-25 03:50"
"Noksi","6557a72349182de4e31db900",".Uz","654a71f1a02b54c363802082","6ab53454846e358195980c8a","2026-09-25 03:53"
"BulgariaEnjoyer","60f46ec8cac323000166141d","wisps","60ad03a48b6e1d00012f8e7e","6ab5f0ca0a5f4c205171d2ab","2026-09-25 03:53"
"barry","62be7867aa13616722f8dd4a","h","660d99bf23622d3679813f21","6ab6073b0a5f4c2051721929","2026-09-25 03:53"
"기니","67493198473744059fbb9736","mikowhy","659c9d0a72300acff1deb5df","6ab6238688594517c37c0696","2026-09-25 03:53"
"pav","5e67d59212777c2530253a95","wisps","60ad03a48b6e1d00012f8e7e","6ab5f8734e246ad58a277277","2026-09-25 03:53"
"しよえ　Shiyoe","6375a42d001fcb9df8d226d9","Al Horford","6780ea19220bf0b5884b6412","6ab61d2c0a5f4c2051725ff1","2026-09-25 03:53"
"amerain1729","63e33f4b3e7d8e18758fd541","wisps","60ad03a48b6e1d00012f8e7e","6ab611eb32180356020d853f","2026-09-25 03:53"
"Karant","62dcde50c8712cae60a23acc","BYL","665af55a0f1c875d08a700fb","6ab62746773d8fe7165b6479","2026-09-25 03:54"
"Hez1tred.","68274ac83004afb088d83eac","马修","6705a787945947e950e2a238","6ab627f317751133ec84b812","2026-09-25 03:54"
"陀飞轮","664890bee33770c5d3492d55","trulybuzzy","5fb20f55d3f912000124d619","6ab6276f8d1bdea0791bf941","2026-09-25 03:54"
"MANGER","6785046bef2c357f0bdfd387","L'Hank the Dawnstreak","628e0d478e5ef3a3ca163627","6ab626ef8d1bdea0791bf7df","2026-09-25 03:55"
"ATRI's","6421b17d8e757a784e9494d9","Spinner2k","6222449c68dc010001609860","6ab626e98d1bdea0791bf7d6","2026-09-25 03:55"
"kober","67ad18a09e150413a5e6fa66","barle #freepalmitas #freekober","6398628520609ac8c10cab13","6ab62806773d8fe7165b66b3","2026-09-25 03:56"
"Orleansguessr","610040cd12eb690001107516","SignpostSlayer","5cd1da5575345f65c86dea02","6ab62801a82fb5d5c68337f1","2026-09-25 03:56"
"BYL","665af55a0f1c875d08a700fb","Karant","62dcde50c8712cae60a23acc","6ab6288f773d8fe7165b6838","2026-09-25 03:57"
"马修","6705a787945947e950e2a238","geospy beta user","6a2a924f8c603508ce0257c3","6ab628028d1bdea0791bfa5f","2026-09-25 03:57"
"L'Hank the Dawnstreak","628e0d478e5ef3a3ca163627","Aaryan22","657021f7412bfd95aad62550","6ab628a2a82fb5d5c6833a23","2026-09-25 03:58"
"Herrjiell","6463ce1ce623a26f09da5866","Kris","6773fe29c77b1d889eb42462","6ab62852773d8fe7165b678b","2026-09-25 03:59"
"马修","6705a787945947e950e2a238","陀飞轮","664890bee33770c5d3492d55","6ab6291ea82fb5d5c6833bdd","2026-09-25 04:00"
"马修","6705a787945947e950e2a238","mzk","5f3fde73116e5c0001ef74a5","6ab629e38705c7803f08ac27","2026-09-25 04:01"
"ATRI's","6421b17d8e757a784e9494d9","Spinner2k","6222449c68dc010001609860","6ab628ee773d8fe7165b6971","2026-09-25 04:02"
"陀飞轮","664890bee33770c5d3492d55","Karant","62dcde50c8712cae60a23acc","6ab629d8773d8fe7165b6c57","2026-09-25 04:02"
"barle #freepalmitas #freekober","6398628520609ac8c10cab13","马修","6705a787945947e950e2a238","6ab62a6c773d8fe7165b6e06","2026-09-25 04:05"
"Herrjiell","6463ce1ce623a26f09da5866","Al Horford","6780ea19220bf0b5884b6412","6ab629b2a82fb5d5c6833de6","2026-09-25 04:06"
"MANGER","6785046bef2c357f0bdfd387","L'Hank the Dawnstreak","628e0d478e5ef3a3ca163627","6ab629f6a82fb5d5c6833eee","2026-09-25 04:08"
"陀飞轮","664890bee33770c5d3492d55","Pablol","614ae3f096b10b0001ad06e8","6ab62a7f773d8fe7165b6e55","2026-09-25 04:08"
"Karant","62dcde50c8712cae60a23acc","ATRI's","6421b17d8e757a784e9494d9","6ab62a8e773d8fe7165b6e98","2026-09-25 04:08"
"trulybuzzy","5fb20f55d3f912000124d619","Aaryan22","657021f7412bfd95aad62550","6ab629858d1bdea0791bfe47","2026-09-25 04:08"
"Aaryan22","657021f7412bfd95aad62550","陀飞轮","664890bee33770c5d3492d55","6ab62be8773d8fe7165b73d3","2026-09-25 04:11"
"Spinner2k","6222449c68dc010001609860","Lirik","632e0c2488070b726d73e245","6ab62aaa773d8fe7165b6ef5","2026-09-25 04:11"
"Herrjiell","6463ce1ce623a26f09da5866","CornyOnTheBob 🌽🌻","6063947a510035000104454f","6ab62bc6773d8fe7165b7378","2026-09-25 04:13"
"L'Hank the Dawnstreak","628e0d478e5ef3a3ca163627","Julenzooo","603a7a540b13630001e09ff9","6ab62bb9a82fb5d5c683469f","2026-09-25 04:13"
"MANGER","6785046bef2c357f0bdfd387","ATRI's","6421b17d8e757a784e9494d9","6ab62bcf773d8fe7165b738a","2026-09-25 04:13"
"trulybuzzy","5fb20f55d3f912000124d619","Stella/chat off","63e1b563ec5549833a008296","6ab62c0f8705c7803f08b217","2026-09-25 04:13"
"Kris","6773fe29c77b1d889eb42462","马修","6705a787945947e950e2a238","6ab62b60773d8fe7165b71c8","2026-09-25 04:14"
"Karant","62dcde50c8712cae60a23acc","陀飞轮","664890bee33770c5d3492d55","6ab62c79a82fb5d5c6834961","2026-09-25 04:14"
"wang4wc2027(徒弟yang)","64df30f334185dd27cf839a7","barle #freepalmitas #freekober","6398628520609ac8c10cab13","6ab62d04773d8fe7165b77c3","2026-09-25 04:15"
"Stella/chat off","63e1b563ec5549833a008296","马修","6705a787945947e950e2a238","6ab62d1ba82fb5d5c6834c4d","2026-09-25 04:16"
"Zhihh","63b435e80510075fa39ac039","Spinner2k","6222449c68dc010001609860","6ab62c7da82fb5d5c6834978","2026-09-25 04:16"
"barle #freepalmitas #freekober","6398628520609ac8c10cab13","男方鬆 - Mr. Nanfsong","6409beba17491edb5a32b684","6ab62d84a82fb5d5c6834e24","2026-09-25 04:18"
"MANGER","6785046bef2c357f0bdfd387","BYL","665af55a0f1c875d08a700fb","6ab62d0ba82fb5d5c6834c0e","2026-09-25 04:18"
"ATRI's","6421b17d8e757a784e9494d9","trulybuzzy","5fb20f55d3f912000124d619","6ab62d0f8d1bdea0791c083d","2026-09-25 04:18"
"男方鬆 - Mr. Nanfsong","6409beba17491edb5a32b684","barle #freepalmitas #freekober","6398628520609ac8c10cab13","6ab62e5ea82fb5d5c6835198","2026-09-25 04:20"
"Stella/chat off","63e1b563ec5549833a008296","Spinner2k","6222449c68dc010001609860","6ab62dc8a82fb5d5c6834f63","2026-09-25 04:20"
"ILIAPLONKS (YT/TTV)","623798a42965f997f04b1cc1","马修","6705a787945947e950e2a238","6ab62dd2a82fb5d5c6834f8a","2026-09-25 04:21"
"Karant","62dcde50c8712cae60a23acc","mariels","646dd213a2197f0d437a6ab0","6ab62d93773d8fe7165b7a4a","2026-09-25 04:21"
"Zhihh","63b435e80510075fa39ac039","Lirik","632e0c2488070b726d73e245","6ab62dc8773d8fe7165b7af2","2026-09-25 04:21"
"Al Horford","6780ea19220bf0b5884b6412","CornyOnTheBob 🌽🌻","6063947a510035000104454f","6ab62cfaa82fb5d5c6834bc5","2026-09-25 04:22"
"Aaryan22","657021f7412bfd95aad62550","L'Hank the Dawnstreak","628e0d478e5ef3a3ca163627","6ab62e88773d8fe7165b7ddb","2026-09-25 04:23"
"Herrjiell","6463ce1ce623a26f09da5866","wang4wc2027(徒弟yang)","64df30f334185dd27cf839a7","6ab62e0ea82fb5d5c6835055","2026-09-25 04:25"
"trulybuzzy","5fb20f55d3f912000124d619","ATRI's","6421b17d8e757a784e9494d9","6ab62e33a82fb5d5c68350d9","2026-09-25 04:25"
"barle #freepalmitas #freekober","6398628520609ac8c10cab13","Karant","62dcde50c8712cae60a23acc","6ab62f15773d8fe7165b8011","2026-09-25 04:26"
"Stella/chat off","63e1b563ec5549833a008296","Spinner2k","6222449c68dc010001609860","6ab62eae773d8fe7165b7e47","2026-09-25 04:26"
"𝓖𝓮𝓸~𝓲𝓽𝓮𝓻𝓯𝓪𝓬𝓲𝓸≀⑤⑧②","6550ff75cf7966cc5dfe29fe","Julenzooo","603a7a540b13630001e09ff9","6ab62db1a82fb5d5c6834efc","2026-09-25 04:27"
"Laatsch","60c62658b2f5d60001ed3efe","れい（Rey）","6444afc0c30fa09317b315fc","6ab62e17773d8fe7165b7c03","2026-09-25 04:27"
"ILIAPLONKS (YT/TTV)","623798a42965f997f04b1cc1","Zhihh","63b435e80510075fa39ac039","6ab62ee9647840c1be111a04","2026-09-25 04:29"
"Orleansguessr","610040cd12eb690001107516","L'Hank the Dawnstreak","628e0d478e5ef3a3ca163627","6ab62fc38d1bdea0791c1139","2026-09-25 04:29"
"trulybuzzy","5fb20f55d3f912000124d619","Spinner2k","6222449c68dc010001609860","6ab62ff5773d8fe7165b8372","2026-09-25 04:30"
"earthenjoyer","662b7a543f29656f5fe5bf53","barle #freepalmitas #freekober","6398628520609ac8c10cab13","6ab62feba82fb5d5c683586c","2026-09-25 04:31"
"Julenzooo","603a7a540b13630001e09ff9","Stella/chat off","63e1b563ec5549833a008296","6ab63036a82fb5d5c68359ab","2026-09-25 04:31"
"RuralQuay427","67afb8f9170e41f8f611a20a","Bothlose","67c9a0f97857aec18c6f2239","6ab62f56773d8fe7165b813a","2026-09-25 04:33"
"马修","6705a787945947e950e2a238","Karant","62dcde50c8712cae60a23acc","6ab630328705c7803f08be31","2026-09-25 04:33"
"Al Horford","6780ea19220bf0b5884b6412","CornyOnTheBob 🌽🌻","6063947a510035000104454f","6ab62f5b773d8fe7165b8158","2026-09-25 04:34"
"cozy","5eee1ae86a7c6a4edc0f7f94","Zhihh","63b435e80510075fa39ac039","6ab630ba773d8fe7165b8619","2026-09-25 04:34"
"Laatsch","60c62658b2f5d60001ed3efe","Lirik","632e0c2488070b726d73e245","6ab63046773d8fe7165b8494","2026-09-25 04:34"
"Leroyfucik","69b33a815634cc416b9c7877","CreeZz","67dc0749794d4262c9ef2ec9","6ab62f94a82fb5d5c6835700","2026-09-25 04:34"
"trulybuzzy","5fb20f55d3f912000124d619","ILIAPLONKS (YT/TTV)","623798a42965f997f04b1cc1","6ab630e6647840c1be111fe5","2026-09-25 04:35"
"Spinner2k","6222449c68dc010001609860","Moussa","63f298b8251569d36d50155b","6ab630fda82fb5d5c6835d4c","2026-09-25 04:35"
"wang4wc2027(徒弟yang)","64df30f334185dd27cf839a7","Feneb","5dba86167e473f2408461141","6ab63071a82fb5d5c6835a81","2026-09-25 04:36"
"barle #freepalmitas #freekober","6398628520609ac8c10cab13","earthenjoyer","662b7a543f29656f5fe5bf53","6ab63129a82fb5d5c6835e43","2026-09-25 04:36"
"Aaryan22","657021f7412bfd95aad62550","L'Hank the Dawnstreak","628e0d478e5ef3a3ca163627","6ab6309da82fb5d5c6835b46","2026-09-25 04:36"
"马修","6705a787945947e950e2a238","Karant","62dcde50c8712cae60a23acc","6ab6319f8d1bdea0791c1801","2026-09-25 04:37"
"Al Horford","6780ea19220bf0b5884b6412","CornyOnTheBob 🌽🌻","6063947a510035000104454f","6ab6321a1c7f478af1c8c97b","2026-09-25 04:38"
"kstyko","5ead136297d6cf24a42b1ef4","Leftist Leo 解放巴勒斯坦 🇵🇸 和","60d9c5536dac910001297d14","6ab631f7a82fb5d5c6836261","2026-09-25 04:38"
"Julenzooo","603a7a540b13630001e09ff9","antidotess","60859c21128efc0001559603","6ab63186773d8fe7165b89eb","2026-09-25 04:39"
"马修","6705a787945947e950e2a238","Karant","62dcde50c8712cae60a23acc","6ab63281a82fb5d5c68364c9","2026-09-25 04:39"
"Zhihh","63b435e80510075fa39ac039","L'Hank the Dawnstreak","628e0d478e5ef3a3ca163627","6ab63252773d8fe7165b8cb6","2026-09-25 04:39"
"Leftist Leo 解放巴勒斯坦 🇵🇸 和","60d9c5536dac910001297d14","yuyux32","65a3fa0c053e0780db54fd4b","6ab632e7a82fb5d5c6836696","2026-09-25 04:41"
"Zhihh","63b435e80510075fa39ac039","马修","6705a787945947e950e2a238","6ab63320773d8fe7165b8fec","2026-09-25 04:41"
"ILIAPLONKS (YT/TTV)","623798a42965f997f04b1cc1","trulybuzzy","5fb20f55d3f912000124d619","6ab6322e773d8fe7165b8c29","2026-09-25 04:42"
"𝓖𝓮𝓸~𝓲𝓽𝓮𝓻𝓯𝓪𝓬𝓲𝓸≀⑤⑧②","6550ff75cf7966cc5dfe29fe","RuralQuay427","67afb8f9170e41f8f611a20a","6ab6323ea82fb5d5c68363ad","2026-09-25 04:43"
"cozy","5eee1ae86a7c6a4edc0f7f94","Laatsch","60c62658b2f5d60001ed3efe","6ab6322b8d1bdea0791c19b6","2026-09-25 04:44"
"Zhihh","63b435e80510075fa39ac039","马修","6705a787945947e950e2a238","6ab6339e773d8fe7165b9202","2026-09-25 04:44"
"CornyOnTheBob 🌽🌻","6063947a510035000104454f","Al Horford","6780ea19220bf0b5884b6412","6ab6331c773d8fe7165b8fd2","2026-09-25 04:45"
"barle #freepalmitas #freekober","6398628520609ac8c10cab13","Leftist Leo 解放巴勒斯坦 🇵🇸 和","60d9c5536dac910001297d14","6ab63381a82fb5d5c683697a","2026-09-25 04:45"
"Zhihh","63b435e80510075fa39ac039","GeoIzoard","5ef6bc82308c19725c7ddb1e","6ab63438773d8fe7165b9446","2026-09-25 04:47"
"马修","6705a787945947e950e2a238","Lirik","632e0c2488070b726d73e245","6ab63431a82fb5d5c6836c3e","2026-09-25 04:47"
"barle #freepalmitas #freekober","6398628520609ac8c10cab13","Leftist Leo 解放巴勒斯坦 🇵🇸 和","60d9c5536dac910001297d14","6ab634dba807f4298825df18","2026-09-25 04:49"
"ILIAPLONKS (YT/TTV)","623798a42965f997f04b1cc1","trulybuzzy","5fb20f55d3f912000124d619","6ab633c6773d8fe7165b9270","2026-09-25 04:49"
"马修","6705a787945947e950e2a238","Lirik","632e0c2488070b726d73e245","6ab634e85e0c3cd091be929b","2026-09-25 04:49"
"马修","6705a787945947e950e2a238","Leftist Leo 解放巴勒斯坦 🇵🇸 和","60d9c5536dac910001297d14","6ab63586bd67370393e8d91b","2026-09-25 04:53"
"RuralQuay427","67afb8f9170e41f8f611a20a","IGoParaguayOnKenya","5f8fcfd87cd2940001e81ef1","6ab633f1a82fb5d5c6836b26","2026-09-25 04:55"
"ILIAPLONKS (YT/TTV)","623798a42965f997f04b1cc1","barle #freepalmitas #freekober","6398628520609ac8c10cab13","6ab636bb2043910ad8222d9f","2026-09-25 04:57"
"JujuMan","68c2ae1b906bbc1e0b8e63e2","128Clement128","63ff48606177da9add0b9c74","6ab635725e0c3cd091be94e9","2026-09-25 04:57"
"CornyOnTheBob 🌽🌻","6063947a510035000104454f","trulybuzzy","5fb20f55d3f912000124d619","6ab635c25e0c3cd091be9651","2026-09-25 04:58"
"Leftist Leo 解放巴勒斯坦 🇵🇸 和","60d9c5536dac910001297d14","马修","6705a787945947e950e2a238","6ab6366b5e0c3cd091be991f","2026-09-25 04:58"
"barle #freepalmitas #freekober","6398628520609ac8c10cab13","ILIAPLONKS (YT/TTV)","623798a42965f997f04b1cc1","6ab637522043910ad8222ffb","2026-09-25 04:59"
"Zhihh","63b435e80510075fa39ac039","Stella/chat off","63e1b563ec5549833a008296","6ab6350edb60ff2e7c569340","2026-09-25 04:59"
"achmedsender","5a1606e2f370149bf01ab594","MagnusMägi","6765f226ab11f49e3748df8b","6ab63514db60ff2e7c569360","2026-09-25 05:01"
"马修","6705a787945947e950e2a238","Davido","60b3bf820390be00015ed409","6ab6378ddb60ff2e7c56a012","2026-09-25 05:01"
"qqfr","695f4575cc12ff508343057a","CornyOnTheBob 🌽🌻","6063947a510035000104454f","6ab6378f5e0c3cd091be9e0a","2026-09-25 05:04"
"Zhihh","63b435e80510075fa39ac039","flipster22","5f172e581874328b38c066f7","6ab637bcdb60ff2e7c56a0e3","2026-09-25 05:04"
"RuralQuay427","67afb8f9170e41f8f611a20a","L'Hank the Dawnstreak","628e0d478e5ef3a3ca163627","6ab6371bdb60ff2e7c569e13","2026-09-25 05:04"
"sva","67a710249d75e04dff436d40","GeoIzoard","5ef6bc82308c19725c7ddb1e","6ab637f6db60ff2e7c56a1ad","2026-09-25 05:04"
"ILIAPLONKS (YT/TTV)","623798a42965f997f04b1cc1","Leftist Leo 解放巴勒斯坦 🇵🇸 和","60d9c5536dac910001297d14","6ab637d9db60ff2e7c56a14c","2026-09-25 05:05"
"adfost8","69a01d1686149729b03dd5c7","Emil_Alexandersson","5ceb9745b741f8424888f270","6ab637742043910ad8223076","2026-09-25 05:06"
"Zhihh","63b435e80510075fa39ac039","flipster22","5f172e581874328b38c066f7","6ab638e9db60ff2e7c56a5d3","2026-09-25 05:07"
"Magik","625f0d2b367d807d71f34e79","steelik","5c8952067235f956d80440cc","6ab638ff2043910ad822357f","2026-09-25 05:08"
"sva","67a710249d75e04dff436d40","GeoIzoard","5ef6bc82308c19725c7ddb1e","6ab638f6ac1fff4793bd2bb4","2026-09-25 05:08"
"achmedsender","5a1606e2f370149bf01ab594","L'Hank the Dawnstreak","628e0d478e5ef3a3ca163627","6ab638d4db60ff2e7c56a55e","2026-09-25 05:09"
"CornyOnTheBob 🌽🌻","6063947a510035000104454f","ILIAPLONKS (YT/TTV)","623798a42965f997f04b1cc1","6ab639192043910ad82235d7","2026-09-25 05:10"
"Leftist Leo 解放巴勒斯坦 🇵🇸 和","60d9c5536dac910001297d14","L'Hank the Dawnstreak","628e0d478e5ef3a3ca163627","6ab63996db60ff2e7c56a91e","2026-09-25 05:10"
"马修","6705a787945947e950e2a238","Davido","60b3bf820390be00015ed409","6ab63860e639d28b1db86579","2026-09-25 05:10"
"L'Hank the Dawnstreak","628e0d478e5ef3a3ca163627","steelik","5c8952067235f956d80440cc","6ab639dbdb60ff2e7c56aa49","2026-09-25 05:10"
"Delema()()()","65869f62df3f7bea3fa1d675","Dissonans","60e09234213b0600019d912e","6ab6389d5e0c3cd091bea177","2026-09-25 05:11"
"L'Hank the Dawnstreak","628e0d478e5ef3a3ca163627","马修","6705a787945947e950e2a238","6ab63a6bdb60ff2e7c56acb5","2026-09-25 05:11"
"Leftist Leo 解放巴勒斯坦 🇵🇸 和","60d9c5536dac910001297d14","steelik","5c8952067235f956d80440cc","6ab63a58a807f4298825f377","2026-09-25 05:12"
"flipster22","5f172e581874328b38c066f7","sva","67a710249d75e04dff436d40","6ab639e8bd67370393e8e95b","2026-09-25 05:12"
"JujuMan","68c2ae1b906bbc1e0b8e63e2","trulybuzzy","5fb20f55d3f912000124d619","6ab63775db60ff2e7c569fb0","2026-09-25 05:12"
"Henrik","5ffda066ad68a300017a45e1","L'Hank the Dawnstreak","628e0d478e5ef3a3ca163627","6ab63a0fdb60ff2e7c56ab23","2026-09-25 05:13"
"achmedsender","5a1606e2f370149bf01ab594","Futaba","610bb3bd2f082d0001343fe1","6ab63a6bdb60ff2e7c56acb2","2026-09-25 05:13"
"L'Hank the Dawnstreak","628e0d478e5ef3a3ca163627","Davido","60b3bf820390be00015ed409","6ab63a718b708ccfec13bb2e","2026-09-25 05:13"
"CornyOnTheBob 🌽🌻","6063947a510035000104454f","ILIAPLONKS (YT/TTV)","623798a42965f997f04b1cc1","6ab63a9abd67370393e8eb76","2026-09-25 05:15"
"L'Hank the Dawnstreak","628e0d478e5ef3a3ca163627","steelik","5c8952067235f956d80440cc","6ab63b3e2043910ad8223e51","2026-09-25 05:16"
"Leftist Leo 解放巴勒斯坦 🇵🇸 和","60d9c5536dac910001297d14","Grategonalop","5d0cfad48b19a91fe05aaa20","6ab63ad3db60ff2e7c56ae96","2026-09-25 05:17"
"sva","67a710249d75e04dff436d40","flipster22","5f172e581874328b38c066f7","6ab63b21bd67370393e8ed74","2026-09-25 05:18"
"まっちゃあいす","63c5614f750d5027f914c047","Zetie","5e9215c1b3ec17480c01df1e","6ab63ac75e0c3cd091beaa68","2026-09-25 05:18"
"Henrik","5ffda066ad68a300017a45e1","steelik","5c8952067235f956d80440cc","6ab63b1b5e0c3cd091beaba3","2026-09-25 05:19"
"L'Hank the Dawnstreak","628e0d478e5ef3a3ca163627","Leftist Leo 解放巴勒斯坦 🇵🇸 和","60d9c5536dac910001297d14","6ab63bfbbd67370393e8f0c9","2026-09-25 05:19"
"adfost8","69a01d1686149729b03dd5c7","Lirik","632e0c2488070b726d73e245","6ab63a1ddb60ff2e7c56ab72","2026-09-25 05:19"
"L'Hank the Dawnstreak","628e0d478e5ef3a3ca163627","Leftist Leo 解放巴勒斯坦 🇵🇸 和","60d9c5536dac910001297d14","6ab63bfbbd67370393e8f0c9","2026-09-25 05:20"
"L'Hank the Dawnstreak","628e0d478e5ef3a3ca163627","steelik","5c8952067235f956d80440cc","6ab63cbcb2283d49a620e2f2","2026-09-25 05:22"
"Davido","60b3bf820390be00015ed409","Wijn.","657979f3db414bd0da540f23","6ab63c7db2283d49a620e1f0","2026-09-25 05:22"
"Henrik","5ffda066ad68a300017a45e1","Leftist Leo 解放巴勒斯坦 🇵🇸 和","60d9c5536dac910001297d14","6ab63c846d0c3ccfaa7376be","2026-09-25 05:24"
"sva","67a710249d75e04dff436d40","Dissonans","60e09234213b0600019d912e","6ab63c72d075b1e90f17086b","2026-09-25 05:24"
"trulybuzzy","5fb20f55d3f912000124d619","PapaMacdus","6667d837d40195a479dc95b8","6ab63d9ad075b1e90f170d50","2026-09-25 05:25"
"steelik","5c8952067235f956d80440cc","Davido","60b3bf820390be00015ed409","6ab63d2d2e47f8dbc7e1652b","2026-09-25 05:26"
"Leftist Leo 解放巴勒斯坦 🇵🇸 和","60d9c5536dac910001297d14","kstyko","5ead136297d6cf24a42b1ef4","6ab63d986d0c3ccfaa737b47","2026-09-25 05:28"
"flipster22","5f172e581874328b38c066f7","baila mi cumbia","692088a0224f32960becd3da","6ab63c4cdb60ff2e7c56b477","2026-09-25 05:29"
"Grategonalop","5d0cfad48b19a91fe05aaa20","achmedsender","5a1606e2f370149bf01ab594","6ab63bf2db60ff2e7c56b3cc","2026-09-25 05:30"
"まっちゃあいす","63c5614f750d5027f914c047","trulybuzzy","5fb20f55d3f912000124d619","6ab63e092e47f8dbc7e1684f","2026-09-25 05:32"
"Steve Irwin","6a594bfc4f0853294332c67f","Geonel Guessi  #ban xZenith","63875de4e55ec4234b26d1fb","6ab63f876c3084b22499c33b","2026-09-25 05:34"
"steelik","5c8952067235f956d80440cc","Davido","60b3bf820390be00015ed409","6ab63e1f5f3d38f881fcae71","2026-09-25 05:34"
"Orleansguessr","610040cd12eb690001107516","まっちゃあいす","63c5614f750d5027f914c047","6ab63f98934546f3728bd397","2026-09-25 05:34"
"adfost8","69a01d1686149729b03dd5c7","Yeetmaster","5dad9d5b90bbda734c8ffc4a","6ab63d466d0c3ccfaa7379f3","2026-09-25 05:34"
"Dissonans","60e09234213b0600019d912e","ILIAPLONKS (YT/TTV)","623798a42965f997f04b1cc1","6ab63dbdb2283d49a620e7b6","2026-09-25 05:36"
"Callum Wilson","67771af50d5dc53559da3c7d","Geonel Guessi  #ban xZenith","63875de4e55ec4234b26d1fb","6ab6402e1d5c40003b0a24be","2026-09-25 05:37"
"Orleansguessr","610040cd12eb690001107516","Zetie","5e9215c1b3ec17480c01df1e","6ab640157c5e7ded0a64f280","2026-09-25 05:38"
"Davido","60b3bf820390be00015ed409","steelik","5c8952067235f956d80440cc","6ab6405c934546f3728bd65e","2026-09-25 05:39"
"_***","65a206465b3d0a0d04c1bd76","ILIAPLONKS (YT/TTV)","623798a42965f997f04b1cc1","6ab640767c5e7ded0a64f396","2026-09-25 05:40"
"PapaMacdus","6667d837d40195a479dc95b8","trulybuzzy","5fb20f55d3f912000124d619","6ab63f9d934546f3728bd3a2","2026-09-25 05:41"
"Callum Wilson","67771af50d5dc53559da3c7d","Geonel Guessi  #ban xZenith","63875de4e55ec4234b26d1fb","6ab6410e934546f3728bd95b","2026-09-25 05:42"
"Orleansguessr","610040cd12eb690001107516","Zetie","5e9215c1b3ec17480c01df1e","6ab640fb5032b5da56fcd493","2026-09-25 05:42"
"まっちゃあいす","63c5614f750d5027f914c047","Aaryan22","657021f7412bfd95aad62550","6ab6404d934546f3728bd61a","2026-09-25 05:43"
"Stephen","5d87615adf1dd672b8a144b5","achmedsender","5a1606e2f370149bf01ab594","6ab63fb5934546f3728bd3e2","2026-09-25 05:44"
"ILIAPLONKS (YT/TTV)","623798a42965f997f04b1cc1","steelik","5c8952067235f956d80440cc","6ab64155934546f3728bdad8","2026-09-25 05:44"
"_***","65a206465b3d0a0d04c1bd76","Jacky Wong","63be7833696b395b1a06db85","6ab6419b934546f3728bdc33","2026-09-25 05:47"
"PapaMacdus","6667d837d40195a479dc95b8","Kfudaman","5ecc57c38d6ade72cc83598c","6ab641ba934546f3728bdce3","2026-09-25 05:48"
"Callum Wilson","67771af50d5dc53559da3c7d","Steve Irwin","6a594bfc4f0853294332c67f","6ab642b4934546f3728be1cc","2026-09-25 05:49"
"adfost8","69a01d1686149729b03dd5c7","Benido2030","663b2d05b3292628b16592ae","6ab642371d5c40003b0a2c13","2026-09-25 05:49"
"Geonel Guessi  #ban xZenith","63875de4e55ec4234b26d1fb","Kfudaman","5ecc57c38d6ade72cc83598c","6ab6436b6c3084b22499cf6e","2026-09-25 05:51"
"ILIAPLONKS (YT/TTV)","623798a42965f997f04b1cc1","Orleansguessr","610040cd12eb690001107516","6ab64245934546f3728bdf7b","2026-09-25 05:52"
"Aaryan22","657021f7412bfd95aad62550","EvoMorales'graffiti","69bd378e956fb49739c0ef4e","6ab642a61d5c40003b0a2dc7","2026-09-25 05:52"
"ILIAPLONKS (YT/TTV)","623798a42965f997f04b1cc1","Orleansguessr","610040cd12eb690001107516","6ab64428934546f3728be949","2026-09-25 05:55"
"_***","65a206465b3d0a0d04c1bd76","Dissonans","60e09234213b0600019d912e","6ab6438f7c5e7ded0a64fe47","2026-09-25 05:55"
"EvoMorales'graffiti","69bd378e956fb49739c0ef4e","れい（Rey）","6444afc0c30fa09317b315fc","6ab6443f934546f3728be9ce","2026-09-25 05:55"
"Kfudaman","5ecc57c38d6ade72cc83598c","Baga #banalts","6106adfe5078c20001560397","6ab64408934546f3728be8b7","2026-09-25 05:55"
"DasMaennchen","6346b1742918e08b58aa94c6","Lirik","632e0c2488070b726d73e245","6ab64450fc19e1e03b548850","2026-09-25 05:56"
"Aaryan22","657021f7412bfd95aad62550","eeeeeeeeeeee","658e9c0361137989504ec7ee","6ab6447f934546f3728beb23","2026-09-25 05:57"
"Callum Wilson","67771af50d5dc53559da3c7d","Brzoza","60ababeffb1efa0001302754","6ab64491fc19e1e03b54890c","2026-09-25 05:58"
"Steve Irwin","6a594bfc4f0853294332c67f","Geonel Guessi  #ban xZenith","63875de4e55ec4234b26d1fb","6ab644117c5e7ded0a65001e","2026-09-25 05:58"
"achmedsender","5a1606e2f370149bf01ab594","kqyyy","6888a322b2328f914ebd912f","6ab64328934546f3728be3e3","2026-09-25 05:58"
"EvoMorales'graffiti","69bd378e956fb49739c0ef4e","jeyjey1001","5e9dc1026ea510450800fbb9","6ab644ef6c3084b22499d4a0","2026-09-25 05:58"
"Dev","636157b9cf326cd4ca7a9ead","Finn Siemon","66eb7b4a062332fb60915d65","6ab5df403717f02c8a865775","2026-09-25 06:00"
"17","6028ad57f227ff0001b8b01e","HabibiBlocksBerq","664660bfcf2ee8eaab3f0f4f","6ab3b9c1905d60452edc38e9","2026-09-25 06:00"
"Edawardz","600aa63b94b5f40001eddb27","Grzejnik","5fb2653d0fc1350001294999","6ab3baab3902cdf41395767f","2026-09-25 06:00"
"sp4ghet","5ec26de5a789c45a9c13cf3c","Smaguy","5e792106d51dd6297c9bd842","6ab3fb5642368341335ab63f","2026-09-25 06:00"
"ILIAPLONKS (YT/TTV)","623798a42965f997f04b1cc1","Orleansguessr","610040cd12eb690001107516","6ab64428934546f3728be949","2026-09-25 06:00"
"Tomek5_5","606e09423667bc0001ad663d","kqyyy","6888a322b2328f914ebd912f","6ab5a9f7327b38f86579c41c","2026-09-25 06:00"
"Aaryan22","657021f7412bfd95aad62550","eeeeeeeeeeee","658e9c0361137989504ec7ee","6ab6447f934546f3728beb23","2026-09-25 06:00"
"pisanico","5e59788312777c09acb5f77f","mzk","5f3fde73116e5c0001ef74a5","6ab5793f4e246ad58a261e22","2026-09-25 06:00"
"Shakazaramesh","5ef2945bbb96627c9ce5f63f","botje","65ef376b2528c8b0fb2b5e4c","6ab5ba544e246ad58a26d328","2026-09-25 06:00"
"Yang(Wang's#1fan)","68c8d78fee2a8aa559e3878b","Lubec","5e974c906ea510372c1e444a","6ab5eabb4e246ad58a2748fa","2026-09-25 06:00"
"thomas petruv","6000461b23fa0d00011e9f10","meow #deserved multi","68582b5f8e62427811441b60","6ab5679e7b4c852fef93e86d","2026-09-25 06:00"
"Preussen","64da4d57e44ffbb819d935b1","Kraim","655c88001a146e82ab9593a5","6ab4fcf3e057f5ce36da1795","2026-09-25 06:00"
"Slam4","60927f97129054000189c279","Kiran","5fa6fdd8b45c67000133f43d","6ab57cbf923564f745b20214","2026-09-25 06:00"
"Baga #banalts","6106adfe5078c20001560397","winter","5eea19cb4799175480045d3d","6ab64576934546f3728bf004","2026-09-25 06:00"
"nathaven","66324e1ca810b64f6b1f342d","Nimrif","5782deb9813a4f985c96b377","6ab2e84ac1628cdb34fc9d3b","2026-09-25 06:00"
"Mahatma Gandhi","6a30b007dc21ec5f416bc5e1","Henrikk","622640b7cb9b530001598509","6ab4905d2d019dc421b54b63","2026-09-25 06:00"
"Hobbz 161","5dbc2cc17e473f2408462eae","WestCoastD'Armor","677699b98d7eb43c5800f187","6ab5160218258310f8818ae4","2026-09-25 06:00"
"Wndntt","67607c5f15734408543abb64","Yarik","676e524ee37422d9da0e161a","6ab58eaf846e35819598f993","2026-09-25 06:00"
"Kucerkaaa✨","66422b048e6606a3bc59724f","seckfren","620059fe2a87750001272c8f","6ab549057b4c852fef934223","2026-09-25 06:00"
"wang4wc2027(徒弟yang)","64df30f334185dd27cf839a7","Feneb","5dba86167e473f2408461141","6ab63071a82fb5d5c6835a81","2026-09-25 06:01"
"Herrjiell","6463ce1ce623a26f09da5866","wang4wc2027(徒弟yang)","64df30f334185dd27cf839a7","6ab62e0ea82fb5d5c6835055","2026-09-25 06:01"
"Michael Json","6866d268906ee7386a2994cd","PLK","62179a5c8e88d400010d91ea","6ab593d74e246ad58a26659d","2026-09-25 06:01"
"ILIAPLONKS (YT/TTV)","623798a42965f997f04b1cc1","Dissonans","60e09234213b0600019d912e","6ab644dc934546f3728becd2","2026-09-25 06:01"
"Geonel Guessi  #ban xZenith","63875de4e55ec4234b26d1fb","Baga #banalts","6106adfe5078c20001560397","6ab64612fc19e1e03b548ea4","2026-09-25 06:02"
"Steve Irwin","6a594bfc4f0853294332c67f","Brzoza","60ababeffb1efa0001302754","6ab6459e4a16dd008d1a2dfe","2026-09-25 06:03"
"EvoMorales'graffiti","69bd378e956fb49739c0ef4e","eeeeeeeeeeee","658e9c0361137989504ec7ee","6ab64596fc19e1e03b548d34","2026-09-25 06:04"
"Frouser","676f1d87e37422d9da127424","Callum Wilson","67771af50d5dc53559da3c7d","6ab64641934546f3728bf3c5","2026-09-25 06:05"
"kqyyy","6888a322b2328f914ebd912f","Hagelsnow","66d333ad197dbd0ea8ca5f46","6ab64664934546f3728bf433","2026-09-25 06:05"
"_***","65a206465b3d0a0d04c1bd76","Luca","62faac056417c6c320e282de","6ab645c5934546f3728bf18d","2026-09-25 06:05"
"Zoe","64012c4575693afea0dec10b","Wijn.","657979f3db414bd0da540f23","6ab646a91d5c40003b0a3c94","2026-09-25 06:05"
"adfost8","69a01d1686149729b03dd5c7","Benido2030","663b2d05b3292628b16592ae","6ab6439e934546f3728be68d","2026-09-25 06:05"
"PapaMacdus","6667d837d40195a479dc95b8","Jing","61c95bf31d55520001a302a8","6ab645fa1d5c40003b0a3a8a","2026-09-25 06:07"
"Zoe","64012c4575693afea0dec10b","Wijn.","657979f3db414bd0da540f23","6ab6474e5032b5da56fce946","2026-09-25 06:08"
"Reynardo","619e21dbcd59be0001df98df","Yeetmaster","5dad9d5b90bbda734c8ffc4a","6ab644c36c3084b22499d40c","2026-09-25 06:08"
"juxerr (retired)","63232556fe765bafba5ef084","Derzal","5f96feae45cc8c00017ca853","6ab646ab7c5e7ded0a6508a5","2026-09-25 06:10"
"Luca","62faac056417c6c320e282de","れい（Rey）","6444afc0c30fa09317b315fc","6ab647605032b5da56fce97e","2026-09-25 06:11"
"Geonel Guessi  #ban xZenith","63875de4e55ec4234b26d1fb","Baga #banalts","6106adfe5078c20001560397","6ab646c6934546f3728bf5ac","2026-09-25 06:12"
"eeeeeeeeeeee","658e9c0361137989504ec7ee","EvoMorales'graffiti","69bd378e956fb49739c0ef4e","6ab646fd934546f3728bf6d5","2026-09-25 06:12"
"SnowySteppe046","66daae1184794c95205093b1","Dissonans","60e09234213b0600019d912e","6ab647cf1d5c40003b0a40c7","2026-09-25 06:12"
"Skcmj","669bbdca232879fb8fd85725","JujuMan","68c2ae1b906bbc1e0b8e63e2","6ab64805fc19e1e03b549636","2026-09-25 06:12"
"Steve Irwin","6a594bfc4f0853294332c67f","Frouser","676f1d87e37422d9da127424","6ab647b41d5c40003b0a4069","2026-09-25 06:13"
"Reynardo","619e21dbcd59be0001df98df","Wijn.","657979f3db414bd0da540f23","6ab647f86c3084b22499dfac","2026-09-25 06:13"
"PapaMacdus","6667d837d40195a479dc95b8","baila mi cumbia","692088a0224f32960becd3da","6ab647ab7c5e7ded0a650bfa","2026-09-25 06:14"
"Maltor","5fad8566a07ff60001fdae13","Jacky Wong","63be7833696b395b1a06db85","6ab645a5934546f3728bf0da","2026-09-25 06:15"
"Geonel Guessi  #ban xZenith","63875de4e55ec4234b26d1fb","Baga #banalts","6106adfe5078c20001560397","6ab649191d5c40003b0a4567","2026-09-25 06:17"
"achmedsender","5a1606e2f370149bf01ab594","Preussen","64da4d57e44ffbb819d935b1","6ab64699934546f3728bf504","2026-09-25 06:17"
"juxerr (retired)","63232556fe765bafba5ef084","Derzal","5f96feae45cc8c00017ca853","6ab648857c5e7ded0a650f3d","2026-09-25 06:17"
"Skcmj","669bbdca232879fb8fd85725","Dissonans","60e09234213b0600019d912e","6ab648e36c3084b22499e2c4","2026-09-25 06:17"
"Reynardo","619e21dbcd59be0001df98df","baila mi cumbia","692088a0224f32960becd3da","6ab64970934546f3728c0269","2026-09-25 06:18"
"JujuMan","68c2ae1b906bbc1e0b8e63e2","EvoMorales'graffiti","69bd378e956fb49739c0ef4e","6ab64903934546f3728c0089","2026-09-25 06:18"
"Zifuko","5e85136d3d4b6a36ac752a7b","Frouser","676f1d87e37422d9da127424","6ab649739b5050625170f9d1","2026-09-25 06:21"
"PLK","62179a5c8e88d400010d91ea","Vattentömhet","624197cb0a09fe783347a232","6ab64a6e934546f3728c06a5","2026-09-25 06:21"
"Finn Fly","5f5bf60822321e000163a465","Dissonans","60e09234213b0600019d912e","6ab64a137c5e7ded0a6513f9","2026-09-25 06:21"
"eeeeeeeeeeee","658e9c0361137989504ec7ee","PapaMacdus","6667d837d40195a479dc95b8","6ab649a5934546f3728c034c","2026-09-25 06:23"
"Hagelsnow","66d333ad197dbd0ea8ca5f46","Reynardo","619e21dbcd59be0001df98df","6ab64a3a934546f3728c05e1","2026-09-25 06:24"
"Dan YAile","60ef0697612a5400012c89a3","PLK","62179a5c8e88d400010d91ea","6ab64b1a934546f3728c0959","2026-09-25 06:27"
"Callum Wilson","67771af50d5dc53559da3c7d","Рома","5bc9f3921f3cf81af80cfa72","6ab64b94fc19e1e03b54a1a2","2026-09-25 06:27"
"Brzoza","60ababeffb1efa0001302754","Stephen","5d87615adf1dd672b8a144b5","6ab646d9934546f3728bf617","2026-09-25 06:27"
"Preussen","64da4d57e44ffbb819d935b1","Dissonans","60e09234213b0600019d912e","6ab64aec934546f3728c08a8","2026-09-25 06:27"
"Derzal","5f96feae45cc8c00017ca853","juxerr (retired)","63232556fe765bafba5ef084","6ab64a01934546f3728c04ea","2026-09-25 06:27"
"PapaMacdus","6667d837d40195a479dc95b8","WaiWai","621f7436f0bf520001066b61","6ab64bb47c5e7ded0a651908","2026-09-25 06:28"
"Рома","5bc9f3921f3cf81af80cfa72","Dan YAile","60ef0697612a5400012c89a3","6ab64c959a574f9a215611d7","2026-09-25 06:29"
"JujuMan","68c2ae1b906bbc1e0b8e63e2","Lirik","632e0c2488070b726d73e245","6ab64ae3fc19e1e03b549f8b","2026-09-25 06:29"
"Anonymous","5eccd6d68d6ade72cc836cb8","flaviow","5e8a0df7cd30754ee40e10b2","6ab64c6b9a574f9a21561151","2026-09-25 06:30"
"Stahu","5c4c5e963d925b4af4b88080","Baga #banalts","6106adfe5078c20001560397","6ab64b71934546f3728c0adb","2026-09-25 06:31"
"Dissonans","60e09234213b0600019d912e","Unga","5f131ab1d52cd04658f42ad7","6ab64c661f090e410547edea","2026-09-25 06:31"
"eeeeeeeeeeee","658e9c0361137989504ec7ee","juxerr (retired)","63232556fe765bafba5ef084","6ab64c9e3c3598bdae7aed44","2026-09-25 06:32"
"Dan YAile","60ef0697612a5400012c89a3","Рома","5bc9f3921f3cf81af80cfa72","6ab64ced0e299ebd6f507be3","2026-09-25 06:33"
"Anonymous","5eccd6d68d6ade72cc836cb8","flaviow","5e8a0df7cd30754ee40e10b2","6ab64d0e3c3598bdae7aeeef","2026-09-25 06:34"
"Derzal","5f96feae45cc8c00017ca853","Stahu","5c4c5e963d925b4af4b88080","6ab64d461f090e410547f16d","2026-09-25 06:36"
"Dissonans","60e09234213b0600019d912e","Baga #banalts","6106adfe5078c20001560397","6ab64d663c3598bdae7af04d","2026-09-25 06:36"
"Unga","5f131ab1d52cd04658f42ad7","Anonymous","62517d69bf2d9b52f4682c70","6ab64da1ab5caa0a81547e35","2026-09-25 06:38"
"Baga #banalts","6106adfe5078c20001560397","Derzal","5f96feae45cc8c00017ca853","6ab64e9c3c3598bdae7af598","2026-09-25 06:38"
"Anonymous","5eccd6d68d6ade72cc836cb8","Señorita Plonquita","664ad9de273fe0303a386b45","6ab64e281f090e410547f512","2026-09-25 06:39"
"Brzoza","60ababeffb1efa0001302754","Stephen","5d87615adf1dd672b8a144b5","6ab64c460e299ebd6f5079e9","2026-09-25 06:41"
"barle #freepalmitas #freekober","6398628520609ac8c10cab13","Callum Wilson","67771af50d5dc53559da3c7d","6ab64cce3c3598bdae7aee13","2026-09-25 06:42"
"Jacky Wong","63be7833696b395b1a06db85","れい（Rey）","6444afc0c30fa09317b315fc","6ab64dcf1f090e410547f3ac","2026-09-25 06:42"
"Señorita Plonquita","664ad9de273fe0303a386b45","Lirik","632e0c2488070b726d73e245","6ab64f6e3c3598bdae7af955","2026-09-25 06:45"
"Baga #banalts","6106adfe5078c20001560397","Derzal","5f96feae45cc8c00017ca853","6ab64f13ab5caa0a815483f9","2026-09-25 06:45"
"Well-mannered traveler","673988d92216880358024cf4","Jakub","5bef0f16fa37262f1c2c2d68","6ab64f319a574f9a21561998","2026-09-25 06:45"
"Frouser","676f1d87e37422d9da127424","maks","6414d29eb61bfefd9d16461e","6ab64f273c3598bdae7af82f","2026-09-25 06:46"
"Senty","65dc836b33066622c3ebfb88","Jacky Wong","63be7833696b395b1a06db85","6ab64fdb0e299ebd6f5084f6","2026-09-25 06:46"
"chilemasterballking","64c4d20a8f7b73c424913e00","PLK","62179a5c8e88d400010d91ea","6ab650423c3598bdae7afcf0","2026-09-25 06:48"
"Derzal","5f96feae45cc8c00017ca853","MANGER","6785046bef2c357f0bdfd387","6ab6509bab5caa0a815489da","2026-09-25 06:48"
"juxerr (retired)","63232556fe765bafba5ef084","ハシビロ","62fd923738281a76193b9110","6ab64f390e299ebd6f508307","2026-09-25 06:48"
"Senty","65dc836b33066622c3ebfb88","Baga #banalts","6106adfe5078c20001560397","6ab651153c3598bdae7b00ad","2026-09-25 06:49"
"Reynardo","619e21dbcd59be0001df98df","Wijn.","657979f3db414bd0da540f23","6ab64bf63c3598bdae7aeb17","2026-09-25 06:51"
"Jacky Wong","63be7833696b395b1a06db85","Well-mannered traveler","673988d92216880358024cf4","6ab650d8ab5caa0a81548adb","2026-09-25 06:51"
"Żukasz","602cfd5dc397fa0001f09dfb","Preussen","64da4d57e44ffbb819d935b1","6ab64dc81f090e410547f39c","2026-09-25 06:52"
"barle #freepalmitas #freekober","6398628520609ac8c10cab13","Рома","5bc9f3921f3cf81af80cfa72","6ab6505c3c3598bdae7afd6c","2026-09-25 06:53"
"Reynardo","619e21dbcd59be0001df98df","daes","603a39d190c95200017e30a2","6ab651f4ab5caa0a81548fd6","2026-09-25 06:53"
"Geonel Guessi  #ban xZenith","63875de4e55ec4234b26d1fb","houmreu (Youtube)","5b571ce97135fa0e48b2d9f8","6ab651db3c3598bdae7b04ce","2026-09-25 06:54"
"antidotess","60859c21128efc0001559603","Derzal","5f96feae45cc8c00017ca853","6ab6516e3c3598bdae7b0263","2026-09-25 06:54"
"sk 愛","666b76089d20c1dd39ec810c","maks","6414d29eb61bfefd9d16461e","6ab65118ab5caa0a81548be6","2026-09-25 06:56"
"Edawardz","600aa63b94b5f40001eddb27","Shakazaramesh","5ef2945bbb96627c9ce5f63f","6ab6525aab5caa0a8154917a","2026-09-25 06:56"
"Stephen","5d87615adf1dd672b8a144b5","Grzejnik","5fb2653d0fc1350001294999","6ab6505a3c3598bdae7afd5c","2026-09-25 06:56"
"Lirik","632e0c2488070b726d73e245","polish meta slave","6623ecb7315d4d4449b8ca98","6ab651ae3c3598bdae7b040c","2026-09-25 06:56"
"Moritz","604e275b66c3940001ee30ed","MANGER","6785046bef2c357f0bdfd387","6ab651a53c3598bdae7b03eb","2026-09-25 06:58"
"Yiğit Onur","628a020c86224535a595335f","Baga #banalts","6106adfe5078c20001560397","6ab651d7ab5caa0a81548f65","2026-09-25 06:59"
"astrocaryum aculeatum","6527803eee6d63190219c754","Brzoza","60ababeffb1efa0001302754","6ab64fab3c3598bdae7afa7d","2026-09-25 07:00"
"Shakazaramesh","5ef2945bbb96627c9ce5f63f","Derzal","5f96feae45cc8c00017ca853","6ab65322ab5caa0a81549449","2026-09-25 07:01"
"daes","603a39d190c95200017e30a2","Marmano","668aeea04f61be44b7904cb2","6ab652a4ab5caa0a81549296","2026-09-25 07:01"
"Jamabi","5e5fcc1326bbda5284e824cf","maks","6414d29eb61bfefd9d16461e","6ab653723c3598bdae7b0b4e","2026-09-25 07:02"
"Moritz","604e275b66c3940001ee30ed","Yiğit Onur","628a020c86224535a595335f","6ab653c9ab5caa0a815496e2","2026-09-25 07:02"
"0.03mm","692fdd96871fb5a05c4dcab0","Skcmj","669bbdca232879fb8fd85725","6ab653921f090e4105480ed3","2026-09-25 07:02"
"Brzoza","60ababeffb1efa0001302754","Grzejnik","5fb2653d0fc1350001294999","6ab65422ab5caa0a8154981a","2026-09-25 07:05"
"Skcmj","669bbdca232879fb8fd85725","无关风月","67a628b703077ed0dfbe96f6","6ab6550b1f090e41054814e3","2026-09-25 07:06"
"Moritz","604e275b66c3940001ee30ed","Derzal","5f96feae45cc8c00017ca853","6ab654c2ab5caa0a81549ad7","2026-09-25 07:07"
"Shakazaramesh","5ef2945bbb96627c9ce5f63f","Yiğit Onur","628a020c86224535a595335f","6ab654971f090e410548134c","2026-09-25 07:08"
"Baga #banalts","6106adfe5078c20001560397","Well-mannered traveler","673988d92216880358024cf4","6ab654203c3598bdae7b0dd6","2026-09-25 07:09"
"pluwadi","66b3eb653e680cb97150ce62","maks","6414d29eb61bfefd9d16461e","6ab654c2ab5caa0a81549ad8","2026-09-25 07:10"
"barle #freepalmitas #freekober","6398628520609ac8c10cab13","Рома","5bc9f3921f3cf81af80cfa72","6ab653020e299ebd6f509018","2026-09-25 07:10"
"Omnia mea mecum porto","61484b52add2db00018fe1ec","Senty","65dc836b33066622c3ebfb88","6ab6556dab5caa0a81549d79","2026-09-25 07:10"
"Raqhi","67d48df5e116b8cd2a7fa3f7","WaiWai","621f7436f0bf520001066b61","6ab654e61f090e4105481463","2026-09-25 07:10"
"DasMaennchen","6346b1742918e08b58aa94c6","Skcmj","669bbdca232879fb8fd85725","6ab655b47c6c78ba71a4b8ed","2026-09-25 07:11"
"maks","6414d29eb61bfefd9d16461e","Shakazaramesh","5ef2945bbb96627c9ce5f63f","6ab656720e299ebd6f509ada","2026-09-25 07:12"
"Edawardz","600aa63b94b5f40001eddb27","www.twitch.tv/qule0","635d8550c15309de668daf99","6ab654993c3598bdae7b1002","2026-09-25 07:12"
"Jamabi","5e5fcc1326bbda5284e824cf","Jonas","661ad4c4073f663c21b57fe6","6ab655aaab5caa0a81549e6e","2026-09-25 07:13"
"PapaMacdus","6667d837d40195a479dc95b8","Daseq","64c423b5da458cfcdf1fad89","6ab656263c3598bdae7b1694","2026-09-25 07:13"
"Stahu","5c4c5e963d925b4af4b88080","antidotess","60859c21128efc0001559603","6ab654cd9a574f9a21562bcb","2026-09-25 07:14"
"Shakazaramesh","5ef2945bbb96627c9ce5f63f","maks","6414d29eb61bfefd9d16461e","6ab656edab5caa0a8154a36f","2026-09-25 07:16"
"Yiğit Onur","628a020c86224535a595335f","Derzal","5f96feae45cc8c00017ca853","6ab655f01f090e41054817a7","2026-09-25 07:16"
"Senty","65dc836b33066622c3ebfb88","Señorita Plonquita","664ad9de273fe0303a386b45","6ab6568d3c3598bdae7b1828","2026-09-25 07:16"
"Señorita Plonquita","664ad9de273fe0303a386b45","Loars_","67c023fa843f4449095fd251","6ab657679a574f9a215633d8","2026-09-25 07:17"
"daes","603a39d190c95200017e30a2","DasMaennchen","6346b1742918e08b58aa94c6","6ab657381f090e4105481cc4","2026-09-25 07:17"
"Wolfgoon Auramadeus Moggzart","64a4686ecd74917a4fabee03","www.twitch.tv/qule0","635d8550c15309de668daf99","6ab656fbab5caa0a8154a3ae","2026-09-25 07:18"
"PapaMacdus","6667d837d40195a479dc95b8","wert31415","6797c0be0b7bd1c00269ac82","6ab657513c3598bdae7b1bc3","2026-09-25 07:19"
"Jakub","5bef0f16fa37262f1c2c2d68","Julos","5ec306bae7115241a4e74bb7","6ab65790ab5caa0a8154a63c","2026-09-25 07:20"
"Jonas","661ad4c4073f663c21b57fe6","Geomalick","61fd64f28c0f8100014ebf0b","6ab6584f3c3598bdae7b1fc4","2026-09-25 07:21"
"Brzoza","60ababeffb1efa0001302754","astrocaryum aculeatum","6527803eee6d63190219c754","6ab65535ab5caa0a81549cb7","2026-09-25 07:21"
"Señorita Plonquita","664ad9de273fe0303a386b45","Daseq","64c423b5da458cfcdf1fad89","6ab657d29a574f9a21563529","2026-09-25 07:21"
"maks","6414d29eb61bfefd9d16461e","www.twitch.tv/qule0","635d8550c15309de668daf99","6ab6584f3c3598bdae7b1fc5","2026-09-25 07:22"
"MANGER","6785046bef2c357f0bdfd387","Julenzooo","603a7a540b13630001e09ff9","6ab6574e9a574f9a21563392","2026-09-25 07:23"
"Skcmj","669bbdca232879fb8fd85725","daes","603a39d190c95200017e30a2","6ab6580c3c3598bdae7b1e96","2026-09-25 07:23"
"Derzal","5f96feae45cc8c00017ca853","Yiğit Onur","628a020c86224535a595335f","6ab657e23c3598bdae7b1dfc","2026-09-25 07:24"
"Nibiru","5f8c1986d282f60001f34b05","Baga #banalts","6106adfe5078c20001560397","6ab658fb1f090e41054822e9","2026-09-25 07:25"
"Jakub","5bef0f16fa37262f1c2c2d68","Well-mannered traveler","673988d92216880358024cf4","6ab658d7ab5caa0a8154ab95","2026-09-25 07:25"
"Jonas","661ad4c4073f663c21b57fe6","layy ♡","603df174d3dc740001da871a","6ab6598eab5caa0a8154ae2a","2026-09-25 07:26"
"八木カイリ","6844fca4ef3ea9aea2255937","Loars_","67c023fa843f4449095fd251","6ab658f53c3598bdae7b228b","2026-09-25 07:26"
"Geomalick","61fd64f28c0f8100014ebf0b","VehicleRonald","626be1db347a090f4e84683f","6ab65918df62e07591ba9a03","2026-09-25 07:27"
"maks","6414d29eb61bfefd9d16461e","www.twitch.tv/qule0","635d8550c15309de668daf99","6ab6594c2066f54e4bd67ad9","2026-09-25 07:27"
"Señorita Plonquita","664ad9de273fe0303a386b45","Daseq","64c423b5da458cfcdf1fad89","6ab6591b3c3598bdae7b232c","2026-09-25 07:27"
"daes","603a39d190c95200017e30a2","Stahu","5c4c5e963d925b4af4b88080","6ab659681f090e41054824d7","2026-09-25 07:28"
"八木カイリ","6844fca4ef3ea9aea2255937","Astra_Yate","6561f4a4625675d1640653ab","6ab65a59df62e07591ba9fb2","2026-09-25 07:29"
"DasMaennchen","6346b1742918e08b58aa94c6","Julenzooo","603a7a540b13630001e09ff9","6ab6598adf62e07591ba9bda","2026-09-25 07:29"
"NowloTheNeurotic","67493198473744059fbb9736","Rasender","5d36bec124ec173888d3a33a","6ab658e19a574f9a215638a1","2026-09-25 07:30"
"Anonymous","5eccd6d68d6ade72cc836cb8","Yiğit Onur","628a020c86224535a595335f","6ab659fc3c3598bdae7b26b9","2026-09-25 07:30"
"Till","5f04dedea8560175a4e2b497","mirai","658cfaf8c12126a89d3c98fb","6ab659b03c3598bdae7b258d","2026-09-25 07:31"
"Jamabi","5e5fcc1326bbda5284e824cf","barle #freepalmitas #freekober","6398628520609ac8c10cab13","6ab6572b0e299ebd6f509d41","2026-09-25 07:32"
"Steve Irwin","6a594bfc4f0853294332c67f","layy ♡","603df174d3dc740001da871a","6ab65a683c3598bdae7b2898","2026-09-25 07:32"
"MANGER","6785046bef2c357f0bdfd387","daes","603a39d190c95200017e30a2","6ab65ae21f090e4105482bb6","2026-09-25 07:32"
"Nibiru","5f8c1986d282f60001f34b05","0.03mm","692fdd96871fb5a05c4dcab0","6ab65a59ab5caa0a8154b0ea","2026-09-25 07:34"
"Señorita Plonquita","664ad9de273fe0303a386b45","www.twitch.tv/qule0","635d8550c15309de668daf99","6ab65ac3df62e07591baa18d","2026-09-25 07:34"
"Рома","5bc9f3921f3cf81af80cfa72","astrocaryum aculeatum","6527803eee6d63190219c754","6ab65923df62e07591ba9a3a","2026-09-25 07:35"
"八木カイリ","6844fca4ef3ea9aea2255937","MosaTracker","68fa532476317df25e19c823","6ab65b65df62e07591baa483","2026-09-25 07:35"
"Jamabi","5e5fcc1326bbda5284e824cf","Geomalick","61fd64f28c0f8100014ebf0b","6ab65b8cdf62e07591baa579","2026-09-25 07:36"
"mirai","658cfaf8c12126a89d3c98fb","layy ♡","603df174d3dc740001da871a","6ab65ba9df62e07591baa60f","2026-09-25 07:36"
"Senty","65dc836b33066622c3ebfb88","Baga #banalts","6106adfe5078c20001560397","6ab65c002066f54e4bd683af","2026-09-25 07:37"
"Derzal","5f96feae45cc8c00017ca853","八木カイリ","6844fca4ef3ea9aea2255937","6ab65c703c3598bdae7b31c1","2026-09-25 07:37"
"Julenzooo","603a7a540b13630001e09ff9","Yiğit Onur","628a020c86224535a595335f","6ab65b3adf62e07591baa3a3","2026-09-25 07:38"
"Geomalick","61fd64f28c0f8100014ebf0b","Jamabi","5e5fcc1326bbda5284e824cf","6ab65c8d3c3598bdae7b3230","2026-09-25 07:39"
"maks","6414d29eb61bfefd9d16461e","Ratkan","635b093ffa4f31df025564a5","6ab65ab01f090e4105482ac8","2026-09-25 07:39"
"daes","603a39d190c95200017e30a2","persimmonsukip","6809563cae64cffc1988e9fe","6ab65b9edf62e07591baa5e1","2026-09-25 07:39"
"NowloTheNeurotic","67493198473744059fbb9736","Eamonn","5e2e983722bbda85a40e9009","6ab65b4eab5caa0a8154b453","2026-09-25 07:40"
"layy ♡","603df174d3dc740001da871a","Aaryan22","657021f7412bfd95aad62550","6ab65c7e0e299ebd6f50b01a","2026-09-25 07:40"
"Shakazaramesh","5ef2945bbb96627c9ce5f63f","kabrioletlux","60b9f1cafd3caa00014a461e","6ab65cbd3c3598bdae7b331f","2026-09-25 07:40"
"MosaTracker","68fa532476317df25e19c823","jeyjey1001","5e9dc1026ea510450800fbb9","6ab65c6fdf62e07591baaa19","2026-09-25 07:40"
"Jonas","661ad4c4073f663c21b57fe6","Jamabi","5e5fcc1326bbda5284e824cf","6ab65d563c3598bdae7b359d","2026-09-25 07:42"
"www.twitch.tv/qule0","635d8550c15309de668daf99","Señorita Plonquita","664ad9de273fe0303a386b45","6ab65c0e3c3598bdae7b2f9d","2026-09-25 07:42"
"MosaTracker","68fa532476317df25e19c823","Voro","5a8f1e5d98cc2c6744a8a135","6ab65d87df62e07591baafbf","2026-09-25 07:42"
"daes","603a39d190c95200017e30a2","persimmonsukip","6809563cae64cffc1988e9fe","6ab65d63df62e07591baaf1d","2026-09-25 07:42"
"八木カイリ","6844fca4ef3ea9aea2255937","wert31415","6797c0be0b7bd1c00269ac82","6ab65cd1df62e07591baac47","2026-09-25 07:42"
"Avetixz","632b4c9d0609ae73d2a1f799","Julenzooo","603a7a540b13630001e09ff9","6ab65d0adf62e07591baad37","2026-09-25 07:42"
"Geomalick","61fd64f28c0f8100014ebf0b","Anu","5eae84426ea510842c0ed215","6ab65d48df62e07591baae93","2026-09-25 07:43"
"Rasender","5d36bec124ec173888d3a33a","maks","6414d29eb61bfefd9d16461e","6ab65d383c3598bdae7b3510","2026-09-25 07:43"
"Yiğit Onur","628a020c86224535a595335f","Baga #banalts","6106adfe5078c20001560397","6ab65d210e299ebd6f50b251","2026-09-25 07:43"
"JackieD","699ea675453f70c93bb1a662","Johannez","6025667836ff8a0001f5ebe6","6ab65ab0df62e07591baa13b","2026-09-25 07:44"
"Jamabi","5e5fcc1326bbda5284e824cf","Jonas","661ad4c4073f663c21b57fe6","6ab65de6df62e07591bab195","2026-09-25 07:45"
"Nibiru","5f8c1986d282f60001f34b05","Derzal","5f96feae45cc8c00017ca853","6ab65d42f527897d27c2729f","2026-09-25 07:45"
"0.03mm","692fdd96871fb5a05c4dcab0","mirai","658cfaf8c12126a89d3c98fb","6ab65c802f0fbe7afbf23dda","2026-09-25 07:46"
"Reynardo","619e21dbcd59be0001df98df","MosaTracker","68fa532476317df25e19c823","6ab65e2cdf62e07591bab316","2026-09-25 07:46"
"Anu","5eae84426ea510842c0ed215","Geomalick","61fd64f28c0f8100014ebf0b","6ab65e36df62e07591bab340","2026-09-25 07:47"
"maks","6414d29eb61bfefd9d16461e","www.twitch.tv/qule0","635d8550c15309de668daf99","6ab65e38df62e07591bab354","2026-09-25 07:47"
"Baga #banalts","6106adfe5078c20001560397","Astra_Yate","6561f4a4625675d1640653ab","6ab65e37df62e07591bab34b","2026-09-25 07:47"
"Jamabi","5e5fcc1326bbda5284e824cf","Jonas","661ad4c4073f663c21b57fe6","6ab65e995349743a1243835f","2026-09-25 07:48"
"kabrioletlux","60b9f1cafd3caa00014a461e","Shakazaramesh","5ef2945bbb96627c9ce5f63f","6ab65d77ab5caa0a8154bd0b","2026-09-25 07:48"
"daes","603a39d190c95200017e30a2","Julenzooo","603a7a540b13630001e09ff9","6ab65e0a3c3598bdae7b390e","2026-09-25 07:48"
"NowloTheNeurotic","67493198473744059fbb9736","Eamonn","5e2e983722bbda85a40e9009","6ab65d633c3598bdae7b35e4","2026-09-25 07:49"
"kabrioletlux","60b9f1cafd3caa00014a461e","Shakazaramesh","5ef2945bbb96627c9ce5f63f","6ab65f4edf62e07591bab8b7","2026-09-25 07:49"
"orbit","614f3131d8a93e000164741a","MosaTracker","68fa532476317df25e19c823","6ab65ee83c3598bdae7b3d1d","2026-09-25 07:49"
"JujuMan","68c2ae1b906bbc1e0b8e63e2","Derzal","5f96feae45cc8c00017ca853","6ab65eb9df62e07591bab5d9","2026-09-25 07:49"
"Anu","5eae84426ea510842c0ed215","Geomalick","61fd64f28c0f8100014ebf0b","6ab65f1c3c3598bdae7b3e3f","2026-09-25 07:50"
"www.twitch.tv/qule0","635d8550c15309de668daf99","maks","6414d29eb61bfefd9d16461e","6ab65f1d3c3598bdae7b3e45","2026-09-25 07:51"
"Aaryan22","657021f7412bfd95aad62550","layy ♡","603df174d3dc740001da871a","6ab65d981f090e41054838fc","2026-09-25 07:51"
"八木カイリ","6844fca4ef3ea9aea2255937","Baga #banalts","6106adfe5078c20001560397","6ab65f27df62e07591bab7fd","2026-09-25 07:51"
"Geomalick","61fd64f28c0f8100014ebf0b","Anu","5eae84426ea510842c0ed215","6ab65ff63c3598bdae7b42ad","2026-09-25 07:53"
"Jonas","661ad4c4073f663c21b57fe6","Frouser","676f1d87e37422d9da127424","6ab65f5f1f090e41054841a1","2026-09-25 07:53"
"astrocaryum aculeatum","6527803eee6d63190219c754","Ripailloux","5f05fde774184e2f78733b0b","6ab65c6adf62e07591baa9fd","2026-09-25 07:54"
"jogilochi","5c7d7ea7155490af38fad7c6","Reynardo","619e21dbcd59be0001df98df","6ab65ef23c3598bdae7b3d46","2026-09-25 07:54"
"Derzal","5f96feae45cc8c00017ca853","MosaTracker","68fa532476317df25e19c823","6ab65fc0df62e07591babb53","2026-09-25 07:54"
"Eamonn","5e2e983722bbda85a40e9009","Jamabi","5e5fcc1326bbda5284e824cf","6ab65f983c3598bdae7b4074","2026-09-25 07:55"
"Nibiru","5f8c1986d282f60001f34b05","orbit","614f3131d8a93e000164741a","6ab65fa5ab5caa0a8154c5bb","2026-09-25 07:55"
"DK","616dadb53ea44c00014582b8","Jonas","661ad4c4073f663c21b57fe6","6ab660b83c3598bdae7b4715","2026-09-25 07:56"
"Anu","5eae84426ea510842c0ed215","Geomalick","61fd64f28c0f8100014ebf0b","6ab660993c3598bdae7b464f","2026-09-25 07:57"
"Julenzooo","603a7a540b13630001e09ff9","simro_206","677eb0df9d782bd50cb2a7c2","6ab65f83df62e07591baba02","2026-09-25 07:57"
"www.twitch.tv/qule0","635d8550c15309de668daf99","Shakazaramesh","5ef2945bbb96627c9ce5f63f","6ab65ff6df62e07591babc61","2026-09-25 07:58"
"kabrioletlux","60b9f1cafd3caa00014a461e","Grzejnik","5fb2653d0fc1350001294999","6ab660f1df62e07591bac18d","2026-09-25 07:59"
"Derzal","5f96feae45cc8c00017ca853","Don't Give Up","5ffb60de75d2770001545e96","6ab660dddf62e07591bac14a","2026-09-25 07:59"
"jogilochi","5c7d7ea7155490af38fad7c6","Baga #banalts","6106adfe5078c20001560397","6ab660f6ab5caa0a8154cb4b","2026-09-25 08:00"
"Hagelsnow","66d333ad197dbd0ea8ca5f46","abys","55b3ba14e7e37f2cc0d67601","6ab6609bdf62e07591babfe7","2026-09-25 08:00"
"Jonas","661ad4c4073f663c21b57fe6","DK","616dadb53ea44c00014582b8","6ab66176df62e07591bac383","2026-09-25 08:01"
"MosaTracker","68fa532476317df25e19c823","Daseq","64c423b5da458cfcdf1fad89","6ab660d4df62e07591bac11c","2026-09-25 08:01"
"Don't Give Up","5ffb60de75d2770001545e96","Aaryan22","657021f7412bfd95aad62550","6ab6620d187fda8a649dd67d","2026-09-25 08:02"
"Eamonn","5e2e983722bbda85a40e9009","Jamabi","5e5fcc1326bbda5284e824cf","6ab660f1aa16f0c3f4e10bee","2026-09-25 08:03"
"DK","616dadb53ea44c00014582b8","Jonas","661ad4c4073f663c21b57fe6","6ab6626daa16f0c3f4e11202","2026-09-25 08:04"
"kabrioletlux","60b9f1cafd3caa00014a461e","Grzejnik","5fb2653d0fc1350001294999","6ab661f63c3598bdae7b4bef","2026-09-25 08:05"
"www.twitch.tv/qule0","635d8550c15309de668daf99","Shakazaramesh","5ef2945bbb96627c9ce5f63f","6ab661c82f0fbe7afbf24fb1","2026-09-25 08:05"
"Ripailloux","5f05fde774184e2f78733b0b","Lene","5d52f64824ec173888d82b60","6ab661d4187fda8a649dd54a","2026-09-25 08:05"
"Julenzooo","603a7a540b13630001e09ff9","0.03mm","692fdd96871fb5a05c4dcab0","6ab6618a3c3598bdae7b4a3d","2026-09-25 08:05"
"🐫","6092f6f71cbdab0001cbf343","Jonas","661ad4c4073f663c21b57fe6","6ab6631aab5caa0a8154d33b","2026-09-25 08:06"
"KaczuSiastyy","664a46ec660949cf6274a231","simro_206","677eb0df9d782bd50cb2a7c2","6ab662fa187fda8a649ddab7","2026-09-25 08:06"
"Skcmj","669bbdca232879fb8fd85725","abys","55b3ba14e7e37f2cc0d67601","6ab66313aa16f0c3f4e11503","2026-09-25 08:06"
"Nördster","60a91a4b4910a100012b6132","Son","66fa81876347f2f3a8d7eb07","6ab662e9aa16f0c3f4e11426","2026-09-25 08:06"
"Hagelsnow","66d333ad197dbd0ea8ca5f46","Derzal","5f96feae45cc8c00017ca853","6ab66221ab5caa0a8154cf6f","2026-09-25 08:07"
"infamouss","660d89e0e8754a8737cdf7b8","Shakazaramesh","5ef2945bbb96627c9ce5f63f","6ab663562f0fbe7afbf2558d","2026-09-25 08:08"
"Aaryan22","657021f7412bfd95aad62550","Don't Give Up","5ffb60de75d2770001545e96","6ab662a7ab5caa0a8154d14a","2026-09-25 08:08"
"Abbin","663cf56b43111c18760a380c","Jonas","661ad4c4073f663c21b57fe6","6ab663acaa16f0c3f4e1179d","2026-09-25 08:09"
"Magnus","679395e4205fcbaaa18ff360","layy ♡","603df174d3dc740001da871a","6ab66012df62e07591babcff","2026-09-25 08:09"
"simro_206","677eb0df9d782bd50cb2a7c2","izakMicrosoft","621417f119f1c30001e662c0","6ab663a3df62e07591bacd89","2026-09-25 08:09"
"0.03mm","692fdd96871fb5a05c4dcab0","Julenzooo","603a7a540b13630001e09ff9","6ab6635baa16f0c3f4e11624","2026-09-25 08:11"
"izakMicrosoft","621417f119f1c30001e662c0","simro_206","677eb0df9d782bd50cb2a7c2","6ab664592066f54e4bd6a310","2026-09-25 08:11"
"雨又潇潇","635a7c4f940d8dc91bd25ec4","Siemeon","62dc07edf32847e5836668f1","6ab6644aab5caa0a8154d753","2026-09-25 08:12"
"Figsy_Games","5e91c2303d4b6a251c171a3b","Hagelsnow","66d333ad197dbd0ea8ca5f46","6ab663f1aa16f0c3f4e118e4","2026-09-25 08:12"
"www.twitch.tv/qule0","635d8550c15309de668daf99","Knowledge","5fa20214cb54e30001357d56","6ab663f8187fda8a649dddfa","2026-09-25 08:13"
"kstyko","5ead136297d6cf24a42b1ef4","MosaTracker","68fa532476317df25e19c823","6ab662920e299ebd6f50c72a","2026-09-25 08:13"
"Firma","5ff879f9ce04930001f6ee64","Anu","5eae84426ea510842c0ed215","6ab662dfaa16f0c3f4e11401","2026-09-25 08:14"
"Jonas","661ad4c4073f663c21b57fe6","Abbin","663cf56b43111c18760a380c","6ab664cbaa16f0c3f4e11ca9","2026-09-25 08:14"
"Grzejnik","5fb2653d0fc1350001294999","Don't Give Up","5ffb60de75d2770001545e96","6ab66422df62e07591bacfae","2026-09-25 08:14"
"Aaryan22","657021f7412bfd95aad62550","maks","6414d29eb61bfefd9d16461e","6ab66473aa16f0c3f4e11b2d","2026-09-25 08:14"
"Yiğit Onur","628a020c86224535a595335f","Skcmj","669bbdca232879fb8fd85725","6ab6639ddf62e07591bacd68","2026-09-25 08:14"
"Baga #banalts","6106adfe5078c20001560397","trulybuzzy","5fb20f55d3f912000124d619","6ab6648e3c3598bdae7b569f","2026-09-25 08:14"
"Shakazaramesh","5ef2945bbb96627c9ce5f63f","infamouss","660d89e0e8754a8737cdf7b8","6ab66407ab5caa0a8154d61d","2026-09-25 08:15"
"アラメイン","68445484b91725e394c6e69d","adfost8","69a01d1686149729b03dd5c7","6ab662f53c3598bdae7b5042","2026-09-25 08:15"
"Rasender","5d36bec124ec173888d3a33a","🐫","6092f6f71cbdab0001cbf343","6ab663b0ab5caa0a8154d4fa","2026-09-25 08:16"
"Lene","5d52f64824ec173888d82b60","Ripailloux","5f05fde774184e2f78733b0b","6ab66344ab5caa0a8154d3a6","2026-09-25 08:16"
"maks","6414d29eb61bfefd9d16461e","www.twitch.tv/qule0","635d8550c15309de668daf99","6ab66570187fda8a649de46a","2026-09-25 08:16"
"Thomas4183b","60194a73ccb73b00018edf77","MosaTracker","68fa532476317df25e19c823","6ab6655a3c3598bdae7b59e7","2026-09-25 08:16"
"meow #deserved multi","68582b5f8e62427811441b60","Fortis","60abab0ab646230001812812","6ab6650e3c3598bdae7b58ab","2026-09-25 08:16"
"雨又潇潇","635a7c4f940d8dc91bd25ec4","Siemeon","62dc07edf32847e5836668f1","6ab6653cdf62e07591bad517","2026-09-25 08:17"
"Julenzooo","603a7a540b13630001e09ff9","Spinner2k","6222449c68dc010001609860","6ab664b8187fda8a649de16c","2026-09-25 08:17"
"Eamonn","5e2e983722bbda85a40e9009","DK","616dadb53ea44c00014582b8","6ab66345df62e07591bacbd6","2026-09-25 08:18"
"Shakazaramesh","5ef2945bbb96627c9ce5f63f","infamouss","660d89e0e8754a8737cdf7b8","6ab665993c3598bdae7b5aff","2026-09-25 08:18"
"simro_206","677eb0df9d782bd50cb2a7c2","izakMicrosoft","621417f119f1c30001e662c0","6ab664e2aa16f0c3f4e11d17","2026-09-25 08:19"
"Son","66fa81876347f2f3a8d7eb07","MosaTracker","68fa532476317df25e19c823","6ab665fb187fda8a649de6db","2026-09-25 08:20"
"Anu","5eae84426ea510842c0ed215","Firma","5ff879f9ce04930001f6ee64","6ab66576187fda8a649de492","2026-09-25 08:21"
"Aaryan22","657021f7412bfd95aad62550","Don't Give Up","5ffb60de75d2770001545e96","6ab6657aab5caa0a8154dc43","2026-09-25 08:21"
"kstyko","5ead136297d6cf24a42b1ef4","cozy","5eee1ae86a7c6a4edc0f7f94","6ab6657332172e552051c96f","2026-09-25 08:21"
"Julenzooo","603a7a540b13630001e09ff9","Lancer227","65b1167dd85363b33611ac05","6ab66610aa16f0c3f4e12326","2026-09-25 08:21"
"meow #deserved multi","68582b5f8e62427811441b60","Daseq","64c423b5da458cfcdf1fad89","6ab66624aa16f0c3f4e1236a","2026-09-25 08:21"
"barle #freepalmitas #freekober","6398628520609ac8c10cab13","Mitteconrad","6056349f72a5a900014128a9","6ab65bf93c3598bdae7b2f34","2026-09-25 08:22"
"www.twitch.tv/qule0","635d8550c15309de668daf99","infamouss","660d89e0e8754a8737cdf7b8","6ab6664d0011b98cb44a8e07","2026-09-25 08:22"
"Skcmj","669bbdca232879fb8fd85725","Cunctor","661822edf35b9c71ad4dd601","6ab665a0aa16f0c3f4e120ea","2026-09-25 08:22"
"Egorsmol","60c7cce623bc770001651df5","Mentox02","644feddc3c592665664e486f","6ab66267ab5caa0a8154d06e","2026-09-25 08:22"
"Julenzooo","603a7a540b13630001e09ff9","Lancer227","65b1167dd85363b33611ac05","6ab66730aa16f0c3f4e12824","2026-09-25 08:23"
"meow #deserved multi","68582b5f8e62427811441b60","Voro","5a8f1e5d98cc2c6744a8a135","6ab6670ddf62e07591baddee","2026-09-25 08:23"
"Hagelsnow","66d333ad197dbd0ea8ca5f46","Zetie","5e9215c1b3ec17480c01df1e","6ab6669eaa16f0c3f4e125ab","2026-09-25 08:23"
"simro_206","677eb0df9d782bd50cb2a7c2","izakMicrosoft","621417f119f1c30001e662c0","6ab666ccaa16f0c3f4e12663","2026-09-25 08:23"
"Baga #banalts","6106adfe5078c20001560397","Nördster","60a91a4b4910a100012b6132","6ab666933c3598bdae7b5f2a","2026-09-25 08:23"
"🐫","6092f6f71cbdab0001cbf343","Jonas","661ad4c4073f663c21b57fe6","6ab6662caa16f0c3f4e12380","2026-09-25 08:24"
"danq_s","639c2a925d4cc27b2f7a898b","アラメイン","68445484b91725e394c6e69d","6ab665a5ab5caa0a8154dcc5","2026-09-25 08:24"
"Siemeon","62dc07edf32847e5836668f1","Firma","5ff879f9ce04930001f6ee64","6ab667283c3598bdae7b61bd","2026-09-25 08:25"
"Don't Give Up","5ffb60de75d2770001545e96","Moritz","604e275b66c3940001ee30ed","6ab6670dab5caa0a8154e1c5","2026-09-25 08:25"
"maks","6414d29eb61bfefd9d16461e","Frouser","676f1d87e37422d9da127424","6ab6663a187fda8a649de7c7","2026-09-25 08:26"
"Spinner2k","6222449c68dc010001609860","trulybuzzy","5fb20f55d3f912000124d619","6ab6662fdf62e07591bad9b9","2026-09-25 08:26"
"Jonas","661ad4c4073f663c21b57fe6","Jazzonne","638bcf412c734faf1bcce61e","6ab667c6df62e07591bae1da","2026-09-25 08:27"
"infamouss","660d89e0e8754a8737cdf7b8","www.twitch.tv/qule0","635d8550c15309de668daf99","6ab66750187fda8a649dec69","2026-09-25 08:28"
"Hagelsnow","66d333ad197dbd0ea8ca5f46","Voro","5a8f1e5d98cc2c6744a8a135","6ab6678aaa16f0c3f4e129b3","2026-09-25 08:28"
"Jazzonne","638bcf412c734faf1bcce61e","Jonas","661ad4c4073f663c21b57fe6","6ab6686f187fda8a649df148","2026-09-25 08:29"
"Thomas4183b","60194a73ccb73b00018edf77","adfost8","69a01d1686149729b03dd5c7","6ab665f31f090e4105486d6c","2026-09-25 08:29"
"sva","67a710249d75e04dff436d40","cozy","5eee1ae86a7c6a4edc0f7f94","6ab66721aa16f0c3f4e127d6","2026-09-25 08:29"
"Kilkum","61b228be008ec800015ff0a9","NadWan","6a4c7ef646359a7d20ec8651","6ab6689e0011b98cb44a96c0","2026-09-25 08:29"
"simro_206","677eb0df9d782bd50cb2a7c2","Lancer227","65b1167dd85363b33611ac05","6ab667a6187fda8a649dedf0","2026-09-25 08:29"
"Baga #banalts","6106adfe5078c20001560397","Belediyesi Oblast","5807566c69083564c0258b6a","6ab66884ab5caa0a8154e792","2026-09-25 08:30"
"アラメイン","68445484b91725e394c6e69d","Stozzy","60c9c89f6dac91000126151b","6ab667d6aa16f0c3f4e12aef","2026-09-25 08:30"
"Bifbof","679f6453582efe34103eccff","Skcmj","669bbdca232879fb8fd85725","6ab667e3aa16f0c3f4e12b33","2026-09-25 08:30"
"Siemeon","62dc07edf32847e5836668f1","🐫","6092f6f71cbdab0001cbf343","6ab667fd0011b98cb44a948b","2026-09-25 08:31"
"Abbin","663cf56b43111c18760a380c","Magnus","679395e4205fcbaaa18ff360","6ab665aa187fda8a649de550","2026-09-25 08:31"
"Senty","65dc836b33066622c3ebfb88","Geonel Guessi  #ban xZenith","63875de4e55ec4234b26d1fb","6ab668a9aa16f0c3f4e12ecd","2026-09-25 08:31"
"Hagelsnow","66d333ad197dbd0ea8ca5f46","Thomas4183b","60194a73ccb73b00018edf77","6ab668fc187fda8a649df39a","2026-09-25 08:31"
"Egorsmol","60c7cce623bc770001651df5","Zetie","5e9215c1b3ec17480c01df1e","6ab667edaa16f0c3f4e12b5b","2026-09-25 08:31"
"Rasender","5d36bec124ec173888d3a33a","Grzejnik","5fb2653d0fc1350001294999","6ab666bedf62e07591badc6f","2026-09-25 08:32"
"maks","6414d29eb61bfefd9d16461e","Frouser","676f1d87e37422d9da127424","6ab668342f0fbe7afbf266ca","2026-09-25 08:32"
"Lene","5d52f64824ec173888d82b60","Ripailloux","5f05fde774184e2f78733b0b","6ab665cf3c3598bdae7b5bc0","2026-09-25 08:32"
"Jonas","661ad4c4073f663c21b57fe6","Firma","5ff879f9ce04930001f6ee64","6ab668eb3c3598bdae7b69dd","2026-09-25 08:33"
"PLK","62179a5c8e88d400010d91ea","Moritz","604e275b66c3940001ee30ed","6ab668153c3598bdae7b65f5","2026-09-25 08:33"
"Baga #banalts","6106adfe5078c20001560397","meow #deserved multi","68582b5f8e62427811441b60","6ab66940aa16f0c3f4e13128","2026-09-25 08:33"
"Siemeon","62dc07edf32847e5836668f1","🐫","6092f6f71cbdab0001cbf343","6ab66986aa16f0c3f4e13242","2026-09-25 08:35"
"infamouss","660d89e0e8754a8737cdf7b8","www.twitch.tv/qule0","635d8550c15309de668daf99","6ab668ccaa16f0c3f4e12f3d","2026-09-25 08:35"
"Geonel Guessi  #ban xZenith","63875de4e55ec4234b26d1fb","ferreiro","5f126427d6ca438f24009b8e","6ab66984df62e07591baea4c","2026-09-25 08:36"
"Oliverius","6777e8ade17f6fab2ea1ed7e","sva","67a710249d75e04dff436d40","6ab6699bdf62e07591baeacd","2026-09-25 08:36"
"Skcmj","669bbdca232879fb8fd85725","アラメイン","68445484b91725e394c6e69d","6ab669363c3598bdae7b6b0e","2026-09-25 08:36"
"Frouser","676f1d87e37422d9da127424","Jonas","661ad4c4073f663c21b57fe6","6ab66a18aa16f0c3f4e13505","2026-09-25 08:37"
"Baga #banalts","6106adfe5078c20001560397","MosaTracker","68fa532476317df25e19c823","6ab669e63c3598bdae7b6e37","2026-09-25 08:37"
"maks","6414d29eb61bfefd9d16461e","Shakazaramesh","5ef2945bbb96627c9ce5f63f","6ab669c3ab5caa0a8154ebad","2026-09-25 08:38"
"meow #deserved multi","68582b5f8e62427811441b60","Zetie","5e9215c1b3ec17480c01df1e","6ab66a6baa16f0c3f4e1364e","2026-09-25 08:38"
"🐫","6092f6f71cbdab0001cbf343","Siemeon","62dc07edf32847e5836668f1","6ab66a7f187fda8a649df994","2026-09-25 08:39"
"ferreiro","5f126427d6ca438f24009b8e","Barkuz","6084243b0feb6600017e1a7e","6ab66ae0df62e07591baf06c","2026-09-25 08:39"
"Hagelsnow","66d333ad197dbd0ea8ca5f46","simro_206","677eb0df9d782bd50cb2a7c2","6ab6696c187fda8a649df530","2026-09-25 08:40"
"Jonas","661ad4c4073f663c21b57fe6","Frouser","676f1d87e37422d9da127424","6ab66b3aab5caa0a8154f0f7","2026-09-25 08:41"
"infamouss","660d89e0e8754a8737cdf7b8","www.twitch.tv/qule0","635d8550c15309de668daf99","6ab66a5adf62e07591baee5d","2026-09-25 08:41"
"sva","67a710249d75e04dff436d40","アラメイン","68445484b91725e394c6e69d","6ab66af0df62e07591baf0c5","2026-09-25 08:41"
"sk 愛","666b76089d20c1dd39ec810c","PLK","62179a5c8e88d400010d91ea","6ab66a16df62e07591baed3f","2026-09-25 08:43"
"Geonel Guessi  #ban xZenith","63875de4e55ec4234b26d1fb","Puwaphat2304","660da547c04c2826f94e7d80","6ab66b8adf62e07591baf388","2026-09-25 08:43"
"BYL","665af55a0f1c875d08a700fb","infamouss","660d89e0e8754a8737cdf7b8","6ab66bbfdf62e07591baf4cb","2026-09-25 08:43"
"Clemens363","5f2bb2243ae4f7000134081b","Kilkum","61b228be008ec800015ff0a9","6ab66909aa16f0c3f4e13042","2026-09-25 08:43"
"#1 multiplier harvester 🫃","626fc4565f225f253556ea95","Egorsmol","60c7cce623bc770001651df5","6ab66a5cdf62e07591baee63","2026-09-25 08:43"
"m4PHI","6465f8a8196d74dad5532e0f","Siemeon","62dc07edf32847e5836668f1","6ab66b9f187fda8a649dfe53","2026-09-25 08:44"
"habesh","647734d056305f7bf5561a4e","Magnus","679395e4205fcbaaa18ff360","6ab669b53c3598bdae7b6cf7","2026-09-25 08:44"
"Dragon","6046b8d109c0f6000137ee5d","asiacwan","61ea87207c1a7800014fb30d","6ab66abf3c3598bdae7b71ef","2026-09-25 08:45"
"Spinner2k","6222449c68dc010001609860","deemness","603c0c6730d70f000140c197","6ab66afbdf62e07591baf102","2026-09-25 08:45"
"Lene","5d52f64824ec173888d82b60","Ripailloux","5f05fde774184e2f78733b0b","6ab669b3df62e07591baeb3b","2026-09-25 08:46"
"gokhale","68257ab1be5b31c617f37156","wert31415","6797c0be0b7bd1c00269ac82","6ab66bd2aa16f0c3f4e13c95","2026-09-25 08:46"
"infamouss","660d89e0e8754a8737cdf7b8","www.twitch.tv/qule0","635d8550c15309de668daf99","6ab66c26df62e07591baf687","2026-09-25 08:47"
"ymot","5c296804097d019c9053201b","Shakazaramesh","5ef2945bbb96627c9ce5f63f","6ab66b17aa16f0c3f4e13942","2026-09-25 08:47"
"Muz","6816b9283345dcd5d7b1cf35","Mentox02","644feddc3c592665664e486f","6ab66c2aaa16f0c3f4e13de6","2026-09-25 08:47"
"Frouser","676f1d87e37422d9da127424","Geonel Guessi  #ban xZenith","63875de4e55ec4234b26d1fb","6ab66c51df62e07591baf721","2026-09-25 08:48"
"BYL","665af55a0f1c875d08a700fb","PLK","62179a5c8e88d400010d91ea","6ab66c353c3598bdae7b7877","2026-09-25 08:48"
"Puwaphat2304","660da547c04c2826f94e7d80","#1 multiplier harvester 🫃","626fc4565f225f253556ea95","6ab66c55aa16f0c3f4e13e9f","2026-09-25 08:48"
"meow #deserved multi","68582b5f8e62427811441b60","Anonymous","5eccd6d68d6ade72cc836cb8","6ab66ca5aa16f0c3f4e1401d","2026-09-25 08:48"
"Egorsmol","60c7cce623bc770001651df5","Zetie","5e9215c1b3ec17480c01df1e","6ab66ca9df62e07591baf8d0","2026-09-25 08:48"
"Veet","61f24e39e6b49c0001e98918","Kakadu","5e5a2a7326bbda5f8c0d9c4d","6ab66968df62e07591bae9a0","2026-09-25 08:48"
"Firma","5ff879f9ce04930001f6ee64","Mitteconrad","6056349f72a5a900014128a9","6ab66a89aa16f0c3f4e136bc","2026-09-25 08:49"
"ferreiro","5f126427d6ca438f24009b8e","MosaTracker","68fa532476317df25e19c823","6ab66c307d3b15a7d3887a4c","2026-09-25 08:49"
"🐫","6092f6f71cbdab0001cbf343","Siemeon","62dc07edf32847e5836668f1","6ab66c6f0011b98cb44aa505","2026-09-25 08:50"
"www.twitch.tv/qule0","635d8550c15309de668daf99","Lil Frenky","60409299545b6c0001c4a79b","6ab66d1dab5caa0a8154f809","2026-09-25 08:50"
"PLK","62179a5c8e88d400010d91ea","www.twitch.tv/qule0","635d8550c15309de668daf99","6ab66de1aa16f0c3f4e145c1","2026-09-25 08:51"
"TMD Reaper","6721ef2d9353e30e2a226756","FMC","638348f8910c9ca0fbb4fa15","6ab668e2187fda8a649df30e","2026-09-25 08:52"
"#1 multiplier harvester 🫃","626fc4565f225f253556ea95","meow #deserved multi","68582b5f8e62427811441b60","6ab66d7d187fda8a649e0630","2026-09-25 08:53"
"adfost8","69a01d1686149729b03dd5c7","Kilkum","61b228be008ec800015ff0a9","6ab66c32df62e07591baf6b5","2026-09-25 08:53"
"Egorsmol","60c7cce623bc770001651df5","ferreiro","5f126427d6ca438f24009b8e","6ab66d8e3c3598bdae7b7db9","2026-09-25 08:54"
"Donsus_BOT","6368fe754b4b8e8990e3d5c0","gokhale","68257ab1be5b31c617f37156","6ab66e3b3c3598bdae7b8063","2026-09-25 08:54"
"infamouss","660d89e0e8754a8737cdf7b8","Shakazaramesh","5ef2945bbb96627c9ce5f63f","6ab66d273c3598bdae7b7c40","2026-09-25 08:55"
"ferreiro","5f126427d6ca438f24009b8e","gokhale","68257ab1be5b31c617f37156","6ab66ebc3c3598bdae7b822f","2026-09-25 08:55"
"alex99","6205976f4e77cd0001949f1e","アラメイン","68445484b91725e394c6e69d","6ab66bd5df62e07591baf527","2026-09-25 08:55"
"Siemeon","62dc07edf32847e5836668f1","sebastian","667d87ca8401bca3fee14649","6ab66e043c3598bdae7b7f8b","2026-09-25 08:56"
"Firma","5ff879f9ce04930001f6ee64","🐫","6092f6f71cbdab0001cbf343","6ab66e11187fda8a649e085c","2026-09-25 08:56"
"Geonel Guessi  #ban xZenith","63875de4e55ec4234b26d1fb","www.twitch.tv/qule0","635d8550c15309de668daf99","6ab66e38aa16f0c3f4e14740","2026-09-25 08:56"
"Lil Frenky","60409299545b6c0001c4a79b","Hagelsnow","66d333ad197dbd0ea8ca5f46","6ab66e0caa16f0c3f4e1467c","2026-09-25 08:56"
"simsson","603659630b13630001de6f9c","L'Hank the Dawnstreak","628e0d478e5ef3a3ca163627","6ab66efbab5caa0a8154fed9","2026-09-25 08:56"
"Lancer227","65b1167dd85363b33611ac05","MosaTracker","68fa532476317df25e19c823","6ab66e31aa16f0c3f4e14722","2026-09-25 08:56"
"Muz","6816b9283345dcd5d7b1cf35","sva","67a710249d75e04dff436d40","6ab66d513c3598bdae7b7ce3","2026-09-25 08:56"
"BYL","665af55a0f1c875d08a700fb","Frouser","676f1d87e37422d9da127424","6ab66d80df62e07591bafca0","2026-09-25 08:57"
"meow #deserved multi","68582b5f8e62427811441b60","#1 multiplier harvester 🫃","626fc4565f225f253556ea95","6ab66ea7df62e07591bb020d","2026-09-25 08:57"
"Anonymous","5eccd6d68d6ade72cc836cb8","hyryi","68ab47dfbb1157adc4dd2dcf","6ab66dfadf62e07591bafefd","2026-09-25 08:57"
"Veet","61f24e39e6b49c0001e98918","Kome.jpeg","5bbdcfab2c01735208565bce","6ab66e5aab5caa0a8154fcc3","2026-09-25 08:58"
"Feneb","5dba86167e473f2408461141","Siemeon","62dc07edf32847e5836668f1","6ab66f42aa16f0c3f4e14baa","2026-09-25 08:59"
"infamouss","660d89e0e8754a8737cdf7b8","Shakazaramesh","5ef2945bbb96627c9ce5f63f","6ab66f2aab5caa0a8154ff76","2026-09-25 08:59"
"Hagelsnow","66d333ad197dbd0ea8ca5f46","ferreiro","5f126427d6ca438f24009b8e","6ab66f5adf62e07591bb05be","2026-09-25 08:59"
"Ziga","5f864ab232173400011bd862","www.twitch.tv/qule0","635d8550c15309de668daf99","6ab66f5e187fda8a649e0dad","2026-09-25 09:00"
"Geonel Guessi  #ban xZenith","63875de4e55ec4234b26d1fb","BYL","665af55a0f1c875d08a700fb","6ab66f8fdf62e07591bb06db","2026-09-25 09:00"
"[FatSnail] SavetheSnail","591790fc1bba70b6146c6485","Lil Frenky","60409299545b6c0001c4a79b","6ab66f5aaa16f0c3f4e14c0f","2026-09-25 09:00"
"Mitteconrad","6056349f72a5a900014128a9","Preussen","64da4d57e44ffbb819d935b1","6ab66df5df62e07591bafeef","2026-09-25 09:01"
"meow #deserved multi","68582b5f8e62427811441b60","Anonymous","5eccd6d68d6ade72cc836cb8","6ab66fa2187fda8a649e0ec2","2026-09-25 09:01"
"#1 multiplier harvester 🫃","626fc4565f225f253556ea95","MosaTracker","68fa532476317df25e19c823","6ab66f7a187fda8a649e0dfc","2026-09-25 09:02"
"Lil Frenky","60409299545b6c0001c4a79b","ferreiro","5f126427d6ca438f24009b8e","6ab67036187fda8a649e1180","2026-09-25 09:03"
"hyryi","68ab47dfbb1157adc4dd2dcf","TyRex25","6612d65dc86c193d2c66be87","6ab66fadaa16f0c3f4e14d9f","2026-09-25 09:03"
"Kenji","5f2fd4348378f500019bdee0","PLK","62179a5c8e88d400010d91ea","6ab66e4bdf62e07591bb0098","2026-09-25 09:03"
"meow #deserved multi","68582b5f8e62427811441b60","Hagelsnow","66d333ad197dbd0ea8ca5f46","6ab67068df62e07591bb0b05","2026-09-25 09:03"
"Siemeon","62dc07edf32847e5836668f1","Feneb","5dba86167e473f2408461141","6ab670037d3b15a7d38887f6","2026-09-25 09:04"
"simsson","603659630b13630001de6f9c","L'Hank the Dawnstreak","628e0d478e5ef3a3ca163627","6ab66f5ddf62e07591bb05d2","2026-09-25 09:04"
"Anonymous","5eccd6d68d6ade72cc836cb8","Shakazaramesh","5ef2945bbb96627c9ce5f63f","6ab67067df62e07591bb0b01","2026-09-25 09:04"
"Reynardo","619e21dbcd59be0001df98df","Ugo","62248d425ee8bf0001893306","6ab66df2df62e07591bafedf","2026-09-25 09:04"
"Siemeon","62dc07edf32847e5836668f1","Feneb","5dba86167e473f2408461141","6ab671163c3598bdae7b8c1e","2026-09-25 09:05"
"[FatSnail] SavetheSnail","591790fc1bba70b6146c6485","Geonel Guessi  #ban xZenith","63875de4e55ec4234b26d1fb","6ab6704daa16f0c3f4e150f1","2026-09-25 09:05"
"Anya_TW","62739f6613352a5af981b531","alex99","6205976f4e77cd0001949f1e","6ab66f3eaa16f0c3f4e14b97","2026-09-25 09:05"
"Lene","5d52f64824ec173888d82b60","Ripailloux","5f05fde774184e2f78733b0b","6ab66d55df62e07591bafbb1","2026-09-25 09:06"
"Siemeon","62dc07edf32847e5836668f1","Feneb","5dba86167e473f2408461141","6ab67169df62e07591bb103e","2026-09-25 09:07"
"🐫","6092f6f71cbdab0001cbf343","Firma","5ff879f9ce04930001f6ee64","6ab66f99187fda8a649e0e9c","2026-09-25 09:07"
"inferno","678d41c562226bf506f8bc73","PLK","62179a5c8e88d400010d91ea","6ab6711c187fda8a649e15bc","2026-09-25 09:07"
"L'Hank the Dawnstreak","628e0d478e5ef3a3ca163627","danq_s","639c2a925d4cc27b2f7a898b","6ab67123df62e07591bb0edf","2026-09-25 09:07"
"meow #deserved multi","68582b5f8e62427811441b60","Lil Frenky","60409299545b6c0001c4a79b","6ab67108df62e07591bb0e57","2026-09-25 09:07"
"ferreiro","5f126427d6ca438f24009b8e","Zetie","5e9215c1b3ec17480c01df1e","6ab6710c187fda8a649e156e","2026-09-25 09:07"
"infamouss","660d89e0e8754a8737cdf7b8","Frouser","676f1d87e37422d9da127424","6ab67013aa16f0c3f4e14ffe","2026-09-25 09:08"
"Lil Frenky","60409299545b6c0001c4a79b","meow #deserved multi","68582b5f8e62427811441b60","6ab671c4aa16f0c3f4e1576e","2026-09-25 09:08"
"Reynardo","619e21dbcd59be0001df98df","Leo","643ee35e420a82ec7b9e79cc","6ab671403c3598bdae7b8cd0","2026-09-25 09:08"
"男方鬆 - Mr. Nanfsong","6409beba17491edb5a32b684","Geonel Guessi  #ban xZenith","63875de4e55ec4234b26d1fb","6ab6717e3c3598bdae7b8dbc","2026-09-25 09:10"
"simsson","603659630b13630001de6f9c","Hagelsnow","66d333ad197dbd0ea8ca5f46","6ab67140187fda8a649e1667","2026-09-25 09:10"
"🐈","6855405273045641271196c9","justachair","5e07eecc1b34a05538118ee3","6ab67244df62e07591bb148d","2026-09-25 09:10"
"Senty","65dc836b33066622c3ebfb88","Ando","6217de15a0f6300001186164","6ab671af3c3598bdae7b8e94","2026-09-25 09:10"
"Shakazaramesh","5ef2945bbb96627c9ce5f63f","Aunt Arctica","65a994ec6d7b89979c428a3c","6ab67195aa16f0c3f4e156ab","2026-09-25 09:10"
"infamouss","660d89e0e8754a8737cdf7b8","Ratt","67adda06e36339976840db35","6ab6720cab5caa0a81550b1b","2026-09-25 09:11"
"TyRex25","6612d65dc86c193d2c66be87","Hussienisgay","6a6020eb271fd232316962d4","6ab670ebdf62e07591bb0d8e","2026-09-25 09:11"
"[FatSnail] SavetheSnail","591790fc1bba70b6146c6485","meow #deserved multi","68582b5f8e62427811441b60","6ab672223c3598bdae7b906f","2026-09-25 09:12"
"Lil Frenky","60409299545b6c0001c4a79b","Leo","643ee35e420a82ec7b9e79cc","6ab6721daa16f0c3f4e15992","2026-09-25 09:13"
"Senty","65dc836b33066622c3ebfb88","男方鬆 - Mr. Nanfsong","6409beba17491edb5a32b684","6ab672a4187fda8a649e1c1e","2026-09-25 09:13"
"Sombra","677c803ef36a2c9048280ccd","gigi ❣️","63f549d56242089cd8f3b10e","6ab59b584e246ad58a267b6f","2026-09-25 09:14"
"Siemeon","62dc07edf32847e5836668f1","Feneb","5dba86167e473f2408461141","6ab671f03c3598bdae7b8fc7","2026-09-25 09:14"
"🐈","6855405273045641271196c9","Julenzooo","603a7a540b13630001e09ff9","6ab6728e3c3598bdae7b928b","2026-09-25 09:14"
"Reynardo","619e21dbcd59be0001df98df","ferreiro","5f126427d6ca438f24009b8e","6ab67202aa16f0c3f4e158ea","2026-09-25 09:14"
"simsson","603659630b13630001de6f9c","Leo","643ee35e420a82ec7b9e79cc","6ab6735d187fda8a649e1eac","2026-09-25 09:15"
"Shakazaramesh","5ef2945bbb96627c9ce5f63f","Ando","6217de15a0f6300001186164","6ab6728bdf62e07591bb15c1","2026-09-25 09:15"
"Aunt Arctica","65a994ec6d7b89979c428a3c","Finn Fly","5f5bf60822321e000163a465","6ab6729b3c3598bdae7b92bf","2026-09-25 09:15"
"infamouss","660d89e0e8754a8737cdf7b8","sk 愛","666b76089d20c1dd39ec810c","6ab672d7df62e07591bb174b","2026-09-25 09:16"
"🐈","6855405273045641271196c9","Julenzooo","603a7a540b13630001e09ff9","6ab6737cdf62e07591bb1aa6","2026-09-25 09:16"
"Senty","65dc836b33066622c3ebfb88","Lil Frenky","60409299545b6c0001c4a79b","6ab6736edf62e07591bb1a50","2026-09-25 09:16"
"aguardiente","60ba2dec2056310001c27701","Belediyesi Oblast","5807566c69083564c0258b6a","6ab672beab5caa0a81550dca","2026-09-25 09:16"
"🐫","6092f6f71cbdab0001cbf343","chilemasterballking","64c4d20a8f7b73c424913e00","6ab67337aa16f0c3f4e15e7b","2026-09-25 09:17"
"L'Hank the Dawnstreak","628e0d478e5ef3a3ca163627","TyRex25","6612d65dc86c193d2c66be87","6ab672f6aa16f0c3f4e15d70","2026-09-25 09:17"
"simsson","603659630b13630001de6f9c","Don't Give Up","5ffb60de75d2770001545e96","6ab673fef527897d27c2c1aa","2026-09-25 09:18"
"meow #deserved multi","68582b5f8e62427811441b60","Leo","643ee35e420a82ec7b9e79cc","6ab673d3df62e07591bb1c19","2026-09-25 09:18"
"ferreiro","5f126427d6ca438f24009b8e","Finn Fly","5f5bf60822321e000163a465","6ab673ff0011b98cb44ac18e","2026-09-25 09:18"
"chilemasterballking","64c4d20a8f7b73c424913e00","sebastian","667d87ca8401bca3fee14649","6ab6743fdf62e07591bb1dfd","2026-09-25 09:19"
"L'Hank the Dawnstreak","628e0d478e5ef3a3ca163627","Lancer227","65b1167dd85363b33611ac05","6ab6743adf62e07591bb1ddd","2026-09-25 09:19"
"Julenzooo","603a7a540b13630001e09ff9","TyRex25","6612d65dc86c193d2c66be87","6ab67426df62e07591bb1d8e","2026-09-25 09:19"
"🐈","6855405273045641271196c9","Lil Frenky","60409299545b6c0001c4a79b","6ab67419aa16f0c3f4e162ce","2026-09-25 09:20"
"Leo","643ee35e420a82ec7b9e79cc","ferreiro","5f126427d6ca438f24009b8e","6ab674787f43923c257a2280","2026-09-25 09:20"
"Ando","6217de15a0f6300001186164","Skcmj","669bbdca232879fb8fd85725","6ab673bddf62e07591bb1bd2","2026-09-25 09:20"
"Siemeon","62dc07edf32847e5836668f1","Feneb","5dba86167e473f2408461141","6ab673c4aa16f0c3f4e16144","2026-09-25 09:21"
"Abbin","663cf56b43111c18760a380c","Mitteconrad","6056349f72a5a900014128a9","6ab670c2ab5caa0a815505c5","2026-09-25 09:21"
"Ripailloux","5f05fde774184e2f78733b0b","Preussen","64da4d57e44ffbb819d935b1","6ab67192aa16f0c3f4e15695","2026-09-25 09:21"
"Shakazaramesh","5ef2945bbb96627c9ce5f63f","Nibiru","5f8c1986d282f60001f34b05","6ab673afaa16f0c3f4e160e5","2026-09-25 09:21"
"gokhale","68257ab1be5b31c617f37156","Julenzooo","603a7a540b13630001e09ff9","6ab674c5187fda8a649e24c3","2026-09-25 09:21"
"🐈","6855405273045641271196c9","자인 ZAYN","6a6de7aa5b1112f7360cefc2","6ab674ec7f43923c257a241b","2026-09-25 09:23"
"Schrödingers Schwein","6137adcffd122d0001cab84c","TyRex25","6612d65dc86c193d2c66be87","6ab674bfaa16f0c3f4e16570","2026-09-25 09:23"
"🐫","6092f6f71cbdab0001cbf343","Felix.svb","6856986bb22dea4ae40a3d22","6ab674787f43923c257a2281","2026-09-25 09:24"
"simsson","603659630b13630001de6f9c","Don't Give Up","5ffb60de75d2770001545e96","6ab674b67f43923c257a2366","2026-09-25 09:24"
"Julenzooo","603a7a540b13630001e09ff9","gokhale","68257ab1be5b31c617f37156","6ab6753832172e5520520134","2026-09-25 09:24"
"Skcmj","669bbdca232879fb8fd85725","ParanaPine101","677e7700a878d4c84ac6af50","6ab674ea9a574f9a21569c7e","2026-09-25 09:24"
"FMC","638348f8910c9ca0fbb4fa15","AdriLeGuerrier","623b07c59c555c63c110bf8c","6ab673d7aa16f0c3f4e161b1","2026-09-25 09:24"
"chilemasterballking","64c4d20a8f7b73c424913e00","男方鬆 - Mr. Nanfsong","6409beba17491edb5a32b684","6ab674b6187fda8a649e249b","2026-09-25 09:25"
"Lil Frenky","60409299545b6c0001c4a79b","wichura240","68767692157557d5c76a0ab6","6ab674fcaa16f0c3f4e16692","2026-09-25 09:25"
"meow #deserved multi","68582b5f8e62427811441b60","Aunt Arctica","65a994ec6d7b89979c428a3c","6ab67459187fda8a649e230e","2026-09-25 09:25"
"𝓯𝓻𝓮𝓪𝓴𝔂 scarlocck","671b07117678ed42697349ee","Ratt","67adda06e36339976840db35","6ab6730d7f43923c257a1c25","2026-09-25 09:25"
"sebastian","667d87ca8401bca3fee14649","Siemeon","62dc07edf32847e5836668f1","6ab6751f3c3598bdae7b9da5","2026-09-25 09:26"
"🐈","6855405273045641271196c9","justachair","5e07eecc1b34a05538118ee3","6ab675a1df62e07591bb23b4","2026-09-25 09:26"
"Julenzooo","603a7a540b13630001e09ff9","gokhale","68257ab1be5b31c617f37156","6ab675c6aa16f0c3f4e169f2","2026-09-25 09:26"
"Leo","643ee35e420a82ec7b9e79cc","Lancer227","65b1167dd85363b33611ac05","6ab674e3aa16f0c3f4e16622","2026-09-25 09:27"
"sva","67a710249d75e04dff436d40","𝓖𝓮𝓸~𝓲𝓽𝓮𝓻𝓯𝓪𝓬𝓲𝓸≀⑤⑧②","6550ff75cf7966cc5dfe29fe","6ab674d8187fda8a649e2519","2026-09-25 09:27"
"Senty","65dc836b33066622c3ebfb88","Lost Paradise","66e46f109b53fcb55436dd52","6ab675cb7f43923c257a27b0","2026-09-25 09:28"
"Kuba","6744ee112d6c958a853b52a6","Aunt Arctica","65a994ec6d7b89979c428a3c","6ab675fd187fda8a649e299f","2026-09-25 09:28"
"chilemasterballking","64c4d20a8f7b73c424913e00","🐫","6092f6f71cbdab0001cbf343","6ab67674aa16f0c3f4e16cb9","2026-09-25 09:29"
"Lancer227","65b1167dd85363b33611ac05","Julenzooo","603a7a540b13630001e09ff9","6ab676a6df62e07591bb27e3","2026-09-25 09:29"
"sebastian","667d87ca8401bca3fee14649","Siemeon","62dc07edf32847e5836668f1","6ab676427f43923c257a2a0b","2026-09-25 09:30"
"男方鬆 - Mr. Nanfsong","6409beba17491edb5a32b684","wichura240","68767692157557d5c76a0ab6","6ab6763edf62e07591bb263a","2026-09-25 09:30"
"Leo","643ee35e420a82ec7b9e79cc","Schwarzweiss","5cfadc71b741f84acc8b23df","6ab676b87711143546621954","2026-09-25 09:30"
"Ando","6217de15a0f6300001186164","Avetixz","632b4c9d0609ae73d2a1f799","6ab67528aa16f0c3f4e16743","2026-09-25 09:30"
"🐈","6855405273045641271196c9","Ratt","67adda06e36339976840db35","6ab67665ab5caa0a81551b45","2026-09-25 09:31"
"Lil Frenky","60409299545b6c0001c4a79b","meow #deserved multi","68582b5f8e62427811441b60","6ab67621aa16f0c3f4e16b3c","2026-09-25 09:31"
"L'Hank the Dawnstreak","628e0d478e5ef3a3ca163627","Shakazaramesh","5ef2945bbb96627c9ce5f63f","6ab67599df62e07591bb239c","2026-09-25 09:31"
"Kuba","6744ee112d6c958a853b52a6","Aunt Arctica","65a994ec6d7b89979c428a3c","6ab676beaa16f0c3f4e16e54","2026-09-25 09:31"
"infamouss","660d89e0e8754a8737cdf7b8","simsson","603659630b13630001de6f9c","6ab675d67f43923c257a27ed","2026-09-25 09:32"
"spherical_cow","62b34fca140a13acdc6567df","TyRex25","6612d65dc86c193d2c66be87","6ab6759eaa16f0c3f4e16939","2026-09-25 09:32"
"sk 愛","666b76089d20c1dd39ec810c","no one gets away with anything","64a487c9cd74917a4fac0c92","6ab6767b5349743a1243da0a","2026-09-25 09:33"
"Shakazaramesh","5ef2945bbb96627c9ce5f63f","Muz","6816b9283345dcd5d7b1cf35","6ab6778ddf62e07591bb2bf2","2026-09-25 09:33"
"Kuba","6744ee112d6c958a853b52a6","meow #deserved multi","68582b5f8e62427811441b60","6ab67771df62e07591bb2b8a","2026-09-25 09:33"
"Mythaz","62c41cd57a1a25207caf8277","MedKiddy","67bf692415525a971821e488","6ab677677f43923c257a2f0c","2026-09-25 09:33"
"Kapten","5a973147afad0f2a68438531","Feneb","5dba86167e473f2408461141","6ab67574aa16f0c3f4e16880","2026-09-25 09:34"
"Senty","65dc836b33066622c3ebfb88","Lost Paradise","66e46f109b53fcb55436dd52","6ab67705aa16f0c3f4e16f8b","2026-09-25 09:34"
"男方鬆 - Mr. Nanfsong","6409beba17491edb5a32b684","Lil Frenky","60409299545b6c0001c4a79b","6ab677ae187fda8a649e3027","2026-09-25 09:34"
"meow #deserved multi","68582b5f8e62427811441b60","Muz","6816b9283345dcd5d7b1cf35","6ab677f77f43923c257a312e","2026-09-25 09:34"
"Aunt Arctica","65a994ec6d7b89979c428a3c","wichura240","68767692157557d5c76a0ab6","6ab6779aaa16f0c3f4e171a0","2026-09-25 09:34"
"chilemasterballking","64c4d20a8f7b73c424913e00","sebastian","667d87ca8401bca3fee14649","6ab67742aa16f0c3f4e17048","2026-09-25 09:35"
"Julenzooo","603a7a540b13630001e09ff9","ferreiro","5f126427d6ca438f24009b8e","6ab677db7f43923c257a30bf","2026-09-25 09:35"
"Mitteconrad","6056349f72a5a900014128a9","Ripailloux","5f05fde774184e2f78733b0b","6ab675367f43923c257a2514","2026-09-25 09:36"
"L'Hank the Dawnstreak","628e0d478e5ef3a3ca163627","simsson","603659630b13630001de6f9c","6ab677ec187fda8a649e311b","2026-09-25 09:36"
"Kuba","6744ee112d6c958a853b52a6","Egorsmol","60c7cce623bc770001651df5","6ab67802187fda8a649e317b","2026-09-25 09:36"
"🐈","6855405273045641271196c9","VIVER","631f29032347fcd4bef60349","6ab6777daa16f0c3f4e1712f","2026-09-25 09:37"
"Aunt Arctica","65a994ec6d7b89979c428a3c","MedKiddy","67bf692415525a971821e488","6ab6783c7f43923c257a32cd","2026-09-25 09:37"
"Senty","65dc836b33066622c3ebfb88","wichura240","68767692157557d5c76a0ab6","6ab678837f43923c257a3486","2026-09-25 09:38"
"Julenzooo","603a7a540b13630001e09ff9","ferreiro","5f126427d6ca438f24009b8e","6ab67858aa16f0c3f4e1750b","2026-09-25 09:38"
"男方鬆 - Mr. Nanfsong","6409beba17491edb5a32b684","Lil Frenky","60409299545b6c0001c4a79b","6ab67841aa16f0c3f4e1749c","2026-09-25 09:39"
"Ratt","67adda06e36339976840db35","Reynardo","619e21dbcd59be0001df98df","6ab6777a3c3598bdae7ba69b","2026-09-25 09:39"
"wichura240","68767692157557d5c76a0ab6","ferreiro","5f126427d6ca438f24009b8e","6ab679393c3598bdae7baeba","2026-09-25 09:39"
"MosaTracker","68fa532476317df25e19c823","WaiWai","621f7436f0bf520001066b61","6ab677d5aa16f0c3f4e17291","2026-09-25 09:39"
"sk 愛","666b76089d20c1dd39ec810c","Feneb","5dba86167e473f2408461141","6ab6782adf62e07591bb2ee7","2026-09-25 09:40"
"infamouss","660d89e0e8754a8737cdf7b8","no one gets away with anything","64a487c9cd74917a4fac0c92","6ab677dbdf62e07591bb2d53","2026-09-25 09:40"
"🐈","6855405273045641271196c9","simsson","603659630b13630001de6f9c","6ab678dbaa16f0c3f4e17762","2026-09-25 09:40"
"meow #deserved multi","68582b5f8e62427811441b60","Egorsmol","60c7cce623bc770001651df5","6ab678adaa16f0c3f4e17683","2026-09-25 09:40"
"Jonas","661ad4c4073f663c21b57fe6","Steve Irwin","6a594bfc4f0853294332c67f","6ab6791fdf62e07591bb333a","2026-09-25 09:41"
"sebastian","667d87ca8401bca3fee14649","Siemeon","62dc07edf32847e5836668f1","6ab6788ddf62e07591bb30fa","2026-09-25 09:42"
"Aunt Arctica","65a994ec6d7b89979c428a3c","kawy","6a2d61bda141fcc6981c341c","6ab678e33c3598bdae7bacf1","2026-09-25 09:42"
"ferreiro","5f126427d6ca438f24009b8e","wichura240","68767692157557d5c76a0ab6","6ab67973187fda8a649e3820","2026-09-25 09:42"
"infamouss","660d89e0e8754a8737cdf7b8","男方鬆 - Mr. Nanfsong","6409beba17491edb5a32b684","6ab6798c7f43923c257a39d7","2026-09-25 09:43"
"Julenzooo","603a7a540b13630001e09ff9","Slam4","60927f97129054000189c279","6ab6792a187fda8a649e36e6","2026-09-25 09:43"
"Darkstar","63429e018418369fa2f8f066","Lillysbruder","6471c2e45410e20734aedca1","6ab676a7df62e07591bb27e8","2026-09-25 09:43"
"seckfren","620059fe2a87750001272c8f","Shakazaramesh","5ef2945bbb96627c9ce5f63f","6ab67862aa16f0c3f4e1753e","2026-09-25 09:43"
"Callum Wilson","67771af50d5dc53559da3c7d","Steve Irwin","6a594bfc4f0853294332c67f","6ab67a013c3598bdae7bb292","2026-09-25 09:44"
"wichura240","68767692157557d5c76a0ab6","ferreiro","5f126427d6ca438f24009b8e","6ab67a1adf62e07591bb386a","2026-09-25 09:44"
"Gknolle9","638a068b6709ad1074d14898","Avetixz","632b4c9d0609ae73d2a1f799","6ab67915aa16f0c3f4e178a8","2026-09-25 09:44"
"Lil Frenky","60409299545b6c0001c4a79b","Senty","65dc836b33066622c3ebfb88","6ab6794edf62e07591bb3434","2026-09-25 09:46"
"meow #deserved multi","68582b5f8e62427811441b60","kawy","6a2d61bda141fcc6981c341c","6ab67a37df62e07591bb390c","2026-09-25 09:46"
"Egorsmol","60c7cce623bc770001651df5","TyRex25","6612d65dc86c193d2c66be87","6ab679a47f43923c257a3a53","2026-09-25 09:46"
"barry","62be7867aa13616722f8dd4a",".Uz","654a71f1a02b54c363802082","6ab677dedf62e07591bb2d5e","2026-09-25 09:47"
"Siemeon","62dc07edf32847e5836668f1","sebastian","667d87ca8401bca3fee14649","6ab67a1caa16f0c3f4e17d86","2026-09-25 09:47"
"🐈","6855405273045641271196c9","simsson","603659630b13630001de6f9c","6ab679bfaa16f0c3f4e17bde","2026-09-25 09:47"
"brikiiee","5e3c38301e34a04020543bbf","WaiWai","621f7436f0bf520001066b61","6ab67aa23c3598bdae7bb52d","2026-09-25 09:47"
"Feneb","5dba86167e473f2408461141","no one gets away with anything","64a487c9cd74917a4fac0c92","6ab6799b0011b98cb44ad6bd","2026-09-25 09:48"
"Steve Irwin","6a594bfc4f0853294332c67f","Senty","65dc836b33066622c3ebfb88","6ab67afb7f43923c257a4118","2026-09-25 09:48"
"kriszh #freePatrixo","5922abce1bba700c703b0c00","Shakazaramesh","5ef2945bbb96627c9ce5f63f","6ab67a3fab5caa0a815528e7","2026-09-25 09:48"
"Nmpzoid","64f1d67dd650255f6568122d","meow #deserved multi","68582b5f8e62427811441b60","6ab67b267f43923c257a41f0","2026-09-25 09:49"
"Julenzooo","603a7a540b13630001e09ff9","Slam4","60927f97129054000189c279","6ab67a577f43923c257a3df4","2026-09-25 09:49"
"sebastian","667d87ca8401bca3fee14649","Siemeon","62dc07edf32847e5836668f1","6ab67b31ab5caa0a81552d2e","2026-09-25 09:50"
"Jonas","661ad4c4073f663c21b57fe6","男方鬆 - Mr. Nanfsong","6409beba17491edb5a32b684","6ab67a8b7f43923c257a3ef3","2026-09-25 09:50"
"ferreiro","5f126427d6ca438f24009b8e","wichura240","68767692157557d5c76a0ab6","6ab67a9f7f43923c257a3f4f","2026-09-25 09:50"
"adams","62f0c9a9822a3f816d659d84","plotter","674c4756fb60b9f111e6e0b4","6ab679b33c3598bdae7bb129","2026-09-25 09:51"
"brikiiee","5e3c38301e34a04020543bbf","seckfren","620059fe2a87750001272c8f","6ab67b5adf62e07591bb3e67","2026-09-25 09:51"
"meow #deserved multi","68582b5f8e62427811441b60","Slam4","60927f97129054000189c279","6ab67bdbaa16f0c3f4e185c3","2026-09-25 09:52"
"sva","67a710249d75e04dff436d40","Pasord","6669c659ca16186b5a3dbc35","6ab67ae9ab5caa0a81552c25","2026-09-25 09:52"
"wichura240","68767692157557d5c76a0ab6","ferreiro","5f126427d6ca438f24009b8e","6ab67c09187fda8a649e43e0","2026-09-25 09:52"
"Son","66fa81876347f2f3a8d7eb07","Lil Frenky","60409299545b6c0001c4a79b","6ab67b6e7f43923c257a4345","2026-09-25 09:53"
"Egorsmol","60c7cce623bc770001651df5","kawy","6a2d61bda141fcc6981c341c","6ab67b97187fda8a649e419a","2026-09-25 09:53"
"zawi099","65e0c0bb27244e08eda40ec3","Shakazaramesh","5ef2945bbb96627c9ce5f63f","6ab67bab0011b98cb44adfdd","2026-09-25 09:53"
"男方鬆 - Mr. Nanfsong","6409beba17491edb5a32b684","kriszh #freePatrixo","5922abce1bba700c703b0c00","6ab67c173c3598bdae7bbbaa","2026-09-25 09:54"
"sva","67a710249d75e04dff436d40","Avetixz","632b4c9d0609ae73d2a1f799","6ab67cbfaa16f0c3f4e189f9","2026-09-25 09:54"
"alex99","6205976f4e77cd0001949f1e","EhrenBrokoli","5f1bc31e3cf5340001e65cbb","6ab67ae47f43923c257a40af","2026-09-25 09:54"
"Pasord","6669c659ca16186b5a3dbc35","meow #deserved multi","68582b5f8e62427811441b60","6ab67c85df62e07591bb440d","2026-09-25 09:55"
"Siemeon","62dc07edf32847e5836668f1","sebastian","667d87ca8401bca3fee14649","6ab67c2b3c3598bdae7bbc09","2026-09-25 09:56"
"Steve Irwin","6a594bfc4f0853294332c67f","Senty","65dc836b33066622c3ebfb88","6ab67b897f43923c257a43cc","2026-09-25 09:56"
"Shakazaramesh","5ef2945bbb96627c9ce5f63f","daes","603a39d190c95200017e30a2","6ab67c9fdf62e07591bb447d","2026-09-25 09:56"
"EmmaTheEel","63a87fb6607e3e4aa65962a6","wang4wc2027(徒弟yang)","64df30f334185dd27cf839a7","6ab67b68aa16f0c3f4e183c7","2026-09-25 09:57"
"Jonas","661ad4c4073f663c21b57fe6","Lil Frenky","60409299545b6c0001c4a79b","6ab67cc47f43923c257a4a7b","2026-09-25 09:57"
"🐈","6855405273045641271196c9","no one gets away with anything","64a487c9cd74917a4fac0c92","6ab67bc7280d209ede5c1153","2026-09-25 09:57"
"Waluuuuuuu","6380cc417b431c1eece4916c","brikiiee","5e3c38301e34a04020543bbf","6ab67c36f527897d27c2e035","2026-09-25 09:57"
"Mitteconrad","6056349f72a5a900014128a9","keycam","574c348877abe9cba8d2712d","6ab67c4a7f43923c257a481c","2026-09-25 09:58"
"Callum Wilson","67771af50d5dc53559da3c7d","Herrjiell","6463ce1ce623a26f09da5866","6ab67b1c187fda8a649e3fa5","2026-09-25 09:58"
"男方鬆 - Mr. Nanfsong","6409beba17491edb5a32b684","Nmpzoid","64f1d67dd650255f6568122d","6ab67d007f43923c257a4b9a","2026-09-25 09:58"
"Slam4","60927f97129054000189c279","wichura240","68767692157557d5c76a0ab6","6ab67c83ab5caa0a815532d0","2026-09-25 09:58"
"Darkstar","63429e018418369fa2f8f066","TyRex25","6612d65dc86c193d2c66be87","6ab67b0adf62e07591bb3ccb","2026-09-25 09:58"
"hyryi","68ab47dfbb1157adc4dd2dcf","sva","67a710249d75e04dff436d40","6ab67d27df62e07591bb46d9","2026-09-25 09:59"
"Lillysbruder","6471c2e45410e20734aedca1","Kilkum","61b228be008ec800015ff0a9","6ab67a91187fda8a649e3cc8","2026-09-25 09:59"
"daes","603a39d190c95200017e30a2","brikiiee","5e3c38301e34a04020543bbf","6ab67dacaa16f0c3f4e18dd2","2026-09-25 10:00"
"wichura240","68767692157557d5c76a0ab6","Lil Frenky","60409299545b6c0001c4a79b","6ab67dedaa16f0c3f4e18f02","2026-09-25 10:00"
".Uz","654a71f1a02b54c363802082","barry","62be7867aa13616722f8dd4a","6ab67b430011b98cb44addf3","2026-09-25 10:01"
"LG","61c5dc81592d27000146b4c2","ferreiro","5f126427d6ca438f24009b8e","6ab67c5faa16f0c3f4e1882b","2026-09-25 10:01"
"sebastian","667d87ca8401bca3fee14649","Siemeon","62dc07edf32847e5836668f1","6ab67d737f43923c257a4db9","2026-09-25 10:02"
"🐈","6855405273045641271196c9","Steve Irwin","6a594bfc4f0853294332c67f","6ab67daedf62e07591bb494f","2026-09-25 10:02"
"Pasord","6669c659ca16186b5a3dbc35","Nmpzoid","64f1d67dd650255f6568122d","6ab67dfb7f43923c257a5050","2026-09-25 10:02"
"RedPanda","668983b7dd3af951fb7ef3e9","kriszh #freePatrixo","5922abce1bba700c703b0c00","6ab67d08aa16f0c3f4e18b20","2026-09-25 10:02"
"Dissonans","60e09234213b0600019d912e","Avetixz","632b4c9d0609ae73d2a1f799","6ab67d483c3598bdae7bc0f1","2026-09-25 10:02"
"wichura240","68767692157557d5c76a0ab6","Lil Frenky","60409299545b6c0001c4a79b","6ab67e6d3c3598bdae7bc561","2026-09-25 10:02"
"Capi","5f29c8819762af0001d89a97","ItzKubek!_","63c56996754dafb086b2123f","6ab67e25aa16f0c3f4e19012","2026-09-25 10:02"
"daes","603a39d190c95200017e30a2","sva","67a710249d75e04dff436d40","6ab67e34aa16f0c3f4e19061","2026-09-25 10:03"
"vanz","68bd5b8c717f397339807f14","ferreiro","5f126427d6ca438f24009b8e","6ab67e7edf62e07591bb4ddf","2026-09-25 10:03"
"Ripailloux","5f05fde774184e2f78733b0b","Dome-Age","57b5ab0c09f2ef0b9c8eb9f3","6ab6789cdf62e07591bb3131","2026-09-25 10:04"
"Dissonans","60e09234213b0600019d912e","Shakazaramesh","5ef2945bbb96627c9ce5f63f","6ab67eab187fda8a649e4f71","2026-09-25 10:04"
"Reynardo","619e21dbcd59be0001df98df","Sisyphus42","62c30647b04cf935ec6dfec7","6ab6794daa16f0c3f4e179ae","2026-09-25 10:04"
"Callum Wilson","67771af50d5dc53559da3c7d","男方鬆 - Mr. Nanfsong","6409beba17491edb5a32b684","6ab67eabaa16f0c3f4e192b2","2026-09-25 10:05"
"L'Hank the Dawnstreak","628e0d478e5ef3a3ca163627","luoyang","64e6ba36551e359321874de7","6ab67ee9aa16f0c3f4e193b9","2026-09-25 10:06"
"Nmpzoid","64f1d67dd650255f6568122d","Capi","5f29c8819762af0001d89a97","6ab67ec37f43923c257a5401","2026-09-25 10:06"
"Kuba","6744ee112d6c958a853b52a6","Lil Frenky","60409299545b6c0001c4a79b","6ab67ecdaa16f0c3f4e19342","2026-09-25 10:06"
"Egorsmol","60c7cce623bc770001651df5","InfidelFiddler","64491466c22a35f95ce5f682","6ab67c94aa16f0c3f4e18917","2026-09-25 10:06"
"no one gets away with anything","64a487c9cd74917a4fac0c92","Lost Paradise","66e46f109b53fcb55436dd52","6ab67e32df62e07591bb4c67","2026-09-25 10:07"
"Slam4","60927f97129054000189c279","seckfren","620059fe2a87750001272c8f","6ab67e117f43923c257a50d3","2026-09-25 10:07"
"barry","62be7867aa13616722f8dd4a",".Uz","654a71f1a02b54c363802082","6ab67e7e7f43923c257a52ba","2026-09-25 10:08"
"🐈","6855405273045641271196c9","Steve Irwin","6a594bfc4f0853294332c67f","6ab67eefab5caa0a81553b7a","2026-09-25 10:08"
"Rasender","5d36bec124ec173888d3a33a","Zifuko","5e85136d3d4b6a36ac752a7b","6ab67eb4aa16f0c3f4e192dd","2026-09-25 10:09"
"Callum Wilson","67771af50d5dc53559da3c7d","男方鬆 - Mr. Nanfsong","6409beba17491edb5a32b684","6ab67f617f43923c257a56ea","2026-09-25 10:09"
"Pasord","6669c659ca16186b5a3dbc35","RedPanda","668983b7dd3af951fb7ef3e9","6ab67f7eaa16f0c3f4e19673","2026-09-25 10:09"
"brikiiee","5e3c38301e34a04020543bbf","Shakazaramesh","5ef2945bbb96627c9ce5f63f","6ab67f4b7f43923c257a5663","2026-09-25 10:09"
"Kuba","6744ee112d6c958a853b52a6","Lil Frenky","60409299545b6c0001c4a79b","6ab67fa87f43923c257a57e4","2026-09-25 10:09"
"sva","67a710249d75e04dff436d40","vanz","68bd5b8c717f397339807f14","6ab67f013c3598bdae7bc795","2026-09-25 10:09"
"Lost Paradise","66e46f109b53fcb55436dd52","L'Hank the Dawnstreak","628e0d478e5ef3a3ca163627","6ab6801c3c3598bdae7bcc23","2026-09-25 10:11"
"Lil Frenky","60409299545b6c0001c4a79b","MosaTracker","68fa532476317df25e19c823","6ab68081aa16f0c3f4e19a93","2026-09-25 10:11"
"Capi","5f29c8819762af0001d89a97","Dissonans","60e09234213b0600019d912e","6ab67fa3aa16f0c3f4e196e7","2026-09-25 10:12"
"alex99","6205976f4e77cd0001949f1e","AdriLeGuerrier","623b07c59c555c63c110bf8c","6ab67d9daa16f0c3f4e18da6","2026-09-25 10:13"
"🐈","6855405273045641271196c9","77angels","5aae066718399e2758306701","6ab68044aa16f0c3f4e1999c","2026-09-25 10:14"
"Steve Irwin","6a594bfc4f0853294332c67f","男方鬆 - Mr. Nanfsong","6409beba17491edb5a32b684","6ab6804bdf62e07591bb55c0","2026-09-25 10:14"
"sva","67a710249d75e04dff436d40","Avetixz","632b4c9d0609ae73d2a1f799","6ab68079187fda8a649e56cc","2026-09-25 10:14"
"barry","62be7867aa13616722f8dd4a",".Uz","654a71f1a02b54c363802082","6ab68032aa16f0c3f4e1995c","2026-09-25 10:15"
"brikiiee","5e3c38301e34a04020543bbf","Shakazaramesh","5ef2945bbb96627c9ce5f63f","6ab68070d874df07518d81dc","2026-09-25 10:15"
"Lil Frenky","60409299545b6c0001c4a79b","ferreiro","5f126427d6ca438f24009b8e","6ab6810fdf62e07591bb58e9","2026-09-25 10:15"
"vanz","68bd5b8c717f397339807f14","Bravious","608f43fa0d0e0d0001d2abde","6ab681497f43923c257a5eea","2026-09-25 10:16"
"Callum Wilson","67771af50d5dc53559da3c7d","Zifuko","5e85136d3d4b6a36ac752a7b","6ab680a8ab5caa0a815540d3","2026-09-25 10:17"
"Pasord","6669c659ca16186b5a3dbc35","L'Hank the Dawnstreak","628e0d478e5ef3a3ca163627","6ab680f0187fda8a649e58a1","2026-09-25 10:17"
"🐈","6855405273045641271196c9","77angels","5aae066718399e2758306701","6ab681df7f43923c257a617f","2026-09-25 10:18"
"RedPanda","668983b7dd3af951fb7ef3e9","kriszh #freePatrixo","5922abce1bba700c703b0c00","6ab680d97f43923c257a5cff","2026-09-25 10:18"
"sva","67a710249d75e04dff436d40","brikiiee","5e3c38301e34a04020543bbf","6ab681bddf62e07591bb5bf0","2026-09-25 10:18"
"meow #deserved multi","68582b5f8e62427811441b60","MosaTracker","68fa532476317df25e19c823","6ab681557f43923c257a5f1c","2026-09-25 10:18"
"ItzKubek!_","63c56996754dafb086b2123f","vanz","68bd5b8c717f397339807f14","6ab6821c187fda8a649e5dcc","2026-09-25 10:18"
"男方鬆 - Mr. Nanfsong","6409beba17491edb5a32b684","Steve Irwin","6a594bfc4f0853294332c67f","6ab681827f43923c257a5fdc","2026-09-25 10:19"
"Lil Frenky","60409299545b6c0001c4a79b","DerMichi","6404be1b4e7cfe74c3e42583","6ab681bfaa16f0c3f4e19ff4","2026-09-25 10:19"
"Geo Simas","647721c84637cbc0f42de49f","aguardiente","60ba2dec2056310001c27701","6ab6827baa16f0c3f4e1a32d","2026-09-25 10:20"
"barry","62be7867aa13616722f8dd4a",".Uz","654a71f1a02b54c363802082","6ab681c33c3598bdae7bd228","2026-09-25 10:21"
"Callum Wilson","67771af50d5dc53559da3c7d","Zifuko","5e85136d3d4b6a36ac752a7b","6ab68277aa16f0c3f4e1a320","2026-09-25 10:21"
"Lost Paradise","66e46f109b53fcb55436dd52","Rasender","5d36bec124ec173888d3a33a","6ab6811c187fda8a649e599f","2026-09-25 10:21"
"vanz","68bd5b8c717f397339807f14","meow #deserved multi","68582b5f8e62427811441b60","6ab682887f43923c257a6415","2026-09-25 10:22"
"no one gets away with anything","64a487c9cd74917a4fac0c92","kfl","5d6269cee9473f623039ce66","6ab6821c3c3598bdae7bd39d","2026-09-25 10:23"
"Pasord","6669c659ca16186b5a3dbc35","RedPanda","668983b7dd3af951fb7ef3e9","6ab682d97f43923c257a65d1","2026-09-25 10:23"
"L'Hank the Dawnstreak","628e0d478e5ef3a3ca163627","brikiiee","5e3c38301e34a04020543bbf","6ab68288aa16f0c3f4e1a368","2026-09-25 10:23"
"DerMichi","6404be1b4e7cfe74c3e42583","kriszh #freePatrixo","5922abce1bba700c703b0c00","6ab682b37f43923c257a652d","2026-09-25 10:23"
"Lil Frenky","60409299545b6c0001c4a79b","Kuba","6744ee112d6c958a853b52a6","6ab682bbaa16f0c3f4e1a489","2026-09-25 10:23"
"Shakazaramesh","5ef2945bbb96627c9ce5f63f","BluOnGeo","5f89c266c73d8c0001d53def","6ab681d87f43923c257a6169","2026-09-25 10:23"
"chilemasterballking","64c4d20a8f7b73c424913e00","Zifuko","5e85136d3d4b6a36ac752a7b","6ab6832a3c3598bdae7bd8a4","2026-09-25 10:24"
"G40","659bc5cd8377051a6322e041","GeoPhantom","694436a1407b856da832c32e","6ab6836e7f43923c257a687a","2026-09-25 10:24"
"🐈","6855405273045641271196c9","Firma","5ff879f9ce04930001f6ee64","6ab6828aab5caa0a81554734","2026-09-25 10:26"
"Lil Frenky","60409299545b6c0001c4a79b","Рома","5bc9f3921f3cf81af80cfa72","6ab683bf187fda8a649e6420","2026-09-25 10:26"
"aguardiente","60ba2dec2056310001c27701","Geo Simas","647721c84637cbc0f42de49f","6ab682ee7f43923c257a6619","2026-09-25 10:26"
"男方鬆 - Mr. Nanfsong","6409beba17491edb5a32b684","Steve Irwin","6a594bfc4f0853294332c67f","6ab682d0aa16f0c3f4e1a4db","2026-09-25 10:27"
"Shakazaramesh","5ef2945bbb96627c9ce5f63f","Kuba","6744ee112d6c958a853b52a6","6ab683bfdf62e07591bb6583","2026-09-25 10:28"
"男方鬆 - Mr. Nanfsong","6409beba17491edb5a32b684","Lil Frenky","60409299545b6c0001c4a79b","6ab684ae3c3598bdae7bdec8","2026-09-25 10:29"
"Siemeon","62dc07edf32847e5836668f1","🐈","6855405273045641271196c9","6ab6845adf62e07591bb67bc","2026-09-25 10:31"
"Steve Irwin","6a594bfc4f0853294332c67f","Hasan Gencer","6363968c242d5a661f10dbca","6ab684b93c3598bdae7bdef6","2026-09-25 10:31"
"RedPanda","668983b7dd3af951fb7ef3e9","L'Hank the Dawnstreak","628e0d478e5ef3a3ca163627","6ab683d7df62e07591bb65d1","2026-09-25 10:31"
"Firma","5ff879f9ce04930001f6ee64","joniber","60cf2c9800ea7b00015231a2","6ab684a5df62e07591bb68e6","2026-09-25 10:32"
"G40","659bc5cd8377051a6322e041","Pasord","6669c659ca16186b5a3dbc35","6ab684927f43923c257a6d77","2026-09-25 10:32"
"aguardiente","60ba2dec2056310001c27701","Zubie","69a0bbd9cc3b9f38c98f128b","6ab6857faa16f0c3f4e1b185","2026-09-25 10:33"
"Ripailloux","5f05fde774184e2f78733b0b","Lillysbruder","6471c2e45410e20734aedca1","6ab682c4df62e07591bb6138","2026-09-25 10:34"
"Lil Frenky","60409299545b6c0001c4a79b","meow #deserved multi","68582b5f8e62427811441b60","6ab6854adf62e07591bb6bb2","2026-09-25 10:34"
"lol pop","622f101c589b350001a7ea5f","tripleJJJ","606746dda95f2c00017f9ecd","6ab684837f43923c257a6d45","2026-09-25 10:34"
"Venux","601d72df848235000143965e","Sityqwai","5dc9b82ae9473f3ff8ad7799","6ab6844caa16f0c3f4e1abe1","2026-09-25 10:35"
"Shakazaramesh","5ef2945bbb96627c9ce5f63f","Рома","5bc9f3921f3cf81af80cfa72","6ab684d27f43923c257a6e71","2026-09-25 10:35"
"meow #deserved multi","68582b5f8e62427811441b60","Capi","5f29c8819762af0001d89a97","6ab6863a0e299ebd6f514694","2026-09-25 10:35"
"Geo Simas","647721c84637cbc0f42de49f","Jeune Hérisson","59162484d280a513acca7567","6ab6845f187fda8a649e6629","2026-09-25 10:35"
"Rasender","5d36bec124ec173888d3a33a","kfl","5d6269cee9473f623039ce66","6ab683e2aa16f0c3f4e1a9e5","2026-09-25 10:36"
"vanz","68bd5b8c717f397339807f14","KobrBurva","68b1ac9d7d6d0fc1eac0efc5","6ab683c8aa16f0c3f4e1a936","2026-09-25 10:36"
"Lillysbruder","6471c2e45410e20734aedca1","Arnonono","5f283a199a6d6e0001a7ee15","6ab68663ed41bef6f9bd3460","2026-09-25 10:37"
"trulybuzzy","5fb20f55d3f912000124d619","Kuba","6744ee112d6c958a853b52a6","6ab68630df62e07591bb6f79","2026-09-25 10:37"
"RedPanda","668983b7dd3af951fb7ef3e9","L'Hank the Dawnstreak","628e0d478e5ef3a3ca163627","6ab685a7aa16f0c3f4e1b23c","2026-09-25 10:38"
"Geonel Guessi  #ban xZenith","63875de4e55ec4234b26d1fb","meow #deserved multi","68582b5f8e62427811441b60","6ab68690df62e07591bb717c","2026-09-25 10:38"
"wang4wc2027(徒弟yang)","64df30f334185dd27cf839a7","Siemeon","62dc07edf32847e5836668f1","6ab6862a3c3598bdae7be52f","2026-09-25 10:39"
"Steve Irwin","6a594bfc4f0853294332c67f","🐈","6855405273045641271196c9","6ab685bc7f43923c257a7318","2026-09-25 10:39"
"Lil Frenky","60409299545b6c0001c4a79b","男方鬆 - Mr. Nanfsong","6409beba17491edb5a32b684","6ab6864dab5caa0a81555589","2026-09-25 10:39"
"joniber","60cf2c9800ea7b00015231a2","Firma","5ff879f9ce04930001f6ee64","6ab68652aa16f0c3f4e1b528","2026-09-25 10:40"
"vanz","68bd5b8c717f397339807f14","Shakazaramesh","5ef2945bbb96627c9ce5f63f","6ab686aadf62e07591bb71d8","2026-09-25 10:40"
"Jrriddle","57a6214096ca6774b09dfc10","GeoGoat","683846146a7a1bef7b6c68fb","6ab68662aa16f0c3f4e1b56d","2026-09-25 10:40"
"kfl","5d6269cee9473f623039ce66","Aaryan22","657021f7412bfd95aad62550","6ab687107f43923c257a7999","2026-09-25 10:41"
"Neuer3","64257ca5930f6c559b9a32e9","irrational","65ba97ce8b2ba0c747ffa3b7","6ab68353aa16f0c3f4e1a6f9","2026-09-25 10:42"
"meow #deserved multi","68582b5f8e62427811441b60","Wanderer","628d8821da07473974d7adab","6ab68761187fda8a649e72ab","2026-09-25 10:42"
"vanz","68bd5b8c717f397339807f14","Shakazaramesh","5ef2945bbb96627c9ce5f63f","6ab687a9aa16f0c3f4e1baf9","2026-09-25 10:42"
"trulybuzzy","5fb20f55d3f912000124d619","Kuba","6744ee112d6c958a853b52a6","6ab686feaa16f0c3f4e1b839","2026-09-25 10:42"
"oyna1","637fb0492c556a2673a350f0","ThiiagooAC7","66a13c3e99166dab91896702","6ab686903c3598bdae7be70b","2026-09-25 10:42"
"Steve Irwin","6a594bfc4f0853294332c67f","Рома","5bc9f3921f3cf81af80cfa72","6ab687c77f43923c257a7c8e","2026-09-25 10:43"
"tozangezan","5a33d4491cbd1560d0eaed6b","Lil Frenky","60409299545b6c0001c4a79b","6ab68779df62e07591bb75a7","2026-09-25 10:43"
"Anonymous","5eccd6d68d6ade72cc836cb8","L'Hank the Dawnstreak","628e0d478e5ef3a3ca163627","6ab687521f090e4105495e0f","2026-09-25 10:43"
"Siemeon","62dc07edf32847e5836668f1","wang4wc2027(徒弟yang)","64df30f334185dd27cf839a7","6ab687887f43923c257a7bad","2026-09-25 10:44"
"Capi","5f29c8819762af0001d89a97","lol pop","622f101c589b350001a7ea5f","6ab6867adf62e07591bb70dc","2026-09-25 10:44"
"Kuba","6744ee112d6c958a853b52a6","trulybuzzy","5fb20f55d3f912000124d619","6ab68819187fda8a649e7538","2026-09-25 10:44"
"MosaTracker","68fa532476317df25e19c823","KobrBurva","68b1ac9d7d6d0fc1eac0efc5","6ab686ad7f43923c257a77d3","2026-09-25 10:44"
"vanz","68bd5b8c717f397339807f14","ferreiro","5f126427d6ca438f24009b8e","6ab6883e77111435466257a2","2026-09-25 10:45"
"Reynardo","619e21dbcd59be0001df98df","Bonchour Boi","60756cd246eefe0001710c61","6ab68184ab5caa0a81554395","2026-09-25 10:45"
"Lil Frenky","60409299545b6c0001c4a79b","Anonymous","5eccd6d68d6ade72cc836cb8","6ab68871aa16f0c3f4e1bde2","2026-09-25 10:46"
"L'Hank the Dawnstreak","628e0d478e5ef3a3ca163627","Shakazaramesh","5ef2945bbb96627c9ce5f63f","6ab6884eaa16f0c3f4e1bd41","2026-09-25 10:46"
"meow #deserved multi","68582b5f8e62427811441b60","Capi","5f29c8819762af0001d89a97","6ab68893df62e07591bb797f","2026-09-25 10:46"
"Geo Simas","647721c84637cbc0f42de49f","Arnonono","5f283a199a6d6e0001a7ee15","6ab6871adf62e07591bb740b","2026-09-25 10:46"
"Gaizkaiser","61e67e2b8a1e1100013538d3","habesh","647734d056305f7bf5561a4e","6ab6857bdf62e07591bb6c8e","2026-09-25 10:47"
"Siemeon","62dc07edf32847e5836668f1","Jonas","661ad4c4073f663c21b57fe6","6ab689037f43923c257a81c7","2026-09-25 10:48"
"男方鬆 - Mr. Nanfsong","6409beba17491edb5a32b684","Steve Irwin","6a594bfc4f0853294332c67f","6ab688633c3598bdae7bed5c","2026-09-25 10:48"
"joniber","60cf2c9800ea7b00015231a2","Felix.svb","6856986bb22dea4ae40a3d22","6ab688707f43923c257a7f14","2026-09-25 10:49"
"Jerzy Kirkowski","5ecbdec18d6ade72cc832c5a","Jrriddle","57a6214096ca6774b09dfc10","6ab688fd187fda8a649e787c","2026-09-25 10:49"
"seckfren","620059fe2a87750001272c8f","𝓖𝓮𝓸~𝓲𝓽𝓮𝓻𝓯𝓪𝓬𝓲𝓸≀⑤⑧②","6550ff75cf7966cc5dfe29fe","6ab687dfaa16f0c3f4e1bbc0","2026-09-25 10:49"
"Vell","5eea5f1162df1243a0cdd8e4","Kfudaman","5ecc57c38d6ade72cc83598c","6ab6890b3c3598bdae7bf059","2026-09-25 10:49"
"lol pop","622f101c589b350001a7ea5f","vanz","68bd5b8c717f397339807f14","6ab688df187fda8a649e782c","2026-09-25 10:50"
"Firma","5ff879f9ce04930001f6ee64","kfl","5d6269cee9473f623039ce66","6ab687d87f43923c257a7ce3","2026-09-25 10:51"
"Рома","5bc9f3921f3cf81af80cfa72","Capi","5f29c8819762af0001d89a97","6ab68917df62e07591bb7ba9","2026-09-25 10:51"
"Kuba","6744ee112d6c958a853b52a6","Wijn.","657979f3db414bd0da540f23","6ab688c4aa16f0c3f4e1bf4f","2026-09-25 10:51"
"Aaryan22","657021f7412bfd95aad62550","Nibiru","5f8c1986d282f60001f34b05","6ab6881a3c3598bdae7bec55","2026-09-25 10:52"
"meow #deserved multi","68582b5f8e62427811441b60","vanz","68bd5b8c717f397339807f14","6ab68a09ab5caa0a8155612f","2026-09-25 10:52"
".Uz","654a71f1a02b54c363802082","barry","62be7867aa13616722f8dd4a","6ab68a2a7f43923c257a86af","2026-09-25 10:53"
"Lil Frenky","60409299545b6c0001c4a79b","wang4wc2027(徒弟yang)","64df30f334185dd27cf839a7","6ab68979aa16f0c3f4e1c24e","2026-09-25 10:53"
"Anonymous","5eccd6d68d6ade72cc836cb8","Thenderson","651735b2324c811102e538a6","6ab689247f43923c257a8278","2026-09-25 10:53"
"Jerzy Kirkowski","5ecbdec18d6ade72cc832c5a","Vell","5eea5f1162df1243a0cdd8e4","6ab689c62066f54e4bd72b08","2026-09-25 10:54"
"Shakazaramesh","5ef2945bbb96627c9ce5f63f","Kfudaman","5ecc57c38d6ade72cc83598c","6ab689b03c3598bdae7bf2ae","2026-09-25 10:54"
"Jacky Wong","63be7833696b395b1a06db85","Ascension-Rocketry","678e666d153420db8076a257","6ab68a343c3598bdae7bf49d","2026-09-25 10:54"
".Uz","654a71f1a02b54c363802082","barry","62be7867aa13616722f8dd4a","6ab68acfaa16f0c3f4e1c78c","2026-09-25 10:55"
"Steve Irwin","6a594bfc4f0853294332c67f","Jonas","661ad4c4073f663c21b57fe6","6ab6898eaa16f0c3f4e1c29b","2026-09-25 10:55"
"RedPanda","668983b7dd3af951fb7ef3e9","Frouser","676f1d87e37422d9da127424","6ab688f43c3598bdae7befd6","2026-09-25 10:55"
"Ripailloux","5f05fde774184e2f78733b0b","Sityqwai","5dc9b82ae9473f3ff8ad7799","6ab68692aa16f0c3f4e1b651","2026-09-25 10:55"
"hi","695e97d824016921ce7057f2","男方鬆 - Mr. Nanfsong","6409beba17491edb5a32b684","6ab68a46df62e07591bb8033","2026-09-25 10:55"
"sebastian","667d87ca8401bca3fee14649","Siemeon","62dc07edf32847e5836668f1","6ab68995df62e07591bb7d7b","2026-09-25 10:56"
"irrational","65ba97ce8b2ba0c747ffa3b7","Reynardo","619e21dbcd59be0001df98df","6ab688e7aa16f0c3f4e1bfdb","2026-09-25 10:56"
"vanz","68bd5b8c717f397339807f14","ferreiro","5f126427d6ca438f24009b8e","6ab68aa9df62e07591bb819c","2026-09-25 10:56"
"Kuba","6744ee112d6c958a853b52a6","Capi","5f29c8819762af0001d89a97","6ab68a46df62e07591bb8031","2026-09-25 10:56"
"lol pop","622f101c589b350001a7ea5f","Skcmj","669bbdca232879fb8fd85725","6ab68a127f43923c257a8639","2026-09-25 10:56"
".Uz","654a71f1a02b54c363802082","barry","62be7867aa13616722f8dd4a","6ab68b35df62e07591bb83b8","2026-09-25 10:57"
"Lil Frenky","60409299545b6c0001c4a79b","Thenderson","651735b2324c811102e538a6","6ab68ac5aa16f0c3f4e1c73f","2026-09-25 10:57"
"Рома","5bc9f3921f3cf81af80cfa72","Aaryan22","657021f7412bfd95aad62550","6ab68a62aa16f0c3f4e1c5d8","2026-09-25 10:57"
"kfl","5d6269cee9473f623039ce66","joniber","60cf2c9800ea7b00015231a2","6ab68a65187fda8a649e7d78","2026-09-25 10:58"
"meow #deserved multi","68582b5f8e62427811441b60","Kuba","6744ee112d6c958a853b52a6","6ab68b717f43923c257a8bfa","2026-09-25 10:58"
"vanz","68bd5b8c717f397339807f14","Kfudaman","5ecc57c38d6ade72cc83598c","6ab68b7fdf62e07591bb84ed","2026-09-25 10:58"
"Jerzy Kirkowski","5ecbdec18d6ade72cc832c5a","Shakazaramesh","5ef2945bbb96627c9ce5f63f","6ab68b06aa16f0c3f4e1c872","2026-09-25 10:59"
"Not Jojo","67e8ab0b497a1acbf6efa0ac","𝓖𝓮𝓸~𝓲𝓽𝓮𝓻𝓯𝓪𝓬𝓲𝓸≀⑤⑧②","6550ff75cf7966cc5dfe29fe","6ab689eadf62e07591bb7ebc","2026-09-25 10:59"
"Vell","5eea5f1162df1243a0cdd8e4","Overlord","69b43de1040ac18e740a342f","6ab68b17d874df07518da609","2026-09-25 10:59"
"RedPanda","668983b7dd3af951fb7ef3e9","hi","695e97d824016921ce7057f2","6ab68b4f7f43923c257a8b4d","2026-09-25 11:00"
"Kuba","6744ee112d6c958a853b52a6","Thenderson","651735b2324c811102e538a6","6ab68bd9aa16f0c3f4e1cc38","2026-09-25 11:00"
"LaPommeDeTerre589","5ea6a2d36ea5106e8c5a4259","Ripailloux","5f05fde774184e2f78733b0b","6ab68b60aa16f0c3f4e1ca2f","2026-09-25 11:01"
"Hanno","66cd9b65da42d067e3be0f24","L'Hank the Dawnstreak","628e0d478e5ef3a3ca163627","6ab68ba2f527897d27c31579","2026-09-25 11:01"
"Siemeon","62dc07edf32847e5836668f1","Jonas","661ad4c4073f663c21b57fe6","6ab68b77187fda8a649e8139","2026-09-25 11:02"
"Shakazaramesh","5ef2945bbb96627c9ce5f63f","Kfudaman","5ecc57c38d6ade72cc83598c","6ab68c1bdf62e07591bb8724","2026-09-25 11:02"
"barry","62be7867aa13616722f8dd4a",".Uz","654a71f1a02b54c363802082","6ab68bd2df62e07591bb860b","2026-09-25 11:04"
"vanz","68bd5b8c717f397339807f14","Aaryan22","657021f7412bfd95aad62550","6ab68bffaa16f0c3f4e1ccae","2026-09-25 11:04"
"Lillysbruder","6471c2e45410e20734aedca1","LP","607c59afb15d75000193fc94","6ab688ed7f43923c257a8173","2026-09-25 11:04"
"RedPanda","668983b7dd3af951fb7ef3e9","hi","695e97d824016921ce7057f2","6ab68c683c3598bdae7bfcbf","2026-09-25 11:05"
"Рома","5bc9f3921f3cf81af80cfa72","Shakazaramesh","5ef2945bbb96627c9ce5f63f","6ab68d133c3598bdae7bff9d","2026-09-25 11:05"
"meow #deserved multi","68582b5f8e62427811441b60","男方鬆 - Mr. Nanfsong","6409beba17491edb5a32b684","6ab68bdcdf62e07591bb863a","2026-09-25 11:05"
"Thenderson","651735b2324c811102e538a6","Hez1tred.","68274ac83004afb088d83eac","6ab68c7cdf62e07591bb88a1","2026-09-25 11:05"
"BootyBread","5c9d59dde92b0c6610726f31","Ramzey","65f4b7001657435a2a817dd1","6ab68ae5aa16f0c3f4e1c7e2","2026-09-25 11:05"
"kfl","5d6269cee9473f623039ce66","Felix.svb","6856986bb22dea4ae40a3d22","6ab68bcfdf62e07591bb8602","2026-09-25 11:06"
"Frouser","676f1d87e37422d9da127424","Lil Frenky","60409299545b6c0001c4a79b","6ab68bc5187fda8a649e822c","2026-09-25 11:06"
"Kuba","6744ee112d6c958a853b52a6","Overlord","69b43de1040ac18e740a342f","6ab68c63df62e07591bb8836","2026-09-25 11:06"
"ferreiro","5f126427d6ca438f24009b8e","PATUGANSU","5ed559cb282ad28b94ffb506","6ab68d437f43923c257a93b8","2026-09-25 11:06"
"Dadzio","62e033ce217ecdfb2101edf8","Filipp","63bf085d2a26bb57d315f246","6ab68cafdf62e07591bb8980","2026-09-25 11:07"
"男方鬆 - Mr. Nanfsong","6409beba17491edb5a32b684","meow #deserved multi","68582b5f8e62427811441b60","6ab68db2aa16f0c3f4e1d3c5","2026-09-25 11:07"
"Thenderson","651735b2324c811102e538a6","Ramzey","65f4b7001657435a2a817dd1","6ab68d8c0011b98cb44b20af","2026-09-25 11:07"
"Sityqwai","5dc9b82ae9473f3ff8ad7799","FMC","638348f8910c9ca0fbb4fa15","6ab68c073c3598bdae7bfb6f","2026-09-25 11:08"
"ferreiro","5f126427d6ca438f24009b8e","PATUGANSU","5ed559cb282ad28b94ffb506","6ab68dd3aa16f0c3f4e1d4bb","2026-09-25 11:08"
"a-you","5e93a3443d4b6a5af4f11b0b","Jonas","661ad4c4073f663c21b57fe6","6ab68d153c3598bdae7bffa6","2026-09-25 11:09"
"L'Hank the Dawnstreak","628e0d478e5ef3a3ca163627","Hanno","66cd9b65da42d067e3be0f24","6ab68cbbaa16f0c3f4e1cfd9","2026-09-25 11:09"
"shout","596d0399a237ab6bf0b1b5cb","Jerzy Kirkowski","5ecbdec18d6ade72cc832c5a","6ab68c157f43923c257a8e8a","2026-09-25 11:09"
"Dome-Age","57b5ab0c09f2ef0b9c8eb9f3","habesh","647734d056305f7bf5561a4e","6ab689a13c3598bdae7bf287","2026-09-25 11:10"
"Kuba","6744ee112d6c958a853b52a6","Shakazaramesh","5ef2945bbb96627c9ce5f63f","6ab68da8aa16f0c3f4e1d38d","2026-09-25 11:10"
"RedPanda","668983b7dd3af951fb7ef3e9","kfl","5d6269cee9473f623039ce66","6ab68deadf62e07591bb9023","2026-09-25 11:11"
"astrocaryum aculeatum","6527803eee6d63190219c754","Gaizkaiser","61e67e2b8a1e1100013538d3","6ab68b817f43923c257a8c2e","2026-09-25 11:11"
"meow #deserved multi","68582b5f8e62427811441b60","Jayden (Mobile)","61f149e3c24ced00015b4777","6ab68e02187fda8a649e8bd5","2026-09-25 11:11"
"vanz","68bd5b8c717f397339807f14","Yang(Wang's#1fan)","68c8d78fee2a8aa559e3878b","6ab68d3e7f43923c257a93af","2026-09-25 11:11"
"Siemeon","62dc07edf32847e5836668f1","a-you","5e93a3443d4b6a5af4f11b0b","6ab68e5b7f43923c257a9ab3","2026-09-25 11:12"
"hi","695e97d824016921ce7057f2","chiller77","5f072526a958535b8c80351b","6ab68d8edf62e07591bb8d36","2026-09-25 11:12"
"Thenderson","651735b2324c811102e538a6","Reynardo","619e21dbcd59be0001df98df","6ab68e283c3598bdae7c05ff","2026-09-25 11:12"
"ALFA","5b6f185f7135fa0e48b5528a","joniber","60cf2c9800ea7b00015231a2","6ab68dc4c117a6a7888e98fa","2026-09-25 11:13"
"Trabota","6056fd798ddd1c00018baf23","mikowhy","659c9d0a72300acff1deb5df","6ab68c5adf62e07591bb880f","2026-09-25 11:13"
"Jerzy Kirkowski","5ecbdec18d6ade72cc832c5a","Geonel Guessi  #ban xZenith","63875de4e55ec4234b26d1fb","6ab68e627f43923c257a9ad1","2026-09-25 11:13"
"Kuba","6744ee112d6c958a853b52a6","Sebo586","6484d6c62835b90b9cd9297c","6ab68ec3df62e07591bb9448","2026-09-25 11:13"
"ferreiro","5f126427d6ca438f24009b8e","PATUGANSU","5ed559cb282ad28b94ffb506","6ab68e443c3598bdae7c0663","2026-09-25 11:13"
"Frouser","676f1d87e37422d9da127424","Lil Frenky","60409299545b6c0001c4a79b","6ab68df1aa16f0c3f4e1d590","2026-09-25 11:14"
"Luca","62faac056417c6c320e282de","Ran","66afa1dd844e1ade19b86da3","6ab68e94aa16f0c3f4e1d87c","2026-09-25 11:14"
"a-you","5e93a3443d4b6a5af4f11b0b","Jonas","661ad4c4073f663c21b57fe6","6ab68f3e7f43923c257a9ed6","2026-09-25 11:15"
"Peter","604b32c70a8833000197ff31","Ziga","5f864ab232173400011bd862","6ab68e87df62e07591bb9363","2026-09-25 11:15"
"L'Hank the Dawnstreak","628e0d478e5ef3a3ca163627","vanz","68bd5b8c717f397339807f14","6ab68ef4df62e07591bb951c","2026-09-25 11:15"
"Kuba","6744ee112d6c958a853b52a6","Hanno","66cd9b65da42d067e3be0f24","6ab68f823c3598bdae7c0ce9","2026-09-25 11:15"
"shout","596d0399a237ab6bf0b1b5cb","Ramzey","65f4b7001657435a2a817dd1","6ab68ed8df62e07591bb9490","2026-09-25 11:15"
"BootyBread","5c9d59dde92b0c6610726f31","Timkon","681f023ce86ca49d1982d464","6ab68d70187fda8a649e8875","2026-09-25 11:15"
"a-you","5e93a3443d4b6a5af4f11b0b","Jonas","661ad4c4073f663c21b57fe6","6ab68f3e7f43923c257a9ed6","2026-09-25 11:16"
"男方鬆 - Mr. Nanfsong","6409beba17491edb5a32b684","Steve Irwin","6a594bfc4f0853294332c67f","6ab68e1b3c3598bdae7c05d9","2026-09-25 11:16"
"Yang(Wang's#1fan)","68c8d78fee2a8aa559e3878b","seckfren","620059fe2a87750001272c8f","6ab68f38aa16f0c3f4e1db93","2026-09-25 11:16"
"JackieD","699ea675453f70c93bb1a662","LP","607c59afb15d75000193fc94","6ab68dbfaa16f0c3f4e1d415","2026-09-25 11:16"
"Luca","62faac056417c6c320e282de","Overlord","69b43de1040ac18e740a342f","6ab68faf3c3598bdae7c0da0","2026-09-25 11:16"
"Lost Paradise","66e46f109b53fcb55436dd52","RedPanda","668983b7dd3af951fb7ef3e9","6ab68f21df62e07591bb95e0","2026-09-25 11:17"
"shout","596d0399a237ab6bf0b1b5cb","Ramzey","65f4b7001657435a2a817dd1","6ab68fdfd874df07518db9d7","2026-09-25 11:17"
"a-you","5e93a3443d4b6a5af4f11b0b","Jonas","661ad4c4073f663c21b57fe6","6ab68fe47f43923c257aa193","2026-09-25 11:19"
"男方鬆 - Mr. Nanfsong","6409beba17491edb5a32b684","Lost Paradise","66e46f109b53fcb55436dd52","6ab69076187fda8a649e9682","2026-09-25 11:19"
"Lil Frenky","60409299545b6c0001c4a79b","meow #deserved multi","68582b5f8e62427811441b60","6ab69006aa16f0c3f4e1df6d","2026-09-25 11:19"
"ferreiro","5f126427d6ca438f24009b8e","Mestre3342","60bcb2627521290001a84cac","6ab68f6edf62e07591bb9714","2026-09-25 11:19"
"Sebo586","6484d6c62835b90b9cd9297c","Hanno","66cd9b65da42d067e3be0f24","6ab68fe8aa16f0c3f4e1deeb","2026-09-25 11:19"
"joniber","60cf2c9800ea7b00015231a2","mikowhy","659c9d0a72300acff1deb5df","6ab68f7ed874df07518db866","2026-09-25 11:20"
"Kuba","6744ee112d6c958a853b52a6","vanz","68bd5b8c717f397339807f14","6ab68ff53c3598bdae7c0e99","2026-09-25 11:20"
"FMC","638348f8910c9ca0fbb4fa15","ximikavt","626a4b34fc591a6ada379fb0","6ab68e2bab5caa0a81557032","2026-09-25 11:20"
"朋友是一个坚韧不拔的纪录片， 在香港这座城市的设置。","65de536fb77f430b929240f3","Jonas","661ad4c4073f663c21b57fe6","6ab690591f090e410549b555","2026-09-25 11:21"
"Frouser","676f1d87e37422d9da127424","Geonel Guessi  #ban xZenith","63875de4e55ec4234b26d1fb","6ab68fabab5caa0a8155757b","2026-09-25 11:21"
"Daan","5f91a2db3d05310001d589c3","mr_spy","665c34e0bc4531cdb19b9ab9","6ab68f3b0011b98cb44b283a","2026-09-25 11:21"
"Yang(Wang's#1fan)","68c8d78fee2a8aa559e3878b","Shakazaramesh","5ef2945bbb96627c9ce5f63f","6ab690107f43923c257aa281","2026-09-25 11:21"
"Siemeon","62dc07edf32847e5836668f1","Trabota","6056fd798ddd1c00018baf23","6ab68f7d0011b98cb44b2924","2026-09-25 11:22"
"Jonas","661ad4c4073f663c21b57fe6","Steve Irwin","6a594bfc4f0853294332c67f","6ab690b4aa16f0c3f4e1e290","2026-09-25 11:22"
"JackieD","699ea675453f70c93bb1a662","Luca","62faac056417c6c320e282de","6ab690370011b98cb44b2bcb","2026-09-25 11:22"
"Reynardo","619e21dbcd59be0001df98df","shout","596d0399a237ab6bf0b1b5cb","6ab690d6aa16f0c3f4e1e307","2026-09-25 11:22"
"Frouser","676f1d87e37422d9da127424","男方鬆 - Mr. Nanfsong","6409beba17491edb5a32b684","6ab6912d3c3598bdae7c12db","2026-09-25 11:23"
"granis","65a06e0f835afcacef0f7d38","chiller77","5f072526a958535b8c80351b","6ab68fd5ab5caa0a815575f2","2026-09-25 11:23"
"Geo Simas","647721c84637cbc0f42de49f","BootyBread","5c9d59dde92b0c6610726f31","6ab68fd73c3598bdae7c0e2f","2026-09-25 11:23"
"meow #deserved multi","68582b5f8e62427811441b60","Lil Frenky","60409299545b6c0001c4a79b","6ab690e7187fda8a649e9811","2026-09-25 11:24"
"JackieD","699ea675453f70c93bb1a662","granis","65a06e0f835afcacef0f7d38","6ab691b7aa16f0c3f4e1e698","2026-09-25 11:24"
"𝓯𝓻𝓮𝓪𝓴𝔂 scarlocck","671b07117678ed42697349ee","Peter","604b32c70a8833000197ff31","6ab690f17f43923c257aa6a8","2026-09-25 11:24"
"Shakazaramesh","5ef2945bbb96627c9ce5f63f","phenol","63f6e6431c1ebb3a975a292b","6ab691450011b98cb44b2f65","2026-09-25 11:24"
"plotter","674c4756fb60b9f111e6e0b4","Siemeon","62dc07edf32847e5836668f1","6ab69175aa16f0c3f4e1e582","2026-09-25 11:25"
"habesh","647734d056305f7bf5561a4e","Sityqwai","5dc9b82ae9473f3ff8ad7799","6ab68ee47f43923c257a9d1a","2026-09-25 11:25"
"Jerzy Kirkowski","5ecbdec18d6ade72cc832c5a","Thenderson","651735b2324c811102e538a6","6ab68f56aa16f0c3f4e1dc77","2026-09-25 11:25"
"Son","66fa81876347f2f3a8d7eb07","Nico","5e8494b3cd30759188bd297c","6ab6905a3c3598bdae7c1050","2026-09-25 11:25"
"joniber","60cf2c9800ea7b00015231a2","mikowhy","659c9d0a72300acff1deb5df","6ab69118aa16f0c3f4e1e404","2026-09-25 11:26"
"Peter","604b32c70a8833000197ff31","Julian","5a8eb2d498cc2c6744a88ce4","6ab69213df62e07591bba30c","2026-09-25 11:26"
"Henrik","5ffda066ad68a300017a45e1","Jonas","661ad4c4073f663c21b57fe6","6ab691d47f43923c257aaa2a","2026-09-25 11:26"
"Aaryan22","657021f7412bfd95aad62550","Рома","5bc9f3921f3cf81af80cfa72","6ab68d7e3c3598bdae7c017b","2026-09-25 11:26"
"ferreiro","5f126427d6ca438f24009b8e","Kuba","6744ee112d6c958a853b52a6","6ab69121aa16f0c3f4e1e426","2026-09-25 11:26"
"Hez1tred.","68274ac83004afb088d83eac","shout","596d0399a237ab6bf0b1b5cb","6ab691adaa16f0c3f4e1e673","2026-09-25 11:26"
"Sebo586","6484d6c62835b90b9cd9297c","BootyBread","5c9d59dde92b0c6610726f31","6ab691cdaa16f0c3f4e1e6e0","2026-09-25 11:26"
"PLK","62179a5c8e88d400010d91ea","Geonel Guessi  #ban xZenith","63875de4e55ec4234b26d1fb","6ab691a7187fda8a649e9add","2026-09-25 11:27"
"meow #deserved multi","68582b5f8e62427811441b60","Lil Frenky","60409299545b6c0001c4a79b","6ab692037f43923c257aaaef","2026-09-25 11:27"
"Mitteconrad","6056349f72a5a900014128a9","barle #freepalmitas #freekober","6398628520609ac8c10cab13","6ab690cf7f43923c257aa5d0","2026-09-25 11:28"
"Steve Irwin","6a594bfc4f0853294332c67f","Jonas","661ad4c4073f663c21b57fe6","6ab6917f7f43923c257aa8cb","2026-09-25 11:28"
"Julian","5a8eb2d498cc2c6744a88ce4","Peter","604b32c70a8833000197ff31","6ab692837f43923c257aad0b","2026-09-25 11:29"
"男方鬆 - Mr. Nanfsong","6409beba17491edb5a32b684","Jerzy Kirkowski","5ecbdec18d6ade72cc832c5a","6ab69255187fda8a649e9d48","2026-09-25 11:29"
"mr_spy","665c34e0bc4531cdb19b9ab9","Ziga","5f864ab232173400011bd862","6ab69141aa16f0c3f4e1e4a4","2026-09-25 11:29"
"Ratkan","635b093ffa4f31df025564a5","pisanico","5e59788312777c09acb5f77f","6ab691751f090e410549bbef","2026-09-25 11:29"
"Reynardo","619e21dbcd59be0001df98df","RedpandaBjornescu","623cc1d32a07da2bdeb4bc61","6ab69184df62e07591bba08a","2026-09-25 11:29"
"Jonas","661ad4c4073f663c21b57fe6","Steve Irwin","6a594bfc4f0853294332c67f","6ab692f33c3598bdae7c191e","2026-09-25 11:30"
"Gaizkaiser","61e67e2b8a1e1100013538d3","hi","695e97d824016921ce7057f2","6ab68f737c6c78ba71a58892","2026-09-25 11:30"
"PLK","62179a5c8e88d400010d91ea","Jonas","661ad4c4073f663c21b57fe6","6ab692e41f090e410549c517","2026-09-25 11:31"
"chiller77","5f072526a958535b8c80351b","Kuba","6744ee112d6c958a853b52a6","6ab69271df62e07591bba43e","2026-09-25 11:32"
"ferreiro","5f126427d6ca438f24009b8e","Geonel Guessi  #ban xZenith","63875de4e55ec4234b26d1fb","6ab6930bdf62e07591bba720","2026-09-25 11:32"
"shout","596d0399a237ab6bf0b1b5cb","Mestre3342","60bcb2627521290001a84cac","6ab692a27f43923c257aadaa","2026-09-25 11:32"
"Siemeon","62dc07edf32847e5836668f1","plotter","674c4756fb60b9f111e6e0b4","6ab692350011b98cb44b329f","2026-09-25 11:33"
"granis","65a06e0f835afcacef0f7d38","Starc","60995f8f8eb3fe0001e057c2","6ab6921e7f43923c257aab55","2026-09-25 11:33"
"LaPommeDeTerre589","5ea6a2d36ea5106e8c5a4259","Ripailloux","5f05fde774184e2f78733b0b","6ab68ccfdf62e07591bb8a1e","2026-09-25 11:34"
"meow #deserved multi","68582b5f8e62427811441b60","Lil Frenky","60409299545b6c0001c4a79b","6ab692ad7f43923c257aadf6","2026-09-25 11:34"
"pisanico","5e59788312777c09acb5f77f","Peter","604b32c70a8833000197ff31","6ab69338df62e07591bba7e1","2026-09-25 11:34"
"joey","64c3f1de3325e32e0fcada4a","ferreiro","5f126427d6ca438f24009b8e","6ab693f03c3598bdae7c1c8e","2026-09-25 11:34"
"Reynardo","619e21dbcd59be0001df98df","Thenderson","651735b2324c811102e538a6","6ab6933ddf62e07591bba7ed","2026-09-25 11:34"
"shout","596d0399a237ab6bf0b1b5cb","Kuba","6744ee112d6c958a853b52a6","6ab693d9187fda8a649ea2dc","2026-09-25 11:34"
"lenne","5f1380d2a18d4d486ca41ee1","Stozzy","60c9c89f6dac91000126151b","6ab693e9aa16f0c3f4e1eeeb","2026-09-25 11:35"
"FMC","638348f8910c9ca0fbb4fa15","Geo Simas","647721c84637cbc0f42de49f","6ab691e7187fda8a649e9bbd","2026-09-25 11:35"
"joniber","60cf2c9800ea7b00015231a2","mikowhy","659c9d0a72300acff1deb5df","6ab692aeaa16f0c3f4e1ea71","2026-09-25 11:36"
"Steve Irwin","6a594bfc4f0853294332c67f","Jonas","661ad4c4073f663c21b57fe6","6ab6938d187fda8a649ea1f7","2026-09-25 11:36"
"Jonas","661ad4c4073f663c21b57fe6","Steve Irwin","6a594bfc4f0853294332c67f","6ab694b8187fda8a649ea5af","2026-09-25 11:37"
"Ziga","5f864ab232173400011bd862","hi","695e97d824016921ce7057f2","6ab693573c3598bdae7c1ad8","2026-09-25 11:37"
"PLK","62179a5c8e88d400010d91ea","joey","64c3f1de3325e32e0fcada4a","6ab694e63c3598bdae7c1f90","2026-09-25 11:38"
"Henrik","5ffda066ad68a300017a45e1","男方鬆 - Mr. Nanfsong","6409beba17491edb5a32b684","6ab693647f43923c257ab190","2026-09-25 11:38"
"Lil Frenky","60409299545b6c0001c4a79b","meow #deserved multi","68582b5f8e62427811441b60","6ab69469187fda8a649ea4c8","2026-09-25 11:38"
"granis","65a06e0f835afcacef0f7d38","pisanico","5e59788312777c09acb5f77f","6ab6944b187fda8a649ea444","2026-09-25 11:38"
"shout","596d0399a237ab6bf0b1b5cb","ferreiro","5f126427d6ca438f24009b8e","6ab6945d7f43923c257ab620","2026-09-25 11:38"
"Frouser","676f1d87e37422d9da127424","Daan","5f91a2db3d05310001d589c3","6ab691a8aa16f0c3f4e1e665","2026-09-25 11:39"
"Geonel Guessi  #ban xZenith","63875de4e55ec4234b26d1fb","Kuba","6744ee112d6c958a853b52a6","6ab6943a187fda8a649ea412","2026-09-25 11:39"
"Kfudaman","5ecc57c38d6ade72cc83598c","拉麵","65babbbbcd35c5966241eff6","6ab69452aa16f0c3f4e1f0a3","2026-09-25 11:39"
"Dan YAile","60ef0697612a5400012c89a3","OceanMan","5e9a08cdd502e121002b5279","6ab694a53c3598bdae7c1edb","2026-09-25 11:40"
"chiller77","5f072526a958535b8c80351b","Lost Paradise","66e46f109b53fcb55436dd52","6ab693fadf62e07591bbaa69","2026-09-25 11:40"
"PLK","62179a5c8e88d400010d91ea","Jonas","661ad4c4073f663c21b57fe6","6ab6953aaa16f0c3f4e1f400","2026-09-25 11:41"
"Lil Frenky","60409299545b6c0001c4a79b","meow #deserved multi","68582b5f8e62427811441b60","6ab69539aa16f0c3f4e1f3fe","2026-09-25 11:41"
"Starc","60995f8f8eb3fe0001e057c2","Reynardo","619e21dbcd59be0001df98df","6ab69486aa16f0c3f4e1f16a","2026-09-25 11:41"
"Kuba","6744ee112d6c958a853b52a6","shout","596d0399a237ab6bf0b1b5cb","6ab695637f43923c257aba49","2026-09-25 11:41"
"Siemeon","62dc07edf32847e5836668f1","mikowhy","659c9d0a72300acff1deb5df","6ab694f77f43923c257ab8b7","2026-09-25 11:42"
"男方鬆 - Mr. Nanfsong","6409beba17491edb5a32b684","Lost Paradise","66e46f109b53fcb55436dd52","6ab695bedf62e07591bbb154","2026-09-25 11:42"
"hi","695e97d824016921ce7057f2","Moritz","604e275b66c3940001ee30ed","6ab694f5187fda8a649ea67f","2026-09-25 11:42"
"seckfren","620059fe2a87750001272c8f","Stozzy","60c9c89f6dac91000126151b","6ab694aedf62e07591bbad1f","2026-09-25 11:42"
"Lil Frenky","60409299545b6c0001c4a79b","Kuba","6744ee112d6c958a853b52a6","6ab695e72f0fbe7afbf3005b","2026-09-25 11:43"
"Kfudaman","5ecc57c38d6ade72cc83598c","拉麵","65babbbbcd35c5966241eff6","6ab695777f43923c257abaa9","2026-09-25 11:43"
"Mitteconrad","6056349f72a5a900014128a9","barle #freepalmitas #freekober","6398628520609ac8c10cab13","6ab692f73c3598bdae7c193e","2026-09-25 11:44"
"emshanoff","60a55176895a250001d9e2d8","Jonas","661ad4c4073f663c21b57fe6","6ab695fb7f43923c257abd7f","2026-09-25 11:44"
"meow #deserved multi","68582b5f8e62427811441b60","PLK","62179a5c8e88d400010d91ea","6ab695e83c3598bdae7c237d","2026-09-25 11:44"
"pisanico","5e59788312777c09acb5f77f","granis","65a06e0f835afcacef0f7d38","6ab695613c3598bdae7c2131","2026-09-25 11:44"
"shout","596d0399a237ab6bf0b1b5cb","Davido","60b3bf820390be00015ed409","6ab695e27f43923c257abcfc","2026-09-25 11:44"
"Henrik","5ffda066ad68a300017a45e1","Frouser","676f1d87e37422d9da127424","6ab695d63c3598bdae7c2335","2026-09-25 11:45"
"joey","64c3f1de3325e32e0fcada4a","ferreiro","5f126427d6ca438f24009b8e","6ab6953baa16f0c3f4e1f405","2026-09-25 11:45"
"Steve Irwin","6a594bfc4f0853294332c67f","Jonas","661ad4c4073f663c21b57fe6","6ab69515df62e07591bbae52","2026-09-25 11:46"
"男方鬆 - Mr. Nanfsong","6409beba17491edb5a32b684","Lost Paradise","66e46f109b53fcb55436dd52","6ab69667d874df07518dcf69","2026-09-25 11:46"
"Jerzy Kirkowski","5ecbdec18d6ade72cc832c5a","Moritz","604e275b66c3940001ee30ed","6ab696293c3598bdae7c248a","2026-09-25 11:46"
"FMC","638348f8910c9ca0fbb4fa15","LP","607c59afb15d75000193fc94","6ab694cddf62e07591bbad73","2026-09-25 11:47"
"mikowhy","659c9d0a72300acff1deb5df","Siemeon","62dc07edf32847e5836668f1","6ab69649aa16f0c3f4e1f827","2026-09-25 11:48"
"emshanoff","60a55176895a250001d9e2d8","Steve Irwin","6a594bfc4f0853294332c67f","6ab6970d187fda8a649eae72","2026-09-25 11:48"
"shout","596d0399a237ab6bf0b1b5cb","meow #deserved multi","68582b5f8e62427811441b60","6ab696ac7f43923c257ac12a","2026-09-25 11:48"
"chiller77","5f072526a958535b8c80351b","OceanMan","5e9a08cdd502e121002b5279","6ab695cd7f43923c257abc88","2026-09-25 11:49"
"PLK","62179a5c8e88d400010d91ea","Jonas","661ad4c4073f663c21b57fe6","6ab696d37f43923c257ac1b4","2026-09-25 11:49"
"FMC","638348f8910c9ca0fbb4fa15","Manualidades","67bf16a58f6f3141d0898b0c","6ab6974edf62e07591bbb8fe","2026-09-25 11:49"
"Lost Paradise","66e46f109b53fcb55436dd52","男方鬆 - Mr. Nanfsong","6409beba17491edb5a32b684","6ab697461f090e410549dac2","2026-09-25 11:50"
"LaPommeDeTerre589","5ea6a2d36ea5106e8c5a4259","Gaizkaiser","61e67e2b8a1e1100013538d3","6ab6947aaa16f0c3f4e1f13c","2026-09-25 11:50"
"Jonas","661ad4c4073f663c21b57fe6","Thenderson","651735b2324c811102e538a6","6ab6972eaa16f0c3f4e1fb9b","2026-09-25 11:51"
"Lil Frenky","60409299545b6c0001c4a79b","Kuba","6744ee112d6c958a853b52a6","6ab696733c3598bdae7c25a7","2026-09-25 11:51"
"meow #deserved multi","68582b5f8e62427811441b60","shout","596d0399a237ab6bf0b1b5cb","6ab697817f43923c257ac4ab","2026-09-25 11:51"
"Moritz","604e275b66c3940001ee30ed","Kucerkaaa✨","66422b048e6606a3bc59724f","6ab697847f43923c257ac4b7","2026-09-25 11:51"
"Shakazaramesh","5ef2945bbb96627c9ce5f63f","BootyBread","5c9d59dde92b0c6610726f31","6ab697133c3598bdae7c2823","2026-09-25 11:51"
"Frouser","676f1d87e37422d9da127424","Henrik","5ffda066ad68a300017a45e1","6ab696dfdf62e07591bbb6fa","2026-09-25 11:52"
"Daan","5f91a2db3d05310001d589c3","Dan YAile","60ef0697612a5400012c89a3","6ab6960cdf62e07591bbb30f","2026-09-25 11:52"
"Kuba","6744ee112d6c958a853b52a6","shout","596d0399a237ab6bf0b1b5cb","6ab6983adf62e07591bbbda9","2026-09-25 11:52"
"Sochi","62572af8924e491f28b0326c","Davido","60b3bf820390be00015ed409","6ab69819aa16f0c3f4e1ffc0","2026-09-25 11:53"
"Lost Paradise","66e46f109b53fcb55436dd52","Lil Frenky","60409299545b6c0001c4a79b","6ab698357f43923c257ac7c2","2026-09-25 11:54"
"男方鬆 - Mr. Nanfsong","6409beba17491edb5a32b684","earthenjoyer","662b7a543f29656f5fe5bf53","6ab698607f43923c257ac8b1","2026-09-25 11:54"
"ferreiro","5f126427d6ca438f24009b8e","Thenderson","651735b2324c811102e538a6","6ab69878df62e07591bbbec9","2026-09-25 11:54"
"PLK","62179a5c8e88d400010d91ea","Jonas","661ad4c4073f663c21b57fe6","6ab697bb9a574f9a2157114d","2026-09-25 11:55"
"Shakazaramesh","5ef2945bbb96627c9ce5f63f","Manureza","678ec40f575b9e3fd172579d","6ab698432066f54e4bd75a0a","2026-09-25 11:55"
"Siemeon","62dc07edf32847e5836668f1","mikowhy","659c9d0a72300acff1deb5df","6ab697a87f43923c257ac53d","2026-09-25 11:56"
"Dan YAile","60ef0697612a5400012c89a3","meow #deserved multi","68582b5f8e62427811441b60","6ab6988f7f43923c257ac99e","2026-09-25 11:56"
"Emmepemme","5bf9b0c343196557d45fc4b6","hi","695e97d824016921ce7057f2","6ab696587f43923c257abf52","2026-09-25 11:56"
"L'Hank the Dawnstreak","628e0d478e5ef3a3ca163627","mirai","658cfaf8c12126a89d3c98fb","6ab6988b7f43923c257ac98e","2026-09-25 11:56"
"ferreiro","5f126427d6ca438f24009b8e","PQ","6953a5aff57e451db5af2a86","6ab6991a7f43923c257acbde","2026-09-25 11:56"
"MosaTracker","68fa532476317df25e19c823","拉麵","65babbbbcd35c5966241eff6","6ab698963c3598bdae7c2ee7","2026-09-25 11:56"
"Jacky Wong","63be7833696b395b1a06db85","gastonia77","59a92e2317631e74145cbeff","6ab6972f187fda8a649eaef7","2026-09-25 11:56"
"shout","596d0399a237ab6bf0b1b5cb","Kuba","6744ee112d6c958a853b52a6","6ab6989e3c3598bdae7c2f0b","2026-09-25 11:57"
"Lil Frenky","60409299545b6c0001c4a79b","男方鬆 - Mr. Nanfsong","6409beba17491edb5a32b684","6ab6991e7f43923c257acbf1","2026-09-25 11:58"
"meow #deserved multi","68582b5f8e62427811441b60","ferreiro","5f126427d6ca438f24009b8e","6ab69989aa16f0c3f4e20699","2026-09-25 11:58"
"Thenderson","651735b2324c811102e538a6","zawi099","65e0c0bb27244e08eda40ec3","6ab6993d7f43923c257acc7e","2026-09-25 11:58"
"emshanoff","60a55176895a250001d9e2d8","OceanMan","5e9a08cdd502e121002b5279","6ab698123c3598bdae7c2cb6","2026-09-25 11:59"
"Lost Paradise","66e46f109b53fcb55436dd52","Henrik","5ffda066ad68a300017a45e1","6ab698f0df62e07591bbc0cf","2026-09-25 11:59"
"Agastya","6260203bfc30a25d25410ac9","Reynardo","619e21dbcd59be0001df98df","6ab69602aa16f0c3f4e1f720","2026-09-25 11:59"
"Henrik","5ffda066ad68a300017a45e1","男方鬆 - Mr. Nanfsong","6409beba17491edb5a32b684","6ab69a14187fda8a649eba3b","2026-09-25 12:00"
"Shakazaramesh","5ef2945bbb96627c9ce5f63f","Bankz","6632068e2d673f57895aa438","6ab699e9aa16f0c3f4e20868","2026-09-25 12:00"
"Jonas","661ad4c4073f663c21b57fe6","Dan YAile","60ef0697612a5400012c89a3","6ab6998a187fda8a649eb814","2026-09-25 12:01"
"Moritz","604e275b66c3940001ee30ed","MosaTracker","68fa532476317df25e19c823","6ab699827f43923c257acd7a","2026-09-25 12:01"
"Kuba","6744ee112d6c958a853b52a6","溝口勇児","6377c7561c02362bcac9a924","6ab699a0df62e07591bbc372","2026-09-25 12:01"
"ferreiro","5f126427d6ca438f24009b8e","Kotik :3","6a69e0dcac05d4a8aa4819fb","6ab69a0ddf62e07591bbc569","2026-09-25 12:01"
"PLK","62179a5c8e88d400010d91ea","Jerzy Kirkowski","5ecbdec18d6ade72cc832c5a","6ab699553c3598bdae7c312a","2026-09-25 12:02"
"kriszh #freePatrixo","5922abce1bba700c703b0c00","mirai","658cfaf8c12126a89d3c98fb","6ab699bd7f43923c257ace7a","2026-09-25 12:02"
"Shakazaramesh","5ef2945bbb96627c9ce5f63f","Bankz","6632068e2d673f57895aa438","6ab69a5a3c3598bdae7c352d","2026-09-25 12:02"
"Siemeon","62dc07edf32847e5836668f1","emshanoff","60a55176895a250001d9e2d8","6ab69a4a7f43923c257ad125","2026-09-25 12:03"
"Herrjiell","6463ce1ce623a26f09da5866","Orion","5d691c90e9473f7c4058e6a5","6ab6974b187fda8a649eaf6a","2026-09-25 12:03"
"Lil Frenky","60409299545b6c0001c4a79b","meow #deserved multi","68582b5f8e62427811441b60","6ab699f73c3598bdae7c336a","2026-09-25 12:03"
"Magnus","679395e4205fcbaaa18ff360","barle #freepalmitas #freekober","6398628520609ac8c10cab13","6ab696acdf62e07591bbb603","2026-09-25 12:04"
"Gaizkaiser","61e67e2b8a1e1100013538d3","hi","695e97d824016921ce7057f2","6ab6998232172e5520527d13","2026-09-25 12:04"
"溝口勇児","6377c7561c02362bcac9a924","ferreiro","5f126427d6ca438f24009b8e","6ab69aa67f43923c257ad31f","2026-09-25 12:04"
"拉麵","65babbbbcd35c5966241eff6","zawi099","65e0c0bb27244e08eda40ec3","6ab69a357f43923c257ad0ba","2026-09-25 12:04"
"Jonas","661ad4c4073f663c21b57fe6","Dan YAile","60ef0697612a5400012c89a3","6ab69a96df62e07591bbc7eb","2026-09-25 12:05"
"PLK","62179a5c8e88d400010d91ea","wang4wc2027(徒弟yang)","64df30f334185dd27cf839a7","6ab69af0aa16f0c3f4e20d70","2026-09-25 12:06"
"Henrik","5ffda066ad68a300017a45e1","Frouser","676f1d87e37422d9da127424","6ab69a8aaa16f0c3f4e20b73","2026-09-25 12:06"
"男方鬆 - Mr. Nanfsong","6409beba17491edb5a32b684","Dan YAile","60ef0697612a5400012c89a3","6ab69aaf3c3598bdae7c3691","2026-09-25 12:07"
"Henrik","5ffda066ad68a300017a45e1","PLK","62179a5c8e88d400010d91ea","6ab69bd4df62e07591bbcd35","2026-09-25 12:07"
"kriszh #freePatrixo","5922abce1bba700c703b0c00","溝口勇児","6377c7561c02362bcac9a924","6ab69b73df62e07591bbcb73","2026-09-25 12:07"
"Moritz","604e275b66c3940001ee30ed","Kuba","6744ee112d6c958a853b52a6","6ab69aa63c3598bdae7c3668","2026-09-25 12:07"
"Lemon’fu the Dawnstreak","6814628ed8477060002e00ba","mirai","658cfaf8c12126a89d3c98fb","6ab69b1faa16f0c3f4e20e1e","2026-09-25 12:07"
"Lil Frenky","60409299545b6c0001c4a79b","meow #deserved multi","68582b5f8e62427811441b60","6ab69b237f43923c257ad584","2026-09-25 12:08"
"G40","659bc5cd8377051a6322e041","OceanMan","5e9a08cdd502e121002b5279","6ab69a2faa16f0c3f4e209a7","2026-09-25 12:08"
"Jonas","661ad4c4073f663c21b57fe6","barle #freepalmitas #freekober","6398628520609ac8c10cab13","6ab69bccdf62e07591bbcd18","2026-09-25 12:10"
"Kuba","6744ee112d6c958a853b52a6","sva","67a710249d75e04dff436d40","6ab69bfc3c3598bdae7c3b87","2026-09-25 12:10"
"Thenderson","651735b2324c811102e538a6","ferreiro","5f126427d6ca438f24009b8e","6ab69bd77f43923c257ad903","2026-09-25 12:10"
"Laatsch","60c62658b2f5d60001ed3efe","Skcmj","669bbdca232879fb8fd85725","6ab69c51df62e07591bbcfc9","2026-09-25 12:10"
"kriszh #freePatrixo","5922abce1bba700c703b0c00","溝口勇児","6377c7561c02362bcac9a924","6ab69c077f43923c257ad9ee","2026-09-25 12:11"
"Egorsmol","60c7cce623bc770001651df5","Reynardo","619e21dbcd59be0001df98df","6ab69a677f43923c257ad1ad","2026-09-25 12:11"
"MosaTracker","68fa532476317df25e19c823","Shakazaramesh","5ef2945bbb96627c9ce5f63f","6ab69acc187fda8a649ebde9","2026-09-25 12:11"
"Lene","5d52f64824ec173888d82b60","Fructidor","5e3712631e34a03504349945","6ab69837364b2b2fc95ca706","2026-09-25 12:12"
"OceanMan","5e9a08cdd502e121002b5279","Dan YAile","60ef0697612a5400012c89a3","6ab69c34aa16f0c3f4e21346","2026-09-25 12:12"
"M0vER2cK","6a3980146e586fb5631aa45a","Kuba","6744ee112d6c958a853b52a6","6ab69ca87f43923c257adcb5","2026-09-25 12:13"
"男方鬆 - Mr. Nanfsong","6409beba17491edb5a32b684","VIVER","631f29032347fcd4bef60349","6ab69c5a187fda8a649ec489","2026-09-25 12:14"
"Nibiru","5f8c1986d282f60001f34b05","barle #freepalmitas #freekober","6398628520609ac8c10cab13","6ab69cf93c3598bdae7c3f51","2026-09-25 12:14"
"ferreiro","5f126427d6ca438f24009b8e","Thenderson","651735b2324c811102e538a6","6ab69cd10e299ebd6f51919b","2026-09-25 12:14"
"Shakazaramesh","5ef2945bbb96627c9ce5f63f","Hal","6779fa7c462d84c1882344c6","6ab69d1cdf62e07591bbd2e8","2026-09-25 12:14"
"OceanMan","5e9a08cdd502e121002b5279","Dan YAile","60ef0697612a5400012c89a3","6ab69d737711143546629b6b","2026-09-25 12:15"
"Senty","65dc836b33066622c3ebfb88","Jonas","661ad4c4073f663c21b57fe6","6ab69da6df62e07591bbd49e","2026-09-25 12:15"
"Olekron","603a9f77af90ab00018b34a9","PQ","6953a5aff57e451db5af2a86","6ab69cbcaa16f0c3f4e21596","2026-09-25 12:15"
"Herrjiell","6463ce1ce623a26f09da5866","Orion","5d691c90e9473f7c4058e6a5","6ab69b57187fda8a649ec0aa","2026-09-25 12:16"
"Gaizkaiser","61e67e2b8a1e1100013538d3","Henrik","5ffda066ad68a300017a45e1","6ab69c1caa16f0c3f4e212e7","2026-09-25 12:16"
"Kenji","5f2fd4348378f500019bdee0","mirai","658cfaf8c12126a89d3c98fb","6ab69c2b187fda8a649ec40d","2026-09-25 12:16"
"sva","67a710249d75e04dff436d40","Рома","5bc9f3921f3cf81af80cfa72","6ab69cd2aa16f0c3f4e2161a","2026-09-25 12:16"
"kriszh #freePatrixo","5922abce1bba700c703b0c00","Dan YAile","60ef0697612a5400012c89a3","6ab69d4fdf62e07591bbd37e","2026-09-25 12:17"
"barle #freepalmitas #freekober","6398628520609ac8c10cab13","VIVER","631f29032347fcd4bef60349","6ab69dcedf62e07591bbd52c","2026-09-25 12:18"
"Laatsch","60c62658b2f5d60001ed3efe","GeoMax","610ade6208061c000158624f","6ab69db6aa16f0c3f4e219ae","2026-09-25 12:18"
"G40","659bc5cd8377051a6322e041","Ned","5eeb7335479917548004e4f7","6ab69d09df62e07591bbd269","2026-09-25 12:19"
"Thenderson","651735b2324c811102e538a6","PQ","6953a5aff57e451db5af2a86","6ab69dfe3c3598bdae7c42c8","2026-09-25 12:19"
"Siemeon","62dc07edf32847e5836668f1","mikowhy","659c9d0a72300acff1deb5df","6ab69deb3c3598bdae7c426f","2026-09-25 12:20"
"Jonas","661ad4c4073f663c21b57fe6","Dan YAile","60ef0697612a5400012c89a3","6ab69dfdaa16f0c3f4e21abe","2026-09-25 12:20"
"Shakazaramesh","5ef2945bbb96627c9ce5f63f","mirai","658cfaf8c12126a89d3c98fb","6ab69ea47f43923c257ae529","2026-09-25 12:20"
"溝口勇児","6377c7561c02362bcac9a924","VIVER","631f29032347fcd4bef60349","6ab69ef2aa16f0c3f4e21e22","2026-09-25 12:21"
"kriszh #freePatrixo","5922abce1bba700c703b0c00","Senty","65dc836b33066622c3ebfb88","6ab69e85aa16f0c3f4e21c97","2026-09-25 12:22"
"Kuba","6744ee112d6c958a853b52a6","Doofist","68f3a854d35e604bd5617bb2","6ab69e6edf62e07591bbd790","2026-09-25 12:22"
"Olekron","603a9f77af90ab00018b34a9","vertigo","5aa5926b42305f89a0f9f86d","6ab69e79aa16f0c3f4e21c6b","2026-09-25 12:22"
"Reynardo","619e21dbcd59be0001df98df","Overlord","69b43de1040ac18e740a342f","6ab69d5d7f43923c257adff2","2026-09-25 12:22"
"Laatsch","60c62658b2f5d60001ed3efe","zawi099","65e0c0bb27244e08eda40ec3","6ab69ed67f43923c257ae5f4","2026-09-25 12:23"
"Geoplex","5fc3dc04ed954900017d7dad","Orion","5d691c90e9473f7c4058e6a5","6ab69e12aa16f0c3f4e21aff","2026-09-25 12:24"
"Wolfgoon Auramadeus Moggzart","64a4686ecd74917a4fabee03","Jonas","661ad4c4073f663c21b57fe6","6ab69f38aa16f0c3f4e21f10","2026-09-25 12:24"
"0.03mm","692fdd96871fb5a05c4dcab0","sva","67a710249d75e04dff436d40","6ab69e363c3598bdae7c4369","2026-09-25 12:24"
"Thenderson","651735b2324c811102e538a6","Dan YAile","60ef0697612a5400012c89a3","6ab69f61187fda8a649ecf6f","2026-09-25 12:24"
"Reynardo","619e21dbcd59be0001df98df","Doofist","68f3a854d35e604bd5617bb2","6ab69fa13c3598bdae7c4854","2026-09-25 12:24"
"Shakazaramesh","5ef2945bbb96627c9ce5f63f","mirai","658cfaf8c12126a89d3c98fb","6ab69f2eaa16f0c3f4e21ee5","2026-09-25 12:26"
"thomas7eme","5ef89d2d8f01a05300030185","Egorsmol","60c7cce623bc770001651df5","6ab69cf5aa16f0c3f4e216a6","2026-09-25 12:26"
"GeoMax","610ade6208061c000158624f","Arvicii","62324899facb1c000103e7c6","6ab69ecedf62e07591bbd8c3","2026-09-25 12:26"
"mikowhy","659c9d0a72300acff1deb5df","Siemeon","62dc07edf32847e5836668f1","6ab69f3aaa16f0c3f4e21f18","2026-09-25 12:27"
"Wolfgoon Auramadeus Moggzart","64a4686ecd74917a4fabee03","Dan YAile","60ef0697612a5400012c89a3","6ab6a02baa16f0c3f4e222c1","2026-09-25 12:27"
"男方鬆 - Mr. Nanfsong","6409beba17491edb5a32b684","Henrik","5ffda066ad68a300017a45e1","6ab69e607f43923c257ae417","2026-09-25 12:27"
"OceanMan","5e9a08cdd502e121002b5279","Daviduccio","691df93ef275e716c46378ab","6ab69e2ddf62e07591bbd684","2026-09-25 12:27"
"G40","659bc5cd8377051a6322e041","Peter","604b32c70a8833000197ff31","6ab69fabaa16f0c3f4e220d9","2026-09-25 12:27"
"VIVER","631f29032347fcd4bef60349","Senty","65dc836b33066622c3ebfb88","6ab69fa67f43923c257ae976","2026-09-25 12:27"
"溝口勇児","6377c7561c02362bcac9a924","Lancer227","65b1167dd85363b33611ac05","6ab69f92aa16f0c3f4e22057","2026-09-25 12:27"
"Kuba","6744ee112d6c958a853b52a6","vertigo","5aa5926b42305f89a0f9f86d","6ab69fb07f43923c257ae9b9","2026-09-25 12:27"
"Olekron","603a9f77af90ab00018b34a9","Reynardo","619e21dbcd59be0001df98df","6ab6a00f3c3598bdae7c49e7","2026-09-25 12:27"
"しよえ　Shiyoe","6375a42d001fcb9df8d226d9","barle #freepalmitas #freekober","6398628520609ac8c10cab13","6ab69eeaaa16f0c3f4e21e0a","2026-09-25 12:28"
"Locke","679bd2f0c95e0ff79cde564e","L'Hank the Dawnstreak","628e0d478e5ef3a3ca163627","6ab69f15aa16f0c3f4e21e87","2026-09-25 12:28"
"Dan YAile","60ef0697612a5400012c89a3","Thenderson","651735b2324c811102e538a6","6ab6a078aa16f0c3f4e223aa","2026-09-25 12:28"
"Doofist","68f3a854d35e604bd5617bb2","sva","67a710249d75e04dff436d40","6ab6a0187f43923c257aeb1c","2026-09-25 12:28"
"ImAkiro","5a2ac652393725796877c061","落汤鸡","675ee56fd2220e44dea68a81","6ab69dcdaa16f0c3f4e21a0f","2026-09-25 12:29"
"VIVER","631f29032347fcd4bef60349","Senty","65dc836b33066622c3ebfb88","6ab6a0bf7f43923c257aedc3","2026-09-25 12:29"
"tmol","65804bf1981dcef1aaa9fc20","Kuba","6744ee112d6c958a853b52a6","6ab6a0b9df62e07591bbe03c","2026-09-25 12:29"
"kriszh #freePatrixo","5922abce1bba700c703b0c00","Jonas","661ad4c4073f663c21b57fe6","6ab6a0157f43923c257aeb14","2026-09-25 12:30"
"Lancer227","65b1167dd85363b33611ac05","溝口勇児","6377c7561c02362bcac9a924","6ab6a0bddf62e07591bbe052","2026-09-25 12:30"
"Wolfgoon Auramadeus Moggzart","64a4686ecd74917a4fabee03","barle #freepalmitas #freekober","6398628520609ac8c10cab13","6ab6a1003c3598bdae7c4d4c","2026-09-25 12:31"
"Gaizkaiser","61e67e2b8a1e1100013538d3","Ned","5eeb7335479917548004e4f7","6ab69efdaa16f0c3f4e21e41","2026-09-25 12:31"
"Dan YAile","60ef0697612a5400012c89a3","VIVER","631f29032347fcd4bef60349","6ab6a127df62e07591bbe1fb","2026-09-25 12:32"
"溝口勇児","6377c7561c02362bcac9a924","Leftist Leo 解放巴勒斯坦 🇵🇸 和","60d9c5536dac910001297d14","6ab6a1713c3598bdae7c4edf","2026-09-25 12:32"
"Shakazaramesh","5ef2945bbb96627c9ce5f63f","mirai","658cfaf8c12126a89d3c98fb","6ab6a0a0aa16f0c3f4e2245e","2026-09-25 12:32"
"GeoMax","610ade6208061c000158624f","Mecenas Jefferson","56ab9660aeb0f587e8d0190a","6ab6a07cdf62e07591bbdf38","2026-09-25 12:32"
"Ned","5eeb7335479917548004e4f7","Wolfgoon Auramadeus Moggzart","64a4686ecd74917a4fabee03","6ab6a1a63c3598bdae7c4f89","2026-09-25 12:33"
"Dan YAile","60ef0697612a5400012c89a3","VIVER","631f29032347fcd4bef60349","6ab6a127df62e07591bbe1fb","2026-09-25 12:33"
"L'Hank the Dawnstreak","628e0d478e5ef3a3ca163627","Doofist","68f3a854d35e604bd5617bb2","6ab6a1147f43923c257aeedf","2026-09-25 12:33"
"FranzSanchez","68b3e3b52c6db073218b382c","karolinka420","6044c5c404454400016432b9","6ab6a0f30011b98cb44b61e0","2026-09-25 12:33"
"Kuba","6744ee112d6c958a853b52a6","sva","67a710249d75e04dff436d40","6ab6a136df62e07591bbe22e","2026-09-25 12:33"
"Jacky Wong","63be7833696b395b1a06db85","LeBron James of Geoguessr","58ba5dff0eac7223846496ea","6ab69ff6df62e07591bbdd19","2026-09-25 12:33"
"Blake Ferguson","6a16701e4b6a7bf1a569dbae","zawi099","65e0c0bb27244e08eda40ec3","6ab6a1b0aa16f0c3f4e22806","2026-09-25 12:33"
"男方鬆 - Mr. Nanfsong","6409beba17491edb5a32b684","Senty","65dc836b33066622c3ebfb88","6ab6a1313c3598bdae7c4e08","2026-09-25 12:34"
"Geo Simas","647721c84637cbc0f42de49f","Kakadu","5e5a2a7326bbda5f8c0d9c4d","6ab69e2e7f43923c257ae355","2026-09-25 12:34"
"Albanian Guy","58796ade8b9ff486d81bbad5","Jonas","661ad4c4073f663c21b57fe6","6ab6a15b7f43923c257aeff8","2026-09-25 12:35"
"OceanMan","5e9a08cdd502e121002b5279","Рома","5bc9f3921f3cf81af80cfa72","6ab6a0cdaa16f0c3f4e2251f","2026-09-25 12:35"
"Henrik","5ffda066ad68a300017a45e1","Avandy","60c3535133004c00010451a3","6ab6a1e57f43923c257af22e","2026-09-25 12:35"
"Leftist Leo 解放巴勒斯坦 🇵🇸 和","60d9c5536dac910001297d14","VIVER","631f29032347fcd4bef60349","6ab6a20c7f43923c257af310","2026-09-25 12:35"
"FranzSanchez","68b3e3b52c6db073218b382c","Milou","60973a0afac40800011956fe","6ab6a2247f43923c257af376","2026-09-25 12:35"
"しよえ　Shiyoe","6375a42d001fcb9df8d226d9","kriszh #freePatrixo","5922abce1bba700c703b0c00","6ab6a16f7f43923c257af047","2026-09-25 12:36"
"Frouser","676f1d87e37422d9da127424","Dan YAile","60ef0697612a5400012c89a3","6ab6a2237f43923c257af374","2026-09-25 12:36"
"mirai","658cfaf8c12126a89d3c98fb","Shakazaramesh","5ef2945bbb96627c9ce5f63f","6ab6a1d47f43923c257af1ef","2026-09-25 12:36"
"Locke","679bd2f0c95e0ff79cde564e","落汤鸡","675ee56fd2220e44dea68a81","6ab6a152aa16f0c3f4e226f0","2026-09-25 12:37"
"Daviduccio","691df93ef275e716c46378ab","Anonymous","5eccd6d68d6ade72cc836cb8","6ab6a0aeaa16f0c3f4e224a3","2026-09-25 12:37"
"deemness","603c0c6730d70f000140c197","Jackkincaid","5d698d4ab4ec17864c52c785","6ab6a1af7f43923c257af14b","2026-09-25 12:37"
"mikowhy","659c9d0a72300acff1deb5df","Geoplex","5fc3dc04ed954900017d7dad","6ab6a0a87f43923c257aed68","2026-09-25 12:38"
"Wolfgoon Auramadeus Moggzart","64a4686ecd74917a4fabee03","Ned","5eeb7335479917548004e4f7","6ab6a22cf527897d27c35be2","2026-09-25 12:38"
"Dan YAile","60ef0697612a5400012c89a3","溝口勇児","6377c7561c02362bcac9a924","6ab6a2ec187fda8a649edb95","2026-09-25 12:38"
"tmol","65804bf1981dcef1aaa9fc20","MosaTracker","68fa532476317df25e19c823","6ab6a1653c3598bdae7c4ebe","2026-09-25 12:38"
"Egorsmol","60c7cce623bc770001651df5","hazza17263","5612bdab5b41f80c20619fb0","6ab6a1b63c3598bdae7c4fcd","2026-09-25 12:38"
"Albanian Guy","58796ade8b9ff486d81bbad5","Avandy","60c3535133004c00010451a3","6ab6a2cf7f43923c257af6b2","2026-09-25 12:39"
"Frouser","676f1d87e37422d9da127424","Dan YAile","60ef0697612a5400012c89a3","6ab6a2d3771114354662aa4c","2026-09-25 12:39"
"Dan YAile","60ef0697612a5400012c89a3","Wolfgoon Auramadeus Moggzart","64a4686ecd74917a4fabee03","6ab6a3547f43923c257af8f9","2026-09-25 12:39"
"travis.","62f350cef84aeaa31594614d","Daviduccio","691df93ef275e716c46378ab","6ab6a30aab5caa0a8155b261","2026-09-25 12:39"
"wisps","60ad03a48b6e1d00012f8e7e","Emmepemme","5bf9b0c343196557d45fc4b6","6ab6a275df62e07591bbe6d9","2026-09-25 12:40"
"VIVER","631f29032347fcd4bef60349","kriszh #freePatrixo","5922abce1bba700c703b0c00","6ab6a2e0aa16f0c3f4e22d6b","2026-09-25 12:40"
"Senty","65dc836b33066622c3ebfb88","Jonas","661ad4c4073f663c21b57fe6","6ab6a2a0df62e07591bbe7b6","2026-09-25 12:40"
"Kuba","6744ee112d6c958a853b52a6","GeoMax","610ade6208061c000158624f","6ab6a2137f43923c257af334","2026-09-25 12:40"
"Laatsch","60c62658b2f5d60001ed3efe","Alee 🏍","605b8e2563c4b80001a89321","6ab6a19fdf62e07591bbe3a0","2026-09-25 12:40"
"Mestre3342","60bcb2627521290001a84cac","Doofist","68f3a854d35e604bd5617bb2","6ab6a309187fda8a649edbe4","2026-09-25 12:40"
"Fructidor","5e3712631e34a03504349945","Lene","5d52f64824ec173888d82b60","6ab69d3eaa16f0c3f4e217a6","2026-09-25 12:41"
"Leftist Leo 解放巴勒斯坦 🇵🇸 和","60d9c5536dac910001297d14","tozangezan","5a33d4491cbd1560d0eaed6b","6ab6a2c07f43923c257af679","2026-09-25 12:41"
"Shakazaramesh","5ef2945bbb96627c9ce5f63f","sva","67a710249d75e04dff436d40","6ab6a2cdaa16f0c3f4e22d34","2026-09-25 12:41"
"mirai","658cfaf8c12126a89d3c98fb","Jackkincaid","5d698d4ab4ec17864c52c785","6ab6a32baa16f0c3f4e22ea8","2026-09-25 12:41"
"ferreiro","5f126427d6ca438f24009b8e","Thenderson","651735b2324c811102e538a6","6ab6a32a187fda8a649edc5e","2026-09-25 12:41"
"OceanMan","5e9a08cdd502e121002b5279","Markus Benz","6109729e88f8fa00013f1db2","6ab6a2b6aa16f0c3f4e22caa","2026-09-25 12:43"
"Dan YAile","60ef0697612a5400012c89a3","Senty","65dc836b33066622c3ebfb88","6ab6a3dedf62e07591bbecb4","2026-09-25 12:43"
"Kuba","6744ee112d6c958a853b52a6","GeoMax","610ade6208061c000158624f","6ab6a3c2df62e07591bbec56","2026-09-25 12:43"
"Babrnoch (retired & retarded)","676c36f3ae31f29e4b2ef2f5","溝口勇児","6377c7561c02362bcac9a924","6ab6a37e7f43923c257af9ac","2026-09-25 12:43"
"Wolfgoon Auramadeus Moggzart","64a4686ecd74917a4fabee03","Albanian Guy","58796ade8b9ff486d81bbad5","6ab6a4083c3598bdae7c58b8","2026-09-25 12:44"
"kriszh #freePatrixo","5922abce1bba700c703b0c00","tozangezan","5a33d4491cbd1560d0eaed6b","6ab6a3f37f43923c257afc5f","2026-09-25 12:44"
"Blake Ferguson","6a16701e4b6a7bf1a569dbae","Ascension-Rocketry","678e666d153420db8076a257","6ab6a2a7df62e07591bbe7cd","2026-09-25 12:44"
"Laatsch","60c62658b2f5d60001ed3efe","Mecenas Jefferson","56ab9660aeb0f587e8d0190a","6ab6a3e5aa16f0c3f4e231e8","2026-09-25 12:44"
"Shakazaramesh","5ef2945bbb96627c9ce5f63f","zawi099","65e0c0bb27244e08eda40ec3","6ab6a4427f43923c257afde7","2026-09-25 12:45"
"sva","67a710249d75e04dff436d40","Jackkincaid","5d698d4ab4ec17864c52c785","6ab6a40c7f43923c257afccf","2026-09-25 12:45"
"しよえ　Shiyoe","6375a42d001fcb9df8d226d9","Siemeon","62dc07edf32847e5836668f1","6ab6a31adf62e07591bbe95b","2026-09-25 12:46"
"Avandy","60c3535133004c00010451a3","Dan YAile","60ef0697612a5400012c89a3","6ab6a3a37f43923c257afae7","2026-09-25 12:46"
"Senty","65dc836b33066622c3ebfb88","Jonas","661ad4c4073f663c21b57fe6","6ab6a476ab5caa0a8155b758","2026-09-25 12:46"
"Kuba","6744ee112d6c958a853b52a6","溝口勇児","6377c7561c02362bcac9a924","6ab6a498aa16f0c3f4e234d3","2026-09-25 12:46"
"Anonymous","5eccd6d68d6ade72cc836cb8","Lancer227","65b1167dd85363b33611ac05","6ab6a3010011b98cb44b67cd","2026-09-25 12:46"
"Frouser","676f1d87e37422d9da127424","VIVER","631f29032347fcd4bef60349","6ab6a3ce187fda8a649edfa4","2026-09-25 12:47"
"Senty","65dc836b33066622c3ebfb88","Jonas","661ad4c4073f663c21b57fe6","6ab6a476ab5caa0a8155b758","2026-09-25 12:47"
"落汤鸡","675ee56fd2220e44dea68a81","Locke","679bd2f0c95e0ff79cde564e","6ab6a312aa16f0c3f4e22e2e","2026-09-25 12:47"
"ferreiro","5f126427d6ca438f24009b8e","Alee 🏍","605b8e2563c4b80001a89321","6ab6a3f6aa16f0c3f4e2321c","2026-09-25 12:47"
"Mitteconrad","6056349f72a5a900014128a9","Emmepemme","5bf9b0c343196557d45fc4b6","6ab6a3d17f43923c257afbd2","2026-09-25 12:48"
"Kuba","6744ee112d6c958a853b52a6","溝口勇児","6377c7561c02362bcac9a924","6ab6a553df62e07591bbf334","2026-09-25 12:48"
"shout","596d0399a237ab6bf0b1b5cb","Babrnoch (retired & retarded)","676c36f3ae31f29e4b2ef2f5","6ab6a4b9aa16f0c3f4e23580","2026-09-25 12:48"
"sva","67a710249d75e04dff436d40","Jackkincaid","5d698d4ab4ec17864c52c785","6ab6a4ec7f43923c257b0131","2026-09-25 12:48"
"Vell","5eea5f1162df1243a0cdd8e4","Laatsch","60c62658b2f5d60001ed3efe","6ab6a4ceaa16f0c3f4e23636","2026-09-25 12:48"
"Markus Benz","6109729e88f8fa00013f1db2","Dan YAile","60ef0697612a5400012c89a3","6ab6a493df62e07591bbef5e","2026-09-25 12:50"
"落汤鸡","675ee56fd2220e44dea68a81","VIVER","631f29032347fcd4bef60349","6ab6a5657f43923c257b035e","2026-09-25 12:50"
"joey","64c3f1de3325e32e0fcada4a","Babrnoch (retired & retarded)","676c36f3ae31f29e4b2ef2f5","6ab6a5a93c3598bdae7c5fd9","2026-09-25 12:50"
"ferreiro","5f126427d6ca438f24009b8e","Lancer227","65b1167dd85363b33611ac05","6ab6a56a1f090e41054a2367","2026-09-25 12:50"
"juki","670e7786c5752c88120b2d7f","Henrikk","622640b7cb9b530001598509","6ab6a5853c3598bdae7c5f55","2026-09-25 12:50"
"ImAkiro","5a2ac652393725796877c061","Gaizkaiser","61e67e2b8a1e1100013538d3","6ab6a1b47f43923c257af177","2026-09-25 12:51"
"Senty","65dc836b33066622c3ebfb88","Avandy","60c3535133004c00010451a3","6ab6a552df62e07591bbf331","2026-09-25 12:51"
"mirai","658cfaf8c12126a89d3c98fb","PQ","6953a5aff57e451db5af2a86","6ab6a48a187fda8a649ee284","2026-09-25 12:51"
"Jonas","661ad4c4073f663c21b57fe6","Kuba","6744ee112d6c958a853b52a6","6ab6a5b9187fda8a649ee791","2026-09-25 12:52"
"溝口勇児","6377c7561c02362bcac9a924","Saradão","66245f82ee56b7dcb4cfcca3","6ab6a5ca7f43923c257b0520","2026-09-25 12:52"
"BootyBread","5c9d59dde92b0c6610726f31","Ugo","62248d425ee8bf0001893306","6ab69eac3c3598bdae7c450f","2026-09-25 12:52"
"Albanian Guy","58796ade8b9ff486d81bbad5","Dan YAile","60ef0697612a5400012c89a3","6ab6a542df62e07591bbf308","2026-09-25 12:53"
"Wolfgoon Auramadeus Moggzart","64a4686ecd74917a4fabee03","kriszh #freePatrixo","5922abce1bba700c703b0c00","6ab6a4d13c3598bdae7c5c16","2026-09-25 12:53"
"Jonas","661ad4c4073f663c21b57fe6","VIVER","631f29032347fcd4bef60349","6ab6a622aa16f0c3f4e23b97","2026-09-25 12:53"
"Ned","5eeb7335479917548004e4f7","Daviduccio","691df93ef275e716c46378ab","6ab6a3b37f43923c257afb3f","2026-09-25 12:53"
"Senty","65dc836b33066622c3ebfb88","Dan YAile","60ef0697612a5400012c89a3","6ab6a682187fda8a649eea84","2026-09-25 12:53"
"FranzSanchez","68b3e3b52c6db073218b382c","GANACHATOR","63b280b7aa2237ff99b8bd0d","6ab6a5bdaa16f0c3f4e239df","2026-09-25 12:53"
"Markus Benz","6109729e88f8fa00013f1db2","Locke","679bd2f0c95e0ff79cde564e","6ab6a642aa16f0c3f4e23c3f","2026-09-25 12:54"
"stepanartt","60ab9a9195cb750001fb3b69","sva","67a710249d75e04dff436d40","6ab6a5bdc673305a1c64fd3a","2026-09-25 12:54"
"ferreiro","5f126427d6ca438f24009b8e","Lancer227","65b1167dd85363b33611ac05","6ab6a61b187fda8a649ee8f3","2026-09-25 12:54"
"shout","596d0399a237ab6bf0b1b5cb","Thenderson","651735b2324c811102e538a6","6ab6a58fdf62e07591bbf40c","2026-09-25 12:55"
"omigupta (YT)","62280387e7a8b70001576d3d","wichura240","68767692157557d5c76a0ab6","6ab6a6167f43923c257b0667","2026-09-25 12:55"
"juki","670e7786c5752c88120b2d7f","mirai","658cfaf8c12126a89d3c98fb","6ab6a64b187fda8a649ee9c2","2026-09-25 12:55"
"omigupta (YT)","62280387e7a8b70001576d3d","shout","596d0399a237ab6bf0b1b5cb","6ab6a745aa16f0c3f4e2400a","2026-09-25 12:56"
"Avandy","60c3535133004c00010451a3","Senty","65dc836b33066622c3ebfb88","6ab6a6d5ab5caa0a8155bf27","2026-09-25 12:57"
"溝口勇児","6377c7561c02362bcac9a924","Kuba","6744ee112d6c958a853b52a6","6ab6a6b0364b2b2fc95cd417","2026-09-25 12:57"
"Henrikk","622640b7cb9b530001598509","Babrnoch (retired & retarded)","676c36f3ae31f29e4b2ef2f5","6ab6a646187fda8a649ee9a3","2026-09-25 12:57"
"tozangezan","5a33d4491cbd1560d0eaed6b","Dome-Age","57b5ab0c09f2ef0b9c8eb9f3","6ab6a4c9187fda8a649ee3ac","2026-09-25 12:58"
"wichura240","68767692157557d5c76a0ab6","Elefantenrennen","62389c45454d59071bc14556","6ab6a7587f43923c257b0c11","2026-09-25 12:58"
"juki","670e7786c5752c88120b2d7f","Ascension-Rocketry","678e666d153420db8076a257","6ab6a78aaa16f0c3f4e240f1","2026-09-25 12:58"
"Mateo comeback","6a425bccc13aef033f62c10a","zawi099","65e0c0bb27244e08eda40ec3","6ab6a6797f43923c257b0868","2026-09-25 12:58"
"Jonas","661ad4c4073f663c21b57fe6","VIVER","631f29032347fcd4bef60349","6ab6a6d87f43923c257b09fa","2026-09-25 12:59"
"Geo Simas","647721c84637cbc0f42de49f","emoji4 ➡️ emoji5emoji5emoji5","69020a9dd65f395771ade781","6ab6a6ecaa16f0c3f4e23edd","2026-09-25 12:59"
"Vanalinn Enthusiast","57689d1b813a4f985c9652a3","Laatsch","60c62658b2f5d60001ed3efe","6ab6a6133c3598bdae7c6168","2026-09-25 12:59"
"Emmepemme","5bf9b0c343196557d45fc4b6","wisps","60ad03a48b6e1d00012f8e7e","6ab6a5c77f43923c257b04f5","2026-09-25 13:00"
"Daviduccio","691df93ef275e716c46378ab","kriszh #freePatrixo","5922abce1bba700c703b0c00","6ab6a701df62e07591bbf9f9","2026-09-25 13:00"
"Babrnoch (retired & retarded)","676c36f3ae31f29e4b2ef2f5","Thenderson","651735b2324c811102e538a6","6ab6a7c73c3598bdae7c6776","2026-09-25 13:00"
"Senty","65dc836b33066622c3ebfb88","Avandy","60c3535133004c00010451a3","6ab6a7eddf62e07591bbfd57","2026-09-25 13:01"
"VIVER","631f29032347fcd4bef60349","juki","670e7786c5752c88120b2d7f","6ab6a8267f43923c257b0f73","2026-09-25 13:01"
"stepanartt","60ab9a9195cb750001fb3b69","shout","596d0399a237ab6bf0b1b5cb","6ab6a7a17f43923c257b0d18","2026-09-25 13:01"
"Geomalick","61fd64f28c0f8100014ebf0b","Albanian Guy","58796ade8b9ff486d81bbad5","6ab6a8233c3598bdae7c68cb","2026-09-25 13:02"
"Markus Benz","6109729e88f8fa00013f1db2","Jonas","661ad4c4073f663c21b57fe6","6ab6a726df62e07591bbfa86","2026-09-25 13:02"
"Henrikk","622640b7cb9b530001598509","ferreiro","5f126427d6ca438f24009b8e","6ab6a7b8d874df07518e06e1","2026-09-25 13:02"
"mirai","658cfaf8c12126a89d3c98fb","Arvicii","62324899facb1c000103e7c6","6ab6a76d7f43923c257b0c52","2026-09-25 13:02"
"Laatsch","60c62658b2f5d60001ed3efe","SoloDeveloping_ttv","6588371b2042a7381b6e016a","6ab6a8757f43923c257b10b7","2026-09-25 13:02"
"Wolfgoon Auramadeus Moggzart","64a4686ecd74917a4fabee03","Siemeon","62dc07edf32847e5836668f1","6ab6a778aa16f0c3f4e240bd","2026-09-25 13:03"
"tozangezan","5a33d4491cbd1560d0eaed6b","wichura240","68767692157557d5c76a0ab6","6ab6a85aaa16f0c3f4e24419","2026-09-25 13:03"
"shout","596d0399a237ab6bf0b1b5cb","VIVER","631f29032347fcd4bef60349","6ab6a8c9df62e07591bc0071","2026-09-25 13:03"
"Mateo comeback","6a425bccc13aef033f62c10a","溝口勇児","6377c7561c02362bcac9a924","6ab6a7ebdf62e07591bbfd50","2026-09-25 13:03"
"Jackkincaid","5d698d4ab4ec17864c52c785","Thore Stach","60b2c6420390be00015e9fa1","6ab6a5a6df62e07591bbf44a","2026-09-25 13:03"
"Geoplex","5fc3dc04ed954900017d7dad","しよえ　Shiyoe","6375a42d001fcb9df8d226d9","6ab6a5823c3598bdae7c5f49","2026-09-25 13:04"
"Preussen","64da4d57e44ffbb819d935b1","Żukasz","602cfd5dc397fa0001f09dfb","6ab6a750aa16f0c3f4e2404c","2026-09-25 13:04"
"Ignatz","65680f7fa13f21152691c4c5","GeoMax","610ade6208061c000158624f","6ab6a888aa16f0c3f4e244c0","2026-09-25 13:04"
"juki","670e7786c5752c88120b2d7f","ferreiro","5f126427d6ca438f24009b8e","6ab6a8f90e299ebd6f51b4cf","2026-09-25 13:04"
"Dalen","6a7331766c4848c92a5311d5","GeoChiko","637129eb9d737c55a520a3e3","6ab6a7ec1e72ad4d271bdb2b","2026-09-25 13:04"
"Lene","5d52f64824ec173888d82b60","Fructidor","5e3712631e34a03504349945","6ab6a578df62e07591bbf3bb","2026-09-25 13:05"
"Locke","679bd2f0c95e0ff79cde564e","Kuba","6744ee112d6c958a853b52a6","6ab6a7d07f43923c257b0dc9","2026-09-25 13:05"
"wichura240","68767692157557d5c76a0ab6","shout","596d0399a237ab6bf0b1b5cb","6ab6a9407f43923c257b141f","2026-09-25 13:05"
"Szymono","613295acc4b5740001f1bfdf","mirai","658cfaf8c12126a89d3c98fb","6ab6a8ee0011b98cb44b7a2f","2026-09-25 13:05"
"Saradão","66245f82ee56b7dcb4cfcca3","persimmonsukip","6809563cae64cffc1988e9fe","6ab6a6f07f43923c257b0a5d","2026-09-25 13:05"
"Felix.svb","6856986bb22dea4ae40a3d22","Lost Paradise","66e46f109b53fcb55436dd52","6ab6a820df62e07591bbfe23","2026-09-25 13:06"
"Albanian Guy","58796ade8b9ff486d81bbad5","Jonas","661ad4c4073f663c21b57fe6","6ab6a93bd874df07518e0b83","2026-09-25 13:06"
"Kuba","6744ee112d6c958a853b52a6","wichura240","68767692157557d5c76a0ab6","6ab6a99eaa16f0c3f4e248a4","2026-09-25 13:06"
"溝口勇児","6377c7561c02362bcac9a924","Mestre3342","60bcb2627521290001a84cac","6ab6a954187fda8a649ef456","2026-09-25 13:06"
"Albanian Guy","58796ade8b9ff486d81bbad5","Jonas","661ad4c4073f663c21b57fe6","6ab6a93bd874df07518e0b83","2026-09-25 13:07"
"Ned","5eeb7335479917548004e4f7","Gaizkaiser","61e67e2b8a1e1100013538d3","6ab6a709aa16f0c3f4e23f4c","2026-09-25 13:07"
"VIVER","631f29032347fcd4bef60349","ferreiro","5f126427d6ca438f24009b8e","6ab6a97f7f43923c257b1522","2026-09-25 13:07"
"Vanalinn Enthusiast","57689d1b813a4f985c9652a3","Mestre3342","60bcb2627521290001a84cac","6ab6a9d03c3598bdae7c6e8b","2026-09-25 13:08"
"Geoplex","5fc3dc04ed954900017d7dad","Markus Benz","6109729e88f8fa00013f1db2","6ab6a97d7f43923c257b151b","2026-09-25 13:09"
"FranzSanchez","68b3e3b52c6db073218b382c","jschil522","634fc82dfa0a2ae6171cbf65","6ab6aa3f7f43923c257b1855","2026-09-25 13:09"
"wichura240","68767692157557d5c76a0ab6","Lancer227","65b1167dd85363b33611ac05","6ab6a9ed364b2b2fc95cdcca","2026-09-25 13:09"
"juki","670e7786c5752c88120b2d7f","shout","596d0399a237ab6bf0b1b5cb","6ab6a9917f43923c257b1572","2026-09-25 13:09"
"Preussen","64da4d57e44ffbb819d935b1","Żukasz","602cfd5dc397fa0001f09dfb","6ab6a9707f43923c257b14ce","2026-09-25 13:10"
"Kuba","6744ee112d6c958a853b52a6","溝口勇児","6377c7561c02362bcac9a924","6ab6a9dadf62e07591bc046d","2026-09-25 13:10"
"Szymono","613295acc4b5740001f1bfdf","mirai","658cfaf8c12126a89d3c98fb","6ab6a98d7f43923c257b155e","2026-09-25 13:10"
"ferreiro","5f126427d6ca438f24009b8e","kawy","6a2d61bda141fcc6981c341c","6ab6aa38187fda8a649ef75a","2026-09-25 13:10"
"PANDA","6874e2f8ef3960e599abae7c","ferreiro","5f126427d6ca438f24009b8e","6ab6aac2f527897d27c37591","2026-09-25 13:11"
"しよえ　Shiyoe","6375a42d001fcb9df8d226d9","Locke","679bd2f0c95e0ff79cde564e","6ab6aa41aa16f0c3f4e24ae9","2026-09-25 13:12"
"wisps","60ad03a48b6e1d00012f8e7e","Lene","5d52f64824ec173888d82b60","6ab6a9cc187fda8a649ef607","2026-09-25 13:12"
"拉麵","65babbbbcd35c5966241eff6","PQ","6953a5aff57e451db5af2a86","6ab6aa4daa16f0c3f4e24b07","2026-09-25 13:12"
"bezzo","5c4b0baa98004e87dc4ba512","Avandy","60c3535133004c00010451a3","6ab6aa7a7f43923c257b1907","2026-09-25 13:13"
"Henrikk","622640b7cb9b530001598509","Laatsch","60c62658b2f5d60001ed3efe","6ab6a912df62e07591bc01a7","2026-09-25 13:13"
"Albanian Guy","58796ade8b9ff486d81bbad5","Jonas","661ad4c4073f663c21b57fe6","6ab6aa307f43923c257b181f","2026-09-25 13:14"
"Vanalinn Enthusiast","57689d1b813a4f985c9652a3","Basilio","6870fbc9fe2760ca7e2e2e6f","6ab6ab15187fda8a649ef9ef","2026-09-25 13:14"
"[FatSnail] SavetheSnail","591790fc1bba70b6146c6485","Steve Irwin","6a594bfc4f0853294332c67f","6ab6ab2c1f090e41054a35d2","2026-09-25 13:15"
"Sityqwai","5dc9b82ae9473f3ff8ad7799","Dome-Age","57b5ab0c09f2ef0b9c8eb9f3","6ab6a834187fda8a649ef07b","2026-09-25 13:15"
"VIVER","631f29032347fcd4bef60349","shout","596d0399a237ab6bf0b1b5cb","6ab6aab0df62e07591bc0703","2026-09-25 13:15"
"wichura240","68767692157557d5c76a0ab6","Kuba","6744ee112d6c958a853b52a6","6ab6aabadf62e07591bc0740","2026-09-25 13:15"
"stepanartt","60ab9a9195cb750001fb3b69","Jackkincaid","5d698d4ab4ec17864c52c785","6ab6a9387f43923c257b13e3","2026-09-25 13:15"
"溝口勇児","6377c7561c02362bcac9a924","GeoMax","610ade6208061c000158624f","6ab6aae9aa16f0c3f4e24cf8","2026-09-25 13:15"
"Lágrima","5f32d46aca94e000015886be","Shakazaramesh","5ef2945bbb96627c9ce5f63f","6ab6aaafab5caa0a8155ca45","2026-09-25 13:15"
"Blake Ferguson","6a16701e4b6a7bf1a569dbae","PANDA","6874e2f8ef3960e599abae7c","6ab6aa6b2f0fbe7afbf33caa","2026-09-25 13:15"
"PANDA","6874e2f8ef3960e599abae7c","GeoChiko","637129eb9d737c55a520a3e3","6ab6ab46aa16f0c3f4e24e5a","2026-09-25 13:16"
"Monaia","5d45566324ec173888d619a4","ferreiro","5f126427d6ca438f24009b8e","6ab6ab157f43923c257b1bb7","2026-09-25 13:16"
"Markus Benz","6109729e88f8fa00013f1db2","Geomalick","61fd64f28c0f8100014ebf0b","6ab6aae6187fda8a649ef94e","2026-09-25 13:17"
"Szymono","613295acc4b5740001f1bfdf","MosaTracker","68fa532476317df25e19c823","6ab6aaffdf62e07591bc0812","2026-09-25 13:18"
"FranzSanchez","68b3e3b52c6db073218b382c","Elomato","6175736a8753fb000143948b","6ab6ac0e7f43923c257b1eb6","2026-09-25 13:18"
"shout","596d0399a237ab6bf0b1b5cb","PANDA","6874e2f8ef3960e599abae7c","6ab6ac07aa16f0c3f4e250e5","2026-09-25 13:18"
"kober","67ad18a09e150413a5e6fa66","Steve Irwin","6a594bfc4f0853294332c67f","6ab6ac28aa16f0c3f4e25155","2026-09-25 13:19"
"Ned","5eeb7335479917548004e4f7","Gaizkaiser","61e67e2b8a1e1100013538d3","6ab6aa41df62e07591bc05a2","2026-09-25 13:19"
"Avandy","60c3535133004c00010451a3","VIVER","631f29032347fcd4bef60349","6ab6abfaaa16f0c3f4e250b4","2026-09-25 13:19"
"溝口勇児","6377c7561c02362bcac9a924","Kuba","6744ee112d6c958a853b52a6","6ab6ac0dab5caa0a8155cdb5","2026-09-25 13:19"
"Laatsch","60c62658b2f5d60001ed3efe","Overlord","69b43de1040ac18e740a342f","6ab6ab900011b98cb44b80e7","2026-09-25 13:19"
"ferreiro","5f126427d6ca438f24009b8e","lancelot","61f2bcbcb59610000146ae44","6ab6ac2aaa16f0c3f4e2515d","2026-09-25 13:19"
"Geo Simas","647721c84637cbc0f42de49f","Breadverry :3","68f2bca4e077ebab92e6b08b","6ab6a8cb7f43923c257b121c","2026-09-25 13:20"
"Geoplex","5fc3dc04ed954900017d7dad","Felix.svb","6856986bb22dea4ae40a3d22","6ab6aaaaaa16f0c3f4e24c39","2026-09-25 13:21"
"Albanian Guy","58796ade8b9ff486d81bbad5","Geomalick","61fd64f28c0f8100014ebf0b","6ab6ac7d187fda8a649efe3a","2026-09-25 13:21"
"[FatSnail] SavetheSnail","591790fc1bba70b6146c6485","PANDA","6874e2f8ef3960e599abae7c","6ab6ac8a187fda8a649efe5b","2026-09-25 13:21"
"Anya_TW","62739f6613352a5af981b531","Jacky Wong","63be7833696b395b1a06db85","6ab6a9acdf62e07591bc03cb","2026-09-25 13:21"
"bezzo","5c4b0baa98004e87dc4ba512","Steve Irwin","6a594bfc4f0853294332c67f","6ab6acd7187fda8a649eff35","2026-09-25 13:22"
"Avandy","60c3535133004c00010451a3","Steve Irwin","6a594bfc4f0853294332c67f","6ab6ace27f43923c257b21fc","2026-09-25 13:22"
"溝口勇児","6377c7561c02362bcac9a924","Kuba","6744ee112d6c958a853b52a6","6ab6ad11187fda8a649f001c","2026-09-25 13:22"
"shout","596d0399a237ab6bf0b1b5cb","PANDA","6874e2f8ef3960e599abae7c","6ab6aca63c3598bdae7c76a7","2026-09-25 13:22"
"Lágrima","5f32d46aca94e000015886be","Mecenas Jefferson","56ab9660aeb0f587e8d0190a","6ab6acaf7f43923c257b2113","2026-09-25 13:22"
"Basilio","6870fbc9fe2760ca7e2e2e6f","GeoChiko","637129eb9d737c55a520a3e3","6ab6ac4b7f43923c257b1fb4","2026-09-25 13:22"
"Henrikk","622640b7cb9b530001598509","Locke","679bd2f0c95e0ff79cde564e","6ab6ab8f7f43923c257b1d56","2026-09-25 13:23"
"kstyko","5ead136297d6cf24a42b1ef4","VIVER","631f29032347fcd4bef60349","6ab6acf13c3598bdae7c77c7","2026-09-25 13:24"
"wisps","60ad03a48b6e1d00012f8e7e","Lene","5d52f64824ec173888d82b60","6ab6ab593c3598bdae7c731f","2026-09-25 13:25"
"Avandy","60c3535133004c00010451a3","Steve Irwin","6a594bfc4f0853294332c67f","6ab6adb57f43923c257b253b","2026-09-25 13:25"
"Dalen","6a7331766c4848c92a5311d5","Elefantenrennen","62389c45454d59071bc14556","6ab6ad742f0fbe7afbf3439a","2026-09-25 13:25"
"Moussa","63f298b8251569d36d50155b","speechless","65561d46c43dca8265db66c2","6ab6addbdf62e07591bc11c2","2026-09-25 13:25"
"kober","67ad18a09e150413a5e6fa66","Geomalick","61fd64f28c0f8100014ebf0b","6ab6ad9eab5caa0a8155d19f","2026-09-25 13:26"
"ferreiro","5f126427d6ca438f24009b8e","shout","596d0399a237ab6bf0b1b5cb","6ab6adc27f43923c257b2585","2026-09-25 13:26"
"Geoplex","5fc3dc04ed954900017d7dad","Felix.svb","6856986bb22dea4ae40a3d22","6ab6adee187fda8a649f02eb","2026-09-25 13:27"
"bezzo","5c4b0baa98004e87dc4ba512","kstyko","5ead136297d6cf24a42b1ef4","6ab6ae1e187fda8a649f043c","2026-09-25 13:27"
"VIVER","631f29032347fcd4bef60349","Avandy","60c3535133004c00010451a3","6ab6ae76187fda8a649f05b1","2026-09-25 13:27"
"Jacky Wong","63be7833696b395b1a06db85","Sityqwai","5dc9b82ae9473f3ff8ad7799","6ab6ad903c3598bdae7c79e0","2026-09-25 13:27"
"UpliftingPeninsula263","66b80145236f1a4e4d55036f","Szymono","613295acc4b5740001f1bfdf","6ab6acc3df62e07591bc0dd7","2026-09-25 13:27"
"溝口勇児","6377c7561c02362bcac9a924","Kuba","6744ee112d6c958a853b52a6","6ab6ad9fdf62e07591bc10e8","2026-09-25 13:28"
"Geomalick","61fd64f28c0f8100014ebf0b","Frouser","676f1d87e37422d9da127424","6ab6ae937f43923c257b28e7","2026-09-25 13:29"
"Henrikk","622640b7cb9b530001598509","Lágrima","5f32d46aca94e000015886be","6ab6adce3c3598bdae7c7aa8","2026-09-25 13:29"
"shout","596d0399a237ab6bf0b1b5cb","ferreiro","5f126427d6ca438f24009b8e","6ab6ae86aa16f0c3f4e25aa0","2026-09-25 13:29"
"Albanian Guy","58796ade8b9ff486d81bbad5","[FatSnail] SavetheSnail","591790fc1bba70b6146c6485","6ab6adfd7f43923c257b2692","2026-09-25 13:30"
"Markus Benz","6109729e88f8fa00013f1db2","Herrjiell","6463ce1ce623a26f09da5866","6ab6acdaaa16f0c3f4e253a2","2026-09-25 13:30"
"kstyko","5ead136297d6cf24a42b1ef4","VIVER","631f29032347fcd4bef60349","6ab6aeee7f43923c257b2a6f","2026-09-25 13:30"
"irrational","65ba97ce8b2ba0c747ffa3b7","L'Hank the Dawnstreak","628e0d478e5ef3a3ca163627","6ab6aca47f43923c257b20e6","2026-09-25 13:30"
"Geo Simas","647721c84637cbc0f42de49f","Żukasz","602cfd5dc397fa0001f09dfb","6ab6ad23aa16f0c3f4e2559c","2026-09-25 13:30"
"Dalen","6a7331766c4848c92a5311d5","emoji4 ➡️ emoji5emoji5emoji5","69020a9dd65f395771ade781","6ab6ae5bdf62e07591bc1371","2026-09-25 13:31"
"Szymono","613295acc4b5740001f1bfdf","Sebo586","6484d6c62835b90b9cd9297c","6ab6aee37f43923c257b2a48","2026-09-25 13:32"
"Shakazaramesh","5ef2945bbb96627c9ce5f63f","PopularPeninsula783","6794f91a4613843d08b344b1","6ab6aea4aa16f0c3f4e25b42","2026-09-25 13:32"
"ferreiro","5f126427d6ca438f24009b8e","Ferrummite","67992f6cb109ba1d618b3ec9","6ab6af87aa16f0c3f4e25e8a","2026-09-25 13:32"
"Geoplex","5fc3dc04ed954900017d7dad","Felix.svb","6856986bb22dea4ae40a3d22","6ab6aee57f43923c257b2a50","2026-09-25 13:33"
"Locke","679bd2f0c95e0ff79cde564e","Jerzy Kirkowski","5ecbdec18d6ade72cc832c5a","6ab6ae493c3598bdae7c7c9c","2026-09-25 13:33"
"Thomas4183b","60194a73ccb73b00018edf77","Preussen","64da4d57e44ffbb819d935b1","6ab6ab847f43923c257b1d48","2026-09-25 13:33"
"kstyko","5ead136297d6cf24a42b1ef4","VIVER","631f29032347fcd4bef60349","6ab6af933c3598bdae7c8091","2026-09-25 13:34"
"溝口勇児","6377c7561c02362bcac9a924","Kuba","6744ee112d6c958a853b52a6","6ab6aefc1f090e41054a42da","2026-09-25 13:34"
"Frouser","676f1d87e37422d9da127424","bezzo","5c4b0baa98004e87dc4ba512","6ab6af72187fda8a649f0943","2026-09-25 13:35"
"Henrikk","622640b7cb9b530001598509","Lágrima","5f32d46aca94e000015886be","6ab6af48df62e07591bc170e","2026-09-25 13:35"
"Kuba","6744ee112d6c958a853b52a6","FLOF78","60f6be36d3b5f500019b890c","6ab6b063aa16f0c3f4e26283","2026-09-25 13:35"
"aguardiente","60ba2dec2056310001c27701","Imclone","635957cbe91ab8daa910b92a","6ab6b026df62e07591bc1ad1","2026-09-25 13:35"
"Geomalick","61fd64f28c0f8100014ebf0b","Markus Benz","6109729e88f8fa00013f1db2","6ab6afb7df62e07591bc18b1","2026-09-25 13:36"
"ferreiro","5f126427d6ca438f24009b8e","emoji4 ➡️ emoji5emoji5emoji5","69020a9dd65f395771ade781","6ab6afebdf62e07591bc19a8","2026-09-25 13:36"
"Locke","679bd2f0c95e0ff79cde564e","Jerzy Kirkowski","5ecbdec18d6ade72cc832c5a","6ab6b049aa16f0c3f4e261f3","2026-09-25 13:37"
"shout","596d0399a237ab6bf0b1b5cb","MosaTracker","68fa532476317df25e19c823","6ab6af54187fda8a649f08df","2026-09-25 13:37"
"barle #freepalmitas #freekober","6398628520609ac8c10cab13","Albanian Guy","58796ade8b9ff486d81bbad5","6ab6b029187fda8a649f0c96","2026-09-25 13:38"
"VIVER","631f29032347fcd4bef60349","Kuba","6744ee112d6c958a853b52a6","6ab6b0ba7f43923c257b3256","2026-09-25 13:39"
"Shakazaramesh","5ef2945bbb96627c9ce5f63f","Ferklen","62f6afb55a379b73b23633ae","6ab6afee7f43923c257b2ea9","2026-09-25 13:39"
"Felix.svb","6856986bb22dea4ae40a3d22","Herrjiell","6463ce1ce623a26f09da5866","6ab6b03e187fda8a649f0cd1","2026-09-25 13:40"
"Dissonans","60e09234213b0600019d912e","bezzo","5c4b0baa98004e87dc4ba512","6ab6b11b7f43923c257b344e","2026-09-25 13:40"
"aguardiente","60ba2dec2056310001c27701","Linh","62bc864e736593de5226a97c","6ab6b136df62e07591bc1f6f","2026-09-25 13:40"
"kstyko","5ead136297d6cf24a42b1ef4","Frouser","676f1d87e37422d9da127424","6ab6b0d37f43923c257b32da","2026-09-25 13:41"
"Sityqwai","5dc9b82ae9473f3ff8ad7799","Jacky Wong","63be7833696b395b1a06db85","6ab6af057f43923c257b2ac1","2026-09-25 13:41"
"Laatsch","60c62658b2f5d60001ed3efe","Geoplonker","63e1d8513621f1ba4a58fb70","6ab6b01c187fda8a649f0c6b","2026-09-25 13:41"
"barle #freepalmitas #freekober","6398628520609ac8c10cab13","VIVER","631f29032347fcd4bef60349","6ab6b1fbaa16f0c3f4e2696f","2026-09-25 13:42"
"wichura240","68767692157557d5c76a0ab6","Henrikk","622640b7cb9b530001598509","6ab6b092df62e07591bc1c95","2026-09-25 13:42"
"Lágrima","5f32d46aca94e000015886be","Lancer227","65b1167dd85363b33611ac05","6ab6b0a0aa16f0c3f4e26375","2026-09-25 13:42"
"Veet","61f24e39e6b49c0001e98918","shout","596d0399a237ab6bf0b1b5cb","6ab6b136df62e07591bc1f74","2026-09-25 13:42"
"Geomalick","61fd64f28c0f8100014ebf0b","Albanian Guy","58796ade8b9ff486d81bbad5","6ab6b1647f43923c257b3573","2026-09-25 13:43"
"Szymono","613295acc4b5740001f1bfdf","PopularPeninsula783","6794f91a4613843d08b344b1","6ab6b015df62e07591bc1a6b","2026-09-25 13:43"
"Reynardo","619e21dbcd59be0001df98df","øttawa","5e976125d502e12cf8d2e61f","6ab6aed73c3598bdae7c7e75","2026-09-25 13:43"
"Dalen","6a7331766c4848c92a5311d5","chuchichästli1#","696cbc1fda3957f671f9a044","6ab6b194aa16f0c3f4e267b7","2026-09-25 13:43"
"Markus Benz","6109729e88f8fa00013f1db2","martiiin___","5e8366f03730753efc33ec0c","6ab6b1287f43923c257b347c","2026-09-25 13:44"
"Locke","679bd2f0c95e0ff79cde564e","Jerzy Kirkowski","5ecbdec18d6ade72cc832c5a","6ab6b185aa16f0c3f4e26774","2026-09-25 13:44"
"Gknolle9","638a068b6709ad1074d14898","Dalen","6a7331766c4848c92a5311d5","6ab6b27d187fda8a649f14ae","2026-09-25 13:44"
"bezzo","5c4b0baa98004e87dc4ba512","Dissonans","60e09234213b0600019d912e","6ab6b22aaa16f0c3f4e26a2f","2026-09-25 13:45"
"Shakazaramesh","5ef2945bbb96627c9ce5f63f","Kuba","6744ee112d6c958a853b52a6","6ab6b1a1187fda8a649f1166","2026-09-25 13:45"
"Laatsch","60c62658b2f5d60001ed3efe","persimmonsukip","6809563cae64cffc1988e9fe","6ab6b22d7f43923c257b3971","2026-09-25 13:45"
"Gaizkaiser","61e67e2b8a1e1100013538d3","L'Hank the Dawnstreak","628e0d478e5ef3a3ca163627","6ab6b069ab5caa0a8155d9c4","2026-09-25 13:46"
"VIVER","631f29032347fcd4bef60349","ferreiro","5f126427d6ca438f24009b8e","6ab6b2a13c3598bdae7c8c47","2026-09-25 13:47"
"Gknolle9","638a068b6709ad1074d14898","Dalen","6a7331766c4848c92a5311d5","6ab6b2e7aa16f0c3f4e26d8f","2026-09-25 13:47"
"Kuba","6744ee112d6c958a853b52a6","Thenderson","651735b2324c811102e538a6","6ab6b31f7f43923c257b3d67","2026-09-25 13:47"
"Geomalick","61fd64f28c0f8100014ebf0b","Markus Benz","6109729e88f8fa00013f1db2","6ab6b2fb7f43923c257b3c94","2026-09-25 13:48"
"Rasender","5d36bec124ec173888d3a33a","Felix.svb","6856986bb22dea4ae40a3d22","6ab6b241aa16f0c3f4e26a7c","2026-09-25 13:48"
"Ferklen","62f6afb55a379b73b23633ae","PopularPeninsula783","6794f91a4613843d08b344b1","6ab6b2f57f43923c257b3c77","2026-09-25 13:48"
"Lágrima","5f32d46aca94e000015886be","Lancer227","65b1167dd85363b33611ac05","6ab6b252df62e07591bc23ef","2026-09-25 13:48"
"martiiin___","5e8366f03730753efc33ec0c","Dissonans","60e09234213b0600019d912e","6ab6b318df62e07591bc2750","2026-09-25 13:49"
"wisps","60ad03a48b6e1d00012f8e7e","Preussen","64da4d57e44ffbb819d935b1","6ab6b0bcdf62e07591bc1d51","2026-09-25 13:50"
"Frouser","676f1d87e37422d9da127424","barle #freepalmitas #freekober","6398628520609ac8c10cab13","6ab6b26baa16f0c3f4e26b4c","2026-09-25 13:50"
"VIVER","631f29032347fcd4bef60349","meow #deserved multi","68582b5f8e62427811441b60","6ab6b3a33c3598bdae7c8fb7","2026-09-25 13:50"
"Locke","679bd2f0c95e0ff79cde564e","Szymono","613295acc4b5740001f1bfdf","6ab6b2cbaa16f0c3f4e26cf5","2026-09-25 13:51"
"irrational","65ba97ce8b2ba0c747ffa3b7","L'Hank the Dawnstreak","628e0d478e5ef3a3ca163627","6ab6b344df62e07591bc27f5","2026-09-25 13:51"
"Kingi","60710278c5c3340001822cbe","Kuba","6744ee112d6c958a853b52a6","6ab6b384aa16f0c3f4e27057","2026-09-25 13:51"
"bezzo","5c4b0baa98004e87dc4ba512","wichura240","68767692157557d5c76a0ab6","6ab6b3c4df62e07591bc2a35","2026-09-25 13:52"
"shout","596d0399a237ab6bf0b1b5cb","Gknolle9","638a068b6709ad1074d14898","6ab6b396187fda8a649f1924","2026-09-25 13:52"
"aguardiente","60ba2dec2056310001c27701","Veet","61f24e39e6b49c0001e98918","6ab6b2e2df62e07591bc263c","2026-09-25 13:52"
"Vanalinn Enthusiast","57689d1b813a4f985c9652a3","Shakazaramesh","5ef2945bbb96627c9ce5f63f","6ab6b325aa16f0c3f4e26eac","2026-09-25 13:52"
"meow #deserved multi","68582b5f8e62427811441b60","Dissonans","60e09234213b0600019d912e","6ab6b44ddf62e07591bc2c14","2026-09-25 13:53"
"Kuba","6744ee112d6c958a853b52a6","Szymono","613295acc4b5740001f1bfdf","6ab6b460ab5caa0a8155e6d0","2026-09-25 13:53"
"Jacky Wong","63be7833696b395b1a06db85","Reynardo","619e21dbcd59be0001df98df","6ab6b277df62e07591bc2486","2026-09-25 13:53"
"øttawa","5e976125d502e12cf8d2e61f","Ugo","62248d425ee8bf0001893306","6ab6b2c3df62e07591bc25b9","2026-09-25 13:53"
"shout","596d0399a237ab6bf0b1b5cb","kstyko","5ead136297d6cf24a42b1ef4","6ab6b4b5aa16f0c3f4e275c7","2026-09-25 13:54"
"Gknolle9","638a068b6709ad1074d14898","Dalen","6a7331766c4848c92a5311d5","6ab6b4aedf62e07591bc2e13","2026-09-25 13:54"
"Sityqwai","5dc9b82ae9473f3ff8ad7799","Zion","643a327c90664def4616d9e7","6ab6b241df62e07591bc23be","2026-09-25 13:55"
"Dissonans","60e09234213b0600019d912e","wichura240","68767692157557d5c76a0ab6","6ab6b4fc7f43923c257b4600","2026-09-25 13:55"
"Żukasz","602cfd5dc397fa0001f09dfb","Qu of indo","69f9974562588d8c829b4cfd","6ab6b481187fda8a649f1c3a","2026-09-25 13:55"
"Geomalick","61fd64f28c0f8100014ebf0b","Valen´t","5ecc89febb39467ce83ec462","6ab6b416aa16f0c3f4e27319","2026-09-25 13:56"
"Felix.svb","6856986bb22dea4ae40a3d22","Frouser","676f1d87e37422d9da127424","6ab6b41c7f43923c257b41d1","2026-09-25 13:56"
"kstyko","5ead136297d6cf24a42b1ef4","shout","596d0399a237ab6bf0b1b5cb","6ab6b5141f090e41054a5a07","2026-09-25 13:56"
"Dissonans","60e09234213b0600019d912e","Gknolle9","638a068b6709ad1074d14898","6ab6b5437f43923c257b4701","2026-09-25 13:56"
"Laatsch","60c62658b2f5d60001ed3efe","TripEp","67853ea3426d61dc087f1e1f","6ab6b3267f43923c257b3d8b","2026-09-25 13:56"
"martiiin___","5e8366f03730753efc33ec0c","Markus Benz","6109729e88f8fa00013f1db2","6ab6b405187fda8a649f1ab8","2026-09-25 13:57"
"Shakazaramesh","5ef2945bbb96627c9ce5f63f","xenoxvx","656a6671f86dd57dbb5e2d65","6ab6b4bd7f43923c257b44d6","2026-09-25 13:57"
"MANGER","6785046bef2c357f0bdfd387","PopularPeninsula783","6794f91a4613843d08b344b1","6ab6b3bf7f43923c257b4032","2026-09-25 13:58"
"L'Hank the Dawnstreak","628e0d478e5ef3a3ca163627","Preussen","64da4d57e44ffbb819d935b1","6ab6b480d874df07518e2bff","2026-09-25 13:58"
"Reynardo","619e21dbcd59be0001df98df","Imclone","635957cbe91ab8daa910b92a","6ab6b50caa16f0c3f4e27706","2026-09-25 13:58"
"Thenderson","651735b2324c811102e538a6","Synxzy #UnbanPalmitas","62b9d279343a6042acb35fe8","6ab6b547187fda8a649f1f27","2026-09-25 13:58"
"Kuba","6744ee112d6c958a853b52a6","Vanalinn Enthusiast","57689d1b813a4f985c9652a3","6ab6b4df7f43923c257b455f","2026-09-25 13:59"
"Reynardo","619e21dbcd59be0001df98df","Dissonans","60e09234213b0600019d912e","6ab6b6037f43923c257b4a4d","2026-09-25 13:59"
"Siemeon","62dc07edf32847e5836668f1","Markus Benz","6109729e88f8fa00013f1db2","6ab6b608aa16f0c3f4e27beb","2026-09-25 14:00"
"Jarnoo","6807860a7b5e23a92b7f855f","wichura240","68767692157557d5c76a0ab6","6ab6b5747f43923c257b47aa","2026-09-25 14:00"
"Szymono","613295acc4b5740001f1bfdf","Veet","61f24e39e6b49c0001e98918","6ab6b4ee7f43923c257b45be","2026-09-25 14:00"
"Felix.svb","6856986bb22dea4ae40a3d22","martiiin___","5e8366f03730753efc33ec0c","6ab6b606aa16f0c3f4e27be6","2026-09-25 14:01"
"bezzo","5c4b0baa98004e87dc4ba512","Joshkabloomy","604c5a52e142340001a0a666","6ab6b560aa16f0c3f4e2785d","2026-09-25 14:01"
"kstyko","5ead136297d6cf24a42b1ef4","shout","596d0399a237ab6bf0b1b5cb","6ab6b597aa16f0c3f4e27986","2026-09-25 14:01"
"Gknolle9","638a068b6709ad1074d14898","lancelot","61f2bcbcb59610000146ae44","6ab6b5aeaa16f0c3f4e279f0","2026-09-25 14:01"
"Kuba","6744ee112d6c958a853b52a6","MANGER","6785046bef2c357f0bdfd387","6ab6b6397f43923c257b4b69","2026-09-25 14:02"
"Reynardo","619e21dbcd59be0001df98df","ferreiro","5f126427d6ca438f24009b8e","6ab6b652aa16f0c3f4e27d1f","2026-09-25 14:02"
"Geo Simas","647721c84637cbc0f42de49f","Major Bajor","5dec182b44d2a4a0f4feafaf","6ab6affd187fda8a649f0bba","2026-09-25 14:02"
"Dissonans","60e09234213b0600019d912e","GeoChiko","637129eb9d737c55a520a3e3","6ab6b65eaa16f0c3f4e27d56","2026-09-25 14:03"
"Geomalick","61fd64f28c0f8100014ebf0b","Valen´t","5ecc89febb39467ce83ec462","6ab6b5ba187fda8a649f20cb","2026-09-25 14:04"
"kstyko","5ead136297d6cf24a42b1ef4","Jarnoo","6807860a7b5e23a92b7f855f","6ab6b6c1f527897d27c3987b","2026-09-25 14:04"
"Shakazaramesh","5ef2945bbb96627c9ce5f63f","Laatsch","60c62658b2f5d60001ed3efe","6ab6b5dddf62e07591bc3280","2026-09-25 14:04"
"Gknolle9","638a068b6709ad1074d14898","Lancer227","65b1167dd85363b33611ac05","6ab6b6b9aa16f0c3f4e27ee9","2026-09-25 14:04"
"Szymono","613295acc4b5740001f1bfdf","Veet","61f24e39e6b49c0001e98918","6ab6b6a67f43923c257b4d34","2026-09-25 14:05"
"Kubson","63be7fdebd54e6a7f756f9d1","Kuba","6744ee112d6c958a853b52a6","6ab6b7483c3598bdae7c9ccc","2026-09-25 14:05"
"I hate this duel map","654d0e4520681e7049600f03","Qu of indo","69f9974562588d8c829b4cfd","6ab6b6fa7f43923c257b4e9d","2026-09-25 14:05"
"Siemeon","62dc07edf32847e5836668f1","Markus Benz","6109729e88f8fa00013f1db2","6ab6b6aedf62e07591bc36d5","2026-09-25 14:06"
"barle #freepalmitas #freekober","6398628520609ac8c10cab13","Gaizkaiser","61e67e2b8a1e1100013538d3","6ab6b431df62e07591bc2bb0","2026-09-25 14:06"
"wichura240","68767692157557d5c76a0ab6","shout","596d0399a237ab6bf0b1b5cb","6ab6b6af7f43923c257b4d62","2026-09-25 14:06"
"Gknolle9","638a068b6709ad1074d14898","Dissonans","60e09234213b0600019d912e","6ab6b7727f43923c257b5075","2026-09-25 14:06"
"barry","62be7867aa13616722f8dd4a","pan","5ff3206bbc4e8c00013e4b25","6ab6b6bcdf62e07591bc3710","2026-09-25 14:07"
"Kuba","6744ee112d6c958a853b52a6","meow #deserved multi","68582b5f8e62427811441b60","6ab6b7c37f43923c257b51bc","2026-09-25 14:07"
"Ulork","5e2ded716ea510b234a670b2","s7ymon.","689dea76e80ba00f3a8dbdc1","6ab6b5e6187fda8a649f2195","2026-09-25 14:08"
"Magnus","679395e4205fcbaaa18ff360","Fifonż","62a47f05cc33a10539b724eb","6ab6b5f1df62e07591bc32d6","2026-09-25 14:08"
"øttawa","5e976125d502e12cf8d2e61f","Kakadu","5e5a2a7326bbda5f8c0d9c4d","6ab6b56f187fda8a649f1fd4","2026-09-25 14:08"
"Kubson","63be7fdebd54e6a7f756f9d1","Geo2ac","5ef8c4a17c537346ac95bd96","6ab6b7c3aa16f0c3f4e28349","2026-09-25 14:08"
"bezzo","5c4b0baa98004e87dc4ba512","Valen´t","5ecc89febb39467ce83ec462","6ab6b7703c3598bdae7c9d4e","2026-09-25 14:09"
"L'Hank the Dawnstreak","628e0d478e5ef3a3ca163627","Preussen","64da4d57e44ffbb819d935b1","6ab6b602df62e07591bc3353","2026-09-25 14:09"
"Reynardo","619e21dbcd59be0001df98df","ferreiro","5f126427d6ca438f24009b8e","6ab6b8653c3598bdae7ca0ab","2026-09-25 14:10"
"najlepší slovák","60bfb8941ab8d3000123cb5f","Markus Benz","6109729e88f8fa00013f1db2","6ab6b814187fda8a649f2a15","2026-09-25 14:11"
"meow #deserved multi","68582b5f8e62427811441b60","Kuba","6744ee112d6c958a853b52a6","6ab6b84e3c3598bdae7ca06d","2026-09-25 14:11"
"shout","596d0399a237ab6bf0b1b5cb","Gknolle9","638a068b6709ad1074d14898","6ab6b80b7f43923c257b5315","2026-09-25 14:11"
"I hate this duel map","654d0e4520681e7049600f03","Nico","5e8494b3cd30759188bd297c","6ab6b89a771114354662e8b1","2026-09-25 14:11"
"Dissonans","60e09234213b0600019d912e","Jerzy Kirkowski","5ecbdec18d6ade72cc832c5a","6ab6b8b40011b98cb44ba9b6","2026-09-25 14:12"
"Shakazaramesh","5ef2945bbb96627c9ce5f63f","Qu of indo","69f9974562588d8c829b4cfd","6ab6b7b6187fda8a649f2882","2026-09-25 14:12"
"Ulork","5e2ded716ea510b234a670b2","pan","5ff3206bbc4e8c00013e4b25","6ab6b88bdf62e07591bc3dc3","2026-09-25 14:13"
"Felix.svb","6856986bb22dea4ae40a3d22","Rasender","5d36bec124ec173888d3a33a","6ab6b78d187fda8a649f27f5","2026-09-25 14:13"
"bezzo","5c4b0baa98004e87dc4ba512","Valen´t","5ecc89febb39467ce83ec462","6ab6b90e7f43923c257b581c","2026-09-25 14:13"
"martiiin___","5e8366f03730753efc33ec0c","MANGER","6785046bef2c357f0bdfd387","6ab6b7397f43923c257b4fb2","2026-09-25 14:13"
"Zion","643a327c90664def4616d9e7","Nakiro","5e87ef372ad6cf18f4aad259","6ab6b5867f43923c257b47fe","2026-09-25 14:13"
"PopularPeninsula783","6794f91a4613843d08b344b1","Lster95","6875664f91065c0938397061","6ab6b88a187fda8a649f2bd8","2026-09-25 14:13"
"PANDA","6874e2f8ef3960e599abae7c","Kuba","6744ee112d6c958a853b52a6","6ab6b9073c3598bdae7ca34b","2026-09-25 14:14"
"GeoChiko","637129eb9d737c55a520a3e3","phenol","63f6e6431c1ebb3a975a292b","6ab6b8403c3598bdae7ca047","2026-09-25 14:14"
"Siemeon","62dc07edf32847e5836668f1","s7ymon.","689dea76e80ba00f3a8dbdc1","6ab6b86e187fda8a649f2b74","2026-09-25 14:15"
"Lost Paradise","66e46f109b53fcb55436dd52","Snupi","5c900e6ee92b0c49e40187bd","6ab6b9307f43923c257b58c4","2026-09-25 14:15"
"bezzo","5c4b0baa98004e87dc4ba512","Senty","65dc836b33066622c3ebfb88","6ab6b99fab5caa0a8155f6d9","2026-09-25 14:15"
"Kacper Tomasiak","6874db1c4c43e0efcc0bc838","PANDA","6874e2f8ef3960e599abae7c","6ab6b8f3df62e07591bc3f9b","2026-09-25 14:15"
"Jerzy Kirkowski","5ecbdec18d6ade72cc832c5a","Dissonans","60e09234213b0600019d912e","6ab6b96b3c3598bdae7ca502","2026-09-25 14:15"
"Major Bajor","5dec182b44d2a4a0f4feafaf","Egorsmol","60c7cce623bc770001651df5","6ab6b8541f090e41054a6783","2026-09-25 14:15"
"najlepší slovák","60bfb8941ab8d3000123cb5f","Markus Benz","6109729e88f8fa00013f1db2","6ab6b93e7f43923c257b58f3","2026-09-25 14:16"
"meow #deserved multi","68582b5f8e62427811441b60","PANDA","6874e2f8ef3960e599abae7c","6ab6b902187fda8a649f2e05","2026-09-25 14:16"
"shout","596d0399a237ab6bf0b1b5cb","Gknolle9","638a068b6709ad1074d14898","6ab6b90f7f43923c257b5825","2026-09-25 14:16"
"Szymono","613295acc4b5740001f1bfdf","GeoNestor","5a0761e672d16b933871e7a1","6ab6b8ff7f43923c257b57cc","2026-09-25 14:16"
"Leo","643ee35e420a82ec7b9e79cc","Kuba","6744ee112d6c958a853b52a6","6ab6b9dc1f090e41054a6e88","2026-09-25 14:17"
"MANGER","6785046bef2c357f0bdfd387","Pasord","6669c659ca16186b5a3dbc35","6ab6b97d3c3598bdae7ca541","2026-09-25 14:18"
"Jerzy Kirkowski","5ecbdec18d6ade72cc832c5a","Dissonans","60e09234213b0600019d912e","6ab6ba0c187fda8a649f3235","2026-09-25 14:18"
"Reynardo","619e21dbcd59be0001df98df","quarksauce","5fe1b134a2ebcc0001c6bd9c","6ab6b8db7f43923c257b56e5","2026-09-25 14:18"
"Shakazaramesh","5ef2945bbb96627c9ce5f63f","Jrriddle","57a6214096ca6774b09dfc10","6ab6ba36187fda8a649f32c2","2026-09-25 14:18"
"Siemeon","62dc07edf32847e5836668f1","s7ymon.","689dea76e80ba00f3a8dbdc1","6ab6ba18187fda8a649f3259","2026-09-25 14:19"
"meow #deserved multi","68582b5f8e62427811441b60","Senty","65dc836b33066622c3ebfb88","6ab6ba3c3c3598bdae7ca833","2026-09-25 14:19"
"shout","596d0399a237ab6bf0b1b5cb","Kubson","63be7fdebd54e6a7f756f9d1","6ab6ba3fdf62e07591bc4505","2026-09-25 14:19"
"Jacky Wong","63be7833696b395b1a06db85","Pieter-jan De X","59886f23fdab8f163023e440","6ab6b70eaa16f0c3f4e2804f","2026-09-25 14:19"
"PopularPeninsula783","6794f91a4613843d08b344b1","Lster95","6875664f91065c0938397061","6ab6b9923c3598bdae7ca58a","2026-09-25 14:19"
"Lágrima","5f32d46aca94e000015886be","Lancer227","65b1167dd85363b33611ac05","6ab6b912187fda8a649f2e48","2026-09-25 14:20"
"Rasender","5d36bec124ec173888d3a33a","Markus Benz","6109729e88f8fa00013f1db2","6ab6ba4ddf62e07591bc4540","2026-09-25 14:21"
"落汤鸡","675ee56fd2220e44dea68a81","Valen´t","5ecc89febb39467ce83ec462","6ab6b9e97f43923c257b5bf0","2026-09-25 14:21"
"shout","596d0399a237ab6bf0b1b5cb","Kubson","63be7fdebd54e6a7f756f9d1","6ab6baea187fda8a649f3539","2026-09-25 14:21"
"Siemeon","62dc07edf32847e5836668f1","s7ymon.","689dea76e80ba00f3a8dbdc1","6ab6bb0fdf62e07591bc48a5","2026-09-25 14:22"
"Geomalick","61fd64f28c0f8100014ebf0b","Topotic (YT)","567821da838cda2a54dc799b","6ab6ba137f43923c257b5cb9","2026-09-25 14:22"
"Sityqwai","5dc9b82ae9473f3ff8ad7799","wisps","60ad03a48b6e1d00012f8e7e","6ab6b683aa16f0c3f4e27e1f","2026-09-25 14:22"
"Senty","65dc836b33066622c3ebfb88","meow #deserved multi","68582b5f8e62427811441b60","6ab6bb030011b98cb44bb0f8","2026-09-25 14:22"
"Dissonans","60e09234213b0600019d912e","Jerzy Kirkowski","5ecbdec18d6ade72cc832c5a","6ab6baaf7f43923c257b5f2e","2026-09-25 14:22"
"Gknolle9","638a068b6709ad1074d14898","Kuba","6744ee112d6c958a853b52a6","6ab6ba92df62e07591bc4677","2026-09-25 14:22"
"Felix.svb","6856986bb22dea4ae40a3d22","pan","5ff3206bbc4e8c00013e4b25","6ab6b9e73c3598bdae7ca6dd","2026-09-25 14:23"
"L'Hank the Dawnstreak","628e0d478e5ef3a3ca163627","Magnus","679395e4205fcbaaa18ff360","6ab6b898df62e07591bc3dee","2026-09-25 14:23"
"Felix.svb","6856986bb22dea4ae40a3d22","pan","5ff3206bbc4e8c00013e4b25","6ab6b9e73c3598bdae7ca6dd","2026-09-25 14:24"
"Pasord","6669c659ca16186b5a3dbc35","MANGER","6785046bef2c357f0bdfd387","6ab6bb05df62e07591bc4872","2026-09-25 14:24"
"Dissonans","60e09234213b0600019d912e","Kuba","6744ee112d6c958a853b52a6","6ab6bba7df62e07591bc4b23","2026-09-25 14:24"
"Szymono","613295acc4b5740001f1bfdf","Nici","619512ea6e5572000187322c","6ab6ba463c3598bdae7ca856","2026-09-25 14:24"
"Surgut sand","5ec369eae7115241a4e75beb","quarksauce","5fe1b134a2ebcc0001c6bd9c","6ab6bac97f43923c257b5f9e","2026-09-25 14:24"
"no one gets away with anything","64a487c9cd74917a4fac0c92","Firma","5ff879f9ce04930001f6ee64","6ab6b96f187fda8a649f2f75","2026-09-25 14:25"
"meow #deserved multi","68582b5f8e62427811441b60","Gknolle9","638a068b6709ad1074d14898","6ab6bbd0df62e07591bc4bb6","2026-09-25 14:26"
"PANDA","6874e2f8ef3960e599abae7c","Kacper Tomasiak","6874db1c4c43e0efcc0bc838","6ab6ba4e3c3598bdae7ca87c","2026-09-25 14:26"
"Frouser","676f1d87e37422d9da127424","Senty","65dc836b33066622c3ebfb88","6ab6bbc53c3598bdae7caf58","2026-09-25 14:27"
"Siemeon","62dc07edf32847e5836668f1","pan","5ff3206bbc4e8c00013e4b25","6ab6bc327f43923c257b660b","2026-09-25 14:28"
"Markus Benz","6109729e88f8fa00013f1db2","Valen´t","5ecc89febb39467ce83ec462","6ab6bb60aa16f0c3f4e2909b","2026-09-25 14:28"
"PLK","62179a5c8e88d400010d91ea","meow #deserved multi","68582b5f8e62427811441b60","6ab6bc9a187fda8a649f3c12","2026-09-25 14:28"
"Kuba","6744ee112d6c958a853b52a6","GeoChiko","637129eb9d737c55a520a3e3","6ab6bc1ddf62e07591bc4cb9","2026-09-25 14:28"
"Szymono","613295acc4b5740001f1bfdf","Conax4WC2027","6772fee6827b91b41dd22b5f","6ab6bc300011b98cb44bb4ef","2026-09-25 14:29"
"Lágrima","5f32d46aca94e000015886be","Reynardo","619e21dbcd59be0001df98df","6ab6bb4e187fda8a649f36f5","2026-09-25 14:29"
"Gknolle9","638a068b6709ad1074d14898","Kubson","63be7fdebd54e6a7f756f9d1","6ab6bcc33c3598bdae7cb34a","2026-09-25 14:30"
"Kuba","6744ee112d6c958a853b52a6","ksylo","67f4b778c275d77098db7025","6ab6bd037f43923c257b69a6","2026-09-25 14:30"
"Egorsmol","60c7cce623bc770001651df5","Dissonans","60e09234213b0600019d912e","6ab6bc2c7f43923c257b65f0","2026-09-25 14:30"
"Geomalick","61fd64f28c0f8100014ebf0b","Topotic (YT)","567821da838cda2a54dc799b","6ab6bbdc3c3598bdae7cafb9","2026-09-25 14:31"
"s7ymon.","689dea76e80ba00f3a8dbdc1","Rasender","5d36bec124ec173888d3a33a","6ab6bc677f43923c257b6725","2026-09-25 14:31"
"Axel","62bd3ee10958bff9fbeff77a","Ulork","5e2ded716ea510b234a670b2","6ab6bc9f187fda8a649f3c2c","2026-09-25 14:31"
"PANDA","6874e2f8ef3960e599abae7c","Kacper Tomasiak","6874db1c4c43e0efcc0bc838","6ab6bca5df62e07591bc4f0d","2026-09-25 14:31"
"PML","615b4d8920ea1200012de9bf","persimmonsukip","6809563cae64cffc1988e9fe","6ab6bbe3187fda8a649f3944","2026-09-25 14:31"
"Thenderson","5f8e3fe91e120800015d47f7","Snupi","5c900e6ee92b0c49e40187bd","6ab6bad99a574f9a215778a5","2026-09-25 14:32"
"Frouser","676f1d87e37422d9da127424","PLK","62179a5c8e88d400010d91ea","6ab6bd28df62e07591bc50ca","2026-09-25 14:32"
"meow #deserved multi","68582b5f8e62427811441b60","PANDA","6874e2f8ef3960e599abae7c","6ab6bd5d187fda8a649f3ec6","2026-09-25 14:33"
"MANGER","6785046bef2c357f0bdfd387","Nici","619512ea6e5572000187322c","6ab6bc463c3598bdae7cb152","2026-09-25 14:33"
"Dissonans","60e09234213b0600019d912e","Dat1Cactus","60402d940b13630001e3e47d","6ab6bdc2df62e07591bc5359","2026-09-25 14:33"
"Kuba","6744ee112d6c958a853b52a6","ksylo","67f4b778c275d77098db7025","6ab6bd96364b2b2fc95d15b6","2026-09-25 14:33"
"pan","5ff3206bbc4e8c00013e4b25","Siemeon","62dc07edf32847e5836668f1","6ab6bd537f43923c257b6b39","2026-09-25 14:34"
"Senty","65dc836b33066622c3ebfb88","Valen´t","5ecc89febb39467ce83ec462","6ab6bd127f43923c257b6a03","2026-09-25 14:35"
"Markus Benz","6109729e88f8fa00013f1db2","Pasord","6669c659ca16186b5a3dbc35","6ab6bd103c3598bdae7cb479","2026-09-25 14:36"
"meow #deserved multi","68582b5f8e62427811441b60","Dissonans","60e09234213b0600019d912e","6ab6be497f43923c257b6fa1","2026-09-25 14:36"
"pan","5ff3206bbc4e8c00013e4b25","Siemeon","62dc07edf32847e5836668f1","6ab6be97df62e07591bc568c","2026-09-25 14:37"
"Geomalick","61fd64f28c0f8100014ebf0b","Delema()()()","65869f62df3f7bea3fa1d675","6ab6be4bdf62e07591bc5567","2026-09-25 14:37"
"Topotic (YT)","567821da838cda2a54dc799b","s7ymon.","689dea76e80ba00f3a8dbdc1","6ab6bdd63c3598bdae7cb785","2026-09-25 14:37"
"PANDA","6874e2f8ef3960e599abae7c","Gknolle9","638a068b6709ad1074d14898","6ab6bdfad874df07518e49c0","2026-09-25 14:37"
"Reynardo","619e21dbcd59be0001df98df","Conax4WC2027","6772fee6827b91b41dd22b5f","6ab6bd77df62e07591bc5203","2026-09-25 14:37"
"cozy","5eee1ae86a7c6a4edc0f7f94","Lster95","6875664f91065c0938397061","6ab6be5b3c3598bdae7cb986","2026-09-25 14:37"
"Felix.svb","6856986bb22dea4ae40a3d22","Ulork","5e2ded716ea510b234a670b2","6ab6be27df62e07591bc54c9","2026-09-25 14:38"
"Valen´t","5ecc89febb39467ce83ec462","gomes","5e7e08d33d4b6a4440a1fb08","6ab6beaeaa16f0c3f4e299e9","2026-09-25 14:38"
"meow #deserved multi","68582b5f8e62427811441b60","Senty","65dc836b33066622c3ebfb88","6ab6beeb3c3598bdae7cbc11","2026-09-25 14:38"
"Primzahl","63a4bfd4030a368d18291a84","simsson","603659630b13630001de6f9c","6ab6be127f43923c257b6eaf","2026-09-25 14:38"
"Lágrima","5f32d46aca94e000015886be","Szymono","613295acc4b5740001f1bfdf","6ab6bd6adf62e07591bc51db","2026-09-25 14:38"
"PANDA","6874e2f8ef3960e599abae7c","Kacper Tomasiak","6874db1c4c43e0efcc0bc838","6ab6bdff7f43923c257b6e63","2026-09-25 14:38"
"Gknolle9","638a068b6709ad1074d14898","Dat1Cactus","60402d940b13630001e3e47d","6ab6bf27df62e07591bc58f5","2026-09-25 14:38"
"sebastian","667d87ca8401bca3fee14649","pan","5ff3206bbc4e8c00013e4b25","6ab6bd167f43923c257b6a17","2026-09-25 14:39"
"MANGER","6785046bef2c357f0bdfd387","Pasord","6669c659ca16186b5a3dbc35","6ab6befd7f43923c257b72fa","2026-09-25 14:39"
"Dissonans","60e09234213b0600019d912e","GeoChiko","637129eb9d737c55a520a3e3","6ab6bee97f43923c257b729d","2026-09-25 14:39"
"Kuba","6744ee112d6c958a853b52a6","Kubson","63be7fdebd54e6a7f756f9d1","6ab6bec33c3598bdae7cbb81","2026-09-25 14:39"
"Topotic (YT)","567821da838cda2a54dc799b","s7ymon.","689dea76e80ba00f3a8dbdc1","6ab6bf2b7f43923c257b73b5","2026-09-25 14:40"
"Rasender","5d36bec124ec173888d3a33a","Markus Benz","6109729e88f8fa00013f1db2","6ab6bf0b3c3598bdae7cbc89","2026-09-25 14:40"
"quarksauce","5fe1b134a2ebcc0001c6bd9c","sva","67a710249d75e04dff436d40","6ab6bedadf62e07591bc5799","2026-09-25 14:40"
"Nici","619512ea6e5572000187322c","GeoNestor","5a0761e672d16b933871e7a1","6ab6be797f43923c257b7069","2026-09-25 14:40"
"Geomalick","61fd64f28c0f8100014ebf0b","Delema()()()","65869f62df3f7bea3fa1d675","6ab6bf4f187fda8a649f45d0","2026-09-25 14:41"
"Avandy","60c3535133004c00010451a3","meow #deserved multi","68582b5f8e62427811441b60","6ab6bf64d874df07518e4de6","2026-09-25 14:41"
"Conax4WC2027","6772fee6827b91b41dd22b5f","cozy","5eee1ae86a7c6a4edc0f7f94","6ab6bf3f7f43923c257b73f5","2026-09-25 14:41"
"curiosity","5bc76c7dfdd59823e4fb3ff5","PATUGANSU","5ed559cb282ad28b94ffb506","6ab6bd74df62e07591bc51f6","2026-09-25 14:41"
"Siemeon","62dc07edf32847e5836668f1","pan","5ff3206bbc4e8c00013e4b25","6ab6bf6c187fda8a649f4621","2026-09-25 14:42"
"Thenderson","5f8e3fe91e120800015d47f7","Frouser","676f1d87e37422d9da127424","6ab6be713c3598bdae7cba07","2026-09-25 14:42"
"gomes","5e7e08d33d4b6a4440a1fb08","Valen´t","5ecc89febb39467ce83ec462","6ab6bf7adf62e07591bc5a30","2026-09-25 14:42"
"Jonas","661ad4c4073f663c21b57fe6","Snupi","5c900e6ee92b0c49e40187bd","6ab6be75df62e07591bc560a","2026-09-25 14:42"
"meow #deserved multi","68582b5f8e62427811441b60","Dissonans","60e09234213b0600019d912e","6ab6c01d3c3598bdae7cc0cd","2026-09-25 14:42"
"Kacper Tomasiak","6874db1c4c43e0efcc0bc838","PANDA","6874e2f8ef3960e599abae7c","6ab6bf6e7f43923c257b74e1","2026-09-25 14:42"
"Kuba","6744ee112d6c958a853b52a6","Timkon","681f023ce86ca49d1982d464","6ab6bfa37f43923c257b75cc","2026-09-25 14:42"
"Basilio","6870fbc9fe2760ca7e2e2e6f","Pirik","669e6134d95d857a27cbc0cd","6ab6bfe83c3598bdae7cc010","2026-09-25 14:42"
"Orlando","62e7c8236d3aa806160f0f87","irrational","65ba97ce8b2ba0c747ffa3b7","6ab6bc6d187fda8a649f3b6b","2026-09-25 14:43"
"gomes","5e7e08d33d4b6a4440a1fb08","Valen´t","5ecc89febb39467ce83ec462","6ab6c0637f43923c257b7930","2026-09-25 14:44"
"Senty","65dc836b33066622c3ebfb88","Gknolle9","638a068b6709ad1074d14898","6ab6bf9a7f43923c257b759e","2026-09-25 14:45"
"PANDA","6874e2f8ef3960e599abae7c","Kacper Tomasiak","6874db1c4c43e0efcc0bc838","6ab6c0597f43923c257b78ff","2026-09-25 14:45"
"Topotic (YT)","567821da838cda2a54dc799b","pan","5ff3206bbc4e8c00013e4b25","6ab6bffb7f43923c257b773c","2026-09-25 14:46"
"Markus Benz","6109729e88f8fa00013f1db2","Frixy","5fe0f461f3881a0001805646","6ab6c0039a574f9a215787b7","2026-09-25 14:46"
"meow #deserved multi","68582b5f8e62427811441b60","Frouser","676f1d87e37422d9da127424","6ab6c09a7f43923c257b79e2","2026-09-25 14:46"
"Pasord","6669c659ca16186b5a3dbc35","MANGER","6785046bef2c357f0bdfd387","6ab6bfceaa16f0c3f4e29d70","2026-09-25 14:46"
"Thomas","69acad06161f904c0739e318","Dissonans","60e09234213b0600019d912e","6ab6c0627f43923c257b792c","2026-09-25 14:46"
"Nici","619512ea6e5572000187322c","GeoNestor","5a0761e672d16b933871e7a1","6ab6bff43c3598bdae7cc037","2026-09-25 14:46"
"Delema()()()","65869f62df3f7bea3fa1d675","sebastian","667d87ca8401bca3fee14649","6ab6c05b7f43923c257b790a","2026-09-25 14:47"
"Kuba","6744ee112d6c958a853b52a6","Conax4WC2027","6772fee6827b91b41dd22b5f","6ab6c07cdf62e07591bc5e4b","2026-09-25 14:47"
"quarksauce","5fe1b134a2ebcc0001c6bd9c","Cristalina 🪽","595fc5209a4f70bbd892e251","6ab6c0afdf62e07591bc5f69","2026-09-25 14:47"
"Siemeon","62dc07edf32847e5836668f1","pan","5ff3206bbc4e8c00013e4b25","6ab6c0733c3598bdae7cc216","2026-09-25 14:48"
"Valen´t","5ecc89febb39467ce83ec462","Jonas","661ad4c4073f663c21b57fe6","6ab6c0d03c3598bdae7cc386","2026-09-25 14:48"
"meow #deserved multi","68582b5f8e62427811441b60","Frixy","5fe0f461f3881a0001805646","6ab6c16f7f43923c257b7d9a","2026-09-25 14:48"
"simsson","603659630b13630001de6f9c","Szymono","613295acc4b5740001f1bfdf","6ab6bf737f43923c257b74f9","2026-09-25 14:48"
"Basilio","6870fbc9fe2760ca7e2e2e6f","Imclone","635957cbe91ab8daa910b92a","6ab6c074ab5caa0a81560bfb","2026-09-25 14:48"
"Thenderson","5f8e3fe91e120800015d47f7","pan","5ff3206bbc4e8c00013e4b25","6ab6c1593c3598bdae7cc586","2026-09-25 14:49"
"no one gets away with anything","64a487c9cd74917a4fac0c92","Ulork","5e2ded716ea510b234a670b2","6ab6c01adf62e07591bc5cd5","2026-09-25 14:49"
"Dissonans","60e09234213b0600019d912e","Kuba","6744ee112d6c958a853b52a6","6ab6c1757f43923c257b7dbc","2026-09-25 14:49"
"Orlando","62e7c8236d3aa806160f0f87","wisps","60ad03a48b6e1d00012f8e7e","6ab6c0aa7f43923c257b7a23","2026-09-25 14:50"
"Pasord","6669c659ca16186b5a3dbc35","MANGER","6785046bef2c357f0bdfd387","6ab6c1697f43923c257b7d81","2026-09-25 14:50"
"Gknolle9","638a068b6709ad1074d14898","PANDA","6874e2f8ef3960e599abae7c","6ab6c131aa16f0c3f4e2a131","2026-09-25 14:50"
"PANDA","6874e2f8ef3960e599abae7c","Steve Irwin","6a594bfc4f0853294332c67f","6ab6c19c7f43923c257b7e86","2026-09-25 14:51"
"Nici","619512ea6e5572000187322c","Tanye North","69109319b90cd69d2361d6a1","6ab6c18a7f43923c257b7e21","2026-09-25 14:51"
"Siemeon","62dc07edf32847e5836668f1","Topotic (YT)","567821da838cda2a54dc799b","6ab6c232df62e07591bc653d","2026-09-25 14:52"
"Kangurek","68ad03eef07ecd855398db08","Jonas","661ad4c4073f663c21b57fe6","6ab6c1b53c3598bdae7cc6b2","2026-09-25 14:52"
"meow #deserved multi","68582b5f8e62427811441b60","Markus Benz","6109729e88f8fa00013f1db2","6ab6c1e33c3598bdae7cc778","2026-09-25 14:52"
"MosaTracker","68fa532476317df25e19c823","Timkon","681f023ce86ca49d1982d464","6ab6c0bddf62e07591bc5f9c","2026-09-25 14:52"
"PANDA","6874e2f8ef3960e599abae7c","quarksauce","5fe1b134a2ebcc0001c6bd9c","6ab6c1af3c3598bdae7cc69c","2026-09-25 14:53"
"Dissonans","60e09234213b0600019d912e","Gknolle9","638a068b6709ad1074d14898","6ab6c2542066f54e4bd7d681","2026-09-25 14:53"
"Kuba","6744ee112d6c958a853b52a6","Lancer227","65b1167dd85363b33611ac05","6ab6c21edf62e07591bc64fa","2026-09-25 14:53"
"Nici","619512ea6e5572000187322c","Yarik","676e524ee37422d9da0e161a","6ab6c277aa16f0c3f4e2a4ca","2026-09-25 14:53"
"sva","67a710249d75e04dff436d40","Zé da Pamonha","6996505bf658592ab03fa17e","6ab6c1ae7f43923c257b7ee6","2026-09-25 14:53"
"sebastian","667d87ca8401bca3fee14649","Delema()()()","65869f62df3f7bea3fa1d675","6ab6c1ab3c3598bdae7cc68d","2026-09-25 14:54"
"Frixy","5fe0f461f3881a0001805646","Valen´t","5ecc89febb39467ce83ec462","6ab6c1d87f43923c257b7f71","2026-09-25 14:54"
"Julian","5a8eb2d498cc2c6744a88ce4","Snupi","5c900e6ee92b0c49e40187bd","6ab6c14b7f43923c257b7cfa","2026-09-25 14:54"
"Tomek5_5","606e09423667bc0001ad663d","MANGER","6785046bef2c357f0bdfd387","6ab6c277f527897d27c3b911","2026-09-25 14:54"
"Conax4WC2027","6772fee6827b91b41dd22b5f","Basilio","6870fbc9fe2760ca7e2e2e6f","6ab6c204df62e07591bc6480","2026-09-25 14:54"
"Kuba","6744ee112d6c958a853b52a6","Gknolle9","638a068b6709ad1074d14898","6ab6c2e23c3598bdae7ccadc","2026-09-25 14:54"
"Steve Irwin","6a594bfc4f0853294332c67f","Jonas","661ad4c4073f663c21b57fe6","6ab6c2b13c3598bdae7cca31","2026-09-25 14:55"
"Dissonans","60e09234213b0600019d912e","quarksauce","5fe1b134a2ebcc0001c6bd9c","6ab6c2f99a574f9a21578ed4","2026-09-25 14:55"
"s7ymon.","689dea76e80ba00f3a8dbdc1","Rasender","5d36bec124ec173888d3a33a","6ab6c0b5187fda8a649f4b0b","2026-09-25 14:56"
"L'Hank the Dawnstreak","628e0d478e5ef3a3ca163627","Frouser","676f1d87e37422d9da127424","6ab6c1897f43923c257b7e1c","2026-09-25 14:56"
"Orlando","62e7c8236d3aa806160f0f87","PLK","62179a5c8e88d400010d91ea","6ab6c23d187fda8a649f5005","2026-09-25 14:57"
"meow #deserved multi","68582b5f8e62427811441b60","Markus Benz","6109729e88f8fa00013f1db2","6ab6c2da2f0fbe7afbf380b6","2026-09-25 14:57"
"Dissonans","60e09234213b0600019d912e","Gknolle9","638a068b6709ad1074d14898","6ab6c3823c3598bdae7ccca3","2026-09-25 14:57"
"Everop","67f96f57f2156b150ad9b7a4","Lurkki","673dfa9f10797c20bc6721e9","6ab6c335f527897d27c3baab","2026-09-25 14:57"
"Basilio","6870fbc9fe2760ca7e2e2e6f","Kuba","6744ee112d6c958a853b52a6","6ab6c3507f43923c257b8573","2026-09-25 14:58"
"Siemeon","62dc07edf32847e5836668f1","Topotic (YT)","567821da838cda2a54dc799b","6ab6c2f3187fda8a649f5261","2026-09-25 14:59"
"hoppyface","5d6e4022b4ec1709f0729979","Delema()()()","65869f62df3f7bea3fa1d675","6ab6c396d874df07518e594c","2026-09-25 14:59"
"Valen´t","5ecc89febb39467ce83ec462","Frixy","5fe0f461f3881a0001805646","6ab6c32b3c3598bdae7ccba7","2026-09-25 14:59"
"Daviduccio","691df93ef275e716c46378ab","Pasord","6669c659ca16186b5a3dbc35","6ab6c25f7f43923c257b81a4","2026-09-25 14:59"
"Cristalina 🪽","595fc5209a4f70bbd892e251","Kuba","6744ee112d6c958a853b52a6","6ab6c40fdf62e07591bc6c84","2026-09-25 14:59"
"PLK","62179a5c8e88d400010d91ea","meow #deserved multi","68582b5f8e62427811441b60","6ab6c3ee3c3598bdae7cce2d","2026-09-25 15:00"
"PANDA","6874e2f8ef3960e599abae7c","Dissonans","60e09234213b0600019d912e","6ab6c3ff187fda8a649f55f6","2026-09-25 15:00"
"hoppyface","5d6e4022b4ec1709f0729979","Topotic (YT)","567821da838cda2a54dc799b","6ab6c4783c3598bdae7ccfea","2026-09-25 15:01"
"Steve Irwin","6a594bfc4f0853294332c67f","Marina","66e18bb8a751be2c53805fb7","6ab6c37fdf62e07591bc6a4e","2026-09-25 15:01"
"Рома","5bc9f3921f3cf81af80cfa72","Reynardo","619e21dbcd59be0001df98df","6ab6c0807f43923c257b7992","2026-09-25 15:01"
"Cristalina 🪽","595fc5209a4f70bbd892e251","Dissonans","60e09234213b0600019d912e","6ab6c4907f43923c257b8a9d","2026-09-25 15:01"
"Everop","67f96f57f2156b150ad9b7a4","Olli22","5e7a9c753d4b6a56201ffda8","6ab6c469df62e07591bc6dcb","2026-09-25 15:01"
"Frixy","5fe0f461f3881a0001805646","Avandy","60c3535133004c00010451a3","6ab6c474aa16f0c3f4e2a9f3","2026-09-25 15:02"
"Frouser","676f1d87e37422d9da127424","Jonas","661ad4c4073f663c21b57fe6","6ab6c3a2d874df07518e5972","2026-09-25 15:02"
"Snupi","5c900e6ee92b0c49e40187bd","MANGER","6785046bef2c357f0bdfd387","6ab6c3483c3598bdae7ccc03","2026-09-25 15:02"
"Conax4WC2027","6772fee6827b91b41dd22b5f","quarksauce","5fe1b134a2ebcc0001c6bd9c","6ab6c35edf62e07591bc69dc","2026-09-25 15:02"
"PANDA","6874e2f8ef3960e599abae7c","Gknolle9","638a068b6709ad1074d14898","6ab6c4077f43923c257b8866","2026-09-25 15:02"
"Siemeon","62dc07edf32847e5836668f1","hoppyface","5d6e4022b4ec1709f0729979","6ab6c4ce3c3598bdae7cd110","2026-09-25 15:03"
"tozangezan","5a33d4491cbd1560d0eaed6b","Steve Irwin","6a594bfc4f0853294332c67f","6ab6c4fc3c3598bdae7cd1b1","2026-09-25 15:03"
"PANDA","6874e2f8ef3960e599abae7c","PLK","62179a5c8e88d400010d91ea","6ab6c4bd9a574f9a2157931f","2026-09-25 15:04"
"Kuba","6744ee112d6c958a853b52a6","Pasord","6669c659ca16186b5a3dbc35","6ab6c4807f43923c257b8a71","2026-09-25 15:04"
"sebastian","667d87ca8401bca3fee14649","Delema()()()","65869f62df3f7bea3fa1d675","6ab6c451187fda8a649f5703","2026-09-25 15:05"
"Ulork","5e2ded716ea510b234a670b2","no one gets away with anything","64a487c9cd74917a4fac0c92","6ab6c3cc3c3598bdae7ccd82","2026-09-25 15:06"
"Marina","66e18bb8a751be2c53805fb7","meow #deserved multi","68582b5f8e62427811441b60","6ab6c4e63c3598bdae7cd14f","2026-09-25 15:06"
"PANDA","6874e2f8ef3960e599abae7c","Steve Irwin","6a594bfc4f0853294332c67f","6ab6c5703c3598bdae7cd39f","2026-09-25 15:06"
"wichura240","68767692157557d5c76a0ab6","Lorenz1245","63f8f5364160446a46de27f5","6ab6c446187fda8a649f56dd","2026-09-25 15:06"
"hoppyface","5d6e4022b4ec1709f0729979","Siemeon","62dc07edf32847e5836668f1","6ab6c534187fda8a649f59e1","2026-09-25 15:07"
"sebastian","667d87ca8401bca3fee14649","Delema()()()","65869f62df3f7bea3fa1d675","6ab6c5abdf62e07591bc7233","2026-09-25 15:07"
"Daviduccio","691df93ef275e716c46378ab","Markus Benz","6109729e88f8fa00013f1db2","6ab6c447df62e07591bc6d4d","2026-09-25 15:07"
"Steve Irwin","6a594bfc4f0853294332c67f","PANDA","6874e2f8ef3960e599abae7c","6ab6c5fbdf62e07591bc7362","2026-09-25 15:07"
"Steve Irwin","6a594bfc4f0853294332c67f","PANDA","6874e2f8ef3960e599abae7c","6ab6c5fbdf62e07591bc7362","2026-09-25 15:07"
"Frixy","5fe0f461f3881a0001805646","Topotic (YT)","567821da838cda2a54dc799b","6ab6c525df62e07591bc704b","2026-09-25 15:08"
"Valen´t","5ecc89febb39467ce83ec462","Frouser","676f1d87e37422d9da127424","6ab6c53b3c3598bdae7cd2b2","2026-09-25 15:08"
"Cristalina 🪽","595fc5209a4f70bbd892e251","Dissonans","60e09234213b0600019d912e","6ab6c4d5187fda8a649f5897","2026-09-25 15:08"
"quarksauce","5fe1b134a2ebcc0001c6bd9c","RuralQuay427","67afb8f9170e41f8f611a20a","6ab6c4f8187fda8a649f58e5","2026-09-25 15:08"
"Rasender","5d36bec124ec173888d3a33a","Snupi","5c900e6ee92b0c49e40187bd","6ab6c55f7f43923c257b8dd5","2026-09-25 15:09"
"Kangurek","68ad03eef07ecd855398db08","PLK","62179a5c8e88d400010d91ea","6ab6c5853c3598bdae7cd3f3","2026-09-25 15:09"
"barle #freepalmitas #freekober","6398628520609ac8c10cab13","meow #deserved multi","68582b5f8e62427811441b60","6ab6c6122066f54e4bd7dfe0","2026-09-25 15:09"
"PANDA","6874e2f8ef3960e599abae7c","Dissonans","60e09234213b0600019d912e","6ab6c68f3c3598bdae7cd82b","2026-09-25 15:09"
"Slam4","60927f97129054000189c279","Imclone","635957cbe91ab8daa910b92a","6ab6c4eb7f43923c257b8c09","2026-09-25 15:09"
"cozy","5eee1ae86a7c6a4edc0f7f94","seven³","67cb3e4e3d2dc435a0a325e7","6ab6c6013c3598bdae7cd5f0","2026-09-25 15:10"
"hoppyface","5d6e4022b4ec1709f0729979","Siemeon","62dc07edf32847e5836668f1","6ab6c6413c3598bdae7cd6fa","2026-09-25 15:11"
"Delema()()()","65869f62df3f7bea3fa1d675","Frixy","5fe0f461f3881a0001805646","6ab6c66adf62e07591bc74e3","2026-09-25 15:11"
"Valen´t","5ecc89febb39467ce83ec462","Steve Irwin","6a594bfc4f0853294332c67f","6ab6c65d187fda8a649f5da0","2026-09-25 15:11"
"Pasord","6669c659ca16186b5a3dbc35","Kuba","6744ee112d6c958a853b52a6","6ab6c57cdf62e07591bc718b","2026-09-25 15:11"
"Lake America Enjoyer","65361a91884b107b4fd0cef8","Thenderson","5f8e3fe91e120800015d47f7","6ab6c26f2066f54e4bd7d6e2","2026-09-25 15:12"
"PANDA","6874e2f8ef3960e599abae7c","PLK","62179a5c8e88d400010d91ea","6ab6c6b23c3598bdae7cd8b1","2026-09-25 15:12"
"Reynardo","619e21dbcd59be0001df98df","Magnus","679395e4205fcbaaa18ff360","6ab6c5501f090e41054a9f56","2026-09-25 15:12"
"Gknolle9","638a068b6709ad1074d14898","MosaTracker","68fa532476317df25e19c823","6ab6c59f3c3598bdae7cd47b","2026-09-25 15:12"
"sebastian","667d87ca8401bca3fee14649","Topotic (YT)","567821da838cda2a54dc799b","6ab6c67c3c3598bdae7cd7fa","2026-09-25 15:14"
"Frixy","5fe0f461f3881a0001805646","Kangurek","68ad03eef07ecd855398db08","6ab6c7263c3598bdae7cda71","2026-09-25 15:14"
"Valen´t","5ecc89febb39467ce83ec462","Pasord","6669c659ca16186b5a3dbc35","6ab6c73e7f43923c257b9611","2026-09-25 15:14"
"Steve Irwin","6a594bfc4f0853294332c67f","PLK","62179a5c8e88d400010d91ea","6ab6c77fdf62e07591bc792e","2026-09-25 15:15"
"Conax4WC2027","6772fee6827b91b41dd22b5f","OceanMan","5e9a08cdd502e121002b5279","6ab6c5d61f090e41054aa1a6","2026-09-25 15:15"
"Thomas","69acad06161f904c0739e318","PANDA","6874e2f8ef3960e599abae7c","6ab6c6c4df62e07591bc7619","2026-09-25 15:15"
"Slam4","60927f97129054000189c279","quarksauce","5fe1b134a2ebcc0001c6bd9c","6ab6c6a87f43923c257b9362","2026-09-25 15:15"
"Siemeon","62dc07edf32847e5836668f1","sebastian","667d87ca8401bca3fee14649","6ab6c7f13c3598bdae7cddae","2026-09-25 15:16"
"Marina","66e18bb8a751be2c53805fb7","PANDA","6874e2f8ef3960e599abae7c","6ab6c6e6ab5caa0a81561cc7","2026-09-25 15:16"
"Kuba","6744ee112d6c958a853b52a6","Rem","68b515bd7c70109d5efe1a51","6ab6c7297f43923c257b9596","2026-09-25 15:16"
"Dissonans","60e09234213b0600019d912e","Snupi","5c900e6ee92b0c49e40187bd","6ab6c70cdf62e07591bc7798","2026-09-25 15:16"
"Markus Benz","6109729e88f8fa00013f1db2","tozangezan","5a33d4491cbd1560d0eaed6b","6ab6c63aaa16f0c3f4e2ae4f","2026-09-25 15:17"
"PLK","62179a5c8e88d400010d91ea","Valen´t","5ecc89febb39467ce83ec462","6ab6c8317f43923c257b99d6","2026-09-25 15:17"
"Thenderson","651735b2324c811102e538a6","tobsy","66dd82927008358f2fcc3b96","6ab6c7aef527897d27c3c73e","2026-09-25 15:17"
"Pirik","669e6134d95d857a27cbc0cd","An Untitled Editor","61cea01d53b1280001c70d5d","6ab6c794df62e07591bc798d","2026-09-25 15:17"
"barle #freepalmitas #freekober","6398628520609ac8c10cab13","Avandy","60c3535133004c00010451a3","6ab6c6d47f43923c257b9418","2026-09-25 15:18"
"OceanMan","5e9a08cdd502e121002b5279","Snupi","5c900e6ee92b0c49e40187bd","6ab6c86adf62e07591bc7c8a","2026-09-25 15:18"
"Valen´t","5ecc89febb39467ce83ec462","PANDA","6874e2f8ef3960e599abae7c","6ab6c88eaa16f0c3f4e2b50b","2026-09-25 15:18"
"Pasord","6669c659ca16186b5a3dbc35","Hego♪","67930488dc684cc50b15c7bb","6ab6c8083c3598bdae7cde17","2026-09-25 15:18"
"Thenderson","5f8e3fe91e120800015d47f7","Rasender","5d36bec124ec173888d3a33a","6ab6c7b4187fda8a649f6228","2026-09-25 15:19"
"Topotic (YT)","567821da838cda2a54dc799b","Delema()()()","65869f62df3f7bea3fa1d675","6ab6c7e43c3598bdae7cdd7a","2026-09-25 15:19"
"Albanian Guy","58796ade8b9ff486d81bbad5","Frixy","5fe0f461f3881a0001805646","6ab6c8a6df62e07591bc7d75","2026-09-25 15:19"
"Steve Irwin","6a594bfc4f0853294332c67f","PANDA","6874e2f8ef3960e599abae7c","6ab6c8677f43923c257b9aa4","2026-09-25 15:19"
"Thomas","69acad06161f904c0739e318","Cristalina 🪽","595fc5209a4f70bbd892e251","6ab6c8197f43923c257b997f","2026-09-25 15:19"
"MosaTracker","68fa532476317df25e19c823","Gknolle9","638a068b6709ad1074d14898","6ab6c8403c3598bdae7cdf23","2026-09-25 15:19"
"Siemeon","62dc07edf32847e5836668f1","sebastian","667d87ca8401bca3fee14649","6ab6c887df62e07591bc7cfb","2026-09-25 15:20"
"PLK","62179a5c8e88d400010d91ea","Kangurek","68ad03eef07ecd855398db08","6ab6c88f3c3598bdae7ce055","2026-09-25 15:20"
"Valen´t","5ecc89febb39467ce83ec462","PANDA","6874e2f8ef3960e599abae7c","6ab6c88eaa16f0c3f4e2b50b","2026-09-25 15:20"
"Lorenz1245","63f8f5364160446a46de27f5","ksylo","67f4b778c275d77098db7025","6ab6c87d0011b98cb44bd807","2026-09-25 15:20"
"no one gets away with anything","64a487c9cd74917a4fac0c92","Ulork","5e2ded716ea510b234a670b2","6ab6c6107f43923c257b911d","2026-09-25 15:21"
"Valen´t","5ecc89febb39467ce83ec462","Frixy","5fe0f461f3881a0001805646","6ab6c9143c3598bdae7ce1f6","2026-09-25 15:21"
"tozangezan","5a33d4491cbd1560d0eaed6b","Markus Benz","6109729e88f8fa00013f1db2","6ab6c8807f43923c257b9b15","2026-09-25 15:22"
"Kangurek","68ad03eef07ecd855398db08","PANDA","6874e2f8ef3960e599abae7c","6ab6c96bdf62e07591bc8105","2026-09-25 15:23"
"Marina","66e18bb8a751be2c53805fb7","barle #freepalmitas #freekober","6398628520609ac8c10cab13","6ab6c8df7f43923c257b9cb8","2026-09-25 15:23"
"Dissonans","60e09234213b0600019d912e","Joshkabloomy","604c5a52e142340001a0a666","6ab6c86d7f43923c257b9abe","2026-09-25 15:23"
"Reynardo","619e21dbcd59be0001df98df","quarksauce","5fe1b134a2ebcc0001c6bd9c","6ab6c837187fda8a649f640c","2026-09-25 15:23"
"tobsy","66dd82927008358f2fcc3b96","Jannik","6a0c58030808c41cb15866fe","6ab6c9963c3598bdae7ce3e6","2026-09-25 15:23"
"Frixy","5fe0f461f3881a0001805646","Avandy","60c3535133004c00010451a3","6ab6c99f187fda8a649f691c","2026-09-25 15:24"
"Kangurek","68ad03eef07ecd855398db08","PANDA","6874e2f8ef3960e599abae7c","6ab6c96bdf62e07591bc8105","2026-09-25 15:24"
"Thenderson","651735b2324c811102e538a6","Lorenz1245","63f8f5364160446a46de27f5","6ab6c98edf62e07591bc81a0","2026-09-25 15:24"
"🫃","682bd32c952c470ebb7608e5","Albanian Guy","58796ade8b9ff486d81bbad5","6ab6c938187fda8a649f67bd","2026-09-25 15:25"
"Delema()()()","65869f62df3f7bea3fa1d675","Topotic (YT)","567821da838cda2a54dc799b","6ab6c90d3c3598bdae7ce1e2","2026-09-25 15:25"
"Valen´t","5ecc89febb39467ce83ec462","Markus Benz","6109729e88f8fa00013f1db2","6ab6c9c01f090e41054ab112","2026-09-25 15:25"
"Steve Irwin","6a594bfc4f0853294332c67f","Thomas","69acad06161f904c0739e318","6ab6c930187fda8a649f67b1","2026-09-25 15:25"
"MosaTracker","68fa532476317df25e19c823","persimmonsukip","6809563cae64cffc1988e9fe","6ab6c9232066f54e4bd7e833","2026-09-25 15:25"
"Snupi","5c900e6ee92b0c49e40187bd","Pasord","6669c659ca16186b5a3dbc35","6ab6c8e77f43923c257b9cd7","2026-09-25 15:26"
"Sunflower in CB15 May","6a515fcdcf750a7a944559c1","Joshkabloomy","604c5a52e142340001a0a666","6ab6ca07df62e07591bc83e9","2026-09-25 15:27"
"Ulork","5e2ded716ea510b234a670b2","OceanMan","5e9a08cdd502e121002b5279","6ab6c9917f43923c257b9f7d","2026-09-25 15:28"
"meow #deserved multi","68582b5f8e62427811441b60","Kangurek","68ad03eef07ecd855398db08","6ab6c9eed874df07518e6a90","2026-09-25 15:28"
"PLK","62179a5c8e88d400010d91ea","Steve Irwin","6a594bfc4f0853294332c67f","6ab6ca5e3c3598bdae7ce742","2026-09-25 15:28"
"Hego♪","67930488dc684cc50b15c7bb","tobsy","66dd82927008358f2fcc3b96","6ab6ca48aa16f0c3f4e2ba67","2026-09-25 15:28"
"Lorenz1245","63f8f5364160446a46de27f5","Chef_f","6229e38301c5e00001a0455f","6ab6ca73187fda8a649f6c27","2026-09-25 15:28"
"Frixy","5fe0f461f3881a0001805646","barle #freepalmitas #freekober","6398628520609ac8c10cab13","6ab6ca297f43923c257ba217","2026-09-25 15:29"
"Kuba","6744ee112d6c958a853b52a6","Thomas","69acad06161f904c0739e318","6ab6ca5e7f43923c257ba2de","2026-09-25 15:29"
"Topotic (YT)","567821da838cda2a54dc799b","Delema()()()","65869f62df3f7bea3fa1d675","6ab6ca5f2066f54e4bd7ebb7","2026-09-25 15:30"
"no one gets away with anything","64a487c9cd74917a4fac0c92","logan","5fe6c5e7ae5ccd000197c9e7","6ab6ca3adf62e07591bc84b0","2026-09-25 15:30"
"Markus Benz","6109729e88f8fa00013f1db2","grytsko","68a2376a48461ffeecd42351","6ab6ca881f090e41054ab413","2026-09-25 15:31"
"PANDA","6874e2f8ef3960e599abae7c","meow #deserved multi","68582b5f8e62427811441b60","6ab6cb17df62e07591bc87dc","2026-09-25 15:31"
"Henrikk","622640b7cb9b530001598509","Pasord","6669c659ca16186b5a3dbc35","6ab6cab7187fda8a649f6d05","2026-09-25 15:31"
"Thenderson","651735b2324c811102e538a6","tobsy","66dd82927008358f2fcc3b96","6ab6cb13aa16f0c3f4e2bcc1","2026-09-25 15:31"
"Pirik","669e6134d95d857a27cbc0cd","1realkingslime","68ad099927369b0fd919500a","6ab6caf4df62e07591bc8752","2026-09-25 15:31"
"Lake America Enjoyer","65361a91884b107b4fd0cef8","Thenderson","5f8e3fe91e120800015d47f7","6ab6c9211f090e41054aae7a","2026-09-25 15:32"
"Ulork","5e2ded716ea510b234a670b2","logan","5fe6c5e7ae5ccd000197c9e7","6ab6cb98f527897d27c3d288","2026-09-25 15:32"
"OceanMan","5e9a08cdd502e121002b5279","Sunflower in CB15 May","6a515fcdcf750a7a944559c1","6ab6cb3d7f43923c257ba6b2","2026-09-25 15:32"
"Steve Irwin","6a594bfc4f0853294332c67f","Kangurek","68ad03eef07ecd855398db08","6ab6cb1f1f090e41054ab62d","2026-09-25 15:32"
"Topotic (YT)","567821da838cda2a54dc799b","Frixy","5fe0f461f3881a0001805646","6ab6cbb6aa16f0c3f4e2be62","2026-09-25 15:33"
"Delema()()()","65869f62df3f7bea3fa1d675","🫃","682bd32c952c470ebb7608e5","6ab6cba7df62e07591bc8a0d","2026-09-25 15:33"
"kalesalad","60c9cf146dac910001261659","barle #freepalmitas #freekober","6398628520609ac8c10cab13","6ab6cb4c7f43923c257ba6f2","2026-09-25 15:33"
"grytsko","68a2376a48461ffeecd42351","meow #deserved multi","68582b5f8e62427811441b60","6ab6cbe93c3598bdae7ced4e","2026-09-25 15:34"
"barle #freepalmitas #freekober","6398628520609ac8c10cab13","Pasord","6669c659ca16186b5a3dbc35","6ab6cc403c3598bdae7cee88","2026-09-25 15:34"
"Hego♪","67930488dc684cc50b15c7bb","Lorenz1245","63f8f5364160446a46de27f5","6ab6cb287f43923c257ba65c","2026-09-25 15:34"
"PANDA","6874e2f8ef3960e599abae7c","Kangurek","68ad03eef07ecd855398db08","6ab6cc183c3598bdae7cee11","2026-09-25 15:35"
"MosaTracker","68fa532476317df25e19c823","Jannik","6a0c58030808c41cb15866fe","6ab6cbe63c3598bdae7ced4a","2026-09-25 15:35"
"Snupi","5c900e6ee92b0c49e40187bd","🤖aaaaaaaaaaaaaaaaaa🤖","69751c89c3036f77b93fb696","6ab6cad63c3598bdae7ce937","2026-09-25 15:36"
"Pasord","6669c659ca16186b5a3dbc35","Lorenz1245","63f8f5364160446a46de27f5","6ab6ccb57f43923c257bad13","2026-09-25 15:36"
"Primzahl","63a4bfd4030a368d18291a84","Kuba","6744ee112d6c958a853b52a6","6ab6cb827f43923c257ba7e7","2026-09-25 15:36"
"Ulork","5e2ded716ea510b234a670b2","logan","5fe6c5e7ae5ccd000197c9e7","6ab6cc10df62e07591bc8bbd","2026-09-25 15:37"
"OceanMan","5e9a08cdd502e121002b5279","kalesalad","60c9cf146dac910001261659","6ab6cc3e3c3598bdae7cee82","2026-09-25 15:37"
"barle #freepalmitas #freekober","6398628520609ac8c10cab13","meow #deserved multi","68582b5f8e62427811441b60","6ab6cc983c3598bdae7cefbb","2026-09-25 15:37"
"Delema()()()","65869f62df3f7bea3fa1d675","🫃","682bd32c952c470ebb7608e5","6ab6cc6e7f43923c257babef","2026-09-25 15:38"
"Lake America Enjoyer","65361a91884b107b4fd0cef8","Thenderson","5f8e3fe91e120800015d47f7","6ab6cc6e3c3598bdae7cef1b","2026-09-25 15:39"
"Topotic (YT)","567821da838cda2a54dc799b","Siemeon","62dc07edf32847e5836668f1","6ab6cc7d7f43923c257bac42","2026-09-25 15:39"
"Frixy","5fe0f461f3881a0001805646","Steve Irwin","6a594bfc4f0853294332c67f","6ab6cc6eaa16f0c3f4e2c01d","2026-09-25 15:39"
"PANDA","6874e2f8ef3960e599abae7c","Kangurek","68ad03eef07ecd855398db08","6ab6cce77f43923c257badd6","2026-09-25 15:39"
"Thenderson","651735b2324c811102e538a6","DIFFK MISSED ABSOLUTEFILTHTV","5efe8645105829665ce0304a","6ab6cc5d7f43923c257babb3","2026-09-25 15:39"
"Markus Benz","6109729e88f8fa00013f1db2","Henrikk","622640b7cb9b530001598509","6ab6cbeedf62e07591bc8b4c","2026-09-25 15:40"
"Kuba","6744ee112d6c958a853b52a6","Lorenz1245","63f8f5364160446a46de27f5","6ab6cd1c7f43923c257baee1","2026-09-25 15:40"
"🫃","682bd32c952c470ebb7608e5","Delema()()()","65869f62df3f7bea3fa1d675","6ab6cd88df62e07591bc9122","2026-09-25 15:41"
"Albanian Guy","58796ade8b9ff486d81bbad5","落汤鸡","675ee56fd2220e44dea68a81","6ab6cd02ab5caa0a81562de6","2026-09-25 15:41"
"Marina","66e18bb8a751be2c53805fb7","Frixy","5fe0f461f3881a0001805646","6ab6cde83c3598bdae7cf4a2","2026-09-25 15:41"
"K4CP3RSKI777","624aa4216b4b8b1765bb6dad","Avandy","60c3535133004c00010451a3","6ab6cdf57f43923c257bb24d","2026-09-25 15:41"
"grytsko","68a2376a48461ffeecd42351","PANDA","6874e2f8ef3960e599abae7c","6ab6ccda187fda8a649f747a","2026-09-25 15:41"
"Steve Irwin","6a594bfc4f0853294332c67f","barle #freepalmitas #freekober","6398628520609ac8c10cab13","6ab6cdad187fda8a649f7746","2026-09-25 15:41"
"Snupi","5c900e6ee92b0c49e40187bd","Pasord","6669c659ca16186b5a3dbc35","6ab6cd323c3598bdae7cf207","2026-09-25 15:41"
"🫃","682bd32c952c470ebb7608e5","Mati_01","626d0e7318005f1f25a53151","6ab6ce24ab5caa0a815630f8","2026-09-25 15:42"
"L'Hank the Dawnstreak","628e0d478e5ef3a3ca163627","Markus Benz","6109729e88f8fa00013f1db2","6ab6cde13c3598bdae7cf473","2026-09-25 15:42"
"logan","5fe6c5e7ae5ccd000197c9e7","Ulork","5e2ded716ea510b234a670b2","6ab6cd613c3598bdae7cf2a5","2026-09-25 15:43"
"Thenderson","651735b2324c811102e538a6","MosaTracker","68fa532476317df25e19c823","6ab6cdd7187fda8a649f77c4","2026-09-25 15:43"
"OceanMan","5e9a08cdd502e121002b5279","kalesalad","60c9cf146dac910001261659","6ab6cd3b7f43923c257baf6d","2026-09-25 15:44"
"Markus Benz","6109729e88f8fa00013f1db2","PANDA","6874e2f8ef3960e599abae7c","6ab6ce8a7f43923c257bb4d9","2026-09-25 15:44"
"Siemeon","62dc07edf32847e5836668f1","Delema()()()","65869f62df3f7bea3fa1d675","6ab6ce31187fda8a649f7906","2026-09-25 15:45"
"K4CP3RSKI777","624aa4216b4b8b1765bb6dad","kalesalad","60c9cf146dac910001261659","6ab6ced83c3598bdae7cf829","2026-09-25 15:45"
"barle #freepalmitas #freekober","6398628520609ac8c10cab13","PANDA","6874e2f8ef3960e599abae7c","6ab6ce410e299ebd6f521ce7","2026-09-25 15:45"
"落汤鸡","675ee56fd2220e44dea68a81","PANDA","6874e2f8ef3960e599abae7c","6ab6ce347f43923c257bb376","2026-09-25 15:45"
"FranzSanchez","68b3e3b52c6db073218b382c","Mark","600d9e0d980191000146a300","6ab6ce797f43923c257bb49f","2026-09-25 15:45"
"Kuba","6744ee112d6c958a853b52a6","Cristalina 🪽","595fc5209a4f70bbd892e251","6ab6ce15187fda8a649f7896","2026-09-25 15:45"
"Topotic (YT)","567821da838cda2a54dc799b","Thenderson","5f8e3fe91e120800015d47f7","6ab6cdd67f43923c257bb1d1","2026-09-25 15:46"
"Frixy","5fe0f461f3881a0001805646","Marina","66e18bb8a751be2c53805fb7","6ab6ce58df62e07591bc93e1","2026-09-25 15:46"
"Mythaz","62c41cd57a1a25207caf8277","Pirik","669e6134d95d857a27cbc0cd","6ab6cd6f7f43923c257bb023","2026-09-25 15:46"
"Ulmar","5d9147e1ea473f7e3ccb9d92","quarksauce","5fe1b134a2ebcc0001c6bd9c","6ab6c9e93c3598bdae7ce598","2026-09-25 15:47"
"MosaTracker","68fa532476317df25e19c823","Kotik :3","6a69e0dcac05d4a8aa4819fb","6ab6ceaa9a574f9a2157ada3","2026-09-25 15:47"
"logan","5fe6c5e7ae5ccd000197c9e7","OceanMan","5e9a08cdd502e121002b5279","6ab6ced57f43923c257bb610","2026-09-25 15:48"
"PANDA","6874e2f8ef3960e599abae7c","barle #freepalmitas #freekober","6398628520609ac8c10cab13","6ab6cf49ab5caa0a81563438","2026-09-25 15:48"
"Mati_01","626d0e7318005f1f25a53151","🫃","682bd32c952c470ebb7608e5","6ab6cedc187fda8a649f7b6b","2026-09-25 15:49"
"grytsko","68a2376a48461ffeecd42351","Sunflower in CB15 May","6a515fcdcf750a7a944559c1","6ab6ce31187fda8a649f7905","2026-09-25 15:49"
"Markus Benz","6109729e88f8fa00013f1db2","Jonas","661ad4c4073f663c21b57fe6","6ab6cf04187fda8a649f7be8","2026-09-25 15:49"
"PANDA","6874e2f8ef3960e599abae7c","barle #freepalmitas #freekober","6398628520609ac8c10cab13","6ab6cf49ab5caa0a81563438","2026-09-25 15:49"
"Pasord","6669c659ca16186b5a3dbc35","Niklas","59b6c03843a14357704cbf64","6ab6ce4b7f43923c257bb3c2","2026-09-25 15:49"
"Kuba","6744ee112d6c958a853b52a6","Cristalina 🪽","595fc5209a4f70bbd892e251","6ab6cf46df62e07591bc97ce","2026-09-25 15:49"
"Vanalinn Enthusiast","57689d1b813a4f985c9652a3","Yarik","676e524ee37422d9da0e161a","6ab6ce893c3598bdae7cf6dc","2026-09-25 15:49"
"Snupi","5c900e6ee92b0c49e40187bd","しよえ　Shiyoe","6375a42d001fcb9df8d226d9","6ab6ce7b7f43923c257bb4a6","2026-09-25 15:50"
"Delema()()()","65869f62df3f7bea3fa1d675","Siemeon","62dc07edf32847e5836668f1","6ab6cf49aa16f0c3f4e2c775","2026-09-25 15:51"
"Marina","66e18bb8a751be2c53805fb7","Frixy","5fe0f461f3881a0001805646","6ab6cf633c3598bdae7cfa28","2026-09-25 15:51"
"Markus Benz","6109729e88f8fa00013f1db2","barle #freepalmitas #freekober","6398628520609ac8c10cab13","6ab6d00a7f43923c257bbb18","2026-09-25 15:51"
"落汤鸡","675ee56fd2220e44dea68a81","PANDA","6874e2f8ef3960e599abae7c","6ab6cf3bdf62e07591bc97b3","2026-09-25 15:51"
"Kuba","6744ee112d6c958a853b52a6","PANDA","6874e2f8ef3960e599abae7c","6ab6d0233c3598bdae7cfc90","2026-09-25 15:51"
"Thenderson","651735b2324c811102e538a6","Jannik","6a0c58030808c41cb15866fe","6ab6cfd5df62e07591bc998c","2026-09-25 15:51"
"jdl_1893","6626752c2d5e4d820e79b466","MosaTracker","68fa532476317df25e19c823","6ab6cfab7f43923c257bb98d","2026-09-25 15:51"
"🐫","6092f6f71cbdab0001cbf343","Albanian Guy","58796ade8b9ff486d81bbad5","6ab6cfbcdf62e07591bc9946","2026-09-25 15:52"
"OceanMan","5e9a08cdd502e121002b5279","logan","5fe6c5e7ae5ccd000197c9e7","6ab6cfdd3c3598bdae7cfb9a","2026-09-25 15:52"
"Fan Swangambita 🔥😋","63d00c59744f7e9ebeeb1c09","Avandy","60c3535133004c00010451a3","6ab6d0547f43923c257bbc3f","2026-09-25 15:52"
"Cristalina 🪽","595fc5209a4f70bbd892e251","Kotik :3","6a69e0dcac05d4a8aa4819fb","6ab6d02a3c3598bdae7cfcb8","2026-09-25 15:52"
"Topotic (YT)","567821da838cda2a54dc799b","rileyrhino","641248c0330b8c5355f5a56f","6ab6cf55187fda8a649f7d15","2026-09-25 15:53"
"Kuba","6744ee112d6c958a853b52a6","Locke","679bd2f0c95e0ff79cde564e","6ab6d09d7f43923c257bbd54","2026-09-25 15:53"
"Thenderson","651735b2324c811102e538a6","PANDA","6874e2f8ef3960e599abae7c","6ab6d0bfdf62e07591bc9d02","2026-09-25 15:53"
"Niklas","59b6c03843a14357704cbf64","RedpandaBjornescu","623cc1d32a07da2bdeb4bc61","6ab6d0167f43923c257bbb44","2026-09-25 15:53"
"barle #freepalmitas #freekober","6398628520609ac8c10cab13","PANDA","6874e2f8ef3960e599abae7c","6ab6d0b33c3598bdae7cfed5","2026-09-25 15:54"
"Fan Swangambita 🔥😋","63d00c59744f7e9ebeeb1c09","Cristalina 🪽","595fc5209a4f70bbd892e251","6ab6d0d77f43923c257bbe5e","2026-09-25 15:54"
"Delema()()()","65869f62df3f7bea3fa1d675","Albanian Guy","58796ade8b9ff486d81bbad5","6ab6d0f3ab5caa0a815638ef","2026-09-25 15:55"
"Kuba","6744ee112d6c958a853b52a6","PANDA","6874e2f8ef3960e599abae7c","6ab6d1229a574f9a2157b49d","2026-09-25 15:55"
"Steve Irwin","6a594bfc4f0853294332c67f","Jonas","661ad4c4073f663c21b57fe6","6ab6d0187f43923c257bbb49","2026-09-25 15:56"
"Sunflower in CB15 May","6a515fcdcf750a7a944559c1","Pasord","6669c659ca16186b5a3dbc35","6ab6d0191f090e41054ac74f","2026-09-25 15:56"
"Kuba","6744ee112d6c958a853b52a6","Avandy","60c3535133004c00010451a3","6ab6d17c2f0fbe7afbf3a543","2026-09-25 15:56"
"Fan Swangambita 🔥😋","63d00c59744f7e9ebeeb1c09","barle #freepalmitas #freekober","6398628520609ac8c10cab13","6ab6d15f7f43923c257bc060","2026-09-25 15:56"
"Snupi","5c900e6ee92b0c49e40187bd","martiiin___","5e8366f03730753efc33ec0c","6ab6d0987f43923c257bbd43","2026-09-25 15:57"
"Delema()()()","65869f62df3f7bea3fa1d675","Albanian Guy","58796ade8b9ff486d81bbad5","6ab6d1b9aa16f0c3f4e2cdc6","2026-09-25 15:58"
"OceanMan","5e9a08cdd502e121002b5279","logan","5fe6c5e7ae5ccd000197c9e7","6ab6d0c9187fda8a649f820a","2026-09-25 15:58"
"barle #freepalmitas #freekober","6398628520609ac8c10cab13","Kuba","6744ee112d6c958a853b52a6","6ab6d1eb1f090e41054ad01d","2026-09-25 15:58"
"🫃","682bd32c952c470ebb7608e5","Frixy","5fe0f461f3881a0001805646","6ab6d09d187fda8a649f817d","2026-09-25 15:59"
"Fan Swangambita 🔥😋","63d00c59744f7e9ebeeb1c09","Jonas","661ad4c4073f663c21b57fe6","6ab6d1c2187fda8a649f859a","2026-09-25 15:59"
"Cristalina 🪽","595fc5209a4f70bbd892e251","Jannik","6a0c58030808c41cb15866fe","6ab6d1733c3598bdae7d0187","2026-09-25 15:59"
"Albanian Guy","58796ade8b9ff486d81bbad5","Frixy","5fe0f461f3881a0001805646","6ab6d26d7f43923c257bc443","2026-09-25 16:00"
"barle #freepalmitas #freekober","6398628520609ac8c10cab13","Kuba","6744ee112d6c958a853b52a6","6ab6d226187fda8a649f869b","2026-09-25 16:00"
"Thenderson","651735b2324c811102e538a6","Everop","67f96f57f2156b150ad9b7a4","6ab6d1a97f43923c257bc183","2026-09-25 16:02"
"Cristalina 🪽","595fc5209a4f70bbd892e251","Jannik","6a0c58030808c41cb15866fe","6ab6d2597f43923c257bc404","2026-09-25 16:02"
"Pasord","6669c659ca16186b5a3dbc35","Sunflower in CB15 May","6a515fcdcf750a7a944559c1","6ab6d1ab7f43923c257bc18b","2026-09-25 16:03"
"GEO | RÉYYDELEONARD","6a79c3e3f107f3c95cbbea07","Imclone","635957cbe91ab8daa910b92a","6ab6d2ed7f43923c257bc63c","2026-09-25 16:03"
"Thenderson","5f8e3fe91e120800015d47f7","🐫","6092f6f71cbdab0001cbf343","6ab6d120ab5caa0a81563953","2026-09-25 16:04"
"🫃","682bd32c952c470ebb7608e5","Delema()()()","65869f62df3f7bea3fa1d675","6ab6d288df62e07591bca3b5","2026-09-25 16:04"
"Markus Benz","6109729e88f8fa00013f1db2","しよえ　Shiyoe","6375a42d001fcb9df8d226d9","6ab6d0a73c3598bdae7cfead","2026-09-25 16:04"
"Nico","5e8494b3cd30759188bd297c","LHeyy","683dc8bdc7582533316244d0","6ab6d2ac3c3598bdae7d05a3","2026-09-25 16:04"
"Frixy","5fe0f461f3881a0001805646","Albanian Guy","58796ade8b9ff486d81bbad5","6ab6d2b77f43923c257bc55f","2026-09-25 16:05"
"🫃","682bd32c952c470ebb7608e5","Delema()()()","65869f62df3f7bea3fa1d675","6ab6d3d1187fda8a649f8ba4","2026-09-25 16:06"
"Snupi","5c900e6ee92b0c49e40187bd","logan","5fe6c5e7ae5ccd000197c9e7","6ab6d2983c3598bdae7d056c","2026-09-25 16:06"
"Kuba","6744ee112d6c958a853b52a6","Fan Swangambita 🔥😋","63d00c59744f7e9ebeeb1c09","6ab6d2c47f43923c257bc598","2026-09-25 16:06"
"Markus Benz","6109729e88f8fa00013f1db2","Sunflower in CB15 May","6a515fcdcf750a7a944559c1","6ab6d3b3187fda8a649f8b56","2026-09-25 16:07"
"Vanalinn Enthusiast","57689d1b813a4f985c9652a3","jdl_1893","6626752c2d5e4d820e79b466","6ab6d0b0aa16f0c3f4e2cae4","2026-09-25 16:07"
"barle #freepalmitas #freekober","6398628520609ac8c10cab13","Pasord","6669c659ca16186b5a3dbc35","6ab6d359187fda8a649f8a5d","2026-09-25 16:08"
"Kuba","6744ee112d6c958a853b52a6","kstyko","5ead136297d6cf24a42b1ef4","6ab6d401187fda8a649f8c1c","2026-09-25 16:08"
"Cristalina 🪽","595fc5209a4f70bbd892e251","Everop","67f96f57f2156b150ad9b7a4","6ab6d3391f090e41054ad4fa","2026-09-25 16:09"
"logan","5fe6c5e7ae5ccd000197c9e7","OceanMan","5e9a08cdd502e121002b5279","6ab6d3f9ab5caa0a8156401f","2026-09-25 16:10"
"Frixy","5fe0f461f3881a0001805646","Albanian Guy","58796ade8b9ff486d81bbad5","6ab6d3eb7f43923c257bca22","2026-09-25 16:11"
"Pasord","6669c659ca16186b5a3dbc35","Fan Swangambita 🔥😋","63d00c59744f7e9ebeeb1c09","6ab6d489187fda8a649f8e1e","2026-09-25 16:11"
"Chrort","65f35a55fa03b84166fe1dd6","LHeyy","683dc8bdc7582533316244d0","6ab6d3ce7f43923c257bc9c7","2026-09-25 16:11"
"Surgut sand","5ec369eae7115241a4e75beb","Thesice","5ec5a4cbf849319644f4436c","6ab6d4599a574f9a2157bcc7","2026-09-25 16:11"
"GeoChiko","637129eb9d737c55a520a3e3","jdl_1893","6626752c2d5e4d820e79b466","6ab6d4737f43923c257bcc1f","2026-09-25 16:11"
"Kuba","6744ee112d6c958a853b52a6","しよえ　Shiyoe","6375a42d001fcb9df8d226d9","6ab6d516df62e07591bcabf0","2026-09-25 16:12"
"Thenderson","5f8e3fe91e120800015d47f7","🐫","6092f6f71cbdab0001cbf343","6ab6d388187fda8a649f8ad5","2026-09-25 16:13"
"Chrort","65f35a55fa03b84166fe1dd6","GeoChiko","637129eb9d737c55a520a3e3","6ab6d5660011b98cb44bfb14","2026-09-25 16:13"
"Pna","6063bbbdf93f57000113fed0","Imclone","635957cbe91ab8daa910b92a","6ab6d4867f43923c257bcc7d","2026-09-25 16:13"
"Gorka1311","5a4e3f8057f1750a400a8050","Frixy","5fe0f461f3881a0001805646","6ab6d5627f43923c257bcfbc","2026-09-25 16:14"
"Cristalina 🪽","595fc5209a4f70bbd892e251","Everop","67f96f57f2156b150ad9b7a4","6ab6d4cc187fda8a649f8efe","2026-09-25 16:14"
"RedpandaBjornescu","623cc1d32a07da2bdeb4bc61","bakonysanchez69","6061d595010c4e000197240f","6ab6d54c3c3598bdae7d0ecb","2026-09-25 16:14"
"Thenderson","5f8e3fe91e120800015d47f7","🐫","6092f6f71cbdab0001cbf343","6ab6d5b53c3598bdae7d1002","2026-09-25 16:15"
"Markus Benz","6109729e88f8fa00013f1db2","barle #freepalmitas #freekober","6398628520609ac8c10cab13","6ab6d4857f43923c257bcc74","2026-09-25 16:15"
"Fan Swangambita 🔥😋","63d00c59744f7e9ebeeb1c09","Pasord","6669c659ca16186b5a3dbc35","6ab6d563187fda8a649f90a6","2026-09-25 16:15"
"gomes","5e7e08d33d4b6a4440a1fb08","Callum Wilson","67771af50d5dc53559da3c7d","6ab6d5a0187fda8a649f9145","2026-09-25 16:16"
"Frixy","5fe0f461f3881a0001805646","Gorka1311","5a4e3f8057f1750a400a8050","6ab6d60a3c3598bdae7d10f5","2026-09-25 16:16"
"Snupi","5c900e6ee92b0c49e40187bd","Sunflower in CB15 May","6a515fcdcf750a7a944559c1","6ab6d4740011b98cb44bf8de","2026-09-25 16:16"
"Locke","679bd2f0c95e0ff79cde564e","Thenderson","651735b2324c811102e538a6","6ab6d4699a574f9a2157bce7","2026-09-25 16:16"
"8u","5e8e59292ad6cf212829d2bb","PiBLosie","606ca31d8716750001a4da01","6ab6d3067f43923c257bc6bc","2026-09-25 16:16"
"Surgut sand","5ec369eae7115241a4e75beb","Thesice","5ec5a4cbf849319644f4436c","6ab6d5593c3598bdae7d0f09","2026-09-25 16:16"
"Pna","6063bbbdf93f57000113fed0","Imclone","635957cbe91ab8daa910b92a","6ab6d5d4df62e07591bcae6b","2026-09-25 16:16"
"Kuchen","633e8c870607afb40b3322f6","mikowhy","659c9d0a72300acff1deb5df","6ab6d4ab7f43923c257bcd1f","2026-09-25 16:17"
"meow #deserved multi","68582b5f8e62427811441b60","Fan Swangambita 🔥😋","63d00c59744f7e9ebeeb1c09","6ab6d6243c3598bdae7d1149","2026-09-25 16:17"
"logan","5fe6c5e7ae5ccd000197c9e7","OceanMan","5e9a08cdd502e121002b5279","6ab6d4e93c3598bdae7d0d97","2026-09-25 16:18"
"Markus Benz","6109729e88f8fa00013f1db2","🐫","6092f6f71cbdab0001cbf343","6ab6d63c7f43923c257bd2e2","2026-09-25 16:18"
"Kuba","6744ee112d6c958a853b52a6","しよえ　Shiyoe","6375a42d001fcb9df8d226d9","6ab6d5a37f43923c257bd0bc","2026-09-25 16:18"
"Sunflower in CB15 May","6a515fcdcf750a7a944559c1","Slam4","60927f97129054000189c279","6ab6d670187fda8a649f9350","2026-09-25 16:18"
"Pasord","6669c659ca16186b5a3dbc35","RedpandaBjornescu","623cc1d32a07da2bdeb4bc61","6ab6d6357f43923c257bd2cc","2026-09-25 16:18"
"GeoChiko","637129eb9d737c55a520a3e3","jdl_1893","6626752c2d5e4d820e79b466","6ab6d5c0df62e07591bcae2c","2026-09-25 16:18"
"All","6332fd517356ad2cfcc440d9","quarksauce","5fe1b134a2ebcc0001c6bd9c","6ab6d4203c3598bdae7d0a4f","2026-09-25 16:19"
"Thenderson","5f8e3fe91e120800015d47f7","🐫","6092f6f71cbdab0001cbf343","6ab6d63e7f43923c257bd2e8","2026-09-25 16:21"
"Frixy","5fe0f461f3881a0001805646","Gorka1311","5a4e3f8057f1750a400a8050","6ab6d6737f43923c257bd3ae","2026-09-25 16:21"
"Egorsmol","60c7cce623bc770001651df5","MosaTracker","68fa532476317df25e19c823","6ab6d6e33c3598bdae7d142a","2026-09-25 16:21"
"meow #deserved multi","68582b5f8e62427811441b60","Lodi","5788e5e5c2a0fb1304dba46c","6ab6d6d37f43923c257bd4da","2026-09-25 16:22"
"Thenderson","651735b2324c811102e538a6","Elefantenrennen","62389c45454d59071bc14556","6ab6d674187fda8a649f935e","2026-09-25 16:22"
"Spinello44","642d9421b7220832b69e489f","Pna","6063bbbdf93f57000113fed0","6ab6d65b7f43923c257bd362","2026-09-25 16:22"
"GeoChiko","637129eb9d737c55a520a3e3","Matz125","677d75c06a41893aa9f452af","6ab6d7761f090e41054adffd","2026-09-25 16:22"
"Albanian Guy","58796ade8b9ff486d81bbad5","barle #freepalmitas #freekober","6398628520609ac8c10cab13","6ab6d643187fda8a649f92c2","2026-09-25 16:23"
"Заяц","63890678411c174863e40d57","gomes","5e7e08d33d4b6a4440a1fb08","6ab6d770ab5caa0a815647bb","2026-09-25 16:23"
"Avandy","60c3535133004c00010451a3","Fan Swangambita 🔥😋","63d00c59744f7e9ebeeb1c09","6ab6d6b43c3598bdae7d131e","2026-09-25 16:23"
"logan","5fe6c5e7ae5ccd000197c9e7","しよえ　Shiyoe","6375a42d001fcb9df8d226d9","6ab6d6e17f43923c257bd50c","2026-09-25 16:24"
"Cristalina 🪽","595fc5209a4f70bbd892e251","MosaTracker","68fa532476317df25e19c823","6ab6d7907f43923c257bd785","2026-09-25 16:24"
"Avandy","60c3535133004c00010451a3","meow #deserved multi","68582b5f8e62427811441b60","6ab6d80fab5caa0a81564982","2026-09-25 16:25"
"buntizz","600c47062738b20001e52caf","#1 multiplier harvester 🫃","626fc4565f225f253556ea95","6ab6d7821f090e41054ae026","2026-09-25 16:25"
"Markus Benz","6109729e88f8fa00013f1db2","🐫","6092f6f71cbdab0001cbf343","6ab6d7d5df62e07591bcb555","2026-09-25 16:26"
"Locke","679bd2f0c95e0ff79cde564e","Pasord","6669c659ca16186b5a3dbc35","6ab6d6d8df62e07591bcb188","2026-09-25 16:26"
"K4CP3RSKI777","624aa4216b4b8b1765bb6dad","gomes","5e7e08d33d4b6a4440a1fb08","6ab6d8487f43923c257bda60","2026-09-25 16:27"
"Gorka1311","5a4e3f8057f1750a400a8050","Frixy","5fe0f461f3881a0001805646","6ab6d77c187fda8a649f971a","2026-09-25 16:27"
"Julian","5a8eb2d498cc2c6744a88ce4","しよえ　Shiyoe","6375a42d001fcb9df8d226d9","6ab6d8a89a574f9a2157c6cf","2026-09-25 16:27"
"meow #deserved multi","68582b5f8e62427811441b60","Lodi","5788e5e5c2a0fb1304dba46c","6ab6d88b187fda8a649f9ae2","2026-09-25 16:27"
"RuralQuay427","67afb8f9170e41f8f611a20a","All","6332fd517356ad2cfcc440d9","6ab6d72edf62e07591bcb2c0","2026-09-25 16:27"
"Jakob","6330202c43032ef573d382eb","Thenderson","5f8e3fe91e120800015d47f7","6ab6d7911f090e41054ae056","2026-09-25 16:28"
"mikowhy","659c9d0a72300acff1deb5df","M1tzki","668717ff41553d75c689c749","6ab6d706187fda8a649f956d","2026-09-25 16:28"
"Fan Swangambita 🔥😋","63d00c59744f7e9ebeeb1c09","barle #freepalmitas #freekober","6398628520609ac8c10cab13","6ab6d8281f090e41054ae2c7","2026-09-25 16:28"
"OceanMan","5e9a08cdd502e121002b5279","Slam4","60927f97129054000189c279","6ab6d74bdf62e07591bcb302","2026-09-25 16:29"
"Albanian Guy","58796ade8b9ff486d81bbad5","🐫","6092f6f71cbdab0001cbf343","6ab6d8c57f43923c257bdc2f","2026-09-25 16:30"
"しよえ　Shiyoe","6375a42d001fcb9df8d226d9","Gorka1311","5a4e3f8057f1750a400a8050","6ab6d91f1f090e41054ae643","2026-09-25 16:30"
"Заяц","63890678411c174863e40d57","Markus Benz","6109729e88f8fa00013f1db2","6ab6d8e87f43923c257bdca3","2026-09-25 16:31"
"Avandy","60c3535133004c00010451a3","Pasord","6669c659ca16186b5a3dbc35","6ab6d8d5187fda8a649f9bdf","2026-09-25 16:31"
"logan","5fe6c5e7ae5ccd000197c9e7","L'Hank the Dawnstreak","628e0d478e5ef3a3ca163627","6ab6d9637f43923c257bde3f","2026-09-25 16:32"
"Gorka1311","5a4e3f8057f1750a400a8050","しよえ　Shiyoe","6375a42d001fcb9df8d226d9","6ab6d9cddf62e07591bcbc62","2026-09-25 16:32"
"Snupi","5c900e6ee92b0c49e40187bd","Locke","679bd2f0c95e0ff79cde564e","6ab6d8ccaa16f0c3f4e2e03c","2026-09-25 16:32"
"meow #deserved multi","68582b5f8e62427811441b60","gomes","5e7e08d33d4b6a4440a1fb08","6ab6d8f87f43923c257bdcde","2026-09-25 16:32"
"Fan Swangambita 🔥😋","63d00c59744f7e9ebeeb1c09","barle #freepalmitas #freekober","6398628520609ac8c10cab13","6ab6d9427f43923c257bddee","2026-09-25 16:32"
"Slam4","60927f97129054000189c279","1realkingslime","68ad099927369b0fd919500a","6ab6d985df62e07591bcbb37","2026-09-25 16:32"
"Cristalina 🪽","595fc5209a4f70bbd892e251","GeoChiko","637129eb9d737c55a520a3e3","6ab6d846187fda8a649f9a1b","2026-09-25 16:32"
"Jamabi","5e5fcc1326bbda5284e824cf","wisps","60ad03a48b6e1d00012f8e7e","6ab6d6e23c3598bdae7d1424","2026-09-25 16:33"
"Markus Benz","6109729e88f8fa00013f1db2","しよえ　Shiyoe","6375a42d001fcb9df8d226d9","6ab6da1adf62e07591bcbd9f","2026-09-25 16:33"
"MaJo","67d5c3a40631f3abae121baf","MosaTracker","68fa532476317df25e19c823","6ab6d8467f43923c257bda50","2026-09-25 16:33"
"Elefantenrennen","62389c45454d59071bc14556","sri lanka denier","620d993dde01fe0001d63014","6ab6d9deab5caa0a81564e49","2026-09-25 16:33"
"Caetsar","5ec82eb4f849319644f4d9ab","Breadverry :3","68f2bca4e077ebab92e6b08b","6ab6d6bcdf62e07591bcb118","2026-09-25 16:33"
"Frixy","5fe0f461f3881a0001805646","PLK","62179a5c8e88d400010d91ea","6ab6d9cb7f43923c257be019","2026-09-25 16:34"
"meow #deserved multi","68582b5f8e62427811441b60","gomes","5e7e08d33d4b6a4440a1fb08","6ab6da3ddf62e07591bcbe21","2026-09-25 16:34"
"mikowhy","659c9d0a72300acff1deb5df","M1tzki","668717ff41553d75c689c749","6ab6d9531f090e41054ae701","2026-09-25 16:35"
"logan","5fe6c5e7ae5ccd000197c9e7","しよえ　Shiyoe","6375a42d001fcb9df8d226d9","6ab6da8ef527897d27c3f5b4","2026-09-25 16:35"
"Doofist","68f3a854d35e604bd5617bb2","Martxel","5eb029cf97d6cf6940fbb2cc","6ab6d8e20011b98cb44c03fe","2026-09-25 16:35"
"🐫","6092f6f71cbdab0001cbf343","Gorka1311","5a4e3f8057f1750a400a8050","6ab6da26280d209ede5d2ee7","2026-09-25 16:36"
"Fan Swangambita 🔥😋","63d00c59744f7e9ebeeb1c09","Slam4","60927f97129054000189c279","6ab6da257f43923c257be170","2026-09-25 16:36"
"Pasord","6669c659ca16186b5a3dbc35","Kageyu","68ca96634b59728d6b0f739a","6ab6da149a574f9a2157ca20","2026-09-25 16:36"
"Jamabi","5e5fcc1326bbda5284e824cf","しよえ　Shiyoe","6375a42d001fcb9df8d226d9","6ab6db06aa16f0c3f4e2e704","2026-09-25 16:37"
"OceanMan","5e9a08cdd502e121002b5279","layy ♡","603df174d3dc740001da871a","6ab6d9b01f090e41054ae876","2026-09-25 16:37"
"gomes","5e7e08d33d4b6a4440a1fb08","PLK","62179a5c8e88d400010d91ea","6ab6dad07f43923c257be3ea","2026-09-25 16:37"
"Locke","679bd2f0c95e0ff79cde564e","L'Hank the Dawnstreak","628e0d478e5ef3a3ca163627","6ab6da3edf62e07591bcbe28","2026-09-25 16:37"
"GeoChiko","637129eb9d737c55a520a3e3","Bravious","608f43fa0d0e0d0001d2abde","6ab6daab7f43923c257be35c","2026-09-25 16:37"
"OceanMan","5e9a08cdd502e121002b5279","しよえ　Shiyoe","6375a42d001fcb9df8d226d9","6ab6db487f43923c257be5a4","2026-09-25 16:38"
"layy ♡","603df174d3dc740001da871a","しよえ　Shiyoe","6375a42d001fcb9df8d226d9","6ab6dba6187fda8a649fa506","2026-09-25 16:39"
"gomes","5e7e08d33d4b6a4440a1fb08","Jesper","6962762abc79a0f2300d324e","6ab6db6c1f090e41054aef39","2026-09-25 16:40"
"layy ♡","603df174d3dc740001da871a","しよえ　Shiyoe","6375a42d001fcb9df8d226d9","6ab6dbed187fda8a649fa5df","2026-09-25 16:40"
"quarksauce","5fe1b134a2ebcc0001c6bd9c","SanderFMC","62ce8106f827cbfd72056f46","6ab6d74f1f090e41054adf77","2026-09-25 16:40"
"Frixy","5fe0f461f3881a0001805646","Gorka1311","5a4e3f8057f1750a400a8050","6ab6db34ab5caa0a815651d7","2026-09-25 16:41"
"layy ♡","603df174d3dc740001da871a","しよえ　Shiyoe","6375a42d001fcb9df8d226d9","6ab6dc2aab5caa0a815654c3","2026-09-25 16:41"
"xLuma","6832f381b318a99431b6ad28","Slam4","60927f97129054000189c279","6ab6db332066f54e4bd816c7","2026-09-25 16:41"
"gomes","5e7e08d33d4b6a4440a1fb08","Jesper","6962762abc79a0f2300d324e","6ab6dc0f187fda8a649fa680","2026-09-25 16:42"
"WeValueYourFeedback","666c9156dc30d0d163f505b5","しよえ　Shiyoe","6375a42d001fcb9df8d226d9","6ab6dc557f43923c257be962","2026-09-25 16:42"
"Pasord","6669c659ca16186b5a3dbc35","Fan Swangambita 🔥😋","63d00c59744f7e9ebeeb1c09","6ab6db1caa16f0c3f4e2e732","2026-09-25 16:42"
"RuralQuay427","67afb8f9170e41f8f611a20a","Radiator","63fedf7f6177da9add0b7ef5","6ab6d90bab5caa0a81564c32","2026-09-25 16:42"
"Everop","67f96f57f2156b150ad9b7a4","Remy","62bd2758a13615c38eb2b07d","6ab6db517f43923c257be5c2","2026-09-25 16:42"
"mikowhy","659c9d0a72300acff1deb5df","M1tzki","668717ff41553d75c689c749","6ab6dac47f43923c257be3ac","2026-09-25 16:43"
"Orion","5d691c90e9473f7c4058e6a5","Thenderson","5f8e3fe91e120800015d47f7","6ab6da359a574f9a2157ca7a","2026-09-25 16:43"
"Snupi","5c900e6ee92b0c49e40187bd","logan","5fe6c5e7ae5ccd000197c9e7","6ab6dad39a574f9a2157cbfa","2026-09-25 16:43"
"barle #freepalmitas #freekober","6398628520609ac8c10cab13","All","6332fd517356ad2cfcc440d9","6ab6da6f7f43923c257be2a3","2026-09-25 16:43"
"Gaizkaiser","61e67e2b8a1e1100013538d3","しよえ　Shiyoe","6375a42d001fcb9df8d226d9","6ab6dcd27f43923c257beb57","2026-09-25 16:44"
"quarksauce","5fe1b134a2ebcc0001c6bd9c","Rob","61b27223ef496e000183c99e","6ab6dc2a187fda8a649fa6d7","2026-09-25 16:44"
"Kageyu","68ca96634b59728d6b0f739a","Yarik","676e524ee37422d9da0e161a","6ab6db10df62e07591bcc124","2026-09-25 16:44"
"Jamabi","5e5fcc1326bbda5284e824cf","🐫","6092f6f71cbdab0001cbf343","6ab6dbf17711143546634379","2026-09-25 16:45"
"layy ♡","603df174d3dc740001da871a","Gorka1311","5a4e3f8057f1750a400a8050","6ab6dc53187fda8a649fa76b","2026-09-25 16:45"
"Basilio","6870fbc9fe2760ca7e2e2e6f","MosaTracker","68fa532476317df25e19c823","6ab6dc527f43923c257be948","2026-09-25 16:46"
"Rob","61b27223ef496e000183c99e","いぶりー ivly","6578df649b50a29c7d4112a0","6ab6dd01187fda8a649fa980","2026-09-25 16:46"
"gomes","5e7e08d33d4b6a4440a1fb08","Frixy","5fe0f461f3881a0001805646","6ab6dc9e187fda8a649fa855","2026-09-25 16:47"
"Pasord","6669c659ca16186b5a3dbc35","Fan Swangambita 🔥😋","63d00c59744f7e9ebeeb1c09","6ab6dc8e9a574f9a2157d0a8","2026-09-25 16:47"
"Jesper","6962762abc79a0f2300d324e","Avandy","60c3535133004c00010451a3","6ab6dc9caa16f0c3f4e2eb6f","2026-09-25 16:47"
"Rob","61b27223ef496e000183c99e","しよえ　Shiyoe","6375a42d001fcb9df8d226d9","6ab6dd7edf62e07591bcc998","2026-09-25 16:47"
"Locke","679bd2f0c95e0ff79cde564e","L'Hank the Dawnstreak","628e0d478e5ef3a3ca163627","6ab6db4c9a574f9a2157cd21","2026-09-25 16:48"
"Basilio","6870fbc9fe2760ca7e2e2e6f","しよえ　Shiyoe","6375a42d001fcb9df8d226d9","6ab6ddaed874df07518e9c54","2026-09-25 16:48"
"xLuma","6832f381b318a99431b6ad28","Slam4","60927f97129054000189c279","6ab6dc6bdf62e07591bcc628","2026-09-25 16:48"
"logan","5fe6c5e7ae5ccd000197c9e7","M1tzki","668717ff41553d75c689c749","6ab6dcdadf62e07591bcc76f","2026-09-25 16:49"
"Tatert0t","6a60cb66561c205d0831e2ad","しよえ　Shiyoe","6375a42d001fcb9df8d226d9","6ab6dde1df62e07591bccad1","2026-09-25 16:49"
"BlackShark","61f04538cc54700001a27678","Egorsmol","60c7cce623bc770001651df5","6ab6dd33df62e07591bcc88d","2026-09-25 16:49"
"Jackkincaid","5d698d4ab4ec17864c52c785","PATUGANSU","5ed559cb282ad28b94ffb506","6ab6dc04aa16f0c3f4e2e9aa","2026-09-25 16:49"
"wisps","60ad03a48b6e1d00012f8e7e","Gaizkaiser","61e67e2b8a1e1100013538d3","6ab6dd112f0fbe7afbf3bf33","2026-09-25 16:50"
"Rob","61b27223ef496e000183c99e","しよえ　Shiyoe","6375a42d001fcb9df8d226d9","6ab6de519a574f9a2157d550","2026-09-25 16:50"
"Nico","5e8494b3cd30759188bd297c","しよえ　Shiyoe","6375a42d001fcb9df8d226d9","6ab6de12187fda8a649fad5e","2026-09-25 16:50"
"Doofist","68f3a854d35e604bd5617bb2","Caetsar","5ec82eb4f849319644f4d9ab","6ab6db26df62e07591bcc17b","2026-09-25 16:51"
"dead to buffer","660a32d6b52224de403ee217","danq_s","639c2a925d4cc27b2f7a898b","6ab6de52ab5caa0a81565a7b","2026-09-25 16:51"
"🐫","6092f6f71cbdab0001cbf343","Gorka1311","5a4e3f8057f1750a400a8050","6ab6dd667f43923c257bed76","2026-09-25 16:52"
"Locke","679bd2f0c95e0ff79cde564e","Tatert0t","6a60cb66561c205d0831e2ad","6ab6de51187fda8a649fae12","2026-09-25 16:52"
"Jesper","6962762abc79a0f2300d324e","いぶりー ivly","6578df649b50a29c7d4112a0","6ab6ddbef527897d27c3fd2f","2026-09-25 16:52"
"Slam4","60927f97129054000189c279","Avandy","60c3535133004c00010451a3","6ab6de021f090e41054afa66","2026-09-25 16:52"
"しよえ　Shiyoe","6375a42d001fcb9df8d226d9","linkedin top voice","64c44ed42241b2208e0fd3e5","6ab6de75aa16f0c3f4e2f0a2","2026-09-25 16:52"
"Jesper","6962762abc79a0f2300d324e","しよえ　Shiyoe","6375a42d001fcb9df8d226d9","6ab6dee8187fda8a649fb054","2026-09-25 16:53"
"Rem","68b515bd7c70109d5efe1a51","Saradão","66245f82ee56b7dcb4cfcca3","6ab6ddda187fda8a649fac9e","2026-09-25 16:53"
"Frixy","5fe0f461f3881a0001805646","meow #deserved multi","68582b5f8e62427811441b60","6ab6dec81f090e41054afd55","2026-09-25 16:54"
"Jesper","6962762abc79a0f2300d324e","しよえ　Shiyoe","6375a42d001fcb9df8d226d9","6ab6df277f43923c257bf431","2026-09-25 16:54"
"Fan Swangambita 🔥😋","63d00c59744f7e9ebeeb1c09","Pasord","6669c659ca16186b5a3dbc35","6ab6ddf17f43923c257befcd","2026-09-25 16:54"
"Fan Swangambita 🔥😋","63d00c59744f7e9ebeeb1c09","しよえ　Shiyoe","6375a42d001fcb9df8d226d9","6ab6df3edf62e07591bccfc7","2026-09-25 16:55"
"koekemonster","602ea9c05fa0b100010db2b3","Frixy","5fe0f461f3881a0001805646","6ab6df86187fda8a649fb244","2026-09-25 16:56"
"meow #deserved multi","68582b5f8e62427811441b60","Jesper","6962762abc79a0f2300d324e","6ab6df59187fda8a649fb19b","2026-09-25 16:56"
"Thenderson","651735b2324c811102e538a6","Basilio","6870fbc9fe2760ca7e2e2e6f","6ab6de9c187fda8a649faf67","2026-09-25 16:56"
"Saradão","66245f82ee56b7dcb4cfcca3","linkedin top voice","64c44ed42241b2208e0fd3e5","6ab6df26df62e07591bccf76","2026-09-25 16:56"
"Egorsmol","60c7cce623bc770001651df5","Lster95","6875664f91065c0938397061","6ab6de32187fda8a649fadb4","2026-09-25 16:56"
"Fan Swangambita 🔥😋","63d00c59744f7e9ebeeb1c09","しよえ　Shiyoe","6375a42d001fcb9df8d226d9","6ab6df96ab5caa0a81565db5","2026-09-25 16:57"
"Rob","61b27223ef496e000183c99e","Nico","5e8494b3cd30759188bd297c","6ab6de757f43923c257bf1c1","2026-09-25 16:57"
"logan","5fe6c5e7ae5ccd000197c9e7","M1tzki","668717ff41553d75c689c749","6ab6de3fdf62e07591bccc1b","2026-09-25 16:58"
"Tylko Olimpia","5aa9bfec18399e27582f8b7a","Snupi","5c900e6ee92b0c49e40187bd","6ab6ddb87f43923c257beecb","2026-09-25 16:58"
"Slam4","60927f97129054000189c279","Avandy","60c3535133004c00010451a3","6ab6def2aa16f0c3f4e2f1ee","2026-09-25 16:58"
"Gorka1311","5a4e3f8057f1750a400a8050","🐫","6092f6f71cbdab0001cbf343","6ab6dec8aa16f0c3f4e2f18f","2026-09-25 16:59"
"Slam4","60927f97129054000189c279","しよえ　Shiyoe","6375a42d001fcb9df8d226d9","6ab6e0927f43923c257bf96c","2026-09-25 17:00"
"PML","615b4d8920ea1200012de9bf","Kageyu","68ca96634b59728d6b0f739a","6ab6df5eaa16f0c3f4e2f344","2026-09-25 17:00"
"Frixy","5fe0f461f3881a0001805646","koekemonster","602ea9c05fa0b100010db2b3","6ab6dfec1f090e41054b020e","2026-09-25 17:01"
"salamander","60d33d62acc9ca00010d4d66","kriszh #freePatrixo","5922abce1bba700c703b0c00","6ab6e0199a574f9a2157d9b9","2026-09-25 17:01"
"meow #deserved multi","68582b5f8e62427811441b60","Bulgariunaci","5ee07a02053ea52a8454e6c2","6ab6dfd7df62e07591bcd1c8","2026-09-25 17:01"
"Tatert0t","6a60cb66561c205d0831e2ad","Basilio","6870fbc9fe2760ca7e2e2e6f","6ab6dfd8aa16f0c3f4e2f4c9","2026-09-25 17:01"
"Rob","61b27223ef496e000183c99e","Avandy","60c3535133004c00010451a3","6ab6e047df62e07591bcd31f","2026-09-25 17:01"
"yuyux32","65a3fa0c053e0780db54fd4b","しよえ　Shiyoe","6375a42d001fcb9df8d226d9","6ab6e0c5187fda8a649fb632","2026-09-25 17:01"
"M1tzki","668717ff41553d75c689c749","🐫","6092f6f71cbdab0001cbf343","6ab6e060187fda8a649fb4eb","2026-09-25 17:02"
"Fan Swangambita 🔥😋","63d00c59744f7e9ebeeb1c09","Pasord","6669c659ca16186b5a3dbc35","6ab6e02b7f43923c257bf817","2026-09-25 17:02"
"Rem","68b515bd7c70109d5efe1a51","しよえ　Shiyoe","6375a42d001fcb9df8d226d9","6ab6e11daa16f0c3f4e2f87b","2026-09-25 17:02"
"Saradão","66245f82ee56b7dcb4cfcca3","Bravious","608f43fa0d0e0d0001d2abde","6ab6dff1df62e07591bcd213","2026-09-25 17:02"
"yuyux32","65a3fa0c053e0780db54fd4b","しよえ　Shiyoe","6375a42d001fcb9df8d226d9","6ab6e0f4df62e07591bcd55d","2026-09-25 17:02"
"M1tzki","668717ff41553d75c689c749","🐫","6092f6f71cbdab0001cbf343","6ab6e12bab5caa0a8156622f","2026-09-25 17:03"
"Frixy","5fe0f461f3881a0001805646","koekemonster","602ea9c05fa0b100010db2b3","6ab6e118aa16f0c3f4e2f86c","2026-09-25 17:04"
"OceanMan","5e9a08cdd502e121002b5279","Locke","679bd2f0c95e0ff79cde564e","6ab6dec1ab5caa0a81565bbd","2026-09-25 17:04"
"meow #deserved multi","68582b5f8e62427811441b60","🐫","6092f6f71cbdab0001cbf343","6ab6e176aa16f0c3f4e2f957","2026-09-25 17:04"
"RuralQuay427","67afb8f9170e41f8f611a20a","All","6332fd517356ad2cfcc440d9","6ab6dcb11f090e41054af426","2026-09-25 17:04"
"PML","615b4d8920ea1200012de9bf","sri lanka denier","620d993dde01fe0001d63014","6ab6e0b7187fda8a649fb5fd","2026-09-25 17:04"
"dead to buffer","660a32d6b52224de403ee217","linkedin top voice","64c44ed42241b2208e0fd3e5","6ab6e193d874df07518ea64b","2026-09-25 17:04"
"Nico","5e8494b3cd30759188bd297c","Yarik","676e524ee37422d9da0e161a","6ab6e0399a574f9a2157da00","2026-09-25 17:04"
"koekemonster","602ea9c05fa0b100010db2b3","🐫","6092f6f71cbdab0001cbf343","6ab6e1a7df62e07591bcd766","2026-09-25 17:05"
"Frixy","5fe0f461f3881a0001805646","🐫","6092f6f71cbdab0001cbf343","6ab6e1977f43923c257bfcd1","2026-09-25 17:05"
"Batze","66264a9232424d7626d17d76","Snupi","5c900e6ee92b0c49e40187bd","6ab6e125df62e07591bcd5f5","2026-09-25 17:05"
"linkedin top voice","64c44ed42241b2208e0fd3e5","しよえ　Shiyoe","6375a42d001fcb9df8d226d9","6ab6e1c6df62e07591bcd7b1","2026-09-25 17:05"
"Locke","679bd2f0c95e0ff79cde564e","🐫","6092f6f71cbdab0001cbf343","6ab6e1e6187fda8a649fb9b1","2026-09-25 17:06"
"Fan Swangambita 🔥😋","63d00c59744f7e9ebeeb1c09","🐫","6092f6f71cbdab0001cbf343","6ab6e1c9d874df07518ea6c7","2026-09-25 17:06"
"Zecdi","5a9db2143bc43c5498425803","Bulgariunaci","5ee07a02053ea52a8454e6c2","6ab6e122df62e07591bcd5f1","2026-09-25 17:06"
"Frixy","5fe0f461f3881a0001805646","🐫","6092f6f71cbdab0001cbf343","6ab6e20b187fda8a649fba0c","2026-09-25 17:07"
"Tatert0t","6a60cb66561c205d0831e2ad","Pasord","6669c659ca16186b5a3dbc35","6ab6e14d7f43923c257bfbc8","2026-09-25 17:07"
"Avandy","60c3535133004c00010451a3","Slam4","60927f97129054000189c279","6ab6e0e07f43923c257bfa82","2026-09-25 17:07"
"Rem","68b515bd7c70109d5efe1a51","PML","615b4d8920ea1200012de9bf","6ab6e1c5df62e07591bcd7ac","2026-09-25 17:07"
"Albanian Guy","58796ade8b9ff486d81bbad5","meow #deserved multi","68582b5f8e62427811441b60","6ab6e1c1df62e07591bcd79d","2026-09-25 17:08"
"Snupi","5c900e6ee92b0c49e40187bd","🐫","6092f6f71cbdab0001cbf343","6ab6e1ff7f43923c257bfe28","2026-09-25 17:08"
"Gaizkaiser","61e67e2b8a1e1100013538d3","habesh","647734d056305f7bf5561a4e","6ab6de577f43923c257bf11e","2026-09-25 17:08"
"Fan Swangambita 🔥😋","63d00c59744f7e9ebeeb1c09","🐫","6092f6f71cbdab0001cbf343","6ab6e22f0011b98cb44c1b67","2026-09-25 17:08"
"Zecdi","5a9db2143bc43c5498425803","🐫","6092f6f71cbdab0001cbf343","6ab6e227df62e07591bcd8c2","2026-09-25 17:08"
"Bulgariunaci","5ee07a02053ea52a8454e6c2","🐫","6092f6f71cbdab0001cbf343","6ab6e264aa16f0c3f4e2fb55","2026-09-25 17:08"
"wichura240","68767692157557d5c76a0ab6","Anonymous","5eccd6d68d6ade72cc836cb8","6ab6e19edf62e07591bcd751","2026-09-25 17:08"
"mikowhy","659c9d0a72300acff1deb5df","Thenderson","5f8e3fe91e120800015d47f7","6ab6ddc1187fda8a649fac48","2026-09-25 17:09"
"sebastian","667d87ca8401bca3fee14649","wafflyss","6068a918d8694000010952a2","6ab6e2101f090e41054b0a4d","2026-09-25 17:09"
"meow #deserved multi","68582b5f8e62427811441b60","🐫","6092f6f71cbdab0001cbf343","6ab6e293df62e07591bcda63","2026-09-25 17:09"
"Locke","679bd2f0c95e0ff79cde564e","🐫","6092f6f71cbdab0001cbf343","6ab6e23a9a574f9a2157dec8","2026-09-25 17:09"
"Fan Swangambita 🔥😋","63d00c59744f7e9ebeeb1c09","🐫","6092f6f71cbdab0001cbf343","6ab6e2837f43923c257c0018","2026-09-25 17:09"
"Pasord","6669c659ca16186b5a3dbc35","🐫","6092f6f71cbdab0001cbf343","6ab6e273187fda8a649fbb49","2026-09-25 17:09"
"dead to buffer","660a32d6b52224de403ee217","Bravious","608f43fa0d0e0d0001d2abde","6ab6e21cdf62e07591bcd89a","2026-09-25 17:09"
"quarksauce","5fe1b134a2ebcc0001c6bd9c","Doofist","68f3a854d35e604bd5617bb2","6ab6df32c673305a1c6594fe","2026-09-25 17:09"
"wisps","60ad03a48b6e1d00012f8e7e","Orlando","62e7c8236d3aa806160f0f87","6ab6e0b17f43923c257bf9d8","2026-09-25 17:10"
"K4CP3RSKI777","624aa4216b4b8b1765bb6dad","koekemonster","602ea9c05fa0b100010db2b3","6ab6e1ecdf62e07591bcd80f","2026-09-25 17:10"
"Gorka1311","5a4e3f8057f1750a400a8050","bodysfailing","69fd3dc20731483be6bd7038","6ab6e0987f43923c257bf97f","2026-09-25 17:10"
"Bulgariunaci","5ee07a02053ea52a8454e6c2","🐫","6092f6f71cbdab0001cbf343","6ab6e2ae7f43923c257c00b2","2026-09-25 17:10"
"GooseMcGoose","5ff78fa1a56da30001ba546a","barle #freepalmitas #freekober","6398628520609ac8c10cab13","6ab6dd04aa16f0c3f4e2ec48","2026-09-25 17:10"
"Pasord","6669c659ca16186b5a3dbc35","🐫","6092f6f71cbdab0001cbf343","6ab6e2c5187fda8a649fbc35","2026-09-25 17:10"
"Rem","68b515bd7c70109d5efe1a51","ImShinx","5f04af67d94a1550f0e79c76","6ab6e2abdf62e07591bcdaa9","2026-09-25 17:10"
"dead to buffer","660a32d6b52224de403ee217","linkedin top voice","64c44ed42241b2208e0fd3e5","6ab6e2f5187fda8a649fbcca","2026-09-25 17:10"
"Frixy","5fe0f461f3881a0001805646","Orion","5d691c90e9473f7c4058e6a5","6ab6e2817f43923c257c000b","2026-09-25 17:11"
"meow #deserved multi","68582b5f8e62427811441b60","Fan Swangambita 🔥😋","63d00c59744f7e9ebeeb1c09","6ab6e2dcdf62e07591bcdb29","2026-09-25 17:11"
"Bulgariunaci","5ee07a02053ea52a8454e6c2","🐫","6092f6f71cbdab0001cbf343","6ab6e2f47f43923c257c01bc","2026-09-25 17:11"
"Zecdi","5a9db2143bc43c5498425803","Slam4","60927f97129054000189c279","6ab6e2817f43923c257c0010","2026-09-25 17:11"
"Pasord","6669c659ca16186b5a3dbc35","🐫","6092f6f71cbdab0001cbf343","6ab6e310187fda8a649fbd02","2026-09-25 17:11"
"wichura240","68767692157557d5c76a0ab6","🐫","6092f6f71cbdab0001cbf343","6ab6e3077f43923c257c020d","2026-09-25 17:11"
"dead to buffer","660a32d6b52224de403ee217","linkedin top voice","64c44ed42241b2208e0fd3e5","6ab6e339187fda8a649fbd7a","2026-09-25 17:12"
"deemness","603c0c6730d70f000140c197","Yarik","676e524ee37422d9da0e161a","6ab6e2587f43923c257bff7e","2026-09-25 17:12"
"koekemonster","602ea9c05fa0b100010db2b3","Albanian Guy","58796ade8b9ff486d81bbad5","6ab6e305df62e07591bcdb99","2026-09-25 17:13"
"Batze","66264a9232424d7626d17d76","M1tzki","668717ff41553d75c689c749","6ab6e1ec187fda8a649fb9be","2026-09-25 17:13"
"bodysfailing","69fd3dc20731483be6bd7038","Fan Swangambita 🔥😋","63d00c59744f7e9ebeeb1c09","6ab6e35d1f090e41054b0f00","2026-09-25 17:13"
"Rob","61b27223ef496e000183c99e","CleyRey","6022999c91e2d70001baa800","6ab6e0da187fda8a649fb685","2026-09-25 17:13"
"dead to buffer","660a32d6b52224de403ee217","linkedin top voice","64c44ed42241b2208e0fd3e5","6ab6e384ab5caa0a815667ce","2026-09-25 17:13"
"Pasord","6669c659ca16186b5a3dbc35","Bulgariunaci","5ee07a02053ea52a8454e6c2","6ab6e3567f43923c257c032d","2026-09-25 17:14"
"wichura240","68767692157557d5c76a0ab6","Zecdi","5a9db2143bc43c5498425803","6ab6e3917f43923c257c0402","2026-09-25 17:14"
"Anonymous","5eccd6d68d6ade72cc836cb8","Mitrani","5ec41b4ff849319644f3dfd4","6ab6e2b87f43923c257c00d2","2026-09-25 17:14"
"Everop","67f96f57f2156b150ad9b7a4","ImShinx","5f04af67d94a1550f0e79c76","6ab6e388df62e07591bcdd17","2026-09-25 17:14"
"Kapten","5a973147afad0f2a68438531","mikowhy","659c9d0a72300acff1deb5df","6ab6e314df62e07591bcdbdc","2026-09-25 17:15"
"koekemonster","602ea9c05fa0b100010db2b3","kober","67ad18a09e150413a5e6fa66","6ab6e3a8187fda8a649fbe90","2026-09-25 17:15"
"GooseMcGoose","5ff78fa1a56da30001ba546a","Thomas4183b","60194a73ccb73b00018edf77","6ab6e3cb187fda8a649fbee6","2026-09-25 17:15"
"CleyRey","6022999c91e2d70001baa800","Ziga","5f864ab232173400011bd862","6ab6e3d3187fda8a649fbef9","2026-09-25 17:15"
"dead to buffer","660a32d6b52224de403ee217","barle #freepalmitas #freekober","6398628520609ac8c10cab13","6ab6e3b6aa16f0c3f4e2fe9b","2026-09-25 17:15"
"Doofist","68f3a854d35e604bd5617bb2","quarksauce","5fe1b134a2ebcc0001c6bd9c","6ab6e2c87f43923c257c0112","2026-09-25 17:15"
"barle #freepalmitas #freekober","6398628520609ac8c10cab13","dead to buffer","660a32d6b52224de403ee217","6ab6e450187fda8a649fc05e","2026-09-25 17:16"
"Everop","67f96f57f2156b150ad9b7a4","MosaTracker","68fa532476317df25e19c823","6ab6e3f9187fda8a649fbf7b","2026-09-25 17:16"
"M1tzki","668717ff41553d75c689c749","Batze","66264a9232424d7626d17d76","6ab6e3ac187fda8a649fbe9a","2026-09-25 17:17"
"Fan Swangambita 🔥😋","63d00c59744f7e9ebeeb1c09","Rob","61b27223ef496e000183c99e","6ab6e3f97f43923c257c0546","2026-09-25 17:17"
"VIVER","631f29032347fcd4bef60349","Thomas4183b","60194a73ccb73b00018edf77","6ab6e4609a574f9a2157e2f7","2026-09-25 17:17"
"Slam4","60927f97129054000189c279","Avandy","60c3535133004c00010451a3","6ab6e359df62e07591bcdc83","2026-09-25 17:17"
"Rem","68b515bd7c70109d5efe1a51","PATUGANSU","5ed559cb282ad28b94ffb506","6ab6e386aa16f0c3f4e2fe32","2026-09-25 17:17"
"Thenderson","5f8e3fe91e120800015d47f7","Locke","679bd2f0c95e0ff79cde564e","6ab6e2f9df62e07591bcdb6f","2026-09-25 17:18"
"Albanian Guy","58796ade8b9ff486d81bbad5","sebastian","667d87ca8401bca3fee14649","6ab6e40a1f090e41054b114b","2026-09-25 17:18"
"Pasord","6669c659ca16186b5a3dbc35","Bulgariunaci","5ee07a02053ea52a8454e6c2","6ab6e427df62e07591bcde82","2026-09-25 17:18"
"kober","67ad18a09e150413a5e6fa66","koekemonster","602ea9c05fa0b100010db2b3","6ab6e44c187fda8a649fc04d","2026-09-25 17:19"
"Zecdi","5a9db2143bc43c5498425803","Anonymous","5eccd6d68d6ade72cc836cb8","6ab6e407aa16f0c3f4e2ff54","2026-09-25 17:20"
"Doofist","68f3a854d35e604bd5617bb2","Yarik","676e524ee37422d9da0e161a","6ab6e4577f43923c257c06a2","2026-09-25 17:20"
"Wanderer","628d8821da07473974d7adab","TaigaTigre","67866385685b5cb1dee32a82","6ab6e4841f090e41054b12d6","2026-09-25 17:20"
"meow #deserved multi","68582b5f8e62427811441b60","K4CP3RSKI777","624aa4216b4b8b1765bb6dad","6ab6e43f7f43923c257c0642","2026-09-25 17:21"
"kober","67ad18a09e150413a5e6fa66","Albanian Guy","58796ade8b9ff486d81bbad5","6ab6e535187fda8a649fc2d1","2026-09-25 17:22"
"PLK","62179a5c8e88d400010d91ea","Заяц","63890678411c174863e40d57","6ab6e546aa16f0c3f4e30232","2026-09-25 17:22"
"VIVER","631f29032347fcd4bef60349","Bulgariunaci","5ee07a02053ea52a8454e6c2","6ab6e4f91f090e41054b145a","2026-09-25 17:22"
"Avandy","60c3535133004c00010451a3","Wndntt","67607c5f15734408543abb64","6ab6e4ccaa16f0c3f4e300e7","2026-09-25 17:22"
"linkedin top voice","64c44ed42241b2208e0fd3e5","dead to buffer","660a32d6b52224de403ee217","6ab6e594187fda8a649fc3d2","2026-09-25 17:22"
"Orion","5d691c90e9473f7c4058e6a5","niwai","63bcf9051465b5b236749d8f","6ab6e38e7f43923c257c03fa","2026-09-25 17:23"
"Locke","679bd2f0c95e0ff79cde564e","Rem","68b515bd7c70109d5efe1a51","6ab6e5180011b98cb44c21aa","2026-09-25 17:23"
"Fan Swangambita 🔥😋","63d00c59744f7e9ebeeb1c09","VIVER","631f29032347fcd4bef60349","6ab6e5daab5caa0a81566d02","2026-09-25 17:23"
"Pasord","6669c659ca16186b5a3dbc35","Steve Irwin","6a594bfc4f0853294332c67f","6ab6e5141f090e41054b14a1","2026-09-25 17:23"
"CleyRey","6022999c91e2d70001baa800","Ziga","5f864ab232173400011bd862","6ab6e46c187fda8a649fc0a6","2026-09-25 17:23"
"linkedin top voice","64c44ed42241b2208e0fd3e5","dead to buffer","660a32d6b52224de403ee217","6ab6e5d41f090e41054b1743","2026-09-25 17:23"
"Snupi","5c900e6ee92b0c49e40187bd","Gorka1311","5a4e3f8057f1750a400a8050","6ab6e359df62e07591bcdc82","2026-09-25 17:24"
"Zecdi","5a9db2143bc43c5498425803","koekemonster","602ea9c05fa0b100010db2b3","6ab6e5b1187fda8a649fc420","2026-09-25 17:24"
"linkedin top voice","64c44ed42241b2208e0fd3e5","dead to buffer","660a32d6b52224de403ee217","6ab6e610df62e07591bce406","2026-09-25 17:24"
"M1tzki","668717ff41553d75c689c749","wafflyss","6068a918d8694000010952a2","6ab6e4ab1f090e41054b134f","2026-09-25 17:25"
"Doofist","68f3a854d35e604bd5617bb2","Anonymous","5eccd6d68d6ade72cc836cb8","6ab6e5847f43923c257c0a4d","2026-09-25 17:25"
"Thomas4183b","60194a73ccb73b00018edf77","MarcoMackS","5c7bf548f8f7fb517407d4c6","6ab6e5c87f43923c257c0b37","2026-09-25 17:25"
"Fan Swangambita 🔥😋","63d00c59744f7e9ebeeb1c09","Pasord","6669c659ca16186b5a3dbc35","6ab6e629df62e07591bce452","2026-09-25 17:26"
"Kapten","5a973147afad0f2a68438531","Jakob","6330202c43032ef573d382eb","6ab6e4e41e72ad4d271c76bc","2026-09-25 17:27"
"Avandy","60c3535133004c00010451a3","PLK","62179a5c8e88d400010d91ea","6ab6e5fe7f43923c257c0bdf","2026-09-25 17:27"
"Fan Swangambita 🔥😋","63d00c59744f7e9ebeeb1c09","K4CP3RSKI777","624aa4216b4b8b1765bb6dad","6ab6e6d57f43923c257c0eb0","2026-09-25 17:28"
"Tatert0t","6a60cb66561c205d0831e2ad","Locke","679bd2f0c95e0ff79cde564e","6ab6e617ab5caa0a81566d88","2026-09-25 17:28"
"Everop","67f96f57f2156b150ad9b7a4","danq_s","639c2a925d4cc27b2f7a898b","6ab6e6cbdf62e07591bce65c","2026-09-25 17:28"
"M1tzki","668717ff41553d75c689c749","Thenderson","5f8e3fe91e120800015d47f7","6ab6e6b4df62e07591bce600","2026-09-25 17:29"
"Albanian Guy","58796ade8b9ff486d81bbad5","Steve Irwin","6a594bfc4f0853294332c67f","6ab6e63c9a574f9a2157e6f1","2026-09-25 17:29"
"habesh","647734d056305f7bf5561a4e","Gaizkaiser","61e67e2b8a1e1100013538d3","6ab6e2897f43923c257c003f","2026-09-25 17:29"
"Shakazaramesh","5ef2945bbb96627c9ce5f63f","Bulgariunaci","5ee07a02053ea52a8454e6c2","6ab6e627ab5caa0a81566daa","2026-09-25 17:29"
"Avandy","60c3535133004c00010451a3","Zecdi","5a9db2143bc43c5498425803","6ab6e707187fda8a649fc7d9","2026-09-25 17:30"
"Doofist","68f3a854d35e604bd5617bb2","Anonymous","5eccd6d68d6ade72cc836cb8","6ab6e6ae0011b98cb44c24e1","2026-09-25 17:30"
"Wndntt","67607c5f15734408543abb64","Bravious","608f43fa0d0e0d0001d2abde","6ab6e6357f43923c257c0c90","2026-09-25 17:30"
"Ziga","5f864ab232173400011bd862","Gorka1311","5a4e3f8057f1750a400a8050","6ab6e664df62e07591bce512","2026-09-25 17:32"
"VIVER","631f29032347fcd4bef60349","Fan Swangambita 🔥😋","63d00c59744f7e9ebeeb1c09","6ab6e7517f43923c257c103a","2026-09-25 17:33"
"ItzKubek!_","63c56996754dafb086b2123f","ferreiro","5f126427d6ca438f24009b8e","6ab6e7c31f090e41054b1e90","2026-09-25 17:33"
"wichura240","68767692157557d5c76a0ab6","estatista","64dc0ed490256c1eba066c5f","6ab6e72f187fda8a649fc836","2026-09-25 17:34"
"Anonymous","5eccd6d68d6ade72cc836cb8","Doofist","68f3a854d35e604bd5617bb2","6ab6e7d0187fda8a649fc9e9","2026-09-25 17:34"
"Locke","679bd2f0c95e0ff79cde564e","Tatert0t","6a60cb66561c205d0831e2ad","6ab6e78eaa16f0c3f4e307d0","2026-09-25 17:35"
"Everop","67f96f57f2156b150ad9b7a4","danq_s","639c2a925d4cc27b2f7a898b","6ab6e80d7711143546635d1f","2026-09-25 17:35"
"M1tzki","668717ff41553d75c689c749","Thenderson","5f8e3fe91e120800015d47f7","6ab6e788df62e07591bce882","2026-09-25 17:36"
"Shakazaramesh","5ef2945bbb96627c9ce5f63f","Yarik","676e524ee37422d9da0e161a","6ab6e84edf62e07591bcea8d","2026-09-25 17:36"
"VIVER","631f29032347fcd4bef60349","Fan Swangambita 🔥😋","63d00c59744f7e9ebeeb1c09","6ab6e87c7f43923c257c13af","2026-09-25 17:37"
"Avandy","60c3535133004c00010451a3","いぶりー ivly","6578df649b50a29c7d4112a0","6ab6e8417f43923c257c1313","2026-09-25 17:37"
"alex99","6205976f4e77cd0001949f1e","Paulraymonfr","62bdf110c366e81adbea3322","6ab6e6e41f090e41054b1b69","2026-09-25 17:37"
"ItzKubek!_","63c56996754dafb086b2123f","CaliBear","67754aa4801d2d75f4028703","6ab6e90e7f43923c257c1561","2026-09-25 17:37"
"Albanian Guy","58796ade8b9ff486d81bbad5","Gorka1311","5a4e3f8057f1750a400a8050","6ab6e847187fda8a649fcb14","2026-09-25 17:38"
"linkedin top voice","64c44ed42241b2208e0fd3e5","Thomas4183b","60194a73ccb73b00018edf77","6ab6e68e7f43923c257c0daf","2026-09-25 17:38"
"estatista","64dc0ed490256c1eba066c5f","vestin","69dceeb35a65a03675bcfd7b","6ab6e8d1187fda8a649fccb0","2026-09-25 17:39"
"Wndntt","67607c5f15734408543abb64","Rem","68b515bd7c70109d5efe1a51","6ab6e8047f43923c257c123e","2026-09-25 17:40"
"FMC","638348f8910c9ca0fbb4fa15","Gaizkaiser","61e67e2b8a1e1100013538d3","6ab6e7e97f43923c257c11ee","2026-09-25 17:40"
"bodysfailing","69fd3dc20731483be6bd7038","Gorka1311","5a4e3f8057f1750a400a8050","6ab6e9b11f090e41054b2525","2026-09-25 17:41"
"Steve Irwin","6a594bfc4f0853294332c67f","Thenderson","651735b2324c811102e538a6","6ab6e7a2df62e07591bce8ca","2026-09-25 17:41"
"VIVER","631f29032347fcd4bef60349","wichura240","68767692157557d5c76a0ab6","6ab6e9577f43923c257c1626","2026-09-25 17:41"
"[FatSnail] SavetheSnail","591790fc1bba70b6146c6485","M4RCU5","624f4f8e1b3c401d26551c9d","6ab6e9921f090e41054b24b6","2026-09-25 17:41"
"Anonymous","5eccd6d68d6ade72cc836cb8","Doofist","68f3a854d35e604bd5617bb2","6ab6e8a3187fda8a649fcc2d","2026-09-25 17:41"
"quarksauce","5fe1b134a2ebcc0001c6bd9c","All","6332fd517356ad2cfcc440d9","6ab6e43e187fda8a649fc021","2026-09-25 17:41"
"Bulgariunaci","5ee07a02053ea52a8454e6c2","Tatert0t","6a60cb66561c205d0831e2ad","6ab6e95daa16f0c3f4e30bd4","2026-09-25 17:43"
"いぶりー ivly","6578df649b50a29c7d4112a0","Everop","67f96f57f2156b150ad9b7a4","6ab6ea1f7f43923c257c18a6","2026-09-25 17:43"
"bodysfailing","69fd3dc20731483be6bd7038","Steve Irwin","6a594bfc4f0853294332c67f","6ab6ea690011b98cb44c2db5","2026-09-25 17:44"
"[FatSnail] SavetheSnail","591790fc1bba70b6146c6485","Thenderson","651735b2324c811102e538a6","6ab6ea547f43923c257c1937","2026-09-25 17:44"
"Shakazaramesh","5ef2945bbb96627c9ce5f63f","seven³","67cb3e4e3d2dc435a0a325e7","6ab6e9bcaa16f0c3f4e30cdc","2026-09-25 17:44"
"Gorka1311","5a4e3f8057f1750a400a8050","VIVER","631f29032347fcd4bef60349","6ab6ea67df62e07591bcf023","2026-09-25 17:45"
"wichura240","68767692157557d5c76a0ab6","puffle","63cf256c0168c114ef60bea4","6ab6ea7d7f43923c257c19c1","2026-09-25 17:45"
"NamibianAmphibianMan","69ba2e52a04671c8a9b13e12","Nico","5e8494b3cd30759188bd297c","6ab6ea2adf62e07591bcef5f","2026-09-25 17:46"
"Albanian Guy","58796ade8b9ff486d81bbad5","Fan Swangambita 🔥😋","63d00c59744f7e9ebeeb1c09","6ab6e9cc1f090e41054b2576","2026-09-25 17:47"
"Anonymous","5eccd6d68d6ade72cc836cb8","Doofist","68f3a854d35e604bd5617bb2","6ab6eabfaa16f0c3f4e30f46","2026-09-25 17:47"
"estatista","64dc0ed490256c1eba066c5f","cozy","5eee1ae86a7c6a4edc0f7f94","6ab6e9edc673305a1c65aa5d","2026-09-25 17:47"
"Jamabi","5e5fcc1326bbda5284e824cf","emshanoff","60a55176895a250001d9e2d8","6ab6eb4adf62e07591bcf295","2026-09-25 17:48"
"Thenderson","5f8e3fe91e120800015d47f7","Felix.svb","6856986bb22dea4ae40a3d22","6ab6e9a67f43923c257c1728","2026-09-25 17:48"
"Avandy","60c3535133004c00010451a3","Steve Irwin","6a594bfc4f0853294332c67f","6ab6eae41f090e41054b2913","2026-09-25 17:48"
"Bulgariunaci","5ee07a02053ea52a8454e6c2","Tatert0t","6a60cb66561c205d0831e2ad","6ab6eaea9a574f9a2157f10a","2026-09-25 17:48"
"wichura240","68767692157557d5c76a0ab6","VIVER","631f29032347fcd4bef60349","6ab6eb777f43923c257c1cac","2026-09-25 17:49"
"Psylaris","59dad8dd5d2de4db8036e36c","barle #freepalmitas #freekober","6398628520609ac8c10cab13","6ab6e4977f43923c257c0793","2026-09-25 17:49"
"ferreiro","5f126427d6ca438f24009b8e","seven³","67cb3e4e3d2dc435a0a325e7","6ab6eb83187fda8a649fd4ab","2026-09-25 17:49"
"Gorka1311","5a4e3f8057f1750a400a8050","bodysfailing","69fd3dc20731483be6bd7038","6ab6eb807f43923c257c1ccf","2026-09-25 17:50"
"Rem","68b515bd7c70109d5efe1a51","jeyjey1001","5e9dc1026ea510450800fbb9","6ab6eaca7f43923c257c1acd","2026-09-25 17:50"
"puffle","63cf256c0168c114ef60bea4","Thenderson","651735b2324c811102e538a6","6ab6ebdd7f43923c257c1ddb","2026-09-25 17:51"
"Thomas4183b","60194a73ccb73b00018edf77","ParanaPine101","677e7700a878d4c84ac6af50","6ab6e9b57f43923c257c175f","2026-09-25 17:51"
"Gaizkaiser","61e67e2b8a1e1100013538d3","FMC","638348f8910c9ca0fbb4fa15","6ab6ea6d1f090e41054b275c","2026-09-25 17:53"
"Anonymous","5eccd6d68d6ade72cc836cb8","cozy","5eee1ae86a7c6a4edc0f7f94","6ab6ebd81f090e41054b2c57","2026-09-25 17:53"
"BlackShark","61f04538cc54700001a27678","Nico","5e8494b3cd30759188bd297c","6ab6eba7df62e07591bcf3a5","2026-09-25 17:53"
"[FatSnail] SavetheSnail","591790fc1bba70b6146c6485","Gorka1311","5a4e3f8057f1750a400a8050","6ab6ec6b187fda8a649fd72f","2026-09-25 17:54"
"puffle","63cf256c0168c114ef60bea4","Thenderson","651735b2324c811102e538a6","6ab6ecc1187fda8a649fd80c","2026-09-25 17:54"
"klingemann","67e8571421527a17dfbc69d4","ferreiro","5f126427d6ca438f24009b8e","6ab6ec277f43923c257c1ecc","2026-09-25 17:54"
"Bulgariunaci","5ee07a02053ea52a8454e6c2","Tatert0t","6a60cb66561c205d0831e2ad","6ab6ec0a7f43923c257c1e64","2026-09-25 17:55"
"Wndntt","67607c5f15734408543abb64","Shakazaramesh","5ef2945bbb96627c9ce5f63f","6ab6eb347f43923c257c1bef","2026-09-25 17:56"
"Steve Irwin","6a594bfc4f0853294332c67f","VIVER","631f29032347fcd4bef60349","6ab6ec3cab5caa0a81567bf7","2026-09-25 17:57"
"wichura240","68767692157557d5c76a0ab6","Rem","68b515bd7c70109d5efe1a51","6ab6eceb7c6c78ba71a6844f","2026-09-25 17:57"
"klingemann","67e8571421527a17dfbc69d4","ferreiro","5f126427d6ca438f24009b8e","6ab6ed65ab5caa0a81567e82","2026-09-25 17:57"
"bodysfailing","69fd3dc20731483be6bd7038","Gorka1311","5a4e3f8057f1750a400a8050","6ab6ed61df62e07591bcf849","2026-09-25 17:58"
"Steve Irwin","6a594bfc4f0853294332c67f","[FatSnail] SavetheSnail","591790fc1bba70b6146c6485","6ab6ee1edf62e07591bcfa15","2026-09-25 17:58"
"Bulgariunaci","5ee07a02053ea52a8454e6c2","Tatert0t","6a60cb66561c205d0831e2ad","6ab6edaa7f43923c257c2341","2026-09-25 17:58"
"puffle","63cf256c0168c114ef60bea4","Thenderson","651735b2324c811102e538a6","6ab6edcbdf62e07591bcf941","2026-09-25 17:59"
"alex99","6205976f4e77cd0001949f1e","SanderFMC","62ce8106f827cbfd72056f46","6ab6e95832172e5520535092","2026-09-25 17:59"
"Primzahl","63a4bfd4030a368d18291a84","estatista","64dc0ed490256c1eba066c5f","6ab6ec4ddf62e07591bcf561","2026-09-25 18:01"
"Nici","619512ea6e5572000187322c","cozy","5eee1ae86a7c6a4edc0f7f94","6ab6ed467f43923c257c2222","2026-09-25 18:01"
"puffle","63cf256c0168c114ef60bea4","Thenderson","651735b2324c811102e538a6","6ab6ee929a574f9a2157f928","2026-09-25 18:02"
"Shakazaramesh","5ef2945bbb96627c9ce5f63f","Dutzu","5ef029b28d47146f144f8c70","6ab6ee4faa16f0c3f4e317d1","2026-09-25 18:04"
"FMC","638348f8910c9ca0fbb4fa15","Gaizkaiser","61e67e2b8a1e1100013538d3","6ab6ed741f090e41054b31c9","2026-09-25 18:04"
"klingemann","67e8571421527a17dfbc69d4","ferreiro","5f126427d6ca438f24009b8e","6ab6eef2aa16f0c3f4e3196d","2026-09-25 18:04"
"bodysfailing","69fd3dc20731483be6bd7038","Gorka1311","5a4e3f8057f1750a400a8050","6ab6eea6df62e07591bcfb8c","2026-09-25 18:05"
"[FatSnail] SavetheSnail","591790fc1bba70b6146c6485","Avandy","60c3535133004c00010451a3","6ab6ee7a7d3b15a7d389f5e9","2026-09-25 18:05"
"Steve Irwin","6a594bfc4f0853294332c67f","VIVER","631f29032347fcd4bef60349","6ab6ee66df62e07591bcfac6","2026-09-25 18:06"
"klingemann","67e8571421527a17dfbc69d4","MarcoMackS","5c7bf548f8f7fb517407d4c6","6ab6efd57f43923c257c298b","2026-09-25 18:08"
"Gaizkaiser","61e67e2b8a1e1100013538d3","Steve Irwin","6a594bfc4f0853294332c67f","6ab6f03c187fda8a649fe0cb","2026-09-25 18:09"
"Sunflower in CB15 May","6a515fcdcf750a7a944559c1","Tatert0t","6a60cb66561c205d0831e2ad","6ab6eeceaa16f0c3f4e318fb","2026-09-25 18:09"
"Shakazaramesh","5ef2945bbb96627c9ce5f63f","Dutzu","5ef029b28d47146f144f8c70","6ab6f042187fda8a649fe0d7","2026-09-25 18:09"
"いぶりー ivly","6578df649b50a29c7d4112a0","ferreiro","5f126427d6ca438f24009b8e","6ab6efb0ab5caa0a81568377","2026-09-25 18:09"
"Thomas4183b","60194a73ccb73b00018edf77","pokrasko","5add1f1d30e0106530a7a758","6ab6eccc1f090e41054b2fa0","2026-09-25 18:09"
"bodysfailing","69fd3dc20731483be6bd7038","Gorka1311","5a4e3f8057f1750a400a8050","6ab6f01cab5caa0a81568477","2026-09-25 18:12"
"Steve Irwin","6a594bfc4f0853294332c67f","Gaizkaiser","61e67e2b8a1e1100013538d3","6ab6f100187fda8a649fe2fb","2026-09-25 18:12"
"slew","5cc1545b8701a898fc423332","LP","607c59afb15d75000193fc94","6ab6ee61aa16f0c3f4e31800","2026-09-25 18:12"
"[FatSnail] SavetheSnail","591790fc1bba70b6146c6485","VIVER","631f29032347fcd4bef60349","6ab6f0287f43923c257c2a6b","2026-09-25 18:13"
"Stephen","5d87615adf1dd672b8a144b5","Palmitas","6996dba3740f6563cda3ee30","6ab6f13a187fda8a649fe38d","2026-09-25 18:13"
"Steve Irwin","6a594bfc4f0853294332c67f","Gaizkaiser","61e67e2b8a1e1100013538d3","6ab6f100187fda8a649fe2fb","2026-09-25 18:13"
"Lao","67e55b0b1a521e857df969cb","Avandy","60c3535133004c00010451a3","6ab6f104aa16f0c3f4e31ecd","2026-09-25 18:14"
"Dutzu","5ef029b28d47146f144f8c70","ferreiro","5f126427d6ca438f24009b8e","6ab6f1072066f54e4bd84565","2026-09-25 18:14"
"barle #freepalmitas #freekober","6398628520609ac8c10cab13","Psylaris","59dad8dd5d2de4db8036e36c","6ab6ecea7f43923c257c2103","2026-09-25 18:15"
"BulgariaEnjoyer","60f46ec8cac323000166141d","Jamabi","5e5fcc1326bbda5284e824cf","6ab6ef21aa16f0c3f4e319eb","2026-09-25 18:16"
"Gorka1311","5a4e3f8057f1750a400a8050","Shakazaramesh","5ef2945bbb96627c9ce5f63f","6ab6f1cb0011b98cb44c3d56","2026-09-25 18:16"
"Magik","625f0d2b367d807d71f34e79","Gaizkaiser","61e67e2b8a1e1100013538d3","6ab6f200aa16f0c3f4e3212c","2026-09-25 18:17"
"Kacper Tomasiak","6874db1c4c43e0efcc0bc838","Cansanção Blur Enjoyer","6a207295824d2054d74c3e7a","6ab6f17faa16f0c3f4e32010","2026-09-25 18:17"
"Magik","625f0d2b367d807d71f34e79","Gaizkaiser","61e67e2b8a1e1100013538d3","6ab6f200aa16f0c3f4e3212c","2026-09-25 18:18"
"ChronosC","63262c005e44be1f38494296","Lurkki","673dfa9f10797c20bc6721e9","6ab6f176aa16f0c3f4e32000","2026-09-25 18:18"
"[FatSnail] SavetheSnail","591790fc1bba70b6146c6485","VIVER","631f29032347fcd4bef60349","6ab6f1f0df62e07591bd0353","2026-09-25 18:19"
"Palmitas","6996dba3740f6563cda3ee30","1realkingslime","68ad099927369b0fd919500a","6ab6f1fa187fda8a649fe5b2","2026-09-25 18:19"
"Avandy","60c3535133004c00010451a3","klingemann","67e8571421527a17dfbc69d4","6ab6f227ab5caa0a8156891f","2026-09-25 18:20"
"Dutzu","5ef029b28d47146f144f8c70","cozy","5eee1ae86a7c6a4edc0f7f94","6ab6f2a7df62e07591bd052f","2026-09-25 18:20"
"Gaizkaiser","61e67e2b8a1e1100013538d3","Cansanção Blur Enjoyer","6a207295824d2054d74c3e7a","6ab6f2e27f43923c257c31a2","2026-09-25 18:21"
"PLK","62179a5c8e88d400010d91ea","Lao","67e55b0b1a521e857df969cb","6ab6f244df62e07591bd042d","2026-09-25 18:21"
"slew","5cc1545b8701a898fc423332","LP","607c59afb15d75000193fc94","6ab6f1c6df62e07591bd02e5","2026-09-25 18:21"
"Gaizkaiser","61e67e2b8a1e1100013538d3","Steve Irwin","6a594bfc4f0853294332c67f","6ab6f2fa7f43923c257c31d3","2026-09-25 18:22"
"Kacper Tomasiak","6874db1c4c43e0efcc0bc838","いぶりー ivly","6578df649b50a29c7d4112a0","6ab6f3247c6c78ba71a6900f","2026-09-25 18:22"
"FMC","638348f8910c9ca0fbb4fa15","wisps","60ad03a48b6e1d00012f8e7e","6ab6f099aa16f0c3f4e31db9","2026-09-25 18:23"
"Shiina","5de7a59044d2a42f78156b33","Jamabi","5e5fcc1326bbda5284e824cf","6ab6f35faa16f0c3f4e32488","2026-09-25 18:24"
"VIVER","631f29032347fcd4bef60349","klingemann","67e8571421527a17dfbc69d4","6ab6f383187fda8a649fe96f","2026-09-25 18:24"
"Kacper Tomasiak","6874db1c4c43e0efcc0bc838","Steve Irwin","6a594bfc4f0853294332c67f","6ab6f3ef7f43923c257c3450","2026-09-25 18:24"
"alex99","6205976f4e77cd0001949f1e","LHeyy","683dc8bdc7582533316244d0","6ab6f2e532172e55205362e0","2026-09-25 18:24"
"Gorka1311","5a4e3f8057f1750a400a8050","Shakazaramesh","5ef2945bbb96627c9ce5f63f","6ab6f29cdf62e07591bd051d","2026-09-25 18:25"
"ChronosC","63262c005e44be1f38494296","barle #freepalmitas #freekober","6398628520609ac8c10cab13","6ab6f338df62e07591bd06ac","2026-09-25 18:25"
"Gaizkaiser","61e67e2b8a1e1100013538d3","duck","635dc283e419c615374198d6","6ab6f433df62e07591bd08ef","2026-09-25 18:26"
"Cansanção Blur Enjoyer","6a207295824d2054d74c3e7a","Filbac31","63ee79f6870feb6321370e26","6ab6f3f677111435466373aa","2026-09-25 18:26"
"[FatSnail] SavetheSnail","591790fc1bba70b6146c6485","Gaizkaiser","61e67e2b8a1e1100013538d3","6ab6f3d6df62e07591bd0819","2026-09-25 18:27"
"Kacper Tomasiak","6874db1c4c43e0efcc0bc838","VIVER","631f29032347fcd4bef60349","6ab6f46faa16f0c3f4e32775","2026-09-25 18:27"
"Palmitas","6996dba3740f6563cda3ee30","Erik.DL","64caea899c1426306f701b23","6ab6f38dab5caa0a81568be6","2026-09-25 18:27"
"slew","5cc1545b8701a898fc423332","LP","607c59afb15d75000193fc94","6ab6f3e1aa16f0c3f4e325be","2026-09-25 18:27"
"ferreiro","5f126427d6ca438f24009b8e","zawi099","65e0c0bb27244e08eda40ec3","6ab6f442187fda8a649feb29","2026-09-25 18:27"
"PLK","62179a5c8e88d400010d91ea","Lao","67e55b0b1a521e857df969cb","6ab6f39edf62e07591bd0797","2026-09-25 18:28"
"barle #freepalmitas #freekober","6398628520609ac8c10cab13","Steve Irwin","6a594bfc4f0853294332c67f","6ab6f491df62e07591bd09c0","2026-09-25 18:28"
"ferreiro","5f126427d6ca438f24009b8e","zawi099","65e0c0bb27244e08eda40ec3","6ab6f50adf62e07591bd0b0d","2026-09-25 18:28"
"klingemann","67e8571421527a17dfbc69d4","Cristiano Ronaldo","5c6eed96ed6c9284608c8231","6ab6f4a1aa16f0c3f4e327e5","2026-09-25 18:29"
"Gorka1311","5a4e3f8057f1750a400a8050","SigmaLigma","641e0c54c1155de1803057b1","6ab6f4fadf62e07591bd0aed","2026-09-25 18:31"
"Cansanção Blur Enjoyer","6a207295824d2054d74c3e7a","Doofist","68f3a854d35e604bd5617bb2","6ab6f5967f43923c257c387c","2026-09-25 18:31"
"PLK","62179a5c8e88d400010d91ea","Steve Irwin","6a594bfc4f0853294332c67f","6ab6f55ddf62e07591bd0be1","2026-09-25 18:32"
"Gaizkaiser","61e67e2b8a1e1100013538d3","VIVER","631f29032347fcd4bef60349","6ab6f519aa16f0c3f4e3290c","2026-09-25 18:32"
"Kacper Tomasiak","6874db1c4c43e0efcc0bc838","[FatSnail] SavetheSnail","591790fc1bba70b6146c6485","6ab6f54b7f43923c257c37e4","2026-09-25 18:32"
"Albanian Guy","58796ade8b9ff486d81bbad5","Jamabi","5e5fcc1326bbda5284e824cf","6ab6f5b7187fda8a649feea1","2026-09-25 18:33"
"Steve Irwin","6a594bfc4f0853294332c67f","Mahatma Gandhi","6a30b007dc21ec5f416bc5e1","6ab6f68d7f43923c257c3ade","2026-09-25 18:34"
"Shakazaramesh","5ef2945bbb96627c9ce5f63f","Jackkincaid","5d698d4ab4ec17864c52c785","6ab6f4c2aa16f0c3f4e32856","2026-09-25 18:34"
"Gaizkaiser","61e67e2b8a1e1100013538d3","VIVER","631f29032347fcd4bef60349","6ab6f65aaa16f0c3f4e32c51","2026-09-25 18:35"
"Kacper Tomasiak","6874db1c4c43e0efcc0bc838","barle #freepalmitas #freekober","6398628520609ac8c10cab13","6ab6f6417f43923c257c3a21","2026-09-25 18:35"
"Filbac31","63ee79f6870feb6321370e26","Lao","67e55b0b1a521e857df969cb","6ab6f56d7f43923c257c381b","2026-09-25 18:35"
"Doofist","68f3a854d35e604bd5617bb2","Cansanção Blur Enjoyer","6a207295824d2054d74c3e7a","6ab6f604ab5caa0a8156913a","2026-09-25 18:35"
"barry","62be7867aa13616722f8dd4a","Shiina","5de7a59044d2a42f78156b33","6ab6f49632172e5520536679","2026-09-25 18:36"
"Jackkincaid","5d698d4ab4ec17864c52c785","d4nk","5b92bdcc1ee0107188685300","6ab6f6a97f43923c257c3b28","2026-09-25 18:36"
"Filbac31","63ee79f6870feb6321370e26","Primzahl","63a4bfd4030a368d18291a84","6ab6f718df62e07591bd100e","2026-09-25 18:37"
"Kacper Tomasiak","6874db1c4c43e0efcc0bc838","[FatSnail] SavetheSnail","591790fc1bba70b6146c6485","6ab6f70eab5caa0a81569354","2026-09-25 18:38"
"Steve Irwin","6a594bfc4f0853294332c67f","Mahatma Gandhi","6a30b007dc21ec5f416bc5e1","6ab6f6d4187fda8a649ff0f8","2026-09-25 18:38"
"Gaizkaiser","61e67e2b8a1e1100013538d3","VIVER","631f29032347fcd4bef60349","6ab6f65aaa16f0c3f4e32c51","2026-09-25 18:39"
"Steve Irwin","6a594bfc4f0853294332c67f","Mahatma Gandhi","6a30b007dc21ec5f416bc5e1","6ab6f7d07f43923c257c3e04","2026-09-25 18:39"
"[FatSnail] SavetheSnail","591790fc1bba70b6146c6485","Kacper Tomasiak","6874db1c4c43e0efcc0bc838","6ab6f7ab7f43923c257c3dbd","2026-09-25 18:40"
"Stephen","5d87615adf1dd672b8a144b5","SigmaLigma","641e0c54c1155de1803057b1","6ab6f69d187fda8a649ff09c","2026-09-25 18:40"
"barle #freepalmitas #freekober","6398628520609ac8c10cab13","Shakazaramesh","5ef2945bbb96627c9ce5f63f","6ab6f6edaa16f0c3f4e32db9","2026-09-25 18:40"
"Unc","6876a81aaf5ea16088df663a","Doofist","68f3a854d35e604bd5617bb2","6ab6f781ab5caa0a815694a3","2026-09-25 18:40"
"Jamabi","5e5fcc1326bbda5284e824cf","Gaizkaiser","61e67e2b8a1e1100013538d3","6ab6f74f7f43923c257c3ca7","2026-09-25 18:41"
"Shakazaramesh","5ef2945bbb96627c9ce5f63f","Primzahl","63a4bfd4030a368d18291a84","6ab6f8317f43923c257c3ed4","2026-09-25 18:41"
"Lao","67e55b0b1a521e857df969cb","Cansanção Blur Enjoyer","6a207295824d2054d74c3e7a","6ab6f729aa16f0c3f4e32e47","2026-09-25 18:41"
"klingemann","67e8571421527a17dfbc69d4","VIVER","631f29032347fcd4bef60349","6ab6f740ab5caa0a8156940c","2026-09-25 18:41"
"Steve Irwin","6a594bfc4f0853294332c67f","PLK","62179a5c8e88d400010d91ea","6ab6f7faab5caa0a81569578","2026-09-25 18:43"
"slew","5cc1545b8701a898fc423332","LP","607c59afb15d75000193fc94","6ab6f6417f43923c257c3a20","2026-09-25 18:43"
"klingemann","67e8571421527a17dfbc69d4","VIVER","631f29032347fcd4bef60349","6ab6f878ab5caa0a815696a3","2026-09-25 18:43"
"barle #freepalmitas #freekober","6398628520609ac8c10cab13","Unc","6876a81aaf5ea16088df663a","6ab6f83432172e5520536d3b","2026-09-25 18:44"
"Richardrepa","66bbbfa35e44b035c22ee4e4","Wanderer","628d8821da07473974d7adab","6ab6f80132172e5520536ce0","2026-09-25 18:44"
"Shiina","5de7a59044d2a42f78156b33","Jakob","6330202c43032ef573d382eb","6ab6f77caa16f0c3f4e32f2e","2026-09-25 18:45"
"Kacper Tomasiak","6874db1c4c43e0efcc0bc838","Gaizkaiser","61e67e2b8a1e1100013538d3","6ab6f81c187fda8a649ff3fa","2026-09-25 18:45"
"Gaizkaiser","61e67e2b8a1e1100013538d3","[FatSnail] SavetheSnail","591790fc1bba70b6146c6485","6ab6f879aa16f0c3f4e331bc","2026-09-25 18:46"
"VIVER","631f29032347fcd4bef60349","Cansanção Blur Enjoyer","6a207295824d2054d74c3e7a","6ab6f8e4aa16f0c3f4e332e1","2026-09-25 18:46"
"Erik.DL","64caea899c1426306f701b23","zawi099","65e0c0bb27244e08eda40ec3","6ab6f874187fda8a649ff4ce","2026-09-25 18:46"
"Orion","5d691c90e9473f7c4058e6a5","Jamabi","5e5fcc1326bbda5284e824cf","6ab6f9187f43923c257c4135","2026-09-25 18:47"
"Mahatma Gandhi","6a30b007dc21ec5f416bc5e1","Filbac31","63ee79f6870feb6321370e26","6ab6f802aa16f0c3f4e3307b","2026-09-25 18:47"
"Jackkincaid","5d698d4ab4ec17864c52c785","Doofist","68f3a854d35e604bd5617bb2","6ab6f982187fda8a649ff765","2026-09-25 18:49"
"Kacper Tomasiak","6874db1c4c43e0efcc0bc838","Steve Irwin","6a594bfc4f0853294332c67f","6ab6f94b7f43923c257c41b2","2026-09-25 18:51"
"barle #freepalmitas #freekober","6398628520609ac8c10cab13","SigmaLigma","641e0c54c1155de1803057b1","6ab6f911ab5caa0a81569854","2026-09-25 18:51"
"Primzahl","63a4bfd4030a368d18291a84","Shakazaramesh","5ef2945bbb96627c9ce5f63f","6ab6f8729a574f9a21580c6f","2026-09-25 18:51"
"Tatert0t","6a60cb66561c205d0831e2ad","Nibiru","5f8c1986d282f60001f34b05","6ab6f980aa16f0c3f4e3348d","2026-09-25 18:51"
"Yiğit Onur","628a020c86224535a595335f","Erik.DL","64caea899c1426306f701b23","6ab6f9a8ab5caa0a815699df","2026-09-25 18:51"
"VIVER","631f29032347fcd4bef60349","klingemann","67e8571421527a17dfbc69d4","6ab6f9b7aa16f0c3f4e33532","2026-09-25 18:51"
"slew","5cc1545b8701a898fc423332","LP","607c59afb15d75000193fc94","6ab6f927ab5caa0a81569885","2026-09-25 18:51"
"ChronosC","63262c005e44be1f38494296","Palmitas","6996dba3740f6563cda3ee30","6ab6f50bdf62e07591bd0b0e","2026-09-25 18:51"
"Jamabi","5e5fcc1326bbda5284e824cf","Gaizkaiser","61e67e2b8a1e1100013538d3","6ab6fa0bab5caa0a81569ad4","2026-09-25 18:52"
"Vanalinn Enthusiast","57689d1b813a4f985c9652a3","arpansarangi","64bd0b2d4e5bceaec7837cbf","6ab6f9c1ab5caa0a81569a2b","2026-09-25 18:53"
"Gaizkaiser","61e67e2b8a1e1100013538d3","sam","642938b80c4a29948f1bf1ea","6ab6fa427f43923c257c4424","2026-09-25 18:54"
"Henrik","5ffda066ad68a300017a45e1","lemon","62bcb5d41a2ff3dfbbb24633","6ab6faa9ab5caa0a81569c4c","2026-09-25 18:54"
"Filbac31","63ee79f6870feb6321370e26","Mahatma Gandhi","6a30b007dc21ec5f416bc5e1","6ab6f9e832172e552053706a","2026-09-25 18:54"
"Thenderson","651735b2324c811102e538a6","MosaTracker","68fa532476317df25e19c823","6ab6fb1f187fda8a649ffb12","2026-09-25 18:54"
"Conax","683029bd7e7399d1213e44e3","SigmaLigma","641e0c54c1155de1803057b1","6ab6fac8aa16f0c3f4e337b7","2026-09-25 18:55"
"Steve Irwin","6a594bfc4f0853294332c67f","Kacper Tomasiak","6874db1c4c43e0efcc0bc838","6ab6facb9a574f9a21581188","2026-09-25 18:55"
"Yiğit Onur","628a020c86224535a595335f","Shakazaramesh","5ef2945bbb96627c9ce5f63f","6ab6fad7aa16f0c3f4e337e1","2026-09-25 18:55"
"Doofist","68f3a854d35e604bd5617bb2","Gaz","5ffc25ff91da7b0001ada8fa","6ab6fa769a574f9a215810db","2026-09-25 18:55"
"Gaizkaiser","61e67e2b8a1e1100013538d3","Kacper Tomasiak","6874db1c4c43e0efcc0bc838","6ab6fb94aa16f0c3f4e339ac","2026-09-25 18:57"
"Nibiru","5f8c1986d282f60001f34b05","Mahatma Gandhi","6a30b007dc21ec5f416bc5e1","6ab6fb7b7f43923c257c46b9","2026-09-25 18:57"
"lemon","62bcb5d41a2ff3dfbbb24633","Steve Irwin","6a594bfc4f0853294332c67f","6ab6fb92ab5caa0a81569ec3","2026-09-25 18:57"
"klingemann","67e8571421527a17dfbc69d4","VIVER","631f29032347fcd4bef60349","6ab6fac3aa16f0c3f4e3379d","2026-09-25 18:57"
"Orion","5d691c90e9473f7c4058e6a5","Thenderson","5f8e3fe91e120800015d47f7","6ab6fa8fab5caa0a81569c07","2026-09-25 18:58"
"Conax","683029bd7e7399d1213e44e3","Yiğit Onur","628a020c86224535a595335f","6ab6fbd27f43923c257c47b3","2026-09-25 18:58"
"Erik.DL","64caea899c1426306f701b23","Primzahl","63a4bfd4030a368d18291a84","6ab6fae57f43923c257c457f","2026-09-25 18:58"
"Gaizkaiser","61e67e2b8a1e1100013538d3","Steve Irwin","6a594bfc4f0853294332c67f","6ab6fc35ab5caa0a8156a070","2026-09-25 18:59"
"Filbac31","63ee79f6870feb6321370e26","SigmaLigma","641e0c54c1155de1803057b1","6ab6fb9daa16f0c3f4e339c8","2026-09-25 18:59"
"Shakazaramesh","5ef2945bbb96627c9ce5f63f","Vanalinn Enthusiast","57689d1b813a4f985c9652a3","6ab6fbc2187fda8a649ffc6f","2026-09-25 18:59"
"Kacper Tomasiak","6874db1c4c43e0efcc0bc838","lemon","62bcb5d41a2ff3dfbbb24633","6ab6fc2b9a574f9a2158149a","2026-09-25 19:00"
"Conax4WC2027","6772fee6827b91b41dd22b5f","Nibiru","5f8c1986d282f60001f34b05","6ab6fc2fab5caa0a8156a065","2026-09-25 19:00"
"MosaTracker","68fa532476317df25e19c823","Ribeirete","6058ed09d0aad50001959dd0","6ab6fc4c7d3b15a7d38a0f6f","2026-09-25 19:00"
"Gaizkaiser","61e67e2b8a1e1100013538d3","Steve Irwin","6a594bfc4f0853294332c67f","6ab6fcd3187fda8a649ffec3","2026-09-25 19:01"
"Gaizkaiser","61e67e2b8a1e1100013538d3","Steve Irwin","6a594bfc4f0853294332c67f","6ab6fcd3187fda8a649ffec3","2026-09-25 19:02"
"SigmaLigma","641e0c54c1155de1803057b1","Anonymous","62517d69bf2d9b52f4682c70","6ab6fc8d7f43923c257c49b1","2026-09-25 19:02"
"VIVER","631f29032347fcd4bef60349","Thenderson","651735b2324c811102e538a6","6ab6fc107f43923c257c4850","2026-09-25 19:02"
"Mahatma Gandhi","6a30b007dc21ec5f416bc5e1","klingemann","67e8571421527a17dfbc69d4","6ab6fc18ab5caa0a8156a02e","2026-09-25 19:02"
"Primzahl","63a4bfd4030a368d18291a84","Erik.DL","64caea899c1426306f701b23","6ab6fc677f43923c257c4968","2026-09-25 19:03"
"Ribeirete","6058ed09d0aad50001959dd0","MosaTracker","68fa532476317df25e19c823","6ab6fd0e9a574f9a215816a8","2026-09-25 19:03"
"lemon","62bcb5d41a2ff3dfbbb24633","Steve Irwin","6a594bfc4f0853294332c67f","6ab6fcffab5caa0a8156a255","2026-09-25 19:04"
"klingemann","67e8571421527a17dfbc69d4","Mahatma Gandhi","6a30b007dc21ec5f416bc5e1","6ab6fd4bab5caa0a8156a32f","2026-09-25 19:04"
"Orion","5d691c90e9473f7c4058e6a5","Thenderson","5f8e3fe91e120800015d47f7","6ab6fc75ab5caa0a8156a113","2026-09-25 19:05"
"klingemann","67e8571421527a17dfbc69d4","Mahatma Gandhi","6a30b007dc21ec5f416bc5e1","6ab6fde4e013dfd4bbee53ed","2026-09-25 19:05"
"Conax","683029bd7e7399d1213e44e3","NoruJumping","5c5817f33d925bc96cd177e7","6ab6fc82ab5caa0a8156a12c","2026-09-25 19:06"
"Loan","5e866b87b3ec17798078a43b","Yiğit Onur","628a020c86224535a595335f","6ab6fcbb7f43923c257c49fe","2026-09-25 19:06"
"Doofist","68f3a854d35e604bd5617bb2","Ribeirete","6058ed09d0aad50001959dd0","6ab6fddc7f43923c257c4cb6","2026-09-25 19:06"
"lemon","62bcb5d41a2ff3dfbbb24633","Steve Irwin","6a594bfc4f0853294332c67f","6ab6fdd8aa16f0c3f4e33f4b","2026-09-25 19:07"
"VIVER","631f29032347fcd4bef60349","Thenderson","651735b2324c811102e538a6","6ab6fd47187fda8a649fffd7","2026-09-25 19:07"
"SigmaLigma","641e0c54c1155de1803057b1","Anonymous","62517d69bf2d9b52f4682c70","6ab6fd5eaa16f0c3f4e33e4b","2026-09-25 19:08"
"Steve Irwin","6a594bfc4f0853294332c67f","klingemann","67e8571421527a17dfbc69d4","6ab6fe49ab5caa0a8156a57d","2026-09-25 19:08"
"Shakazaramesh","5ef2945bbb96627c9ce5f63f","Vanalinn Enthusiast","57689d1b813a4f985c9652a3","6ab6fca7ab5caa0a8156a188","2026-09-25 19:08"
"Doofist","68f3a854d35e604bd5617bb2","Ribeirete","6058ed09d0aad50001959dd0","6ab6fe327f43923c257c4d8d","2026-09-25 19:08"
"Andi","5d55ff70b4ec1726dc094670","Mahatma Gandhi","6a30b007dc21ec5f416bc5e1","6ab6fe20187fda8a64a001d7","2026-09-25 19:08"
"Palmitas","6996dba3740f6563cda3ee30","barle #freepalmitas #freekober","6398628520609ac8c10cab13","6ab6fad0187fda8a649ffa65","2026-09-25 19:09"
"Sandman5","68e3f9f00a56d04f694094b5","Shiina","5de7a59044d2a42f78156b33","6ab6fdccab5caa0a8156a46a","2026-09-25 19:10"
"Henrik","5ffda066ad68a300017a45e1","Gaizkaiser","61e67e2b8a1e1100013538d3","6ab6fd781e72ad4d271ca437","2026-09-25 19:10"
"Anonymous","62517d69bf2d9b52f4682c70","Doofist","68f3a854d35e604bd5617bb2","6ab6feab7f43923c257c4e82","2026-09-25 19:10"
"Franek (Chile Enjoyer)","6a4e9ed6170dae471fef5a16","Rz","63d7f13b223d5236cac54e8f","6ab6fe717f43923c257c4e15","2026-09-25 19:10"
"Jamabi","5e5fcc1326bbda5284e824cf","wisps","60ad03a48b6e1d00012f8e7e","6ab6fb119a574f9a21581210","2026-09-25 19:12"
"Kacper Tomasiak","6874db1c4c43e0efcc0bc838","barle #freepalmitas #freekober","6398628520609ac8c10cab13","6ab6ff5d187fda8a64a0047d","2026-09-25 19:12"
"NoruJumping","5c5817f33d925bc96cd177e7","Loan","5e866b87b3ec17798078a43b","6ab6fea5187fda8a64a002f7","2026-09-25 19:13"
"lemon","62bcb5d41a2ff3dfbbb24633","VIVER","631f29032347fcd4bef60349","6ab6fe8ac673305a1c65ce52","2026-09-25 19:13"
"Mahatma Gandhi","6a30b007dc21ec5f416bc5e1","Andi","5d55ff70b4ec1726dc094670","6ab6feddab5caa0a8156a6b8","2026-09-25 19:13"
"MosaTracker","68fa532476317df25e19c823","Erik.DL","64caea899c1426306f701b23","6ab6fd9ec673305a1c65ccc6","2026-09-25 19:13"
"Gaizkaiser","61e67e2b8a1e1100013538d3","Marina","66e18bb8a751be2c53805fb7","6ab6ff3caa16f0c3f4e342f9","2026-09-25 19:14"
"Steve Irwin","6a594bfc4f0853294332c67f","klingemann","67e8571421527a17dfbc69d4","6ab6fea67f43923c257c4e6f","2026-09-25 19:14"
"ChronosC","63262c005e44be1f38494296","Xick","6227d06fc4123c000192c138","6ab6fce1aa16f0c3f4e33cda","2026-09-25 19:14"
"zawi099","65e0c0bb27244e08eda40ec3","Sho翔","61683c534bff51000116128d","6ab6fe7caa16f0c3f4e340db","2026-09-25 19:15"
"lemon","62bcb5d41a2ff3dfbbb24633","VIVER","631f29032347fcd4bef60349","6ab700089a574f9a21581ceb","2026-09-25 19:16"
"Jamabi","5e5fcc1326bbda5284e824cf","Gaizkaiser","61e67e2b8a1e1100013538d3","6ab7004eab5caa0a8156a9f9","2026-09-25 19:17"
"Jamabi","5e5fcc1326bbda5284e824cf","Gaizkaiser","61e67e2b8a1e1100013538d3","6ab7004eab5caa0a8156a9f9","2026-09-25 19:17"
"Ziga","5f864ab232173400011bd862","Anonymous","62517d69bf2d9b52f4682c70","6ab6ff78ab5caa0a8156a806","2026-09-25 19:17"
"SigmaLigma","641e0c54c1155de1803057b1","Conax","683029bd7e7399d1213e44e3","6ab6feb0aa16f0c3f4e34180","2026-09-25 19:17"
"0.03mm","692fdd96871fb5a05c4dcab0","Vanalinn Enthusiast","57689d1b813a4f985c9652a3","6ab6ff0b187fda8a64a003c4","2026-09-25 19:17"
"Doofist","68f3a854d35e604bd5617bb2","alex99","6205976f4e77cd0001949f1e","6ab6ff367f43923c257c4fbe","2026-09-25 19:17"
"Thenderson","5f8e3fe91e120800015d47f7","barry","62be7867aa13616722f8dd4a","6ab6febf7d3b15a7d38a13a1","2026-09-25 19:18"
"Steve Irwin","6a594bfc4f0853294332c67f","klingemann","67e8571421527a17dfbc69d4","6ab700239a574f9a21581d2d","2026-09-25 19:18"
"Gaizkaiser","61e67e2b8a1e1100013538d3","Steve Irwin","6a594bfc4f0853294332c67f","6ab70132aa16f0c3f4e34801","2026-09-25 19:20"
"lemon","62bcb5d41a2ff3dfbbb24633","VIVER","631f29032347fcd4bef60349","6ab700b27f43923c257c531d","2026-09-25 19:20"
"Shiina","5de7a59044d2a42f78156b33","Orion","5d691c90e9473f7c4058e6a5","6ab6ff58ab5caa0a8156a7cd","2026-09-25 19:21"
"Gaizkaiser","61e67e2b8a1e1100013538d3","Steve Irwin","6a594bfc4f0853294332c67f","6ab70132aa16f0c3f4e34801","2026-09-25 19:21"
"Mahatma Gandhi","6a30b007dc21ec5f416bc5e1","Andi","5d55ff70b4ec1726dc094670","6ab6ffca0011b98cb44c581a","2026-09-25 19:21"
"Antigs","5fb70fb9e2c593000135b6e0","Sho翔","61683c534bff51000116128d","6ab7009232172e5520537d30","2026-09-25 19:22"
"Anonymous","62517d69bf2d9b52f4682c70","Erik.DL","64caea899c1426306f701b23","6ab701279a574f9a21581f4d","2026-09-25 19:22"
"VIVER","631f29032347fcd4bef60349","MosaTracker","68fa532476317df25e19c823","6ab701ceab5caa0a8156ad95","2026-09-25 19:22"
"SigmaLigma","641e0c54c1155de1803057b1","Conax","683029bd7e7399d1213e44e3","6ab700e132172e5520537df4","2026-09-25 19:23"
"NoruJumping","5c5817f33d925bc96cd177e7","Loan","5e866b87b3ec17798078a43b","6ab70016ab5caa0a8156a98f","2026-09-25 19:23"
"Jamabi","5e5fcc1326bbda5284e824cf","Gaizkaiser","61e67e2b8a1e1100013538d3","6ab701c1ab5caa0a8156ad6f","2026-09-25 19:24"
"Olekron","603a9f77af90ab00018b34a9","Conax4WC2027","6772fee6827b91b41dd22b5f","6ab7017dab5caa0a8156acc0","2026-09-25 19:24"
"Thenderson","5f8e3fe91e120800015d47f7","Sandman5","68e3f9f00a56d04f694094b5","6ab70157ab5caa0a8156ac71","2026-09-25 19:25"
"Mahatma Gandhi","6a30b007dc21ec5f416bc5e1","Doofist","68f3a854d35e604bd5617bb2","6ab701e2ab5caa0a8156add8","2026-09-25 19:25"
"barry","62be7867aa13616722f8dd4a","Shiina","5de7a59044d2a42f78156b33","6ab701f2aa16f0c3f4e349e9","2026-09-25 19:26"
"Orion","5d691c90e9473f7c4058e6a5","Gaizkaiser","61e67e2b8a1e1100013538d3","6ab701ff187fda8a64a00a61","2026-09-25 19:26"
"VIVER","631f29032347fcd4bef60349","Sho翔","61683c534bff51000116128d","6ab70209f527897d27c44d95","2026-09-25 19:27"
"Andi","5d55ff70b4ec1726dc094670","Mahatma Gandhi","6a30b007dc21ec5f416bc5e1","6ab702aaab5caa0a8156afed","2026-09-25 19:27"
"I hate this duel map","654d0e4520681e7049600f03","MosaTracker","68fa532476317df25e19c823","6ab7021bab5caa0a8156ae67","2026-09-25 19:28"
"Gaizkaiser","61e67e2b8a1e1100013538d3","Jamabi","5e5fcc1326bbda5284e824cf","6ab70297aa16f0c3f4e34ba9","2026-09-25 19:29"
"VIVER","631f29032347fcd4bef60349","Mahatma Gandhi","6a30b007dc21ec5f416bc5e1","6ab7034b187fda8a64a00d70","2026-09-25 19:29"
"Doofist","68f3a854d35e604bd5617bb2","Ayli","6381e9f58453af043b2f4206","6ab702afab5caa0a8156aff4","2026-09-25 19:29"
"Marina","66e18bb8a751be2c53805fb7","Gaizkaiser","61e67e2b8a1e1100013538d3","6ab7031f9a574f9a215823b1","2026-09-25 19:30"
"Erik.DL","64caea899c1426306f701b23","Spongebob mic","5fb742bebaecc90001c15822","6ab702e3aa16f0c3f4e34c59","2026-09-25 19:30"
"Gaizkaiser","61e67e2b8a1e1100013538d3","Jamabi","5e5fcc1326bbda5284e824cf","6ab703d0ab5caa0a8156b2fe","2026-09-25 19:31"
"Anonymous","62517d69bf2d9b52f4682c70","SigmaLigma","641e0c54c1155de1803057b1","6ab702dcaa16f0c3f4e34c3e","2026-09-25 19:31"
"Steve Irwin","6a594bfc4f0853294332c67f","klingemann","67e8571421527a17dfbc69d4","6ab701629a574f9a21581f94","2026-09-25 19:32"
"Gonçalo","60477d3ef15a270001e1bb0c","Thenderson","5f8e3fe91e120800015d47f7","6ab702aa187fda8a64a00c09","2026-09-25 19:33"
"Conax","683029bd7e7399d1213e44e3","Conax4WC2027","6772fee6827b91b41dd22b5f","6ab702979a574f9a2158226a","2026-09-25 19:33"
"wisps","60ad03a48b6e1d00012f8e7e","barle #freepalmitas #freekober","6398628520609ac8c10cab13","6ab6ffe2187fda8a64a00593","2026-09-25 19:34"
"VIVER","631f29032347fcd4bef60349","Mahatma Gandhi","6a30b007dc21ec5f416bc5e1","6ab703a87f43923c257c5a53","2026-09-25 19:34"
"Erik.DL","64caea899c1426306f701b23","Spongebob mic","5fb742bebaecc90001c15822","6ab70405187fda8a64a00ef0","2026-09-25 19:34"
"Shiina","5de7a59044d2a42f78156b33","Orion","5d691c90e9473f7c4058e6a5","6ab70321aa16f0c3f4e34cea","2026-09-25 19:35"
"Marina","66e18bb8a751be2c53805fb7","Gaizkaiser","61e67e2b8a1e1100013538d3","6ab703d9ab5caa0a8156b316","2026-09-25 19:35"
"I hate this duel map","654d0e4520681e7049600f03","Spongebob mic","5fb742bebaecc90001c15822","6ab70474f527897d27c452da","2026-09-25 19:35"
"SigmaLigma","641e0c54c1155de1803057b1","Lágrima","5f32d46aca94e000015886be","6ab7047e7f43923c257c5c46","2026-09-25 19:36"
"Saul Goodman","6227a4f847c82f000140417c","barry","62be7867aa13616722f8dd4a","6ab704b5ab5caa0a8156b548","2026-09-25 19:37"
"Jamabi","5e5fcc1326bbda5284e824cf","Gaizkaiser","61e67e2b8a1e1100013538d3","6ab704449a574f9a2158265a","2026-09-25 19:37"
"Finn Siemon","66eb7b4a062332fb60915d65","Steve Irwin","6a594bfc4f0853294332c67f","6ab70496ab5caa0a8156b4f4","2026-09-25 19:37"
"klingemann","67e8571421527a17dfbc69d4","Mahatma Gandhi","6a30b007dc21ec5f416bc5e1","6ab704be0011b98cb44c620a","2026-09-25 19:38"
"Gaizkaiser","61e67e2b8a1e1100013538d3","Marina","66e18bb8a751be2c53805fb7","6ab7050c187fda8a64a01152","2026-09-25 19:39"
"Erik.DL","64caea899c1426306f701b23","Spongebob mic","5fb742bebaecc90001c15822","6ab704caaa16f0c3f4e3510b","2026-09-25 19:39"
"Lágrima","5f32d46aca94e000015886be","I hate this duel map","654d0e4520681e7049600f03","6ab70545ab5caa0a8156b6d3","2026-09-25 19:40"
"Doofist","68f3a854d35e604bd5617bb2","Mahatma Gandhi","6a30b007dc21ec5f416bc5e1","6ab705b27f43923c257c5f75","2026-09-25 19:40"
"Loan","5e866b87b3ec17798078a43b","Lenusek","611d498954c1c20001d4479c","6ab704007f43923c257c5b1c","2026-09-25 19:40"
"Conax","683029bd7e7399d1213e44e3","Conax4WC2027","6772fee6827b91b41dd22b5f","6ab704aa9a574f9a2158275a","2026-09-25 19:41"
"Gaizkaiser","61e67e2b8a1e1100013538d3","Marina","66e18bb8a751be2c53805fb7","6ab705f8187fda8a64a01390","2026-09-25 19:42"
"Gonçalo","60477d3ef15a270001e1bb0c","Thenderson","5f8e3fe91e120800015d47f7","6ab705857f43923c257c5f02","2026-09-25 19:43"
"VIVER","631f29032347fcd4bef60349","Steve Irwin","6a594bfc4f0853294332c67f","6ab705aa9a574f9a21582997","2026-09-25 19:43"
"Gaizkaiser","61e67e2b8a1e1100013538d3","Marina","66e18bb8a751be2c53805fb7","6ab705f8187fda8a64a01390","2026-09-25 19:44"
"Finn Siemon","66eb7b4a062332fb60915d65","klingemann","67e8571421527a17dfbc69d4","6ab705e3ab5caa0a8156b823","2026-09-25 19:45"
"VIVER","631f29032347fcd4bef60349","Steve Irwin","6a594bfc4f0853294332c67f","6ab707039a574f9a21582cac","2026-09-25 19:45"
"Jamabi","5e5fcc1326bbda5284e824cf","Gaizkaiser","61e67e2b8a1e1100013538d3","6ab70732ab5caa0a8156bb83","2026-09-25 19:46"
"Spongebob mic","5fb742bebaecc90001c15822","Jackkincaid","5d698d4ab4ec17864c52c785","6ab706d332172e5520538a8f","2026-09-25 19:46"
"Mahatma Gandhi","6a30b007dc21ec5f416bc5e1","Sho翔","61683c534bff51000116128d","6ab706ebab5caa0a8156bac9","2026-09-25 19:46"
"VIVER","631f29032347fcd4bef60349","Jesper","6962762abc79a0f2300d324e","6ab70752aa16f0c3f4e356e6","2026-09-25 19:47"
"FMC","638348f8910c9ca0fbb4fa15","ChronosC","63262c005e44be1f38494296","6ab70266ab5caa0a8156af4e","2026-09-25 19:47"
"MosaTracker","68fa532476317df25e19c823","Johannez","6025667836ff8a0001f5ebe6","6ab7067d187fda8a64a01498","2026-09-25 19:47"
"Jamabi","5e5fcc1326bbda5284e824cf","Gaizkaiser","61e67e2b8a1e1100013538d3","6ab707aa32172e5520538c10","2026-09-25 19:48"
"Spongebob mic","5fb742bebaecc90001c15822","Ayli","6381e9f58453af043b2f4206","6ab70798aa16f0c3f4e35797","2026-09-25 19:48"
"Mahatma Gandhi","6a30b007dc21ec5f416bc5e1","Sho翔","61683c534bff51000116128d","6ab707bbaa16f0c3f4e357e6","2026-09-25 19:48"
"Doofist","68f3a854d35e604bd5617bb2","Lágrima","5f32d46aca94e000015886be","6ab7063f0011b98cb44c6515","2026-09-25 19:49"
"barry","62be7867aa13616722f8dd4a","Saul Goodman","6227a4f847c82f000140417c","6ab706ba7f43923c257c6194","2026-09-25 19:50"
"Steve Irwin","6a594bfc4f0853294332c67f","Jackkincaid","5d698d4ab4ec17864c52c785","6ab7078132172e5520538bd7","2026-09-25 19:50"
"Spongebob mic","5fb742bebaecc90001c15822","Ayli","6381e9f58453af043b2f4206","6ab70798aa16f0c3f4e35797","2026-09-25 19:50"
"Jesper","6962762abc79a0f2300d324e","VIVER","631f29032347fcd4bef60349","6ab707edaa16f0c3f4e35878","2026-09-25 19:51"
"Gaizkaiser","61e67e2b8a1e1100013538d3","Jamabi","5e5fcc1326bbda5284e824cf","6ab70801187fda8a64a017b3","2026-09-25 19:52"
"Gaizkaiser","61e67e2b8a1e1100013538d3","Jesper","6962762abc79a0f2300d324e","6ab70906ab5caa0a8156c04f","2026-09-25 19:53"
"Anonymous","62517d69bf2d9b52f4682c70","Erik.DL","64caea899c1426306f701b23","6ab70797ab5caa0a8156bc79","2026-09-25 19:53"
"Lágrima","5f32d46aca94e000015886be","Stephen","5d87615adf1dd672b8a144b5","6ab7087aab5caa0a8156bee5","2026-09-25 19:53"
"Mahatma Gandhi","6a30b007dc21ec5f416bc5e1","Spongebob mic","5fb742bebaecc90001c15822","6ab7089e187fda8a64a01934","2026-09-25 19:53"
"Conax","683029bd7e7399d1213e44e3","Conax4WC2027","6772fee6827b91b41dd22b5f","6ab7069232172e5520538a01","2026-09-25 19:54"
"Steve Irwin","6a594bfc4f0853294332c67f","aguardiente","60ba2dec2056310001c27701","6ab708d27f43923c257c6604","2026-09-25 19:54"
"urban rodeo","638b511acd4f3274b95cb530","Thenderson","5f8e3fe91e120800015d47f7","6ab707287f43923c257c6286","2026-09-25 19:55"
"Spongebob mic","5fb742bebaecc90001c15822","Ayli","6381e9f58453af043b2f4206","6ab708f0ab5caa0a8156c025","2026-09-25 19:55"
"Gaizkaiser","61e67e2b8a1e1100013538d3","Jamabi","5e5fcc1326bbda5284e824cf","6ab70929ab5caa0a8156c0b4","2026-09-25 19:56"
"VIVER","631f29032347fcd4bef60349","klingemann","67e8571421527a17dfbc69d4","6ab708d9ab5caa0a8156bfe0","2026-09-25 19:56"
"Lágrima","5f32d46aca94e000015886be","Spongebob mic","5fb742bebaecc90001c15822","6ab709637f43923c257c6740","2026-09-25 19:56"
"Spongebob mic","5fb742bebaecc90001c15822","Ayli","6381e9f58453af043b2f4206","6ab709dd187fda8a64a01bc0","2026-09-25 19:57"
"Mahatma Gandhi","6a30b007dc21ec5f416bc5e1","Tang, Zijie","67e6bbbb20771f5e5eff63fc","6ab70954187fda8a64a01aca","2026-09-25 19:57"
"MosaTracker","68fa532476317df25e19c823","Kiran","5fa6fdd8b45c67000133f43d","6ab70826ab5caa0a8156be0a","2026-09-25 19:57"
"Jackkincaid","5d698d4ab4ec17864c52c785","AINO","600f2cb827d92f00010514de","6ab708a132172e5520538e1f","2026-09-25 19:57"
"Saul Goodman","6227a4f847c82f000140417c","Gaizkaiser","61e67e2b8a1e1100013538d3","6ab709d3ab5caa0a8156c24f","2026-09-25 19:58"
"Conax4WC2027","6772fee6827b91b41dd22b5f","Steve Irwin","6a594bfc4f0853294332c67f","6ab709840011b98cb44c6b31","2026-09-25 19:58"
"Spongebob mic","5fb742bebaecc90001c15822","Jackkincaid","5d698d4ab4ec17864c52c785","6ab70a2c2066f54e4bd873b2","2026-09-25 19:58"
"Finn Siemon","66eb7b4a062332fb60915d65","Jesper","6962762abc79a0f2300d324e","6ab70959ab5caa0a8156c150","2026-09-25 19:59"
"VIVER","631f29032347fcd4bef60349","[FatSnail] SavetheSnail","591790fc1bba70b6146c6485","6ab709f9ab5caa0a8156c2a0","2026-09-25 20:00"
"klingemann","67e8571421527a17dfbc69d4","Juan Fernando Pérez","6773f571801d2d75f4fbaa7e","6ab70a15aa16f0c3f4e35d07","2026-09-25 20:00"
"Spongebob mic","5fb742bebaecc90001c15822","MosaTracker","68fa532476317df25e19c823","6ab70a62187fda8a64a01cec","2026-09-25 20:02"
"Saul Goodman","6227a4f847c82f000140417c","Gaizkaiser","61e67e2b8a1e1100013538d3","6ab70afd9a574f9a2158354c","2026-09-25 20:03"
"Saul Goodman","6227a4f847c82f000140417c","Gaizkaiser","61e67e2b8a1e1100013538d3","6ab70afd9a574f9a2158354c","2026-09-25 20:03"
"[FatSnail] SavetheSnail","591790fc1bba70b6146c6485","VIVER","631f29032347fcd4bef60349","6ab70af7aa16f0c3f4e35f72","2026-09-25 20:03"
"Steve Irwin","6a594bfc4f0853294332c67f","Jesper","6962762abc79a0f2300d324e","6ab70acc187fda8a64a01df8","2026-09-25 20:03"
"Lágrima","5f32d46aca94e000015886be","aguardiente","60ba2dec2056310001c27701","6ab70a1f7f43923c257c68ca","2026-09-25 20:03"
"Jackkincaid","5d698d4ab4ec17864c52c785","Spongebob mic","5fb742bebaecc90001c15822","6ab70a91187fda8a64a01d5c","2026-09-25 20:03"
"VIVER","631f29032347fcd4bef60349","Finn Siemon","66eb7b4a062332fb60915d65","6ab70b94ab5caa0a8156c745","2026-09-25 20:05"
"Thenderson","5f8e3fe91e120800015d47f7","urban rodeo","638b511acd4f3274b95cb530","6ab709e50011b98cb44c6bd8","2026-09-25 20:06"
"Lágrima","5f32d46aca94e000015886be","Spongebob mic","5fb742bebaecc90001c15822","6ab70b9dab5caa0a8156c759","2026-09-25 20:06"
"Lágrima","5f32d46aca94e000015886be","Spongebob mic","5fb742bebaecc90001c15822","6ab70b9dab5caa0a8156c759","2026-09-25 20:06"
"Erik.DL","64caea899c1426306f701b23","Kiran","5fa6fdd8b45c67000133f43d","6ab70a4a7f43923c257c6922","2026-09-25 20:06"
"B E","625a23f495468565476fe3f6","Conax","683029bd7e7399d1213e44e3","6ab70a9b7f43923c257c69d5","2026-09-25 20:07"
"Finn Siemon","66eb7b4a062332fb60915d65","VIVER","631f29032347fcd4bef60349","6ab70c250011b98cb44c7043","2026-09-25 20:08"
"Steve Irwin","6a594bfc4f0853294332c67f","Jesper","6962762abc79a0f2300d324e","6ab70cb19a574f9a21583947","2026-09-25 20:08"
"Anonymous","62517d69bf2d9b52f4682c70","AINO","600f2cb827d92f00010514de","6ab70b5daa16f0c3f4e36085","2026-09-25 20:08"
"Spongebob mic","5fb742bebaecc90001c15822","Sho翔","61683c534bff51000116128d","6ab70bb632172e5520539545","2026-09-25 20:08"
"[FatSnail] SavetheSnail","591790fc1bba70b6146c6485","Jamabi","5e5fcc1326bbda5284e824cf","6ab70bb27f43923c257c6c7e","2026-09-25 20:09"
"Steve Irwin","6a594bfc4f0853294332c67f","Jesper","6962762abc79a0f2300d324e","6ab70cb19a574f9a21583947","2026-09-25 20:09"
"Mahatma Gandhi","6a30b007dc21ec5f416bc5e1","MosaTracker","68fa532476317df25e19c823","6ab70b5a32172e552053946b","2026-09-25 20:09"
"Finn Siemon","66eb7b4a062332fb60915d65","Jesper","6962762abc79a0f2300d324e","6ab70cf4aa16f0c3f4e363ca","2026-09-25 20:10"
"Lágrima","5f32d46aca94e000015886be","Spongebob mic","5fb742bebaecc90001c15822","6ab70c56ab5caa0a8156c90d","2026-09-25 20:10"
"Loan","5e866b87b3ec17798078a43b","ChronosC","63262c005e44be1f38494296","6ab707ddaa16f0c3f4e35849","2026-09-25 20:10"
"Thenderson","651735b2324c811102e538a6","Spongebob mic","5fb742bebaecc90001c15822","6ab70c41aa16f0c3f4e36280","2026-09-25 20:10"
"Pasord","6669c659ca16186b5a3dbc35","VIVER","631f29032347fcd4bef60349","6ab70cd2ab5caa0a8156c9cb","2026-09-25 20:11"
"Steve Irwin","6a594bfc4f0853294332c67f","Spongebob mic","5fb742bebaecc90001c15822","6ab70ce8ab5caa0a8156c9f2","2026-09-25 20:11"
"aguardiente","60ba2dec2056310001c27701","Elcu","633102d69d4a5044970cce21","6ab70c1a9a574f9a2158384f","2026-09-25 20:11"
"Thenderson","5f8e3fe91e120800015d47f7","Feneb","5dba86167e473f2408461141","6ab70c447f43923c257c6dc5","2026-09-25 20:13"
"Jesper","6962762abc79a0f2300d324e","Thenderson","651735b2324c811102e538a6","6ab70d7a9a574f9a21583a44","2026-09-25 20:13"
"Erik.DL","64caea899c1426306f701b23","sri lanka denier","620d993dde01fe0001d63014","6ab70cdab85c236a3498ca0f","2026-09-25 20:13"
"MosaTracker","68fa532476317df25e19c823","Spongebob mic","5fb742bebaecc90001c15822","6ab70d4aaa16f0c3f4e36461","2026-09-25 20:14"
"Steve Irwin","6a594bfc4f0853294332c67f","VIVER","631f29032347fcd4bef60349","6ab70d8b7f43923c257c6fed","2026-09-25 20:15"
"Spongebob mic","5fb742bebaecc90001c15822","Lágrima","5f32d46aca94e000015886be","6ab70d5290055d35f10c7ca3","2026-09-25 20:15"
"Conax","683029bd7e7399d1213e44e3","Stephen","5d87615adf1dd672b8a144b5","6ab70cf97f43923c257c6ef1","2026-09-25 20:16"
"Finn Siemon","66eb7b4a062332fb60915d65","[FatSnail] SavetheSnail","591790fc1bba70b6146c6485","6ab70d3db85c236a3498cb01","2026-09-25 20:17"
"Elcu","633102d69d4a5044970cce21","Nibiru","5f8c1986d282f60001f34b05","6ab70dfab85c236a3498cc9b","2026-09-25 20:17"
"Jesper","6962762abc79a0f2300d324e","MosaTracker","68fa532476317df25e19c823","6ab70e57b85c236a3498cdad","2026-09-25 20:17"
"Andre7","608e8e82363e51000163041e","Spongebob mic","5fb742bebaecc90001c15822","6ab70d94aa16f0c3f4e364ec","2026-09-25 20:17"
"chiller77","5f072526a958535b8c80351b","Lágrima","5f32d46aca94e000015886be","6ab70e83b85c236a3498cdff","2026-09-25 20:18"
"Loan","5e866b87b3ec17798078a43b","ChronosC","63262c005e44be1f38494296","6ab70e2bb85c236a3498cd58","2026-09-25 20:18"
"Spongebob mic","5fb742bebaecc90001c15822","VIVER","631f29032347fcd4bef60349","6ab70e85187fda8a64a024e1","2026-09-25 20:18"
"Sho翔","61683c534bff51000116128d","Mahatma Gandhi","6a30b007dc21ec5f416bc5e1","6ab70e769a574f9a21583ba8","2026-09-25 20:19"
"Elcu","633102d69d4a5044970cce21","Jesper","6962762abc79a0f2300d324e","6ab70ee9ab5caa0a8156cd41","2026-09-25 20:20"
"Shiina","5de7a59044d2a42f78156b33","Feneb","5dba86167e473f2408461141","6ab70e5aab5caa0a8156cc62","2026-09-25 20:21"
"Steve Irwin","6a594bfc4f0853294332c67f","Thenderson","651735b2324c811102e538a6","6ab70ec2b85c236a3498ce8d","2026-09-25 20:21"
"Spongebob mic","5fb742bebaecc90001c15822","VIVER","631f29032347fcd4bef60349","6ab70e85187fda8a64a024e1","2026-09-25 20:21"
"MosaTracker","68fa532476317df25e19c823","sri lanka denier","620d993dde01fe0001d63014","6ab70eeeab5caa0a8156cd47","2026-09-25 20:21"
"[FatSnail] SavetheSnail","591790fc1bba70b6146c6485","Conax","683029bd7e7399d1213e44e3","6ab70edfb85c236a3498ceb7","2026-09-25 20:22"
"VIVER","631f29032347fcd4bef60349","Spongebob mic","5fb742bebaecc90001c15822","6ab70f2fab5caa0a8156cdcb","2026-09-25 20:22"
"Lágrima","5f32d46aca94e000015886be","Spongebob mic","5fb742bebaecc90001c15822","6ab70f47ab5caa0a8156cdfa","2026-09-25 20:22"
"Nibiru","5f8c1986d282f60001f34b05","Spongebob mic","5fb742bebaecc90001c15822","6ab70f1eb85c236a3498cf3a","2026-09-25 20:23"
"Steve Irwin","6a594bfc4f0853294332c67f","Jesper","6962762abc79a0f2300d324e","6ab70fc3b85c236a3498d0d0","2026-09-25 20:24"
"I miss my wife","6372795ba9204b943dd562cf","VIVER","631f29032347fcd4bef60349","6ab710297f43923c257c7461","2026-09-25 20:25"
"Andre7","608e8e82363e51000163041e","Spongebob mic","5fb742bebaecc90001c15822","6ab71010187fda8a64a02791","2026-09-25 20:25"
"Erik.DL","64caea899c1426306f701b23","Spongebob mic","5fb742bebaecc90001c15822","6ab70fcaaa16f0c3f4e3693b","2026-09-25 20:25"
"Spongebob mic","5fb742bebaecc90001c15822","MosaTracker","68fa532476317df25e19c823","6ab71028187fda8a64a027c4","2026-09-25 20:26"
"77angels","5aae066718399e2758306701","Feneb","5dba86167e473f2408461141","6ab71017b85c236a3498d1c2","2026-09-25 20:27"
"Spongebob mic","5fb742bebaecc90001c15822","BoilingButter","601e187ef671dd0001c632ca","6ab7104d280d209ede5d9834","2026-09-25 20:27"
"VIVER","631f29032347fcd4bef60349","Jesper","6962762abc79a0f2300d324e","6ab710c9aa16f0c3f4e36b3d","2026-09-25 20:28"
"Steve Irwin","6a594bfc4f0853294332c67f","Finn Siemon","66eb7b4a062332fb60915d65","6ab710eaaa16f0c3f4e36b71","2026-09-25 20:29"
"MosaTracker","68fa532476317df25e19c823","Spongebob mic","5fb742bebaecc90001c15822","6ab7110fab5caa0a8156d0fb","2026-09-25 20:29"
"Lágrima","5f32d46aca94e000015886be","Stephen","5d87615adf1dd672b8a144b5","6ab7100bb85c236a3498d197","2026-09-25 20:30"
"Ofendani","5bf882e543196557d45fb414","habesh","647734d056305f7bf5561a4e","6ab71100ab5caa0a8156d0eb","2026-09-25 20:30"
"Loan","5e866b87b3ec17798078a43b","ChronosC","63262c005e44be1f38494296","6ab70f8fb85c236a3498d06f","2026-09-25 20:30"
"VIVER","631f29032347fcd4bef60349","Jesper","6962762abc79a0f2300d324e","6ab71176d27c1b34a88036ae","2026-09-25 20:31"
"Conax","683029bd7e7399d1213e44e3","[FatSnail] SavetheSnail","591790fc1bba70b6146c6485","6ab710569a574f9a21583ee7","2026-09-25 20:32"
"Mahatma Gandhi","6a30b007dc21ec5f416bc5e1","MosaTracker","68fa532476317df25e19c823","6ab711a8b85c236a3498d58d","2026-09-25 20:32"
"Steve Irwin","6a594bfc4f0853294332c67f","Finn Siemon","66eb7b4a062332fb60915d65","6ab711adaa16f0c3f4e36d01","2026-09-25 20:33"
"Jesper","6962762abc79a0f2300d324e","VIVER","631f29032347fcd4bef60349","6ab71235b85c236a3498d739","2026-09-25 20:33"
"Feneb","5dba86167e473f2408461141","77angels","5aae066718399e2758306701","6ab7113cb85c236a3498d488","2026-09-25 20:34"
"Erik.DL","64caea899c1426306f701b23","TheM1sty™","5b9ab06cbb9fdd32283b9eba","6ab711a0ab5caa0a8156d1ff","2026-09-25 20:34"
"Mahatma Gandhi","6a30b007dc21ec5f416bc5e1","MosaTracker","68fa532476317df25e19c823","6ab7128baa16f0c3f4e36ef9","2026-09-25 20:36"
"[FatSnail] SavetheSnail","591790fc1bba70b6146c6485","Conax","683029bd7e7399d1213e44e3","6ab71289b85c236a3498d838","2026-09-25 20:37"
"Erik.DL","64caea899c1426306f701b23","TheM1sty™","5b9ab06cbb9fdd32283b9eba","6ab712e8aa16f0c3f4e36fb8","2026-09-25 20:37"
"77angels","5aae066718399e2758306701","Jesper","6962762abc79a0f2300d324e","6ab712f1aa16f0c3f4e36fc9","2026-09-25 20:38"
"VIVER","631f29032347fcd4bef60349","Finn Siemon","66eb7b4a062332fb60915d65","6ab712b5ab5caa0a8156d4b0","2026-09-25 20:39"
"VIVER","631f29032347fcd4bef60349","Jesper","6962762abc79a0f2300d324e","6ab7141dab5caa0a8156d7b9","2026-09-25 20:42"
"Steve Irwin","6a594bfc4f0853294332c67f","Ling","653d58ea4044fc276f407e75","6ab7135432172e552053a1cd","2026-09-25 20:43"
"VIVER","631f29032347fcd4bef60349","Jesper","6962762abc79a0f2300d324e","6ab714b9b85c236a3498de23","2026-09-25 20:44"
"77angels","5aae066718399e2758306701","Lil Frenky","60409299545b6c0001c4a79b","6ab7145baa16f0c3f4e372b1","2026-09-25 20:45"
"VIVER","631f29032347fcd4bef60349","Jesper","6962762abc79a0f2300d324e","6ab7152ab85c236a3498df2d","2026-09-25 20:50"
"Stephen","5d87615adf1dd672b8a144b5","[FatSnail] SavetheSnail","591790fc1bba70b6146c6485","6ab7139132172e552053a227","2026-09-25 20:50"
"Jesper","6962762abc79a0f2300d324e","Mahatma Gandhi","6a30b007dc21ec5f416bc5e1","6ab716a8b85c236a3498e355","2026-09-25 20:52"
"Sinaloense","6387b9578639516bf19923d5","sri lanka denier","620d993dde01fe0001d63014","6ab714faab5caa0a8156d9a5","2026-09-25 20:52"
"habesh","647734d056305f7bf5561a4e","Ruari","60258d7d36ff8a0001f5fef5","6ab714b0b85c236a3498de11","2026-09-25 20:53"
"Erik.DL","64caea899c1426306f701b23","MosaTracker","68fa532476317df25e19c823","6ab71556ab5caa0a8156da9e","2026-09-25 20:53"
"VIVER","631f29032347fcd4bef60349","77angels","5aae066718399e2758306701","6ab716a832172e552053a7aa","2026-09-25 20:54"
"Loan","5e866b87b3ec17798078a43b","Ofendani","5bf882e543196557d45fb414","6ab71203b85c236a3498d698","2026-09-25 20:55"
"Jesper","6962762abc79a0f2300d324e","Mahatma Gandhi","6a30b007dc21ec5f416bc5e1","6ab7172e32172e552053a8cd","2026-09-25 20:56"
"Stephen","5d87615adf1dd672b8a144b5","BYL","665af55a0f1c875d08a700fb","6ab7173bb85c236a3498e4c4","2026-09-25 20:57"
"BlackShark","61f04538cc54700001a27678","Kageyu","68ca96634b59728d6b0f739a","6ab71797b85c236a3498e629","2026-09-25 20:57"
"Erik.DL","64caea899c1426306f701b23","MosaTracker","68fa532476317df25e19c823","6ab7185fb85c236a3498e7ed","2026-09-25 20:59"
"Jesper","6962762abc79a0f2300d324e","Mahatma Gandhi","6a30b007dc21ec5f416bc5e1","6ab7180cab5caa0a8156e14b","2026-09-25 21:00"
"Finn Siemon","66eb7b4a062332fb60915d65","77angels","5aae066718399e2758306701","6ab717e9b85c236a3498e6e0","2026-09-25 21:01"
"Mahatma Gandhi","6a30b007dc21ec5f416bc5e1","Jesper","6962762abc79a0f2300d324e","6ab719132066f54e4bd88d9d","2026-09-25 21:03"
"BYL","665af55a0f1c875d08a700fb","Erik.DL","64caea899c1426306f701b23","6ab71900b85c236a3498e942","2026-09-25 21:04"
"Jesper","6962762abc79a0f2300d324e","GooseMcGoose","5ff78fa1a56da30001ba546a","6ab719a5b85c236a3498eac0","2026-09-25 21:05"
"BlackShark","61f04538cc54700001a27678","Kageyu","68ca96634b59728d6b0f739a","6ab71852ab5caa0a8156e1c1","2026-09-25 21:05"
"Finn Siemon","66eb7b4a062332fb60915d65","77angels","5aae066718399e2758306701","6ab7192faa16f0c3f4e37bca","2026-09-25 21:07"
"Jesper","6962762abc79a0f2300d324e","GooseMcGoose","5ff78fa1a56da30001ba546a","6ab71a54ab5caa0a8156e5bf","2026-09-25 21:07"
"MosaTracker","68fa532476317df25e19c823","sri lanka denier","620d993dde01fe0001d63014","6ab719b9f527897d27c4a10b","2026-09-25 21:08"
"77angels","5aae066718399e2758306701","Finn Siemon","66eb7b4a062332fb60915d65","6ab71aa5b85c236a3498ed07","2026-09-25 21:10"
"Mahatma Gandhi","6a30b007dc21ec5f416bc5e1","Bravious","608f43fa0d0e0d0001d2abde","6ab71ad3aa16f0c3f4e37ec3","2026-09-25 21:11"
"BYL","665af55a0f1c875d08a700fb","Stephen","5d87615adf1dd672b8a144b5","6ab71a04b85c236a3498eb90","2026-09-25 21:12"
"6nimmtEnjoyer","6590622a196ee939029f90b8","Finn Siemon","66eb7b4a062332fb60915d65","6ab71b55ab5caa0a8156e7ee","2026-09-25 21:13"
"GooseMcGoose","5ff78fa1a56da30001ba546a","Jesper","6962762abc79a0f2300d324e","6ab71abad27c1b34a8804560","2026-09-25 21:13"
"BYL","665af55a0f1c875d08a700fb","77angels","5aae066718399e2758306701","6ab71bfc187fda8a64a03cac","2026-09-25 21:16"
"MosaTracker","68fa532476317df25e19c823","sri lanka denier","620d993dde01fe0001d63014","6ab71c78ab5caa0a8156eb08","2026-09-25 21:18"
"BYL","665af55a0f1c875d08a700fb","Jesper","6962762abc79a0f2300d324e","6ab71ce0ab5caa0a8156ec1d","2026-09-25 21:20"
"Stephen","5d87615adf1dd672b8a144b5","6nimmtEnjoyer","6590622a196ee939029f90b8","6ab71c0aab5caa0a8156e9ac","2026-09-25 21:20"
"Jesper","6962762abc79a0f2300d324e","BYL","665af55a0f1c875d08a700fb","6ab71da7b85c236a3498f48c","2026-09-25 21:21"
"77angels","5aae066718399e2758306701","Finn Siemon","66eb7b4a062332fb60915d65","6ab71cf0187fda8a64a03eda","2026-09-25 21:22"
"GooseMcGoose","5ff78fa1a56da30001ba546a","habesh","647734d056305f7bf5561a4e","6ab71c51ab5caa0a8156eab3","2026-09-25 21:23"
"MosaTracker","68fa532476317df25e19c823","sri lanka denier","620d993dde01fe0001d63014","6ab71d5532172e552053b3f2","2026-09-25 21:24"
"Jesper","6962762abc79a0f2300d324e","연모트","5ffcf4ef76bbb900019724c1","6ab71e5032172e552053b622","2026-09-25 21:27"
"77angels","5aae066718399e2758306701","Finn Siemon","66eb7b4a062332fb60915d65","6ab71e12b85c236a3498f59b","2026-09-25 21:28"
"MosaTracker","68fa532476317df25e19c823","Ruari","60258d7d36ff8a0001f5fef5","6ab71ee4187fda8a64a04330","2026-09-25 21:28"
"Lirik","632e0c2488070b726d73e245","sri lanka denier","620d993dde01fe0001d63014","6ab71e9db85c236a3498f740","2026-09-25 21:29"
"Jesper","6962762abc79a0f2300d324e","MosaTracker","68fa532476317df25e19c823","6ab71fa8b85c236a3498fa62","2026-09-25 21:31"
"[FatSnail] SavetheSnail","591790fc1bba70b6146c6485","Finn Siemon","66eb7b4a062332fb60915d65","6ab71f8b32172e552053b958","2026-09-25 21:32"
"[FatSnail] SavetheSnail","591790fc1bba70b6146c6485","Finn Siemon","66eb7b4a062332fb60915d65","6ab72081b85c236a3498fd2c","2026-09-25 21:36"
"77angels","5aae066718399e2758306701","Jesper","6962762abc79a0f2300d324e","6ab720ee187fda8a64a047ae","2026-09-25 21:36"
"Cristiano Ronaldo","5c6eed96ed6c9284608c8231","Dat1Cactus","60402d940b13630001e3e47d","6ab7204532172e552053bb19","2026-09-25 21:36"
"[TNT] Kirania","5c14f357ff3dc98d883d182c","NowloTheNeurotic","67493198473744059fbb9736","6ab7203f32172e552053bb10","2026-09-25 21:37"
"77angels","5aae066718399e2758306701","[FatSnail] SavetheSnail","591790fc1bba70b6146c6485","6ab721b332172e552053be52","2026-09-25 21:40"
"Jesper","6962762abc79a0f2300d324e","77angels","5aae066718399e2758306701","6ab72278b85c236a349902eb","2026-09-25 21:45"
"NowloTheNeurotic","67493198473744059fbb9736","[TNT] Kirania","5c14f357ff3dc98d883d182c","6ab721dcab5caa0a8156f93a","2026-09-25 21:46"
"gg80","63094e1796056024727fc5d5","bodysfailing","69fd3dc20731483be6bd7038","6ab72338ab5caa0a8156fcb6","2026-09-25 21:47"
"habesh","647734d056305f7bf5561a4e","GooseMcGoose","5ff78fa1a56da30001ba546a","6ab71e6b32172e552053b64e","2026-09-25 21:49"
"Jesper","6962762abc79a0f2300d324e","[FatSnail] SavetheSnail","591790fc1bba70b6146c6485","6ab723e6b85c236a34990658","2026-09-25 21:49"
"Thenderson","651735b2324c811102e538a6","Bravious","608f43fa0d0e0d0001d2abde","6ab722deab5caa0a8156fbc7","2026-09-25 21:51"
"bodysfailing","69fd3dc20731483be6bd7038","Jesper","6962762abc79a0f2300d324e","6ab724c5b85c236a34990865","2026-09-25 21:53"
"GooseMcGoose","5ff78fa1a56da30001ba546a","Antigs","5fb70fb9e2c593000135b6e0","6ab72490ab5caa0a81570029","2026-09-25 21:54"
"[FatSnail] SavetheSnail","591790fc1bba70b6146c6485","Jesper","6962762abc79a0f2300d324e","6ab72585ab5caa0a815702f6","2026-09-25 21:55"
"Cristalina 🪽","595fc5209a4f70bbd892e251","BoilingButter","601e187ef671dd0001c632ca","6ab724ebb85c236a349908c7","2026-09-25 21:56"
"NowloTheNeurotic","67493198473744059fbb9736","[TNT] Kirania","5c14f357ff3dc98d883d182c","6ab723c1ab5caa0a8156fe25","2026-09-25 21:57"
"wisps","60ad03a48b6e1d00012f8e7e","gg80","63094e1796056024727fc5d5","6ab7240832172e552053c32b","2026-09-25 21:57"
"GooseMcGoose","5ff78fa1a56da30001ba546a","Antigs","5fb70fb9e2c593000135b6e0","6ab725afb85c236a34990ad6","2026-09-25 21:58"
"Jesper","6962762abc79a0f2300d324e","[FatSnail] SavetheSnail","591790fc1bba70b6146c6485","6ab725deb85c236a34990b47","2026-09-25 21:58"
"DrBlinderson","667a1f56a740c6720a3d063b","Dat1Cactus","60402d940b13630001e3e47d","6ab725ebab5caa0a815703df","2026-09-25 21:59"
"Cristalina 🪽","595fc5209a4f70bbd892e251","Geoguessr Demon (washed)","60466b19d97e7d0001e8aefb","6ab7261a32172e552053c7ec","2026-09-25 22:00"
"kober","67ad18a09e150413a5e6fa66","[TNT] Kirania","5c14f357ff3dc98d883d182c","6ab72673b85c236a34990d2e","2026-09-25 22:02"
"Cristalina 🪽","595fc5209a4f70bbd892e251","Jesper","6962762abc79a0f2300d324e","6ab72710f527897d27c4ca61","2026-09-25 22:02"
"Antigs","5fb70fb9e2c593000135b6e0","Qu of indo","69f9974562588d8c829b4cfd","6ab72684ab5caa0a8157056e","2026-09-25 22:04"
"brodi","689a5cbafe739dd5a7acb8d3","Ryan","5e1cba902034a09a54bbd59d","6ab726ef32172e552053ca44","2026-09-25 22:04"
"Cristalina 🪽","595fc5209a4f70bbd892e251","Jesper","6962762abc79a0f2300d324e","6ab727ab32172e552053cbea","2026-09-25 22:05"
"brodi","689a5cbafe739dd5a7acb8d3","Fabi","5807295cfbd28f9a6845a86f","6ab727e8b85c236a3499111f","2026-09-25 22:05"
"bodysfailing","69fd3dc20731483be6bd7038","gg80","63094e1796056024727fc5d5","6ab72696b85c236a34990dad","2026-09-25 22:08"
"Cristalina 🪽","595fc5209a4f70bbd892e251","Jesper","6962762abc79a0f2300d324e","6ab7284432172e552053cd62","2026-09-25 22:09"
"brodi","689a5cbafe739dd5a7acb8d3","Fabi","5807295cfbd28f9a6845a86f","6ab7283ab85c236a349911dd","2026-09-25 22:10"
"PATUGANSU","5ed559cb282ad28b94ffb506","Ryan","5e1cba902034a09a54bbd59d","6ab72936ab5caa0a81570c83","2026-09-25 22:13"
"gg80","63094e1796056024727fc5d5","bodysfailing","69fd3dc20731483be6bd7038","6ab7291932172e552053cf7c","2026-09-25 22:14"
"Antigs","5fb70fb9e2c593000135b6e0","Qu of indo","69f9974562588d8c829b4cfd","6ab72812ab5caa0a815709d3","2026-09-25 22:14"
"Cristalina 🪽","595fc5209a4f70bbd892e251","Jesper","6962762abc79a0f2300d324e","6ab72949ab5caa0a81570cb6","2026-09-25 22:15"
"Thenderson","651735b2324c811102e538a6","Geoguessr Demon (washed)","60466b19d97e7d0001e8aefb","6ab72997ab5caa0a81570d63","2026-09-25 22:15"
"emshanoff","60a55176895a250001d9e2d8","bodysfailing","69fd3dc20731483be6bd7038","6ab72a64b85c236a3499180a","2026-09-25 22:16"
"Jesper","6962762abc79a0f2300d324e","6nimmtEnjoyer","6590622a196ee939029f90b8","6ab72a7eab5caa0a81570fc5","2026-09-25 22:16"
"domfrombrasil","6a94b59777073146c9f41f5e","Tristchicken","654351da176bd2a6b120a271","6ab729f9b85c236a349916d8","2026-09-25 22:16"
"bodysfailing","69fd3dc20731483be6bd7038","gg80","63094e1796056024727fc5d5","6ab72a6dab5caa0a81570f8d","2026-09-25 22:18"
"Cristalina 🪽","595fc5209a4f70bbd892e251","Geoguessr Demon (washed)","60466b19d97e7d0001e8aefb","6ab72ae1ab5caa0a815710f1","2026-09-25 22:19"
"6nimmtEnjoyer","6590622a196ee939029f90b8","Jesper","6962762abc79a0f2300d324e","6ab72afc32172e552053d3fb","2026-09-25 22:20"
"domfrombrasil","6a94b59777073146c9f41f5e","DESCENDER","688d785596373b4fa44c58e4","6ab72aca32172e552053d38f","2026-09-25 22:20"
"bodysfailing","69fd3dc20731483be6bd7038","gg80","63094e1796056024727fc5d5","6ab72b4132172e552053d4ed","2026-09-25 22:22"
"6nimmtEnjoyer","6590622a196ee939029f90b8","Cristalina 🪽","595fc5209a4f70bbd892e251","6ab72bc80011b98cb44caa5a","2026-09-25 22:22"
"brodi","689a5cbafe739dd5a7acb8d3","Qu of indo","69f9974562588d8c829b4cfd","6ab72ba0fa5659d6bb487ade","2026-09-25 22:23"
"77angels","5aae066718399e2758306701","Jesper","6962762abc79a0f2300d324e","6ab72c32b85c236a34991d31","2026-09-25 22:25"
"Thenderson","651735b2324c811102e538a6","Its_ChinasFault","67d88144617e135e7b6559af","6ab72b2232172e552053d491","2026-09-25 22:25"
"gg80","63094e1796056024727fc5d5","Tomek5_5","606e09423667bc0001ad663d","6ab72c5732172e552053d73a","2026-09-25 22:28"
"Cristalina 🪽","595fc5209a4f70bbd892e251","6nimmtEnjoyer","6590622a196ee939029f90b8","6ab72c48ab5caa0a81571463","2026-09-25 22:28"
"Bravious","608f43fa0d0e0d0001d2abde","vertigo","5aa5926b42305f89a0f9f86d","6ab72d1a187fda8a64a06217","2026-09-25 22:28"
"Pasord","6669c659ca16186b5a3dbc35","BYL","665af55a0f1c875d08a700fb","6ab72caa32172e552053d7fd","2026-09-25 22:29"
"brodi","689a5cbafe739dd5a7acb8d3","Qu of indo","69f9974562588d8c829b4cfd","6ab72c7232172e552053d780","2026-09-25 22:30"
"Pasord","6669c659ca16186b5a3dbc35","BYL","665af55a0f1c875d08a700fb","6ab72df5b85c236a34992205","2026-09-25 22:31"
"Jesper","6962762abc79a0f2300d324e","brodi","689a5cbafe739dd5a7acb8d3","6ab72e15b85c236a34992262","2026-09-25 22:32"
"PATUGANSU","5ed559cb282ad28b94ffb506","Voro","5a8f1e5d98cc2c6744a8a135","6ab72cc3b85c236a34991e91","2026-09-25 22:32"
"Cristalina 🪽","595fc5209a4f70bbd892e251","6nimmtEnjoyer","6590622a196ee939029f90b8","6ab72d98b85c236a349920cd","2026-09-25 22:34"
"Bravious","608f43fa0d0e0d0001d2abde","aaron :)","5adb5ad830e0107eb8b66cef","6ab72daeb85c236a3499211b","2026-09-25 22:35"
"Pasord","6669c659ca16186b5a3dbc35","6nimmtEnjoyer","6590622a196ee939029f90b8","6ab72f06ab5caa0a81571aca","2026-09-25 22:36"
"Tomek5_5","606e09423667bc0001ad663d","gg80","63094e1796056024727fc5d5","6ab72da4b85c236a349920fa","2026-09-25 22:37"
"brodi","689a5cbafe739dd5a7acb8d3","Jesper","6962762abc79a0f2300d324e","6ab72e9a0011b98cb44caf04","2026-09-25 22:37"
"SteelyYolo","6439fe9890664def4616aaf5","Bravious","608f43fa0d0e0d0001d2abde","6ab72f2f32172e552053dd52","2026-09-25 22:38"
"SteelyYolo","6439fe9890664def4616aaf5","Geoguessr Demon (washed)","60466b19d97e7d0001e8aefb","6ab72fea32172e552053def8","2026-09-25 22:40"
"Bravious","608f43fa0d0e0d0001d2abde","brodi","689a5cbafe739dd5a7acb8d3","6ab72fddab5caa0a81571cc1","2026-09-25 22:40"
"Tomek5_5","606e09423667bc0001ad663d","Pasord","6669c659ca16186b5a3dbc35","6ab72fd2ab5caa0a81571ca5","2026-09-25 22:41"
"[FatSnail] SavetheSnail","591790fc1bba70b6146c6485","gg80","63094e1796056024727fc5d5","6ab72fefab5caa0a81571ce6","2026-09-25 22:44"
"PATUGANSU","5ed559cb282ad28b94ffb506","wunky peets","60bc0a8670b4e600011e5bc9","6ab72eb3ab5caa0a815719f7","2026-09-25 22:44"
"Jesper","6962762abc79a0f2300d324e","BlackShark","61f04538cc54700001a27678","6ab72fb6ab5caa0a81571c5f","2026-09-25 22:45"
"SteelyYolo","6439fe9890664def4616aaf5","Geoguessr Demon (washed)","60466b19d97e7d0001e8aefb","6ab730a2ab5caa0a81571e40","2026-09-25 22:46"
"Jesper","6962762abc79a0f2300d324e","SteelyYolo","6439fe9890664def4616aaf5","6ab731cbab5caa0a81572164","2026-09-25 22:47"
"brodi","689a5cbafe739dd5a7acb8d3","Bravious","608f43fa0d0e0d0001d2abde","6ab7306c32172e552053dfe7","2026-09-25 22:47"
"Sam","5f762dd1b53fb70001d349a4","wisps","60ad03a48b6e1d00012f8e7e","6ab72fccf527897d27c4dbc7","2026-09-25 22:49"
"Salem","63af4615494c2bc27e4a2f31","gg80","63094e1796056024727fc5d5","6ab7316fb85c236a34992ae4","2026-09-25 22:50"
"NowloTheNeurotic","67493198473744059fbb9736","Lubec","5e974c906ea510372c1e444a","6ab731f8ab5caa0a815721c0","2026-09-25 22:51"
"Rick Astley","64fce8cb8f2e9fbe3b42b979","sva","67a710249d75e04dff436d40","6ab730f2d27c1b34a880712a","2026-09-25 22:52"
"Its_ChinasFault","67d88144617e135e7b6559af","Lagarto","5686f7189638a1470c6e5164","6ab72d06b85c236a34991f77","2026-09-25 22:52"
"SteelyYolo","6439fe9890664def4616aaf5","Geoguessr Demon (washed)","60466b19d97e7d0001e8aefb","6ab7321932172e552053e3bf","2026-09-25 22:52"
"Salem","63af4615494c2bc27e4a2f31","wisps","60ad03a48b6e1d00012f8e7e","6ab732af32172e552053e4ff","2026-09-25 22:53"
"gg80","63094e1796056024727fc5d5","pas bon","6138c0b02041ad0001a01eae","6ab732cad27c1b34a8807495","2026-09-25 22:53"
"brodi","689a5cbafe739dd5a7acb8d3","Jesper","6962762abc79a0f2300d324e","6ab73228b85c236a34992c8b","2026-09-25 22:53"
"Salem","63af4615494c2bc27e4a2f31","Lubec","5e974c906ea510372c1e444a","6ab7335cb85c236a34992fbb","2026-09-25 22:56"
"klint","6735abfd3d532af30d952b5a","Chris","5fe81986f3881a00018261c5","6ab7328cab5caa0a81572319","2026-09-25 22:56"
"brodi","689a5cbafe739dd5a7acb8d3","Jesper","6962762abc79a0f2300d324e","6ab7337632172e552053e660","2026-09-25 22:57"
"vestfoldogtelemarkfan1","6488d607fb0f513b367ada8e","vikaask","6071058ea1324a0001934121","6ab73193b85c236a34992b2d","2026-09-25 22:58"
"Sam","5f762dd1b53fb70001d349a4","gg80","63094e1796056024727fc5d5","6ab73395ab5caa0a81572545","2026-09-25 23:00"
"Jesper","6962762abc79a0f2300d324e","brodi","689a5cbafe739dd5a7acb8d3","6ab7348232172e552053e8d4","2026-09-25 23:00"
"Pasord","6669c659ca16186b5a3dbc35","sva","67a710249d75e04dff436d40","6ab734ede013dfd4bbee6aa9","2026-09-25 23:02"
"SteelyYolo","6439fe9890664def4616aaf5","BlackShark","61f04538cc54700001a27678","6ab73439b85c236a34993250","2026-09-25 23:02"
"Finn Siemon","66eb7b4a062332fb60915d65","[FatSnail] SavetheSnail","591790fc1bba70b6146c6485","6ab734c4ab5caa0a8157290c","2026-09-25 23:04"
"Chris","5fe81986f3881a00018261c5","klint","6735abfd3d532af30d952b5a","6ab734570011b98cb44cb8a0","2026-09-25 23:04"
"Jesper","6962762abc79a0f2300d324e","sva","67a710249d75e04dff436d40","6ab73578ab5caa0a81572ac5","2026-09-25 23:05"
"brodi","689a5cbafe739dd5a7acb8d3","vestfoldogtelemarkfan1","6488d607fb0f513b367ada8e","6ab7352bb85c236a34993545","2026-09-25 23:05"
"Finn Siemon","66eb7b4a062332fb60915d65","Thenderson","651735b2324c811102e538a6","6ab73603b85c236a34993727","2026-09-25 23:06"
"Finn Siemon","66eb7b4a062332fb60915d65","[FatSnail] SavetheSnail","591790fc1bba70b6146c6485","6ab736beb85c236a349938e2","2026-09-25 23:08"
"Jesper","6962762abc79a0f2300d324e","sva","67a710249d75e04dff436d40","6ab7364cb85c236a349937cd","2026-09-25 23:08"
"Voro","5a8f1e5d98cc2c6744a8a135","Geoguessr Demon (washed)","60466b19d97e7d0001e8aefb","6ab73591b85c236a34993629","2026-09-25 23:08"
"Finn Siemon","66eb7b4a062332fb60915d65","Pasord","6669c659ca16186b5a3dbc35","6ab7370232172e552053eef3","2026-09-25 23:10"
"klint","6735abfd3d532af30d952b5a","vestfoldogtelemarkfan1","6488d607fb0f513b367ada8e","6ab7363bab5caa0a81572c94","2026-09-25 23:10"
"Jesper","6962762abc79a0f2300d324e","Thenderson","651735b2324c811102e538a6","6ab736e3b85c236a34993935","2026-09-25 23:11"
"Chris","5fe81986f3881a00018261c5","Lilak","61812a24e3599000017bc04e","6ab7367432172e552053edb8","2026-09-25 23:11"
"sva","67a710249d75e04dff436d40","Geoguessr Demon (washed)","60466b19d97e7d0001e8aefb","6ab73723ab5caa0a81572e6e","2026-09-25 23:12"
"Chris","5fe81986f3881a00018261c5","KAZ","6682a94f266924acd6f97098","6ab737b7ab5caa0a81572fd3","2026-09-25 23:14"
"Thenderson","651735b2324c811102e538a6","sva","67a710249d75e04dff436d40","6ab737ee187fda8a64a07874","2026-09-25 23:14"
"yc","6a9829b75e32ce896831b547","caminante habitual","693a119bbc44058d67d87486","6ab73897b85c236a34993e31","2026-09-25 23:17"
"Jesper","6962762abc79a0f2300d324e","Pasord","6669c659ca16186b5a3dbc35","6ab737cdb85c236a34993c27","2026-09-25 23:18"
"Thenderson","651735b2324c811102e538a6","Pasord","6669c659ca16186b5a3dbc35","6ab73973ab5caa0a815734c0","2026-09-25 23:21"
"Finn Siemon","66eb7b4a062332fb60915d65","Jesper","6962762abc79a0f2300d324e","6ab73970ab5caa0a815734b3","2026-09-25 23:23"
"Chris","5fe81986f3881a00018261c5","brodi","689a5cbafe739dd5a7acb8d3","6ab738e3b85c236a34993f07","2026-09-25 23:23"
"yc","6a9829b75e32ce896831b547","Saacxx","63ce6d504530006ef775e754","6ab7391cb85c236a34993fb1","2026-09-25 23:23"
"klint","6735abfd3d532af30d952b5a","vestfoldogtelemarkfan1","6488d607fb0f513b367ada8e","6ab7393a32172e552053f4d2","2026-09-25 23:25"
"Pasord","6669c659ca16186b5a3dbc35","brodi","689a5cbafe739dd5a7acb8d3","6ab73a78d27c1b34a880841d","2026-09-25 23:26"
"Jesper","6962762abc79a0f2300d324e","Chris","5fe81986f3881a00018261c5","6ab73aa5b85c236a349943b5","2026-09-25 23:28"
"vestfoldogtelemarkfan1","6488d607fb0f513b367ada8e","Geoguessr Demon (washed)","60466b19d97e7d0001e8aefb","6ab73b13b85c236a349945bf","2026-09-25 23:28"
"Thenderson","651735b2324c811102e538a6","Doofist","68f3a854d35e604bd5617bb2","6ab73a41187fda8a64a07dc1","2026-09-25 23:29"
"Pasord","6669c659ca16186b5a3dbc35","klint","6735abfd3d532af30d952b5a","6ab73b49b85c236a349946c4","2026-09-25 23:30"
"Lagarto","5686f7189638a1470c6e5164","Nekoski","637dd543e56f29d1ad11bc57","6ab7367832172e552053edc1","2026-09-25 23:30"
"gg80","63094e1796056024727fc5d5","Sam","5f762dd1b53fb70001d349a4","6ab7354d32172e552053eacc","2026-09-25 23:32"
"brodi","689a5cbafe739dd5a7acb8d3","Jesper","6962762abc79a0f2300d324e","6ab73bb7b85c236a349947fc","2026-09-25 23:32"
"vestfoldogtelemarkfan1","6488d607fb0f513b367ada8e","KAZ","6682a94f266924acd6f97098","6ab73bba32172e552053fab3","2026-09-25 23:34"
"Pasord","6669c659ca16186b5a3dbc35","Jesper","6962762abc79a0f2300d324e","6ab73c8d187fda8a64a0835f","2026-09-25 23:36"
"gg80","63094e1796056024727fc5d5","WindyMirage774","661c9b427222970e307aff01","6ab73d12e013dfd4bbee6f0a","2026-09-25 23:37"
"Jesper","6962762abc79a0f2300d324e","Pasord","6669c659ca16186b5a3dbc35","6ab73db1b85c236a34994da6","2026-09-25 23:40"
"[FatSnail] SavetheSnail","591790fc1bba70b6146c6485","WindyMirage774","661c9b427222970e307aff01","6ab73e3632172e5520540106","2026-09-25 23:41"
"Chris","5fe81986f3881a00018261c5","Thenderson","651735b2324c811102e538a6","6ab73bde32172e552053fb06","2026-09-25 23:41"
"Jesper","6962762abc79a0f2300d324e","Pasord","6669c659ca16186b5a3dbc35","6ab73e90b85c236a34994fb1","2026-09-25 23:43"
"vestfoldogtelemarkfan1","6488d607fb0f513b367ada8e","DeadHorse","662ea7b2692b73741f6267ed","6ab73e4cb85c236a34994f25","2026-09-25 23:43"
"brodi","689a5cbafe739dd5a7acb8d3","KAZ","6682a94f266924acd6f97098","6ab73e39b85c236a34994ef2","2026-09-25 23:44"
"马修","6705a787945947e950e2a238","Geoguessr Demon (washed)","60466b19d97e7d0001e8aefb","6ab73ec332172e552054020b","2026-09-25 23:44"
"Chris","5fe81986f3881a00018261c5","Thenderson","651735b2324c811102e538a6","6ab73f1fb85c236a34995117","2026-09-25 23:47"
"[FatSnail] SavetheSnail","591790fc1bba70b6146c6485","WindyMirage774","661c9b427222970e307aff01","6ab73ebf32172e5520540201","2026-09-25 23:49"
"马修","6705a787945947e950e2a238","Jesper","6962762abc79a0f2300d324e","6ab73f67187fda8a64a08a56","2026-09-25 23:50"
"vestfoldogtelemarkfan1","6488d607fb0f513b367ada8e","brodi","689a5cbafe739dd5a7acb8d3","6ab73fd2b85c236a349952d7","2026-09-25 23:50"
"WindyMirage774","661c9b427222970e307aff01","[FatSnail] SavetheSnail","591790fc1bba70b6146c6485","6ab740c032172e5520540612","2026-09-25 23:54"
"马修","6705a787945947e950e2a238","vestfoldogtelemarkfan1","6488d607fb0f513b367ada8e","6ab74115b85c236a349955e4","2026-09-25 23:54"
"Jesper","6962762abc79a0f2300d324e","brodi","689a5cbafe739dd5a7acb8d3","6ab740deb85c236a34995558","2026-09-25 23:55"
"Thenderson","651735b2324c811102e538a6","GeoMoustachu","651d92713240ad2224dd0e2a","6ab74095b85c236a34995486","2026-09-25 23:55"
"WindyMirage774","661c9b427222970e307aff01","马修","6705a787945947e950e2a238","6ab741ca32172e552054083a","2026-09-25 23:56"
"WaiWai","621f7436f0bf520001066b61","vestfoldogtelemarkfan1","6488d607fb0f513b367ada8e","6ab741ccb85c236a349957a5","2026-09-25 23:57"
"brodi","689a5cbafe739dd5a7acb8d3","Jesper","6962762abc79a0f2300d324e","6ab7420532172e55205408b9","2026-09-25 23:58"
"马修","6705a787945947e950e2a238","WindyMirage774","661c9b427222970e307aff01","6ab74241d27c1b34a880949a","2026-09-25 23:59"
"I hate this duel map","654d0e4520681e7049600f03","DeadHorse","662ea7b2692b73741f6267ed","6ab740ea187fda8a64a08d09","2026-09-25 23:59"
