"dudu","6202faaecee03000019ebc88","Palmitas","69b33a815634cc416b9c7877","6a7a9ce6fc7066e5a6fcf734","2026-08-11 00:01"
"Soused Herring","6a0ca21cdf4950563eb42574","vgc","6a52da4c6737b45d2976270e","6a7a9cf1fc7066e5a6fcf761","2026-08-11 00:01"
"Joshkabloomy","604c5a52e142340001a0a666","looer_h","627823ed8874df9dd7c83fae","6a7a9cd8e941efd2abfce521","2026-08-11 00:01"
"Palmitas","69b33a815634cc416b9c7877","dudu","6202faaecee03000019ebc88","6a7a9e64fc7066e5a6fcfbcb","2026-08-11 00:03"
"Soused Herring","6a0ca21cdf4950563eb42574","vgc","6a52da4c6737b45d2976270e","6a7a9cf1fc7066e5a6fcf761","2026-08-11 00:03"
"looer_h","627823ed8874df9dd7c83fae","Joshkabloomy","604c5a52e142340001a0a666","6a7a9e77e941efd2abfce942","2026-08-11 00:04"
"200cm 110kg 25cm","6844e70d461359665835d788","Xick","6227d06fc4123c000192c138","6a7a9e00e941efd2abfce828","2026-08-11 00:05"
"Ades (YT)","694060fd0b5941c5cbe18cbf","Wijn.","657979f3db414bd0da540f23","6a7a9dafe941efd2abfce734","2026-08-11 00:07"
"sk 愛","666b76089d20c1dd39ec810c","Tottenhamwisps","60ad03a48b6e1d00012f8e7e","6a7a9dade941efd2abfce731","2026-08-11 00:08"
"dudu","6202faaecee03000019ebc88","zach","621783eaab08b80001371858","6a7a9ef9e941efd2abfcea7c","2026-08-11 00:09"
"miniura","650ff17b12259a4cd34bd829","Puwaphat2304","660da547c04c2826f94e7d80","6a7a9ddefc7066e5a6fcfa46","2026-08-11 00:09"
"Palmitas","69b33a815634cc416b9c7877","vgc","6a52da4c6737b45d2976270e","6a7a9fd3fc7066e5a6fcffb9","2026-08-11 00:10"
"looer_h","627823ed8874df9dd7c83fae","Joshkabloomy","604c5a52e142340001a0a666","6a7a9f34fc7066e5a6fcfdd0","2026-08-11 00:10"
"[FatSnail] SavetheSnail","591790fc1bba70b6146c6485","Jesper","6962762abc79a0f2300d324e","6a7a9f98e941efd2abfcebf9","2026-08-11 00:10"
"200cm 110kg 25cm","6844e70d461359665835d788","Feneb","5dba86167e473f2408461141","6a7aa001e941efd2abfcecd1","2026-08-11 00:11"
"im recording my gameplay","6a437d2254319c3206c01eb9","vgc","6a52da4c6737b45d2976270e","6a7aa07fe941efd2abfcedf8","2026-08-11 00:13"
"Wijn.","657979f3db414bd0da540f23","Ades (YT)","694060fd0b5941c5cbe18cbf","6a7a9fe3e941efd2abfcec94","2026-08-11 00:13"
"Figsy_Games","5e91c2303d4b6a251c171a3b","Jesper","6962762abc79a0f2300d324e","6a7aa0adfc7066e5a6fd0262","2026-08-11 00:13"
"200cm 110kg 25cm","6844e70d461359665835d788","[FatSnail] SavetheSnail","591790fc1bba70b6146c6485","6a7aa0e2fc7066e5a6fd0304","2026-08-11 00:14"
"Tottenhamwisps","60ad03a48b6e1d00012f8e7e","Franklin","660b5454be2900cb52493ba5","6a7aa04ffc7066e5a6fd0121","2026-08-11 00:16"
"vicho","6a4ee4c3170dae471ff01141","General Bolívar","67fb5938ea3618834510556d","6a7aa188776adebe6e96a147","2026-08-11 00:16"
"Puwaphat2304","660da547c04c2826f94e7d80","PapaMacdus","6667d837d40195a479dc95b8","6a7aa073fc7066e5a6fd01a4","2026-08-11 00:16"
"dudu","6202faaecee03000019ebc88","Palmitas","69b33a815634cc416b9c7877","6a7aa0bbfc7066e5a6fd0297","2026-08-11 00:18"
"Ades (YT)","694060fd0b5941c5cbe18cbf","vgc","6a52da4c6737b45d2976270e","6a7aa134e941efd2abfcef9b","2026-08-11 00:18"
"vgc","6a52da4c6737b45d2976270e","Ades (YT)","694060fd0b5941c5cbe18cbf","6a7aa271e941efd2abfcf263","2026-08-11 00:19"
"Wijn.","657979f3db414bd0da540f23","im recording my gameplay","6a437d2254319c3206c01eb9","6a7aa12dfc7066e5a6fd03f2","2026-08-11 00:20"
"200cm 110kg 25cm","6844e70d461359665835d788","[FatSnail] SavetheSnail","591790fc1bba70b6146c6485","6a7aa1c4fc7066e5a6fd0569","2026-08-11 00:22"
"Franklin","660b5454be2900cb52493ba5","Puwaphat2304","660da547c04c2826f94e7d80","6a7aa21efc7066e5a6fd064a","2026-08-11 00:22"
"Ades (YT)","694060fd0b5941c5cbe18cbf","SentyRu","65dc836b33066622c3ebfb88","6a7aa2aa776adebe6e96a3da","2026-08-11 00:22"
"miniura","650ff17b12259a4cd34bd829","ぷれんと","5e6cf3a7d51dd6300c8bcabd","6a7aa1b9e941efd2abfcf0ac","2026-08-11 00:23"
"dudu","6202faaecee03000019ebc88","Palmitas","69b33a815634cc416b9c7877","6a7aa257e941efd2abfcf22b","2026-08-11 00:24"
"Wijn.","657979f3db414bd0da540f23","Figsy_Games","5e91c2303d4b6a251c171a3b","6a7aa2f8fc7066e5a6fd08f3","2026-08-11 00:24"
"Ades (YT)","694060fd0b5941c5cbe18cbf","[FatSnail] SavetheSnail","591790fc1bba70b6146c6485","6a7aa35a776adebe6e96a550","2026-08-11 00:24"
"SentyRu","65dc836b33066622c3ebfb88","Jesper","6962762abc79a0f2300d324e","6a7aa33ee941efd2abfcf4ae","2026-08-11 00:25"
"[FatSnail] SavetheSnail","591790fc1bba70b6146c6485","Ades (YT)","694060fd0b5941c5cbe18cbf","6a7aa3d6fc7066e5a6fd0b86","2026-08-11 00:28"
"vgc","6a52da4c6737b45d2976270e","im recording my gameplay","6a437d2254319c3206c01eb9","6a7aa2dde941efd2abfcf3b7","2026-08-11 00:28"
"Not Jojo","67e8ab0b497a1acbf6efa0ac","Savagewalrus921","5f5a40e1cbd6d20001dce11d","6a7aa218e941efd2abfcf164","2026-08-11 00:28"
"Palmitas","69b33a815634cc416b9c7877","dudu","6202faaecee03000019ebc88","6a7aa3d3fc7066e5a6fd0b81","2026-08-11 00:29"
"Franklin","660b5454be2900cb52493ba5","Puwaphat2304","660da547c04c2826f94e7d80","6a7aa38be941efd2abfcf5a2","2026-08-11 00:31"
"Figsy_Games","5e91c2303d4b6a251c171a3b","miniura","650ff17b12259a4cd34bd829","6a7aa3e1fc7066e5a6fd0ba1","2026-08-11 00:32"
"im recording my gameplay","6a437d2254319c3206c01eb9","Riqq.","62d125a4e262703eefbde9a0","6a7aa4b5fc7066e5a6fd0dd0","2026-08-11 00:33"
"dudu","6202faaecee03000019ebc88","zach","621783eaab08b80001371858","6a7aa540fc7066e5a6fd0efd","2026-08-11 00:34"
"vicho","6a4ee4c3170dae471ff01141","GrinningChasm944","6a08e89c7a10e6e738b05479","6a7aa4a9fc7066e5a6fd0dac","2026-08-11 00:34"
"Jesper","6962762abc79a0f2300d324e","SentyRu","65dc836b33066622c3ebfb88","6a7aa51df54513aa8676f795","2026-08-11 00:34"
"Tottenhamwisps","60ad03a48b6e1d00012f8e7e","Palmitas","69b33a815634cc416b9c7877","6a7aa50e776adebe6e96a8e6","2026-08-11 00:35"
"Puwaphat2304","660da547c04c2826f94e7d80","ぷれんと","5e6cf3a7d51dd6300c8bcabd","6a7aa59ee941efd2abfcf9b7","2026-08-11 00:35"
"zach","621783eaab08b80001371858","dudu","6202faaecee03000019ebc88","6a7aa647e941efd2abfcfb62","2026-08-11 00:36"
"Jesper","6962762abc79a0f2300d324e","SentyRu","65dc836b33066622c3ebfb88","6a7aa627776adebe6e96ab08","2026-08-11 00:36"
"vicho","6a4ee4c3170dae471ff01141","GrinningChasm944","6a08e89c7a10e6e738b05479","6a7aa63ee941efd2abfcfb52","2026-08-11 00:37"
"Wijn.","657979f3db414bd0da540f23","Ades (YT)","694060fd0b5941c5cbe18cbf","6a7aa49de941efd2abfcf811","2026-08-11 00:38"
"Conquistadorito","603801f090c95200017d047e","Not Jojo","67e8ab0b497a1acbf6efa0ac","6a7aa537fc7066e5a6fd0ee2","2026-08-11 00:39"
"Jesper","6962762abc79a0f2300d324e","SentyRu","65dc836b33066622c3ebfb88","6a7aa6b5fc7066e5a6fd12be","2026-08-11 00:39"
"Palmitas","69b33a815634cc416b9c7877","dudu","6202faaecee03000019ebc88","6a7aa68afc7066e5a6fd124e","2026-08-11 00:40"
"Ades (YT)","694060fd0b5941c5cbe18cbf","SentyRu","65dc836b33066622c3ebfb88","6a7aa74ae941efd2abfcfdd0","2026-08-11 00:40"
"vicho","6a4ee4c3170dae471ff01141","GrinningChasm944","6a08e89c7a10e6e738b05479","6a7aa6f0776adebe6e96ade7","2026-08-11 00:41"
"miniura","650ff17b12259a4cd34bd829","im recording my gameplay","6a437d2254319c3206c01eb9","6a7aa616e941efd2abfcfae0","2026-08-11 00:41"
"Palmitas","69b33a815634cc416b9c7877","dudu","6202faaecee03000019ebc88","6a7aa7a7fc7066e5a6fd1566","2026-08-11 00:42"
"KAZ","6682a94f266924acd6f97098","Puwaphat2304","660da547c04c2826f94e7d80","6a7aa690e941efd2abfcfc07","2026-08-11 00:42"
"れい（Rey）","6444afc0c30fa09317b315fc","im recording my gameplay","6a437d2254319c3206c01eb9","6a7aa7d8425433d504747832","2026-08-11 00:43"
"Palmitas","69b33a815634cc416b9c7877","dudu","6202faaecee03000019ebc88","6a7aa810fc7066e5a6fd164c","2026-08-11 00:45"
"Puwaphat2304","660da547c04c2826f94e7d80","BRO BAGAS","61568977b30f8800018736f1","6a7aa814fc7066e5a6fd1657","2026-08-11 00:45"
"dudu","6202faaecee03000019ebc88","Palmitas","69b33a815634cc416b9c7877","6a7aa8c8fc7066e5a6fd1831","2026-08-11 00:47"
"Marwoto","5eb159a38734a06a1c3ad6ae","BRO BAGAS","61568977b30f8800018736f1","6a7aa8d3e941efd2abfd00ca","2026-08-11 00:47"
"dudu","6202faaecee03000019ebc88","Palmitas","69b33a815634cc416b9c7877","6a7aa922fc7066e5a6fd195a","2026-08-11 00:49"
"Jesper","6962762abc79a0f2300d324e","Ades (YT)","694060fd0b5941c5cbe18cbf","6a7aa7fafc7066e5a6fd1619","2026-08-11 00:49"
"im recording my gameplay","6a437d2254319c3206c01eb9","miniura","650ff17b12259a4cd34bd829","6a7aa853ae51db7d1253e1f7","2026-08-11 00:49"
"Puwaphat2304","660da547c04c2826f94e7d80","ꀋꏦꇊ","679857c21e3f92bc77808937","6a7aa91bfc7066e5a6fd1949","2026-08-11 00:49"
"dudu","6202faaecee03000019ebc88","Palmitas","69b33a815634cc416b9c7877","6a7aa9a6e941efd2abfd0236","2026-08-11 00:52"
"Finn Siemon","66eb7b4a062332fb60915d65","Jesper","6962762abc79a0f2300d324e","6a7aa98be941efd2abfd0207","2026-08-11 00:52"
"Not Jojo","67e8ab0b497a1acbf6efa0ac","white boy in motion","68ae00e71932c5f046fe7fca","6a7aa779fc7066e5a6fd14e5","2026-08-11 00:53"
"Ades (YT)","694060fd0b5941c5cbe18cbf","Figsy_Games","5e91c2303d4b6a251c171a3b","6a7aa998fc7066e5a6fd1a66","2026-08-11 00:54"
"Tottenhamwisps","60ad03a48b6e1d00012f8e7e","miniura","650ff17b12259a4cd34bd829","6a7aaa1cfc7066e5a6fd1bb4","2026-08-11 00:57"
"Figsy_Games","5e91c2303d4b6a251c171a3b","Ades (YT)","694060fd0b5941c5cbe18cbf","6a7aaaf9776adebe6e96b53a","2026-08-11 01:00"
"OceanMan","5e9a08cdd502e121002b5279","Syn","5fc86ba947bce10001a030ba","6a7aab60fc7066e5a6fd1eb2","2026-08-11 01:05"
"Not Jojo","67e8ab0b497a1acbf6efa0ac","L. Yang","5ce6c253b741f81110268baa","6a7aabb9e941efd2abfd0647","2026-08-11 01:05"
"Ades (YT)","694060fd0b5941c5cbe18cbf","MongolianMerchant","69ba2e52a04671c8a9b13e12","6a7aac81fc7066e5a6fd2161","2026-08-11 01:06"
"miniura","650ff17b12259a4cd34bd829","Figsy_Games","5e91c2303d4b6a251c171a3b","6a7aac40776adebe6e96b783","2026-08-11 01:07"
"Ades (YT)","694060fd0b5941c5cbe18cbf","MongolianMerchant","69ba2e52a04671c8a9b13e12","6a7aada6e941efd2abfd0a63","2026-08-11 01:13"
"Ades (YT)","694060fd0b5941c5cbe18cbf","arkst5711","653e2552c65b2ec04be90d7e","6a7aaf39e941efd2abfd0de4","2026-08-11 01:15"
"Figsy_Games","5e91c2303d4b6a251c171a3b","Kraim","655c88001a146e82ab9593a5","6a7aadf7fc7066e5a6fd2562","2026-08-11 01:17"
"OceanMan","5e9a08cdd502e121002b5279","Tottenhamwisps","60ad03a48b6e1d00012f8e7e","6a7aae96e941efd2abfd0c80","2026-08-11 01:18"
"miniura","650ff17b12259a4cd34bd829","Syn","5fc86ba947bce10001a030ba","6a7aae05fc7066e5a6fd2591","2026-08-11 01:19"
"Not Jojo","67e8ab0b497a1acbf6efa0ac","L. Yang","5ce6c253b741f81110268baa","6a7aada3fc7066e5a6fd2471","2026-08-11 01:23"
"Tottenhamwisps","60ad03a48b6e1d00012f8e7e","Syn","5fc86ba947bce10001a030ba","6a7ab0b5fc7066e5a6fd2c08","2026-08-11 01:25"
"arkst5711","653e2552c65b2ec04be90d7e","Ades (YT)","694060fd0b5941c5cbe18cbf","6a7aafe8e941efd2abfd0f55","2026-08-11 01:25"
"SpaceGopher","63ac9fb8425eb36c6ebf03a1","Figsy_Games","5e91c2303d4b6a251c171a3b","6a7ab0effc7066e5a6fd2c99","2026-08-11 01:29"
"timejt (umyty)","69582268b237877e44ea8d1f","miniura","650ff17b12259a4cd34bd829","6a7ab1dfe941efd2abfd1350","2026-08-11 01:29"
"Ades (YT)","694060fd0b5941c5cbe18cbf","ken(retired)","633f713b8c050fa35270d9e6","6a7ab233e941efd2abfd1402","2026-08-11 01:29"
"arkst5711","653e2552c65b2ec04be90d7e","Syn","5fc86ba947bce10001a030ba","6a7ab2b9fc7066e5a6fd311d","2026-08-11 01:33"
"Ades (YT)","694060fd0b5941c5cbe18cbf","ken(retired)","633f713b8c050fa35270d9e6","6a7ab301776adebe6e96c46e","2026-08-11 01:34"
"timejt (umyty)","69582268b237877e44ea8d1f","Figsy_Games","5e91c2303d4b6a251c171a3b","6a7ab33afc7066e5a6fd32b0","2026-08-11 01:36"
"Syn","5fc86ba947bce10001a030ba","MongolianMerchant","69ba2e52a04671c8a9b13e12","6a7ab460e941efd2abfd1941","2026-08-11 01:38"
"Красота спасёт мир","696e7ffd3657a531005b1a50","arkst5711","653e2552c65b2ec04be90d7e","6a7ab3eefc7066e5a6fd3448","2026-08-11 01:41"
"Ades (YT)","694060fd0b5941c5cbe18cbf","Syn","5fc86ba947bce10001a030ba","6a7ab578fc7066e5a6fd37f1","2026-08-11 01:41"
"Figsy_Games","5e91c2303d4b6a251c171a3b","miniura","650ff17b12259a4cd34bd829","6a7ab49bfc7066e5a6fd3630","2026-08-11 01:44"
"Ades (YT)","694060fd0b5941c5cbe18cbf","Action2410","6600817f787a1218b6f41ff2","6a7ab5f2e941efd2abfd1c52","2026-08-11 01:46"
"parsec","670c184c705e783701c753c0","zadusk","664355240d326e910df50cb4","6a7ab632776adebe6e96cb98","2026-08-11 01:46"
"arkst5711","653e2552c65b2ec04be90d7e","Syn","5fc86ba947bce10001a030ba","6a7ab61cfc7066e5a6fd3a05","2026-08-11 01:48"
"parsec","670c184c705e783701c753c0","Ades (YT)","694060fd0b5941c5cbe18cbf","6a7ab723e941efd2abfd1f47","2026-08-11 01:51"
"YRP","65361a91884b107b4fd0cef8","Lubec","5e974c906ea510372c1e444a","6a7ab741776adebe6e96ce12","2026-08-11 01:52"
"miniura","650ff17b12259a4cd34bd829","im recording my gameplay","6a437d2254319c3206c01eb9","6a7ab75cf54513aa867719bb","2026-08-11 01:52"
"Figsy_Games","5e91c2303d4b6a251c171a3b","silvia","5ab45e391e1f02697026c335","6a7ab6d1fc7066e5a6fd3bf8","2026-08-11 01:52"
"A Balanced HKGeoguessr","652b9174712620f1edcadac8","adidmahm","681bb4501d2b3dd795b7b1cf","6a7ab756ae51db7d1253fd56","2026-08-11 01:53"
"arkst5711","653e2552c65b2ec04be90d7e","Ades (YT)","694060fd0b5941c5cbe18cbf","6a7ab833fc7066e5a6fd4085","2026-08-11 01:54"
"timejt (umyty)","69582268b237877e44ea8d1f","Ritchie","5ff84d182c4df40001592f85","6a7ab7a1e941efd2abfd2091","2026-08-11 01:54"
"Ritchie","5ff84d182c4df40001592f85","Gigi21","58a94b528b9ff43e3cffbb08","6a7ab912fc7066e5a6fd42cb","2026-08-11 01:57"
"parsec","670c184c705e783701c753c0","im recording my gameplay","6a437d2254319c3206c01eb9","6a7ab87efc7066e5a6fd412a","2026-08-11 01:57"
"Action2410","6600817f787a1218b6f41ff2","ハシビロ","62fd923738281a76193b9110","6a7ab73fe941efd2abfd1f99","2026-08-11 01:59"
"Asteroid","69dbdc1efb7bdfcff7ddf99d","arkst5711","653e2552c65b2ec04be90d7e","6a7ab928e941efd2abfd2433","2026-08-11 02:01"
"A Balanced HKGeoguessr","652b9174712620f1edcadac8","Razztamazz","69577b0db237877e44e8242c","6a7ab88ee941efd2abfd22b9","2026-08-11 02:01"
"Ades (YT)","694060fd0b5941c5cbe18cbf","Syn","5fc86ba947bce10001a030ba","6a7ab943fc7066e5a6fd4354","2026-08-11 02:02"
"Ritchie","5ff84d182c4df40001592f85","BRO BAGAS","61568977b30f8800018736f1","6a7ab9f1fc7066e5a6fd4502","2026-08-11 02:02"
"im recording my gameplay","6a437d2254319c3206c01eb9","M0vER2cK","6a3980146e586fb5631aa45a","6a7ab9a7fc7066e5a6fd4443","2026-08-11 02:02"
"Ades (YT)","694060fd0b5941c5cbe18cbf","arkst5711","653e2552c65b2ec04be90d7e","6a7abac8fc7066e5a6fd471b","2026-08-11 02:03"
"Figsy_Games","5e91c2303d4b6a251c171a3b","miniura","650ff17b12259a4cd34bd829","6a7ab96d776adebe6e96d388","2026-08-11 02:06"
"parsec","670c184c705e783701c753c0","MerryValley542","6a4e1cacb62960575fca9881","6a7abb40e941efd2abfd2844","2026-08-11 02:06"
"Rapanui","56b34d54f0f54423887879e3","M0vER2cK","6a3980146e586fb5631aa45a","6a7abb7ffc7066e5a6fd4927","2026-08-11 02:07"
"Ades (YT)","694060fd0b5941c5cbe18cbf","arkst5711","653e2552c65b2ec04be90d7e","6a7abb13fc7066e5a6fd47fe","2026-08-11 02:09"
"Asteroid","69dbdc1efb7bdfcff7ddf99d","Superhorstuwe","67f42dea666326f3169cde54","6a7abbcdfc7066e5a6fd49ee","2026-08-11 02:11"
"Ades (YT)","694060fd0b5941c5cbe18cbf","arkst5711","653e2552c65b2ec04be90d7e","6a7abb13fc7066e5a6fd47fe","2026-08-11 02:11"
"Rapanui","56b34d54f0f54423887879e3","ハシビロ","62fd923738281a76193b9110","6a7abc4ee941efd2abfd2a62","2026-08-11 02:11"
"xyz121","69743aff656999ac66c57552","parsec","670c184c705e783701c753c0","6a7abbe2fc7066e5a6fd4a15","2026-08-11 02:13"
"Superhorstuwe","67f42dea666326f3169cde54","miniura","650ff17b12259a4cd34bd829","6a7abcc7fc7066e5a6fd4c47","2026-08-11 02:15"
"daes","603a39d190c95200017e30a2","Huliszkurde","67dde556de48dbbbdf87687f","6a7abc75fc7066e5a6fd4b8c","2026-08-11 02:16"
"Figsy_Games","5e91c2303d4b6a251c171a3b","Rapanui","56b34d54f0f54423887879e3","6a7abd1ffc7066e5a6fd4d1e","2026-08-11 02:20"
"Asteroid","69dbdc1efb7bdfcff7ddf99d","Superhorstuwe","67f42dea666326f3169cde54","6a7abdfffc7066e5a6fd4f84","2026-08-11 02:21"
"parsec","670c184c705e783701c753c0","xyz121","69743aff656999ac66c57552","6a7abd5afc7066e5a6fd4de0","2026-08-11 02:22"
"YRP","65361a91884b107b4fd0cef8","kent","5fa7ab03b45c670001342904","6a7abcf6fc7066e5a6fd4cca","2026-08-11 02:24"
"gokhale","68257ab1be5b31c617f37156","xyz121","69743aff656999ac66c57552","6a7abf6ffc7066e5a6fd52c6","2026-08-11 02:26"
"Superhorstuwe","67f42dea666326f3169cde54","daes","603a39d190c95200017e30a2","6a7abf31fc7066e5a6fd5248","2026-08-11 02:27"
"Rapanui","56b34d54f0f54423887879e3","手癢","68db9ecbe6586dfdb1908777","6a7abf11776adebe6e96de4c","2026-08-11 02:27"
"parsec","670c184c705e783701c753c0","Figsy_Games","5e91c2303d4b6a251c171a3b","6a7ac077e941efd2abfd32d2","2026-08-11 02:33"
"Superhorstuwe","67f42dea666326f3169cde54","Rapanui","56b34d54f0f54423887879e3","6a7ac0aafc7066e5a6fd5647","2026-08-11 02:34"
"Rapanui","56b34d54f0f54423887879e3","miniura","650ff17b12259a4cd34bd829","6a7ac231fc7066e5a6fd5a46","2026-08-11 02:35"
"kent","5fa7ab03b45c670001342904","YRP","65361a91884b107b4fd0cef8","6a7ac039fc7066e5a6fd54c9","2026-08-11 02:36"
"fishyy","5f21225bac988f00018aff93","Superhorstuwe","67f42dea666326f3169cde54","6a7ac233fc7066e5a6fd5a47","2026-08-11 02:39"
"frey44","65196df73b287bbf7203f3f7","daes","603a39d190c95200017e30a2","6a7ac2a7fc7066e5a6fd5b33","2026-08-11 02:39"
"Figsy_Games","5e91c2303d4b6a251c171a3b","AI Gen 10/10","664ad9de273fe0303a386b45","6a7ac29ee941efd2abfd3786","2026-08-11 02:39"
"Superhorstuwe","67f42dea666326f3169cde54","Cos","6372795ba9204b943dd562cf","6a7ac36a776adebe6e96e70c","2026-08-11 02:44"
"Angoose52","5828eccb9cbb976514169e66","Красота спасёт мир","696e7ffd3657a531005b1a50","6a7ac188fc7066e5a6fd5885","2026-08-11 02:45"
"Skaven","684ffbcec374eb437a89fc20","daes","603a39d190c95200017e30a2","6a7ac404fc7066e5a6fd5f39","2026-08-11 02:47"
"frey44","65196df73b287bbf7203f3f7","vgc","6a52da4c6737b45d2976270e","6a7ac478fc7066e5a6fd60c9","2026-08-11 02:49"
"TTV/ArneyBoi69","5afafdf05966956c5c9e4852","Figsy_Games","5e91c2303d4b6a251c171a3b","6a7ac476f54513aa86773182","2026-08-11 02:50"
"Superhorstuwe","67f42dea666326f3169cde54","parsec","670c184c705e783701c753c0","6a7ac4b0fc7066e5a6fd617b","2026-08-11 02:51"
"miniura","650ff17b12259a4cd34bd829","M0vER2cK","6a3980146e586fb5631aa45a","6a7ac5b1fc7066e5a6fd6447","2026-08-11 02:51"
"EnchantingTunnel555","6a30b364003bbbd30814179d","MILLERCHITO","69c78970d5036774b4223ae7","6a7ac49afc7066e5a6fd6147","2026-08-11 02:51"
"Cos","6372795ba9204b943dd562cf","KOSTIUSHKA (GwinGlade's Son)","67a0a342b159c1528ecc5eba","6a7ac556fc7066e5a6fd6336","2026-08-11 02:52"
"EnchantingTunnel555","6a30b364003bbbd30814179d","MILLERCHITO","69c78970d5036774b4223ae7","6a7ac63efc7066e5a6fd659b","2026-08-11 02:53"
"vgc","6a52da4c6737b45d2976270e","Riqq.","62d125a4e262703eefbde9a0","6a7ac5d1fc7066e5a6fd6491","2026-08-11 02:54"
"Figsy_Games","5e91c2303d4b6a251c171a3b","Красота спасёт мир","696e7ffd3657a531005b1a50","6a7ac60bfc7066e5a6fd651c","2026-08-11 02:54"
"Angoose52","5828eccb9cbb976514169e66","Skaven","684ffbcec374eb437a89fc20","6a7ac570fc7066e5a6fd6374","2026-08-11 02:56"
"EnchantingTunnel555","6a30b364003bbbd30814179d","miluboss8282","635cf8d88c7a821adcb64bb9","6a7ac6d1fc7066e5a6fd675e","2026-08-11 02:57"
"miniura","650ff17b12259a4cd34bd829","daes","603a39d190c95200017e30a2","6a7ac6cfe941efd2abfd41f6","2026-08-11 02:59"
"Superhorstuwe","67f42dea666326f3169cde54","parsec","670c184c705e783701c753c0","6a7ac63e776adebe6e96ed95","2026-08-11 03:00"
"MongolianMerchant","69ba2e52a04671c8a9b13e12","Treasure Hunter UA","54a91ef1ab462aac88f32a28","6a7ac723fc7066e5a6fd6839","2026-08-11 03:00"
"EnchantingTunnel555","6a30b364003bbbd30814179d","Anass","69b4a3e7031d6a80d5d3b80e","6a7ac7b1fc7066e5a6fd69a5","2026-08-11 03:01"
"Figsy_Games","5e91c2303d4b6a251c171a3b","Cos","6372795ba9204b943dd562cf","6a7ac79fe941efd2abfd439a","2026-08-11 03:03"
"Skaven","684ffbcec374eb437a89fc20","im recording my gameplay","6a437d2254319c3206c01eb9","6a7ac75afc7066e5a6fd68d0","2026-08-11 03:03"
"Crusher","61806eba46697e000114264f","L. Yang","5ce6c253b741f81110268baa","6a7ac541fc7066e5a6fd62f3","2026-08-11 03:03"
"vgc","6a52da4c6737b45d2976270e","Красота спасёт мир","696e7ffd3657a531005b1a50","6a7ac7a3776adebe6e96f02f","2026-08-11 03:04"
"Superhorstuwe","67f42dea666326f3169cde54","Skaven","684ffbcec374eb437a89fc20","6a7ac92449592c4e21bf1e67","2026-08-11 03:07"
"miniura","650ff17b12259a4cd34bd829","parsec","670c184c705e783701c753c0","6a7ac847fc7066e5a6fd6b50","2026-08-11 03:08"
"parsec","670c184c705e783701c753c0","zadusk","664355240d326e910df50cb4","6a7aca2b49592c4e21bf2096","2026-08-11 03:11"
"f0","67a17c9c1a536fd6dda0112c","Crusher","61806eba46697e000114264f","6a7aca6d49592c4e21bf20f7","2026-08-11 03:13"
"Красота спасёт мир","696e7ffd3657a531005b1a50","MongolianMerchant","69ba2e52a04671c8a9b13e12","6a7acb1449592c4e21bf2227","2026-08-11 03:13"
"frey44","65196df73b287bbf7203f3f7","TTV/ArneyBoi69","5afafdf05966956c5c9e4852","6a7aca1249592c4e21bf206f","2026-08-11 03:16"
"Figsy_Games","5e91c2303d4b6a251c171a3b","Cos","6372795ba9204b943dd562cf","6a7aca09b427b0755dd9bf5b","2026-08-11 03:18"
"Superhorstuwe","67f42dea666326f3169cde54","parsec","670c184c705e783701c753c0","6a7acb06b427b0755dd9c203","2026-08-11 03:19"
"Cos","6372795ba9204b943dd562cf","niwai","63bcf9051465b5b236749d8f","6a7acc8db427b0755dd9c561","2026-08-11 03:20"
"Skaven","684ffbcec374eb437a89fc20","miniura","650ff17b12259a4cd34bd829","6a7aca9eb427b0755dd9c0db","2026-08-11 03:22"
"parsec","670c184c705e783701c753c0","ToastTheBread","628e5592e8785483ce38d537","6a7accc9cd615c7550c17cca","2026-08-11 03:23"
"Figsy_Games","5e91c2303d4b6a251c171a3b","Leftist Leo 解放巴勒斯坦 🇵🇸 和","60d9c5536dac910001297d14","6a7acd17b427b0755dd9c6b8","2026-08-11 03:25"
"Cos","6372795ba9204b943dd562cf","niwai","63bcf9051465b5b236749d8f","6a7acd0849592c4e21bf255b","2026-08-11 03:26"
"parsec","670c184c705e783701c753c0","Красота спасёт мир","696e7ffd3657a531005b1a50","6a7ace096823dfaf5feb4091","2026-08-11 03:26"
"Knowledge","5fa20214cb54e30001357d56","niwai","63bcf9051465b5b236749d8f","6a7ace7c6823dfaf5feb4197","2026-08-11 03:30"
"Leftist Leo 解放巴勒斯坦 🇵🇸 和","60d9c5536dac910001297d14","Figsy_Games","5e91c2303d4b6a251c171a3b","6a7ace7d6823dfaf5feb419a","2026-08-11 03:32"
"Красота спасёт мир","696e7ffd3657a531005b1a50","frey44","65196df73b287bbf7203f3f7","6a7ace8d751ad7df02a0e5b2","2026-08-11 03:36"
"miniura","650ff17b12259a4cd34bd829","Crusher","61806eba46697e000114264f","6a7ace40751ad7df02a0e507","2026-08-11 03:38"
"WatchATreeGrow","6a60921e561c205d08312aae","Mertoraman","66560d535d122aaf98a4dcc4","6a7ad0d03e1e63dd82c97771","2026-08-11 03:40"
"Lene","5d52f64824ec173888d82b60","niwai","63bcf9051465b5b236749d8f","6a7acffe6823dfaf5feb454c","2026-08-11 03:43"
"WatchATreeGrow","6a60921e561c205d08312aae","KanJak","5babf672a8e5d55294d5f579","6a7ad1ca751ad7df02a0ec93","2026-08-11 03:43"
"simeon","62dc07edf32847e5836668f1","kcd","5aef47d3b18d0894c4ffe297","6a7ad25a751ad7df02a0edd4","2026-08-11 03:46"
"MongolianMerchant","69ba2e52a04671c8a9b13e12","silvia","5ab45e391e1f02697026c335","6a7ad1683e1e63dd82c97843","2026-08-11 03:46"
"Kris","6773fe29c77b1d889eb42462","Wijn.","657979f3db414bd0da540f23","6a7ad1ce6823dfaf5feb490b","2026-08-11 03:47"
"frey44","65196df73b287bbf7203f3f7","kenny","65cbc406504fe72cd8cea23e","6a7ad2996823dfaf5feb4b0c","2026-08-11 03:47"
"Skaven","684ffbcec374eb437a89fc20","miniura","650ff17b12259a4cd34bd829","6a7ad15b6823dfaf5feb47f6","2026-08-11 03:47"
"WatchATreeGrow","6a60921e561c205d08312aae","prezesito","67d73acfec5d32d17171c8c0","6a7ad2ab751ad7df02a0ee7e","2026-08-11 03:49"
"Северная Звезда","624197cb0a09fe783347a232","niwai","63bcf9051465b5b236749d8f","6a7ad25e751ad7df02a0ede1","2026-08-11 03:51"
"WatchATreeGrow","6a60921e561c205d08312aae","HaryDMC","6a29d2dffa7a37ea426f98f3","6a7ad3c73e1e63dd82c97cf1","2026-08-11 03:51"
"simeon","62dc07edf32847e5836668f1","kcd","5aef47d3b18d0894c4ffe297","6a7ad368852127f53d7627ed","2026-08-11 03:52"
"Jacky Wong","63be7833696b395b1a06db85","silvia","5ab45e391e1f02697026c335","6a7ad338bd5908884077710c","2026-08-11 03:53"
"kenny","65cbc406504fe72cd8cea23e","frey44","65196df73b287bbf7203f3f7","6a7ad36b6823dfaf5feb4ce0","2026-08-11 03:54"
"Baga #banalts","6106adfe5078c20001560397","Koku","64a16b58bd210cf74ce50d1e","6a7ad4a96823dfaf5feb500a","2026-08-11 03:55"
"YRP","65361a91884b107b4fd0cef8","kcd","5aef47d3b18d0894c4ffe297","6a7ad4a26823dfaf5feb4ff1","2026-08-11 03:58"
"kenny","65cbc406504fe72cd8cea23e","PopularPeninsula783","6794f91a4613843d08b344b1","6a7ad52e6823dfaf5feb5199","2026-08-11 03:59"
"simeon","62dc07edf32847e5836668f1","hoppyface","5d6e4022b4ec1709f0729979","6a7ad59d6823dfaf5feb52b2","2026-08-11 04:01"
"Yanek","5e625daa90d6cfa438a867a6","kcd","5aef47d3b18d0894c4ffe297","6a7ad6a56823dfaf5feb54b7","2026-08-11 04:03"
"Capi","5f29c8819762af0001d89a97","Coco 😼","643efb0c135092a962eb1751","6a7ad6736823dfaf5feb546f","2026-08-11 04:05"
"kcd","5aef47d3b18d0894c4ffe297","Yanek","5e625daa90d6cfa438a867a6","6a7ad700751ad7df02a0f9ab","2026-08-11 04:06"
"hoppyface","5d6e4022b4ec1709f0729979","simeon","62dc07edf32847e5836668f1","6a7ad6f7751ad7df02a0f995","2026-08-11 04:06"
"kcd","5aef47d3b18d0894c4ffe297","Yanek","5e625daa90d6cfa438a867a6","6a7ad7b4751ad7df02a0fb73","2026-08-11 04:07"
"Knuefi","686f418b1d20bac2bc99c10f","PopularPeninsula783","6794f91a4613843d08b344b1","6a7ad65a6823dfaf5feb5439","2026-08-11 04:07"
"kenny","65cbc406504fe72cd8cea23e","Kris","6773fe29c77b1d889eb42462","6a7ad6213e1e63dd82c9822a","2026-08-11 04:08"
"Baga #banalts","6106adfe5078c20001560397","Koku","64a16b58bd210cf74ce50d1e","6a7ad7cf751ad7df02a0fb9a","2026-08-11 04:08"
"Yanek","5e625daa90d6cfa438a867a6","Salem","63af4615494c2bc27e4a2f31","6a7ad81c751ad7df02a0fc4d","2026-08-11 04:09"
"Jacky Wong","63be7833696b395b1a06db85","ぷれんと","5e6cf3a7d51dd6300c8bcabd","6a7ad79d6823dfaf5feb56ec","2026-08-11 04:09"
"miniura","650ff17b12259a4cd34bd829","eglemania","603a7b0367954300019fb4e2","6a7ad3df6823dfaf5feb4de4","2026-08-11 04:10"
"hoppyface","5d6e4022b4ec1709f0729979","kcd","5aef47d3b18d0894c4ffe297","6a7ad81a751ad7df02a0fc45","2026-08-11 04:13"
"niwai","63bcf9051465b5b236749d8f","habesh","647734d056305f7bf5561a4e","6a7ad4e0852127f53d762ad6","2026-08-11 04:13"
"Yanek","5e625daa90d6cfa438a867a6","Salem","63af4615494c2bc27e4a2f31","6a7ad898751ad7df02a0fd89","2026-08-11 04:15"
"Waluuuuuuu","6380cc417b431c1eece4916c","timejt (umyty)","69582268b237877e44ea8d1f","6a7ad86b6823dfaf5feb58a5","2026-08-11 04:15"
"Yanek","5e625daa90d6cfa438a867a6","kcd","5aef47d3b18d0894c4ffe297","6a7ad9d86823dfaf5feb5c9a","2026-08-11 04:16"
"Coco 😼","643efb0c135092a962eb1751","Wijn.","657979f3db414bd0da540f23","6a7ad8613e1e63dd82c9860e","2026-08-11 04:18"
"kenny","65cbc406504fe72cd8cea23e","Shpluk","56a0a5f1f0f54438b8b9f4b1","6a7ad8ff852127f53d76325a","2026-08-11 04:18"
"Lodi","5788e5e5c2a0fb1304dba46c","ぷれんと","5e6cf3a7d51dd6300c8bcabd","6a7ad986751ad7df02a0ffd7","2026-08-11 04:18"
"Skaven","684ffbcec374eb437a89fc20","Ruari","60258d7d36ff8a0001f5fef5","6a7ad9cd751ad7df02a100c2","2026-08-11 04:19"
"Salem","63af4615494c2bc27e4a2f31","hoppyface","5d6e4022b4ec1709f0729979","6a7ad9fd751ad7df02a10122","2026-08-11 04:20"
"Waluuuuuuu","6380cc417b431c1eece4916c","timejt (umyty)","69582268b237877e44ea8d1f","6a7ada1e6823dfaf5feb5d1b","2026-08-11 04:21"
"kenny","65cbc406504fe72cd8cea23e","Yanek","5e625daa90d6cfa438a867a6","6a7adae46823dfaf5feb5f07","2026-08-11 04:22"
"Ades (YT)","694060fd0b5941c5cbe18cbf","Kris","6773fe29c77b1d889eb42462","6a7ad997751ad7df02a10014","2026-08-11 04:22"
"Skaven","684ffbcec374eb437a89fc20","Lodi","5788e5e5c2a0fb1304dba46c","6a7adac3751ad7df02a1032f","2026-08-11 04:24"
"kcd","5aef47d3b18d0894c4ffe297","Yanek","5e625daa90d6cfa438a867a6","6a7adc4e751ad7df02a106e1","2026-08-11 04:27"
"timejt (umyty)","69582268b237877e44ea8d1f","Ades (YT)","694060fd0b5941c5cbe18cbf","6a7adb906823dfaf5feb6078","2026-08-11 04:27"
"kcd","5aef47d3b18d0894c4ffe297","Yanek","5e625daa90d6cfa438a867a6","6a7adcb86823dfaf5feb633e","2026-08-11 04:29"
"niwai","63bcf9051465b5b236749d8f","l4ndoooo","633339d93d61153b5211a6f2","6a7ad9946823dfaf5feb5bbf","2026-08-11 04:29"
"Skaven","684ffbcec374eb437a89fc20","Lodi","5788e5e5c2a0fb1304dba46c","6a7adc313e1e63dd82c98dfb","2026-08-11 04:30"
"timejt (umyty)","69582268b237877e44ea8d1f","Ades (YT)","694060fd0b5941c5cbe18cbf","6a7adce43e1e63dd82c98f3b","2026-08-11 04:31"
"kcd","5aef47d3b18d0894c4ffe297","Yanek","5e625daa90d6cfa438a867a6","6a7add28751ad7df02a108d4","2026-08-11 04:32"
"Yanek","5e625daa90d6cfa438a867a6","Salem","63af4615494c2bc27e4a2f31","6a7addfa751ad7df02a10ad9","2026-08-11 04:34"
"habesh","647734d056305f7bf5561a4e","Magnus","679395e4205fcbaaa18ff360","6a7adabc751ad7df02a10324","2026-08-11 04:34"
"MANGER","6785046bef2c357f0bdfd387","SentyRu","65dc836b33066622c3ebfb88","6a7add5f3e1e63dd82c9903a","2026-08-11 04:34"
"l4ndoooo","633339d93d61153b5211a6f2","niwai","63bcf9051465b5b236749d8f","6a7add48751ad7df02a1093e","2026-08-11 04:35"
"Baga #banalts","6106adfe5078c20001560397","Sir Guessalot","632bbfc1cd03f1b4bd2dcefe","6a7addc46823dfaf5feb6609","2026-08-11 04:35"
"kcd","5aef47d3b18d0894c4ffe297","Yanek","5e625daa90d6cfa438a867a6","6a7ade683e1e63dd82c99225","2026-08-11 04:37"
"szop","5e457e06c2a93b2b70217ecc","Skaven","684ffbcec374eb437a89fc20","6a7add736823dfaf5feb6512","2026-08-11 04:39"
"kcd","5aef47d3b18d0894c4ffe297","Yanek","5e625daa90d6cfa438a867a6","6a7adf15751ad7df02a10d5e","2026-08-11 04:40"
"niwai","63bcf9051465b5b236749d8f","duck","635dc283e419c615374198d6","6a7adebc751ad7df02a10c6e","2026-08-11 04:42"
"duck","635dc283e419c615374198d6","MoD","62261e5b2446120001170812","6a7ae030502c693857be1d40","2026-08-11 04:43"
"ferreiro","5f126427d6ca438f24009b8e","MANGER","6785046bef2c357f0bdfd387","6a7adf92751ad7df02a10e9e","2026-08-11 04:43"
"silvia","5ab45e391e1f02697026c335","zzolek","69bd32fdc47c54049259c787","6a7aded3751ad7df02a10cd4","2026-08-11 04:43"
"YRP","65361a91884b107b4fd0cef8","kcd","5aef47d3b18d0894c4ffe297","6a7adff9502c693857be1cc8","2026-08-11 04:44"
"Ades (YT)","694060fd0b5941c5cbe18cbf","Eric455293","5ba7d3df2c0173520853d18c","6a7adfbc751ad7df02a10f16","2026-08-11 04:44"
"Salem","63af4615494c2bc27e4a2f31","niwai","63bcf9051465b5b236749d8f","6a7ae0507053d4c6da6355fb","2026-08-11 04:46"
"Veet","61f24e39e6b49c0001e98918","l4ndoooo","633339d93d61153b5211a6f2","6a7adf16751ad7df02a10d61","2026-08-11 04:46"
"Baga #banalts","6106adfe5078c20001560397","Skcmj","669bbdca232879fb8fd85725","6a7adfcf6823dfaf5feb6a95","2026-08-11 04:47"
"Ades (YT)","694060fd0b5941c5cbe18cbf","silvia","5ab45e391e1f02697026c335","6a7ae0d7502c693857be1eb9","2026-08-11 04:48"
"duck","635dc283e419c615374198d6","MoD","62261e5b2446120001170812","6a7ae0d27053d4c6da635776","2026-08-11 04:49"
"kcd","5aef47d3b18d0894c4ffe297","Trabota","6056fd798ddd1c00018baf23","6a7ae134e40319fb5bda3fc9","2026-08-11 04:50"
"Ades (YT)","694060fd0b5941c5cbe18cbf","ZakyBoy","602adad6f1933a000135da45","6a7ae19d7053d4c6da6359e4","2026-08-11 04:50"
"timejt (umyty)","69582268b237877e44ea8d1f","Skaven","684ffbcec374eb437a89fc20","6a7adfa56823dfaf5feb6a3a","2026-08-11 04:50"
"Yanek","5e625daa90d6cfa438a867a6","Ringo","6046c8a097019400018ea4cf","6a7adfd46823dfaf5feb6a9d","2026-08-11 04:51"
"Красота спасёт мир","696e7ffd3657a531005b1a50","Shpluk","56a0a5f1f0f54438b8b9f4b1","6a7ae1e47053d4c6da635aad","2026-08-11 04:51"
"MANGER","6785046bef2c357f0bdfd387","JołDokładnieRoratki","62e58fd46d1d015f32b42f5b","6a7ae08f502c693857be1e17","2026-08-11 04:51"
"Veet","61f24e39e6b49c0001e98918","niwai","63bcf9051465b5b236749d8f","6a7ae16c7053d4c6da635947","2026-08-11 04:54"
"Ringo","6046c8a097019400018ea4cf","Salem","63af4615494c2bc27e4a2f31","6a7ae2797053d4c6da635c32","2026-08-11 04:55"
"Yanek","5e625daa90d6cfa438a867a6","Trabota","6056fd798ddd1c00018baf23","6a7ae2597053d4c6da635bf6","2026-08-11 04:59"
"Ades (YT)","694060fd0b5941c5cbe18cbf","duck","635dc283e419c615374198d6","6a7ae233e40319fb5bda421b","2026-08-11 04:59"
"ZakyBoy","602adad6f1933a000135da45","timejt (umyty)","69582268b237877e44ea8d1f","6a7ae251502c693857be21d1","2026-08-11 05:00"
"Veet","61f24e39e6b49c0001e98918","yuyux32","65a3fa0c053e0780db54fd4b","6a7ae3b67053d4c6da635fe6","2026-08-11 05:01"
"Wodak","6796246986227732f607bc7a","teddy bear","66f081f2bf4b230a2fcb970c","6a7ae36d502c693857be23df","2026-08-11 05:02"
"MANGER","6785046bef2c357f0bdfd387","Shpluk","56a0a5f1f0f54438b8b9f4b1","6a7ae2e4e40319fb5bda4336","2026-08-11 05:03"
"niwai","63bcf9051465b5b236749d8f","Skaven","684ffbcec374eb437a89fc20","6a7ae32c7053d4c6da635e37","2026-08-11 05:04"
"Baga #banalts","6106adfe5078c20001560397","Skcmj","669bbdca232879fb8fd85725","6a7ae45e502c693857be25f4","2026-08-11 05:04"
"ZakyBoy","602adad6f1933a000135da45","timejt (umyty)","69582268b237877e44ea8d1f","6a7ae4767053d4c6da6361de","2026-08-11 05:04"
"Cassosclub","65a7c8563d08098ae0def9f9","Eric455293","5ba7d3df2c0173520853d18c","6a7ae491cd4891e927ddbceb","2026-08-11 05:05"
"duck","635dc283e419c615374198d6","Ades (YT)","694060fd0b5941c5cbe18cbf","6a7ae4547053d4c6da636193","2026-08-11 05:06"
"Wodak","6796246986227732f607bc7a","Shpluk","56a0a5f1f0f54438b8b9f4b1","6a7ae5577053d4c6da6363f3","2026-08-11 05:07"
"Yanek","5e625daa90d6cfa438a867a6","Trabota","6056fd798ddd1c00018baf23","6a7ae45bcd4891e927ddbca1","2026-08-11 05:08"
"Красота спасёт мир","696e7ffd3657a531005b1a50","Waluuuuuuu","6380cc417b431c1eece4916c","6a7ae3e67053d4c6da63607c","2026-08-11 05:08"
"MoD","62261e5b2446120001170812","Alvar","61321ae33253810001f8686f","6a7ae5ee502c693857be2994","2026-08-11 05:10"
"simeon","62dc07edf32847e5836668f1","YRP","65361a91884b107b4fd0cef8","6a7ae5847053d4c6da63649b","2026-08-11 05:11"
"Ades (YT)","694060fd0b5941c5cbe18cbf","duck","635dc283e419c615374198d6","6a7ae5fd7053d4c6da63661e","2026-08-11 05:11"
"MANGER","6785046bef2c357f0bdfd387","silvia","5ab45e391e1f02697026c335","6a7ae5337053d4c6da63639d","2026-08-11 05:12"
"JołDokładnieRoratki","62e58fd46d1d015f32b42f5b","TTV - Thijmz","60105421348c200001fdcd79","6a7ae67f502c693857be2ade","2026-08-11 05:12"
"Baga #banalts","6106adfe5078c20001560397","Skcmj","669bbdca232879fb8fd85725","6a7ae7197053d4c6da636932","2026-08-11 05:13"
"gomes","5e7e08d33d4b6a4440a1fb08","Ades (YT)","694060fd0b5941c5cbe18cbf","6a7ae70de40319fb5bda4c1d","2026-08-11 05:14"
"timejt (umyty)","69582268b237877e44ea8d1f","Skaven","684ffbcec374eb437a89fc20","6a7ae58b7053d4c6da6364b2","2026-08-11 05:14"
"Waluuuuuuu","6380cc417b431c1eece4916c","Dimsum","63f619f14068eb7d4bbb134d","6a7ae6c5502c693857be2b57","2026-08-11 05:15"
"niwai","63bcf9051465b5b236749d8f","ZakyBoy","602adad6f1933a000135da45","6a7ae57e502c693857be284c","2026-08-11 05:17"
"simeon","62dc07edf32847e5836668f1","gomes","5e7e08d33d4b6a4440a1fb08","6a7ae8287053d4c6da636c5c","2026-08-11 05:18"
"Yanek","5e625daa90d6cfa438a867a6","Trabota","6056fd798ddd1c00018baf23","6a7ae676502c693857be2ac4","2026-08-11 05:20"
"Firma","5ff879f9ce04930001f6ee64","Ades (YT)","694060fd0b5941c5cbe18cbf","6a7ae8687053d4c6da636d30","2026-08-11 05:20"
"darjeeling","642d37c3973eafa61836c1b0","deadborer","607615457fa5de000112bc94","6a7ae7ed502c693857be2e0f","2026-08-11 05:20"
"gomes","5e7e08d33d4b6a4440a1fb08","Ades (YT)","694060fd0b5941c5cbe18cbf","6a7ae927e40319fb5bda5093","2026-08-11 05:21"
"frey44","65196df73b287bbf7203f3f7","ZakyBoy","602adad6f1933a000135da45","6a7ae8a9502c693857be2faa","2026-08-11 05:21"
"darjeeling","642d37c3973eafa61836c1b0","VolcanicRiver711","687983810b7953df9c91c784","6a7ae94acd4891e927ddc63b","2026-08-11 05:22"
"wafflyss","6068a918d8694000010952a2","simeon","62dc07edf32847e5836668f1","6a7ae9f07053d4c6da63713b","2026-08-11 05:25"
"Firma","5ff879f9ce04930001f6ee64","Umbrella☔","6814628ed8477060002e00ba","6a7ae938502c693857be30bd","2026-08-11 05:25"
"Puwaphat2304","660da547c04c2826f94e7d80","GeoBiden","600367027963380001856b05","6a7ae8787053d4c6da636d58","2026-08-11 05:25"
"Красота спасёт мир","696e7ffd3657a531005b1a50","Waluuuuuuu","6380cc417b431c1eece4916c","6a7ae8322d4993103e1ddb8d","2026-08-11 05:26"
"AtlasSmurf","654bd5dfad693a62843361db","SBS21","65ee16d0c64cc3b516a9c2f1","6a7ae9c17053d4c6da6370e3","2026-08-11 05:26"
"frey44","65196df73b287bbf7203f3f7","daes","603a39d190c95200017e30a2","6a7ae9817053d4c6da637048","2026-08-11 05:27"
"ZakyBoy","602adad6f1933a000135da45","Jacky Wong","63be7833696b395b1a06db85","6a7ae960c914da4a2c3563bf","2026-08-11 05:27"
"MANGER","6785046bef2c357f0bdfd387","timejt (umyty)","69582268b237877e44ea8d1f","6a7ae7dc7053d4c6da636b5f","2026-08-11 05:27"
"Avetixz","632b4c9d0609ae73d2a1f799","Skaven","684ffbcec374eb437a89fc20","6a7ae9377053d4c6da636f89","2026-08-11 05:27"
"Waluuuuuuu","6380cc417b431c1eece4916c","Umbrella☔","6814628ed8477060002e00ba","6a7aea93c914da4a2c356556","2026-08-11 05:29"
"teddy bear","66f081f2bf4b230a2fcb970c","Geomalick","61fd64f28c0f8100014ebf0b","6a7ae96a7053d4c6da63700e","2026-08-11 05:29"
"simeon","62dc07edf32847e5836668f1","kcd","5aef47d3b18d0894c4ffe297","6a7aea8a120e6aca2a3e288d","2026-08-11 05:30"
"Yanek","5e625daa90d6cfa438a867a6","Trabota","6056fd798ddd1c00018baf23","6a7ae93b120e6aca2a3e25ee","2026-08-11 05:32"
"Geomalick","61fd64f28c0f8100014ebf0b","teddy bear","66f081f2bf4b230a2fcb970c","6a7aeb60120e6aca2a3e2a64","2026-08-11 05:32"
"AtlasSmurf","654bd5dfad693a62843361db","Ruben","5e1334ba1b34a033c801a9e8","6a7aea9f7053d4c6da6372da","2026-08-11 05:32"
"phantom power 48v","67f7742e3d41f991b454dae6","gomes","5e7e08d33d4b6a4440a1fb08","6a7aea51120e6aca2a3e27fc","2026-08-11 05:33"
"MaJo","67d5c3a40631f3abae121baf","Dimsum","63f619f14068eb7d4bbb134d","6a7ae9a07053d4c6da63709f","2026-08-11 05:33"
"Ruben","5e1334ba1b34a033c801a9e8","SolveForTheY","5f7841ee38449c0001236bcc","6a7aebf5120e6aca2a3e2bac","2026-08-11 05:33"
"MANGER","6785046bef2c357f0bdfd387","ZakyBoy","602adad6f1933a000135da45","6a7aeae07053d4c6da637375","2026-08-11 05:34"
"szop","5e457e06c2a93b2b70217ecc","Jacky Wong","63be7833696b395b1a06db85","6a7aeaf17053d4c6da63739e","2026-08-11 05:34"
"Avetixz","632b4c9d0609ae73d2a1f799","Patrickbrauchtfennec","6635fa2c46328932e22d83e0","6a7aeb307053d4c6da637449","2026-08-11 05:34"
"simeon","62dc07edf32847e5836668f1","kcd","5aef47d3b18d0894c4ffe297","6a7aeb95120e6aca2a3e2af0","2026-08-11 05:35"
"AtlasSmurf","654bd5dfad693a62843361db","teddy bear","66f081f2bf4b230a2fcb970c","6a7aec227053d4c6da637674","2026-08-11 05:35"
"parsec","670c184c705e783701c753c0","Sydn4y","67853ea3426d61dc087f1e1f","6a7aea6c120e6aca2a3e283e","2026-08-11 05:35"
"kcd","5aef47d3b18d0894c4ffe297","simeon","62dc07edf32847e5836668f1","6a7aeca27053d4c6da6377aa","2026-08-11 05:36"
"gomes","5e7e08d33d4b6a4440a1fb08","unko","64179ee2585e69f92ec514fc","6a7aec347053d4c6da637692","2026-08-11 05:36"
"frey44","65196df73b287bbf7203f3f7","timejt (umyty)","69582268b237877e44ea8d1f","6a7aead9120e6aca2a3e2942","2026-08-11 05:36"
"bowler","6a21610b6b64548c59302df2","Sturmins","66fafd625e4df086314ae5af","6a7aec377053d4c6da63769f","2026-08-11 05:37"
"Firma","5ff879f9ce04930001f6ee64","wang","64df30f334185dd27cf839a7","6a7aeb91502c693857be34a1","2026-08-11 05:38"
"Umbrella☔","6814628ed8477060002e00ba","Waluuuuuuu","6380cc417b431c1eece4916c","6a7aeb677053d4c6da6374c7","2026-08-11 05:38"
"ZakyBoy","602adad6f1933a000135da45","GeoChad147 (Youtube)","61333da66ab477000167c55b","6a7aec85120e6aca2a3e2cdc","2026-08-11 05:38"
"kcd","5aef47d3b18d0894c4ffe297","simeon","62dc07edf32847e5836668f1","6a7aecdd120e6aca2a3e2d8a","2026-08-11 05:39"
"teddy bear","66f081f2bf4b230a2fcb970c","unko","64179ee2585e69f92ec514fc","6a7aecec7053d4c6da637865","2026-08-11 05:39"
"ZakyBoy","602adad6f1933a000135da45","tr","654bd5dfad693a62843361db","6a7aed567053d4c6da6379b9","2026-08-11 05:40"
"Aaryan22","657021f7412bfd95aad62550","Szymono","613295acc4b5740001f1bfdf","6a7aecb67053d4c6da6377e6","2026-08-11 05:40"
"Geomalick","61fd64f28c0f8100014ebf0b","Trabota","6056fd798ddd1c00018baf23","6a7aec647053d4c6da63770e","2026-08-11 05:41"
"daes","603a39d190c95200017e30a2","eric","613276f8963ea90001d1c261","6a7aed147053d4c6da6378cd","2026-08-11 05:42"
"kcd","5aef47d3b18d0894c4ffe297","simeon","62dc07edf32847e5836668f1","6a7aedac120e6aca2a3e2fdc","2026-08-11 05:43"
"gomes","5e7e08d33d4b6a4440a1fb08","wang","64df30f334185dd27cf839a7","6a7aed507053d4c6da63799b","2026-08-11 05:43"
"MoD","62261e5b2446120001170812","Gu5sten","6606278079724c4697b506d2","6a7aeca87053d4c6da6377b7","2026-08-11 05:44"
"TheM1sty™","5b9ab06cbb9fdd32283b9eba","Jacky Wong","63be7833696b395b1a06db85","6a7aed89120e6aca2a3e2f7f","2026-08-11 05:44"
"teddy bear","66f081f2bf4b230a2fcb970c","Szymono","613295acc4b5740001f1bfdf","6a7aede57053d4c6da637bcb","2026-08-11 05:45"
"parsec","670c184c705e783701c753c0","frey44","65196df73b287bbf7203f3f7","6a7aed08502c693857be373d","2026-08-11 05:45"
"Avetixz","632b4c9d0609ae73d2a1f799","Ruben","5e1334ba1b34a033c801a9e8","6a7aeda6120e6aca2a3e2fd2","2026-08-11 05:45"
"simeon","62dc07edf32847e5836668f1","kcd","5aef47d3b18d0894c4ffe297","6a7aee897053d4c6da637ee8","2026-08-11 05:47"
"hyourinmaru","663523ba8e313d3aa27852b0","Dimsum","63f619f14068eb7d4bbb134d","6a7aeebd120e6aca2a3e3339","2026-08-11 05:47"
"Geomalick","61fd64f28c0f8100014ebf0b","gomes","5e7e08d33d4b6a4440a1fb08","6a7aeeae120e6aca2a3e331c","2026-08-11 05:47"
"Waluuuuuuu","6380cc417b431c1eece4916c","Venux","601d72df848235000143965e","6a7aed80e40319fb5bda57bd","2026-08-11 05:47"
"daes","603a39d190c95200017e30a2","eric","613276f8963ea90001d1c261","6a7aee56502c693857be3a4d","2026-08-11 05:47"
"teddy bear","66f081f2bf4b230a2fcb970c","Szymono","613295acc4b5740001f1bfdf","6a7aeef17053d4c6da63808f","2026-08-11 05:48"
"Kapten","5a973147afad0f2a68438531","Trabota","6056fd798ddd1c00018baf23","6a7aee95cd4891e927ddcfdd","2026-08-11 05:49"
"Firma","5ff879f9ce04930001f6ee64","Waluuuuuuu","6380cc417b431c1eece4916c","6a7aef927053d4c6da63840e","2026-08-11 05:49"
"Avetixz","632b4c9d0609ae73d2a1f799","Ruben","5e1334ba1b34a033c801a9e8","6a7aef267053d4c6da638189","2026-08-11 05:49"
"Salem","63af4615494c2bc27e4a2f31","ALFA","5b6f185f7135fa0e48b5528a","6a7aeded502c693857be3978","2026-08-11 05:50"
"simeon","62dc07edf32847e5836668f1","kcd","5aef47d3b18d0894c4ffe297","6a7aefab7053d4c6da63846b","2026-08-11 05:51"
"gomes","5e7e08d33d4b6a4440a1fb08","teddy bear","66f081f2bf4b230a2fcb970c","6a7aefa57053d4c6da63845b","2026-08-11 05:51"
"Dimsum","63f619f14068eb7d4bbb134d","Szymono","613295acc4b5740001f1bfdf","6a7aefa7e40319fb5bda5ed0","2026-08-11 05:51"
"MoD","62261e5b2446120001170812","Gangooo | Jan","5c692ddbfa7cd6698082d404","6a7aef747053d4c6da638345","2026-08-11 05:51"
"frey44","65196df73b287bbf7203f3f7","parsec","670c184c705e783701c753c0","6a7aef1f120e6aca2a3e3473","2026-08-11 05:52"
"simeon","62dc07edf32847e5836668f1","kcd","5aef47d3b18d0894c4ffe297","6a7af062502c693857be41c0","2026-08-11 05:53"
"盲","63b6a120ed1bf0b1b513dfb8","Trichter33","601d95ba49c0980001a824b8","6a7aef0e7053d4c6da638114","2026-08-11 05:54"
"hyourinmaru","663523ba8e313d3aa27852b0","Trabota","6056fd798ddd1c00018baf23","6a7af00f502c693857be40f0","2026-08-11 05:54"
"szop","5e457e06c2a93b2b70217ecc","GeoChad147 (Youtube)","61333da66ab477000167c55b","6a7aeedb502c693857be3c5c","2026-08-11 05:54"
"Geomalick","61fd64f28c0f8100014ebf0b","Salem","63af4615494c2bc27e4a2f31","6a7af049120e6aca2a3e394a","2026-08-11 05:55"
"Szymono","613295acc4b5740001f1bfdf","teddy bear","66f081f2bf4b230a2fcb970c","6a7af0917053d4c6da638835","2026-08-11 05:56"
"Avetixz","632b4c9d0609ae73d2a1f799","daes","603a39d190c95200017e30a2","6a7af0057053d4c6da638637","2026-08-11 05:56"
"TheM1sty™","5b9ab06cbb9fdd32283b9eba","Jacky Wong","63be7833696b395b1a06db85","6a7aeeb7120e6aca2a3e332c","2026-08-11 05:56"
"ALFA","5b6f185f7135fa0e48b5528a","Kapten","5a973147afad0f2a68438531","6a7af06f7053d4c6da6387a2","2026-08-11 05:57"
"Dan YAile","60ef0697612a5400012c89a3","gomes","5e7e08d33d4b6a4440a1fb08","6a7af0b07053d4c6da6388cf","2026-08-11 05:57"
"gomes","5e7e08d33d4b6a4440a1fb08","teddy bear","66f081f2bf4b230a2fcb970c","6a7af1c5502c693857be4531","2026-08-11 05:58"
"Waluuuuuuu","6380cc417b431c1eece4916c","Venux","601d72df848235000143965e","6a7af0357053d4c6da6386fe","2026-08-11 05:58"
"gomes","5e7e08d33d4b6a4440a1fb08","teddy bear","66f081f2bf4b230a2fcb970c","6a7af1c5502c693857be4531","2026-08-11 05:58"
"parsec","670c184c705e783701c753c0","MoD","62261e5b2446120001170812","6a7af0b17053d4c6da6388d0","2026-08-11 05:58"
"simeon","62dc07edf32847e5836668f1","wafflyss","6068a918d8694000010952a2","6a7af1267053d4c6da6389e4","2026-08-11 05:59"
"frey44","65196df73b287bbf7203f3f7","reezwon","67cc28f8f758eb4f26db5827","6a7af1607053d4c6da638abf","2026-08-11 05:59"
"Rawin","6162efcdc23f260001c6a4d3","teddy bear","66f081f2bf4b230a2fcb970c","6a7af22c120e6aca2a3e3ea1","2026-08-11 06:00"
"Lodi","5788e5e5c2a0fb1304dba46c","ValPé","578544d82205471ddc2b87da","6a7af1ca7053d4c6da638bf9","2026-08-11 06:00"
"Geomalick","61fd64f28c0f8100014ebf0b","Dan YAile","60ef0697612a5400012c89a3","6a7af1fbe40319fb5bda651b","2026-08-11 06:01"
"reezwon","67cc28f8f758eb4f26db5827","frey44","65196df73b287bbf7203f3f7","6a7af23b120e6aca2a3e3eb5","2026-08-11 06:01"
"TheM1sty™","5b9ab06cbb9fdd32283b9eba","PapaMacdus","6667d837d40195a479dc95b8","6a7af1ae7053d4c6da638baf","2026-08-11 06:01"
"hyourinmaru","663523ba8e313d3aa27852b0","盲","63b6a120ed1bf0b1b513dfb8","6a7af13c7053d4c6da638a52","2026-08-11 06:02"
"PacinhoGEO","6a59be9a4251546af742f407","COWIE","63203d057934f17bf9f78cd3","6a7af282502c693857be46f6","2026-08-11 06:02"
"Dimsum","63f619f14068eb7d4bbb134d","gomes","5e7e08d33d4b6a4440a1fb08","6a7af294502c693857be4709","2026-08-11 06:03"
"Szymono","613295acc4b5740001f1bfdf","teddy bear","66f081f2bf4b230a2fcb970c","6a7af2307053d4c6da638d15","2026-08-11 06:03"
"Syn","5fc86ba947bce10001a030ba","KAITOOO","62e8c3ab0065abc49aca361d","6a7af2127053d4c6da638cd0","2026-08-11 06:03"
"Lodi","5788e5e5c2a0fb1304dba46c","im recording my gameplay","6a437d2254319c3206c01eb9","6a7af2c47053d4c6da638ea4","2026-08-11 06:03"
"Dragon","6046b8d109c0f6000137ee5d","SentyRu","65dc836b33066622c3ebfb88","6a7af2a77053d4c6da638e51","2026-08-11 06:03"
"ALFA","5b6f185f7135fa0e48b5528a","[TNT] Kirania","5c14f357ff3dc98d883d182c","6a7af2287053d4c6da638d05","2026-08-11 06:04"
"Kapten","5a973147afad0f2a68438531","Firma","5ff879f9ce04930001f6ee64","6a7af2927053d4c6da638e1e","2026-08-11 06:05"
"Geomalick","61fd64f28c0f8100014ebf0b","Dan YAile","60ef0697612a5400012c89a3","6a7af2e87053d4c6da638efe","2026-08-11 06:05"
"simeon","62dc07edf32847e5836668f1","wafflyss","6068a918d8694000010952a2","6a7af248120e6aca2a3e3ed0","2026-08-11 06:06"
"Dimsum","63f619f14068eb7d4bbb134d","gomes","5e7e08d33d4b6a4440a1fb08","6a7af3487053d4c6da63900e","2026-08-11 06:06"
"TheM1sty™","5b9ab06cbb9fdd32283b9eba","Jacky Wong","63be7833696b395b1a06db85","6a7af2db7053d4c6da638ee3","2026-08-11 06:06"
"Waluuuuuuu","6380cc417b431c1eece4916c","Venux","601d72df848235000143965e","6a7af220e40319fb5bda65a7","2026-08-11 06:07"
"Rawin","6162efcdc23f260001c6a4d3","Avetixz","632b4c9d0609ae73d2a1f799","6a7af39e120e6aca2a3e41be","2026-08-11 06:07"
"frey44","65196df73b287bbf7203f3f7","Szymono","613295acc4b5740001f1bfdf","6a7af3307053d4c6da638fbc","2026-08-11 06:08"
"Syn","5fc86ba947bce10001a030ba","reezwon","67cc28f8f758eb4f26db5827","6a7af3427053d4c6da638ffd","2026-08-11 06:08"
"Lodi","5788e5e5c2a0fb1304dba46c","KAITOOO","62e8c3ab0065abc49aca361d","6a7af356cd4891e927dddb2a","2026-08-11 06:08"
"Geomalick","61fd64f28c0f8100014ebf0b","caribou","65b67a412c40703eebe95de7","6a7af3ba7053d4c6da639143","2026-08-11 06:09"
"wang","64df30f334185dd27cf839a7","gomes","5e7e08d33d4b6a4440a1fb08","6a7af4627053d4c6da639348","2026-08-11 06:09"
"PacinhoGEO","6a59be9a4251546af742f407","poziv","6a57818d327f1e6b83e6e083","6a7af3157053d4c6da638f7c","2026-08-11 06:09"
"im recording my gameplay","6a437d2254319c3206c01eb9","ToastTheBread","628e5592e8785483ce38d537","6a7af3427053d4c6da638ffc","2026-08-11 06:09"
"simeon","62dc07edf32847e5836668f1","wafflyss","6068a918d8694000010952a2","6a7af4067053d4c6da639213","2026-08-11 06:11"
"Ringo","6046c8a097019400018ea4cf","Dan YAile","60ef0697612a5400012c89a3","6a7af3f7120e6aca2a3e428c","2026-08-11 06:11"
"caribou","65b67a412c40703eebe95de7","wang","64df30f334185dd27cf839a7","6a7af4c87053d4c6da639457","2026-08-11 06:12"
"Delema()()()","65869f62df3f7bea3fa1d675","vukGG","6384aef735180c664babf36e","6a7af420502c693857be4a5c","2026-08-11 06:12"
"hyourinmaru","663523ba8e313d3aa27852b0","[TNT] Kirania","5c14f357ff3dc98d883d182c","6a7af3987053d4c6da639105","2026-08-11 06:12"
"quarksauce","5fe1b134a2ebcc0001c6bd9c","parsec","670c184c705e783701c753c0","6a7af3f7e40319fb5bda6958","2026-08-11 06:12"
"Lodi","5788e5e5c2a0fb1304dba46c","Szymono","613295acc4b5740001f1bfdf","6a7af477502c693857be4b18","2026-08-11 06:12"
"PacinhoGEO","6a59be9a4251546af742f407","***ON","695c4b171234c9a9d027a9d8","6a7af4cd7053d4c6da639487","2026-08-11 06:12"
"Xsantt","685c29d6dc1a4bb6fedefae5","Peter Dictator","684c775aeb78c494d9ee6b7a","6a7af46fc914da4a2c357abf","2026-08-11 06:13"
"Ruben","5e1334ba1b34a033c801a9e8","Remy","62bd2758a13615c38eb2b07d","6a7af4dee40319fb5bda6b6c","2026-08-11 06:13"
"PopularPeninsula783","6794f91a4613843d08b344b1","im recording my gameplay","6a437d2254319c3206c01eb9","6a7af492120e6aca2a3e43f8","2026-08-11 06:14"
"caribou","65b67a412c40703eebe95de7","Geomalick","61fd64f28c0f8100014ebf0b","6a7af54b7053d4c6da6396d8","2026-08-11 06:15"
"wang","64df30f334185dd27cf839a7","Dan YAile","60ef0697612a5400012c89a3","6a7af54be40319fb5bda6c89","2026-08-11 06:15"
"[TNT] Kirania","5c14f357ff3dc98d883d182c","hyourinmaru","663523ba8e313d3aa27852b0","6a7af5597053d4c6da6396fe","2026-08-11 06:16"
"Syn","5fc86ba947bce10001a030ba","reezwon","67cc28f8f758eb4f26db5827","6a7af47b120e6aca2a3e43c2","2026-08-11 06:16"
"gomes","5e7e08d33d4b6a4440a1fb08","Rawin","6162efcdc23f260001c6a4d3","6a7af51f120e6aca2a3e46f2","2026-08-11 06:17"
"Szymono","613295acc4b5740001f1bfdf","Venux","601d72df848235000143965e","6a7af5437053d4c6da6396c8","2026-08-11 06:17"
"parsec","670c184c705e783701c753c0","Lodi","5788e5e5c2a0fb1304dba46c","6a7af5627053d4c6da639719","2026-08-11 06:17"
"PopularPeninsula783","6794f91a4613843d08b344b1","Ades (YT)","694060fd0b5941c5cbe18cbf","6a7af5e2120e6aca2a3e48c4","2026-08-11 06:18"
"Ruben","5e1334ba1b34a033c801a9e8","Remy","62bd2758a13615c38eb2b07d","6a7af5b67053d4c6da63985f","2026-08-11 06:18"
"Delema()()()","65869f62df3f7bea3fa1d675","vukGG","6384aef735180c664babf36e","6a7af59b120e6aca2a3e480f","2026-08-11 06:19"
"Geomalick","61fd64f28c0f8100014ebf0b","caribou","65b67a412c40703eebe95de7","6a7af61a7053d4c6da639993","2026-08-11 06:19"
"Waluuuuuuu","6380cc417b431c1eece4916c","frey44","65196df73b287bbf7203f3f7","6a7af46be40319fb5bda6a6d","2026-08-11 06:19"
"Rawin","6162efcdc23f260001c6a4d3","Kuba love 2","68582b5f8e62427811441b60","6a7af68f7053d4c6da639b30","2026-08-11 06:20"
"reezwon","67cc28f8f758eb4f26db5827","Skaven","684ffbcec374eb437a89fc20","6a7af6a1120e6aca2a3e4b88","2026-08-11 06:21"
"Mostar","5f47f02fbf77620001d3442a","ハシビロ","62fd923738281a76193b9110","6a7af67c502c693857be507f","2026-08-11 06:22"
"盲","63b6a120ed1bf0b1b513dfb8","Dan YAile","60ef0697612a5400012c89a3","6a7af651120e6aca2a3e4a9d","2026-08-11 06:23"
"盲","63b6a120ed1bf0b1b513dfb8","Dan YAile","60ef0697612a5400012c89a3","6a7af651120e6aca2a3e4a9d","2026-08-11 06:23"
"Szymono","613295acc4b5740001f1bfdf","Venux","601d72df848235000143965e","6a7af687e40319fb5bda6f47","2026-08-11 06:23"
"Avetixz","632b4c9d0609ae73d2a1f799","frey44","65196df73b287bbf7203f3f7","6a7af6ea7053d4c6da639c70","2026-08-11 06:23"
"wang","64df30f334185dd27cf839a7","caribou","65b67a412c40703eebe95de7","6a7af74f120e6aca2a3e4de4","2026-08-11 06:24"
"simeon","62dc07edf32847e5836668f1","Geomalick","61fd64f28c0f8100014ebf0b","6a7af7d10c3e765c844fa65c","2026-08-11 06:25"
"Dan YAile","60ef0697612a5400012c89a3","Ringo","6046c8a097019400018ea4cf","6a7af8097053d4c6da63a100","2026-08-11 06:25"
"Flubbersticks","69387a54dc6fdd9da05c91cd","tr","654bd5dfad693a62843361db","6a7af8247053d4c6da63a18b","2026-08-11 06:25"
"[TNT] Kirania","5c14f357ff3dc98d883d182c","hyourinmaru","663523ba8e313d3aa27852b0","6a7af65b7053d4c6da639a67","2026-08-11 06:26"
"Syn","5fc86ba947bce10001a030ba","Json Delulu","6a14d675c819b60e452fa035","6a7af65e7053d4c6da639a75","2026-08-11 06:26"
"PopularPeninsula783","6794f91a4613843d08b344b1","Rawin","6162efcdc23f260001c6a4d3","6a7af74e7053d4c6da639e78","2026-08-11 06:26"
"vukGG","6384aef735180c664babf36e","gomes","5e7e08d33d4b6a4440a1fb08","6a7af6f37053d4c6da639c8f","2026-08-11 06:27"
"Ringo","6046c8a097019400018ea4cf","盲","63b6a120ed1bf0b1b513dfb8","6a7af81b120e6aca2a3e5091","2026-08-11 06:27"
"Jacky Wong","63be7833696b395b1a06db85","ハシビロ","62fd923738281a76193b9110","6a7af86f7053d4c6da63a2a0","2026-08-11 06:27"
"Dan YAile","60ef0697612a5400012c89a3","Ades (YT)","694060fd0b5941c5cbe18cbf","6a7af8677053d4c6da63a256","2026-08-11 06:29"
"reezwon","67cc28f8f758eb4f26db5827","GeoChad147 (Youtube)","61333da66ab477000167c55b","6a7af79e120e6aca2a3e4eb0","2026-08-11 06:29"
"[TNT] Kirania","5c14f357ff3dc98d883d182c","Geomalick","61fd64f28c0f8100014ebf0b","6a7af894120e6aca2a3e5243","2026-08-11 06:30"
"hyourinmaru","663523ba8e313d3aa27852b0","盲","63b6a120ed1bf0b1b513dfb8","6a7af8a3502c693857be5602","2026-08-11 06:30"
"BYL","665af55a0f1c875d08a700fb","PopularPeninsula783","6794f91a4613843d08b344b1","6a7af91a120e6aca2a3e538f","2026-08-11 06:30"
"Szymono","613295acc4b5740001f1bfdf","Venux","601d72df848235000143965e","6a7af7d87053d4c6da63a064","2026-08-11 06:30"
"Mostar","5f47f02fbf77620001d3442a","Trotzki","67af8bcc13764bded49ec6ff","6a7af7c7120e6aca2a3e4f7e","2026-08-11 06:30"
"vukGG","6384aef735180c664babf36e","Delema()()()","65869f62df3f7bea3fa1d675","6a7af9427053d4c6da63a560","2026-08-11 06:31"
"wang","64df30f334185dd27cf839a7","caribou","65b67a412c40703eebe95de7","6a7af83f502c693857be54eb","2026-08-11 06:32"
"frey44","65196df73b287bbf7203f3f7","parsec","670c184c705e783701c753c0","6a7af8237053d4c6da63a189","2026-08-11 06:33"
"Ades (YT)","694060fd0b5941c5cbe18cbf","Szymono","613295acc4b5740001f1bfdf","6a7af998120e6aca2a3e54dc","2026-08-11 06:33"
"Ades (YT)","694060fd0b5941c5cbe18cbf","yuyux32","65a3fa0c053e0780db54fd4b","6a7af9a57053d4c6da63a69b","2026-08-11 06:34"
"Flubbersticks","69387a54dc6fdd9da05c91cd","timejt (umyty)","69582268b237877e44ea8d1f","6a7af9e47053d4c6da63a72e","2026-08-11 06:34"
"盲","63b6a120ed1bf0b1b513dfb8","Dan YAile","60ef0697612a5400012c89a3","6a7af99e7053d4c6da63a68e","2026-08-11 06:35"
"Szymono","613295acc4b5740001f1bfdf","Ades (YT)","694060fd0b5941c5cbe18cbf","6a7afa2e7053d4c6da63a82a","2026-08-11 06:35"
"Pandazan","632e19f3f0149e276027d38e","BYL","665af55a0f1c875d08a700fb","6a7af9bf120e6aca2a3e552f","2026-08-11 06:36"
"Geomalick","61fd64f28c0f8100014ebf0b","vukGG","6384aef735180c664babf36e","6a7af9de7053d4c6da63a722","2026-08-11 06:37"
"hyourinmaru","663523ba8e313d3aa27852b0","Ringo","6046c8a097019400018ea4cf","6a7afa8b7053d4c6da63a930","2026-08-11 06:37"
"Syn","5fc86ba947bce10001a030ba","parsec","670c184c705e783701c753c0","6a7afa1b120e6aca2a3e560b","2026-08-11 06:37"
"timejt (umyty)","69582268b237877e44ea8d1f","𝓖𝓮𝓸~𝓲𝓽𝓮𝓻𝓯𝓪𝓬𝓲𝓸≀⑤⑧②","6550ff75cf7966cc5dfe29fe","6a7afac1120e6aca2a3e57d8","2026-08-11 06:37"
"AL-Rizky","69704b259f18f049d41794d9","nagahama","69c350edba60e4673f416dd4","6a7afa2c7053d4c6da63a820","2026-08-11 06:38"
"盲","63b6a120ed1bf0b1b513dfb8","Dan YAile","60ef0697612a5400012c89a3","6a7afaa3502c693857be5a99","2026-08-11 06:39"
"teddy bear","66f081f2bf4b230a2fcb970c","timejt (umyty)","69582268b237877e44ea8d1f","6a7afb56120e6aca2a3e5976","2026-08-11 06:39"
"yuyux32","65a3fa0c053e0780db54fd4b","Ades (YT)","694060fd0b5941c5cbe18cbf","6a7afa99120e6aca2a3e574c","2026-08-11 06:39"
"Delema()()()","65869f62df3f7bea3fa1d675","simeon","62dc07edf32847e5836668f1","6a7afa407053d4c6da63a851","2026-08-11 06:40"
"tr","654bd5dfad693a62843361db","frey44","65196df73b287bbf7203f3f7","6a7afa95c914da4a2c358979","2026-08-11 06:40"
"Dan YAile","60ef0697612a5400012c89a3","Ades (YT)","694060fd0b5941c5cbe18cbf","6a7afb1a7053d4c6da63ab10","2026-08-11 06:41"
"Geomalick","61fd64f28c0f8100014ebf0b","vukGG","6384aef735180c664babf36e","6a7afba0120e6aca2a3e5a2a","2026-08-11 06:43"
"teddy bear","66f081f2bf4b230a2fcb970c","timejt (umyty)","69582268b237877e44ea8d1f","6a7afbc67053d4c6da63ad8d","2026-08-11 06:43"
"Ades (YT)","694060fd0b5941c5cbe18cbf","yuyux32","65a3fa0c053e0780db54fd4b","6a7afb9fe40319fb5bda7afa","2026-08-11 06:43"
"manuelson","5eff753e4fc56993542703a7","[TNT] Kirania","5c14f357ff3dc98d883d182c","6a7af9b2120e6aca2a3e550e","2026-08-11 06:44"
"Venux","601d72df848235000143965e","Szymono","613295acc4b5740001f1bfdf","6a7afad8502c693857be5b22","2026-08-11 06:44"
"AL-Rizky","69704b259f18f049d41794d9","nagahama","69c350edba60e4673f416dd4","6a7afb6a120e6aca2a3e59ac","2026-08-11 06:44"
"盲","63b6a120ed1bf0b1b513dfb8","Dan YAile","60ef0697612a5400012c89a3","6a7afc377053d4c6da63aed7","2026-08-11 06:45"
"BYL","665af55a0f1c875d08a700fb","Wodak","6796246986227732f607bc7a","6a7afba37053d4c6da63ad05","2026-08-11 06:45"
"Ades (YT)","694060fd0b5941c5cbe18cbf","teddy bear","66f081f2bf4b230a2fcb970c","6a7afc92502c693857be5f35","2026-08-11 06:45"
"Erika","6835b7af656c2c951937f92e","frey44","65196df73b287bbf7203f3f7","6a7afc08cd4891e927ddf060","2026-08-11 06:46"
"hyourinmaru","663523ba8e313d3aa27852b0","Ringo","6046c8a097019400018ea4cf","6a7afb44120e6aca2a3e5948","2026-08-11 06:47"
"盲","63b6a120ed1bf0b1b513dfb8","Dan YAile","60ef0697612a5400012c89a3","6a7afd21120e6aca2a3e5ed2","2026-08-11 06:47"
"Geomalick","61fd64f28c0f8100014ebf0b","Delema()()()","65869f62df3f7bea3fa1d675","6a7afc997053d4c6da63affb","2026-08-11 06:48"
"Dan YAile","60ef0697612a5400012c89a3","Ades (YT)","694060fd0b5941c5cbe18cbf","6a7afd497053d4c6da63b2c5","2026-08-11 06:49"
"Venux","601d72df848235000143965e","Szymono","613295acc4b5740001f1bfdf","6a7afce4120e6aca2a3e5df6","2026-08-11 06:49"
"parsec","670c184c705e783701c753c0","timejt (umyty)","69582268b237877e44ea8d1f","6a7afc84120e6aca2a3e5ccd","2026-08-11 06:49"
"nagahama","69c350edba60e4673f416dd4","Hez1tred.","68274ac83004afb088d83eac","6a7afcf9120e6aca2a3e5e3b","2026-08-11 06:49"
"Superhorstuwe","67f42dea666326f3169cde54","Rawin","6162efcdc23f260001c6a4d3","6a7af9677053d4c6da63a5bc","2026-08-11 06:50"
"Ades (YT)","694060fd0b5941c5cbe18cbf","teddy bear","66f081f2bf4b230a2fcb970c","6a7afd86120e6aca2a3e6011","2026-08-11 06:50"
"盲","63b6a120ed1bf0b1b513dfb8","hyourinmaru","663523ba8e313d3aa27852b0","6a7afd8d120e6aca2a3e6024","2026-08-11 06:51"
"Dan YAile","60ef0697612a5400012c89a3","teddy bear","66f081f2bf4b230a2fcb970c","6a7afd997053d4c6da63b3c2","2026-08-11 06:51"
"Leo","643ee35e420a82ec7b9e79cc","BYL","665af55a0f1c875d08a700fb","6a7afd11120e6aca2a3e5e90","2026-08-11 06:51"
"Szymono","613295acc4b5740001f1bfdf","Ades (YT)","694060fd0b5941c5cbe18cbf","6a7afe0d120e6aca2a3e619f","2026-08-11 06:51"
"Ades (YT)","694060fd0b5941c5cbe18cbf","teddy bear","66f081f2bf4b230a2fcb970c","6a7afe457053d4c6da63b61e","2026-08-11 06:51"
"nagahama","69c350edba60e4673f416dd4","GeoChad147 (Youtube)","61333da66ab477000167c55b","6a7afe027053d4c6da63b539","2026-08-11 06:51"
"yuyux32","65a3fa0c053e0780db54fd4b","Erika","6835b7af656c2c951937f92e","6a7afdb8cd4891e927ddf42b","2026-08-11 06:51"
"Ades (YT)","694060fd0b5941c5cbe18cbf","teddy bear","66f081f2bf4b230a2fcb970c","6a7afe8a120e6aca2a3e63a1","2026-08-11 06:53"
"Ades (YT)","694060fd0b5941c5cbe18cbf","teddy bear","66f081f2bf4b230a2fcb970c","6a7afe8a120e6aca2a3e63a1","2026-08-11 06:54"
"Rawin","6162efcdc23f260001c6a4d3","Hez1tred.","68274ac83004afb088d83eac","6a7afee07053d4c6da63b903","2026-08-11 06:54"
"Geomalick","61fd64f28c0f8100014ebf0b","🐫","6092f6f71cbdab0001cbf343","6a7afe337053d4c6da63b5e5","2026-08-11 06:55"
"Delema()()()","65869f62df3f7bea3fa1d675","koekemonster","602ea9c05fa0b100010db2b3","6a7afde37053d4c6da63b4dd","2026-08-11 06:55"
"hyourinmaru","663523ba8e313d3aa27852b0","Waluuuuuuu","6380cc417b431c1eece4916c","6a7afe917053d4c6da63b799","2026-08-11 06:56"
"vukGG","6384aef735180c664babf36e","Dan YAile","60ef0697612a5400012c89a3","6a7afee07053d4c6da63b8fc","2026-08-11 06:57"
"Ades (YT)","694060fd0b5941c5cbe18cbf","teddy bear","66f081f2bf4b230a2fcb970c","6a7aff28120e6aca2a3e6646","2026-08-11 06:57"
"🐫","6092f6f71cbdab0001cbf343","koekemonster","602ea9c05fa0b100010db2b3","6a7aff787053d4c6da63bb49","2026-08-11 06:58"
"Ades (YT)","694060fd0b5941c5cbe18cbf","teddy bear","66f081f2bf4b230a2fcb970c","6a7aff28120e6aca2a3e6646","2026-08-11 06:58"
"nagahama","69c350edba60e4673f416dd4","Vito (washed)","62f41c98963a683db2086002","6a7afebe7053d4c6da63b877","2026-08-11 06:58"
"simeon","62dc07edf32847e5836668f1","Geomalick","61fd64f28c0f8100014ebf0b","6a7affbe7053d4c6da63bc38","2026-08-11 06:59"
"Ades (YT)","694060fd0b5941c5cbe18cbf","Hez1tred.","68274ac83004afb088d83eac","6a7b00537053d4c6da63beab","2026-08-11 07:00"
"frey44","65196df73b287bbf7203f3f7","yuyux32","65a3fa0c053e0780db54fd4b","6a7afedd7053d4c6da63b8f3","2026-08-11 07:00"
"Delema()()()","65869f62df3f7bea3fa1d675","vukGG","6384aef735180c664babf36e","6a7afffd502c693857be6997","2026-08-11 07:01"
"Robinhood","6238ed45585d3a1784ef7ef6","Dan YAile","60ef0697612a5400012c89a3","6a7b00407053d4c6da63be66","2026-08-11 07:01"
"Grategonalop","5d0cfad48b19a91fe05aaa20","Kilkum","61b228be008ec800015ff0a9","6a7aff0c7053d4c6da63b9c2","2026-08-11 07:01"
"Pandazan","632e19f3f0149e276027d38e","Ades (YT)","694060fd0b5941c5cbe18cbf","6a7affd57053d4c6da63bc82","2026-08-11 07:01"
"parsec","670c184c705e783701c753c0","Szymono","613295acc4b5740001f1bfdf","6a7afe707053d4c6da63b6d9","2026-08-11 07:01"
"teddy bear","66f081f2bf4b230a2fcb970c","Kuba love 2","68582b5f8e62427811441b60","6a7b00af9663f7765483e0e7","2026-08-11 07:01"
"FMC","638348f8910c9ca0fbb4fa15","Mahie","5e8edb2b3d4b6a6580c4a80e","6a7afcd7120e6aca2a3e5dc9","2026-08-11 07:02"
"Szymono","613295acc4b5740001f1bfdf","Ades (YT)","694060fd0b5941c5cbe18cbf","6a7b00dde40319fb5bda8883","2026-08-11 07:03"
"nagahama","69c350edba60e4673f416dd4","t0nse","612a000254797c0001aedb7f","6a7b008c7053d4c6da63bf82","2026-08-11 07:03"
"koekemonster","602ea9c05fa0b100010db2b3","🐫","6092f6f71cbdab0001cbf343","6a7b0030502c693857be6a33","2026-08-11 07:04"
"Waluuuuuuu","6380cc417b431c1eece4916c","Ringo","6046c8a097019400018ea4cf","6a7affa7120e6aca2a3e67a4","2026-08-11 07:04"
"Iggy","66ca5169941900a1527c86d1","frey44","65196df73b287bbf7203f3f7","6a7b0092120e6aca2a3e6a8f","2026-08-11 07:04"
"teddy bear","66f081f2bf4b230a2fcb970c","Kuba love 2","68582b5f8e62427811441b60","6a7b00b4502c693857be6b8e","2026-08-11 07:04"
"Dan YAile","60ef0697612a5400012c89a3","ZakyBoy","602adad6f1933a000135da45","6a7b010f502c693857be6cda","2026-08-11 07:05"
"manuelson","5eff753e4fc56993542703a7","rileyrhino","641248c0330b8c5355f5a56f","6a7b011e7053d4c6da63c1be","2026-08-11 07:06"
"hyourinmaru","663523ba8e313d3aa27852b0","Dan YAile","60ef0697612a5400012c89a3","6a7b000b502c693857be69b4","2026-08-11 07:06"
"Robinhood","6238ed45585d3a1784ef7ef6","Pandazan","632e19f3f0149e276027d38e","6a7b00ed120e6aca2a3e6b92","2026-08-11 07:06"
"t0nse","612a000254797c0001aedb7f","nagahama","69c350edba60e4673f416dd4","6a7b01427053d4c6da63c223","2026-08-11 07:06"
"Geomalick","61fd64f28c0f8100014ebf0b","Delema()()()","65869f62df3f7bea3fa1d675","6a7b00c37053d4c6da63c054","2026-08-11 07:07"
"🐫","6092f6f71cbdab0001cbf343","koekemonster","602ea9c05fa0b100010db2b3","6a7b0178120e6aca2a3e6d0f","2026-08-11 07:07"
"Rawin","6162efcdc23f260001c6a4d3","Szymono","613295acc4b5740001f1bfdf","6a7b014a502c693857be6d79","2026-08-11 07:07"
"frey44","65196df73b287bbf7203f3f7","parsec","670c184c705e783701c753c0","6a7b018b502c693857be6e01","2026-08-11 07:07"
"teddy bear","66f081f2bf4b230a2fcb970c","Ades (YT)","694060fd0b5941c5cbe18cbf","6a7b01e67053d4c6da63c433","2026-08-11 07:07"
"Iggy","66ca5169941900a1527c86d1","ZakyBoy","602adad6f1933a000135da45","6a7b01b5120e6aca2a3e6db1","2026-08-11 07:08"
"teddy bear","66f081f2bf4b230a2fcb970c","Pandazan","632e19f3f0149e276027d38e","6a7b02167053d4c6da63c4ed","2026-08-11 07:08"
"teddy bear","66f081f2bf4b230a2fcb970c","Ades (YT)","694060fd0b5941c5cbe18cbf","6a7b01e67053d4c6da63c433","2026-08-11 07:08"
"nagahama","69c350edba60e4673f416dd4","Jasper","63999b017d45f00bc34b6950","6a7b01ee7053d4c6da63c45a","2026-08-11 07:08"
"Kuba love 2","68582b5f8e62427811441b60","teddy bear","66f081f2bf4b230a2fcb970c","6a7b01dd120e6aca2a3e6e32","2026-08-11 07:09"
"🐫","6092f6f71cbdab0001cbf343","Geomalick","61fd64f28c0f8100014ebf0b","6a7b025a8334c762288f1056","2026-08-11 07:10"
"teddy bear","66f081f2bf4b230a2fcb970c","Pandazan","632e19f3f0149e276027d38e","6a7b02a27053d4c6da63c69d","2026-08-11 07:10"
"Kuba love 2","68582b5f8e62427811441b60","teddy bear","66f081f2bf4b230a2fcb970c","6a7b022c120e6aca2a3e6f29","2026-08-11 07:10"
"Ades (YT)","694060fd0b5941c5cbe18cbf","teddy bear","66f081f2bf4b230a2fcb970c","6a7b026a7053d4c6da63c5ea","2026-08-11 07:11"
"Kuba love 2","68582b5f8e62427811441b60","teddy bear","66f081f2bf4b230a2fcb970c","6a7b02af120e6aca2a3e708a","2026-08-11 07:11"
"Geomalick","61fd64f28c0f8100014ebf0b","🐫","6092f6f71cbdab0001cbf343","6a7b03048334c762288f11f0","2026-08-11 07:12"
"koekemonster","602ea9c05fa0b100010db2b3","simeon","62dc07edf32847e5836668f1","6a7b02d67053d4c6da63c770","2026-08-11 07:12"
"Robinhood","6238ed45585d3a1784ef7ef6","Dan YAile","60ef0697612a5400012c89a3","6a7b0212502c693857be6f6a","2026-08-11 07:12"
"Ades (YT)","694060fd0b5941c5cbe18cbf","Kuba love 2","68582b5f8e62427811441b60","6a7b03257053d4c6da63c860","2026-08-11 07:12"
"Iggy","66ca5169941900a1527c86d1","Waluuuuuuu","6380cc417b431c1eece4916c","6a7b02a28334c762288f10eb","2026-08-11 07:13"
"Szymono","613295acc4b5740001f1bfdf","teddy bear","66f081f2bf4b230a2fcb970c","6a7b03128334c762288f121b","2026-08-11 07:13"
"Szymono","613295acc4b5740001f1bfdf","teddy bear","66f081f2bf4b230a2fcb970c","6a7b03128334c762288f121b","2026-08-11 07:13"
"Ades (YT)","694060fd0b5941c5cbe18cbf","Kuba love 2","68582b5f8e62427811441b60","6a7b03257053d4c6da63c860","2026-08-11 07:13"
"Kuba love 2","68582b5f8e62427811441b60","teddy bear","66f081f2bf4b230a2fcb970c","6a7b03687053d4c6da63c92f","2026-08-11 07:14"
"Robinhood","6238ed45585d3a1784ef7ef6","🐫","6092f6f71cbdab0001cbf343","6a7b035b120e6aca2a3e7248","2026-08-11 07:15"
"nagahama","69c350edba60e4673f416dd4","parsec","670c184c705e783701c753c0","6a7b026c8334c762288f1079","2026-08-11 07:15"
"PapaMacdus","6667d837d40195a479dc95b8","ZakyBoy","602adad6f1933a000135da45","6a7b030b7053d4c6da63c807","2026-08-11 07:15"
"teddy bear","66f081f2bf4b230a2fcb970c","akia","6a0f4aea9f6f0bf394478379","6a7b03ae7053d4c6da63ca22","2026-08-11 07:15"
"koekemonster","602ea9c05fa0b100010db2b3","Geomalick","61fd64f28c0f8100014ebf0b","6a7b036d7053d4c6da63c93c","2026-08-11 07:16"
"Kuba love 2","68582b5f8e62427811441b60","teddy bear","66f081f2bf4b230a2fcb970c","6a7b03c58334c762288f144f","2026-08-11 07:16"
"Kuba love 2","68582b5f8e62427811441b60","teddy bear","66f081f2bf4b230a2fcb970c","6a7b03c58334c762288f144f","2026-08-11 07:16"
"Yanek","5e625daa90d6cfa438a867a6","manuelson","5eff753e4fc56993542703a7","6a7b034e7053d4c6da63c8d8","2026-08-11 07:17"
"Dan YAile","60ef0697612a5400012c89a3","frey44","65196df73b287bbf7203f3f7","6a7b025a502c693857be7019","2026-08-11 07:17"
"teddy bear","66f081f2bf4b230a2fcb970c","Ades (YT)","694060fd0b5941c5cbe18cbf","6a7b04007053d4c6da63cb59","2026-08-11 07:17"
"parsec","670c184c705e783701c753c0","Wish i could try again","69d154ba0a3f30cbd4825d7a","6a7b0451502c693857be7574","2026-08-11 07:19"
"koekemonster","602ea9c05fa0b100010db2b3","Dan YAile","60ef0697612a5400012c89a3","6a7b0496120e6aca2a3e768f","2026-08-11 07:20"
"Szymono","613295acc4b5740001f1bfdf","teddy bear","66f081f2bf4b230a2fcb970c","6a7b04737053d4c6da63cd27","2026-08-11 07:20"
"wafflyss","6068a918d8694000010952a2","kcd","5aef47d3b18d0894c4ffe297","6a7b046c7053d4c6da63cd14","2026-08-11 07:21"
"Szymono","613295acc4b5740001f1bfdf","teddy bear","66f081f2bf4b230a2fcb970c","6a7b054c7053d4c6da63d037","2026-08-11 07:21"
"Waluuuuuuu","6380cc417b431c1eece4916c","Iggy","66ca5169941900a1527c86d1","6a7b03aa8334c762288f13e3","2026-08-11 07:22"
"ZakyBoy","602adad6f1933a000135da45","Stella/chat off","63e1b563ec5549833a008296","6a7b04267053d4c6da63cbda","2026-08-11 07:22"
"Ades (YT)","694060fd0b5941c5cbe18cbf","Valentin","5f0a13852b6c4d5a44fb7e48","6a7b04c67053d4c6da63ce37","2026-08-11 07:22"
"Ringo","6046c8a097019400018ea4cf","🐫","6092f6f71cbdab0001cbf343","6a7b042e8334c762288f157f","2026-08-11 07:23"
"Dan YAile","60ef0697612a5400012c89a3","Eli's Kidney","632042618c4156e6645c5a75","6a7b054e120e6aca2a3e78dc","2026-08-11 07:23"
"sLeon","67bb3f2eee61ec146522e88a","Wijn.","657979f3db414bd0da540f23","6a7b036c7053d4c6da63c937","2026-08-11 07:23"
"teddy bear","66f081f2bf4b230a2fcb970c","Pandazan","632e19f3f0149e276027d38e","6a7b057e120e6aca2a3e797b","2026-08-11 07:23"
"Geomalick","61fd64f28c0f8100014ebf0b","Robinhood","6238ed45585d3a1784ef7ef6","6a7b05418334c762288f18c5","2026-08-11 07:24"
"Kilkum","61b228be008ec800015ff0a9","FMC","638348f8910c9ca0fbb4fa15","6a7b01067053d4c6da63c179","2026-08-11 07:24"
"kcd","5aef47d3b18d0894c4ffe297","wafflyss","6068a918d8694000010952a2","6a7b058e502c693857be790e","2026-08-11 07:25"
"koekemonster","602ea9c05fa0b100010db2b3","🐫","6092f6f71cbdab0001cbf343","6a7b06147053d4c6da63d2fc","2026-08-11 07:25"
"teddy bear","66f081f2bf4b230a2fcb970c","Szymono","613295acc4b5740001f1bfdf","6a7b05877053d4c6da63d106","2026-08-11 07:25"
"Dan YAile","60ef0697612a5400012c89a3","Eli's Kidney","632042618c4156e6645c5a75","6a7b06038334c762288f1af1","2026-08-11 07:26"
"Ades (YT)","694060fd0b5941c5cbe18cbf","Stella/chat off","63e1b563ec5549833a008296","6a7b05cd8334c762288f1a67","2026-08-11 07:26"
"Tudelzzz","6549fc9cf755320e28e30de7","共匪必亡","6808d7af852f5b804dfd3271","6a7b04b4120e6aca2a3e76fa","2026-08-11 07:27"
"wafflyss","6068a918d8694000010952a2","kcd","5aef47d3b18d0894c4ffe297","6a7b06838334c762288f1cde","2026-08-11 07:28"
"Dan YAile","60ef0697612a5400012c89a3","Eli's Kidney","632042618c4156e6645c5a75","6a7b06aecd4891e927de0ae9","2026-08-11 07:28"
"Iggy","66ca5169941900a1527c86d1","Waluuuuuuu","6380cc417b431c1eece4916c","6a7b05dd8334c762288f1a90","2026-08-11 07:28"
"nagahama","69c350edba60e4673f416dd4","ZakyBoy","602adad6f1933a000135da45","6a7b063c7053d4c6da63d36e","2026-08-11 07:28"
"Robinhood","6238ed45585d3a1784ef7ef6","Ringo","6046c8a097019400018ea4cf","6a7b063e120e6aca2a3e7b61","2026-08-11 07:29"
"SkiDY","57f01da89b1dda5a1c25916c","hyourinmaru","663523ba8e313d3aa27852b0","6a7b05797053d4c6da63d0e0","2026-08-11 07:29"
"Рома","5bc9f3921f3cf81af80cfa72","Umbrella☔","6814628ed8477060002e00ba","6a7b06797053d4c6da63d46c","2026-08-11 07:29"
"teddy bear","66f081f2bf4b230a2fcb970c","Ades (YT)","694060fd0b5941c5cbe18cbf","6a7b0699120e6aca2a3e7c8d","2026-08-11 07:29"
"Geomalick","61fd64f28c0f8100014ebf0b","Yanek","5e625daa90d6cfa438a867a6","6a7b0678120e6aca2a3e7c37","2026-08-11 07:30"
"YAK","6574904632448ee4669e0e17","🐫","6092f6f71cbdab0001cbf343","6a7b068b8334c762288f1cf1","2026-08-11 07:31"
"Szymono","613295acc4b5740001f1bfdf","GeoChad147 (Youtube)","61333da66ab477000167c55b","6a7b068f7053d4c6da63d4c0","2026-08-11 07:31"
"koekemonster","602ea9c05fa0b100010db2b3","wafflyss","6068a918d8694000010952a2","6a7b072c7053d4c6da63d744","2026-08-11 07:32"
"Stella/chat off","63e1b563ec5549833a008296","parsec","670c184c705e783701c753c0","6a7b06d58334c762288f1e30","2026-08-11 07:32"
"nagahama","69c350edba60e4673f416dd4","ZakyBoy","602adad6f1933a000135da45","6a7b0737502c693857be7db7","2026-08-11 07:32"
"Magik","625f0d2b367d807d71f34e79","Marci","62572af8924e491f28b0326c","6a7b07b8502c693857be7f38","2026-08-11 07:32"
"teddy bear","66f081f2bf4b230a2fcb970c","Szymono","613295acc4b5740001f1bfdf","6a7b07ed7053d4c6da63da73","2026-08-11 07:33"
"swangambit","5f7ddfaa5e57b3000189a24e","Robinhood","6238ed45585d3a1784ef7ef6","6a7b078d7053d4c6da63d8d2","2026-08-11 07:35"
"Umbrella☔","6814628ed8477060002e00ba","Wijn.","657979f3db414bd0da540f23","6a7b07817053d4c6da63d882","2026-08-11 07:35"
"Eli's Kidney","632042618c4156e6645c5a75","Ades (YT)","694060fd0b5941c5cbe18cbf","6a7b07677053d4c6da63d80b","2026-08-11 07:35"
"GeoBunny","64b2f9895059c43d9160f5af","Andi_03","5d55ff70b4ec1726dc094670","6a7b082f8334c762288f2367","2026-08-11 07:35"
"parsec","670c184c705e783701c753c0","nagahama","69c350edba60e4673f416dd4","6a7b0809c914da4a2c35aa59","2026-08-11 07:35"
"🐫","6092f6f71cbdab0001cbf343","koekemonster","602ea9c05fa0b100010db2b3","6a7b081b502c693857be8052","2026-08-11 07:37"
"Dan YAile","60ef0697612a5400012c89a3","Waluuuuuuu","6380cc417b431c1eece4916c","6a7b07258334c762288f1f63","2026-08-11 07:38"
"teddy bear","66f081f2bf4b230a2fcb970c","Magik","625f0d2b367d807d71f34e79","6a7b08628334c762288f2428","2026-08-11 07:38"
"Ades (YT)","694060fd0b5941c5cbe18cbf","GeoBunny","64b2f9895059c43d9160f5af","6a7b08e1e907facac093e367","2026-08-11 07:38"
"🐫","6092f6f71cbdab0001cbf343","koekemonster","602ea9c05fa0b100010db2b3","6a7b095de907facac093e4f8","2026-08-11 07:39"
"Firma","5ff879f9ce04930001f6ee64","PechSP","5e9662142ad6cfadc8e2db9d","6a7b060b8334c762288f1b12","2026-08-11 07:39"
"Robinhood","6238ed45585d3a1784ef7ef6","swangambit","5f7ddfaa5e57b3000189a24e","6a7b08e2e907facac093e36e","2026-08-11 07:39"
"devj","5ee70329a237c362e06100b5","teddy bear","66f081f2bf4b230a2fcb970c","6a7b08a58334c762288f249c","2026-08-11 07:39"
"nagahama","69c350edba60e4673f416dd4","ZakyBoy","602adad6f1933a000135da45","6a7b0924a80e5db07066f234","2026-08-11 07:39"
"YRP","65361a91884b107b4fd0cef8","Yanek","5e625daa90d6cfa438a867a6","6a7b07ba7053d4c6da63d987","2026-08-11 07:40"
"Stella/chat off","63e1b563ec5549833a008296","Szymono","613295acc4b5740001f1bfdf","6a7b086ae907facac093e21c","2026-08-11 07:40"
"Robinhood","6238ed45585d3a1784ef7ef6","swangambit","5f7ddfaa5e57b3000189a24e","6a7b09acab7bced3c29243b6","2026-08-11 07:41"
"Ades (YT)","694060fd0b5941c5cbe18cbf","Magik","625f0d2b367d807d71f34e79","6a7b099ae907facac093e5d3","2026-08-11 07:41"
"white_iverson97 on twitch","5bafdf02bb9fdd32283e4151","Gigi21","58a94b528b9ff43e3cffbb08","6a7b08c7e907facac093e2ec","2026-08-11 07:41"
"Maksonic","619d09bdc4ab7000016c68d3","Dan YAile","60ef0697612a5400012c89a3","6a7b09a835437221d3e2fa07","2026-08-11 07:42"
"Giant Panda","6874e2f8ef3960e599abae7c","devj","5ee70329a237c362e06100b5","6a7b09e9e907facac093e6fa","2026-08-11 07:42"
"🐫","6092f6f71cbdab0001cbf343","koekemonster","602ea9c05fa0b100010db2b3","6a7b09b235437221d3e2fa21","2026-08-11 07:43"
"Ringo","6046c8a097019400018ea4cf","hyourinmaru","663523ba8e313d3aa27852b0","6a7b07947053d4c6da63d8e8","2026-08-11 07:43"
"Waluuuuuuu","6380cc417b431c1eece4916c","Kuba","6744ee112d6c958a853b52a6","6a7b09d7104f88b8cfba4b01","2026-08-11 07:43"
"Stella/chat off","63e1b563ec5549833a008296","Ades (YT)","694060fd0b5941c5cbe18cbf","6a7b0a2ce907facac093e80a","2026-08-11 07:43"
"Giant Panda","6874e2f8ef3960e599abae7c","Szymono","613295acc4b5740001f1bfdf","6a7b09f6ab7bced3c292448e","2026-08-11 07:43"
"Umbrella☔","6814628ed8477060002e00ba","Eli's Kidney","632042618c4156e6645c5a75","6a7b08eeab7bced3c292410e","2026-08-11 07:44"
"GeoBunny","64b2f9895059c43d9160f5af","Wish i could try again","69d154ba0a3f30cbd4825d7a","6a7b09d4e907facac093e6b6","2026-08-11 07:44"
"Robinhood","6238ed45585d3a1784ef7ef6","swangambit","5f7ddfaa5e57b3000189a24e","6a7b0a44ab7bced3c29245ab","2026-08-11 07:45"
"devj","5ee70329a237c362e06100b5","Giant Panda","6874e2f8ef3960e599abae7c","6a7b0abaab7bced3c2924777","2026-08-11 07:45"
"nagahama","69c350edba60e4673f416dd4","ZakyBoy","602adad6f1933a000135da45","6a7b09afe907facac093e637","2026-08-11 07:45"
"ALFA","5b6f185f7135fa0e48b5528a","wafflyss","6068a918d8694000010952a2","6a7b0905e907facac093e3ea","2026-08-11 07:46"
"Giant Panda","6874e2f8ef3960e599abae7c","Szymono","613295acc4b5740001f1bfdf","6a7b0ac6104f88b8cfba4df4","2026-08-11 07:46"
"Kuba","6744ee112d6c958a853b52a6","GeoBunny","64b2f9895059c43d9160f5af","6a7b0afee907facac093eb7d","2026-08-11 07:46"
"Yanek","5e625daa90d6cfa438a867a6","PechSP","5e9662142ad6cfadc8e2db9d","6a7b0a0dab7bced3c29244ed","2026-08-11 07:47"
"hyourinmaru","663523ba8e313d3aa27852b0","🐫","6092f6f71cbdab0001cbf343","6a7b0ac8e907facac093ea9a","2026-08-11 07:47"
"Magik","625f0d2b367d807d71f34e79","Ades (YT)","694060fd0b5941c5cbe18cbf","6a7b0ab1104f88b8cfba4d9d","2026-08-11 07:47"
"Robinhood","6238ed45585d3a1784ef7ef6","swangambit","5f7ddfaa5e57b3000189a24e","6a7b0b10ab7bced3c2924870","2026-08-11 07:48"
"koekemonster","602ea9c05fa0b100010db2b3","Dan YAile","60ef0697612a5400012c89a3","6a7b0ab5ab7bced3c292475f","2026-08-11 07:48"
"Szymono","613295acc4b5740001f1bfdf","Giant Panda","6874e2f8ef3960e599abae7c","6a7b0b58a136873e4c02f145","2026-08-11 07:48"
"ZakyBoy","602adad6f1933a000135da45","szop","5e457e06c2a93b2b70217ecc","6a7b0b54e907facac093ec99","2026-08-11 07:48"
"Eli's Kidney","632042618c4156e6645c5a75","Waluuuuuuu","6380cc417b431c1eece4916c","6a7b0afd35437221d3e2fe32","2026-08-11 07:49"
"Robinhood","6238ed45585d3a1784ef7ef6","swangambit","5f7ddfaa5e57b3000189a24e","6a7b0bd1ab7bced3c2924a9e","2026-08-11 07:50"
"Maksonic","619d09bdc4ab7000016c68d3","Dan YAile","60ef0697612a5400012c89a3","6a7b0a75a136873e4c02eefd","2026-08-11 07:50"
"kcd","5aef47d3b18d0894c4ffe297","Ringo","6046c8a097019400018ea4cf","6a7b0b7ae907facac093ed0a","2026-08-11 07:51"
"Shakazaramesh","5ef2945bbb96627c9ce5f63f","Dimsum","63f619f14068eb7d4bbb134d","6a7b0bb5a80e5db07066f8d2","2026-08-11 07:51"
"Venux","601d72df848235000143965e","white_iverson97 on twitch","5bafdf02bb9fdd32283e4151","6a7b0a5fe907facac093e8ca","2026-08-11 07:51"
"Kilkum","61b228be008ec800015ff0a9","miniura","650ff17b12259a4cd34bd829","6a7b088e8334c762288f247a","2026-08-11 07:52"
"teddy bear","66f081f2bf4b230a2fcb970c","Szymono","613295acc4b5740001f1bfdf","6a7b0be0a136873e4c02f27d","2026-08-11 07:53"
"GeoBunny","64b2f9895059c43d9160f5af","Kuba","6744ee112d6c958a853b52a6","6a7b0c2935437221d3e300f3","2026-08-11 07:53"
"kcd","5aef47d3b18d0894c4ffe297","wafflyss","6068a918d8694000010952a2","6a7b0c8035437221d3e301d7","2026-08-11 07:54"
"Ades (YT)","694060fd0b5941c5cbe18cbf","Wienerfisch","5a928f4042305f693820a8c0","6a7b0c1ba136873e4c02f311","2026-08-11 07:54"
"kcd","5aef47d3b18d0894c4ffe297","Geomalick","61fd64f28c0f8100014ebf0b","6a7b0d4bab7bced3c2924eb7","2026-08-11 07:55"
"hyourinmaru","663523ba8e313d3aa27852b0","🐫","6092f6f71cbdab0001cbf343","6a7b0bb235437221d3e30009","2026-08-11 07:55"
"koekemonster","602ea9c05fa0b100010db2b3","Robinhood","6238ed45585d3a1784ef7ef6","6a7b0c3eab7bced3c2924bef","2026-08-11 07:55"
"Dimsum","63f619f14068eb7d4bbb134d","Giant Panda","6874e2f8ef3960e599abae7c","6a7b0d06e907facac093f21f","2026-08-11 07:55"
"Waluuuuuuu","6380cc417b431c1eece4916c","Eli's Kidney","632042618c4156e6645c5a75","6a7b0c28e907facac093ef53","2026-08-11 07:55"
"teddy bear","66f081f2bf4b230a2fcb970c","GeoBunny","64b2f9895059c43d9160f5af","6a7b0cf6e907facac093f1ec","2026-08-11 07:55"
"Ades (YT)","694060fd0b5941c5cbe18cbf","Giant Panda","6874e2f8ef3960e599abae7c","6a7b0d3635437221d3e3035a","2026-08-11 07:55"
"devj","5ee70329a237c362e06100b5","Cassosclub","65a7c8563d08098ae0def9f9","6a7b0b3ee907facac093ec4f","2026-08-11 07:57"
"inferno","678d41c562226bf506f8bc73","im recording my gameplay","6a437d2254319c3206c01eb9","6a7b0c6be907facac093f02d","2026-08-11 07:57"
"ZakyBoy","602adad6f1933a000135da45","Kuba","6744ee112d6c958a853b52a6","6a7b0cfee907facac093f205","2026-08-11 07:57"
"hyourinmaru","663523ba8e313d3aa27852b0","🐫","6092f6f71cbdab0001cbf343","6a7b0d8ce907facac093f3ab","2026-08-11 07:58"
"Robinhood","6238ed45585d3a1784ef7ef6","koekemonster","602ea9c05fa0b100010db2b3","6a7b0d7f35437221d3e30405","2026-08-11 07:58"
"Ades (YT)","694060fd0b5941c5cbe18cbf","Eli's Kidney","632042618c4156e6645c5a75","6a7b0d7aab7bced3c2924f2c","2026-08-11 07:59"
"Kuba","6744ee112d6c958a853b52a6","GeoBunny","64b2f9895059c43d9160f5af","6a7b0deee907facac093f4eb","2026-08-11 07:59"
"Gangooo | Jan","5c692ddbfa7cd6698082d404","l4ndoooo","633339d93d61153b5211a6f2","6a7b0c32a136873e4c02f34d","2026-08-11 07:59"
"Ades (YT)","694060fd0b5941c5cbe18cbf","kober","67ad18a09e150413a5e6fa66","6a7b0e5ee907facac093f663","2026-08-11 08:00"
"nagahama","69c350edba60e4673f416dd4","Slam4","60927f97129054000189c279","6a7b0e57e907facac093f645","2026-08-11 08:00"
"wafflyss","6068a918d8694000010952a2","Ringo","6046c8a097019400018ea4cf","6a7b0d6fab7bced3c2924f11","2026-08-11 08:01"
"Joseph Steinschleuder","69f60bced520d047ea43ed70","Tudelzzz","6549fc9cf755320e28e30de7","6a7b0adaab7bced3c29247df","2026-08-11 08:01"
"Szymono","613295acc4b5740001f1bfdf","Skaven","684ffbcec374eb437a89fc20","6a7b0d0ea136873e4c02f54b","2026-08-11 08:01"
"miniura","650ff17b12259a4cd34bd829","Kuba love 2","68582b5f8e62427811441b60","6a7b0da435437221d3e30459","2026-08-11 08:01"
"Geomalick","61fd64f28c0f8100014ebf0b","kcd","5aef47d3b18d0894c4ffe297","6a7b0de635437221d3e304fa","2026-08-11 08:02"
"Robinhood","6238ed45585d3a1784ef7ef6","hyourinmaru","663523ba8e313d3aa27852b0","6a7b0e2ee907facac093f5c3","2026-08-11 08:02"
"koekemonster","602ea9c05fa0b100010db2b3","swangambit","5f7ddfaa5e57b3000189a24e","6a7b0e2eb352baaac48a3554","2026-08-11 08:02"
"Kuba","6744ee112d6c958a853b52a6","Eli's Kidney","632042618c4156e6645c5a75","6a7b0e6da136873e4c02f828","2026-08-11 08:02"
"ZakyBoy","602adad6f1933a000135da45","inferno","678d41c562226bf506f8bc73","6a7b0dfaab7bced3c2925081","2026-08-11 08:02"
"Rainpol","626c26af0232768af85511df","Wienerfisch","5a928f4042305f693820a8c0","6a7b0d4fe907facac093f2f5","2026-08-11 08:02"
"Robinhood","6238ed45585d3a1784ef7ef6","wafflyss","6068a918d8694000010952a2","6a7b0f0bab7bced3c292539d","2026-08-11 08:03"
"hyourinmaru","663523ba8e313d3aa27852b0","Geomalick","61fd64f28c0f8100014ebf0b","6a7b0f1ba136873e4c02f9ef","2026-08-11 08:04"
"kober","67ad18a09e150413a5e6fa66","Ades (YT)","694060fd0b5941c5cbe18cbf","6a7b0e9fe907facac093f75d","2026-08-11 08:04"
"parsec","670c184c705e783701c753c0","im recording my gameplay","6a437d2254319c3206c01eb9","6a7b0de835437221d3e30501","2026-08-11 08:04"
"swangambit","5f7ddfaa5e57b3000189a24e","Maksonic","619d09bdc4ab7000016c68d3","6a7b0f2aa136873e4c02fa18","2026-08-11 08:05"
"Kuba","6744ee112d6c958a853b52a6","Eli's Kidney","632042618c4156e6645c5a75","6a7b0f2ce907facac093f958","2026-08-11 08:05"
"Szymono","613295acc4b5740001f1bfdf","Giant Panda","6874e2f8ef3960e599abae7c","6a7b0ed34060398581b43436","2026-08-11 08:05"
"Cassosclub","65a7c8563d08098ae0def9f9","Alee 🏍","605b8e2563c4b80001a89321","6a7b0e18ab7bced3c29250d5","2026-08-11 08:05"
"Yanek","5e625daa90d6cfa438a867a6","YRP","65361a91884b107b4fd0cef8","6a7b0e4735437221d3e305f8","2026-08-11 08:06"
"Giant Panda","6874e2f8ef3960e599abae7c","Ades (YT)","694060fd0b5941c5cbe18cbf","6a7b0fbde907facac093fb14","2026-08-11 08:06"
"ALFA","5b6f185f7135fa0e48b5528a","kcd","5aef47d3b18d0894c4ffe297","6a7b0f1fab7bced3c29253dc","2026-08-11 08:07"
"Robinhood","6238ed45585d3a1784ef7ef6","hyourinmaru","663523ba8e313d3aa27852b0","6a7b0fa06e25824a1ebdd722","2026-08-11 08:07"
"🐫","6092f6f71cbdab0001cbf343","koekemonster","602ea9c05fa0b100010db2b3","6a7b0f2fab7bced3c2925417","2026-08-11 08:07"
"Giant Panda","6874e2f8ef3960e599abae7c","Szymono","613295acc4b5740001f1bfdf","6a7b0fc4e907facac093fb25","2026-08-11 08:07"
"ZakyBoy","602adad6f1933a000135da45","Hamuhi_iwate","64de04d72e536cc9cecad998","6a7b0f3ae907facac093f979","2026-08-11 08:07"
"🐫","6092f6f71cbdab0001cbf343","koekemonster","602ea9c05fa0b100010db2b3","6a7b104335437221d3e30b5f","2026-08-11 08:08"
"Joseph Steinschleuder","69f60bced520d047ea43ed70","Robinhood","6238ed45585d3a1784ef7ef6","6a7b0f6ca136873e4c02fab7","2026-08-11 08:08"
"Tudelzzz","6549fc9cf755320e28e30de7","كافوركافوركافوركافوركافوركافور","6a4f8afe312818a4781ffecf","6a7b0f2fe907facac093f963","2026-08-11 08:08"
"Wodak","6796246986227732f607bc7a","white_iverson97 on twitch","5bafdf02bb9fdd32283e4151","6a7b0f93ab7bced3c2925536","2026-08-11 08:09"
"Ades (YT)","694060fd0b5941c5cbe18cbf","kober","67ad18a09e150413a5e6fa66","6a7b1026ab7bced3c29256e0","2026-08-11 08:09"
"kcd","5aef47d3b18d0894c4ffe297","しよえ　Shiyoe","6375a42d001fcb9df8d226d9","6a7b1084e907facac093fdf6","2026-08-11 08:10"
"nagahama","69c350edba60e4673f416dd4","l4ndoooo","633339d93d61153b5211a6f2","6a7b0ec335437221d3e30756","2026-08-11 08:10"
"swangambit","5f7ddfaa5e57b3000189a24e","Maksonic","619d09bdc4ab7000016c68d3","6a7b108835437221d3e30c2c","2026-08-11 08:11"
"Stella/chat off","63e1b563ec5549833a008296","Gangooo | Jan","5c692ddbfa7cd6698082d404","6a7b0f6ee907facac093fa0d","2026-08-11 08:11"
"kabrioletlux","60b9f1cafd3caa00014a461e","Robinhood","6238ed45585d3a1784ef7ef6","6a7b106335437221d3e30bb7","2026-08-11 08:12"
"Eli's Kidney","632042618c4156e6645c5a75","Kuba","6744ee112d6c958a853b52a6","6a7b0ff2e907facac093fbd1","2026-08-11 08:12"
"Robinhood","6238ed45585d3a1784ef7ef6","hyourinmaru","663523ba8e313d3aa27852b0","6a7b106ce907facac093fd96","2026-08-11 08:13"
"Robinhood","6238ed45585d3a1784ef7ef6","hyourinmaru","663523ba8e313d3aa27852b0","6a7b106ce907facac093fd96","2026-08-11 08:13"
"mii3en","66159d055967919df66cf9c0","koekemonster","602ea9c05fa0b100010db2b3","6a7b10a4ab7bced3c2925874","2026-08-11 08:13"
"nagahama","69c350edba60e4673f416dd4","white_iverson97 on twitch","5bafdf02bb9fdd32283e4151","6a7b10fc104f88b8cfba5be2","2026-08-11 08:13"
"Ades (YT)","694060fd0b5941c5cbe18cbf","kober","67ad18a09e150413a5e6fa66","6a7b10ebe907facac093ff30","2026-08-11 08:13"
"Ades (YT)","694060fd0b5941c5cbe18cbf","kober","67ad18a09e150413a5e6fa66","6a7b10ebe907facac093ff30","2026-08-11 08:13"
"miniura","650ff17b12259a4cd34bd829","Slam4","60927f97129054000189c279","6a7b0efde907facac093f8a5","2026-08-11 08:13"
"FMC","638348f8910c9ca0fbb4fa15","BANG PRE","673ef08cfb1aaa5c9673d1d7","6a7b0e60104f88b8cfba55b6","2026-08-11 08:13"
"Robinhood","6238ed45585d3a1784ef7ef6","swangambit","5f7ddfaa5e57b3000189a24e","6a7b11693b1a9ad03cd7d6a9","2026-08-11 08:14"
"kcd","5aef47d3b18d0894c4ffe297","hyourinmaru","663523ba8e313d3aa27852b0","6a7b11d335437221d3e30f67","2026-08-11 08:15"
"Robinhood","6238ed45585d3a1784ef7ef6","hyourinmaru","663523ba8e313d3aa27852b0","6a7b11f7ab7bced3c2925c84","2026-08-11 08:15"
"🐫","6092f6f71cbdab0001cbf343","Reynardo","619e21dbcd59be0001df98df","6a7b10b3ab7bced3c29258a7","2026-08-11 08:15"
"koekemonster","602ea9c05fa0b100010db2b3","Wodak","6796246986227732f607bc7a","6a7b11b5ab7bced3c2925bc9","2026-08-11 08:16"
"kober","67ad18a09e150413a5e6fa66","white_iverson97 on twitch","5bafdf02bb9fdd32283e4151","6a7b11fb35437221d3e30fd6","2026-08-11 08:16"
"szop","5e457e06c2a93b2b70217ecc","ZakyBoy","602adad6f1933a000135da45","6a7b105d35437221d3e30ba0","2026-08-11 08:16"
"simeon","62dc07edf32847e5836668f1","kcd","5aef47d3b18d0894c4ffe297","6a7b122c104f88b8cfba5ec8","2026-08-11 08:17"
"Ringo","6046c8a097019400018ea4cf","Firma","5ff879f9ce04930001f6ee64","6a7b0f02104f88b8cfba573b","2026-08-11 08:17"
"Kuba love 2","68582b5f8e62427811441b60","kober","67ad18a09e150413a5e6fa66","6a7b11efab7bced3c2925c6c","2026-08-11 08:17"
"🐫","6092f6f71cbdab0001cbf343","hyourinmaru","663523ba8e313d3aa27852b0","6a7b1235e907facac094041a","2026-08-11 08:18"
"koekemonster","602ea9c05fa0b100010db2b3","Dimsum","63f619f14068eb7d4bbb134d","6a7b128de907facac094053b","2026-08-11 08:18"
"swangambit","5f7ddfaa5e57b3000189a24e","Maksonic","619d09bdc4ab7000016c68d3","6a7b12054060398581b43c5b","2026-08-11 08:18"
"devj","5ee70329a237c362e06100b5","Mimii_","699711a6047cff743822aac4","6a7b111dab7bced3c29259ce","2026-08-11 08:18"
"Ades (YT)","694060fd0b5941c5cbe18cbf","Eli's Kidney","632042618c4156e6645c5a75","6a7b11a935437221d3e30ef5","2026-08-11 08:18"
"nagahama","69c350edba60e4673f416dd4","Kuba","6744ee112d6c958a853b52a6","6a7b11cc35437221d3e30f4e","2026-08-11 08:19"
"kober","67ad18a09e150413a5e6fa66","Kuba love 2","68582b5f8e62427811441b60","6a7b12a4e907facac0940584","2026-08-11 08:19"
"ZakyBoy","602adad6f1933a000135da45","tb_ro","603e081bd3dc740001da90e8","6a7b128fab7bced3c2925dfd","2026-08-11 08:19"
"Firma","5ff879f9ce04930001f6ee64","ymot","5c296804097d019c9053201b","6a7b12c0e907facac09405f9","2026-08-11 08:20"
"kober","67ad18a09e150413a5e6fa66","sparqkle","67af33931b7ca29477ec0276","6a7b12d5e907facac0940657","2026-08-11 08:20"
"Tudelzzz","6549fc9cf755320e28e30de7","BANG PRE","673ef08cfb1aaa5c9673d1d7","6a7b11bbab7bced3c2925bda","2026-08-11 08:20"
"koekemonster","602ea9c05fa0b100010db2b3","hyourinmaru","663523ba8e313d3aa27852b0","6a7b12daab7bced3c2925efc","2026-08-11 08:21"
"Maksonic","619d09bdc4ab7000016c68d3","Reynardo","619e21dbcd59be0001df98df","6a7b1332ab7bced3c2926038","2026-08-11 08:21"
"Eli's Kidney","632042618c4156e6645c5a75","Ades (YT)","694060fd0b5941c5cbe18cbf","6a7b12e0e907facac0940685","2026-08-11 08:21"
"PacinhoGEO","6a59be9a4251546af742f407","Michał G","5fb915c3dcf055000144ddaa","6a7b12f8ab7bced3c2925f8b","2026-08-11 08:21"
"Mimii_","699711a6047cff743822aac4","Dimsum","63f619f14068eb7d4bbb134d","6a7b12dee907facac094067a","2026-08-11 08:22"
"Slam4","60927f97129054000189c279","GCU","69f74f7bd9284e0db0e2a65c","6a7b12fce907facac09406e9","2026-08-11 08:22"
"spherical_cow","62b34fca140a13acdc6567df","EsterLaby","62b053e06b63a70929bfd820","6a7b0c6be907facac093f036","2026-08-11 08:22"
"hyourinmaru","663523ba8e313d3aa27852b0","koekemonster","602ea9c05fa0b100010db2b3","6a7b13a0ab7bced3c2926192","2026-08-11 08:23"
"Kuba","6744ee112d6c958a853b52a6","ZakyBoy","602adad6f1933a000135da45","6a7b13214060398581b43f4e","2026-08-11 08:23"
"Ringo","6046c8a097019400018ea4cf","swangambit","5f7ddfaa5e57b3000189a24e","6a7b12f8a136873e4c0303c2","2026-08-11 08:24"
"Gangooo | Jan","5c692ddbfa7cd6698082d404","BootyBread","5c9d59dde92b0c6610726f31","6a7b125ae907facac0940481","2026-08-11 08:24"
"simeon","62dc07edf32847e5836668f1","kcd","5aef47d3b18d0894c4ffe297","6a7b12bee907facac09405e6","2026-08-11 08:25"
"nagahama","69c350edba60e4673f416dd4","pisanico","5e59788312777c09acb5f77f","6a7b1375e907facac09408c4","2026-08-11 08:25"
"kabrioletlux","60b9f1cafd3caa00014a461e","Joseph Steinschleuder","69f60bced520d047ea43ed70","6a7b116335437221d3e30e38","2026-08-11 08:26"
"devj","5ee70329a237c362e06100b5","white_iverson97 on twitch","5bafdf02bb9fdd32283e4151","6a7b13daa136873e4c0305f3","2026-08-11 08:26"
"Ades (YT)","694060fd0b5941c5cbe18cbf","Maksonic","619d09bdc4ab7000016c68d3","6a7b13afab7bced3c29261be","2026-08-11 08:26"
"Kilkum","61b228be008ec800015ff0a9","Tudelzzz","6549fc9cf755320e28e30de7","6a7b1391e907facac094090a","2026-08-11 08:26"
"sparqkle","67af33931b7ca29477ec0276","wichura240","68767692157557d5c76a0ab6","6a7b1380e907facac09408e2","2026-08-11 08:26"
"PacinhoGEO","6a59be9a4251546af742f407","Sizzymon","67e5d0bd5242d5d8817a3551","6a7b141f4a2fa74eefd708fd","2026-08-11 08:26"
"hyourinmaru","663523ba8e313d3aa27852b0","koekemonster","602ea9c05fa0b100010db2b3","6a7b141de907facac0940ad9","2026-08-11 08:27"
"swangambit","5f7ddfaa5e57b3000189a24e","男方鬆 (N鴯D)","6409beba17491edb5a32b684","6a7b1475a136873e4c03073f","2026-08-11 08:27"
"Mimii_","699711a6047cff743822aac4","Dimsum","63f619f14068eb7d4bbb134d","6a7b13f3ab7bced3c29262a0","2026-08-11 08:27"
"Reynardo","619e21dbcd59be0001df98df","Kuba","6744ee112d6c958a853b52a6","6a7b1410104f88b8cfba62c6","2026-08-11 08:28"
"miniura","650ff17b12259a4cd34bd829","Ades (YT)","694060fd0b5941c5cbe18cbf","6a7b14ad4060398581b442d7","2026-08-11 08:28"
"ZakyBoy","602adad6f1933a000135da45","akia","6a0f4aea9f6f0bf394478379","6a7b14244060398581b4419f","2026-08-11 08:28"
"Størmyツ","69dd481c7e21cca802f20e61","Maksonic","619d09bdc4ab7000016c68d3","6a7b14f0ab7bced3c29265a2","2026-08-11 08:29"
"Eli's Kidney","632042618c4156e6645c5a75","ymot","5c296804097d019c9053201b","6a7b13abab7bced3c29261b6","2026-08-11 08:29"
"sparqkle","67af33931b7ca29477ec0276","tb_ro","603e081bd3dc740001da90e8","6a7b14d6e907facac0940d9a","2026-08-11 08:29"
"PacinhoGEO","6a59be9a4251546af742f407","Phil Obsyd","6888624a4a43b95a67225c45","6a7b14c6e907facac0940d4d","2026-08-11 08:29"
"hyourinmaru","663523ba8e313d3aa27852b0","swangambit","5f7ddfaa5e57b3000189a24e","6a7b1508e907facac0940e42","2026-08-11 08:31"
"BulgariaEnjoyer","60f46ec8cac323000166141d","Robinhood","6238ed45585d3a1784ef7ef6","6a7b1459104f88b8cfba6378","2026-08-11 08:32"
"nagahama","69c350edba60e4673f416dd4","pisanico","5e59788312777c09acb5f77f","6a7b148da80e5db070670c73","2026-08-11 08:32"
"男方鬆 (N鴯D)","6409beba17491edb5a32b684","white_iverson97 on twitch","5bafdf02bb9fdd32283e4151","6a7b1520a6334ae836f82101","2026-08-11 08:32"
"Gangooo | Jan","5c692ddbfa7cd6698082d404","szop","5e457e06c2a93b2b70217ecc","6a7b14c235437221d3e31785","2026-08-11 08:32"
"Tikon","621cddf10416aa00011b992b","Firma","5ff879f9ce04930001f6ee64","6a7b1404e907facac0940a8a","2026-08-11 08:33"
"Ades (YT)","694060fd0b5941c5cbe18cbf","Kuba","6744ee112d6c958a853b52a6","6a7b154de907facac0940f2a","2026-08-11 08:33"
"PacinhoGEO","6a59be9a4251546af742f407","Brodie Martin","5faa476abaecc90001bd5a08","6a7b15ade907facac0941078","2026-08-11 08:33"
"nagahama","69c350edba60e4673f416dd4","devj","5ee70329a237c362e06100b5","6a7b164fe907facac09412b5","2026-08-11 08:34"
"sparqkle","67af33931b7ca29477ec0276","Maksonic","619d09bdc4ab7000016c68d3","6a7b15a8ab7bced3c29267c0","2026-08-11 08:34"
"ZakyBoy","602adad6f1933a000135da45","Kome.jpeg","5bbdcfab2c01735208565bce","6a7b153bab7bced3c292665f","2026-08-11 08:34"
"choco","622e22e69974710001c132e3","tb_ro","603e081bd3dc740001da90e8","6a7b1595ab7bced3c2926787","2026-08-11 08:35"
"Kuba","6744ee112d6c958a853b52a6","Ades (YT)","694060fd0b5941c5cbe18cbf","6a7b1654ab7bced3c29269de","2026-08-11 08:36"
"Kuba love 2","68582b5f8e62427811441b60","Blanecin","5e8781f3b3ec177638be489a","6a7b16b1a136873e4c030cd9","2026-08-11 08:37"
"Robinhood","6238ed45585d3a1784ef7ef6","hyourinmaru","663523ba8e313d3aa27852b0","6a7b1651e907facac09412be","2026-08-11 08:38"
"Eli's Kidney","632042618c4156e6645c5a75","lol pop","622f101c589b350001a7ea5f","6a7b1571e907facac0940fb5","2026-08-11 08:38"
"swangambit","5f7ddfaa5e57b3000189a24e","Preussen","64da4d57e44ffbb819d935b1","6a7b15ecab7bced3c2926889","2026-08-11 08:39"
"nagahama","69c350edba60e4673f416dd4","cocomelon123","5ffc1edc415d4d00016642d7","6a7b169be907facac09413e5","2026-08-11 08:39"
"Maksonic","619d09bdc4ab7000016c68d3","Kuba","6744ee112d6c958a853b52a6","6a7b16fee907facac0941546","2026-08-11 08:39"
"devj","5ee70329a237c362e06100b5","ZakyBoy","602adad6f1933a000135da45","6a7b16cfe907facac09414b1","2026-08-11 08:39"
"しよえ　Shiyoe","6375a42d001fcb9df8d226d9","ymot","5c296804097d019c9053201b","6a7b15d0ab7bced3c292682b","2026-08-11 08:40"
"Kuba love 2","68582b5f8e62427811441b60","wichura240","68767692157557d5c76a0ab6","6a7b17d9e907facac0941849","2026-08-11 08:40"
"Ades (YT)","694060fd0b5941c5cbe18cbf","Aljosc","6285deec505b0a7a76ccca1d","6a7b175f35437221d3e31e99","2026-08-11 08:41"
"sparqkle","67af33931b7ca29477ec0276","miniura","650ff17b12259a4cd34bd829","6a7b16b6ab7bced3c2926af0","2026-08-11 08:42"
"Kuba love 2","68582b5f8e62427811441b60","Blanecin","5e8781f3b3ec177638be489a","6a7b17dce907facac0941852","2026-08-11 08:42"
"szop","5e457e06c2a93b2b70217ecc","Gangooo | Jan","5c692ddbfa7cd6698082d404","6a7b1650e907facac09412b9","2026-08-11 08:42"
"hyourinmaru","663523ba8e313d3aa27852b0","swangambit","5f7ddfaa5e57b3000189a24e","6a7b17bfab7bced3c2926de5","2026-08-11 08:43"
"Joseph Steinschleuder","69f60bced520d047ea43ed70","Reynardo","619e21dbcd59be0001df98df","6a7b154eab7bced3c29266ae","2026-08-11 08:44"
"Kuba love 2","68582b5f8e62427811441b60","Ades (YT)","694060fd0b5941c5cbe18cbf","6a7b1831e907facac094195f","2026-08-11 08:44"
"Dan YAile","60ef0697612a5400012c89a3","男方鬆 (N鴯D)","6409beba17491edb5a32b684","6a7b18b1e907facac0941b30","2026-08-11 08:45"
"Kuba love 2","68582b5f8e62427811441b60","Blanecin","5e8781f3b3ec177638be489a","6a7b188035437221d3e32166","2026-08-11 08:45"
"Kuba","6744ee112d6c958a853b52a6","Jakub","5bef0f16fa37262f1c2c2d68","6a7b188fe907facac0941a99","2026-08-11 08:45"
"しよえ　Shiyoe","6375a42d001fcb9df8d226d9","盲","63b6a120ed1bf0b1b513dfb8","6a7b180be907facac09418e9","2026-08-11 08:46"
"hyourinmaru","663523ba8e313d3aa27852b0","swangambit","5f7ddfaa5e57b3000189a24e","6a7b18a4ab7bced3c2927026","2026-08-11 08:46"
"nagahama","69c350edba60e4673f416dd4","devj","5ee70329a237c362e06100b5","6a7b17e2a136873e4c030f9b","2026-08-11 08:46"
"ZakyBoy","602adad6f1933a000135da45","lol pop","622f101c589b350001a7ea5f","6a7b17bae907facac09417df","2026-08-11 08:46"
"Flubbersticks","69387a54dc6fdd9da05c91cd","Nick.BY","5926b86352e6ca6c8c1463d7","6a7b191f104f88b8cfba6eb1","2026-08-11 08:46"
"choco","622e22e69974710001c132e3","tb_ro","603e081bd3dc740001da90e8","6a7b17846e25824a1ebde8ea","2026-08-11 08:46"
"BulgariaEnjoyer","60f46ec8cac323000166141d","Robinhood","6238ed45585d3a1784ef7ef6","6a7b17d8e907facac0941844","2026-08-11 08:47"
"Magnus","679395e4205fcbaaa18ff360","男方鬆 (N鴯D)","6409beba17491edb5a32b684","6a7b1974e907facac0941e33","2026-08-11 08:47"
"Aljosc","6285deec505b0a7a76ccca1d","Maksonic","619d09bdc4ab7000016c68d3","6a7b1847e907facac09419b0","2026-08-11 08:47"
"gokhale","68257ab1be5b31c617f37156","Kuba love 2","68582b5f8e62427811441b60","6a7b1928e907facac0941cf9","2026-08-11 08:48"
"Dan YAile","60ef0697612a5400012c89a3","Salem","63af4615494c2bc27e4a2f31","6a7b194be907facac0941d83","2026-08-11 08:49"
"Kuba","6744ee112d6c958a853b52a6","Superhorstuwe","67f42dea666326f3169cde54","6a7b194fe907facac0941d8e","2026-08-11 08:49"
"Preussen","64da4d57e44ffbb819d935b1","ymot","5c296804097d019c9053201b","6a7b182ee907facac0941956","2026-08-11 08:50"
"Kuba love 2","68582b5f8e62427811441b60","男方鬆 (N鴯D)","6409beba17491edb5a32b684","6a7b1976ab7bced3c29272d8","2026-08-11 08:50"
"Dumby The Wizard","62d3d7745f2d61d4ee64cca9","ZakyBoy","602adad6f1933a000135da45","6a7b1975e907facac0941e38","2026-08-11 08:51"
"Ades (YT)","694060fd0b5941c5cbe18cbf","cocomelon123","5ffc1edc415d4d00016642d7","6a7b191ae907facac0941ca7","2026-08-11 08:51"
"lol pop","622f101c589b350001a7ea5f","slim shady","57689d1b813a4f985c9652a3","6a7b19a5ab7bced3c292737b","2026-08-11 08:51"
"PacinhoGEO","6a59be9a4251546af742f407","iPhone Jurre","62eb07c3f97ba8f74871ffdc","6a7b1890e907facac0941a9e","2026-08-11 08:51"
"devj","5ee70329a237c362e06100b5","Reynardo","619e21dbcd59be0001df98df","6a7b1980ab7bced3c29272fa","2026-08-11 08:52"
"男方鬆 (N鴯D)","6409beba17491edb5a32b684","Kuba love 2","68582b5f8e62427811441b60","6a7b1a6835437221d3e327c9","2026-08-11 08:52"
"hyourinmaru","663523ba8e313d3aa27852b0","しよえ　Shiyoe","6375a42d001fcb9df8d226d9","6a7b198d35437221d3e324b7","2026-08-11 08:53"
"swangambit","5f7ddfaa5e57b3000189a24e","盲","63b6a120ed1bf0b1b513dfb8","6a7b1980a136873e4c031456","2026-08-11 08:53"
"Maksonic","619d09bdc4ab7000016c68d3","Kuba love 2","68582b5f8e62427811441b60","6a7b19fa104f88b8cfba713b","2026-08-11 08:53"
"Magnus","679395e4205fcbaaa18ff360","GCU","69f74f7bd9284e0db0e2a65c","6a7b19cee907facac0941fb4","2026-08-11 08:53"
"Blanecin","5e8781f3b3ec177638be489a","Kuba","6744ee112d6c958a853b52a6","6a7b1a25104f88b8cfba7263","2026-08-11 08:53"
"GeoChad147 (Youtube)","61333da66ab477000167c55b","xLUKSx","64d521a2d30d20f558f0863d","6a7b1a19e907facac0942114","2026-08-11 08:53"
"Robinhood","6238ed45585d3a1784ef7ef6","Geomalick","61fd64f28c0f8100014ebf0b","6a7b1a5ae907facac094221c","2026-08-11 08:54"
"PechSP","5e9662142ad6cfadc8e2db9d","Preussen","64da4d57e44ffbb819d935b1","6a7b1a5e35437221d3e327a0","2026-08-11 08:55"
"盲","63b6a120ed1bf0b1b513dfb8","swangambit","5f7ddfaa5e57b3000189a24e","6a7b1b05e907facac0942454","2026-08-11 08:55"
"white_iverson97 on twitch","5bafdf02bb9fdd32283e4151","wichura240","68767692157557d5c76a0ab6","6a7b1a61a6334ae836f82dc9","2026-08-11 08:55"
"Reynardo","619e21dbcd59be0001df98df","Maksonic","619d09bdc4ab7000016c68d3","6a7b1b424060398581b45395","2026-08-11 08:56"
"Kuba love 2","68582b5f8e62427811441b60","Magnus","679395e4205fcbaaa18ff360","6a7b1b19e907facac094248f","2026-08-11 08:56"
"Ades (YT)","694060fd0b5941c5cbe18cbf","ZakyBoy","602adad6f1933a000135da45","6a7b1a97e907facac09422fa","2026-08-11 08:57"
"Robinhood","6238ed45585d3a1784ef7ef6","hyourinmaru","663523ba8e313d3aa27852b0","6a7b1b3aab7bced3c29278b7","2026-08-11 08:58"
"男方鬆 (N鴯D)","6409beba17491edb5a32b684","路易十六","65337c686711b99177ed189b","6a7b1bc4ab7bced3c2927a8e","2026-08-11 08:58"
"Kuba","6744ee112d6c958a853b52a6","Blanecin","5e8781f3b3ec177638be489a","6a7b1b01e907facac094244c","2026-08-11 08:58"
"Dumby The Wizard","62d3d7745f2d61d4ee64cca9","slim shady","57689d1b813a4f985c9652a3","6a7b1abfab7bced3c292773a","2026-08-11 08:59"
"Superhorstuwe","67f42dea666326f3169cde54","Eli's Kidney","632042618c4156e6645c5a75","6a7b1a3d104f88b8cfba72bb","2026-08-11 08:59"
"sparqkle","67af33931b7ca29477ec0276","miniura","650ff17b12259a4cd34bd829","6a7b18db6e25824a1ebdebd7","2026-08-11 08:59"
"盲","63b6a120ed1bf0b1b513dfb8","swangambit","5f7ddfaa5e57b3000189a24e","6a7b1b89e907facac09425ff","2026-08-11 09:00"
"ymot","5c296804097d019c9053201b","choco","622e22e69974710001c132e3","6a7b1a77e907facac0942275","2026-08-11 09:00"
"男方鬆 (N鴯D)","6409beba17491edb5a32b684","Kuba","6744ee112d6c958a853b52a6","6a7b1c53e907facac0942972","2026-08-11 09:00"
"Kuba love 2","68582b5f8e62427811441b60","Maksonic","619d09bdc4ab7000016c68d3","6a7b1bfc4060398581b455a8","2026-08-11 09:00"
"Dumby The Wizard","62d3d7745f2d61d4ee64cca9","Eli's Kidney","632042618c4156e6645c5a75","6a7b1c9c35437221d3e32e5f","2026-08-11 09:01"
"Yanek","5e625daa90d6cfa438a867a6","盲","63b6a120ed1bf0b1b513dfb8","6a7b1cc8e907facac0942b14","2026-08-11 09:02"
"ymot","5c296804097d019c9053201b","swangambit","5f7ddfaa5e57b3000189a24e","6a7b1cb4e907facac0942ad8","2026-08-11 09:03"
"lol pop","622f101c589b350001a7ea5f","white_iverson97 on twitch","5bafdf02bb9fdd32283e4151","6a7b1ba8ab7bced3c2927a05","2026-08-11 09:03"
"ZakyBoy","602adad6f1933a000135da45","Ades (YT)","694060fd0b5941c5cbe18cbf","6a7b1c22a136873e4c031bc9","2026-08-11 09:03"
"choco","622e22e69974710001c132e3","Skaven","684ffbcec374eb437a89fc20","6a7b1ca84060398581b457bb","2026-08-11 09:03"
"しよえ　Shiyoe","6375a42d001fcb9df8d226d9","manuelson","5eff753e4fc56993542703a7","6a7b1b52e907facac094254a","2026-08-11 09:04"
"男方鬆 (N鴯D)","6409beba17491edb5a32b684","Kuba","6744ee112d6c958a853b52a6","6a7b1cd135437221d3e32ee1","2026-08-11 09:04"
"Azuryne","61e444e727627e00010d0fcd","Kuba love 2","68582b5f8e62427811441b60","6a7b1c40e907facac0942912","2026-08-11 09:04"
"路易十六","65337c686711b99177ed189b","GeoChad147 (Youtube)","61333da66ab477000167c55b","6a7b1c4735437221d3e32d24","2026-08-11 09:04"
"ZakyBoy","602adad6f1933a000135da45","ミルト","63bab35ecf1bb4ef91a541c6","6a7b1d7cab7bced3c29280d9","2026-08-11 09:05"
"Joseph Steinschleuder","69f60bced520d047ea43ed70","Robinhood","6238ed45585d3a1784ef7ef6","6a7b1c65ab7bced3c2927d0f","2026-08-11 09:06"
"Preussen","64da4d57e44ffbb819d935b1","Reynardo","619e21dbcd59be0001df98df","6a7b1be8e907facac0942790","2026-08-11 09:06"
"choco","622e22e69974710001c132e3","white_iverson97 on twitch","5bafdf02bb9fdd32283e4151","6a7b1d69e907facac0942d7b","2026-08-11 09:06"
"swangambit","5f7ddfaa5e57b3000189a24e","男方鬆 (N鴯D)","6409beba17491edb5a32b684","6a7b1da9ab7bced3c2928187","2026-08-11 09:07"
"nagahama","69c350edba60e4673f416dd4","盲","63b6a120ed1bf0b1b513dfb8","6a7b1d5cab7bced3c2928067","2026-08-11 09:07"
"Maksonic","619d09bdc4ab7000016c68d3","sparqkle","67af33931b7ca29477ec0276","6a7b1ce2e907facac0942b7e","2026-08-11 09:07"
"parsec","670c184c705e783701c753c0","路易十六","65337c686711b99177ed189b","6a7b1dafe907facac0942e9f","2026-08-11 09:07"
"swangambit","5f7ddfaa5e57b3000189a24e","男方鬆 (N鴯D)","6409beba17491edb5a32b684","6a7b1e65a136873e4c0321a9","2026-08-11 09:08"
"xyz121","69743aff656999ac66c57552","miniura","650ff17b12259a4cd34bd829","6a7b1d10e907facac0942c27","2026-08-11 09:08"
"Kuba love 2","68582b5f8e62427811441b60","路易十六","65337c686711b99177ed189b","6a7b1e52e907facac09430e9","2026-08-11 09:09"
"hyourinmaru","663523ba8e313d3aa27852b0","iNS4NE","596fcdabcf818c83482add39","6a7b1ce5e907facac0942b89","2026-08-11 09:10"
"Superhorstuwe","67f42dea666326f3169cde54","Dumby The Wizard","62d3d7745f2d61d4ee64cca9","6a7b1cfea6334ae836f834b2","2026-08-11 09:10"
"Kuba","6744ee112d6c958a853b52a6","lol pop","622f101c589b350001a7ea5f","6a7b1dace907facac0942e95","2026-08-11 09:10"
"しよえ　Shiyoe","6375a42d001fcb9df8d226d9","Preussen","64da4d57e44ffbb819d935b1","6a7b1e4ce907facac09430d7","2026-08-11 09:11"
"Kuba love 2","68582b5f8e62427811441b60","swangambit","5f7ddfaa5e57b3000189a24e","6a7b1ecee907facac09432a4","2026-08-11 09:11"
"ZakyBoy","602adad6f1933a000135da45","Grategonalop","5d0cfad48b19a91fe05aaa20","6a7b1e016e25824a1ebdfa1d","2026-08-11 09:11"
"ミルト","63bab35ecf1bb4ef91a541c6","parsec","670c184c705e783701c753c0","6a7b1e4fe907facac09430de","2026-08-11 09:11"
"nagahama","69c350edba60e4673f416dd4","盲","63b6a120ed1bf0b1b513dfb8","6a7b1e52e907facac09430ea","2026-08-11 09:12"
"sparqkle","67af33931b7ca29477ec0276","男方鬆 (N鴯D)","6409beba17491edb5a32b684","6a7b1eb2e907facac0943217","2026-08-11 09:12"
"miniura","650ff17b12259a4cd34bd829","Aaryan22","657021f7412bfd95aad62550","6a7b1f21ab7bced3c2928677","2026-08-11 09:12"
"Kuba love 2","68582b5f8e62427811441b60","Maksonic","619d09bdc4ab7000016c68d3","6a7b1f96e907facac09435e4","2026-08-11 09:14"
"cocomelon123","5ffc1edc415d4d00016642d7","tr","654bd5dfad693a62843361db","6a7b1c91e907facac0942a43","2026-08-11 09:14"
"welch's","6421b17d8e757a784e9494d9","Superhorstuwe","67f42dea666326f3169cde54","6a7b1f3bab7bced3c29286bd","2026-08-11 09:14"
"BulgariaEnjoyer","60f46ec8cac323000166141d","Robinhood","6238ed45585d3a1784ef7ef6","6a7b1ccaa136873e4c031da0","2026-08-11 09:15"
"Daan","5f91a2db3d05310001d589c3","Nick.BY","5926b86352e6ca6c8c1463d7","6a7b1dd9ab7bced3c2928236","2026-08-11 09:15"
"Grategonalop","5d0cfad48b19a91fe05aaa20","Preussen","64da4d57e44ffbb819d935b1","6a7b1f71e907facac0943527","2026-08-11 09:16"
"Kuba","6744ee112d6c958a853b52a6","kriszh","5922abce1bba700c703b0c00","6a7b1ef9ab7bced3c2928610","2026-08-11 09:17"
"hyourinmaru","663523ba8e313d3aa27852b0","しよえ　Shiyoe","6375a42d001fcb9df8d226d9","6a7b1f464060398581b45f02","2026-08-11 09:18"
"✰drku✰","6390a751742539856b34c860","parsec","670c184c705e783701c753c0","6a7b1f92e907facac09435dc","2026-08-11 09:18"
"Ritchie","5ff84d182c4df40001592f85","miniura","650ff17b12259a4cd34bd829","6a7b2043e907facac09439d8","2026-08-11 09:18"
"Skaven","684ffbcec374eb437a89fc20","Pegi","61d641c61f131400016c9b9c","6a7b1ffde907facac0943808","2026-08-11 09:18"
"Ricky Beast","5ff33554455e6800011e3146","Kuba love 2","68582b5f8e62427811441b60","6a7b2000e907facac094385a","2026-08-11 09:19"
"Wodak","6796246986227732f607bc7a","Maksonic","619d09bdc4ab7000016c68d3","6a7b2010ab7bced3c2928aa4","2026-08-11 09:19"
"Grategonalop","5d0cfad48b19a91fe05aaa20","Kuba","6744ee112d6c958a853b52a6","6a7b20b24a2fa74eefd729f9","2026-08-11 09:19"
"男方鬆 (N鴯D)","6409beba17491edb5a32b684","sparqkle","67af33931b7ca29477ec0276","6a7b1f7f35437221d3e336bb","2026-08-11 09:19"
"xyz121","69743aff656999ac66c57552","Reynardo","619e21dbcd59be0001df98df","6a7b1e92ab7bced3c2928491","2026-08-11 09:20"
"Aaryan22","657021f7412bfd95aad62550","路易十六","65337c686711b99177ed189b","6a7b1fe0e907facac094375d","2026-08-11 09:20"
"pandem","5c07cb21fa3726c568e5c718","Kakadu","5e5a2a7326bbda5f8c0d9c4d","6a7b2012e907facac09438ac","2026-08-11 09:20"
"bodysfailing","69fd3dc20731483be6bd7038","Geomalick","61fd64f28c0f8100014ebf0b","6a7b1ff635437221d3e338fa","2026-08-11 09:21"
"Kuba love 2","68582b5f8e62427811441b60","Ritchie","5ff84d182c4df40001592f85","6a7b2138ab7bced3c2928ec5","2026-08-11 09:22"
"Flubbersticks","69387a54dc6fdd9da05c91cd","Détracteur XP","6744b431e051f86c83658419","6a7b216bab7bced3c2928fa9","2026-08-11 09:22"
"Grategonalop","5d0cfad48b19a91fe05aaa20","Kuba","6744ee112d6c958a853b52a6","6a7b214dab7bced3c2928f28","2026-08-11 09:23"
"Skaven","684ffbcec374eb437a89fc20","Pegi","61d641c61f131400016c9b9c","6a7b20fea136873e4c0329b5","2026-08-11 09:23"
"francishow","6048173c50a8500001ba84d8","Mander","603026c807eb810001e85592","6a7b206ee907facac0943a99","2026-08-11 09:23"
"tr","654bd5dfad693a62843361db","Kuba love 2","68582b5f8e62427811441b60","6a7b2214ab7bced3c29291db","2026-08-11 09:24"
"Ritchie","5ff84d182c4df40001592f85","Freezy","65f32cb72d73cb4cf283ec33","6a7b21feab7bced3c2929197","2026-08-11 09:24"
"しよえ　Shiyoe","6375a42d001fcb9df8d226d9","hyourinmaru","663523ba8e313d3aa27852b0","6a7b2123e907facac0943d4b","2026-08-11 09:25"
"sparqkle","67af33931b7ca29477ec0276","男方鬆 (N鴯D)","6409beba17491edb5a32b684","6a7b21964060398581b466d2","2026-08-11 09:25"
"Pirik","669e6134d95d857a27cbc0cd","parsec","670c184c705e783701c753c0","6a7b2173ab7bced3c2928fc3","2026-08-11 09:25"
"Nick.BY","5926b86352e6ca6c8c1463d7","nagahama","69c350edba60e4673f416dd4","6a7b21d3ab7bced3c2929139","2026-08-11 09:27"
"Kuba love 2","68582b5f8e62427811441b60","Aaryan22","657021f7412bfd95aad62550","6a7b2261a136873e4c032df8","2026-08-11 09:27"
"Ritchie","5ff84d182c4df40001592f85","男方鬆 (N鴯D)","6409beba17491edb5a32b684","6a7b228fab7bced3c292934a","2026-08-11 09:27"
"hyourinmaru","663523ba8e313d3aa27852b0","bodysfailing","69fd3dc20731483be6bd7038","6a7b2281ab7bced3c2929337","2026-08-11 09:28"
"Maksonic","619d09bdc4ab7000016c68d3","Wodak","6796246986227732f607bc7a","6a7b21d435437221d3e33f68","2026-08-11 09:28"
"Robinhood","6238ed45585d3a1784ef7ef6","Geomalick","61fd64f28c0f8100014ebf0b","6a7b21bda136873e4c032c34","2026-08-11 09:29"
"swangambit","5f7ddfaa5e57b3000189a24e","Nick.BY","5926b86352e6ca6c8c1463d7","6a7b2334534d46df57062652","2026-08-11 09:29"
"Preussen","64da4d57e44ffbb819d935b1","cocomelon123","5ffc1edc415d4d00016642d7","6a7b207f35437221d3e33af4","2026-08-11 09:29"
"Steffko","614c94dc6af59f00016df6f4","ZakyBoy","602adad6f1933a000135da45","6a7b2043ab7bced3c2928b8a","2026-08-11 09:29"
"Jakub","5bef0f16fa37262f1c2c2d68","MEweedle","64a529b2df23a5d96c23f097","6a7b21f1e907facac09440ab","2026-08-11 09:29"
"Fructidor","69d9a0dd291d3a2e5184c64e","Robinhood","6238ed45585d3a1784ef7ef6","6a7b2233e907facac09441a4","2026-08-11 09:30"
"Dumby The Wizard","62d3d7745f2d61d4ee64cca9","Mander","603026c807eb810001e85592","6a7b2297ab7bced3c2929363","2026-08-11 09:30"
"Kuba love 2","68582b5f8e62427811441b60","男方鬆 (N鴯D)","6409beba17491edb5a32b684","6a7b231c144756e2fa955b4b","2026-08-11 09:30"
"adameq","626c3725834eacd247226547","Lost Paradise","66e46f109b53fcb55436dd52","6a7b22dcab7bced3c2929480","2026-08-11 09:31"
"Ades (YT)","694060fd0b5941c5cbe18cbf","reezwon","67cc28f8f758eb4f26db5827","6a7b2395144756e2fa955d25","2026-08-11 09:31"
"Nick.BY","5926b86352e6ca6c8c1463d7","✰drku✰","6390a751742539856b34c860","6a7b2379144756e2fa955cb2","2026-08-11 09:32"
"Skaven","684ffbcec374eb437a89fc20","Kuba","6744ee112d6c958a853b52a6","6a7b22164a2fa74eefd72dd4","2026-08-11 09:32"
"Cassosclub","65a7c8563d08098ae0def9f9","Norbiertusz","623df08fb17af4cb711a7b38","6a7b231be907facac09444e0","2026-08-11 09:32"
"Ricky Beast","5ff33554455e6800011e3146","Wodak","6796246986227732f607bc7a","6a7b2368144756e2fa955c7d","2026-08-11 09:33"
"nagahama","69c350edba60e4673f416dd4","Zendaya","679def87311b366ecb41dcae","6a7b22fb156e423d0b909c11","2026-08-11 09:33"
"Maksonic","619d09bdc4ab7000016c68d3","Aaryan22","657021f7412bfd95aad62550","6a7b2385534d46df5706274b","2026-08-11 09:33"
"hyourinmaru","663523ba8e313d3aa27852b0","bodysfailing","69fd3dc20731483be6bd7038","6a7b2361144756e2fa955c5b","2026-08-11 09:34"
"Norbiertusz","623df08fb17af4cb711a7b38","✰drku✰","6390a751742539856b34c860","6a7b242f534d46df570629bf","2026-08-11 09:34"
"Maksonic","619d09bdc4ab7000016c68d3","Aaryan22","657021f7412bfd95aad62550","6a7b2469144756e2fa956068","2026-08-11 09:35"
"reezwon","67cc28f8f758eb4f26db5827","Kuba","6744ee112d6c958a853b52a6","6a7b243a9746a16513492b2b","2026-08-11 09:35"
"Dumby The Wizard","62d3d7745f2d61d4ee64cca9","zappi","605b96419b413c0001f0390b","6a7b23d6144756e2fa955e7e","2026-08-11 09:36"
"男方鬆 (N鴯D)","6409beba17491edb5a32b684","Wodak","6796246986227732f607bc7a","6a7b249e097def45390c6a00","2026-08-11 09:36"
"BulgariaEnjoyer","60f46ec8cac323000166141d","Robinhood","6238ed45585d3a1784ef7ef6","6a7b24449746a16513492b36","2026-08-11 09:37"
"Shiina","5de7a59044d2a42f78156b33","しよえ　Shiyoe","6375a42d001fcb9df8d226d9","6a7b2309e907facac09444b8","2026-08-11 09:37"
"BulgariaEnjoyer","60f46ec8cac323000166141d","Robinhood","6238ed45585d3a1784ef7ef6","6a7b24449746a16513492b36","2026-08-11 09:37"
"Preussen","64da4d57e44ffbb819d935b1","swangambit","5f7ddfaa5e57b3000189a24e","6a7b2391144756e2fa955d11","2026-08-11 09:37"
"Kuba love 2","68582b5f8e62427811441b60","Ricky Beast","5ff33554455e6800011e3146","6a7b24b3534d46df57062b88","2026-08-11 09:37"
"Kuba","6744ee112d6c958a853b52a6","reezwon","67cc28f8f758eb4f26db5827","6a7b24dc534d46df57062c44","2026-08-11 09:37"
"GeoChad147 (Youtube)","61333da66ab477000167c55b","Steffko","614c94dc6af59f00016df6f4","6a7b23b3534d46df57062816","2026-08-11 09:37"
"Juagie","601b3f4047f927000155a753","Nick.BY","5926b86352e6ca6c8c1463d7","6a7b2449534d46df57062a2a","2026-08-11 09:38"
"Delema()()()","65869f62df3f7bea3fa1d675","bodysfailing","69fd3dc20731483be6bd7038","6a7b2496156e423d0b90a0a6","2026-08-11 09:38"
"swangambit","5f7ddfaa5e57b3000189a24e","Kuba love 2","68582b5f8e62427811441b60","6a7b256c144756e2fa9564a2","2026-08-11 09:39"
"adameq","626c3725834eacd247226547","zappi","605b96419b413c0001f0390b","6a7b253a0e14ed41c4108798","2026-08-11 09:39"
"Maksonic","619d09bdc4ab7000016c68d3","男方鬆 (N鴯D)","6409beba17491edb5a32b684","6a7b253a0e14ed41c4108797","2026-08-11 09:39"
"ImAkiro","5a2ac652393725796877c061","Joseph Steinschleuder","69f60bced520d047ea43ed70","6a7b237a156e423d0b909d26","2026-08-11 09:40"
"nagahama","69c350edba60e4673f416dd4","Zendaya","679def87311b366ecb41dcae","6a7b24cb534d46df57062be2","2026-08-11 09:40"
"Aaryan22","657021f7412bfd95aad62550","ꀋꏦꇊ","679857c21e3f92bc77808937","6a7b25bde14d766ca20dca1b","2026-08-11 09:40"
"parsec","670c184c705e783701c753c0","Norbiertusz","623df08fb17af4cb711a7b38","6a7b24d5144756e2fa956214","2026-08-11 09:40"
"Ricky Beast","5ff33554455e6800011e3146","Kuba love 2","68582b5f8e62427811441b60","6a7b25ce144756e2fa956630","2026-08-11 09:41"
"Fructidor","69d9a0dd291d3a2e5184c64e","Zhihh","63b435e80510075fa39ac039","6a7b2412144756e2fa955f46","2026-08-11 09:41"
"reezwon","67cc28f8f758eb4f26db5827","Kuba","6744ee112d6c958a853b52a6","6a7b2563534d46df57062e18","2026-08-11 09:41"
"Skaven","684ffbcec374eb437a89fc20","Cassosclub","65a7c8563d08098ae0def9f9","6a7b243d144756e2fa955fe6","2026-08-11 09:42"
"Delema()()()","65869f62df3f7bea3fa1d675","Geomalick","61fd64f28c0f8100014ebf0b","6a7b2605144756e2fa9566fd","2026-08-11 09:43"
"bodysfailing","69fd3dc20731483be6bd7038","hyourinmaru","663523ba8e313d3aa27852b0","6a7b25bc534d46df57062f8a","2026-08-11 09:43"
"Maksonic","619d09bdc4ab7000016c68d3","reezwon","67cc28f8f758eb4f26db5827","6a7b2655144756e2fa95685c","2026-08-11 09:43"
"pandem","5c07cb21fa3726c568e5c718","KAITOOO","62e8c3ab0065abc49aca361d","6a7b2320e907facac09444ed","2026-08-11 09:43"
"男方鬆 (N鴯D)","6409beba17491edb5a32b684","Ritchie","5ff84d182c4df40001592f85","6a7b25f50e14ed41c410897f","2026-08-11 09:44"
"Sydn4y","67853ea3426d61dc087f1e1f","Richardpatmore897541","626f4ff51c64d858a198039e","6a7b262f534d46df57063109","2026-08-11 09:44"
"miniura","650ff17b12259a4cd34bd829","Bakin","5ffdf536d32ba400016a0188","6a7b25df097def45390c6da2","2026-08-11 09:44"
"GeoChad147 (Youtube)","61333da66ab477000167c55b","ハシビロ","62fd923738281a76193b9110","6a7b25a30e14ed41c41088b5","2026-08-11 09:45"
"Nick.BY","5926b86352e6ca6c8c1463d7","swangambit","5f7ddfaa5e57b3000189a24e","6a7b25d0144756e2fa956633","2026-08-11 09:46"
"BulgariaEnjoyer","60f46ec8cac323000166141d","Robinhood","6238ed45585d3a1784ef7ef6","6a7b27410e14ed41c4108d53","2026-08-11 09:47"
"Wodak","6796246986227732f607bc7a","Kuba love 2","68582b5f8e62427811441b60","6a7b2662144756e2fa95688d","2026-08-11 09:47"
"Kuba","6744ee112d6c958a853b52a6","Skaven","684ffbcec374eb437a89fc20","6a7b2682144756e2fa956932","2026-08-11 09:47"
"BulgariaEnjoyer","60f46ec8cac323000166141d","Robinhood","6238ed45585d3a1784ef7ef6","6a7b27410e14ed41c4108d53","2026-08-11 09:48"
"bodysfailing","69fd3dc20731483be6bd7038","hyourinmaru","663523ba8e313d3aa27852b0","6a7b26e11a02d89d5e1424c2","2026-08-11 09:48"
"reezwon","67cc28f8f758eb4f26db5827","男方鬆 (N鴯D)","6409beba17491edb5a32b684","6a7b271c144756e2fa956b8a","2026-08-11 09:48"
"アラメイン","68445484b91725e394c6e69d","Zhihh","63b435e80510075fa39ac039","6a7b2787156e423d0b90aa09","2026-08-11 09:48"
"nagahama","69c350edba60e4673f416dd4","Lofty","5aa426e6afad0f7de4936eda","6a7b2715144756e2fa956b6c","2026-08-11 09:49"
"Maksonic","619d09bdc4ab7000016c68d3","Reynardo","619e21dbcd59be0001df98df","6a7b26e4144756e2fa956aba","2026-08-11 09:49"
"Ades (YT)","694060fd0b5941c5cbe18cbf","Aaryan22","657021f7412bfd95aad62550","6a7b26bd144756e2fa956a12","2026-08-11 09:49"
"zappi","605b96419b413c0001f0390b","parsec","670c184c705e783701c753c0","6a7b260d144756e2fa95671d","2026-08-11 09:49"
"timejt (umyty)","69582268b237877e44ea8d1f","Ritchie","5ff84d182c4df40001592f85","6a7b27d0144756e2fa956e8b","2026-08-11 09:49"
"Sydn4y","67853ea3426d61dc087f1e1f","GeoChad147 (Youtube)","61333da66ab477000167c55b","6a7b274e534d46df570634b6","2026-08-11 09:49"
"Robinhood","6238ed45585d3a1784ef7ef6","Geomalick","61fd64f28c0f8100014ebf0b","6a7b27f5156e423d0b90aba7","2026-08-11 09:50"
"Juagie","601b3f4047f927000155a753","しよえ　Shiyoe","6375a42d001fcb9df8d226d9","6a7b25bd0e14ed41c41088f5","2026-08-11 09:50"
"Kuba love 2","68582b5f8e62427811441b60","男方鬆 (N鴯D)","6409beba17491edb5a32b684","6a7b27e9534d46df57063729","2026-08-11 09:50"
"miniura","650ff17b12259a4cd34bd829","Cassosclub","65a7c8563d08098ae0def9f9","6a7b272d534d46df57063450","2026-08-11 09:50"
"plotter","674c4756fb60b9f111e6e0b4","Robinhood","6238ed45585d3a1784ef7ef6","6a7b2827097def45390c74d1","2026-08-11 09:51"
"swangambit","5f7ddfaa5e57b3000189a24e","Nick.BY","5926b86352e6ca6c8c1463d7","6a7b276d4c6dc4eef8518b18","2026-08-11 09:51"
"Ritchie","5ff84d182c4df40001592f85","timejt (umyty)","69582268b237877e44ea8d1f","6a7b282c144756e2fa957029","2026-08-11 09:51"
"Robinhood","6238ed45585d3a1784ef7ef6","Geomalick","61fd64f28c0f8100014ebf0b","6a7b286f144756e2fa957133","2026-08-11 09:52"
"Ricky Beast","5ff33554455e6800011e3146","BYL","665af55a0f1c875d08a700fb","6a7b274b144756e2fa956c62","2026-08-11 09:52"
"Wodak","6796246986227732f607bc7a","Kuba love 2","68582b5f8e62427811441b60","6a7b27cd0e14ed41c4108ed0","2026-08-11 09:52"
"男方鬆 (N鴯D)","6409beba17491edb5a32b684","Aaryan22","657021f7412bfd95aad62550","6a7b288e144756e2fa9571b4","2026-08-11 09:52"
"Sydn4y","67853ea3426d61dc087f1e1f","Cassosclub","65a7c8563d08098ae0def9f9","6a7b287e534d46df5706395b","2026-08-11 09:52"
"plotter","674c4756fb60b9f111e6e0b4","Robinhood","6238ed45585d3a1784ef7ef6","6a7b28a5156e423d0b90adca","2026-08-11 09:53"
"bodysfailing","69fd3dc20731483be6bd7038","hyourinmaru","663523ba8e313d3aa27852b0","6a7b281c534d46df57063801","2026-08-11 09:53"
"Robinhood","6238ed45585d3a1784ef7ef6","Delema()()()","65869f62df3f7bea3fa1d675","6a7b28ef144756e2fa957317","2026-08-11 09:54"
"Maksonic","619d09bdc4ab7000016c68d3","Kuba love 2","68582b5f8e62427811441b60","6a7b2892e14d766ca20dd1ee","2026-08-11 09:54"
"アラメイン","68445484b91725e394c6e69d","Kuba love 2","68582b5f8e62427811441b60","6a7b2861534d46df570638f6","2026-08-11 09:55"
"男方鬆 (N鴯D)","6409beba17491edb5a32b684","ZakyBoy","602adad6f1933a000135da45","6a7b29100e14ed41c4109251","2026-08-11 09:55"
"Kuba","6744ee112d6c958a853b52a6","Skaven","684ffbcec374eb437a89fc20","6a7b27c70e14ed41c4108ec3","2026-08-11 09:55"
"parsec","670c184c705e783701c753c0","zappi","605b96419b413c0001f0390b","6a7b2841144756e2fa957088","2026-08-11 09:55"
"plotter","674c4756fb60b9f111e6e0b4","Robinhood","6238ed45585d3a1784ef7ef6","6a7b290d534d46df57063b49","2026-08-11 09:56"
"Wodak","6796246986227732f607bc7a","Kuba love 2","68582b5f8e62427811441b60","6a7b28e50e14ed41c41091e1","2026-08-11 09:56"
"BulgariaEnjoyer","60f46ec8cac323000166141d","Blinky","5b51062a4010740f7cd91dd5","6a7b27c2156e423d0b90ab0d","2026-08-11 09:57"
"Ritchie","5ff84d182c4df40001592f85","timejt (umyty)","69582268b237877e44ea8d1f","6a7b28cd9746a1651349377c","2026-08-11 09:57"
"plotter","674c4756fb60b9f111e6e0b4","Robinhood","6238ed45585d3a1784ef7ef6","6a7b2a02144756e2fa9577d1","2026-08-11 09:58"
"Geomalick","61fd64f28c0f8100014ebf0b","Ricky Beast","5ff33554455e6800011e3146","6a7b294c097def45390c7835","2026-08-11 09:58"
"Fructidor","69d9a0dd291d3a2e5184c64e","Zendaya","679def87311b366ecb41dcae","6a7b2698534d46df57063279","2026-08-11 09:58"
"M A D A R A","680ebd4ab8187db80148ff47","Max","5f847db332173400011b50bb","6a7b298d144756e2fa957624","2026-08-11 09:58"
"ZakyBoy","602adad6f1933a000135da45","Palmitas","6984de4267015bc9a6109cae","6a7b29b2156e423d0b90b169","2026-08-11 09:58"
"Sydn4y","67853ea3426d61dc087f1e1f","Vidvid","5f0b59c54691d91988587f24","6a7b2908144756e2fa957385","2026-08-11 09:58"
"✰drku✰","6390a751742539856b34c860","#1 .kg fan","63ad9fd5fb1daaf6c7e584ce","6a7b2999534d46df57063dcd","2026-08-11 09:58"
"Primzahl","63a4bfd4030a368d18291a84","Bakin","5ffdf536d32ba400016a0188","6a7b2878144756e2fa957167","2026-08-11 09:58"
"plotter","674c4756fb60b9f111e6e0b4","Robinhood","6238ed45585d3a1784ef7ef6","6a7b2a02144756e2fa9577d1","2026-08-11 09:59"
"男方鬆 (N鴯D)","6409beba17491edb5a32b684","Kuba","6744ee112d6c958a853b52a6","6a7b29bc156e423d0b90b188","2026-08-11 09:59"
"swangambit","5f7ddfaa5e57b3000189a24e","Nick.BY","5926b86352e6ca6c8c1463d7","6a7b28cc156e423d0b90ae4b","2026-08-11 10:00"
"Wodak","6796246986227732f607bc7a","Maksonic","619d09bdc4ab7000016c68d3","6a7b2a00156e423d0b90b297","2026-08-11 10:01"
"Avandy","60c3535133004c00010451a3","Kuba love 2","68582b5f8e62427811441b60","6a7b29f7534d46df57063f5e","2026-08-11 10:01"
"Ades (YT)","694060fd0b5941c5cbe18cbf","Sydn4y","67853ea3426d61dc087f1e1f","6a7b2a561a02d89d5e142e21","2026-08-11 10:01"
"zappi","605b96419b413c0001f0390b","Skaven","684ffbcec374eb437a89fc20","6a7b29c3144756e2fa957703","2026-08-11 10:01"
"Robinhood","6238ed45585d3a1784ef7ef6","Geomalick","61fd64f28c0f8100014ebf0b","6a7b2a82097def45390c7be1","2026-08-11 10:02"
"しよえ　Shiyoe","6375a42d001fcb9df8d226d9","Juagie","601b3f4047f927000155a753","6a7b2883156e423d0b90ad6a","2026-08-11 10:02"
"nagahama","69c350edba60e4673f416dd4","Felix.svb","6856986bb22dea4ae40a3d22","6a7b29bb144756e2fa9576e6","2026-08-11 10:02"
"Ritchie","5ff84d182c4df40001592f85","アラメイン","68445484b91725e394c6e69d","6a7b2a76144756e2fa95795d","2026-08-11 10:02"
"plotter","674c4756fb60b9f111e6e0b4","Robinhood","6238ed45585d3a1784ef7ef6","6a7b2a91144756e2fa9579bc","2026-08-11 10:03"
"Delema()()()","65869f62df3f7bea3fa1d675","bodysfailing","69fd3dc20731483be6bd7038","6a7b2a66144756e2fa957920","2026-08-11 10:03"
"Zendaya","679def87311b366ecb41dcae","Fructidor","69d9a0dd291d3a2e5184c64e","6a7b2aa1144756e2fa9579f4","2026-08-11 10:03"
"男方鬆 (N鴯D)","6409beba17491edb5a32b684","ZakyBoy","602adad6f1933a000135da45","6a7b2aa4144756e2fa957a01","2026-08-11 10:03"
"Ades (YT)","694060fd0b5941c5cbe18cbf","Kuba love 2","68582b5f8e62427811441b60","6a7b2b0c534d46df57064336","2026-08-11 10:04"
"zappi","605b96419b413c0001f0390b","Skaven","684ffbcec374eb437a89fc20","6a7b2b02144756e2fa957bb7","2026-08-11 10:04"
"M A D A R A","680ebd4ab8187db80148ff47","Primzahl","63a4bfd4030a368d18291a84","6a7b2af3144756e2fa957b6e","2026-08-11 10:04"
"Robinhood","6238ed45585d3a1784ef7ef6","Geomalick","61fd64f28c0f8100014ebf0b","6a7b2b5c144756e2fa957d1a","2026-08-11 10:05"
"✰drku✰","6390a751742539856b34c860","Moritz","604e275b66c3940001ee30ed","6a7b2aad534d46df570641a9","2026-08-11 10:05"
"男方鬆 (N鴯D)","6409beba17491edb5a32b684","Kuba love 2","68582b5f8e62427811441b60","6a7b2bb31a77ed73bb4f0148","2026-08-11 10:06"
"swangambit","5f7ddfaa5e57b3000189a24e","Ricky Beast","5ff33554455e6800011e3146","6a7b2af2144756e2fa957b69","2026-08-11 10:07"
"Avandy","60c3535133004c00010451a3","Ades (YT)","694060fd0b5941c5cbe18cbf","6a7b2c067c1fe6364ae34e9b","2026-08-11 10:07"
"Felix.svb","6856986bb22dea4ae40a3d22","Robinhood","6238ed45585d3a1784ef7ef6","6a7b2c041a77ed73bb4f025a","2026-08-11 10:08"
"bodysfailing","69fd3dc20731483be6bd7038","Robinhood","6238ed45585d3a1784ef7ef6","6a7b2bfb1a77ed73bb4f023e","2026-08-11 10:09"
"男方鬆 (N鴯D)","6409beba17491edb5a32b684","Kuba love 2","68582b5f8e62427811441b60","6a7b2c5d1a77ed73bb4f0390","2026-08-11 10:09"
"Zhihh","63b435e80510075fa39ac039","Uralensis","65eba12c6f7c11bcafdeaac8","6a7b2b1f144756e2fa957c15","2026-08-11 10:09"
"Felix.svb","6856986bb22dea4ae40a3d22","Robinhood","6238ed45585d3a1784ef7ef6","6a7b2cb51a77ed73bb4f0511","2026-08-11 10:10"
"pissman","5bc62f209f90a81f581be9ca","Reynardo","619e21dbcd59be0001df98df","6a7b29a7144756e2fa957686","2026-08-11 10:10"
"Zendaya","679def87311b366ecb41dcae","zappi","605b96419b413c0001f0390b","6a7b2ba61a77ed73bb4f011d","2026-08-11 10:11"
"ZakyBoy","602adad6f1933a000135da45","路易十六","65337c686711b99177ed189b","6a7b2c6d1a77ed73bb4f03c7","2026-08-11 10:11"
"Wodak","6796246986227732f607bc7a","Maksonic","619d09bdc4ab7000016c68d3","6a7b2b4d534d46df57064411","2026-08-11 10:12"
"MiniKochi #1 FAN","63d29ada31674327ca09c658","Geomalick","61fd64f28c0f8100014ebf0b","6a7b2c421a77ed73bb4f0330","2026-08-11 10:12"
"Ades (YT)","694060fd0b5941c5cbe18cbf","Shakazaramesh","5ef2945bbb96627c9ce5f63f","6a7b2c87b53cf0a718e2aa5b","2026-08-11 10:12"
"男方鬆 (N鴯D)","6409beba17491edb5a32b684","Kuba love 2","68582b5f8e62427811441b60","6a7b2cec1a77ed73bb4f05be","2026-08-11 10:12"
"Sydn4y","67853ea3426d61dc087f1e1f","ratt","67adda06e36339976840db35","6a7b2b51144756e2fa957cf3","2026-08-11 10:12"
"✰drku✰","6390a751742539856b34c860","M A D A R A","680ebd4ab8187db80148ff47","6a7b2c4e1a77ed73bb4f035e","2026-08-11 10:12"
"ThiiagooAC7","66a13c3e99166dab91896702","Kenji","5f2fd4348378f500019bdee0","6a7b2c8a1a77ed73bb4f045c","2026-08-11 10:12"
"Primzahl","63a4bfd4030a368d18291a84","louis","663a973693554797a0c4c3ab","6a7b2c011a77ed73bb4f024e","2026-08-11 10:12"
"bodysfailing","69fd3dc20731483be6bd7038","Robinhood","6238ed45585d3a1784ef7ef6","6a7b2cff1a77ed73bb4f0604","2026-08-11 10:13"
"男方鬆 (N鴯D)","6409beba17491edb5a32b684","Avandy","60c3535133004c00010451a3","6a7b2d8e482011f1189321f9","2026-08-11 10:13"
"parsec","670c184c705e783701c753c0","vgc","6a52da4c6737b45d2976270e","6a7b2cdd1a77ed73bb4f0598","2026-08-11 10:13"
"plotter","674c4756fb60b9f111e6e0b4","Juagie","601b3f4047f927000155a753","6a7b2b901a77ed73bb4f00a8","2026-08-11 10:14"
"miniura","650ff17b12259a4cd34bd829","jznas","5fbee012c3c7260001464026","6a7b28c5144756e2fa95726a","2026-08-11 10:14"
"tarcsa","60035ba331b2eb0001268660","BadAssGeo","69742cb6dd3c0f9e450df031","6a7b2c80ee203b076b954965","2026-08-11 10:15"
"Ritchie","5ff84d182c4df40001592f85","😎","68ae58852d67e7915061112f","6a7b2d521a77ed73bb4f0765","2026-08-11 10:15"
"Aaryan22","657021f7412bfd95aad62550","Kuba love 2","68582b5f8e62427811441b60","6a7b2d8e1a77ed73bb4f0841","2026-08-11 10:15"
"Junior Paulo","60d6b2fd6f85320001258c83","Rossi","607c2c79284a5f0001eee443","6a7b2db1215e2c0b066757c5","2026-08-11 10:16"
"Robinhood","6238ed45585d3a1784ef7ef6","Geomalick","61fd64f28c0f8100014ebf0b","6a7b2dcaf540d47b557b8ceb","2026-08-11 10:17"
"ThiiagooAC7","66a13c3e99166dab91896702","Kenji","5f2fd4348378f500019bdee0","6a7b2da9215e2c0b066757ae","2026-08-11 10:17"
"patrickk.","69cbd6f7c27ed58d53a75908","ぷれんと","5e6cf3a7d51dd6300c8bcabd","6a7b29d9156e423d0b90b20a","2026-08-11 10:17"
"Skaven","684ffbcec374eb437a89fc20","seckfren","620059fe2a87750001272c8f","6a7b2d172137d30df4cf25c6","2026-08-11 10:17"
"Zendaya","679def87311b366ecb41dcae","zappi","605b96419b413c0001f0390b","6a7b2d85215e2c0b06675759","2026-08-11 10:18"
"ratt","67adda06e36339976840db35","Jrriddle","57a6214096ca6774b09dfc10","6a7b2dd11a77ed73bb4f092e","2026-08-11 10:18"
"Robinhood","6238ed45585d3a1784ef7ef6","bodysfailing","69fd3dc20731483be6bd7038","6a7b2e581a77ed73bb4f0aeb","2026-08-11 10:19"
"Sydn4y","67853ea3426d61dc087f1e1f","M A D A R A","680ebd4ab8187db80148ff47","6a7b2db1215e2c0b066757c6","2026-08-11 10:19"
"Kuba love 2","68582b5f8e62427811441b60","😎","68ae58852d67e7915061112f","6a7b2e488c7e33a013457694","2026-08-11 10:19"
"Geomalick","61fd64f28c0f8100014ebf0b","Rossi","607c2c79284a5f0001eee443","6a7b2ed3d945f2f51c9d15a9","2026-08-11 10:20"
"Ricky Beast","5ff33554455e6800011e3146","Shakazaramesh","5ef2945bbb96627c9ce5f63f","6a7b2e20f540d47b557b8d87","2026-08-11 10:20"
"Fructidor","69d9a0dd291d3a2e5184c64e","アラメイン","68445484b91725e394c6e69d","6a7b2b84534d46df57064491","2026-08-11 10:20"
"Reynardo","619e21dbcd59be0001df98df","ZakyBoy","602adad6f1933a000135da45","6a7b2e7d1a77ed73bb4f0b7a","2026-08-11 10:21"
"miniura","650ff17b12259a4cd34bd829","geometry","6677323b8c4a3f875615805f","6a7b2eed1a77ed73bb4f0d1c","2026-08-11 10:21"
"Felix.svb","6856986bb22dea4ae40a3d22","Chuya","66549d4cc725af87c3aa9a34","6a7b2d3f1a77ed73bb4f071b","2026-08-11 10:22"
"tarcsa","60035ba331b2eb0001268660","Junior Paulo","60d6b2fd6f85320001258c83","6a7b2e75215e2c0b06675943","2026-08-11 10:22"
"vgc","6a52da4c6737b45d2976270e","Skaven","684ffbcec374eb437a89fc20","6a7b2ebc1a77ed73bb4f0c5c","2026-08-11 10:22"
"plotter","674c4756fb60b9f111e6e0b4","Robinhood","6238ed45585d3a1784ef7ef6","6a7b2ee41a77ed73bb4f0cf6","2026-08-11 10:23"
"Robinhood","6238ed45585d3a1784ef7ef6","bodysfailing","69fd3dc20731483be6bd7038","6a7b2f3a1a77ed73bb4f0e47","2026-08-11 10:23"
"Ritchie","5ff84d182c4df40001592f85","Maksonic","619d09bdc4ab7000016c68d3","6a7b2e51f540d47b557b8e0b","2026-08-11 10:23"
"48Meters on Apía - Tadó = 4999","5e730243cd30756270994780","Geomalick","61fd64f28c0f8100014ebf0b","6a7b2fb3390e1bc5731f615d","2026-08-11 10:24"
"Zendaya","679def87311b366ecb41dcae","TiltedTroxx","64543bd7fb6efa97a2e06d2b","6a7b2efb1a77ed73bb4f0d4c","2026-08-11 10:24"
"louis","663a973693554797a0c4c3ab","RUANALDINHO","663b77acfe0232f36c0c1c0a","6a7b2ebf215e2c0b066759e0","2026-08-11 10:24"
"Stella/chat off","63e1b563ec5549833a008296","✰drku✰","6390a751742539856b34c860","6a7b2f6a1a77ed73bb4f0ee4","2026-08-11 10:25"
"vgc","6a52da4c6737b45d2976270e","califfo","68a760dafe6afa7885133d0d","6a7b300f1650a7dc04211189","2026-08-11 10:25"
"Shakazaramesh","5ef2945bbb96627c9ce5f63f","parsec","670c184c705e783701c753c0","6a7b2f91f540d47b557b910a","2026-08-11 10:26"
"M A D A R A","680ebd4ab8187db80148ff47","plaguee","5eac358a6ea51017fce11159","6a7b2f651a77ed73bb4f0eda","2026-08-11 10:26"
"ZakyBoy","602adad6f1933a000135da45","GeoNestor","5a0761e672d16b933871e7a1","6a7b2fd7e766676b0857defc","2026-08-11 10:26"
"nota","68b68704757dd886cdc2365a","Jrriddle","57a6214096ca6774b09dfc10","6a7b2f29ee203b076b954f6f","2026-08-11 10:26"
"bodysfailing","69fd3dc20731483be6bd7038","Robinhood","6238ed45585d3a1784ef7ef6","6a7b30470122de54736d535c","2026-08-11 10:27"
"Ricky Beast","5ff33554455e6800011e3146","Junior Paulo","60d6b2fd6f85320001258c83","6a7b3007e766676b0857df44","2026-08-11 10:27"
"zappi","605b96419b413c0001f0390b","ThiiagooAC7","66a13c3e99166dab91896702","6a7b2eea8c7e33a0134577fc","2026-08-11 10:27"
"plotter","674c4756fb60b9f111e6e0b4","Robinhood","6238ed45585d3a1784ef7ef6","6a7b30560122de54736d5398","2026-08-11 10:28"
"Geomalick","61fd64f28c0f8100014ebf0b","48Meters on Apía - Tadó = 4999","5e730243cd30756270994780","6a7b30ccd313cca5e74c3ae0","2026-08-11 10:28"
"Avandy","60c3535133004c00010451a3","Ades (YT)","694060fd0b5941c5cbe18cbf","6a7b305466670c56a405b558","2026-08-11 10:28"
"Robinhood","6238ed45585d3a1784ef7ef6","bodysfailing","69fd3dc20731483be6bd7038","6a7b3129e766676b0857e335","2026-08-11 10:29"
"miniura","650ff17b12259a4cd34bd829","Saywakler","67c2ed225b3081106fa85143","6a7b30230122de54736d52eb","2026-08-11 10:29"
"plaguee","5eac358a6ea51017fce11159","ThiiagooAC7","66a13c3e99166dab91896702","6a7b311ad313cca5e74c3bc8","2026-08-11 10:30"
"antidotess","60859c21128efc0001559603","✰drku✰","6390a751742539856b34c860","6a7b30ab1650a7dc04211359","2026-08-11 10:30"
"Rossi","607c2c79284a5f0001eee443","tarcsa","60035ba331b2eb0001268660","6a7b2ff0d313cca5e74c38cb","2026-08-11 10:31"
"guepard","60042771272d450001aa4cc0","parsec","670c184c705e783701c753c0","6a7b30fc0122de54736d55fc","2026-08-11 10:31"
"Ritchie","5ff84d182c4df40001592f85","😎","68ae58852d67e7915061112f","6a7b30cb0122de54736d5546","2026-08-11 10:31"
"pjtinha","5f5c49fecbd6d20001dd3967","PuDieDie","663069b5bd08c00b16f926ae","6a7b313d0122de54736d56f1","2026-08-11 10:31"
"Juagie","601b3f4047f927000155a753","ALFA","5b6f185f7135fa0e48b5528a","6a7b2f9a215e2c0b06675bb0","2026-08-11 10:32"
"Geomalick","61fd64f28c0f8100014ebf0b","Avandy","60c3535133004c00010451a3","6a7b31870122de54736d57c6","2026-08-11 10:32"
"zappi","605b96419b413c0001f0390b","GeoNestor","5a0761e672d16b933871e7a1","6a7b314de766676b0857e393","2026-08-11 10:32"
"patrickk.","69cbd6f7c27ed58d53a75908","Patrickvanpaul","5ff4a6cb612052000195aed4","6a7b2f511a77ed73bb4f0e8e","2026-08-11 10:32"
"Skaven","684ffbcec374eb437a89fc20","stratf0rd","616d9497146df50001566dd0","6a7b30350122de54736d5329","2026-08-11 10:32"
"Rossi","607c2c79284a5f0001eee443","Robinhood","6238ed45585d3a1784ef7ef6","6a7b321ed313cca5e74c3e9e","2026-08-11 10:33"
"Fructidor","69d9a0dd291d3a2e5184c64e","Zendaya","679def87311b366ecb41dcae","6a7b30811650a7dc042112de","2026-08-11 10:33"
"adameq","626c3725834eacd247226547","Shakazaramesh","5ef2945bbb96627c9ce5f63f","6a7b31100122de54736d5653","2026-08-11 10:33"
"Ades (YT)","694060fd0b5941c5cbe18cbf","M A D A R A","680ebd4ab8187db80148ff47","6a7b31acd313cca5e74c3d78","2026-08-11 10:33"
"vgc","6a52da4c6737b45d2976270e","ZakyBoy","602adad6f1933a000135da45","6a7b30d566670c56a405b693","2026-08-11 10:33"
"Trabota","6056fd798ddd1c00018baf23","TiltedTroxx","64543bd7fb6efa97a2e06d2b","6a7b30990122de54736d547c","2026-08-11 10:34"
"bodysfailing","69fd3dc20731483be6bd7038","48Meters on Apía - Tadó = 4999","5e730243cd30756270994780","6a7b317a0122de54736d57a1","2026-08-11 10:34"
"✰drku✰","6390a751742539856b34c860","ThiiagooAC7","66a13c3e99166dab91896702","6a7b31e0390e1bc5731f6678","2026-08-11 10:34"
"😎","68ae58852d67e7915061112f","સિલુસ્ટરબુસ્ટર","65a298676d25e3f9160d193d","6a7b32516e169890c83d5f74","2026-08-11 10:34"
"plaguee","5eac358a6ea51017fce11159","Junior Paulo","60d6b2fd6f85320001258c83","6a7b31e00122de54736d58ed","2026-08-11 10:35"
"Peter","604b32c70a8833000197ff31","parsec","670c184c705e783701c753c0","6a7b321b0122de54736d59a7","2026-08-11 10:35"
"miniura","650ff17b12259a4cd34bd829","Cassosclub","65a7c8563d08098ae0def9f9","6a7b31c70122de54736d588f","2026-08-11 10:36"
"Morker","572013ff5b145d43f41f18b7","KAITOOO","62e8c3ab0065abc49aca361d","6a7b31401650a7dc042114db","2026-08-11 10:36"
"plotter","674c4756fb60b9f111e6e0b4","manuelson","5eff753e4fc56993542703a7","6a7b3217e766676b0857e63a","2026-08-11 10:37"
"Robinhood","6238ed45585d3a1784ef7ef6","bodysfailing","69fd3dc20731483be6bd7038","6a7b32abd313cca5e74c402d","2026-08-11 10:37"
"adameq","626c3725834eacd247226547","Shakazaramesh","5ef2945bbb96627c9ce5f63f","6a7b328cfd7af8ed581b9817","2026-08-11 10:37"
"Reynardo","619e21dbcd59be0001df98df","アラメイン","68445484b91725e394c6e69d","6a7b2fa2f540d47b557b9127","2026-08-11 10:37"
"zappi","605b96419b413c0001f0390b","Skaven","684ffbcec374eb437a89fc20","6a7b32500122de54736d5a5e","2026-08-11 10:37"
"😎","68ae58852d67e7915061112f","geometry","6677323b8c4a3f875615805f","6a7b32df1650a7dc0421195e","2026-08-11 10:37"
"BulgariaEnjoyer","60f46ec8cac323000166141d","Jamabi","5e5fcc1326bbda5284e824cf","6a7b2f59ee203b076b954fd8","2026-08-11 10:38"
"Flubbersticks","69387a54dc6fdd9da05c91cd","FlyingPancake","5b16c1aa1c701293c4fc1091","6a7b3294fd7af8ed581b982a","2026-08-11 10:38"
"Robinhood","6238ed45585d3a1784ef7ef6","bodysfailing","69fd3dc20731483be6bd7038","6a7b33667972132348b03032","2026-08-11 10:39"
"😎","68ae58852d67e7915061112f","geometry","6677323b8c4a3f875615805f","6a7b32df1650a7dc0421195e","2026-08-11 10:39"
"Ades (YT)","694060fd0b5941c5cbe18cbf","Zendaya","679def87311b366ecb41dcae","6a7b32a8e766676b0857e7b2","2026-08-11 10:40"
"cZarnyy","5ecbdec18d6ade72cc832c5a","48Meters on Apía - Tadó = 4999","5e730243cd30756270994780","6a7b33678b19e25aeb52b038","2026-08-11 10:40"
"Peter","604b32c70a8833000197ff31","parsec","670c184c705e783701c753c0","6a7b332d8b19e25aeb52afa1","2026-08-11 10:40"
"😎","68ae58852d67e7915061112f","geometry","6677323b8c4a3f875615805f","6a7b3397421398e897d9a265","2026-08-11 10:40"
"Juagie","601b3f4047f927000155a753","tarcsa","60035ba331b2eb0001268660","6a7b32420122de54736d5a27","2026-08-11 10:41"
"😎","68ae58852d67e7915061112f","Taylor Swift Connoisseur","5c7d0e74f8f7fb7218489b2e","6a7b340c7972132348b0324b","2026-08-11 10:41"
"EntityGG","6a2ee6a0c227e2e2b7707578","Pandazan","632e19f3f0149e276027d38e","6a7b3466421398e897d9a4db","2026-08-11 10:42"
"Jrriddle","57a6214096ca6774b09dfc10","stieltjestransform","696dbca9ea719ab44104ebf6","6a7b3406766c68b9ac530453","2026-08-11 10:42"
"48Meters on Apía - Tadó = 4999","5e730243cd30756270994780","cZarnyy","5ecbdec18d6ade72cc832c5a","6a7b341c8b19e25aeb52b271","2026-08-11 10:43"
"Avandy","60c3535133004c00010451a3","Reynardo","619e21dbcd59be0001df98df","6a7b3391d55f1a0fb373022f","2026-08-11 10:43"
"guepard","60042771272d450001aa4cc0","Rossi","607c2c79284a5f0001eee443","6a7b32811650a7dc04211808","2026-08-11 10:43"
"Nördster","60a91a4b4910a100012b6132","yuyux32","65a3fa0c053e0780db54fd4b","6a7b33928b19e25aeb52b0ad","2026-08-11 10:43"
"Chuya","66549d4cc725af87c3aa9a34","Trabota","6056fd798ddd1c00018baf23","6a7b32b2390e1bc5731f6865","2026-08-11 10:44"
"😎","68ae58852d67e7915061112f","Alemão(Retired 4Ever)","670f839c4f58c8c7b975c4fe","6a7b34238b19e25aeb52b283","2026-08-11 10:44"
"Shakazaramesh","5ef2945bbb96627c9ce5f63f","Junior Paulo","60d6b2fd6f85320001258c83","6a7b3380d55f1a0fb37301f5","2026-08-11 10:45"
"Ritchie","5ff84d182c4df40001592f85","😎","68ae58852d67e7915061112f","6a7b34a97972132348b03426","2026-08-11 10:45"
"zappi","605b96419b413c0001f0390b","アラメイン","68445484b91725e394c6e69d","6a7b33918b19e25aeb52b0a8","2026-08-11 10:45"
"Pandazan","632e19f3f0149e276027d38e","Nördster","60a91a4b4910a100012b6132","6a7b34f88b19e25aeb52b568","2026-08-11 10:45"
"CrazyHorse","661830566555811b1291bac1","CARTO - GEO","6370f986261c84596054f8de","6a7b33ee7972132348b031e1","2026-08-11 10:45"
"😎","68ae58852d67e7915061112f","califfo","68a760dafe6afa7885133d0d","6a7b3548766c68b9ac53082e","2026-08-11 10:47"
"Avandy","60c3535133004c00010451a3","48Meters on Apía - Tadó = 4999","5e730243cd30756270994780","6a7b35338b19e25aeb52b628","2026-08-11 10:48"
"guepard","60042771272d450001aa4cc0","Reynardo","619e21dbcd59be0001df98df","6a7b35877972132348b03706","2026-08-11 10:48"
"Robinhood","6238ed45585d3a1784ef7ef6","Trabota","6056fd798ddd1c00018baf23","6a7b353a7972132348b03602","2026-08-11 10:49"
"Nördster","60a91a4b4910a100012b6132","Pandazan","632e19f3f0149e276027d38e","6a7b35818b19e25aeb52b74b","2026-08-11 10:49"
"tarcsa","60035ba331b2eb0001268660","Ades (YT)","694060fd0b5941c5cbe18cbf","6a7b34768b19e25aeb52b3ab","2026-08-11 10:50"
"Juagie","601b3f4047f927000155a753","Felix.svb","6856986bb22dea4ae40a3d22","6a7b344d421398e897d9a47a","2026-08-11 10:51"
"48Meters on Apía - Tadó = 4999","5e730243cd30756270994780","Avandy","60c3535133004c00010451a3","6a7b36278b19e25aeb52b94f","2026-08-11 10:51"
"Maksonic","619d09bdc4ab7000016c68d3","😎","68ae58852d67e7915061112f","6a7b356dd55f1a0fb37306bf","2026-08-11 10:51"
"Kuba love 2","68582b5f8e62427811441b60","Nördster","60a91a4b4910a100012b6132","6a7b36318b19e25aeb52b977","2026-08-11 10:51"
"BulgariaEnjoyer","60f46ec8cac323000166141d","plotter","674c4756fb60b9f111e6e0b4","6a7b33f3421398e897d9a37b","2026-08-11 10:52"
"Shakazaramesh","5ef2945bbb96627c9ce5f63f","Stella/chat off","63e1b563ec5549833a008296","6a7b35b68b19e25aeb52b815","2026-08-11 10:52"
"Kuba","6744ee112d6c958a853b52a6","😎","68ae58852d67e7915061112f","6a7b36087972132348b03872","2026-08-11 10:53"
"Robinhood","6238ed45585d3a1784ef7ef6","Rossi","607c2c79284a5f0001eee443","6a7b36647972132348b0395f","2026-08-11 10:54"
"Fructidor","69d9a0dd291d3a2e5184c64e","patrickk.","69cbd6f7c27ed58d53a75908","6a7b337e8b19e25aeb52b065","2026-08-11 10:54"
"Avandy","60c3535133004c00010451a3","48Meters on Apía - Tadó = 4999","5e730243cd30756270994780","6a7b36db8b19e25aeb52bb83","2026-08-11 10:54"
"Kuba","6744ee112d6c958a853b52a6","😎","68ae58852d67e7915061112f","6a7b372d984d3edab6672956","2026-08-11 10:54"
"Nördster","60a91a4b4910a100012b6132","😎","68ae58852d67e7915061112f","6a7b36dc984d3edab667288d","2026-08-11 10:54"
"Dimsum","63f619f14068eb7d4bbb134d","Zendaya","679def87311b366ecb41dcae","6a7b34537972132348b0330e","2026-08-11 10:55"
"Flubbersticks","69387a54dc6fdd9da05c91cd","standbird","60dd9f871cf04a0001b24a72","6a7b36d07972132348b03a76","2026-08-11 10:55"
"BarryTheBee","62be7867aa13616722f8dd4a","plotter","674c4756fb60b9f111e6e0b4","6a7b3715421398e897d9acb6","2026-08-11 10:56"
"Juagie","601b3f4047f927000155a753","Felix.svb","6856986bb22dea4ae40a3d22","6a7b36c84a5b7c0dd40ab29e","2026-08-11 10:56"
"Kuba","6744ee112d6c958a853b52a6","Kuba love 2","68582b5f8e62427811441b60","6a7b377e1d7720591c2fb2a0","2026-08-11 10:56"
"Robinhood","6238ed45585d3a1784ef7ef6","Delema()()()","65869f62df3f7bea3fa1d675","6a7b37727972132348b03c4c","2026-08-11 10:57"
"parsec","670c184c705e783701c753c0","squidow","62dab4d93f1f2a15329c40f4","6a7b34ad3b0c2d64c7869898","2026-08-11 10:57"
"Trabota","6056fd798ddd1c00018baf23","Robinhood","6238ed45585d3a1784ef7ef6","6a7b36748b19e25aeb52ba6b","2026-08-11 10:58"
"Maksonic","619d09bdc4ab7000016c68d3","48Meters on Apía - Tadó = 4999","5e730243cd30756270994780","6a7b37eb7972132348b03d83","2026-08-11 10:58"
"Stella/chat off","63e1b563ec5549833a008296","✰drku✰","6390a751742539856b34c860","6a7b36e88b19e25aeb52bba2","2026-08-11 10:58"
"d4nk","5b92bdcc1ee0107188685300","M A D A R A","680ebd4ab8187db80148ff47","6a7b36db8b19e25aeb52bb81","2026-08-11 10:58"
"Nördster","60a91a4b4910a100012b6132","Alee 🏍","605b8e2563c4b80001a89321","6a7b3786863bceb67271e8ae","2026-08-11 10:59"
"✰drku✰","6390a751742539856b34c860","stratf0rd","616d9497146df50001566dd0","6a7b38497972132348b03e45","2026-08-11 10:59"
"Avandy","60c3535133004c00010451a3","Rossi","607c2c79284a5f0001eee443","6a7b37817972132348b03c73","2026-08-11 11:00"
"d4nk","5b92bdcc1ee0107188685300","Stella/chat off","63e1b563ec5549833a008296","6a7b386e7972132348b03ea0","2026-08-11 11:00"
"t0nse","612a000254797c0001aedb7f","Pieter-jan De X","59886f23fdab8f163023e440","6a7b37547972132348b03bd8","2026-08-11 11:00"
"Dimsum","63f619f14068eb7d4bbb134d","Robinhood","6238ed45585d3a1784ef7ef6","6a7b3875421398e897d9b094","2026-08-11 11:01"
"Kuba love 2","68582b5f8e62427811441b60","Nördster","60a91a4b4910a100012b6132","6a7b38a0421398e897d9b10b","2026-08-11 11:01"
"kober","67ad18a09e150413a5e6fa66","Ritchie","5ff84d182c4df40001592f85","6a7b381a421398e897d9afb0","2026-08-11 11:02"
"Delema()()()","65869f62df3f7bea3fa1d675","koekemonster","602ea9c05fa0b100010db2b3","6a7b383d421398e897d9b00d","2026-08-11 11:03"
"kober","67ad18a09e150413a5e6fa66","Ritchie","5ff84d182c4df40001592f85","6a7b381a421398e897d9afb0","2026-08-11 11:03"
"Kuba love 2","68582b5f8e62427811441b60","Nördster","60a91a4b4910a100012b6132","6a7b3923421398e897d9b268","2026-08-11 11:03"
"Dan YAile","60ef0697612a5400012c89a3","Trabota","6056fd798ddd1c00018baf23","6a7b38768b19e25aeb52c00e","2026-08-11 11:04"
"Dimsum","63f619f14068eb7d4bbb134d","Robinhood","6238ed45585d3a1784ef7ef6","6a7b39817972132348b0418e","2026-08-11 11:04"
"48Meters on Apía - Tadó = 4999","5e730243cd30756270994780","Ritchie","5ff84d182c4df40001592f85","6a7b396c984d3edab6672eae","2026-08-11 11:05"
"Kuba","6744ee112d6c958a853b52a6","kober","67ad18a09e150413a5e6fa66","6a7b3977766c68b9ac5311b6","2026-08-11 11:05"
"M A D A R A","680ebd4ab8187db80148ff47","CrazyHorse","661830566555811b1291bac1","6a7b389c4a5b7c0dd40ab618","2026-08-11 11:05"
"Delema()()()","65869f62df3f7bea3fa1d675","Robinhood","6238ed45585d3a1784ef7ef6","6a7b39c1766c68b9ac531243","2026-08-11 11:06"
"Delema()()()","65869f62df3f7bea3fa1d675","Robinhood","6238ed45585d3a1784ef7ef6","6a7b39c1766c68b9ac531243","2026-08-11 11:06"
"Maltor","5fad8566a07ff60001fdae13","Fructidor","69d9a0dd291d3a2e5184c64e","6a7b37858b19e25aeb52bd69","2026-08-11 11:06"
"Orangejuice","6963bcefbc79a0f23010eb7c","✰drku✰","6390a751742539856b34c860","6a7b38d97972132348b03fc2","2026-08-11 11:06"
"Nördster","60a91a4b4910a100012b6132","Kuba love 2","68582b5f8e62427811441b60","6a7b39a18b19e25aeb52c391","2026-08-11 11:06"
"geometry","6677323b8c4a3f875615805f","qeezy new acc","6033a16edb1db5000118e2c0","6a7b39637972132348b04147","2026-08-11 11:06"
"48Meters on Apía - Tadó = 4999","5e730243cd30756270994780","kober","67ad18a09e150413a5e6fa66","6a7b3a0b7972132348b0430b","2026-08-11 11:07"
"Ritchie","5ff84d182c4df40001592f85","Kuba","6744ee112d6c958a853b52a6","6a7b39f2984d3edab6672fab","2026-08-11 11:07"
"48Meters on Apía - Tadó = 4999","5e730243cd30756270994780","kober","67ad18a09e150413a5e6fa66","6a7b3a0b7972132348b0430b","2026-08-11 11:07"
"Jamabi","5e5fcc1326bbda5284e824cf","Robinhood","6238ed45585d3a1784ef7ef6","6a7b3a6d984d3edab66730b9","2026-08-11 11:08"
"Trabota","6056fd798ddd1c00018baf23","Dimsum","63f619f14068eb7d4bbb134d","6a7b39fd8b19e25aeb52c4af","2026-08-11 11:08"
"Dan YAile","60ef0697612a5400012c89a3","48Meters on Apía - Tadó = 4999","5e730243cd30756270994780","6a7b3a7c8b19e25aeb52c5e0","2026-08-11 11:08"
"Maksonic","619d09bdc4ab7000016c68d3","Rossi","607c2c79284a5f0001eee443","6a7b38f98b19e25aeb52c1b0","2026-08-11 11:08"
"Flubbersticks","69387a54dc6fdd9da05c91cd","FlyingPancake","5b16c1aa1c701293c4fc1091","6a7b39fd8b19e25aeb52c4ae","2026-08-11 11:08"
"Jamabi","5e5fcc1326bbda5284e824cf","Robinhood","6238ed45585d3a1784ef7ef6","6a7b3a6d984d3edab66730b9","2026-08-11 11:09"
"Avandy","60c3535133004c00010451a3","koekemonster","602ea9c05fa0b100010db2b3","6a7b39a4766c68b9ac531206","2026-08-11 11:09"
"Jacky Wong","63be7833696b395b1a06db85","Skaven","684ffbcec374eb437a89fc20","6a7b381c984d3edab6672bc4","2026-08-11 11:09"
"ZakyBoy","602adad6f1933a000135da45","stratf0rd","616d9497146df50001566dd0","6a7b39458b19e25aeb52c2a2","2026-08-11 11:09"
"Jamabi","5e5fcc1326bbda5284e824cf","Robinhood","6238ed45585d3a1784ef7ef6","6a7b3ad08b19e25aeb52c6e9","2026-08-11 11:10"
"hyourinmaru","663523ba8e313d3aa27852b0","Robinhood","6238ed45585d3a1784ef7ef6","6a7b3a4e421398e897d9b5e5","2026-08-11 11:10"
"kober","67ad18a09e150413a5e6fa66","Ritchie","5ff84d182c4df40001592f85","6a7b3aa18b19e25aeb52c65b","2026-08-11 11:10"
"Trabota","6056fd798ddd1c00018baf23","48Meters on Apía - Tadó = 4999","5e730243cd30756270994780","6a7b3aeb7972132348b04520","2026-08-11 11:11"
"exegi momentum","5f906300b00b570001274e55","Kuba love 2","68582b5f8e62427811441b60","6a7b3acc8b19e25aeb52c6e0","2026-08-11 11:11"
"Kuba","6744ee112d6c958a853b52a6","kober","67ad18a09e150413a5e6fa66","6a7b3a987972132348b04475","2026-08-11 11:12"
"wichura240","68767692157557d5c76a0ab6","geometry","6677323b8c4a3f875615805f","6a7b3a5c766c68b9ac5313a9","2026-08-11 11:12"
"Jamabi","5e5fcc1326bbda5284e824cf","Robinhood","6238ed45585d3a1784ef7ef6","6a7b3b4c984d3edab66732a9","2026-08-11 11:13"
"Ritchie","5ff84d182c4df40001592f85","kober","67ad18a09e150413a5e6fa66","6a7b3b1f766c68b9ac531550","2026-08-11 11:13"
"GCU","69f74f7bd9284e0db0e2a65c","Luis","63b523e80510075fa39aeabc","6a7b3a1f8b19e25aeb52c509","2026-08-11 11:13"
"BarryTheBee","62be7867aa13616722f8dd4a","Chico Lachowski","63f549d56242089cd8f3b10e","6a7b3ae28b19e25aeb52c718","2026-08-11 11:14"
"Jamabi","5e5fcc1326bbda5284e824cf","Robinhood","6238ed45585d3a1784ef7ef6","6a7b3b4c984d3edab66732a9","2026-08-11 11:14"
"exegi momentum","5f906300b00b570001274e55","Kuba","6744ee112d6c958a853b52a6","6a7b3bac984d3edab667334c","2026-08-11 11:14"
"koekemonster","602ea9c05fa0b100010db2b3","Dan YAile","60ef0697612a5400012c89a3","6a7b3af58b19e25aeb52c748","2026-08-11 11:15"
"Fructidor","69d9a0dd291d3a2e5184c64e","Robinhood","6238ed45585d3a1784ef7ef6","6a7b3bf47972132348b047c8","2026-08-11 11:15"
"Maksonic","619d09bdc4ab7000016c68d3","kober","67ad18a09e150413a5e6fa66","6a7b3bf9984d3edab66733d3","2026-08-11 11:15"
"Nördster","60a91a4b4910a100012b6132","Dunkirk","687665b10b7953df9c8407c3","6a7b3a628b19e25aeb52c5b0","2026-08-11 11:15"
"hyourinmaru","663523ba8e313d3aa27852b0","Jamabi","5e5fcc1326bbda5284e824cf","6a7b3c06766c68b9ac53172b","2026-08-11 11:16"
"Skrillicon","63655c683f13a9e2cceb27d9","Dimsum","63f619f14068eb7d4bbb134d","6a7b3b4bcc207bcd4c9fd867","2026-08-11 11:16"
"koekemonster","602ea9c05fa0b100010db2b3","Robinhood","6238ed45585d3a1784ef7ef6","6a7b3c6b7972132348b0490f","2026-08-11 11:17"
"chiller77","5f072526a958535b8c80351b","Ades (YT)","694060fd0b5941c5cbe18cbf","6a7b3b1a421398e897d9b82b","2026-08-11 11:17"
"kober","67ad18a09e150413a5e6fa66","Ritchie","5ff84d182c4df40001592f85","6a7b3c238b19e25aeb52ca6e","2026-08-11 11:17"
"Avandy","60c3535133004c00010451a3","48Meters on Apía - Tadó = 4999","5e730243cd30756270994780","6a7b3b7f421398e897d9b91a","2026-08-11 11:18"
"Skaven","684ffbcec374eb437a89fc20","✰drku✰","6390a751742539856b34c860","6a7b3c6b8b19e25aeb52cb3d","2026-08-11 11:19"
"iNS4NE","596fcdabcf818c83482add39","Robinhood","6238ed45585d3a1784ef7ef6","6a7b3b068b19e25aeb52c776","2026-08-11 11:20"
"Felix.svb","6856986bb22dea4ae40a3d22","BulgariaEnjoyer","60f46ec8cac323000166141d","6a7b390f984d3edab6672def","2026-08-11 11:20"
"hyourinmaru","663523ba8e313d3aa27852b0","Jamabi","5e5fcc1326bbda5284e824cf","6a7b3c8c766c68b9ac531856","2026-08-11 11:20"
"kober","67ad18a09e150413a5e6fa66","exegi momentum","5f906300b00b570001274e55","6a7b3cc4421398e897d9bc72","2026-08-11 11:20"
"Kuba love 2","68582b5f8e62427811441b60","Ritchie","5ff84d182c4df40001592f85","6a7b3ce38b19e25aeb52cc7d","2026-08-11 11:20"
"Mathias","650a2d21361d5316c35b4efe","Trabota","6056fd798ddd1c00018baf23","6a7b3b8e7972132348b046b1","2026-08-11 11:21"
"Maksonic","619d09bdc4ab7000016c68d3","kober","67ad18a09e150413a5e6fa66","6a7b3d938b19e25aeb52ce87","2026-08-11 11:21"
"Dunkirk","687665b10b7953df9c8407c3","Curlsphil","634725814a2b0615fad04fb9","6a7b3c96421398e897d9bc01","2026-08-11 11:21"
"wichura240","68767692157557d5c76a0ab6","Nördster","60a91a4b4910a100012b6132","6a7b3d4f766c68b9ac5319bb","2026-08-11 11:21"
"Stuttgarden","5e7b584fd51dd6198cd166d1","Cassosclub","65a7c8563d08098ae0def9f9","6a7b3c4f8b19e25aeb52caf9","2026-08-11 11:21"
"hyourinmaru","663523ba8e313d3aa27852b0","Robinhood","6238ed45585d3a1784ef7ef6","6a7b3d7ecc207bcd4c9fdc80","2026-08-11 11:22"
"Waluuuuuuu","6380cc417b431c1eece4916c","Kuba","6744ee112d6c958a853b52a6","6a7b3c2c421398e897d9baf3","2026-08-11 11:22"
"BenNY_the_27","6064fc3f12c7b700012d0167","Robinhood","6238ed45585d3a1784ef7ef6","6a7b3d368b19e25aeb52cd65","2026-08-11 11:22"
"Kuba love 2","68582b5f8e62427811441b60","race","603c5c220297940001b84e1a","6a7b3d71766c68b9ac531a1b","2026-08-11 11:22"
"Pna","6063bbbdf93f57000113fed0","kober","67ad18a09e150413a5e6fa66","6a7b3ca37972132348b0497f","2026-08-11 11:22"
"Jamabi","5e5fcc1326bbda5284e824cf","Delema()()()","65869f62df3f7bea3fa1d675","6a7b3de08b19e25aeb52cf41","2026-08-11 11:23"
"48Meters on Apía - Tadó = 4999","5e730243cd30756270994780","Ritchie","5ff84d182c4df40001592f85","6a7b3d747972132348b04b8d","2026-08-11 11:23"
"Ades (YT)","694060fd0b5941c5cbe18cbf","Tottenhamwisps","60ad03a48b6e1d00012f8e7e","6a7b3cef8b19e25aeb52cc9d","2026-08-11 11:23"
"exegi momentum","5f906300b00b570001274e55","kober","67ad18a09e150413a5e6fa66","6a7b3dd97972132348b04ca5","2026-08-11 11:23"
"M A D A R A","680ebd4ab8187db80148ff47","Feraoleo","658d9b7bcb4345ff30748091","6a7b3cfe7972132348b04a56","2026-08-11 11:24"
"Kuba love 2","68582b5f8e62427811441b60","Novas","63f9bcfdbe10fc0278eeb51d","6a7b3dfc7972132348b04cef","2026-08-11 11:24"
"Maksonic","619d09bdc4ab7000016c68d3","koekemonster","602ea9c05fa0b100010db2b3","6a7b3dfbed1411fe6c53bba7","2026-08-11 11:26"
"Ritchie","5ff84d182c4df40001592f85","48Meters on Apía - Tadó = 4999","5e730243cd30756270994780","6a7b3e37984d3edab6673873","2026-08-11 11:26"
"Nördster","60a91a4b4910a100012b6132","Dunkirk","687665b10b7953df9c8407c3","6a7b3de2421398e897d9bf79","2026-08-11 11:26"
"✰drku✰","6390a751742539856b34c860","Soused Herring","6a0ca21cdf4950563eb42574","6a7b3d647972132348b04b53","2026-08-11 11:26"
"wichura240","68767692157557d5c76a0ab6","Kuba","6744ee112d6c958a853b52a6","6a7b3e0a7972132348b04d10","2026-08-11 11:27"
"Skrillicon","63655c683f13a9e2cceb27d9","Dan YAile","60ef0697612a5400012c89a3","6a7b3cbc7972132348b049ac","2026-08-11 11:28"
"48Meters on Apía - Tadó = 4999","5e730243cd30756270994780","kober","67ad18a09e150413a5e6fa66","6a7b3f108b19e25aeb52d2d2","2026-08-11 11:28"
"Kuba love 2","68582b5f8e62427811441b60","Novas","63f9bcfdbe10fc0278eeb51d","6a7b3e927972132348b04e5b","2026-08-11 11:28"
"Jamabi","5e5fcc1326bbda5284e824cf","Robinhood","6238ed45585d3a1784ef7ef6","6a7b3f3f7972132348b05017","2026-08-11 11:29"
"hyourinmaru","663523ba8e313d3aa27852b0","Trabota","6056fd798ddd1c00018baf23","6a7b3e327972132348b04d80","2026-08-11 11:29"
"koekemonster","602ea9c05fa0b100010db2b3","Maksonic","619d09bdc4ab7000016c68d3","6a7b3efe7972132348b04f84","2026-08-11 11:29"
"Fructidor","69d9a0dd291d3a2e5184c64e","Dimsum","63f619f14068eb7d4bbb134d","6a7b3c88fd0855451664cf35","2026-08-11 11:29"
"Ritchie","5ff84d182c4df40001592f85","kober","67ad18a09e150413a5e6fa66","6a7b3f15fd0855451664d3f6","2026-08-11 11:29"
"MANGER","6785046bef2c357f0bdfd387","Tottenhamwisps","60ad03a48b6e1d00012f8e7e","6a7b3eb4421398e897d9c1b5","2026-08-11 11:29"
"Soused Herring","6a0ca21cdf4950563eb42574","M A D A R A","680ebd4ab8187db80148ff47","6a7b3f1e3b0c2d64c786ad3d","2026-08-11 11:29"
"parsec","670c184c705e783701c753c0","Skaven","684ffbcec374eb437a89fc20","6a7b3d81984d3edab66736fd","2026-08-11 11:29"
"Delema()()()","65869f62df3f7bea3fa1d675","BulgariaEnjoyer","60f46ec8cac323000166141d","6a7b3ec48b19e25aeb52d1df","2026-08-11 11:30"
"Jamabi","5e5fcc1326bbda5284e824cf","Robinhood","6238ed45585d3a1784ef7ef6","6a7b3f3f7972132348b05017","2026-08-11 11:30"
"gokhale","68257ab1be5b31c617f37156","exegi momentum","5f906300b00b570001274e55","6a7b3ea97972132348b04e9c","2026-08-11 11:30"
"DarkWoke 🇵🇸","5f061c5b8fba346634a84c33","Jayden","61f149e3c24ced00015b4777","6a7b3eb17972132348b04eb2","2026-08-11 11:30"
"Ades (YT)","694060fd0b5941c5cbe18cbf","Waluuuuuuu","6380cc417b431c1eece4916c","6a7b3e297972132348b04d6a","2026-08-11 11:31"
"Kuba","6744ee112d6c958a853b52a6","szop","5e457e06c2a93b2b70217ecc","6a7b3f187972132348b04fd1","2026-08-11 11:31"
"hyourinmaru","663523ba8e313d3aa27852b0","koekemonster","602ea9c05fa0b100010db2b3","6a7b3fc67972132348b0518a","2026-08-11 11:32"
"Robinhood","6238ed45585d3a1784ef7ef6","48Meters on Apía - Tadó = 4999","5e730243cd30756270994780","6a7b3f8d8b19e25aeb52d421","2026-08-11 11:32"
"Venux","601d72df848235000143965e","✰drku✰","6390a751742539856b34c860","6a7b3f417972132348b0501c","2026-08-11 11:32"
"kober","67ad18a09e150413a5e6fa66","gokhale","68257ab1be5b31c617f37156","6a7b3fd7421398e897d9c4ea","2026-08-11 11:32"
"Stuttgarden","5e7b584fd51dd6198cd166d1","Anya_TW","62739f6613352a5af981b531","6a7b3e6a984d3edab66738e1","2026-08-11 11:32"
"simro_206","677eb0df9d782bd50cb2a7c2","Dunkirk","687665b10b7953df9c8407c3","6a7b3f0c766c68b9ac531d93","2026-08-11 11:32"
"exegi momentum","5f906300b00b570001274e55","Jayden","61f149e3c24ced00015b4777","6a7b400d7972132348b05241","2026-08-11 11:33"
"kober","67ad18a09e150413a5e6fa66","gokhale","68257ab1be5b31c617f37156","6a7b3fd7421398e897d9c4ea","2026-08-11 11:33"
"Seva","6026a51b72c24d000106549b","Kuba love 2","68582b5f8e62427811441b60","6a7b3f6b421398e897d9c391","2026-08-11 11:33"
"FMC","638348f8910c9ca0fbb4fa15","KAITOOO","62e8c3ab0065abc49aca361d","6a7b3be7984d3edab66733b5","2026-08-11 11:33"
"Delema()()()","65869f62df3f7bea3fa1d675","Ant3k","61a0aa0b508e25000188294f","6a7b40308b19e25aeb52d5e0","2026-08-11 11:34"
"Jamabi","5e5fcc1326bbda5284e824cf","Robinhood","6238ed45585d3a1784ef7ef6","6a7b40c58b19e25aeb52d795","2026-08-11 11:35"
"Jamabi","5e5fcc1326bbda5284e824cf","Robinhood","6238ed45585d3a1784ef7ef6","6a7b40c58b19e25aeb52d795","2026-08-11 11:35"
"48Meters on Apía - Tadó = 4999","5e730243cd30756270994780","koekemonster","602ea9c05fa0b100010db2b3","6a7b405a8b19e25aeb52d653","2026-08-11 11:35"
"kober","67ad18a09e150413a5e6fa66","geometry","6677323b8c4a3f875615805f","6a7b40847972132348b0536c","2026-08-11 11:35"
"Seva","6026a51b72c24d000106549b","Kuba love 2","68582b5f8e62427811441b60","6a7b4098421398e897d9c6f0","2026-08-11 11:35"
"Skaven","684ffbcec374eb437a89fc20","M A D A R A","680ebd4ab8187db80148ff47","6a7b3fbb984d3edab6673c02","2026-08-11 11:35"
"kent","5fa7ab03b45c670001342904","Dan YAile","60ef0697612a5400012c89a3","6a7b3f73421398e897d9c39c","2026-08-11 11:36"
"Soused Herring","6a0ca21cdf4950563eb42574","Tottenhamwisps","60ad03a48b6e1d00012f8e7e","6a7b3fe4421398e897d9c51b","2026-08-11 11:36"
"✰drku✰","6390a751742539856b34c860","Tonz","5ac545d25dc1376b4c3b8fdd","6a7b4041984d3edab6673d0b","2026-08-11 11:36"
"hyourinmaru","663523ba8e313d3aa27852b0","Robinhood","6238ed45585d3a1784ef7ef6","6a7b407b8b19e25aeb52d6be","2026-08-11 11:37"
"Dimsum","63f619f14068eb7d4bbb134d","Fructidor","69d9a0dd291d3a2e5184c64e","6a7b3f99984d3edab6673bba","2026-08-11 11:37"
"kober","67ad18a09e150413a5e6fa66","Ritchie","5ff84d182c4df40001592f85","6a7b40b18b19e25aeb52d752","2026-08-11 11:37"
"Dan YAile","60ef0697612a5400012c89a3","Trabota","6056fd798ddd1c00018baf23","6a7b3fa2cc207bcd4c9fe0bd","2026-08-11 11:38"
"koekemonster","602ea9c05fa0b100010db2b3","48Meters on Apía - Tadó = 4999","5e730243cd30756270994780","6a7b412b8b19e25aeb52d8b9","2026-08-11 11:38"
"Peter","604b32c70a8833000197ff31","Luis","63b523e80510075fa39aeabc","6a7b406cd55f1a0fb3731c03","2026-08-11 11:38"
"d4nk","5b92bdcc1ee0107188685300","Cassosclub","65a7c8563d08098ae0def9f9","6a7b3ed27972132348b04f28","2026-08-11 11:38"
"Dunkirk","687665b10b7953df9c8407c3","simro_206","677eb0df9d782bd50cb2a7c2","6a7b405e421398e897d9c665","2026-08-11 11:38"
"Delema()()()","65869f62df3f7bea3fa1d675","Jamabi","5e5fcc1326bbda5284e824cf","6a7b413e3b0c2d64c786b13a","2026-08-11 11:39"
"Robinhood","6238ed45585d3a1784ef7ef6","Trabota","6056fd798ddd1c00018baf23","6a7b41d98b19e25aeb52daa7","2026-08-11 11:39"
"Fructidor","69d9a0dd291d3a2e5184c64e","Robinhood","6238ed45585d3a1784ef7ef6","6a7b4173766c68b9ac53228f","2026-08-11 11:39"
"koekemonster","602ea9c05fa0b100010db2b3","kober","67ad18a09e150413a5e6fa66","6a7b41c7421398e897d9ca3e","2026-08-11 11:39"
"resident","6919ea6aa5259496d039943a","Orangejuice","6963bcefbc79a0f23010eb7c","6a7b40ce7972132348b0543e","2026-08-11 11:40"
"exegi momentum","5f906300b00b570001274e55","Kuba love 2","68582b5f8e62427811441b60","6a7b410a421398e897d9c834","2026-08-11 11:40"
"iNS4NE","596fcdabcf818c83482add39","Ant3k","61a0aa0b508e25000188294f","6a7b410b8b19e25aeb52d84f","2026-08-11 11:41"
"kober","67ad18a09e150413a5e6fa66","Ritchie","5ff84d182c4df40001592f85","6a7b41e87972132348b05750","2026-08-11 11:41"
"parsec","670c184c705e783701c753c0","Kuba","6744ee112d6c958a853b52a6","6a7b4022421398e897d9c5b9","2026-08-11 11:41"
"Fructidor","69d9a0dd291d3a2e5184c64e","Robinhood","6238ed45585d3a1784ef7ef6","6a7b4254421398e897d9cbb0","2026-08-11 11:42"
"Dan YAile","60ef0697612a5400012c89a3","48Meters on Apía - Tadó = 4999","5e730243cd30756270994780","6a7b41e3421398e897d9ca8d","2026-08-11 11:43"
"✰drku✰","6390a751742539856b34c860","Tottenhamwisps","60ad03a48b6e1d00012f8e7e","6a7b416b984d3edab6673f84","2026-08-11 11:43"
"Luxus","64d905c29860ac321bb0ddc5","Derzal","5f96feae45cc8c00017ca853","6a7b41897972132348b0564c","2026-08-11 11:43"
"Delema()()()","65869f62df3f7bea3fa1d675","hyourinmaru","663523ba8e313d3aa27852b0","6a7b422c8b19e25aeb52db7d","2026-08-11 11:44"
"Fructidor","69d9a0dd291d3a2e5184c64e","Robinhood","6238ed45585d3a1784ef7ef6","6a7b42c47972132348b059ab","2026-08-11 11:44"
"koekemonster","602ea9c05fa0b100010db2b3","Trabota","6056fd798ddd1c00018baf23","6a7b421e8b19e25aeb52db5b","2026-08-11 11:44"
"Orangejuice","6963bcefbc79a0f23010eb7c","Kuba","6744ee112d6c958a853b52a6","6a7b42a1421398e897d9cc84","2026-08-11 11:44"
"simro_206","677eb0df9d782bd50cb2a7c2","teek","685e20c019355c6a36ac4983","6a7b4245cc207bcd4c9fe5eb","2026-08-11 11:44"
"iNS4NE","596fcdabcf818c83482add39","Ant3k","61a0aa0b508e25000188294f","6a7b427d8b19e25aeb52dc54","2026-08-11 11:45"
"Fructidor","69d9a0dd291d3a2e5184c64e","Robinhood","6238ed45585d3a1784ef7ef6","6a7b4316421398e897d9cdb0","2026-08-11 11:45"
"Trabota","6056fd798ddd1c00018baf23","koekemonster","602ea9c05fa0b100010db2b3","6a7b431b766c68b9ac532643","2026-08-11 11:45"
"Jrriddle","57a6214096ca6774b09dfc10","M A D A R A","680ebd4ab8187db80148ff47","6a7b41e37972132348b05742","2026-08-11 11:45"
"kent","5fa7ab03b45c670001342904","Yanek","5e625daa90d6cfa438a867a6","6a7b41ab984d3edab667402f","2026-08-11 11:46"
"Maksonic","619d09bdc4ab7000016c68d3","koekemonster","602ea9c05fa0b100010db2b3","6a7b43548b19e25aeb52deae","2026-08-11 11:46"
"48Meters on Apía - Tadó = 4999","5e730243cd30756270994780","cute catboy","68defaee3e4fed0c8264450e","6a7b42d4421398e897d9cd10","2026-08-11 11:46"
"Venux","601d72df848235000143965e","Waluuuuuuu","6380cc417b431c1eece4916c","6a7b4044421398e897d9c620","2026-08-11 11:46"
"Fructidor","69d9a0dd291d3a2e5184c64e","Robinhood","6238ed45585d3a1784ef7ef6","6a7b436f8b19e25aeb52defa","2026-08-11 11:47"
"Fructidor","69d9a0dd291d3a2e5184c64e","Robinhood","6238ed45585d3a1784ef7ef6","6a7b436f8b19e25aeb52defa","2026-08-11 11:47"
"mii3en","66159d055967919df66cf9c0","Robinhood","6238ed45585d3a1784ef7ef6","6a7b42d2421398e897d9cd08","2026-08-11 11:48"
"Kuba","6744ee112d6c958a853b52a6","wichura240","68767692157557d5c76a0ab6","6a7b432c766c68b9ac532666","2026-08-11 11:48"
"geometry","6677323b8c4a3f875615805f","Derzal","5f96feae45cc8c00017ca853","6a7b433f421398e897d9ce28","2026-08-11 11:48"
"Fructidor","69d9a0dd291d3a2e5184c64e","Robinhood","6238ed45585d3a1784ef7ef6","6a7b44038b19e25aeb52e0ac","2026-08-11 11:49"
"koekemonster","602ea9c05fa0b100010db2b3","exegi momentum","5f906300b00b570001274e55","6a7b43ab8b19e25aeb52dfa4","2026-08-11 11:49"
"Waluuuuuuu","6380cc417b431c1eece4916c","MANGER","6785046bef2c357f0bdfd387","6a7b43a6766c68b9ac53276f","2026-08-11 11:49"
"resident","6919ea6aa5259496d039943a","Orangejuice","6963bcefbc79a0f23010eb7c","6a7b4355766c68b9ac5326b7","2026-08-11 11:49"
"Kuba","6744ee112d6c958a853b52a6","geometry","6677323b8c4a3f875615805f","6a7b44237972132348b05ccc","2026-08-11 11:49"
"simro_206","677eb0df9d782bd50cb2a7c2","Moritz","604e275b66c3940001ee30ed","6a7b43397972132348b05ab7","2026-08-11 11:49"
"Trabota","6056fd798ddd1c00018baf23","koekemonster","602ea9c05fa0b100010db2b3","6a7b4367cc207bcd4c9fe7ca","2026-08-11 11:50"
"Maksonic","619d09bdc4ab7000016c68d3","zone","6368058e5d2a405bde1b37b2","6a7b43ef766c68b9ac53281d","2026-08-11 11:50"
"hyourinmaru","663523ba8e313d3aa27852b0","iNS4NE","596fcdabcf818c83482add39","6a7b434b421398e897d9ce3f","2026-08-11 11:51"
"Fructidor","69d9a0dd291d3a2e5184c64e","Robinhood","6238ed45585d3a1784ef7ef6","6a7b44688b19e25aeb52e1ea","2026-08-11 11:51"
"d4nk","5b92bdcc1ee0107188685300","✰drku✰","6390a751742539856b34c860","6a7b431d421398e897d9cdbf","2026-08-11 11:51"
"Robinhood","6238ed45585d3a1784ef7ef6","48Meters on Apía - Tadó = 4999","5e730243cd30756270994780","6a7b44767972132348b05d72","2026-08-11 11:52"
"Paris, Texas","6999ebd9423ce38404eadfb6","KAITOOO","62e8c3ab0065abc49aca361d","6a7b43a43b0c2d64c786b57a","2026-08-11 11:52"
"SanderFMC","62ce8106f827cbfd72056f46","DeTect","65aaf6d23171e89a57705b47","6a7b433d8b19e25aeb52de75","2026-08-11 11:52"
"Fructidor","69d9a0dd291d3a2e5184c64e","Robinhood","6238ed45585d3a1784ef7ef6","6a7b44cc8b19e25aeb52e2fe","2026-08-11 11:53"
"zone","6368058e5d2a405bde1b37b2","koekemonster","602ea9c05fa0b100010db2b3","6a7b44ac7972132348b05de6","2026-08-11 11:53"
"Ritchie","5ff84d182c4df40001592f85","Giant Panda","6874e2f8ef3960e599abae7c","6a7b44bb421398e897d9d1a7","2026-08-11 11:53"
"simro_206","677eb0df9d782bd50cb2a7c2","Eli's Kidney","632042618c4156e6645c5a75","6a7b44a18b19e25aeb52e288","2026-08-11 11:53"
"manuelson","5eff753e4fc56993542703a7","Lennli","5b4899f5b56fe41a1831bba4","6a7b43c97972132348b05bff","2026-08-11 11:54"
"zone","6368058e5d2a405bde1b37b2","koekemonster","602ea9c05fa0b100010db2b3","6a7b44ac7972132348b05de6","2026-08-11 11:54"
"Ades (YT)","694060fd0b5941c5cbe18cbf","cute catboy","68defaee3e4fed0c8264450e","6a7b451f7972132348b05f1f","2026-08-11 11:54"
"Waluuuuuuu","6380cc417b431c1eece4916c","MANGER","6785046bef2c357f0bdfd387","6a7b44418b19e25aeb52e187","2026-08-11 11:54"
"Giant Panda","6874e2f8ef3960e599abae7c","48Meters on Apía - Tadó = 4999","5e730243cd30756270994780","6a7b45178b19e25aeb52e3ee","2026-08-11 11:54"
"parsec","670c184c705e783701c753c0","ThePro","642820d9ea62d148f8e1d116","6a7b445b3b0c2d64c786b6d0","2026-08-11 11:54"
"Sabahnakhet","6a543ba7ed02c0562a0804e4","matess","6218ede46caa870001e2d5af","6a7b44c5421398e897d9d1c0","2026-08-11 11:54"
"Fructidor","69d9a0dd291d3a2e5184c64e","Robinhood","6238ed45585d3a1784ef7ef6","6a7b4562421398e897d9d339","2026-08-11 11:55"
"Freedom","65a2efda5b3d0a0d04c2a4b0","wichura240","68767692157557d5c76a0ab6","6a7b44fd7972132348b05ebf","2026-08-11 11:55"
"Ritchie","5ff84d182c4df40001592f85","cute catboy","68defaee3e4fed0c8264450e","6a7b458e8b19e25aeb52e50f","2026-08-11 11:55"
"Trabota","6056fd798ddd1c00018baf23","Arttuuh_27","5bbbbd372c0173524cdb6e9e","6a7b448a8b19e25aeb52e247","2026-08-11 11:56"
"Giant Panda","6874e2f8ef3960e599abae7c","48Meters on Apía - Tadó = 4999","5e730243cd30756270994780","6a7b4599766c68b9ac532b74","2026-08-11 11:56"
"Pandazan","632e19f3f0149e276027d38e","geometry","6677323b8c4a3f875615805f","6a7b45087972132348b05ee3","2026-08-11 11:56"
"iNS4NE","596fcdabcf818c83482add39","hyourinmaru","663523ba8e313d3aa27852b0","6a7b44e9984d3edab667470f","2026-08-11 11:57"
"Yanek","5e625daa90d6cfa438a867a6","kent","5fa7ab03b45c670001342904","6a7b447a766c68b9ac532926","2026-08-11 11:57"
"zone","6368058e5d2a405bde1b37b2","koekemonster","602ea9c05fa0b100010db2b3","6a7b4556421398e897d9d316","2026-08-11 11:57"
"Maksonic","619d09bdc4ab7000016c68d3","gg80","63094e1796056024727fc5d5","6a7b45c23b0c2d64c786b92f","2026-08-11 11:57"
"Robinhood","6238ed45585d3a1784ef7ef6","koekemonster","602ea9c05fa0b100010db2b3","6a7b459b766c68b9ac532b77","2026-08-11 11:57"
"teek","685e20c019355c6a36ac4983","Skrillicon","63655c683f13a9e2cceb27d9","6a7b4343766c68b9ac532692","2026-08-11 11:57"
"Moritz","604e275b66c3940001ee30ed","Kuba","6744ee112d6c958a853b52a6","6a7b454d863bceb67272021a","2026-08-11 11:57"
"宝葫芦的秘密","68e85bdb3f2cbbe915cbcd3d","mii3en","66159d055967919df66cf9c0","6a7b45ce8b19e25aeb52e5cc","2026-08-11 11:58"
"Robinhood","6238ed45585d3a1784ef7ef6","koekemonster","602ea9c05fa0b100010db2b3","6a7b459b766c68b9ac532b77","2026-08-11 11:58"
"Sabahnakhet","6a543ba7ed02c0562a0804e4","thebestsophiaaa","6a03ce7a3f3b97018d380cd7","6a7b457c8b19e25aeb52e4e3","2026-08-11 11:58"
"Skaven","684ffbcec374eb437a89fc20","✰drku✰","6390a751742539856b34c860","6a7b44de421398e897d9d203","2026-08-11 11:58"
"48Meters on Apía - Tadó = 4999","5e730243cd30756270994780","Giant Panda","6874e2f8ef3960e599abae7c","6a7b45ff984d3edab6674957","2026-08-11 11:59"
"Pandazan","632e19f3f0149e276027d38e","Ritchie","5ff84d182c4df40001592f85","6a7b45e58b19e25aeb52e605","2026-08-11 11:59"
"koekemonster","602ea9c05fa0b100010db2b3","Mow_Mi_Ksienciu","65567939564ddbb4b6c81c58","6a7b4625421398e897d9d520","2026-08-11 12:00"
"Waluuuuuuu","6380cc417b431c1eece4916c","Ades (YT)","694060fd0b5941c5cbe18cbf","6a7b45a7421398e897d9d3f4","2026-08-11 12:00"
"d4nk","5b92bdcc1ee0107188685300","Mow_Mi_Ksienciu","65567939564ddbb4b6c81c58","6a7b45528b19e25aeb52e477","2026-08-11 12:00"
"Sabahnakhet","6a543ba7ed02c0562a0804e4","thebestsophiaaa","6a03ce7a3f3b97018d380cd7","6a7b46818b19e25aeb52e79b","2026-08-11 12:00"
"hyourinmaru","663523ba8e313d3aa27852b0","iNS4NE","596fcdabcf818c83482add39","6a7b46298b19e25aeb52e69e","2026-08-11 12:01"
"Tottenhamwisps","60ad03a48b6e1d00012f8e7e","Eli's Kidney","632042618c4156e6645c5a75","6a7b456e8b19e25aeb52e4bf","2026-08-11 12:01"
"Paris, Texas","6999ebd9423ce38404eadfb6","fl","6970c8296b5a14bff4cfd064","6a7b45658b19e25aeb52e4a5","2026-08-11 12:01"
"simro_206","677eb0df9d782bd50cb2a7c2","Jas","6011f79736fafa00014be126","6a7b45e6766c68b9ac532c02","2026-08-11 12:01"
"Robinhood","6238ed45585d3a1784ef7ef6","koekemonster","602ea9c05fa0b100010db2b3","6a7b46fe766c68b9ac532dfa","2026-08-11 12:02"
"Ritchie","5ff84d182c4df40001592f85","geometry","6677323b8c4a3f875615805f","6a7b46ec7972132348b06394","2026-08-11 12:02"
"Kuba","6744ee112d6c958a853b52a6","路易十六","65337c686711b99177ed189b","6a7b4685766c68b9ac532d31","2026-08-11 12:02"
"Trabota","6056fd798ddd1c00018baf23","Arttuuh_27","5bbbbd372c0173524cdb6e9e","6a7b46037972132348b06152","2026-08-11 12:03"
"Robinhood","6238ed45585d3a1784ef7ef6","koekemonster","602ea9c05fa0b100010db2b3","6a7b46fe766c68b9ac532dfa","2026-08-11 12:03"
"48Meters on Apía - Tadó = 4999","5e730243cd30756270994780","kober","67ad18a09e150413a5e6fa66","6a7b46b87972132348b06326","2026-08-11 12:03"
"kober","67ad18a09e150413a5e6fa66","gg80","63094e1796056024727fc5d5","6a7b46c17972132348b06341","2026-08-11 12:03"
"Kuba","6744ee112d6c958a853b52a6","路易十六","65337c686711b99177ed189b","6a7b475b8b19e25aeb52ea11","2026-08-11 12:03"
"Trabota","6056fd798ddd1c00018baf23","Arttuuh_27","5bbbbd372c0173524cdb6e9e","6a7b47878b19e25aeb52ea80","2026-08-11 12:04"
"宝葫芦的秘密","68e85bdb3f2cbbe915cbcd3d","zone","6368058e5d2a405bde1b37b2","6a7b465f984d3edab6674a34","2026-08-11 12:04"
"Kuba","6744ee112d6c958a853b52a6","parsec","670c184c705e783701c753c0","6a7b479c8b19e25aeb52eab5","2026-08-11 12:04"
"Skaven","684ffbcec374eb437a89fc20","✰drku✰","6390a751742539856b34c860","6a7b46927972132348b062ba","2026-08-11 12:04"
"iNS4NE","596fcdabcf818c83482add39","hyourinmaru","663523ba8e313d3aa27852b0","6a7b471b766c68b9ac532e2a","2026-08-11 12:05"
"Trabota","6056fd798ddd1c00018baf23","Arttuuh_27","5bbbbd372c0173524cdb6e9e","6a7b47e7766c68b9ac532fa1","2026-08-11 12:05"
"Robinhood","6238ed45585d3a1784ef7ef6","xZenith","6846d165a3008977fe607ade","6a7b47bd7972132348b0654b","2026-08-11 12:05"
"koekemonster","602ea9c05fa0b100010db2b3","kober","67ad18a09e150413a5e6fa66","6a7b47ad984d3edab6674cc4","2026-08-11 12:05"
"Celneo","630b9715510e022a3194e5bb","路易十六","65337c686711b99177ed189b","6a7b47ab8b19e25aeb52eae0","2026-08-11 12:05"
"d4nk","5b92bdcc1ee0107188685300","Moritz","604e275b66c3940001ee30ed","6a7b472f984d3edab6674bd8","2026-08-11 12:06"
"GeoBunny","64b2f9895059c43d9160f5af","ThomasThTrain","5fdcf2d89f206900016dc4d2","6a7b47237972132348b06420","2026-08-11 12:06"
"48Meters on Apía - Tadó = 4999","5e730243cd30756270994780","Ritchie","5ff84d182c4df40001592f85","6a7b47ae421398e897d9d8b6","2026-08-11 12:07"
"Mow_Mi_Ksienciu","65567939564ddbb4b6c81c58","Pandazan","632e19f3f0149e276027d38e","6a7b47258b19e25aeb52e948","2026-08-11 12:07"
"Kuba","6744ee112d6c958a853b52a6","race","603c5c220297940001b84e1a","6a7b47f8421398e897d9d995","2026-08-11 12:07"
"Robinhood","6238ed45585d3a1784ef7ef6","zone","6368058e5d2a405bde1b37b2","6a7b47ca421398e897d9d8ff","2026-08-11 12:08"
"✰drku✰","6390a751742539856b34c860","parsec","670c184c705e783701c753c0","6a7b48037972132348b0661d","2026-08-11 12:08"
"kober","67ad18a09e150413a5e6fa66","exegi momentum","5f906300b00b570001274e55","6a7b47d3863bceb672720659","2026-08-11 12:09"
"Celneo","630b9715510e022a3194e5bb","路易十六","65337c686711b99177ed189b","6a7b482d7972132348b0669a","2026-08-11 12:09"
"hyourinmaru","663523ba8e313d3aa27852b0","iNS4NE","596fcdabcf818c83482add39","6a7b480b7972132348b06627","2026-08-11 12:10"
"Robinhood","6238ed45585d3a1784ef7ef6","Trabota","6056fd798ddd1c00018baf23","6a7b48587972132348b0670d","2026-08-11 12:10"
"Arttuuh_27","5bbbbd372c0173524cdb6e9e","Shakazaramesh","5ef2945bbb96627c9ce5f63f","6a7b483a7972132348b066c7","2026-08-11 12:10"
"Eli's Kidney","632042618c4156e6645c5a75","simro_206","677eb0df9d782bd50cb2a7c2","6a7b4750766c68b9ac532e90","2026-08-11 12:10"
"BarryTheBee","62be7867aa13616722f8dd4a","Yanek","5e625daa90d6cfa438a867a6","6a7b465d766c68b9ac532cec","2026-08-11 12:11"
"Robinhood","6238ed45585d3a1784ef7ef6","mii3en","66159d055967919df66cf9c0","6a7b48ca421398e897d9db9b","2026-08-11 12:11"
"koekemonster","602ea9c05fa0b100010db2b3","Mow_Mi_Ksienciu","65567939564ddbb4b6c81c58","6a7b489dcc207bcd4c9ff0d3","2026-08-11 12:11"
"Waluuuuuuu","6380cc417b431c1eece4916c","Ades (YT)","694060fd0b5941c5cbe18cbf","6a7b4703421398e897d9d725","2026-08-11 12:11"
"Paris, Texas","6999ebd9423ce38404eadfb6","fl","6970c8296b5a14bff4cfd064","6a7b47634a5b7c0dd40ad0de","2026-08-11 12:11"
"Ritchie","5ff84d182c4df40001592f85","Pandazan","632e19f3f0149e276027d38e","6a7b48ba7972132348b06818","2026-08-11 12:11"
"GeoBunny","64b2f9895059c43d9160f5af","kober","67ad18a09e150413a5e6fa66","6a7b48448b19e25aeb52ecdb","2026-08-11 12:11"
"pav","5e67d59212777c2530253a95","Mathias","650a2d21361d5316c35b4efe","6a7b46b08b19e25aeb52e81f","2026-08-11 12:13"
"Trabota","6056fd798ddd1c00018baf23","Arttuuh_27","5bbbbd372c0173524cdb6e9e","6a7b49888b19e25aeb52f03e","2026-08-11 12:13"
"exegi momentum","5f906300b00b570001274e55","kober","67ad18a09e150413a5e6fa66","6a7b49058b19e25aeb52eee5","2026-08-11 12:13"
"Ritchie","5ff84d182c4df40001592f85","Kuba love 2","68582b5f8e62427811441b60","6a7b496b8b19e25aeb52efea","2026-08-11 12:13"
"parsec","670c184c705e783701c753c0","d4nk","5b92bdcc1ee0107188685300","6a7b48cc8b19e25aeb52ee35","2026-08-11 12:13"
"✰drku✰","6390a751742539856b34c860","Yiğit Onur","628a020c86224535a595335f","6a7b4918fd0855451664e595","2026-08-11 12:13"
"hyourinmaru","663523ba8e313d3aa27852b0","xZenith","6846d165a3008977fe607ade","6a7b4925984d3edab6675009","2026-08-11 12:14"
"Robinhood","6238ed45585d3a1784ef7ef6","zone","6368058e5d2a405bde1b37b2","6a7b495a421398e897d9dcf5","2026-08-11 12:14"
"koekemonster","602ea9c05fa0b100010db2b3","Mow_Mi_Ksienciu","65567939564ddbb4b6c81c58","6a7b499a8b19e25aeb52f06a","2026-08-11 12:15"
"PopularPeninsula783","6794f91a4613843d08b344b1","Tottenhamwisps","60ad03a48b6e1d00012f8e7e","6a7b48b27972132348b06807","2026-08-11 12:15"
"francishow","6048173c50a8500001ba84d8","Skcmj","669bbdca232879fb8fd85725","6a7b49e48b19e25aeb52f137","2026-08-11 12:15"
"Ritchie","5ff84d182c4df40001592f85","kober","67ad18a09e150413a5e6fa66","6a7b49f3984d3edab66751d8","2026-08-11 12:16"
"✰drku✰","6390a751742539856b34c860","Buckyball","653c08d6e169ee62234042c3","6a7b4a55421398e897d9df87","2026-08-11 12:16"
"Sabahnakhet","6a543ba7ed02c0562a0804e4","GeogeussrPro","683880eaf1518df630116b05","6a7b4a1e421398e897d9def0","2026-08-11 12:16"
"Robinhood","6238ed45585d3a1784ef7ef6","iNS4NE","596fcdabcf818c83482add39","6a7b49a97972132348b06a4d","2026-08-11 12:17"
"Paris, Texas","6999ebd9423ce38404eadfb6","KAITOOO","62e8c3ab0065abc49aca361d","6a7b49df8b19e25aeb52f126","2026-08-11 12:17"
"koekemonster","602ea9c05fa0b100010db2b3","zone","6368058e5d2a405bde1b37b2","6a7b4a597972132348b06be7","2026-08-11 12:18"
"Mow_Mi_Ksienciu","65567939564ddbb4b6c81c58","kober","67ad18a09e150413a5e6fa66","6a7b4a5a421398e897d9df8e","2026-08-11 12:18"
"Tottenhamwisps","60ad03a48b6e1d00012f8e7e","Surgut sand","5ec369eae7115241a4e75beb","6a7b4a6d7972132348b06c26","2026-08-11 12:18"
"Wodak","6796246986227732f607bc7a","gg80","63094e1796056024727fc5d5","6a7b4aae4a5b7c0dd40ad6b7","2026-08-11 12:19"
"Shakazaramesh","5ef2945bbb96627c9ce5f63f","Eli's Kidney","632042618c4156e6645c5a75","6a7b49667972132348b069a0","2026-08-11 12:19"
"kober","67ad18a09e150413a5e6fa66","Kuba love 2","68582b5f8e62427811441b60","6a7b4ac7984d3edab6675397","2026-08-11 12:19"
"hyourinmaru","663523ba8e313d3aa27852b0","xZenith","6846d165a3008977fe607ade","6a7b4a458b19e25aeb52f244","2026-08-11 12:20"
"EntityGG","6a2ee6a0c227e2e2b7707578","Ritchie","5ff84d182c4df40001592f85","6a7b4b117972132348b06dde","2026-08-11 12:20"
"Sabahnakhet","6a543ba7ed02c0562a0804e4","aduudoesexist","67657fd7ab11f49e374087a1","6a7b4b29421398e897d9e1ca","2026-08-11 12:20"
"Ades (YT)","694060fd0b5941c5cbe18cbf","mii3en","66159d055967919df66cf9c0","6a7b49ac766c68b9ac533333","2026-08-11 12:21"
"Tottenhamwisps","60ad03a48b6e1d00012f8e7e","celownikwodny","664a46ec660949cf6274a231","6a7b4b5a8b19e25aeb52f572","2026-08-11 12:21"
"SanderFMC","62ce8106f827cbfd72056f46","I Am Adam","61c4c33c96f28e000171006f","6a7b46727972132348b06262","2026-08-11 12:21"
"宝葫芦的秘密","68e85bdb3f2cbbe915cbcd3d","Arttuuh_27","5bbbbd372c0173524cdb6e9e","6a7b4a65421398e897d9dfbd","2026-08-11 12:22"
"koekemonster","602ea9c05fa0b100010db2b3","zone","6368058e5d2a405bde1b37b2","6a7b4b32421398e897d9e1f1","2026-08-11 12:22"
"EntityGG","6a2ee6a0c227e2e2b7707578","Kuba love 2","68582b5f8e62427811441b60","6a7b4ba48b19e25aeb52f645","2026-08-11 12:22"
"Sabahnakhet","6a543ba7ed02c0562a0804e4","smy","637f9376893942a8db918c56","6a7b4b84421398e897d9e2e3","2026-08-11 12:22"
"hyourinmaru","663523ba8e313d3aa27852b0","BarryTheBee","62be7867aa13616722f8dd4a","6a7b4bd2cc207bcd4c9ff697","2026-08-11 12:23"
"Surgut sand","5ec369eae7115241a4e75beb","Kuba love 2","68582b5f8e62427811441b60","6a7b4b518b19e25aeb52f55b","2026-08-11 12:23"
"Trabota","6056fd798ddd1c00018baf23","Yanek","5e625daa90d6cfa438a867a6","6a7b4afbfd0855451664e956","2026-08-11 12:24"
"koekemonster","602ea9c05fa0b100010db2b3","zone","6368058e5d2a405bde1b37b2","6a7b4c267972132348b070d2","2026-08-11 12:24"
"Рома","5bc9f3921f3cf81af80cfa72","Junior Paulo","60d6b2fd6f85320001258c83","6a7b4af77972132348b06d84","2026-08-11 12:24"
"Rawin","6162efcdc23f260001c6a4d3","Ritchie","5ff84d182c4df40001592f85","6a7b4b8c421398e897d9e2f9","2026-08-11 12:24"
"Sabahnakhet","6a543ba7ed02c0562a0804e4","Willyan Ribeiro","632a6203984aa46c8a4362ee","6a7b4c39421398e897d9e4e8","2026-08-11 12:24"
"PopularPeninsula783","6794f91a4613843d08b344b1","JoguessR","633dc7c5d5114aab59533f52","6a7b4b1d8b19e25aeb52f4be","2026-08-11 12:25"
"Wodak","6796246986227732f607bc7a","gg80","63094e1796056024727fc5d5","6a7b4b818b19e25aeb52f5e4","2026-08-11 12:26"
"Arttuuh_27","5bbbbd372c0173524cdb6e9e","Ades (YT)","694060fd0b5941c5cbe18cbf","6a7b4c224a5b7c0dd40ad9b2","2026-08-11 12:27"
"xZenith","6846d165a3008977fe607ade","mii3en","66159d055967919df66cf9c0","6a7b4c0b421398e897d9e46f","2026-08-11 12:28"
"✰drku✰","6390a751742539856b34c860","路易十六","65337c686711b99177ed189b","6a7b4c817972132348b071fc","2026-08-11 12:28"
"GeoBunny","64b2f9895059c43d9160f5af","Curioso","67d45818e116b8cd2a7e2713","6a7b4c807972132348b071f7","2026-08-11 12:28"
"Sabahnakhet","6a543ba7ed02c0562a0804e4","dusaneray","6a0d8a1df766ccfb12c581c3","6a7b4cc0766c68b9ac533a15","2026-08-11 12:28"
"Stephen","5d87615adf1dd672b8a144b5","Eli's Kidney","632042618c4156e6645c5a75","6a7b4bd5766c68b9ac5337cb","2026-08-11 12:29"
"Ritchie","5ff84d182c4df40001592f85","qeezy new acc","6033a16edb1db5000118e2c0","6a7b4cc5766c68b9ac533a21","2026-08-11 12:29"
"Robinhood","6238ed45585d3a1784ef7ef6","mii3en","66159d055967919df66cf9c0","6a7b4d878b19e25aeb52fbc6","2026-08-11 12:30"
"zone","6368058e5d2a405bde1b37b2","koekemonster","602ea9c05fa0b100010db2b3","6a7b4c82766c68b9ac53398c","2026-08-11 12:30"
"gg80","63094e1796056024727fc5d5","kober","67ad18a09e150413a5e6fa66","6a7b4d17766c68b9ac533ad3","2026-08-11 12:30"
"Yiğit Onur","628a020c86224535a595335f","d4nk","5b92bdcc1ee0107188685300","6a7b4a1a984d3edab6675213","2026-08-11 12:30"
"Surgut sand","5ec369eae7115241a4e75beb","Eu Mamei Tver","698282326314d86a2a8c61e3","6a7b4c687972132348b071b5","2026-08-11 12:30"
"hyourinmaru","663523ba8e313d3aa27852b0","BarryTheBee","62be7867aa13616722f8dd4a","6a7b4c8ccc207bcd4c9ff851","2026-08-11 12:31"
"parsec","670c184c705e783701c753c0","Ruari","60258d7d36ff8a0001f5fef5","6a7b4c688b19e25aeb52f86c","2026-08-11 12:31"
"francishow","6048173c50a8500001ba84d8","Skcmj","669bbdca232879fb8fd85725","6a7b4a8c8b19e25aeb52f304","2026-08-11 12:31"
"MagnusMägi","6765f226ab11f49e3748df8b","Junior Paulo","60d6b2fd6f85320001258c83","6a7b4cc9cc207bcd4c9ff8bd","2026-08-11 12:32"
"Ades (YT)","694060fd0b5941c5cbe18cbf","wicked","62b58d581d1f72470f4628a0","6a7b4d46984d3edab66759ae","2026-08-11 12:33"
"spherical_cow","62b34fca140a13acdc6567df","Paris, Texas","6999ebd9423ce38404eadfb6","6a7b4b968b19e25aeb52f625","2026-08-11 12:33"
"Eu Mamei Tver","698282326314d86a2a8c61e3","kober","67ad18a09e150413a5e6fa66","6a7b4e2a8b19e25aeb52fdc3","2026-08-11 12:33"
"Geoplonker","63e1d8513621f1ba4a58fb70","francishow","6048173c50a8500001ba84d8","6a7b4e58421398e897d9eb22","2026-08-11 12:33"
"zone","6368058e5d2a405bde1b37b2","Tottenhamwisps","60ad03a48b6e1d00012f8e7e","6a7b4dfd8b19e25aeb52fd38","2026-08-11 12:34"
"PopularPeninsula783","6794f91a4613843d08b344b1","JoguessR","633dc7c5d5114aab59533f52","6a7b4d678b19e25aeb52fb73","2026-08-11 12:34"
"Demiurge","68f0c79a6b4cd855b3c4bcf2","EntityGG","6a2ee6a0c227e2e2b7707578","6a7b4d7c7972132348b07505","2026-08-11 12:34"
"Mati_01","626d0e7318005f1f25a53151","mii3en","66159d055967919df66cf9c0","6a7b4e14984d3edab6675b96","2026-08-11 12:35"
"Rubber Dinghy Rapids Bro","5b1814ea59669593c4ce555b","Dimsum","63f619f14068eb7d4bbb134d","6a7b4a928b19e25aeb52f315","2026-08-11 12:35"
"M4RCU5","624f4f8e1b3c401d26551c9d","Eli's Kidney","632042618c4156e6645c5a75","6a7b4db34a5b7c0dd40adcfe","2026-08-11 12:35"
"Ricky Beast","5ff33554455e6800011e3146","xZenith","6846d165a3008977fe607ade","6a7b4ddd8b19e25aeb52fcc2","2026-08-11 12:36"
"Sityqwai","5dc9b82ae9473f3ff8ad7799","race","603c5c220297940001b84e1a","6a7b4c6e8b19e25aeb52f887","2026-08-11 12:36"
"Geoplonker","63e1d8513621f1ba4a58fb70","Tottenhamwisps","60ad03a48b6e1d00012f8e7e","6a7b4edd8b19e25aeb52ffd2","2026-08-11 12:36"
"Sabahnakhet","6a543ba7ed02c0562a0804e4","Zach Nicholson","5fbec3b014225100010236a1","6a7b4e1f984d3edab6675bb2","2026-08-11 12:36"
"Robinhood","6238ed45585d3a1784ef7ef6","hyourinmaru","663523ba8e313d3aa27852b0","6a7b4e377972132348b07730","2026-08-11 12:37"
"Ades (YT)","694060fd0b5941c5cbe18cbf","wicked","62b58d581d1f72470f4628a0","6a7b4e8d8b19e25aeb52fee0","2026-08-11 12:37"
"Morker","572013ff5b145d43f41f18b7","francishow","6048173c50a8500001ba84d8","6a7b4eb08b19e25aeb52ff5e","2026-08-11 12:37"
"Yanek","5e625daa90d6cfa438a867a6","Trabota","6056fd798ddd1c00018baf23","6a7b4caffd0855451664ed05","2026-08-11 12:38"
"Arttuuh_27","5bbbbd372c0173524cdb6e9e","BadAssGeo","69742cb6dd3c0f9e450df031","6a7b4d85421398e897d9e8b9","2026-08-11 12:38"
"Robinhood","6238ed45585d3a1784ef7ef6","xZenith","6846d165a3008977fe607ade","6a7b4fcb8b19e25aeb53027d","2026-08-11 12:39"
"mii3en","66159d055967919df66cf9c0","Mati_01","626d0e7318005f1f25a53151","6a7b4f057972132348b0791e","2026-08-11 12:39"
"Paris, Texas","6999ebd9423ce38404eadfb6","thomas7eme","5ef89d2d8f01a05300030185","6a7b4ebc7972132348b07865","2026-08-11 12:39"
"Zhihh","63b435e80510075fa39ac039","KAITOOO","62e8c3ab0065abc49aca361d","6a7b4ead7972132348b0784d","2026-08-11 12:39"
"Avandy","60c3535133004c00010451a3","Ricky Beast","5ff33554455e6800011e3146","6a7b4f808b19e25aeb530194","2026-08-11 12:41"
"Geoplonker","63e1d8513621f1ba4a58fb70","francishow","6048173c50a8500001ba84d8","6a7b4f838b19e25aeb53019e","2026-08-11 12:42"
"Morker","572013ff5b145d43f41f18b7","Luk_345","60d5dd5e548abb000175cc3e","6a7b4f98421398e897d9ee86","2026-08-11 12:42"
"steelik","5c8952067235f956d80440cc","Kuba love 2","68582b5f8e62427811441b60","6a7b503f7972132348b07c51","2026-08-11 12:42"
"Arttuuh_27","5bbbbd372c0173524cdb6e9e","ymot","5c296804097d019c9053201b","6a7b5053421398e897d9f064","2026-08-11 12:43"
"wicked","62b58d581d1f72470f4628a0","Ades (YT)","694060fd0b5941c5cbe18cbf","6a7b4fab8b19e25aeb530204","2026-08-11 12:43"
"Tottenhamwisps","60ad03a48b6e1d00012f8e7e","parsec","670c184c705e783701c753c0","6a7b4f6db92aec0cfc62f076","2026-08-11 12:43"
"JoguessR","633dc7c5d5114aab59533f52","Max","5f847db332173400011b50bb","6a7b4f34766c68b9ac533f64","2026-08-11 12:43"
"Wodak","6796246986227732f607bc7a","Mati_01","626d0e7318005f1f25a53151","6a7b5017cc207bcd4c9ffec6","2026-08-11 12:44"
"Eu Mamei Tver","698282326314d86a2a8c61e3","GeoMango","640633579d4e23ba52d7b054","6a7b4f2e8b19e25aeb53009e","2026-08-11 12:44"
"Sabahnakhet","6a543ba7ed02c0562a0804e4","Lucgraphy","59f985151bca64206c1be522","6a7b4fdb8b19e25aeb5302a8","2026-08-11 12:44"
"xZenith","6846d165a3008977fe607ade","Ricky Beast","5ff33554455e6800011e3146","6a7b50d97972132348b07dbb","2026-08-11 12:45"
"gg80","63094e1796056024727fc5d5","Junior Paulo","60d6b2fd6f85320001258c83","6a7b4ec2421398e897d9ec34","2026-08-11 12:45"
"GeoBunny","64b2f9895059c43d9160f5af","zone","6368058e5d2a405bde1b37b2","6a7b50c08b19e25aeb530582","2026-08-11 12:45"
"Robinhood","6238ed45585d3a1784ef7ef6","Yanek","5e625daa90d6cfa438a867a6","6a7b500b8b19e25aeb530337","2026-08-11 12:46"
"mii3en","66159d055967919df66cf9c0","victr","660d89e0e8754a8737cdf7b8","6a7b508c8b19e25aeb5304e4","2026-08-11 12:46"
"M4RCU5","624f4f8e1b3c401d26551c9d","tripleJJJ","606746dda95f2c00017f9ecd","6a7b4f388b19e25aeb5300b6","2026-08-11 12:46"
"Sabahnakhet","6a543ba7ed02c0562a0804e4","Ryn Cent","62fcfb102107dd9ca6f9754e","6a7b51427972132348b07ea9","2026-08-11 12:46"
"Reynardo","619e21dbcd59be0001df98df","Eu Mamei Tver","698282326314d86a2a8c61e3","6a7b51a3766c68b9ac53442d","2026-08-11 12:48"
"JoguessR","633dc7c5d5114aab59533f52","PineTerrain","6a1004c726334947e82a0859","6a7b514a766c68b9ac53439d","2026-08-11 12:48"
"Ricky Beast","5ff33554455e6800011e3146","xZenith","6846d165a3008977fe607ade","6a7b518b421398e897d9f35d","2026-08-11 12:49"
"Nick.BY","5926b86352e6ca6c8c1463d7","Arttuuh_27","5bbbbd372c0173524cdb6e9e","6a7b51057972132348b07e19","2026-08-11 12:49"
"zone","6368058e5d2a405bde1b37b2","Henrik","5ffda066ad68a300017a45e1","6a7b51854a5b7c0dd40ae3d7","2026-08-11 12:49"
"Rubber Dinghy Rapids Bro","5b1814ea59669593c4ce555b","tr","654bd5dfad693a62843361db","6a7b51127972132348b07e3c","2026-08-11 12:49"
"Zhihh","63b435e80510075fa39ac039","GeoMango","640633579d4e23ba52d7b054","6a7b514e8b19e25aeb5306d6","2026-08-11 12:49"
"mayte","62a2e3a9c219a1c4a79c4c43","TuTeQ Parisien","6409b7a0f73f849fb39cdf18","6a7b51427972132348b07ea7","2026-08-11 12:49"
"Robinhood","6238ed45585d3a1784ef7ef6","Jamabi","5e5fcc1326bbda5284e824cf","6a7b519d984d3edab6676282","2026-08-11 12:50"
"Rihanna's alt","6a3c2f99fe770b27148e8436","Ades (YT)","694060fd0b5941c5cbe18cbf","6a7b51c0421398e897d9f3df","2026-08-11 12:50"
"rylynn","6a465addf758690c0d2dad6f","Nont","6a4f754cd35a90b36268a00f","6a7b52128b19e25aeb5308e1","2026-08-11 12:50"
"victr","660d89e0e8754a8737cdf7b8","mii3en","66159d055967919df66cf9c0","6a7b51b4421398e897d9f3c7","2026-08-11 12:51"
"Sabahnakhet","6a543ba7ed02c0562a0804e4","Lucgraphy","59f985151bca64206c1be522","6a7b51b9421398e897d9f3d5","2026-08-11 12:51"
"Eli's Kidney","632042618c4156e6645c5a75","ymot","5c296804097d019c9053201b","6a7b5126421398e897d9f261","2026-08-11 12:52"
"Avandy","60c3535133004c00010451a3","Yanek","5e625daa90d6cfa438a867a6","6a7b523b7972132348b08125","2026-08-11 12:53"
"Sabahnakhet","6a543ba7ed02c0562a0804e4","umutt","629cfe10263bdd8e92950c08","6a7b52d58b19e25aeb530aef","2026-08-11 12:53"
"Reynardo","619e21dbcd59be0001df98df","M4RCU5","624f4f8e1b3c401d26551c9d","6a7b525c8b19e25aeb5309b7","2026-08-11 12:54"
"JoguessR","633dc7c5d5114aab59533f52","Zhihh","63b435e80510075fa39ac039","6a7b526c984d3edab667645f","2026-08-11 12:54"
"Robinhood","6238ed45585d3a1784ef7ef6","xZenith","6846d165a3008977fe607ade","6a7b52c68b19e25aeb530ac7","2026-08-11 12:55"
"BadAssGeo","69742cb6dd3c0f9e450df031","Trabota","6056fd798ddd1c00018baf23","6a7b4ff88b19e25aeb53030b","2026-08-11 12:55"
"parsec","670c184c705e783701c753c0","fexlo","55e374e55c083756fcfcd144","6a7b51fc421398e897d9f47a","2026-08-11 12:55"
"zone","6368058e5d2a405bde1b37b2","Henrik","5ffda066ad68a300017a45e1","6a7b524f8b19e25aeb530993","2026-08-11 12:56"
"Paris, Texas","6999ebd9423ce38404eadfb6","I Am Adam","61c4c33c96f28e000171006f","6a7b507d7972132348b07ce4","2026-08-11 12:56"
"Trichter33","601d95ba49c0980001a824b8","Arttuuh_27","5bbbbd372c0173524cdb6e9e","6a7b52bf7972132348b08252","2026-08-11 12:57"
"Reynardo","619e21dbcd59be0001df98df","houmreu (Youtube)","5b571ce97135fa0e48b2d9f8","6a7b538d8b19e25aeb530d25","2026-08-11 12:57"
"Eu Mamei Tver","698282326314d86a2a8c61e3","BZH","5d91e75b1d19ab650c37bd19","6a7b52c2984d3edab6676501","2026-08-11 12:57"
"mayte","62a2e3a9c219a1c4a79c4c43","TuTeQ Parisien","6409b7a0f73f849fb39cdf18","6a7b52798b19e25aeb530a05","2026-08-11 12:57"
"victr","660d89e0e8754a8737cdf7b8","mii3en","66159d055967919df66cf9c0","6a7b53008b19e25aeb530b61","2026-08-11 12:58"
"Lene","5d52f64824ec173888d82b60","Sityqwai","5dc9b82ae9473f3ff8ad7799","6a7b4fa9984d3edab6675ee7","2026-08-11 13:00"
"BadAssGeo","69742cb6dd3c0f9e450df031","Arttuuh_27","5bbbbd372c0173524cdb6e9e","6a7b54558b19e25aeb530fa8","2026-08-11 13:00"
"Trichter33","601d95ba49c0980001a824b8","Arttuuh_27","5bbbbd372c0173524cdb6e9e","6a7b548b8b19e25aeb531075","2026-08-11 13:00"
"zone","6368058e5d2a405bde1b37b2","xZenith","6846d165a3008977fe607ade","6a7b540d984d3edab66767f8","2026-08-11 13:00"
"Flubbersticks","69387a54dc6fdd9da05c91cd","nowiczok in your tea","62f970d6df4ff6a0e2c48e03","6a7b5420421398e897d9fa32","2026-08-11 13:00"
"Zhihh","63b435e80510075fa39ac039","KAITOOO","62e8c3ab0065abc49aca361d","6a7b539dfd0855451664f975","2026-08-11 13:00"
"Trabota","6056fd798ddd1c00018baf23","Avandy","60c3535133004c00010451a3","6a7b53cf984d3edab6676765","2026-08-11 13:01"
"Maksonic","619d09bdc4ab7000016c68d3","victr","660d89e0e8754a8737cdf7b8","6a7b54727972132348b086aa","2026-08-11 13:01"
"ymot","5c296804097d019c9053201b","M4RCU5","624f4f8e1b3c401d26551c9d","6a7b53828b19e25aeb530d09","2026-08-11 13:01"
"Junior Paulo","60d6b2fd6f85320001258c83","gg80","63094e1796056024727fc5d5","6a7b51848b19e25aeb53075e","2026-08-11 13:01"
"BZH","5d91e75b1d19ab650c37bd19","Jannik","6a0c58030808c41cb15866fe","6a7b54ec7972132348b0883a","2026-08-11 13:01"
"zone","6368058e5d2a405bde1b37b2","Henrik","5ffda066ad68a300017a45e1","6a7b5509421398e897d9fd35","2026-08-11 13:02"
"Reynardo","619e21dbcd59be0001df98df","Paris, Texas","6999ebd9423ce38404eadfb6","6a7b545e421398e897d9fb02","2026-08-11 13:02"
"JoguessR","633dc7c5d5114aab59533f52","Nici","619512ea6e5572000187322c","6a7b541f421398e897d9fa2f","2026-08-11 13:02"
"Dimsum","63f619f14068eb7d4bbb134d","GeoMango","640633579d4e23ba52d7b054","6a7b52697972132348b081ae","2026-08-11 13:03"
"houmreu (Youtube)","5b571ce97135fa0e48b2d9f8","mii3en","66159d055967919df66cf9c0","6a7b548e7972132348b0870a","2026-08-11 13:04"
"BarryTheBee","62be7867aa13616722f8dd4a","Geooo","5ffb5e4975d2770001545cf5","6a7b52e0ed1411fe6c53e16e","2026-08-11 13:05"
"zone","6368058e5d2a405bde1b37b2","Avandy","60c3535133004c00010451a3","6a7b55818b19e25aeb5313c5","2026-08-11 13:05"
"Eli's Kidney","632042618c4156e6645c5a75","Nick.BY","5926b86352e6ca6c8c1463d7","6a7b53e97972132348b0852c","2026-08-11 13:05"
"victr","660d89e0e8754a8737cdf7b8","zach","621783eaab08b80001371858","6a7b554b8b19e25aeb53131e","2026-08-11 13:06"
"Arttuuh_27","5bbbbd372c0173524cdb6e9e","ymot","5c296804097d019c9053201b","6a7b554a8b19e25aeb53131b","2026-08-11 13:06"
"BZH","5d91e75b1d19ab650c37bd19","race","603c5c220297940001b84e1a","6a7b55678b19e25aeb531379","2026-08-11 13:06"
"Eu Mamei Tver","698282326314d86a2a8c61e3","resident","6919ea6aa5259496d039943a","6a7b55c07972132348b08a7e","2026-08-11 13:07"
"victr","660d89e0e8754a8737cdf7b8","Avandy","60c3535133004c00010451a3","6a7b568a7972132348b08cb3","2026-08-11 13:09"
"Reynardo","619e21dbcd59be0001df98df","Timkon","681f023ce86ca49d1982d464","6a7b55997972132348b089ff","2026-08-11 13:09"
"Eu Mamei Tver","698282326314d86a2a8c61e3","resident","6919ea6aa5259496d039943a","6a7b569a7972132348b08ce4","2026-08-11 13:09"
"M4RCU5","624f4f8e1b3c401d26551c9d","Tottenhamwisps","60ad03a48b6e1d00012f8e7e","6a7b5554421398e897d9fdf8","2026-08-11 13:09"
"BadAssGeo","69742cb6dd3c0f9e450df031","Mathias","650a2d21361d5316c35b4efe","6a7b55177972132348b088a7","2026-08-11 13:10"
"zone","6368058e5d2a405bde1b37b2","zach","621783eaab08b80001371858","6a7b56637972132348b08c3e","2026-08-11 13:10"
"Henrik","5ffda066ad68a300017a45e1","GeoMango","640633579d4e23ba52d7b054","6a7b559e7972132348b08a10","2026-08-11 13:11"
"Paris, Texas","6999ebd9423ce38404eadfb6","Sityqwai","5dc9b82ae9473f3ff8ad7799","6a7b557d766c68b9ac534d1a","2026-08-11 13:11"
"zone","6368058e5d2a405bde1b37b2","zach","621783eaab08b80001371858","6a7b5786421398e897da044b","2026-08-11 13:12"
"Eu Mamei Tver","698282326314d86a2a8c61e3","resident","6919ea6aa5259496d039943a","6a7b570cd55f1a0fb373486b","2026-08-11 13:12"
"Skaven","684ffbcec374eb437a89fc20","KAITOOO","62e8c3ab0065abc49aca361d","6a7b5779984d3edab66770f0","2026-08-11 13:13"
"Arttuuh_27","5bbbbd372c0173524cdb6e9e","ymot","5c296804097d019c9053201b","6a7b5683984d3edab6676e85","2026-08-11 13:14"
"Junior Paulo","60d6b2fd6f85320001258c83","gg80","63094e1796056024727fc5d5","6a7b5575766c68b9ac534d0b","2026-08-11 13:14"
"BarryTheBee","62be7867aa13616722f8dd4a","Geooo","5ffb5e4975d2770001545cf5","6a7b56ed3b0c2d64c786d9d6","2026-08-11 13:15"
"Lene","5d52f64824ec173888d82b60","Dimsum","63f619f14068eb7d4bbb134d","6a7b55e67972132348b08aeb","2026-08-11 13:15"
"Reynardo","619e21dbcd59be0001df98df","chiller77","5f072526a958535b8c80351b","6a7b575b7972132348b08f02","2026-08-11 13:15"
"resident","6919ea6aa5259496d039943a","Eu Mamei Tver","698282326314d86a2a8c61e3","6a7b57b1766c68b9ac53526c","2026-08-11 13:15"
"doog","660e520e300701e42bc197ca","zach","621783eaab08b80001371858","6a7b57e58b19e25aeb531b23","2026-08-11 13:15"
"Skaven","684ffbcec374eb437a89fc20","KAITOOO","62e8c3ab0065abc49aca361d","6a7b57f18b19e25aeb531b40","2026-08-11 13:16"
"Eveningflag","5bd33608fe3a84037ca1f67d","victr","660d89e0e8754a8737cdf7b8","6a7b5711984d3edab6677005","2026-08-11 13:17"
"zone","6368058e5d2a405bde1b37b2","Reynardo","619e21dbcd59be0001df98df","6a7b58d48b19e25aeb531de6","2026-08-11 13:18"
"Ades (YT)","694060fd0b5941c5cbe18cbf","Arttuuh_27","5bbbbd372c0173524cdb6e9e","6a7b5874421398e897da071f","2026-08-11 13:18"
"bruno_","63539f99d762f9640ac69c12","LAUBVB","67c31cecb94e84ca7302e0d3","6a7b5838421398e897da0657","2026-08-11 13:18"
"Kilkum","61b228be008ec800015ff0a9","Rubber Dinghy Rapids Bro","5b1814ea59669593c4ce555b","6a7b52fb766c68b9ac5346e4","2026-08-11 13:20"
"tr","654bd5dfad693a62843361db","Jannik","6a0c58030808c41cb15866fe","6a7b593f8b19e25aeb531f31","2026-08-11 13:20"
"BZH","5d91e75b1d19ab650c37bd19","🦖","640a63745108b02490f0d1e2","6a7b5688766c68b9ac534f66","2026-08-11 13:21"
"Ades (YT)","694060fd0b5941c5cbe18cbf","Reynardo","619e21dbcd59be0001df98df","6a7b59497972132348b09470","2026-08-11 13:22"
"Eu Mamei Tver","698282326314d86a2a8c61e3","resident","6919ea6aa5259496d039943a","6a7b58ae8b19e25aeb531d78","2026-08-11 13:22"
"Arttuuh_27","5bbbbd372c0173524cdb6e9e","Eveningflag","5bd33608fe3a84037ca1f67d","6a7b5948421398e897da09af","2026-08-11 13:23"
"Kuba","6744ee112d6c958a853b52a6","BZH","5d91e75b1d19ab650c37bd19","6a7b59fe7972132348b096b5","2026-08-11 13:23"
"Skaven","684ffbcec374eb437a89fc20","鬼哭啾々","642938b80c4a29948f1bf1ea","6a7b59267972132348b0940f","2026-08-11 13:23"
"Tott3r","5826feba4aa178410066f039","Jannik","6a0c58030808c41cb15866fe","6a7b59d58b19e25aeb53214b","2026-08-11 13:23"
"Reynardo","619e21dbcd59be0001df98df","Eu Mamei Tver","698282326314d86a2a8c61e3","6a7b5a39421398e897da0cc3","2026-08-11 13:25"
"Sityqwai","5dc9b82ae9473f3ff8ad7799","Paris, Texas","6999ebd9423ce38404eadfb6","6a7b5781421398e897da0439","2026-08-11 13:25"
"Kuba","6744ee112d6c958a853b52a6","Tott3r","5826feba4aa178410066f039","6a7b5a537972132348b097d0","2026-08-11 13:25"
"BZH","5d91e75b1d19ab650c37bd19","tr","654bd5dfad693a62843361db","6a7b5a658b19e25aeb5322f1","2026-08-11 13:25"
"Ades (YT)","694060fd0b5941c5cbe18cbf","Arttuuh_27","5bbbbd372c0173524cdb6e9e","6a7b5a63421398e897da0d18","2026-08-11 13:26"
"Limatas","6524cac4da010dc590231cb3","Flubbersticks","69387a54dc6fdd9da05c91cd","6a7b5a03984d3edab6677748","2026-08-11 13:26"
"Kuba","6744ee112d6c958a853b52a6","BZH","5d91e75b1d19ab650c37bd19","6a7b5ae38b19e25aeb532493","2026-08-11 13:27"
"victr","660d89e0e8754a8737cdf7b8","zone","6368058e5d2a405bde1b37b2","6a7b59387972132348b09432","2026-08-11 13:28"
"Limatas","6524cac4da010dc590231cb3","Flubbersticks","69387a54dc6fdd9da05c91cd","6a7b5b117972132348b099c5","2026-08-11 13:28"
"BadAssGeo","69742cb6dd3c0f9e450df031","pav","5e67d59212777c2530253a95","6a7b57988b19e25aeb531a4c","2026-08-11 13:29"
"Reynardo","619e21dbcd59be0001df98df","Eu Mamei Tver","698282326314d86a2a8c61e3","6a7b5bcb8b19e25aeb53276e","2026-08-11 13:30"
"Sityqwai","5dc9b82ae9473f3ff8ad7799","Paris, Texas","6999ebd9423ce38404eadfb6","6a7b5ac78b19e25aeb532451","2026-08-11 13:30"
"Jamabi","5e5fcc1326bbda5284e824cf","victr","660d89e0e8754a8737cdf7b8","6a7b5b938b19e25aeb5326d4","2026-08-11 13:31"
"caribou","65b67a412c40703eebe95de7","kcd","5aef47d3b18d0894c4ffe297","6a7b5c3c8b19e25aeb53289a","2026-08-11 13:32"
"Arttuuh_27","5bbbbd372c0173524cdb6e9e","Eveningflag","5bd33608fe3a84037ca1f67d","6a7b5b32984d3edab66779e5","2026-08-11 13:32"
"Surgut sand","5ec369eae7115241a4e75beb","Mikalowski67","67d68b861749e8ab99f7bac0","6a7b5b89766c68b9ac535ba1","2026-08-11 13:32"
"Kuba","6744ee112d6c958a853b52a6","BZH","5d91e75b1d19ab650c37bd19","6a7b5b327972132348b09a24","2026-08-11 13:33"
"ALFA","5b6f185f7135fa0e48b5528a","Geooo","5ffb5e4975d2770001545cf5","6a7b58a57972132348b092af","2026-08-11 13:34"
"Surgut sand","5ec369eae7115241a4e75beb","Eu Mamei Tver","698282326314d86a2a8c61e3","6a7b5c748b19e25aeb53292e","2026-08-11 13:34"
"kcd","5aef47d3b18d0894c4ffe297","caribou","65b67a412c40703eebe95de7","6a7b5ca58b19e25aeb5329b3","2026-08-11 13:35"
"zone","6368058e5d2a405bde1b37b2","Reynardo","619e21dbcd59be0001df98df","6a7b5c107972132348b09c91","2026-08-11 13:36"
"slim shady","57689d1b813a4f985c9652a3","Mikalowski67","67d68b861749e8ab99f7bac0","6a7b5c8a8b19e25aeb532976","2026-08-11 13:36"
"BadAssGeo","69742cb6dd3c0f9e450df031","pav","5e67d59212777c2530253a95","6a7b5c48984d3edab6677c35","2026-08-11 13:38"
"CrazyHorse","661830566555811b1291bac1","Dyza","62993da7d207fe3c772c0d1c","6a7b5c6a766c68b9ac535d7b","2026-08-11 13:39"
"caribou","65b67a412c40703eebe95de7","victr","660d89e0e8754a8737cdf7b8","6a7b5d21766c68b9ac535ef8","2026-08-11 13:40"
"Elcu","633102d69d4a5044970cce21","Paris, Texas","6999ebd9423ce38404eadfb6","6a7b5c528b19e25aeb5328d6","2026-08-11 13:40"
"Mati_01","626d0e7318005f1f25a53151","Reynardo","619e21dbcd59be0001df98df","6a7b5e247972132348b0a21a","2026-08-11 13:40"
"Kuba","6744ee112d6c958a853b52a6","Arttuuh_27","5bbbbd372c0173524cdb6e9e","6a7b5cc0421398e897da1343","2026-08-11 13:40"
"Eu Mamei Tver","698282326314d86a2a8c61e3","devj","5ee70329a237c362e06100b5","6a7b5d5b8b19e25aeb532bd5","2026-08-11 13:40"
"Skaven","684ffbcec374eb437a89fc20","BZH","5d91e75b1d19ab650c37bd19","6a7b5cb6421398e897da132b","2026-08-11 13:40"
"zone","6368058e5d2a405bde1b37b2","Ades (YT)","694060fd0b5941c5cbe18cbf","6a7b5d638b19e25aeb532be9","2026-08-11 13:41"
"kcd","5aef47d3b18d0894c4ffe297","chiller77","5f072526a958535b8c80351b","6a7b5dd87972132348b0a168","2026-08-11 13:42"
"Reynardo","619e21dbcd59be0001df98df","MosaTracker","68fa532476317df25e19c823","6a7b5eae7972132348b0a34b","2026-08-11 13:43"
"Mati_01","626d0e7318005f1f25a53151","victr","660d89e0e8754a8737cdf7b8","6a7b5e5e8b19e25aeb532e96","2026-08-11 13:44"
"gg80","63094e1796056024727fc5d5","Ades (YT)","694060fd0b5941c5cbe18cbf","6a7b5e92421398e897da1824","2026-08-11 13:44"
"Eu Mamei Tver","698282326314d86a2a8c61e3","geometry","6677323b8c4a3f875615805f","6a7b5e7b421398e897da17d2","2026-08-11 13:44"
"slim shady","57689d1b813a4f985c9652a3","Dyza","62993da7d207fe3c772c0d1c","6a7b5e30766c68b9ac536199","2026-08-11 13:44"
"Mati_01","626d0e7318005f1f25a53151","victr","660d89e0e8754a8737cdf7b8","6a7b5f56421398e897da1a83","2026-08-11 13:45"
"Arttuuh_27","5bbbbd372c0173524cdb6e9e","Kuba","6744ee112d6c958a853b52a6","6a7b5e7f766c68b9ac53622d","2026-08-11 13:46"
"Tottenhamwisps","60ad03a48b6e1d00012f8e7e","Milksop","5e9364a52ad6cf6a40519573","6a7b5dee7972132348b0a194","2026-08-11 13:46"
"caribou","65b67a412c40703eebe95de7","zone","6368058e5d2a405bde1b37b2","6a7b5e8b8b19e25aeb532f0a","2026-08-11 13:47"
"Mati_01","626d0e7318005f1f25a53151","Kuba","6744ee112d6c958a853b52a6","6a7b5faf984d3edab66783fb","2026-08-11 13:48"
"teddy bear","66f081f2bf4b230a2fcb970c","Eu Mamei Tver","698282326314d86a2a8c61e3","6a7b5f548b19e25aeb5331c7","2026-08-11 13:48"
"victr","660d89e0e8754a8737cdf7b8","Ades (YT)","694060fd0b5941c5cbe18cbf","6a7b5f96421398e897da1b36","2026-08-11 13:50"
"เรือก๋วยเตี๋ยว","69e134ebae08465e0620abf4","spherical_cow","62b34fca140a13acdc6567df","6a7b5f1c7972132348b0a488","2026-08-11 13:50"
"Magik","625f0d2b367d807d71f34e79","Eu Mamei Tver","698282326314d86a2a8c61e3","6a7b602f766c68b9ac53665b","2026-08-11 13:50"
"ThiiagooAC7","66a13c3e99166dab91896702","Dyza","62993da7d207fe3c772c0d1c","6a7b607d766c68b9ac5366ee","2026-08-11 13:51"
"CrazyHorse","661830566555811b1291bac1","Timmyfafa","6114f05442abbd00010c7b9a","6a7b5ec57972132348b0a38f","2026-08-11 13:52"
"caribou","65b67a412c40703eebe95de7","kcd","5aef47d3b18d0894c4ffe297","6a7b6009421398e897da1c76","2026-08-11 13:53"
"Mati_01","626d0e7318005f1f25a53151","zone","6368058e5d2a405bde1b37b2","6a7b603d8b19e25aeb5334c9","2026-08-11 13:53"
"Kingi","60710278c5c3340001822cbe","Arttuuh_27","5bbbbd372c0173524cdb6e9e","6a7b5fe58b19e25aeb5333b2","2026-08-11 13:53"
"Waluuuuuuu","6380cc417b431c1eece4916c","devj","5ee70329a237c362e06100b5","6a7b5f248b19e25aeb5330f2","2026-08-11 13:54"
"Kuba","6744ee112d6c958a853b52a6","teddy bear","66f081f2bf4b230a2fcb970c","6a7b603e7972132348b0a7ee","2026-08-11 13:54"
"Lene","5d52f64824ec173888d82b60","habesh","647734d056305f7bf5561a4e","6a7b5f5e7972132348b0a562","2026-08-11 13:55"
"Kuba","6744ee112d6c958a853b52a6","reezwon","67cc28f8f758eb4f26db5827","6a7b61958b19e25aeb5338d8","2026-08-11 13:55"
"Magik","625f0d2b367d807d71f34e79","Falken","6259db15861871be45a34fab","6a7b60e87972132348b0a993","2026-08-11 13:55"
"CrazyHorse","661830566555811b1291bac1","Kazawiii (chat banned)","683db87dca64579fbbcf122e","6a7b61b6421398e897da2170","2026-08-11 13:56"
"Arttuuh_27","5bbbbd372c0173524cdb6e9e","Waluuuuuuu","6380cc417b431c1eece4916c","6a7b618a421398e897da20e8","2026-08-11 13:57"
"Eu Mamei Tver","698282326314d86a2a8c61e3","geometry","6677323b8c4a3f875615805f","6a7b60b9766c68b9ac53674b","2026-08-11 13:57"
"Mati_01","626d0e7318005f1f25a53151","zone","6368058e5d2a405bde1b37b2","6a7b618b421398e897da20e9","2026-08-11 13:58"
"devj","5ee70329a237c362e06100b5","Morker","572013ff5b145d43f41f18b7","6a7b61888b19e25aeb5338bf","2026-08-11 13:58"
"MosaTracker","68fa532476317df25e19c823","Reynardo","619e21dbcd59be0001df98df","6a7b5f2b8b19e25aeb533115","2026-08-11 13:58"
"M1tzki","668717ff41553d75c689c749","kcd","5aef47d3b18d0894c4ffe297","6a7b6151766c68b9ac5368bf","2026-08-11 13:59"
"Jrriddle","57a6214096ca6774b09dfc10","KAITOOO","62e8c3ab0065abc49aca361d","6a7b61f98b19e25aeb5339f0","2026-08-11 13:59"
"victr","660d89e0e8754a8737cdf7b8","Feleti Penitala Teo","604a67e702e32a000195a11e","6a7b60e3984d3edab66786e6","2026-08-11 14:00"
"teddy bear","66f081f2bf4b230a2fcb970c","vdestin","69dceeb35a65a03675bcfd7b","6a7b61df8b19e25aeb53399e","2026-08-11 14:00"
"Zhihh","63b435e80510075fa39ac039","Kazawiii (chat banned)","683db87dca64579fbbcf122e","6a7b61c3766c68b9ac5369d6","2026-08-11 14:00"
"caribou","65b67a412c40703eebe95de7","Xick","6227d06fc4123c000192c138","6a7b6261421398e897da2365","2026-08-11 14:01"
"Reynardo","619e21dbcd59be0001df98df","teddy bear","66f081f2bf4b230a2fcb970c","6a7b62fa421398e897da24fd","2026-08-11 14:02"
"Geooo","5ffb5e4975d2770001545cf5","BarryTheBee","62be7867aa13616722f8dd4a","6a7b60e8421398e897da1ed0","2026-08-11 14:03"
"caribou","65b67a412c40703eebe95de7","hyourinmaru","663523ba8e313d3aa27852b0","6a7b6338984d3edab6678c70","2026-08-11 14:03"
"victr","660d89e0e8754a8737cdf7b8","Feleti Penitala Teo","604a67e702e32a000195a11e","6a7b6314421398e897da254b","2026-08-11 14:03"
"vdestin","69dceeb35a65a03675bcfd7b","Pna","6063bbbdf93f57000113fed0","6a7b62f9421398e897da24f3","2026-08-11 14:03"
"kcd","5aef47d3b18d0894c4ffe297","Mati_01","626d0e7318005f1f25a53151","6a7b62ee8b19e25aeb533ccc","2026-08-11 14:04"
"koekemonster","602ea9c05fa0b100010db2b3","zone","6368058e5d2a405bde1b37b2","6a7b62a5421398e897da2427","2026-08-11 14:04"
"Tottenhamwisps","60ad03a48b6e1d00012f8e7e","devj","5ee70329a237c362e06100b5","6a7b62ac421398e897da2440","2026-08-11 14:04"
"Tudelzzz","6549fc9cf755320e28e30de7","habesh","647734d056305f7bf5561a4e","6a7b62057972132348b0ac89","2026-08-11 14:04"
"YRP","65361a91884b107b4fd0cef8","pav","5e67d59212777c2530253a95","6a7b61da421398e897da21ca","2026-08-11 14:05"
"Arttuuh_27","5bbbbd372c0173524cdb6e9e","Waluuuuuuu","6380cc417b431c1eece4916c","6a7b62738b19e25aeb533b7c","2026-08-11 14:05"
"Reynardo","619e21dbcd59be0001df98df","Xick","6227d06fc4123c000192c138","6a7b639e7972132348b0b085","2026-08-11 14:05"
"parsec","670c184c705e783701c753c0","Kuba","6744ee112d6c958a853b52a6","6a7b62368b19e25aeb533acb","2026-08-11 14:05"
"CrazyHorse","661830566555811b1291bac1","Milksop","5e9364a52ad6cf6a40519573","6a7b62377972132348b0ad3e","2026-08-11 14:05"
"MosaTracker","68fa532476317df25e19c823","Magik","625f0d2b367d807d71f34e79","6a7b6340421398e897da25b4","2026-08-11 14:06"
"Eu Mamei Tver","698282326314d86a2a8c61e3","geometry","6677323b8c4a3f875615805f","6a7b62788b19e25aeb533b8f","2026-08-11 14:06"
"PechSP","5e9662142ad6cfadc8e2db9d","kenny","65cbc406504fe72cd8cea23e","6a7b633f8b19e25aeb533db7","2026-08-11 14:07"
"zone","6368058e5d2a405bde1b37b2","Feleti Penitala Teo","604a67e702e32a000195a11e","6a7b63f5984d3edab6678e0f","2026-08-11 14:08"
"Lost Paradise","66e46f109b53fcb55436dd52","koekemonster","602ea9c05fa0b100010db2b3","6a7b63ef8b19e25aeb534000","2026-08-11 14:08"
"Kuba","6744ee112d6c958a853b52a6","Mati_01","626d0e7318005f1f25a53151","6a7b6450984d3edab6678ec8","2026-08-11 14:08"
"Mostar","5f47f02fbf77620001d3442a","Jrriddle","57a6214096ca6774b09dfc10","6a7b63d88b19e25aeb533f9d","2026-08-11 14:08"
"Geooo","5ffb5e4975d2770001545cf5","kcd","5aef47d3b18d0894c4ffe297","6a7b642e984d3edab6678e94","2026-08-11 14:09"
"caribou","65b67a412c40703eebe95de7","hyourinmaru","663523ba8e313d3aa27852b0","6a7b63dd7972132348b0b126","2026-08-11 14:09"
"devj","5ee70329a237c362e06100b5","vdestin","69dceeb35a65a03675bcfd7b","6a7b6413984d3edab6678e5e","2026-08-11 14:09"
"Jacky Wong","63be7833696b395b1a06db85","Christobal Cebolla","67a0c1f30b5863275051a4f0","6a7b63de8b19e25aeb533faf","2026-08-11 14:09"
"ThiiagooAC7","66a13c3e99166dab91896702","Pna","6063bbbdf93f57000113fed0","6a7b63df8b19e25aeb533fb2","2026-08-11 14:09"
"nowiczok in your tea","62f970d6df4ff6a0e2c48e03","Luk_345","60d5dd5e548abb000175cc3e","6a7b63a1421398e897da269f","2026-08-11 14:09"
"Magik","625f0d2b367d807d71f34e79","geometry","6677323b8c4a3f875615805f","6a7b6475984d3edab6678f16","2026-08-11 14:10"
"Arttuuh_27","5bbbbd372c0173524cdb6e9e","Waluuuuuuu","6380cc417b431c1eece4916c","6a7b64208b19e25aeb5340aa","2026-08-11 14:11"
"bakonysanchez69","6061d595010c4e000197240f","Jrriddle","57a6214096ca6774b09dfc10","6a7b64e77972132348b0b43b","2026-08-11 14:11"
"vdestin","69dceeb35a65a03675bcfd7b","Pna","6063bbbdf93f57000113fed0","6a7b653d7972132348b0b53d","2026-08-11 14:11"
"hyourinmaru","663523ba8e313d3aa27852b0","wang","64df30f334185dd27cf839a7","6a7b655ab92aec0cfc631b57","2026-08-11 14:12"
"Mati_01","626d0e7318005f1f25a53151","Kuba","6744ee112d6c958a853b52a6","6a7b64fc8b19e25aeb53438c","2026-08-11 14:12"
"Yareh","62726f8411308ea36554fa19","เรือก๋วยเตี๋ยว","69e134ebae08465e0620abf4","6a7b625b8b19e25aeb533b46","2026-08-11 14:12"
"Xick","6227d06fc4123c000192c138","Superhorstuwe","67f42dea666326f3169cde54","6a7b648c421398e897da291f","2026-08-11 14:13"
"Mostar","5f47f02fbf77620001d3442a","Kucerkaaa✨","66422b048e6606a3bc59724f","6a7b65098b19e25aeb5343cd","2026-08-11 14:13"
"Arttuuh_27","5bbbbd372c0173524cdb6e9e","Waluuuuuuu","6380cc417b431c1eece4916c","6a7b65a48b19e25aeb5345d1","2026-08-11 14:14"
"Mati_01","626d0e7318005f1f25a53151","zone","6368058e5d2a405bde1b37b2","6a7b65d17972132348b0b6ea","2026-08-11 14:14"
"Eu Mamei Tver","698282326314d86a2a8c61e3","wichura240","68767692157557d5c76a0ab6","6a7b65358b19e25aeb53444f","2026-08-11 14:14"
"vdestin","69dceeb35a65a03675bcfd7b","Kuba love 2","68582b5f8e62427811441b60","6a7b65da8b19e25aeb534669","2026-08-11 14:14"
"Magik","625f0d2b367d807d71f34e79","Palmitas","6984de4267015bc9a6109cae","6a7b65817972132348b0b604","2026-08-11 14:14"
"Geooo","5ffb5e4975d2770001545cf5","BarryTheBee","62be7867aa13616722f8dd4a","6a7b652d421398e897da2acc","2026-08-11 14:15"
"caribou","65b67a412c40703eebe95de7","Feleti Penitala Teo","604a67e702e32a000195a11e","6a7b65497972132348b0b55f","2026-08-11 14:15"
"wang","64df30f334185dd27cf839a7","hyourinmaru","663523ba8e313d3aa27852b0","6a7b65e78b19e25aeb53469a","2026-08-11 14:16"
"habesh","647734d056305f7bf5561a4e","Tudelzzz","6549fc9cf755320e28e30de7","6a7b64368b19e25aeb5340f6","2026-08-11 14:16"
"devj","5ee70329a237c362e06100b5","Jacky Wong","63be7833696b395b1a06db85","6a7b656b421398e897da2b85","2026-08-11 14:16"
"Wienerfisch","5a928f4042305f693820a8c0","Granade","5ee010abc291f45e88d74565","6a7b65a9766c68b9ac537208","2026-08-11 14:16"
"Superhorstuwe","67f42dea666326f3169cde54","Kuba","6744ee112d6c958a853b52a6","6a7b65ff7972132348b0b794","2026-08-11 14:17"
"Xick","6227d06fc4123c000192c138","Mati_01","626d0e7318005f1f25a53151","6a7b6636421398e897da2e08","2026-08-11 14:18"
"Zhihh","63b435e80510075fa39ac039","Milksop","5e9364a52ad6cf6a40519573","6a7b65ded55f1a0fb37366f6","2026-08-11 14:18"
"victr","660d89e0e8754a8737cdf7b8","Reynardo","619e21dbcd59be0001df98df","6a7b6451421398e897da287b","2026-08-11 14:19"
"zone","6368058e5d2a405bde1b37b2","Eu Mamei Tver","698282326314d86a2a8c61e3","6a7b665f766c68b9ac53740f","2026-08-11 14:19"
"Waluuuuuuu","6380cc417b431c1eece4916c","Tottenhamwisps","60ad03a48b6e1d00012f8e7e","6a7b6653b92aec0cfc631d89","2026-08-11 14:19"
"Magik","625f0d2b367d807d71f34e79","geometry","6677323b8c4a3f875615805f","6a7b6697984d3edab6679501","2026-08-11 14:19"
"Arttuuh_27","5bbbbd372c0173524cdb6e9e","Feleti Penitala Teo","604a67e702e32a000195a11e","6a7b6670b92aec0cfc631db6","2026-08-11 14:20"
"devj","5ee70329a237c362e06100b5","Jacky Wong","63be7833696b395b1a06db85","6a7b66d6421398e897da2fdb","2026-08-11 14:20"
"spherical_cow","62b34fca140a13acdc6567df","irrational","65ba97ce8b2ba0c747ffa3b7","6a7b61d2984d3edab667894d","2026-08-11 14:20"
"เรือก๋วยเตี๋ยว","69e134ebae08465e0620abf4","Loan","5e866b87b3ec17798078a43b","6a7b65e88b19e25aeb5346a1","2026-08-11 14:20"
"Superhorstuwe","67f42dea666326f3169cde54","Kuba","6744ee112d6c958a853b52a6","6a7b66fa7972132348b0ba4f","2026-08-11 14:21"
"wang","64df30f334185dd27cf839a7","caribou","65b67a412c40703eebe95de7","6a7b66be8b19e25aeb53496a","2026-08-11 14:22"
"Eu Mamei Tver","698282326314d86a2a8c61e3","wichura240","68767692157557d5c76a0ab6","6a7b67ba421398e897da326e","2026-08-11 14:22"
"nowiczok in your tea","62f970d6df4ff6a0e2c48e03","𝕀𝕟𝕖𝕩ℙ𝕝𝕚𝕔𝕖","5bd89c00fe3a84037ca28c65","6a7b6543984d3edab6679131","2026-08-11 14:22"
"Xick","6227d06fc4123c000192c138","Mati_01","626d0e7318005f1f25a53151","6a7b67557972132348b0bb46","2026-08-11 14:23"
"Pasord","6669c659ca16186b5a3dbc35","Tottenhamwisps","60ad03a48b6e1d00012f8e7e","6a7b67898b19e25aeb534bc1","2026-08-11 14:23"
"BarryTheBee","62be7867aa13616722f8dd4a","hyourinmaru","663523ba8e313d3aa27852b0","6a7b67108b19e25aeb534a5a","2026-08-11 14:24"
"Zhihh","63b435e80510075fa39ac039","Skaven","684ffbcec374eb437a89fc20","6a7b6763421398e897da3175","2026-08-11 14:24"
"Flubbersticks","69387a54dc6fdd9da05c91cd","ElidomMa","5de8e7f5e2c0056270d9a6c3","6a7b6766cc207bcd4ca02cab","2026-08-11 14:24"
"parsec","670c184c705e783701c753c0","Wienerfisch","5a928f4042305f693820a8c0","6a7b66bc8b19e25aeb534968","2026-08-11 14:25"
"Ling","653d58ea4044fc276f407e75","caribou","65b67a412c40703eebe95de7","6a7b681f8b19e25aeb534de3","2026-08-11 14:26"
"ThiiagooAC7","66a13c3e99166dab91896702","ThePro","642820d9ea62d148f8e1d116","6a7b68577972132348b0be13","2026-08-11 14:26"
"Feleti Penitala Teo","604a67e702e32a000195a11e","Waluuuuuuu","6380cc417b431c1eece4916c","6a7b67c9421398e897da3295","2026-08-11 14:27"
"zone","6368058e5d2a405bde1b37b2","devj","5ee70329a237c362e06100b5","6a7b67f37972132348b0bd26","2026-08-11 14:27"
"Eu Mamei Tver","698282326314d86a2a8c61e3","vdestin","69dceeb35a65a03675bcfd7b","6a7b6838984d3edab66798b0","2026-08-11 14:27"
"CrazyHorse","661830566555811b1291bac1","GeoMango","640633579d4e23ba52d7b054","6a7b68448b19e25aeb534e3a","2026-08-11 14:27"
"hyourinmaru","663523ba8e313d3aa27852b0","m4PHI","6465f8a8196d74dad5532e0f","6a7b68a48b19e25aeb534f79","2026-08-11 14:28"
"caribou","65b67a412c40703eebe95de7","Misiu Patysiu","68713ba58c49b2f1bf373e05","6a7b6946421398e897da36bd","2026-08-11 14:28"
"Mati_01","626d0e7318005f1f25a53151","Xick","6227d06fc4123c000192c138","6a7b688f421398e897da34c1","2026-08-11 14:28"
"Kuba","6744ee112d6c958a853b52a6","Jacky Wong","63be7833696b395b1a06db85","6a7b67fc421398e897da331b","2026-08-11 14:29"
"Tottenhamwisps","60ad03a48b6e1d00012f8e7e","xenoxvx","656a6671f86dd57dbb5e2d65","6a7b68957972132348b0becc","2026-08-11 14:29"
"เรือก๋วยเตี๋ยว","69e134ebae08465e0620abf4","irrational","65ba97ce8b2ba0c747ffa3b7","6a7b67c18b19e25aeb534c9e","2026-08-11 14:29"
"victr","660d89e0e8754a8737cdf7b8","Reynardo","619e21dbcd59be0001df98df","6a7b67fb421398e897da331a","2026-08-11 14:30"
"Pedro Sampaio","63a8b951fb73701f4020d786","Superhorstuwe","67f42dea666326f3169cde54","6a7b680b421398e897da334a","2026-08-11 14:30"
"Zhihh","63b435e80510075fa39ac039","esther","5ec5509af849319644f425b8","6a7b69be7972132348b0c1ef","2026-08-11 14:30"
"mii3en","66159d055967919df66cf9c0","Ritchie","5ff84d182c4df40001592f85","6a7b69528b19e25aeb535178","2026-08-11 14:31"
"Flubbersticks","69387a54dc6fdd9da05c91cd","ElidomMa","5de8e7f5e2c0056270d9a6c3","6a7b68e97972132348b0bfb2","2026-08-11 14:31"
"Misiu Patysiu","68713ba58c49b2f1bf373e05","Xick","6227d06fc4123c000192c138","6a7b69d67972132348b0c24c","2026-08-11 14:32"
"Pasord","6669c659ca16186b5a3dbc35","DarkWoke 🇵🇸","5f061c5b8fba346634a84c33","6a7b69258b19e25aeb535112","2026-08-11 14:32"
"Eu Mamei Tver","698282326314d86a2a8c61e3","devj","5ee70329a237c362e06100b5","6a7b6969421398e897da371c","2026-08-11 14:32"
"hyourinmaru","663523ba8e313d3aa27852b0","caribou","65b67a412c40703eebe95de7","6a7b69a6984d3edab6679bcf","2026-08-11 14:33"
"zone","6368058e5d2a405bde1b37b2","Mati_01","626d0e7318005f1f25a53151","6a7b6983766c68b9ac537abe","2026-08-11 14:33"
"Waluuuuuuu","6380cc417b431c1eece4916c","Feleti Penitala Teo","604a67e702e32a000195a11e","6a7b6974421398e897da373c","2026-08-11 14:33"
"Tschapra","66b9c722770eb8e328a9c2fb","wichura240","68767692157557d5c76a0ab6","6a7b6a0a421398e897da3933","2026-08-11 14:33"
"Arttuuh_27","5bbbbd372c0173524cdb6e9e","Mathias","650a2d21361d5316c35b4efe","6a7b69498b19e25aeb535160","2026-08-11 14:34"
"mii3en","66159d055967919df66cf9c0","Ritchie","5ff84d182c4df40001592f85","6a7b6a648b19e25aeb5354d2","2026-08-11 14:34"
"Jacky Wong","63be7833696b395b1a06db85","ThiiagooAC7","66a13c3e99166dab91896702","6a7b69f57972132348b0c2c7","2026-08-11 14:34"
"CapixabaGeo","65e1351e81122873dc224467","Gangooo | Jan","5c692ddbfa7cd6698082d404","6a7b6995421398e897da3788","2026-08-11 14:34"
"Avetixz","632b4c9d0609ae73d2a1f799","Nick","6626d0047c6518ce6b6f88ec","6a7b69d38b19e25aeb535314","2026-08-11 14:35"
"Pedro Sampaio","63a8b951fb73701f4020d786","Superhorstuwe","67f42dea666326f3169cde54","6a7b69fb8b19e25aeb535397","2026-08-11 14:36"
"Kuba","6744ee112d6c958a853b52a6","menthol.mike","5d78b0cc1d19ab6f7052d8b9","6a7b69e38b19e25aeb535355","2026-08-11 14:36"
"Zhihh","63b435e80510075fa39ac039","𝕀𝕟𝕖𝕩ℙ𝕝𝕚𝕔𝕖","5bd89c00fe3a84037ca28c65","6a7b6a307972132348b0c38e","2026-08-11 14:36"
"caribou","65b67a412c40703eebe95de7","hyourinmaru","663523ba8e313d3aa27852b0","6a7b6abb421398e897da3b1f","2026-08-11 14:37"
"Flubbersticks","69387a54dc6fdd9da05c91cd","Kucerkaaa✨","66422b048e6606a3bc59724f","6a7b6b148b19e25aeb535700","2026-08-11 14:37"
"Xick","6227d06fc4123c000192c138","Feleti Penitala Teo","604a67e702e32a000195a11e","6a7b6ad37972132348b0c561","2026-08-11 14:38"
"zone","6368058e5d2a405bde1b37b2","Mati_01","626d0e7318005f1f25a53151","6a7b6ae47972132348b0c5a0","2026-08-11 14:38"
"Reynardo","619e21dbcd59be0001df98df","Pasord","6669c659ca16186b5a3dbc35","6a7b6a82421398e897da3a84","2026-08-11 14:38"
"Flubbersticks","69387a54dc6fdd9da05c91cd","Kucerkaaa✨","66422b048e6606a3bc59724f","6a7b6bafd55f1a0fb373733c","2026-08-11 14:38"
"CapixabaGeo","65e1351e81122873dc224467","Jacky Wong","63be7833696b395b1a06db85","6a7b6b148b19e25aeb535701","2026-08-11 14:38"
"victr","660d89e0e8754a8737cdf7b8","irrational","65ba97ce8b2ba0c747ffa3b7","6a7b6a65984d3edab6679dd5","2026-08-11 14:39"
"mii3en","66159d055967919df66cf9c0","cZarnyy","5ecbdec18d6ade72cc832c5a","6a7b6b107972132348b0c60a","2026-08-11 14:39"
"Eu Mamei Tver","698282326314d86a2a8c61e3","devj","5ee70329a237c362e06100b5","6a7b6a72984d3edab6679df3","2026-08-11 14:39"
"Mathias","650a2d21361d5316c35b4efe","Reynardo","619e21dbcd59be0001df98df","6a7b6bed984d3edab667a1d3","2026-08-11 14:40"
"Feleti Penitala Teo","604a67e702e32a000195a11e","Mati_01","626d0e7318005f1f25a53151","6a7b6c097972132348b0c896","2026-08-11 14:41"
"Kuba","6744ee112d6c958a853b52a6","Zhihh","63b435e80510075fa39ac039","6a7b6b954a5b7c0dd40b180a","2026-08-11 14:41"
"parsec","670c184c705e783701c753c0","xenoxvx","656a6671f86dd57dbb5e2d65","6a7b6a5a8b19e25aeb5354b2","2026-08-11 14:41"
"Kuba love 2","68582b5f8e62427811441b60","Gangooo | Jan","5c692ddbfa7cd6698082d404","6a7b6c5e421398e897da3f9d","2026-08-11 14:41"
"wichura240","68767692157557d5c76a0ab6","geometry","6677323b8c4a3f875615805f","6a7b6be1421398e897da3e5b","2026-08-11 14:41"
"caribou","65b67a412c40703eebe95de7","𝕸𝖎𝖍𝖆","624ad371757cbf189f83c876","6a7b6bcecc207bcd4ca03570","2026-08-11 14:42"
"Superhorstuwe","67f42dea666326f3169cde54","Pedro Sampaio","63a8b951fb73701f4020d786","6a7b6b6d7972132348b0c709","2026-08-11 14:42"
"CapixabaGeo","65e1351e81122873dc224467","Jacky Wong","63be7833696b395b1a06db85","6a7b6be3766c68b9ac53802d","2026-08-11 14:42"
"wichura240","68767692157557d5c76a0ab6","Kuba love 2","68582b5f8e62427811441b60","6a7b6ca7984d3edab667a39b","2026-08-11 14:42"
"Xick","6227d06fc4123c000192c138","mii3en","66159d055967919df66cf9c0","6a7b6c46421398e897da3f67","2026-08-11 14:43"
"Mati_01","626d0e7318005f1f25a53151","Kuba","6744ee112d6c958a853b52a6","6a7b6c9dd55f1a0fb3737505","2026-08-11 14:44"
"Eu Mamei Tver","698282326314d86a2a8c61e3","devj","5ee70329a237c362e06100b5","6a7b6c167972132348b0c8b0","2026-08-11 14:44"
"Flubbersticks","69387a54dc6fdd9da05c91cd","twig","60662583301c0400013181ad","6a7b6ccf421398e897da4100","2026-08-11 14:44"
"Kuba love 2","68582b5f8e62427811441b60","Desanori (fanat laaFlame30)","65fc7b9691115d931473c1fc","6a7b6cd9421398e897da4111","2026-08-11 14:44"
"CleyRey","6022999c91e2d70001baa800","Pasord","6669c659ca16186b5a3dbc35","6a7b6bfd8b19e25aeb5359dc","2026-08-11 14:46"
"cbrunken","5d3cd33a3d4b6a7f9c99dee5","Thore Stach","60b2c6420390be00015e9fa1","6a7b6c3c984d3edab667a2ad","2026-08-11 14:46"
"kober","67ad18a09e150413a5e6fa66","cZarnyy","5ecbdec18d6ade72cc832c5a","6a7b6c458b19e25aeb535ad4","2026-08-11 14:46"
"Tschapra","66b9c722770eb8e328a9c2fb","placebo","66f44a3b843bc018a3e981c7","6a7b6c0d984d3edab667a234","2026-08-11 14:46"
"wichura240","68767692157557d5c76a0ab6","Palmitas","6984de4267015bc9a6109cae","6a7b6d05766c68b9ac538296","2026-08-11 14:46"
"vukGG","6384aef735180c664babf36e","Dan YAile","60ef0697612a5400012c89a3","6a7b6ce88b19e25aeb535c83","2026-08-11 14:47"
"supergaming","5dfe5cfd328e461c04d7fbf2","Arttuuh_27","5bbbbd372c0173524cdb6e9e","6a7b6bcd421398e897da3e33","2026-08-11 14:47"
"sk 愛","666b76089d20c1dd39ec810c","Feleti Penitala Teo","604a67e702e32a000195a11e","6a7b6cbe766c68b9ac53820f","2026-08-11 14:47"
"Reynardo","619e21dbcd59be0001df98df","Ritchie","5ff84d182c4df40001592f85","6a7b6cf28b19e25aeb535ca7","2026-08-11 14:47"
"Kuba","6744ee112d6c958a853b52a6","Mati_01","626d0e7318005f1f25a53151","6a7b6d437972132348b0cbf1","2026-08-11 14:47"
"mii3en","66159d055967919df66cf9c0","Superhorstuwe","67f42dea666326f3169cde54","6a7b6d03421398e897da416e","2026-08-11 14:48"
"Pasord","6669c659ca16186b5a3dbc35","CleyRey","6022999c91e2d70001baa800","6a7b6dc98b19e25aeb535f50","2026-08-11 14:48"
"Kuba love 2","68582b5f8e62427811441b60","Vanski","556ed1596db66a67f4149b07","6a7b6d834a5b7c0dd40b1bb1","2026-08-11 14:48"
"m4PHI","6465f8a8196d74dad5532e0f","hyourinmaru","663523ba8e313d3aa27852b0","6a7b6bf0766c68b9ac538058","2026-08-11 14:49"
"lenne","5f1380d2a18d4d486ca41ee1","devj","5ee70329a237c362e06100b5","6a7b6d5f8b19e25aeb535df7","2026-08-11 14:49"
"wichura240","68767692157557d5c76a0ab6","Avetixz","632b4c9d0609ae73d2a1f799","6a7b6e19984d3edab667a764","2026-08-11 14:49"
"𝕸𝖎𝖍𝖆","624ad371757cbf189f83c876","caribou","65b67a412c40703eebe95de7","6a7b6cfbed1411fe6c5414b0","2026-08-11 14:50"
"Mati_01","626d0e7318005f1f25a53151","Reynardo","619e21dbcd59be0001df98df","6a7b6e2b7972132348b0cea0","2026-08-11 14:50"
"thomas7eme","5ef89d2d8f01a05300030185","GeoMango","640633579d4e23ba52d7b054","6a7b694f7972132348b0c0d2","2026-08-11 14:50"
"Tschapra","66b9c722770eb8e328a9c2fb","placebo","66f44a3b843bc018a3e981c7","6a7b6df08b19e25aeb535fc1","2026-08-11 14:50"
"Arttuuh_27","5bbbbd372c0173524cdb6e9e","Feleti Penitala Teo","604a67e702e32a000195a11e","6a7b6e1b7972132348b0ce6e","2026-08-11 14:51"
"Flubbersticks","69387a54dc6fdd9da05c91cd","Nokah","667e5a87552239a101ef6320","6a7b6e4b7972132348b0cf0b","2026-08-11 14:51"
"kober","67ad18a09e150413a5e6fa66","Kuba love 2","68582b5f8e62427811441b60","6a7b6e447972132348b0cef3","2026-08-11 14:51"
"Jrriddle","57a6214096ca6774b09dfc10","Thore Stach","60b2c6420390be00015e9fa1","6a7b6dc4984d3edab667a645","2026-08-11 14:51"
"Xick","6227d06fc4123c000192c138","Eu Mamei Tver","698282326314d86a2a8c61e3","6a7b6d7b8b19e25aeb535e4c","2026-08-11 14:52"
"Dan YAile","60ef0697612a5400012c89a3","Mathias","650a2d21361d5316c35b4efe","6a7b6e12421398e897da4464","2026-08-11 14:52"
"Tottenhamwisps","60ad03a48b6e1d00012f8e7e","cbrunken","5d3cd33a3d4b6a7f9c99dee5","6a7b6de8421398e897da43e3","2026-08-11 14:52"
"Incomplet","6328da1f7f518e8bf2fd4335","Henrikk","622640b7cb9b530001598509","6a7b6d998b19e25aeb535eb4","2026-08-11 14:52"
"vukGG","6384aef735180c664babf36e","GramenMystace","621688225a265e000124cc8d","6a7b6e2c8b19e25aeb5360a5","2026-08-11 14:53"
"CleyRey","6022999c91e2d70001baa800","Pasord","6669c659ca16186b5a3dbc35","6a7b6e52421398e897da4515","2026-08-11 14:53"
"devj","5ee70329a237c362e06100b5","flaky htf","60ae985660d1f000019f0ef1","6a7b6ea37972132348b0d016","2026-08-11 14:53"
"Kuba love 2","68582b5f8e62427811441b60","Gangooo | Jan","5c692ddbfa7cd6698082d404","6a7b6f088b19e25aeb53636e","2026-08-11 14:53"
"caribou","65b67a412c40703eebe95de7","hyourinmaru","663523ba8e313d3aa27852b0","6a7b6ecf421398e897da467b","2026-08-11 14:54"
"Mati_01","626d0e7318005f1f25a53151","Reynardo","619e21dbcd59be0001df98df","6a7b6eff7972132348b0d13a","2026-08-11 14:54"
"Kuba","6744ee112d6c958a853b52a6","Goonax#4WC","6772fee6827b91b41dd22b5f","6a7b6e2d7972132348b0cea6","2026-08-11 14:54"
"Superhorstuwe","67f42dea666326f3169cde54","wichura240","68767692157557d5c76a0ab6","6a7b6eb6984d3edab667a91e","2026-08-11 14:54"
"Henrikk","622640b7cb9b530001598509","kober","67ad18a09e150413a5e6fa66","6a7b6f2b8b19e25aeb5363c4","2026-08-11 14:54"
"pandem","5c07cb21fa3726c568e5c718","irrational","65ba97ce8b2ba0c747ffa3b7","6a7b6c7b421398e897da4009","2026-08-11 14:54"
"walri","6037d5d0f532bb0001c4f0a0","Jacky Wong","63be7833696b395b1a06db85","6a7b6efe7972132348b0d138","2026-08-11 14:54"
"mii3en","66159d055967919df66cf9c0","Maksonic","619d09bdc4ab7000016c68d3","6a7b6e538b19e25aeb53614b","2026-08-11 14:55"
"Eu Mamei Tver","698282326314d86a2a8c61e3","devj","5ee70329a237c362e06100b5","6a7b6f798b19e25aeb5364a5","2026-08-11 14:55"
"GeoMango","640633579d4e23ba52d7b054","Desanori (fanat laaFlame30)","65fc7b9691115d931473c1fc","6a7b6ec1421398e897da4656","2026-08-11 14:55"
"Henrikk","622640b7cb9b530001598509","kober","67ad18a09e150413a5e6fa66","6a7b6f2b8b19e25aeb5363c4","2026-08-11 14:55"
"Dan YAile","60ef0697612a5400012c89a3","Feleti Penitala Teo","604a67e702e32a000195a11e","6a7b6f338b19e25aeb5363da","2026-08-11 14:57"
"Incomplet","6328da1f7f518e8bf2fd4335","flaky htf","60ae985660d1f000019f0ef1","6a7b6f898b19e25aeb5364d1","2026-08-11 14:57"
"cbrunken","5d3cd33a3d4b6a7f9c99dee5","DIFFK MISSED ABSOLUTEFILTHTV","5efe8645105829665ce0304a","6a7b6f52766c68b9ac5387c7","2026-08-11 14:57"
"Flubbersticks","69387a54dc6fdd9da05c91cd","Motzki","681b6ea331657cd8223a7320","6a7b6fed8b19e25aeb5365f1","2026-08-11 14:57"
"vukGG","6384aef735180c664babf36e","hyourinmaru","663523ba8e313d3aa27852b0","6a7b6ff07972132348b0d375","2026-08-11 14:58"
"wichura240","68767692157557d5c76a0ab6","Kuba love 2","68582b5f8e62427811441b60","6a7b700e421398e897da49c4","2026-08-11 14:58"
"Eu Mamei Tver","698282326314d86a2a8c61e3","Xick","6227d06fc4123c000192c138","6a7b70228b19e25aeb5366cb","2026-08-11 14:59"
"caribou","65b67a412c40703eebe95de7","m4PHI","6465f8a8196d74dad5532e0f","6a7b6fae8b19e25aeb536540","2026-08-11 15:00"
"GramenMystace","621688225a265e000124cc8d","Mati_01","626d0e7318005f1f25a53151","6a7b6fb58b19e25aeb536555","2026-08-11 15:00"
"Maksonic","619d09bdc4ab7000016c68d3","Reynardo","619e21dbcd59be0001df98df","6a7b7030d55f1a0fb3737c8f","2026-08-11 15:00"
"Pafo05","606cbe428716750001a4eb65","Incomplet","6328da1f7f518e8bf2fd4335","6a7b7063421398e897da4ab3","2026-08-11 15:00"
"Superhorstuwe","67f42dea666326f3169cde54","Henrikk","622640b7cb9b530001598509","6a7b6fda766c68b9ac5388ec","2026-08-11 15:00"
"choco","622e22e69974710001c132e3","Skaven","684ffbcec374eb437a89fc20","6a7b6fbc766c68b9ac5388ba","2026-08-11 15:00"
"flaky htf","60ae985660d1f000019f0ef1","Jeppsa","64394435c84d0d06e2ce5c81","6a7b706b8b19e25aeb5367c5","2026-08-11 15:00"
"Feleti Penitala Teo","604a67e702e32a000195a11e","Dan YAile","60ef0697612a5400012c89a3","6a7b707e8b19e25aeb536803","2026-08-11 15:01"
"Pasord","6669c659ca16186b5a3dbc35","parsec","670c184c705e783701c753c0","6a7b6f9f7972132348b0d2b2","2026-08-11 15:01"
"hyourinmaru","663523ba8e313d3aa27852b0","m4PHI","6465f8a8196d74dad5532e0f","6a7b7124984d3edab667ae84","2026-08-11 15:02"
"cbrunken","5d3cd33a3d4b6a7f9c99dee5","Jacky Wong","63be7833696b395b1a06db85","6a7b7098421398e897da4b47","2026-08-11 15:02"
"Incomplet","6328da1f7f518e8bf2fd4335","wichura240","68767692157557d5c76a0ab6","6a7b711e8b19e25aeb5369ba","2026-08-11 15:02"
"ThiiagooAC7","66a13c3e99166dab91896702","Tschapra","66b9c722770eb8e328a9c2fb","6a7b705fd55f1a0fb3737ce2","2026-08-11 15:02"
"BulgariaEnjoyer","60f46ec8cac323000166141d","BarryTheBee","62be7867aa13616722f8dd4a","6a7b6ecc421398e897da4671","2026-08-11 15:03"
"Flubbersticks","69387a54dc6fdd9da05c91cd","Nokah","667e5a87552239a101ef6320","6a7b7154984d3edab667af05","2026-08-11 15:03"
"flaky htf","60ae985660d1f000019f0ef1","Luk_345","60d5dd5e548abb000175cc3e","6a7b71627972132348b0d78f","2026-08-11 15:03"
"Feleti Penitala Teo","604a67e702e32a000195a11e","Avandy","60c3535133004c00010451a3","6a7b7158984d3edab667af10","2026-08-11 15:04"
"Pasord","6669c659ca16186b5a3dbc35","Superhorstuwe","67f42dea666326f3169cde54","6a7b714a8b19e25aeb536a50","2026-08-11 15:04"
"Henrikk","622640b7cb9b530001598509","Pafo05","606cbe428716750001a4eb65","6a7b712c7972132348b0d6de","2026-08-11 15:04"
"placebo","66f44a3b843bc018a3e981c7","parsec","670c184c705e783701c753c0","6a7b7144421398e897da4d3d","2026-08-11 15:04"
"鹰娥朗","628e0d478e5ef3a3ca163627","geometry","6677323b8c4a3f875615805f","6a7b70f98b19e25aeb53696e","2026-08-11 15:04"
"Mati_01","626d0e7318005f1f25a53151","Eu Mamei Tver","698282326314d86a2a8c61e3","6a7b7100421398e897da4c6e","2026-08-11 15:05"
"Incomplet","6328da1f7f518e8bf2fd4335","wichura240","68767692157557d5c76a0ab6","6a7b71b37972132348b0d8b2","2026-08-11 15:05"
"CleyRey","6022999c91e2d70001baa800","devj","5ee70329a237c362e06100b5","6a7b70038b19e25aeb53663c","2026-08-11 15:06"
"m4PHI","6465f8a8196d74dad5532e0f","hyourinmaru","663523ba8e313d3aa27852b0","6a7b71ae984d3edab667b013","2026-08-11 15:07"
"flaky htf","60ae985660d1f000019f0ef1","Rawin","6162efcdc23f260001c6a4d3","6a7b71e2421398e897da4f41","2026-08-11 15:07"
"Tschapra","66b9c722770eb8e328a9c2fb","鹰娥朗","628e0d478e5ef3a3ca163627","6a7b725cb92aec0cfc633527","2026-08-11 15:07"
"ThiiagooAC7","66a13c3e99166dab91896702","Desanori (fanat laaFlame30)","65fc7b9691115d931473c1fc","6a7b71a8421398e897da4e88","2026-08-11 15:07"
"Avetixz","632b4c9d0609ae73d2a1f799","Goonax#4WC","6772fee6827b91b41dd22b5f","6a7b70227972132348b0d419","2026-08-11 15:07"
"Dan YAile","60ef0697612a5400012c89a3","Mathias","650a2d21361d5316c35b4efe","6a7b71d17972132348b0d909","2026-08-11 15:08"
"Feleti Penitala Teo","604a67e702e32a000195a11e","Pafo05","606cbe428716750001a4eb65","6a7b72248b19e25aeb536da2","2026-08-11 15:08"
"Henrikk","622640b7cb9b530001598509","parsec","670c184c705e783701c753c0","6a7b72287972132348b0da0f","2026-08-11 15:08"
"Incomplet","6328da1f7f518e8bf2fd4335","Mati_01","626d0e7318005f1f25a53151","6a7b723e766c68b9ac538eb9","2026-08-11 15:08"
"cbrunken","5d3cd33a3d4b6a7f9c99dee5","Pedro Sampaio","63a8b951fb73701f4020d786","6a7b71df8b19e25aeb536cc3","2026-08-11 15:08"
"Robinhood","6238ed45585d3a1784ef7ef6","BarryTheBee","62be7867aa13616722f8dd4a","6a7b71eb984d3edab667b0e5","2026-08-11 15:09"
"Superhorstuwe","67f42dea666326f3169cde54","Pasord","6669c659ca16186b5a3dbc35","6a7b72233b0c2d64c7870ee7","2026-08-11 15:09"
"鹰娥朗","628e0d478e5ef3a3ca163627","geometry","6677323b8c4a3f875615805f","6a7b72cc8b19e25aeb536f9b","2026-08-11 15:10"
"Feleti Penitala Teo","604a67e702e32a000195a11e","Misiu Patysiu","68713ba58c49b2f1bf373e05","6a7b730f984d3edab667b421","2026-08-11 15:11"
"Pafo05","606cbe428716750001a4eb65","Incomplet","6328da1f7f518e8bf2fd4335","6a7b730c984d3edab667b413","2026-08-11 15:11"
"flaky htf","60ae985660d1f000019f0ef1","wichura240","68767692157557d5c76a0ab6","6a7b72b48b19e25aeb536f53","2026-08-11 15:12"
"slim shady","57689d1b813a4f985c9652a3","Jacky Wong","63be7833696b395b1a06db85","6a7b737c7972132348b0dde3","2026-08-11 15:12"
"Eu Mamei Tver","698282326314d86a2a8c61e3","Avandy","60c3535133004c00010451a3","6a7b72608b19e25aeb536e55","2026-08-11 15:13"
"Avetixz","632b4c9d0609ae73d2a1f799","Skaven","684ffbcec374eb437a89fc20","6a7b7346766c68b9ac539144","2026-08-11 15:13"
"hyourinmaru","663523ba8e313d3aa27852b0","m4PHI","6465f8a8196d74dad5532e0f","6a7b72d2863bceb672725999","2026-08-11 15:14"
"Pafo05","606cbe428716750001a4eb65","Xick","6227d06fc4123c000192c138","6a7b73b07972132348b0de9c","2026-08-11 15:14"
"parsec","670c184c705e783701c753c0","Henrikk","622640b7cb9b530001598509","6a7b72f38b19e25aeb53701b","2026-08-11 15:14"
"Avandy","60c3535133004c00010451a3","teddy bear","66f081f2bf4b230a2fcb970c","6a7b743f863bceb672725bf8","2026-08-11 15:15"
"Goonax#4WC","6772fee6827b91b41dd22b5f","CleyRey","6022999c91e2d70001baa800","6a7b72a6984d3edab667b2fd","2026-08-11 15:15"
"Avandy","60c3535133004c00010451a3","teddy bear","66f081f2bf4b230a2fcb970c","6a7b743f863bceb672725bf8","2026-08-11 15:15"
"Robinhood","6238ed45585d3a1784ef7ef6","hyourinmaru","663523ba8e313d3aa27852b0","6a7b746f766c68b9ac539406","2026-08-11 15:16"
"Incomplet","6328da1f7f518e8bf2fd4335","Rawin","6162efcdc23f260001c6a4d3","6a7b73ae421398e897da545e","2026-08-11 15:16"
"wichura240","68767692157557d5c76a0ab6","teddy bear","66f081f2bf4b230a2fcb970c","6a7b7402421398e897da5531","2026-08-11 15:16"
"Thore Stach","60b2c6420390be00015e9fa1","Jacky Wong","63be7833696b395b1a06db85","6a7b740a421398e897da5548","2026-08-11 15:16"
"Superhorstuwe","67f42dea666326f3169cde54","cbrunken","5d3cd33a3d4b6a7f9c99dee5","6a7b7336421398e897da532d","2026-08-11 15:17"
"Pasord","6669c659ca16186b5a3dbc35","earthenjoyer","662b7a543f29656f5fe5bf53","6a7b733a8b19e25aeb5370eb","2026-08-11 15:17"
"Avetixz","632b4c9d0609ae73d2a1f799","Skaven","684ffbcec374eb437a89fc20","6a7b74227972132348b0dffb","2026-08-11 15:17"
"Robinhood","6238ed45585d3a1784ef7ef6","m4PHI","6465f8a8196d74dad5532e0f","6a7b74dad55f1a0fb37386e9","2026-08-11 15:18"
"mii3en","66159d055967919df66cf9c0","Ades (YT)","694060fd0b5941c5cbe18cbf","6a7b748d421398e897da56d1","2026-08-11 15:18"
"Pafo05","606cbe428716750001a4eb65","Xick","6227d06fc4123c000192c138","6a7b7493421398e897da56e1","2026-08-11 15:18"
"kober","67ad18a09e150413a5e6fa66","teddy bear","66f081f2bf4b230a2fcb970c","6a7b749f766c68b9ac5394ad","2026-08-11 15:18"
"Mathias","650a2d21361d5316c35b4efe","Dan YAile","60ef0697612a5400012c89a3","6a7b735b7972132348b0dd98","2026-08-11 15:19"
"Pedro Sampaio","63a8b951fb73701f4020d786","Mostar","5f47f02fbf77620001d3442a","6a7b7323984d3edab667b445","2026-08-11 15:19"
"wichura240","68767692157557d5c76a0ab6","teddy bear","66f081f2bf4b230a2fcb970c","6a7b74e78b19e25aeb537689","2026-08-11 15:19"
"YRP","65361a91884b107b4fd0cef8","Misiu Patysiu","68713ba58c49b2f1bf373e05","6a7b747f8b19e25aeb537502","2026-08-11 15:20"
"a-you","5e93a3443d4b6a5af4f11b0b","Avandy","60c3535133004c00010451a3","6a7b74f2766c68b9ac539575","2026-08-11 15:20"
"wichura240","68767692157557d5c76a0ab6","teddy bear","66f081f2bf4b230a2fcb970c","6a7b74e78b19e25aeb537689","2026-08-11 15:20"
"menthol.mike","5d78b0cc1d19ab6f7052d8b9","Goonax#4WC","6772fee6827b91b41dd22b5f","6a7b74a8766c68b9ac5394bc","2026-08-11 15:20"
"Xick","6227d06fc4123c000192c138","Ades (YT)","694060fd0b5941c5cbe18cbf","6a7b7557421398e897da5970","2026-08-11 15:21"
"earthenjoyer","662b7a543f29656f5fe5bf53","cbrunken","5d3cd33a3d4b6a7f9c99dee5","6a7b756c7972132348b0e3d8","2026-08-11 15:21"
"jogilochi","5c7d7ea7155490af38fad7c6","Tschapra","66b9c722770eb8e328a9c2fb","6a7b7302421398e897da52b0","2026-08-11 15:21"
"kriszh","5922abce1bba700c703b0c00","MoD","62261e5b2446120001170812","6a7b759f7972132348b0e49f","2026-08-11 15:22"
"parsec","670c184c705e783701c753c0","CleyRey","6022999c91e2d70001baa800","6a7b74fa766c68b9ac53958e","2026-08-11 15:22"
"TiltedTroxx","64543bd7fb6efa97a2e06d2b","Ades (YT)","694060fd0b5941c5cbe18cbf","6a7b760b984d3edab667bbe7","2026-08-11 15:23"
".Uz","654a71f1a02b54c363802082","BarryTheBee","62be7867aa13616722f8dd4a","6a7b7403766c68b9ac5392ef","2026-08-11 15:24"
"Dan YAile","60ef0697612a5400012c89a3","mii3en","66159d055967919df66cf9c0","6a7b75a51d7720591c30266b","2026-08-11 15:24"
"teddy bear","66f081f2bf4b230a2fcb970c","Incomplet","6328da1f7f518e8bf2fd4335","6a7b7546421398e897da5944","2026-08-11 15:24"
"Avandy","60c3535133004c00010451a3","wichura240","68767692157557d5c76a0ab6","6a7b75d0421398e897da5b64","2026-08-11 15:25"
"Eu Mamei Tver","698282326314d86a2a8c61e3","Xick","6227d06fc4123c000192c138","6a7b761c984d3edab667bc0d","2026-08-11 15:25"
"Goonax#4WC","6772fee6827b91b41dd22b5f","Pedro Sampaio","63a8b951fb73701f4020d786","6a7b75df766c68b9ac5397f2","2026-08-11 15:25"
"walri","6037d5d0f532bb0001c4f0a0","Mahie","5e8edb2b3d4b6a6580c4a80e","6a7b762d8b19e25aeb537af9","2026-08-11 15:25"
"Lodi","5788e5e5c2a0fb1304dba46c","Desanori (fanat laaFlame30)","65fc7b9691115d931473c1fc","6a7b767b766c68b9ac539952","2026-08-11 15:25"
"Tschapra","66b9c722770eb8e328a9c2fb","CleyRey","6022999c91e2d70001baa800","6a7b7657984d3edab667bc89","2026-08-11 15:26"
"Dan YAile","60ef0697612a5400012c89a3","Xick","6227d06fc4123c000192c138","6a7b76c1b92aec0cfc633ec4","2026-08-11 15:27"
"Skrillicon","63655c683f13a9e2cceb27d9","Pasord","6669c659ca16186b5a3dbc35","6a7b75217972132348b0e30d","2026-08-11 15:27"
"Lodi","5788e5e5c2a0fb1304dba46c","Gangooo | Jan","5c692ddbfa7cd6698082d404","6a7b770d421398e897da5efe","2026-08-11 15:27"
"鹰娥朗","628e0d478e5ef3a3ca163627","Falken","6259db15861871be45a34fab","6a7b769ffd08554516653f5b","2026-08-11 15:27"
"Robinhood","6238ed45585d3a1784ef7ef6","m4PHI","6465f8a8196d74dad5532e0f","6a7b75628b19e25aeb537827","2026-08-11 15:28"
"earthenjoyer","662b7a543f29656f5fe5bf53","Misiu Patysiu","68713ba58c49b2f1bf373e05","6a7b75ed8b19e25aeb537a16","2026-08-11 15:28"
"TiltedTroxx","64543bd7fb6efa97a2e06d2b","Palmitas","69b33a815634cc416b9c7877","6a7b76b37972132348b0e7e1","2026-08-11 15:29"
"Eu Mamei Tver","698282326314d86a2a8c61e3","mii3en","66159d055967919df66cf9c0","6a7b76f78b19e25aeb537d9f","2026-08-11 15:29"
"cbrunken","5d3cd33a3d4b6a7f9c99dee5","Ades (YT)","694060fd0b5941c5cbe18cbf","6a7b769d7972132348b0e7ac","2026-08-11 15:29"
"Lurkki","673dfa9f10797c20bc6721e9","teddy bear","66f081f2bf4b230a2fcb970c","6a7b77838b19e25aeb537f67","2026-08-11 15:29"
"Avetixz","632b4c9d0609ae73d2a1f799","Tottenhamwisps","60ad03a48b6e1d00012f8e7e","6a7b76ec7972132348b0e879","2026-08-11 15:29"
"Lurkki","673dfa9f10797c20bc6721e9","teddy bear","66f081f2bf4b230a2fcb970c","6a7b77838b19e25aeb537f67","2026-08-11 15:30"
"jogilochi","5c7d7ea7155490af38fad7c6","slim shady","57689d1b813a4f985c9652a3","6a7b76217972132348b0e662","2026-08-11 15:30"
"wichura240","68767692157557d5c76a0ab6","Tschapra","66b9c722770eb8e328a9c2fb","6a7b77588b19e25aeb537ec9","2026-08-11 15:30"
"hyourinmaru","663523ba8e313d3aa27852b0","Dan YAile","60ef0697612a5400012c89a3","6a7b778c7972132348b0ea4d","2026-08-11 15:31"
"walri","6037d5d0f532bb0001c4f0a0","Goonax#4WC","6772fee6827b91b41dd22b5f","6a7b771e421398e897da5f22","2026-08-11 15:31"
"OakTree","617eb25d4e0e40000158968f","Bravious","608f43fa0d0e0d0001d2abde","6a7b7773984d3edab667bf35","2026-08-11 15:31"
"mii3en","66159d055967919df66cf9c0","houmreu (Youtube)","5b571ce97135fa0e48b2d9f8","6a7b783c8b19e25aeb53821b","2026-08-11 15:32"
"irrational","65ba97ce8b2ba0c747ffa3b7","GeoMango","640633579d4e23ba52d7b054","6a7b6fe64a5b7c0dd40b1ffd","2026-08-11 15:32"
"kriszh","5922abce1bba700c703b0c00","Incomplet","6328da1f7f518e8bf2fd4335","6a7b76b28b19e25aeb537cb7","2026-08-11 15:33"
"teddy bear","66f081f2bf4b230a2fcb970c","Tschapra","66b9c722770eb8e328a9c2fb","6a7b7855421398e897da6306","2026-08-11 15:33"
"hyourinmaru","663523ba8e313d3aa27852b0","Dan YAile","60ef0697612a5400012c89a3","6a7b787eed1411fe6c542d17","2026-08-11 15:34"
"earthenjoyer","662b7a543f29656f5fe5bf53","Palmitas","69b33a815634cc416b9c7877","6a7b77d47972132348b0eb2c","2026-08-11 15:34"
"Pasord","6669c659ca16186b5a3dbc35","CleyRey","6022999c91e2d70001baa800","6a7b7775421398e897da5ffb","2026-08-11 15:34"
"Gangooo | Jan","5c692ddbfa7cd6698082d404","Kucerkaaa✨","66422b048e6606a3bc59724f","6a7b78307972132348b0ec73","2026-08-11 15:34"
"Pedro Sampaio","63a8b951fb73701f4020d786","Mathias","650a2d21361d5316c35b4efe","6a7b76f8984d3edab667bdff","2026-08-11 15:35"
"Ades (YT)","694060fd0b5941c5cbe18cbf","Tottenhamwisps","60ad03a48b6e1d00012f8e7e","6a7b77fb421398e897da61b9","2026-08-11 15:35"
"Avetixz","632b4c9d0609ae73d2a1f799","Jrriddle","57a6214096ca6774b09dfc10","6a7b789c7972132348b0edbb","2026-08-11 15:35"
"BarryTheBee","62be7867aa13616722f8dd4a",".Uz","654a71f1a02b54c363802082","6a7b76f77972132348b0e8a2","2026-08-11 15:36"
"m4PHI","6465f8a8196d74dad5532e0f","Robinhood","6238ed45585d3a1784ef7ef6","6a7b77ac7972132348b0eab6","2026-08-11 15:36"
"Eu Mamei Tver","698282326314d86a2a8c61e3","Avandy","60c3535133004c00010451a3","6a7b77e17972132348b0eb5c","2026-08-11 15:36"
"kober","67ad18a09e150413a5e6fa66","houmreu (Youtube)","5b571ce97135fa0e48b2d9f8","6a7b7922766c68b9ac53a05a","2026-08-11 15:36"
"Dan YAile","60ef0697612a5400012c89a3","Mathias","650a2d21361d5316c35b4efe","6a7b793e7972132348b0efff","2026-08-11 15:37"
"mii3en","66159d055967919df66cf9c0","Lurkki","673dfa9f10797c20bc6721e9","6a7b78d07972132348b0ee63","2026-08-11 15:37"
"no loose ends","6a5d3186441c5a5a92510e3e","lukz","5668787f6295a83e285b7542","6a7b78fb421398e897da6575","2026-08-11 15:37"
"Skaven","684ffbcec374eb437a89fc20","Jacky Wong","63be7833696b395b1a06db85","6a7b79157972132348b0ef78","2026-08-11 15:37"
"hyourinmaru","663523ba8e313d3aa27852b0","caribou","65b67a412c40703eebe95de7","6a7b79297972132348b0efc1","2026-08-11 15:38"
"kober","67ad18a09e150413a5e6fa66","zach","621783eaab08b80001371858","6a7b7930421398e897da6631","2026-08-11 15:38"
"OakTree","617eb25d4e0e40000158968f","teddy bear","66f081f2bf4b230a2fcb970c","6a7b787b8b19e25aeb53831a","2026-08-11 15:38"
"Lodi","5788e5e5c2a0fb1304dba46c","Jeff","607991d3d1d7920001c1949c","6a7b796f421398e897da66ee","2026-08-11 15:38"
"CleyRey","6022999c91e2d70001baa800","Pasord","6669c659ca16186b5a3dbc35","6a7b78fd8b19e25aeb5384f4","2026-08-11 15:39"
"Tschapra","66b9c722770eb8e328a9c2fb","Jasper","63999b017d45f00bc34b6950","6a7b799f766c68b9ac53a1a6","2026-08-11 15:39"
"Gangooo | Jan","5c692ddbfa7cd6698082d404","Kucerkaaa✨","66422b048e6606a3bc59724f","6a7b791f984d3edab667c439","2026-08-11 15:39"
"Robinhood","6238ed45585d3a1784ef7ef6","m4PHI","6465f8a8196d74dad5532e0f","6a7b79918b19e25aeb538704","2026-08-11 15:40"
"houmreu (Youtube)","5b571ce97135fa0e48b2d9f8","Lurkki","673dfa9f10797c20bc6721e9","6a7b79e07972132348b0f1ce","2026-08-11 15:40"
"no loose ends","6a5d3186441c5a5a92510e3e","EpicValley788","62404a2bff40da6b689bdfd9","6a7b79d67972132348b0f1aa","2026-08-11 15:40"
"caribou","65b67a412c40703eebe95de7","hyourinmaru","663523ba8e313d3aa27852b0","6a7b79ed7972132348b0f1f1","2026-08-11 15:41"
"Dan YAile","60ef0697612a5400012c89a3","Mathias","650a2d21361d5316c35b4efe","6a7b79c7421398e897da67f2","2026-08-11 15:41"
"Palmitas","69b33a815634cc416b9c7877","earthenjoyer","662b7a543f29656f5fe5bf53","6a7b7917766c68b9ac53a03c","2026-08-11 15:41"
"Goonax#4WC","6772fee6827b91b41dd22b5f","esther","5ec5509af849319644f425b8","6a7b78988b19e25aeb538386","2026-08-11 15:41"
"Lodi","5788e5e5c2a0fb1304dba46c","zach","621783eaab08b80001371858","6a7b7a16766c68b9ac53a2ba","2026-08-11 15:41"
"jogilochi","5c7d7ea7155490af38fad7c6","cbrunken","5d3cd33a3d4b6a7f9c99dee5","6a7b78498b19e25aeb538255","2026-08-11 15:42"
"wichura240","68767692157557d5c76a0ab6","GeoMango","640633579d4e23ba52d7b054","6a7b789f421398e897da63ff","2026-08-11 15:42"
"✰drku✰","6390a751742539856b34c860","WindyMirage774","661c9b427222970e307aff01","6a7b7a9c984d3edab667c831","2026-08-11 15:42"
"Skaven","684ffbcec374eb437a89fc20","Jrriddle","57a6214096ca6774b09dfc10","6a7b79d58b19e25aeb5387d7","2026-08-11 15:42"
"Kuba","6744ee112d6c958a853b52a6","Mathias","650a2d21361d5316c35b4efe","6a7b7ac58b19e25aeb538b1f","2026-08-11 15:43"
"Ades (YT)","694060fd0b5941c5cbe18cbf","Tottenhamwisps","60ad03a48b6e1d00012f8e7e","6a7b7978d55f1a0fb37391ab","2026-08-11 15:43"
"CleyRey","6022999c91e2d70001baa800","DIFFK MISSED ABSOLUTEFILTHTV","5efe8645105829665ce0304a","6a7b7a378b19e25aeb538922","2026-08-11 15:43"
"zach","621783eaab08b80001371858","kober","67ad18a09e150413a5e6fa66","6a7b7ae27972132348b0f54c","2026-08-11 15:43"
"CrazyHorse","661830566555811b1291bac1","Rimmertb","5e1f6932dba5105d845b333b","6a7b79eb7972132348b0f1ec","2026-08-11 15:43"
"hyourinmaru","663523ba8e313d3aa27852b0","caribou","65b67a412c40703eebe95de7","6a7b7ac5421398e897da6bac","2026-08-11 15:44"
"Firma","5ff879f9ce04930001f6ee64","TiltedTroxx","64543bd7fb6efa97a2e06d2b","6a7b78087972132348b0ebe1","2026-08-11 15:44"
"mii3en","66159d055967919df66cf9c0","houmreu (Youtube)","5b571ce97135fa0e48b2d9f8","6a7b7a807972132348b0f3d4","2026-08-11 15:44"
"Pasord","6669c659ca16186b5a3dbc35","Tschapra","66b9c722770eb8e328a9c2fb","6a7b7a597972132348b0f33b","2026-08-11 15:44"
"Eu Mamei Tver","698282326314d86a2a8c61e3","Avandy","60c3535133004c00010451a3","6a7b79a2984d3edab667c57d","2026-08-11 15:45"
"Mathias","650a2d21361d5316c35b4efe","CornyOnTheBob 🌽🌻","6063947a510035000104454f","6a7b7b2b7972132348b0f631","2026-08-11 15:45"
"Kuba","6744ee112d6c958a853b52a6","CleyRey","6022999c91e2d70001baa800","6a7b7b288b19e25aeb538c9c","2026-08-11 15:45"
"Gangooo | Jan","5c692ddbfa7cd6698082d404","Kucerkaaa✨","66422b048e6606a3bc59724f","6a7b7a5d421398e897da6a06","2026-08-11 15:45"
"Robinhood","6238ed45585d3a1784ef7ef6","m4PHI","6465f8a8196d74dad5532e0f","6a7b7a76421398e897da6a54","2026-08-11 15:46"
"hyourinmaru","663523ba8e313d3aa27852b0","caribou","65b67a412c40703eebe95de7","6a7b7b5d7972132348b0f6ce","2026-08-11 15:46"
"Kuba","6744ee112d6c958a853b52a6","houmreu (Youtube)","5b571ce97135fa0e48b2d9f8","6a7b7b8d84599903dd7344ee","2026-08-11 15:46"
"Eu Mamei Tver","698282326314d86a2a8c61e3","Avandy","60c3535133004c00010451a3","6a7b7bba766c68b9ac53a7b4","2026-08-11 15:47"
"Palmitas","69b33a815634cc416b9c7877","earthenjoyer","662b7a543f29656f5fe5bf53","6a7b7ac4421398e897da6ba8","2026-08-11 15:47"
"Skaven","684ffbcec374eb437a89fc20","GeoMango","640633579d4e23ba52d7b054","6a7b7ae67972132348b0f565","2026-08-11 15:47"
"Tschapra","66b9c722770eb8e328a9c2fb","いぶりー ivly","6578df649b50a29c7d4112a0","6a7b7b7e421398e897da6e2b","2026-08-11 15:47"
"kriszh","5922abce1bba700c703b0c00","Ades (YT)","694060fd0b5941c5cbe18cbf","6a7b7b18421398e897da6cbe","2026-08-11 15:48"
"zach","621783eaab08b80001371858","kober","67ad18a09e150413a5e6fa66","6a7b7b49421398e897da6d71","2026-08-11 15:48"
"zach","621783eaab08b80001371858","kober","67ad18a09e150413a5e6fa66","6a7b7b49421398e897da6d71","2026-08-11 15:48"
"geometry","6677323b8c4a3f875615805f","Gigi21","58a94b528b9ff43e3cffbb08","6a7b7be2984d3edab667cb99","2026-08-11 15:48"
".Uz","654a71f1a02b54c363802082","BarryTheBee","62be7867aa13616722f8dd4a","6a7b7994421398e897da6764","2026-08-11 15:49"
"Robinhood","6238ed45585d3a1784ef7ef6","m4PHI","6465f8a8196d74dad5532e0f","6a7b7bd1421398e897da6f2b","2026-08-11 15:49"
"caribou","65b67a412c40703eebe95de7","hyourinmaru","663523ba8e313d3aa27852b0","6a7b7be87972132348b0f83c","2026-08-11 15:49"
"cbrunken","5d3cd33a3d4b6a7f9c99dee5","CapixabaGeo","65e1351e81122873dc224467","6a7b7b3a7972132348b0f66d","2026-08-11 15:49"
"Goonax#4WC","6772fee6827b91b41dd22b5f","menthol.mike","5d78b0cc1d19ab6f7052d8b9","6a7b7ad8fd0855451665490e","2026-08-11 15:49"
"Tottenhamwisps","60ad03a48b6e1d00012f8e7e","Jrriddle","57a6214096ca6774b09dfc10","6a7b7b2d7972132348b0f640","2026-08-11 15:49"
"Lodi","5788e5e5c2a0fb1304dba46c","OakTree","617eb25d4e0e40000158968f","6a7b7ab7421398e897da6b72","2026-08-11 15:49"
"Pasord","6669c659ca16186b5a3dbc35","CleyRey","6022999c91e2d70001baa800","6a7b7b8d421398e897da6e6f","2026-08-11 15:50"
"Tschapra","66b9c722770eb8e328a9c2fb","Skaven","684ffbcec374eb437a89fc20","6a7b7c2d8b19e25aeb539002","2026-08-11 15:50"
"CornyOnTheBob 🌽🌻","6063947a510035000104454f","Kuba","6744ee112d6c958a853b52a6","6a7b7bf78b19e25aeb538f50","2026-08-11 15:51"
"SanderFMC","62ce8106f827cbfd72056f46","FMC","638348f8910c9ca0fbb4fa15","6a7b7a79984d3edab667c7bc","2026-08-11 15:51"
"Eu Mamei Tver","698282326314d86a2a8c61e3","Avandy","60c3535133004c00010451a3","6a7b7c157972132348b0f8b9","2026-08-11 15:52"
"no loose ends","6a5d3186441c5a5a92510e3e","alonso tu papá","628bcb07c16faddd5c9a062a","6a7b7ce3cc207bcd4ca05a0b","2026-08-11 15:52"
"Daiiono","5fe17b0ef3881a000180878c","Mathias","650a2d21361d5316c35b4efe","6a7b7bbd8b19e25aeb538e89","2026-08-11 15:53"
"Palmitas","69b33a815634cc416b9c7877","Ades (YT)","694060fd0b5941c5cbe18cbf","6a7b7c727972132348b0f9bf","2026-08-11 15:53"
"kober","67ad18a09e150413a5e6fa66","zach","621783eaab08b80001371858","6a7b7c8d8b19e25aeb539112","2026-08-11 15:53"
"Sabahnakhet","6a543ba7ed02c0562a0804e4","Dichosotyler","6026d2925048850001d47da0","6a7b7d2f421398e897da7388","2026-08-11 15:53"
"Robinhood","6238ed45585d3a1784ef7ef6","bodysfailing","69fd3dc20731483be6bd7038","6a7b7ce3cc207bcd4ca05a07","2026-08-11 15:54"
"kober","67ad18a09e150413a5e6fa66","OakTree","617eb25d4e0e40000158968f","6a7b7cbd7972132348b0fa95","2026-08-11 15:54"
"houmreu (Youtube)","5b571ce97135fa0e48b2d9f8","geometry","6677323b8c4a3f875615805f","6a7b7c758b19e25aeb5390c9","2026-08-11 15:54"
"Tschapra","66b9c722770eb8e328a9c2fb","Skaven","684ffbcec374eb437a89fc20","6a7b7cee766c68b9ac53aa95","2026-08-11 15:54"
"hyourinmaru","663523ba8e313d3aa27852b0","m4PHI","6465f8a8196d74dad5532e0f","6a7b7c9c984d3edab667cd5f","2026-08-11 15:56"
"Eu Mamei Tver","698282326314d86a2a8c61e3","Ades (YT)","694060fd0b5941c5cbe18cbf","6a7b7d81766c68b9ac53ac08","2026-08-11 15:56"
"Avandy","60c3535133004c00010451a3","Kuba","6744ee112d6c958a853b52a6","6a7b7d498b19e25aeb5393b4","2026-08-11 15:57"
"bodysfailing","69fd3dc20731483be6bd7038","kstyko","5ead136297d6cf24a42b1ef4","6a7b7ddb4a5b7c0dd40b3f84","2026-08-11 15:59"
"sk 愛","666b76089d20c1dd39ec810c","zone","601d17c1d565030001440b8d","6a7b7d124a5b7c0dd40b3d48","2026-08-11 15:59"
"Kuba","6744ee112d6c958a853b52a6","Ades (YT)","694060fd0b5941c5cbe18cbf","6a7b7e6a421398e897da7765","2026-08-11 15:59"
"kriszh","5922abce1bba700c703b0c00","cbrunken","5d3cd33a3d4b6a7f9c99dee5","6a7b7cda84599903dd7347b8","2026-08-11 15:59"
"Tschapra","66b9c722770eb8e328a9c2fb","zach","621783eaab08b80001371858","6a7b7db1fd08554516654f2e","2026-08-11 15:59"
"OakTree","617eb25d4e0e40000158968f","borat","65ff02695f2e011b4accd227","6a7b7e1e8b19e25aeb5396ac","2026-08-11 15:59"
"m4PHI","6465f8a8196d74dad5532e0f","Robinhood","6238ed45585d3a1784ef7ef6","6a7b7e56421398e897da7727","2026-08-11 16:00"
"Maksonic","619d09bdc4ab7000016c68d3","Eu Mamei Tver","698282326314d86a2a8c61e3","6a7b7e2b8b19e25aeb5396cd","2026-08-11 16:00"
"LuizGeoMT","67ffcf4fce0f332d5553d6b4","ThomasThTrain","5fdcf2d89f206900016dc4d2","6a7b7e77421398e897da7791","2026-08-11 16:00"
"Rimmertb","5e1f6932dba5105d845b333b","DIFFK MISSED ABSOLUTEFILTHTV","5efe8645105829665ce0304a","6a7b7d64421398e897da742c","2026-08-11 16:00"
"いぶりー ivly","6578df649b50a29c7d4112a0","esther","5ec5509af849319644f425b8","6a7b7cb37972132348b0fa75","2026-08-11 16:01"
"geometry","6677323b8c4a3f875615805f","v.","643dbb743b34320cb1241a79","6a7b7de5984d3edab667d143","2026-08-11 16:01"
"Robinhood","6238ed45585d3a1784ef7ef6","hyourinmaru","663523ba8e313d3aa27852b0","6a7b7f387972132348b102a2","2026-08-11 16:03"
"CornyOnTheBob 🌽🌻","6063947a510035000104454f","Daiiono","5fe17b0ef3881a000180878c","6a7b7d9f4a5b7c0dd40b3ec1","2026-08-11 16:03"
"Pedro Sampaio","63a8b951fb73701f4020d786","walri","6037d5d0f532bb0001c4f0a0","6a7b7e4a421398e897da7704","2026-08-11 16:03"
"Tottenhamwisps","60ad03a48b6e1d00012f8e7e","Pasord","6669c659ca16186b5a3dbc35","6a7b7d0a8b19e25aeb5392de","2026-08-11 16:03"
"m4PHI","6465f8a8196d74dad5532e0f","wang","64df30f334185dd27cf839a7","6a7b7fb48b19e25aeb539c2b","2026-08-11 16:05"
"Kuba","6744ee112d6c958a853b52a6","kstyko","5ead136297d6cf24a42b1ef4","6a7b7efd8b19e25aeb539999","2026-08-11 16:05"
"tacocat 🌮 🐈","675a19ef5a75afba3b6908ea","Ades (YT)","694060fd0b5941c5cbe18cbf","6a7b7f248b19e25aeb539a31","2026-08-11 16:05"
"cbrunken","5d3cd33a3d4b6a7f9c99dee5","OakTree","617eb25d4e0e40000158968f","6a7b7efc984d3edab667d44a","2026-08-11 16:05"
"CapixabaGeo","65e1351e81122873dc224467","Yarik","676e524ee37422d9da0e161a","6a7b7e6b984d3edab667d2a6","2026-08-11 16:05"
"cozy","5eee1ae86a7c6a4edc0f7f94","Palmitas","69b33a815634cc416b9c7877","6a7b7df38b19e25aeb539632","2026-08-11 16:06"
"LuizGeoMT","67ffcf4fce0f332d5553d6b4","GDrigXOツ","62d397b9283f387577c4aff8","6a7b7f9e7972132348b103e6","2026-08-11 16:06"
"Sabahnakhet","6a543ba7ed02c0562a0804e4","ivomilki","69d85211ec46520188007847","6a7b7f77766c68b9ac53b167","2026-08-11 16:06"
"bigfish","677c54762f5989ca9ffae345","wang","64df30f334185dd27cf839a7","6a7b805f84599903dd73506a","2026-08-11 16:07"
"Firma","5ff879f9ce04930001f6ee64","Lost Paradise","66e46f109b53fcb55436dd52","6a7b7e8c766c68b9ac53aeca","2026-08-11 16:07"
"bodysfailing","69fd3dc20731483be6bd7038","Avandy","60c3535133004c00010451a3","6a7b7eef7972132348b101a8","2026-08-11 16:07"
"Kuba","6744ee112d6c958a853b52a6","cbrunken","5d3cd33a3d4b6a7f9c99dee5","6a7b805fcc207bcd4ca062be","2026-08-11 16:07"
"walri","6037d5d0f532bb0001c4f0a0","Pirik","669e6134d95d857a27cbc0cd","6a7b7fe51d7720591c303cac","2026-08-11 16:07"
"Eu Mamei Tver","698282326314d86a2a8c61e3","zone","601d17c1d565030001440b8d","6a7b7fb68b19e25aeb539c2e","2026-08-11 16:08"
"Avandy","60c3535133004c00010451a3","bodysfailing","69fd3dc20731483be6bd7038","6a7b810184599903dd7351a9","2026-08-11 16:10"
"Ades (YT)","694060fd0b5941c5cbe18cbf","OakTree","617eb25d4e0e40000158968f","6a7b80a8766c68b9ac53b4b4","2026-08-11 16:10"
"bigfish","677c54762f5989ca9ffae345","wang","64df30f334185dd27cf839a7","6a7b80d884599903dd73514b","2026-08-11 16:11"
"Palmitas","69b33a815634cc416b9c7877","Kuba","6744ee112d6c958a853b52a6","6a7b80c58b19e25aeb539f93","2026-08-11 16:11"
"Daiiono","5fe17b0ef3881a000180878c","Pedro Sampaio","63a8b951fb73701f4020d786","6a7b7fe77972132348b104ba","2026-08-11 16:12"
"CornyOnTheBob 🌽🌻","6063947a510035000104454f","Pasord","6669c659ca16186b5a3dbc35","6a7b8023984d3edab667d788","2026-08-11 16:12"
"BarryTheBee","62be7867aa13616722f8dd4a",".Uz","654a71f1a02b54c363802082","6a7b7e028b19e25aeb539663","2026-08-11 16:13"
"bodysfailing","69fd3dc20731483be6bd7038","Eu Mamei Tver","698282326314d86a2a8c61e3","6a7b8179421398e897da8102","2026-08-11 16:13"
"Psylaris","59dad8dd5d2de4db8036e36c","Lster95","6875664f91065c0938397061","6a7b811d8b19e25aeb53a0ba","2026-08-11 16:13"
"LuizGeoMT","67ffcf4fce0f332d5553d6b4","GDrigXOツ","62d397b9283f387577c4aff8","6a7b80a3984d3edab667d8cd","2026-08-11 16:13"
"CapixabaGeo","65e1351e81122873dc224467","xenoxvx","656a6671f86dd57dbb5e2d65","6a7b8073421398e897da7df0","2026-08-11 16:13"
"irrational","65ba97ce8b2ba0c747ffa3b7","GeoMango","640633579d4e23ba52d7b054","6a7b7c29421398e897da7040","2026-08-11 16:14"
"Kuba","6744ee112d6c958a853b52a6","Firma","5ff879f9ce04930001f6ee64","6a7b81e0421398e897da822b","2026-08-11 16:15"
"Avandy","60c3535133004c00010451a3","Ades (YT)","694060fd0b5941c5cbe18cbf","6a7b81807972132348b1095e","2026-08-11 16:15"
"malle","669ab1afec461481537ec8c2","いぶりー ivly","6578df649b50a29c7d4112a0","6a7b8091421398e897da7e8a","2026-08-11 16:15"
"OakTree","617eb25d4e0e40000158968f","Goonax#4WC","6772fee6827b91b41dd22b5f","6a7b81be984d3edab667db38","2026-08-11 16:15"
"Tott3r","5826feba4aa178410066f039","MerryValley542","6a4e1cacb62960575fca9881","6a7b81c6421398e897da81ca","2026-08-11 16:15"
"LuizGeoMT","67ffcf4fce0f332d5553d6b4","masamune","60b36d8fbba4ea0001ba5dc5","6a7b82287972132348b10b1d","2026-08-11 16:16"
"CapixabaGeo","65e1351e81122873dc224467","Lster95","6875664f91065c0938397061","6a7b82538b19e25aeb53a4a8","2026-08-11 16:16"
"Bravious","608f43fa0d0e0d0001d2abde","Kuba love 2","68582b5f8e62427811441b60","6a7b8289766c68b9ac53b90c","2026-08-11 16:16"
"bigfish","677c54762f5989ca9ffae345","wang","64df30f334185dd27cf839a7","6a7b82118b19e25aeb53a3c8","2026-08-11 16:17"
"Daiiono","5fe17b0ef3881a000180878c","bodysfailing","69fd3dc20731483be6bd7038","6a7b8248984d3edab667dc98","2026-08-11 16:17"
"kober","67ad18a09e150413a5e6fa66","OakTree","617eb25d4e0e40000158968f","6a7b82d9421398e897da8574","2026-08-11 16:17"
"Ades (YT)","694060fd0b5941c5cbe18cbf","Tott3r","5826feba4aa178410066f039","6a7b829c8b19e25aeb53a57d","2026-08-11 16:17"
"GDrigXOツ","62d397b9283f387577c4aff8","MerryValley542","6a4e1cacb62960575fca9881","6a7b8298421398e897da8485","2026-08-11 16:17"
"Juagie","601b3f4047f927000155a753","zone","601d17c1d565030001440b8d","6a7b816b421398e897da80bb","2026-08-11 16:18"
"Eu Mamei Tver","698282326314d86a2a8c61e3","Kuba","6744ee112d6c958a853b52a6","6a7b82af7972132348b10cd2","2026-08-11 16:18"
"cbrunken","5d3cd33a3d4b6a7f9c99dee5","Pirik","669e6134d95d857a27cbc0cd","6a7b80f3766c68b9ac53b547","2026-08-11 16:18"
"DarkWoke 🇵🇸","5f061c5b8fba346634a84c33","Tschapra","66b9c722770eb8e328a9c2fb","6a7b81dd7972132348b10a45","2026-08-11 16:18"
"Firma","5ff879f9ce04930001f6ee64","Robinhood","6238ed45585d3a1784ef7ef6","6a7b82fe8b19e25aeb53a6f3","2026-08-11 16:19"
"xenoxvx","656a6671f86dd57dbb5e2d65","GeoMango","640633579d4e23ba52d7b054","6a7b826d421398e897da83dd","2026-08-11 16:19"
"Ades (YT)","694060fd0b5941c5cbe18cbf","Tschapra","66b9c722770eb8e328a9c2fb","6a7b836e421398e897da872f","2026-08-11 16:20"
"bodysfailing","69fd3dc20731483be6bd7038","Daiiono","5fe17b0ef3881a000180878c","6a7b8339421398e897da869d","2026-08-11 16:21"
"Palmitas","69b33a815634cc416b9c7877","Pasord","6669c659ca16186b5a3dbc35","6a7b8211984d3edab667dc18","2026-08-11 16:21"
"CapixabaGeo","65e1351e81122873dc224467","Bravious","608f43fa0d0e0d0001d2abde","6a7b83548b19e25aeb53a801","2026-08-11 16:21"
"GDrigXOツ","62d397b9283f387577c4aff8","MerryValley542","6a4e1cacb62960575fca9881","6a7b8346421398e897da86ba","2026-08-11 16:21"
"Tott3r","5826feba4aa178410066f039","Mikoo0","63f0ca33c17e8c146f6a9379","6a7b8349d55f1a0fb373a8cb","2026-08-11 16:21"
"BarryTheBee","62be7867aa13616722f8dd4a",".Uz","654a71f1a02b54c363802082","6a7b82338b19e25aeb53a42b","2026-08-11 16:22"
"bigfish","677c54762f5989ca9ffae345","wang","64df30f334185dd27cf839a7","6a7b835f421398e897da86fa","2026-08-11 16:22"
"kober","67ad18a09e150413a5e6fa66","OakTree","617eb25d4e0e40000158968f","6a7b833a984d3edab667df30","2026-08-11 16:22"
"Kuba","6744ee112d6c958a853b52a6","Eu Mamei Tver","698282326314d86a2a8c61e3","6a7b837784599903dd7356dd","2026-08-11 16:24"
"habesh","647734d056305f7bf5561a4e","Patrickvanpaul","5ff4a6cb612052000195aed4","6a7b82158b19e25aeb53a3dc","2026-08-11 16:24"
"v.","643dbb743b34320cb1241a79","MerryValley542","6a4e1cacb62960575fca9881","6a7b84018b19e25aeb53a9bd","2026-08-11 16:24"
"Daiiono","5fe17b0ef3881a000180878c","bodysfailing","69fd3dc20731483be6bd7038","6a7b8421cc207bcd4ca06a3f","2026-08-11 16:25"
"GDrigXOツ","62d397b9283f387577c4aff8","Bravious","608f43fa0d0e0d0001d2abde","6a7b841b421398e897da88fc","2026-08-11 16:25"
"Ades (YT)","694060fd0b5941c5cbe18cbf","OakTree","617eb25d4e0e40000158968f","6a7b8445421398e897da8980","2026-08-11 16:26"
"Firma","5ff879f9ce04930001f6ee64","Robinhood","6238ed45585d3a1784ef7ef6","6a7b83fb421398e897da88ac","2026-08-11 16:27"
"Pirik","669e6134d95d857a27cbc0cd","Lster95","6875664f91065c0938397061","6a7b847f766c68b9ac53bdd6","2026-08-11 16:27"
"zone","601d17c1d565030001440b8d","Juagie","601b3f4047f927000155a753","6a7b83cd421398e897da882b","2026-08-11 16:29"
"bodysfailing","69fd3dc20731483be6bd7038","Avandy","60c3535133004c00010451a3","6a7b84fa84599903dd735a2f","2026-08-11 16:29"
"Palmitas","69b33a815634cc416b9c7877","Pasord","6669c659ca16186b5a3dbc35","6a7b841a421398e897da88f9","2026-08-11 16:29"
"OakTree","617eb25d4e0e40000158968f","Jolutien","5fb2f215dcf055000142ff72","6a7b85828b19e25aeb53ae8c","2026-08-11 16:29"
"v.","643dbb743b34320cb1241a79","Bravious","608f43fa0d0e0d0001d2abde","6a7b85248b19e25aeb53ad41","2026-08-11 16:29"
"bigfish","677c54762f5989ca9ffae345","wang","64df30f334185dd27cf839a7","6a7b844f421398e897da89a2","2026-08-11 16:30"
"いぶりー ivly","6578df649b50a29c7d4112a0","xenoxvx","656a6671f86dd57dbb5e2d65","6a7b83d58b19e25aeb53a946","2026-08-11 16:31"
"Daiiono","5fe17b0ef3881a000180878c","Eu Mamei Tver","698282326314d86a2a8c61e3","6a7b85048b19e25aeb53acd6","2026-08-11 16:32"
"Maksonic","619d09bdc4ab7000016c68d3","Ades (YT)","694060fd0b5941c5cbe18cbf","6a7b854c8b19e25aeb53adda","2026-08-11 16:32"
"Firma","5ff879f9ce04930001f6ee64","Robinhood","6238ed45585d3a1784ef7ef6","6a7b86aa8b19e25aeb53b294","2026-08-11 16:33"
"Avandy","60c3535133004c00010451a3","bodysfailing","69fd3dc20731483be6bd7038","6a7b86178b19e25aeb53b089","2026-08-11 16:33"
"Superhorstuwe","67f42dea666326f3169cde54","Tottenhamwisps","60ad03a48b6e1d00012f8e7e","6a7b866d984d3edab667e6c2","2026-08-11 16:33"
"Rubber Dinghy Rapids Bro","5b1814ea59669593c4ce555b","SanderFMC","62ce8106f827cbfd72056f46","6a7b83d67972132348b10ff0","2026-08-11 16:33"
"Pirik","669e6134d95d857a27cbc0cd","Lster95","6875664f91065c0938397061","6a7b856a8b19e25aeb53ae31","2026-08-11 16:33"
"Pasord","6669c659ca16186b5a3dbc35","OakTree","617eb25d4e0e40000158968f","6a7b86047972132348b11681","2026-08-11 16:34"
"Goonax#4WC","6772fee6827b91b41dd22b5f","LuizGeoMT","67ffcf4fce0f332d5553d6b4","6a7b84908b19e25aeb53ab6c","2026-08-11 16:34"
"Firma","5ff879f9ce04930001f6ee64","Robinhood","6238ed45585d3a1784ef7ef6","6a7b87154a5b7c0dd40b5285","2026-08-11 16:35"
"Firma","5ff879f9ce04930001f6ee64","Robinhood","6238ed45585d3a1784ef7ef6","6a7b877b7972132348b11b03","2026-08-11 16:37"
"tryna be geeked","68261ad84859ebc8db2448a4","Pasord","6669c659ca16186b5a3dbc35","6a7b871b7972132348b119bc","2026-08-11 16:37"
"Tottenhamwisps","60ad03a48b6e1d00012f8e7e","JH87","66dd876f7268383da37613b8","6a7b86d2b92aec0cfc636269","2026-08-11 16:37"
"Celneo","630b9715510e022a3194e5bb","geometry","6677323b8c4a3f875615805f","6a7b86ff421398e897da91a7","2026-08-11 16:37"
"Firma","5ff879f9ce04930001f6ee64","Robinhood","6238ed45585d3a1784ef7ef6","6a7b87dc8b19e25aeb53b685","2026-08-11 16:38"
"quarksauce","5fe1b134a2ebcc0001c6bd9c","GDrigXOツ","62d397b9283f387577c4aff8","6a7b85e3421398e897da8e7f","2026-08-11 16:38"
"Thore Stach","60b2c6420390be00015e9fa1","cryptal","68da8c9b361db7a9867df6ec","6a7b852b8b19e25aeb53ad4f","2026-08-11 16:38"
"Shxne123","6a541302e2428cdb1b4c06c3","Imabirnana","67974876403f15ff16531043","6a7b8787421398e897da9370","2026-08-11 16:38"
"Daiiono","5fe17b0ef3881a000180878c","Avandy","60c3535133004c00010451a3","6a7b86dd421398e897da913e","2026-08-11 16:39"
"bodysfailing","69fd3dc20731483be6bd7038","Eu Mamei Tver","698282326314d86a2a8c61e3","6a7b871a984d3edab667e86a","2026-08-11 16:39"
"xenoxvx","656a6671f86dd57dbb5e2d65","Lster95","6875664f91065c0938397061","6a7b8706421398e897da91bd","2026-08-11 16:39"
"Firma","5ff879f9ce04930001f6ee64","Robinhood","6238ed45585d3a1784ef7ef6","6a7b882b8b19e25aeb53b790","2026-08-11 16:40"
"Kuba","6744ee112d6c958a853b52a6","WeValueYourFeedback","666c9156dc30d0d163f505b5","6a7b866b8b19e25aeb53b1ab","2026-08-11 16:40"
"Ades (YT)","694060fd0b5941c5cbe18cbf","DarkWoke 🇵🇸","5f061c5b8fba346634a84c33","6a7b8715984d3edab667e84e","2026-08-11 16:40"
"OakTree","617eb25d4e0e40000158968f","esther","5ec5509af849319644f425b8","6a7b87168b19e25aeb53b3d4","2026-08-11 16:40"
"tryna be geeked","68261ad84859ebc8db2448a4","Pasord","6669c659ca16186b5a3dbc35","6a7b87e5421398e897da946d","2026-08-11 16:41"
"Celneo","630b9715510e022a3194e5bb","geometry","6677323b8c4a3f875615805f","6a7b87e1421398e897da9467","2026-08-11 16:41"
"𝕸𝖎𝖍𝖆","624ad371757cbf189f83c876","sk 愛","666b76089d20c1dd39ec810c","6a7b87c67972132348b11bea","2026-08-11 16:43"
"Daiiono","5fe17b0ef3881a000180878c","Robinhood","6238ed45585d3a1784ef7ef6","6a7b889f8b19e25aeb53b900","2026-08-11 16:43"
"Palmitas","69b33a815634cc416b9c7877","Shakazaramesh","5ef2945bbb96627c9ce5f63f","6a7b877a8b19e25aeb53b54a","2026-08-11 16:43"
"Avandy","60c3535133004c00010451a3","Kuba","6744ee112d6c958a853b52a6","6a7b886e8b19e25aeb53b863","2026-08-11 16:43"
"Juagie","601b3f4047f927000155a753","zone","601d17c1d565030001440b8d","6a7b862a984d3edab667e60c","2026-08-11 16:44"
"Ades (YT)","694060fd0b5941c5cbe18cbf","Eu Mamei Tver","698282326314d86a2a8c61e3","6a7b887e984d3edab667ec17","2026-08-11 16:44"
"borat","65ff02695f2e011b4accd227","Pirik","669e6134d95d857a27cbc0cd","6a7b870ded1411fe6c544d79","2026-08-11 16:44"
"Avandy","60c3535133004c00010451a3","Kuba","6744ee112d6c958a853b52a6","6a7b89488b19e25aeb53bb3e","2026-08-11 16:45"
"tryna be geeked","68261ad84859ebc8db2448a4","Рома","5bc9f3921f3cf81af80cfa72","6a7b88c884599903dd736282","2026-08-11 16:45"
"ThiiagooAC7","66a13c3e99166dab91896702","Tottenhamwisps","60ad03a48b6e1d00012f8e7e","6a7b88aa421398e897da9686","2026-08-11 16:46"
"GDrigXOツ","62d397b9283f387577c4aff8","Yarik","676e524ee37422d9da0e161a","6a7b88288b19e25aeb53b785","2026-08-11 16:46"
"Avandy","60c3535133004c00010451a3","tryna be geeked","68261ad84859ebc8db2448a4","6a7b89b5421398e897da99a5","2026-08-11 16:47"
"Ades (YT)","694060fd0b5941c5cbe18cbf","Pandazan","632e19f3f0149e276027d38e","6a7b8997421398e897da9950","2026-08-11 16:47"
"quarksauce","5fe1b134a2ebcc0001c6bd9c","Celneo","630b9715510e022a3194e5bb","6a7b892a7972132348b11f84","2026-08-11 16:47"
"Thore Stach","60b2c6420390be00015e9fa1","placebo","66f44a3b843bc018a3e981c7","6a7b88f7421398e897da9778","2026-08-11 16:47"
"Johannes","677da9a8bd76060fb7da7799","Haus","678bc95a847b56d5e0276463","6a7b8310766c68b9ac53ba7d","2026-08-11 16:47"
"xenoxvx","656a6671f86dd57dbb5e2d65","ThomasThTrain","5fdcf2d89f206900016dc4d2","6a7b88c57972132348b11e8b","2026-08-11 16:48"
"Pirik","669e6134d95d857a27cbc0cd","abys","55b3ba14e7e37f2cc0d67601","6a7b898b8b19e25aeb53bc24","2026-08-11 16:48"
"zone","601d17c1d565030001440b8d","sk 愛","666b76089d20c1dd39ec810c","6a7b896e984d3edab667ee8c","2026-08-11 16:49"
"Ades (YT)","694060fd0b5941c5cbe18cbf","tryna be geeked","68261ad84859ebc8db2448a4","6a7b8a4b7972132348b122e2","2026-08-11 16:49"
"xLuma","6832f381b318a99431b6ad28","いぶりー ivly","6578df649b50a29c7d4112a0","6a7b874b421398e897da92a8","2026-08-11 16:49"
"M A D A R A","680ebd4ab8187db80148ff47","WeValueYourFeedback","666c9156dc30d0d163f505b5","6a7b89147972132348b11f52","2026-08-11 16:49"
"Robinhood","6238ed45585d3a1784ef7ef6","Daiiono","5fe17b0ef3881a000180878c","6a7b89288b19e25aeb53bac0","2026-08-11 16:50"
"bodysfailing","69fd3dc20731483be6bd7038","Eu Mamei Tver","698282326314d86a2a8c61e3","6a7b898ad55f1a0fb373b6a3","2026-08-11 16:50"
"Kuba","6744ee112d6c958a853b52a6","Pasord","6669c659ca16186b5a3dbc35","6a7b89b8421398e897da99b1","2026-08-11 16:50"
"Shakazaramesh","5ef2945bbb96627c9ce5f63f","Batze","66264a9232424d7626d17d76","6a7b8954cc207bcd4ca0757d","2026-08-11 16:50"
"inferno","678d41c562226bf506f8bc73","Tottenhamwisps","60ad03a48b6e1d00012f8e7e","6a7b89f78b19e25aeb53bd52","2026-08-11 16:51"
"Robinhood","6238ed45585d3a1784ef7ef6","bodysfailing","69fd3dc20731483be6bd7038","6a7b8ad88b19e25aeb53bfdd","2026-08-11 16:52"
"zone","601d17c1d565030001440b8d","Avandy","60c3535133004c00010451a3","6a7b8a94984d3edab667f113","2026-08-11 16:52"
"Celneo","630b9715510e022a3194e5bb","Pandazan","632e19f3f0149e276027d38e","6a7b8a44421398e897da9af5","2026-08-11 16:53"
"Robinhood","6238ed45585d3a1784ef7ef6","bodysfailing","69fd3dc20731483be6bd7038","6a7b8b5ded1411fe6c5455c0","2026-08-11 16:54"
"Pasord","6669c659ca16186b5a3dbc35","Gamer X","674cddb0dc12d4102c72e97a","6a7b8ada8b19e25aeb53bff0","2026-08-11 16:54"
"Tottenhamwisps","60ad03a48b6e1d00012f8e7e","abys","55b3ba14e7e37f2cc0d67601","6a7b8b508b19e25aeb53c149","2026-08-11 16:54"
"leaque","6363f700f56937e0c19a9ea5","Daiiono","5fe17b0ef3881a000180878c","6a7b8aeb8b19e25aeb53c021","2026-08-11 16:55"
"Ades (YT)","694060fd0b5941c5cbe18cbf","Kuba","6744ee112d6c958a853b52a6","6a7b8ae8984d3edab667f1dc","2026-08-11 16:55"
"Batze","66264a9232424d7626d17d76","tryna be geeked","68261ad84859ebc8db2448a4","6a7b8ad18b19e25aeb53bfbe","2026-08-11 16:55"
"Thore Stach","60b2c6420390be00015e9fa1","Lster95","6875664f91065c0938397061","6a7b8a4e7972132348b122ea","2026-08-11 16:55"
"いぶりー ivly","6578df649b50a29c7d4112a0","M A D A R A","680ebd4ab8187db80148ff47","6a7b8b1b7972132348b1252a","2026-08-11 16:56"
"bodysfailing","69fd3dc20731483be6bd7038","Misiu Patysiu","68713ba58c49b2f1bf373e05","6a7b8bd6421398e897da9efa","2026-08-11 16:57"
"Eu Mamei Tver","698282326314d86a2a8c61e3","kober","67ad18a09e150413a5e6fa66","6a7b8b1e8b19e25aeb53c0b9","2026-08-11 16:57"
"Juagie","601b3f4047f927000155a753","zone","601d17c1d565030001440b8d","6a7b8b68421398e897da9df6","2026-08-11 16:58"
"bodysfailing","69fd3dc20731483be6bd7038","Misiu Patysiu","68713ba58c49b2f1bf373e05","6a7b8c71421398e897daa079","2026-08-11 16:58"
"tryna be geeked","68261ad84859ebc8db2448a4","Batze","66264a9232424d7626d17d76","6a7b8c218b19e25aeb53c39a","2026-08-11 16:58"
"Pirik","669e6134d95d857a27cbc0cd","abys","55b3ba14e7e37f2cc0d67601","6a7b8bc2766c68b9ac53cf31","2026-08-11 16:58"
"Pasord","6669c659ca16186b5a3dbc35","Gamer X","674cddb0dc12d4102c72e97a","6a7b8bd3421398e897da9ef2","2026-08-11 16:59"
"sk 愛","666b76089d20c1dd39ec810c","Daiiono","5fe17b0ef3881a000180878c","6a7b8bfe984d3edab667f45c","2026-08-11 17:00"
"Misiu Patysiu","68713ba58c49b2f1bf373e05","bodysfailing","69fd3dc20731483be6bd7038","6a7b8cca984d3edab667f5fc","2026-08-11 17:00"
"Avandy","60c3535133004c00010451a3","Kuba","6744ee112d6c958a853b52a6","6a7b8c4a8b19e25aeb53c410","2026-08-11 17:00"
"Shakazaramesh","5ef2945bbb96627c9ce5f63f","WeValueYourFeedback","666c9156dc30d0d163f505b5","6a7b8af87972132348b124bc","2026-08-11 17:00"
"tryna be geeked","68261ad84859ebc8db2448a4","Ades (YT)","694060fd0b5941c5cbe18cbf","6a7b8cd2421398e897daa1b3","2026-08-11 17:00"
"xenoxvx","656a6671f86dd57dbb5e2d65","Gangooo | Jan","5c692ddbfa7cd6698082d404","6a7b8ab38b19e25aeb53bf5a","2026-08-11 17:00"
"JH87","66dd876f7268383da37613b8","Rubber Dinghy Rapids Bro","5b1814ea59669593c4ce555b","6a7b8827766c68b9ac53c72d","2026-08-11 17:00"
"Robinhood","6238ed45585d3a1784ef7ef6","zone","601d17c1d565030001440b8d","6a7b8cc3cc207bcd4ca07b9f","2026-08-11 17:02"
"lol pop","622f101c589b350001a7ea5f","bakonysanchez69","6061d595010c4e000197240f","6a7b8bd9d55f1a0fb373bad6","2026-08-11 17:02"
"bodysfailing","69fd3dc20731483be6bd7038","Misiu Patysiu","68713ba58c49b2f1bf373e05","6a7b8d34766c68b9ac53d22b","2026-08-11 17:03"
"dudu","6202faaecee03000019ebc88","Batze","66264a9232424d7626d17d76","6a7b8d0c7972132348b129d7","2026-08-11 17:03"
"kober","67ad18a09e150413a5e6fa66","Eu Mamei Tver","698282326314d86a2a8c61e3","6a7b8c9a8b19e25aeb53c4f2","2026-08-11 17:03"
"Spinello44","642d9421b7220832b69e489f","M A D A R A","680ebd4ab8187db80148ff47","6a7b8c72421398e897daa07c","2026-08-11 17:04"
"teddy bear","66f081f2bf4b230a2fcb970c","tryna be geeked","68261ad84859ebc8db2448a4","6a7b8d7c7972132348b12b47","2026-08-11 17:04"
"JH87","66dd876f7268383da37613b8","Gangooo | Jan","5c692ddbfa7cd6698082d404","6a7b8d698b19e25aeb53c787","2026-08-11 17:04"
"Pandazan","632e19f3f0149e276027d38e","ThiiagooAC7","66a13c3e99166dab91896702","6a7b8d23d55f1a0fb373bd29","2026-08-11 17:04"
"Palmitas","69b33a815634cc416b9c7877","Ades (YT)","694060fd0b5941c5cbe18cbf","6a7b8d558b19e25aeb53c74b","2026-08-11 17:05"
"Avandy","60c3535133004c00010451a3","Daiiono","5fe17b0ef3881a000180878c","6a7b8d46421398e897daa2e9","2026-08-11 17:05"
"Kuba","6744ee112d6c958a853b52a6","Gorka1311","5a4e3f8057f1750a400a8050","6a7b8d38421398e897daa2c4","2026-08-11 17:05"
"supergaming","5dfe5cfd328e461c04d7fbf2","zone","601d17c1d565030001440b8d","6a7b8da4766c68b9ac53d339","2026-08-11 17:06"
"Pirik","669e6134d95d857a27cbc0cd","borat","65ff02695f2e011b4accd227","6a7b8cdb421398e897daa1c8","2026-08-11 17:06"
"Robinhood","6238ed45585d3a1784ef7ef6","hyourinmaru","663523ba8e313d3aa27852b0","6a7b8d998b19e25aeb53c83b","2026-08-11 17:07"
"dudu","6202faaecee03000019ebc88","bodysfailing","69fd3dc20731483be6bd7038","6a7b8dd6cc207bcd4ca07da1","2026-08-11 17:07"
"Misiu Patysiu","68713ba58c49b2f1bf373e05","Batze","66264a9232424d7626d17d76","6a7b8df17972132348b12c6a","2026-08-11 17:07"
"teddy bear","66f081f2bf4b230a2fcb970c","Gorka1311","5a4e3f8057f1750a400a8050","6a7b8e9b421398e897daa656","2026-08-11 17:07"
"bakonysanchez69","6061d595010c4e000197240f","Tottenhamwisps","60ad03a48b6e1d00012f8e7e","6a7b8dd384599903dd736c8d","2026-08-11 17:07"
"Eu Mamei Tver","698282326314d86a2a8c61e3","tryna be geeked","68261ad84859ebc8db2448a4","6a7b8e2d766c68b9ac53d434","2026-08-11 17:08"
"Avandy","60c3535133004c00010451a3","Kuba","6744ee112d6c958a853b52a6","6a7b8e8084599903dd736dda","2026-08-11 17:09"
"Eu Mamei Tver","698282326314d86a2a8c61e3","tryna be geeked","68261ad84859ebc8db2448a4","6a7b8e2d766c68b9ac53d434","2026-08-11 17:09"
"tryna be geeked","68261ad84859ebc8db2448a4","Kuba","6744ee112d6c958a853b52a6","6a7b8f588b19e25aeb53cd44","2026-08-11 17:10"
"wichura240","68767692157557d5c76a0ab6","teddy bear","66f081f2bf4b230a2fcb970c","6a7b8f2e7972132348b12f5d","2026-08-11 17:10"
"Robinhood","6238ed45585d3a1784ef7ef6","hyourinmaru","663523ba8e313d3aa27852b0","6a7b8f5c8b19e25aeb53cd53","2026-08-11 17:11"
"Flubbersticks","69387a54dc6fdd9da05c91cd","Jake Alu Lover","6204407beb9dfe0001432993","6a7b8f1b7972132348b12f32","2026-08-11 17:11"
"Ades (YT)","694060fd0b5941c5cbe18cbf","Pasord","6669c659ca16186b5a3dbc35","6a7b8e588b19e25aeb53ca65","2026-08-11 17:12"
"Gorka1311","5a4e3f8057f1750a400a8050","Batze","66264a9232424d7626d17d76","6a7b8ef884599903dd736ea4","2026-08-11 17:12"
"Eu Mamei Tver","698282326314d86a2a8c61e3","teddy bear","66f081f2bf4b230a2fcb970c","6a7b8f34cc207bcd4ca07fe1","2026-08-11 17:13"
"tryna be geeked","68261ad84859ebc8db2448a4","Avandy","60c3535133004c00010451a3","6a7b8f9e7972132348b130b7","2026-08-11 17:13"
"kober","67ad18a09e150413a5e6fa66","Kuba","6744ee112d6c958a853b52a6","6a7b8fb9421398e897daa8ee","2026-08-11 17:13"
"Lster95","6875664f91065c0938397061","lol pop","622f101c589b350001a7ea5f","6a7b8e277972132348b12cdf","2026-08-11 17:13"
"hyourinmaru","663523ba8e313d3aa27852b0","Robinhood","6238ed45585d3a1784ef7ef6","6a7b8fe07972132348b1315b","2026-08-11 17:14"
"Kuba","6744ee112d6c958a853b52a6","Pasord","6669c659ca16186b5a3dbc35","6a7b902f7972132348b13207","2026-08-11 17:14"
"wichura240","68767692157557d5c76a0ab6","kober","67ad18a09e150413a5e6fa66","6a7b903c7972132348b13227","2026-08-11 17:15"
"Mathias","650a2d21361d5316c35b4efe","Misiu Patysiu","68713ba58c49b2f1bf373e05","6a7b8ff98b19e25aeb53cf0c","2026-08-11 17:16"
"Robinhood","6238ed45585d3a1784ef7ef6","hyourinmaru","663523ba8e313d3aa27852b0","6a7b907d7972132348b132d1","2026-08-11 17:17"
"Avandy","60c3535133004c00010451a3","tryna be geeked","68261ad84859ebc8db2448a4","6a7b90638b19e25aeb53d053","2026-08-11 17:17"
"Gorka1311","5a4e3f8057f1750a400a8050","placebo","66f44a3b843bc018a3e981c7","6a7b901b8b19e25aeb53cf76","2026-08-11 17:17"
"Eu Mamei Tver","698282326314d86a2a8c61e3","Kuba","6744ee112d6c958a853b52a6","6a7b9095421398e897daab86","2026-08-11 17:18"
"Surgut sand","5ec369eae7115241a4e75beb","kober","67ad18a09e150413a5e6fa66","6a7b90df421398e897daac2d","2026-08-11 17:18"
"tryna be geeked","68261ad84859ebc8db2448a4","Kuba","6744ee112d6c958a853b52a6","6a7b9156766c68b9ac53da6f","2026-08-11 17:19"
"Batze","66264a9232424d7626d17d76","lol pop","622f101c589b350001a7ea5f","6a7b906a421398e897daab13","2026-08-11 17:19"
"Pasord","6669c659ca16186b5a3dbc35","Pirik","669e6134d95d857a27cbc0cd","6a7b90968b19e25aeb53d0e1","2026-08-11 17:19"
"Lster95","6875664f91065c0938397061","DIFFK MISSED ABSOLUTEFILTHTV","5efe8645105829665ce0304a","6a7b9043421398e897daaa8b","2026-08-11 17:19"
"hyourinmaru","663523ba8e313d3aa27852b0","Robinhood","6238ed45585d3a1784ef7ef6","6a7b9151421398e897daad2a","2026-08-11 17:20"
"Palmitas","69b33a815634cc416b9c7877","Juagie","601b3f4047f927000155a753","6a7b8f137972132348b12f1f","2026-08-11 17:20"
"Surgut sand","5ec369eae7115241a4e75beb","kober","67ad18a09e150413a5e6fa66","6a7b90df421398e897daac2d","2026-08-11 17:20"
"Avandy","60c3535133004c00010451a3","Misiu Patysiu","68713ba58c49b2f1bf373e05","6a7b911e766c68b9ac53da09","2026-08-11 17:21"
"bodysfailing","69fd3dc20731483be6bd7038","tryna be geeked","68261ad84859ebc8db2448a4","6a7b91c6cc207bcd4ca08494","2026-08-11 17:22"
"M A D A R A","680ebd4ab8187db80148ff47","DRUNK DRIVER","69891376c243ddfcd2284a1c","6a7b90f8984d3edab667ff34","2026-08-11 17:22"
"Batze","66264a9232424d7626d17d76","Lster95","6875664f91065c0938397061","6a7b91be7972132348b135dc","2026-08-11 17:23"
"Robinhood","6238ed45585d3a1784ef7ef6","vukGG","6384aef735180c664babf36e","6a7b91d0421398e897daae8a","2026-08-11 17:24"
"kober","67ad18a09e150413a5e6fa66","zach","621783eaab08b80001371858","6a7b91a3766c68b9ac53db20","2026-08-11 17:24"
"OakTree","617eb25d4e0e40000158968f","borat","65ff02695f2e011b4accd227","6a7b91a68b19e25aeb53d408","2026-08-11 17:24"
"Avandy","60c3535133004c00010451a3","Ades (YT)","694060fd0b5941c5cbe18cbf","6a7b925b7972132348b13792","2026-08-11 17:25"
"Robinhood","6238ed45585d3a1784ef7ef6","hyourinmaru","663523ba8e313d3aa27852b0","6a7b92c3421398e897dab143","2026-08-11 17:26"
"Eu Mamei Tver","698282326314d86a2a8c61e3","kriszh","5922abce1bba700c703b0c00","6a7b915c8b19e25aeb53d32a","2026-08-11 17:26"
"kober","67ad18a09e150413a5e6fa66","Kuba","6744ee112d6c958a853b52a6","6a7b91db984d3edab6680133","2026-08-11 17:26"
"Pasord","6669c659ca16186b5a3dbc35","Pirik","669e6134d95d857a27cbc0cd","6a7b91a17972132348b13589","2026-08-11 17:26"
"Ades (YT)","694060fd0b5941c5cbe18cbf","tryna be geeked","68261ad84859ebc8db2448a4","6a7b9317d55f1a0fb373c8ab","2026-08-11 17:27"
"Tottenhamwisps","60ad03a48b6e1d00012f8e7e","zach","621783eaab08b80001371858","6a7b92edb92aec0cfc6378f2","2026-08-11 17:27"
"Norbert","61b40084a8414400018d958a","Ades (YT)","694060fd0b5941c5cbe18cbf","6a7b9273421398e897dab05f","2026-08-11 17:29"
"lol pop","622f101c589b350001a7ea5f","#1 multiplier harvester 🫃","626fc4565f225f253556ea95","6a7b91f68b19e25aeb53d4bf","2026-08-11 17:29"
"M A D A R A","680ebd4ab8187db80148ff47","DRUNK DRIVER","69891376c243ddfcd2284a1c","6a7b927a8b19e25aeb53d66d","2026-08-11 17:29"
"hyourinmaru","663523ba8e313d3aa27852b0","Avandy","60c3535133004c00010451a3","6a7b93b67972132348b13b0e","2026-08-11 17:30"
"Batze","66264a9232424d7626d17d76","Lster95","6875664f91065c0938397061","6a7b92e28b19e25aeb53d7c5","2026-08-11 17:30"
"zach","621783eaab08b80001371858","tryna be geeked","68261ad84859ebc8db2448a4","6a7b93a78b19e25aeb53da03","2026-08-11 17:30"
"OakTree","617eb25d4e0e40000158968f","Pirik","669e6134d95d857a27cbc0cd","6a7b93728b19e25aeb53d962","2026-08-11 17:30"
"M A D A R A","680ebd4ab8187db80148ff47","DRUNK DRIVER","69891376c243ddfcd2284a1c","6a7b93f2d55f1a0fb373ca6c","2026-08-11 17:31"
"Robinhood","6238ed45585d3a1784ef7ef6","Clement","635c171d190621fb60d8bb08","6a7b9356421398e897dab2cb","2026-08-11 17:32"
"Palmitas","69b33a815634cc416b9c7877","Juagie","601b3f4047f927000155a753","6a7b9203d55f1a0fb373c661","2026-08-11 17:33"
"Eu Mamei Tver","698282326314d86a2a8c61e3","Kuba","6744ee112d6c958a853b52a6","6a7b9341cc207bcd4ca087cf","2026-08-11 17:33"
"tryna be geeked","68261ad84859ebc8db2448a4","zach","621783eaab08b80001371858","6a7b944b8b19e25aeb53dc3f","2026-08-11 17:33"
"kriszh","5922abce1bba700c703b0c00","Pasord","6669c659ca16186b5a3dbc35","6a7b9390421398e897dab38c","2026-08-11 17:33"
"Ades (YT)","694060fd0b5941c5cbe18cbf","lol pop","622f101c589b350001a7ea5f","6a7b94297972132348b13c2c","2026-08-11 17:34"
"hyourinmaru","663523ba8e313d3aa27852b0","Robinhood","6238ed45585d3a1784ef7ef6","6a7b94a47972132348b13da0","2026-08-11 17:35"
"Kuba","6744ee112d6c958a853b52a6","zach","621783eaab08b80001371858","6a7b94f1984d3edab6680909","2026-08-11 17:35"
"Zeblob","6424147d3a74e2377d8a65a7","Jeppsa","64394435c84d0d06e2ce5c81","6a7b8eb3421398e897daa699","2026-08-11 17:35"
"dudu","6202faaecee03000019ebc88","tryna be geeked","68261ad84859ebc8db2448a4","6a7b950b8b19e25aeb53dea2","2026-08-11 17:36"
"#1 multiplier harvester 🫃","626fc4565f225f253556ea95","Ades (YT)","694060fd0b5941c5cbe18cbf","6a7b9416766c68b9ac53e06b","2026-08-11 17:36"
"celownikwodny","664a46ec660949cf6274a231","Roe","6055960b68903a0001408d4a","6a7b94d38b19e25aeb53ddfc","2026-08-11 17:36"
"Pasord","6669c659ca16186b5a3dbc35","Alex the Flemish","67f6cf45ee5a22480bb09463","6a7b95058b19e25aeb53de8a","2026-08-11 17:37"
"Flying Matze","596539239a4f706a2c9cda09","Lster95","6875664f91065c0938397061","6a7b944384599903dd7378d1","2026-08-11 17:37"
"habesh","647734d056305f7bf5561a4e","Kilkum","61b228be008ec800015ff0a9","6a7b92b57972132348b13871","2026-08-11 17:38"
"M A D A R A","680ebd4ab8187db80148ff47","DRUNK DRIVER","69891376c243ddfcd2284a1c","6a7b94bf421398e897dab6b5","2026-08-11 17:38"
"Clement","635c171d190621fb60d8bb08","BarryTheBee","62be7867aa13616722f8dd4a","6a7b9541421398e897dab816","2026-08-11 17:39"
"dudu","6202faaecee03000019ebc88","tryna be geeked","68261ad84859ebc8db2448a4","6a7b95e2421398e897dab9fe","2026-08-11 17:39"
"dudu","6202faaecee03000019ebc88","tryna be geeked","68261ad84859ebc8db2448a4","6a7b95e2421398e897dab9fe","2026-08-11 17:39"
"Batze","66264a9232424d7626d17d76","OakTree","617eb25d4e0e40000158968f","6a7b95337972132348b13f36","2026-08-11 17:39"
"Taquito","65580b96c0276bfd86f36c05","Pirik","669e6134d95d857a27cbc0cd","6a7b9463984d3edab6680793","2026-08-11 17:39"
"Lster95","6875664f91065c0938397061","Scamardi","63b0735ceb2a92f7c98021da","6a7b95e98b19e25aeb53e184","2026-08-11 17:39"
"Ades (YT)","694060fd0b5941c5cbe18cbf","kober","67ad18a09e150413a5e6fa66","6a7b961a7972132348b141d4","2026-08-11 17:40"
"#1 multiplier harvester 🫃","626fc4565f225f253556ea95","celownikwodny","664a46ec660949cf6274a231","6a7b95d2421398e897dab9c4","2026-08-11 17:40"
"lol pop","622f101c589b350001a7ea5f","Kuba","6744ee112d6c958a853b52a6","6a7b95787972132348b13feb","2026-08-11 17:40"
"Robinhood","6238ed45585d3a1784ef7ef6","hyourinmaru","663523ba8e313d3aa27852b0","6a7b9576cc207bcd4ca08c30","2026-08-11 17:41"
"Kuba","6744ee112d6c958a853b52a6","tryna be geeked","68261ad84859ebc8db2448a4","6a7b96967972132348b1433e","2026-08-11 17:41"
"zach","621783eaab08b80001371858","geometry","6677323b8c4a3f875615805f","6a7b95918b19e25aeb53e064","2026-08-11 17:41"
"weucygkyhj","6a1b839fa537527ec94639b9","tryna be geeked","68261ad84859ebc8db2448a4","6a7b96ef8b19e25aeb53e4da","2026-08-11 17:42"
"kober","67ad18a09e150413a5e6fa66","Ades (YT)","694060fd0b5941c5cbe18cbf","6a7b96208b19e25aeb53e254","2026-08-11 17:42"
"OakTree","617eb25d4e0e40000158968f","Pna","6063bbbdf93f57000113fed0","6a7b9652421398e897dabbc3","2026-08-11 17:42"
"Robinhood","6238ed45585d3a1784ef7ef6","iNS4NE","596fcdabcf818c83482add39","6a7b96f2421398e897dabdbe","2026-08-11 17:44"
"#1 multiplier harvester 🫃","626fc4565f225f253556ea95","zach","621783eaab08b80001371858","6a7b96ce8b19e25aeb53e484","2026-08-11 17:44"
"tryna be geeked","68261ad84859ebc8db2448a4","niwai","63bcf9051465b5b236749d8f","6a7b9738421398e897dabe89","2026-08-11 17:45"
"Kuba","6744ee112d6c958a853b52a6","lol pop","622f101c589b350001a7ea5f","6a7b96f87972132348b1446c","2026-08-11 17:45"
"OakTree","617eb25d4e0e40000158968f","Pna","6063bbbdf93f57000113fed0","6a7b975e766c68b9ac53e812","2026-08-11 17:45"
"Ades (YT)","694060fd0b5941c5cbe18cbf","kober","67ad18a09e150413a5e6fa66","6a7b96a1984d3edab6680d30","2026-08-11 17:46"
"#1 multiplier harvester 🫃","626fc4565f225f253556ea95","zach","621783eaab08b80001371858","6a7b97928b19e25aeb53e731","2026-08-11 17:46"
"Pasord","6669c659ca16186b5a3dbc35","Batze","66264a9232424d7626d17d76","6a7b967c8b19e25aeb53e37e","2026-08-11 17:46"
"Clement","635c171d190621fb60d8bb08","BarryTheBee","62be7867aa13616722f8dd4a","6a7b96758b19e25aeb53e365","2026-08-11 17:47"
"dudu","6202faaecee03000019ebc88","Felix.svb","6856986bb22dea4ae40a3d22","6a7b96cd8b19e25aeb53e47f","2026-08-11 17:47"
"niwai","63bcf9051465b5b236749d8f","tryna be geeked","68261ad84859ebc8db2448a4","6a7b97b984599903dd7380fc","2026-08-11 17:47"
"Alex the Flemish","67f6cf45ee5a22480bb09463","elmaspro_666","694c89747e3c21f494443dc9","6a7b96048b19e25aeb53e1e4","2026-08-11 17:47"
"zach","621783eaab08b80001371858","elmaspro_666","694c89747e3c21f494443dc9","6a7b9842421398e897dac202","2026-08-11 17:48"
"Ades (YT)","694060fd0b5941c5cbe18cbf","kober","67ad18a09e150413a5e6fa66","6a7b97ef8b19e25aeb53e886","2026-08-11 17:49"
"#1 multiplier harvester 🫃","626fc4565f225f253556ea95","kober","67ad18a09e150413a5e6fa66","6a7b980f766c68b9ac53e9f7","2026-08-11 17:49"
"Ades (YT)","694060fd0b5941c5cbe18cbf","kober","67ad18a09e150413a5e6fa66","6a7b97ef8b19e25aeb53e886","2026-08-11 17:50"
"Henrik","5ffda066ad68a300017a45e1","tryna be geeked","68261ad84859ebc8db2448a4","6a7b98518b19e25aeb53e9c1","2026-08-11 17:50"
"zach","621783eaab08b80001371858","geometry","6677323b8c4a3f875615805f","6a7b9894421398e897dac2d8","2026-08-11 17:50"
"Robinhood","6238ed45585d3a1784ef7ef6","caribou","65b67a412c40703eebe95de7","6a7b9834421398e897dac1da","2026-08-11 17:51"
"hyourinmaru","663523ba8e313d3aa27852b0","iNS4NE","596fcdabcf818c83482add39","6a7b9776984d3edab6680f1f","2026-08-11 17:51"
"#1 multiplier harvester 🫃","626fc4565f225f253556ea95","kober","67ad18a09e150413a5e6fa66","6a7b98cf766c68b9ac53ebd8","2026-08-11 17:51"
"Flying Matze","596539239a4f706a2c9cda09","Lster95","6875664f91065c0938397061","6a7b980a421398e897dac136","2026-08-11 17:51"
"Norbert","61b40084a8414400018d958a","GGvuk","68481c2f555d94f766ef7fcc","6a7b96937972132348b14334","2026-08-11 17:52"
"Tottenhamwisps","60ad03a48b6e1d00012f8e7e","Kuba","6744ee112d6c958a853b52a6","6a7b97d4421398e897dac091","2026-08-11 17:52"
"tr","654bd5dfad693a62843361db","kober","67ad18a09e150413a5e6fa66","6a7b98d6421398e897dac394","2026-08-11 17:52"
"Palmitas","69b33a815634cc416b9c7877","sk 愛","666b76089d20c1dd39ec810c","6a7b98337972132348b14846","2026-08-11 17:53"
"teddy bear","66f081f2bf4b230a2fcb970c","Henrik","5ffda066ad68a300017a45e1","6a7b98ed7972132348b14a5f","2026-08-11 17:53"
"hyourinmaru","663523ba8e313d3aa27852b0","iNS4NE","596fcdabcf818c83482add39","6a7b99148b19e25aeb53ebf8","2026-08-11 17:54"
"dudu","6202faaecee03000019ebc88","niwai","63bcf9051465b5b236749d8f","6a7b9874984d3edab668120a","2026-08-11 17:54"
"Pasord","6669c659ca16186b5a3dbc35","Taquito","65580b96c0276bfd86f36c05","6a7b98297972132348b14822","2026-08-11 17:54"
"BarryTheBee","62be7867aa13616722f8dd4a","Felix.svb","6856986bb22dea4ae40a3d22","6a7b98a8766c68b9ac53eb73","2026-08-11 17:55"
"tryna be geeked","68261ad84859ebc8db2448a4","weucygkyhj","6a1b839fa537527ec94639b9","6a7b98de984d3edab66812f0","2026-08-11 17:55"
"kober","67ad18a09e150413a5e6fa66","Kuba","6744ee112d6c958a853b52a6","6a7b995d7972132348b14b57","2026-08-11 17:55"
"zach","621783eaab08b80001371858","#1 multiplier harvester 🫃","626fc4565f225f253556ea95","6a7b99408b19e25aeb53ec63","2026-08-11 17:55"
"Robinhood","6238ed45585d3a1784ef7ef6","Clement","635c171d190621fb60d8bb08","6a7b994b7972132348b14b2f","2026-08-11 17:56"
"Henrik","5ffda066ad68a300017a45e1","teddy bear","66f081f2bf4b230a2fcb970c","6a7b99b38b19e25aeb53edad","2026-08-11 17:56"
"#1 multiplier harvester 🫃","626fc4565f225f253556ea95","Kuba","6744ee112d6c958a853b52a6","6a7b9a0d8b19e25aeb53eef9","2026-08-11 17:57"
"M A D A R A","680ebd4ab8187db80148ff47","Pirik","669e6134d95d857a27cbc0cd","6a7b98cf421398e897dac387","2026-08-11 17:57"
"Norbert","61b40084a8414400018d958a","pav","5e67d59212777c2530253a95","6a7b99ef421398e897dac6c1","2026-08-11 17:58"
"Ades (YT)","694060fd0b5941c5cbe18cbf","kober","67ad18a09e150413a5e6fa66","6a7b9994421398e897dac591","2026-08-11 17:59"
"tryna be geeked","68261ad84859ebc8db2448a4","Henrik","5ffda066ad68a300017a45e1","6a7b9a4e8b19e25aeb53efd5","2026-08-11 17:59"
"Johannes","677da9a8bd76060fb7da7799","Thomas4183b","60194a73ccb73b00018edf77","6a7b959c421398e897dab91f","2026-08-11 17:59"
"#1 multiplier harvester 🫃","626fc4565f225f253556ea95","Yiğit Onur","628a020c86224535a595335f","6a7b9ac57972132348b14f6b","2026-08-11 18:00"
"Pasord","6669c659ca16186b5a3dbc35","niwai","63bcf9051465b5b236749d8f","6a7b99fc421398e897dac6e9","2026-08-11 18:00"
"Lster95","6875664f91065c0938397061","BubbMeister","577ef7b5813a4f985c9694c7","6a7b9a1c7972132348b14d82","2026-08-11 18:00"
"Robinhood","6238ed45585d3a1784ef7ef6","BarryTheBee","62be7867aa13616722f8dd4a","6a7b9a3c984d3edab6681631","2026-08-11 18:01"
"sk 愛","666b76089d20c1dd39ec810c","weucygkyhj","6a1b839fa537527ec94639b9","6a7b9a37984d3edab6681623","2026-08-11 18:01"
"M A D A R A","680ebd4ab8187db80148ff47","NayRoX","5782b0a04409600b7c59f1f9","6a7b9b1c421398e897daca0b","2026-08-11 18:01"
"Taquito","65580b96c0276bfd86f36c05","Cameron","569432f84c5491fd648f63bd","6a7b99de84599903dd73854f","2026-08-11 18:01"
"BarryTheBee","62be7867aa13616722f8dd4a","Robinhood","6238ed45585d3a1784ef7ef6","6a7b9b7c984d3edab66818f5","2026-08-11 18:02"
"iNS4NE","596fcdabcf818c83482add39","hyourinmaru","663523ba8e313d3aa27852b0","6a7b99fb421398e897dac6e3","2026-08-11 18:02"
"dudu","6202faaecee03000019ebc88","Jonas","661ad4c4073f663c21b57fe6","6a7b9aaf984d3edab668175e","2026-08-11 18:02"
"Henrik","5ffda066ad68a300017a45e1","Ades (YT)","694060fd0b5941c5cbe18cbf","6a7b9b48421398e897daca5e","2026-08-11 18:02"
"Jazzonne","638bcf412c734faf1bcce61e","kober","67ad18a09e150413a5e6fa66","6a7b9b138b19e25aeb53f23d","2026-08-11 18:02"
"Kuba","6744ee112d6c958a853b52a6","teddy bear","66f081f2bf4b230a2fcb970c","6a7b9ab2766c68b9ac53f053","2026-08-11 18:02"
"Pasord","6669c659ca16186b5a3dbc35","Yiğit Onur","628a020c86224535a595335f","6a7b9b65d55f1a0fb373da5f","2026-08-11 18:04"
"Kuba","6744ee112d6c958a853b52a6","Ades (YT)","694060fd0b5941c5cbe18cbf","6a7b9be1984d3edab66819c3","2026-08-11 18:04"
"Alex the Flemish","67f6cf45ee5a22480bb09463","Pna","6063bbbdf93f57000113fed0","6a7b9a8b8b19e25aeb53f0b7","2026-08-11 18:04"
"Taquito","65580b96c0276bfd86f36c05","Lster95","6875664f91065c0938397061","6a7b9b787972132348b15112","2026-08-11 18:04"
"Ades (YT)","694060fd0b5941c5cbe18cbf","Jonas","661ad4c4073f663c21b57fe6","6a7b9be7421398e897dacbe1","2026-08-11 18:05"
"kober","67ad18a09e150413a5e6fa66","geometry","6677323b8c4a3f875615805f","6a7b9bdf7972132348b151f2","2026-08-11 18:05"
"#1 multiplier harvester 🫃","626fc4565f225f253556ea95","M A D A R A","680ebd4ab8187db80148ff47","6a7b9b978b19e25aeb53f39d","2026-08-11 18:06"
"iNS4NE","596fcdabcf818c83482add39","hyourinmaru","663523ba8e313d3aa27852b0","6a7b9bbe8b19e25aeb53f404","2026-08-11 18:07"
"niwai","63bcf9051465b5b236749d8f","flipster22","5f172e581874328b38c066f7","6a7b9b2f84599903dd738829","2026-08-11 18:07"
"Kuba","6744ee112d6c958a853b52a6","Jazzonne","638bcf412c734faf1bcce61e","6a7b9c2f8b19e25aeb53f55b","2026-08-11 18:07"
"no loose ends","6a5d3186441c5a5a92510e3e","murq","63bb30cf053c1d8a758ce5e2","6a7b9c06421398e897dacc47","2026-08-11 18:08"
"Taquito","65580b96c0276bfd86f36c05","tr","654bd5dfad693a62843361db","6a7b9c618b19e25aeb53f5e8","2026-08-11 18:08"
"Leftist Leo 解放巴勒斯坦 🇵🇸 和","60d9c5536dac910001297d14","Kuba","6744ee112d6c958a853b52a6","6a7b9cfd8b19e25aeb53f7ba","2026-08-11 18:09"
"Robinhood","6238ed45585d3a1784ef7ef6","BarryTheBee","62be7867aa13616722f8dd4a","6a7b9bca8b19e25aeb53f42d","2026-08-11 18:10"
"pav","5e67d59212777c2530253a95","Palmitas","69b33a815634cc416b9c7877","6a7b9b57421398e897daca82","2026-08-11 18:10"
"Clement","635c171d190621fb60d8bb08","Felix.svb","6856986bb22dea4ae40a3d22","6a7b9aa5421398e897dac8ec","2026-08-11 18:11"
"iNS4NE","596fcdabcf818c83482add39","hyourinmaru","663523ba8e313d3aa27852b0","6a7b9ce43b0c2d64c7876809","2026-08-11 18:11"
"Jonas","661ad4c4073f663c21b57fe6","Ades (YT)","694060fd0b5941c5cbe18cbf","6a7b9c9b984d3edab6681b29","2026-08-11 18:11"
"Yiğit Onur","628a020c86224535a595335f","Pasord","6669c659ca16186b5a3dbc35","6a7b9c548b19e25aeb53f5c7","2026-08-11 18:11"
"Robinhood","6238ed45585d3a1784ef7ef6","BarryTheBee","62be7867aa13616722f8dd4a","6a7b9d8b421398e897dad067","2026-08-11 18:12"
"Norbert","61b40084a8414400018d958a","Johannes","677da9a8bd76060fb7da7799","6a7b9b9f7972132348b15157","2026-08-11 18:12"
"kober","67ad18a09e150413a5e6fa66","tr","654bd5dfad693a62843361db","6a7b9d968b19e25aeb53f9aa","2026-08-11 18:12"
"iNS4NE","596fcdabcf818c83482add39","hyourinmaru","663523ba8e313d3aa27852b0","6a7b9dc48b19e25aeb53fa21","2026-08-11 18:13"
"Jonas","661ad4c4073f663c21b57fe6","Ades (YT)","694060fd0b5941c5cbe18cbf","6a7b9ddf421398e897dad151","2026-08-11 18:13"
"kober","67ad18a09e150413a5e6fa66","tr","654bd5dfad693a62843361db","6a7b9d968b19e25aeb53f9aa","2026-08-11 18:13"
"Alex the Flemish","67f6cf45ee5a22480bb09463","Tottenhamwisps","60ad03a48b6e1d00012f8e7e","6a7b9cc9984d3edab6681bb5","2026-08-11 18:13"
"Taquito","65580b96c0276bfd86f36c05","Antigs","5fb70fb9e2c593000135b6e0","6a7b9d3a3b0c2d64c78768fa","2026-08-11 18:14"
"Haus","678bc95a847b56d5e0276463","Sam","5f762dd1b53fb70001d349a4","6a7b9a00421398e897dac6f8","2026-08-11 18:14"
"Robinhood","6238ed45585d3a1784ef7ef6","BarryTheBee","62be7867aa13616722f8dd4a","6a7b9e0a984d3edab6681e8d","2026-08-11 18:15"
"pav","5e67d59212777c2530253a95","Norbert","61b40084a8414400018d958a","6a7b9e1b421398e897dad1ef","2026-08-11 18:15"
"Jonas","661ad4c4073f663c21b57fe6","Рома","5bc9f3921f3cf81af80cfa72","6a7b9e648b19e25aeb53fc07","2026-08-11 18:15"
"Pasord","6669c659ca16186b5a3dbc35","Yiğit Onur","628a020c86224535a595335f","6a7b9deb8b19e25aeb53fa9e","2026-08-11 18:15"
"Jazzonne","638bcf412c734faf1bcce61e","niwai","63bcf9051465b5b236749d8f","6a7b9d07766c68b9ac53f50f","2026-08-11 18:15"
"GGvuk","68481c2f555d94f766ef7fcc","H@rrow","6708bfa0500a403951aa6cee","6a7b99c68b19e25aeb53edde","2026-08-11 18:15"
"Johannes","677da9a8bd76060fb7da7799","Patrickvanpaul","5ff4a6cb612052000195aed4","6a7b9e1b8b19e25aeb53fb47","2026-08-11 18:16"
"hyourinmaru","663523ba8e313d3aa27852b0","Jonas","661ad4c4073f663c21b57fe6","6a7b9ec6fd085545166590bf","2026-08-11 18:17"
"Kuba","6744ee112d6c958a853b52a6","Ades (YT)","694060fd0b5941c5cbe18cbf","6a7b9e4f421398e897dad292","2026-08-11 18:17"
"tr","654bd5dfad693a62843361db","Leftist Leo 解放巴勒斯坦 🇵🇸 和","60d9c5536dac910001297d14","6a7b9e2b8b19e25aeb53fb75","2026-08-11 18:17"
"BarryTheBee","62be7867aa13616722f8dd4a","Robinhood","6238ed45585d3a1784ef7ef6","6a7b9ed98b19e25aeb53fd43","2026-08-11 18:18"
"hyourinmaru","663523ba8e313d3aa27852b0","Jonas","661ad4c4073f663c21b57fe6","6a7b9f79421398e897dad615","2026-08-11 18:20"
"tendog","5a939ca4ef196f9c24d167a6","daes","603a39d190c95200017e30a2","6a7b9d637972132348b155f8","2026-08-11 18:20"
"Clement","635c171d190621fb60d8bb08","iNS4NE","596fcdabcf818c83482add39","6a7b9e61766c68b9ac53f839","2026-08-11 18:21"
"Yiğit Onur","628a020c86224535a595335f","Pasord","6669c659ca16186b5a3dbc35","6a7b9ebb8b19e25aeb53fcfc","2026-08-11 18:21"
"M A D A R A","680ebd4ab8187db80148ff47","Soos","5beb0e9a9f90a86d0801a5fb","6a7b9deb421398e897dad15d","2026-08-11 18:21"
"BarryTheBee","62be7867aa13616722f8dd4a","Robinhood","6238ed45585d3a1784ef7ef6","6a7b9f98421398e897dad66e","2026-08-11 18:22"
"mii3en","66159d055967919df66cf9c0","Leftist Leo 解放巴勒斯坦 🇵🇸 和","60d9c5536dac910001297d14","6a7b9f64421398e897dad5d8","2026-08-11 18:22"
"Kuba","6744ee112d6c958a853b52a6","Рома","5bc9f3921f3cf81af80cfa72","6a7b9f45984d3edab66821b3","2026-08-11 18:22"
"Jonas","661ad4c4073f663c21b57fe6","Lubec","5e974c906ea510372c1e444a","6a7b9fe9421398e897dad734","2026-08-11 18:23"
"Palmitas","69b33a815634cc416b9c7877","pav","5e67d59212777c2530253a95","6a7b9ee3d55f1a0fb373e143","2026-08-11 18:24"
"hyourinmaru","663523ba8e313d3aa27852b0","iNS4NE","596fcdabcf818c83482add39","6a7ba032766c68b9ac53fce7","2026-08-11 18:25"
"Tottenhamwisps","60ad03a48b6e1d00012f8e7e","Kome.jpeg","5bbdcfab2c01735208565bce","6a7b9ea77972132348b15981","2026-08-11 18:25"
"kober","67ad18a09e150413a5e6fa66","Leftist Leo 解放巴勒斯坦 🇵🇸 和","60d9c5536dac910001297d14","6a7ba07f984d3edab6682529","2026-08-11 18:26"
"Antigs","5fb70fb9e2c593000135b6e0","Alex the Flemish","67f6cf45ee5a22480bb09463","6a7b9ee2421398e897dad419","2026-08-11 18:26"
"Kuba","6744ee112d6c958a853b52a6","Yiğit Onur","628a020c86224535a595335f","6a7ba064984d3edab66824f3","2026-08-11 18:27"
"Robinhood","6238ed45585d3a1784ef7ef6","BarryTheBee","62be7867aa13616722f8dd4a","6a7ba08b8b19e25aeb5402c2","2026-08-11 18:28"
"Рома","5bc9f3921f3cf81af80cfa72","M A D A R A","680ebd4ab8187db80148ff47","6a7ba0af421398e897dad98e","2026-08-11 18:28"
"Ling","653d58ea4044fc276f407e75","Lubec","5e974c906ea510372c1e444a","6a7ba1497972132348b1612a","2026-08-11 18:29"
"hyourinmaru","663523ba8e313d3aa27852b0","iNS4NE","596fcdabcf818c83482add39","6a7ba120421398e897dadac1","2026-08-11 18:30"
"mii3en","66159d055967919df66cf9c0","kober","67ad18a09e150413a5e6fa66","6a7ba0828b19e25aeb5402a7","2026-08-11 18:30"
"Robinhood","6238ed45585d3a1784ef7ef6","Ling","653d58ea4044fc276f407e75","6a7ba233421398e897daddc9","2026-08-11 18:32"
"Jonas","661ad4c4073f663c21b57fe6","落汤鸡","675ee56fd2220e44dea68a81","6a7ba2048b19e25aeb5406eb","2026-08-11 18:32"
"Kuba","6744ee112d6c958a853b52a6","Antigs","5fb70fb9e2c593000135b6e0","6a7ba19c7972132348b161f7","2026-08-11 18:32"
"M A D A R A","680ebd4ab8187db80148ff47","Soos","5beb0e9a9f90a86d0801a5fb","6a7ba1d88b19e25aeb54064d","2026-08-11 18:32"
"Alex the Flemish","67f6cf45ee5a22480bb09463","Рома","5bc9f3921f3cf81af80cfa72","6a7ba1f7766c68b9ac54012c","2026-08-11 18:33"
"GGvuk","68481c2f555d94f766ef7fcc","niwai","63bcf9051465b5b236749d8f","6a7b9ee5421398e897dad424","2026-08-11 18:34"
"kober","67ad18a09e150413a5e6fa66","mii3en","66159d055967919df66cf9c0","6a7ba28c8b19e25aeb54084d","2026-08-11 18:35"
"iNS4NE","596fcdabcf818c83482add39","hyourinmaru","663523ba8e313d3aa27852b0","6a7ba23a766c68b9ac5401f0","2026-08-11 18:36"
"Imigrant z Łodzi","6a00e99f661962ad193eb3cc","M A D A R A","680ebd4ab8187db80148ff47","6a7ba2b5421398e897dadf00","2026-08-11 18:36"
"niwai","63bcf9051465b5b236749d8f","kober","67ad18a09e150413a5e6fa66","6a7ba341984d3edab6682c09","2026-08-11 18:37"
"Jonas","661ad4c4073f663c21b57fe6","EmmaTheEel","63a87fb6607e3e4aa65962a6","6a7ba2c98b19e25aeb5408f1","2026-08-11 18:38"
"Stella/chat off","63e1b563ec5549833a008296","Kuba","6744ee112d6c958a853b52a6","6a7ba2bf7972132348b1653a","2026-08-11 18:38"
"Antigs","5fb70fb9e2c593000135b6e0","Kome.jpeg","5bbdcfab2c01735208565bce","6a7ba2e3766c68b9ac540361","2026-08-11 18:38"
"pav","5e67d59212777c2530253a95","Palmitas","69b33a815634cc416b9c7877","6a7ba2048b19e25aeb5406e8","2026-08-11 18:39"
"Imigrant z Łodzi","6a00e99f661962ad193eb3cc","Pna","6063bbbdf93f57000113fed0","6a7ba3aa984d3edab6682cfb","2026-08-11 18:39"
"Belkasss","635e9d4d645fd70a6fa1ffa6","Pirik","669e6134d95d857a27cbc0cd","6a7ba3a18b19e25aeb540b58","2026-08-11 18:40"
"Robinhood","6238ed45585d3a1784ef7ef6","CoastalTundra844","69ce7e5d0326086782b8bb1c","6a7ba3508b19e25aeb540a8b","2026-08-11 18:41"
"Kuba","6744ee112d6c958a853b52a6","Stella/chat off","63e1b563ec5549833a008296","6a7ba46b984d3edab6682eab","2026-08-11 18:41"
"Alex the Flemish","67f6cf45ee5a22480bb09463","PapaMacdus","6667d837d40195a479dc95b8","6a7ba335766c68b9ac540400","2026-08-11 18:41"
"hyourinmaru","663523ba8e313d3aa27852b0","Ling","653d58ea4044fc276f407e75","6a7ba3d7984d3edab6682d42","2026-08-11 18:42"
"Sabahnakhet","6a543ba7ed02c0562a0804e4","Tommeke90_9","6228e62e9b1e0a00011dd413","6a7ba3638b19e25aeb540abb","2026-08-11 18:42"
"Norbert","61b40084a8414400018d958a","落汤鸡","675ee56fd2220e44dea68a81","6a7ba2bb8b19e25aeb5408cb","2026-08-11 18:43"
"mii3en","66159d055967919df66cf9c0","iNS4NE","596fcdabcf818c83482add39","6a7ba4248b19e25aeb540cd0","2026-08-11 18:43"
"Robinhood","6238ed45585d3a1784ef7ef6","Saul Goodman","6227a4f847c82f000140417c","6a7ba521421398e897dae53b","2026-08-11 18:44"
"Kilkum","61b228be008ec800015ff0a9","looer_h","627823ed8874df9dd7c83fae","6a7ba4bf984d3edab6682f5b","2026-08-11 18:44"
"Antigs","5fb70fb9e2c593000135b6e0","M A D A R A","680ebd4ab8187db80148ff47","6a7ba42d8b19e25aeb540cf6","2026-08-11 18:44"
"Palmitas","69b33a815634cc416b9c7877","Jonas","661ad4c4073f663c21b57fe6","6a7ba4d87972132348b16acd","2026-08-11 18:45"
"kober","67ad18a09e150413a5e6fa66","a-you","5e93a3443d4b6a5af4f11b0b","6a7ba549863bceb67272c044","2026-08-11 18:45"
"hyourinmaru","663523ba8e313d3aa27852b0","Ling","653d58ea4044fc276f407e75","6a7ba545421398e897dae5a9","2026-08-11 18:46"
"Kuba","6744ee112d6c958a853b52a6","Stella/chat off","63e1b563ec5549833a008296","6a7ba502421398e897dae4e6","2026-08-11 18:46"
"Sabahnakhet","6a543ba7ed02c0562a0804e4","benn_daviess","6707d7de466f47a6e9a2aeaa","6a7ba52f421398e897dae565","2026-08-11 18:46"
"PapaMacdus","6667d837d40195a479dc95b8","Pirik","669e6134d95d857a27cbc0cd","6a7ba528421398e897dae54e","2026-08-11 18:46"
"Haus","678bc95a847b56d5e0276463","Timbo","6352c05ddc57c324dba7d12f","6a7ba1a08b19e25aeb54059e","2026-08-11 18:46"
"kober","67ad18a09e150413a5e6fa66","Kuba","6744ee112d6c958a853b52a6","6a7ba603766c68b9ac540a88","2026-08-11 18:48"
"xZenith","6846d165a3008977fe607ade","Jonas","661ad4c4073f663c21b57fe6","6a7ba5f58b19e25aeb5411ff","2026-08-11 18:49"
"落汤鸡","675ee56fd2220e44dea68a81","looer_h","627823ed8874df9dd7c83fae","6a7ba5b38b19e25aeb541138","2026-08-11 18:49"
"Imigrant z Łodzi","6a00e99f661962ad193eb3cc","Lottta","6019a1a4665de0000144339d","6a7ba5e4984d3edab668321e","2026-08-11 18:49"
"Saul Goodman","6227a4f847c82f000140417c","Robinhood","6238ed45585d3a1784ef7ef6","6a7ba588421398e897dae660","2026-08-11 18:50"
"Feleti Penitala Teo","604a67e702e32a000195a11e","Palmitas","69b33a815634cc416b9c7877","6a7ba696984d3edab6683417","2026-08-11 18:51"
"Kuba","6744ee112d6c958a853b52a6","Stella/chat off","63e1b563ec5549833a008296","6a7ba685421398e897dae930","2026-08-11 18:51"
"Sabahnakhet","6a543ba7ed02c0562a0804e4","Benmrosenblatt","5df011abe2c0058c74c9ff81","6a7ba62f8b19e25aeb5412c6","2026-08-11 18:51"
"iNS4NE","596fcdabcf818c83482add39","caribou","65b67a412c40703eebe95de7","6a7ba5d97972132348b16d6d","2026-08-11 18:52"
"xZenith","6846d165a3008977fe607ade","Jonas","661ad4c4073f663c21b57fe6","6a7ba6d3421398e897dae9dd","2026-08-11 18:52"
"Antigs","5fb70fb9e2c593000135b6e0","M A D A R A","680ebd4ab8187db80148ff47","6a7ba5ba7972132348b16d10","2026-08-11 18:52"
"hyourinmaru","663523ba8e313d3aa27852b0","Ling","653d58ea4044fc276f407e75","6a7ba62d984d3edab668331f","2026-08-11 18:53"
"Feleti Penitala Teo","604a67e702e32a000195a11e","Kuba","6744ee112d6c958a853b52a6","6a7ba75e8b19e25aeb54167b","2026-08-11 18:54"
"kober","67ad18a09e150413a5e6fa66","落汤鸡","675ee56fd2220e44dea68a81","6a7ba6e6421398e897daea1b","2026-08-11 18:54"
"Lottta","6019a1a4665de0000144339d","Motzki","681b6ea331657cd8223a7320","6a7ba71b766c68b9ac540cf1","2026-08-11 18:54"
"Imigrant z Łodzi","6a00e99f661962ad193eb3cc","looer_h","627823ed8874df9dd7c83fae","6a7ba6da8b19e25aeb5414bb","2026-08-11 18:54"
"adfost8","69a01d1686149729b03dd5c7","PingiPuck","59c23b63572f0e4c689a467b","6a7ba5827972132348b16c82","2026-08-11 18:54"
"Saul Goodman","6227a4f847c82f000140417c","Robinhood","6238ed45585d3a1784ef7ef6","6a7ba7027972132348b17063","2026-08-11 18:55"
"Pasord","6669c659ca16186b5a3dbc35","Stella/chat off","63e1b563ec5549833a008296","6a7ba7bd7972132348b1729d","2026-08-11 18:56"
"xZenith","6846d165a3008977fe607ade","Jonas","661ad4c4073f663c21b57fe6","6a7ba77c7972132348b171aa","2026-08-11 18:57"
"GGvuk","68481c2f555d94f766ef7fcc","niwai","63bcf9051465b5b236749d8f","6a7ba3f37972132348b1687e","2026-08-11 18:57"
"Imigrant z Łodzi","6a00e99f661962ad193eb3cc","looer_h","627823ed8874df9dd7c83fae","6a7ba7d9766c68b9ac540e9d","2026-08-11 18:57"
"Saul Goodman","6227a4f847c82f000140417c","Robinhood","6238ed45585d3a1784ef7ef6","6a7ba8448b19e25aeb5418fb","2026-08-11 18:58"
"Kuba","6744ee112d6c958a853b52a6","Ziga","5f864ab232173400011bd862","6a7ba807984d3edab668379e","2026-08-11 18:58"
"Sabahnakhet","6a543ba7ed02c0562a0804e4","Rainbolt","672893595e04f5a05333c4b4","6a7ba735984d3edab6683553","2026-08-11 18:58"
"Palmitas","69b33a815634cc416b9c7877","iNS4NE","596fcdabcf818c83482add39","6a7ba7c68b19e25aeb5417e8","2026-08-11 18:59"
"xZenith","6846d165a3008977fe607ade","Jonas","661ad4c4073f663c21b57fe6","6a7ba8a9984d3edab66838f3","2026-08-11 19:00"
"落汤鸡","675ee56fd2220e44dea68a81","Feleti Penitala Teo","604a67e702e32a000195a11e","6a7ba817421398e897daed51","2026-08-11 19:00"
"kober","67ad18a09e150413a5e6fa66","zach","621783eaab08b80001371858","6a7ba87b7972132348b17442","2026-08-11 19:01"
"Sabahnakhet","6a543ba7ed02c0562a0804e4","Natan","671645bd357cfa0aafeaadc4","6a7ba8f1421398e897daef65","2026-08-11 19:01"
"Saul Goodman","6227a4f847c82f000140417c","Robinhood","6238ed45585d3a1784ef7ef6","6a7ba8d38b19e25aeb541a3f","2026-08-11 19:02"
"Ling","653d58ea4044fc276f407e75","xZenith","6846d165a3008977fe607ade","6a7ba941421398e897daf032","2026-08-11 19:02"
"Kuba","6744ee112d6c958a853b52a6","looer_h","627823ed8874df9dd7c83fae","6a7ba908421398e897daef9e","2026-08-11 19:02"
"Lottta","6019a1a4665de0000144339d","Pasord","6669c659ca16186b5a3dbc35","6a7ba870421398e897daee35","2026-08-11 19:04"
"Robinhood","6238ed45585d3a1784ef7ef6","Saul Goodman","6227a4f847c82f000140417c","6a7ba9d97972132348b17759","2026-08-11 19:05"
"Ling","653d58ea4044fc276f407e75","kober","67ad18a09e150413a5e6fa66","6a7baa1a421398e897daf246","2026-08-11 19:05"
"xZenith","6846d165a3008977fe607ade","Jonas","661ad4c4073f663c21b57fe6","6a7ba9c8421398e897daf16f","2026-08-11 19:05"
"niwai","63bcf9051465b5b236749d8f","Stella/chat off","63e1b563ec5549833a008296","6a7ba8b6421398e897daeed3","2026-08-11 19:05"
"zach","621783eaab08b80001371858","Leftist Leo 解放巴勒斯坦 🇵🇸 和","60d9c5536dac910001297d14","6a7ba9dc7972132348b17762","2026-08-11 19:05"
"Mathias","650a2d21361d5316c35b4efe","Kuba","6744ee112d6c958a853b52a6","6a7ba9e78b19e25aeb541cae","2026-08-11 19:06"
"xZenith","6846d165a3008977fe607ade","Jonas","661ad4c4073f663c21b57fe6","6a7baa81984d3edab6683cd8","2026-08-11 19:07"
"Feleti Penitala Teo","604a67e702e32a000195a11e","[TNT] Myron","62d32ffc3377959be9ae670b","6a7ba9837972132348b17688","2026-08-11 19:07"
"Bazreia","596014fbf97df993145b15d0","Stella/chat off","63e1b563ec5549833a008296","6a7baaa2421398e897daf37a","2026-08-11 19:07"
"Palmitas","69b33a815634cc416b9c7877","iNS4NE","596fcdabcf818c83482add39","6a7ba920421398e897daefef","2026-08-11 19:08"
"kober","67ad18a09e150413a5e6fa66","Vader43","62490726757cbf189f839261","6a7baa8f8b19e25aeb541e63","2026-08-11 19:08"
"Sabahnakhet","6a543ba7ed02c0562a0804e4","Tommeke90_9","6228e62e9b1e0a00011dd413","6a7ba9e57972132348b17771","2026-08-11 19:08"
"Sabahnakhet","6a543ba7ed02c0562a0804e4","GeoGuedes14","69ca918fba5e4dfe68ea1fe9","6a7bab3e8b19e25aeb542003","2026-08-11 19:09"
"looer_h","627823ed8874df9dd7c83fae","Pirik","669e6134d95d857a27cbc0cd","6a7baad7421398e897daf3e8","2026-08-11 19:09"
"Saul Goodman","6227a4f847c82f000140417c","Robinhood","6238ed45585d3a1784ef7ef6","6a7baa6a8b19e25aeb541de7","2026-08-11 19:10"
"xZenith","6846d165a3008977fe607ade","Feleti Penitala Teo","604a67e702e32a000195a11e","6a7baae27972132348b179d6","2026-08-11 19:10"
"Kuba","6744ee112d6c958a853b52a6","Lottta","6019a1a4665de0000144339d","6a7baab38b19e25aeb541ec3","2026-08-11 19:10"
"Horizon","66451451a5194c721aa8a094","zach","621783eaab08b80001371858","6a7baaa88b19e25aeb541ea8","2026-08-11 19:10"
"niwai","63bcf9051465b5b236749d8f","Leftist Leo 解放巴勒斯坦 🇵🇸 和","60d9c5536dac910001297d14","6a7baaa08b19e25aeb541e95","2026-08-11 19:11"
"Saul Goodman","6227a4f847c82f000140417c","Robinhood","6238ed45585d3a1784ef7ef6","6a7babc9421398e897daf69c","2026-08-11 19:13"
"Ling","653d58ea4044fc276f407e75","iNS4NE","596fcdabcf818c83482add39","6a7bab3f8b19e25aeb542007","2026-08-11 19:13"
"Jonas","661ad4c4073f663c21b57fe6","kober","67ad18a09e150413a5e6fa66","6a7babb68b19e25aeb542131","2026-08-11 19:13"
"Kuba","6744ee112d6c958a853b52a6","zach","621783eaab08b80001371858","6a7babdb421398e897daf6d5","2026-08-11 19:13"
"niwai","63bcf9051465b5b236749d8f","Leftist Leo 解放巴勒斯坦 🇵🇸 和","60d9c5536dac910001297d14","6a7babed8b19e25aeb5421e5","2026-08-11 19:13"
"Jazzonne","638bcf412c734faf1bcce61e","[TNT] Myron","62d32ffc3377959be9ae670b","6a7baae27972132348b179d5","2026-08-11 19:14"
"Feleti Penitala Teo","604a67e702e32a000195a11e","xZenith","6846d165a3008977fe607ade","6a7babc9421398e897daf69d","2026-08-11 19:15"
"manuelson","5eff753e4fc56993542703a7","Mathias","650a2d21361d5316c35b4efe","6a7bab718b19e25aeb542083","2026-08-11 19:16"
"Leftist Leo 解放巴勒斯坦 🇵🇸 和","60d9c5536dac910001297d14","zach","621783eaab08b80001371858","6a7bac85766c68b9ac541833","2026-08-11 19:16"
"Sabahnakhet","6a543ba7ed02c0562a0804e4","babymil","69c071e188740726446cdc13","6a7bab953b0c2d64c78786b5","2026-08-11 19:16"
"kober","67ad18a09e150413a5e6fa66","Kuba","6744ee112d6c958a853b52a6","6a7bac7f8b19e25aeb542327","2026-08-11 19:17"
"[TNT] Myron","62d32ffc3377959be9ae670b","Jonas","661ad4c4073f663c21b57fe6","6a7bac9c984d3edab66840e7","2026-08-11 19:17"
"Jazzonne","638bcf412c734faf1bcce61e","Vader43","62490726757cbf189f839261","6a7bacd6766c68b9ac5418c6","2026-08-11 19:17"
"Saul Goodman","6227a4f847c82f000140417c","Robinhood","6238ed45585d3a1784ef7ef6","6a7bac817972132348b17dd0","2026-08-11 19:18"
"iNS4NE","596fcdabcf818c83482add39","Ling","653d58ea4044fc276f407e75","6a7bac89766c68b9ac54183c","2026-08-11 19:18"
"Lottta","6019a1a4665de0000144339d","Velogeo","607b4fd0132f8300012354f4","6a7babe6421398e897daf6f1","2026-08-11 19:18"
"Feleti Penitala Teo","604a67e702e32a000195a11e","xZenith","6846d165a3008977fe607ade","6a7bad078b19e25aeb542468","2026-08-11 19:19"
"Mathias","650a2d21361d5316c35b4efe","Kuba","6744ee112d6c958a853b52a6","6a7bad5b8b19e25aeb542526","2026-08-11 19:20"
"Leftist Leo 解放巴勒斯坦 🇵🇸 和","60d9c5536dac910001297d14","zach","621783eaab08b80001371858","6a7bad288b19e25aeb5424b8","2026-08-11 19:20"
"Robinhood","6238ed45585d3a1784ef7ef6","iNS4NE","596fcdabcf818c83482add39","6a7bad858b19e25aeb5425d7","2026-08-11 19:21"
"Vader43","62490726757cbf189f839261","Jazzonne","638bcf412c734faf1bcce61e","6a7bad887972132348b18061","2026-08-11 19:21"
"xZenith","6846d165a3008977fe607ade","kober","67ad18a09e150413a5e6fa66","6a7bade38b19e25aeb5426ca","2026-08-11 19:22"
"Feleti Penitala Teo","604a67e702e32a000195a11e","Ling","653d58ea4044fc276f407e75","6a7badc9984d3edab66843e3","2026-08-11 19:22"
"GGvuk","68481c2f555d94f766ef7fcc","Ziga","5f864ab232173400011bd862","6a7ba93b984d3edab6683a31","2026-08-11 19:22"
"zach","621783eaab08b80001371858","Curioso","67d45818e116b8cd2a7e2713","6a7bae2e984d3edab66844d2","2026-08-11 19:22"
"Pirik","669e6134d95d857a27cbc0cd","looer_h","627823ed8874df9dd7c83fae","6a7bacde7972132348b17eb6","2026-08-11 19:22"
"Jazzonne","638bcf412c734faf1bcce61e","Vader43","62490726757cbf189f839261","6a7bae3b766c68b9ac541bbf","2026-08-11 19:23"
"Sabahnakhet","6a543ba7ed02c0562a0804e4","namamug1namagomenamatamag0","6a0f00449e69529aa30c1bda","6a7bad278b19e25aeb5424b2","2026-08-11 19:24"
"Robinhood","6238ed45585d3a1784ef7ef6","Feleti Penitala Teo","604a67e702e32a000195a11e","6a7baecc8b19e25aeb542918","2026-08-11 19:25"
"[TNT] Myron","62d32ffc3377959be9ae670b","Jonas","661ad4c4073f663c21b57fe6","6a7bad65984d3edab668429d","2026-08-11 19:25"
"Ling","653d58ea4044fc276f407e75","xZenith","6846d165a3008977fe607ade","6a7bae8c8b19e25aeb542866","2026-08-11 19:26"
"kober","67ad18a09e150413a5e6fa66","zach","621783eaab08b80001371858","6a7baeaf984d3edab6684616","2026-08-11 19:26"
"Leftist Leo 解放巴勒斯坦 🇵🇸 和","60d9c5536dac910001297d14","Kuba","6744ee112d6c958a853b52a6","6a7bae1c7972132348b181f5","2026-08-11 19:26"
"[TNT] Myron","62d32ffc3377959be9ae670b","Feleti Penitala Teo","604a67e702e32a000195a11e","6a7baf5c7972132348b18596","2026-08-11 19:28"
"Ziga","5f864ab232173400011bd862","Mathias","650a2d21361d5316c35b4efe","6a7baea77972132348b18364","2026-08-11 19:28"
"Vader43","62490726757cbf189f839261","qeezy new acc","6033a16edb1db5000118e2c0","6a7baf34766c68b9ac541ddc","2026-08-11 19:28"
"Sabahnakhet","6a543ba7ed02c0562a0804e4","Agent Y","6a3571525f3ff8270c112c63","6a7baf1d766c68b9ac541da8","2026-08-11 19:28"
"Kuba","6744ee112d6c958a853b52a6","kober","67ad18a09e150413a5e6fa66","6a7bafa6984d3edab66848bb","2026-08-11 19:29"
"manuelson","5eff753e4fc56993542703a7","sk 愛","666b76089d20c1dd39ec810c","6a7badcd7972132348b1813e","2026-08-11 19:30"
"zach","621783eaab08b80001371858","geometry","6677323b8c4a3f875615805f","6a7baf567972132348b18589","2026-08-11 19:30"
"looer_h","627823ed8874df9dd7c83fae","Mahie","5e8edb2b3d4b6a6580c4a80e","6a7bae9e7972132348b18352","2026-08-11 19:31"
"Mathias","650a2d21361d5316c35b4efe","Kuba","6744ee112d6c958a853b52a6","6a7bb02c984d3edab6684a08","2026-08-11 19:32"
"Feleti Penitala Teo","604a67e702e32a000195a11e","[TNT] Myron","62d32ffc3377959be9ae670b","6a7bb0147972132348b187e0","2026-08-11 19:33"
"[FatSnail] SavetheSnail","591790fc1bba70b6146c6485","Leftist Leo 解放巴勒斯坦 🇵🇸 和","60d9c5536dac910001297d14","6a7baf9f7972132348b1865b","2026-08-11 19:33"
"Feleti Penitala Teo","604a67e702e32a000195a11e","xZenith","6846d165a3008977fe607ade","6a7bb0f91d7720591c309b17","2026-08-11 19:34"
"kober","67ad18a09e150413a5e6fa66","Vader43","62490726757cbf189f839261","6a7bb06a7972132348b188a9","2026-08-11 19:34"
"Robinhood","6238ed45585d3a1784ef7ef6","Feleti Penitala Teo","604a67e702e32a000195a11e","6a7bb1838b19e25aeb543076","2026-08-11 19:37"
"[TNT] Myron","62d32ffc3377959be9ae670b","Kuba","6744ee112d6c958a853b52a6","6a7bb0fb7972132348b18a0e","2026-08-11 19:37"
"Vader43","62490726757cbf189f839261","zach","621783eaab08b80001371858","6a7bb157984d3edab6684d01","2026-08-11 19:37"
"Leftist Leo 解放巴勒斯坦 🇵🇸 和","60d9c5536dac910001297d14","OakTree","617eb25d4e0e40000158968f","6a7bb12d7972132348b18a97","2026-08-11 19:38"
"looer_h","627823ed8874df9dd7c83fae","ttvchieftanman","66cabbab2d73885610b090ab","6a7bb0f08b19e25aeb542ee5","2026-08-11 19:38"
"Pirik","669e6134d95d857a27cbc0cd","Fritzpal","5bfffd3943196563803b46d7","6a7baff5984d3edab668497f","2026-08-11 19:38"
"kober","67ad18a09e150413a5e6fa66","xZenith","6846d165a3008977fe607ade","6a7bb19a8b19e25aeb5430bb","2026-08-11 19:39"
"manuelson","5eff753e4fc56993542703a7","sk 愛","666b76089d20c1dd39ec810c","6a7bb1938b19e25aeb5430a3","2026-08-11 19:40"
"Mathias","650a2d21361d5316c35b4efe","Kageyu","68ca96634b59728d6b0f739a","6a7bb225984d3edab6684f19","2026-08-11 19:40"
"[FatSnail] SavetheSnail","591790fc1bba70b6146c6485","Kuba","6744ee112d6c958a853b52a6","6a7bb21f8b19e25aeb54324f","2026-08-11 19:40"
"Vader43","62490726757cbf189f839261","zach","621783eaab08b80001371858","6a7bb225b92aec0cfc63b5b8","2026-08-11 19:40"
"looer_h","627823ed8874df9dd7c83fae","OakTree","617eb25d4e0e40000158968f","6a7bb23f7972132348b18d7d","2026-08-11 19:41"
"Pirik","669e6134d95d857a27cbc0cd","Fritzpal","5bfffd3943196563803b46d7","6a7bb27d7972132348b18e36","2026-08-11 19:41"
"Vader43","62490726757cbf189f839261","[FatSnail] SavetheSnail","591790fc1bba70b6146c6485","6a7bb2c37972132348b18ef7","2026-08-11 19:42"
"Misiu Patysiu","68713ba58c49b2f1bf373e05","xZenith","6846d165a3008977fe607ade","6a7bb2eb8b19e25aeb5434a0","2026-08-11 19:43"
"[TNT] Myron","62d32ffc3377959be9ae670b","Feleti Penitala Teo","604a67e702e32a000195a11e","6a7bb2308b19e25aeb543287","2026-08-11 19:43"
"FMC","638348f8910c9ca0fbb4fa15","Timbo","6352c05ddc57c324dba7d12f","6a7bb0c57972132348b18991","2026-08-11 19:43"
"Robinhood","6238ed45585d3a1784ef7ef6","noki","62193698f5b65f000148e85e","6a7bb2918b19e25aeb543394","2026-08-11 19:45"
"Pasord","6669c659ca16186b5a3dbc35","Kuba","6744ee112d6c958a853b52a6","6a7bb2bf8b19e25aeb543439","2026-08-11 19:45"
"Doofist","68f3a854d35e604bd5617bb2","Kiran","5fa6fdd8b45c67000133f43d","6a7bb2888b19e25aeb54336b","2026-08-11 19:46"
"Vader43","62490726757cbf189f839261","[TNT] Myron","62d32ffc3377959be9ae670b","6a7bb35b766c68b9ac542728","2026-08-11 19:47"
"Kuba","6744ee112d6c958a853b52a6","looer_h","627823ed8874df9dd7c83fae","6a7bb3e67972132348b1922b","2026-08-11 19:49"
"xZenith","6846d165a3008977fe607ade","[TNT] Myron","62d32ffc3377959be9ae670b","6a7bb45b8b19e25aeb543878","2026-08-11 19:51"
"Vader43","62490726757cbf189f839261","Doofist","68f3a854d35e604bd5617bb2","6a7bb45a8b19e25aeb543873","2026-08-11 19:51"
"FMC","638348f8910c9ca0fbb4fa15","silvia","5ab45e391e1f02697026c335","6a7bb361984d3edab6685200","2026-08-11 19:51"
"Jazzonne","638bcf412c734faf1bcce61e","[FatSnail] SavetheSnail","591790fc1bba70b6146c6485","6a7bb37b984d3edab6685262","2026-08-11 19:52"
"sk 愛","666b76089d20c1dd39ec810c","Feleti Penitala Teo","604a67e702e32a000195a11e","6a7bb4ad7972132348b19517","2026-08-11 19:54"
"noki","62193698f5b65f000148e85e","Misiu Patysiu","68713ba58c49b2f1bf373e05","6a7bb5058b19e25aeb543a81","2026-08-11 19:55"
"xZenith","6846d165a3008977fe607ade","[TNT] Kirania","5c14f357ff3dc98d883d182c","6a7bb5417972132348b1970b","2026-08-11 19:55"
"Kuba","6744ee112d6c958a853b52a6","OakTree","617eb25d4e0e40000158968f","6a7bb4c2766c68b9ac542ac6","2026-08-11 19:55"
"looer_h","627823ed8874df9dd7c83fae","tendog","5a939ca4ef196f9c24d167a6","6a7bb4ba8b19e25aeb5439ad","2026-08-11 19:55"
"Pasord","6669c659ca16186b5a3dbc35","Kiran","5fa6fdd8b45c67000133f43d","6a7bb4498b19e25aeb54383b","2026-08-11 19:56"
"Doofist","68f3a854d35e604bd5617bb2","ハシビロ","62fd923738281a76193b9110","6a7bb5668b19e25aeb543bae","2026-08-11 19:56"
"no loose ends","6a5d3186441c5a5a92510e3e","Banned again…","6a5776b9557fa0b8070897d7","6a7bb4c9766c68b9ac542ae3","2026-08-11 19:56"
"Misiu Patysiu","68713ba58c49b2f1bf373e05","xZenith","6846d165a3008977fe607ade","6a7bb649984d3edab6685aff","2026-08-11 19:59"
"[TNT] Kirania","5c14f357ff3dc98d883d182c","Feleti Penitala Teo","604a67e702e32a000195a11e","6a7bb63d984d3edab6685adc","2026-08-11 20:00"
"Dancing star","62dc523cfc3f00bfb851be27","Mathias","650a2d21361d5316c35b4efe","6a7bb5f28b19e25aeb543d7f","2026-08-11 20:00"
"no loose ends","6a5d3186441c5a5a92510e3e","Banned again…","6a5776b9557fa0b8070897d7","6a7bb6b57972132348b19be6","2026-08-11 20:01"
"danq_s","639c2a925d4cc27b2f7a898b","Feleti Penitala Teo","604a67e702e32a000195a11e","6a7bb76a8b19e25aeb5441e5","2026-08-11 20:03"
"sk 愛","666b76089d20c1dd39ec810c","Kuba","6744ee112d6c958a853b52a6","6a7bb66e7972132348b19b0a","2026-08-11 20:04"
"Dancing star","62dc523cfc3f00bfb851be27","Mathias","650a2d21361d5316c35b4efe","6a7bb85e984d3edab6686069","2026-08-11 20:05"
"Misiu Patysiu","68713ba58c49b2f1bf373e05","Feleti Penitala Teo","604a67e702e32a000195a11e","6a7bb8347972132348b1a04f","2026-08-11 20:07"
"looer_h","627823ed8874df9dd7c83fae","Amatsuyu","679c41bb346fe9cc74f14c01","6a7bb7e67972132348b19f71","2026-08-11 20:07"
"xZenith","6846d165a3008977fe607ade","Palmitas","69b33a815634cc416b9c7877","6a7bb8c97972132348b1a21a","2026-08-11 20:08"
"BarryTheBee","62be7867aa13616722f8dd4a","noki","62193698f5b65f000148e85e","6a7bb743984d3edab6685d65","2026-08-11 20:09"
"Soused Herring","6a0ca21cdf4950563eb42574","Kuba","6744ee112d6c958a853b52a6","6a7bb8578b19e25aeb544493","2026-08-11 20:10"
"Palmitas","69b33a815634cc416b9c7877","xZenith","6846d165a3008977fe607ade","6a7bb95f3414fe9eb8a0bd4e","2026-08-11 20:11"
"Eu Mamei Tver","698282326314d86a2a8c61e3","Misiu Patysiu","68713ba58c49b2f1bf373e05","6a7bb9443414fe9eb8a0bd0f","2026-08-11 20:11"
"Supi.exe","62367e9e2965f997f04a920f","geometry","6677323b8c4a3f875615805f","6a7bb8a97972132348b1a197","2026-08-11 20:11"
"tendog","5a939ca4ef196f9c24d167a6","MASSIVELEGEND","57a1e5c296ca67161038e742","6a7bb978766c68b9ac5436d7","2026-08-11 20:11"
"Feleti Penitala Teo","604a67e702e32a000195a11e","Dancing star","62dc523cfc3f00bfb851be27","6a7bb8f28b19e25aeb5446af","2026-08-11 20:12"
"noki","62193698f5b65f000148e85e","BarryTheBee","62be7867aa13616722f8dd4a","6a7bb98a3414fe9eb8a0bdad","2026-08-11 20:13"
"Kuba","6744ee112d6c958a853b52a6","slew","5cc1545b8701a898fc423332","6a7bb9ca3414fe9eb8a0be48","2026-08-11 20:13"
"Kiran","5fa6fdd8b45c67000133f43d","HunDi","66ad68bf76020c7300051ab8","6a7bb992766c68b9ac54371f","2026-08-11 20:13"
"xZenith","6846d165a3008977fe607ade","Palmitas","69b33a815634cc416b9c7877","6a7bba133414fe9eb8a0bf0c","2026-08-11 20:14"
"Eu Mamei Tver","698282326314d86a2a8c61e3","Misiu Patysiu","68713ba58c49b2f1bf373e05","6a7bb9fa3414fe9eb8a0bed3","2026-08-11 20:14"
"Tottenhamwisps","60ad03a48b6e1d00012f8e7e","MASSIVELEGEND","57a1e5c296ca67161038e742","6a7bba06766c68b9ac5437d1","2026-08-11 20:15"
"OakTree","617eb25d4e0e40000158968f","looer_h","627823ed8874df9dd7c83fae","6a7bb91d8b19e25aeb54470b","2026-08-11 20:15"
"tendog","5a939ca4ef196f9c24d167a6","Soused Herring","6a0ca21cdf4950563eb42574","6a7bb9eb3414fe9eb8a0beaf","2026-08-11 20:15"
"Palmitas","69b33a815634cc416b9c7877","Eu Mamei Tver","698282326314d86a2a8c61e3","6a7bbabea9668b60244a8fbb","2026-08-11 20:16"
"Feleti Penitala Teo","604a67e702e32a000195a11e","duck","635dc283e419c615374198d6","6a7bba4f7972132348b1a5d9","2026-08-11 20:17"
"Nördster","60a91a4b4910a100012b6132","danq_s","639c2a925d4cc27b2f7a898b","6a7bbad03414fe9eb8a0c0f8","2026-08-11 20:17"
"danq_s","639c2a925d4cc27b2f7a898b","Nördster","60a91a4b4910a100012b6132","6a7bbb5f3414fe9eb8a0c221","2026-08-11 20:18"
"Kuba","6744ee112d6c958a853b52a6","Kiran","5fa6fdd8b45c67000133f43d","6a7bba9f3414fe9eb8a0c071","2026-08-11 20:18"
"BarryTheBee","62be7867aa13616722f8dd4a","noki","62193698f5b65f000148e85e","6a7bba79315d4944639d9532","2026-08-11 20:19"
"[TNT] jv724 α","5d50f46b24ec173888d7e22e","slew","5cc1545b8701a898fc423332","6a7bba8f7972132348b1a660","2026-08-11 20:19"
"Feleti Penitala Teo","604a67e702e32a000195a11e","Palmitas","69b33a815634cc416b9c7877","6a7bbb623414fe9eb8a0c225","2026-08-11 20:20"
"Dancing star","62dc523cfc3f00bfb851be27","xZenith","6846d165a3008977fe607ade","6a7bbb193414fe9eb8a0c193","2026-08-11 20:20"
"Kuba","6744ee112d6c958a853b52a6","Nördster","60a91a4b4910a100012b6132","6a7bbbb23414fe9eb8a0c2d9","2026-08-11 20:21"
"Soused Herring","6a0ca21cdf4950563eb42574","tendog","5a939ca4ef196f9c24d167a6","6a7bbad63414fe9eb8a0c107","2026-08-11 20:21"
"vertigo","5aa5926b42305f89a0f9f86d","Kiran","5fa6fdd8b45c67000133f43d","6a7bbbc67972132348b1a814","2026-08-11 20:21"
"duck","635dc283e419c615374198d6","Bazreia","596014fbf97df993145b15d0","6a7bbb6f8b19e25aeb544ad7","2026-08-11 20:22"
"looer_h","627823ed8874df9dd7c83fae","ttvchieftanman","66cabbab2d73885610b090ab","6a7bbaf6c55f0b51fba5b73b","2026-08-11 20:23"
"Eu Mamei Tver","698282326314d86a2a8c61e3","danq_s","639c2a925d4cc27b2f7a898b","6a7bbc117972132348b1a892","2026-08-11 20:24"
"Dancing star","62dc523cfc3f00bfb851be27","Feleti Penitala Teo","604a67e702e32a000195a11e","6a7bbc37984d3edab668675d","2026-08-11 20:24"
"Palmitas","69b33a815634cc416b9c7877","xZenith","6846d165a3008977fe607ade","6a7bbc40315d4944639d9748","2026-08-11 20:25"
"slew","5cc1545b8701a898fc423332","Yarik","676e524ee37422d9da0e161a","6a7bbc2c3414fe9eb8a0c3db","2026-08-11 20:25"
"duck","635dc283e419c615374198d6","Kuba","6744ee112d6c958a853b52a6","6a7bbc90863bceb67272ed4d","2026-08-11 20:26"
"FMC","638348f8910c9ca0fbb4fa15","Haus","678bc95a847b56d5e0276463","6a7bb60e7972132348b199ca","2026-08-11 20:26"
"danq_s","639c2a925d4cc27b2f7a898b","Eu Mamei Tver","698282326314d86a2a8c61e3","6a7bbd303414fe9eb8a0c5eb","2026-08-11 20:28"
"[TNT] jv724 α","5d50f46b24ec173888d7e22e","Numantino","62c6d003d00def4adcdeec87","6a7bbc9d984d3edab66867e2","2026-08-11 20:28"
"Gamer X","674cddb0dc12d4102c72e97a","Kiran","5fa6fdd8b45c67000133f43d","6a7bbcaa3414fe9eb8a0c4de","2026-08-11 20:28"
"Dancing star","62dc523cfc3f00bfb851be27","Feleti Penitala Teo","604a67e702e32a000195a11e","6a7bbd143414fe9eb8a0c5aa","2026-08-11 20:29"
"Feleti Penitala Teo","604a67e702e32a000195a11e","Eu Mamei Tver","698282326314d86a2a8c61e3","6a7bbe388b19e25aeb544e89","2026-08-11 20:30"
"Henrikk","622640b7cb9b530001598509","OakTree","617eb25d4e0e40000158968f","6a7bbcec3414fe9eb8a0c560","2026-08-11 20:30"
"slew","5cc1545b8701a898fc423332","MASSIVELEGEND","57a1e5c296ca67161038e742","6a7bbd5c7972132348b1aaa0","2026-08-11 20:30"
"noki","62193698f5b65f000148e85e","BarryTheBee","62be7867aa13616722f8dd4a","6a7bbce17972132348b1a9d8","2026-08-11 20:31"
"xZenith","6846d165a3008977fe607ade","Palmitas","69b33a815634cc416b9c7877","6a7bbd923414fe9eb8a0c6d2","2026-08-11 20:31"
"duck","635dc283e419c615374198d6","Kuba","6744ee112d6c958a853b52a6","6a7bbddb3414fe9eb8a0c78a","2026-08-11 20:32"
"xZenith","6846d165a3008977fe607ade","Feleti Penitala Teo","604a67e702e32a000195a11e","6a7bbea13414fe9eb8a0c90c","2026-08-11 20:33"
"Dancing star","62dc523cfc3f00bfb851be27","danq_s","639c2a925d4cc27b2f7a898b","6a7bbe5d7972132348b1ac35","2026-08-11 20:34"
"OakTree","617eb25d4e0e40000158968f","😎","68ae58852d67e7915061112f","6a7bbe6ba9668b60244a93cb","2026-08-11 20:34"
"BarryTheBee","62be7867aa13616722f8dd4a","noki","62193698f5b65f000148e85e","6a7bbeb38b19e25aeb544f0e","2026-08-11 20:35"
"duck","635dc283e419c615374198d6","Kuba","6744ee112d6c958a853b52a6","6a7bbef97972132348b1ad54","2026-08-11 20:35"
"OakTree","617eb25d4e0e40000158968f","😎","68ae58852d67e7915061112f","6a7bbf577972132348b1ae17","2026-08-11 20:35"
"Palmitas","69b33a815634cc416b9c7877","hyourinmaru","663523ba8e313d3aa27852b0","6a7bbefd3414fe9eb8a0c9e8","2026-08-11 20:36"
"Feleti Penitala Teo","604a67e702e32a000195a11e","Maksonic","619d09bdc4ab7000016c68d3","6a7bbf4c7972132348b1adf9","2026-08-11 20:36"
"BarryTheBee","62be7867aa13616722f8dd4a","noki","62193698f5b65f000148e85e","6a7bbfbb315d4944639d9c20","2026-08-11 20:38"
"OakTree","617eb25d4e0e40000158968f","😎","68ae58852d67e7915061112f","6a7bbfb43414fe9eb8a0cb69","2026-08-11 20:38"
"slew","5cc1545b8701a898fc423332","Kome.jpeg","5bbdcfab2c01735208565bce","6a7bbe71c55f0b51fba5bb50","2026-08-11 20:38"
"xZenith","6846d165a3008977fe607ade","Feleti Penitala Teo","604a67e702e32a000195a11e","6a7bbff08b19e25aeb5450ca","2026-08-11 20:39"
"duck","635dc283e419c615374198d6","Kuba","6744ee112d6c958a853b52a6","6a7bbf903414fe9eb8a0cb1f","2026-08-11 20:39"
"Palmitas","69b33a815634cc416b9c7877","hyourinmaru","663523ba8e313d3aa27852b0","6a7bc006315d4944639d9c6e","2026-08-11 20:41"
"OakTree","617eb25d4e0e40000158968f","😎","68ae58852d67e7915061112f","6a7bc0583414fe9eb8a0ccdc","2026-08-11 20:41"
"GCU","69f74f7bd9284e0db0e2a65c","MASSIVELEGEND","57a1e5c296ca67161038e742","6a7bbfae766c68b9ac543f4c","2026-08-11 20:41"
"noki","62193698f5b65f000148e85e","Maksonic","619d09bdc4ab7000016c68d3","6a7bc0713414fe9eb8a0cd04","2026-08-11 20:42"
"Henrikk","622640b7cb9b530001598509","Aculstingray","5f09a434a958535b8c808fd6","6a7bbe7e8b19e25aeb544ecf","2026-08-11 20:42"
"no loose ends","6a5d3186441c5a5a92510e3e","Carioca07","6a5bbf8d2368ce4f38bf22b8","6a7bc0683414fe9eb8a0ccf9","2026-08-11 20:42"
"Dancing star","62dc523cfc3f00bfb851be27","Misiu Patysiu","68713ba58c49b2f1bf373e05","6a7bc10b315d4944639d9dd2","2026-08-11 20:44"
"Feleti Penitala Teo","604a67e702e32a000195a11e","mii3en","66159d055967919df66cf9c0","6a7bc0b27972132348b1b05e","2026-08-11 20:45"
"duck","635dc283e419c615374198d6","Kuba","6744ee112d6c958a853b52a6","6a7bc0787972132348b1affc","2026-08-11 20:45"
"no loose ends","6a5d3186441c5a5a92510e3e","Fathippie91","623142fc029095000101ff6c","6a7bc171766c68b9ac5441ec","2026-08-11 20:45"
"Yuri Lacerda","574a41d691ca974b84f3cb55","Lilak","61812a24e3599000017bc04e","6a7bc146315d4944639d9e18","2026-08-11 20:45"
"Feleti Penitala Teo","604a67e702e32a000195a11e","mii3en","66159d055967919df66cf9c0","6a7bc20b766c68b9ac5442eb","2026-08-11 20:46"
"noki","62193698f5b65f000148e85e","Palmitas","69b33a815634cc416b9c7877","6a7bc194315d4944639d9e91","2026-08-11 20:47"
"Maksonic","619d09bdc4ab7000016c68d3","Misiu Patysiu","68713ba58c49b2f1bf373e05","6a7bc1cf766c68b9ac544297","2026-08-11 20:47"
"Aculstingray","5f09a434a958535b8c808fd6","Gknolle9","638a068b6709ad1074d14898","6a7bc19b7972132348b1b254","2026-08-11 20:47"
"GCU","69f74f7bd9284e0db0e2a65c","OakTree","617eb25d4e0e40000158968f","6a7bc10e3414fe9eb8a0ce66","2026-08-11 20:48"
"Kuba","6744ee112d6c958a853b52a6","PapaMacdus","6667d837d40195a479dc95b8","6a7bc2117972132348b1b346","2026-08-11 20:49"
"no loose ends","6a5d3186441c5a5a92510e3e","Fathippie91","623142fc029095000101ff6c","6a7bc2107972132348b1b342","2026-08-11 20:49"
"Aculstingray","5f09a434a958535b8c808fd6","sleepysaurus","65e2ca88d10b98a730ec34d8","6a7bc2573414fe9eb8a0d12d","2026-08-11 20:49"
"Misiu Patysiu","68713ba58c49b2f1bf373e05","Palmitas","69b33a815634cc416b9c7877","6a7bc2883414fe9eb8a0d1bf","2026-08-11 20:50"
"Dancing star","62dc523cfc3f00bfb851be27","Henrikk","622640b7cb9b530001598509","6a7bc1bc7972132348b1b2b6","2026-08-11 20:52"
"GCU","69f74f7bd9284e0db0e2a65c","Aculstingray","5f09a434a958535b8c808fd6","6a7bc2d93414fe9eb8a0d2a8","2026-08-11 20:52"
"Feleti Penitala Teo","604a67e702e32a000195a11e","mii3en","66159d055967919df66cf9c0","6a7bc24c7972132348b1b3bb","2026-08-11 20:53"
"BarryTheBee","62be7867aa13616722f8dd4a","noki","62193698f5b65f000148e85e","6a7bc25b766c68b9ac54436f","2026-08-11 20:54"
"niwai","63bcf9051465b5b236749d8f","Kuba","6744ee112d6c958a853b52a6","6a7bc2fd3414fe9eb8a0d30a","2026-08-11 20:54"
"Aculstingray","5f09a434a958535b8c808fd6","Henrikk","622640b7cb9b530001598509","6a7bc3a33414fe9eb8a0d491","2026-08-11 20:55"
"😎","68ae58852d67e7915061112f","Gknolle9","638a068b6709ad1074d14898","6a7bc3b6315d4944639da212","2026-08-11 20:55"
"sleepysaurus","65e2ca88d10b98a730ec34d8","Kuba","6744ee112d6c958a853b52a6","6a7bc43f315d4944639da2de","2026-08-11 20:56"
"Maksonic","619d09bdc4ab7000016c68d3","Misiu Patysiu","68713ba58c49b2f1bf373e05","6a7bc3253414fe9eb8a0d35f","2026-08-11 20:58"
"mii3en","66159d055967919df66cf9c0","niwai","63bcf9051465b5b236749d8f","6a7bc4127972132348b1b7cd","2026-08-11 20:59"
"sleepysaurus","65e2ca88d10b98a730ec34d8","Gknolle9","638a068b6709ad1074d14898","6a7bc49f766c68b9ac544777","2026-08-11 20:59"
"Palmitas","69b33a815634cc416b9c7877","Feleti Penitala Teo","604a67e702e32a000195a11e","6a7bc3c0315d4944639da21e","2026-08-11 21:00"
"sleepysaurus","65e2ca88d10b98a730ec34d8","😎","68ae58852d67e7915061112f","6a7bc54f4a5b7c0dd40bc8e4","2026-08-11 21:01"
"Palmitas","6984de4267015bc9a6109cae","MASSIVELEGEND","57a1e5c296ca67161038e742","6a7bc3903414fe9eb8a0d464","2026-08-11 21:01"
"BarryTheBee","62be7867aa13616722f8dd4a","noki","62193698f5b65f000148e85e","6a7bc45e315d4944639da309","2026-08-11 21:02"
"Kuba","6744ee112d6c958a853b52a6","😎","68ae58852d67e7915061112f","6a7bc4967972132348b1b8d7","2026-08-11 21:02"
"GCU","69f74f7bd9284e0db0e2a65c","looer_h","627823ed8874df9dd7c83fae","6a7bc3c07972132348b1b739","2026-08-11 21:03"
"sleepysaurus","65e2ca88d10b98a730ec34d8","😎","68ae58852d67e7915061112f","6a7bc5ce7972132348b1bb95","2026-08-11 21:03"
"mii3en","66159d055967919df66cf9c0","Feleti Penitala Teo","604a67e702e32a000195a11e","6a7bc5607972132348b1baaf","2026-08-11 21:05"
"Aculstingray","5f09a434a958535b8c808fd6","😎","68ae58852d67e7915061112f","6a7bc6323414fe9eb8a0da8e","2026-08-11 21:05"
"Palmitas","6984de4267015bc9a6109cae","MASSIVELEGEND","57a1e5c296ca67161038e742","6a7bc5a13414fe9eb8a0d95b","2026-08-11 21:05"
"Kuba","6744ee112d6c958a853b52a6","😎","68ae58852d67e7915061112f","6a7bc5f23414fe9eb8a0d9f0","2026-08-11 21:07"
"sleepysaurus","65e2ca88d10b98a730ec34d8","😎","68ae58852d67e7915061112f","6a7bc6303414fe9eb8a0da7a","2026-08-11 21:07"
"mii3en","66159d055967919df66cf9c0","Palmitas","69b33a815634cc416b9c7877","6a7bc6c27972132348b1bdcb","2026-08-11 21:08"
"noki","62193698f5b65f000148e85e","Misiu Patysiu","68713ba58c49b2f1bf373e05","6a7bc64e3414fe9eb8a0daef","2026-08-11 21:09"
"sleepysaurus","65e2ca88d10b98a730ec34d8","Kuba","6744ee112d6c958a853b52a6","6a7bc7227972132348b1bee0","2026-08-11 21:09"
"Palmitas","6984de4267015bc9a6109cae","MASSIVELEGEND","57a1e5c296ca67161038e742","6a7bc6b57972132348b1bda1","2026-08-11 21:09"
"Palmitas","69b33a815634cc416b9c7877","Feleti Penitala Teo","604a67e702e32a000195a11e","6a7bc74e8b19e25aeb545e06","2026-08-11 21:11"
"Kuba","6744ee112d6c958a853b52a6","sleepysaurus","65e2ca88d10b98a730ec34d8","6a7bc7bf8b19e25aeb545f0e","2026-08-11 21:11"
"Palmitas","6984de4267015bc9a6109cae","Saradão","66245f82ee56b7dcb4cfcca3","6a7bc7857972132348b1c00e","2026-08-11 21:12"
"Feleti Penitala Teo","604a67e702e32a000195a11e","Palmitas","69b33a815634cc416b9c7877","6a7bc80a8b19e25aeb546022","2026-08-11 21:13"
"noki","62193698f5b65f000148e85e","BarryTheBee","62be7867aa13616722f8dd4a","6a7bc7e23414fe9eb8a0dfce","2026-08-11 21:14"
"GCU","69f74f7bd9284e0db0e2a65c","looer_h","627823ed8874df9dd7c83fae","6a7bc6403414fe9eb8a0dad5","2026-08-11 21:14"
"Aculstingray","5f09a434a958535b8c808fd6","Soused Herring","6a0ca21cdf4950563eb42574","6a7bc7a1315d4944639da902","2026-08-11 21:14"
"Zezeshaka","60a4bf78880a050001dcaa70","ImShinx","5f04af67d94a1550f0e79c76","6a7bc7058b19e25aeb545d5d","2026-08-11 21:14"
"Kuba","6744ee112d6c958a853b52a6","sleepysaurus","65e2ca88d10b98a730ec34d8","6a7bc8123414fe9eb8a0e089","2026-08-11 21:15"
"habesh","647734d056305f7bf5561a4e","niwai","63bcf9051465b5b236749d8f","6a7bc55c7972132348b1baa9","2026-08-11 21:17"
"noki","62193698f5b65f000148e85e","BarryTheBee","62be7867aa13616722f8dd4a","6a7bc8be766c68b9ac5450a3","2026-08-11 21:19"
"Feleti Penitala Teo","604a67e702e32a000195a11e","Misiu Patysiu","68713ba58c49b2f1bf373e05","6a7bc88a7972132348b1c346","2026-08-11 21:20"
"Aculstingray","5f09a434a958535b8c808fd6","Soused Herring","6a0ca21cdf4950563eb42574","6a7bc8ef3414fe9eb8a0e364","2026-08-11 21:20"
"GCU","69f74f7bd9284e0db0e2a65c","Kuba","6744ee112d6c958a853b52a6","6a7bc90e3414fe9eb8a0e3fb","2026-08-11 21:21"
"Fael","630fecddc8577dc5e3119c8a","niwai","63bcf9051465b5b236749d8f","6a7bc96c7972132348b1c5f2","2026-08-11 21:21"
"Palmitas","6984de4267015bc9a6109cae","M A D A R A","680ebd4ab8187db80148ff47","6a7bc861766c68b9ac544f97","2026-08-11 21:21"
"Wish i could try again","69d154ba0a3f30cbd4825d7a","Zezeshaka","60a4bf78880a050001dcaa70","6a7bc8d08b19e25aeb546247","2026-08-11 21:21"
"FREE PALESTINE","6281e747cb6c707ef5ec2f6c","Palmitas","69b33a815634cc416b9c7877","6a7bc96e3414fe9eb8a0e52b","2026-08-11 21:22"
"sleepysaurus","65e2ca88d10b98a730ec34d8","Ben","642dffb2b63023c305cf5c6a","6a7bc922766c68b9ac5451ee","2026-08-11 21:22"
"Feleti Penitala Teo","604a67e702e32a000195a11e","Misiu Patysiu","68713ba58c49b2f1bf373e05","6a7bca418b19e25aeb546645","2026-08-11 21:24"
"niwai","63bcf9051465b5b236749d8f","sleepysaurus","65e2ca88d10b98a730ec34d8","6a7bca883414fe9eb8a0e8e9","2026-08-11 21:24"
"Kuba","6744ee112d6c958a853b52a6","GCU","69f74f7bd9284e0db0e2a65c","6a7bca6a8b19e25aeb5466cd","2026-08-11 21:24"
"Soused Herring","6a0ca21cdf4950563eb42574","Aculstingray","5f09a434a958535b8c808fd6","6a7bca49766c68b9ac54550f","2026-08-11 21:24"
"Zezeshaka","60a4bf78880a050001dcaa70","Mahatma Gandhi","6a30b007dc21ec5f416bc5e1","6a7bca577972132348b1c8af","2026-08-11 21:24"
"looer_h","627823ed8874df9dd7c83fae","Eric455293","5ba7d3df2c0173520853d18c","6a7bcaf1766c68b9ac54567d","2026-08-11 21:26"
"Feleti Penitala Teo","604a67e702e32a000195a11e","Palmitas","69b33a815634cc416b9c7877","6a7bcb173414fe9eb8a0eaac","2026-08-11 21:27"
"Kuba","6744ee112d6c958a853b52a6","Misiu Patysiu","68713ba58c49b2f1bf373e05","6a7bcb257972132348b1cace","2026-08-11 21:28"
"sleepysaurus","65e2ca88d10b98a730ec34d8","niwai","63bcf9051465b5b236749d8f","6a7bcb1b8b19e25aeb54685d","2026-08-11 21:28"
"Zezeshaka","60a4bf78880a050001dcaa70","elo consumer","674df620a06da18325b8df87","6a7bcb187972132348b1ca9e","2026-08-11 21:28"
"BarryTheBee","62be7867aa13616722f8dd4a","noki","62193698f5b65f000148e85e","6a7bca0c7972132348b1c7bc","2026-08-11 21:29"
"Misiu Patysiu","68713ba58c49b2f1bf373e05","Kuba","6744ee112d6c958a853b52a6","6a7bcbf47972132348b1cdcc","2026-08-11 21:31"
"GooseMcGoose","5ff78fa1a56da30001ba546a","M A D A R A","680ebd4ab8187db80148ff47","6a7bcc213414fe9eb8a0eee2","2026-08-11 21:31"
"sleepysaurus","65e2ca88d10b98a730ec34d8","niwai","63bcf9051465b5b236749d8f","6a7bcbf83414fe9eb8a0ee78","2026-08-11 21:32"
"Soused Herring","6a0ca21cdf4950563eb42574","MASSIVELEGEND","57a1e5c296ca67161038e742","6a7bcb2a7972132348b1cadb","2026-08-11 21:32"
"Feneb","5dba86167e473f2408461141","Feleti Penitala Teo","604a67e702e32a000195a11e","6a7bcc903414fe9eb8a0f048","2026-08-11 21:33"
"Mahatma Gandhi","6a30b007dc21ec5f416bc5e1","DerMichi","6404be1b4e7cfe74c3e42583","6a7bcbad8b19e25aeb546a33","2026-08-11 21:33"
"Palmitas","6984de4267015bc9a6109cae","looer_h","627823ed8874df9dd7c83fae","6a7bcbac7972132348b1ccc3","2026-08-11 21:33"
"Sabahnakhet","6a543ba7ed02c0562a0804e4","Abjorn_36","60625af8d6b4590001472adc","6a7bcb8b7972132348b1cc6f","2026-08-11 21:33"
"Zezeshaka","60a4bf78880a050001dcaa70","Kageyu","68ca96634b59728d6b0f739a","6a7bcc093414fe9eb8a0eea4","2026-08-11 21:35"
"Sabahnakhet","6a543ba7ed02c0562a0804e4","svc111","647bc0da8a74c4837a6037e2","6a7bcd3a3414fe9eb8a0f2b4","2026-08-11 21:36"
"Fael","630fecddc8577dc5e3119c8a","Kuba","6744ee112d6c958a853b52a6","6a7bccbe7972132348b1cfe2","2026-08-11 21:37"
"noki","62193698f5b65f000148e85e","BarryTheBee","62be7867aa13616722f8dd4a","6a7bcce43414fe9eb8a0f17a","2026-08-11 21:38"
"GooseMcGoose","5ff78fa1a56da30001ba546a","elo consumer","674df620a06da18325b8df87","6a7bcccf3414fe9eb8a0f136","2026-08-11 21:38"
"Misiu Patysiu","68713ba58c49b2f1bf373e05","Feleti Penitala Teo","604a67e702e32a000195a11e","6a7bcd2d3414fe9eb8a0f260","2026-08-11 21:39"
"Palmitas","6984de4267015bc9a6109cae","DerMichi","6404be1b4e7cfe74c3e42583","6a7bcd453414fe9eb8a0f2da","2026-08-11 21:39"
"sleepysaurus","65e2ca88d10b98a730ec34d8","niwai","63bcf9051465b5b236749d8f","6a7bcd0f8b19e25aeb546e1d","2026-08-11 21:40"
"Mahatma Gandhi","6a30b007dc21ec5f416bc5e1","EvBeverage","5cd59b2f17e6fc453425dfd9","6a7bcd933414fe9eb8a0f3bc","2026-08-11 21:40"
"Sabahnakhet","6a543ba7ed02c0562a0804e4","flogger","66920ef8a241fcf50f2a2ee6","6a7bce143414fe9eb8a0f53a","2026-08-11 21:40"
"Zezeshaka","60a4bf78880a050001dcaa70","Bazreia","596014fbf97df993145b15d0","6a7bcdca3414fe9eb8a0f44b","2026-08-11 21:40"
"M A D A R A","680ebd4ab8187db80148ff47","Taky502","68b2622d8217bb4318d80ba3","6a7bcd8f8b19e25aeb546f72","2026-08-11 21:40"
"noki","62193698f5b65f000148e85e","BarryTheBee","62be7867aa13616722f8dd4a","6a7bce537972132348b1d4d4","2026-08-11 21:42"
"Magik","625f0d2b367d807d71f34e79","elo consumer","674df620a06da18325b8df87","6a7bce7f3414fe9eb8a0f70c","2026-08-11 21:42"
"Kuba","6744ee112d6c958a853b52a6","Mathias","650a2d21361d5316c35b4efe","6a7bce2b7972132348b1d43c","2026-08-11 21:44"
"Hagelsnow","66d333ad197dbd0ea8ca5f46","DerMichi","6404be1b4e7cfe74c3e42583","6a7bcf36766c68b9ac546259","2026-08-11 21:44"
"GeoBunny","64b2f9895059c43d9160f5af","EvBeverage","5cd59b2f17e6fc453425dfd9","6a7bcf167972132348b1d74b","2026-08-11 21:44"
"Zezeshaka","60a4bf78880a050001dcaa70","sleepysaurus","65e2ca88d10b98a730ec34d8","6a7bcecf3414fe9eb8a0f7e2","2026-08-11 21:44"
"Feleti Penitala Teo","604a67e702e32a000195a11e","Feneb","5dba86167e473f2408461141","6a7bce867972132348b1d568","2026-08-11 21:46"
"Magik","625f0d2b367d807d71f34e79","elo consumer","674df620a06da18325b8df87","6a7bcf5d8b19e25aeb54757d","2026-08-11 21:46"
"Fael","630fecddc8577dc5e3119c8a","Hagelsnow","66d333ad197dbd0ea8ca5f46","6a7bcfc93414fe9eb8a0fcb0","2026-08-11 21:47"
"Misiu Patysiu","68713ba58c49b2f1bf373e05","Mahatma Gandhi","6a30b007dc21ec5f416bc5e1","6a7bcef87972132348b1d6cd","2026-08-11 21:48"
"Kuba","6744ee112d6c958a853b52a6","Zezeshaka","60a4bf78880a050001dcaa70","6a7bcfee7972132348b1dab7","2026-08-11 21:50"
"GeoBunny","64b2f9895059c43d9160f5af","Hagelsnow","66d333ad197dbd0ea8ca5f46","6a7bd0753414fe9eb8a10002","2026-08-11 21:50"
"Magik","625f0d2b367d807d71f34e79","Saga","69db9d286865a623a9efb146","6a7bd0437972132348b1dcc6","2026-08-11 21:50"
"Feleti Penitala Teo","604a67e702e32a000195a11e","Misiu Patysiu","68713ba58c49b2f1bf373e05","6a7bd0fe3414fe9eb8a10355","2026-08-11 21:51"
"Kuba","6744ee112d6c958a853b52a6","Magik","625f0d2b367d807d71f34e79","6a7bd12a3414fe9eb8a10440","2026-08-11 21:51"
"Kuba","6744ee112d6c958a853b52a6","Mahatma Gandhi","6a30b007dc21ec5f416bc5e1","6a7bd16b7972132348b1e321","2026-08-11 21:52"
"Magnus","5e694a8c3730753668546f0b","niwai","63bcf9051465b5b236749d8f","6a7bcecf7972132348b1d61c","2026-08-11 21:52"
"Misiu Patysiu","68713ba58c49b2f1bf373e05","Kuba","6744ee112d6c958a853b52a6","6a7bd1b5766c68b9ac546d24","2026-08-11 21:55"
"[FatSnail] SavetheSnail","591790fc1bba70b6146c6485","Mahatma Gandhi","6a30b007dc21ec5f416bc5e1","6a7bd2273414fe9eb8a1083f","2026-08-11 21:56"
"Kuba","6744ee112d6c958a853b52a6","Misiu Patysiu","68713ba58c49b2f1bf373e05","6a7bd2587972132348b1e66c","2026-08-11 21:58"
"sleepysaurus","65e2ca88d10b98a730ec34d8","Bothlose","67c9a0f97857aec18c6f2239","6a7bd0688b19e25aeb547966","2026-08-11 21:58"
"[FatSnail] SavetheSnail","591790fc1bba70b6146c6485","Mahatma Gandhi","6a30b007dc21ec5f416bc5e1","6a7bd2ab3414fe9eb8a10a96","2026-08-11 21:59"
"GeoBunny","64b2f9895059c43d9160f5af","Zezeshaka","60a4bf78880a050001dcaa70","6a7bd1383414fe9eb8a10476","2026-08-11 21:59"
"niwai","63bcf9051465b5b236749d8f","Magik","625f0d2b367d807d71f34e79","6a7bd1c38b19e25aeb547f21","2026-08-11 21:59"
"Feleti Penitala Teo","604a67e702e32a000195a11e","Misiu Patysiu","68713ba58c49b2f1bf373e05","6a7bd2fa3414fe9eb8a10b9d","2026-08-11 22:01"
"Zezeshaka","60a4bf78880a050001dcaa70","Kuba","6744ee112d6c958a853b52a6","6a7bd3558b19e25aeb548465","2026-08-11 22:01"
"Magik","625f0d2b367d807d71f34e79","Mahatma Gandhi","6a30b007dc21ec5f416bc5e1","6a7bd3653414fe9eb8a10d2b","2026-08-11 22:03"
"[FatSnail] SavetheSnail","591790fc1bba70b6146c6485","Kuba","6744ee112d6c958a853b52a6","6a7bd3b03414fe9eb8a10e1f","2026-08-11 22:05"
"Magik","625f0d2b367d807d71f34e79","MerryValley542","6a4e1cacb62960575fca9881","6a7bd46d8b19e25aeb548870","2026-08-11 22:06"
"Mahatma Gandhi","6a30b007dc21ec5f416bc5e1","GeoBunny","64b2f9895059c43d9160f5af","6a7bd4347972132348b1ecce","2026-08-11 22:06"
"Zezeshaka","60a4bf78880a050001dcaa70","Bazreia","596014fbf97df993145b15d0","6a7bd4003414fe9eb8a10f42","2026-08-11 22:07"
"Mahatma Gandhi","6a30b007dc21ec5f416bc5e1","Magik","625f0d2b367d807d71f34e79","6a7bd4e77972132348b1f0aa","2026-08-11 22:10"
"Magik","625f0d2b367d807d71f34e79","Mahatma Gandhi","6a30b007dc21ec5f416bc5e1","6a7bd5ed3414fe9eb8a11af7","2026-08-11 22:12"
"niwai","63bcf9051465b5b236749d8f","Magnus","5e694a8c3730753668546f0b","6a7bd35e7972132348b1e9e2","2026-08-11 22:13"
"数字信号处理","62a559ad291a85ec390d343e","０７","6358f5745d56cd96f518ac6a","6a7bd60d3414fe9eb8a11b5a","2026-08-11 22:14"
"Kuba","6744ee112d6c958a853b52a6","Vader43","62490726757cbf189f839261","6a7bd5bf766c68b9ac547d03","2026-08-11 22:14"
"M A D A R A","680ebd4ab8187db80148ff47","im recording my gameplay","6a437d2254319c3206c01eb9","6a7bd59a8b19e25aeb548f4c","2026-08-11 22:14"
"Vader43","62490726757cbf189f839261","niwai","63bcf9051465b5b236749d8f","6a7bd6c33414fe9eb8a11f70","2026-08-11 22:16"
"Mahatma Gandhi","6a30b007dc21ec5f416bc5e1","Magik","625f0d2b367d807d71f34e79","6a7bd66d8b19e25aeb5493ce","2026-08-11 22:16"
"Kuba","6744ee112d6c958a853b52a6","GDrigXOツ","62d397b9283f387577c4aff8","6a7bd7123414fe9eb8a120ea","2026-08-11 22:18"
"Mahatma Gandhi","6a30b007dc21ec5f416bc5e1","Magik","625f0d2b367d807d71f34e79","6a7bd7623414fe9eb8a121f3","2026-08-11 22:18"
"GDrigXOツ","62d397b9283f387577c4aff8","Banana Peel Seal","5e2f588de9473f4fa0155def","6a7bd7d03414fe9eb8a1247f","2026-08-11 22:20"
"Archie","68dbae13522eabccded3a362","Feleti Penitala Teo","604a67e702e32a000195a11e","6a7bd7a43414fe9eb8a12322","2026-08-11 22:21"
"Vader43","62490726757cbf189f839261","niwai","63bcf9051465b5b236749d8f","6a7bd7403414fe9eb8a12175","2026-08-11 22:21"
"数字信号处理","62a559ad291a85ec390d343e","０７","6358f5745d56cd96f518ac6a","6a7bd7203414fe9eb8a12123","2026-08-11 22:21"
"Kuba","6744ee112d6c958a853b52a6","Mahatma Gandhi","6a30b007dc21ec5f416bc5e1","6a7bd7d67972132348b1ffd4","2026-08-11 22:22"
"Kuba","6744ee112d6c958a853b52a6","niwai","63bcf9051465b5b236749d8f","6a7bd8977972132348b2030c","2026-08-11 22:23"
"Magik","625f0d2b367d807d71f34e79","sparqkle","67af33931b7ca29477ec0276","6a7bd81a8b19e25aeb549ade","2026-08-11 22:23"
"BarryTheBee","62be7867aa13616722f8dd4a","torcasbonvivant","6a1cd4acf00700d5afa49ade","6a7bd7c27972132348b1fee8","2026-08-11 22:25"
"Jamabi","5e5fcc1326bbda5284e824cf","Feleti Penitala Teo","604a67e702e32a000195a11e","6a7bd8d13414fe9eb8a129f6","2026-08-11 22:25"
"milan","5aac349e1e1f02697024e65d","GDrigXOツ","62d397b9283f387577c4aff8","6a7bd8597972132348b201fd","2026-08-11 22:25"
"Magik","625f0d2b367d807d71f34e79","Kuba","6744ee112d6c958a853b52a6","6a7bd9057972132348b204c2","2026-08-11 22:26"
"Archie","68dbae13522eabccded3a362","Palmitas","69b33a815634cc416b9c7877","6a7bd8927972132348b202f3","2026-08-11 22:28"
"niwai","63bcf9051465b5b236749d8f","sparqkle","67af33931b7ca29477ec0276","6a7bd90e7972132348b204de","2026-08-11 22:29"
"milan","5aac349e1e1f02697024e65d","GDrigXOツ","62d397b9283f387577c4aff8","6a7bd9703414fe9eb8a12ca0","2026-08-11 22:29"
"Jamabi","5e5fcc1326bbda5284e824cf","Juagie","601b3f4047f927000155a753","6a7bd97d3414fe9eb8a12cc9","2026-08-11 22:30"
"Mahatma Gandhi","6a30b007dc21ec5f416bc5e1","Kuba","6744ee112d6c958a853b52a6","6a7bd9bb3414fe9eb8a12d92","2026-08-11 22:31"
"milan","5aac349e1e1f02697024e65d","M A D A R A","680ebd4ab8187db80148ff47","6a7bda5c3414fe9eb8a13082","2026-08-11 22:33"
"Jamabi","5e5fcc1326bbda5284e824cf","Palmitas","69b33a815634cc416b9c7877","6a7bdac7766c68b9ac54942d","2026-08-11 22:34"
"Mahatma Gandhi","6a30b007dc21ec5f416bc5e1","sparqkle","67af33931b7ca29477ec0276","6a7bdab33414fe9eb8a132fc","2026-08-11 22:34"
"Magik","625f0d2b367d807d71f34e79","niwai","63bcf9051465b5b236749d8f","6a7bda637972132348b20abb","2026-08-11 22:34"
"Archie","68dbae13522eabccded3a362","Feleti Penitala Teo","604a67e702e32a000195a11e","6a7bda383414fe9eb8a12f76","2026-08-11 22:35"
"Kuba","6744ee112d6c958a853b52a6","milan","5aac349e1e1f02697024e65d","6a7bdb373414fe9eb8a1350f","2026-08-11 22:36"
"Palmitas","69b33a815634cc416b9c7877","Feleti Penitala Teo","604a67e702e32a000195a11e","6a7bdb94d26abe780e6d5676","2026-08-11 22:37"
"Palmitas","69b33a815634cc416b9c7877","Feleti Penitala Teo","604a67e702e32a000195a11e","6a7bdc257972132348b2127b","2026-08-11 22:38"
"Mahatma Gandhi","6a30b007dc21ec5f416bc5e1","sparqkle","67af33931b7ca29477ec0276","6a7bdb977972132348b21057","2026-08-11 22:38"
"Tottenhamwisps","60ad03a48b6e1d00012f8e7e","niwai","63bcf9051465b5b236749d8f","6a7bdb833414fe9eb8a136b2","2026-08-11 22:38"
"GDrigXOツ","62d397b9283f387577c4aff8","Eric455293","5ba7d3df2c0173520853d18c","6a7bda3f8b19e25aeb54a3aa","2026-08-11 22:38"
"GooseMcGoose","5ff78fa1a56da30001ba546a","sleepysaurus","65e2ca88d10b98a730ec34d8","6a7bd64c3414fe9eb8a11d38","2026-08-11 22:39"
"Feleti Penitala Teo","604a67e702e32a000195a11e","Palmitas","69b33a815634cc416b9c7877","6a7bdc737972132348b2149c","2026-08-11 22:41"
"milan","5aac349e1e1f02697024e65d","Kuba","6744ee112d6c958a853b52a6","6a7bdbf8766c68b9ac54984b","2026-08-11 22:41"
"Taquito","65580b96c0276bfd86f36c05","Jrriddle","57a6214096ca6774b09dfc10","6a7bdc387972132348b212e9","2026-08-11 22:43"
"niwai","63bcf9051465b5b236749d8f","GDrigXOツ","62d397b9283f387577c4aff8","6a7bdc7c3414fe9eb8a13c0f","2026-08-11 22:43"
"Palmitas","69b33a815634cc416b9c7877","Feleti Penitala Teo","604a67e702e32a000195a11e","6a7bdd133414fe9eb8a13f2e","2026-08-11 22:44"
"Juagie","601b3f4047f927000155a753","Archie","68dbae13522eabccded3a362","6a7bdbcc7972132348b21105","2026-08-11 22:45"
"Kuba","6744ee112d6c958a853b52a6","milan","5aac349e1e1f02697024e65d","6a7bdd353414fe9eb8a13f97","2026-08-11 22:45"
"GooseMcGoose","5ff78fa1a56da30001ba546a","M A D A R A","680ebd4ab8187db80148ff47","6a7bdd813414fe9eb8a140cf","2026-08-11 22:45"
"Jamabi","5e5fcc1326bbda5284e824cf","Misiu Patysiu","68713ba58c49b2f1bf373e05","6a7bddcf3414fe9eb8a14236","2026-08-11 22:46"
"Mahatma Gandhi","6a30b007dc21ec5f416bc5e1","ThiiagooAC7","66a13c3e99166dab91896702","6a7bdd237972132348b2185a","2026-08-11 22:46"
"Feleti Penitala Teo","604a67e702e32a000195a11e","Palmitas","69b33a815634cc416b9c7877","6a7bddd47972132348b21b09","2026-08-11 22:47"
"Luuuuuu :)","62e8d4366d2691f34172c855","Eric455293","5ba7d3df2c0173520853d18c","6a7bdc678b19e25aeb54adb7","2026-08-11 22:47"
"niwai","63bcf9051465b5b236749d8f","GDrigXOツ","62d397b9283f387577c4aff8","6a7bdd9e3414fe9eb8a1414b","2026-08-11 22:48"
"Feleti Penitala Teo","604a67e702e32a000195a11e","Palmitas","69b33a815634cc416b9c7877","6a7bde91766c68b9ac54a312","2026-08-11 22:49"
"Taquito","65580b96c0276bfd86f36c05","MongolianMerchant","69ba2e52a04671c8a9b13e12","6a7bde107972132348b21bf8","2026-08-11 22:49"
"Aculstingray","5f09a434a958535b8c808fd6","😎","68ae58852d67e7915061112f","6a7bde3b3414fe9eb8a143d4","2026-08-11 22:49"
"Misiu Patysiu","68713ba58c49b2f1bf373e05","Mahatma Gandhi","6a30b007dc21ec5f416bc5e1","6a7bde6e7972132348b21cff","2026-08-11 22:50"
"Juagie","601b3f4047f927000155a753","Archie","68dbae13522eabccded3a362","6a7bddfe8b19e25aeb54b53b","2026-08-11 22:51"
"milan","5aac349e1e1f02697024e65d","Kuba","6744ee112d6c958a853b52a6","6a7bde267972132348b21c39","2026-08-11 22:52"
"MongolianMerchant","69ba2e52a04671c8a9b13e12","im recording my gameplay","6a437d2254319c3206c01eb9","6a7bdf217972132348b21ee0","2026-08-11 22:53"
"Misiu Patysiu","68713ba58c49b2f1bf373e05","Mahatma Gandhi","6a30b007dc21ec5f416bc5e1","6a7bdf603414fe9eb8a1475b","2026-08-11 22:54"
"niwai","63bcf9051465b5b236749d8f","Aculstingray","5f09a434a958535b8c808fd6","6a7bdf008b19e25aeb54b794","2026-08-11 22:54"
"Palmitas","69b33a815634cc416b9c7877","Feleti Penitala Teo","604a67e702e32a000195a11e","6a7bdef13414fe9eb8a1460a","2026-08-11 22:56"
"niwai","63bcf9051465b5b236749d8f","Aculstingray","5f09a434a958535b8c808fd6","6a7be01c3414fe9eb8a14ac3","2026-08-11 22:56"
"niwai","63bcf9051465b5b236749d8f","Aculstingray","5f09a434a958535b8c808fd6","6a7be0bd7972132348b22949","2026-08-11 22:58"
"Taquito","65580b96c0276bfd86f36c05","milan","5aac349e1e1f02697024e65d","6a7bdfa33414fe9eb8a1486c","2026-08-11 22:58"
"Palmitas","69b33a815634cc416b9c7877","Feleti Penitala Teo","604a67e702e32a000195a11e","6a7be0b23414fe9eb8a14ff6","2026-08-11 22:59"
"Mahatma Gandhi","6a30b007dc21ec5f416bc5e1","Misiu Patysiu","68713ba58c49b2f1bf373e05","6a7be04d7972132348b223c4","2026-08-11 22:59"
"Tottenhamwisps","60ad03a48b6e1d00012f8e7e","GDrigXOツ","62d397b9283f387577c4aff8","6a7bdfee3414fe9eb8a149a1","2026-08-11 23:00"
"ThiiagooAC7","66a13c3e99166dab91896702","SaizMC","6283a8f3bf794cf0f041ae61","6a7be06d8b19e25aeb54bedd","2026-08-11 23:00"
"M A D A R A","680ebd4ab8187db80148ff47","elo consumer","674df620a06da18325b8df87","6a7be0fe7972132348b22af9","2026-08-11 23:00"
"Xick","6227d06fc4123c000192c138","Mahatma Gandhi","6a30b007dc21ec5f416bc5e1","6a7be1573414fe9eb8a15bd3","2026-08-11 23:01"
"Archie","68dbae13522eabccded3a362","Juagie","601b3f4047f927000155a753","6a7bdfef8b19e25aeb54bb11","2026-08-11 23:02"
"KAZ","6682a94f266924acd6f97098","Luuuuuu :)","62e8d4366d2691f34172c855","6a7be063766c68b9ac54a97d","2026-08-11 23:02"
"Taquito","65580b96c0276bfd86f36c05","Aculstingray","5f09a434a958535b8c808fd6","6a7be1438b19e25aeb54ca92","2026-08-11 23:03"
"Palmitas","69b33a815634cc416b9c7877","pav","5e67d59212777c2530253a95","6a7be1623414fe9eb8a15cbf","2026-08-11 23:04"
"niwai","63bcf9051465b5b236749d8f","milan","5aac349e1e1f02697024e65d","6a7be13a3414fe9eb8a159c5","2026-08-11 23:04"
"Puwaphat2304","660da547c04c2826f94e7d80","Remy","62bd2758a13615c38eb2b07d","6a7be22f7972132348b23c16","2026-08-11 23:05"
"Taquito","65580b96c0276bfd86f36c05","Aculstingray","5f09a434a958535b8c808fd6","6a7be23f3414fe9eb8a16171","2026-08-11 23:06"
"M A D A R A","680ebd4ab8187db80148ff47","GDrigXOツ","62d397b9283f387577c4aff8","6a7be1828b19e25aeb54cf47","2026-08-11 23:06"
"Xick","6227d06fc4123c000192c138","Mahatma Gandhi","6a30b007dc21ec5f416bc5e1","6a7be1d83414fe9eb8a15fec","2026-08-11 23:07"
"Feleti Penitala Teo","604a67e702e32a000195a11e","Misiu Patysiu","68713ba58c49b2f1bf373e05","6a7be15d3414fe9eb8a15bee","2026-08-11 23:08"
"GeoBiden","600367027963380001856b05","😎","68ae58852d67e7915061112f","6a7be3b67972132348b24143","2026-08-11 23:10"
"Juagie","601b3f4047f927000155a753","Archie","68dbae13522eabccded3a362","6a7be22c3414fe9eb8a1612d","2026-08-11 23:11"
"盲","63b6a120ed1bf0b1b513dfb8","Palmitas","69b33a815634cc416b9c7877","6a7be2c18b19e25aeb54d615","2026-08-11 23:11"
"Xick","6227d06fc4123c000192c138","Salem","63af4615494c2bc27e4a2f31","6a7be359766c68b9ac54c146","2026-08-11 23:11"
"Mahatma Gandhi","6a30b007dc21ec5f416bc5e1","Aculstingray","5f09a434a958535b8c808fd6","6a7be32b7972132348b23eef","2026-08-11 23:11"
"Tottenhamwisps","60ad03a48b6e1d00012f8e7e","Taquito","65580b96c0276bfd86f36c05","6a7be3be8b19e25aeb54d923","2026-08-11 23:12"
"Xick","6227d06fc4123c000192c138","Feleti Penitala Teo","604a67e702e32a000195a11e","6a7be4157972132348b24324","2026-08-11 23:14"
"Aculstingray","5f09a434a958535b8c808fd6","M A D A R A","680ebd4ab8187db80148ff47","6a7be41a7972132348b2432f","2026-08-11 23:14"
"KAZ","6682a94f266924acd6f97098","Puwaphat2304","660da547c04c2826f94e7d80","6a7be2be766c68b9ac54be1e","2026-08-11 23:16"
"MongolianMerchant","69ba2e52a04671c8a9b13e12","Aculstingray","5f09a434a958535b8c808fd6","6a7be4db7972132348b245e6","2026-08-11 23:17"
"盲","63b6a120ed1bf0b1b513dfb8","Archie","68dbae13522eabccded3a362","6a7be44b3414fe9eb8a169fc","2026-08-11 23:18"
"Xick","6227d06fc4123c000192c138","Feleti Penitala Teo","604a67e702e32a000195a11e","6a7be50e7972132348b24678","2026-08-11 23:18"
"Salem","63af4615494c2bc27e4a2f31","Palmitas","69b33a815634cc416b9c7877","6a7be4347972132348b24429","2026-08-11 23:19"
"ThiiagooAC7","66a13c3e99166dab91896702","RupturingNebulas","68547edd73045641270e5a0c","6a7be5223414fe9eb8a16c4a","2026-08-11 23:19"
"Mahatma Gandhi","6a30b007dc21ec5f416bc5e1","The_Mutated_Banana","622d8556e219960001b5f060","6a7be5667972132348b24791","2026-08-11 23:20"
"まっちゃあいす","63c5614f750d5027f914c047","Tottenhamwisps","60ad03a48b6e1d00012f8e7e","6a7be5f73414fe9eb8a16eef","2026-08-11 23:20"
"Xick","6227d06fc4123c000192c138","Archie","68dbae13522eabccded3a362","6a7be5d47972132348b248d9","2026-08-11 23:21"
"Aculstingray","5f09a434a958535b8c808fd6","RuralMeadow494","68274c0d5a4b1245c74f9a71","6a7be5b33414fe9eb8a16e27","2026-08-11 23:21"
"Puwaphat2304","660da547c04c2826f94e7d80","SaizMC","6283a8f3bf794cf0f041ae61","6a7be59b3414fe9eb8a16dc9","2026-08-11 23:22"
"Palmitas","69b33a815634cc416b9c7877","Feleti Penitala Teo","604a67e702e32a000195a11e","6a7be6018b19e25aeb54df30","2026-08-11 23:24"
"Aculstingray","5f09a434a958535b8c808fd6","Puwaphat2304","660da547c04c2826f94e7d80","6a7be6b37972132348b24b53","2026-08-11 23:24"
"zeb","59b32f7a0ee41f7e90f68629","M A D A R A","680ebd4ab8187db80148ff47","6a7be57c3414fe9eb8a16d77","2026-08-11 23:24"
"GDrigXOツ","62d397b9283f387577c4aff8","lortostada","61561fe8f37bdb0001ffd952","6a7be4428b19e25aeb54dab5","2026-08-11 23:24"
"盲","63b6a120ed1bf0b1b513dfb8","朋友是一个坚韧不拔的纪录片， 在香港这座城市的设置。","65de536fb77f430b929240f3","6a7be646766c68b9ac54c9ea","2026-08-11 23:25"
"Mahatma Gandhi","6a30b007dc21ec5f416bc5e1","ThiiagooAC7","66a13c3e99166dab91896702","6a7be6497972132348b24a4f","2026-08-11 23:25"
"Salem","63af4615494c2bc27e4a2f31","Xick","6227d06fc4123c000192c138","6a7be70f7972132348b24c5f","2026-08-11 23:26"
"Palmitas","69b33a815634cc416b9c7877","Feleti Penitala Teo","604a67e702e32a000195a11e","6a7be7353414fe9eb8a17273","2026-08-11 23:29"
"Puwaphat2304","660da547c04c2826f94e7d80","Aculstingray","5f09a434a958535b8c808fd6","6a7be7593414fe9eb8a172d7","2026-08-11 23:29"
"MongolianMerchant","69ba2e52a04671c8a9b13e12","RupturingNebulas","68547edd73045641270e5a0c","6a7be6368b19e25aeb54dfca","2026-08-11 23:29"
"devj","5ee70329a237c362e06100b5","Mahatma Gandhi","6a30b007dc21ec5f416bc5e1","6a7be7733414fe9eb8a1730c","2026-08-11 23:30"
"0.03mm","692fdd96871fb5a05c4dcab0","RedRockRoamer","65f1181b415fdcbbab30f046","6a7be81a8b19e25aeb54e3ef","2026-08-11 23:30"
"Palmitas","69b33a815634cc416b9c7877","Feleti Penitala Teo","604a67e702e32a000195a11e","6a7be87a7972132348b24ff5","2026-08-11 23:32"
"GDrigXOツ","62d397b9283f387577c4aff8","😎","68ae58852d67e7915061112f","6a7be7373414fe9eb8a17279","2026-08-11 23:32"
"Aculstingray","5f09a434a958535b8c808fd6","M A D A R A","680ebd4ab8187db80148ff47","6a7be88e3414fe9eb8a1762e","2026-08-11 23:33"
"zeb","59b32f7a0ee41f7e90f68629","devj","5ee70329a237c362e06100b5","6a7be89f3414fe9eb8a17651","2026-08-11 23:33"
"Xick","6227d06fc4123c000192c138","Salem","63af4615494c2bc27e4a2f31","6a7be7cd8b19e25aeb54e32e","2026-08-11 23:34"
"盲","63b6a120ed1bf0b1b513dfb8","BarryTheBee","62be7867aa13616722f8dd4a","6a7be8103414fe9eb8a174c5","2026-08-11 23:36"
"MongolianMerchant","69ba2e52a04671c8a9b13e12","Tekyla","5ee23e9a3d7b655f60a78171","6a7be8c97972132348b250a9","2026-08-11 23:36"
"Feleti Penitala Teo","604a67e702e32a000195a11e","Mahatma Gandhi","6a30b007dc21ec5f416bc5e1","6a7be9573414fe9eb8a17823","2026-08-11 23:37"
"Xick","6227d06fc4123c000192c138","Palmitas","69b33a815634cc416b9c7877","6a7be9a73414fe9eb8a17974","2026-08-11 23:38"
"Feleti Penitala Teo","604a67e702e32a000195a11e","Mahatma Gandhi","6a30b007dc21ec5f416bc5e1","6a7bea3c3414fe9eb8a17b3a","2026-08-11 23:39"
"ThiiagooAC7","66a13c3e99166dab91896702","Puwaphat2304","660da547c04c2826f94e7d80","6a7be91a7972132348b25159","2026-08-11 23:40"
"Feleti Penitala Teo","604a67e702e32a000195a11e","Mahatma Gandhi","6a30b007dc21ec5f416bc5e1","6a7bea3c3414fe9eb8a17b3a","2026-08-11 23:41"
"Henrikk","622640b7cb9b530001598509","Aculstingray","5f09a434a958535b8c808fd6","6a7be9848b19e25aeb54e72e","2026-08-11 23:41"
"BarryTheBee","62be7867aa13616722f8dd4a","kent","5fa7ab03b45c670001342904","6a7beacd3414fe9eb8a17cd6","2026-08-11 23:42"
"Feleti Penitala Teo","604a67e702e32a000195a11e","Xick","6227d06fc4123c000192c138","6a7beabd3414fe9eb8a17caa","2026-08-11 23:42"
"GDrigXOツ","62d397b9283f387577c4aff8","devj","5ee70329a237c362e06100b5","6a7beaa2766c68b9ac54d3ae","2026-08-11 23:42"
"zeb","59b32f7a0ee41f7e90f68629","Aculstingray","5f09a434a958535b8c808fd6","6a7beb29fd08554516665635","2026-08-11 23:43"
"Tottenhamwisps","60ad03a48b6e1d00012f8e7e","MongolianMerchant","69ba2e52a04671c8a9b13e12","6a7bea30fd0855451666543e","2026-08-11 23:44"
"Mahatma Gandhi","6a30b007dc21ec5f416bc5e1","M A D A R A","680ebd4ab8187db80148ff47","6a7beae87972132348b256f4","2026-08-11 23:44"
"Xick","6227d06fc4123c000192c138","Feleti Penitala Teo","604a67e702e32a000195a11e","6a7beb833414fe9eb8a17ec0","2026-08-11 23:46"
"Mathias","650a2d21361d5316c35b4efe","devj","5ee70329a237c362e06100b5","6a7beb8b7972132348b2585c","2026-08-11 23:46"
"Puwaphat2304","660da547c04c2826f94e7d80","ThiiagooAC7","66a13c3e99166dab91896702","6a7beb2b3414fe9eb8a17dc9","2026-08-11 23:46"
"朋友是一个坚韧不拔的纪录片， 在香港这座城市的设置。","65de536fb77f430b929240f3","Archie","68dbae13522eabccded3a362","6a7be76b3414fe9eb8a172ff","2026-08-11 23:47"
"devj","5ee70329a237c362e06100b5","Mahatma Gandhi","6a30b007dc21ec5f416bc5e1","6a7bec797972132348b25ad0","2026-08-11 23:47"
"Aculstingray","5f09a434a958535b8c808fd6","zeb","59b32f7a0ee41f7e90f68629","6a7bebee7972132348b25949","2026-08-11 23:47"
"[TNT] Kirania","5c14f357ff3dc98d883d182c","Feleti Penitala Teo","604a67e702e32a000195a11e","6a7bed038b19e25aeb54ef4c","2026-08-11 23:50"
"ThiiagooAC7","66a13c3e99166dab91896702","Jas","6011f79736fafa00014be126","6a7bec823414fe9eb8a18172","2026-08-11 23:50"
"M A D A R A","680ebd4ab8187db80148ff47","MongolianMerchant","69ba2e52a04671c8a9b13e12","6a7bebf57972132348b25969","2026-08-11 23:50"
"Xick","6227d06fc4123c000192c138","Feleti Penitala Teo","604a67e702e32a000195a11e","6a7bec843414fe9eb8a18175","2026-08-11 23:51"
"devj","5ee70329a237c362e06100b5","Mahatma Gandhi","6a30b007dc21ec5f416bc5e1","6a7becb47972132348b25b6d","2026-08-11 23:52"
"Xick","6227d06fc4123c000192c138","Feleti Penitala Teo","604a67e702e32a000195a11e","6a7beda23414fe9eb8a18484","2026-08-11 23:55"
"Puwaphat2304","660da547c04c2826f94e7d80","まっちゃあいす","63c5614f750d5027f914c047","6a7bed187972132348b25c65","2026-08-11 23:55"
"Mathias","650a2d21361d5316c35b4efe","Tottenhamwisps","60ad03a48b6e1d00012f8e7e","6a7bed0c3414fe9eb8a182cb","2026-08-11 23:56"
"Mahatma Gandhi","6a30b007dc21ec5f416bc5e1","Feleti Penitala Teo","604a67e702e32a000195a11e","6a7bedfe8b19e25aeb54f190","2026-08-11 23:56"
"Aculstingray","5f09a434a958535b8c808fd6","zeb","59b32f7a0ee41f7e90f68629","6a7becc0766c68b9ac54d821","2026-08-11 23:56"
"[TNT] Kirania","5c14f357ff3dc98d883d182c","BarryTheBee","62be7867aa13616722f8dd4a","6a7bed6d3414fe9eb8a183f4","2026-08-11 23:58"
"M A D A R A","680ebd4ab8187db80148ff47","devj","5ee70329a237c362e06100b5","6a7bedcb3414fe9eb8a184f7","2026-08-11 23:58"
