"Albanian Guy","58796ade8b9ff486d81bbad5","Finn Siemon","66eb7b4a062332fb60915d65","6ac8654f3a1510ca0df04c8e","2026-10-09 00:00"
"Conquistadorito","603801f090c95200017d047e","Pikselat0r (retiring)","6912d873ef3380557dd45eec","6ac863723a1510ca0df045f1","2026-10-09 00:02"
"Finn Siemon","66eb7b4a062332fb60915d65","Eclipse","63470f83ca24afd320cdb879","6ac86727441e3207feeb59b8","2026-10-09 00:03"
"Mahatma Gandhi","6a30b007dc21ec5f416bc5e1","justlman (washed asf)","5feb7db83362e40001479717","6ac866773a1510ca0df050a2","2026-10-09 00:04"
"Unc","6876a81aaf5ea16088df663a","baila mi cumbia","692088a0224f32960becd3da","6ac866863a1510ca0df050cc","2026-10-09 00:05"
"Mahatma Gandhi","6a30b007dc21ec5f416bc5e1","Wijn","657979f3db414bd0da540f23","6ac8678c441e3207feeb5ae7","2026-10-09 00:07"
"NamibianAmphibianMan","69ba2e52a04671c8a9b13e12","☃️💞Necridanov💞☃️🇫🇷-🇲🇹","61c8e6e43ac48e000144efc9","6ac867253a1510ca0df0534c","2026-10-09 00:07"
"Albanian Guy","58796ade8b9ff486d81bbad5","Finn Siemon","66eb7b4a062332fb60915d65","6ac867a1597d5a85c364ea5a","2026-10-09 00:09"
"Unc","6876a81aaf5ea16088df663a","Mahatma Gandhi","6a30b007dc21ec5f416bc5e1","6ac8685a3a1510ca0df05807","2026-10-09 00:12"
"Puwaphat2304 (Skill Issue)","660da547c04c2826f94e7d80","Wijn","657979f3db414bd0da540f23","6ac868653a1510ca0df05830","2026-10-09 00:13"
"NamibianAmphibianMan","69ba2e52a04671c8a9b13e12","☃️💞Necridanov💞☃️🇫🇷-🇲🇹","61c8e6e43ac48e000144efc9","6ac868793a1510ca0df05899","2026-10-09 00:13"
"Unc","6876a81aaf5ea16088df663a","Mahatma Gandhi","6a30b007dc21ec5f416bc5e1","6ac8697c3a1510ca0df05b7c","2026-10-09 00:14"
"Mahatma Gandhi","6a30b007dc21ec5f416bc5e1","Unc","6876a81aaf5ea16088df663a","6ac86a023a1510ca0df05d42","2026-10-09 00:17"
"Красота спасёт мир","696e7ffd3657a531005b1a50","Wijn","657979f3db414bd0da540f23","6ac869f83a1510ca0df05d18","2026-10-09 00:19"
"Poli","5e400d956ea51038a090084f","Eclipse","63470f83ca24afd320cdb879","6ac86a4d3a1510ca0df05e56","2026-10-09 00:19"
"NamibianAmphibianMan","69ba2e52a04671c8a9b13e12","☃️💞Necridanov💞☃️🇫🇷-🇲🇹","61c8e6e43ac48e000144efc9","6ac869e43a1510ca0df05ce9","2026-10-09 00:23"
"Feneb","5dba86167e473f2408461141","constella","64b2b2afd22a6256877948e5","6ac86c593a1510ca0df06904","2026-10-09 00:26"
"Poli","5e400d956ea51038a090084f","Красота спасёт мир","696e7ffd3657a531005b1a50","6ac86b5b3a1510ca0df063dd","2026-10-09 00:26"
"Finn Siemon","66eb7b4a062332fb60915d65","Mahatma Gandhi","6a30b007dc21ec5f416bc5e1","6ac86abc3a1510ca0df0603f","2026-10-09 00:27"
"constella","64b2b2afd22a6256877948e5","Красота спасёт мир","696e7ffd3657a531005b1a50","6ac86ccb597d5a85c364fa78","2026-10-09 00:30"
"izakMicrosoft","621417f119f1c30001e662c0","Serenaline❀","685ae6aed032e8a9d65fb9ba","6ac86c5e3a1510ca0df0691f","2026-10-09 00:30"
"Mahatma Gandhi","6a30b007dc21ec5f416bc5e1","gamis","66f2e8d48b1923286a5a11f1","6ac86d48fc5f2a3cfa17f587","2026-10-09 00:31"
"Mahatma Gandhi","6a30b007dc21ec5f416bc5e1","Luuuuuu :)","62e8d4366d2691f34172c855","6ac86e163a1510ca0df071a4","2026-10-09 00:34"
"izakMicrosoft","621417f119f1c30001e662c0","Elsa","6087ed4694d9530001512408","6ac86df7cc3e69ca2e67e449","2026-10-09 00:38"
"Finn Siemon","66eb7b4a062332fb60915d65","Mahatma Gandhi","6a30b007dc21ec5f416bc5e1","6ac86edd3a1510ca0df0755a","2026-10-09 00:41"
"PapaMacdus","6667d837d40195a479dc95b8","YouFaceJarraxus","666fe78b303bced02fab7802","6ac86fe53a1510ca0df07a2c","2026-10-09 00:42"
"Mahatma Gandhi","6a30b007dc21ec5f416bc5e1","justlman (washed asf)","5feb7db83362e40001479717","6ac8706ffc5f2a3cfa17fdd9","2026-10-09 00:43"
"a-you","5e93a3443d4b6a5af4f11b0b","Finn Siemon","66eb7b4a062332fb60915d65","6ac870c73a1510ca0df07e25","2026-10-09 00:45"
"Mahatma Gandhi","6a30b007dc21ec5f416bc5e1","justlman (washed asf)","5feb7db83362e40001479717","6ac87103441e3207feeb74f2","2026-10-09 00:47"
"a-you","5e93a3443d4b6a5af4f11b0b","Finn Siemon","66eb7b4a062332fb60915d65","6ac8711c441e3207feeb7529","2026-10-09 00:49"
"a-you","5e93a3443d4b6a5af4f11b0b","Finn Siemon","66eb7b4a062332fb60915d65","6ac87229fc5f2a3cfa1802ed","2026-10-09 00:56"
"a-you","5e93a3443d4b6a5af4f11b0b","Finn Siemon","66eb7b4a062332fb60915d65","6ac873c3fc5f2a3cfa1806e6","2026-10-09 00:58"
"Mahatma Gandhi","6a30b007dc21ec5f416bc5e1","Luuuuuu :)","62e8d4366d2691f34172c855","6ac8737f3a1510ca0df08a96","2026-10-09 00:59"
"a-you","5e93a3443d4b6a5af4f11b0b","Finn Siemon","66eb7b4a062332fb60915d65","6ac87448441e3207feeb7ea1","2026-10-09 01:02"
"izakMicrosoft","621417f119f1c30001e662c0","YouFaceJarraxus","666fe78b303bced02fab7802","6ac873a8441e3207feeb7cc7","2026-10-09 01:02"
"Mahatma Gandhi","6a30b007dc21ec5f416bc5e1","baila mi cumbia","692088a0224f32960becd3da","6ac874703a1510ca0df08f3f","2026-10-09 01:03"
"trulybuzzy","5fb20f55d3f912000124d619","YouFaceJarraxus","666fe78b303bced02fab7802","6ac875ecfc5f2a3cfa180c99","2026-10-09 01:09"
"Mahatma Gandhi","6a30b007dc21ec5f416bc5e1","Zoe","64012c4575693afea0dec10b","6ac8762a3a1510ca0df09791","2026-10-09 01:10"
"WaiWai","621f7436f0bf520001066b61","zeb","59b32f7a0ee41f7e90f68629","6ac875503a1510ca0df09375","2026-10-09 01:11"
"a-you","5e93a3443d4b6a5af4f11b0b","Finn Siemon","66eb7b4a062332fb60915d65","6ac8753a597d5a85c36513a9","2026-10-09 01:13"
"Prelude","6a99a767180aae2d3341d15f","Finn Siemon","66eb7b4a062332fb60915d65","6ac877f13a1510ca0df09fcc","2026-10-09 01:16"
"[TNT] jv724 α","5d50f46b24ec173888d7e22e","trulybuzzy","5fb20f55d3f912000124d619","6ac876e33a1510ca0df09ba7","2026-10-09 01:20"
"WaiWai","621f7436f0bf520001066b61","Prelude","6a99a767180aae2d3341d15f","6ac87891597d5a85c3651f24","2026-10-09 01:20"
"Mahatma Gandhi","6a30b007dc21ec5f416bc5e1","鳴神","5e6434058fd6cf50f886fb99","6ac87857fc5f2a3cfa181449","2026-10-09 01:22"
"Figsy_Games","5e91c2303d4b6a251c171a3b","鳴神","5e6434058fd6cf50f886fb99","6ac879cd3a1510ca0df0a72f","2026-10-09 01:25"
"izakMicrosoft","621417f119f1c30001e662c0","☃️💞Necridanov💞☃️🇫🇷-🇲🇹","61c8e6e43ac48e000144efc9","6ac8791f3a1510ca0df0a516","2026-10-09 01:25"
"trulybuzzy","5fb20f55d3f912000124d619","Systembolaget","63456e178a277dc659adfd47","6ac879c5441e3207feeb8e40","2026-10-09 01:25"
"Prelude","6a99a767180aae2d3341d15f","baila mi cumbia","692088a0224f32960becd3da","6ac879633a1510ca0df0a60a","2026-10-09 01:26"
"Mahatma Gandhi","6a30b007dc21ec5f416bc5e1","鳴神","5e6434058fd6cf50f886fb99","6ac87a8c3a1510ca0df0a996","2026-10-09 01:29"
"WaiWai","621f7436f0bf520001066b61","izakMicrosoft","621417f119f1c30001e662c0","6ac87aae597d5a85c36525e1","2026-10-09 01:30"
"trulybuzzy","5fb20f55d3f912000124d619","baila mi cumbia","692088a0224f32960becd3da","6ac87aec597d5a85c3652695","2026-10-09 01:32"
"izakMicrosoft","621417f119f1c30001e662c0","☃️💞Necridanov💞☃️🇫🇷-🇲🇹","61c8e6e43ac48e000144efc9","6ac87c193a1510ca0df0aece","2026-10-09 01:34"
"Figsy_Games","5e91c2303d4b6a251c171a3b","WaiWai","621f7436f0bf520001066b61","6ac87ca43a1510ca0df0b0b3","2026-10-09 01:37"
"Figsy_Games","5e91c2303d4b6a251c171a3b","WaiWai","621f7436f0bf520001066b61","6ac87ca43a1510ca0df0b0b3","2026-10-09 01:38"
"trulybuzzy","5fb20f55d3f912000124d619","Figsy_Games","5e91c2303d4b6a251c171a3b","6ac87c523a1510ca0df0af8f","2026-10-09 01:40"
"izakMicrosoft","621417f119f1c30001e662c0","Systembolaget","63456e178a277dc659adfd47","6ac87d38441e3207feeb972b","2026-10-09 01:40"
"Jesper","6962762abc79a0f2300d324e","Wijn","657979f3db414bd0da540f23","6ac87d703a1510ca0df0b362","2026-10-09 01:41"
"Bms432","5d75a280b4ec1705ecdb7cf0","Figsy_Games","5e91c2303d4b6a251c171a3b","6ac87db93a1510ca0df0b472","2026-10-09 01:41"
"Bms432","5d75a280b4ec1705ecdb7cf0","Figsy_Games","5e91c2303d4b6a251c171a3b","6ac87db93a1510ca0df0b472","2026-10-09 01:43"
"trulybuzzy","5fb20f55d3f912000124d619","Systembolaget","63456e178a277dc659adfd47","6ac87e5d3a1510ca0df0b738","2026-10-09 01:44"
"Jesper","6962762abc79a0f2300d324e","Figsy_Games","5e91c2303d4b6a251c171a3b","6ac87e833a1510ca0df0b7af","2026-10-09 01:46"
"izakMicrosoft","621417f119f1c30001e662c0","MatePotato","5fc4c940cfea930001657d86","6ac87e133a1510ca0df0b662","2026-10-09 01:46"
"Jesper","6962762abc79a0f2300d324e","Figsy_Games","5e91c2303d4b6a251c171a3b","6ac87e833a1510ca0df0b7af","2026-10-09 01:47"
"Bms432","5d75a280b4ec1705ecdb7cf0","Pikselat0r (retiring)","6912d873ef3380557dd45eec","6ac87f823a1510ca0df0bb82","2026-10-09 01:49"
"gokhale","68257ab1be5b31c617f37156","Bms432","5d75a280b4ec1705ecdb7cf0","6ac87fc8597d5a85c365358d","2026-10-09 01:50"
"Bms432","5d75a280b4ec1705ecdb7cf0","Angoose52","5828eccb9cbb976514169e66","6ac8806e3a1510ca0df0beaf","2026-10-09 01:53"
"gokhale","68257ab1be5b31c617f37156","Bms432","5d75a280b4ec1705ecdb7cf0","6ac8805f597d5a85c36537a8","2026-10-09 01:56"
"Bms432","5d75a280b4ec1705ecdb7cf0","Angoose52","5828eccb9cbb976514169e66","6ac8811d597d5a85c36539d4","2026-10-09 01:56"
"鳴神","5e6434058fd6cf50f886fb99","Conquistadorito","603801f090c95200017d047e","6ac87b8e4600128af0890ec1","2026-10-09 01:57"
"trulybuzzy","5fb20f55d3f912000124d619","MatePotato","5fc4c940cfea930001657d86","6ac87f9b3a1510ca0df0bbf3","2026-10-09 01:58"
"WaiWai","621f7436f0bf520001066b61","𝓯𝓻𝓮𝓪𝓴𝔂 scarlocck","671b07117678ed42697349ee","6ac881203a1510ca0df0c0e0","2026-10-09 01:59"
"gokhale","68257ab1be5b31c617f37156","Figsy_Games","5e91c2303d4b6a251c171a3b","6ac8820b3a1510ca0df0c484","2026-10-09 02:00"
"Figsy_Games","5e91c2303d4b6a251c171a3b","Bms432","5d75a280b4ec1705ecdb7cf0","6ac882b13a1510ca0df0c74a","2026-10-09 02:01"
"wang","64df30f334185dd27cf839a7","Aaryan22","657021f7412bfd95aad62550","6ac880c73a1510ca0df0bfbb","2026-10-09 02:02"
"Figsy_Games","5e91c2303d4b6a251c171a3b","Bms432","5d75a280b4ec1705ecdb7cf0","6ac882ba597d5a85c3653f2e","2026-10-09 02:02"
"Figsy_Games","5e91c2303d4b6a251c171a3b","Angoose52","5828eccb9cbb976514169e66","6ac8834f3a1510ca0df0c96e","2026-10-09 02:04"
"𝓯𝓻𝓮𝓪𝓴𝔂 scarlocck","671b07117678ed42697349ee","trulybuzzy","5fb20f55d3f912000124d619","6ac882ad441e3207feeba5ab","2026-10-09 02:04"
"Bms432","5d75a280b4ec1705ecdb7cf0","Figsy_Games","5e91c2303d4b6a251c171a3b","6ac883073a1510ca0df0c88f","2026-10-09 02:05"
"Figsy_Games","5e91c2303d4b6a251c171a3b","Bms432","5d75a280b4ec1705ecdb7cf0","6ac88363597d5a85c3654191","2026-10-09 02:06"
"𝓯𝓻𝓮𝓪𝓴𝔂 scarlocck","671b07117678ed42697349ee","trulybuzzy","5fb20f55d3f912000124d619","6ac883ca3a1510ca0df0cb8d","2026-10-09 02:08"
"mikowhy","659c9d0a72300acff1deb5df","Lubec","5e974c906ea510372c1e444a","6ac882ec3a1510ca0df0c83a","2026-10-09 02:09"
"Bms432","5d75a280b4ec1705ecdb7cf0","baila mi cumbia","692088a0224f32960becd3da","6ac884903a1510ca0df0ce80","2026-10-09 02:09"
"Lubec","5e974c906ea510372c1e444a","kcd","5aef47d3b18d0894c4ffe297","6ac885273a1510ca0df0d11e","2026-10-09 02:14"
"Bms432","5d75a280b4ec1705ecdb7cf0","baila mi cumbia","692088a0224f32960becd3da","6ac885123a1510ca0df0d0cb","2026-10-09 02:14"
"OceanMan","5e9a08cdd502e121002b5279","mikowhy","659c9d0a72300acff1deb5df","6ac884e4441e3207feebada1","2026-10-09 02:16"
"trulybuzzy","5fb20f55d3f912000124d619","𝓯𝓻𝓮𝓪𝓴𝔂 scarlocck","671b07117678ed42697349ee","6ac884a8597d5a85c36545cd","2026-10-09 02:16"
"Luki","601f8014af093300017fdb6c","kcd","5aef47d3b18d0894c4ffe297","6ac8862a597d5a85c3654bf6","2026-10-09 02:18"
"Bms432","5d75a280b4ec1705ecdb7cf0","TEEM0","68f9fdd90f6d5f026cf9e4d8","6ac886a43a1510ca0df0d942","2026-10-09 02:18"
"Lubec","5e974c906ea510372c1e444a","Aaryan22","657021f7412bfd95aad62550","6ac8862f3a1510ca0df0d720","2026-10-09 02:19"
"Bms432","5d75a280b4ec1705ecdb7cf0","TEEM0","68f9fdd90f6d5f026cf9e4d8","6ac886a43a1510ca0df0d942","2026-10-09 02:19"
"BoilingButter","601e187ef671dd0001c632ca","まっちゃあいす","63c5614f750d5027f914c047","6ac885b1fc5f2a3cfa183ade","2026-10-09 02:19"
"tom","613563da6ab4770001681b9a","kcd","5aef47d3b18d0894c4ffe297","6ac88713b0403a027f0915fa","2026-10-09 02:22"
"trulybuzzy","5fb20f55d3f912000124d619","𝓯𝓻𝓮𝓪𝓴𝔂 scarlocck","671b07117678ed42697349ee","6ac88678597d5a85c3654cda","2026-10-09 02:22"
"kalesalad","60c9cf146dac910001261659","Lubec","5e974c906ea510372c1e444a","6ac8875db3613d712517de03","2026-10-09 02:24"
"Luki","601f8014af093300017fdb6c","mikowhy","659c9d0a72300acff1deb5df","6ac887183a1510ca0df0db6b","2026-10-09 02:24"
"Aaryan22","657021f7412bfd95aad62550","kcd","5aef47d3b18d0894c4ffe297","6ac887e8b0403a027f091642","2026-10-09 02:24"
"Bms432","5d75a280b4ec1705ecdb7cf0","KOSTIUSHKA 😋","67a0a342b159c1528ecc5eba","6ac88726b3613d712517ddc4","2026-10-09 02:24"
"Bms432","5d75a280b4ec1705ecdb7cf0","윈터","6a342abd766da45cf348afd6","6ac887b6961cc891228fd14a","2026-10-09 02:26"
"Figsy_Games","5e91c2303d4b6a251c171a3b","Bms432","5d75a280b4ec1705ecdb7cf0","6ac888ee7f1d05d0741a58ea","2026-10-09 02:27"
"trulybuzzy","5fb20f55d3f912000124d619","𝓯𝓻𝓮𝓪𝓴𝔂 scarlocck","671b07117678ed42697349ee","6ac887dcb3613d712517df4f","2026-10-09 02:27"
"Figsy_Games","5e91c2303d4b6a251c171a3b","Bms432","5d75a280b4ec1705ecdb7cf0","6ac888ee7f1d05d0741a58ea","2026-10-09 02:28"
"Aaryan22","657021f7412bfd95aad62550","tom","613563da6ab4770001681b9a","6ac888577f1d05d0741a5691","2026-10-09 02:29"
"Figsy_Games","5e91c2303d4b6a251c171a3b","Bms432","5d75a280b4ec1705ecdb7cf0","6ac888ee7f1d05d0741a58ea","2026-10-09 02:29"
"Figsy_Games","5e91c2303d4b6a251c171a3b","Bms432","5d75a280b4ec1705ecdb7cf0","6ac8893fb3613d712517e4eb","2026-10-09 02:31"
"WaiWai","621f7436f0bf520001066b61","𝓯𝓻𝓮𝓪𝓴𝔂 scarlocck","671b07117678ed42697349ee","6ac8890e961cc891228fd725","2026-10-09 02:32"
"Luki","601f8014af093300017fdb6c","kalesalad","60c9cf146dac910001261659","6ac888677f1d05d0741a56bb","2026-10-09 02:35"
"Lubec","5e974c906ea510372c1e444a","trulybuzzy","5fb20f55d3f912000124d619","6ac88a16b3613d712517e778","2026-10-09 02:36"
"KOSTIUSHKA 😋","67a0a342b159c1528ecc5eba","윈터","6a342abd766da45cf348afd6","6ac88a0b7f1d05d0741a5c95","2026-10-09 02:37"
"𝓯𝓻𝓮𝓪𝓴𝔂 scarlocck","671b07117678ed42697349ee","baila mi cumbia","692088a0224f32960becd3da","6ac88a98961cc891228fdcea","2026-10-09 02:38"
"Figsy_Games","5e91c2303d4b6a251c171a3b","Lubec","5e974c906ea510372c1e444a","6ac88b59961cc891228fe134","2026-10-09 02:40"
"Florian","5dad9132d0d2a44f1018e420","baila mi cumbia","692088a0224f32960becd3da","6ac88bbab3613d712517ed64","2026-10-09 02:40"
"kober","67ad18a09e150413a5e6fa66","ZakyBoy","602adad6f1933a000135da45","6ac88bf4961cc891228fe42f","2026-10-09 02:41"
"Luki","601f8014af093300017fdb6c","kalesalad","60c9cf146dac910001261659","6ac88b19b3613d712517eb55","2026-10-09 02:42"
"ZakyBoy","602adad6f1933a000135da45","Lubec","5e974c906ea510372c1e444a","6ac88c74961cc891228fe697","2026-10-09 02:45"
"super singh","6a591d57c05d5d35f4095c85","mikowhy","659c9d0a72300acff1deb5df","6ac8888a961cc891228fd487","2026-10-09 02:46"
"Luki","601f8014af093300017fdb6c","kober","67ad18a09e150413a5e6fa66","6ac88c957f1d05d0741a664f","2026-10-09 02:47"
"Spinner2k","6222449c68dc010001609860","Rochee","6458a49911652630bb115dc0","6ac88cde961cc891228fe89e","2026-10-09 02:49"
"KOSTIUSHKA 😋","67a0a342b159c1528ecc5eba","frey44","65196df73b287bbf7203f3f7","6ac88df5961cc891228fed83","2026-10-09 02:50"
"kober","67ad18a09e150413a5e6fa66","Luki","601f8014af093300017fdb6c","6ac88dba961cc891228feca0","2026-10-09 02:51"
"kober","67ad18a09e150413a5e6fa66","Figsy_Games","5e91c2303d4b6a251c171a3b","6ac88df2961cc891228fed76","2026-10-09 02:52"
"mzk","5f3fde73116e5c0001ef74a5","NamibianAmphibianMan","69ba2e52a04671c8a9b13e12","6ac88d69b3613d712517f3bf","2026-10-09 02:52"
"mzk","5f3fde73116e5c0001ef74a5","NamibianAmphibianMan","69ba2e52a04671c8a9b13e12","6ac88d69b3613d712517f3bf","2026-10-09 02:53"
"Conquistadorito","603801f090c95200017d047e","まっちゃあいす","63c5614f750d5027f914c047","6ac889c4961cc891228fd9df","2026-10-09 02:54"
"KOSTIUSHKA 😋","67a0a342b159c1528ecc5eba","Figsy_Games","5e91c2303d4b6a251c171a3b","6ac88eb9961cc891228ff06d","2026-10-09 02:55"
"Spinner2k","6222449c68dc010001609860","WaiWai","621f7436f0bf520001066b61","6ac88e637c114ea4c835ccdd","2026-10-09 02:57"
"Figsy_Games","5e91c2303d4b6a251c171a3b","KOSTIUSHKA 😋","67a0a342b159c1528ecc5eba","6ac88fb5961cc891228ff40e","2026-10-09 02:58"
"persimmonsuk!p","6809563cae64cffc1988e9fe","Kornie","5c731d7df8f7fb63d049e526","6ac88d37b3613d712517f30e","2026-10-09 02:58"
"Luki","601f8014af093300017fdb6c","kober","67ad18a09e150413a5e6fa66","6ac88ed9961cc891228ff0cc","2026-10-09 02:59"
"Lubec","5e974c906ea510372c1e444a","Figsy_Games","5e91c2303d4b6a251c171a3b","6ac88fbeb3613d712517fb4b","2026-10-09 02:59"
"kober","67ad18a09e150413a5e6fa66","Luki","601f8014af093300017fdb6c","6ac8909f961cc891228ff80e","2026-10-09 03:02"
"Figsy_Games","5e91c2303d4b6a251c171a3b","KOSTIUSHKA 😋","67a0a342b159c1528ecc5eba","6ac8907c961cc891228ff781","2026-10-09 03:02"
"kober","67ad18a09e150413a5e6fa66","Figsy_Games","5e91c2303d4b6a251c171a3b","6ac890e2961cc891228ff94b","2026-10-09 03:03"
"kober","67ad18a09e150413a5e6fa66","Figsy_Games","5e91c2303d4b6a251c171a3b","6ac891b7961cc891228ffd9f","2026-10-09 03:05"
"NamibianAmphibianMan","69ba2e52a04671c8a9b13e12","duskron","60e6fefd864e960001667155","6ac88f62b3613d712517fa1f","2026-10-09 03:05"
"Brzoza","60ababeffb1efa0001302754","Lubec","5e974c906ea510372c1e444a","6ac890fb7f1d05d0741a75a2","2026-10-09 03:07"
"VIVER","631f29032347fcd4bef60349","Figsy_Games","5e91c2303d4b6a251c171a3b","6ac892217f1d05d0741a7a8a","2026-10-09 03:07"
"Figsy_Games","5e91c2303d4b6a251c171a3b","Bms432","5d75a280b4ec1705ecdb7cf0","6ac8927f961cc891229001f8","2026-10-09 03:09"
"Luki","601f8014af093300017fdb6c","kober","67ad18a09e150413a5e6fa66","6ac891cb961cc891228ffe18","2026-10-09 03:10"
"Bms432","5d75a280b4ec1705ecdb7cf0","mzk","5f3fde73116e5c0001ef74a5","6ac892b7961cc8912290034e","2026-10-09 03:10"
"KOSTIUSHKA 😋","67a0a342b159c1528ecc5eba","Figsy_Games","5e91c2303d4b6a251c171a3b","6ac8915e7f1d05d0741a7715","2026-10-09 03:10"
"Figsy_Games","5e91c2303d4b6a251c171a3b","VIVER","631f29032347fcd4bef60349","6ac89299bd2cb1c49a458ee8","2026-10-09 03:11"
"VIVER","631f29032347fcd4bef60349","Bms432","5d75a280b4ec1705ecdb7cf0","6ac8937c137629eb9fc2c5b2","2026-10-09 03:12"
"Conquistadorito","603801f090c95200017d047e","まっちゃあいす","63c5614f750d5027f914c047","6ac88fe0b3613d712517fbd2","2026-10-09 03:13"
"Spinner2k","6222449c68dc010001609860","WaiWai","621f7436f0bf520001066b61","6ac891cdb3613d712518040b","2026-10-09 03:13"
"VIVER","631f29032347fcd4bef60349","Bms432","5d75a280b4ec1705ecdb7cf0","6ac8937c137629eb9fc2c5b2","2026-10-09 03:13"
"mzk","5f3fde73116e5c0001ef74a5","baila mi cumbia","692088a0224f32960becd3da","6ac8931e7f1d05d0741a7e95","2026-10-09 03:13"
"VIVER","631f29032347fcd4bef60349","twitch.tv/danq_s ☠️","639c2a925d4cc27b2f7a898b","6ac893ba961cc8912290089d","2026-10-09 03:15"
"Lubec","5e974c906ea510372c1e444a","Brzoza","60ababeffb1efa0001302754","6ac892a0137629eb9fc2c204","2026-10-09 03:16"
"Spinner2k","6222449c68dc010001609860","NamibianAmphibianMan","69ba2e52a04671c8a9b13e12","6ac894297f1d05d0741a82f5","2026-10-09 03:17"
"KOSTIUSHKA 😋","67a0a342b159c1528ecc5eba","Bms432","5d75a280b4ec1705ecdb7cf0","6ac894267f1d05d0741a82e7","2026-10-09 03:17"
"VIVER","631f29032347fcd4bef60349","Figsy_Games","5e91c2303d4b6a251c171a3b","6ac8945c7f1d05d0741a83bc","2026-10-09 03:18"
"Figsy_Games","5e91c2303d4b6a251c171a3b","twitch.tv/danq_s ☠️","639c2a925d4cc27b2f7a898b","6ac894667f1d05d0741a83dc","2026-10-09 03:18"
"mzk","5f3fde73116e5c0001ef74a5","Bms432","5d75a280b4ec1705ecdb7cf0","6ac893e7137629eb9fc2c7b3","2026-10-09 03:18"
"aguardiente","60ba2dec2056310001c27701","Neuer3","64257ca5930f6c559b9a32e9","6ac8939db3613d7125180c55","2026-10-09 03:19"
"DeTect","65aaf6d23171e89a57705b47","savostik","5eab261b6ea51065ec08e544","6ac8925a961cc8912290017c","2026-10-09 03:19"
"Palmitas","5c0450ca431965af44f4668e","kober","67ad18a09e150413a5e6fa66","6ac8944db3613d7125180fbb","2026-10-09 03:20"
"Bms432","5d75a280b4ec1705ecdb7cf0","baila mi cumbia","692088a0224f32960becd3da","6ac8952c7f1d05d0741a86ba","2026-10-09 03:20"
"twitch.tv/qule0","635d8550c15309de668daf99","Figsy_Games","5e91c2303d4b6a251c171a3b","6ac894aa961cc89122900e63","2026-10-09 03:22"
"kober","67ad18a09e150413a5e6fa66","VIVER","631f29032347fcd4bef60349","6ac89550b3613d712518138f","2026-10-09 03:23"
"Brzoza","60ababeffb1efa0001302754","Lubec","5e974c906ea510372c1e444a","6ac894abb3613d7125181149","2026-10-09 03:23"
"twitch.tv/danq_s ☠️","639c2a925d4cc27b2f7a898b","Bms432","5d75a280b4ec1705ecdb7cf0","6ac8950f961cc89122901094","2026-10-09 03:23"
"Figsy_Games","5e91c2303d4b6a251c171a3b","twitch.tv/qule0","635d8550c15309de668daf99","6ac89617961cc89122901732","2026-10-09 03:24"
"Conquistadorito","603801f090c95200017d047e","Jack A. Hays","67c27138c21de6a7e25b8d91","6ac894ae961cc89122900e8e","2026-10-09 03:24"
"Figsy_Games","5e91c2303d4b6a251c171a3b","twitch.tv/qule0","635d8550c15309de668daf99","6ac89617961cc89122901732","2026-10-09 03:25"
"Bms432","5d75a280b4ec1705ecdb7cf0","twitch.tv/danq_s ☠️","639c2a925d4cc27b2f7a898b","6ac896567f1d05d0741a8be3","2026-10-09 03:25"
"Palmitas","5c0450ca431965af44f4668e","kober","67ad18a09e150413a5e6fa66","6ac895bb137629eb9fc2d04f","2026-10-09 03:26"
"VIVER","631f29032347fcd4bef60349","Figsy_Games","5e91c2303d4b6a251c171a3b","6ac896487f1d05d0741a8bb2","2026-10-09 03:26"
"kober","67ad18a09e150413a5e6fa66","Lubec","5e974c906ea510372c1e444a","6ac89682961cc891229019c3","2026-10-09 03:27"
"Figsy_Games","5e91c2303d4b6a251c171a3b","twitch.tv/qule0","635d8550c15309de668daf99","6ac8968c961cc891229019fc","2026-10-09 03:27"
"Spinner2k","6222449c68dc010001609860","DevGeo(YT)","636157b9cf326cd4ca7a9ead","6ac895f6137629eb9fc2d1c4","2026-10-09 03:27"
"WaiWai","621f7436f0bf520001066b61","まっちゃあいす","63c5614f750d5027f914c047","6ac894cdb3613d71251811ed","2026-10-09 03:27"
"Brzoza","60ababeffb1efa0001302754","Palmitas","5c0450ca431965af44f4668e","6ac896e8137629eb9fc2d62e","2026-10-09 03:28"
"Ringo","6046c8a097019400018ea4cf","Conquistadorito","603801f090c95200017d047e","6ac896abb3613d7125181abf","2026-10-09 03:29"
"NamibianAmphibianMan","69ba2e52a04671c8a9b13e12","れい（Rey）","6444afc0c30fa09317b315fc","6ac8955a137629eb9fc2ce64","2026-10-09 03:29"
"Bms432","5d75a280b4ec1705ecdb7cf0","Figsy_Games","5e91c2303d4b6a251c171a3b","6ac89702b3613d7125181c2d","2026-10-09 03:30"
"duskron","60e6fefd864e960001667155","Jack A. Hays","67c27138c21de6a7e25b8d91","6ac8969a2b2c714f93447049","2026-10-09 03:31"
"DevGeo(YT)","636157b9cf326cd4ca7a9ead","Figsy_Games","5e91c2303d4b6a251c171a3b","6ac8973a961cc89122901d9a","2026-10-09 03:31"
"Figsy_Games","5e91c2303d4b6a251c171a3b","Bms432","5d75a280b4ec1705ecdb7cf0","6ac897efb3613d7125182020","2026-10-09 03:33"
"Lubec","5e974c906ea510372c1e444a","kober","67ad18a09e150413a5e6fa66","6ac8975f961cc89122901e7e","2026-10-09 03:34"
"Figsy_Games","5e91c2303d4b6a251c171a3b","Bms432","5d75a280b4ec1705ecdb7cf0","6ac89806961cc891229021fe","2026-10-09 03:34"
"DeTect","65aaf6d23171e89a57705b47","Oortje","5f748fe18804c1000141b5d0","6ac895827f1d05d0741a881f","2026-10-09 03:34"
"Palmitas","5c0450ca431965af44f4668e","Brzoza","60ababeffb1efa0001302754","6ac897ef7f1d05d0741a9271","2026-10-09 03:35"
"Ringo","6046c8a097019400018ea4cf","Spinner2k","6222449c68dc010001609860","6ac8978e137629eb9fc2d8f4","2026-10-09 03:36"
"Figsy_Games","5e91c2303d4b6a251c171a3b","Jack A. Hays","67c27138c21de6a7e25b8d91","6ac8983a961cc8912290230f","2026-10-09 03:36"
"Ringo","6046c8a097019400018ea4cf","Conquistadorito","603801f090c95200017d047e","6ac89937137629eb9fc2de0a","2026-10-09 03:37"
"Figsy_Games","5e91c2303d4b6a251c171a3b","Bms432","5d75a280b4ec1705ecdb7cf0","6ac898dd7f1d05d0741a95ed","2026-10-09 03:37"
"DevGeo(YT)","636157b9cf326cd4ca7a9ead","NamibianAmphibianMan","69ba2e52a04671c8a9b13e12","6ac8980fb3613d712518207c","2026-10-09 03:37"
"kober","67ad18a09e150413a5e6fa66","Lubec","5e974c906ea510372c1e444a","6ac898e07f1d05d0741a95fc","2026-10-09 03:38"
"Neuer3","64257ca5930f6c559b9a32e9","Conquistadorito","603801f090c95200017d047e","6ac89798961cc89122901fb3","2026-10-09 03:39"
"WaiWai","621f7436f0bf520001066b61","Oortje","5f748fe18804c1000141b5d0","6ac899307f1d05d0741a972c","2026-10-09 03:39"
"duskron","60e6fefd864e960001667155","Bms432","5d75a280b4ec1705ecdb7cf0","6ac898fd961cc89122902717","2026-10-09 03:40"
"aguardiente","60ba2dec2056310001c27701","Fabu","61c77b7b96f28e0001722043","6ac898f3961cc891229026e4","2026-10-09 03:40"
"kober","67ad18a09e150413a5e6fa66","VIVER","631f29032347fcd4bef60349","6ac89919961cc8912290279f","2026-10-09 03:41"
"DevGeo(YT)","636157b9cf326cd4ca7a9ead","はやぴー","63c2fb1d3a6897fe7fa9b83c","6ac89974961cc89122902993","2026-10-09 03:42"
"Lubec","5e974c906ea510372c1e444a","VIVER","631f29032347fcd4bef60349","6ac89a6f961cc89122902e23","2026-10-09 03:43"
"Chuya✞","66549d4cc725af87c3aa9a34","Palmitas","5c0450ca431965af44f4668e","6ac89968961cc8912290293d","2026-10-09 03:46"
"Ringo","6046c8a097019400018ea4cf","NamibianAmphibianMan","69ba2e52a04671c8a9b13e12","6ac899b3961cc89122902aca","2026-10-09 03:46"
"Spinner2k","6222449c68dc010001609860","baila mi cumbia","692088a0224f32960becd3da","6ac899684946185ed6135c1a","2026-10-09 03:46"
"kober","67ad18a09e150413a5e6fa66","77angels","5aae066718399e2758306701","6ac89b47b3613d7125182b2b","2026-10-09 03:47"
"duskron","60e6fefd864e960001667155","DevGeo(YT)","636157b9cf326cd4ca7a9ead","6ac89a9a7f1d05d0741a9bd4","2026-10-09 03:48"
"Lubec","5e974c906ea510372c1e444a","VIVER","631f29032347fcd4bef60349","6ac89b3d961cc891229031a2","2026-10-09 03:49"
"77angels","5aae066718399e2758306701","kober","67ad18a09e150413a5e6fa66","6ac89bd4137629eb9fc2e752","2026-10-09 03:51"
"Brzoza","60ababeffb1efa0001302754","Palmitas","5c0450ca431965af44f4668e","6ac89bbe7f1d05d0741aa017","2026-10-09 03:52"
"kober","67ad18a09e150413a5e6fa66","Lubec","5e974c906ea510372c1e444a","6ac89ccd062a19fc28b63112","2026-10-09 03:52"
"kober","67ad18a09e150413a5e6fa66","Lubec","5e974c906ea510372c1e444a","6ac89ccd062a19fc28b63112","2026-10-09 03:53"
"Spinner2k","6222449c68dc010001609860","DevGeo(YT)","636157b9cf326cd4ca7a9ead","6ac89c2a961cc891229035d7","2026-10-09 03:53"
"Anonymous","5eccd6d68d6ade72cc836cb8","はやぴー","63c2fb1d3a6897fe7fa9b83c","6ac89bb5137629eb9fc2e6f0","2026-10-09 03:55"
"Palmitas","5c0450ca431965af44f4668e","Brzoza","60ababeffb1efa0001302754","6ac89cfb4d06b055ee3c491d","2026-10-09 03:56"
"NamibianAmphibianMan","69ba2e52a04671c8a9b13e12","pangolin","5ee22161f200f12f30cd9d29","6ac89cb24d06b055ee3c4802","2026-10-09 03:56"
"77angels","5aae066718399e2758306701","kober","67ad18a09e150413a5e6fa66","6ac89d59062a19fc28b63378","2026-10-09 03:57"
"duskron","60e6fefd864e960001667155","VIVER","631f29032347fcd4bef60349","6ac89cbf4d06b055ee3c4838","2026-10-09 03:57"
"Lubec","5e974c906ea510372c1e444a","Spinner2k","6222449c68dc010001609860","6ac89d99913bb514fb5ba3c9","2026-10-09 03:58"
"연모트","5ffcf4ef76bbb900019724c1","DevGeo(YT)","636157b9cf326cd4ca7a9ead","6ac89d79062a19fc28b63453","2026-10-09 04:00"
"duck","635dc283e419c615374198d6","NamibianAmphibianMan","69ba2e52a04671c8a9b13e12","6ac89e474d06b055ee3c4dba","2026-10-09 04:01"
"Palmitas","5c0450ca431965af44f4668e","kober","67ad18a09e150413a5e6fa66","6ac89e1d4d06b055ee3c4d23","2026-10-09 04:02"
"Ringo","6046c8a097019400018ea4cf","VIVER","631f29032347fcd4bef60349","6ac89e71d52f15f85e111b6f","2026-10-09 04:02"
"Lubec","5e974c906ea510372c1e444a","Spinner2k","6222449c68dc010001609860","6ac89eab062a19fc28b639ea","2026-10-09 04:03"
"kober","67ad18a09e150413a5e6fa66","Palmitas","5c0450ca431965af44f4668e","6ac89f514d06b055ee3c51cf","2026-10-09 04:04"
"antidotess","60859c21128efc0001559603","はやぴー","63c2fb1d3a6897fe7fa9b83c","6ac89dd24d06b055ee3c4c1e","2026-10-09 04:05"
"Palmitas","5c0450ca431965af44f4668e","kober","67ad18a09e150413a5e6fa66","6ac89ff0062a19fc28b64224","2026-10-09 04:07"
"DevGeo(YT)","636157b9cf326cd4ca7a9ead","duck","635dc283e419c615374198d6","6ac89f334d06b055ee3c511f","2026-10-09 04:08"
"kober","67ad18a09e150413a5e6fa66","Palmitas","5c0450ca431965af44f4668e","6ac8a07afa1f46c9165b5539","2026-10-09 04:11"
"Salem","63af4615494c2bc27e4a2f31","77angels","5aae066718399e2758306701","6ac8a040062a19fc28b643e7","2026-10-09 04:11"
"Figsy_Games","5e91c2303d4b6a251c171a3b","duck","635dc283e419c615374198d6","6ac8a10a0c559212e6f0ed59","2026-10-09 04:11"
"Palmitas","5c0450ca431965af44f4668e","kober","67ad18a09e150413a5e6fa66","6ac8a1778502c41a70045917","2026-10-09 04:13"
"kober","67ad18a09e150413a5e6fa66","Salem","63af4615494c2bc27e4a2f31","6ac8a1e8246baf84c4c36c68","2026-10-09 04:14"
"Tjay","5ffcdd1cd5a65b0001e4713b","Brzoza","60ababeffb1efa0001302754","6ac89e0a062a19fc28b6371b","2026-10-09 04:15"
"DevGeo(YT)","636157b9cf326cd4ca7a9ead","Spinner2k","6222449c68dc010001609860","6ac8a0b2062a19fc28b646b8","2026-10-09 04:15"
"はやぴー","63c2fb1d3a6897fe7fa9b83c","KaczuSiastyy","664a46ec660949cf6274a231","6ac8a030062a19fc28b64395","2026-10-09 04:16"
"DevGeo(YT)","636157b9cf326cd4ca7a9ead","NamibianAmphibianMan","69ba2e52a04671c8a9b13e12","6ac8a2810c559212e6f0efa2","2026-10-09 04:16"
"kober","67ad18a09e150413a5e6fa66","Salem","63af4615494c2bc27e4a2f31","6ac8a23f1e3821f03373f640","2026-10-09 04:18"
"duskron","60e6fefd864e960001667155","Ringo","6046c8a097019400018ea4cf","6ac89f84c654ad1ae8295f81","2026-10-09 04:19"
"kober","67ad18a09e150413a5e6fa66","77angels","5aae066718399e2758306701","6ac8a2bb246baf84c4c36f5c","2026-10-09 04:20"
"WaiWai","621f7436f0bf520001066b61","TTV/ArneyBoi69","5afafdf05966956c5c9e4852","6ac8a21e0c559212e6f0ef32","2026-10-09 04:21"
"NamibianAmphibianMan","69ba2e52a04671c8a9b13e12","pangolin","5ee22161f200f12f30cd9d29","6ac8a30c366177a23ffa56a4","2026-10-09 04:21"
"はやぴー","63c2fb1d3a6897fe7fa9b83c","Ringo","6046c8a097019400018ea4cf","6ac8a37c8502c41a70045fb6","2026-10-09 04:23"
"Spinner2k","6222449c68dc010001609860","Karant","62dcde50c8712cae60a23acc","6ac8a2980c559212e6f0efed","2026-10-09 04:23"
"tom","613563da6ab4770001681b9a","Ringo","6046c8a097019400018ea4cf","6ac8a44b1e3821f03373fd0d","2026-10-09 04:25"
"Zion","643a327c90664def4616d9e7","DevGeo(YT)","636157b9cf326cd4ca7a9ead","6ac8a2de0c559212e6f0f054","2026-10-09 04:25"
"TTV/ArneyBoi69","5afafdf05966956c5c9e4852","SnowySteppe046","66daae1184794c95205093b1","6ac8a3fe1c45fc0aa2bb776d","2026-10-09 04:26"
"Yanek","5e625daa90d6cfa438a867a6","Rasender","5d36bec124ec173888d3a33a","6ac8a3e4246baf84c4c37375","2026-10-09 04:29"
"SnowySteppe046","66daae1184794c95205093b1","TTV/ArneyBoi69","5afafdf05966956c5c9e4852","6ac8a5110c559212e6f0f41f","2026-10-09 04:29"
"Brzoza","60ababeffb1efa0001302754","Tjay","5ffcdd1cd5a65b0001e4713b","6ac8a28b0c559212e6f0efd5","2026-10-09 04:31"
"DevGeo(YT)","636157b9cf326cd4ca7a9ead","bezzo","5c4b0baa98004e87dc4ba512","6ac8a4da0c559212e6f0f36f","2026-10-09 04:31"
"tom","613563da6ab4770001681b9a","bezzo","5c4b0baa98004e87dc4ba512","6ac8a6248502c41a70046923","2026-10-09 04:34"
"Ringo","6046c8a097019400018ea4cf","guepard","60042771272d450001aa4cc0","6ac8a50f8502c41a700464ed","2026-10-09 04:35"
"Palmitas","5c0450ca431965af44f4668e","Aaryan22","657021f7412bfd95aad62550","6ac8a4840c559212e6f0f2f3","2026-10-09 04:36"
"SnowySteppe046","66daae1184794c95205093b1","Spinner2k","6222449c68dc010001609860","6ac8a5c4d0662220f405ca76","2026-10-09 04:37"
"bezzo","5c4b0baa98004e87dc4ba512","Loars_","67c023fa843f4449095fd251","6ac8a6f88502c41a70046c11","2026-10-09 04:39"
"DevGeo(YT)","636157b9cf326cd4ca7a9ead","xNツ","653165df4c78aa15e2a057c6","6ac8a6d18502c41a70046b91","2026-10-09 04:39"
"Rasender","5d36bec124ec173888d3a33a","Brzoza","60ababeffb1efa0001302754","6ac8a637d0662220f405cc43","2026-10-09 04:40"
"DevGeo(YT)","636157b9cf326cd4ca7a9ead","bezzo","5c4b0baa98004e87dc4ba512","6ac8a8028502c41a7004703d","2026-10-09 04:40"
"Palmitas","5c0450ca431965af44f4668e","tom","613563da6ab4770001681b9a","6ac8a7aa246baf84c4c381f1","2026-10-09 04:42"
"Ringo","6046c8a097019400018ea4cf","Aaryan22","657021f7412bfd95aad62550","6ac8a7501c45fc0aa2bb82b0","2026-10-09 04:43"
"SnowySteppe046","66daae1184794c95205093b1","Spinner2k","6222449c68dc010001609860","6ac8a7b50c559212e6f0f92c","2026-10-09 04:44"
"Brzoza","60ababeffb1efa0001302754","tom","613563da6ab4770001681b9a","6ac8a8ca246baf84c4c386ab","2026-10-09 04:45"
"JackieD","699ea675453f70c93bb1a662","Ringo","6046c8a097019400018ea4cf","6ac8a9180c559212e6f0fc05","2026-10-09 04:45"
"Lene","5d52f64824ec173888d82b60","Neuer3","64257ca5930f6c559b9a32e9","6ac8a61c246baf84c4c37b92","2026-10-09 04:46"
"vukGG","6384aef735180c664babf36e","Brzoza","60ababeffb1efa0001302754","6ac8a9890c559212e6f0fca5","2026-10-09 04:48"
"Loars_","67c023fa843f4449095fd251","Eric455293","5ba7d3df2c0173520853d18c","6ac8a8b81e3821f033740d74","2026-10-09 04:48"
"DevGeo(YT)","636157b9cf326cd4ca7a9ead","bezzo","5c4b0baa98004e87dc4ba512","6ac8a8481c45fc0aa2bb8654","2026-10-09 04:49"
"Figsy_Games","5e91c2303d4b6a251c171a3b","tom","613563da6ab4770001681b9a","6ac8a9910c559212e6f0fcb3","2026-10-09 04:50"
"Aaryan22","657021f7412bfd95aad62550","Spinner2k","6222449c68dc010001609860","6ac8a9850c559212e6f0fc93","2026-10-09 04:51"
"Jacky Wong","63be7833696b395b1a06db85","Kazuyanpi15","62f98280984cca8f85927223","6ac8a890246baf84c4c385dd","2026-10-09 04:51"
"Palmitas","5c0450ca431965af44f4668e","Rasender","5d36bec124ec173888d3a33a","6ac8a9511c45fc0aa2bb89ba","2026-10-09 04:52"
"Jerome","62e14841f938d5507c4d31f6","bezzo","5c4b0baa98004e87dc4ba512","6ac8aa6c8502c41a70047a73","2026-10-09 04:53"
"DevGeo(YT)","636157b9cf326cd4ca7a9ead","GCU","69f74f7bd9284e0db0e2a65c","6ac8aab01c45fc0aa2bb8f9f","2026-10-09 04:53"
"Ringo","6046c8a097019400018ea4cf","Jerome","62e14841f938d5507c4d31f6","6ac8a9c2d0662220f405d9c2","2026-10-09 04:54"
"vukGG","6384aef735180c664babf36e","Jerome","62e14841f938d5507c4d31f6","6ac8aa3f1e3821f033741322","2026-10-09 04:55"
"Dissonans","60e09234213b0600019d912e","れい（Rey）","6444afc0c30fa09317b315fc","6ac8aa84246baf84c4c38eb8","2026-10-09 04:55"
"DevGeo(YT)","636157b9cf326cd4ca7a9ead","Figsy_Games","5e91c2303d4b6a251c171a3b","6ac8ab5d1c45fc0aa2bb91ee","2026-10-09 04:56"
"Dissonans","60e09234213b0600019d912e","れい（Rey）","6444afc0c30fa09317b315fc","6ac8abd11c45fc0aa2bb93a3","2026-10-09 04:58"
"Aaryan22","657021f7412bfd95aad62550","Spinner2k","6222449c68dc010001609860","6ac8ab068502c41a70047cf6","2026-10-09 05:01"
"twitch.tv/danq_s ☠️","639c2a925d4cc27b2f7a898b","DevGeo(YT)","636157b9cf326cd4ca7a9ead","6ac8abf80c559212e6f100d8","2026-10-09 05:03"
"Filipp","63bf085d2a26bb57d315f246","vukGG","6384aef735180c664babf36e","6ac8ac619e6a6f4dea5e0c09","2026-10-09 05:04"
"Rasender","5d36bec124ec173888d3a33a","Siemeon","62dc07edf32847e5836668f1","6ac8ac2f246baf84c4c3959a","2026-10-09 05:05"
"Wijn","657979f3db414bd0da540f23","xNツ","653165df4c78aa15e2a057c6","6ac8ada69e6a6f4dea5e1044","2026-10-09 05:05"
"Ulork","5e2ded716ea510b234a670b2","kcd","5aef47d3b18d0894c4ffe297","6ac8ad5b6f4c7bcc8d17bf10","2026-10-09 05:06"
"Lene","5d52f64824ec173888d82b60","Brzoza","60ababeffb1efa0001302754","6ac8aa341c45fc0aa2bb8dbc","2026-10-09 05:06"
"DevGeo(YT)","636157b9cf326cd4ca7a9ead","twitch.tv/danq_s ☠️","639c2a925d4cc27b2f7a898b","6ac8adad33365f577c3f105f","2026-10-09 05:08"
"Figsy_Games","5e91c2303d4b6a251c171a3b","Hani","67dd6acf876e760f6dcc35a2","6ac8ac769e6a6f4dea5e0c31","2026-10-09 05:08"
"dom","6a94b59777073146c9f41f5e","bezzo","5c4b0baa98004e87dc4ba512","6ac8ad856f4c7bcc8d17bfa6","2026-10-09 05:08"
"Dissonans","60e09234213b0600019d912e","れい（Rey）","6444afc0c30fa09317b315fc","6ac8ae009e6a6f4dea5e11ae","2026-10-09 05:09"
"Wijn","657979f3db414bd0da540f23","Lucijeeee","6356977e0a54e2ccbc0df535","6ac8ae50c05ff9663ccef81e","2026-10-09 05:09"
"Eamonn","5e2e983722bbda85a40e9009","kalesalad","60c9cf146dac910001261659","6ac864f43a1510ca0df04ad3","2026-10-09 05:10"
"Feneb","5dba86167e473f2408461141","[TNT] TreezErik","5d46fa671d34a0315c268ad0","6ac611944b2656fb1f6eca9e","2026-10-09 05:10"
"vukGG","6384aef735180c664babf36e","xZenith","6846d165a3008977fe607ade","6ac7e6373654ec602e69cd1d","2026-10-09 05:10"
"dudu","6202faaecee03000019ebc88","Siemeon","62dc07edf32847e5836668f1","6ac69a93e60133055b94001e","2026-10-09 05:10"
"kober","67ad18a09e150413a5e6fa66","77angels","5aae066718399e2758306701","6ac8a2bb246baf84c4c36f5c","2026-10-09 05:10"
"Feneb","5dba86167e473f2408461141","constella","64b2b2afd22a6256877948e5","6ac86c593a1510ca0df06904","2026-10-09 05:10"
"Luki","601f8014af093300017fdb6c","kober","67ad18a09e150413a5e6fa66","6ac891cb961cc891228ffe18","2026-10-09 05:10"
"vukGG","6384aef735180c664babf36e","Palmitas","5c0450ca431965af44f4668e","6ac8ae0133365f577c3f1278","2026-10-09 05:10"
"supergaming","5dfe5cfd328e461c04d7fbf2","Chris Peacock","61a919ce1763cb0001d21547","6ac8012b551a7448af036fdf","2026-10-09 05:10"
"Fan Swangambita 🔥😋","63d00c59744f7e9ebeeb1c09","Avandy","60c3535133004c00010451a3","6ac7ee09fc5f2a3cfa16d14b","2026-10-09 05:10"
"Jerome","62e14841f938d5507c4d31f6","twitch.tv/yapchell","67f66e1eab7fc9feab89429b","6ac6818d7d1639e39ecf7094","2026-10-09 05:10"
"Jerome","62e14841f938d5507c4d31f6","bezzo","5c4b0baa98004e87dc4ba512","6ac8aa6c8502c41a70047a73","2026-10-09 05:10"
"kcd","5aef47d3b18d0894c4ffe297","Ulork","5e2ded716ea510b234a670b2","6ac8ae82c05ff9663ccef934","2026-10-09 05:10"
"Maksonic","619d09bdc4ab7000016c68d3","Jerome","62e14841f938d5507c4d31f6","6ac813683a1510ca0def4fe9","2026-10-09 05:10"
"Causey","661a69c5073f663c21b4bc35","Mada","600801c48b224300016f36fd","6ac7bd253654ec602e68e706","2026-10-09 05:10"
"Preussen","64da4d57e44ffbb819d935b1","Ruben","5e1334ba1b34a033c801a9e8","6ac7a34b0f6381b97d16fdb4","2026-10-09 05:10"
"Ringo","6046c8a097019400018ea4cf","Aaryan22","657021f7412bfd95aad62550","6ac8ad2b9e6a6f4dea5e0ed1","2026-10-09 05:11"
"Spinner2k","6222449c68dc010001609860","SANTALIN","68a1d4f00218d5f252838775","6ac8ad20662a05e137e82880","2026-10-09 05:11"
"DevGeo(YT)","636157b9cf326cd4ca7a9ead","Wijn","657979f3db414bd0da540f23","6ac8af2f33365f577c3f1867","2026-10-09 05:12"
"kcd","5aef47d3b18d0894c4ffe297","Hani","67dd6acf876e760f6dcc35a2","6ac8af6fc05ff9663ccefd79","2026-10-09 05:13"
"simro_206","677eb0df9d782bd50cb2a7c2","Knuefi","686f418b1d20bac2bc99c10f","6ac8ae6ec05ff9663ccef8d5","2026-10-09 05:13"
"Aaryan22","657021f7412bfd95aad62550","Ringo","6046c8a097019400018ea4cf","6ac8af87c05ff9663ccefdf5","2026-10-09 05:14"
"bezzo","5c4b0baa98004e87dc4ba512","twitch.tv/danq_s ☠️","639c2a925d4cc27b2f7a898b","6ac8aeec9e6a6f4dea5e15ae","2026-10-09 05:14"
"kcd","5aef47d3b18d0894c4ffe297","Hani","67dd6acf876e760f6dcc35a2","6ac8b00733365f577c3f1c53","2026-10-09 05:15"
"botje","65ef376b2528c8b0fb2b5e4c","DevGeo(YT)","636157b9cf326cd4ca7a9ead","6ac8afd40d0020628ed01256","2026-10-09 05:15"
"Spinner2k","6222449c68dc010001609860","ikam bungull :))","67a710249d75e04dff436d40","6ac8af9bc05ff9663ccefe34","2026-10-09 05:15"
"Siemeon","62dc07edf32847e5836668f1","vukGG","6384aef735180c664babf36e","6ac8af799e6a6f4dea5e1841","2026-10-09 05:16"
"twitch.tv/danq_s ☠️","639c2a925d4cc27b2f7a898b","Wijn","657979f3db414bd0da540f23","6ac8b03333365f577c3f1d3b","2026-10-09 05:17"
"kcd","5aef47d3b18d0894c4ffe297","Hani","67dd6acf876e760f6dcc35a2","6ac8b08cc05ff9663ccf025d","2026-10-09 05:18"
"DevGeo(YT)","636157b9cf326cd4ca7a9ead","botje","65ef376b2528c8b0fb2b5e4c","6ac8b08de75449a6cb7f50ac","2026-10-09 05:19"
"Wijn","657979f3db414bd0da540f23","twitch.tv/danq_s ☠️","639c2a925d4cc27b2f7a898b","6ac8b0f0c05ff9663ccf04a5","2026-10-09 05:19"
"Edqy","60a2893cb7d972000112fbf4","KAITOOO","62e8c3ab0065abc49aca361d","6ac8b05f33365f577c3f1df5","2026-10-09 05:20"
"simro_206","677eb0df9d782bd50cb2a7c2","Dissonans","60e09234213b0600019d912e","6ac8b015c05ff9663ccf0033","2026-10-09 05:20"
"Ratt","67adda06e36339976840db35","abys","55b3ba14e7e37f2cc0d67601","6ac8b09133365f577c3f1ed4","2026-10-09 05:20"
"Rasender","5d36bec124ec173888d3a33a","Palmitas","5c0450ca431965af44f4668e","6ac8b0b8f7561d57f85abec5","2026-10-09 05:21"
"Hani","67dd6acf876e760f6dcc35a2","kcd","5aef47d3b18d0894c4ffe297","6ac8b14433365f577c3f223a","2026-10-09 05:22"
"Siemeon","62dc07edf32847e5836668f1","vukGG","6384aef735180c664babf36e","6ac8b104c05ff9663ccf04fa","2026-10-09 05:23"
"Ringo","6046c8a097019400018ea4cf","Spinner2k","6222449c68dc010001609860","6ac8b0d233365f577c3f2020","2026-10-09 05:24"
"bezzo","5c4b0baa98004e87dc4ba512","tellomura","678ab426b5666218c82e03af","6ac8b1d8c05ff9663ccf093b","2026-10-09 05:24"
"Neuer3","64257ca5930f6c559b9a32e9","D3rL30p4rd","5c44c39898004e833c65f405","6ac8ad039e6a6f4dea5e0e4c","2026-10-09 05:24"
"Maksonic","619d09bdc4ab7000016c68d3","kcd","5aef47d3b18d0894c4ffe297","6ac8b20833365f577c3f2602","2026-10-09 05:25"
"Aaryan22","657021f7412bfd95aad62550","botje","65ef376b2528c8b0fb2b5e4c","6ac8b1849e6a6f4dea5e218b","2026-10-09 05:25"
"DevGeo(YT)","636157b9cf326cd4ca7a9ead","Zifuko","5e85136d3d4b6a36ac752a7b","6ac8b185c05ff9663ccf075d","2026-10-09 05:25"
"Ratt","67adda06e36339976840db35","simro_206","677eb0df9d782bd50cb2a7c2","6ac8b1c933365f577c3f24cd","2026-10-09 05:25"
"Siemeon","62dc07edf32847e5836668f1","vukGG","6384aef735180c664babf36e","6ac8b2826f4c7bcc8d17d4e8","2026-10-09 05:26"
"Dissonans","60e09234213b0600019d912e","aguardiente","60ba2dec2056310001c27701","6ac8b1959e6a6f4dea5e21e0","2026-10-09 05:26"
"Wijn","657979f3db414bd0da540f23","twitch.tv/danq_s ☠️","639c2a925d4cc27b2f7a898b","6ac8b19dc05ff9663ccf07f1","2026-10-09 05:26"
"Señorita Plonquita","664ad9de273fe0303a386b45","Hani","67dd6acf876e760f6dcc35a2","6ac8b26bc05ff9663ccf0b48","2026-10-09 05:26"
"Señorita Plonquita","664ad9de273fe0303a386b45","tellomura","678ab426b5666218c82e03af","6ac8b2ac9e6a6f4dea5e2581","2026-10-09 05:27"
"Ringo","6046c8a097019400018ea4cf","bezzo","5c4b0baa98004e87dc4ba512","6ac8b2c033365f577c3f28fb","2026-10-09 05:28"
"Edqy","60a2893cb7d972000112fbf4","Fabu","61c77b7b96f28e0001722043","6ac8b1eac05ff9663ccf0989","2026-10-09 05:28"
"vukGG","6384aef735180c664babf36e","Siemeon","62dc07edf32847e5836668f1","6ac8b342c05ff9663ccf0e60","2026-10-09 05:29"
"Dissonans","60e09234213b0600019d912e","tellomura","678ab426b5666218c82e03af","6ac8b33b9e6a6f4dea5e27dc","2026-10-09 05:29"
"kcd","5aef47d3b18d0894c4ffe297","Zifuko","5e85136d3d4b6a36ac752a7b","6ac8b2ed33365f577c3f29b9","2026-10-09 05:30"
"Hani","67dd6acf876e760f6dcc35a2","Señorita Plonquita","664ad9de273fe0303a386b45","6ac8b33ac05ff9663ccf0e37","2026-10-09 05:30"
"Spinner2k","6222449c68dc010001609860","Raqhi","67d48df5e116b8cd2a7fa3f7","6ac8b2839e6a6f4dea5e24dd","2026-10-09 05:31"
"Wijn","657979f3db414bd0da540f23","twitch.tv/danq_s ☠️","639c2a925d4cc27b2f7a898b","6ac8b31433365f577c3f2a76","2026-10-09 05:31"
"Zifuko","5e85136d3d4b6a36ac752a7b","kcd","5aef47d3b18d0894c4ffe297","6ac8b4196f4c7bcc8d17daab","2026-10-09 05:32"
"cozy","5eee1ae86a7c6a4edc0f7f94","Ratt","67adda06e36339976840db35","6ac8b2c99e6a6f4dea5e25f9","2026-10-09 05:32"
"Manureza","678ec40f575b9e3fd172579d","KAITOOO","62e8c3ab0065abc49aca361d","6ac8b3ca33365f577c3f2d60","2026-10-09 05:32"
"Rasender","5d36bec124ec173888d3a33a","Palmitas","5c0450ca431965af44f4668e","6ac8b24a6f4c7bcc8d17d41a","2026-10-09 05:33"
"Maksonic","619d09bdc4ab7000016c68d3","DevGeo(YT)","636157b9cf326cd4ca7a9ead","6ac8b31a33365f577c3f2a8a","2026-10-09 05:33"
"Hani","67dd6acf876e760f6dcc35a2","Ringo","6046c8a097019400018ea4cf","6ac8b40bc05ff9663ccf1142","2026-10-09 05:33"
"Señorita Plonquita","664ad9de273fe0303a386b45","bezzo","5c4b0baa98004e87dc4ba512","6ac8b396c05ff9663ccf0f9b","2026-10-09 05:33"
"Lene","5d52f64824ec173888d82b60","Brzoza","60ababeffb1efa0001302754","6ac8ae6133365f577c3f144f","2026-10-09 05:34"
"Elori","57d698c209f2ef93b8572689","Aaryan22","657021f7412bfd95aad62550","6ac8b2f433365f577c3f29e3","2026-10-09 05:34"
"Dissonans","60e09234213b0600019d912e","Wyxi","5f35d58197d4a9000151c417","6ac8b41e33365f577c3f2e9b","2026-10-09 05:34"
"Señorita Plonquita","664ad9de273fe0303a386b45","Wijn","657979f3db414bd0da540f23","6ac8b45533365f577c3f2f7b","2026-10-09 05:34"
"Bms432","5d75a280b4ec1705ecdb7cf0","twitch.tv/danq_s ☠️","639c2a925d4cc27b2f7a898b","6ac8b46b9e6a6f4dea5e2cb6","2026-10-09 05:34"
"Sebo586","6484d6c62835b90b9cd9297c","tellomura","678ab426b5666218c82e03af","6ac8b3ebc05ff9663ccf10cf","2026-10-09 05:35"
"Zeedos","67696f3fc90f037ddbc37127","aguardiente","60ba2dec2056310001c27701","6ac8b36e33365f577c3f2bd9","2026-10-09 05:35"
"Osterchüechli","69c825786208570f48c01ed5","Erenimo","6a876fa4bb60e903c8110bc4","6ac8b42b33365f577c3f2ed0","2026-10-09 05:35"
"abys","55b3ba14e7e37f2cc0d67601","Fabu","61c77b7b96f28e0001722043","6ac8b3a333365f577c3f2cbd","2026-10-09 05:35"
"kcd","5aef47d3b18d0894c4ffe297","Zifuko","5e85136d3d4b6a36ac752a7b","6ac8b4769e6a6f4dea5e2cde","2026-10-09 05:36"
"Ringo","6046c8a097019400018ea4cf","Hani","67dd6acf876e760f6dcc35a2","6ac8b4d39e6a6f4dea5e2e08","2026-10-09 05:36"
"Siemeon","62dc07edf32847e5836668f1","vukGG","6384aef735180c664babf36e","6ac8b4209e6a6f4dea5e2b90","2026-10-09 05:37"
"Aaryan22","657021f7412bfd95aad62550","Elori","57d698c209f2ef93b8572689","6ac8b4f26f4c7bcc8d17dd87","2026-10-09 05:37"
"Schwarzweiss","5cfadc71b741f84acc8b23df","DevGeo(YT)","636157b9cf326cd4ca7a9ead","6ac8b4c0c05ff9663ccf13c5","2026-10-09 05:37"
"bezzo","5c4b0baa98004e87dc4ba512","Bms432","5d75a280b4ec1705ecdb7cf0","6ac8b4be9e6a6f4dea5e2dcb","2026-10-09 05:37"
"simro_206","677eb0df9d782bd50cb2a7c2","botje","65ef376b2528c8b0fb2b5e4c","6ac8b2e3e75449a6cb7f59f4","2026-10-09 05:37"
"Brzoza","60ababeffb1efa0001302754","Tung Sahur","6a5e71db480fcf6a022a4219","6ac8b5599e6a6f4dea5e302e","2026-10-09 05:39"
"Wijn","657979f3db414bd0da540f23","twitch.tv/danq_s ☠️","639c2a925d4cc27b2f7a898b","6ac8b5146f4c7bcc8d17ddf0","2026-10-09 05:39"
"Raqhi","67d48df5e116b8cd2a7fa3f7","AdamGHG","675079edb8068755832a2a90","6ac8b46ac05ff9663ccf12b9","2026-10-09 05:39"
"Manureza","678ec40f575b9e3fd172579d","Baron","693f6bdc3353aee359a84f82","6ac8b4b89e6a6f4dea5e2dbb","2026-10-09 05:39"
"Siemeon","62dc07edf32847e5836668f1","vukGG","6384aef735180c664babf36e","6ac8b5c59e6a6f4dea5e3198","2026-10-09 05:40"
"Ringo","6046c8a097019400018ea4cf","Hani","67dd6acf876e760f6dcc35a2","6ac8b580c05ff9663ccf169f","2026-10-09 05:40"
"Dissonans","60e09234213b0600019d912e","Spinner2k","6222449c68dc010001609860","6ac8b56f33365f577c3f33e2","2026-10-09 05:40"
"Sebo586","6484d6c62835b90b9cd9297c","tellomura","678ab426b5666218c82e03af","6ac8b519c05ff9663ccf150b","2026-10-09 05:40"
"aguardiente","60ba2dec2056310001c27701","botje","65ef376b2528c8b0fb2b5e4c","6ac8b58f662a05e137e845e4","2026-10-09 05:40"
"vukGG","6384aef735180c664babf36e","Brzoza","60ababeffb1efa0001302754","6ac8b666c05ff9663ccf19d5","2026-10-09 05:41"
"Zifuko","5e85136d3d4b6a36ac752a7b","kcd","5aef47d3b18d0894c4ffe297","6ac8b57bc05ff9663ccf167d","2026-10-09 05:41"
"Zeedos","67696f3fc90f037ddbc37127","abys","55b3ba14e7e37f2cc0d67601","6ac8b54b6f4c7bcc8d17de8d","2026-10-09 05:41"
"kalesalad","60c9cf146dac910001261659","Palmitas","5c0450ca431965af44f4668e","6ac8b4c333365f577c3f3118","2026-10-09 05:42"
"Elori","57d698c209f2ef93b8572689","DevGeo(YT)","636157b9cf326cd4ca7a9ead","6ac8b5b7c05ff9663ccf1767","2026-10-09 05:42"
"Maksonic","619d09bdc4ab7000016c68d3","挪威的騷零 [The Norwegian Sowling]","6409beba17491edb5a32b684","6ac8b5f99e6a6f4dea5e321d","2026-10-09 05:42"
"bezzo","5c4b0baa98004e87dc4ba512","Bms432","5d75a280b4ec1705ecdb7cf0","6ac8b5fa6f4c7bcc8d17e0ea","2026-10-09 05:42"
"FMC","638348f8910c9ca0fbb4fa15","きたむらくん","6890a75ff920ead5bd3342d2","6ac8b4ff9e6a6f4dea5e2ec7","2026-10-09 05:43"
"Ringo","6046c8a097019400018ea4cf","Zifuko","5e85136d3d4b6a36ac752a7b","6ac8b68d33365f577c3f386e","2026-10-09 05:44"
"挪威的騷零 [The Norwegian Sowling]","6409beba17491edb5a32b684","bezzo","5c4b0baa98004e87dc4ba512","6ac8b6bc33365f577c3f3954","2026-10-09 05:44"
"Sebo586","6484d6c62835b90b9cd9297c","Zeedos","67696f3fc90f037ddbc37127","6ac8b6a633365f577c3f38e5","2026-10-09 05:44"
"botje","65ef376b2528c8b0fb2b5e4c","aguardiente","60ba2dec2056310001c27701","6ac8b683c05ff9663ccf1a52","2026-10-09 05:44"
"offmylawn","674bbb9465709cb3c93c6b17","Bms432","5d75a280b4ec1705ecdb7cf0","6ac8b6cc33365f577c3f39b6","2026-10-09 05:44"
"Ascension-Rocketry","678e666d153420db8076a257","Fabu","61c77b7b96f28e0001722043","6ac8b5dfc05ff9663ccf17ea","2026-10-09 05:44"
"Brzoza","60ababeffb1efa0001302754","vukGG","6384aef735180c664babf36e","6ac8b6acf7561d57f85ada65","2026-10-09 05:45"
"Hani","67dd6acf876e760f6dcc35a2","挪威的騷零 [The Norwegian Sowling]","6409beba17491edb5a32b684","6ac8b6719e6a6f4dea5e3421","2026-10-09 05:45"
"Kaspervde","5d68c6ace9473f7c4058e087","DevGeo(YT)","636157b9cf326cd4ca7a9ead","6ac8b6c1c05ff9663ccf1b31","2026-10-09 05:46"
"Dissonans","60e09234213b0600019d912e","FMC","638348f8910c9ca0fbb4fa15","6ac8b72ac05ff9663ccf1cad","2026-10-09 05:46"
"abys","55b3ba14e7e37f2cc0d67601","TaigaTigre","67866385685b5cb1dee32a82","6ac8b70333365f577c3f3a66","2026-10-09 05:46"
"Palmitas","5c0450ca431965af44f4668e","Elori","57d698c209f2ef93b8572689","6ac8b6c06f4c7bcc8d17e3aa","2026-10-09 05:47"
"Aaryan22","657021f7412bfd95aad62550","Tung Sahur","6a5e71db480fcf6a022a4219","6ac8b64d33365f577c3f3773","2026-10-09 05:47"
"挪威的騷零 [The Norwegian Sowling]","6409beba17491edb5a32b684","bezzo","5c4b0baa98004e87dc4ba512","6ac8b75c33365f577c3f3b73","2026-10-09 05:47"
"Raqhi","67d48df5e116b8cd2a7fa3f7","Manureza","678ec40f575b9e3fd172579d","6ac8b63333365f577c3f3704","2026-10-09 05:49"
"Bms432","5d75a280b4ec1705ecdb7cf0","FMC","638348f8910c9ca0fbb4fa15","6ac8b7c87842e42242b085a4","2026-10-09 05:49"
"amerain1729","63e33f4b3e7d8e18758fd541","Lene","5d52f64824ec173888d82b60","6ac8b5a5e75449a6cb7f644b","2026-10-09 05:50"
"Palmitas","5c0450ca431965af44f4668e","挪威的騷零 [The Norwegian Sowling]","6409beba17491edb5a32b684","6ac8b842c05ff9663ccf2108","2026-10-09 05:50"
"kalesalad","60c9cf146dac910001261659","Maksonic","619d09bdc4ab7000016c68d3","6ac8b6c5c05ff9663ccf1b3d","2026-10-09 05:50"
"aguardiente","60ba2dec2056310001c27701","abys","55b3ba14e7e37f2cc0d67601","6ac8b7ab33365f577c3f3c96","2026-10-09 05:50"
"bezzo","5c4b0baa98004e87dc4ba512","Bms432","5d75a280b4ec1705ecdb7cf0","6ac8b81bc05ff9663ccf2048","2026-10-09 05:51"
"Zeedos","67696f3fc90f037ddbc37127","botje","65ef376b2528c8b0fb2b5e4c","6ac8b7670c394e3dceccb08e","2026-10-09 05:51"
"Baron","693f6bdc3353aee359a84f82","Schwarzweiss","5cfadc71b741f84acc8b23df","6ac8b627e138e3dc9882f7ab","2026-10-09 05:51"
"Rasender","5d36bec124ec173888d3a33a","Siemeon","62dc07edf32847e5836668f1","6ac8b6496f4c7bcc8d17e1dc","2026-10-09 05:53"
"Zifuko","5e85136d3d4b6a36ac752a7b","mikowhy","659c9d0a72300acff1deb5df","6ac8b77de138e3dc9882fb3c","2026-10-09 05:53"
"kcd","5aef47d3b18d0894c4ffe297","Emmepemme","5bf9b0c343196557d45fc4b6","6ac8b68f33365f577c3f3878","2026-10-09 05:53"
"Ringo","6046c8a097019400018ea4cf","DevGeo(YT)","636157b9cf326cd4ca7a9ead","6ac8b7b2c05ff9663ccf1e92","2026-10-09 05:53"
"Palmitas","5c0450ca431965af44f4668e","挪威的騷零 [The Norwegian Sowling]","6409beba17491edb5a32b684","6ac8b842c05ff9663ccf2108","2026-10-09 05:53"
"offmylawn","674bbb9465709cb3c93c6b17","Wijn","657979f3db414bd0da540f23","6ac8b84cc05ff9663ccf2140","2026-10-09 05:53"
"abys","55b3ba14e7e37f2cc0d67601","きたむらくん","6890a75ff920ead5bd3342d2","6ac8b8b1055d29d0d6aa9078","2026-10-09 05:54"
"Tung Sahur","6a5e71db480fcf6a022a4219","eeeeeeeeeeee","658e9c0361137989504ec7ee","6ac8b82233365f577c3f3e4e","2026-10-09 05:55"
"Wijn","657979f3db414bd0da540f23","offmylawn","674bbb9465709cb3c93c6b17","6ac8b95d5e1955bec34fb394","2026-10-09 05:55"
"kalesalad","60c9cf146dac910001261659","Palmitas","5c0450ca431965af44f4668e","6ac8b8be5e1955bec34fb0f2","2026-10-09 05:56"
"Maksonic","619d09bdc4ab7000016c68d3","挪威的騷零 [The Norwegian Sowling]","6409beba17491edb5a32b684","6ac8b8fa055d29d0d6aa91c8","2026-10-09 05:56"
"eeeeeeeeeeee","658e9c0361137989504ec7ee","abys","55b3ba14e7e37f2cc0d67601","6ac8b9d6be0f2484c22c0b7d","2026-10-09 05:57"
"Hani","67dd6acf876e760f6dcc35a2","挪威的騷零 [The Norwegian Sowling]","6409beba17491edb5a32b684","6ac8b95e5e1955bec34fb396","2026-10-09 05:58"
"DevGeo(YT)","636157b9cf326cd4ca7a9ead","Schwarzweiss","5cfadc71b741f84acc8b23df","6ac8b951055d29d0d6aa9311","2026-10-09 05:58"
"kcd","5aef47d3b18d0894c4ffe297","Emmepemme","5bf9b0c343196557d45fc4b6","6ac8b94e5e1955bec34fb35c","2026-10-09 05:59"
"aguardiente","60ba2dec2056310001c27701","Spinner2k","6222449c68dc010001609860","6ac8b8ca5e1955bec34fb10f","2026-10-09 05:59"
"DevGeo(YT)","636157b9cf326cd4ca7a9ead","Kaspervde","5d68c6ace9473f7c4058e087","6ac8ba7bd64e1ebf22e9dc32","2026-10-09 06:01"
"botje","65ef376b2528c8b0fb2b5e4c","Zeedos","67696f3fc90f037ddbc37127","6ac8b9075e1955bec34fb219","2026-10-09 06:01"
"eeeeeeeeeeee","658e9c0361137989504ec7ee","Spinner2k","6222449c68dc010001609860","6ac8bad05e1955bec34fba8a","2026-10-09 06:02"
"Bms432","5d75a280b4ec1705ecdb7cf0","挪威的騷零 [The Norwegian Sowling]","6409beba17491edb5a32b684","6ac8bab0055d29d0d6aa9909","2026-10-09 06:02"
"mikowhy","659c9d0a72300acff1deb5df","Maksonic","619d09bdc4ab7000016c68d3","6ac8bb0bbe0f2484c22c102f","2026-10-09 06:04"
"Wijn","657979f3db414bd0da540f23","Hez1tred.","68274ac83004afb088d83eac","6ac8bb81055d29d0d6aa9d9a","2026-10-09 06:04"
"Palmitas","5c0450ca431965af44f4668e","kalesalad","60c9cf146dac910001261659","6ac8ba52055d29d0d6aa9732","2026-10-09 06:05"
"Ringo","6046c8a097019400018ea4cf","Dissonans","60e09234213b0600019d912e","6ac8ba375e1955bec34fb6fc","2026-10-09 06:05"
"Baron","693f6bdc3353aee359a84f82","Manureza","678ec40f575b9e3fd172579d","6ac8ba0e055d29d0d6aa9585","2026-10-09 06:05"
"habesh","647734d056305f7bf5561a4e","mgln7","5ad20d528861ee4cf4da4546","6ac8b84333365f577c3f3ee6","2026-10-09 06:06"
"botje","65ef376b2528c8b0fb2b5e4c","Kaspervde","5d68c6ace9473f7c4058e087","6ac8bb57055d29d0d6aa9cea","2026-10-09 06:06"
"Zeedos","67696f3fc90f037ddbc37127","DevGeo(YT)","636157b9cf326cd4ca7a9ead","6ac8bb646c092d2196a71d8c","2026-10-09 06:06"
"Rasender","5d36bec124ec173888d3a33a","Siemeon","62dc07edf32847e5836668f1","6ac8bad16c092d2196a71b4b","2026-10-09 06:07"
"mikowhy","659c9d0a72300acff1deb5df","Zifuko","5e85136d3d4b6a36ac752a7b","6ac8bc06055d29d0d6aaa0e3","2026-10-09 06:07"
"Magnus","679395e4205fcbaaa18ff360","aguardiente","60ba2dec2056310001c27701","6ac8bbd8055d29d0d6aa9f8d","2026-10-09 06:07"
"Palmitas","5c0450ca431965af44f4668e","Equinox","65cac339810ef89a8b628cc7","6ac8bc2f5e1955bec34fc241","2026-10-09 06:08"
"挪威的騷零 [The Norwegian Sowling]","6409beba17491edb5a32b684","ferreiro","5f126427d6ca438f24009b8e","6ac8bbcad07fceb2960afea9","2026-10-09 06:08"
"Baron","693f6bdc3353aee359a84f82","Manureza","678ec40f575b9e3fd172579d","6ac8bc316c092d2196a7222c","2026-10-09 06:09"
"挪威的騷零 [The Norwegian Sowling]","6409beba17491edb5a32b684","mikowhy","659c9d0a72300acff1deb5df","6ac8bd320042b6fc259d7a9c","2026-10-09 06:10"
"DevGeo(YT)","636157b9cf326cd4ca7a9ead","botje","65ef376b2528c8b0fb2b5e4c","6ac8bc81290b17532fc6c80d","2026-10-09 06:10"
"Hez1tred.","68274ac83004afb088d83eac","grizbard","5e8a36383d4b6a587c783801","6ac8bc6f5e1955bec34fc365","2026-10-09 06:10"
"挪威的騷零 [The Norwegian Sowling]","6409beba17491edb5a32b684","mikowhy","659c9d0a72300acff1deb5df","6ac8bd320042b6fc259d7a9c","2026-10-09 06:11"
"Wijn","657979f3db414bd0da540f23","Zeedos","67696f3fc90f037ddbc37127","6ac8bcc70042b6fc259d7871","2026-10-09 06:11"
"Maksonic","619d09bdc4ab7000016c68d3","kalesalad","60c9cf146dac910001261659","6ac8bc6a5e1955bec34fc352","2026-10-09 06:12"
"eeeeeeeeeeee","658e9c0361137989504ec7ee","Venux","601d72df848235000143965e","6ac8bcfc0042b6fc259d7980","2026-10-09 06:12"
"KaczuSiastyy","664a46ec660949cf6274a231","YouFaceJarraxus","666fe78b303bced02fab7802","6ac8bd42d64e1ebf22e9e893","2026-10-09 06:12"
"mariels","646dd213a2197f0d437a6ab0","aguardiente","60ba2dec2056310001c27701","6ac8bcbe0042b6fc259d7867","2026-10-09 06:12"
"Palmitas","5c0450ca431965af44f4668e","Siemeon","62dc07edf32847e5836668f1","6ac8bcf8973be078e1863ba8","2026-10-09 06:13"
"Ringo","6046c8a097019400018ea4cf","Zifuko","5e85136d3d4b6a36ac752a7b","6ac8bcab0042b6fc259d783f","2026-10-09 06:13"
"ferreiro","5f126427d6ca438f24009b8e","baila mi cumbia","692088a0224f32960becd3da","6ac8bcd80042b6fc259d78a3","2026-10-09 06:14"
"abys","55b3ba14e7e37f2cc0d67601","Manureza","678ec40f575b9e3fd172579d","6ac8bd0e0042b6fc259d79d2","2026-10-09 06:14"
"Equinox","65cac339810ef89a8b628cc7","DevGeo(YT)","636157b9cf326cd4ca7a9ead","6ac8bd5d973be078e1863d06","2026-10-09 06:15"
"挪威的騷零 [The Norwegian Sowling]","6409beba17491edb5a32b684","Jonas","661ad4c4073f663c21b57fe6","6ac8bd94973be078e1863dcd","2026-10-09 06:15"
"Dissonans","60e09234213b0600019d912e","Kaspervde","5d68c6ace9473f7c4058e087","6ac8bc7a055d29d0d6aaa35b","2026-10-09 06:15"
"Baron","693f6bdc3353aee359a84f82","Lodi","5788e5e5c2a0fb1304dba46c","6ac8bd100042b6fc259d79de","2026-10-09 06:15"
"Palmitas","5c0450ca431965af44f4668e","Siemeon","62dc07edf32847e5836668f1","6ac8be10973be078e1863f28","2026-10-09 06:16"
"挪威的騷零 [The Norwegian Sowling]","6409beba17491edb5a32b684","Zifuko","5e85136d3d4b6a36ac752a7b","6ac8be100042b6fc259d7ed5","2026-10-09 06:16"
"Emmepemme","5bf9b0c343196557d45fc4b6","kcd","5aef47d3b18d0894c4ffe297","6ac8babd055d29d0d6aa9948","2026-10-09 06:16"
"abys","55b3ba14e7e37f2cc0d67601","Manureza","678ec40f575b9e3fd172579d","6ac8be4b973be078e1863f84","2026-10-09 06:17"
"DevGeo(YT)","636157b9cf326cd4ca7a9ead","挪威的騷零 [The Norwegian Sowling]","6409beba17491edb5a32b684","6ac8beab973be078e186407a","2026-10-09 06:18"
"ferreiro","5f126427d6ca438f24009b8e","baila mi cumbia","692088a0224f32960becd3da","6ac8be7c0042b6fc259d80cb","2026-10-09 06:18"
"YAK","6574904632448ee4669e0e17","Ringo","6046c8a097019400018ea4cf","6ac8bef50042b6fc259d82ef","2026-10-09 06:19"
"aguardiente","60ba2dec2056310001c27701","Uralensis","65eba12c6f7c11bcafdeaac8","6ac8be45257622416c6bb0ef","2026-10-09 06:19"
"mariels","646dd213a2197f0d437a6ab0","きたむらくん","6890a75ff920ead5bd3342d2","6ac8be75841d94445750e881","2026-10-09 06:19"
"挪威的騷零 [The Norwegian Sowling]","6409beba17491edb5a32b684","Zifuko","5e85136d3d4b6a36ac752a7b","6ac8bed2973be078e18640dd","2026-10-09 06:20"
"maks","6414d29eb61bfefd9d16461e","abys","55b3ba14e7e37f2cc0d67601","6ac8befe0042b6fc259d830d","2026-10-09 06:20"
"Palmitas","5c0450ca431965af44f4668e","Siemeon","62dc07edf32847e5836668f1","6ac8bf440042b6fc259d843d","2026-10-09 06:21"
"Maksonic","619d09bdc4ab7000016c68d3","Jonas","661ad4c4073f663c21b57fe6","6ac8be9c0042b6fc259d814c","2026-10-09 06:21"
"DevGeo(YT)","636157b9cf326cd4ca7a9ead","挪威的騷零 [The Norwegian Sowling]","6409beba17491edb5a32b684","6ac8bf53290b17532fc6d04d","2026-10-09 06:21"
"KaczuSiastyy","664a46ec660949cf6274a231","Wijn","657979f3db414bd0da540f23","6ac8be3d0042b6fc259d7fc5","2026-10-09 06:21"
"Siemeon","62dc07edf32847e5836668f1","Palmitas","5c0450ca431965af44f4668e","6ac8bfe20042b6fc259d8758","2026-10-09 06:22"
"jeu de m3rde","60ef0697612a5400012c89a3","Equinox","65cac339810ef89a8b628cc7","6ac8bec6841d94445750e94a","2026-10-09 06:22"
"mgln7","5ad20d528861ee4cf4da4546","GeoReda","6439632a8062b2c1de67acab","6ac8bcb60042b6fc259d7851","2026-10-09 06:22"
"Kaspervde","5d68c6ace9473f7c4058e087","Baron","693f6bdc3353aee359a84f82","6ac8be9a0042b6fc259d813f","2026-10-09 06:22"
"Konny","5c94817a7235f97790cbf6ab","Lodi","5788e5e5c2a0fb1304dba46c","6ac8bf4e0042b6fc259d848a","2026-10-09 06:22"
"Zifuko","5e85136d3d4b6a36ac752a7b","挪威的騷零 [The Norwegian Sowling]","6409beba17491edb5a32b684","6ac8bfc9257622416c6bb52a","2026-10-09 06:24"
"Baron","693f6bdc3353aee359a84f82","Kaspervde","5d68c6ace9473f7c4058e087","6ac8c01e0042b6fc259d8865","2026-10-09 06:24"
"Dissonans","60e09234213b0600019d912e","maks","6414d29eb61bfefd9d16461e","6ac8bfb80042b6fc259d8669","2026-10-09 06:25"
"Señorita Plonquita","664ad9de273fe0303a386b45","挪威的騷零 [The Norwegian Sowling]","6409beba17491edb5a32b684","6ac8c04aa7468c637494c9b9","2026-10-09 06:25"
"Python","694bfbb62a6d3fd5f4d847c9","Magnus","679395e4205fcbaaa18ff360","6ac8bd480042b6fc259d7af5","2026-10-09 06:25"
"Jonas","661ad4c4073f663c21b57fe6","DevGeo(YT)","636157b9cf326cd4ca7a9ead","6ac8c0160042b6fc259d884a","2026-10-09 06:26"
"Zifuko","5e85136d3d4b6a36ac752a7b","挪威的騷零 [The Norwegian Sowling]","6409beba17491edb5a32b684","6ac8c0c50042b6fc259d8ba5","2026-10-09 06:26"
"Wijn","657979f3db414bd0da540f23","baila mi cumbia","692088a0224f32960becd3da","6ac8bff80042b6fc259d87b4","2026-10-09 06:26"
"[TNT] Kirania","5c14f357ff3dc98d883d182c","Siemeon","62dc07edf32847e5836668f1","6ac8c03e0042b6fc259d8901","2026-10-09 06:27"
"Skolors","615463c9d936a00001cc3e2d","Palmitas","5c0450ca431965af44f4668e","6ac8c07a257622416c6bb7e4","2026-10-09 06:27"
"Equinox","65cac339810ef89a8b628cc7","jeu de m3rde","60ef0697612a5400012c89a3","6ac8c0580042b6fc259d896c","2026-10-09 06:27"
"GEO | RÉYYDELEONARD","6a79c3e3f107f3c95cbbea07","Señorita Plonquita","664ad9de273fe0303a386b45","6ac8c067257622416c6bb75f","2026-10-09 06:27"
"KaczuSiastyy","664a46ec660949cf6274a231","Baron","693f6bdc3353aee359a84f82","6ac8c0c8973be078e186466d","2026-10-09 06:27"
"vukGG","6384aef735180c664babf36e","Ringo","6046c8a097019400018ea4cf","6ac8bfaa257622416c6bb4b8","2026-10-09 06:28"
"[TNT] Kirania","5c14f357ff3dc98d883d182c","Siemeon","62dc07edf32847e5836668f1","6ac8c14c0042b6fc259d8e7a","2026-10-09 06:30"
"Jonas","661ad4c4073f663c21b57fe6","挪威的騷零 [The Norwegian Sowling]","6409beba17491edb5a32b684","6ac8c13e0042b6fc259d8e33","2026-10-09 06:30"
"eeeeeeeeeeee","658e9c0361137989504ec7ee","maks","6414d29eb61bfefd9d16461e","6ac8c0ef0042b6fc259d8ca3","2026-10-09 06:30"
"Hez1tred.","68274ac83004afb088d83eac","shawty","65c65054c631e61744bcb357","6ac8c14d973be078e18648e8","2026-10-09 06:30"
"Ringo","6046c8a097019400018ea4cf","Dissonans","60e09234213b0600019d912e","6ac8c1b60042b6fc259d9095","2026-10-09 06:31"
"Zifuko","5e85136d3d4b6a36ac752a7b","挪威的騷零 [The Norwegian Sowling]","6409beba17491edb5a32b684","6ac8c1210042b6fc259d8da2","2026-10-09 06:31"
"Jonas","661ad4c4073f663c21b57fe6","挪威的騷零 [The Norwegian Sowling]","6409beba17491edb5a32b684","6ac8c21b0042b6fc259d931b","2026-10-09 06:32"
"Señorita Plonquita","664ad9de273fe0303a386b45","DevGeo(YT)","636157b9cf326cd4ca7a9ead","6ac8c1280042b6fc259d8dd4","2026-10-09 06:32"
"Skolors","615463c9d936a00001cc3e2d","Palmitas","5c0450ca431965af44f4668e","6ac8c165ff66af869d1aa259","2026-10-09 06:33"
"mariels","646dd213a2197f0d437a6ab0","grizbard","5e8a36383d4b6a587c783801","6ac8c0fa0042b6fc259d8cd9","2026-10-09 06:33"
"Siemeon","62dc07edf32847e5836668f1","Brzoza","60ababeffb1efa0001302754","6ac8c200257622416c6bbd76","2026-10-09 06:34"
"KaczuSiastyy","664a46ec660949cf6274a231","TropicalMountain447","67914253de4eb4f636d10283","6ac8c176257622416c6bbb6c","2026-10-09 06:34"
"maks","6414d29eb61bfefd9d16461e","Zezeshaka","60a4bf78880a050001dcaa70","6ac8c20f0042b6fc259d92bd","2026-10-09 06:34"
"Ringo","6046c8a097019400018ea4cf","Maksonic","619d09bdc4ab7000016c68d3","6ac8c2760042b6fc259d953d","2026-10-09 06:35"
"挪威的騷零 [The Norwegian Sowling]","6409beba17491edb5a32b684","Zifuko","5e85136d3d4b6a36ac752a7b","6ac8c24b0042b6fc259d944f","2026-10-09 06:35"
"Lil Frenky","60409299545b6c0001c4a79b","67","6874e2f8ef3960e599abae7c","6ac8c1e60042b6fc259d91b7","2026-10-09 06:35"
"Equinox","65cac339810ef89a8b628cc7","jeu de m3rde","60ef0697612a5400012c89a3","6ac8c15b0042b6fc259d8eac","2026-10-09 06:36"
"挪威的騷零 [The Norwegian Sowling]","6409beba17491edb5a32b684","DevGeo(YT)","636157b9cf326cd4ca7a9ead","6ac8c2880042b6fc259d957a","2026-10-09 06:36"
"TropicalMountain447","67914253de4eb4f636d10283","KaczuSiastyy","664a46ec660949cf6274a231","6ac8c32c257622416c6bc236","2026-10-09 06:36"
"Jonas","661ad4c4073f663c21b57fe6","Brzoza","60ababeffb1efa0001302754","6ac8c3060042b6fc259d97cf","2026-10-09 06:37"
"Zezeshaka","60a4bf78880a050001dcaa70","Baron","693f6bdc3353aee359a84f82","6ac8c2eb0042b6fc259d9748","2026-10-09 06:38"
"Skolors","615463c9d936a00001cc3e2d","Palmitas","5c0450ca431965af44f4668e","6ac8c2e70042b6fc259d9736","2026-10-09 06:39"
"Hani","67dd6acf876e760f6dcc35a2","DevGeo(YT)","636157b9cf326cd4ca7a9ead","6ac8c381973be078e18650b6","2026-10-09 06:39"
"Zifuko","5e85136d3d4b6a36ac752a7b","挪威的騷零 [The Norwegian Sowling]","6409beba17491edb5a32b684","6ac8c33d0042b6fc259d98d2","2026-10-09 06:40"
"Señorita Plonquita","664ad9de273fe0303a386b45","Dissonans","60e09234213b0600019d912e","6ac8c2ee2a4868a4a958c0c9","2026-10-09 06:40"
"KaczuSiastyy","664a46ec660949cf6274a231","Unga","5f131ab1d52cd04658f42ad7","6ac8c397257622416c6bc388","2026-10-09 06:40"
"Ringo","6046c8a097019400018ea4cf","jeu de m3rde","60ef0697612a5400012c89a3","6ac8c3d5cd7220c0526f9e2f","2026-10-09 06:41"
"maks","6414d29eb61bfefd9d16461e","mariels","646dd213a2197f0d437a6ab0","6ac8c2f9ff66af869d1aa7de","2026-10-09 06:41"
"Zezeshaka","60a4bf78880a050001dcaa70","Baron","693f6bdc3353aee359a84f82","6ac8c3e80042b6fc259d9c8e","2026-10-09 06:41"
"Brzoza","60ababeffb1efa0001302754","Jonas","661ad4c4073f663c21b57fe6","6ac8c3c30042b6fc259d9b99","2026-10-09 06:42"
"Siemeon","62dc07edf32847e5836668f1","Brzoza","60ababeffb1efa0001302754","6ac8c4fc0042b6fc259da33e","2026-10-09 06:43"
"Equinox","65cac339810ef89a8b628cc7","挪威的騷零 [The Norwegian Sowling]","6409beba17491edb5a32b684","6ac8c390cd7220c0526f9e19","2026-10-09 06:43"
"Ringo","6046c8a097019400018ea4cf","jeu de m3rde","60ef0697612a5400012c89a3","6ac8c3d5cd7220c0526f9e2f","2026-10-09 06:43"
"Zifuko","5e85136d3d4b6a36ac752a7b","挪威的騷零 [The Norwegian Sowling]","6409beba17491edb5a32b684","6ac8c4870042b6fc259da0b1","2026-10-09 06:44"
"jeu de m3rde","60ef0697612a5400012c89a3","Zezeshaka","60a4bf78880a050001dcaa70","6ac8c501973be078e1865716","2026-10-09 06:45"
"jeu de m3rde","60ef0697612a5400012c89a3","Jonas","661ad4c4073f663c21b57fe6","6ac8c513ff66af869d1aaf4a","2026-10-09 06:46"
"DevGeo(YT)","636157b9cf326cd4ca7a9ead","Hani","67dd6acf876e760f6dcc35a2","6ac8c462257622416c6bc6b2","2026-10-09 06:46"
"maks","6414d29eb61bfefd9d16461e","Dissonans","60e09234213b0600019d912e","6ac8c4ab257622416c6bc81a","2026-10-09 06:46"
"67","6874e2f8ef3960e599abae7c","Venux","601d72df848235000143965e","6ac8c54ecd7220c0526f9fce","2026-10-09 06:46"
"Lene","5d52f64824ec173888d82b60","[TNT] Kirania","5c14f357ff3dc98d883d182c","6ac8c2280042b6fc259d9371","2026-10-09 06:47"
"GeoReda","6439632a8062b2c1de67acab","Emmepemme","5bf9b0c343196557d45fc4b6","6ac8c05f257622416c6bb735","2026-10-09 06:47"
"Lil Frenky","60409299545b6c0001c4a79b","挪威的騷零 [The Norwegian Sowling]","6409beba17491edb5a32b684","6ac8c5390042b6fc259da477","2026-10-09 06:47"
"Wijn","657979f3db414bd0da540f23","Pati","667fc5248062e8fda494d6e5","6ac8c5440042b6fc259da4b6","2026-10-09 06:47"
"Unga","5f131ab1d52cd04658f42ad7","☃️💞Necridanov💞☃️🇫🇷-🇲🇹","61c8e6e43ac48e000144efc9","6ac8c46a0042b6fc259d9f9e","2026-10-09 06:47"
"DevGeo(YT)","636157b9cf326cd4ca7a9ead","Venux","601d72df848235000143965e","6ac8c5bb0042b6fc259da7d1","2026-10-09 06:48"
"maks","6414d29eb61bfefd9d16461e","Dissonans","60e09234213b0600019d912e","6ac8c5c7cc1b2e24137c9215","2026-10-09 06:48"
"挪威的騷零 [The Norwegian Sowling]","6409beba17491edb5a32b684","67","6874e2f8ef3960e599abae7c","6ac8c576841d9444575100d5","2026-10-09 06:48"
"Zifuko","5e85136d3d4b6a36ac752a7b","Brzoza","60ababeffb1efa0001302754","6ac8c553841d944457510024","2026-10-09 06:49"
"maks","6414d29eb61bfefd9d16461e","DevGeo(YT)","636157b9cf326cd4ca7a9ead","6ac8c667257622416c6bd02c","2026-10-09 06:50"
"Siemeon","62dc07edf32847e5836668f1","jeu de m3rde","60ef0697612a5400012c89a3","6ac8c6050042b6fc259da9c8","2026-10-09 06:51"
"Brzoza","60ababeffb1efa0001302754","Zifuko","5e85136d3d4b6a36ac752a7b","6ac8c6940042b6fc259dad22","2026-10-09 06:51"
"maks","6414d29eb61bfefd9d16461e","Venux","601d72df848235000143965e","6ac8c6bd0042b6fc259dadff","2026-10-09 06:51"
"Jonas","661ad4c4073f663c21b57fe6","jeu de m3rde","60ef0697612a5400012c89a3","6ac8c5bb0042b6fc259da7d2","2026-10-09 06:52"
"Lil Frenky","60409299545b6c0001c4a79b","Hani","67dd6acf876e760f6dcc35a2","6ac8c62d0042b6fc259daace","2026-10-09 06:53"
"Dissonans","60e09234213b0600019d912e","DevGeo(YT)","636157b9cf326cd4ca7a9ead","6ac8c6bd257622416c6bd225","2026-10-09 06:53"
"plotter","674c4756fb60b9f111e6e0b4","[TNT] Kirania","5c14f357ff3dc98d883d182c","6ac8c612697381fd3785385d","2026-10-09 06:54"
"maks","6414d29eb61bfefd9d16461e","jeu de m3rde","60ef0697612a5400012c89a3","6ac8c725257622416c6bd41c","2026-10-09 06:55"
"Jonas","661ad4c4073f663c21b57fe6","Lil Frenky","60409299545b6c0001c4a79b","6ac8c7740042b6fc259db33a","2026-10-09 06:56"
"eeeeeeeeeeee","658e9c0361137989504ec7ee","jeu de m3rde","60ef0697612a5400012c89a3","6ac8c700cd7220c0526fa1c2","2026-10-09 06:56"
"Dissonans","60e09234213b0600019d912e","Hani","67dd6acf876e760f6dcc35a2","6ac8c792257622416c6bd632","2026-10-09 06:56"
"ferreiro","5f126427d6ca438f24009b8e","Steve","64072b15a23b79e61f25e831","6ac8c7830042b6fc259db3a3","2026-10-09 06:56"
"Zezeshaka","60a4bf78880a050001dcaa70","Wijn","657979f3db414bd0da540f23","6ac8c7680042b6fc259db2f4","2026-10-09 06:57"
"67","6874e2f8ef3960e599abae7c","Pati","667fc5248062e8fda494d6e5","6ac8c7c7ff66af869d1abb76","2026-10-09 06:57"
"Magnus","679395e4205fcbaaa18ff360","Emmepemme","5bf9b0c343196557d45fc4b6","6ac8c6be973be078e1865f0b","2026-10-09 06:58"
"Brzoza","60ababeffb1efa0001302754","Zifuko","5e85136d3d4b6a36ac752a7b","6ac8c7190042b6fc259db07d","2026-10-09 06:59"
"Hani","67dd6acf876e760f6dcc35a2","Lil Frenky","60409299545b6c0001c4a79b","6ac8c8330042b6fc259db7e4","2026-10-09 06:59"
"67","6874e2f8ef3960e599abae7c","Zezeshaka","60a4bf78880a050001dcaa70","6ac8c866973be078e186678d","2026-10-09 06:59"
"jeu de m3rde","60ef0697612a5400012c89a3","Jonas","661ad4c4073f663c21b57fe6","6ac8c84c0042b6fc259db89b","2026-10-09 07:00"
"Raqhi","67d48df5e116b8cd2a7fa3f7","TaigaTigre","67866385685b5cb1dee32a82","6ac8c6fd0042b6fc259dafb9","2026-10-09 07:00"
"bezzo","5c4b0baa98004e87dc4ba512","Wijn","657979f3db414bd0da540f23","6ac8c8ba0042b6fc259dbb23","2026-10-09 07:01"
"Jonas","661ad4c4073f663c21b57fe6","Brzoza","60ababeffb1efa0001302754","6ac8c924ff66af869d1ac1a7","2026-10-09 07:02"
"Hani","67dd6acf876e760f6dcc35a2","Lil Frenky","60409299545b6c0001c4a79b","6ac8c9070042b6fc259dbd1d","2026-10-09 07:02"
"DevGeo(YT)","636157b9cf326cd4ca7a9ead","Sebo586","6484d6c62835b90b9cd9297c","6ac8c78a841d94445751098f","2026-10-09 07:02"
"Venux","601d72df848235000143965e","67","6874e2f8ef3960e599abae7c","6ac8c9060042b6fc259dbd1c","2026-10-09 07:02"
"KANMURU","63bcd8027039017494d42999","botje","65ef376b2528c8b0fb2b5e4c","6ac8c88d973be078e1866846","2026-10-09 07:02"
"maks","6414d29eb61bfefd9d16461e","plotter","674c4756fb60b9f111e6e0b4","6ac8c8660042b6fc259db911","2026-10-09 07:03"
"67","6874e2f8ef3960e599abae7c","TaigaTigre","67866385685b5cb1dee32a82","6ac8c9a50042b6fc259dc0e1","2026-10-09 07:03"
"GeoChad147 (Youtube)","61333da66ab477000167c55b","Unga","5f131ab1d52cd04658f42ad7","6ac8c7bc0042b6fc259db4f7","2026-10-09 07:04"
"Siemeon","62dc07edf32847e5836668f1","Feneb","5dba86167e473f2408461141","6ac8c8a60042b6fc259dba90","2026-10-09 07:05"
"jeu de m3rde","60ef0697612a5400012c89a3","Jonas","661ad4c4073f663c21b57fe6","6ac8c9380042b6fc259dbe26","2026-10-09 07:05"
"botje","65ef376b2528c8b0fb2b5e4c","Venux","601d72df848235000143965e","6ac8c99bcd7220c0526fa53f","2026-10-09 07:05"
"67","6874e2f8ef3960e599abae7c","nevada","6299d3a1e3066f290c479350","6ac8c9c70042b6fc259dc1ab","2026-10-09 07:05"
"Lágrima","5f32d46aca94e000015886be","Brzoza","60ababeffb1efa0001302754","6ac8c9a70042b6fc259dc0ed","2026-10-09 07:06"
"DevGeo(YT)","636157b9cf326cd4ca7a9ead","Dissonans","60e09234213b0600019d912e","6ac8ca42257622416c6be2b2","2026-10-09 07:06"
"bezzo","5c4b0baa98004e87dc4ba512","nowiczok in your tea","62f970d6df4ff6a0e2c48e03","6ac8c95e0042b6fc259dbf06","2026-10-09 07:06"
"Jonas","661ad4c4073f663c21b57fe6","jeu de m3rde","60ef0697612a5400012c89a3","6ac8ca580042b6fc259dc58e","2026-10-09 07:07"
"Kaspervde","5d68c6ace9473f7c4058e087","Raqhi","67d48df5e116b8cd2a7fa3f7","6ac8c9310042b6fc259dbe00","2026-10-09 07:07"
"Baron","693f6bdc3353aee359a84f82","Lodi","5788e5e5c2a0fb1304dba46c","6ac8c8cf973be078e186699a","2026-10-09 07:07"
"Siemeon","62dc07edf32847e5836668f1","Feneb","5dba86167e473f2408461141","6ac8ca330042b6fc259dc49b","2026-10-09 07:08"
"Zifuko","5e85136d3d4b6a36ac752a7b","Preussen","64da4d57e44ffbb819d935b1","6ac8c8de0042b6fc259dbc05","2026-10-09 07:08"
"maks","6414d29eb61bfefd9d16461e","Lemon’fu the Dawnstreak","6814628ed8477060002e00ba","6ac8ca34257622416c6be260","2026-10-09 07:09"
"Kaspervde","5d68c6ace9473f7c4058e087","Raqhi","67d48df5e116b8cd2a7fa3f7","6ac8caae0042b6fc259dc7bf","2026-10-09 07:09"
"Lil Frenky","60409299545b6c0001c4a79b","Hani","67dd6acf876e760f6dcc35a2","6ac8c9ae257622416c6be002","2026-10-09 07:09"
"Alcaraz201610","67817d3a9f4a9ae3490e0fac","Pati","667fc5248062e8fda494d6e5","6ac8c9df257622416c6be0cb","2026-10-09 07:09"
"Jonas","661ad4c4073f663c21b57fe6","jeu de m3rde","60ef0697612a5400012c89a3","6ac8cad30042b6fc259dc87b","2026-10-09 07:10"
"kcd","5aef47d3b18d0894c4ffe297","bezzo","5c4b0baa98004e87dc4ba512","6ac8caa6257622416c6be461","2026-10-09 07:10"
"Emmepemme","5bf9b0c343196557d45fc4b6","Magnus","679395e4205fcbaaa18ff360","6ac8c8e40042b6fc259dbc4e","2026-10-09 07:11"
"Hani","67dd6acf876e760f6dcc35a2","Lil Frenky","60409299545b6c0001c4a79b","6ac8cb300042b6fc259dca98","2026-10-09 07:11"
"Venux","601d72df848235000143965e","botje","65ef376b2528c8b0fb2b5e4c","6ac8ca50ff66af869d1ac688","2026-10-09 07:11"
"plotter","674c4756fb60b9f111e6e0b4","Frouser","676f1d87e37422d9da127424","6ac8ca16ff66af869d1ac57f","2026-10-09 07:12"
"Siemeon","62dc07edf32847e5836668f1","Feneb","5dba86167e473f2408461141","6ac8cb13973be078e1867480","2026-10-09 07:12"
"Jonas","661ad4c4073f663c21b57fe6","jeu de m3rde","60ef0697612a5400012c89a3","6ac8cad30042b6fc259dc87b","2026-10-09 07:13"
"Lemon’fu the Dawnstreak","6814628ed8477060002e00ba","ken(retired)","633f713b8c050fa35270d9e6","6ac8cb4fcc1b2e24137cab47","2026-10-09 07:13"
"Preussen","64da4d57e44ffbb819d935b1","Zifuko","5e85136d3d4b6a36ac752a7b","6ac8cb08ff66af869d1aca06","2026-10-09 07:13"
"Raqhi","67d48df5e116b8cd2a7fa3f7","☃️💞Necridanov💞☃️🇫🇷-🇲🇹","61c8e6e43ac48e000144efc9","6ac8cb520042b6fc259dcb79","2026-10-09 07:13"
"Brzoza","60ababeffb1efa0001302754","Lágrima","5f32d46aca94e000015886be","6ac8ca7f0042b6fc259dc669","2026-10-09 07:14"
"Unga","5f131ab1d52cd04658f42ad7","Sebo586","6484d6c62835b90b9cd9297c","6ac8ca480042b6fc259dc534","2026-10-09 07:14"
"Siemeon","62dc07edf32847e5836668f1","Feneb","5dba86167e473f2408461141","6ac8cbf7257622416c6bea63","2026-10-09 07:15"
"kcd","5aef47d3b18d0894c4ffe297","jeu de m3rde","60ef0697612a5400012c89a3","6ac8cb7d973be078e1867610","2026-10-09 07:15"
"DevGeo(YT)","636157b9cf326cd4ca7a9ead","GeoChad147 (Youtube)","61333da66ab477000167c55b","6ac8ca9f973be078e18672a6","2026-10-09 07:15"
"Lil Frenky","60409299545b6c0001c4a79b","Steve","64072b15a23b79e61f25e831","6ac8cbeb0042b6fc259dceff","2026-10-09 07:15"
"jeu de m3rde","60ef0697612a5400012c89a3","Jonas","661ad4c4073f663c21b57fe6","6ac8cc32841d944457511ee4","2026-10-09 07:17"
"Hani","67dd6acf876e760f6dcc35a2","bezzo","5c4b0baa98004e87dc4ba512","6ac8cbb90042b6fc259dcdd9","2026-10-09 07:17"
"Venux","601d72df848235000143965e","botje","65ef376b2528c8b0fb2b5e4c","6ac8cba3841d944457511c31","2026-10-09 07:17"
"Raqhi","67d48df5e116b8cd2a7fa3f7","☃️💞Necridanov💞☃️🇫🇷-🇲🇹","61c8e6e43ac48e000144efc9","6ac8cc1f0042b6fc259dd07c","2026-10-09 07:17"
"DarkWoke 🇵🇸","5f061c5b8fba346634a84c33","Kaspervde","5d68c6ace9473f7c4058e087","6ac8cb340042b6fc259dcab0","2026-10-09 07:18"
"Zifuko","5e85136d3d4b6a36ac752a7b","Preussen","64da4d57e44ffbb819d935b1","6ac8cc150042b6fc259dd04a","2026-10-09 07:20"
"67","6874e2f8ef3960e599abae7c","Pati","667fc5248062e8fda494d6e5","6ac8cd7b841d9444575124bd","2026-10-09 07:20"
"jeu de m3rde","60ef0697612a5400012c89a3","Mada","600801c48b224300016f36fd","6ac8cd190042b6fc259dd74a","2026-10-09 07:21"
"DevGeo(YT)","636157b9cf326cd4ca7a9ead","kcd","5aef47d3b18d0894c4ffe297","6ac8ccb3ff66af869d1ad142","2026-10-09 07:21"
"Lil Frenky","60409299545b6c0001c4a79b","jeu de m3rde","60ef0697612a5400012c89a3","6ac8cc9e257622416c6bede7","2026-10-09 07:21"
"bezzo","5c4b0baa98004e87dc4ba512","Hani","67dd6acf876e760f6dcc35a2","6ac8cd6d0042b6fc259dd95e","2026-10-09 07:21"
"maks","6414d29eb61bfefd9d16461e","ken(retired)","633f713b8c050fa35270d9e6","6ac8cc4e290b17532fc70389","2026-10-09 07:22"
"Kaspervde","5d68c6ace9473f7c4058e087","Raqhi","67d48df5e116b8cd2a7fa3f7","6ac8cd5ed66480562f0af3cc","2026-10-09 07:22"
"Siemeon","62dc07edf32847e5836668f1","kober","67ad18a09e150413a5e6fa66","6ac8cd8a0042b6fc259dda0f","2026-10-09 07:23"
"GeoChad147 (Youtube)","61333da66ab477000167c55b","cocomelon123","5ffc1edc415d4d00016642d7","6ac8ccf50042b6fc259dd678","2026-10-09 07:23"
"67","6874e2f8ef3960e599abae7c","Bad for 5K","6977deb37152525cbd406635","6ac8cdf2cd7220c0526fab2c","2026-10-09 07:23"
"Ringo","6046c8a097019400018ea4cf","Feneb","5dba86167e473f2408461141","6ac8ccc80042b6fc259dd566","2026-10-09 07:24"
"Lágrima","5f32d46aca94e000015886be","Brzoza","60ababeffb1efa0001302754","6ac8cc7c0042b6fc259dd31a","2026-10-09 07:24"
"twitch.tv/danq_s ☠️","639c2a925d4cc27b2f7a898b","nevada","6299d3a1e3066f290c479350","6ac8cd88ff66af869d1ad4e6","2026-10-09 07:24"
"DevGeo(YT)","636157b9cf326cd4ca7a9ead","Lil Frenky","60409299545b6c0001c4a79b","6ac8ce0b841d944457512752","2026-10-09 07:26"
"bezzo","5c4b0baa98004e87dc4ba512","Preussen","64da4d57e44ffbb819d935b1","6ac8ce18257622416c6bf56e","2026-10-09 07:26"
"ken(retired)","633f713b8c050fa35270d9e6","Unga","5f131ab1d52cd04658f42ad7","6ac8ce500042b6fc259ddf00","2026-10-09 07:26"
"kober","67ad18a09e150413a5e6fa66","Siemeon","62dc07edf32847e5836668f1","6ac8ce740042b6fc259ddfed","2026-10-09 07:27"
"Brzoza","60ababeffb1efa0001302754","Mada","600801c48b224300016f36fd","6ac8cea40042b6fc259de107","2026-10-09 07:27"
"Dissonans","60e09234213b0600019d912e","Hani","67dd6acf876e760f6dcc35a2","6ac8ce5f841d9444575128de","2026-10-09 07:27"
"Feneb","5dba86167e473f2408461141","maks","6414d29eb61bfefd9d16461e","6ac8cea10042b6fc259de0f9","2026-10-09 07:28"
"Zifuko","5e85136d3d4b6a36ac752a7b","kcd","5aef47d3b18d0894c4ffe297","6ac8cde90042b6fc259ddc49","2026-10-09 07:28"
"Preussen","64da4d57e44ffbb819d935b1","bezzo","5c4b0baa98004e87dc4ba512","6ac8cf470042b6fc259de569","2026-10-09 07:28"
"Kaspervde","5d68c6ace9473f7c4058e087","Raqhi","67d48df5e116b8cd2a7fa3f7","6ac8ce410042b6fc259dde8d","2026-10-09 07:28"
"twitch.tv/danq_s ☠️","639c2a925d4cc27b2f7a898b","nevada","6299d3a1e3066f290c479350","6ac8ceb90042b6fc259de17f","2026-10-09 07:28"
"Trabota","6056fd798ddd1c00018baf23","plotter","674c4756fb60b9f111e6e0b4","6ac8cce80042b6fc259dd623","2026-10-09 07:29"
"67","6874e2f8ef3960e599abae7c","Pati","667fc5248062e8fda494d6e5","6ac8cea7257622416c6bf850","2026-10-09 07:29"
"Fear of Horses 🐎","6063947a510035000104454f","Chuya✞","66549d4cc725af87c3aa9a34","6ac8ce150042b6fc259ddd8a","2026-10-09 07:30"
"Lágrima","5f32d46aca94e000015886be","cocomelon123","5ffc1edc415d4d00016642d7","6ac8cec10042b6fc259de1b2","2026-10-09 07:30"
"67","6874e2f8ef3960e599abae7c","twitch.tv/danq_s ☠️","639c2a925d4cc27b2f7a898b","6ac8cfd00042b6fc259de951","2026-10-09 07:30"
"kcd","5aef47d3b18d0894c4ffe297","Brzoza","60ababeffb1efa0001302754","6ac8cf910042b6fc259de7a8","2026-10-09 07:31"
"Lil Frenky","60409299545b6c0001c4a79b","DevGeo(YT)","636157b9cf326cd4ca7a9ead","6ac8cf4d0042b6fc259de595","2026-10-09 07:31"
"ken(retired)","633f713b8c050fa35270d9e6","mariels","646dd213a2197f0d437a6ab0","6ac8cf340042b6fc259de4df","2026-10-09 07:31"
"Dissonans","60e09234213b0600019d912e","Baron","693f6bdc3353aee359a84f82","6ac8cfa40042b6fc259de825","2026-10-09 07:31"
"Preussen","64da4d57e44ffbb819d935b1","bezzo","5c4b0baa98004e87dc4ba512","6ac8cfc5d66480562f0afe36","2026-10-09 07:32"
"kalesalad","60c9cf146dac910001261659","Feneb","5dba86167e473f2408461141","6ac8cfb60042b6fc259de891","2026-10-09 07:33"
"67","6874e2f8ef3960e599abae7c","Lil Frenky","60409299545b6c0001c4a79b","6ac8d04e0042b6fc259dec9b","2026-10-09 07:33"
"Anonymous","5eccd6d68d6ade72cc836cb8","Kaspervde","5d68c6ace9473f7c4058e087","6ac8cfd0973be078e1868b18","2026-10-09 07:34"
"DevGeo(YT)","636157b9cf326cd4ca7a9ead","Lágrima","5f32d46aca94e000015886be","6ac8d051a7468c6374950acc","2026-10-09 07:34"
"Zifuko","5e85136d3d4b6a36ac752a7b","Jonas","661ad4c4073f663c21b57fe6","6ac8cf9f0042b6fc259de801","2026-10-09 07:35"
"Hani","67dd6acf876e760f6dcc35a2","67","6874e2f8ef3960e599abae7c","6ac8d09e257622416c6c010e","2026-10-09 07:35"
"Raqhi","67d48df5e116b8cd2a7fa3f7","shawty","65c65054c631e61744bcb357","6ac8cfe50042b6fc259de9b9","2026-10-09 07:35"
"Feneb","5dba86167e473f2408461141","Siemeon","62dc07edf32847e5836668f1","6ac8d0ec0042b6fc259df06c","2026-10-09 07:36"
"Hani","67dd6acf876e760f6dcc35a2","67","6874e2f8ef3960e599abae7c","6ac8d09e257622416c6c010e","2026-10-09 07:36"
"kalesalad","60c9cf146dac910001261659","Brzoza","60ababeffb1efa0001302754","6ac8d0c7257622416c6c01e8","2026-10-09 07:37"
"Ringo","6046c8a097019400018ea4cf","maks","6414d29eb61bfefd9d16461e","6ac8cff80042b6fc259dea28","2026-10-09 07:37"
"twitch.tv/danq_s ☠️","639c2a925d4cc27b2f7a898b","Leftist Leo 解放巴勒斯坦 🇵🇸 和","60d9c5536dac910001297d14","6ac8d0d4973be078e1868fd5","2026-10-09 07:37"
"Baron","693f6bdc3353aee359a84f82","ken(retired)","633f713b8c050fa35270d9e6","6ac8d083973be078e1868e43","2026-10-09 07:37"
"bezzo","5c4b0baa98004e87dc4ba512","Lil Frenky","60409299545b6c0001c4a79b","6ac8d0c4257622416c6c01e1","2026-10-09 07:38"
"Jonas","661ad4c4073f663c21b57fe6","Zifuko","5e85136d3d4b6a36ac752a7b","6ac8d13e0042b6fc259df2a4","2026-10-09 07:39"
"DevGeo(YT)","636157b9cf326cd4ca7a9ead","Kaspervde","5d68c6ace9473f7c4058e087","6ac8d12dff66af869d1ae531","2026-10-09 07:39"
"俺でキャリーでTV","66d667a20b1997b505283d37","67","6874e2f8ef3960e599abae7c","6ac8d1f20042b6fc259df797","2026-10-09 07:39"
"Tatert0t","68713ba58c49b2f1bf373e05","Preussen","64da4d57e44ffbb819d935b1","6ac8d150257622416c6c0487","2026-10-09 07:39"
"Raqhi","67d48df5e116b8cd2a7fa3f7","GeoMoustachu","651d92713240ad2224dd0e2a","6ac8d169841d944457513798","2026-10-09 07:39"
"☃️💞Necridanov💞☃️🇫🇷-🇲🇹","61c8e6e43ac48e000144efc9","cocomelon123","5ffc1edc415d4d00016642d7","6ac8d033a7468c6374950a69","2026-10-09 07:39"
"Lil Frenky","60409299545b6c0001c4a79b","fexlo","55e374e55c083756fcfcd144","6ac8d1e80042b6fc259df74e","2026-10-09 07:40"
"俺でキャリーでTV","66d667a20b1997b505283d37","67","6874e2f8ef3960e599abae7c","6ac8d1f20042b6fc259df797","2026-10-09 07:40"
"Рома","5bc9f3921f3cf81af80cfa72","67","6874e2f8ef3960e599abae7c","6ac8d1940042b6fc259df522","2026-10-09 07:41"
"Hani","67dd6acf876e760f6dcc35a2","offmylawn","674bbb9465709cb3c93c6b17","6ac8d225257622416c6c0886","2026-10-09 07:41"
"ken(retired)","633f713b8c050fa35270d9e6","Baron","693f6bdc3353aee359a84f82","6ac8d1bc0042b6fc259df634","2026-10-09 07:41"
"Siemeon","62dc07edf32847e5836668f1","Wolfgoon Auramadeus Moggzart","64a4686ecd74917a4fabee03","6ac8d1df257622416c6c074b","2026-10-09 07:42"
"Brzoza","60ababeffb1efa0001302754","maks","6414d29eb61bfefd9d16461e","6ac8d1bf0042b6fc259df63e","2026-10-09 07:42"
"kcd","5aef47d3b18d0894c4ffe297","Zifuko","5e85136d3d4b6a36ac752a7b","6ac8d2791f213b04c2016316","2026-10-09 07:42"
"bezzo","5c4b0baa98004e87dc4ba512","ferreiro","5f126427d6ca438f24009b8e","6ac8d2821f213b04c201634e","2026-10-09 07:43"
"67","6874e2f8ef3960e599abae7c","Tatert0t","68713ba58c49b2f1bf373e05","6ac8d2530042b6fc259df9e0","2026-10-09 07:43"
"☃️💞Necridanov💞☃️🇫🇷-🇲🇹","61c8e6e43ac48e000144efc9","ekazawi (on dc)","683db87dca64579fbbcf122e","6ac8d2460042b6fc259df994","2026-10-09 07:43"
"Fear of Horses 🐎","6063947a510035000104454f","plotter","674c4756fb60b9f111e6e0b4","6ac8d171257622416c6c0517","2026-10-09 07:44"
"Jonas","661ad4c4073f663c21b57fe6","DevGeo(YT)","636157b9cf326cd4ca7a9ead","6ac8d24ecd7220c0526faff2","2026-10-09 07:44"
"Lil Frenky","60409299545b6c0001c4a79b","Preussen","64da4d57e44ffbb819d935b1","6ac8d2780042b6fc259dfaa8","2026-10-09 07:44"
"67","6874e2f8ef3960e599abae7c","Tatert0t","68713ba58c49b2f1bf373e05","6ac8d2530042b6fc259df9e0","2026-10-09 07:44"
"Elori","57d698c209f2ef93b8572689","Anonymous","5eccd6d68d6ade72cc836cb8","6ac8d15d973be078e186928e","2026-10-09 07:45"
"Zifuko","5e85136d3d4b6a36ac752a7b","kcd","5aef47d3b18d0894c4ffe297","6ac8d30f0042b6fc259dfe0c","2026-10-09 07:45"
"bezzo","5c4b0baa98004e87dc4ba512","Tatert0t","68713ba58c49b2f1bf373e05","6ac8d34c1f213b04c2016800","2026-10-09 07:46"
"mzk","5f3fde73116e5c0001ef74a5","Unga","5f131ab1d52cd04658f42ad7","6ac8d1b80042b6fc259df601","2026-10-09 07:46"
"Leftist Leo 解放巴勒斯坦 🇵🇸 和","60d9c5536dac910001297d14","Pati","667fc5248062e8fda494d6e5","6ac8d3801f213b04c2016952","2026-10-09 07:46"
"67","6874e2f8ef3960e599abae7c","Hani","67dd6acf876e760f6dcc35a2","6ac8d2d1ff66af869d1aec70","2026-10-09 07:47"
"Baron","693f6bdc3353aee359a84f82","fexlo","55e374e55c083756fcfcd144","6ac8d2d41f213b04c20164fa","2026-10-09 07:47"
"数字信号处理","62a559ad291a85ec390d343e","俺でキャリーでTV","66d667a20b1997b505283d37","6ac8d3761f213b04c2016910","2026-10-09 07:47"
"Lil Frenky","60409299545b6c0001c4a79b","Jonas","661ad4c4073f663c21b57fe6","6ac8d3a01f213b04c2016a0f","2026-10-09 07:48"
"kalesalad","60c9cf146dac910001261659","Feneb","5dba86167e473f2408461141","6ac8d1e3290b17532fc71b03","2026-10-09 07:49"
"Jonas","661ad4c4073f663c21b57fe6","wichura240","68767692157557d5c76a0ab6","6ac8d3c1257622416c6c1005","2026-10-09 07:49"
"kcd","5aef47d3b18d0894c4ffe297","Zifuko","5e85136d3d4b6a36ac752a7b","6ac8d3ac1f213b04c2016a57","2026-10-09 07:49"
"PechSP","5e9662142ad6cfadc8e2db9d","plotter","674c4756fb60b9f111e6e0b4","6ac8d3fe1f213b04c2016c3b","2026-10-09 07:50"
"Wolfgoon Auramadeus Moggzart","64a4686ecd74917a4fabee03","Mada","600801c48b224300016f36fd","6ac8d308ff66af869d1aed3e","2026-10-09 07:50"
"Jonas","661ad4c4073f663c21b57fe6","kcd","5aef47d3b18d0894c4ffe297","6ac8d47e973be078e1869f98","2026-10-09 07:50"
"Lágrima","5f32d46aca94e000015886be","DevGeo(YT)","636157b9cf326cd4ca7a9ead","6ac8d3621f213b04c20168a5","2026-10-09 07:50"
"67","6874e2f8ef3960e599abae7c","Hani","67dd6acf876e760f6dcc35a2","6ac8d4281f213b04c2016d35","2026-10-09 07:50"
"bezzo","5c4b0baa98004e87dc4ba512","Tatert0t","68713ba58c49b2f1bf373e05","6ac8d3e90042b6fc259e0134","2026-10-09 07:50"
"Puwaphat2304 (Skill Issue)","660da547c04c2826f94e7d80","きたむらくん","6890a75ff920ead5bd3342d2","6ac8d38f257622416c6c0f82","2026-10-09 07:50"
"Raqhi","67d48df5e116b8cd2a7fa3f7","GeoMoustachu","651d92713240ad2224dd0e2a","6ac8d3d11f213b04c2016b2d","2026-10-09 07:50"
"Siemeon","62dc07edf32847e5836668f1","Anonymous","5eccd6d68d6ade72cc836cb8","6ac8d4071f213b04c2016c6f","2026-10-09 07:51"
"Baron","693f6bdc3353aee359a84f82","fexlo","55e374e55c083756fcfcd144","6ac8d4351f213b04c2016da1","2026-10-09 07:51"
"Leftist Leo 解放巴勒斯坦 🇵🇸 和","60d9c5536dac910001297d14","yuyux32","65a3fa0c053e0780db54fd4b","6ac8d3f91f213b04c2016c1e","2026-10-09 07:51"
"xZenith","6846d165a3008977fe607ade","Bokai","62e7791e257a6510556a1a03","6ac8d469cc1b2e24137cd3fe","2026-10-09 07:52"
"俺でキャリーでTV","66d667a20b1997b505283d37","Gangooo | Jan","5c692ddbfa7cd6698082d404","6ac8d43f257622416c6c1217","2026-10-09 07:52"
"kcd","5aef47d3b18d0894c4ffe297","DevGeo(YT)","636157b9cf326cd4ca7a9ead","6ac8d4e2257622416c6c1547","2026-10-09 07:53"
"Zifuko","5e85136d3d4b6a36ac752a7b","Lil Frenky","60409299545b6c0001c4a79b","6ac8d4961f213b04c2016fd4","2026-10-09 07:53"
"67","6874e2f8ef3960e599abae7c","Puwaphat2304 (Skill Issue)","660da547c04c2826f94e7d80","6ac8d4c91f213b04c2017103","2026-10-09 07:53"
"ken(retired)","633f713b8c050fa35270d9e6","maks","6414d29eb61bfefd9d16461e","6ac8d3211f213b04c20166f2","2026-10-09 07:53"
"Hani","67dd6acf876e760f6dcc35a2","bezzo","5c4b0baa98004e87dc4ba512","6ac8d4bd0042b6fc259e0504","2026-10-09 07:53"
"Leftist Leo 解放巴勒斯坦 🇵🇸 和","60d9c5536dac910001297d14","WindyMirage774","661c9b427222970e307aff01","6ac8d50d257622416c6c1638","2026-10-09 07:53"
"俺でキャリーでTV","66d667a20b1997b505283d37","67","6874e2f8ef3960e599abae7c","6ac8d5631f213b04c20174b4","2026-10-09 07:54"
"数字信号处理","62a559ad291a85ec390d343e","Wijn","657979f3db414bd0da540f23","6ac8d52e1f213b04c201737a","2026-10-09 07:54"
"jeu de m3rde","60ef0697612a5400012c89a3","Maksonic","619d09bdc4ab7000016c68d3","6ac8d4f9257622416c6c15cb","2026-10-09 07:55"
"俺でキャリーでTV","66d667a20b1997b505283d37","Gangooo | Jan","5c692ddbfa7cd6698082d404","6ac8d5681f213b04c20174d4","2026-10-09 07:55"
"Raqhi","67d48df5e116b8cd2a7fa3f7","GeoMoustachu","651d92713240ad2224dd0e2a","6ac8d5011f213b04c201727d","2026-10-09 07:55"
"☃️💞Necridanov💞☃️🇫🇷-🇲🇹","61c8e6e43ac48e000144efc9","Kenji","5f2fd4348378f500019bdee0","6ac8d4801f213b04c2016f56","2026-10-09 07:55"
"Siemeon","62dc07edf32847e5836668f1","Bokai","62e7791e257a6510556a1a03","6ac8d563257622416c6c17c3","2026-10-09 07:56"
"maks","6414d29eb61bfefd9d16461e","Lágrima","5f32d46aca94e000015886be","6ac8d5840042b6fc259e090e","2026-10-09 07:56"
"bezzo","5c4b0baa98004e87dc4ba512","Hani","67dd6acf876e760f6dcc35a2","6ac8d5a40042b6fc259e09b6","2026-10-09 07:56"
"Baron","693f6bdc3353aee359a84f82","fexlo","55e374e55c083756fcfcd144","6ac8d57f1f213b04c2017565","2026-10-09 07:56"
"Keksdudel","641dcf121e5f72c8ba7f2931","DLAidoo","61a7c8ab24c30400018555b5","6ac8d44b1f213b04c2016e21","2026-10-09 07:57"
"俺でキャリーでTV","66d667a20b1997b505283d37","Gangooo | Jan","5c692ddbfa7cd6698082d404","6ac8d6051f213b04c20178c6","2026-10-09 07:58"
"kalesalad","60c9cf146dac910001261659","Feneb","5dba86167e473f2408461141","6ac8d48b0042b6fc259e0402","2026-10-09 07:59"
"Elori","57d698c209f2ef93b8572689","Ringo","6046c8a097019400018ea4cf","6ac8d4261f213b04c2016d2d","2026-10-09 07:59"
"Hani","67dd6acf876e760f6dcc35a2","67","6874e2f8ef3960e599abae7c","6ac8d6551f213b04c2017aef","2026-10-09 07:59"
"数字信号处理","62a559ad291a85ec390d343e","Unga","5f131ab1d52cd04658f42ad7","6ac8d5b01f213b04c2017692","2026-10-09 07:59"
"xZenith","6846d165a3008977fe607ade","Maksonic","619d09bdc4ab7000016c68d3","6ac8d6e81f213b04c2017ea7","2026-10-09 08:00"
"Lil Frenky","60409299545b6c0001c4a79b","Zifuko","5e85136d3d4b6a36ac752a7b","6ac8d5701f213b04c2017512","2026-10-09 08:00"
"ken(retired)","633f713b8c050fa35270d9e6","DevGeo(YT)","636157b9cf326cd4ca7a9ead","6ac8d5911f213b04c20175d3","2026-10-09 08:00"
"俺でキャリーでTV","66d667a20b1997b505283d37","Gangooo | Jan","5c692ddbfa7cd6698082d404","6ac8d6051f213b04c20178c6","2026-10-09 08:00"
"Erik.DL","64caea899c1426306f701b23","Schwarzweiss","5cfadc71b741f84acc8b23df","6ac8d60b1f213b04c20178eb","2026-10-09 08:00"
"Bokai","62e7791e257a6510556a1a03","Siemeon","62dc07edf32847e5836668f1","6ac8d6371f213b04c2017a28","2026-10-09 08:01"
"Lil Frenky","60409299545b6c0001c4a79b","67","6874e2f8ef3960e599abae7c","6ac8d70f0042b6fc259e1096","2026-10-09 08:01"
"maks","6414d29eb61bfefd9d16461e","Anonymous","5eccd6d68d6ade72cc836cb8","6ac8d63b0042b6fc259e0cab","2026-10-09 08:02"
"Lil Frenky","60409299545b6c0001c4a79b","67","6874e2f8ef3960e599abae7c","6ac8d70f0042b6fc259e1096","2026-10-09 08:02"
"Baron","693f6bdc3353aee359a84f82","AdamGHG","675079edb8068755832a2a90","6ac8d6481f213b04c2017a96","2026-10-09 08:02"
"PechSP","5e9662142ad6cfadc8e2db9d","Lágrima","5f32d46aca94e000015886be","6ac8d6d01f213b04c2017e1b","2026-10-09 08:03"
"Feneb","5dba86167e473f2408461141","kalesalad","60c9cf146dac910001261659","6ac8d6f9257622416c6c1f7d","2026-10-09 08:03"
"Zifuko","5e85136d3d4b6a36ac752a7b","俺でキャリーでTV","66d667a20b1997b505283d37","6ac8d7261f213b04c2018079","2026-10-09 08:03"
"habesh","647734d056305f7bf5561a4e","Lillysbruder","6471c2e45410e20734aedca1","6ac8d26c1f213b04c20162ef","2026-10-09 08:04"
"俺でキャリーでTV","66d667a20b1997b505283d37","67","6874e2f8ef3960e599abae7c","6ac8d7d41f213b04c20185cc","2026-10-09 08:04"
"Keksdudel","641dcf121e5f72c8ba7f2931","DLAidoo","61a7c8ab24c30400018555b5","6ac8d6ad1f213b04c2017d10","2026-10-09 08:04"
"Lil Frenky","60409299545b6c0001c4a79b","Hagelsnow","66d333ad197dbd0ea8ca5f46","6ac8d76d1f213b04c2018254","2026-10-09 08:05"
"67","6874e2f8ef3960e599abae7c","俺でキャリーでTV","66d667a20b1997b505283d37","6ac8d80a1f213b04c201874e","2026-10-09 08:05"
"Schwarzweiss","5cfadc71b741f84acc8b23df","Kenji","5f2fd4348378f500019bdee0","6ac8d7551f213b04c20181d3","2026-10-09 08:05"
"Siemeon","62dc07edf32847e5836668f1","xZenith","6846d165a3008977fe607ade","6ac8d7540042b6fc259e1205","2026-10-09 08:06"
"yakubeq","6a89abdbc44b9b2bfa836c26","Baron","693f6bdc3353aee359a84f82","6ac8d7f11f213b04c20186a0","2026-10-09 08:06"
"Zifuko","5e85136d3d4b6a36ac752a7b","Kuba","6744ee112d6c958a853b52a6","6ac8d7ef1f213b04c2018690","2026-10-09 08:07"
"maks","6414d29eb61bfefd9d16461e","Anonymous","5eccd6d68d6ade72cc836cb8","6ac8d7ad0042b6fc259e147b","2026-10-09 08:07"
"67","6874e2f8ef3960e599abae7c","俺でキャリーでTV","66d667a20b1997b505283d37","6ac8d8351f213b04c20188d3","2026-10-09 08:07"
"Ringo","6046c8a097019400018ea4cf","Elori","57d698c209f2ef93b8572689","6ac8d7271f213b04c201807b","2026-10-09 08:08"
"67","6874e2f8ef3960e599abae7c","俺でキャリーでTV","66d667a20b1997b505283d37","6ac8d84b1f213b04c201899b","2026-10-09 08:08"
"Hani","67dd6acf876e760f6dcc35a2","Maksonic","619d09bdc4ab7000016c68d3","6ac8d7651f213b04c2018220","2026-10-09 08:08"
"Jonas","661ad4c4073f663c21b57fe6","Kuba","6744ee112d6c958a853b52a6","6ac8d8c31f213b04c2018d14","2026-10-09 08:09"
"67","6874e2f8ef3960e599abae7c","俺でキャリーでTV","66d667a20b1997b505283d37","6ac8d8c40042b6fc259e19b1","2026-10-09 08:09"
"Anonymous","5eccd6d68d6ade72cc836cb8","ken(retired)","633f713b8c050fa35270d9e6","6ac8d8d21f213b04c2018d87","2026-10-09 08:09"
"Lillysbruder","6471c2e45410e20734aedca1","Lágrima","5f32d46aca94e000015886be","6ac8d8441f213b04c2018972","2026-10-09 08:10"
"Hagelsnow","66d333ad197dbd0ea8ca5f46","Schwarzweiss","5cfadc71b741f84acc8b23df","6ac8d876257622416c6c271b","2026-10-09 08:10"
"DevGeo(YT)","636157b9cf326cd4ca7a9ead","Lil Frenky","60409299545b6c0001c4a79b","6ac8d86c257622416c6c26f9","2026-10-09 08:10"
"Hani","67dd6acf876e760f6dcc35a2","俺でキャリーでTV","66d667a20b1997b505283d37","6ac8d92e1f213b04c2018fb2","2026-10-09 08:10"
"Siemeon","62dc07edf32847e5836668f1","xZenith","6846d165a3008977fe607ade","6ac8d8a81f213b04c2018c45","2026-10-09 08:11"
"Unga","5f131ab1d52cd04658f42ad7","Kenji","5f2fd4348378f500019bdee0","6ac8d8541f213b04c2018a1f","2026-10-09 08:11"
"Gangooo | Jan","5c692ddbfa7cd6698082d404","xNツ","653165df4c78aa15e2a057c6","6ac8d8ae1f213b04c2018c68","2026-10-09 08:11"
"Kuba","6744ee112d6c958a853b52a6","Jonas","661ad4c4073f663c21b57fe6","6ac8d93f1f213b04c201903b","2026-10-09 08:12"
"Anonymous","5eccd6d68d6ade72cc836cb8","Lil Frenky","60409299545b6c0001c4a79b","6ac8d98c1f213b04c201927c","2026-10-09 08:12"
"俺でキャリーでTV","66d667a20b1997b505283d37","Gknolle9","638a068b6709ad1074d14898","6ac8d9687c0d7c57ca2e3341","2026-10-09 08:12"
"Baron","693f6bdc3353aee359a84f82","RushingForWhat","6a1f43879d2b9591527ea774","6ac8d8c91f213b04c2018d49","2026-10-09 08:12"
"GeoHunter.jp","682addc04342da6bdce10d12","☃️💞Necridanov💞☃️🇫🇷-🇲🇹","61c8e6e43ac48e000144efc9","6ac8d7abcd7220c0526fb798","2026-10-09 08:12"
"Zifuko","5e85136d3d4b6a36ac752a7b","67","6874e2f8ef3960e599abae7c","6ac8d8eb1f213b04c2018e32","2026-10-09 08:13"
"俺でキャリーでTV","66d667a20b1997b505283d37","xNツ","653165df4c78aa15e2a057c6","6ac8d9ac7c0d7c57ca2e34fc","2026-10-09 08:13"
"数字信号处理","62a559ad291a85ec390d343e","TEEM0","68f9fdd90f6d5f026cf9e4d8","6ac8d8e71f213b04c2018e13","2026-10-09 08:13"
"kalesalad","60c9cf146dac910001261659","Feneb","5dba86167e473f2408461141","6ac8d7f8257622416c6c246a","2026-10-09 08:14"
"DevGeo(YT)","636157b9cf326cd4ca7a9ead","67","6874e2f8ef3960e599abae7c","6ac8d97b7c0d7c57ca2e3395","2026-10-09 08:14"
"DevGeo(YT)","636157b9cf326cd4ca7a9ead","67","6874e2f8ef3960e599abae7c","6ac8d97b7c0d7c57ca2e3395","2026-10-09 08:14"
"Ringo","6046c8a097019400018ea4cf","kalesalad","60c9cf146dac910001261659","6ac8da5e7c0d7c57ca2e38bd","2026-10-09 08:15"
"Kuba","6744ee112d6c958a853b52a6","Jonas","661ad4c4073f663c21b57fe6","6ac8da0c1f213b04c2019598","2026-10-09 08:15"
"anya.tw","62739f6613352a5af981b531","SiBe","5ad3470a2a3e0d4da46d409e","6ac8d6df1f213b04c2017e73","2026-10-09 08:15"
"koendew","601d3640dd769100010c6f35","俺でキャリーでTV","66d667a20b1997b505283d37","6ac8da542a4868a4a9592658","2026-10-09 08:15"
"Siemeon","62dc07edf32847e5836668f1","xZenith","6846d165a3008977fe607ade","6ac8d9b61f213b04c201937c","2026-10-09 08:16"
"Gangooo | Jan","5c692ddbfa7cd6698082d404","TaigaTigre","67866385685b5cb1dee32a82","6ac8d9bc7c0d7c57ca2e353f","2026-10-09 08:16"
"Retolas","66cf8105b84b9d81a2090df9","maks","6414d29eb61bfefd9d16461e","6ac8d9371f213b04c2018ffd","2026-10-09 08:17"
"yakubeq","6a89abdbc44b9b2bfa836c26","DevGeo(YT)","636157b9cf326cd4ca7a9ead","6ac8da751f213b04c20198d1","2026-10-09 08:17"
"koendew","601d3640dd769100010c6f35","俺でキャリーでTV","66d667a20b1997b505283d37","6ac8da542a4868a4a9592658","2026-10-09 08:17"
"Baron","693f6bdc3353aee359a84f82","☃️💞Necridanov💞☃️🇫🇷-🇲🇹","61c8e6e43ac48e000144efc9","6ac8da321f213b04c20196ed","2026-10-09 08:17"
"Hani","67dd6acf876e760f6dcc35a2","Hagelsnow","66d333ad197dbd0ea8ca5f46","6ac8d99f7c0d7c57ca2e3481","2026-10-09 08:18"
"Gknolle9","638a068b6709ad1074d14898","Pati","667fc5248062e8fda494d6e5","6ac8da967c0d7c57ca2e39be","2026-10-09 08:18"
"xZenith","6846d165a3008977fe607ade","Siemeon","62dc07edf32847e5836668f1","6ac8db040042b6fc259e247b","2026-10-09 08:19"
"PechSP","5e9662142ad6cfadc8e2db9d","Feneb","5dba86167e473f2408461141","6ac8da8f1f213b04c20199c1","2026-10-09 08:19"
"Maksonic","619d09bdc4ab7000016c68d3","67","6874e2f8ef3960e599abae7c","6ac8dac10042b6fc259e232a","2026-10-09 08:19"
"ken(retired)","633f713b8c050fa35270d9e6","kabrioletlux","60b9f1cafd3caa00014a461e","6ac8d96a0042b6fc259e1ce9","2026-10-09 08:19"
"俺でキャリーでTV","66d667a20b1997b505283d37","67","6874e2f8ef3960e599abae7c","6ac8daab7c0d7c57ca2e3a30","2026-10-09 08:19"
"数字信号处理","62a559ad291a85ec390d343e","TEEM0","68f9fdd90f6d5f026cf9e4d8","6ac8da330042b6fc259e2062","2026-10-09 08:19"
"俺でキャリーでTV","66d667a20b1997b505283d37","Gangooo | Jan","5c692ddbfa7cd6698082d404","6ac8db2e2e0d9986dd3f4946","2026-10-09 08:20"
"fexlo","55e374e55c083756fcfcd144","Baron","693f6bdc3353aee359a84f82","6ac8db211f213b04c2019e1b","2026-10-09 08:20"
"Jonas","661ad4c4073f663c21b57fe6","Lil Frenky","60409299545b6c0001c4a79b","6ac8db431f213b04c2019f0f","2026-10-09 08:21"
"DevGeo(YT)","636157b9cf326cd4ca7a9ead","maks","6414d29eb61bfefd9d16461e","6ac8db251f213b04c2019e2b","2026-10-09 08:21"
"Venux","601d72df848235000143965e","Gknolle9","638a068b6709ad1074d14898","6ac8db6a7c0d7c57ca2e3e75","2026-10-09 08:21"
"Tjay","5ffcdd1cd5a65b0001e4713b","kcd","5aef47d3b18d0894c4ffe297","6ac8d9317c0d7c57ca2e3242","2026-10-09 08:22"
"kalesalad","60c9cf146dac910001261659","sp4ghet","5ec26de5a789c45a9c13cf3c","6ac8dace1f213b04c2019b3b","2026-10-09 08:22"
"Maksonic","619d09bdc4ab7000016c68d3","ILIAPLONKS (YT/TTV)","623798a42965f997f04b1cc1","6ac8dba37c0d7c57ca2e3fe3","2026-10-09 08:22"
"俺でキャリーでTV","66d667a20b1997b505283d37","67","6874e2f8ef3960e599abae7c","6ac8dbab7c0d7c57ca2e400b","2026-10-09 08:22"
"Keksdudel","641dcf121e5f72c8ba7f2931","Moussa","63f298b8251569d36d50155b","6ac8dabe7c0d7c57ca2e3a8e","2026-10-09 08:22"
"Kuba","6744ee112d6c958a853b52a6","Lágrima","5f32d46aca94e000015886be","6ac8dae11f213b04c2019bec","2026-10-09 08:23"
"Anonymous","5eccd6d68d6ade72cc836cb8","jeu de m3rde","60ef0697612a5400012c89a3","6ac8db107c0d7c57ca2e3c21","2026-10-09 08:23"
"GeoHunter.jp","682addc04342da6bdce10d12","koendew","601d3640dd769100010c6f35","6ac8dad07c0d7c57ca2e3ae5","2026-10-09 08:23"
"Maksonic","619d09bdc4ab7000016c68d3","67","6874e2f8ef3960e599abae7c","6ac8dc611f213b04c201a708","2026-10-09 08:24"
"maks","6414d29eb61bfefd9d16461e","sp4ghet","5ec26de5a789c45a9c13cf3c","6ac8dc3d1f213b04c201a5fc","2026-10-09 08:24"
"俺でキャリーでTV","66d667a20b1997b505283d37","Gangooo | Jan","5c692ddbfa7cd6698082d404","6ac8dbed7c0d7c57ca2e417d","2026-10-09 08:24"
"xZenith","6846d165a3008977fe607ade","Siemeon","62dc07edf32847e5836668f1","6ac8db811f213b04c201a0e0","2026-10-09 08:25"
"Retolas","66cf8105b84b9d81a2090df9","PLK","62179a5c8e88d400010d91ea","6ac8db3f1f213b04c2019ef2","2026-10-09 08:25"
"Jonas","661ad4c4073f663c21b57fe6","Lil Frenky","60409299545b6c0001c4a79b","6ac8dc181f213b04c201a4fe","2026-10-09 08:25"
"Feneb","5dba86167e473f2408461141","ken(retired)","633f713b8c050fa35270d9e6","6ac8dbe01f213b04c201a375","2026-10-09 08:26"
"jeu de m3rde","60ef0697612a5400012c89a3","俺でキャリーでTV","66d667a20b1997b505283d37","6ac8dc92257622416c6c3a51","2026-10-09 08:26"
"GeoReda","6439632a8062b2c1de67acab","Abbin","663cf56b43111c18760a380c","6ac8d9ec2a4868a4a9592470","2026-10-09 08:26"
"67","6874e2f8ef3960e599abae7c","Fan Swangambita 🔥😋","63d00c59744f7e9ebeeb1c09","6ac8dce81f213b04c201aab4","2026-10-09 08:26"
"limpertsberg  portofino","5c54618d3d925bc4fcca2825","Zakii","68e6a472f3243208d523b950","6ac8dc331f213b04c201a5b5","2026-10-09 08:26"
"Siemeon","62dc07edf32847e5836668f1","xZenith","6846d165a3008977fe607ade","6ac8dcf91f213b04c201ab25","2026-10-09 08:27"
"gokhale","68257ab1be5b31c617f37156","俺でキャリーでTV","66d667a20b1997b505283d37","6ac8dce31f213b04c201aa96","2026-10-09 08:27"
"fexlo","55e374e55c083756fcfcd144","Baron","693f6bdc3353aee359a84f82","6ac8dbfb1f213b04c201a442","2026-10-09 08:27"
"Jonas","661ad4c4073f663c21b57fe6","Lil Frenky","60409299545b6c0001c4a79b","6ac8dd2c7c0d7c57ca2e48e1","2026-10-09 08:28"
"jeu de m3rde","60ef0697612a5400012c89a3","俺でキャリーでTV","66d667a20b1997b505283d37","6ac8dd667c0d7c57ca2e49fe","2026-10-09 08:29"
"俺でキャリーでTV","66d667a20b1997b505283d37","gokhale","68257ab1be5b31c617f37156","6ac8dd80b055b03e7286858d","2026-10-09 08:29"
"KAZ","6682a94f266924acd6f97098","dadasing","6380ec3dda4b679cf55302da","6ac8dc141f213b04c201a4ea","2026-10-09 08:29"
"xZenith","6846d165a3008977fe607ade","Siemeon","62dc07edf32847e5836668f1","6ac8dd991f213b04c201af32","2026-10-09 08:30"
"Jonas","661ad4c4073f663c21b57fe6","Lil Frenky","60409299545b6c0001c4a79b","6ac8dde07c0d7c57ca2e4c7d","2026-10-09 08:30"
"Maksonic","619d09bdc4ab7000016c68d3","Ringo","6046c8a097019400018ea4cf","6ac8dcff1f213b04c201ab4e","2026-10-09 08:30"
"kabrioletlux","60b9f1cafd3caa00014a461e","Venux","601d72df848235000143965e","6ac8dcfb7c0d7c57ca2e47a3","2026-10-09 08:30"
"PLK","62179a5c8e88d400010d91ea","yakubeq","6a89abdbc44b9b2bfa836c26","6ac8dd4b7c0d7c57ca2e496e","2026-10-09 08:32"
"ILIAPLONKS (YT/TTV)","623798a42965f997f04b1cc1","DevGeo(YT)","636157b9cf326cd4ca7a9ead","6ac8dc471f213b04c201a634","2026-10-09 08:32"
"Köröskényi István","5922abce1bba700c703b0c00","67","6874e2f8ef3960e599abae7c","6ac8dd4a7c0d7c57ca2e496b","2026-10-09 08:32"
"俺でキャリーでTV","66d667a20b1997b505283d37","Lil Frenky","60409299545b6c0001c4a79b","6ac8de2d7c0d7c57ca2e4e12","2026-10-09 08:32"
"数字信号处理","62a559ad291a85ec390d343e","Kome.jpeg","5bbdcfab2c01735208565bce","6ac8dcfc1f213b04c201ab41","2026-10-09 08:32"
"ferreiro","5f126427d6ca438f24009b8e","Avetixz","632b4c9d0609ae73d2a1f799","6ac8ddaa1f213b04c201afb1","2026-10-09 08:32"
"Retolas","66cf8105b84b9d81a2090df9","Feneb","5dba86167e473f2408461141","6ac8dd6b1f213b04c201addf","2026-10-09 08:33"
"Anonymous","5eccd6d68d6ade72cc836cb8","Kuba","6744ee112d6c958a853b52a6","6ac8dcc91f213b04c201a997","2026-10-09 08:33"
"俺でキャリーでTV","66d667a20b1997b505283d37","Lil Frenky","60409299545b6c0001c4a79b","6ac8deb9cd7220c0526fc1a7","2026-10-09 08:33"
"GeoHunter.jp","682addc04342da6bdce10d12","koendew","601d3640dd769100010c6f35","6ac8dcb31f213b04c201a921","2026-10-09 08:33"
"Siemeon","62dc07edf32847e5836668f1","Bokai","62e7791e257a6510556a1a03","6ac8de20a7468c63749546e2","2026-10-09 08:34"
"PechSP","5e9662142ad6cfadc8e2db9d","kalesalad","60c9cf146dac910001261659","6ac8dc400042b6fc259e2bd4","2026-10-09 08:34"
"sp4ghet","5ec26de5a789c45a9c13cf3c","maks","6414d29eb61bfefd9d16461e","6ac8dce01f213b04c201aa7b","2026-10-09 08:34"
"jeu de m3rde","60ef0697612a5400012c89a3","Ringo","6046c8a097019400018ea4cf","6ac8de25cc1b2e24137d0213","2026-10-09 08:34"
"Fan Swangambita 🔥😋","63d00c59744f7e9ebeeb1c09","Zakii","68e6a472f3243208d523b950","6ac8dd531f213b04c201ad4f","2026-10-09 08:34"
"limpertsberg  portofino","5c54618d3d925bc4fcca2825","Pati","667fc5248062e8fda494d6e5","6ac8de5d257622416c6c424e","2026-10-09 08:34"
"俺でキャリーでTV","66d667a20b1997b505283d37","Lil Frenky","60409299545b6c0001c4a79b","6ac8deb9cd7220c0526fc1a7","2026-10-09 08:35"
"ken(retired)","633f713b8c050fa35270d9e6","Baron","693f6bdc3353aee359a84f82","6ac8dd9a0042b6fc259e32b6","2026-10-09 08:35"
"Siemeon","62dc07edf32847e5836668f1","Bokai","62e7791e257a6510556a1a03","6ac8df1a1f213b04c201b930","2026-10-09 08:36"
"sp4ghet","5ec26de5a789c45a9c13cf3c","maks","6414d29eb61bfefd9d16461e","6ac8df081f213b04c201b89e","2026-10-09 08:36"
"Köröskényi István","5922abce1bba700c703b0c00","Kuba","6744ee112d6c958a853b52a6","6ac8def77c0d7c57ca2e5275","2026-10-09 08:36"
"Siemeon","62dc07edf32847e5836668f1","Bokai","62e7791e257a6510556a1a03","6ac8df8f1f213b04c201bc35","2026-10-09 08:37"
"Lost Paradise","66e46f109b53fcb55436dd52","俺でキャリーでTV","66d667a20b1997b505283d37","6ac8df447c0d7c57ca2e5417","2026-10-09 08:37"
"limpertsberg  portofino","5c54618d3d925bc4fcca2825","Geopolymarco","5e8c49433d4b6a307c62aaf5","6ac8df20f36908eb33d94c1d","2026-10-09 08:37"
"📺 TTV: TaterN0t","6a60cb66561c205d0831e2ad","Lágrima","5f32d46aca94e000015886be","6ac8de6c290b17532fc752fb","2026-10-09 08:38"
"67","6874e2f8ef3960e599abae7c","DevGeo(YT)","636157b9cf326cd4ca7a9ead","6ac8dea61f213b04c201b664","2026-10-09 08:38"
"ferreiro","5f126427d6ca438f24009b8e","DLAidoo","61a7c8ab24c30400018555b5","6ac8df871f213b04c201bc06","2026-10-09 08:38"
"Maksonic","619d09bdc4ab7000016c68d3","Köröskényi István","5922abce1bba700c703b0c00","6ac8dfb91f213b04c201bd49","2026-10-09 08:39"
"GeoHunter.jp","682addc04342da6bdce10d12","Zakii","68e6a472f3243208d523b950","6ac8df311f213b04c201b9b7","2026-10-09 08:39"
"limpertsberg  portofino","5c54618d3d925bc4fcca2825","Gangooo | Jan","5c692ddbfa7cd6698082d404","6ac8dfc17c0d7c57ca2e573d","2026-10-09 08:39"
"kalesalad","60c9cf146dac910001261659","Ringo","6046c8a097019400018ea4cf","6ac8df3d7c0d7c57ca2e53eb","2026-10-09 08:40"
"Superhorstuwe","67f42dea666326f3169cde54","Kuba","6744ee112d6c958a853b52a6","6ac8dfa87c0d7c57ca2e5698","2026-10-09 08:40"
"Zeedos","67696f3fc90f037ddbc37127","Avetixz","632b4c9d0609ae73d2a1f799","6ac8deae1f213b04c201b6a2","2026-10-09 08:40"
"xZenith","6846d165a3008977fe607ade","kober","67ad18a09e150413a5e6fa66","6ac8df851f213b04c201bbfd","2026-10-09 08:41"
"Feneb","5dba86167e473f2408461141","PLK","62179a5c8e88d400010d91ea","6ac8dee51f213b04c201b7da","2026-10-09 08:41"
"maks","6414d29eb61bfefd9d16461e","yakubeq","6a89abdbc44b9b2bfa836c26","6ac8dfdd1f213b04c201be6e","2026-10-09 08:42"
"67","6874e2f8ef3960e599abae7c","ferreiro","5f126427d6ca438f24009b8e","6ac8e02e7c0d7c57ca2e5984","2026-10-09 08:42"
"kabrioletlux","60b9f1cafd3caa00014a461e","quarksauce","5fe1b134a2ebcc0001c6bd9c","6ac8df531f213b04c201ba7d","2026-10-09 08:42"
"DevGeo(YT)","636157b9cf326cd4ca7a9ead","俺でキャリーでTV","66d667a20b1997b505283d37","6ac8dffc1f213b04c201bf51","2026-10-09 08:43"
"Bokai","62e7791e257a6510556a1a03","Siemeon","62dc07edf32847e5836668f1","6ac8dff52a4868a4a95941f6","2026-10-09 08:44"
"ferreiro","5f126427d6ca438f24009b8e","Gangooo | Jan","5c692ddbfa7cd6698082d404","6ac8e1161f213b04c201c653","2026-10-09 08:44"
"PLK","62179a5c8e88d400010d91ea","maks","6414d29eb61bfefd9d16461e","6ac8e0f01f213b04c201c560","2026-10-09 08:45"
"Jesper","6962762abc79a0f2300d324e","limpertsberg  portofino","5c54618d3d925bc4fcca2825","6ac8e1277c0d7c57ca2e5eff","2026-10-09 08:45"
"Zeedos","67696f3fc90f037ddbc37127","LHeyy","683dc8bdc7582533316244d0","6ac8e0d21f213b04c201c48a","2026-10-09 08:45"
"Zakii","68e6a472f3243208d523b950","offmylawn","674bbb9465709cb3c93c6b17","6ac8e0a21f213b04c201c37c","2026-10-09 08:45"
"Frouser","676f1d87e37422d9da127424","Kuba","6744ee112d6c958a853b52a6","6ac8e0c51f213b04c201c435","2026-10-09 08:46"
"Lágrima","5f32d46aca94e000015886be","Ringo","6046c8a097019400018ea4cf","6ac8e0710042b6fc259e407c","2026-10-09 08:46"
"Köröskényi István","5922abce1bba700c703b0c00","kabrioletlux","60b9f1cafd3caa00014a461e","6ac8e10a7c0d7c57ca2e5e69","2026-10-09 08:46"
"67","6874e2f8ef3960e599abae7c","俺でキャリーでTV","66d667a20b1997b505283d37","6ac8e12aa7468c6374955462","2026-10-09 08:46"
"xZenith","6846d165a3008977fe607ade","kober","67ad18a09e150413a5e6fa66","6ac8e10f1f213b04c201c633","2026-10-09 08:47"
"Eamonn","5e2e983722bbda85a40e9009","kalesalad","60c9cf146dac910001261659","6ac8e07b1f213b04c201c268","2026-10-09 08:47"
"Donsus_BOT","6368fe754b4b8e8990e3d5c0","limpertsberg  portofino","5c54618d3d925bc4fcca2825","6ac8e1bd7c0d7c57ca2e627d","2026-10-09 08:47"
"俺でキャリーでTV","66d667a20b1997b505283d37","jeu de m3rde","60ef0697612a5400012c89a3","6ac8e1381f213b04c201c743","2026-10-09 08:48"
"Fan Swangambita 🔥😋","63d00c59744f7e9ebeeb1c09","연모트","5ffcf4ef76bbb900019724c1","6ac8e1617c0d7c57ca2e6078","2026-10-09 08:48"
"nowiczok in your tea","62f970d6df4ff6a0e2c48e03","nevada","6299d3a1e3066f290c479350","6ac8e1fe1f213b04c201cc83","2026-10-09 08:48"
"ferreiro","5f126427d6ca438f24009b8e","Eclipse","63470f83ca24afd320cdb879","6ac8e25f0042b6fc259e49df","2026-10-09 08:49"
"wafflyss","6068a918d8694000010952a2","Feneb","5dba86167e473f2408461141","6ac8e1477c0d7c57ca2e5fd7","2026-10-09 08:50"
"maks","6414d29eb61bfefd9d16461e","PLK","62179a5c8e88d400010d91ea","6ac8e1ad1f213b04c201ca69","2026-10-09 08:50"
"Emmepemme","5bf9b0c343196557d45fc4b6","Fondorlat","58ac13978b9ff461384ae458","6ac8dcd41f213b04c201aa13","2026-10-09 08:50"
"67","6874e2f8ef3960e599abae7c","俺でキャリーでTV","66d667a20b1997b505283d37","6ac8e1e20042b6fc259e47c3","2026-10-09 08:50"
"nowiczok in your tea","62f970d6df4ff6a0e2c48e03","Pati","667fc5248062e8fda494d6e5","6ac8e27a1f213b04c201cfb7","2026-10-09 08:50"
"limpertsberg  portofino","5c54618d3d925bc4fcca2825","Donsus_BOT","6368fe754b4b8e8990e3d5c0","6ac8e2211f213b04c201cd4e","2026-10-09 08:50"
"Lancer227","65b1167dd85363b33611ac05","yakubeq","6a89abdbc44b9b2bfa836c26","6ac8e107973be078e186da09","2026-10-09 08:51"
"Venux","601d72df848235000143965e","Maltor","5fad8566a07ff60001fdae13","6ac8ded81f213b04c201b7a5","2026-10-09 08:51"
"ferreiro","5f126427d6ca438f24009b8e","연모트","5ffcf4ef76bbb900019724c1","6ac8e2b01f213b04c201d112","2026-10-09 08:51"
"xZenith","6846d165a3008977fe607ade","kober","67ad18a09e150413a5e6fa66","6ac8e2747c0d7c57ca2e665a","2026-10-09 08:52"
"Figsy_Games","5e91c2303d4b6a251c171a3b","jeu de m3rde","60ef0697612a5400012c89a3","6ac8e266cd7220c0526fc735","2026-10-09 08:52"
"Fan Swangambita 🔥😋","63d00c59744f7e9ebeeb1c09","Köröskényi István","5922abce1bba700c703b0c00","6ac8e24f1f213b04c201ce70","2026-10-09 08:52"
"Bokai","62e7791e257a6510556a1a03","kalesalad","60c9cf146dac910001261659","6ac8e22d0042b6fc259e48f8","2026-10-09 08:53"
"Zeedos","67696f3fc90f037ddbc37127","Erik.DL","64caea899c1426306f701b23","6ac8e1c01f213b04c201cb0b","2026-10-09 08:53"
"wafflyss","6068a918d8694000010952a2","kober","67ad18a09e150413a5e6fa66","6ac8e3431f213b04c201d4ba","2026-10-09 08:54"
"Kuba","6744ee112d6c958a853b52a6","Hagelsnow","66d333ad197dbd0ea8ca5f46","6ac8e21e1f213b04c201cd3c","2026-10-09 08:54"
"Zeedos","67696f3fc90f037ddbc37127","Erik.DL","64caea899c1426306f701b23","6ac8e3861f213b04c201d611","2026-10-09 08:55"
"연모트","5ffcf4ef76bbb900019724c1","ferreiro","5f126427d6ca438f24009b8e","6ac8e340cc1b2e24137d1896","2026-10-09 08:55"
"Donsus_BOT","6368fe754b4b8e8990e3d5c0","Fabu","61c77b7b96f28e0001722043","6ac8e2ce7c0d7c57ca2e690f","2026-10-09 08:55"
"Frouser","676f1d87e37422d9da127424","kober","67ad18a09e150413a5e6fa66","6ac8e36c1f213b04c201d589","2026-10-09 08:56"
"Lancer227","65b1167dd85363b33611ac05","jeu de m3rde","60ef0697612a5400012c89a3","6ac8e368257622416c6c56e3","2026-10-09 08:56"
"路易十六","65337c686711b99177ed189b","yakubeq","6a89abdbc44b9b2bfa836c26","6ac8e337a7468c6374955d08","2026-10-09 08:56"
"nowiczok in your tea","62f970d6df4ff6a0e2c48e03","LHeyy","683dc8bdc7582533316244d0","6ac8e2e41f213b04c201d289","2026-10-09 08:56"
"Baron","693f6bdc3353aee359a84f82","kabrioletlux","60b9f1cafd3caa00014a461e","6ac8e20f7c0d7c57ca2e6474","2026-10-09 08:56"
"Eamonn","5e2e983722bbda85a40e9009","xZenith","6846d165a3008977fe607ade","6ac8e3900042b6fc259e4f5b","2026-10-09 08:57"
"Bokai","62e7791e257a6510556a1a03","wafflyss","6068a918d8694000010952a2","6ac8e3d81f213b04c201d820","2026-10-09 08:57"
"maks","6414d29eb61bfefd9d16461e","PLK","62179a5c8e88d400010d91ea","6ac8e2d01f213b04c201d1f6","2026-10-09 08:57"
"Erik.DL","64caea899c1426306f701b23","Zeedos","67696f3fc90f037ddbc37127","6ac8e3f57c0d7c57ca2e6f30","2026-10-09 08:57"
"Avetixz","632b4c9d0609ae73d2a1f799","lestorix","63dee21a9b6fc8d9ea0d8367","6ac8e2d81f213b04c201d225","2026-10-09 08:57"
"Kuba","6744ee112d6c958a853b52a6","Hagelsnow","66d333ad197dbd0ea8ca5f46","6ac8e3eb1f213b04c201d8a3","2026-10-09 08:58"
"jeu de m3rde","60ef0697612a5400012c89a3","Preussen","64da4d57e44ffbb819d935b1","6ac8e3751f213b04c201d5ba","2026-10-09 08:58"
"Lost Paradise","66e46f109b53fcb55436dd52","PLK","62179a5c8e88d400010d91ea","6ac8e4981f213b04c201dcf5","2026-10-09 08:58"
"Fan Swangambita 🔥😋","63d00c59744f7e9ebeeb1c09","67","6874e2f8ef3960e599abae7c","6ac8e3b41f213b04c201d744","2026-10-09 08:58"
"bezzo","5c4b0baa98004e87dc4ba512","Brzoza","60ababeffb1efa0001302754","6ac8e4207c0d7c57ca2e7014","2026-10-09 08:59"
"yakubeq","6a89abdbc44b9b2bfa836c26","Ando","6217de15a0f6300001186164","6ac8e44b1f213b04c201dae7","2026-10-09 08:59"
"ferreiro","5f126427d6ca438f24009b8e","Rawin","6162efcdc23f260001c6a4d3","6ac8e4407c0d7c57ca2e7098","2026-10-09 08:59"
"Bokai","62e7791e257a6510556a1a03","kober","67ad18a09e150413a5e6fa66","6ac8e4951f213b04c201dce3","2026-10-09 09:00"
"67","6874e2f8ef3960e599abae7c","Kuba","6744ee112d6c958a853b52a6","6ac8e4bf0042b6fc259e542e","2026-10-09 09:00"
"Ringo","6046c8a097019400018ea4cf","📺 TTV: TaterN0t","6a60cb66561c205d0831e2ad","6ac8e1ff1f213b04c201cc87","2026-10-09 09:01"
"jeu de m3rde","60ef0697612a5400012c89a3","maks","6414d29eb61bfefd9d16461e","6ac8e4b30042b6fc259e5409","2026-10-09 09:01"
"Bokai","62e7791e257a6510556a1a03","kober","67ad18a09e150413a5e6fa66","6ac8e4951f213b04c201dce3","2026-10-09 09:02"
"Lost Paradise","66e46f109b53fcb55436dd52","67","6874e2f8ef3960e599abae7c","6ac8e5761f213b04c201e1c8","2026-10-09 09:02"
"kabrioletlux","60b9f1cafd3caa00014a461e","Alee 🏍","605b8e2563c4b80001a89321","6ac8e4667c0d7c57ca2e716f","2026-10-09 09:02"
"Eamonn","5e2e983722bbda85a40e9009","xZenith","6846d165a3008977fe607ade","6ac8e4c51f213b04c201ddea","2026-10-09 09:03"
"Frouser","676f1d87e37422d9da127424","wafflyss","6068a918d8694000010952a2","6ac8e4a81f213b04c201dd4f","2026-10-09 09:03"
"sp4ghet","5ec26de5a789c45a9c13cf3c","kober","67ad18a09e150413a5e6fa66","6ac8e5aa7c0d7c57ca2e7799","2026-10-09 09:03"
"Superhorstuwe","67f42dea666326f3169cde54","Feneb","5dba86167e473f2408461141","6ac8e2f97c0d7c57ca2e6a1b","2026-10-09 09:03"
"Lágrima","5f32d46aca94e000015886be","Waluuuuuuu","6380cc417b431c1eece4916c","6ac8e2bd1f213b04c201d16d","2026-10-09 09:03"
"Ando","6217de15a0f6300001186164","Zeedos","67696f3fc90f037ddbc37127","6ac8e5122e0d9986dd3f7254","2026-10-09 09:03"
"Avetixz","632b4c9d0609ae73d2a1f799","Erik.DL","64caea899c1426306f701b23","6ac8e4d01f213b04c201de40","2026-10-09 09:03"
"ferreiro","5f126427d6ca438f24009b8e","Pati","667fc5248062e8fda494d6e5","6ac8e5031f213b04c201df41","2026-10-09 09:03"
"remember my name","6a5776b9557fa0b8070897d7","yuyux32","65a3fa0c053e0780db54fd4b","6ac8e53f0042b6fc259e55c3","2026-10-09 09:03"
"Emmepemme","5bf9b0c343196557d45fc4b6","Maltor","5fad8566a07ff60001fdae13","6ac8e3ab1f213b04c201d70c","2026-10-09 09:04"
"bezzo","5c4b0baa98004e87dc4ba512","Preussen","64da4d57e44ffbb819d935b1","6ac8e5040042b6fc259e5518","2026-10-09 09:04"
"Kuba","6744ee112d6c958a853b52a6","67","6874e2f8ef3960e599abae7c","6ac8e55c1f213b04c201e14e","2026-10-09 09:05"
"Lost Paradise","66e46f109b53fcb55436dd52","tozangezan","5a33d4491cbd1560d0eaed6b","6ac8e5d01f213b04c201e419","2026-10-09 09:05"
"kabrioletlux","60b9f1cafd3caa00014a461e","☃️💞Necridanov💞☃️🇫🇷-🇲🇹","61c8e6e43ac48e000144efc9","6ac8e5cb7c0d7c57ca2e784f","2026-10-09 09:05"
"kalesalad","60c9cf146dac910001261659","kober","67ad18a09e150413a5e6fa66","6ac8e5c77c0d7c57ca2e7842","2026-10-09 09:06"
"Feneb","5dba86167e473f2408461141","Yanek","5e625daa90d6cfa438a867a6","6ac8e5f81f213b04c201e53e","2026-10-09 09:06"
"bezzo","5c4b0baa98004e87dc4ba512","Figsy_Games","5e91c2303d4b6a251c171a3b","6ac8e6321f213b04c201e6b0","2026-10-09 09:06"
"67","6874e2f8ef3960e599abae7c","Figsy_Games","5e91c2303d4b6a251c171a3b","6ac8e61b7c0d7c57ca2e79fa","2026-10-09 09:06"
"DarkWoke 🇵🇸","5f061c5b8fba346634a84c33","yakubeq","6a89abdbc44b9b2bfa836c26","6ac8e5757c0d7c57ca2e7632","2026-10-09 09:06"
"ferreiro","5f126427d6ca438f24009b8e","remember my name","6a5776b9557fa0b8070897d7","6ac8e60b0042b6fc259e5953","2026-10-09 09:06"
"Kuba","6744ee112d6c958a853b52a6","sp4ghet","5ec26de5a789c45a9c13cf3c","6ac8e6511f213b04c201e776","2026-10-09 09:07"
"Finn Siemon","66eb7b4a062332fb60915d65","67","6874e2f8ef3960e599abae7c","6ac8e5e61f213b04c201e4c8","2026-10-09 09:07"
"67","6874e2f8ef3960e599abae7c","Figsy_Games","5e91c2303d4b6a251c171a3b","6ac8e61b7c0d7c57ca2e79fa","2026-10-09 09:08"
"xZenith","6846d165a3008977fe607ade","kober","67ad18a09e150413a5e6fa66","6ac8e6160042b6fc259e5987","2026-10-09 09:09"
"Lost Paradise","66e46f109b53fcb55436dd52","Preussen","64da4d57e44ffbb819d935b1","6ac8e67a1f213b04c201e8ac","2026-10-09 09:09"
"Waluuuuuuu","6380cc417b431c1eece4916c","Zeedos","67696f3fc90f037ddbc37127","6ac8e60d1f213b04c201e5e4","2026-10-09 09:09"
"Figsy_Games","5e91c2303d4b6a251c171a3b","67","6874e2f8ef3960e599abae7c","6ac8e6c7a7468c6374956a76","2026-10-09 09:09"
"📺 TTV: TaterN0t","6a60cb66561c205d0831e2ad","nowiczok in your tea","62f970d6df4ff6a0e2c48e03","6ac8e5a17c0d7c57ca2e7755","2026-10-09 09:09"
"Jackkincaid","5d698d4ab4ec17864c52c785","Erik.DL","64caea899c1426306f701b23","6ac8e5ed1f213b04c201e4ea","2026-10-09 09:09"
"Kuba","6744ee112d6c958a853b52a6","sp4ghet","5ec26de5a789c45a9c13cf3c","6ac8e6f01f213b04c201eba3","2026-10-09 09:10"
"67","6874e2f8ef3960e599abae7c","Figsy_Games","5e91c2303d4b6a251c171a3b","6ac8e6f00042b6fc259e5d4d","2026-10-09 09:10"
"kabrioletlux","60b9f1cafd3caa00014a461e","☃️💞Necridanov💞☃️🇫🇷-🇲🇹","61c8e6e43ac48e000144efc9","6ac8e67d7c0d7c57ca2e7be4","2026-10-09 09:10"
"路易十六","65337c686711b99177ed189b","Ando","6217de15a0f6300001186164","6ac8e6947c0d7c57ca2e7c7d","2026-10-09 09:10"
"remember my name","6a5776b9557fa0b8070897d7","ferreiro","5f126427d6ca438f24009b8e","6ac8e6b61f213b04c201ea33","2026-10-09 09:10"
"Eamonn","5e2e983722bbda85a40e9009","wafflyss","6068a918d8694000010952a2","6ac8e5ef7c0d7c57ca2e78fc","2026-10-09 09:11"
"67","6874e2f8ef3960e599abae7c","Fan Swangambita 🔥😋","63d00c59744f7e9ebeeb1c09","6ac8e7421f213b04c201edf2","2026-10-09 09:11"
"Preussen","64da4d57e44ffbb819d935b1","挪威的騷零 [The Norwegian Sowling]","6409beba17491edb5a32b684","6ac8e7701f213b04c201eef1","2026-10-09 09:11"
"Jerzy Kirkowski","5ecbdec18d6ade72cc832c5a","挪威的騷零 [The Norwegian Sowling]","6409beba17491edb5a32b684","6ac8e7910042b6fc259e5fca","2026-10-09 09:11"
"DerMichi","6404be1b4e7cfe74c3e42583","Hani","67dd6acf876e760f6dcc35a2","6ac7b230551a7448af01f006","2026-10-09 09:11"
"路易十六","65337c686711b99177ed189b","☃️💞Necridanov💞☃️🇫🇷-🇲🇹","61c8e6e43ac48e000144efc9","6ac8e7a91f213b04c201f064","2026-10-09 09:12"
"barle","6398628520609ac8c10cab13","kober","67ad18a09e150413a5e6fa66","6ac8e77d1f213b04c201ef3e","2026-10-09 09:13"
"Lost Paradise","66e46f109b53fcb55436dd52","Figsy_Games","5e91c2303d4b6a251c171a3b","6ac8e7591f213b04c201ee6a","2026-10-09 09:13"
"67","6874e2f8ef3960e599abae7c","Fan Swangambita 🔥😋","63d00c59744f7e9ebeeb1c09","6ac8e7421f213b04c201edf2","2026-10-09 09:13"
"挪威的騷零 [The Norwegian Sowling]","6409beba17491edb5a32b684","nowiczok in your tea","62f970d6df4ff6a0e2c48e03","6ac8e7c90042b6fc259e60cf","2026-10-09 09:13"
"Todjinou","60674f56a95f2c00017fa2fc","ManYam","66e18b70d778e6df82a3ddf0","6ac8e7157c0d7c57ca2e7eb6","2026-10-09 09:13"
"Kuba","6744ee112d6c958a853b52a6","sp4ghet","5ec26de5a789c45a9c13cf3c","6ac8e7a21f213b04c201f02f","2026-10-09 09:14"
"Erik.DL","64caea899c1426306f701b23","Jackkincaid","5d698d4ab4ec17864c52c785","6ac8e7771f213b04c201ef13","2026-10-09 09:14"
"ferreiro","5f126427d6ca438f24009b8e","remember my name","6a5776b9557fa0b8070897d7","6ac8e7ad1f213b04c201f080","2026-10-09 09:14"
"Feneb","5dba86167e473f2408461141","Figsy_Games","5e91c2303d4b6a251c171a3b","6ac8e6eb1f213b04c201eb79","2026-10-09 09:15"
"Ando","6217de15a0f6300001186164","kabrioletlux","60b9f1cafd3caa00014a461e","6ac8e7a61f213b04c201f052","2026-10-09 09:15"
"路易十六","65337c686711b99177ed189b","67","6874e2f8ef3960e599abae7c","6ac8e8351f213b04c201f3f2","2026-10-09 09:15"
"ferreiro","5f126427d6ca438f24009b8e","Figsy_Games","5e91c2303d4b6a251c171a3b","6ac8e8747c0d7c57ca2e866d","2026-10-09 09:15"
"Bokai","62e7791e257a6510556a1a03","xZenith","6846d165a3008977fe607ade","6ac8e7c11f213b04c201f13e","2026-10-09 09:16"
"kober","67ad18a09e150413a5e6fa66","wafflyss","6068a918d8694000010952a2","6ac8e833cd7220c0526fce65","2026-10-09 09:16"
"📺 TTV: TaterN0t","6a60cb66561c205d0831e2ad","twitch.tv/qule0","635d8550c15309de668daf99","6ac8e79c1f213b04c201f007","2026-10-09 09:16"
"Finn Siemon","66eb7b4a062332fb60915d65","挪威的騷零 [The Norwegian Sowling]","6409beba17491edb5a32b684","6ac8e85d1f213b04c201f4ea","2026-10-09 09:16"
"Preussen","64da4d57e44ffbb819d935b1","67","6874e2f8ef3960e599abae7c","6ac8e7e9cd7220c0526fcdec","2026-10-09 09:16"
"Egorsmol","60c7cce623bc770001651df5","67","6874e2f8ef3960e599abae7c","6ac8e8041f213b04c201f2e0","2026-10-09 09:16"
"Superhorstuwe","67f42dea666326f3169cde54","Lágrima","5f32d46aca94e000015886be","6ac8e68c1f213b04c201e90c","2026-10-09 09:17"
"Fan Swangambita 🔥😋","63d00c59744f7e9ebeeb1c09","Figsy_Games","5e91c2303d4b6a251c171a3b","6ac8e7c6cd7220c0526fcdd1","2026-10-09 09:17"
"Finn Siemon","66eb7b4a062332fb60915d65","挪威的騷零 [The Norwegian Sowling]","6409beba17491edb5a32b684","6ac8e85d1f213b04c201f4ea","2026-10-09 09:17"
"Ripailloux","5f05fde774184e2f78733b0b","Brzoza","60ababeffb1efa0001302754","6ac8e4f37c0d7c57ca2e73f4","2026-10-09 09:18"
"Lost Paradise","66e46f109b53fcb55436dd52","kober","67ad18a09e150413a5e6fa66","6ac8e86a1f213b04c201f53e","2026-10-09 09:18"
"Rawin","6162efcdc23f260001c6a4d3","D3rL30p4rd","5c44c39898004e833c65f405","6ac8e8cd0042b6fc259e6473","2026-10-09 09:18"
"Waluuuuuuu","6380cc417b431c1eece4916c","Chris Peacock","61a919ce1763cb0001d21547","6ac8e7e01f213b04c201f223","2026-10-09 09:19"
"67","6874e2f8ef3960e599abae7c","bezzo","5c4b0baa98004e87dc4ba512","6ac8e8ed290b17532fc77a64","2026-10-09 09:19"
"Kaspervde","5d68c6ace9473f7c4058e087","Jackkincaid","5d698d4ab4ec17864c52c785","6ac8e8af7c0d7c57ca2e8776","2026-10-09 09:19"
"kabrioletlux","60b9f1cafd3caa00014a461e","LHeyy","683dc8bdc7582533316244d0","6ac8e8fd1f213b04c201f893","2026-10-09 09:19"
"Rawin","6162efcdc23f260001c6a4d3","Figsy_Games","5e91c2303d4b6a251c171a3b","6ac8e92c7c0d7c57ca2e89c4","2026-10-09 09:19"
"nowiczok in your tea","62f970d6df4ff6a0e2c48e03","twitch.tv/qule0","635d8550c15309de668daf99","6ac8e9147c0d7c57ca2e8944","2026-10-09 09:19"
"remember my name","6a5776b9557fa0b8070897d7","TaigaTigre","67866385685b5cb1dee32a82","6ac8e86a0042b6fc259e630b","2026-10-09 09:19"
"67","6874e2f8ef3960e599abae7c","gokhale","68257ab1be5b31c617f37156","6ac8e9130042b6fc259e6561","2026-10-09 09:20"
"挪威的騷零 [The Norwegian Sowling]","6409beba17491edb5a32b684","Rawin","6162efcdc23f260001c6a4d3","6ac8e93d1f213b04c201f9ed","2026-10-09 09:20"
"wafflyss","6068a918d8694000010952a2","kober","67ad18a09e150413a5e6fa66","6ac8e98a7c0d7c57ca2e8b92","2026-10-09 09:21"
"Feneb","5dba86167e473f2408461141","Kuba","6744ee112d6c958a853b52a6","6ac8e8c21f213b04c201f72a","2026-10-09 09:21"
"Fan Swangambita 🔥😋","63d00c59744f7e9ebeeb1c09","Finn Siemon","66eb7b4a062332fb60915d65","6ac8e9261f213b04c201f968","2026-10-09 09:21"
"Preussen","64da4d57e44ffbb819d935b1","67","6874e2f8ef3960e599abae7c","6ac8e8f61f213b04c201f866","2026-10-09 09:21"
"Rawin","6162efcdc23f260001c6a4d3","Figsy_Games","5e91c2303d4b6a251c171a3b","6ac8e92c7c0d7c57ca2e89c4","2026-10-09 09:21"
"Yanek","5e625daa90d6cfa438a867a6","sp4ghet","5ec26de5a789c45a9c13cf3c","6ac8e87b1f213b04c201f5b3","2026-10-09 09:22"
"kober","67ad18a09e150413a5e6fa66","Brzoza","60ababeffb1efa0001302754","6ac8e9971f213b04c201fbd3","2026-10-09 09:22"
"Figsy_Games","5e91c2303d4b6a251c171a3b","挪威的騷零 [The Norwegian Sowling]","6409beba17491edb5a32b684","6ac8ea041f213b04c201fe93","2026-10-09 09:22"
"kabrioletlux","60b9f1cafd3caa00014a461e","Rawin","6162efcdc23f260001c6a4d3","6ac8e9a27c0d7c57ca2e8c19","2026-10-09 09:22"
"📺 TTV: TaterN0t","6a60cb66561c205d0831e2ad","Chris Peacock","61a919ce1763cb0001d21547","6ac8e9fa7c0d7c57ca2e8df5","2026-10-09 09:23"
"bezzo","5c4b0baa98004e87dc4ba512","DevGeo(YT)","636157b9cf326cd4ca7a9ead","6ac8e9bc1f213b04c201fce5","2026-10-09 09:23"
"Figsy_Games","5e91c2303d4b6a251c171a3b","挪威的騷零 [The Norwegian Sowling]","6409beba17491edb5a32b684","6ac8ea041f213b04c201fe93","2026-10-09 09:23"
"Rawin","6162efcdc23f260001c6a4d3","nevada","6299d3a1e3066f290c479350","6ac8ea1d1f213b04c201ff51","2026-10-09 09:23"
"Figsy_Games","5e91c2303d4b6a251c171a3b","Rawin","6162efcdc23f260001c6a4d3","6ac8ea7e7c0d7c57ca2e90b4","2026-10-09 09:24"
"Figsy_Games","5e91c2303d4b6a251c171a3b","Rawin","6162efcdc23f260001c6a4d3","6ac8ea7e7c0d7c57ca2e90b4","2026-10-09 09:24"
"kober","67ad18a09e150413a5e6fa66","wafflyss","6068a918d8694000010952a2","6ac8ea471f213b04c2020055","2026-10-09 09:25"
"挪威的騷零 [The Norwegian Sowling]","6409beba17491edb5a32b684","Figsy_Games","5e91c2303d4b6a251c171a3b","6ac8ea83cc1b2e24137d34ae","2026-10-09 09:25"
"Feneb","5dba86167e473f2408461141","Lost Paradise","66e46f109b53fcb55436dd52","6ac8ea357c0d7c57ca2e8f10","2026-10-09 09:26"
"67","6874e2f8ef3960e599abae7c","路易十六","65337c686711b99177ed189b","6ac8ea3c1f213b04c2020011","2026-10-09 09:26"
"挪威的騷零 [The Norwegian Sowling]","6409beba17491edb5a32b684","bezzo","5c4b0baa98004e87dc4ba512","6ac8ea9b1f213b04c202028a","2026-10-09 09:26"
"Rawin","6162efcdc23f260001c6a4d3","Pati","667fc5248062e8fda494d6e5","6ac8eaf11f213b04c20204c0","2026-10-09 09:26"
"Kuba","6744ee112d6c958a853b52a6","PLK","62179a5c8e88d400010d91ea","6ac8ea2b1f213b04c201ff9a","2026-10-09 09:27"
"DevGeo(YT)","636157b9cf326cd4ca7a9ead","Finn Siemon","66eb7b4a062332fb60915d65","6ac8eab81f213b04c202036a","2026-10-09 09:27"
"挪威的騷零 [The Norwegian Sowling]","6409beba17491edb5a32b684","Figsy_Games","5e91c2303d4b6a251c171a3b","6ac8ea83cc1b2e24137d34ae","2026-10-09 09:27"
"Mimii_","699711a6047cff743822aac4","Rawin","6162efcdc23f260001c6a4d3","6ac8eb0b7c0d7c57ca2e941b","2026-10-09 09:27"
"Jackkincaid","5d698d4ab4ec17864c52c785","Kaspervde","5d68c6ace9473f7c4058e087","6ac8e9c51f213b04c201fd05","2026-10-09 09:27"
"joniber","60cf2c9800ea7b00015231a2","Eamonn","5e2e983722bbda85a40e9009","6ac8e7e77c0d7c57ca2e836e","2026-10-09 09:28"
"Mimii_","699711a6047cff743822aac4","Rawin","6162efcdc23f260001c6a4d3","6ac8eb0b7c0d7c57ca2e941b","2026-10-09 09:28"
"nowiczok in your tea","62f970d6df4ff6a0e2c48e03","ferreiro","5f126427d6ca438f24009b8e","6ac8eaa27c0d7c57ca2e918b","2026-10-09 09:28"
"remember my name","6a5776b9557fa0b8070897d7","nevada","6299d3a1e3066f290c479350","6ac8eac61f213b04c20203ad","2026-10-09 09:28"
"kober","67ad18a09e150413a5e6fa66","a-you","5e93a3443d4b6a5af4f11b0b","6ac8eb2e7c0d7c57ca2e94b3","2026-10-09 09:29"
"Lágrima","5f32d46aca94e000015886be","Superhorstuwe","67f42dea666326f3169cde54","6ac8ea491f213b04c2020063","2026-10-09 09:29"
"Emmepemme","5bf9b0c343196557d45fc4b6","tozangezan","5a33d4491cbd1560d0eaed6b","6ac8e6717c0d7c57ca2e7b92","2026-10-09 09:29"
"DevGeo(YT)","636157b9cf326cd4ca7a9ead","Finn Siemon","66eb7b4a062332fb60915d65","6ac8eb811f213b04c2020820","2026-10-09 09:30"
"Preussen","64da4d57e44ffbb819d935b1","sp4ghet","5ec26de5a789c45a9c13cf3c","6ac8ea680042b6fc259e6a74","2026-10-09 09:30"
"Zeedos","67696f3fc90f037ddbc37127","挪威的騷零 [The Norwegian Sowling]","6409beba17491edb5a32b684","6ac8eb3d7c0d7c57ca2e94ea","2026-10-09 09:30"
"Sityqwai","5dc9b82ae9473f3ff8ad7799","barle","6398628520609ac8c10cab13","6ac8e9311f213b04c201f9a0","2026-10-09 09:31"
"Figsy_Games","5e91c2303d4b6a251c171a3b","Fan Swangambita 🔥😋","63d00c59744f7e9ebeeb1c09","6ac8ebaa7c0d7c57ca2e96f7","2026-10-09 09:31"
"Mimii_","699711a6047cff743822aac4","路易十六","65337c686711b99177ed189b","6ac8eb92cd7220c0526fd236","2026-10-09 09:31"
"remember my name","6a5776b9557fa0b8070897d7","Rawin","6162efcdc23f260001c6a4d3","6ac8ebb47c0d7c57ca2e972d","2026-10-09 09:31"
"Feneb","5dba86167e473f2408461141","Kuba","6744ee112d6c958a853b52a6","6ac8eb8e1f213b04c2020874","2026-10-09 09:32"
"kober","67ad18a09e150413a5e6fa66","a-you","5e93a3443d4b6a5af4f11b0b","6ac8eb2e7c0d7c57ca2e94b3","2026-10-09 09:33"
"Yanek","5e625daa90d6cfa438a867a6","Retolas","66cf8105b84b9d81a2090df9","6ac8eb111f213b04c2020570","2026-10-09 09:33"
"Superhorstuwe","67f42dea666326f3169cde54","a-you","5e93a3443d4b6a5af4f11b0b","6ac8ec151f213b04c2020bd5","2026-10-09 09:33"
"Lágrima","5f32d46aca94e000015886be","sp4ghet","5ec26de5a789c45a9c13cf3c","6ac8ec511f213b04c2020e17","2026-10-09 09:33"
"Figsy_Games","5e91c2303d4b6a251c171a3b","Rawin","6162efcdc23f260001c6a4d3","6ac8ebbc1f213b04c202096c","2026-10-09 09:33"
"67","6874e2f8ef3960e599abae7c","挪威的騷零 [The Norwegian Sowling]","6409beba17491edb5a32b684","6ac8ec701f213b04c2020f42","2026-10-09 09:33"
"Zeedos","67696f3fc90f037ddbc37127","挪威的騷零 [The Norwegian Sowling]","6409beba17491edb5a32b684","6ac8ec5a7c0d7c57ca2e9b3d","2026-10-09 09:33"
"nowiczok in your tea","62f970d6df4ff6a0e2c48e03","Kaspervde","5d68c6ace9473f7c4058e087","6ac8ebca1f213b04c20209b4","2026-10-09 09:33"
"Fabu","61c77b7b96f28e0001722043","Erik.DL","64caea899c1426306f701b23","6ac8eb5c7c0d7c57ca2e9571","2026-10-09 09:33"
"67","6874e2f8ef3960e599abae7c","挪威的騷零 [The Norwegian Sowling]","6409beba17491edb5a32b684","6ac8ec701f213b04c2020f42","2026-10-09 09:34"
"bezzo","5c4b0baa98004e87dc4ba512","remember my name","6a5776b9557fa0b8070897d7","6ac8eca80042b6fc259e74ff","2026-10-09 09:34"
"Finn Siemon","66eb7b4a062332fb60915d65","DevGeo(YT)","636157b9cf326cd4ca7a9ead","6ac8ec561f213b04c2020e64","2026-10-09 09:34"
"twitch.tv/qule0","635d8550c15309de668daf99","Primzahl","63a4bfd4030a368d18291a84","6ac8ec191f213b04c2020bf2","2026-10-09 09:34"
"FAST66","68fe3a19704e6ee9db9c333a","Eamonn","5e2e983722bbda85a40e9009","6ac8ebd11f213b04c2020a0d","2026-10-09 09:35"
"Jonas","661ad4c4073f663c21b57fe6","Superhorstuwe","67f42dea666326f3169cde54","6ac8ed1d1f213b04c2021407","2026-10-09 09:35"
"Chris Peacock","61a919ce1763cb0001d21547","Ringo","6046c8a097019400018ea4cf","6ac8eb397c0d7c57ca2e94dd","2026-10-09 09:35"
"AVGVSTVS","64f106e1bc61ebf9b6156353","Figsy_Games","5e91c2303d4b6a251c171a3b","6ac8ec850042b6fc259e7460","2026-10-09 09:35"
"Mimii_","699711a6047cff743822aac4","コアラのマーチ","651831374a389548ed9c7703","6ac8ec8b1f213b04c202102f","2026-10-09 09:35"
"Square","6258ba2148590cd1b4d0e0a1","Lost Paradise","66e46f109b53fcb55436dd52","6ac8ed2a0042b6fc259e7765","2026-10-09 09:36"
"Zeedos","67696f3fc90f037ddbc37127","Rawin","6162efcdc23f260001c6a4d3","6ac8ecf51f213b04c2021319","2026-10-09 09:36"
"nowiczok in your tea","62f970d6df4ff6a0e2c48e03","挪威的騷零 [The Norwegian Sowling]","6409beba17491edb5a32b684","6ac8ed117c0d7c57ca2e9f1a","2026-10-09 09:36"
"🐈‍⬛","68b991f09c534bc7029c53b4","kober","67ad18a09e150413a5e6fa66","6ac8ed0a1f213b04c202138e","2026-10-09 09:37"
"Kuba","6744ee112d6c958a853b52a6","kober","67ad18a09e150413a5e6fa66","6ac8ecb27c0d7c57ca2e9d4c","2026-10-09 09:38"
"Preussen","64da4d57e44ffbb819d935b1","a-you","5e93a3443d4b6a5af4f11b0b","6ac8ecee1f213b04c20212f6","2026-10-09 09:38"
"Fabu","61c77b7b96f28e0001722043","Erik.DL","64caea899c1426306f701b23","6ac8ecf61f213b04c202131c","2026-10-09 09:38"
"Kapten","5a973147afad0f2a68438531","Lennli","5b4899f5b56fe41a1831bba4","6ac8ec050042b6fc259e717e","2026-10-09 09:39"
"wafflyss","6068a918d8694000010952a2","Feneb","5dba86167e473f2408461141","6ac8ece27c0d7c57ca2e9e45","2026-10-09 09:39"
"bezzo","5c4b0baa98004e87dc4ba512","AVGVSTVS","64f106e1bc61ebf9b6156353","6ac8ed700042b6fc259e78c9","2026-10-09 09:39"
"Rawin","6162efcdc23f260001c6a4d3","JbJabs","60bf55f57310b10001ad9659","6ac8edc61f213b04c202184a","2026-10-09 09:39"
"Zeedos","67696f3fc90f037ddbc37127","挪威的騷零 [The Norwegian Sowling]","6409beba17491edb5a32b684","6ac8edaf1f213b04c20217b8","2026-10-09 09:40"
"路易十六","65337c686711b99177ed189b","Fan Swangambita 🔥😋","63d00c59744f7e9ebeeb1c09","6ac8ec8d1f213b04c202103c","2026-10-09 09:40"
"Bokai","62e7791e257a6510556a1a03","FAST66","68fe3a19704e6ee9db9c333a","6ac8ee211f213b04c2021a4e","2026-10-09 09:41"
"Lost Paradise","66e46f109b53fcb55436dd52","Ringo","6046c8a097019400018ea4cf","6ac8eda71f213b04c2021791","2026-10-09 09:41"
"Zeedos","67696f3fc90f037ddbc37127","Prelude","6a99a767180aae2d3341d15f","6ac8eea80042b6fc259e7e44","2026-10-09 09:41"
"Jonas","661ad4c4073f663c21b57fe6","Superhorstuwe","67f42dea666326f3169cde54","6ac8ed9e1f213b04c202174d","2026-10-09 09:42"
"Chris Peacock","61a919ce1763cb0001d21547","gg80","63094e1796056024727fc5d5","6ac8ed7b1f213b04c2021673","2026-10-09 09:42"
"twitch.tv/qule0","635d8550c15309de668daf99","Kaspervde","5d68c6ace9473f7c4058e087","6ac8ed241f213b04c2021439","2026-10-09 09:42"
"Fabu","61c77b7b96f28e0001722043","Erik.DL","64caea899c1426306f701b23","6ac8ee3f1f213b04c2021b13","2026-10-09 09:42"
"Rawin","6162efcdc23f260001c6a4d3","ぎっさん","63da763dd32c70dc2d7a0028","6ac8ee827c0d7c57ca2ea71b","2026-10-09 09:42"
"🐈‍⬛","68b991f09c534bc7029c53b4","kober","67ad18a09e150413a5e6fa66","6ac8ee311f213b04c2021aa3","2026-10-09 09:43"
"Retolas","66cf8105b84b9d81a2090df9","Yanek","5e625daa90d6cfa438a867a6","6ac8ed0f0042b6fc259e76ed","2026-10-09 09:43"
"barle","6398628520609ac8c10cab13","Ripailloux","5f05fde774184e2f78733b0b","6ac8ecca7c0d7c57ca2e9dcf","2026-10-09 09:43"
"Waluuuuuuu","6380cc417b431c1eece4916c","Lágrima","5f32d46aca94e000015886be","6ac8ed0f973be078e1870806","2026-10-09 09:43"
"DevGeo(YT)","636157b9cf326cd4ca7a9ead","Spinner2k","6222449c68dc010001609860","6ac8eddf0042b6fc259e7a91","2026-10-09 09:43"
"kfl","5d6269cee9473f623039ce66","joniber","60cf2c9800ea7b00015231a2","6ac8ec7c1f213b04c2020fae","2026-10-09 09:44"
"kober","67ad18a09e150413a5e6fa66","wafflyss","6068a918d8694000010952a2","6ac8ee780042b6fc259e7d53","2026-10-09 09:44"
"a-you","5e93a3443d4b6a5af4f11b0b","挪威的騷零 [The Norwegian Sowling]","6409beba17491edb5a32b684","6ac8ee2f697381fd3785e341","2026-10-09 09:44"
"Mimii_","699711a6047cff743822aac4","コアラのマーチ","651831374a389548ed9c7703","6ac8ed657c0d7c57ca2ea12e","2026-10-09 09:44"
"Fan Swangambita 🔥😋","63d00c59744f7e9ebeeb1c09","Rawin","6162efcdc23f260001c6a4d3","6ac8eec21f213b04c2021eda","2026-10-09 09:44"
"Prelude","6a99a767180aae2d3341d15f","Zeedos","67696f3fc90f037ddbc37127","6ac8eedf1f213b04c2021f8c","2026-10-09 09:44"
"Fan Swangambita 🔥😋","63d00c59744f7e9ebeeb1c09","KaczuSiastyy","664a46ec660949cf6274a231","6ac8ef800042b6fc259e8317","2026-10-09 09:45"
"gg80","63094e1796056024727fc5d5","Jonas","661ad4c4073f663c21b57fe6","6ac8ef61cd7220c0526fd7aa","2026-10-09 09:46"
"kcd","5aef47d3b18d0894c4ffe297","sp4ghet","5ec26de5a789c45a9c13cf3c","6ac8eecc1f213b04c2021f19","2026-10-09 09:46"
"Lost Paradise","66e46f109b53fcb55436dd52","Ringo","6046c8a097019400018ea4cf","6ac8eeef1f213b04c2021fec","2026-10-09 09:46"
"Figsy_Games","5e91c2303d4b6a251c171a3b","AVGVSTVS","64f106e1bc61ebf9b6156353","6ac8ef2d0042b6fc259e8142","2026-10-09 09:46"
"Erik.DL","64caea899c1426306f701b23","twitch.tv/qule0","635d8550c15309de668daf99","6ac8ef221f213b04c2022115","2026-10-09 09:46"
"wafflyss","6068a918d8694000010952a2","kober","67ad18a09e150413a5e6fa66","6ac8ef991f213b04c2022453","2026-10-09 09:47"
"Preussen","64da4d57e44ffbb819d935b1","挪威的騷零 [The Norwegian Sowling]","6409beba17491edb5a32b684","6ac8ef4a1f213b04c2022245","2026-10-09 09:47"
"Figsy_Games","5e91c2303d4b6a251c171a3b","Rawin","6162efcdc23f260001c6a4d3","6ac8ef611f213b04c20222de","2026-10-09 09:47"
"Prelude","6a99a767180aae2d3341d15f","Rawin","6162efcdc23f260001c6a4d3","6ac8efb91f213b04c202251a","2026-10-09 09:47"
"挪威的騷零 [The Norwegian Sowling]","6409beba17491edb5a32b684","Zeedos","67696f3fc90f037ddbc37127","6ac8ef8f1f213b04c202240e","2026-10-09 09:47"
"Ades","694060fd0b5941c5cbe18cbf","Keksdudel","641dcf121e5f72c8ba7f2931","6ac8ef137c0d7c57ca2eaa81","2026-10-09 09:47"
"wafflyss","6068a918d8694000010952a2","kober","67ad18a09e150413a5e6fa66","6ac8f0341f213b04c2022853","2026-10-09 09:48"
"Figsy_Games","5e91c2303d4b6a251c171a3b","Prelude","6a99a767180aae2d3341d15f","6ac8f052cd7220c0526fd8c3","2026-10-09 09:48"
"wafflyss","6068a918d8694000010952a2","kober","67ad18a09e150413a5e6fa66","6ac8f0341f213b04c2022853","2026-10-09 09:49"
"kcd","5aef47d3b18d0894c4ffe297","Jonas","661ad4c4073f663c21b57fe6","6ac8f00f1f213b04c2022724","2026-10-09 09:49"
"Brzoza","60ababeffb1efa0001302754","irrational","65ba97ce8b2ba0c747ffa3b7","6ac8ea761f213b04c2020188","2026-10-09 09:49"
"Emmepemme","5bf9b0c343196557d45fc4b6","tozangezan","5a33d4491cbd1560d0eaed6b","6ac8ebf11f213b04c2020ae0","2026-10-09 09:49"
"Rawin","6162efcdc23f260001c6a4d3","Pati","667fc5248062e8fda494d6e5","6ac8f0411f213b04c20228b7","2026-10-09 09:49"
"Bokai","62e7791e257a6510556a1a03","FAST66","68fe3a19704e6ee9db9c333a","6ac8eee1973be078e1870f1c","2026-10-09 09:50"
"Fan Swangambita 🔥😋","63d00c59744f7e9ebeeb1c09","sp4ghet","5ec26de5a789c45a9c13cf3c","6ac8f00a7c0d7c57ca2eaf77","2026-10-09 09:50"
"DevGeo(YT)","636157b9cf326cd4ca7a9ead","Spinner2k","6222449c68dc010001609860","6ac8ef521f213b04c202226e","2026-10-09 09:50"
"Zeedos","67696f3fc90f037ddbc37127","Prelude","6a99a767180aae2d3341d15f","6ac8f08a1f213b04c2022ac2","2026-10-09 09:50"
"Fabu","61c77b7b96f28e0001722043","KaczuSiastyy","664a46ec660949cf6274a231","6ac8efdf1f213b04c20225fb","2026-10-09 09:50"
"Erik.DL","64caea899c1426306f701b23","Laatsch","60c62658b2f5d60001ed3efe","6ac8f00b1f213b04c2022709","2026-10-09 09:50"
"PechSP","5e9662142ad6cfadc8e2db9d","Feneb","5dba86167e473f2408461141","6ac8ee871f213b04c2021d15","2026-10-09 09:51"
"kober","67ad18a09e150413a5e6fa66","wafflyss","6068a918d8694000010952a2","6ac8f0897c0d7c57ca2eb276","2026-10-09 09:51"
"Ades","694060fd0b5941c5cbe18cbf","挪威的騷零 [The Norwegian Sowling]","6409beba17491edb5a32b684","6ac8f0561f213b04c2022968","2026-10-09 09:51"
"Prelude","6a99a767180aae2d3341d15f","Zeedos","67696f3fc90f037ddbc37127","6ac8f0f51f213b04c2022dc1","2026-10-09 09:51"
"挪威的騷零 [The Norwegian Sowling]","6409beba17491edb5a32b684","Figsy_Games","5e91c2303d4b6a251c171a3b","6ac8f0657c0d7c57ca2eb1c5","2026-10-09 09:51"
"mariels","646dd213a2197f0d437a6ab0","Hobbz 161","5dbc2cc17e473f2408462eae","6ac8f0c30042b6fc259e8990","2026-10-09 09:51"
"sp4ghet","5ec26de5a789c45a9c13cf3c","Fan Swangambita 🔥😋","63d00c59744f7e9ebeeb1c09","6ac8f0e37c0d7c57ca2eb449","2026-10-09 09:52"
"Mimii_","699711a6047cff743822aac4","Rawin","6162efcdc23f260001c6a4d3","6ac8f0307c0d7c57ca2eb05e","2026-10-09 09:52"
"shawty","65c65054c631e61744bcb357","xNツ","653165df4c78aa15e2a057c6","6ac8f0f11f213b04c2022daa","2026-10-09 09:52"
"nota","68b68704757dd886cdc2365a","francishow","6048173c50a8500001ba84d8","6ac8f0731f213b04c2022a2f","2026-10-09 09:52"
"Yanek","5e625daa90d6cfa438a867a6","a-you","5e93a3443d4b6a5af4f11b0b","6ac8ef7d1f213b04c2022398","2026-10-09 09:53"
"Lágrima","5f32d46aca94e000015886be","Ringo","6046c8a097019400018ea4cf","6ac8eff31f213b04c2022690","2026-10-09 09:53"
"bezzo","5c4b0baa98004e87dc4ba512","Lillysbruder","6471c2e45410e20734aedca1","6ac8f0ad7c0d7c57ca2eb33b","2026-10-09 09:53"
"Prelude","6a99a767180aae2d3341d15f","Mimii_","699711a6047cff743822aac4","6ac8f17e7c0d7c57ca2eb7e6","2026-10-09 09:53"
"Zeedos","67696f3fc90f037ddbc37127","挪威的騷零 [The Norwegian Sowling]","6409beba17491edb5a32b684","6ac8f1487c0d7c57ca2eb6ab","2026-10-09 09:53"
"kober","67ad18a09e150413a5e6fa66","Brzoza","60ababeffb1efa0001302754","6ac8f0d77c0d7c57ca2eb3fd","2026-10-09 09:54"
"kcd","5aef47d3b18d0894c4ffe297","Jonas","661ad4c4073f663c21b57fe6","6ac8f09d0042b6fc259e88bb","2026-10-09 09:54"
"sp4ghet","5ec26de5a789c45a9c13cf3c","Fan Swangambita 🔥😋","63d00c59744f7e9ebeeb1c09","6ac8f0e37c0d7c57ca2eb449","2026-10-09 09:54"
"Magnus","679395e4205fcbaaa18ff360","far","5eb749148734a01ad8b53af0","6ac8ee100042b6fc259e7b69","2026-10-09 09:54"
"kober","67ad18a09e150413a5e6fa66","kcd","5aef47d3b18d0894c4ffe297","6ac8f1d71f213b04c20233c9","2026-10-09 09:55"
"barle","6398628520609ac8c10cab13","gg80","63094e1796056024727fc5d5","6ac8f0697c0d7c57ca2eb1d8","2026-10-09 09:55"
"Superhorstuwe","67f42dea666326f3169cde54","Chris Peacock","61a919ce1763cb0001d21547","6ac8ef331f213b04c20221a0","2026-10-09 09:55"
"Figsy_Games","5e91c2303d4b6a251c171a3b","Avandy","60c3535133004c00010451a3","6ac8f0931f213b04c2022af2","2026-10-09 09:55"
"Ades","694060fd0b5941c5cbe18cbf","AVGVSTVS","64f106e1bc61ebf9b6156353","6ac8f1371f213b04c2022f79","2026-10-09 09:55"
"kober","67ad18a09e150413a5e6fa66","kcd","5aef47d3b18d0894c4ffe297","6ac8f1d71f213b04c20233c9","2026-10-09 09:56"
"Anonymous","5eccd6d68d6ade72cc836cb8","PopularPeninsula783","6794f91a4613843d08b344b1","6ac8f11f7c0d7c57ca2eb5e6","2026-10-09 09:56"
"Emmepemme","5bf9b0c343196557d45fc4b6","far","5eb749148734a01ad8b53af0","6ac8f1fa0042b6fc259e8f51","2026-10-09 09:56"
"Ringo","6046c8a097019400018ea4cf","Lillysbruder","6471c2e45410e20734aedca1","6ac8f1ac7c0d7c57ca2eb8ec","2026-10-09 09:56"
"🐈‍⬛","68b991f09c534bc7029c53b4","Feneb","5dba86167e473f2408461141","6ac8f12b1f213b04c2022f2c","2026-10-09 09:57"
"a-you","5e93a3443d4b6a5af4f11b0b","bezzo","5c4b0baa98004e87dc4ba512","6ac8f1a21f213b04c2023258","2026-10-09 09:57"
"FAST66","68fe3a19704e6ee9db9c333a","Bokai","62e7791e257a6510556a1a03","6ac8f0e21f213b04c2022d39","2026-10-09 09:58"
"Prelude","6a99a767180aae2d3341d15f","挪威的騷零 [The Norwegian Sowling]","6409beba17491edb5a32b684","6ac8f1b91f213b04c20232ef","2026-10-09 09:58"
"Neuer3","64257ca5930f6c559b9a32e9","parth malkan","60c05e38acc9ca0001092174","6ac8f0a07c0d7c57ca2eb2e9","2026-10-09 09:58"
"Erik.DL","64caea899c1426306f701b23","mariels","646dd213a2197f0d437a6ab0","6ac8f14e7c0d7c57ca2eb6de","2026-10-09 09:58"
"kfl","5d6269cee9473f623039ce66","joniber","60cf2c9800ea7b00015231a2","6ac8efe51f213b04c2022631","2026-10-09 09:59"
"kcd","5aef47d3b18d0894c4ffe297","Jonas","661ad4c4073f663c21b57fe6","6ac8f2311f213b04c202366a","2026-10-09 09:59"
"Avandy","60c3535133004c00010451a3","Figsy_Games","5e91c2303d4b6a251c171a3b","6ac8f26c7c0d7c57ca2ebdb0","2026-10-09 09:59"
"sp4ghet","5ec26de5a789c45a9c13cf3c","Brzoza","60ababeffb1efa0001302754","6ac8f1c91f213b04c202335e","2026-10-09 09:59"
"Magnus","679395e4205fcbaaa18ff360","Lillysbruder","6471c2e45410e20734aedca1","6ac8f243cc1b2e24137d57a1","2026-10-09 09:59"
"Ades","694060fd0b5941c5cbe18cbf","AVGVSTVS","64f106e1bc61ebf9b6156353","6ac8f228cc1b2e24137d570e","2026-10-09 09:59"
"Spinner2k","6222449c68dc010001609860","Fabu","61c77b7b96f28e0001722043","6ac8f0eccd7220c0526fd974","2026-10-09 09:59"
"wafflyss","6068a918d8694000010952a2","kober","67ad18a09e150413a5e6fa66","6ac8f2400042b6fc259e90be","2026-10-09 10:00"
"Mimii_","699711a6047cff743822aac4","DevGeo(YT)","636157b9cf326cd4ca7a9ead","6ac8f1e77c0d7c57ca2eba53","2026-10-09 10:00"
"a-you","5e93a3443d4b6a5af4f11b0b","67","6874e2f8ef3960e599abae7c","6ac8f2aa841d94445751c692","2026-10-09 10:01"
"Lágrima","5f32d46aca94e000015886be","Ringo","6046c8a097019400018ea4cf","6ac8f2451f213b04c2023717","2026-10-09 10:01"
"67","6874e2f8ef3960e599abae7c","Ades","694060fd0b5941c5cbe18cbf","6ac8f3210042b6fc259e9515","2026-10-09 10:01"
"hyryi","68ab47dfbb1157adc4dd2dcf","Kenji","5f2fd4348378f500019bdee0","6ac8f2557c0d7c57ca2ebd32","2026-10-09 10:01"
"Keksdudel","641dcf121e5f72c8ba7f2931","LHeyy","683dc8bdc7582533316244d0","6ac8f18a7c0d7c57ca2eb82d","2026-10-09 10:01"
"Jonas","661ad4c4073f663c21b57fe6","Figsy_Games","5e91c2303d4b6a251c171a3b","6ac8f32b1f213b04c2023cc0","2026-10-09 10:02"
"Mimii_","699711a6047cff743822aac4","Figsy_Games","5e91c2303d4b6a251c171a3b","6ac8f3311f213b04c2023cdd","2026-10-09 10:02"
"Zeedos","67696f3fc90f037ddbc37127","sp4ghet","5ec26de5a789c45a9c13cf3c","6ac8f19e1f213b04c2023237","2026-10-09 10:02"
"barle","6398628520609ac8c10cab13","Avandy","60c3535133004c00010451a3","6ac8f31e7c0d7c57ca2ec18b","2026-10-09 10:03"
"Feneb","5dba86167e473f2408461141","kober","67ad18a09e150413a5e6fa66","6ac8f3477c0d7c57ca2ec2a3","2026-10-09 10:03"
"bezzo","5c4b0baa98004e87dc4ba512","Wanderer","628d8821da07473974d7adab","6ac8f2f61f213b04c2023b57","2026-10-09 10:03"
"挪威的騷零 [The Norwegian Sowling]","6409beba17491edb5a32b684","Prelude","6a99a767180aae2d3341d15f","6ac8f2da0042b6fc259e93ba","2026-10-09 10:03"
"Erik.DL","64caea899c1426306f701b23","Laatsch","60c62658b2f5d60001ed3efe","6ac8f3041f213b04c2023bbe","2026-10-09 10:03"
"FAST66","68fe3a19704e6ee9db9c333a","Bokai","62e7791e257a6510556a1a03","6ac8f2c9841d94445751c6f0","2026-10-09 10:04"
"wafflyss","6068a918d8694000010952a2","kober","67ad18a09e150413a5e6fa66","6ac8f3531f213b04c2023dd5","2026-10-09 10:04"
"Anonymous","5eccd6d68d6ade72cc836cb8","Chris Peacock","61a919ce1763cb0001d21547","6ac8f2761f213b04c202383f","2026-10-09 10:04"
"Lao","67e55b0b1a521e857df969cb","Rawin","6162efcdc23f260001c6a4d3","6ac8f31a1f213b04c2023c4d","2026-10-09 10:04"
"a-you","5e93a3443d4b6a5af4f11b0b","Brzoza","60ababeffb1efa0001302754","6ac8f3d57c0d7c57ca2ec591","2026-10-09 10:05"
"Figsy_Games","5e91c2303d4b6a251c171a3b","67","6874e2f8ef3960e599abae7c","6ac8f37bcd7220c0526fdd1c","2026-10-09 10:05"
"AVGVSTVS","64f106e1bc61ebf9b6156353","Lillysbruder","6471c2e45410e20734aedca1","6ac8f32e0042b6fc259e9555","2026-10-09 10:05"
"Skolors","615463c9d936a00001cc3e2d","Frouser","676f1d87e37422d9da127424","6ac8f19d1f213b04c2023233","2026-10-09 10:06"
"kober","67ad18a09e150413a5e6fa66","Jonas","661ad4c4073f663c21b57fe6","6ac8f4231f213b04c202431e","2026-10-09 10:06"
"kcd","5aef47d3b18d0894c4ffe297","🐈‍⬛","68b991f09c534bc7029c53b4","6ac8f303724ec8a6254a64f7","2026-10-09 10:06"
"Avandy","60c3535133004c00010451a3","Feneb","5dba86167e473f2408461141","6ac8f407cd7220c0526fddf9","2026-10-09 10:06"
"Figsy_Games","5e91c2303d4b6a251c171a3b","挪威的騷零 [The Norwegian Sowling]","6409beba17491edb5a32b684","6ac8f3f11f213b04c20241c0","2026-10-09 10:06"
"bezzo","5c4b0baa98004e87dc4ba512","挪威的騷零 [The Norwegian Sowling]","6409beba17491edb5a32b684","6ac8f4011f213b04c2024233","2026-10-09 10:06"
"Prelude","6a99a767180aae2d3341d15f","Mimii_","699711a6047cff743822aac4","6ac8f3e97c0d7c57ca2ec5fa","2026-10-09 10:06"
"gg80","63094e1796056024727fc5d5","Yanek","5e625daa90d6cfa438a867a6","6ac8f2377c0d7c57ca2ebc4f","2026-10-09 10:07"
"Ringo","6046c8a097019400018ea4cf","PopularPeninsula783","6794f91a4613843d08b344b1","6ac8f395cd7220c0526fdd3f","2026-10-09 10:07"
"tozangezan","5a33d4491cbd1560d0eaed6b","irrational","65ba97ce8b2ba0c747ffa3b7","6ac8f1041f213b04c2022e37","2026-10-09 10:07"
"Wanderer","628d8821da07473974d7adab","Gknolle9","638a068b6709ad1074d14898","6ac8f3f7e9032bec03e6c8c5","2026-10-09 10:07"
"Erik.DL","64caea899c1426306f701b23","nota","68b68704757dd886cdc2365a","6ac8f40e1f213b04c202427a","2026-10-09 10:07"
"FAST66","68fe3a19704e6ee9db9c333a","Bokai","62e7791e257a6510556a1a03","6ac8f42a0042b6fc259e9a61","2026-10-09 10:08"
"bezzo","5c4b0baa98004e87dc4ba512","Brzoza","60ababeffb1efa0001302754","6ac8f4ac1f213b04c20246cc","2026-10-09 10:08"
"67","6874e2f8ef3960e599abae7c","Figsy_Games","5e91c2303d4b6a251c171a3b","6ac8f4677c0d7c57ca2ec8bf","2026-10-09 10:08"
"Zeedos","67696f3fc90f037ddbc37127","Figsy_Games","5e91c2303d4b6a251c171a3b","6ac8f3d81f213b04c2024107","2026-10-09 10:08"
"Keksdudel","641dcf121e5f72c8ba7f2931","Kenji","5f2fd4348378f500019bdee0","6ac8f3761f213b04c2023e93","2026-10-09 10:08"
"far","5eb749148734a01ad8b53af0","Emmepemme","5bf9b0c343196557d45fc4b6","6ac8f27e7c0d7c57ca2ebe0c","2026-10-09 10:09"
"Erik.DL","64caea899c1426306f701b23","nota","68b68704757dd886cdc2365a","6ac8f5151f213b04c20249af","2026-10-09 10:09"
"barle","6398628520609ac8c10cab13","kober","67ad18a09e150413a5e6fa66","6ac8f4381f213b04c20243b2","2026-10-09 10:10"
"cocomelon123","5ffc1edc415d4d00016642d7","Spinner2k","6222449c68dc010001609860","6ac8f3371f213b04c2023d08","2026-10-09 10:10"
"AVGVSTVS","64f106e1bc61ebf9b6156353","Lillysbruder","6471c2e45410e20734aedca1","6ac8f48e7c0d7c57ca2ec975","2026-10-09 10:10"
"Lao","67e55b0b1a521e857df969cb","Rawin","6162efcdc23f260001c6a4d3","6ac8f474cd7220c0526fde95","2026-10-09 10:10"
"Yanek","5e625daa90d6cfa438a867a6","🐈‍⬛","68b991f09c534bc7029c53b4","6ac8f4f77c0d7c57ca2ecc2d","2026-10-09 10:11"
"kober","67ad18a09e150413a5e6fa66","Feneb","5dba86167e473f2408461141","6ac8f4c67c0d7c57ca2ecb31","2026-10-09 10:11"
"a-you","5e93a3443d4b6a5af4f11b0b","kalesalad","60c9cf146dac910001261659","6ac8f4861f213b04c20245de","2026-10-09 10:11"
"Lillysbruder","6471c2e45410e20734aedca1","AVGVSTVS","64f106e1bc61ebf9b6156353","6ac8f5a4cd7220c0526fe08a","2026-10-09 10:11"
"kfl","5d6269cee9473f623039ce66","joniber","60cf2c9800ea7b00015231a2","6ac8f35e7c0d7c57ca2ec344","2026-10-09 10:12"
"Jonas","661ad4c4073f663c21b57fe6","Ringo","6046c8a097019400018ea4cf","6ac8f5281f213b04c2024a4e","2026-10-09 10:12"
"PLK","62179a5c8e88d400010d91ea","Prelude","6a99a767180aae2d3341d15f","6ac8f4f17c0d7c57ca2ecbf8","2026-10-09 10:12"
"📺 TTV: TaterN0t","6a60cb66561c205d0831e2ad","Erik.DL","64caea899c1426306f701b23","6ac8f5a4816a515650e70c0c","2026-10-09 10:12"
"Zeedos","67696f3fc90f037ddbc37127","Wanderer","628d8821da07473974d7adab","6ac8f5331f213b04c2024aba","2026-10-09 10:12"
"Lao","67e55b0b1a521e857df969cb","Rawin","6162efcdc23f260001c6a4d3","6ac8f5c67c0d7c57ca2ed0b3","2026-10-09 10:12"
"Nördster","60a91a4b4910a100012b6132","Rawin","6162efcdc23f260001c6a4d3","6ac8f5ae1f213b04c2024e08","2026-10-09 10:12"
"Jonas","661ad4c4073f663c21b57fe6","bezzo","5c4b0baa98004e87dc4ba512","6ac8f5391f213b04c2024ad9","2026-10-09 10:13"
"Avandy","60c3535133004c00010451a3","Zifuko","5e85136d3d4b6a36ac752a7b","6ac8f4bdd66480562f0b9fb6","2026-10-09 10:13"
"Prelude","6a99a767180aae2d3341d15f","Ringo","6046c8a097019400018ea4cf","6ac8f61d0042b6fc259ea400","2026-10-09 10:13"
"AVGVSTVS","64f106e1bc61ebf9b6156353","Nördster","60a91a4b4910a100012b6132","6ac8f6051f213b04c2025042","2026-10-09 10:13"
"FAST66","68fe3a19704e6ee9db9c333a","Bokai","62e7791e257a6510556a1a03","6ac8f5411f213b04c2024b02","2026-10-09 10:14"
"ra1n ⛆","6040b767a822080001418691","Mimii_","699711a6047cff743822aac4","6ac8f4c07c0d7c57ca2ecb01","2026-10-09 10:14"
"a-you","5e93a3443d4b6a5af4f11b0b","barle","6398628520609ac8c10cab13","6ac8f5d8816a515650e70cb5","2026-10-09 10:15"
"PLAYHRD","5d696003e9473f7c4058f0ae","Anonymous","5eccd6d68d6ade72cc836cb8","6ac8f5181f213b04c20249c0","2026-10-09 10:15"
"petar","69fd3dc20731483be6bd7038","kober","67ad18a09e150413a5e6fa66","6ac8f5c97c0d7c57ca2ed0c6","2026-10-09 10:15"
"Prelude","6a99a767180aae2d3341d15f","Figsy_Games","5e91c2303d4b6a251c171a3b","6ac8f6570042b6fc259ea568","2026-10-09 10:15"
"twitch.tv/danq_s ☠️","639c2a925d4cc27b2f7a898b","Jerzy Kirkowski","5ecbdec18d6ade72cc832c5a","6ac8f6281f213b04c202513e","2026-10-09 10:15"
"gg80","63094e1796056024727fc5d5","67","6874e2f8ef3960e599abae7c","6ac8f5a27c0d7c57ca2ed027","2026-10-09 10:16"
"Jonas","661ad4c4073f663c21b57fe6","Lost Paradise","66e46f109b53fcb55436dd52","6ac8f6a7d779150cd8ee3e47","2026-10-09 10:16"
"Brzoza","60ababeffb1efa0001302754","PopularPeninsula783","6794f91a4613843d08b344b1","6ac8f5441f213b04c2024b13","2026-10-09 10:16"
"Erik.DL","64caea899c1426306f701b23","17","6028ad57f227ff0001b8b01e","6ac8f627816a515650e70e3c","2026-10-09 10:16"
"Frouser","676f1d87e37422d9da127424","Waluuuuuuu","6380cc417b431c1eece4916c","6ac8f5697c0d7c57ca2ecec9","2026-10-09 10:17"
"Yanek","5e625daa90d6cfa438a867a6","Feneb","5dba86167e473f2408461141","6ac8f5e61f213b04c2024f5e","2026-10-09 10:17"
"kalesalad","60c9cf146dac910001261659","kober","67ad18a09e150413a5e6fa66","6ac8f6dcd779150cd8ee3f12","2026-10-09 10:17"
"Zifuko","5e85136d3d4b6a36ac752a7b","Avandy","60c3535133004c00010451a3","6ac8f6601f213b04c20252fa","2026-10-09 10:17"
"📺 TTV: TaterN0t","6a60cb66561c205d0831e2ad","Ringo","6046c8a097019400018ea4cf","6ac8f6541f213b04c20252b0","2026-10-09 10:17"
"Figsy_Games","5e91c2303d4b6a251c171a3b","bezzo","5c4b0baa98004e87dc4ba512","6ac8f676816a515650e70fe2","2026-10-09 10:17"
"Lao","67e55b0b1a521e857df969cb","AVGVSTVS","64f106e1bc61ebf9b6156353","6ac8f6641f213b04c202530e","2026-10-09 10:17"
"mariels","646dd213a2197f0d437a6ab0","NightSky","6a0865b5ad5e7998f329915e","6ac8f6241f213b04c2025127","2026-10-09 10:17"
"a-you","5e93a3443d4b6a5af4f11b0b","Anonymous","5eccd6d68d6ade72cc836cb8","6ac8f6ec1f213b04c2025611","2026-10-09 10:18"
"bezzo","5c4b0baa98004e87dc4ba512","Figsy_Games","5e91c2303d4b6a251c171a3b","6ac8f7441f213b04c20257d7","2026-10-09 10:18"
"67","6874e2f8ef3960e599abae7c","twitch.tv/danq_s ☠️","639c2a925d4cc27b2f7a898b","6ac8f7167c0d7c57ca2ed6e3","2026-10-09 10:18"
"Zeedos","67696f3fc90f037ddbc37127","Figsy_Games","5e91c2303d4b6a251c171a3b","6ac8f6d71f213b04c20255a1","2026-10-09 10:18"
"kfl","5d6269cee9473f623039ce66","joniber","60cf2c9800ea7b00015231a2","6ac8f63a1f213b04c20251f5","2026-10-09 10:19"
"barle","6398628520609ac8c10cab13","Lost Paradise","66e46f109b53fcb55436dd52","6ac8f71d816a515650e712f1","2026-10-09 10:19"
"Jonas","661ad4c4073f663c21b57fe6","kober","67ad18a09e150413a5e6fa66","6ac8f744816a515650e7138a","2026-10-09 10:19"
"Chris Peacock","61a919ce1763cb0001d21547","Lágrima","5f32d46aca94e000015886be","6ac8f4481f213b04c202442b","2026-10-09 10:19"
"Bokai","62e7791e257a6510556a1a03","FAST66","68fe3a19704e6ee9db9c333a","6ac8f6cdd779150cd8ee3ee4","2026-10-09 10:20"
"Feneb","5dba86167e473f2408461141","Waluuuuuuu","6380cc417b431c1eece4916c","6ac8f758816a515650e713cb","2026-10-09 10:20"
"Brzoza","60ababeffb1efa0001302754","Erik.DL","64caea899c1426306f701b23","6ac8f72e1f213b04c2025754","2026-10-09 10:20"
"Mimii_","699711a6047cff743822aac4","ra1n ⛆","6040b767a822080001418691","6ac8f67d816a515650e70ffe","2026-10-09 10:20"
"cocomelon123","5ffc1edc415d4d00016642d7","Spinner2k","6222449c68dc010001609860","6ac8f5bf1f213b04c2024e57","2026-10-09 10:20"
"yakubeq","6a89abdbc44b9b2bfa836c26","Jerzy Kirkowski","5ecbdec18d6ade72cc832c5a","6ac8f6de1f213b04c20255bf","2026-10-09 10:20"
"Zifuko","5e85136d3d4b6a36ac752a7b","Yanek","5e625daa90d6cfa438a867a6","6ac8f766d779150cd8ee41b8","2026-10-09 10:21"
"petar","69fd3dc20731483be6bd7038","kober","67ad18a09e150413a5e6fa66","6ac8f6fd816a515650e7125a","2026-10-09 10:21"
"Avandy","60c3535133004c00010451a3","kalesalad","60c9cf146dac910001261659","6ac8f74d816a515650e713a4","2026-10-09 10:21"
"Brzoza","60ababeffb1efa0001302754","Lost Paradise","66e46f109b53fcb55436dd52","6ac8f7f9816a515650e716fc","2026-10-09 10:21"
"BluOnGeo","5f89c266c73d8c0001d53def","17","6028ad57f227ff0001b8b01e","6ac8f7061f213b04c202569a","2026-10-09 10:21"
"Siemeon","62dc07edf32847e5836668f1","Frouser","676f1d87e37422d9da127424","6ac8f7ad1f213b04c2025a8b","2026-10-09 10:22"
"kober","67ad18a09e150413a5e6fa66","Zifuko","5e85136d3d4b6a36ac752a7b","6ac8f82c1f213b04c2025d46","2026-10-09 10:22"
"Zeedos","67696f3fc90f037ddbc37127","Figsy_Games","5e91c2303d4b6a251c171a3b","6ac8f7821f213b04c2025941","2026-10-09 10:22"
"67","6874e2f8ef3960e599abae7c","twitch.tv/danq_s ☠️","639c2a925d4cc27b2f7a898b","6ac8f7b61f213b04c2025ac3","2026-10-09 10:22"
"irrational","65ba97ce8b2ba0c747ffa3b7","tozangezan","5a33d4491cbd1560d0eaed6b","6ac8f53d1f213b04c2024aef","2026-10-09 10:22"
"hyryi","68ab47dfbb1157adc4dd2dcf","mariels","646dd213a2197f0d437a6ab0","6ac8f74e816a515650e713a8","2026-10-09 10:22"
"Jerzy Kirkowski","5ecbdec18d6ade72cc832c5a","twitch.tv/danq_s ☠️","639c2a925d4cc27b2f7a898b","6ac8f7e27c0d7c57ca2eda75","2026-10-09 10:22"
"Siemeon","62dc07edf32847e5836668f1","kent","5fa7ab03b45c670001342904","6ac8f8677c0d7c57ca2edd32","2026-10-09 10:23"
"Tatert0t & rope shared alt","63875de4e55ec4234b26d1fb","67","6874e2f8ef3960e599abae7c","6ac8f8221f213b04c2025d23","2026-10-09 10:23"
"SignpostSlayer","5cd1da5575345f65c86dea02","chief","66cabbab2d73885610b090ab","6ac8f7dcd779150cd8ee4416","2026-10-09 10:23"
"Emmepemme","5bf9b0c343196557d45fc4b6","Sisyphus42","62c30647b04cf935ec6dfec7","6ac8f5c21f213b04c2024e6a","2026-10-09 10:24"
"67","6874e2f8ef3960e599abae7c","Prelude","6a99a767180aae2d3341d15f","6ac8f8731f213b04c2025e93","2026-10-09 10:24"
"Erik.DL","64caea899c1426306f701b23","yakubeq","6a89abdbc44b9b2bfa836c26","6ac8f7f31f213b04c2025bf9","2026-10-09 10:24"
"Jerzy Kirkowski","5ecbdec18d6ade72cc832c5a","twitch.tv/danq_s ☠️","639c2a925d4cc27b2f7a898b","6ac8f8701f213b04c2025e84","2026-10-09 10:24"
"Bokai","62e7791e257a6510556a1a03","FAST66","68fe3a19704e6ee9db9c333a","6ac8f7ea816a515650e71699","2026-10-09 10:25"
"AVGVSTVS","64f106e1bc61ebf9b6156353","ferreiro","5f126427d6ca438f24009b8e","6ac8f796d779150cd8ee42da","2026-10-09 10:25"
"Aljosc","6285deec505b0a7a76ccca1d","bezzo","5c4b0baa98004e87dc4ba512","6ac8f7881f213b04c2025962","2026-10-09 10:26"
"Prelude","6a99a767180aae2d3341d15f","Tatert0t & rope shared alt","63875de4e55ec4234b26d1fb","6ac8f8fb1f213b04c202613d","2026-10-09 10:26"
"17","6028ad57f227ff0001b8b01e","Lao","67e55b0b1a521e857df969cb","6ac8f83d1f213b04c2025da7","2026-10-09 10:26"
"PopularPeninsula783","6794f91a4613843d08b344b1","Ringo","6046c8a097019400018ea4cf","6ac8f79e0042b6fc259eaa87","2026-10-09 10:26"
"Ruari","60258d7d36ff8a0001f5fef5","Spinner2k","6222449c68dc010001609860","6ac8f8087c0d7c57ca2edb05","2026-10-09 10:26"
"barle","6398628520609ac8c10cab13","Jonas","661ad4c4073f663c21b57fe6","6ac8f81dd779150cd8ee4521","2026-10-09 10:27"
"kober","67ad18a09e150413a5e6fa66","Zifuko","5e85136d3d4b6a36ac752a7b","6ac8f89d1f213b04c2025f5b","2026-10-09 10:27"
"Chris Peacock","61a919ce1763cb0001d21547","Anonymous","5eccd6d68d6ade72cc836cb8","6ac8f80d816a515650e71742","2026-10-09 10:27"
"Zeedos","67696f3fc90f037ddbc37127","67","6874e2f8ef3960e599abae7c","6ac8f8a2cd7220c0526fe485","2026-10-09 10:27"
"ra1n ⛆","6040b767a822080001418691","cocomelon123","5ffc1edc415d4d00016642d7","6ac8f8371f213b04c2025d80","2026-10-09 10:27"
"RJay223","68a7393aba3755f87bd88212","twitch.tv/danq_s ☠️","639c2a925d4cc27b2f7a898b","6ac8f89c7c0d7c57ca2ede52","2026-10-09 10:27"
"kober","67ad18a09e150413a5e6fa66","Zifuko","5e85136d3d4b6a36ac752a7b","6ac8f89d1f213b04c2025f5b","2026-10-09 10:28"
"petar","69fd3dc20731483be6bd7038","kalesalad","60c9cf146dac910001261659","6ac8f835816a515650e71825","2026-10-09 10:28"
"Красота спасёт мир","696e7ffd3657a531005b1a50","Rawin","6162efcdc23f260001c6a4d3","6ac8f9a81f213b04c20264e0","2026-10-09 10:28"
"Siemeon","62dc07edf32847e5836668f1","FAST66","68fe3a19704e6ee9db9c333a","6ac8f90e1f213b04c202619d","2026-10-09 10:29"
"Skolors","615463c9d936a00001cc3e2d","يااخي مستواك رهييب","65fc3453702bba73b4c0a398","6ac8f5cd816a515650e70c96","2026-10-09 10:29"
"Avandy","60c3535133004c00010451a3","Frouser","676f1d87e37422d9da127424","6ac8f8891f213b04c2025f03","2026-10-09 10:29"
"Ringo","6046c8a097019400018ea4cf","bezzo","5c4b0baa98004e87dc4ba512","6ac8f96b2a4868a4a959aa77","2026-10-09 10:29"
"Jerzy Kirkowski","5ecbdec18d6ade72cc832c5a","Erik.DL","64caea899c1426306f701b23","6ac8f903816a515650e71bd9","2026-10-09 10:29"
"kober","67ad18a09e150413a5e6fa66","Zifuko","5e85136d3d4b6a36ac752a7b","6ac8f98f697381fd378612bf","2026-10-09 10:30"
"Prelude","6a99a767180aae2d3341d15f","Tatert0t & rope shared alt","63875de4e55ec4234b26d1fb","6ac8f983697381fd378612ad","2026-10-09 10:30"
"Lao","67e55b0b1a521e857df969cb","bezzo","5c4b0baa98004e87dc4ba512","6ac8f991816a515650e71eae","2026-10-09 10:30"
"yakubeq","6a89abdbc44b9b2bfa836c26","ymot","5c296804097d019c9053201b","6ac8f8eb1f213b04c20260e8","2026-10-09 10:30"
"kober","67ad18a09e150413a5e6fa66","[TNT] Myron","62d32ffc3377959be9ae670b","6ac8f9cb7c0d7c57ca2ee2fe","2026-10-09 10:31"
"Lágrima","5f32d46aca94e000015886be","Yanek","5e625daa90d6cfa438a867a6","6ac8f9131f213b04c20261b7","2026-10-09 10:31"
"kfl","5d6269cee9473f623039ce66","joniber","60cf2c9800ea7b00015231a2","6ac8f7ed1f213b04c2025be0","2026-10-09 10:32"
"Siemeon","62dc07edf32847e5836668f1","FAST66","68fe3a19704e6ee9db9c333a","6ac8fa231f213b04c202677b","2026-10-09 10:32"
"Feneb","5dba86167e473f2408461141","Brzoza","60ababeffb1efa0001302754","6ac8f8311f213b04c2025d67","2026-10-09 10:32"
"Jerome","62e14841f938d5507c4d31f6","Zifuko","5e85136d3d4b6a36ac752a7b","6ac8fa650042b6fc259eb547","2026-10-09 10:32"
"Prelude","6a99a767180aae2d3341d15f","Tatert0t & rope shared alt","63875de4e55ec4234b26d1fb","6ac8fa42cd7220c0526fe6c1","2026-10-09 10:32"
"bezzo","5c4b0baa98004e87dc4ba512","Figsy_Games","5e91c2303d4b6a251c171a3b","6ac8fa727c0d7c57ca2ee600","2026-10-09 10:32"
"Jayden (Mobile)","61f149e3c24ced00015b4777","Ringo","6046c8a097019400018ea4cf","6ac8fa0f816a515650e720c8","2026-10-09 10:32"
"twitch.tv/danq_s ☠️","639c2a925d4cc27b2f7a898b","Veet","61f24e39e6b49c0001e98918","6ac8fa25d779150cd8ee4edd","2026-10-09 10:32"
"petar","69fd3dc20731483be6bd7038","kalesalad","60c9cf146dac910001261659","6ac8f9d81f213b04c20265f5","2026-10-09 10:33"
"Jerome","62e14841f938d5507c4d31f6","[TNT] Myron","62d32ffc3377959be9ae670b","6ac8fa811f213b04c202696c","2026-10-09 10:33"
"Figsy_Games","5e91c2303d4b6a251c171a3b","wichura240","68767692157557d5c76a0ab6","6ac8fa8e1f213b04c202699d","2026-10-09 10:33"
"cocomelon123","5ffc1edc415d4d00016642d7","Luxus","64d905c29860ac321bb0ddc5","6ac8f99fd779150cd8ee4ca7","2026-10-09 10:33"
"ferreiro","5f126427d6ca438f24009b8e","twitch.tv/danq_s ☠️","639c2a925d4cc27b2f7a898b","6ac8fa3b1f213b04c2026822","2026-10-09 10:33"
"Jonas","661ad4c4073f663c21b57fe6","Zeedos","67696f3fc90f037ddbc37127","6ac8f9bd7c0d7c57ca2ee2c6","2026-10-09 10:34"
"Lao","67e55b0b1a521e857df969cb","Figsy_Games","5e91c2303d4b6a251c171a3b","6ac8fa93816a515650e72331","2026-10-09 10:34"
"Erik.DL","64caea899c1426306f701b23","Jerzy Kirkowski","5ecbdec18d6ade72cc832c5a","6ac8fa281f213b04c20267bf","2026-10-09 10:34"
"Brzoza","60ababeffb1efa0001302754","Figsy_Games","5e91c2303d4b6a251c171a3b","6ac8faded779150cd8ee522f","2026-10-09 10:35"
"17","6028ad57f227ff0001b8b01e","PopularPeninsula783","6794f91a4613843d08b344b1","6ac8f9ca816a515650e71f82","2026-10-09 10:35"
"Tatert0t & rope shared alt","63875de4e55ec4234b26d1fb","Prelude","6a99a767180aae2d3341d15f","6ac8fae3d779150cd8ee5240","2026-10-09 10:35"
"Jerome","62e14841f938d5507c4d31f6","[TNT] Myron","62d32ffc3377959be9ae670b","6ac8fa811f213b04c202696c","2026-10-09 10:36"
"Zeedos","67696f3fc90f037ddbc37127","Figsy_Games","5e91c2303d4b6a251c171a3b","6ac8fb557c0d7c57ca2ee9b2","2026-10-09 10:36"
"Ringo","6046c8a097019400018ea4cf","bezzo","5c4b0baa98004e87dc4ba512","6ac8fac81f213b04c2026ad2","2026-10-09 10:36"
"Zeedos","67696f3fc90f037ddbc37127","Figsy_Games","5e91c2303d4b6a251c171a3b","6ac8fb557c0d7c57ca2ee9b2","2026-10-09 10:36"
"[TNT] Myron","62d32ffc3377959be9ae670b","kober","67ad18a09e150413a5e6fa66","6ac8fb1e1f213b04c2026d30","2026-10-09 10:37"
"Prelude","6a99a767180aae2d3341d15f","Tatert0t & rope shared alt","63875de4e55ec4234b26d1fb","6ac8fb781f213b04c2026f34","2026-10-09 10:37"
"cocomelon123","5ffc1edc415d4d00016642d7","Luxus","64d905c29860ac321bb0ddc5","6ac8fb261f213b04c2026d74","2026-10-09 10:37"
"limpertsberg  portofino","5c54618d3d925bc4fcca2825","twitch.tv/danq_s ☠️","639c2a925d4cc27b2f7a898b","6ac8fbb0d779150cd8ee5699","2026-10-09 10:37"
"kent","5fa7ab03b45c670001342904","يااخي مستواك رهييب","65fc3453702bba73b4c0a398","6ac8fa2f816a515650e72153","2026-10-09 10:38"
"[TNT] Myron","62d32ffc3377959be9ae670b","kober","67ad18a09e150413a5e6fa66","6ac8fb1e1f213b04c2026d30","2026-10-09 10:38"
"petar","69fd3dc20731483be6bd7038","Zifuko","5e85136d3d4b6a36ac752a7b","6ac8fb00d779150cd8ee52c5","2026-10-09 10:38"
"Brzoza","60ababeffb1efa0001302754","Jerome","62e14841f938d5507c4d31f6","6ac8fb82d779150cd8ee556e","2026-10-09 10:38"
"Figsy_Games","5e91c2303d4b6a251c171a3b","bezzo","5c4b0baa98004e87dc4ba512","6ac8fba41f213b04c2027023","2026-10-09 10:38"
"Jerzy Kirkowski","5ecbdec18d6ade72cc832c5a","Erik.DL","64caea899c1426306f701b23","6ac8fb341f213b04c2026dd3","2026-10-09 10:38"
"Bokai","62e7791e257a6510556a1a03","FAST66","68fe3a19704e6ee9db9c333a","6ac8faae1f213b04c2026a30","2026-10-09 10:39"
"Avandy","60c3535133004c00010451a3","barle","6398628520609ac8c10cab13","6ac8fa111f213b04c2026713","2026-10-09 10:39"
"Zifuko","5e85136d3d4b6a36ac752a7b","Prelude","6a99a767180aae2d3341d15f","6ac8fc22816a515650e72b41","2026-10-09 10:39"
"Ringo","6046c8a097019400018ea4cf","Figsy_Games","5e91c2303d4b6a251c171a3b","6ac8fbb61f213b04c2027080","2026-10-09 10:39"
"MosaTracker","68fa532476317df25e19c823","Lao","67e55b0b1a521e857df969cb","6ac8fb721f213b04c2026f12","2026-10-09 10:39"
"ferreiro","5f126427d6ca438f24009b8e","RJay223","68a7393aba3755f87bd88212","6ac8fb161f213b04c2026ce6","2026-10-09 10:39"
"Geooo","5ffb5e4975d2770001545cf5","kfl","5d6269cee9473f623039ce66","6ac8fb12816a515650e725c2","2026-10-09 10:40"
"wafflyss","6068a918d8694000010952a2","kober","67ad18a09e150413a5e6fa66","6ac8fc491f213b04c2027396","2026-10-09 10:40"
"kalesalad","60c9cf146dac910001261659","Pospos","5eed92409d57a84ae09c3b8d","6ac8fb041f213b04c2026c74","2026-10-09 10:40"
"👁️AAAAAAAAAAAAA👁️","69751c89c3036f77b93fb696","Chris Peacock","61a919ce1763cb0001d21547","6ac8f9ab1f213b04c20264f0","2026-10-09 10:40"
"Tatert0t & rope shared alt","63875de4e55ec4234b26d1fb","Figsy_Games","5e91c2303d4b6a251c171a3b","6ac8fc10816a515650e72ae5","2026-10-09 10:40"
"Pandazan","632e19f3f0149e276027d38e","Rawin","6162efcdc23f260001c6a4d3","6ac8fb92816a515650e72810","2026-10-09 10:40"
"[TNT] Myron","62d32ffc3377959be9ae670b","Jerome","62e14841f938d5507c4d31f6","6ac8fbfb1f213b04c20271d2","2026-10-09 10:41"
"Jerome","62e14841f938d5507c4d31f6","Figsy_Games","5e91c2303d4b6a251c171a3b","6ac8fc5e816a515650e72c74","2026-10-09 10:41"
"bezzo","5c4b0baa98004e87dc4ba512","Jerzy Kirkowski","5ecbdec18d6ade72cc832c5a","6ac8fc4c1f213b04c20273a9","2026-10-09 10:41"
"yakubeq","6a89abdbc44b9b2bfa836c26","Jayden (Mobile)","61f149e3c24ced00015b4777","6ac8fac71f213b04c2026acd","2026-10-09 10:41"
"Luxus","64d905c29860ac321bb0ddc5","Suharis","61c4c4d2033ee200013c8b35","6ac8fc3b1f213b04c2027345","2026-10-09 10:41"
"Ole ツ","67c70b553f65f1a34a926de3","Ugo","62248d425ee8bf0001893306","6ac8f9cd816a515650e71fa0","2026-10-09 10:41"
"wafflyss","6068a918d8694000010952a2","kober","67ad18a09e150413a5e6fa66","6ac8fc491f213b04c2027396","2026-10-09 10:42"
"Zifuko","5e85136d3d4b6a36ac752a7b","Prelude","6a99a767180aae2d3341d15f","6ac8fc7ad779150cd8ee5a6e","2026-10-09 10:42"
"cocomelon123","5ffc1edc415d4d00016642d7","Erik.DL","64caea899c1426306f701b23","6ac8fc81d779150cd8ee5aa6","2026-10-09 10:42"
"ferreiro","5f126427d6ca438f24009b8e","Lao","67e55b0b1a521e857df969cb","6ac8fc7e1f213b04c20274d4","2026-10-09 10:42"
"limpertsberg  portofino","5c54618d3d925bc4fcca2825","Hanno","66cd9b65da42d067e3be0f24","6ac8fc0c1f213b04c2027239","2026-10-09 10:42"
"Geooo","5ffb5e4975d2770001545cf5","kfl","5d6269cee9473f623039ce66","6ac8fc96816a515650e72d31","2026-10-09 10:43"
"FAST66","68fe3a19704e6ee9db9c333a","Siemeon","62dc07edf32847e5836668f1","6ac8fc85cd7220c0526fea1a","2026-10-09 10:43"
"kober","67ad18a09e150413a5e6fa66","barle","6398628520609ac8c10cab13","6ac8fcc97c0d7c57ca2eef61","2026-10-09 10:43"
"Yanek","5e625daa90d6cfa438a867a6","Lágrima","5f32d46aca94e000015886be","6ac8fb48d779150cd8ee5442","2026-10-09 10:43"
"Chris Peacock","61a919ce1763cb0001d21547","Cyru","6291bd1fea1e49d6cb20aaa4","6ac8fce8816a515650e72ebb","2026-10-09 10:43"
"tozangezan","5a33d4491cbd1560d0eaed6b","Magnus","679395e4205fcbaaa18ff360","6ac8f8f77c0d7c57ca2edfda","2026-10-09 10:43"
"AVGVSTVS","64f106e1bc61ebf9b6156353","SignpostSlayer","5cd1da5575345f65c86dea02","6ac8fcd57c0d7c57ca2eef8c","2026-10-09 10:43"
"يااخي مستواك رهييب","65fc3453702bba73b4c0a398","joniber","60cf2c9800ea7b00015231a2","6ac8fc31cd7220c0526fe9c2","2026-10-09 10:44"
"17","6028ad57f227ff0001b8b01e","PopularPeninsula783","6794f91a4613843d08b344b1","6ac8fbf71f213b04c20271bd","2026-10-09 10:44"
"kober","67ad18a09e150413a5e6fa66","petar","69fd3dc20731483be6bd7038","6ac8fd25816a515650e72fd7","2026-10-09 10:45"
"kalesalad","60c9cf146dac910001261659","Avandy","60c3535133004c00010451a3","6ac8fc961f213b04c202756c","2026-10-09 10:45"
"Figsy_Games","5e91c2303d4b6a251c171a3b","67","6874e2f8ef3960e599abae7c","6ac8fd07d779150cd8ee5cf4","2026-10-09 10:45"
"yakubeq","6a89abdbc44b9b2bfa836c26","Jayden (Mobile)","61f149e3c24ced00015b4777","6ac8fcd8f36908eb33d9c49b","2026-10-09 10:45"
"kober","67ad18a09e150413a5e6fa66","barle","6398628520609ac8c10cab13","6ac8fd75816a515650e731bf","2026-10-09 10:46"
"Zifuko","5e85136d3d4b6a36ac752a7b","Jerome","62e14841f938d5507c4d31f6","6ac8fd1fb055b03e7287023e","2026-10-09 10:46"
"Zeedos","67696f3fc90f037ddbc37127","Figsy_Games","5e91c2303d4b6a251c171a3b","6ac8fcd01f213b04c2027698","2026-10-09 10:46"
"bezzo","5c4b0baa98004e87dc4ba512","Jerzy Kirkowski","5ecbdec18d6ade72cc832c5a","6ac8fcf30042b6fc259ebdfb","2026-10-09 10:46"
"Prelude","6a99a767180aae2d3341d15f","limpertsberg  portofino","5c54618d3d925bc4fcca2825","6ac8fd261f213b04c20278a0","2026-10-09 10:46"
"Figsy_Games","5e91c2303d4b6a251c171a3b","67","6874e2f8ef3960e599abae7c","6ac8fd07d779150cd8ee5cf4","2026-10-09 10:46"
"ferreiro","5f126427d6ca438f24009b8e","RJay223","68a7393aba3755f87bd88212","6ac8fd3f1f213b04c2027967","2026-10-09 10:46"
"Jayden (Mobile)","61f149e3c24ced00015b4777","twitch.tv/danq_s ☠️","639c2a925d4cc27b2f7a898b","6ac8fdbdd779150cd8ee60a9","2026-10-09 10:47"
"AVGVSTVS","64f106e1bc61ebf9b6156353","Veet","61f24e39e6b49c0001e98918","6ac8fd757c0d7c57ca2ef247","2026-10-09 10:47"
"Siemeon","62dc07edf32847e5836668f1","kober","67ad18a09e150413a5e6fa66","6ac8fe3a1f213b04c2027ef2","2026-10-09 10:48"
"Yanek","5e625daa90d6cfa438a867a6","Chris Peacock","61a919ce1763cb0001d21547","6ac8fd551f213b04c20279d0","2026-10-09 10:48"
"Maksonic","619d09bdc4ab7000016c68d3","Jerome","62e14841f938d5507c4d31f6","6ac8fd26d779150cd8ee5dab","2026-10-09 10:48"
"Jerome","62e14841f938d5507c4d31f6","kober","67ad18a09e150413a5e6fa66","6ac8fe1d1f213b04c2027e67","2026-10-09 10:48"
"Ringo","6046c8a097019400018ea4cf","Figsy_Games","5e91c2303d4b6a251c171a3b","6ac8fdcf7c0d7c57ca2ef3cc","2026-10-09 10:48"
"ra1n ⛆","6040b767a822080001418691","SigmaLigma","641e0c54c1155de1803057b1","6ac8fda0816a515650e732bc","2026-10-09 10:48"
"Ruari","60258d7d36ff8a0001f5fef5","Sisyphus42","62c30647b04cf935ec6dfec7","6ac8f9f8d779150cd8ee4e25","2026-10-09 10:48"
"Siemeon","62dc07edf32847e5836668f1","kent","5fa7ab03b45c670001342904","6ac8fe91d779150cd8ee645d","2026-10-09 10:49"
"Bokai","62e7791e257a6510556a1a03","FAST66","68fe3a19704e6ee9db9c333a","6ac8fd48816a515650e730ae","2026-10-09 10:49"
"Jerome","62e14841f938d5507c4d31f6","Hasan Gencer","6363968c242d5a661f10dbca","6ac8fe4cd779150cd8ee6328","2026-10-09 10:49"
"Darkstar","63429e018418369fa2f8f066","Hanno","66cd9b65da42d067e3be0f24","6ac8fd2d816a515650e7300f","2026-10-09 10:49"
"يااخي مستواك رهييب","65fc3453702bba73b4c0a398","Topotic (YT)","567821da838cda2a54dc799b","6ac8fd921f213b04c2027b57","2026-10-09 10:50"
"Zifuko","5e85136d3d4b6a36ac752a7b","Zeedos","67696f3fc90f037ddbc37127","6ac8fe001f213b04c2027db7","2026-10-09 10:50"
"Prelude","6a99a767180aae2d3341d15f","Figsy_Games","5e91c2303d4b6a251c171a3b","6ac8fe110042b6fc259ec313","2026-10-09 10:50"
"Prelude","6a99a767180aae2d3341d15f","Figsy_Games","5e91c2303d4b6a251c171a3b","6ac8fe110042b6fc259ec313","2026-10-09 10:50"
"ferreiro","5f126427d6ca438f24009b8e","bezzo","5c4b0baa98004e87dc4ba512","6ac8fe29d779150cd8ee629a","2026-10-09 10:50"
"AVGVSTVS","64f106e1bc61ebf9b6156353","Barkuz","6084243b0feb6600017e1a7e","6ac8fe54d779150cd8ee6353","2026-10-09 10:50"
"twitch.tv/danq_s ☠️","639c2a925d4cc27b2f7a898b","Zezeshaka","60a4bf78880a050001dcaa70","6ac8fe6ed66480562f0bc5c6","2026-10-09 10:50"
"FAST66","68fe3a19704e6ee9db9c333a","kent","5fa7ab03b45c670001342904","6ac8febc0042b6fc259ec536","2026-10-09 10:51"
"Figsy_Games","5e91c2303d4b6a251c171a3b","Prelude","6a99a767180aae2d3341d15f","6ac8ff111f213b04c202832c","2026-10-09 10:51"
"twitch.tv/danq_s ☠️","639c2a925d4cc27b2f7a898b","Zezeshaka","60a4bf78880a050001dcaa70","6ac8fe6ed66480562f0bc5c6","2026-10-09 10:51"
"Zezeshaka","60a4bf78880a050001dcaa70","pjtinha (colorblind)","5f5c49fecbd6d20001dd3967","6ac8fefb1f213b04c20282a2","2026-10-09 10:51"
"kalesalad","60c9cf146dac910001261659","Lágrima","5f32d46aca94e000015886be","6ac8fde40042b6fc259ec27f","2026-10-09 10:52"
"Jerome","62e14841f938d5507c4d31f6","kober","67ad18a09e150413a5e6fa66","6ac8fee5816a515650e73867","2026-10-09 10:52"
"Avandy","60c3535133004c00010451a3","petar","69fd3dc20731483be6bd7038","6ac8fde41f213b04c2027d34","2026-10-09 10:52"
"Causey","661a69c5073f663c21b4bc35","Nxo","638b91b6d950b1f0ac0b4647","6ac8ff031f213b04c20282d0","2026-10-09 10:52"
"鳴神","5e6434058fd6cf50f886fb99","Tatert0t & rope shared alt","63875de4e55ec4234b26d1fb","6ac8fdfb816a515650e7348a","2026-10-09 10:52"
"limpertsberg  portofino","5c54618d3d925bc4fcca2825","cope & rope shared alt#mrwn4wc","653165df4c78aa15e2a057c6","6ac8fee2816a515650e73856","2026-10-09 10:52"
"Cyru","6291bd1fea1e49d6cb20aaa4","cocomelon123","5ffc1edc415d4d00016642d7","6ac8fd53d779150cd8ee5e6d","2026-10-09 10:53"
"17","6028ad57f227ff0001b8b01e","Jayden (Mobile)","61f149e3c24ced00015b4777","6ac8fe5f1f213b04c2027faa","2026-10-09 10:53"
"Ruben","5e1334ba1b34a033c801a9e8","Figsy_Games","5e91c2303d4b6a251c171a3b","6ac8fe8b1f213b04c202806a","2026-10-09 10:53"
"Zezeshaka","60a4bf78880a050001dcaa70","twitch.tv/danq_s ☠️","639c2a925d4cc27b2f7a898b","6ac8ff45d779150cd8ee67af","2026-10-09 10:53"
"kfl","5d6269cee9473f623039ce66","Geooo","5ffb5e4975d2770001545cf5","6ac8fd547c0d7c57ca2ef17e","2026-10-09 10:54"
"plotter","674c4756fb60b9f111e6e0b4","joniber","60cf2c9800ea7b00015231a2","6ac8fdb81f213b04c2027c14","2026-10-09 10:54"
"petar","69fd3dc20731483be6bd7038","Causey","661a69c5073f663c21b4bc35","6ac8ff947c0d7c57ca2efb53","2026-10-09 10:54"
"Figsy_Games","5e91c2303d4b6a251c171a3b","67","6874e2f8ef3960e599abae7c","6ac8ff207c0d7c57ca2ef8e4","2026-10-09 10:54"
"ferreiro","5f126427d6ca438f24009b8e","bezzo","5c4b0baa98004e87dc4ba512","6ac8feeed779150cd8ee6629","2026-10-09 10:54"
"duoduo","68727ef78c49b2f1bf3b4ddc","Lorenz1245","63f8f5364160446a46de27f5","6ac8fcbbd779150cd8ee5ba6","2026-10-09 10:54"
"Ruari","60258d7d36ff8a0001f5fef5","Spinner2k","6222449c68dc010001609860","6ac8fed1d779150cd8ee658d","2026-10-09 10:54"
"twitch.tv/danq_s ☠️","639c2a925d4cc27b2f7a898b","limpertsberg  portofino","5c54618d3d925bc4fcca2825","6ac8ff631f213b04c2028508","2026-10-09 10:54"
"Ole ツ","67c70b553f65f1a34a926de3","saskei","58d51db427c28b63a447940f","6ac8fdb5d779150cd8ee607a","2026-10-09 10:54"
"Topotic (YT)","567821da838cda2a54dc799b","يااخي مستواك رهييب","65fc3453702bba73b4c0a398","6ac8fef01f213b04c202825e","2026-10-09 10:55"
"Maksonic","619d09bdc4ab7000016c68d3","Jerome","62e14841f938d5507c4d31f6","6ac8ff161f213b04c2028356","2026-10-09 10:55"
"simsson","603659630b13630001de6f9c","Chris Peacock","61a919ce1763cb0001d21547","6ac8ff5f1f213b04c20284f1","2026-10-09 10:55"
"twitch.tv/danq_s ☠️","639c2a925d4cc27b2f7a898b","limpertsberg  portofino","5c54618d3d925bc4fcca2825","6ac8ff631f213b04c2028508","2026-10-09 10:55"
"Siemeon","62dc07edf32847e5836668f1","FAST66","68fe3a19704e6ee9db9c333a","6ac8ff2ad779150cd8ee673a","2026-10-09 10:56"
"petar","69fd3dc20731483be6bd7038","Avandy","60c3535133004c00010451a3","6ac8fff4816a515650e73d2f","2026-10-09 10:56"
"Maksonic","619d09bdc4ab7000016c68d3","Jerome","62e14841f938d5507c4d31f6","6ac8ff161f213b04c2028356","2026-10-09 10:56"
"Sélestat Vinted Chairman","6363f6addf4ad1bf40826a3b","Zifuko","5e85136d3d4b6a36ac752a7b","6ac8fefa1f213b04c202829c","2026-10-09 10:56"
"Pospos","5eed92409d57a84ae09c3b8d","Luxus","64d905c29860ac321bb0ddc5","6ac8fd281f213b04c20278a5","2026-10-09 10:56"
"Ruben","5e1334ba1b34a033c801a9e8","twitch.tv/danq_s ☠️","639c2a925d4cc27b2f7a898b","6ac8ffff1f213b04c202892e","2026-10-09 10:56"
"Jerzy Kirkowski","5ecbdec18d6ade72cc832c5a","RJay223","68a7393aba3755f87bd88212","6ac8ff571f213b04c20284ac","2026-10-09 10:56"
"Zezeshaka","60a4bf78880a050001dcaa70","twitch.tv/danq_s ☠️","639c2a925d4cc27b2f7a898b","6ac900127c0d7c57ca2efded","2026-10-09 10:56"
"Causey","661a69c5073f663c21b4bc35","Nxo","638b91b6d950b1f0ac0b4647","6ac8fff57c0d7c57ca2efd1a","2026-10-09 10:57"
"Prelude","6a99a767180aae2d3341d15f","Zeedos","67696f3fc90f037ddbc37127","6ac8ff7cd779150cd8ee68ee","2026-10-09 10:57"
"yakubeq","6a89abdbc44b9b2bfa836c26","Jackkincaid","5d698d4ab4ec17864c52c785","6ac8fdbc816a515650e73362","2026-10-09 10:57"
"PopularPeninsula783","6794f91a4613843d08b344b1","SigmaLigma","641e0c54c1155de1803057b1","6ac8feb3b055b03e72870818","2026-10-09 10:57"
"AVGVSTVS","64f106e1bc61ebf9b6156353","Van","687aeaddef25d21e16f95266","6ac8ff227c0d7c57ca2ef8fb","2026-10-09 10:57"
"kfl","5d6269cee9473f623039ce66","Geooo","5ffb5e4975d2770001545cf5","6ac8ffdd816a515650e73ce6","2026-10-09 10:58"
"kober","67ad18a09e150413a5e6fa66","kalesalad","60c9cf146dac910001261659","6ac8ff93d779150cd8ee697e","2026-10-09 10:58"
"Causey","661a69c5073f663c21b4bc35","Zeedos","67696f3fc90f037ddbc37127","6ac900a81f213b04c2028d2e","2026-10-09 10:58"
"simsson","603659630b13630001de6f9c","Luxus","64d905c29860ac321bb0ddc5","6ac900951f213b04c2028cab","2026-10-09 10:58"
"17","6028ad57f227ff0001b8b01e","cocomelon123","5ffc1edc415d4d00016642d7","6ac8ffc67c0d7c57ca2efc2b","2026-10-09 10:58"
"kober","67ad18a09e150413a5e6fa66","kalesalad","60c9cf146dac910001261659","6ac8ff93d779150cd8ee697e","2026-10-09 10:59"
"Yanek","5e625daa90d6cfa438a867a6","👁️AAAAAAAAAAAAA👁️","69751c89c3036f77b93fb696","6ac8fefe0042b6fc259ec63b","2026-10-09 10:59"
"Cyru","6291bd1fea1e49d6cb20aaa4","Tatert0t & rope shared alt","63875de4e55ec4234b26d1fb","6ac8ffb51f213b04c2028737","2026-10-09 10:59"
"67","6874e2f8ef3960e599abae7c","twitch.tv/danq_s ☠️","639c2a925d4cc27b2f7a898b","6ac900331f213b04c2028a5e","2026-10-09 10:59"
"Jerzy Kirkowski","5ecbdec18d6ade72cc832c5a","Ringo","6046c8a097019400018ea4cf","6ac900721f213b04c2028be6","2026-10-09 10:59"
"petar","69fd3dc20731483be6bd7038","Jerome","62e14841f938d5507c4d31f6","6ac900b17c0d7c57ca2f0126","2026-10-09 11:00"
"barle","6398628520609ac8c10cab13","Lemon","603bb687f532bb0001c6f2f6","6ac8fe3c1f213b04c2027efd","2026-10-09 11:00"
"Jonas","661ad4c4073f663c21b57fe6","Sélestat Vinted Chairman","6363f6addf4ad1bf40826a3b","6ac900b31f213b04c2028d7a","2026-10-09 11:00"
"Zifuko","5e85136d3d4b6a36ac752a7b","Jerome","62e14841f938d5507c4d31f6","6ac900617c0d7c57ca2effaa","2026-10-09 11:00"
"Prelude","6a99a767180aae2d3341d15f","sp4ghet","5ec26de5a789c45a9c13cf3c","6ac900c31f213b04c2028de6","2026-10-09 11:00"
"twitch.tv/danq_s ☠️","639c2a925d4cc27b2f7a898b","Ruben","5e1334ba1b34a033c801a9e8","6ac90090816a515650e74047","2026-10-09 11:00"
"Siemeon","62dc07edf32847e5836668f1","FAST66","68fe3a19704e6ee9db9c333a","6ac9004e1f213b04c2028b1d","2026-10-09 11:01"
"Zezeshaka","60a4bf78880a050001dcaa70","67","6874e2f8ef3960e599abae7c","6ac900957c0d7c57ca2f00ab","2026-10-09 11:01"
"يااخي مستواك رهييب","65fc3453702bba73b4c0a398","kfl","5d6269cee9473f623039ce66","6ac900f5a756b30e85c6354b","2026-10-09 11:02"
"petar","69fd3dc20731483be6bd7038","[TNT] Myron","62d32ffc3377959be9ae670b","6ac9014a1f213b04c20290b0","2026-10-09 11:02"
"kalesalad","60c9cf146dac910001261659","kober","67ad18a09e150413a5e6fa66","6ac900cb1f213b04c2028e07","2026-10-09 11:02"
"Chris Peacock","61a919ce1763cb0001d21547","Lágrima","5f32d46aca94e000015886be","6ac90047d779150cd8ee6d22","2026-10-09 11:02"
"Zeedos","67696f3fc90f037ddbc37127","Causey","661a69c5073f663c21b4bc35","6ac900e71f213b04c2028ed6","2026-10-09 11:02"
"yakubeq","6a89abdbc44b9b2bfa836c26","WestCoastD'Armor","677699b98d7eb43c5800f187","6ac901380042b6fc259ecf4c","2026-10-09 11:02"
"twitch.tv/danq_s ☠️","639c2a925d4cc27b2f7a898b","limpertsberg  portofino","5c54618d3d925bc4fcca2825","6ac900bed779150cd8ee6f48","2026-10-09 11:02"
"Jerome","62e14841f938d5507c4d31f6","Maksonic","619d09bdc4ab7000016c68d3","6ac9016c1f213b04c2029166","2026-10-09 11:03"
"Zifuko","5e85136d3d4b6a36ac752a7b","Avandy","60c3535133004c00010451a3","6ac901541f213b04c20290e6","2026-10-09 11:03"
"Cyru","6291bd1fea1e49d6cb20aaa4","simsson","603659630b13630001de6f9c","6ac9010bd779150cd8ee7099","2026-10-09 11:03"
"tozangezan","5a33d4491cbd1560d0eaed6b","irrational","65ba97ce8b2ba0c747ffa3b7","6ac8fd701f213b04c2027a65","2026-10-09 11:03"
"67","6874e2f8ef3960e599abae7c","Ringo","6046c8a097019400018ea4cf","6ac90153816a515650e74399","2026-10-09 11:03"
"Geooo","5ffb5e4975d2770001545cf5","Siemeon","62dc07edf32847e5836668f1","6ac90189d779150cd8ee72b3","2026-10-09 11:04"
"Jerome","62e14841f938d5507c4d31f6","Ringo","6046c8a097019400018ea4cf","6ac90190d779150cd8ee72cd","2026-10-09 11:04"
"Tatert0t & rope shared alt","63875de4e55ec4234b26d1fb","Nxo","638b91b6d950b1f0ac0b4647","6ac9010b1f213b04c2028f65","2026-10-09 11:04"
"Ruben","5e1334ba1b34a033c801a9e8","twitch.tv/danq_s ☠️","639c2a925d4cc27b2f7a898b","6ac901420042b6fc259ecf68","2026-10-09 11:04"
"Erik.DL","64caea899c1426306f701b23","Zezeshaka","60a4bf78880a050001dcaa70","6ac901a11f213b04c202925b","2026-10-09 11:04"
"📺 TTV: TaterN0t","6a60cb66561c205d0831e2ad","yakubeq","6a89abdbc44b9b2bfa836c26","6ac901ee1f213b04c202942e","2026-10-09 11:05"
"Cyru","6291bd1fea1e49d6cb20aaa4","67","6874e2f8ef3960e599abae7c","6ac90218d779150cd8ee7563","2026-10-09 11:05"
"kober","67ad18a09e150413a5e6fa66","kalesalad","60c9cf146dac910001261659","6ac901e2d779150cd8ee7438","2026-10-09 11:06"
"Zeedos","67696f3fc90f037ddbc37127","67","6874e2f8ef3960e599abae7c","6ac901c7cd7220c0526ff092","2026-10-09 11:06"
"Jerome","62e14841f938d5507c4d31f6","Ringo","6046c8a097019400018ea4cf","6ac90190d779150cd8ee72cd","2026-10-09 11:06"
"duoduo","68727ef78c49b2f1bf3b4ddc","Ole ツ","67c70b553f65f1a34a926de3","6ac90032d779150cd8ee6c75","2026-10-09 11:06"
"Ruari","60258d7d36ff8a0001f5fef5","Lorenz1245","63f8f5364160446a46de27f5","6ac8fff10042b6fc259eca13","2026-10-09 11:06"
"twitch.tv/danq_s ☠️","639c2a925d4cc27b2f7a898b","limpertsberg  portofino","5c54618d3d925bc4fcca2825","6ac9023d2a4868a4a959ccb5","2026-10-09 11:06"
"Pandazan","632e19f3f0149e276027d38e","Veet","61f24e39e6b49c0001e98918","6ac90108d779150cd8ee7089","2026-10-09 11:06"
"plotter","674c4756fb60b9f111e6e0b4","joniber","60cf2c9800ea7b00015231a2","6ac9000dd779150cd8ee6bd0","2026-10-09 11:07"
"kober","67ad18a09e150413a5e6fa66","kalesalad","60c9cf146dac910001261659","6ac901e2d779150cd8ee7438","2026-10-09 11:07"
"Zezeshaka","60a4bf78880a050001dcaa70","Ringo","6046c8a097019400018ea4cf","6ac9024b1f213b04c2029670","2026-10-09 11:07"
"Jerome","62e14841f938d5507c4d31f6","LetsCrime (chatbanned)","67a80cc003077ed0dfc834ab","6ac902b2290b17532fc7deb2","2026-10-09 11:08"
"Sadziu","5c61c05b3d925ba81408c135","joniber","60cf2c9800ea7b00015231a2","6ac9031c1f213b04c2029b56","2026-10-09 11:09"
"petar","69fd3dc20731483be6bd7038","[TNT] Myron","62d32ffc3377959be9ae670b","6ac901ccd779150cd8ee73c6","2026-10-09 11:09"
"ra1n ⛆","6040b767a822080001418691","Zezeshaka","60a4bf78880a050001dcaa70","6ac90302816a515650e74b9a","2026-10-09 11:09"
"Zezeshaka","60a4bf78880a050001dcaa70","Ringo","6046c8a097019400018ea4cf","6ac9024b1f213b04c2029670","2026-10-09 11:09"
"Ruben","5e1334ba1b34a033c801a9e8","Nxo","638b91b6d950b1f0ac0b4647","6ac902601f213b04c20296fb","2026-10-09 11:09"
"يااخي مستواك رهييب","65fc3453702bba73b4c0a398","kfl","5d6269cee9473f623039ce66","6ac902261f213b04c202957c","2026-10-09 11:10"
"SigmaLigma","641e0c54c1155de1803057b1","👁️AAAAAAAAAAAAA👁️","69751c89c3036f77b93fb696","6ac90129cd7220c0526fefe6","2026-10-09 11:10"
"Tatert0t & rope shared alt","63875de4e55ec4234b26d1fb","67","6874e2f8ef3960e599abae7c","6ac9029f7c0d7c57ca2f09a6","2026-10-09 11:10"
"AVGVSTVS","64f106e1bc61ebf9b6156353","Luxus","64d905c29860ac321bb0ddc5","6ac901027c0d7c57ca2f024d","2026-10-09 11:10"
"Siemeon","62dc07edf32847e5836668f1","Geooo","5ffb5e4975d2770001545cf5","6ac9025e1f213b04c20296ea","2026-10-09 11:11"
"kcd","5aef47d3b18d0894c4ffe297","kober","67ad18a09e150413a5e6fa66","6ac90350d779150cd8ee7b64","2026-10-09 11:11"
"Zeedos","67696f3fc90f037ddbc37127","Ringo","6046c8a097019400018ea4cf","6ac903011f213b04c2029ab3","2026-10-09 11:11"
"WestCoastD'Armor","677699b98d7eb43c5800f187","Mecenas Jefferson","56ab9660aeb0f587e8d0190a","6ac902421f213b04c2029632","2026-10-09 11:11"
"VinhX","6a9e30139a5ebf32bef24f6c","WildGuess","69f48b6ba36a3ab8504fd455","6ac9039f7c0d7c57ca2f0d94","2026-10-09 11:11"
"Jerome","62e14841f938d5507c4d31f6","LetsCrime (chatbanned)","67a80cc003077ed0dfc834ab","6ac902b2290b17532fc7deb2","2026-10-09 11:12"
"Lemon","603bb687f532bb0001c6f2f6","Yanek","5e625daa90d6cfa438a867a6","6ac901671f213b04c202914e","2026-10-09 11:12"
"Zifuko","5e85136d3d4b6a36ac752a7b","Avandy","60c3535133004c00010451a3","6ac90204d779150cd8ee74cf","2026-10-09 11:12"
"Zezeshaka","60a4bf78880a050001dcaa70","Ringo","6046c8a097019400018ea4cf","6ac9037f816a515650e74d9a","2026-10-09 11:13"
"Erik.DL","64caea899c1426306f701b23","Luxus","64d905c29860ac321bb0ddc5","6ac903bb1f213b04c2029f9b","2026-10-09 11:13"
"kober","67ad18a09e150413a5e6fa66","kcd","5aef47d3b18d0894c4ffe297","6ac903e51f213b04c202a07c","2026-10-09 11:14"
"petar","69fd3dc20731483be6bd7038","[TNT] Myron","62d32ffc3377959be9ae670b","6ac903931f213b04c2029e64","2026-10-09 11:14"
"Cyru","6291bd1fea1e49d6cb20aaa4","Chris Peacock","61a919ce1763cb0001d21547","6ac902991f213b04c202986a","2026-10-09 11:14"
"twitch.tv/danq_s ☠️","639c2a925d4cc27b2f7a898b","Velocitxy","623f029e19776cbc2a8235ab","6ac90379816a515650e74d75","2026-10-09 11:14"
"يااخي مستواك رهييب","65fc3453702bba73b4c0a398","joniber","60cf2c9800ea7b00015231a2","6ac90402816a515650e74fee","2026-10-09 11:15"
"📺 TTV: TaterN0t","6a60cb66561c205d0831e2ad","yakubeq","6a89abdbc44b9b2bfa836c26","6ac9029a1f213b04c2029871","2026-10-09 11:15"
"simsson","603659630b13630001de6f9c","Lágrima","5f32d46aca94e000015886be","6ac902181f213b04c2029525","2026-10-09 11:15"
"Figsy_Games","5e91c2303d4b6a251c171a3b","Ringo","6046c8a097019400018ea4cf","6ac9048b816a515650e75237","2026-10-09 11:15"
"Tatert0t & rope shared alt","63875de4e55ec4234b26d1fb","Ringo","6046c8a097019400018ea4cf","6ac9041c1f213b04c202a1c3","2026-10-09 11:15"
"Ruben","5e1334ba1b34a033c801a9e8","Ringo","6046c8a097019400018ea4cf","6ac904a61f213b04c202a418","2026-10-09 11:15"
"Frouser","676f1d87e37422d9da127424","kober","67ad18a09e150413a5e6fa66","6ac9041a1f213b04c202a1b7","2026-10-09 11:16"
"17","6028ad57f227ff0001b8b01e","Preussen","64da4d57e44ffbb819d935b1","6ac901dad779150cd8ee741a","2026-10-09 11:16"
"twitch.tv/danq_s ☠️","639c2a925d4cc27b2f7a898b","limpertsberg  portofino","5c54618d3d925bc4fcca2825","6ac9043ed779150cd8ee7fbf","2026-10-09 11:16"
"mariels","646dd213a2197f0d437a6ab0","SignpostSlayer","5cd1da5575345f65c86dea02","6ac9045e0042b6fc259edb7d","2026-10-09 11:16"
"Lemon","603bb687f532bb0001c6f2f6","Avandy","60c3535133004c00010451a3","6ac9045ed779150cd8ee804d","2026-10-09 11:17"
"Zezeshaka","60a4bf78880a050001dcaa70","Erik.DL","64caea899c1426306f701b23","6ac904aacd7220c0526ff415","2026-10-09 11:17"
"Ruben","5e1334ba1b34a033c801a9e8","twitch.tv/danq_s ☠️","639c2a925d4cc27b2f7a898b","6ac904e8b055b03e72871ed5","2026-10-09 11:18"
"petar","69fd3dc20731483be6bd7038","kcd","5aef47d3b18d0894c4ffe297","6ac904ba1f213b04c202a45f","2026-10-09 11:19"
"Zifuko","5e85136d3d4b6a36ac752a7b","Maksonic","619d09bdc4ab7000016c68d3","6ac90446816a515650e750ed","2026-10-09 11:19"
"Zeedos","67696f3fc90f037ddbc37127","Nxo","638b91b6d950b1f0ac0b4647","6ac904071f213b04c202a134","2026-10-09 11:19"
"duoduo","68727ef78c49b2f1bf3b4ddc","Ole ツ","67c70b553f65f1a34a926de3","6ac902c57c0d7c57ca2f0a4f","2026-10-09 11:19"
"rileyrhino","641248c0330b8c5355f5a56f","kober","67ad18a09e150413a5e6fa66","6ac905491f213b04c202a7b5","2026-10-09 11:20"
"SigmaLigma","641e0c54c1155de1803057b1","mzk","5f3fde73116e5c0001ef74a5","6ac903e6816a515650e74f80","2026-10-09 11:20"
"petar","69fd3dc20731483be6bd7038","o diabo","6165b05d1a1017000125798b","6ac905d31f213b04c202ab0c","2026-10-09 11:21"
"Chris Peacock","61a919ce1763cb0001d21547","Cyru","6291bd1fea1e49d6cb20aaa4","6ac904eb1f213b04c202a556","2026-10-09 11:21"
"Tatert0t & rope shared alt","63875de4e55ec4234b26d1fb","twitch.tv/danq_s ☠️","639c2a925d4cc27b2f7a898b","6ac90521d779150cd8ee8381","2026-10-09 11:21"
"Fructidor","5e3712631e34a03504349945","Ruari","60258d7d36ff8a0001f5fef5","6ac902b51f213b04c202991a","2026-10-09 11:21"
"Zezeshaka","60a4bf78880a050001dcaa70","Erik.DL","64caea899c1426306f701b23","6ac905827c0d7c57ca2f158d","2026-10-09 11:21"
"Slam4","60927f97129054000189c279","limpertsberg  portofino","5c54618d3d925bc4fcca2825","6ac905241f213b04c202a68b","2026-10-09 11:21"
"twitch.tv/danq_s ☠️","639c2a925d4cc27b2f7a898b","Ruben","5e1334ba1b34a033c801a9e8","6ac905a51f213b04c202a9ae","2026-10-09 11:21"
"joniber","60cf2c9800ea7b00015231a2","plotter","674c4756fb60b9f111e6e0b4","6ac904cf7c0d7c57ca2f129b","2026-10-09 11:22"
"Frouser","676f1d87e37422d9da127424","kober","67ad18a09e150413a5e6fa66","6ac90538816a515650e755a2","2026-10-09 11:22"
"Ernest","678c19cb4f6a1c57c051dc0d","yakubeq","6a89abdbc44b9b2bfa836c26","6ac90524d779150cd8ee838f","2026-10-09 11:22"
"Ringo","6046c8a097019400018ea4cf","patrickk.","69cbd6f7c27ed58d53a75908","6ac90589816a515650e75721","2026-10-09 11:22"
"twitch.tv/danq_s ☠️","639c2a925d4cc27b2f7a898b","Ruben","5e1334ba1b34a033c801a9e8","6ac905a51f213b04c202a9ae","2026-10-09 11:22"
"mariels","646dd213a2197f0d437a6ab0","AdamGHG","675079edb8068755832a2a90","6ac905c31f213b04c202aa7d","2026-10-09 11:22"
"petar","69fd3dc20731483be6bd7038","Jerome","62e14841f938d5507c4d31f6","6ac9063b1f213b04c202adda","2026-10-09 11:23"
"Maksonic","619d09bdc4ab7000016c68d3","Figsy_Games","5e91c2303d4b6a251c171a3b","6ac90600d779150cd8ee87b2","2026-10-09 11:23"
"Tomek5_5","606e09423667bc0001ad663d","SigmaLigma","641e0c54c1155de1803057b1","6ac905f87c0d7c57ca2f1821","2026-10-09 11:23"
"Zezeshaka","60a4bf78880a050001dcaa70","Erik.DL","64caea899c1426306f701b23","6ac906381f213b04c202adbd","2026-10-09 11:23"
"67","6874e2f8ef3960e599abae7c","zeroforce","65327e6ff56aaa58bd5f5bb4","6ac9065b1f213b04c202ae9d","2026-10-09 11:23"
"mzk","5f3fde73116e5c0001ef74a5","Bad for 5K","6977deb37152525cbd406635","6ac905f1816a515650e75958","2026-10-09 11:23"
"Joshkabloomy","604c5a52e142340001a0a666","esther","5ec5509af849319644f425b8","6ac9061d816a515650e75a25","2026-10-09 11:23"
"o diabo","6165b05d1a1017000125798b","Jerome","62e14841f938d5507c4d31f6","6ac90643816a515650e75aff","2026-10-09 11:24"
"Tatert0t & rope shared alt","63875de4e55ec4234b26d1fb","Ringo","6046c8a097019400018ea4cf","6ac9069d1f213b04c202b036","2026-10-09 11:24"
"Nxo","638b91b6d950b1f0ac0b4647","Figsy_Games","5e91c2303d4b6a251c171a3b","6ac906061f213b04c202ac83","2026-10-09 11:24"
"kabrioletlux","60b9f1cafd3caa00014a461e","Figsy_Games","5e91c2303d4b6a251c171a3b","6ac905c91f213b04c202aac5","2026-10-09 11:24"
"twitch.tv/danq_s ☠️","639c2a925d4cc27b2f7a898b","Ruben","5e1334ba1b34a033c801a9e8","6ac90678b055b03e72872574","2026-10-09 11:24"
"RJay223","68a7393aba3755f87bd88212","Finn Fly","5f5bf60822321e000163a465","6ac9062e1f213b04c202ad85","2026-10-09 11:24"
"kober","67ad18a09e150413a5e6fa66","Jerome","62e14841f938d5507c4d31f6","6ac9069a7c0d7c57ca2f1bce","2026-10-09 11:25"
"gg80","63094e1796056024727fc5d5","Zifuko","5e85136d3d4b6a36ac752a7b","6ac906017c0d7c57ca2f1846","2026-10-09 11:25"
"rileyrhino","641248c0330b8c5355f5a56f","kober","67ad18a09e150413a5e6fa66","6ac90616816a515650e759fc","2026-10-09 11:26"
"Figsy_Games","5e91c2303d4b6a251c171a3b","Ruben","5e1334ba1b34a033c801a9e8","6ac9071ccd7220c0526ff75f","2026-10-09 11:26"
"petar","69fd3dc20731483be6bd7038","Jerome","62e14841f938d5507c4d31f6","6ac906b01f213b04c202b096","2026-10-09 11:27"
"kcd","5aef47d3b18d0894c4ffe297","Lemon","603bb687f532bb0001c6f2f6","6ac905b57c0d7c57ca2f165b","2026-10-09 11:27"
"o diabo","6165b05d1a1017000125798b","Maksonic","619d09bdc4ab7000016c68d3","6ac906f61f213b04c202b23e","2026-10-09 11:27"
"Tatert0t & rope shared alt","63875de4e55ec4234b26d1fb","Ringo","6046c8a097019400018ea4cf","6ac907191f213b04c202b320","2026-10-09 11:27"
"Nxo","638b91b6d950b1f0ac0b4647","twitch.tv/danq_s ☠️","639c2a925d4cc27b2f7a898b","6ac9072c1f213b04c202b3a1","2026-10-09 11:27"
"Figsy_Games","5e91c2303d4b6a251c171a3b","Ruben","5e1334ba1b34a033c801a9e8","6ac9071ccd7220c0526ff75f","2026-10-09 11:27"
"Zezeshaka","60a4bf78880a050001dcaa70","Erik.DL","64caea899c1426306f701b23","6ac906b8816a515650e75d8a","2026-10-09 11:27"
"RJay223","68a7393aba3755f87bd88212","zeroforce","65327e6ff56aaa58bd5f5bb4","6ac906e41f213b04c202b1e6","2026-10-09 11:27"
"Frouser","676f1d87e37422d9da127424","Jonas","661ad4c4073f663c21b57fe6","6ac906cd1f213b04c202b13d","2026-10-09 11:28"
"yakubeq","6a89abdbc44b9b2bfa836c26","Kaspervde","5d68c6ace9473f7c4058e087","6ac906a00042b6fc259ee487","2026-10-09 11:28"
"mariels","646dd213a2197f0d437a6ab0","Spinner2k","6222449c68dc010001609860","6ac9067a816a515650e75c46","2026-10-09 11:28"
"Nxo","638b91b6d950b1f0ac0b4647","twitch.tv/danq_s ☠️","639c2a925d4cc27b2f7a898b","6ac9072c1f213b04c202b3a1","2026-10-09 11:28"
"Zifuko","5e85136d3d4b6a36ac752a7b","Jerome","62e14841f938d5507c4d31f6","6ac907311f213b04c202b3ba","2026-10-09 11:29"
"Tomek5_5","606e09423667bc0001ad663d","kabrioletlux","60b9f1cafd3caa00014a461e","6ac906eed779150cd8ee8c52","2026-10-09 11:29"
"Figsy_Games","5e91c2303d4b6a251c171a3b","Ruben","5e1334ba1b34a033c801a9e8","6ac9071ccd7220c0526ff75f","2026-10-09 11:29"
"I Am Adam","61c4c33c96f28e000171006f","Van","687aeaddef25d21e16f95266","6ac902491f213b04c2029664","2026-10-09 11:29"
"petar","69fd3dc20731483be6bd7038","kcd","5aef47d3b18d0894c4ffe297","6ac907be0042b6fc259ee903","2026-10-09 11:30"
"Jerzy Kirkowski","5ecbdec18d6ade72cc832c5a","limpertsberg  portofino","5c54618d3d925bc4fcca2825","6ac907da1f213b04c202b865","2026-10-09 11:30"
"Joshkabloomy","604c5a52e142340001a0a666","Ernest","678c19cb4f6a1c57c051dc0d","6ac906cd1f213b04c202b141","2026-10-09 11:30"
"يااخي مستواك رهييب","65fc3453702bba73b4c0a398","joniber","60cf2c9800ea7b00015231a2","6ac907527c0d7c57ca2f1f0f","2026-10-09 11:31"
"Jerome","62e14841f938d5507c4d31f6","gg80","63094e1796056024727fc5d5","6ac907481f213b04c202b466","2026-10-09 11:31"
"Nxo","638b91b6d950b1f0ac0b4647","67","6874e2f8ef3960e599abae7c","6ac907a6697381fd378648fa","2026-10-09 11:31"
"bezzo","5c4b0baa98004e87dc4ba512","Figsy_Games","5e91c2303d4b6a251c171a3b","6ac907921f213b04c202b66b","2026-10-09 11:31"
"mzk","5f3fde73116e5c0001ef74a5","Ringo","6046c8a097019400018ea4cf","6ac908481f213b04c202bac9","2026-10-09 11:31"
"twitch.tv/danq_s ☠️","639c2a925d4cc27b2f7a898b","Ringo","6046c8a097019400018ea4cf","6ac90838cd7220c0526ff91f","2026-10-09 11:31"
"Lemon","603bb687f532bb0001c6f2f6","Jonas","661ad4c4073f663c21b57fe6","6ac907e21f213b04c202b889","2026-10-09 11:32"
"Kaspervde","5d68c6ace9473f7c4058e087","yakubeq","6a89abdbc44b9b2bfa836c26","6ac907e5cd7220c0526ff8b8","2026-10-09 11:32"
"67","6874e2f8ef3960e599abae7c","Ringo","6046c8a097019400018ea4cf","6ac908a4d779150cd8ee9579","2026-10-09 11:32"
"RJay223","68a7393aba3755f87bd88212","kabrioletlux","60b9f1cafd3caa00014a461e","6ac90827d779150cd8ee92c3","2026-10-09 11:32"
"Arvanna","66a545e50035c093bfe072bd","Cuddly Cutiepie","6a4f8afe312818a4781ffecf","6ac90606816a515650e759b1","2026-10-09 11:32"
"Cyru","6291bd1fea1e49d6cb20aaa4","Chris Peacock","61a919ce1763cb0001d21547","6ac906881f213b04c202afad","2026-10-09 11:33"
"Figsy_Games","5e91c2303d4b6a251c171a3b","twitch.tv/danq_s ☠️","639c2a925d4cc27b2f7a898b","6ac9089fd779150cd8ee956f","2026-10-09 11:33"
"Zezeshaka","60a4bf78880a050001dcaa70","SigmaLigma","641e0c54c1155de1803057b1","6ac907b0d779150cd8ee903c","2026-10-09 11:33"
"Pandazan","632e19f3f0149e276027d38e","Ringo","6046c8a097019400018ea4cf","6ac908b87c0d7c57ca2f2558","2026-10-09 11:33"
"SignpostSlayer","5cd1da5575345f65c86dea02","Jannik","6a0c58030808c41cb15866fe","6ac9079c1f213b04c202b6ac","2026-10-09 11:33"
"Siemeon","62dc07edf32847e5836668f1","rileyrhino","641248c0330b8c5355f5a56f","6ac9081c0042b6fc259eea8b","2026-10-09 11:34"
"kober","67ad18a09e150413a5e6fa66","o diabo","6165b05d1a1017000125798b","6ac9089d1f213b04c202bccf","2026-10-09 11:34"
"kcd","5aef47d3b18d0894c4ffe297","Daiiono","5fe17b0ef3881a000180878c","6ac9087d1f213b04c202bc2a","2026-10-09 11:34"
"mzk","5f3fde73116e5c0001ef74a5","Ringo","6046c8a097019400018ea4cf","6ac908481f213b04c202bac9","2026-10-09 11:34"
"Jerzy Kirkowski","5ecbdec18d6ade72cc832c5a","Tomek5_5","606e09423667bc0001ad663d","6ac908581f213b04c202bb43","2026-10-09 11:34"
"RJay223","68a7393aba3755f87bd88212","limpertsberg  portofino","5c54618d3d925bc4fcca2825","6ac908d07c0d7c57ca2f2612","2026-10-09 11:34"
"Ernest","678c19cb4f6a1c57c051dc0d","njro_4663","6304aae5471ee13ea71de2de","6ac90866816a515650e76610","2026-10-09 11:34"
"Maksonic","619d09bdc4ab7000016c68d3","Figsy_Games","5e91c2303d4b6a251c171a3b","6ac9093b1f213b04c202c0c8","2026-10-09 11:35"
"kstyko","5ead136297d6cf24a42b1ef4","Figsy_Games","5e91c2303d4b6a251c171a3b","6ac908530042b6fc259eebe1","2026-10-09 11:35"
"Nxo","638b91b6d950b1f0ac0b4647","kabrioletlux","60b9f1cafd3caa00014a461e","6ac908c9816a515650e767bb","2026-10-09 11:35"
"Ruari","60258d7d36ff8a0001f5fef5","Fructidor","5e3712631e34a03504349945","6ac906b81f213b04c202b0c0","2026-10-09 11:35"
"mariels","646dd213a2197f0d437a6ab0","Van","687aeaddef25d21e16f95266","6ac908367c0d7c57ca2f2356","2026-10-09 11:35"
"esther","5ec5509af849319644f425b8","Timon","6871007e91065c0938299b60","6ac907450042b6fc259ee6e3","2026-10-09 11:35"
"gg80","63094e1796056024727fc5d5","G40","659bc5cd8377051a6322e041","6ac908ce7c0d7c57ca2f260c","2026-10-09 11:36"
"Jonas","661ad4c4073f663c21b57fe6","Zifuko","5e85136d3d4b6a36ac752a7b","6ac9081ecd7220c0526ff8fd","2026-10-09 11:36"
"SigmaLigma","641e0c54c1155de1803057b1","Zezeshaka","60a4bf78880a050001dcaa70","6ac9090b816a515650e768c6","2026-10-09 11:36"
"Joshkabloomy","604c5a52e142340001a0a666","Erik.DL","64caea899c1426306f701b23","6ac908c01f213b04c202bdb8","2026-10-09 11:36"
"petar","69fd3dc20731483be6bd7038","kober","67ad18a09e150413a5e6fa66","6ac908810042b6fc259eecb8","2026-10-09 11:37"
"Lemon","603bb687f532bb0001c6f2f6","Gabsol","5d658aaeb4ec17864c5272e2","6ac9091ccc1b2e24137db25a","2026-10-09 11:37"
"bezzo","5c4b0baa98004e87dc4ba512","mzk","5f3fde73116e5c0001ef74a5","6ac909501f213b04c202c13d","2026-10-09 11:37"
"RJay223","68a7393aba3755f87bd88212","limpertsberg  portofino","5c54618d3d925bc4fcca2825","6ac90960d779150cd8ee9986","2026-10-09 11:37"
"Pandazan","632e19f3f0149e276027d38e","Ringo","6046c8a097019400018ea4cf","6ac909ac1f213b04c202c34f","2026-10-09 11:37"
"Figsy_Games","5e91c2303d4b6a251c171a3b","Zezeshaka","60a4bf78880a050001dcaa70","6ac909be1f213b04c202c3bf","2026-10-09 11:38"
"Jerzy Kirkowski","5ecbdec18d6ade72cc832c5a","Figsy_Games","5e91c2303d4b6a251c171a3b","6ac9094c816a515650e76a3a","2026-10-09 11:38"
"Ernest","678c19cb4f6a1c57c051dc0d","curiosity","5bc76c7dfdd59823e4fb3ff5","6ac909511f213b04c202c14f","2026-10-09 11:38"
"Pandazan","632e19f3f0149e276027d38e","Ringo","6046c8a097019400018ea4cf","6ac909f6d779150cd8ee9c43","2026-10-09 11:38"
"joniber","60cf2c9800ea7b00015231a2","Ant3k","61a0aa0b508e25000188294f","6ac908a2816a515650e76710","2026-10-09 11:39"
"o diabo","6165b05d1a1017000125798b","kcd","5aef47d3b18d0894c4ffe297","6ac909697c0d7c57ca2f28be","2026-10-09 11:39"
"Nxo","638b91b6d950b1f0ac0b4647","kabrioletlux","60b9f1cafd3caa00014a461e","6ac9098a816a515650e76bd4","2026-10-09 11:39"
"Joshkabloomy","604c5a52e142340001a0a666","Erik.DL","64caea899c1426306f701b23","6ac909c11f213b04c202c3d8","2026-10-09 11:39"
"Jerzy Kirkowski","5ecbdec18d6ade72cc832c5a","Figsy_Games","5e91c2303d4b6a251c171a3b","6ac90a2bd779150cd8ee9d47","2026-10-09 11:40"
"Kaspervde","5d68c6ace9473f7c4058e087","Arvanna","66a545e50035c093bfe072bd","6ac90934b055b03e72872ff3","2026-10-09 11:40"
"Chris Peacock","61a919ce1763cb0001d21547","Tomek5_5","606e09423667bc0001ad663d","6ac909581f213b04c202c180","2026-10-09 11:41"
"Maksonic","619d09bdc4ab7000016c68d3","Preussen","64da4d57e44ffbb819d935b1","6ac909aa1f213b04c202c345","2026-10-09 11:41"
"67","6874e2f8ef3960e599abae7c","Tatert0t & rope shared alt","63875de4e55ec4234b26d1fb","6ac90a41d779150cd8ee9dad","2026-10-09 11:41"
"RJay223","68a7393aba3755f87bd88212","mzk","5f3fde73116e5c0001ef74a5","6ac90a247c0d7c57ca2f2c11","2026-10-09 11:41"
"esther","5ec5509af849319644f425b8","Random Rabbit","678c60c24047c93e5860e1e7","6ac90a41d779150cd8ee9db2","2026-10-09 11:41"
"rileyrhino","641248c0330b8c5355f5a56f","Siemeon","62dc07edf32847e5836668f1","6ac9096bd779150cd8ee99bf","2026-10-09 11:42"
"kstyko","5ead136297d6cf24a42b1ef4","Jonas","661ad4c4073f663c21b57fe6","6ac909f21f213b04c202c503","2026-10-09 11:42"
"G40","659bc5cd8377051a6322e041","SigmaLigma","641e0c54c1155de1803057b1","6ac909f4d779150cd8ee9c3c","2026-10-09 11:42"
"Jerzy Kirkowski","5ecbdec18d6ade72cc832c5a","Figsy_Games","5e91c2303d4b6a251c171a3b","6ac90abf7c0d7c57ca2f2e36","2026-10-09 11:42"
"67","6874e2f8ef3960e599abae7c","Figsy_Games","5e91c2303d4b6a251c171a3b","6ac90a601f213b04c202c748","2026-10-09 11:43"
"kober","67ad18a09e150413a5e6fa66","Lemon","603bb687f532bb0001c6f2f6","6ac90a031f213b04c202c547","2026-10-09 11:44"
"Jerzy Kirkowski","5ecbdec18d6ade72cc832c5a","Figsy_Games","5e91c2303d4b6a251c171a3b","6ac90abf7c0d7c57ca2f2e36","2026-10-09 11:44"
"RJay223","68a7393aba3755f87bd88212","bezzo","5c4b0baa98004e87dc4ba512","6ac90b0cd779150cd8eea123","2026-10-09 11:44"
"wafflyss","6068a918d8694000010952a2","xZenith","6846d165a3008977fe607ade","6ac90b271f213b04c202cb67","2026-10-09 11:45"
"Zifuko","5e85136d3d4b6a36ac752a7b","gg80","63094e1796056024727fc5d5","6ac909e7d779150cd8ee9bfd","2026-10-09 11:45"
"Maksonic","619d09bdc4ab7000016c68d3","Tomek5_5","606e09423667bc0001ad663d","6ac90b481f213b04c202cc0e","2026-10-09 11:45"
"tozangezan","5a33d4491cbd1560d0eaed6b","Zezeshaka","60a4bf78880a050001dcaa70","6ac90a48d779150cd8ee9dd0","2026-10-09 11:45"
"Ernest","678c19cb4f6a1c57c051dc0d","Joshkabloomy","604c5a52e142340001a0a666","6ac90a85d779150cd8ee9ef4","2026-10-09 11:45"
"mzk","5f3fde73116e5c0001ef74a5","Pandazan","632e19f3f0149e276027d38e","6ac90b011f213b04c202ca89","2026-10-09 11:45"
"o diabo","6165b05d1a1017000125798b","kober","67ad18a09e150413a5e6fa66","6ac90a9bd779150cd8ee9f3b","2026-10-09 11:46"
"Siemeon","62dc07edf32847e5836668f1","rileyrhino","641248c0330b8c5355f5a56f","6ac90b2c816a515650e7738a","2026-10-09 11:47"
"Zifuko","5e85136d3d4b6a36ac752a7b","kober","67ad18a09e150413a5e6fa66","6ac90bfc1f213b04c202d024","2026-10-09 11:47"
"Jerzy Kirkowski","5ecbdec18d6ade72cc832c5a","Tatert0t & rope shared alt","63875de4e55ec4234b26d1fb","6ac90b1b1f213b04c202cb14","2026-10-09 11:47"
"esther","5ec5509af849319644f425b8","Random Rabbit","678c60c24047c93e5860e1e7","6ac90b350042b6fc259ef71f","2026-10-09 11:47"
"Lemon","603bb687f532bb0001c6f2f6","joniber","60cf2c9800ea7b00015231a2","6ac90bc21f213b04c202ce9e","2026-10-09 11:48"
"I Am Adam","61c4c33c96f28e000171006f","Cuddly Cutiepie","6a4f8afe312818a4781ffecf","6ac908cd0042b6fc259eee07","2026-10-09 11:48"
"kstyko","5ead136297d6cf24a42b1ef4","Figsy_Games","5e91c2303d4b6a251c171a3b","6ac90b94816a515650e7756e","2026-10-09 11:49"
"SigmaLigma","641e0c54c1155de1803057b1","Synxzyyyyyyyyyyyyyyyyyyyyyyyyy","62b9d279343a6042acb35fe8","6ac90b7b1f213b04c202cd28","2026-10-09 11:49"
"RJay223","68a7393aba3755f87bd88212","Nxo","638b91b6d950b1f0ac0b4647","6ac90bf0816a515650e776f3","2026-10-09 11:49"
"67","6874e2f8ef3960e599abae7c","Figsy_Games","5e91c2303d4b6a251c171a3b","6ac90bb47c0d7c57ca2f323b","2026-10-09 11:49"
"mariels","646dd213a2197f0d437a6ab0","brikiiee","5e3c38301e34a04020543bbf","6ac90bb6816a515650e775e6","2026-10-09 11:49"
"Ant3k","61a0aa0b508e25000188294f","Herrjiell","6463ce1ce623a26f09da5866","6ac90ac0816a515650e77152","2026-10-09 11:50"
"rileyrhino","641248c0330b8c5355f5a56f","Frouser","676f1d87e37422d9da127424","6ac90c651f213b04c202d263","2026-10-09 11:50"
"o diabo","6165b05d1a1017000125798b","kober","67ad18a09e150413a5e6fa66","6ac90c2d1f213b04c202d13b","2026-10-09 11:50"
"Chris Peacock","61a919ce1763cb0001d21547","Preussen","64da4d57e44ffbb819d935b1","6ac90b01d779150cd8eea0f6","2026-10-09 11:50"
"Preussen","64da4d57e44ffbb819d935b1","SigmaLigma","641e0c54c1155de1803057b1","6ac90cf67c0d7c57ca2f37b2","2026-10-09 11:50"
"Zezeshaka","60a4bf78880a050001dcaa70","tozangezan","5a33d4491cbd1560d0eaed6b","6ac90bf31f213b04c202cff3","2026-10-09 11:50"
"Joshkabloomy","604c5a52e142340001a0a666","mzk","5f3fde73116e5c0001ef74a5","6ac90bd31f213b04c202cf2a","2026-10-09 11:50"
"kabrioletlux","60b9f1cafd3caa00014a461e","Giraffey","5ded58776a1dd69018f747ec","6ac90c29f36908eb33da00de","2026-10-09 11:50"
"Pandazan","632e19f3f0149e276027d38e","curiosity","5bc76c7dfdd59823e4fb3ff5","6ac90be4816a515650e776c5","2026-10-09 11:50"
"Ratt","67adda06e36339976840db35","kain","6666335e88536cb33c7ec209","6ac90c63d779150cd8eea7ce","2026-10-09 11:50"
"Grzejnik","5fb2653d0fc1350001294999","Fructidor","5e3712631e34a03504349945","6ac909a01f213b04c202c30f","2026-10-09 11:51"
"rileyrhino","641248c0330b8c5355f5a56f","Siemeon","62dc07edf32847e5836668f1","6ac90d07d779150cd8eeab0b","2026-10-09 11:52"
"o diabo","6165b05d1a1017000125798b","kober","67ad18a09e150413a5e6fa66","6ac90d221f213b04c202d62f","2026-10-09 11:52"
"Maksonic","619d09bdc4ab7000016c68d3","Chuya✞","66549d4cc725af87c3aa9a34","6ac90c5dd779150cd8eea780","2026-10-09 11:52"
"Zifuko","5e85136d3d4b6a36ac752a7b","kober","67ad18a09e150413a5e6fa66","6ac90c6e1f213b04c202d2a2","2026-10-09 11:53"
"G40","659bc5cd8377051a6322e041","Tomek5_5","606e09423667bc0001ad663d","6ac90bed7c0d7c57ca2f3312","2026-10-09 11:53"
"Jerzy Kirkowski","5ecbdec18d6ade72cc832c5a","simsson","603659630b13630001de6f9c","6ac90c93d779150cd8eea8ac","2026-10-09 11:53"
"Kaspervde","5d68c6ace9473f7c4058e087","Arvanna","66a545e50035c093bfe072bd","6ac90ab1816a515650e7710c","2026-10-09 11:53"
"brikiiee","5e3c38301e34a04020543bbf","PipungKhunpee","6342faf60d4f9fd3e25cc31c","6ac90cbd1f213b04c202d45d","2026-10-09 11:53"
"kabrioletlux","60b9f1cafd3caa00014a461e","Erik.DL","64caea899c1426306f701b23","6ac90d1ed779150cd8eeab64","2026-10-09 11:54"
"Preussen","64da4d57e44ffbb819d935b1","SigmaLigma","641e0c54c1155de1803057b1","6ac90d4c1f213b04c202d700","2026-10-09 11:55"
"bezzo","5c4b0baa98004e87dc4ba512","kstyko","5ead136297d6cf24a42b1ef4","6ac90cfd1f213b04c202d592","2026-10-09 11:55"
"67","6874e2f8ef3960e599abae7c","Jerzy Kirkowski","5ecbdec18d6ade72cc832c5a","6ac90db0816a515650e77f6a","2026-10-09 11:55"
"RJay223","68a7393aba3755f87bd88212","Ernest","678c19cb4f6a1c57c051dc0d","6ac90d6f1f213b04c202d7be","2026-10-09 11:55"
"Ruari","60258d7d36ff8a0001f5fef5","Zé da Pamonha","6996505bf658592ab03fa17e","6ac90c3c816a515650e77826","2026-10-09 11:55"
"67","6874e2f8ef3960e599abae7c","Figsy_Games","5e91c2303d4b6a251c171a3b","6ac90df7a756b30e85c6671a","2026-10-09 11:56"
"67","6874e2f8ef3960e599abae7c","Figsy_Games","5e91c2303d4b6a251c171a3b","6ac90df7a756b30e85c6671a","2026-10-09 11:56"
"Ratt","67adda06e36339976840db35","kain","6666335e88536cb33c7ec209","6ac90d4f816a515650e77da7","2026-10-09 11:56"
"joniber","60cf2c9800ea7b00015231a2","gg80","63094e1796056024727fc5d5","6ac90cbdd779150cd8eea97c","2026-10-09 11:57"
"Zifuko","5e85136d3d4b6a36ac752a7b","kober","67ad18a09e150413a5e6fa66","6ac90de5d779150cd8eeaefc","2026-10-09 11:57"
"Joshkabloomy","604c5a52e142340001a0a666","mzk","5f3fde73116e5c0001ef74a5","6ac90cfe0042b6fc259eff88","2026-10-09 11:57"
"Ernest","678c19cb4f6a1c57c051dc0d","Ruari","60258d7d36ff8a0001f5fef5","6ac90e35d779150cd8eeb057","2026-10-09 11:57"
"Synxzyyyyyyyyyyyyyyyyyyyyyyyyy","62b9d279343a6042acb35fe8","esther","5ec5509af849319644f425b8","6ac90cecd779150cd8eeaa32","2026-10-09 11:57"
"Siemeon","62dc07edf32847e5836668f1","rileyrhino","641248c0330b8c5355f5a56f","6ac90da5d779150cd8eeadcd","2026-10-09 11:58"
"o diabo","6165b05d1a1017000125798b","kober","67ad18a09e150413a5e6fa66","6ac90dae7c0d7c57ca2f3b12","2026-10-09 11:58"
"67","6874e2f8ef3960e599abae7c","RJay223","68a7393aba3755f87bd88212","6ac90e747c0d7c57ca2f3ea1","2026-10-09 11:58"
"Jxue13","68051cd4433b163f4ad4bbe9","curiosity","5bc76c7dfdd59823e4fb3ff5","6ac90eba1f213b04c202df25","2026-10-09 11:58"
"Maksonic","619d09bdc4ab7000016c68d3","simsson","603659630b13630001de6f9c","6ac90db21f213b04c202d920","2026-10-09 11:59"
"67","6874e2f8ef3960e599abae7c","RJay223","68a7393aba3755f87bd88212","6ac90e747c0d7c57ca2f3ea1","2026-10-09 11:59"
"Nxo","638b91b6d950b1f0ac0b4647","Figsy_Games","5e91c2303d4b6a251c171a3b","6ac90e887c0d7c57ca2f3f0d","2026-10-09 11:59"
"Ernest","678c19cb4f6a1c57c051dc0d","Erik.DL","64caea899c1426306f701b23","6ac90eddd779150cd8eeb3cc","2026-10-09 11:59"
"tozangezan","5a33d4491cbd1560d0eaed6b","mariels","646dd213a2197f0d437a6ab0","6ac90d091f213b04c202d5c5","2026-10-09 12:00"
"Ruben","5e1334ba1b34a033c801a9e8","bezzo","5c4b0baa98004e87dc4ba512","6ac90ee21f213b04c202e047","2026-10-09 12:00"
"boulgour","5b4d54f6f1dad60dd82b7c8a","Gabsol","5d658aaeb4ec17864c5272e2","6ac90a7ca7468c637495f9ee","2026-10-09 12:01"
"Lemon","603bb687f532bb0001c6f2f6","Chris Peacock","61a919ce1763cb0001d21547","6ac90cff7c0d7c57ca2f37dc","2026-10-09 12:01"
"kober","67ad18a09e150413a5e6fa66","o diabo","6165b05d1a1017000125798b","6ac90ee8816a515650e78558","2026-10-09 12:01"
"Herrjiell","6463ce1ce623a26f09da5866","Dadzio","62e033ce217ecdfb2101edf8","6ac90d841f213b04c202d840","2026-10-09 12:02"
"Nxo","638b91b6d950b1f0ac0b4647","Tatert0t & rope shared alt","63875de4e55ec4234b26d1fb","6ac90f70d779150cd8eeb66d","2026-10-09 12:02"
"Jerzy Kirkowski","5ecbdec18d6ade72cc832c5a","67","6874e2f8ef3960e599abae7c","6ac90e53d779150cd8eeb115","2026-10-09 12:02"
"Ruben","5e1334ba1b34a033c801a9e8","67","6874e2f8ef3960e599abae7c","6ac90f87816a515650e78869","2026-10-09 12:02"
"Figsy_Games","5e91c2303d4b6a251c171a3b","Wijn","657979f3db414bd0da540f23","6ac90efc1f213b04c202e0c7","2026-10-09 12:02"
"Pandazan","632e19f3f0149e276027d38e","patrickk.","69cbd6f7c27ed58d53a75908","6ac90ecbd779150cd8eeb36d","2026-10-09 12:02"
"Frouser","676f1d87e37422d9da127424","Retolas","66cf8105b84b9d81a2090df9","6ac90d390042b6fc259f004f","2026-10-09 12:03"
"Kangurek","68ad03eef07ecd855398db08","kober","67ad18a09e150413a5e6fa66","6ac90fbc1f213b04c202e507","2026-10-09 12:03"
"Ruben","5e1334ba1b34a033c801a9e8","67","6874e2f8ef3960e599abae7c","6ac90f87816a515650e78869","2026-10-09 12:03"
"tellomura","678ab426b5666218c82e03af","Erik.DL","64caea899c1426306f701b23","6ac90f4ed779150cd8eeb5fe","2026-10-09 12:03"
"Siemeon","62dc07edf32847e5836668f1","يااخي مستواك رهييب","65fc3453702bba73b4c0a398","6ac90edfd779150cd8eeb3d0","2026-10-09 12:04"
"Kangurek","68ad03eef07ecd855398db08","kober","67ad18a09e150413a5e6fa66","6ac90fbc1f213b04c202e507","2026-10-09 12:04"
"Ernest","678c19cb4f6a1c57c051dc0d","SigmaLigma","641e0c54c1155de1803057b1","6ac90f85816a515650e7885e","2026-10-09 12:04"
"📺 TTV: TaterN0t","6a60cb66561c205d0831e2ad","simsson","603659630b13630001de6f9c","6ac90f441f213b04c202e291","2026-10-09 12:05"
"Figsy_Games","5e91c2303d4b6a251c171a3b","Hanno","66cd9b65da42d067e3be0f24","6ac90f251f213b04c202e1d6","2026-10-09 12:05"
"kabrioletlux","60b9f1cafd3caa00014a461e","brikiiee","5e3c38301e34a04020543bbf","6ac90eaa0042b6fc259f05b2","2026-10-09 12:05"
"tellomura","678ab426b5666218c82e03af","Erik.DL","64caea899c1426306f701b23","6ac910137c0d7c57ca2f461d","2026-10-09 12:05"
"gg80","63094e1796056024727fc5d5","kstyko","5ead136297d6cf24a42b1ef4","6ac90f17816a515650e78667","2026-10-09 12:06"
"Preussen","64da4d57e44ffbb819d935b1","Ratt","67adda06e36339976840db35","6ac90e941f213b04c202de53","2026-10-09 12:06"
"Nxo","638b91b6d950b1f0ac0b4647","67","6874e2f8ef3960e599abae7c","6ac91011816a515650e78afe","2026-10-09 12:06"
"tozangezan","5a33d4491cbd1560d0eaed6b","mariels","646dd213a2197f0d437a6ab0","6ac90fa6816a515650e78929","2026-10-09 12:07"
"Dadzio","62e033ce217ecdfb2101edf8","Retolas","66cf8105b84b9d81a2090df9","6ac910091f213b04c202e6a2","2026-10-09 12:08"
"o diabo","6165b05d1a1017000125798b","kober","67ad18a09e150413a5e6fa66","6ac9101fcd7220c05270023b","2026-10-09 12:08"
"Maksonic","619d09bdc4ab7000016c68d3","Gabsol","5d658aaeb4ec17864c5272e2","6ac90f95d779150cd8eeb6f5","2026-10-09 12:08"
"Jerzy Kirkowski","5ecbdec18d6ade72cc832c5a","Ruben","5e1334ba1b34a033c801a9e8","6ac90ffe1f213b04c202e658","2026-10-09 12:08"
"Tatert0t & rope shared alt","63875de4e55ec4234b26d1fb","67","6874e2f8ef3960e599abae7c","6ac90feed779150cd8eeb855","2026-10-09 12:08"
"Siemeon","62dc07edf32847e5836668f1","يااخي مستواك رهييب","65fc3453702bba73b4c0a398","6ac91063cd7220c052700286","2026-10-09 12:09"
"kabrioletlux","60b9f1cafd3caa00014a461e","67","6874e2f8ef3960e599abae7c","6ac9107d1f213b04c202e968","2026-10-09 12:09"
"rileyrhino","641248c0330b8c5355f5a56f","joniber","60cf2c9800ea7b00015231a2","6ac90eddd779150cd8eeb3ca","2026-10-09 12:10"
"Ernest","678c19cb4f6a1c57c051dc0d","SigmaLigma","641e0c54c1155de1803057b1","6ac9104f816a515650e78bf7","2026-10-09 12:10"
"tellomura","678ab426b5666218c82e03af","cope & rope shared alt#mrwn4wc","653165df4c78aa15e2a057c6","6ac910b77c0d7c57ca2f487e","2026-10-09 12:10"
"brikiiee","5e3c38301e34a04020543bbf","GeoMax","610ade6208061c000158624f","6ac91082d779150cd8eebb71","2026-10-09 12:10"
"FAST66","68fe3a19704e6ee9db9c333a","Frouser","676f1d87e37422d9da127424","6ac910a4816a515650e78d91","2026-10-09 12:11"
"67","6874e2f8ef3960e599abae7c","Lost Paradise","66e46f109b53fcb55436dd52","6ac911b37c0d7c57ca2f4d6a","2026-10-09 12:11"
"kabrioletlux","60b9f1cafd3caa00014a461e","67","6874e2f8ef3960e599abae7c","6ac911751f213b04c202eeea","2026-10-09 12:11"
"mariels","646dd213a2197f0d437a6ab0","Don't Give Up","5ffb60de75d2770001545e96","6ac911a81f213b04c202eff2","2026-10-09 12:11"
"Żukasz","602cfd5dc397fa0001f09dfb","PipungKhunpee","6342faf60d4f9fd3e25cc31c","6ac9116f0042b6fc259f109a","2026-10-09 12:11"
"kober","67ad18a09e150413a5e6fa66","o diabo","6165b05d1a1017000125798b","6ac9113f0042b6fc259f0fd1","2026-10-09 12:12"
"kstyko","5ead136297d6cf24a42b1ef4","Nxo","638b91b6d950b1f0ac0b4647","6ac911217c0d7c57ca2f4a7b","2026-10-09 12:12"
"Preussen","64da4d57e44ffbb819d935b1","simsson","603659630b13630001de6f9c","6ac910e7816a515650e78ea4","2026-10-09 12:12"
"67","6874e2f8ef3960e599abae7c","Lost Paradise","66e46f109b53fcb55436dd52","6ac911b37c0d7c57ca2f4d6a","2026-10-09 12:12"
"tellomura","678ab426b5666218c82e03af","kain","6666335e88536cb33c7ec209","6ac911d7816a515650e79334","2026-10-09 12:12"
"brikiiee","5e3c38301e34a04020543bbf","SigmaLigma","641e0c54c1155de1803057b1","6ac911ca1f213b04c202f0bc","2026-10-09 12:12"
"Chris Peacock","61a919ce1763cb0001d21547","Chuya✞","66549d4cc725af87c3aa9a34","6ac910987c0d7c57ca2f480c","2026-10-09 12:13"
"Fructidor","5e3712631e34a03504349945","Arvanna","66a545e50035c093bfe072bd","6ac90de6816a515650e7805a","2026-10-09 12:13"
"Frouser","676f1d87e37422d9da127424","Jerome","62e14841f938d5507c4d31f6","6ac91224d779150cd8eec35d","2026-10-09 12:14"
"🐈‍⬛","68b991f09c534bc7029c53b4","gg80","63094e1796056024727fc5d5","6ac91104816a515650e78f0f","2026-10-09 12:14"
"o diabo","6165b05d1a1017000125798b","Jerome","62e14841f938d5507c4d31f6","6ac91244d779150cd8eec3df","2026-10-09 12:14"
"Don't Give Up","5ffb60de75d2770001545e96","Jxue13","68051cd4433b163f4ad4bbe9","6ac9120bd779150cd8eec302","2026-10-09 12:14"
"Dadzio","62e033ce217ecdfb2101edf8","Gabsol","5d658aaeb4ec17864c5272e2","6ac9115f1f213b04c202ee2a","2026-10-09 12:15"
"kober","67ad18a09e150413a5e6fa66","kstyko","5ead136297d6cf24a42b1ef4","6ac9124f816a515650e79509","2026-10-09 12:15"
"Preussen","64da4d57e44ffbb819d935b1","simsson","603659630b13630001de6f9c","6ac9125dd779150cd8eec450","2026-10-09 12:15"
"Jerzy Kirkowski","5ecbdec18d6ade72cc832c5a","Tatert0t & rope shared alt","63875de4e55ec4234b26d1fb","6ac91170816a515650e79114","2026-10-09 12:15"
"67","6874e2f8ef3960e599abae7c","Lost Paradise","66e46f109b53fcb55436dd52","6ac9122c816a515650e79482","2026-10-09 12:15"
"PopularPeninsula783","6794f91a4613843d08b344b1","esther","5ec5509af849319644f425b8","6ac90f62816a515650e787a0","2026-10-09 12:16"
"Ruben","5e1334ba1b34a033c801a9e8","67","6874e2f8ef3960e599abae7c","6ac91238d779150cd8eec3a4","2026-10-09 12:16"
"Ruari","60258d7d36ff8a0001f5fef5","Bouman","66f6e27efd3996cffce4e9ab","6ac90ec6d779150cd8eeb355","2026-10-09 12:16"
"يااخي مستواك رهييب","65fc3453702bba73b4c0a398","Siemeon","62dc07edf32847e5836668f1","6ac911837c0d7c57ca2f4c5a","2026-10-09 12:17"
"Chris Peacock","61a919ce1763cb0001d21547","Brzoza","60ababeffb1efa0001302754","6ac9128a1f213b04c202f501","2026-10-09 12:17"
"Nxo","638b91b6d950b1f0ac0b4647","67","6874e2f8ef3960e599abae7c","6ac9125e1f213b04c202f3d3","2026-10-09 12:17"
"mariels","646dd213a2197f0d437a6ab0","Lurkki","673dfa9f10797c20bc6721e9","6ac9120dd779150cd8eec308","2026-10-09 12:17"
"يااخي مستواك رهييب","65fc3453702bba73b4c0a398","Siemeon","62dc07edf32847e5836668f1","6ac91359d779150cd8eec98d","2026-10-09 12:18"
"Mathias","650a2d21361d5316c35b4efe","Retolas","66cf8105b84b9d81a2090df9","6ac9114bd779150cd8eebf1b","2026-10-09 12:18"
"kober","67ad18a09e150413a5e6fa66","Frouser","676f1d87e37422d9da127424","6ac913041f213b04c202f806","2026-10-09 12:18"
"Chuya✞","66549d4cc725af87c3aa9a34","Jerzy Kirkowski","5ecbdec18d6ade72cc832c5a","6ac912f77c0d7c57ca2f52d5","2026-10-09 12:18"
"🐈‍⬛","68b991f09c534bc7029c53b4","o diabo","6165b05d1a1017000125798b","6ac912cf816a515650e79756","2026-10-09 12:19"
"kober","67ad18a09e150413a5e6fa66","Frouser","676f1d87e37422d9da127424","6ac913041f213b04c202f806","2026-10-09 12:19"
"Preussen","64da4d57e44ffbb819d935b1","simsson","603659630b13630001de6f9c","6ac91319816a515650e798d4","2026-10-09 12:19"
"Lost Paradise","66e46f109b53fcb55436dd52","kstyko","5ead136297d6cf24a42b1ef4","6ac912ff1f213b04c202f7cb","2026-10-09 12:19"
"SigmaLigma","641e0c54c1155de1803057b1","pangolin","5ee22161f200f12f30cd9d29","6ac912d2816a515650e7975e","2026-10-09 12:19"
"joniber","60cf2c9800ea7b00015231a2","Maksonic","619d09bdc4ab7000016c68d3","6ac9124a0042b6fc259f13c7","2026-10-09 12:20"
"Brzoza","60ababeffb1efa0001302754","bezzo","5c4b0baa98004e87dc4ba512","6ac9135dd779150cd8eec99a","2026-10-09 12:20"
"67","6874e2f8ef3960e599abae7c","Jerzy Kirkowski","5ecbdec18d6ade72cc832c5a","6ac913a81f213b04c202fbbc","2026-10-09 12:20"
"I Am Adam","61c4c33c96f28e000171006f","LP","607c59afb15d75000193fc94","6ac910e3973be078e1879006","2026-10-09 12:20"
"Żukasz","602cfd5dc397fa0001f09dfb","Arvanna","66a545e50035c093bfe072bd","6ac9127bd779150cd8eec4cc","2026-10-09 12:20"
"Jerome","62e14841f938d5507c4d31f6","kober","67ad18a09e150413a5e6fa66","6ac913d11f213b04c202fc7c","2026-10-09 12:21"
"Kangurek","68ad03eef07ecd855398db08","gg80","63094e1796056024727fc5d5","6ac913b1816a515650e79bc4","2026-10-09 12:21"
"Ruben","5e1334ba1b34a033c801a9e8","67","6874e2f8ef3960e599abae7c","6ac913217c0d7c57ca2f5354","2026-10-09 12:21"
"يااخي مستواك رهييب","65fc3453702bba73b4c0a398","Siemeon","62dc07edf32847e5836668f1","6ac913b0d779150cd8eecb4b","2026-10-09 12:22"
"FAST66","68fe3a19704e6ee9db9c333a","rileyrhino","641248c0330b8c5355f5a56f","6ac911f51f213b04c202f18a","2026-10-09 12:22"
"Nxo","638b91b6d950b1f0ac0b4647","houmreu (Youtube)","5b571ce97135fa0e48b2d9f8","6ac9136e1f213b04c202fa4e","2026-10-09 12:22"
"Don't Give Up","5ffb60de75d2770001545e96","mariels","646dd213a2197f0d437a6ab0","6ac913561f213b04c202f9c8","2026-10-09 12:22"
"Frouser","676f1d87e37422d9da127424","🐈‍⬛","68b991f09c534bc7029c53b4","6ac913fad779150cd8eecc3a","2026-10-09 12:23"
"Jerome","62e14841f938d5507c4d31f6","Kangurek","68ad03eef07ecd855398db08","6ac9144a816a515650e79e18","2026-10-09 12:23"
"Preussen","64da4d57e44ffbb819d935b1","simsson","603659630b13630001de6f9c","6ac913d87c0d7c57ca2f5652","2026-10-09 12:23"
"Lost Paradise","66e46f109b53fcb55436dd52","kstyko","5ead136297d6cf24a42b1ef4","6ac913d00042b6fc259f1968","2026-10-09 12:23"
"Alcaraz201610","67817d3a9f4a9ae3490e0fac","offmylawn","674bbb9465709cb3c93c6b17","6ac914280042b6fc259f1a81","2026-10-09 12:23"
"Jerome","62e14841f938d5507c4d31f6","Kangurek","68ad03eef07ecd855398db08","6ac9144a816a515650e79e18","2026-10-09 12:24"
"gg80","63094e1796056024727fc5d5","kober","67ad18a09e150413a5e6fa66","6ac9145fd779150cd8eece34","2026-10-09 12:24"
"67","6874e2f8ef3960e599abae7c","houmreu (Youtube)","5b571ce97135fa0e48b2d9f8","6ac9148a0042b6fc259f1c62","2026-10-09 12:24"
"Jerzy Kirkowski","5ecbdec18d6ade72cc832c5a","SigmaLigma","641e0c54c1155de1803057b1","6ac91444cd7220c0527007b8","2026-10-09 12:25"
"67","6874e2f8ef3960e599abae7c","bezzo","5c4b0baa98004e87dc4ba512","6ac914fd816a515650e7a0e1","2026-10-09 12:25"
"PopularPeninsula783","6794f91a4613843d08b344b1","brikiiee","5e3c38301e34a04020543bbf","6ac913c11f213b04c202fc3e","2026-10-09 12:25"
"cope & rope shared alt#mrwn4wc","653165df4c78aa15e2a057c6","TeRuanIsGod","67979da9c2328890129f177e","6ac914151f213b04c202fde7","2026-10-09 12:25"
"Siemeon","62dc07edf32847e5836668f1","يااخي مستواك رهييب","65fc3453702bba73b4c0a398","6ac914781f213b04c2030016","2026-10-09 12:26"
"🐈‍⬛","68b991f09c534bc7029c53b4","kober","67ad18a09e150413a5e6fa66","6ac914d01f213b04c20301c4","2026-10-09 12:26"
"Jerome","62e14841f938d5507c4d31f6","Kangurek","68ad03eef07ecd855398db08","6ac914fbd779150cd8eed0c2","2026-10-09 12:26"
"Brzoza","60ababeffb1efa0001302754","Chuya✞","66549d4cc725af87c3aa9a34","6ac91438816a515650e79db1","2026-10-09 12:26"
"esther","5ec5509af849319644f425b8","Saradão","66245f82ee56b7dcb4cfcca3","6ac91459cd7220c0527007d7","2026-10-09 12:26"
"houmreu (Youtube)","5b571ce97135fa0e48b2d9f8","Herr pingo panda😎","67f6c066040884645dbdb8c6","6ac91536816a515650e7a1f2","2026-10-09 12:27"
"Fructidor","5e3712631e34a03504349945","achmedsender","5a1606e2f370149bf01ab594","6ac912711f213b04c202f446","2026-10-09 12:27"
"Lost Paradise","66e46f109b53fcb55436dd52","67","6874e2f8ef3960e599abae7c","6ac914f01f213b04c2030266","2026-10-09 12:28"
"67","6874e2f8ef3960e599abae7c","Jerzy Kirkowski","5ecbdec18d6ade72cc832c5a","6ac91563cd7220c05270093c","2026-10-09 12:28"
"Jerome","62e14841f938d5507c4d31f6","🐈‍⬛","68b991f09c534bc7029c53b4","6ac915881f213b04c203054f","2026-10-09 12:29"
"kober","67ad18a09e150413a5e6fa66","Kangurek","68ad03eef07ecd855398db08","6ac91579816a515650e7a330","2026-10-09 12:29"
"👁️AAAAAAAAAAAAA👁️","69751c89c3036f77b93fb696","mariels","646dd213a2197f0d437a6ab0","6ac914c17c0d7c57ca2f5964","2026-10-09 12:29"
"bezzo","5c4b0baa98004e87dc4ba512","TeRuanIsGod","67979da9c2328890129f177e","6ac915491f213b04c2030420","2026-10-09 12:29"
"klint","6735abfd3d532af30d952b5a","Saradão","66245f82ee56b7dcb4cfcca3","6ac915831f213b04c203053b","2026-10-09 12:29"
"TTV/ArneyBoi69","5afafdf05966956c5c9e4852","esther","5ec5509af849319644f425b8","6ac915bd816a515650e7a42f","2026-10-09 12:29"
"Maksonic","619d09bdc4ab7000016c68d3","PLK","62179a5c8e88d400010d91ea","6ac9148b816a515650e79f0e","2026-10-09 12:30"
"Nxo","638b91b6d950b1f0ac0b4647","Lost Paradise","66e46f109b53fcb55436dd52","6ac915f3af624a83e5c53f2a","2026-10-09 12:30"
"Tomek5_5","606e09423667bc0001ad663d","SigmaLigma","641e0c54c1155de1803057b1","6ac9156a816a515650e7a2e9","2026-10-09 12:30"
"Żukasz","602cfd5dc397fa0001f09dfb","Ruben","5e1334ba1b34a033c801a9e8","6ac91596d779150cd8eed39b","2026-10-09 12:30"
"Dadzio","62e033ce217ecdfb2101edf8","Chris Peacock","61a919ce1763cb0001d21547","6ac913501f213b04c202f9a6","2026-10-09 12:31"
"astrocaryum aculeatum","6527803eee6d63190219c754","Gabsol","5d658aaeb4ec17864c5272e2","6ac913331f213b04c202f8fa","2026-10-09 12:31"
"kober","67ad18a09e150413a5e6fa66","Kangurek","68ad03eef07ecd855398db08","6ac91579816a515650e7a330","2026-10-09 12:31"
"Brzoza","60ababeffb1efa0001302754","67","6874e2f8ef3960e599abae7c","6ac915801f213b04c2030530","2026-10-09 12:31"
"kirilka","69d9aa95413bbbdd2369cafa","Retolas","66cf8105b84b9d81a2090df9","6ac9139ed779150cd8eecb16","2026-10-09 12:31"
"ましろ","60622a237c864a00019b5334","Alcaraz201610","67817d3a9f4a9ae3490e0fac","6ac914f6d779150cd8eed0aa","2026-10-09 12:31"
"TeRuanIsGod","67979da9c2328890129f177e","fibs","62c353a29d0d57e7b9a3383f","6ac9163bd779150cd8eed66c","2026-10-09 12:31"
"يااخي مستواك رهييب","65fc3453702bba73b4c0a398","Siemeon","62dc07edf32847e5836668f1","6ac915837c0d7c57ca2f5cc9","2026-10-09 12:32"
"67","6874e2f8ef3960e599abae7c","Lost Paradise","66e46f109b53fcb55436dd52","6ac916741f213b04c20309c6","2026-10-09 12:32"
"PopularPeninsula783","6794f91a4613843d08b344b1","Jerzy Kirkowski","5ecbdec18d6ade72cc832c5a","6ac916161f213b04c203080c","2026-10-09 12:32"
"kober","67ad18a09e150413a5e6fa66","Jerome","62e14841f938d5507c4d31f6","6ac9164a1f213b04c20308fd","2026-10-09 12:33"
"kstyko","5ead136297d6cf24a42b1ef4","67","6874e2f8ef3960e599abae7c","6ac9160fd779150cd8eed5d5","2026-10-09 12:33"
"#1 multiplier harvester 🫃","626fc4565f225f253556ea95","Grzejnik","5fb2653d0fc1350001294999","6ac90ea41f213b04c202de98","2026-10-09 12:33"
"SigmaLigma","641e0c54c1155de1803057b1","esther","5ec5509af849319644f425b8","6ac916961f213b04c2030a92","2026-10-09 12:33"
"aguardiente","60ba2dec2056310001c27701","Uralensis","65eba12c6f7c11bcafdeaac8","6ac8be45257622416c6bb0ef","2026-10-09 12:33"
"brikiiee","5e3c38301e34a04020543bbf","Serenaline❀","685ae6aed032e8a9d65fb9ba","6ac91563816a515650e7a2cc","2026-10-09 12:33"
"plotter","674c4756fb60b9f111e6e0b4","rileyrhino","641248c0330b8c5355f5a56f","6ac9149f1f213b04c20300cf","2026-10-09 12:34"
"Dadzio","62e033ce217ecdfb2101edf8","Mati_01","626d0e7318005f1f25a53151","6ac916a01f213b04c2030ab7","2026-10-09 12:34"
"kober","67ad18a09e150413a5e6fa66","Jerome","62e14841f938d5507c4d31f6","6ac9164a1f213b04c20308fd","2026-10-09 12:34"
"kirilka","69d9aa95413bbbdd2369cafa","gg80","63094e1796056024727fc5d5","6ac916d31f213b04c2030bd8","2026-10-09 12:34"
"Ruben","5e1334ba1b34a033c801a9e8","67","6874e2f8ef3960e599abae7c","6ac9166c816a515650e7a73b","2026-10-09 12:34"
"👁️AAAAAAAAAAAAA👁️","69751c89c3036f77b93fb696","PLK","62179a5c8e88d400010d91ea","6ac9168e816a515650e7a7c0","2026-10-09 12:35"
"Lost Paradise","66e46f109b53fcb55436dd52","Jerzy Kirkowski","5ecbdec18d6ade72cc832c5a","6ac916efd779150cd8eed97b","2026-10-09 12:35"
"Ruben","5e1334ba1b34a033c801a9e8","67","6874e2f8ef3960e599abae7c","6ac91755d779150cd8eedb25","2026-10-09 12:35"
"klint","6735abfd3d532af30d952b5a","Saradão","66245f82ee56b7dcb4cfcca3","6ac91687816a515650e7a7b3","2026-10-09 12:35"
"kober","67ad18a09e150413a5e6fa66","Son","66fa81876347f2f3a8d7eb07","6ac917321f213b04c2030dfb","2026-10-09 12:36"
"bezzo","5c4b0baa98004e87dc4ba512","Alcaraz201610","67817d3a9f4a9ae3490e0fac","6ac916c47c0d7c57ca2f61b9","2026-10-09 12:36"
"🐈‍⬛","68b991f09c534bc7029c53b4","gg80","63094e1796056024727fc5d5","6ac9175e1f213b04c2030f02","2026-10-09 12:37"
"Chris Peacock","61a919ce1763cb0001d21547","Retolas","66cf8105b84b9d81a2090df9","6ac916c0816a515650e7a8c3","2026-10-09 12:37"
"67","6874e2f8ef3960e599abae7c","Jerzy Kirkowski","5ecbdec18d6ade72cc832c5a","6ac91795816a515650e7ac80","2026-10-09 12:37"
"houmreu (Youtube)","5b571ce97135fa0e48b2d9f8","Żukasz","602cfd5dc397fa0001f09dfb","6ac916dc1f213b04c2030c09","2026-10-09 12:37"
"Maksonic","619d09bdc4ab7000016c68d3","Mati_01","626d0e7318005f1f25a53151","6ac917ac1f213b04c20310b9","2026-10-09 12:38"
"rileyrhino","641248c0330b8c5355f5a56f","Dadzio","62e033ce217ecdfb2101edf8","6ac9177dd779150cd8eedbc3","2026-10-09 12:39"
"🐈‍⬛","68b991f09c534bc7029c53b4","kober","67ad18a09e150413a5e6fa66","6ac9180a816a515650e7ae0f","2026-10-09 12:39"
"67","6874e2f8ef3960e599abae7c","Ruben","5e1334ba1b34a033c801a9e8","6ac917a51f213b04c2031090","2026-10-09 12:39"
"PopularPeninsula783","6794f91a4613843d08b344b1","📺 TTV: TaterN0t","6a60cb66561c205d0831e2ad","6ac9172fd779150cd8eeda86","2026-10-09 12:39"
"brikiiee","5e3c38301e34a04020543bbf","aguardiente","60ba2dec2056310001c27701","6ac9173bd779150cd8eedad0","2026-10-09 12:39"
"Son","66fa81876347f2f3a8d7eb07","Brzoza","60ababeffb1efa0001302754","6ac917e61f213b04c2031222","2026-10-09 12:40"
"Lost Paradise","66e46f109b53fcb55436dd52","67","6874e2f8ef3960e599abae7c","6ac91839d779150cd8eedeec","2026-10-09 12:40"
"SigmaLigma","641e0c54c1155de1803057b1","#1 multiplier harvester 🫃","626fc4565f225f253556ea95","6ac917631f213b04c2030f23","2026-10-09 12:40"
"يااخي مستواك رهييب","65fc3453702bba73b4c0a398","Siemeon","62dc07edf32847e5836668f1","6ac9170d7c0d7c57ca2f62f3","2026-10-09 12:41"
"Jerome","62e14841f938d5507c4d31f6","Mati_01","626d0e7318005f1f25a53151","6ac9185ad779150cd8eedf67","2026-10-09 12:41"
"gg80","63094e1796056024727fc5d5","Clemens ☭🚬","672ccfbbce4fd1d4b6b8bf90","6ac9180f1f213b04c2031324","2026-10-09 12:41"
"bezzo","5c4b0baa98004e87dc4ba512","Żukasz","602cfd5dc397fa0001f09dfb","6ac91844d779150cd8eedf0c","2026-10-09 12:41"
"Ofendani","5bf882e543196557d45fb414","All","6332fd517356ad2cfcc440d9","6ac9168c7c0d7c57ca2f6101","2026-10-09 12:42"
"aguardiente","60ba2dec2056310001c27701","brikiiee","5e3c38301e34a04020543bbf","6ac9189a0042b6fc259f2a8c","2026-10-09 12:42"
"rileyrhino","641248c0330b8c5355f5a56f","plotter","674c4756fb60b9f111e6e0b4","6ac918840042b6fc259f2a25","2026-10-09 12:43"
"Dadzio","62e033ce217ecdfb2101edf8","Maksonic","619d09bdc4ab7000016c68d3","6ac9188b7c0d7c57ca2f695f","2026-10-09 12:43"
"Lost Paradise","66e46f109b53fcb55436dd52","67","6874e2f8ef3960e599abae7c","6ac918b7d779150cd8eee163","2026-10-09 12:43"
"Ruben","5e1334ba1b34a033c801a9e8","67","6874e2f8ef3960e599abae7c","6ac918791f213b04c20315d8","2026-10-09 12:43"
"Jerome","62e14841f938d5507c4d31f6","Mati_01","626d0e7318005f1f25a53151","6ac9185ad779150cd8eedf67","2026-10-09 12:44"
"🐈‍⬛","68b991f09c534bc7029c53b4","kober","67ad18a09e150413a5e6fa66","6ac9189b7c0d7c57ca2f69a1","2026-10-09 12:44"
"Retolas","66cf8105b84b9d81a2090df9","Chris Peacock","61a919ce1763cb0001d21547","6ac918201f213b04c203138d","2026-10-09 12:44"
"gg80","63094e1796056024727fc5d5","67","6874e2f8ef3960e599abae7c","6ac9192f816a515650e7b328","2026-10-09 12:44"
"Fructidor","5e3712631e34a03504349945","thomas7eme","5ef89d2d8f01a05300030185","6ac916f7d779150cd8eed9a7","2026-10-09 12:45"
"Pandazan","632e19f3f0149e276027d38e","TeRuanIsGod","67979da9c2328890129f177e","6ac9189c697381fd3786862f","2026-10-09 12:45"
"mzk","5f3fde73116e5c0001ef74a5","houmreu (Youtube)","5b571ce97135fa0e48b2d9f8","6ac91905d779150cd8eee264","2026-10-09 12:45"
"Alcaraz201610","67817d3a9f4a9ae3490e0fac","cadu","6701c271782cbf631e6511a9","6ac918157c0d7c57ca2f6722","2026-10-09 12:45"
"FAST66","68fe3a19704e6ee9db9c333a","Siemeon","62dc07edf32847e5836668f1","6ac9192a0042b6fc259f2c98","2026-10-09 12:46"
"Mati_01","626d0e7318005f1f25a53151","Clemens ☭🚬","672ccfbbce4fd1d4b6b8bf90","6ac919637c0d7c57ca2f6cb2","2026-10-09 12:46"
"📺 TTV: TaterN0t","6a60cb66561c205d0831e2ad","Brzoza","60ababeffb1efa0001302754","6ac918c1816a515650e7b174","2026-10-09 12:46"
"Gabsol","5d658aaeb4ec17864c5272e2","astrocaryum aculeatum","6527803eee6d63190219c754","6ac91719d779150cd8eeda1d","2026-10-09 12:47"
"gg80","63094e1796056024727fc5d5","67","6874e2f8ef3960e599abae7c","6ac9192f816a515650e7b328","2026-10-09 12:47"
"Jerome","62e14841f938d5507c4d31f6","kober","67ad18a09e150413a5e6fa66","6ac919bd816a515650e7b55d","2026-10-09 12:48"
"Maksonic","619d09bdc4ab7000016c68d3","gg80","63094e1796056024727fc5d5","6ac91a0fd779150cd8eee6fa","2026-10-09 12:48"
"👁️AAAAAAAAAAAAA👁️","69751c89c3036f77b93fb696","G40","659bc5cd8377051a6322e041","6ac917e1816a515650e7ad60","2026-10-09 12:48"
"Lost Paradise","66e46f109b53fcb55436dd52","Ruben","5e1334ba1b34a033c801a9e8","6ac91986816a515650e7b462","2026-10-09 12:48"
"bezzo","5c4b0baa98004e87dc4ba512","67","6874e2f8ef3960e599abae7c","6ac919cb1f213b04c2031cb9","2026-10-09 12:48"
"I Am Adam","61c4c33c96f28e000171006f","Owen","66a3e179154c74d83af4b4f3","6ac91869cd7220c052700c9a","2026-10-09 12:48"
"brikiiee","5e3c38301e34a04020543bbf","tb_ro","603e081bd3dc740001da90e8","6ac919cc1f213b04c2031cc2","2026-10-09 12:48"
"🐈‍⬛","68b991f09c534bc7029c53b4","Valen´t","5ecc89febb39467ce83ec462","6ac919ae1f213b04c2031be0","2026-10-09 12:49"
"Avandy","60c3535133004c00010451a3","67","6874e2f8ef3960e599abae7c","6ac91a831f213b04c20320e9","2026-10-09 12:49"
"Ofendani","5bf882e543196557d45fb414","All","6332fd517356ad2cfcc440d9","6ac9195ccd7220c052700dcf","2026-10-09 12:49"
"Pikselat0r (retiring)","6912d873ef3380557dd45eec","Cuddly Cutiepie","6a4f8afe312818a4781ffecf","6ac918c9d779150cd8eee191","2026-10-09 12:49"
"Siemeon","62dc07edf32847e5836668f1","FAST66","68fe3a19704e6ee9db9c333a","6ac91a1f1f213b04c2031ef3","2026-10-09 12:51"
"rileyrhino","641248c0330b8c5355f5a56f","Dadzio","62e033ce217ecdfb2101edf8","6ac919a1cd7220c052700dfc","2026-10-09 12:51"
"kober","67ad18a09e150413a5e6fa66","Jerome","62e14841f938d5507c4d31f6","6ac919c11f213b04c2031c6c","2026-10-09 12:51"
"Valen´t","5ecc89febb39467ce83ec462","Lost Paradise","66e46f109b53fcb55436dd52","6ac91aecd779150cd8eeea74","2026-10-09 12:51"
"gg80","63094e1796056024727fc5d5","Ruben","5e1334ba1b34a033c801a9e8","6ac91ad81f213b04c20322a5","2026-10-09 12:51"
"67","6874e2f8ef3960e599abae7c","ましろ","60622a237c864a00019b5334","6ac91aa7cd7220c052700f28","2026-10-09 12:51"
"Alcaraz201610","67817d3a9f4a9ae3490e0fac","Arvanna","66a545e50035c093bfe072bd","6ac91a49816a515650e7b7a7","2026-10-09 12:52"
"SignpostSlayer","5cd1da5575345f65c86dea02","Remen123","5a8437b7ef196f561061b10d","6ac91a2fd779150cd8eee773","2026-10-09 12:52"
"kober","67ad18a09e150413a5e6fa66","Mati_01","626d0e7318005f1f25a53151","6ac91abe1f213b04c203223c","2026-10-09 12:53"
"Chris Peacock","61a919ce1763cb0001d21547","Retolas","66cf8105b84b9d81a2090df9","6ac919b71f213b04c2031c0b","2026-10-09 12:53"
"Joshkabloomy","604c5a52e142340001a0a666","brikiiee","5e3c38301e34a04020543bbf","6ac91aad7c0d7c57ca2f73dd","2026-10-09 12:53"
"Pandazan","632e19f3f0149e276027d38e","67","6874e2f8ef3960e599abae7c","6ac91ab9816a515650e7b9a8","2026-10-09 12:53"
"Jackkincaid","5d698d4ab4ec17864c52c785","esther","5ec5509af849319644f425b8","6ac91979d779150cd8eee40b","2026-10-09 12:54"
"kober","67ad18a09e150413a5e6fa66","Valen´t","5ecc89febb39467ce83ec462","6ac91b62816a515650e7bc3a","2026-10-09 12:55"
"Ruben","5e1334ba1b34a033c801a9e8","Lost Paradise","66e46f109b53fcb55436dd52","6ac91b617c0d7c57ca2f770b","2026-10-09 12:55"
"ましろ","60622a237c864a00019b5334","Herr pingo panda😎","67f6c066040884645dbdb8c6","6ac91b42d779150cd8eeebd1","2026-10-09 12:55"
"Gabsol","5d658aaeb4ec17864c5272e2","📺 TTV: TaterN0t","6a60cb66561c205d0831e2ad","6ac91a621f213b04c203203c","2026-10-09 12:56"
"kuba & Qule0 Shared Alt","68582b5f8e62427811441b60","67","6874e2f8ef3960e599abae7c","6ac91c5e816a515650e7c14c","2026-10-09 12:56"
"Clemens ☭🚬","672ccfbbce4fd1d4b6b8bf90","houmreu (Youtube)","5b571ce97135fa0e48b2d9f8","6ac91a78d779150cd8eee8a9","2026-10-09 12:56"
"bezzo","5c4b0baa98004e87dc4ba512","67","6874e2f8ef3960e599abae7c","6ac91b8f816a515650e7bd48","2026-10-09 12:56"
"DeadHorse","662ea7b2692b73741f6267ed","Lster95","6875664f91065c0938397061","6ac91bb00042b6fc259f36ba","2026-10-09 12:56"
"kober","67ad18a09e150413a5e6fa66","Jerome","62e14841f938d5507c4d31f6","6ac91bf01f213b04c2032917","2026-10-09 12:57"
"I Am Adam","61c4c33c96f28e000171006f","MattLeTiss","5ed25d45bb39467ce8402707","6ac91b8d7c0d7c57ca2f7818","2026-10-09 12:57"
"plotter","674c4756fb60b9f111e6e0b4","G40","659bc5cd8377051a6322e041","6ac91b27d779150cd8eeeb6f","2026-10-09 12:58"
"🐈‍⬛","68b991f09c534bc7029c53b4","Avandy","60c3535133004c00010451a3","6ac91b1ad66480562f0c30b1","2026-10-09 12:58"
"gg80","63094e1796056024727fc5d5","Maksonic","619d09bdc4ab7000016c68d3","6ac91b7c7c0d7c57ca2f77be","2026-10-09 12:58"
"M1lan","67473d086316c898fe734668","Retolas","66cf8105b84b9d81a2090df9","6ac91c0bd779150cd8eef007","2026-10-09 12:58"
"FAST66","68fe3a19704e6ee9db9c333a","Siemeon","62dc07edf32847e5836668f1","6ac91b7c1f213b04c2032671","2026-10-09 12:59"
"Mati_01","626d0e7318005f1f25a53151","Valen´t","5ecc89febb39467ce83ec462","6ac91c431f213b04c2032ae2","2026-10-09 12:59"
"Lost Paradise","66e46f109b53fcb55436dd52","Ruben","5e1334ba1b34a033c801a9e8","6ac91c6f816a515650e7c1ab","2026-10-09 12:59"
"Grzejnik","5fb2653d0fc1350001294999","#1 multiplier harvester 🫃","626fc4565f225f253556ea95","6ac9191e1f213b04c2031917","2026-10-09 12:59"
"SigmaLigma","641e0c54c1155de1803057b1","DeadHorse","662ea7b2692b73741f6267ed","6ac91cb61f213b04c2032d66","2026-10-09 12:59"
"rileyrhino","641248c0330b8c5355f5a56f","Retolas","66cf8105b84b9d81a2090df9","6ac91c71d779150cd8eef250","2026-10-09 13:00"
"kober","67ad18a09e150413a5e6fa66","Jerome","62e14841f938d5507c4d31f6","6ac91bf01f213b04c2032917","2026-10-09 13:00"
"houmreu (Youtube)","5b571ce97135fa0e48b2d9f8","ましろ","60622a237c864a00019b5334","6ac91cab1f213b04c2032d0d","2026-10-09 13:00"
"Brzoza","60ababeffb1efa0001302754","Fructidor","5e3712631e34a03504349945","6ac91a261f213b04c2031f1c","2026-10-09 13:01"
"Joshkabloomy","604c5a52e142340001a0a666","brikiiee","5e3c38301e34a04020543bbf","6ac91bed1f213b04c203290c","2026-10-09 13:01"
"Pikselat0r (retiring)","6912d873ef3380557dd45eec","67","6874e2f8ef3960e599abae7c","6ac91d2c1f213b04c20330a3","2026-10-09 13:01"
"kober","67ad18a09e150413a5e6fa66","🐈‍⬛","68b991f09c534bc7029c53b4","6ac91d200042b6fc259f3cb6","2026-10-09 13:02"
"G40","659bc5cd8377051a6322e041","Retolas","66cf8105b84b9d81a2090df9","6ac91d1dcd7220c05270124c","2026-10-09 13:02"
"rileyrhino","641248c0330b8c5355f5a56f","plotter","674c4756fb60b9f111e6e0b4","6ac91d5e816a515650e7c645","2026-10-09 13:03"
"Siemeon","62dc07edf32847e5836668f1","FAST66","68fe3a19704e6ee9db9c333a","6ac91d4b816a515650e7c5f7","2026-10-09 13:04"
"Dadzio","62e033ce217ecdfb2101edf8","Mati_01","626d0e7318005f1f25a53151","6ac91d611f213b04c2033186","2026-10-09 13:04"
"gg80","63094e1796056024727fc5d5","Valen´t","5ecc89febb39467ce83ec462","6ac91d4cd779150cd8eef6b3","2026-10-09 13:04"
"📺 TTV: TaterN0t","6a60cb66561c205d0831e2ad","Gabsol","5d658aaeb4ec17864c5272e2","6ac91ca71f213b04c2032cec","2026-10-09 13:04"
"Lost Paradise","66e46f109b53fcb55436dd52","Avandy","60c3535133004c00010451a3","6ac91d437c0d7c57ca2f8078","2026-10-09 13:04"
"bezzo","5c4b0baa98004e87dc4ba512","67","6874e2f8ef3960e599abae7c","6ac91d681f213b04c20331a9","2026-10-09 13:04"
"houmreu (Youtube)","5b571ce97135fa0e48b2d9f8","ましろ","60622a237c864a00019b5334","6ac91de5816a515650e7c89d","2026-10-09 13:04"
"FAST66","68fe3a19704e6ee9db9c333a","Siemeon","62dc07edf32847e5836668f1","6ac91e62d779150cd8eefc1d","2026-10-09 13:05"
"M1lan","67473d086316c898fe734668","Preussen","64da4d57e44ffbb819d935b1","6ac91d067c0d7c57ca2f7f20","2026-10-09 13:05"
"👁️AAAAAAAAAAAAA👁️","69751c89c3036f77b93fb696","Retolas","66cf8105b84b9d81a2090df9","6ac91d667c0d7c57ca2f80fb","2026-10-09 13:05"
"Chris Peacock","61a919ce1763cb0001d21547","Brzoza","60ababeffb1efa0001302754","6ac91db5d779150cd8eef8af","2026-10-09 13:06"
"Julian","5a8eb2d498cc2c6744a88ce4","Joshkabloomy","604c5a52e142340001a0a666","6ac91dfd1f213b04c20334b1","2026-10-09 13:06"
"67","6874e2f8ef3960e599abae7c","Ruben","5e1334ba1b34a033c801a9e8","6ac91e3d1f213b04c2033642","2026-10-09 13:06"
"Dadzio","62e033ce217ecdfb2101edf8","Mati_01","626d0e7318005f1f25a53151","6ac91e867c0d7c57ca2f8596","2026-10-09 13:07"
"Gabsol","5d658aaeb4ec17864c5272e2","Anonymous","5eccd6d68d6ade72cc836cb8","6ac91e7d0042b6fc259f41b1","2026-10-09 13:07"
"🐈‍⬛","68b991f09c534bc7029c53b4","kober","67ad18a09e150413a5e6fa66","6ac91e71816a515650e7cb1f","2026-10-09 13:08"
"Chuya✞","66549d4cc725af87c3aa9a34","G40","659bc5cd8377051a6322e041","6ac91e5b1f213b04c20336de","2026-10-09 13:08"
"📺 TTV: TaterN0t","6a60cb66561c205d0831e2ad","Retolas","66cf8105b84b9d81a2090df9","6ac91ea91f213b04c20338b2","2026-10-09 13:08"
"bezzo","5c4b0baa98004e87dc4ba512","67","6874e2f8ef3960e599abae7c","6ac91eb5d779150cd8eefdc9","2026-10-09 13:08"
"svet","650bcea00e522ea6d261b038","SignpostSlayer","5cd1da5575345f65c86dea02","6ac91dc7d779150cd8eef912","2026-10-09 13:08"
"Jackkincaid","5d698d4ab4ec17864c52c785","SigmaLigma","641e0c54c1155de1803057b1","6ac91d537c0d7c57ca2f80b1","2026-10-09 13:08"
"ましろ","60622a237c864a00019b5334","jeyjey1001","5e9dc1026ea510450800fbb9","6ac91e5e7c0d7c57ca2f851c","2026-10-09 13:08"
"TeRuanIsGod","67979da9c2328890129f177e","67","6874e2f8ef3960e599abae7c","6ac91e72d779150cd8eefc88","2026-10-09 13:08"
"OakTree","617eb25d4e0e40000158968f","All","6332fd517356ad2cfcc440d9","6ac91d33d779150cd8eef63c","2026-10-09 13:08"
"Mati_01","626d0e7318005f1f25a53151","o diabo","6165b05d1a1017000125798b","6ac91f20d779150cd8eeffb6","2026-10-09 13:09"
"gg80","63094e1796056024727fc5d5","kuba & Qule0 Shared Alt","68582b5f8e62427811441b60","6ac91e9bd779150cd8eefd4c","2026-10-09 13:09"
"Lost Paradise","66e46f109b53fcb55436dd52","Valen´t","5ecc89febb39467ce83ec462","6ac91e6dd779150cd8eefc60","2026-10-09 13:09"
"Ofendani","5bf882e543196557d45fb414","astrocaryum aculeatum","6527803eee6d63190219c754","6ac91b0b816a515650e7bae2","2026-10-09 13:09"
"Preussen","64da4d57e44ffbb819d935b1","Anonymous","5eccd6d68d6ade72cc836cb8","6ac91f347c0d7c57ca2f88a9","2026-10-09 13:11"
"G40","659bc5cd8377051a6322e041","Retolas","66cf8105b84b9d81a2090df9","6ac91f8ecd7220c052701550","2026-10-09 13:11"
"Ruben","5e1334ba1b34a033c801a9e8","shawty","65c65054c631e61744bcb357","6ac91f13816a515650e7ceae","2026-10-09 13:11"
"bezzo","5c4b0baa98004e87dc4ba512","o diabo","6165b05d1a1017000125798b","6ac91fe41f213b04c203403d","2026-10-09 13:12"
"Pna","6063bbbdf93f57000113fed0","ScabTheSidewalk","691f64b9c0688aaea23c00dd","6ac91f087c0d7c57ca2f87de","2026-10-09 13:12"
"☃️💞Necridanov💞☃️🇫🇷-🇲🇹","61c8e6e43ac48e000144efc9","oh3","6239e8131e5d7a02a973159c","6ac91ee50042b6fc259f43ae","2026-10-09 13:12"
"FAST66","68fe3a19704e6ee9db9c333a","Siemeon","62dc07edf32847e5836668f1","6ac91ebb7c0d7c57ca2f867f","2026-10-09 13:13"
"Dadzio","62e033ce217ecdfb2101edf8","kober","67ad18a09e150413a5e6fa66","6ac91f7ed779150cd8ef01f5","2026-10-09 13:13"
"M1lan","67473d086316c898fe734668","Chris Peacock","61a919ce1763cb0001d21547","6ac91efc816a515650e7ce17","2026-10-09 13:13"
"Valen´t","5ecc89febb39467ce83ec462","Lost Paradise","66e46f109b53fcb55436dd52","6ac91fb11f213b04c2033f37","2026-10-09 13:13"
"OakTree","617eb25d4e0e40000158968f","Lster95","6875664f91065c0938397061","6ac91ffd816a515650e7d2de","2026-10-09 13:13"
"Brzoza","60ababeffb1efa0001302754","stariy_bog","69b480dc874bd08dc9e5878a","6ac91f237c0d7c57ca2f885a","2026-10-09 13:14"
"G40","659bc5cd8377051a6322e041","Retolas","66cf8105b84b9d81a2090df9","6ac91f8ecd7220c052701550","2026-10-09 13:14"
"ましろ","60622a237c864a00019b5334","☃️💞Necridanov💞☃️🇫🇷-🇲🇹","61c8e6e43ac48e000144efc9","6ac92040816a515650e7d40f","2026-10-09 13:14"
"Eveningflag","5bd33608fe3a84037ca1f67d","TeRuanIsGod","67979da9c2328890129f177e","6ac91f7a1f213b04c2033db4","2026-10-09 13:15"
"shawty","65c65054c631e61744bcb357","Ruben","5e1334ba1b34a033c801a9e8","6ac9202f1f213b04c20341cb","2026-10-09 13:15"
"kober","67ad18a09e150413a5e6fa66","Mati_01","626d0e7318005f1f25a53151","6ac91faf816a515650e7d1b1","2026-10-09 13:16"
"o diabo","6165b05d1a1017000125798b","Valen´t","5ecc89febb39467ce83ec462","6ac920837c0d7c57ca2f8e56","2026-10-09 13:16"
"📺 TTV: TaterN0t","6a60cb66561c205d0831e2ad","Chris Peacock","61a919ce1763cb0001d21547","6ac920c3816a515650e7d5fd","2026-10-09 13:16"
"Preussen","64da4d57e44ffbb819d935b1","Retolas","66cf8105b84b9d81a2090df9","6ac91ffe1f213b04c20340e7","2026-10-09 13:16"
"PLK","62179a5c8e88d400010d91ea","Retolas","66cf8105b84b9d81a2090df9","6ac92038d779150cd8ef050c","2026-10-09 13:16"
"svet","650bcea00e522ea6d261b038","SigmaLigma","641e0c54c1155de1803057b1","6ac91f651f213b04c2033d36","2026-10-09 13:16"
"Baron","693f6bdc3353aee359a84f82","Elefantenrennen","62389c45454d59071bc14556","6ac91f4a7c0d7c57ca2f890e","2026-10-09 13:16"
"joniber","60cf2c9800ea7b00015231a2","rileyrhino","641248c0330b8c5355f5a56f","6ac91e57cd7220c0527013cc","2026-10-09 13:17"
"kober","67ad18a09e150413a5e6fa66","Dadzio","62e033ce217ecdfb2101edf8","6ac920a47c0d7c57ca2f8ed8","2026-10-09 13:17"
"o diabo","6165b05d1a1017000125798b","Valen´t","5ecc89febb39467ce83ec462","6ac920837c0d7c57ca2f8e56","2026-10-09 13:17"
"Gabsol","5d658aaeb4ec17864c5272e2","Retolas","66cf8105b84b9d81a2090df9","6ac91f6b1f213b04c2033d5c","2026-10-09 13:17"
"Pna","6063bbbdf93f57000113fed0","remember my name","6a5776b9557fa0b8070897d7","6ac920c4cd7220c0527016a3","2026-10-09 13:17"
"bezzo","5c4b0baa98004e87dc4ba512","Brzoza","60ababeffb1efa0001302754","6ac920b2d779150cd8ef0735","2026-10-09 13:18"
"Ruben","5e1334ba1b34a033c801a9e8","TeRuanIsGod","67979da9c2328890129f177e","6ac92118816a515650e7d774","2026-10-09 13:18"
"ましろ","60622a237c864a00019b5334","☃️💞Necridanov💞☃️🇫🇷-🇲🇹","61c8e6e43ac48e000144efc9","6ac920c8697381fd3786a4f6","2026-10-09 13:18"
"SignpostSlayer","5cd1da5575345f65c86dea02","Saradão","66245f82ee56b7dcb4cfcca3","6ac9206f816a515650e7d4e7","2026-10-09 13:18"
"remember my name","6a5776b9557fa0b8070897d7","67","6874e2f8ef3960e599abae7c","6ac9217dcc1b2e24137e10e9","2026-10-09 13:19"
"SigmaLigma","641e0c54c1155de1803057b1","svet","650bcea00e522ea6d261b038","6ac921367c0d7c57ca2f90f6","2026-10-09 13:20"
"67","6874e2f8ef3960e599abae7c","Ruben","5e1334ba1b34a033c801a9e8","6ac921b17c0d7c57ca2f92b5","2026-10-09 13:20"
"Mati_01","626d0e7318005f1f25a53151","kober","67ad18a09e150413a5e6fa66","6ac921461f213b04c203472e","2026-10-09 13:21"
"Preussen","64da4d57e44ffbb819d935b1","PLK","62179a5c8e88d400010d91ea","6ac9214b7c0d7c57ca2f912d","2026-10-09 13:21"
"Grzejnik","5fb2653d0fc1350001294999","#1 multiplier harvester 🫃","626fc4565f225f253556ea95","6ac91d711f213b04c20331d0","2026-10-09 13:21"
"OakTree","617eb25d4e0e40000158968f","Lster95","6875664f91065c0938397061","6ac920a3d779150cd8ef06fd","2026-10-09 13:21"
"astrocaryum aculeatum","6527803eee6d63190219c754","Ofendani","5bf882e543196557d45fb414","6ac91fb2d779150cd8ef02c7","2026-10-09 13:23"
"Lost Paradise","66e46f109b53fcb55436dd52","Valen´t","5ecc89febb39467ce83ec462","6ac9217cd779150cd8ef0a83","2026-10-09 13:23"
"67","6874e2f8ef3960e599abae7c","#1 multiplier harvester 🫃","626fc4565f225f253556ea95","6ac922500042b6fc259f4f73","2026-10-09 13:23"
"Mati_01","626d0e7318005f1f25a53151","kober","67ad18a09e150413a5e6fa66","6ac9224bd779150cd8ef0de2","2026-10-09 13:24"
"Chris Peacock","61a919ce1763cb0001d21547","📺 TTV: TaterN0t","6a60cb66561c205d0831e2ad","6ac9216dd779150cd8ef0a3a","2026-10-09 13:24"
"Retolas","66cf8105b84b9d81a2090df9","Brzoza","60ababeffb1efa0001302754","6ac921ad1f213b04c2034926","2026-10-09 13:24"
"Ruben","5e1334ba1b34a033c801a9e8","67","6874e2f8ef3960e599abae7c","6ac922380042b6fc259f4f21","2026-10-09 13:24"
"Baron","693f6bdc3353aee359a84f82","Pna","6063bbbdf93f57000113fed0","6ac9217f1f213b04c2034852","2026-10-09 13:24"
"Frouser","676f1d87e37422d9da127424","Dadzio","62e033ce217ecdfb2101edf8","6ac9217c1f213b04c2034843","2026-10-09 13:25"
"Anonymous","5eccd6d68d6ade72cc836cb8","KaczuSiastyy","664a46ec660949cf6274a231","6ac921081f213b04c20345dd","2026-10-09 13:25"
"67","6874e2f8ef3960e599abae7c","Ruben","5e1334ba1b34a033c801a9e8","6ac9231b7c0d7c57ca2f97fd","2026-10-09 13:25"
"Siemeon","62dc07edf32847e5836668f1","Daiiono","5fe17b0ef3881a000180878c","6ac922031f213b04c2034aca","2026-10-09 13:26"
"M1lan","67473d086316c898fe734668","G40","659bc5cd8377051a6322e041","6ac920951f213b04c20343b9","2026-10-09 13:26"
"Preussen","64da4d57e44ffbb819d935b1","👁️AAAAAAAAAAAAA👁️","69751c89c3036f77b93fb696","6ac922680042b6fc259f4fd1","2026-10-09 13:26"
"kober","67ad18a09e150413a5e6fa66","bezzo","5c4b0baa98004e87dc4ba512","6ac922c6d779150cd8ef0ff6","2026-10-09 13:27"
"tozangezan","5a33d4491cbd1560d0eaed6b","Eveningflag","5bd33608fe3a84037ca1f67d","6ac921291f213b04c2034680","2026-10-09 13:27"
"SigmaLigma","641e0c54c1155de1803057b1","svet","650bcea00e522ea6d261b038","6ac92252816a515650e7dcb4","2026-10-09 13:27"
"67","6874e2f8ef3960e599abae7c","Alubus Dumbledore","692fdd96871fb5a05c4dcab0","6ac923357c0d7c57ca2f983f","2026-10-09 13:27"
"All","6332fd517356ad2cfcc440d9","GeoMast3r1","657a408775191cd47432d01a","6ac920497c0d7c57ca2f8d8c","2026-10-09 13:27"
"m4PHI","6465f8a8196d74dad5532e0f","rileyrhino","641248c0330b8c5355f5a56f","6ac9232e1f213b04c203515e","2026-10-09 13:28"
"Valen´t","5ecc89febb39467ce83ec462","Lost Paradise","66e46f109b53fcb55436dd52","6ac92301816a515650e7dfa4","2026-10-09 13:28"
"OakTree","617eb25d4e0e40000158968f","TeRuanIsGod","67979da9c2328890129f177e","6ac9228c1f213b04c2034dca","2026-10-09 13:28"
"Dadzio","62e033ce217ecdfb2101edf8","kober","67ad18a09e150413a5e6fa66","6ac923631f213b04c203525b","2026-10-09 13:29"
"Mati_01","626d0e7318005f1f25a53151","Daiiono","5fe17b0ef3881a000180878c","6ac9237a816a515650e7e133","2026-10-09 13:29"
"📺 TTV: TaterN0t","6a60cb66561c205d0831e2ad","Chris Peacock","61a919ce1763cb0001d21547","6ac923027c0d7c57ca2f97aa","2026-10-09 13:29"
"Brzoza","60ababeffb1efa0001302754","Retolas","66cf8105b84b9d81a2090df9","6ac923291f213b04c2035142","2026-10-09 13:29"
"Baron","693f6bdc3353aee359a84f82","Jarnoo","6807860a7b5e23a92b7f855f","6ac9234cd779150cd8ef11ce","2026-10-09 13:29"
"remember my name","6a5776b9557fa0b8070897d7","Dragon","6046b8d109c0f6000137ee5d","6ac922e51f213b04c2034fc9","2026-10-09 13:29"
"Eveningflag","5bd33608fe3a84037ca1f67d","67","6874e2f8ef3960e599abae7c","6ac923cc1f213b04c2035489","2026-10-09 13:30"
"Mati_01","626d0e7318005f1f25a53151","kober","67ad18a09e150413a5e6fa66","6ac92458d779150cd8ef161d","2026-10-09 13:31"
"Eveningflag","5bd33608fe3a84037ca1f67d","67","6874e2f8ef3960e599abae7c","6ac923cc1f213b04c2035489","2026-10-09 13:31"
"Caetsar","5ec82eb4f849319644f4d9ab","DIFFK THE WORST IRISH PLAYER","5efe8645105829665ce0304a","6ac91fbd1f213b04c2033f6a","2026-10-09 13:31"
"Siemeon","62dc07edf32847e5836668f1","kober","67ad18a09e150413a5e6fa66","6ac923f91f213b04c20355a0","2026-10-09 13:32"
"Preussen","64da4d57e44ffbb819d935b1","M1lan","67473d086316c898fe734668","6ac923b7816a515650e7e23c","2026-10-09 13:32"
"Valen´t","5ecc89febb39467ce83ec462","Daiiono","5fe17b0ef3881a000180878c","6ac924381f213b04c20356c3","2026-10-09 13:32"
"📺 TTV: TaterN0t","6a60cb66561c205d0831e2ad","Retolas","66cf8105b84b9d81a2090df9","6ac924521f213b04c203575b","2026-10-09 13:33"
"Lost Paradise","66e46f109b53fcb55436dd52","bezzo","5c4b0baa98004e87dc4ba512","6ac923fb1f213b04c20355aa","2026-10-09 13:33"
"Baron","693f6bdc3353aee359a84f82","Jarnoo","6807860a7b5e23a92b7f855f","6ac92443a756b30e85c6b494","2026-10-09 13:33"
"svet","650bcea00e522ea6d261b038","SigmaLigma","641e0c54c1155de1803057b1","6ac923e1816a515650e7e2f1","2026-10-09 13:34"
"Mati_01","626d0e7318005f1f25a53151","kober","67ad18a09e150413a5e6fa66","6ac924ac1f213b04c2035934","2026-10-09 13:35"
"Dadzio","62e033ce217ecdfb2101edf8","kober","67ad18a09e150413a5e6fa66","6ac924eb816a515650e7e7ea","2026-10-09 13:35"
"Lost Paradise","66e46f109b53fcb55436dd52","bezzo","5c4b0baa98004e87dc4ba512","6ac925427c0d7c57ca2fa0f7","2026-10-09 13:35"
"G40","659bc5cd8377051a6322e041","👁️AAAAAAAAAAAAA👁️","69751c89c3036f77b93fb696","6ac923f1816a515650e7e34a","2026-10-09 13:35"
"Retolas","66cf8105b84b9d81a2090df9","67","6874e2f8ef3960e599abae7c","6ac924fb1f213b04c2035b13","2026-10-09 13:35"
"Chris Peacock","61a919ce1763cb0001d21547","Retolas","66cf8105b84b9d81a2090df9","6ac924791f213b04c2035813","2026-10-09 13:36"
"bezzo","5c4b0baa98004e87dc4ba512","Lost Paradise","66e46f109b53fcb55436dd52","6ac925ab7c0d7c57ca2fa2d1","2026-10-09 13:36"
"Eveningflag","5bd33608fe3a84037ca1f67d","TeRuanIsGod","67979da9c2328890129f177e","6ac9248d816a515650e7e641","2026-10-09 13:36"
"Żukasz","602cfd5dc397fa0001f09dfb","67","6874e2f8ef3960e599abae7c","6ac925731f213b04c2035def","2026-10-09 13:36"
"Caetsar","5ec82eb4f849319644f4d9ab","67","6874e2f8ef3960e599abae7c","6ac9250c1f213b04c2035b7e","2026-10-09 13:36"
"joniber","60cf2c9800ea7b00015231a2","rileyrhino","641248c0330b8c5355f5a56f","6ac924231f213b04c203565e","2026-10-09 13:37"
"M1lan","67473d086316c898fe734668","📺 TTV: TaterN0t","6a60cb66561c205d0831e2ad","6ac92530cd7220c052701b58","2026-10-09 13:37"
"Valen´t","5ecc89febb39467ce83ec462","Daiiono","5fe17b0ef3881a000180878c","6ac924e91f213b04c2035aa6","2026-10-09 13:37"
"Brzoza","60ababeffb1efa0001302754","Anonymous","5eccd6d68d6ade72cc836cb8","6ac92447d779150cd8ef15d5","2026-10-09 13:37"
"Zezeshaka","60a4bf78880a050001dcaa70","👁️AAAAAAAAAAAAA👁️","69751c89c3036f77b93fb696","6ac925f3973be078e187d826","2026-10-09 13:38"
"m4PHI","6465f8a8196d74dad5532e0f","Siemeon","62dc07edf32847e5836668f1","6ac924ed816a515650e7e7f1","2026-10-09 13:39"
"Dadzio","62e033ce217ecdfb2101edf8","kober","67ad18a09e150413a5e6fa66","6ac925971f213b04c2035eaa","2026-10-09 13:39"
"SigmaLigma","641e0c54c1155de1803057b1","remember my name","6a5776b9557fa0b8070897d7","6ac925937c0d7c57ca2fa27b","2026-10-09 13:40"
"67","6874e2f8ef3960e599abae7c","TeRuanIsGod","67979da9c2328890129f177e","6ac926091f213b04c20360cc","2026-10-09 13:40"
"kober","67ad18a09e150413a5e6fa66","Mati_01","626d0e7318005f1f25a53151","6ac925d6816a515650e7ec20","2026-10-09 13:41"
"Maksonic","619d09bdc4ab7000016c68d3","Preussen","64da4d57e44ffbb819d935b1","6ac925640042b6fc259f5b42","2026-10-09 13:41"
"DerZiggi","5e1a2d512034a0503c2c3cf3","bezzo","5c4b0baa98004e87dc4ba512","6ac926081f213b04c20360c7","2026-10-09 13:41"
"kober","67ad18a09e150413a5e6fa66","Dadzio","62e033ce217ecdfb2101edf8","6ac926bd1f213b04c203643b","2026-10-09 13:42"
"Daiiono","5fe17b0ef3881a000180878c","Lost Paradise","66e46f109b53fcb55436dd52","6ac92628b055b03e7287922c","2026-10-09 13:42"
"Grzejnik","5fb2653d0fc1350001294999","#1 multiplier harvester 🫃","626fc4565f225f253556ea95","6ac9230d1f213b04c20350ba","2026-10-09 13:42"
"kober","67ad18a09e150413a5e6fa66","Mati_01","626d0e7318005f1f25a53151","6ac927061f213b04c20365dc","2026-10-09 13:43"
"Anonymous","5eccd6d68d6ade72cc836cb8","Chris Peacock","61a919ce1763cb0001d21547","6ac92627d779150cd8ef1f06","2026-10-09 13:43"
"67","6874e2f8ef3960e599abae7c","shawty","65c65054c631e61744bcb357","6ac926f21f213b04c2036569","2026-10-09 13:43"
"rileyrhino","641248c0330b8c5355f5a56f","Valen´t","5ecc89febb39467ce83ec462","6ac926651f213b04c20362a5","2026-10-09 13:44"
"irrational","65ba97ce8b2ba0c747ffa3b7","esther","5ec5509af849319644f425b8","6ac924a41f213b04c20358ee","2026-10-09 13:45"
"SigmaLigma","641e0c54c1155de1803057b1","remember my name","6a5776b9557fa0b8070897d7","6ac9273fd779150cd8ef2538","2026-10-09 13:45"
"67","6874e2f8ef3960e599abae7c","Eveningflag","5bd33608fe3a84037ca1f67d","6ac927a81f213b04c20369dc","2026-10-09 13:46"
"📺 TTV: TaterN0t","6a60cb66561c205d0831e2ad","M1lan","67473d086316c898fe734668","6ac92635d779150cd8ef1f60","2026-10-09 13:47"
"bezzo","5c4b0baa98004e87dc4ba512","Finn Siemon","66eb7b4a062332fb60915d65","6ac9273c7c0d7c57ca2faa6d","2026-10-09 13:47"
"67","6874e2f8ef3960e599abae7c","Eveningflag","5bd33608fe3a84037ca1f67d","6ac927a81f213b04c20369dc","2026-10-09 13:47"
"m4PHI","6465f8a8196d74dad5532e0f","rileyrhino","641248c0330b8c5355f5a56f","6ac927e3d779150cd8ef282b","2026-10-09 13:48"
"Daiiono","5fe17b0ef3881a000180878c","Lost Paradise","66e46f109b53fcb55436dd52","6ac927401f213b04c2036771","2026-10-09 13:48"
"DerZiggi","5e1a2d512034a0503c2c3cf3","kober","67ad18a09e150413a5e6fa66","6ac9275f7c0d7c57ca2faaee","2026-10-09 13:48"
"👁️AAAAAAAAAAAAA👁️","69751c89c3036f77b93fb696","Zezeshaka","60a4bf78880a050001dcaa70","6ac926831f213b04c2036347","2026-10-09 13:48"
"shawty","65c65054c631e61744bcb357","67","6874e2f8ef3960e599abae7c","6ac927b0816a515650e7f573","2026-10-09 13:48"
"Mati_01","626d0e7318005f1f25a53151","kober","67ad18a09e150413a5e6fa66","6ac927bd7c0d7c57ca2faccc","2026-10-09 13:50"
"Preussen","64da4d57e44ffbb819d935b1","Anonymous","5eccd6d68d6ade72cc836cb8","6ac927a0d779150cd8ef272a","2026-10-09 13:50"
"Daiiono","5fe17b0ef3881a000180878c","kober","67ad18a09e150413a5e6fa66","6ac928b61f213b04c2036fa6","2026-10-09 13:51"
"📺 TTV: TaterN0t","6a60cb66561c205d0831e2ad","Anonymous","5eccd6d68d6ade72cc836cb8","6ac929231f213b04c20372af","2026-10-09 13:51"
"SigmaLigma","641e0c54c1155de1803057b1","👁️AAAAAAAAAAAAA👁️","69751c89c3036f77b93fb696","6ac928b1816a515650e7fa20","2026-10-09 13:51"
"Eveningflag","5bd33608fe3a84037ca1f67d","Żukasz","602cfd5dc397fa0001f09dfb","6ac928571f213b04c2036dc8","2026-10-09 13:51"
"Arvanna","66a545e50035c093bfe072bd","All","6332fd517356ad2cfcc440d9","6ac9241f1f213b04c2035648","2026-10-09 13:51"
"Retolas","66cf8105b84b9d81a2090df9","tozangezan","5a33d4491cbd1560d0eaed6b","6ac928e71f213b04c203711a","2026-10-09 13:52"
"Stahu","5c4c5e963d925b4af4b88080","Lster95","6875664f91065c0938397061","6ac92805d779150cd8ef28c5","2026-10-09 13:52"
"67","6874e2f8ef3960e599abae7c","franek3215 (very wached)","69bd7ff3c47c5404925b9113","6ac9294b816a515650e7fd0a","2026-10-09 13:53"
"Daiiono","5fe17b0ef3881a000180878c","kober","67ad18a09e150413a5e6fa66","6ac929757c0d7c57ca2fb438","2026-10-09 13:54"
"Valen´t","5ecc89febb39467ce83ec462","Lost Paradise","66e46f109b53fcb55436dd52","6ac928a6d779150cd8ef2b4b","2026-10-09 13:54"
"Clement","635c171d190621fb60d8bb08","Mati_01","626d0e7318005f1f25a53151","6ac92955697381fd3786c306","2026-10-09 13:55"
"bezzo","5c4b0baa98004e87dc4ba512","RJay223","68a7393aba3755f87bd88212","6ac92964290b17532fc863e6","2026-10-09 13:55"
"SigmaLigma","641e0c54c1155de1803057b1","Arvanna","66a545e50035c093bfe072bd","6ac929887c0d7c57ca2fb4f6","2026-10-09 13:55"
"Daiiono","5fe17b0ef3881a000180878c","kober","67ad18a09e150413a5e6fa66","6ac929757c0d7c57ca2fb438","2026-10-09 13:57"
"Stahu","5c4c5e963d925b4af4b88080","tozangezan","5a33d4491cbd1560d0eaed6b","6ac929c0cd7220c0527020a6","2026-10-09 13:57"
"Żukasz","602cfd5dc397fa0001f09dfb","franek3215 (very wached)","69bd7ff3c47c5404925b9113","6ac9298b816a515650e7fdfe","2026-10-09 13:57"
"yuuri22","6202fc2fed74670001f9a180","rileyrhino","641248c0330b8c5355f5a56f","6ac928d6d779150cd8ef2c43","2026-10-09 13:58"
"wichura240","68767692157557d5c76a0ab6","Lost Paradise","66e46f109b53fcb55436dd52","6ac92a401f213b04c2037907","2026-10-09 13:58"
"Zezeshaka","60a4bf78880a050001dcaa70","Whiteout","624db57d4f1305b1abe9ff7f","6ac928b6816a515650e7fa2c","2026-10-09 13:58"
"Eveningflag","5bd33608fe3a84037ca1f67d","remember my name","6a5776b9557fa0b8070897d7","6ac92a14697381fd3786c5a6","2026-10-09 13:58"
"Preussen","64da4d57e44ffbb819d935b1","📺 TTV: TaterN0t","6a60cb66561c205d0831e2ad","6ac9299b1f213b04c203754b","2026-10-09 13:59"
"Superhorstuwe","67f42dea666326f3169cde54","Maksonic","619d09bdc4ab7000016c68d3","6ac929d17c0d7c57ca2fb656","2026-10-09 13:59"
"Mati_01","626d0e7318005f1f25a53151","Clement","635c171d190621fb60d8bb08","6ac92a7e816a515650e80233","2026-10-09 14:00"
"Retolas","66cf8105b84b9d81a2090df9","Gabsol","5d658aaeb4ec17864c5272e2","6ac929f21f213b04c2037786","2026-10-09 14:00"
"Grzejnik","5fb2653d0fc1350001294999","Scholesy","676d0f88ae31f29e4b33fd2c","6ac9294b1f213b04c203739a","2026-10-09 14:00"
"Synxzyyyyyyyyyyyyyyyyyyyyyyyyy","62b9d279343a6042acb35fe8","TeRuanIsGod","67979da9c2328890129f177e","6ac92adcd779150cd8ef35d0","2026-10-09 14:00"
"yuuri22","6202fc2fed74670001f9a180","rileyrhino","641248c0330b8c5355f5a56f","6ac92b251f213b04c2037da7","2026-10-09 14:01"
"kober","67ad18a09e150413a5e6fa66","Valen´t","5ecc89febb39467ce83ec462","6ac92a41d779150cd8ef32e5","2026-10-09 14:01"
"DerZiggi","5e1a2d512034a0503c2c3cf3","bezzo","5c4b0baa98004e87dc4ba512","6ac92ac61f213b04c2037bed","2026-10-09 14:01"
"esther","5ec5509af849319644f425b8","OakTree","617eb25d4e0e40000158968f","6ac92a997c0d7c57ca2fb9ce","2026-10-09 14:01"
"tozangezan","5a33d4491cbd1560d0eaed6b","hyryi","68ab47dfbb1157adc4dd2dcf","6ac92abad779150cd8ef353a","2026-10-09 14:02"
"esther","5ec5509af849319644f425b8","Atomo","5c768795f8f7fb517406fd03","6ac92aa6816a515650e802c2","2026-10-09 14:02"
"kober","67ad18a09e150413a5e6fa66","Valen´t","5ecc89febb39467ce83ec462","6ac92bb17c0d7c57ca2fbe2e","2026-10-09 14:03"
"Iclimbhigher","6594e77717360fe0d27e44d5","Daiiono","5fe17b0ef3881a000180878c","6ac92a381f213b04c20378e4","2026-10-09 14:04"
"Debre","59d0b74bd8fe1d5b30651962","bezzo","5c4b0baa98004e87dc4ba512","6ac92be01f213b04c2038167","2026-10-09 14:04"
"67","6874e2f8ef3960e599abae7c","mav1land","63f4a2bda13ee3ab588d6275","6ac92b8e1f213b04c2037f91","2026-10-09 14:04"
"PolarDune773","66becb13fb442aeb77c3381a","CrazyHorse","661830566555811b1291bac1","6ac92c1a7c0d7c57ca2fc00b","2026-10-09 14:04"
"m4PHI","6465f8a8196d74dad5532e0f","yuuri22","6202fc2fed74670001f9a180","6ac92bcf7c0d7c57ca2fbeb2","2026-10-09 14:05"
"Valen´t","5ecc89febb39467ce83ec462","kober","67ad18a09e150413a5e6fa66","6ac92c44d779150cd8ef3c3f","2026-10-09 14:05"
"DerZiggi","5e1a2d512034a0503c2c3cf3","Maksonic","619d09bdc4ab7000016c68d3","6ac92c241f213b04c20382e9","2026-10-09 14:05"
"esther","5ec5509af849319644f425b8","choco","622e22e69974710001c132e3","6ac92c517c0d7c57ca2fc0fb","2026-10-09 14:05"
"Valen´t","5ecc89febb39467ce83ec462","kober","67ad18a09e150413a5e6fa66","6ac92c44d779150cd8ef3c3f","2026-10-09 14:06"
"Debre","59d0b74bd8fe1d5b30651962","bezzo","5c4b0baa98004e87dc4ba512","6ac92c957c0d7c57ca2fc24e","2026-10-09 14:06"
"Eveningflag","5bd33608fe3a84037ca1f67d","Whiteout","624db57d4f1305b1abe9ff7f","6ac92b33cc1b2e24137e3415","2026-10-09 14:06"
"Leftist Leo 解放巴勒斯坦 🇵🇸 和","60d9c5536dac910001297d14","Herr pingo panda😎","67f6c066040884645dbdb8c6","6ac92bf37c0d7c57ca2fbf65","2026-10-09 14:06"
"Stahu","5c4c5e963d925b4af4b88080","Zezeshaka","60a4bf78880a050001dcaa70","6ac92b23a756b30e85c6cd04","2026-10-09 14:07"
"Clement","635c171d190621fb60d8bb08","Daiiono","5fe17b0ef3881a000180878c","6ac92c7e7c0d7c57ca2fc1af","2026-10-09 14:08"
"tozangezan","5a33d4491cbd1560d0eaed6b","Leo","643ee35e420a82ec7b9e79cc","6ac92c287c0d7c57ca2fc038","2026-10-09 14:08"
"mav1land","63f4a2bda13ee3ab588d6275","Eveningflag","5bd33608fe3a84037ca1f67d","6ac92ce6d779150cd8ef3f3a","2026-10-09 14:08"
"Mati_01","626d0e7318005f1f25a53151","kober","67ad18a09e150413a5e6fa66","6ac92ca07c0d7c57ca2fc28e","2026-10-09 14:09"
"DerZiggi","5e1a2d512034a0503c2c3cf3","Debre","59d0b74bd8fe1d5b30651962","6ac92cfc1f213b04c2038823","2026-10-09 14:09"
"shawty","65c65054c631e61744bcb357","RJay223","68a7393aba3755f87bd88212","6ac92bd9d779150cd8ef39ec","2026-10-09 14:09"
"m4PHI","6465f8a8196d74dad5532e0f","yuuri22","6202fc2fed74670001f9a180","6ac92ccc1f213b04c20386fb","2026-10-09 14:10"
"Daiiono","5fe17b0ef3881a000180878c","kober","67ad18a09e150413a5e6fa66","6ac92d8cd779150cd8ef4280","2026-10-09 14:10"
"Retolas","66cf8105b84b9d81a2090df9","📺 TTV: TaterN0t","6a60cb66561c205d0831e2ad","6ac92b85d779150cd8ef3866","2026-10-09 14:11"
"Synxzyyyyyyyyyyyyyyyyyyyyyyyyy","62b9d279343a6042acb35fe8","mav1land","63f4a2bda13ee3ab588d6275","6ac92d811f213b04c2038b45","2026-10-09 14:11"
"Daiiono","5fe17b0ef3881a000180878c","kober","67ad18a09e150413a5e6fa66","6ac92d8cd779150cd8ef4280","2026-10-09 14:12"
"Eveningflag","5bd33608fe3a84037ca1f67d","67","6874e2f8ef3960e599abae7c","6ac92d77816a515650e8104b","2026-10-09 14:12"
"Eveningflag","5bd33608fe3a84037ca1f67d","67","6874e2f8ef3960e599abae7c","6ac92d77816a515650e8104b","2026-10-09 14:12"
"All","6332fd517356ad2cfcc440d9","Nakiro","5e87ef372ad6cf18f4aad259","6ac929781f213b04c20374a2","2026-10-09 14:12"
"OakTree","617eb25d4e0e40000158968f","esther","5ec5509af849319644f425b8","6ac92ccd0042b6fc259f7513","2026-10-09 14:12"
"Stahu","5c4c5e963d925b4af4b88080","Zezeshaka","60a4bf78880a050001dcaa70","6ac92d1b816a515650e80e94","2026-10-09 14:13"
"OakTree","617eb25d4e0e40000158968f","esther","5ec5509af849319644f425b8","6ac92ccd0042b6fc259f7513","2026-10-09 14:13"
"Leftist Leo 解放巴勒斯坦 🇵🇸 和","60d9c5536dac910001297d14","Herr pingo panda😎","67f6c066040884645dbdb8c6","6ac92defd779150cd8ef4432","2026-10-09 14:13"
"kober","67ad18a09e150413a5e6fa66","Debre","59d0b74bd8fe1d5b30651962","6ac92dd57c0d7c57ca2fc837","2026-10-09 14:14"
"hyryi","68ab47dfbb1157adc4dd2dcf","tozangezan","5a33d4491cbd1560d0eaed6b","6ac92d791f213b04c2038b17","2026-10-09 14:14"
"RJay223","68a7393aba3755f87bd88212","67","6874e2f8ef3960e599abae7c","6ac92da7d779150cd8ef42ed","2026-10-09 14:14"
"Leftist Leo 解放巴勒斯坦 🇵🇸 和","60d9c5536dac910001297d14","67","6874e2f8ef3960e599abae7c","6ac92eacd779150cd8ef47c8","2026-10-09 14:14"
"Clement","635c171d190621fb60d8bb08","Mati_01","626d0e7318005f1f25a53151","6ac92d967c0d7c57ca2fc70a","2026-10-09 14:15"
"Jonas","661ad4c4073f663c21b57fe6","Debre","59d0b74bd8fe1d5b30651962","6ac92edad779150cd8ef4889","2026-10-09 14:15"
"Leftist Leo 解放巴勒斯坦 🇵🇸 和","60d9c5536dac910001297d14","67","6874e2f8ef3960e599abae7c","6ac92eacd779150cd8ef47c8","2026-10-09 14:16"
"esther","5ec5509af849319644f425b8","Leftist Leo 解放巴勒斯坦 🇵🇸 和","60d9c5536dac910001297d14","6ac92eeb816a515650e816f5","2026-10-09 14:16"
"Żukasz","602cfd5dc397fa0001f09dfb","LHeyy","683dc8bdc7582533316244d0","6ac92dd51f213b04c2038d1e","2026-10-09 14:16"
"Geoplex","5fc3dc04ed954900017d7dad","yuuri22","6202fc2fed74670001f9a180","6ac92dd4b055b03e7287ae49","2026-10-09 14:17"
"Daiiono","5fe17b0ef3881a000180878c","kober","67ad18a09e150413a5e6fa66","6ac92e3d7c0d7c57ca2fc9e2","2026-10-09 14:17"
"📺 TTV: TaterN0t","6a60cb66561c205d0831e2ad","maks","6414d29eb61bfefd9d16461e","6ac92e301f213b04c2038f06","2026-10-09 14:17"
"Stahu","5c4c5e963d925b4af4b88080","Zezeshaka","60a4bf78880a050001dcaa70","6ac92ead816a515650e815d5","2026-10-09 14:17"
"tozangezan","5a33d4491cbd1560d0eaed6b","Debre","59d0b74bd8fe1d5b30651962","6ac92f1bd779150cd8ef4996","2026-10-09 14:17"
"67","6874e2f8ef3960e599abae7c","SentyRu","65dc836b33066622c3ebfb88","6ac92ed5816a515650e816b0","2026-10-09 14:17"
"Clement","635c171d190621fb60d8bb08","FAST66","68fe3a19704e6ee9db9c333a","6ac92f03816a515650e81763","2026-10-09 14:18"
"Maksonic","619d09bdc4ab7000016c68d3","Iclimbhigher","6594e77717360fe0d27e44d5","6ac92e831f213b04c2039103","2026-10-09 14:18"
"DeadHorse","662ea7b2692b73741f6267ed","ScabTheSidewalk","691f64b9c0688aaea23c00dd","6ac92e941f213b04c2039180","2026-10-09 14:18"
"67","6874e2f8ef3960e599abae7c","Leftist Leo 解放巴勒斯坦 🇵🇸 和","60d9c5536dac910001297d14","6ac92f5a816a515650e818d4","2026-10-09 14:19"
"Lster95","6875664f91065c0938397061","Primzahl","63a4bfd4030a368d18291a84","6ac92f7ed779150cd8ef4b85","2026-10-09 14:19"
"Chris Peacock","61a919ce1763cb0001d21547","Leo","643ee35e420a82ec7b9e79cc","6ac92d78816a515650e8104e","2026-10-09 14:20"
"Eveningflag","5bd33608fe3a84037ca1f67d","PolarDune773","66becb13fb442aeb77c3381a","6ac92e47816a515650e813da","2026-10-09 14:20"
"Arvanna","66a545e50035c093bfe072bd","Bouman","66f6e27efd3996cffce4e9ab","6ac92abbd779150cd8ef3544","2026-10-09 14:20"
"Mati_01","626d0e7318005f1f25a53151","kober","67ad18a09e150413a5e6fa66","6ac92f101f213b04c2039420","2026-10-09 14:21"
"Zezeshaka","60a4bf78880a050001dcaa70","maks","6414d29eb61bfefd9d16461e","6ac92fa01f213b04c203972a","2026-10-09 14:21"
"esther","5ec5509af849319644f425b8","SentyRu","65dc836b33066622c3ebfb88","6ac92f8c1f213b04c20396c4","2026-10-09 14:21"
"Daiiono","5fe17b0ef3881a000180878c","kober","67ad18a09e150413a5e6fa66","6ac92f9fd779150cd8ef4c18","2026-10-09 14:22"
"Debre","59d0b74bd8fe1d5b30651962","Iclimbhigher","6594e77717360fe0d27e44d5","6ac92fdd1f213b04c203988d","2026-10-09 14:22"
"Pianoman","5e20be8de9473f5b64a60766","irrational","65ba97ce8b2ba0c747ffa3b7","6ac92c21816a515650e8096f","2026-10-09 14:23"
"Mati_01","626d0e7318005f1f25a53151","kober","67ad18a09e150413a5e6fa66","6ac930a3d779150cd8ef5045","2026-10-09 14:24"
"Żukasz","602cfd5dc397fa0001f09dfb","Synxzyyyyyyyyyyyyyyyyyyyyyyyyy","62b9d279343a6042acb35fe8","6ac930af1f213b04c2039d44","2026-10-09 14:24"
"DeadHorse","662ea7b2692b73741f6267ed","GeoIzoard","5ef6bc82308c19725c7ddb1e","6ac92fc41f213b04c20397e5","2026-10-09 14:24"
"yuuri22","6202fc2fed74670001f9a180","FAST66","68fe3a19704e6ee9db9c333a","6ac93017d779150cd8ef4e0c","2026-10-09 14:25"
"kober","67ad18a09e150413a5e6fa66","Daiiono","5fe17b0ef3881a000180878c","6ac930c17c0d7c57ca2fd484","2026-10-09 14:25"
"Lubec","5e974c906ea510372c1e444a","67","6874e2f8ef3960e599abae7c","6ac930f51f213b04c2039eb6","2026-10-09 14:25"
"Debre","59d0b74bd8fe1d5b30651962","DerZiggi","5e1a2d512034a0503c2c3cf3","6ac930b77c0d7c57ca2fd44c","2026-10-09 14:25"
"Leo","643ee35e420a82ec7b9e79cc","67","6874e2f8ef3960e599abae7c","6ac930287c0d7c57ca2fd221","2026-10-09 14:25"
"Eli's Kidney","632042618c4156e6645c5a75","Arvanna","66a545e50035c093bfe072bd","6ac930501f213b04c2039b21","2026-10-09 14:25"
"📺 TTV: TaterN0t","6a60cb66561c205d0831e2ad","Maksonic","619d09bdc4ab7000016c68d3","6ac92fbf1f213b04c20397d0","2026-10-09 14:26"
"Leftist Leo 解放巴勒斯坦 🇵🇸 和","60d9c5536dac910001297d14","67","6874e2f8ef3960e599abae7c","6ac930071f213b04c203996a","2026-10-09 14:26"
"OakTree","617eb25d4e0e40000158968f","Jannik","6a0c58030808c41cb15866fe","6ac930527c0d7c57ca2fd2b8","2026-10-09 14:27"
"Geoplex","5fc3dc04ed954900017d7dad","Clement","635c171d190621fb60d8bb08","6ac92fd51f213b04c203984b","2026-10-09 14:28"
"Gabsol","5d658aaeb4ec17864c5272e2","Grzejnik","5fb2653d0fc1350001294999","6ac92ba07c0d7c57ca2fbde8","2026-10-09 14:28"
"Davido","60b3bf820390be00015ed409","67","6874e2f8ef3960e599abae7c","6ac9314f7c0d7c57ca2fd69f","2026-10-09 14:28"
"Siemeon","62dc07edf32847e5836668f1","Mati_01","626d0e7318005f1f25a53151","6ac9314ad779150cd8ef5349","2026-10-09 14:29"
"kober","67ad18a09e150413a5e6fa66","Daiiono","5fe17b0ef3881a000180878c","6ac93158d779150cd8ef5390","2026-10-09 14:29"
"SentyRu","65dc836b33066622c3ebfb88","67","6874e2f8ef3960e599abae7c","6ac931a71f213b04c203a230","2026-10-09 14:29"
"DeadHorse","662ea7b2692b73741f6267ed","GeoIzoard","5ef6bc82308c19725c7ddb1e","6ac931531f213b04c203a071","2026-10-09 14:29"
"PolarDune773","66becb13fb442aeb77c3381a","RedpandaBjornescu","623cc1d32a07da2bdeb4bc61","6ac9306bd779150cd8ef4f52","2026-10-09 14:29"
"Batze","66264a9232424d7626d17d76","📺 TTV: TaterN0t","6a60cb66561c205d0831e2ad","6ac931971f213b04c203a1d4","2026-10-09 14:30"
"All","6332fd517356ad2cfcc440d9","NusaPole","6312175e6a4ba79a2156a35e","6ac92e4e816a515650e813ed","2026-10-09 14:30"
"xZenith","6846d165a3008977fe607ade","yuuri22","6202fc2fed74670001f9a180","6ac9316ed779150cd8ef53f8","2026-10-09 14:31"
"kober","67ad18a09e150413a5e6fa66","DerZiggi","5e1a2d512034a0503c2c3cf3","6ac93171d779150cd8ef5408","2026-10-09 14:31"
"Leo","643ee35e420a82ec7b9e79cc","Debre","59d0b74bd8fe1d5b30651962","6ac93174816a515650e82244","2026-10-09 14:31"
"Avandy","60c3535133004c00010451a3","Daiiono","5fe17b0ef3881a000180878c","6ac9326c1f213b04c203a612","2026-10-09 14:32"
"maks","6414d29eb61bfefd9d16461e","Chris Peacock","61a919ce1763cb0001d21547","6ac93085cd7220c0527028f0","2026-10-09 14:32"
"67","6874e2f8ef3960e599abae7c","yuyux32","65a3fa0c053e0780db54fd4b","6ac932921f213b04c203a6ac","2026-10-09 14:32"
"twitch.tv/qule0","635d8550c15309de668daf99","Ruari","60258d7d36ff8a0001f5fef5","6ac93109d779150cd8ef522f","2026-10-09 14:32"
"Axel","62bd3ee10958bff9fbeff77a","kober","67ad18a09e150413a5e6fa66","6ac932c71f213b04c203a805","2026-10-09 14:33"
"Mati_01","626d0e7318005f1f25a53151","kober","67ad18a09e150413a5e6fa66","6ac932691f213b04c203a605","2026-10-09 14:33"
"tozangezan","5a33d4491cbd1560d0eaed6b","Eveningflag","5bd33608fe3a84037ca1f67d","6ac9302dd779150cd8ef4e5e","2026-10-09 14:33"
"SentyRu","65dc836b33066622c3ebfb88","Debre","59d0b74bd8fe1d5b30651962","6ac932d11f213b04c203a838","2026-10-09 14:33"
"67","6874e2f8ef3960e599abae7c","Żukasz","602cfd5dc397fa0001f09dfb","6ac9329f1f213b04c203a6f6","2026-10-09 14:33"
"xZenith","6846d165a3008977fe607ade","yuuri22","6202fc2fed74670001f9a180","6ac932f80042b6fc259f8b5c","2026-10-09 14:34"
"Iclimbhigher","6594e77717360fe0d27e44d5","Avandy","60c3535133004c00010451a3","6ac9327e1f213b04c203a661","2026-10-09 14:34"
"Synxzyyyyyyyyyyyyyyyyyyyyyyyyy","62b9d279343a6042acb35fe8","Leftist Leo 解放巴勒斯坦 🇵🇸 和","60d9c5536dac910001297d14","6ac932181f213b04c203a49c","2026-10-09 14:34"
"FAST66","68fe3a19704e6ee9db9c333a","Siemeon","62dc07edf32847e5836668f1","6ac9325b1f213b04c203a5d6","2026-10-09 14:35"
"Debre","59d0b74bd8fe1d5b30651962","SentyRu","65dc836b33066622c3ebfb88","6ac933481f213b04c203aa99","2026-10-09 14:35"
"twitch.tv/qule0","635d8550c15309de668daf99","67","6874e2f8ef3960e599abae7c","6ac93329816a515650e82914","2026-10-09 14:35"
"kober","67ad18a09e150413a5e6fa66","Iclimbhigher","6594e77717360fe0d27e44d5","6ac93394d779150cd8ef5dd6","2026-10-09 14:36"
"Daiiono","5fe17b0ef3881a000180878c","Jonas","661ad4c4073f663c21b57fe6","6ac93318816a515650e828e1","2026-10-09 14:36"
"esther","5ec5509af849319644f425b8","TTV/ArneyBoi69","5afafdf05966956c5c9e4852","6ac931021f213b04c2039ee6","2026-10-09 14:36"
"Eli's Kidney","632042618c4156e6645c5a75","Arvanna","66a545e50035c093bfe072bd","6ac93170d779150cd8ef53fb","2026-10-09 14:36"
"Siemeon","62dc07edf32847e5836668f1","FAST66","68fe3a19704e6ee9db9c333a","6ac933ad7c0d7c57ca2fe000","2026-10-09 14:37"
"xZenith","6846d165a3008977fe607ade","yuuri22","6202fc2fed74670001f9a180","6ac933847c0d7c57ca2fdf6b","2026-10-09 14:37"
"Batze","66264a9232424d7626d17d76","📺 TTV: TaterN0t","6a60cb66561c205d0831e2ad","6ac932a21f213b04c203a701","2026-10-09 14:37"
"DerZiggi","5e1a2d512034a0503c2c3cf3","Avandy","60c3535133004c00010451a3","6ac932b61f213b04c203a770","2026-10-09 14:37"
"Debre","59d0b74bd8fe1d5b30651962","67","6874e2f8ef3960e599abae7c","6ac933e11f213b04c203adfc","2026-10-09 14:37"
"Synxzyyyyyyyyyyyyyyyyyyyyyyyyy","62b9d279343a6042acb35fe8","67","6874e2f8ef3960e599abae7c","6ac93392816a515650e82b22","2026-10-09 14:37"
"SignpostSlayer","5cd1da5575345f65c86dea02","THE_MASTER","62f6a15c8845c40754be1420","6ac932ad7c0d7c57ca2fdbe4","2026-10-09 14:37"
"kober","67ad18a09e150413a5e6fa66","Iclimbhigher","6594e77717360fe0d27e44d5","6ac93394d779150cd8ef5dd6","2026-10-09 14:38"
"Jonas","661ad4c4073f663c21b57fe6","Daiiono","5fe17b0ef3881a000180878c","6ac93414cd7220c052702c7c","2026-10-09 14:38"
"Trichter33","601d95ba49c0980001a824b8","maks","6414d29eb61bfefd9d16461e","6ac93313816a515650e828d3","2026-10-09 14:38"
"DeadHorse","662ea7b2692b73741f6267ed","GeoIzoard","5ef6bc82308c19725c7ddb1e","6ac9328f816a515650e826c9","2026-10-09 14:38"
"TTV/ArneyBoi69","5afafdf05966956c5c9e4852","twitch.tv/qule0","635d8550c15309de668daf99","6ac93438d779150cd8ef6016","2026-10-09 14:39"
"Leftist Leo 解放巴勒斯坦 🇵🇸 和","60d9c5536dac910001297d14","SentyRu","65dc836b33066622c3ebfb88","6ac933bd816a515650e82bbd","2026-10-09 14:39"
"Maksonic","619d09bdc4ab7000016c68d3","Gabsol","5d658aaeb4ec17864c5272e2","6ac9325b0042b6fc259f89a4","2026-10-09 14:40"
"Tatert0t & rope shared alt","63875de4e55ec4234b26d1fb","67","6874e2f8ef3960e599abae7c","6ac934697c0d7c57ca2fe2ec","2026-10-09 14:40"
"kober","67ad18a09e150413a5e6fa66","Iclimbhigher","6594e77717360fe0d27e44d5","6ac9342e816a515650e82d7f","2026-10-09 14:41"
"Jonas","661ad4c4073f663c21b57fe6","Avandy","60c3535133004c00010451a3","6ac9347cd779150cd8ef6126","2026-10-09 14:41"
"Eveningflag","5bd33608fe3a84037ca1f67d","Anonymous","5eccd6d68d6ade72cc836cb8","6ac933737c0d7c57ca2fdefc","2026-10-09 14:41"
"67","6874e2f8ef3960e599abae7c","Bad for 5K","6977deb37152525cbd406635","6ac934f2d779150cd8ef636a","2026-10-09 14:41"
"Siemeon","62dc07edf32847e5836668f1","FAST66","68fe3a19704e6ee9db9c333a","6ac934537c0d7c57ca2fe286","2026-10-09 14:42"
"DerZiggi","5e1a2d512034a0503c2c3cf3","Daiiono","5fe17b0ef3881a000180878c","6ac9346d1f213b04c203b101","2026-10-09 14:42"
"RLH","59cb9d49572f0e4c689c1c88","67","6874e2f8ef3960e599abae7c","6ac9343c1f213b04c203aff9","2026-10-09 14:42"
"Synxzyyyyyyyyyyyyyyyyyyyyyyyyy","62b9d279343a6042acb35fe8","Köröskényi István","5922abce1bba700c703b0c00","6ac934a31f213b04c203b209","2026-10-09 14:42"
"FAST66","68fe3a19704e6ee9db9c333a","Siemeon","62dc07edf32847e5836668f1","6ac93551816a515650e8328b","2026-10-09 14:43"
"Pasord","6669c659ca16186b5a3dbc35","Chris Peacock","61a919ce1763cb0001d21547","6ac9338e1f213b04c203ac70","2026-10-09 14:43"
"PolarDune773","66becb13fb442aeb77c3381a","yuyux32","65a3fa0c053e0780db54fd4b","6ac934061f213b04c203aea8","2026-10-09 14:43"
"yuuri22","6202fc2fed74670001f9a180","xZenith","6846d165a3008977fe607ade","6ac93426d779150cd8ef5fc9","2026-10-09 14:44"
"DerZiggi","5e1a2d512034a0503c2c3cf3","kober","67ad18a09e150413a5e6fa66","6ac93565816a515650e832e5","2026-10-09 14:44"
"Debre","59d0b74bd8fe1d5b30651962","Avandy","60c3535133004c00010451a3","6ac934990042b6fc259f917c","2026-10-09 14:44"
"67","6874e2f8ef3960e599abae7c","Bad for 5K","6977deb37152525cbd406635","6ac93563816a515650e832dd","2026-10-09 14:44"
"Geoplex","5fc3dc04ed954900017d7dad","Herrjiell","6463ce1ce623a26f09da5866","6ac934c7973be078e18808ac","2026-10-09 14:45"
"67","6874e2f8ef3960e599abae7c","Bad for 5K","6977deb37152525cbd406635","6ac93563816a515650e832dd","2026-10-09 14:45"
"botje","65ef376b2528c8b0fb2b5e4c","stepanartt","60ab9a9195cb750001fb3b69","6ac93516d779150cd8ef644b","2026-10-09 14:45"
"DeadHorse","662ea7b2692b73741f6267ed","twitch.tv/qule0","635d8550c15309de668daf99","6ac934b51f213b04c203b269","2026-10-09 14:45"
"Pikselat0r (retiring)","6912d873ef3380557dd45eec","Ruari","60258d7d36ff8a0001f5fef5","6ac9333d2a4868a4a95a7c2b","2026-10-09 14:45"
"xZenith","6846d165a3008977fe607ade","yuuri22","6202fc2fed74670001f9a180","6ac935d0d779150cd8ef6715","2026-10-09 14:47"
"kober","67ad18a09e150413a5e6fa66","DerZiggi","5e1a2d512034a0503c2c3cf3","6ac935df7c0d7c57ca2fe920","2026-10-09 14:47"
"Avandy","60c3535133004c00010451a3","Debre","59d0b74bd8fe1d5b30651962","6ac935dbd779150cd8ef6742","2026-10-09 14:47"
"Leroy","6984de4267015bc9a6109cae","Synxzyyyyyyyyyyyyyyyyyyyyyyyyy","62b9d279343a6042acb35fe8","6ac935c61f213b04c203b8d7","2026-10-09 14:47"
"Tatert0t & rope shared alt","63875de4e55ec4234b26d1fb","Eveningflag","5bd33608fe3a84037ca1f67d","6ac93541816a515650e8322a","2026-10-09 14:47"
"xZenith","6846d165a3008977fe607ade","yuuri22","6202fc2fed74670001f9a180","6ac936751f213b04c203bc29","2026-10-09 14:48"
"Mati_01","626d0e7318005f1f25a53151","kober","67ad18a09e150413a5e6fa66","6ac935d5816a515650e834bf","2026-10-09 14:48"
"Trichter33","601d95ba49c0980001a824b8","maks","6414d29eb61bfefd9d16461e","6ac9347b973be078e188079c","2026-10-09 14:48"
"kober","67ad18a09e150413a5e6fa66","Mati_01","626d0e7318005f1f25a53151","6ac936c9d779150cd8ef6b49","2026-10-09 14:49"
"📺 TTV: TaterN0t","6a60cb66561c205d0831e2ad","Batze","66264a9232424d7626d17d76","6ac934600042b6fc259f909f","2026-10-09 14:49"
"Anonymous","5eccd6d68d6ade72cc836cb8","Gabsol","5d658aaeb4ec17864c5272e2","6ac935607c0d7c57ca2fe700","2026-10-09 14:49"
"67","6874e2f8ef3960e599abae7c","Leftist Leo 解放巴勒斯坦 🇵🇸 和","60d9c5536dac910001297d14","6ac9360e1f213b04c203ba3a","2026-10-09 14:49"
"twitch.tv/qule0","635d8550c15309de668daf99","Gknolle9","638a068b6709ad1074d14898","6ac936240042b6fc259f977c","2026-10-09 14:49"
"xenoxvx","656a6671f86dd57dbb5e2d65","OakTree","617eb25d4e0e40000158968f","6ac935471f213b04c203b60b","2026-10-09 14:49"
"kober","67ad18a09e150413a5e6fa66","Mati_01","626d0e7318005f1f25a53151","6ac936c9d779150cd8ef6b49","2026-10-09 14:50"
"stepanartt","60ab9a9195cb750001fb3b69","67","6874e2f8ef3960e599abae7c","6ac93625816a515650e835ca","2026-10-09 14:50"
"botje","65ef376b2528c8b0fb2b5e4c","DeadHorse","662ea7b2692b73741f6267ed","6ac9360ed779150cd8ef680f","2026-10-09 14:50"
"TTV/ArneyBoi69","5afafdf05966956c5c9e4852","Alcaraz201610","67817d3a9f4a9ae3490e0fac","6ac934f31f213b04c203b3f9","2026-10-09 14:50"
"Tatert0t & rope shared alt","63875de4e55ec4234b26d1fb","Zezeshaka","60a4bf78880a050001dcaa70","6ac9368d1f213b04c203bcca","2026-10-09 14:51"
"Loars_","67c023fa843f4449095fd251","Synxzyyyyyyyyyyyyyyyyyyyyyyyyy","62b9d279343a6042acb35fe8","6ac937151f213b04c203bfc2","2026-10-09 14:51"
"Leftist Leo 解放巴勒斯坦 🇵🇸 和","60d9c5536dac910001297d14","Gknolle9","638a068b6709ad1074d14898","6ac937221f213b04c203bffa","2026-10-09 14:51"
"maks","6414d29eb61bfefd9d16461e","Gabsol","5d658aaeb4ec17864c5272e2","6ac936f51f213b04c203bf07","2026-10-09 14:52"
"67","6874e2f8ef3960e599abae7c","Avandy","60c3535133004c00010451a3","6ac93730d779150cd8ef6d06","2026-10-09 14:52"
"SignpostSlayer","5cd1da5575345f65c86dea02","twitch.tv/qule0","635d8550c15309de668daf99","6ac9371a1f213b04c203bfd7","2026-10-09 14:52"
"Siemeon","62dc07edf32847e5836668f1","FAST66","68fe3a19704e6ee9db9c333a","6ac935bb7c0d7c57ca2fe886","2026-10-09 14:53"
"kober","67ad18a09e150413a5e6fa66","Mati_01","626d0e7318005f1f25a53151","6ac93709816a515650e83992","2026-10-09 14:53"
"Daiiono","5fe17b0ef3881a000180878c","Pasord","6669c659ca16186b5a3dbc35","6ac935982e0d9986dd4097aa","2026-10-09 14:53"
"Debre","59d0b74bd8fe1d5b30651962","Eveningflag","5bd33608fe3a84037ca1f67d","6ac936a01f213b04c203bd38","2026-10-09 14:53"
"Zezeshaka","60a4bf78880a050001dcaa70","Loars_","67c023fa843f4449095fd251","6ac93791816a515650e83be8","2026-10-09 14:54"
"xZenith","6846d165a3008977fe607ade","hoppyface","5d6e4022b4ec1709f0729979","6ac9371b816a515650e839c2","2026-10-09 14:55"
"67","6874e2f8ef3960e599abae7c","Avandy","60c3535133004c00010451a3","6ac93730d779150cd8ef6d06","2026-10-09 14:55"
"Tatert0t & rope shared alt","63875de4e55ec4234b26d1fb","67","6874e2f8ef3960e599abae7c","6ac937807c0d7c57ca2fef8f","2026-10-09 14:55"
"Alcaraz201610","67817d3a9f4a9ae3490e0fac","ましろ","60622a237c864a00019b5334","6ac93778816a515650e83b62","2026-10-09 14:55"
"DerZiggi","5e1a2d512034a0503c2c3cf3","67","6874e2f8ef3960e599abae7c","6ac9376d1f213b04c203c183","2026-10-09 14:56"
"maks","6414d29eb61bfefd9d16461e","Gabsol","5d658aaeb4ec17864c5272e2","6ac937bc7c0d7c57ca2ff0bc","2026-10-09 14:56"
"stepanartt","60ab9a9195cb750001fb3b69","67","6874e2f8ef3960e599abae7c","6ac937c60042b6fc259f9cae","2026-10-09 14:56"
"twitch.tv/qule0","635d8550c15309de668daf99","Ratt","67adda06e36339976840db35","6ac937bd1f213b04c203c311","2026-10-09 14:56"
"BootyBread","5c9d59dde92b0c6610726f31","DeadHorse","662ea7b2692b73741f6267ed","6ac93750d779150cd8ef6d93","2026-10-09 14:56"
"Siemeon","62dc07edf32847e5836668f1","Delema()()()","65869f62df3f7bea3fa1d675","6ac937f51f213b04c203c439","2026-10-09 14:57"
"r.","68261ad84859ebc8db2448a4","Cristalina 🪽","595fc5209a4f70bbd892e251","6ac93828d779150cd8ef713e","2026-10-09 14:57"
"Pasord","6669c659ca16186b5a3dbc35","Zezeshaka","60a4bf78880a050001dcaa70","6ac938321f213b04c203c534","2026-10-09 14:57"
"Loars_","67c023fa843f4449095fd251","OakTree","617eb25d4e0e40000158968f","6ac938591f213b04c203c62f","2026-10-09 14:57"
"PolarDune773","66becb13fb442aeb77c3381a","ScabTheSidewalk","691f64b9c0688aaea23c00dd","6ac937341f213b04c203c059","2026-10-09 14:57"
"Daiiono","5fe17b0ef3881a000180878c","Mati_01","626d0e7318005f1f25a53151","6ac938141f213b04c203c4b8","2026-10-09 14:58"
"Lillysbruder","6471c2e45410e20734aedca1","Nakiro","5e87ef372ad6cf18f4aad259","6ac932241f213b04c203a4de","2026-10-09 14:58"
"botje","65ef376b2528c8b0fb2b5e4c","TTV/ArneyBoi69","5afafdf05966956c5c9e4852","6ac93748816a515650e83aa8","2026-10-09 14:58"
"Eveningflag","5bd33608fe3a84037ca1f67d","NirvaHAINE","5ea6984397d6cf4a547fae04","6ac937f57c0d7c57ca2ff1b6","2026-10-09 14:58"
"Ruari","60258d7d36ff8a0001f5fef5","Pikselat0r (retiring)","6912d873ef3380557dd45eec","6ac93631816a515650e835ee","2026-10-09 14:58"
"kenny","65cbc406504fe72cd8cea23e","Herrjiell","6463ce1ce623a26f09da5866","6ac93740816a515650e83a79","2026-10-09 14:59"
"Mati_01","626d0e7318005f1f25a53151","Daiiono","5fe17b0ef3881a000180878c","6ac93915816a515650e84297","2026-10-09 14:59"
"Debre","59d0b74bd8fe1d5b30651962","Avandy","60c3535133004c00010451a3","6ac937e2816a515650e83d57","2026-10-09 14:59"
"Leroy","6984de4267015bc9a6109cae","Chris Peacock","61a919ce1763cb0001d21547","6ac938651f213b04c203c676","2026-10-09 14:59"
"67","6874e2f8ef3960e599abae7c","Cristalina 🪽","595fc5209a4f70bbd892e251","6ac938ec816a515650e8420d","2026-10-09 15:00"
"Ratt","67adda06e36339976840db35","nevada","6299d3a1e3066f290c479350","6ac938dfcd7220c0527031d8","2026-10-09 15:00"
"xZenith","6846d165a3008977fe607ade","hoppyface","5d6e4022b4ec1709f0729979","6ac938c0d66480562f0c9803","2026-10-09 15:01"
"FAST66","68fe3a19704e6ee9db9c333a","Siemeon","62dc07edf32847e5836668f1","6ac938df0042b6fc259fa05f","2026-10-09 15:01"
"maks","6414d29eb61bfefd9d16461e","Gabsol","5d658aaeb4ec17864c5272e2","6ac938a4d779150cd8ef73a2","2026-10-09 15:01"
"SignpostSlayer","5cd1da5575345f65c86dea02","Zezeshaka","60a4bf78880a050001dcaa70","6ac938fd1f213b04c203c9c9","2026-10-09 15:01"
"keycam","574c348877abe9cba8d2712d","Arvanna","66a545e50035c093bfe072bd","6ac937a2816a515650e83c22","2026-10-09 15:01"
"Ruari","60258d7d36ff8a0001f5fef5","TTV/ArneyBoi69","5afafdf05966956c5c9e4852","6ac939261f213b04c203cab1","2026-10-09 15:01"
"Batze","66264a9232424d7626d17d76","📺 TTV: TaterN0t","6a60cb66561c205d0831e2ad","6ac937137c0d7c57ca2fedd4","2026-10-09 15:02"
"Debre","59d0b74bd8fe1d5b30651962","Avandy","60c3535133004c00010451a3","6ac9394ed779150cd8ef766e","2026-10-09 15:02"
"DevGeo(YT)","636157b9cf326cd4ca7a9ead","Eli's Kidney","632042618c4156e6645c5a75","6ac938231f213b04c203c4fb","2026-10-09 15:02"
"xenoxvx","656a6671f86dd57dbb5e2d65","Alcaraz201610","67817d3a9f4a9ae3490e0fac","6ac9389dcd7220c05270319f","2026-10-09 15:02"
"Delema()()()","65869f62df3f7bea3fa1d675","Siemeon","62dc07edf32847e5836668f1","6ac939ca7c0d7c57ca2ff9a5","2026-10-09 15:03"
"DerZiggi","5e1a2d512034a0503c2c3cf3","r.","68261ad84859ebc8db2448a4","6ac938e32a4868a4a95a8ddd","2026-10-09 15:03"
"NORTHEASTGOD","65e0ff94c1294fdd6dc5dc4c","Trichter33","601d95ba49c0980001a824b8","6ac93900816a515650e84249","2026-10-09 15:03"
"Leroy","6984de4267015bc9a6109cae","Chris Peacock","61a919ce1763cb0001d21547","6ac9394a816a515650e84373","2026-10-09 15:03"
"Michael Json","6866d268906ee7386a2994cd","Zezeshaka","60a4bf78880a050001dcaa70","6ac939ed816a515650e84699","2026-10-09 15:03"
"67","6874e2f8ef3960e599abae7c","Eveningflag","5bd33608fe3a84037ca1f67d","6ac9391f7c0d7c57ca2ff6c4","2026-10-09 15:03"
"Mati_01","626d0e7318005f1f25a53151","Daiiono","5fe17b0ef3881a000180878c","6ac9395b816a515650e843c1","2026-10-09 15:04"
"Debre","59d0b74bd8fe1d5b30651962","Avandy","60c3535133004c00010451a3","6ac939ff1f213b04c203cf77","2026-10-09 15:04"
"maks","6414d29eb61bfefd9d16461e","Gabsol","5d658aaeb4ec17864c5272e2","6ac939d71f213b04c203ce92","2026-10-09 15:04"
"hoppyface","5d6e4022b4ec1709f0729979","Siemeon","62dc07edf32847e5836668f1","6ac93a411f213b04c203d0f2","2026-10-09 15:05"
"Cristalina 🪽","595fc5209a4f70bbd892e251","67","6874e2f8ef3960e599abae7c","6ac939971f213b04c203ccec","2026-10-09 15:05"
"cozy","5eee1ae86a7c6a4edc0f7f94","Ratt","67adda06e36339976840db35","6ac939a01f213b04c203cd3e","2026-10-09 15:05"
"DeadHorse","662ea7b2692b73741f6267ed","BootyBread","5c9d59dde92b0c6610726f31","6ac938aed779150cd8ef73d1","2026-10-09 15:05"
"Daiiono","5fe17b0ef3881a000180878c","DerZiggi","5e1a2d512034a0503c2c3cf3","6ac93a8b724ec8a6254bfb21","2026-10-09 15:06"
"67","6874e2f8ef3960e599abae7c","Leroy","6984de4267015bc9a6109cae","6ac93a651f213b04c203d1a7","2026-10-09 15:06"
"DevGeo(YT)","636157b9cf326cd4ca7a9ead","Alcaraz201610","67817d3a9f4a9ae3490e0fac","6ac93a111f213b04c203cfdf","2026-10-09 15:06"
"PolarDune773","66becb13fb442aeb77c3381a","ScabTheSidewalk","691f64b9c0688aaea23c00dd","6ac938ea1f213b04c203c952","2026-10-09 15:06"
"Geoplex","5fc3dc04ed954900017d7dad","kenny","65cbc406504fe72cd8cea23e","6ac939751f213b04c203cc2f","2026-10-09 15:07"
"Debre","59d0b74bd8fe1d5b30651962","Avandy","60c3535133004c00010451a3","6ac93a8b7c0d7c57ca2ffd23","2026-10-09 15:07"
"Daiiono","5fe17b0ef3881a000180878c","DerZiggi","5e1a2d512034a0503c2c3cf3","6ac93b15816a515650e84b99","2026-10-09 15:08"
"maks","6414d29eb61bfefd9d16461e","Gabsol","5d658aaeb4ec17864c5272e2","6ac93a951f213b04c203d2bb","2026-10-09 15:08"
"Michael Json","6866d268906ee7386a2994cd","Trichter33","601d95ba49c0980001a824b8","6ac93a3f1f213b04c203d0e7","2026-10-09 15:08"
"Lillysbruder","6471c2e45410e20734aedca1","Pasord","6669c659ca16186b5a3dbc35","6ac93940816a515650e84340","2026-10-09 15:08"
"SentyRu","65dc836b33066622c3ebfb88","nevada","6299d3a1e3066f290c479350","6ac93a3e816a515650e84801","2026-10-09 15:08"
"GeoMango","640633579d4e23ba52d7b054","Gknolle9","638a068b6709ad1074d14898","6ac93a591f213b04c203d16f","2026-10-09 15:08"
"xZenith","6846d165a3008977fe607ade","FAST66","68fe3a19704e6ee9db9c333a","6ac939c5d779150cd8ef7887","2026-10-09 15:09"
"Cristalina 🪽","595fc5209a4f70bbd892e251","67","6874e2f8ef3960e599abae7c","6ac93ab61f213b04c203d384","2026-10-09 15:09"
"twitch.tv/qule0","635d8550c15309de668daf99","Dumb American","6439eb2cff2ea2c2416028fc","6ac93aed697381fd3786fcb8","2026-10-09 15:10"
"Lubec","5e974c906ea510372c1e444a","Mati_01","626d0e7318005f1f25a53151","6ac93adad779150cd8ef7d6e","2026-10-09 15:11"
"maks","6414d29eb61bfefd9d16461e","Pasord","6669c659ca16186b5a3dbc35","6ac93b6e1f213b04c203d7ed","2026-10-09 15:11"
"Avandy","60c3535133004c00010451a3","67","6874e2f8ef3960e599abae7c","6ac93b680042b6fc259fa98e","2026-10-09 15:11"
"SentyRu","65dc836b33066622c3ebfb88","nevada","6299d3a1e3066f290c479350","6ac93b941f213b04c203d8da","2026-10-09 15:11"
"PolarDune773","66becb13fb442aeb77c3381a","ScabTheSidewalk","691f64b9c0688aaea23c00dd","6ac93b4e1f213b04c203d72a","2026-10-09 15:11"
"xZenith","6846d165a3008977fe607ade","Delema()()()","65869f62df3f7bea3fa1d675","6ac93bbc816a515650e84e74","2026-10-09 15:12"
"r.","68261ad84859ebc8db2448a4","Leroy","6984de4267015bc9a6109cae","6ac93b02816a515650e84b5c","2026-10-09 15:12"
"Chris Peacock","61a919ce1763cb0001d21547","67","6874e2f8ef3960e599abae7c","6ac93b33816a515650e84c36","2026-10-09 15:12"
"cozy","5eee1ae86a7c6a4edc0f7f94","DeadHorse","662ea7b2692b73741f6267ed","6ac93abbd779150cd8ef7ca2","2026-10-09 15:12"
"Debre","59d0b74bd8fe1d5b30651962","wang","64df30f334185dd27cf839a7","6ac93b3b816a515650e84c56","2026-10-09 15:13"
"Arvanna","66a545e50035c093bfe072bd","Eli's Kidney","632042618c4156e6645c5a75","6ac939f9816a515650e846e4","2026-10-09 15:13"
"Daiiono","5fe17b0ef3881a000180878c","DerZiggi","5e1a2d512034a0503c2c3cf3","6ac93b6b1f213b04c203d7e3","2026-10-09 15:14"
"📺 TTV: TaterN0t","6a60cb66561c205d0831e2ad","NORTHEASTGOD","65e0ff94c1294fdd6dc5dc4c","6ac93a331f213b04c203d09c","2026-10-09 15:14"
"Avandy","60c3535133004c00010451a3","67","6874e2f8ef3960e599abae7c","6ac93c55816a515650e85105","2026-10-09 15:14"
"Michael Json","6866d268906ee7386a2994cd","Cristalina 🪽","595fc5209a4f70bbd892e251","6ac93bc8d779150cd8ef8246","2026-10-09 15:14"
"Gabsol","5d658aaeb4ec17864c5272e2","DevGeo(YT)","636157b9cf326cd4ca7a9ead","6ac93b647c0d7c57ca300120","2026-10-09 15:14"
"FAST66","68fe3a19704e6ee9db9c333a","Siemeon","62dc07edf32847e5836668f1","6ac93bad7c0d7c57ca300249","2026-10-09 15:15"
"Debre","59d0b74bd8fe1d5b30651962","Mati_01","626d0e7318005f1f25a53151","6ac93c9f1f213b04c203df04","2026-10-09 15:15"
"Pasord","6669c659ca16186b5a3dbc35","maks","6414d29eb61bfefd9d16461e","6ac93c291f213b04c203dc74","2026-10-09 15:15"
"no one gets away with anything","64a487c9cd74917a4fac0c92","wang","64df30f334185dd27cf839a7","6ac93ca6816a515650e85263","2026-10-09 15:16"
"67","6874e2f8ef3960e599abae7c","Cristalina 🪽","595fc5209a4f70bbd892e251","6ac93cffcd7220c05270378c","2026-10-09 15:16"
"twitch.tv/qule0","635d8550c15309de668daf99","67","6874e2f8ef3960e599abae7c","6ac93c001f213b04c203db6d","2026-10-09 15:16"
"kenny","65cbc406504fe72cd8cea23e","Herrjiell","6463ce1ce623a26f09da5866","6ac93b24d779150cd8ef7f1e","2026-10-09 15:17"
"DerZiggi","5e1a2d512034a0503c2c3cf3","Daiiono","5fe17b0ef3881a000180878c","6ac93cfd1f213b04c203e14e","2026-10-09 15:17"
"r.","68261ad84859ebc8db2448a4","Chris Peacock","61a919ce1763cb0001d21547","6ac93c891f213b04c203de60","2026-10-09 15:17"
"Leroy","6984de4267015bc9a6109cae","Tatert0t & rope shared alt","63875de4e55ec4234b26d1fb","6ac93c701f213b04c203ddd3","2026-10-09 15:17"
"maks","6414d29eb61bfefd9d16461e","DevGeo(YT)","636157b9cf326cd4ca7a9ead","6ac93d09816a515650e85437","2026-10-09 15:18"
"OakTree","617eb25d4e0e40000158968f","Alcaraz201610","67817d3a9f4a9ae3490e0fac","6ac93c65d779150cd8ef85af","2026-10-09 15:18"
"Delema()()()","65869f62df3f7bea3fa1d675","xZenith","6846d165a3008977fe607ade","6ac93c8a2a4868a4a95a9ad1","2026-10-09 15:19"
"Siemeon","62dc07edf32847e5836668f1","FAST66","68fe3a19704e6ee9db9c333a","6ac93d2ef36908eb33daad63","2026-10-09 15:19"
"Daiiono","5fe17b0ef3881a000180878c","r.","68261ad84859ebc8db2448a4","6ac93d9dd779150cd8ef8c50","2026-10-09 15:19"
"Lubec","5e974c906ea510372c1e444a","Mati_01","626d0e7318005f1f25a53151","6ac93d29973be078e18824f5","2026-10-09 15:19"
"Avandy","60c3535133004c00010451a3","Debre","59d0b74bd8fe1d5b30651962","6ac93d3d1f213b04c203e32a","2026-10-09 15:19"
"落汤鸡","675ee56fd2220e44dea68a81","67","6874e2f8ef3960e599abae7c","6ac93d94cd7220c05270386b","2026-10-09 15:19"
"Cristalina 🪽","595fc5209a4f70bbd892e251","SentyRu","65dc836b33066622c3ebfb88","6ac93d64d779150cd8ef8b4f","2026-10-09 15:19"
"落汤鸡","675ee56fd2220e44dea68a81","67","6874e2f8ef3960e599abae7c","6ac93d94cd7220c05270386b","2026-10-09 15:19"
"67","6874e2f8ef3960e599abae7c","twitch.tv/qule0","635d8550c15309de668daf99","6ac93da3816a515650e856d5","2026-10-09 15:20"
"kuba & Qule0 Shared Alt","68582b5f8e62427811441b60","DerZiggi","5e1a2d512034a0503c2c3cf3","6ac93e0b7c0d7c57ca300dd0","2026-10-09 15:21"
"r.","68261ad84859ebc8db2448a4","Debre","59d0b74bd8fe1d5b30651962","6ac93e222e0d9986dd40b437","2026-10-09 15:22"
"Tatert0t & rope shared alt","63875de4e55ec4234b26d1fb","Leroy","6984de4267015bc9a6109cae","6ac93da31f213b04c203e5be","2026-10-09 15:22"
"67","6874e2f8ef3960e599abae7c","Chris Peacock","61a919ce1763cb0001d21547","6ac93e681f213b04c203ea4e","2026-10-09 15:23"
"Lao","67e55b0b1a521e857df969cb","Ruari","60258d7d36ff8a0001f5fef5","6ac93a24816a515650e84777","2026-10-09 15:23"
"Delema()()()","65869f62df3f7bea3fa1d675","Siemeon","62dc07edf32847e5836668f1","6ac93e0bd779150cd8ef8ea6","2026-10-09 15:24"
"Herrjiell","6463ce1ce623a26f09da5866","kenny","65cbc406504fe72cd8cea23e","6ac93de7816a515650e857ed","2026-10-09 15:24"
"kuba & Qule0 Shared Alt","68582b5f8e62427811441b60","67","6874e2f8ef3960e599abae7c","6ac93ec21f213b04c203ec87","2026-10-09 15:24"
"cozy","5eee1ae86a7c6a4edc0f7f94","DeadHorse","662ea7b2692b73741f6267ed","6ac93c711f213b04c203ddd6","2026-10-09 15:24"
"Arvanna","66a545e50035c093bfe072bd","Eli's Kidney","632042618c4156e6645c5a75","6ac93ca11f213b04c203df0e","2026-10-09 15:24"
"Avandy","60c3535133004c00010451a3","no one gets away with anything","64a487c9cd74917a4fac0c92","6ac93e2d816a515650e859cf","2026-10-09 15:25"
"Pasord","6669c659ca16186b5a3dbc35","📺 TTV: TaterN0t","6a60cb66561c205d0831e2ad","6ac93d551f213b04c203e3f3","2026-10-09 15:25"
"Gabsol","5d658aaeb4ec17864c5272e2","Anadyr, Chukotka","628d5542d10e08168dc50a5f","6ac93cc61f213b04c203dfe9","2026-10-09 15:26"
"kuba & Qule0 Shared Alt","68582b5f8e62427811441b60","67","6874e2f8ef3960e599abae7c","6ac93ec21f213b04c203ec87","2026-10-09 15:26"
"Chris Peacock","61a919ce1763cb0001d21547","Leroy","6984de4267015bc9a6109cae","6ac93eee7c0d7c57ca3012e9","2026-10-09 15:26"
"twitch.tv/qule0","635d8550c15309de668daf99","Fenix","5ba8fe22a8e5d55294d5801a","6ac93e7a1f213b04c203eace","2026-10-09 15:26"
"FAST66","68fe3a19704e6ee9db9c333a","xZenith","6846d165a3008977fe607ade","6ac93e2a1f213b04c203e904","2026-10-09 15:27"
"supergaming","5dfe5cfd328e461c04d7fbf2","OceanMan","5e9a08cdd502e121002b5279","6ac93e191f213b04c203e8bd","2026-10-09 15:27"
"Avandy","60c3535133004c00010451a3","NORTHEASTGOD","65e0ff94c1294fdd6dc5dc4c","6ac93e471f213b04c203e9a7","2026-10-09 15:27"
"kuba & Qule0 Shared Alt","68582b5f8e62427811441b60","Kuba","6744ee112d6c958a853b52a6","6ac93f34cd7220c052703b12","2026-10-09 15:27"
"barle","6398628520609ac8c10cab13","DerZiggi","5e1a2d512034a0503c2c3cf3","6ac93e931f213b04c203eb6c","2026-10-09 15:28"
"kuba & Qule0 Shared Alt","68582b5f8e62427811441b60","67","6874e2f8ef3960e599abae7c","6ac93ff7816a515650e86459","2026-10-09 15:28"
"Trichter33","601d95ba49c0980001a824b8","Lillysbruder","6471c2e45410e20734aedca1","6ac93b801f213b04c203d84c","2026-10-09 15:28"
"Tatert0t & rope shared alt","63875de4e55ec4234b26d1fb","67","6874e2f8ef3960e599abae7c","6ac93f561f213b04c203f0c8","2026-10-09 15:28"
"Ayli","6381e9f58453af043b2f4206","Gknolle9","638a068b6709ad1074d14898","6ac93f33816a515650e85f74","2026-10-09 15:28"
"Debre","59d0b74bd8fe1d5b30651962","r.","68261ad84859ebc8db2448a4","6ac93eea816a515650e85de1","2026-10-09 15:29"
"Avandy","60c3535133004c00010451a3","Kuba","6744ee112d6c958a853b52a6","6ac93ffe7c0d7c57ca3019a4","2026-10-09 15:29"
"maks","6414d29eb61bfefd9d16461e","DevGeo(YT)","636157b9cf326cd4ca7a9ead","6ac93de01f213b04c203e74a","2026-10-09 15:29"
"Chris Peacock","61a919ce1763cb0001d21547","67","6874e2f8ef3960e599abae7c","6ac93fba1f213b04c203f3f8","2026-10-09 15:30"
"kuba & Qule0 Shared Alt","68582b5f8e62427811441b60","67","6874e2f8ef3960e599abae7c","6ac93ff7816a515650e86459","2026-10-09 15:30"
"twitch.tv/qule0","635d8550c15309de668daf99","Fenix","5ba8fe22a8e5d55294d5801a","6ac93fc8d779150cd8ef993d","2026-10-09 15:30"
"Lubec","5e974c906ea510372c1e444a","NORTHEASTGOD","65e0ff94c1294fdd6dc5dc4c","6ac9400a7c0d7c57ca3019f4","2026-10-09 15:33"
"r.","68261ad84859ebc8db2448a4","Tatert0t & rope shared alt","63875de4e55ec4234b26d1fb","6ac94082cd7220c052703dcd","2026-10-09 15:33"
"Bifbof","679f6453582efe34103eccff","OakTree","617eb25d4e0e40000158968f","6ac93ee7d779150cd8ef9345","2026-10-09 15:33"
"FAST66","68fe3a19704e6ee9db9c333a","Siemeon","62dc07edf32847e5836668f1","6ac93fd2816a515650e863a4","2026-10-09 15:34"
"Loars_","67c023fa843f4449095fd251","Ayli","6381e9f58453af043b2f4206","6ac940d8d66480562f0cb981","2026-10-09 15:34"
"kuba & Qule0 Shared Alt","68582b5f8e62427811441b60","Avandy","60c3535133004c00010451a3","6ac94118d779150cd8efa121","2026-10-09 15:35"
"Kuba","6744ee112d6c958a853b52a6","maks","6414d29eb61bfefd9d16461e","6ac9405d0042b6fc259fc1e8","2026-10-09 15:35"
"📺 TTV: TaterN0t","6a60cb66561c205d0831e2ad","M1lan","67473d086316c898fe734668","6ac93fe0816a515650e863d7","2026-10-09 15:36"
"Loars_","67c023fa843f4449095fd251","Ayli","6381e9f58453af043b2f4206","6ac941acd779150cd8efa5f7","2026-10-09 15:36"
"twitch.tv/qule0","635d8550c15309de668daf99","Chris Peacock","61a919ce1763cb0001d21547","6ac940c9d779150cd8ef9f5e","2026-10-09 15:36"
"Siemeon","62dc07edf32847e5836668f1","xZenith","6846d165a3008977fe607ade","6ac9419e816a515650e86e3c","2026-10-09 15:37"
"Kuba","6744ee112d6c958a853b52a6","Avandy","60c3535133004c00010451a3","6ac941e57c0d7c57ca30260c","2026-10-09 15:37"
"Nici","619512ea6e5572000187322c","DevGeo(YT)","636157b9cf326cd4ca7a9ead","6ac940727c0d7c57ca301c81","2026-10-09 15:37"
"bezzo","5c4b0baa98004e87dc4ba512","mav1land","63f4a2bda13ee3ab588d6275","6ac9417a816a515650e86d88","2026-10-09 15:37"
"Whiteout","624db57d4f1305b1abe9ff7f","Random Rabbit","678c60c24047c93e5860e1e7","6ac94186816a515650e86dbd","2026-10-09 15:37"
"Kageyu","68ca96634b59728d6b0f739a","Jackkincaid","5d698d4ab4ec17864c52c785","6ac93fb5816a515650e862d4","2026-10-09 15:37"
"Zeedos","67696f3fc90f037ddbc37127","Leroy","6984de4267015bc9a6109cae","6ac941371f213b04c203ff0e","2026-10-09 15:38"
"DerZiggi","5e1a2d512034a0503c2c3cf3","Avandy","60c3535133004c00010451a3","6ac9412d816a515650e86ba1","2026-10-09 15:39"
"r.","68261ad84859ebc8db2448a4","NORTHEASTGOD","65e0ff94c1294fdd6dc5dc4c","6ac9418bd779150cd8efa465","2026-10-09 15:39"
"Bifbof","679f6453582efe34103eccff","Yarik","676e524ee37422d9da0e161a","6ac941651f213b04c2040065","2026-10-09 15:39"
"A Competitive Dogwater","5eac358a6ea51017fce11159","Pasord","6669c659ca16186b5a3dbc35","6ac9412c1f213b04c203fe7e","2026-10-09 15:40"
"Ayli","6381e9f58453af043b2f4206","Rawin","6162efcdc23f260001c6a4d3","6ac942201f213b04c20405c3","2026-10-09 15:40"
"FAST66","68fe3a19704e6ee9db9c333a","Siemeon","62dc07edf32847e5836668f1","6ac942301f213b04c2040623","2026-10-09 15:41"
"Herrjiell","6463ce1ce623a26f09da5866","OceanMan","5e9a08cdd502e121002b5279","6ac941007c0d7c57ca301fd6","2026-10-09 15:41"
"DerZiggi","5e1a2d512034a0503c2c3cf3","NORTHEASTGOD","65e0ff94c1294fdd6dc5dc4c","6ac942c31f213b04c2040933","2026-10-09 15:41"
"Tomek5_5","606e09423667bc0001ad663d","twitch.tv/qule0","635d8550c15309de668daf99","6ac941fa816a515650e870a0","2026-10-09 15:41"
"Ayli","6381e9f58453af043b2f4206","Jannik","6a0c58030808c41cb15866fe","6ac942fa1f213b04c2040a49","2026-10-09 15:41"
"Loars_","67c023fa843f4449095fd251","Gknolle9","638a068b6709ad1074d14898","6ac942481f213b04c20406ad","2026-10-09 15:42"
"Curió","61b3d3f20f39050001a03cb3","OakTree","617eb25d4e0e40000158968f","6ac94270cc1b2e24137e9083","2026-10-09 15:42"
"Geoplex","5fc3dc04ed954900017d7dad","Herrjiell","6463ce1ce623a26f09da5866","6ac943321f213b04c2040b7f","2026-10-09 15:43"
"Zeedos","67696f3fc90f037ddbc37127","Kuba","6744ee112d6c958a853b52a6","6ac94269d779150cd8efaa0a","2026-10-09 15:43"
"OceanMan","5e9a08cdd502e121002b5279","NORTHEASTGOD","65e0ff94c1294fdd6dc5dc4c","6ac943370042b6fc259fd0b6","2026-10-09 15:45"
"📺 TTV: TaterN0t","6a60cb66561c205d0831e2ad","Coco #EndolineWorldForComp","643efb0c135092a962eb1751","6ac942417c0d7c57ca3027ab","2026-10-09 15:45"
"Tomek5_5","606e09423667bc0001ad663d","twitch.tv/qule0","635d8550c15309de668daf99","6ac9435d7c0d7c57ca302d48","2026-10-09 15:45"
"Whiteout","624db57d4f1305b1abe9ff7f","Pasord","6669c659ca16186b5a3dbc35","6ac942f0816a515650e87546","2026-10-09 15:45"
"Delema()()()","65869f62df3f7bea3fa1d675","FAST66","68fe3a19704e6ee9db9c333a","6ac943be7c0d7c57ca302ef7","2026-10-09 15:46"
"Kuba","6744ee112d6c958a853b52a6","Anonymous","5eccd6d68d6ade72cc836cb8","6ac9439b816a515650e87933","2026-10-09 15:46"
"maks","6414d29eb61bfefd9d16461e","M1lan","67473d086316c898fe734668","6ac942181f213b04c204059b","2026-10-09 15:46"
"Avandy","60c3535133004c00010451a3","DerZiggi","5e1a2d512034a0503c2c3cf3","6ac943361f213b04c2040b9c","2026-10-09 15:46"
"Jackkincaid","5d698d4ab4ec17864c52c785","DevGeo(YT)","636157b9cf326cd4ca7a9ead","6ac9423c0042b6fc259fcc2d","2026-10-09 15:46"
"Lubec","5e974c906ea510372c1e444a","Zeedos","67696f3fc90f037ddbc37127","6ac943f9b055b03e7287fe94","2026-10-09 15:47"
"Ofendani","5bf882e543196557d45fb414","barle","6398628520609ac8c10cab13","6ac9422a1f213b04c20405fe","2026-10-09 15:47"
"bezzo","5c4b0baa98004e87dc4ba512","Chris Peacock","61a919ce1763cb0001d21547","6ac942a51f213b04c20408a0","2026-10-09 15:47"
"Siemeon","62dc07edf32847e5836668f1","xZenith","6846d165a3008977fe607ade","6ac94348d779150cd8efae35","2026-10-09 15:48"
"pluwadi","66b3eb653e680cb97150ce62","Preussen","64da4d57e44ffbb819d935b1","6ac9431d1f213b04c2040b04","2026-10-09 15:49"
"Curió","61b3d3f20f39050001a03cb3","Loars_","67c023fa843f4449095fd251","6ac943a7a7468c637496c97e","2026-10-09 15:49"
"Geoplex","5fc3dc04ed954900017d7dad","Anonymous","694357bf716cf71c98f96b42","6ac9441a816a515650e87b5f","2026-10-09 15:50"
"Anonymous","5eccd6d68d6ade72cc836cb8","DevGeo(YT)","636157b9cf326cd4ca7a9ead","6ac9447a0042b6fc259fd575","2026-10-09 15:50"
"Bravious","608f43fa0d0e0d0001d2abde","Ayli","6381e9f58453af043b2f4206","6ac944bf816a515650e87e86","2026-10-09 15:50"
"OceanMan","5e9a08cdd502e121002b5279","📺 TTV: TaterN0t","6a60cb66561c205d0831e2ad","6ac94429816a515650e87baf","2026-10-09 15:51"
"maks","6414d29eb61bfefd9d16461e","M1lan","67473d086316c898fe734668","6ac9445e1f213b04c20412ae","2026-10-09 15:51"
"Avandy","60c3535133004c00010451a3","Zeedos","67696f3fc90f037ddbc37127","6ac944a41f213b04c20414d3","2026-10-09 15:51"
"Coco #EndolineWorldForComp","643efb0c135092a962eb1751","Pasord","6669c659ca16186b5a3dbc35","6ac94445cd7220c052704343","2026-10-09 15:52"
"DerZiggi","5e1a2d512034a0503c2c3cf3","Kuba","6744ee112d6c958a853b52a6","6ac9446e1f213b04c2041325","2026-10-09 15:52"
"Loars_","67c023fa843f4449095fd251","Jannik","6a0c58030808c41cb15866fe","6ac94509697381fd37872988","2026-10-09 15:52"
"NORTHEASTGOD","65e0ff94c1294fdd6dc5dc4c","Tomek5_5","606e09423667bc0001ad663d","6ac9442cd779150cd8efb28a","2026-10-09 15:53"
"Chris Peacock","61a919ce1763cb0001d21547","twitch.tv/qule0","635d8550c15309de668daf99","6ac944ea7c0d7c57ca303456","2026-10-09 15:53"
"twitch.tv/qule0","635d8550c15309de668daf99","nevada","6299d3a1e3066f290c479350","6ac94613816a515650e88503","2026-10-09 15:54"
"Coco #EndolineWorldForComp","643efb0c135092a962eb1751","r.","68261ad84859ebc8db2448a4","6ac945d67c0d7c57ca303973","2026-10-09 15:55"
"Mada","600801c48b224300016f36fd","bezzo","5c4b0baa98004e87dc4ba512","6ac945301f213b04c20417c5","2026-10-09 15:55"
"Chris Peacock","61a919ce1763cb0001d21547","Tomek5_5","606e09423667bc0001ad663d","6ac946061f213b04c2041cfb","2026-10-09 15:55"
"maks","6414d29eb61bfefd9d16461e","M1lan","67473d086316c898fe734668","6ac945a71f213b04c2041aa1","2026-10-09 15:56"
"DerZiggi","5e1a2d512034a0503c2c3cf3","Kuba","6744ee112d6c958a853b52a6","6ac945afd779150cd8efba30","2026-10-09 15:56"
"twitch.tv/qule0","635d8550c15309de668daf99","Jannik","6a0c58030808c41cb15866fe","6ac9464c816a515650e8863f","2026-10-09 15:56"
"📺 TTV: TaterN0t","6a60cb66561c205d0831e2ad","Palmitas","5c0450ca431965af44f4668e","6ac9459fd779150cd8efb9d3","2026-10-09 15:57"
"Zeedos","67696f3fc90f037ddbc37127","kuba & Qule0 Shared Alt","68582b5f8e62427811441b60","6ac945841f213b04c20419d2","2026-10-09 15:57"
"Retolas","66cf8105b84b9d81a2090df9","落汤鸡","675ee56fd2220e44dea68a81","6ac94539cd7220c052704495","2026-10-09 15:57"
"r.","68261ad84859ebc8db2448a4","bezzo","5c4b0baa98004e87dc4ba512","6ac94692816a515650e887ae","2026-10-09 15:57"
"NORTHEASTGOD","65e0ff94c1294fdd6dc5dc4c","Tatert0t & rope shared alt","63875de4e55ec4234b26d1fb","6ac945f17c0d7c57ca303a69","2026-10-09 15:57"
"Raqhi","67d48df5e116b8cd2a7fa3f7","Pasord","6669c659ca16186b5a3dbc35","6ac945b51f213b04c2041af4","2026-10-09 15:57"
"Curió","61b3d3f20f39050001a03cb3","Alcaraz201610","67817d3a9f4a9ae3490e0fac","6ac9451f1f213b04c204176d","2026-10-09 15:57"
"FAST66","68fe3a19704e6ee9db9c333a","Lennli","5b4899f5b56fe41a1831bba4","6ac944b7d779150cd8efb576","2026-10-09 15:58"
"supergaming","5dfe5cfd328e461c04d7fbf2","Dadzio","62e033ce217ecdfb2101edf8","6ac944fc1f213b04c204169d","2026-10-09 15:58"
"pluwadi","66b3eb653e680cb97150ce62","PechSP","5e9662142ad6cfadc8e2db9d","6ac945f47c0d7c57ca303a81","2026-10-09 15:59"
"Kuba","6744ee112d6c958a853b52a6","Tomek5_5","606e09423667bc0001ad663d","6ac946c9816a515650e888cf","2026-10-09 15:59"
"😭 PLS MAP CHANGE 😭","6772fee6827b91b41dd22b5f","DevGeo(YT)","636157b9cf326cd4ca7a9ead","6ac9456ad779150cd8efb8bc","2026-10-09 15:59"
"twitch.tv/qule0","635d8550c15309de668daf99","MisuZ","68d9000d9c38c66edcca9fa8","6ac946d4816a515650e888f5","2026-10-09 15:59"
"Preussen","64da4d57e44ffbb819d935b1","maks","6414d29eb61bfefd9d16461e","6ac946e01f213b04c20422e2","2026-10-09 16:00"
"habesh","647734d056305f7bf5561a4e","barle","6398628520609ac8c10cab13","6ac94510816a515650e87fcc","2026-10-09 16:00"
"Loars_","67c023fa843f4449095fd251","落汤鸡","675ee56fd2220e44dea68a81","6ac946fc0042b6fc259fe0a8","2026-10-09 16:00"
"NORTHEASTGOD","65e0ff94c1294fdd6dc5dc4c","bezzo","5c4b0baa98004e87dc4ba512","6ac9470c841d94445752fb5c","2026-10-09 16:01"
"Delema()()()","65869f62df3f7bea3fa1d675","FAST66","68fe3a19704e6ee9db9c333a","6ac947291f213b04c2042505","2026-10-09 16:02"
"Palmitas","5c0450ca431965af44f4668e","📺 TTV: TaterN0t","6a60cb66561c205d0831e2ad","6ac9470fd779150cd8efc25e","2026-10-09 16:02"
"Zeedos","67696f3fc90f037ddbc37127","kuba & Qule0 Shared Alt","68582b5f8e62427811441b60","6ac946e1d779150cd8efc13b","2026-10-09 16:02"
"r.","68261ad84859ebc8db2448a4","Chris Peacock","61a919ce1763cb0001d21547","6ac9471c7c0d7c57ca303faf","2026-10-09 16:02"
"Curió","61b3d3f20f39050001a03cb3","Tatert0t & rope shared alt","63875de4e55ec4234b26d1fb","6ac947081f213b04c2042425","2026-10-09 16:02"
"Geoplex","5fc3dc04ed954900017d7dad","Anonymous","694357bf716cf71c98f96b42","6ac946c47c0d7c57ca303e1b","2026-10-09 16:03"
"DerZiggi","5e1a2d512034a0503c2c3cf3","Coco #EndolineWorldForComp","643efb0c135092a962eb1751","6ac946b77c0d7c57ca303dc9","2026-10-09 16:03"
"Chris Peacock","61a919ce1763cb0001d21547","kuba & Qule0 Shared Alt","68582b5f8e62427811441b60","6ac94810d779150cd8efc6fb","2026-10-09 16:03"
"DevGeo(YT)","636157b9cf326cd4ca7a9ead","Tomek5_5","606e09423667bc0001ad663d","6ac9476cd779150cd8efc3f5","2026-10-09 16:03"
"Kuba","6744ee112d6c958a853b52a6","Mada","600801c48b224300016f36fd","6ac9476a1f213b04c2042664","2026-10-09 16:04"
"Dadzio","62e033ce217ecdfb2101edf8","supergaming","5dfe5cfd328e461c04d7fbf2","6ac94776b055b03e72880dae","2026-10-09 16:05"
"Tatert0t & rope shared alt","63875de4e55ec4234b26d1fb","Curió","61b3d3f20f39050001a03cb3","6ac9484e1f213b04c2042bcd","2026-10-09 16:05"
"twitch.tv/qule0","635d8550c15309de668daf99","Tomek5_5","606e09423667bc0001ad663d","6ac9489ed779150cd8efca20","2026-10-09 16:05"
"All","6332fd517356ad2cfcc440d9","Fugi ("")>","603a59c5a8220800013df8a4","6ac944de0042b6fc259fd7a4","2026-10-09 16:05"
"Baston56","5e866b87b3ec17798078a43b","Eli's Kidney","632042618c4156e6645c5a75","6ac9439fcc1b2e24137e9539","2026-10-09 16:05"
"Mada","600801c48b224300016f36fd","Chris Peacock","61a919ce1763cb0001d21547","6ac948d71f213b04c2042f21","2026-10-09 16:06"
"bezzo","5c4b0baa98004e87dc4ba512","r.","68261ad84859ebc8db2448a4","6ac9480b7c0d7c57ca3043be","2026-10-09 16:06"
"Pasord","6669c659ca16186b5a3dbc35","Raqhi","67d48df5e116b8cd2a7fa3f7","6ac9474e816a515650e88b27","2026-10-09 16:06"
"Palmitas","5c0450ca431965af44f4668e","📺 TTV: TaterN0t","6a60cb66561c205d0831e2ad","6ac94836816a515650e88f6a","2026-10-09 16:07"
"barle","6398628520609ac8c10cab13","NORTHEASTGOD","65e0ff94c1294fdd6dc5dc4c","6ac947dd973be078e1885268","2026-10-09 16:07"
"Debre","59d0b74bd8fe1d5b30651962","Kuba","6744ee112d6c958a853b52a6","6ac9489fcd7220c052704ad2","2026-10-09 16:07"
"Coco #EndolineWorldForComp","643efb0c135092a962eb1751","DerZiggi","5e1a2d512034a0503c2c3cf3","6ac94870d779150cd8efc97b","2026-10-09 16:07"
"DevGeo(YT)","636157b9cf326cd4ca7a9ead","Whiteout","624db57d4f1305b1abe9ff7f","6ac9484e1f213b04c2042bcb","2026-10-09 16:07"
"d4nk","5b92bdcc1ee0107188685300","DeadHorse","662ea7b2692b73741f6267ed","6ac94732cc1b2e24137ea3b3","2026-10-09 16:07"
"Jonas","661ad4c4073f663c21b57fe6","Zeedos","67696f3fc90f037ddbc37127","6ac948181f213b04c2042a98","2026-10-09 16:08"
"DerZiggi","5e1a2d512034a0503c2c3cf3","bezzo","5c4b0baa98004e87dc4ba512","6ac949427c0d7c57ca304936","2026-10-09 16:08"
"Retolas","66cf8105b84b9d81a2090df9","😭 PLS MAP CHANGE 😭","6772fee6827b91b41dd22b5f","6ac9478dd779150cd8efc48a","2026-10-09 16:08"
"twitch.tv/qule0","635d8550c15309de668daf99","Curió","61b3d3f20f39050001a03cb3","6ac948fd816a515650e8941d","2026-10-09 16:08"
"FAST66","68fe3a19704e6ee9db9c333a","Lennli","5b4899f5b56fe41a1831bba4","6ac9481e1f213b04c2042abc","2026-10-09 16:09"
"LegendCR7 (Retired)","649717d17d44411d9c7ebb78","PechSP","5e9662142ad6cfadc8e2db9d","6ac9479ecd7220c052704873","2026-10-09 16:09"
"Kuba","6744ee112d6c958a853b52a6","Legacyz","62920c79e67deb0506650ca1","6ac9493a1f213b04c2043101","2026-10-09 16:09"
"Tatert0t & rope shared alt","63875de4e55ec4234b26d1fb","Loars_","67c023fa843f4449095fd251","6ac948e81f213b04c2042f79","2026-10-09 16:09"
"Coco #EndolineWorldForComp","643efb0c135092a962eb1751","📺 TTV: TaterN0t","6a60cb66561c205d0831e2ad","6ac94957d779150cd8efce2f","2026-10-09 16:10"
"Kingi","60710278c5c3340001822cbe","r.","68261ad84859ebc8db2448a4","6ac94921816a515650e894c5","2026-10-09 16:10"
"Pasord","6669c659ca16186b5a3dbc35","Raqhi","67d48df5e116b8cd2a7fa3f7","6ac949051f213b04c2042fff","2026-10-09 16:10"
"Tatert0t & rope shared alt","63875de4e55ec4234b26d1fb","Curió","61b3d3f20f39050001a03cb3","6ac949aed779150cd8efcf9c","2026-10-09 16:10"
"Tomek5_5","606e09423667bc0001ad663d","GeoNestor","5a0761e672d16b933871e7a1","6ac948e92e0d9986dd40e3e3","2026-10-09 16:10"
"Żukasz","602cfd5dc397fa0001f09dfb","Fenix","5ba8fe22a8e5d55294d5801a","6ac949ea973be078e1885a0a","2026-10-09 16:11"
"m4PHI","6465f8a8196d74dad5532e0f","FAST66","68fe3a19704e6ee9db9c333a","6ac949b61f213b04c204338a","2026-10-09 16:12"
"barle","6398628520609ac8c10cab13","Jonas","661ad4c4073f663c21b57fe6","6ac949961f213b04c20432d8","2026-10-09 16:12"
"Debre","59d0b74bd8fe1d5b30651962","Palmitas","5c0450ca431965af44f4668e","6ac949be1f213b04c20433ac","2026-10-09 16:12"
"Mada","600801c48b224300016f36fd","Chris Peacock","61a919ce1763cb0001d21547","6ac9491f816a515650e894bd","2026-10-09 16:12"
"Zeedos","67696f3fc90f037ddbc37127","bezzo","5c4b0baa98004e87dc4ba512","6ac949a41f213b04c2043343","2026-10-09 16:12"
"maks","6414d29eb61bfefd9d16461e","Preussen","64da4d57e44ffbb819d935b1","6ac947a27c0d7c57ca3041b5","2026-10-09 16:13"
"Retolas","66cf8105b84b9d81a2090df9","Kuba","6744ee112d6c958a853b52a6","6ac949cfd779150cd8efd007","2026-10-09 16:13"
"Anonymous","694357bf716cf71c98f96b42","supergaming","5dfe5cfd328e461c04d7fbf2","6ac949240042b6fc259fe948","2026-10-09 16:14"
"Herrjiell","6463ce1ce623a26f09da5866","Tikon","621cddf10416aa00011b992b","6ac94890d779150cd8efc9fd","2026-10-09 16:14"
"Köröskényi István","5922abce1bba700c703b0c00","Dissonans","60e09234213b0600019d912e","6ac94a8a816a515650e89b7c","2026-10-09 16:14"
"Geoplex","5fc3dc04ed954900017d7dad","Dadzio","62e033ce217ecdfb2101edf8","6ac94a637c0d7c57ca304dfe","2026-10-09 16:15"
"😭 PLS MAP CHANGE 😭","6772fee6827b91b41dd22b5f","twitch.tv/qule0","635d8550c15309de668daf99","6ac949981f213b04c20432e0","2026-10-09 16:15"
"Loars_","67c023fa843f4449095fd251","Tatert0t & rope shared alt","63875de4e55ec4234b26d1fb","6ac94a1e0042b6fc259feca8","2026-10-09 16:15"
"Whiteout","624db57d4f1305b1abe9ff7f","DevGeo(YT)","636157b9cf326cd4ca7a9ead","6ac9493e7c0d7c57ca30492c","2026-10-09 16:15"
"shawty","65c65054c631e61744bcb357","Jackkincaid","5d698d4ab4ec17864c52c785","6ac94756816a515650e88b40","2026-10-09 16:15"
"Żukasz","602cfd5dc397fa0001f09dfb","Curió","61b3d3f20f39050001a03cb3","6ac94a687c0d7c57ca304e1b","2026-10-09 16:15"
"Delema()()()","65869f62df3f7bea3fa1d675","FAST66","68fe3a19704e6ee9db9c333a","6ac94a8a1f213b04c204385d","2026-10-09 16:17"
"bezzo","5c4b0baa98004e87dc4ba512","Chris Peacock","61a919ce1763cb0001d21547","6ac94a64973be078e1885bb4","2026-10-09 16:17"
"Köröskényi István","5922abce1bba700c703b0c00","Curió","61b3d3f20f39050001a03cb3","6ac94b207c0d7c57ca305135","2026-10-09 16:17"
"Raqhi","67d48df5e116b8cd2a7fa3f7","Pasord","6669c659ca16186b5a3dbc35","6ac94a0c816a515650e8994e","2026-10-09 16:17"
"Pajabol","64724edfca1d938dc1416b4a","JulLaStar","6877b24fc8272415e0c98d7a","6ac949871f213b04c2043292","2026-10-09 16:17"
"Lubec","5e974c906ea510372c1e444a","Zeedos","67696f3fc90f037ddbc37127","6ac94a767c0d7c57ca304e5f","2026-10-09 16:18"
"DerZiggi","5e1a2d512034a0503c2c3cf3","r.","68261ad84859ebc8db2448a4","6ac94a37816a515650e89a04","2026-10-09 16:18"
"Mada","600801c48b224300016f36fd","Kuba","6744ee112d6c958a853b52a6","6ac94aba1f213b04c2043997","2026-10-09 16:18"
"Dissonans","60e09234213b0600019d912e","DevGeo(YT)","636157b9cf326cd4ca7a9ead","6ac94b36816a515650e89eea","2026-10-09 16:18"
"supergaming","5dfe5cfd328e461c04d7fbf2","maks","6414d29eb61bfefd9d16461e","6ac94b230042b6fc259ff0d5","2026-10-09 16:19"
"barle","6398628520609ac8c10cab13","Jonas","661ad4c4073f663c21b57fe6","6ac94aa5816a515650e89bde","2026-10-09 16:19"
"Coco #EndolineWorldForComp","643efb0c135092a962eb1751","📺 TTV: TaterN0t","6a60cb66561c205d0831e2ad","6ac94a211f213b04c20435ff","2026-10-09 16:20"
"Chris Peacock","61a919ce1763cb0001d21547","Raqhi","67d48df5e116b8cd2a7fa3f7","6ac94bbf7c0d7c57ca3053f1","2026-10-09 16:20"
"twitch.tv/qule0","635d8550c15309de668daf99","Tatert0t & rope shared alt","63875de4e55ec4234b26d1fb","6ac94b431f213b04c2043ddc","2026-10-09 16:21"
"Dadzio","62e033ce217ecdfb2101edf8","Anonymous","694357bf716cf71c98f96b42","6ac94b1e816a515650e89e2e","2026-10-09 16:22"
"Рома","5bc9f3921f3cf81af80cfa72","DevGeo(YT)","636157b9cf326cd4ca7a9ead","6ac94c211f213b04c204433c","2026-10-09 16:22"
"JulLaStar","6877b24fc8272415e0c98d7a","Pajabol","64724edfca1d938dc1416b4a","6ac94bde0042b6fc259ff3ac","2026-10-09 16:22"
"All","6332fd517356ad2cfcc440d9","Fugi ("")>","603a59c5a8220800013df8a4","6ac948e01f213b04c2042f4a","2026-10-09 16:22"
"Tikon","621cddf10416aa00011b992b","Palmitas","5c0450ca431965af44f4668e","6ac94bff973be078e18861ae","2026-10-09 16:23"
"Mada","600801c48b224300016f36fd","Jonas","661ad4c4073f663c21b57fe6","6ac94c271f213b04c2044355","2026-10-09 16:23"
"Köröskényi István","5922abce1bba700c703b0c00","🥷🏿","653d58ea4044fc276f407e75","6ac94bc31f213b04c20440db","2026-10-09 16:23"
"OceanMan","5e9a08cdd502e121002b5279","Preussen","64da4d57e44ffbb819d935b1","6ac94aeb1f213b04c2043b24","2026-10-09 16:24"
"kirilka","69d9aa95413bbbdd2369cafa","bezzo","5c4b0baa98004e87dc4ba512","6ac94c621f213b04c20444bd","2026-10-09 16:24"
"😭 PLS MAP CHANGE 😭","6772fee6827b91b41dd22b5f","Pasord","6669c659ca16186b5a3dbc35","6ac94b961f213b04c2043ff6","2026-10-09 16:24"
"Delema()()()","65869f62df3f7bea3fa1d675","m4PHI","6465f8a8196d74dad5532e0f","6ac94bbc816a515650e8a151","2026-10-09 16:25"
"DevGeo(YT)","636157b9cf326cd4ca7a9ead","Pajabol","64724edfca1d938dc1416b4a","6ac94cde816a515650e8a656","2026-10-09 16:25"
"Jonas","661ad4c4073f663c21b57fe6","kirilka","69d9aa95413bbbdd2369cafa","6ac94d3f816a515650e8a821","2026-10-09 16:26"
"Zeedos","67696f3fc90f037ddbc37127","r.","68261ad84859ebc8db2448a4","6ac94c021f213b04c204423c","2026-10-09 16:26"
"Kuba","6744ee112d6c958a853b52a6","DerZiggi","5e1a2d512034a0503c2c3cf3","6ac94bdf1f213b04c204417f","2026-10-09 16:26"
"wafflyss","6068a918d8694000010952a2","Palmitas","5c0450ca431965af44f4668e","6ac94d1d1f213b04c20449d4","2026-10-09 16:27"
"🥷🏿","653d58ea4044fc276f407e75","barle","6398628520609ac8c10cab13","6ac94d131f213b04c204498c","2026-10-09 16:27"
"Dissonans","60e09234213b0600019d912e","twitch.tv/qule0","635d8550c15309de668daf99","6ac94c9c816a515650e8a510","2026-10-09 16:27"
"Delema()()()","65869f62df3f7bea3fa1d675","FAST66","68fe3a19704e6ee9db9c333a","6ac94d741f213b04c2044c61","2026-10-09 16:28"
"Yanek","5e625daa90d6cfa438a867a6","Preussen","64da4d57e44ffbb819d935b1","6ac94d4e7c0d7c57ca305b14","2026-10-09 16:28"
"Рома","5bc9f3921f3cf81af80cfa72","Tatert0t & rope shared alt","63875de4e55ec4234b26d1fb","6ac94ce27c0d7c57ca305970","2026-10-09 16:28"
"Baston56","5e866b87b3ec17798078a43b","Jackkincaid","5d698d4ab4ec17864c52c785","6ac94b821f213b04c2043f69","2026-10-09 16:28"
"Herrjiell","6463ce1ce623a26f09da5866","supergaming","5dfe5cfd328e461c04d7fbf2","6ac94c1d0042b6fc259ff4a5","2026-10-09 16:29"
"kirilka","69d9aa95413bbbdd2369cafa","bezzo","5c4b0baa98004e87dc4ba512","6ac94dc51f213b04c2044e3c","2026-10-09 16:29"
"Whiteout","624db57d4f1305b1abe9ff7f","twitch.tv/qule0","635d8550c15309de668daf99","6ac94dfa1f213b04c2044fa9","2026-10-09 16:29"
"Kilkum","61b228be008ec800015ff0a9","Chris Peacock","61a919ce1763cb0001d21547","6ac94c781f213b04c2044528","2026-10-09 16:29"
"Raqhi","67d48df5e116b8cd2a7fa3f7","📺 TTV: TaterN0t","6a60cb66561c205d0831e2ad","6ac94d13816a515650e8a73d","2026-10-09 16:29"
"Anonymous","694357bf716cf71c98f96b42","Dadzio","62e033ce217ecdfb2101edf8","6ac94ce9816a515650e8a692","2026-10-09 16:30"
"maks","6414d29eb61bfefd9d16461e","PLK","62179a5c8e88d400010d91ea","6ac94c87816a515650e8a4c2","2026-10-09 16:30"
"Kuba","6744ee112d6c958a853b52a6","DerZiggi","5e1a2d512034a0503c2c3cf3","6ac94ddc1f213b04c2044eca","2026-10-09 16:30"
"DevGeo(YT)","636157b9cf326cd4ca7a9ead","Pasord","6669c659ca16186b5a3dbc35","6ac94d8e1f213b04c2044cea","2026-10-09 16:30"
"m4PHI","6465f8a8196d74dad5532e0f","Delema()()()","65869f62df3f7bea3fa1d675","6ac94e2c816a515650e8abaa","2026-10-09 16:31"
"Gabsol","5d658aaeb4ec17864c5272e2","JulLaStar","6877b24fc8272415e0c98d7a","6ac94d427c0d7c57ca305acd","2026-10-09 16:31"
"Palmitas","5c0450ca431965af44f4668e","supergaming","5dfe5cfd328e461c04d7fbf2","6ac94e651f213b04c2045256","2026-10-09 16:32"
"Mada","600801c48b224300016f36fd","Zeedos","67696f3fc90f037ddbc37127","6ac94dd91f213b04c2044ebe","2026-10-09 16:32"
"🥷🏿","653d58ea4044fc276f407e75","r.","68261ad84859ebc8db2448a4","6ac94df11f213b04c2044f74","2026-10-09 16:33"
"PLK","62179a5c8e88d400010d91ea","DerZiggi","5e1a2d512034a0503c2c3cf3","6ac94ec61f213b04c204548a","2026-10-09 16:33"
"Tatert0t & rope shared alt","63875de4e55ec4234b26d1fb","twitch.tv/qule0","635d8550c15309de668daf99","6ac94e671f213b04c2045262","2026-10-09 16:33"
"GeoNestor","5a0761e672d16b933871e7a1","OakTree","617eb25d4e0e40000158968f","6ac94d6a816a515650e8a8c2","2026-10-09 16:33"
"Chris Peacock","61a919ce1763cb0001d21547","bezzo","5c4b0baa98004e87dc4ba512","6ac94e8d1f213b04c204532f","2026-10-09 16:34"
"Delema()()()","65869f62df3f7bea3fa1d675","m4PHI","6465f8a8196d74dad5532e0f","6ac94ef2cd7220c052705269","2026-10-09 16:35"
"Yanek","5e625daa90d6cfa438a867a6","barle","6398628520609ac8c10cab13","6ac94e4b816a515650e8ac1c","2026-10-09 16:35"
"Anadyr, Chukotka","628d5542d10e08168dc50a5f","DevGeo(YT)","636157b9cf326cd4ca7a9ead","6ac94ed67c0d7c57ca306150","2026-10-09 16:35"
"Kuba","6744ee112d6c958a853b52a6","Pasord","6669c659ca16186b5a3dbc35","6ac94f1d7c0d7c57ca306297","2026-10-09 16:36"
"ましろ","60622a237c864a00019b5334","Alcaraz201610","67817d3a9f4a9ae3490e0fac","6ac94ee91f213b04c2045579","2026-10-09 16:36"
"r.","68261ad84859ebc8db2448a4","🥷🏿","653d58ea4044fc276f407e75","6ac94f5c816a515650e8b1ba","2026-10-09 16:37"
"Ades","694060fd0b5941c5cbe18cbf","Gabsol","5d658aaeb4ec17864c5272e2","6ac94f601f213b04c20458bb","2026-10-09 16:37"
"twitch.tv/qule0","635d8550c15309de668daf99","Tatert0t & rope shared alt","63875de4e55ec4234b26d1fb","6ac94f987c0d7c57ca306462","2026-10-09 16:37"
"Zeedos","67696f3fc90f037ddbc37127","Quentin4d","5eb7783deb473f2558de286d","6ac94f52816a515650e8b18b","2026-10-09 16:38"
"bezzo","5c4b0baa98004e87dc4ba512","Chris Peacock","61a919ce1763cb0001d21547","6ac94fb5816a515650e8b30a","2026-10-09 16:38"
"ましろ","60622a237c864a00019b5334","Pasord","6669c659ca16186b5a3dbc35","6ac95036816a515650e8b52f","2026-10-09 16:39"
"m4PHI","6465f8a8196d74dad5532e0f","Delema()()()","65869f62df3f7bea3fa1d675","6ac94fee0042b6fc25a003e3","2026-10-09 16:40"
"Jonas","661ad4c4073f663c21b57fe6","stepanartt","60ab9a9195cb750001fb3b69","6ac94fd51f213b04c2045b7f","2026-10-09 16:40"
"Ades","694060fd0b5941c5cbe18cbf","Tatert0t & rope shared alt","63875de4e55ec4234b26d1fb","6ac950620042b6fc25a005e3","2026-10-09 16:40"
"Tomek5_5","606e09423667bc0001ad663d","twitch.tv/qule0","635d8550c15309de668daf99","6ac9503f1f213b04c2045e0f","2026-10-09 16:40"
"DevGeo(YT)","636157b9cf326cd4ca7a9ead","Anadyr, Chukotka","628d5542d10e08168dc50a5f","6ac94fe5d66480562f0cf7bc","2026-10-09 16:40"
"wafflyss","6068a918d8694000010952a2","supergaming","5dfe5cfd328e461c04d7fbf2","6ac94f867c0d7c57ca306438","2026-10-09 16:41"
"barle","6398628520609ac8c10cab13","Kuba","6744ee112d6c958a853b52a6","6ac950301f213b04c2045db0","2026-10-09 16:41"
"📺 TTV: TaterN0t","6a60cb66561c205d0831e2ad","OceanMan","5e9a08cdd502e121002b5279","6ac94ea17c0d7c57ca30606d","2026-10-09 16:41"
"Chris Peacock","61a919ce1763cb0001d21547","Finn Siemon","66eb7b4a062332fb60915d65","6ac950a57c0d7c57ca306925","2026-10-09 16:41"
"Pasord","6669c659ca16186b5a3dbc35","ましろ","60622a237c864a00019b5334","6ac950ea7c0d7c57ca306a6b","2026-10-09 16:41"
"Anonymous","694357bf716cf71c98f96b42","Geoplex","5fc3dc04ed954900017d7dad","6ac94ef41f213b04c20455e6","2026-10-09 16:42"
"Mada","600801c48b224300016f36fd","DerZiggi","5e1a2d512034a0503c2c3cf3","6ac94f9d1f213b04c20459d8","2026-10-09 16:42"
"Abbin","663cf56b43111c18760a380c","All","6332fd517356ad2cfcc440d9","6ac94d1d7c0d7c57ca305a3f","2026-10-09 16:42"
"はやぴー","63c2fb1d3a6897fe7fa9b83c","DevGeo(YT)","636157b9cf326cd4ca7a9ead","6ac950f1cd7220c052705499","2026-10-09 16:42"
"Yanek","5e625daa90d6cfa438a867a6","Palmitas","5c0450ca431965af44f4668e","6ac94fec1f213b04c2045c13","2026-10-09 16:43"
"Quentin4d","5eb7783deb473f2558de286d","twitch.tv/qule0","635d8550c15309de668daf99","6ac9511d1f213b04c20463d6","2026-10-09 16:43"
"Tomek5_5","606e09423667bc0001ad663d","Gabsol","5d658aaeb4ec17864c5272e2","6ac950620042b6fc25a005e0","2026-10-09 16:43"
"Tatert0t & rope shared alt","63875de4e55ec4234b26d1fb","Pasord","6669c659ca16186b5a3dbc35","6ac9512d1f213b04c2046423","2026-10-09 16:43"
"FAST66","68fe3a19704e6ee9db9c333a","Delema()()()","65869f62df3f7bea3fa1d675","6ac9511e1f213b04c20463d7","2026-10-09 16:44"
"Yanek","5e625daa90d6cfa438a867a6","OceanMan","5e9a08cdd502e121002b5279","6ac951a11f213b04c2046706","2026-10-09 16:44"
"barle","6398628520609ac8c10cab13","Kuba","6744ee112d6c958a853b52a6","6ac951517c0d7c57ca306bd1","2026-10-09 16:44"
"Tomek5_5","606e09423667bc0001ad663d","Anadyr, Chukotka","628d5542d10e08168dc50a5f","6ac950f61f213b04c20462a2","2026-10-09 16:44"
"Tanner Coleman","5ff7a3b3ce04930001f68592","Ades","694060fd0b5941c5cbe18cbf","6ac951017c0d7c57ca306ac6","2026-10-09 16:44"
"greguiz","60af1407ce6bd2000128aaba","Dadzio","62e033ce217ecdfb2101edf8","6ac950ad1f213b04c20460b3","2026-10-09 16:45"
"🥷🏿","653d58ea4044fc276f407e75","Zeedos","67696f3fc90f037ddbc37127","6ac950ae0042b6fc25a0072d","2026-10-09 16:45"
"stepanartt","60ab9a9195cb750001fb3b69","DerZiggi","5e1a2d512034a0503c2c3cf3","6ac951861f213b04c204666e","2026-10-09 16:45"
"twitch.tv/qule0","635d8550c15309de668daf99","Ece","5dd06a91e2c0053dd0285400","6ac951ec1f213b04c20468d3","2026-10-09 16:45"
"bezzo","5c4b0baa98004e87dc4ba512","Chris Peacock","61a919ce1763cb0001d21547","6ac95148816a515650e8b991","2026-10-09 16:46"
"Sunflower in CB15 May","6a515fcdcf750a7a944559c1","King of No Multis","6877b24fc8272415e0c98d7a","6ac94f0a816a515650e8afd3","2026-10-09 16:46"
"OceanMan","5e9a08cdd502e121002b5279","Kuba","6744ee112d6c958a853b52a6","6ac952040042b6fc25a00ce3","2026-10-09 16:48"
"Mada","600801c48b224300016f36fd","Jonas","661ad4c4073f663c21b57fe6","6ac952ba816a515650e8c041","2026-10-09 16:49"
"duck","635dc283e419c615374198d6","Fan Swangambita 🔥😋","63d00c59744f7e9ebeeb1c09","6ac952491f213b04c2046b4b","2026-10-09 16:49"
"Tatert0t & rope shared alt","63875de4e55ec4234b26d1fb","twitch.tv/qule0","635d8550c15309de668daf99","6ac952391f213b04c2046b02","2026-10-09 16:50"
"Pasord","6669c659ca16186b5a3dbc35","Finn Siemon","66eb7b4a062332fb60915d65","6ac951d2816a515650e8bbd3","2026-10-09 16:50"
"Baston56","5e866b87b3ec17798078a43b","patrickk.","69cbd6f7c27ed58d53a75908","6ac952841f213b04c2046d01","2026-10-09 16:50"
"Delema()()()","65869f62df3f7bea3fa1d675","m4PHI","6465f8a8196d74dad5532e0f","6ac951ea7c0d7c57ca306e40","2026-10-09 16:51"
"Chris Peacock","61a919ce1763cb0001d21547","King of No Multis","6877b24fc8272415e0c98d7a","6ac9528b1f213b04c2046d30","2026-10-09 16:51"
"Mimii_","699711a6047cff743822aac4","Anadyr, Chukotka","628d5542d10e08168dc50a5f","6ac952577c0d7c57ca307064","2026-10-09 16:51"
"Zeedos","67696f3fc90f037ddbc37127","barle","6398628520609ac8c10cab13","6ac952471f213b04c2046b3f","2026-10-09 16:52"
"Kuba","6744ee112d6c958a853b52a6","bezzo","5c4b0baa98004e87dc4ba512","6ac952f77c0d7c57ca3073a7","2026-10-09 16:52"
"DevGeo(YT)","636157b9cf326cd4ca7a9ead","はやぴー","63c2fb1d3a6897fe7fa9b83c","6ac951d31f213b04c204683d","2026-10-09 16:52"
"📺 TTV: TaterN0t","6a60cb66561c205d0831e2ad","supergaming","5dfe5cfd328e461c04d7fbf2","6ac95140816a515650e8b977","2026-10-09 16:53"
"Mimii_","699711a6047cff743822aac4","Babrnoch","676c36f3ae31f29e4b2ef2f5","6ac9539c1f213b04c2047516","2026-10-09 16:53"
"shawty","65c65054c631e61744bcb357","Finn Siemon","66eb7b4a062332fb60915d65","6ac95365816a515650e8c31a","2026-10-09 16:53"
"🥷🏿","653d58ea4044fc276f407e75","vukGG","6384aef735180c664babf36e","6ac952897c0d7c57ca307193","2026-10-09 16:54"
"Chris Peacock","61a919ce1763cb0001d21547","King of No Multis","6877b24fc8272415e0c98d7a","6ac953ab7c0d7c57ca30777d","2026-10-09 16:54"
"Herrjiell","6463ce1ce623a26f09da5866","Yanek","5e625daa90d6cfa438a867a6","6ac95208816a515650e8bcd5","2026-10-09 16:55"
"Abbin","663cf56b43111c18760a380c","Gabsol","5d658aaeb4ec17864c5272e2","6ac951a30042b6fc25a00b41","2026-10-09 16:55"
"Finn Siemon","66eb7b4a062332fb60915d65","duck","635dc283e419c615374198d6","6ac954070042b6fc25a017da","2026-10-09 16:55"
"Mada","600801c48b224300016f36fd","Zeedos","67696f3fc90f037ddbc37127","6ac953cd0042b6fc25a0164e","2026-10-09 16:56"
"Fan Swangambita 🔥😋","63d00c59744f7e9ebeeb1c09","Pasord","6669c659ca16186b5a3dbc35","6ac9535e1f213b04c20472cf","2026-10-09 16:56"
"shawty","65c65054c631e61744bcb357","Mimii_","699711a6047cff743822aac4","6ac95424f36908eb33db1180","2026-10-09 16:56"
"FAST66","68fe3a19704e6ee9db9c333a","m4PHI","6465f8a8196d74dad5532e0f","6ac953b9816a515650e8c53f","2026-10-09 16:57"
"OceanMan","5e9a08cdd502e121002b5279","Palmitas","5c0450ca431965af44f4668e","6ac952f90042b6fc25a01193","2026-10-09 16:57"
"Kuba","6744ee112d6c958a853b52a6","barle","6398628520609ac8c10cab13","6ac953ea1f213b04c2047808","2026-10-09 16:57"
"bezzo","5c4b0baa98004e87dc4ba512","Tatert0t & rope shared alt","63875de4e55ec4234b26d1fb","6ac953f81f213b04c2047882","2026-10-09 16:57"
"King of No Multis","6877b24fc8272415e0c98d7a","twitch.tv/danq_s ☠️","639c2a925d4cc27b2f7a898b","6ac9544e1f213b04c2047a78","2026-10-09 16:57"
"Anadyr, Chukotka","628d5542d10e08168dc50a5f","Baston56","5e866b87b3ec17798078a43b","6ac953d41f213b04c2047757","2026-10-09 16:57"
"shawty","65c65054c631e61744bcb357","Pasord","6669c659ca16186b5a3dbc35","6ac954d3816a515650e8ca4d","2026-10-09 16:58"
"はやぴー","63c2fb1d3a6897fe7fa9b83c","yakubeq","6a89abdbc44b9b2bfa836c26","6ac953f41f213b04c2047863","2026-10-09 16:59"
"Fan Swangambita 🔥😋","63d00c59744f7e9ebeeb1c09","Mimii_","699711a6047cff743822aac4","6ac954d1b055b03e72883de4","2026-10-09 16:59"
"Finn Siemon","66eb7b4a062332fb60915d65","Ece","5dd06a91e2c0053dd0285400","6ac954c47c0d7c57ca307d57","2026-10-09 16:59"
"King of No Multis","6877b24fc8272415e0c98d7a","Leroy","6984de4267015bc9a6109cae","6ac954ff1f213b04c2047f49","2026-10-09 17:00"
"Delema()()()","65869f62df3f7bea3fa1d675","m4PHI","6465f8a8196d74dad5532e0f","6ac95503816a515650e8cb07","2026-10-09 17:01"
"vukGG","6384aef735180c664babf36e","Yanek","5e625daa90d6cfa438a867a6","6ac95499816a515650e8c99b","2026-10-09 17:01"
"Kuba","6744ee112d6c958a853b52a6","Palmitas","5c0450ca431965af44f4668e","6ac9550e7c0d7c57ca307eef","2026-10-09 17:01"
"📺 TTV: TaterN0t","6a60cb66561c205d0831e2ad","Chris Peacock","61a919ce1763cb0001d21547","6ac954561f213b04c2047ab4","2026-10-09 17:01"
"Iclimbhigher","6594e77717360fe0d27e44d5","🥷🏿","653d58ea4044fc276f407e75","6ac954ae0042b6fc25a01a81","2026-10-09 17:01"
"Doofist","68f3a854d35e604bd5617bb2","Tatert0t & rope shared alt","63875de4e55ec4234b26d1fb","6ac9550e1f213b04c2047f9c","2026-10-09 17:01"
"Pasord","6669c659ca16186b5a3dbc35","shawty","65c65054c631e61744bcb357","6ac95556973be078e1888414","2026-10-09 17:01"
"Anadyr, Chukotka","628d5542d10e08168dc50a5f","BeamingTown622","69695b2052526dd33686cd11","6ac9551acd7220c052705bc8","2026-10-09 17:01"
"barle","6398628520609ac8c10cab13","Mada","600801c48b224300016f36fd","6ac954fe816a515650e8caf1","2026-10-09 17:02"
"RuralQuay427","67afb8f9170e41f8f611a20a","Kilkum","61b228be008ec800015ff0a9","6ac950e30042b6fc25a0086d","2026-10-09 17:02"
"Zeedos","67696f3fc90f037ddbc37127","bezzo","5c4b0baa98004e87dc4ba512","6ac954f71f213b04c2047f21","2026-10-09 17:03"
"Mimii_","699711a6047cff743822aac4","Finn Siemon","66eb7b4a062332fb60915d65","6ac955801f213b04c204831b","2026-10-09 17:03"
"FAST66","68fe3a19704e6ee9db9c333a","m4PHI","6465f8a8196d74dad5532e0f","6ac956137c0d7c57ca308353","2026-10-09 17:04"
"Chris Peacock","61a919ce1763cb0001d21547","Pasord","6669c659ca16186b5a3dbc35","6ac955e90042b6fc25a01f2f","2026-10-09 17:04"
"twitch.tv/qule0","635d8550c15309de668daf99","patrickk.","69cbd6f7c27ed58d53a75908","6ac956191f213b04c204872d","2026-10-09 17:04"
"はやぴー","63c2fb1d3a6897fe7fa9b83c","yakubeq","6a89abdbc44b9b2bfa836c26","6ac955691f213b04c20482a1","2026-10-09 17:05"
"Gabsol","5d658aaeb4ec17864c5272e2","kirilka","69d9aa95413bbbdd2369cafa","6ac954987c0d7c57ca307cc2","2026-10-09 17:05"
"Doofist","68f3a854d35e604bd5617bb2","Mimii_","699711a6047cff743822aac4","6ac956541f213b04c2048898","2026-10-09 17:05"
"King of No Multis","6877b24fc8272415e0c98d7a","Leroy","6984de4267015bc9a6109cae","6ac955d30042b6fc25a01ec9","2026-10-09 17:05"
"vukGG","6384aef735180c664babf36e","🥷🏿","653d58ea4044fc276f407e75","6ac956097c0d7c57ca308335","2026-10-09 17:06"
"📺 TTV: TaterN0t","6a60cb66561c205d0831e2ad","Kuba","6744ee112d6c958a853b52a6","6ac9560c0042b6fc25a01fd5","2026-10-09 17:06"
"Tatert0t & rope shared alt","63875de4e55ec4234b26d1fb","shawty","65c65054c631e61744bcb357","6ac955f8816a515650e8cf76","2026-10-09 17:06"
"twitch.tv/qule0","635d8550c15309de668daf99","big man katoo","66cf5b02457683c980c2533a","6ac956797c0d7c57ca308626","2026-10-09 17:06"
"Zeedos","67696f3fc90f037ddbc37127","bezzo","5c4b0baa98004e87dc4ba512","6ac956867c0d7c57ca308651","2026-10-09 17:07"
"KaczuSiastyy","664a46ec660949cf6274a231","Ryan","5e1cba902034a09a54bbd59d","6ac956387c0d7c57ca30843c","2026-10-09 17:07"
"Dadzio","62e033ce217ecdfb2101edf8","greguiz","60af1407ce6bd2000128aaba","6ac9558c816a515650e8cd8b","2026-10-09 17:08"
"Mimii_","699711a6047cff743822aac4","Gabsol","5d658aaeb4ec17864c5272e2","6ac956ef7c0d7c57ca3087db","2026-10-09 17:08"
"twitch.tv/qule0","635d8550c15309de668daf99","simsson","603659630b13630001de6f9c","6ac956a7816a515650e8d39b","2026-10-09 17:08"
"Niels Klaus","67ffcf4fce0f332d5553d6b4","Pasord","6669c659ca16186b5a3dbc35","6ac956ff1f213b04c2048c8a","2026-10-09 17:08"
"m4PHI","6465f8a8196d74dad5532e0f","Delema()()()","65869f62df3f7bea3fa1d675","6ac956ad7c0d7c57ca3086bb","2026-10-09 17:09"
"Iclimbhigher","6594e77717360fe0d27e44d5","barle","6398628520609ac8c10cab13","6ac956e4973be078e1888a7d","2026-10-09 17:09"
"Anadyr, Chukotka","628d5542d10e08168dc50a5f","Yarik","676e524ee37422d9da0e161a","6ac955fb1f213b04c20485cd","2026-10-09 17:10"
"Niels Klaus","67ffcf4fce0f332d5553d6b4","Pasord","6669c659ca16186b5a3dbc35","6ac957b91f213b04c204909b","2026-10-09 17:10"
"All","6332fd517356ad2cfcc440d9","ZetanChamp","64139432060237445c0eb5dc","6ac9570d0042b6fc25a0250a","2026-10-09 17:10"
"Kuba","6744ee112d6c958a853b52a6","📺 TTV: TaterN0t","6a60cb66561c205d0831e2ad","6ac95749816a515650e8d5f3","2026-10-09 17:11"
"Fan Swangambita 🔥😋","63d00c59744f7e9ebeeb1c09","Finn Siemon","66eb7b4a062332fb60915d65","6ac9566f1f213b04c2048974","2026-10-09 17:11"
"King of No Multis","6877b24fc8272415e0c98d7a","Leroy","6984de4267015bc9a6109cae","6ac956e21f213b04c2048bfb","2026-10-09 17:11"
"kirilka","69d9aa95413bbbdd2369cafa","Chris Peacock","61a919ce1763cb0001d21547","6ac956d47c0d7c57ca308769","2026-10-09 17:12"
"Mimii_","699711a6047cff743822aac4","DevGeo(YT)","636157b9cf326cd4ca7a9ead","6ac957b4816a515650e8d7ff","2026-10-09 17:12"
"Herrjiell","6463ce1ce623a26f09da5866","Ricky Beast","5ff33554455e6800011e3146","6ac95542816a515650e8cc1f","2026-10-09 17:13"
"Tatert0t & rope shared alt","63875de4e55ec4234b26d1fb","twitch.tv/qule0","635d8550c15309de668daf99","6ac957391f213b04c2048ddc","2026-10-09 17:13"
"mzk","5f3fde73116e5c0001ef74a5","Ayli","6381e9f58453af043b2f4206","6ac9581c816a515650e8d9b9","2026-10-09 17:13"
"m4PHI","6465f8a8196d74dad5532e0f","FAST66","68fe3a19704e6ee9db9c333a","6ac957cd7c0d7c57ca308b4e","2026-10-09 17:14"
"PLK","62179a5c8e88d400010d91ea","bezzo","5c4b0baa98004e87dc4ba512","6ac957d4816a515650e8d873","2026-10-09 17:14"
"Gabsol","5d658aaeb4ec17864c5272e2","twitch.tv/qule0","635d8550c15309de668daf99","6ac957a21f213b04c2049025","2026-10-09 17:14"
"KaczuSiastyy","664a46ec660949cf6274a231","Ryan","5e1cba902034a09a54bbd59d","6ac957671f213b04c2048ede","2026-10-09 17:14"
"Baston56","5e866b87b3ec17798078a43b","R2 Moving Goat","686fd3f2ed7d3b771f809a95","6ac9551f1f213b04c2048011","2026-10-09 17:14"
"Stephen","5d87615adf1dd672b8a144b5","simsson","603659630b13630001de6f9c","6ac957951f213b04c2048fb7","2026-10-09 17:15"
"Chris Peacock","61a919ce1763cb0001d21547","Mimii_","699711a6047cff743822aac4","6ac958a40042b6fc25a02a64","2026-10-09 17:15"
"Pasord","6669c659ca16186b5a3dbc35","Niels Klaus","67ffcf4fce0f332d5553d6b4","6ac958391f213b04c2049358","2026-10-09 17:15"
"Fan Swangambita 🔥😋","63d00c59744f7e9ebeeb1c09","Finn Siemon","66eb7b4a062332fb60915d65","6ac9585f1f213b04c204941b","2026-10-09 17:16"
"twitch.tv/qule0","635d8550c15309de668daf99","Ryan","5e1cba902034a09a54bbd59d","6ac958fd1f213b04c2049728","2026-10-09 17:16"
"Mada","600801c48b224300016f36fd","Dadzio","62e033ce217ecdfb2101edf8","6ac957a6816a515650e8d7b8","2026-10-09 17:17"
"Kuba","6744ee112d6c958a853b52a6","📺 TTV: TaterN0t","6a60cb66561c205d0831e2ad","6ac9585f1f213b04c2049419","2026-10-09 17:17"
"bezzo","5c4b0baa98004e87dc4ba512","Chronos","669fcc63ac0994d88711144c","6ac9590e290b17532fc92294","2026-10-09 17:17"
"Desanori","65fc7b9691115d931473c1fc","Ayli","6381e9f58453af043b2f4206","6ac9594b1f213b04c20498c0","2026-10-09 17:17"
"Avandy","60c3535133004c00010451a3","kirilka","69d9aa95413bbbdd2369cafa","6ac9589f1f213b04c204954f","2026-10-09 17:19"
"はやぴー","63c2fb1d3a6897fe7fa9b83c","yakubeq","6a89abdbc44b9b2bfa836c26","6ac957051f213b04c2048ca6","2026-10-09 17:19"
"Tatert0t & rope shared alt","63875de4e55ec4234b26d1fb","PLK","62179a5c8e88d400010d91ea","6ac9593a1f213b04c204985c","2026-10-09 17:19"
"simsson","603659630b13630001de6f9c","Chris Peacock","61a919ce1763cb0001d21547","6ac9595c816a515650e8de22","2026-10-09 17:19"
"DevGeo(YT)","636157b9cf326cd4ca7a9ead","twitch.tv/qule0","635d8550c15309de668daf99","6ac958cb816a515650e8dc20","2026-10-09 17:19"
"Fan Swangambita 🔥😋","63d00c59744f7e9ebeeb1c09","KaczuSiastyy","664a46ec660949cf6274a231","6ac959b60042b6fc25a02e45","2026-10-09 17:20"
"Mimii_","699711a6047cff743822aac4","Tatert0t","68713ba58c49b2f1bf373e05","6ac95972cc1b2e24137eea1a","2026-10-09 17:20"
"twitch.tv/qule0","635d8550c15309de668daf99","Ryan","5e1cba902034a09a54bbd59d","6ac959931f213b04c2049a79","2026-10-09 17:20"
"Desanori","65fc7b9691115d931473c1fc","bezzo","5c4b0baa98004e87dc4ba512","6ac959de816a515650e8dfab","2026-10-09 17:21"
"BeamingTown622","69695b2052526dd33686cd11","big man katoo","66cf5b02457683c980c2533a","6ac959d50042b6fc25a02e94","2026-10-09 17:21"
"Kilkum","61b228be008ec800015ff0a9","RuralQuay427","67afb8f9170e41f8f611a20a","6ac95662816a515650e8d1e9","2026-10-09 17:22"
"twitch.tv/qule0","635d8550c15309de668daf99","Tatert0t & rope shared alt","63875de4e55ec4234b26d1fb","6ac95a311f213b04c2049db5","2026-10-09 17:22"
"Chronos","669fcc63ac0994d88711144c","Tatert0t","68713ba58c49b2f1bf373e05","6ac95a827c0d7c57ca309529","2026-10-09 17:22"
"Dadzio","62e033ce217ecdfb2101edf8","Ricky Beast","5ff33554455e6800011e3146","6ac959ba1f213b04c2049b61","2026-10-09 17:23"
"barle","6398628520609ac8c10cab13","Abbin","663cf56b43111c18760a380c","6ac958401f213b04c204937e","2026-10-09 17:23"
"PLK","62179a5c8e88d400010d91ea","Avandy","60c3535133004c00010451a3","6ac95a371f213b04c2049dd7","2026-10-09 17:23"
"simsson","603659630b13630001de6f9c","twitch.tv/qule0","635d8550c15309de668daf99","6ac95a701f213b04c2049f31","2026-10-09 17:23"
"Mimii_","699711a6047cff743822aac4","Fan Swangambita 🔥😋","63d00c59744f7e9ebeeb1c09","6ac95a821f213b04c2049faa","2026-10-09 17:24"
"twitch.tv/qule0","635d8550c15309de668daf99","Next","6080a368f1a498000103e1ae","6ac95acecd7220c052706301","2026-10-09 17:25"
"Preussen","64da4d57e44ffbb819d935b1","Mada","600801c48b224300016f36fd","6ac95b041f213b04c204a26f","2026-10-09 17:26"
"Desanori","65fc7b9691115d931473c1fc","Tatert0t & rope shared alt","63875de4e55ec4234b26d1fb","6ac95ac81f213b04c204a143","2026-10-09 17:26"
"Delema()()()","65869f62df3f7bea3fa1d675","FAST66","68fe3a19704e6ee9db9c333a","6ac95aa81f213b04c204a050","2026-10-09 17:27"
"Shpluk","56a0a5f1f0f54438b8b9f4b1","Yanek","5e625daa90d6cfa438a867a6","6ac956231f213b04c2048766","2026-10-09 17:27"
"📺 TTV: TaterN0t","6a60cb66561c205d0831e2ad","kirilka","69d9aa95413bbbdd2369cafa","6ac95a33816a515650e8e10a","2026-10-09 17:27"
"67","6874e2f8ef3960e599abae7c","shawty","65c65054c631e61744bcb357","6ac95b810042b6fc25a03444","2026-10-09 17:27"
"Tatert0t","68713ba58c49b2f1bf373e05","bezzo","5c4b0baa98004e87dc4ba512","6ac95ae11f213b04c204a1bf","2026-10-09 17:28"
"Avetixz","632b4c9d0609ae73d2a1f799","Desanori","65fc7b9691115d931473c1fc","6ac95bdb816a515650e8e6ed","2026-10-09 17:28"
"📺 TTV: TaterN0t","6a60cb66561c205d0831e2ad","Maksonic","619d09bdc4ab7000016c68d3","6ac95c011f213b04c204a7e7","2026-10-09 17:29"
"Avandy","60c3535133004c00010451a3","PLK","62179a5c8e88d400010d91ea","6ac95b281f213b04c204a33d","2026-10-09 17:29"
"Chris Peacock","61a919ce1763cb0001d21547","DevGeo(YT)","636157b9cf326cd4ca7a9ead","6ac95a3e0042b6fc25a02ffb","2026-10-09 17:29"
"randomgeo","6aa423472c32a08064a2a9b7","Kitsune8","638dc9a48c7645b95cb9ce63","6ac95a581f213b04c2049e9f","2026-10-09 17:29"
"Fan Swangambita 🔥😋","63d00c59744f7e9ebeeb1c09","Tatert0t & rope shared alt","63875de4e55ec4234b26d1fb","6ac95bd8973be078e18897f2","2026-10-09 17:30"
"twitch.tv/qule0","635d8550c15309de668daf99","Leroy","6984de4267015bc9a6109cae","6ac95b2f1f213b04c204a375","2026-10-09 17:30"
"twitch.tv/qule0","635d8550c15309de668daf99","Next","6080a368f1a498000103e1ae","6ac95ba6816a515650e8e651","2026-10-09 17:31"
"Yanek","5e625daa90d6cfa438a867a6","Preussen","64da4d57e44ffbb819d935b1","6ac95bf61f213b04c204a7b3","2026-10-09 17:32"
"simsson","603659630b13630001de6f9c","Mimii_","699711a6047cff743822aac4","6ac95b687c0d7c57ca30986e","2026-10-09 17:32"
"Kilkum","61b228be008ec800015ff0a9","RuralQuay427","67afb8f9170e41f8f611a20a","6ac95ae07c0d7c57ca30966c","2026-10-09 17:32"
"shawty","65c65054c631e61744bcb357","Tatert0t","68713ba58c49b2f1bf373e05","6ac95c3a973be078e1889946","2026-10-09 17:32"
"Desanori","65fc7b9691115d931473c1fc","bezzo","5c4b0baa98004e87dc4ba512","6ac95c4a1f213b04c204a98c","2026-10-09 17:32"
"FAST66","68fe3a19704e6ee9db9c333a","Delema()()()","65869f62df3f7bea3fa1d675","6ac95c1a1f213b04c204a882","2026-10-09 17:33"
"barle","6398628520609ac8c10cab13","Avandy","60c3535133004c00010451a3","6ac95c931f213b04c204aaf5","2026-10-09 17:33"
"Fan Swangambita 🔥😋","63d00c59744f7e9ebeeb1c09","Tatert0t & rope shared alt","63875de4e55ec4234b26d1fb","6ac95cd41f213b04c204ac7e","2026-10-09 17:34"
"Avetixz","632b4c9d0609ae73d2a1f799","IntoxYT","67d8ff594b727274ef5417c9","6ac95c70973be078e18899e8","2026-10-09 17:34"
"PLK","62179a5c8e88d400010d91ea","wichura240","68767692157557d5c76a0ab6","6ac95cb81f213b04c204abee","2026-10-09 17:35"
"Gabsol","5d658aaeb4ec17864c5272e2","All","6332fd517356ad2cfcc440d9","6ac958f9816a515650e8dccd","2026-10-09 17:35"
"Lennli","5b4899f5b56fe41a1831bba4","📺 TTV: TaterN0t","6a60cb66561c205d0831e2ad","6ac95d060042b6fc25a039a5","2026-10-09 17:38"
"barle","6398628520609ac8c10cab13","Avandy","60c3535133004c00010451a3","6ac95d8f1f213b04c204b008","2026-10-09 17:38"
"Abbin","663cf56b43111c18760a380c","LP","607c59afb15d75000193fc94","6ac95bb27c0d7c57ca309942","2026-10-09 17:38"
"Mimii_","699711a6047cff743822aac4","simsson","603659630b13630001de6f9c","6ac95d1f1f213b04c204adba","2026-10-09 17:38"
"FAST66","68fe3a19704e6ee9db9c333a","Delema()()()","65869f62df3f7bea3fa1d675","6ac95d741f213b04c204af4f","2026-10-09 17:39"
"Maksonic","619d09bdc4ab7000016c68d3","Valen´t","5ecc89febb39467ce83ec462","6ac95d2a1f213b04c204aded","2026-10-09 17:39"
"wichura240","68767692157557d5c76a0ab6","bezzo","5c4b0baa98004e87dc4ba512","6ac95e00816a515650e8efec","2026-10-09 17:39"
"DevGeo(YT)","636157b9cf326cd4ca7a9ead","Yarik","676e524ee37422d9da0e161a","6ac95e12816a515650e8f022","2026-10-09 17:39"
"Tatert0t","68713ba58c49b2f1bf373e05","Desanori","65fc7b9691115d931473c1fc","6ac95d640042b6fc25a03b12","2026-10-09 17:39"
"OceanMan","5e9a08cdd502e121002b5279","Yanek","5e625daa90d6cfa438a867a6","6ac95d7b1f213b04c204af7e","2026-10-09 17:40"
"Avandy","60c3535133004c00010451a3","Mimii_","699711a6047cff743822aac4","6ac95eb51f213b04c204b66d","2026-10-09 17:41"
"PLK","62179a5c8e88d400010d91ea","Tatert0t & rope shared alt","63875de4e55ec4234b26d1fb","6ac95e6a7c0d7c57ca30a451","2026-10-09 17:41"
"Kilkum","61b228be008ec800015ff0a9","achmedsender","5a1606e2f370149bf01ab594","6ac95dc07c0d7c57ca30a1f6","2026-10-09 17:41"
"Ricky Beast","5ff33554455e6800011e3146","Palmitas","5c0450ca431965af44f4668e","6ac95c7a816a515650e8e93f","2026-10-09 17:42"
"vanz","68bd5b8c717f397339807f14","Mimii_","699711a6047cff743822aac4","6ac95f45816a515650e8f3e5","2026-10-09 17:42"
"Valen´t","5ecc89febb39467ce83ec462","wichura240","68767692157557d5c76a0ab6","6ac95ef8816a515650e8f2c4","2026-10-09 17:44"
"simsson","603659630b13630001de6f9c","MG","670d6a20cf57e18ab12f38f8","6ac95ea91f213b04c204b634","2026-10-09 17:44"
"vanz","68bd5b8c717f397339807f14","Mimii_","699711a6047cff743822aac4","6ac95f45816a515650e8f3e5","2026-10-09 17:44"
"Superhorstuwe","67f42dea666326f3169cde54","Preussen","64da4d57e44ffbb819d935b1","6ac95e7e1f213b04c204b540","2026-10-09 17:45"
"Fan Swangambita 🔥😋","63d00c59744f7e9ebeeb1c09","Avandy","60c3535133004c00010451a3","6ac95f401f213b04c204b926","2026-10-09 17:45"
"Desanori","65fc7b9691115d931473c1fc","vanz","68bd5b8c717f397339807f14","6ac95f3d816a515650e8f3cf","2026-10-09 17:45"
"Gabsol","5d658aaeb4ec17864c5272e2","Tomm","5f343e1e90ab2f000146ef1d","6ac95eea1f213b04c204b74a","2026-10-09 17:46"
"Delema()()()","65869f62df3f7bea3fa1d675","FAST66","68fe3a19704e6ee9db9c333a","6ac95ef61f213b04c204b77e","2026-10-09 17:47"
"PechSP","5e9662142ad6cfadc8e2db9d","Tikon","621cddf10416aa00011b992b","6ac95de21f213b04c204b229","2026-10-09 17:47"
"Maksonic","619d09bdc4ab7000016c68d3","📺 TTV: TaterN0t","6a60cb66561c205d0831e2ad","6ac95efd1f213b04c204b7a1","2026-10-09 17:47"
"Mimii_","699711a6047cff743822aac4","vanz","68bd5b8c717f397339807f14","6ac95fa80042b6fc25a04333","2026-10-09 17:47"
"bezzo","5c4b0baa98004e87dc4ba512","Tatert0t & rope shared alt","63875de4e55ec4234b26d1fb","6ac95f860042b6fc25a042d6","2026-10-09 17:47"
"Tatert0t","68713ba58c49b2f1bf373e05","vanz","68bd5b8c717f397339807f14","6ac96003cc1b2e24137efde6","2026-10-09 17:47"
"Avetixz","632b4c9d0609ae73d2a1f799","DeadHorse","662ea7b2692b73741f6267ed","6ac95f6f1f213b04c204ba59","2026-10-09 17:48"
"kuba & Qule0 Shared Alt","68582b5f8e62427811441b60","Debre","59d0b74bd8fe1d5b30651962","6ac95ffb816a515650e8f60d","2026-10-09 17:49"
"Kilkum","61b228be008ec800015ff0a9","RuralQuay427","67afb8f9170e41f8f611a20a","6ac95f6e816a515650e8f44f","2026-10-09 17:49"
"vanz","68bd5b8c717f397339807f14","Bad for 5K","6977deb37152525cbd406635","6ac960ed816a515650e8f976","2026-10-09 17:49"
"Ricky Beast","5ff33554455e6800011e3146","OceanMan","5e9a08cdd502e121002b5279","6ac95fcc1f213b04c204bc21","2026-10-09 17:50"
"Preussen","64da4d57e44ffbb819d935b1","Gabsol","5d658aaeb4ec17864c5272e2","6ac9606f816a515650e8f797","2026-10-09 17:50"
"PLK","62179a5c8e88d400010d91ea","vukGG","6384aef735180c664babf36e","6ac95f880042b6fc25a042e9","2026-10-09 17:50"
"Fan Swangambita 🔥😋","63d00c59744f7e9ebeeb1c09","Avandy","60c3535133004c00010451a3","6ac960bb1f213b04c204c0c6","2026-10-09 17:50"
"Tatert0t & rope shared alt","63875de4e55ec4234b26d1fb","bezzo","5c4b0baa98004e87dc4ba512","6ac960b20042b6fc25a0468d","2026-10-09 17:50"
"Valen´t","5ecc89febb39467ce83ec462","Superhorstuwe","67f42dea666326f3169cde54","6ac960631f213b04c204bee0","2026-10-09 17:51"
"俺でキャリーでTV","66d667a20b1997b505283d37","vanz","68bd5b8c717f397339807f14","6ac960e61f213b04c204c1ac","2026-10-09 17:51"
"vanz","68bd5b8c717f397339807f14","Desanori","65fc7b9691115d931473c1fc","6ac961361f213b04c204c35f","2026-10-09 17:51"
"Yanek","5e625daa90d6cfa438a867a6","📺 TTV: TaterN0t","6a60cb66561c205d0831e2ad","6ac960cc7c0d7c57ca30ac23","2026-10-09 17:52"
"vanz","68bd5b8c717f397339807f14","Desanori","65fc7b9691115d931473c1fc","6ac961361f213b04c204c35f","2026-10-09 17:52"
"Avetixz","632b4c9d0609ae73d2a1f799","Tomek5_5","606e09423667bc0001ad663d","6ac961037c0d7c57ca30ad74","2026-10-09 17:52"
"Delema()()()","65869f62df3f7bea3fa1d675","FAST66","68fe3a19704e6ee9db9c333a","6ac960dc7c0d7c57ca30ac85","2026-10-09 17:53"
"Palmitas","5c0450ca431965af44f4668e","Debre","59d0b74bd8fe1d5b30651962","6ac9613c1f213b04c204c37a","2026-10-09 17:53"
"Avandy","60c3535133004c00010451a3","Fan Swangambita 🔥😋","63d00c59744f7e9ebeeb1c09","6ac961611f213b04c204c418","2026-10-09 17:53"
"Gustavaulas","5ba40c9dd527135a2018ccfd","PML","615b4d8920ea1200012de9bf","6ac95fc6816a515650e8f551","2026-10-09 17:53"
"Mimii_","699711a6047cff743822aac4","Tatert0t","68713ba58c49b2f1bf373e05","6ac96179816a515650e8fb5f","2026-10-09 17:54"
"Tomm","5f343e1e90ab2f000146ef1d","simsson","603659630b13630001de6f9c","6ac96074816a515650e8f7b7","2026-10-09 17:54"
"Tikon","621cddf10416aa00011b992b","PechSP","5e9662142ad6cfadc8e2db9d","6ac960db1f213b04c204c180","2026-10-09 17:55"
"Preussen","64da4d57e44ffbb819d935b1","OceanMan","5e9a08cdd502e121002b5279","6ac961ae0042b6fc25a04a0c","2026-10-09 17:55"
"PLK","62179a5c8e88d400010d91ea","俺でキャリーでTV","66d667a20b1997b505283d37","6ac961be1f213b04c204c59f","2026-10-09 17:55"
"MG","670d6a20cf57e18ab12f38f8","Yarik","676e524ee37422d9da0e161a","6ac960c11f213b04c204c0e9","2026-10-09 17:55"
"Żukasz","602cfd5dc397fa0001f09dfb","bezzo","5c4b0baa98004e87dc4ba512","6ac96187816a515650e8fb98","2026-10-09 17:55"
"Tomek5_5","606e09423667bc0001ad663d","Zetie","5e9215c1b3ec17480c01df1e","6ac962131f213b04c204c72a","2026-10-09 17:56"
"RJay223","68a7393aba3755f87bd88212","Tatert0t","68713ba58c49b2f1bf373e05","6ac9625a7c0d7c57ca30b273","2026-10-09 17:56"
"vanz","68bd5b8c717f397339807f14","Tatert0t & rope shared alt","63875de4e55ec4234b26d1fb","6ac961b3816a515650e8fc35","2026-10-09 17:56"
"Delema()()()","65869f62df3f7bea3fa1d675","FAST66","68fe3a19704e6ee9db9c333a","6ac9623c0042b6fc25a04baf","2026-10-09 17:57"
"Ricky Beast","5ff33554455e6800011e3146","Superhorstuwe","67f42dea666326f3169cde54","6ac961d71f213b04c204c615","2026-10-09 17:57"
"📺 TTV: TaterN0t","6a60cb66561c205d0831e2ad","Maksonic","619d09bdc4ab7000016c68d3","6ac961e4cd7220c052706afa","2026-10-09 17:57"
"vanz","68bd5b8c717f397339807f14","Tatert0t","68713ba58c49b2f1bf373e05","6ac962d3816a515650e900aa","2026-10-09 17:58"
"PML","615b4d8920ea1200012de9bf","Zetie","5e9215c1b3ec17480c01df1e","6ac962ef0042b6fc25a04e0c","2026-10-09 17:58"
"Valen´t","5ecc89febb39467ce83ec462","Iclimbhigher","6594e77717360fe0d27e44d5","6ac961de7c0d7c57ca30b0e5","2026-10-09 17:59"
"Avandy","60c3535133004c00010451a3","Palmitas","5c0450ca431965af44f4668e","6ac96251816a515650e8fe32","2026-10-09 17:59"
"PLK","62179a5c8e88d400010d91ea","Mati_01","626d0e7318005f1f25a53151","6ac963181f213b04c204cc57","2026-10-09 18:00"
"Mimii_","699711a6047cff743822aac4","vanz","68bd5b8c717f397339807f14","6ac962581f213b04c204c89e","2026-10-09 18:00"
"FAST66","68fe3a19704e6ee9db9c333a","Delema()()()","65869f62df3f7bea3fa1d675","6ac963281f213b04c204ccb3","2026-10-09 18:01"
"Fan Swangambita 🔥😋","63d00c59744f7e9ebeeb1c09","俺でキャリーでTV","66d667a20b1997b505283d37","6ac962a7d66480562f0d35f3","2026-10-09 18:01"
"Avetixz","632b4c9d0609ae73d2a1f799","simsson","603659630b13630001de6f9c","6ac962d61f213b04c204cb4c","2026-10-09 18:01"
"Yanek","5e625daa90d6cfa438a867a6","Debre","59d0b74bd8fe1d5b30651962","6ac9623f1f213b04c204c826","2026-10-09 18:02"
"Palmitas","5c0450ca431965af44f4668e","Avandy","60c3535133004c00010451a3","6ac963a0290b17532fc94994","2026-10-09 18:02"
"RJay223","68a7393aba3755f87bd88212","King of No Multis","6877b24fc8272415e0c98d7a","6ac96320816a515650e901cf","2026-10-09 18:02"
"Tatert0t & rope shared alt","63875de4e55ec4234b26d1fb","Leuchtturm","686ed1975e236cb8819108e7","6ac962f71f213b04c204cbc8","2026-10-09 18:02"
"Fan Swangambita 🔥😋","63d00c59744f7e9ebeeb1c09","Avetixz","632b4c9d0609ae73d2a1f799","6ac964197c0d7c57ca30b879","2026-10-09 18:03"
"iambreathtaking","645ce5e06d34b17db7267ceb","いぶりー ivly","6578df649b50a29c7d4112a0","6ac960890042b6fc25a04613","2026-10-09 18:03"
"cadu","6701c271782cbf631e6511a9","MASSIVELEGEND","57a1e5c296ca67161038e742","6ac963ef1f213b04c204d04a","2026-10-09 18:05"
"Palmitas","5c0450ca431965af44f4668e","Avandy","60c3535133004c00010451a3","6ac9643c7c0d7c57ca30b920","2026-10-09 18:06"
"Mati_01","626d0e7318005f1f25a53151","Debre","59d0b74bd8fe1d5b30651962","6ac964317c0d7c57ca30b8fb","2026-10-09 18:06"
"Superhorstuwe","67f42dea666326f3169cde54","OceanMan","5e9a08cdd502e121002b5279","6ac96303816a515650e90166","2026-10-09 18:06"
"simsson","603659630b13630001de6f9c","Mimii_","699711a6047cff743822aac4","6ac963f61f213b04c204d06d","2026-10-09 18:06"
"PLK","62179a5c8e88d400010d91ea","Valen´t","5ecc89febb39467ce83ec462","6ac963b21f213b04c204cf25","2026-10-09 18:07"
"Avandy","60c3535133004c00010451a3","kuba & Qule0 Shared Alt","68582b5f8e62427811441b60","6ac9652d1f213b04c204d638","2026-10-09 18:07"
"Tatert0t & rope shared alt","63875de4e55ec4234b26d1fb","俺でキャリーでTV","66d667a20b1997b505283d37","6ac9642b1f213b04c204d163","2026-10-09 18:07"
"Zetie","5e9215c1b3ec17480c01df1e","PML","615b4d8920ea1200012de9bf","6ac9636e7c0d7c57ca30b657","2026-10-09 18:07"
"PechSP","5e9662142ad6cfadc8e2db9d","Clement","635c171d190621fb60d8bb08","6ac9628c7c0d7c57ca30b310","2026-10-09 18:08"
"Preussen","64da4d57e44ffbb819d935b1","Maksonic","619d09bdc4ab7000016c68d3","6ac9637e816a515650e902f7","2026-10-09 18:08"
"👁️AAAAAAAAAAAAA👁️","69751c89c3036f77b93fb696","yakubeq","6a89abdbc44b9b2bfa836c26","6ac964ee1f213b04c204d4fc","2026-10-09 18:08"
"Cristalina 🪽","595fc5209a4f70bbd892e251","Fan Swangambita 🔥😋","63d00c59744f7e9ebeeb1c09","6ac964edcd7220c052706ed9","2026-10-09 18:08"
"pissman","5bc62f209f90a81f581be9ca","ZetanChamp","64139432060237445c0eb5dc","6ac963ba816a515650e903b3","2026-10-09 18:08"
"Tatert0t & rope shared alt","63875de4e55ec4234b26d1fb","Ryan","5e1cba902034a09a54bbd59d","6ac9657f1f213b04c204d793","2026-10-09 18:09"
"začiatočník","6a99a7f8666de083fee763c1","FAST66","68fe3a19704e6ee9db9c333a","6ac964111f213b04c204d0ef","2026-10-09 18:10"
"Ricky Beast","5ff33554455e6800011e3146","Felix.svb","6856986bb22dea4ae40a3d22","6ac963e5257622416c6e2842","2026-10-09 18:10"
"King of No Multis","6877b24fc8272415e0c98d7a","Avetixz","632b4c9d0609ae73d2a1f799","6ac964a41f213b04c204d374","2026-10-09 18:10"
"Palmitas","5c0450ca431965af44f4668e","Yanek","5e625daa90d6cfa438a867a6","6ac96540cd7220c052706efd","2026-10-09 18:11"
"cadu","6701c271782cbf631e6511a9","looer_h","627823ed8874df9dd7c83fae","6ac964fc1f213b04c204d540","2026-10-09 18:11"
"yakubeq","6a89abdbc44b9b2bfa836c26","simsson","603659630b13630001de6f9c","6ac96596816a515650e909a1","2026-10-09 18:11"
"Debre","59d0b74bd8fe1d5b30651962","Sélestat Vinted Chairman","6363f6addf4ad1bf40826a3b","6ac96562816a515650e90920","2026-10-09 18:12"
"Gabsol","5d658aaeb4ec17864c5272e2","Kilkum","61b228be008ec800015ff0a9","6ac9616f7c0d7c57ca30af7a","2026-10-09 18:12"
"All","6332fd517356ad2cfcc440d9","Haus","678bc95a847b56d5e0276463","6ac95e911f213b04c204b589","2026-10-09 18:12"
"bezzo","5c4b0baa98004e87dc4ba512","OakTree","617eb25d4e0e40000158968f","6ac965ae7c0d7c57ca30bda3","2026-10-09 18:12"
"Mimii_","699711a6047cff743822aac4","RJay223","68a7393aba3755f87bd88212","6ac965537c0d7c57ca30bcbd","2026-10-09 18:13"
"Tatert0t & rope shared alt","63875de4e55ec4234b26d1fb","King of No Multis","6877b24fc8272415e0c98d7a","6ac96635816a515650e90bd1","2026-10-09 18:13"
"RuralQuay427","67afb8f9170e41f8f611a20a","Leuchtturm","686ed1975e236cb8819108e7","6ac964341f213b04c204d190","2026-10-09 18:14"
"Debre","59d0b74bd8fe1d5b30651962","Palmitas","5c0450ca431965af44f4668e","6ac966a51f213b04c204dc8a","2026-10-09 18:15"
"wichura240","68767692157557d5c76a0ab6","Mimii_","699711a6047cff743822aac4","6ac966d0d66480562f0d40be","2026-10-09 18:15"
"Delema()()()","65869f62df3f7bea3fa1d675","FAST66","68fe3a19704e6ee9db9c333a","6ac966381f213b04c204dac3","2026-10-09 18:16"
"Stefani Joan Armani Germanotta","646ca34a8572ef474e1b56b1","Cristalina 🪽","595fc5209a4f70bbd892e251","6ac965f31f213b04c204d993","2026-10-09 18:16"
"yakubeq","6a89abdbc44b9b2bfa836c26","simsson","603659630b13630001de6f9c","6ac966561f213b04c204db4f","2026-10-09 18:16"
"OceanMan","5e9a08cdd502e121002b5279","Superhorstuwe","67f42dea666326f3169cde54","6ac965f5cc1b2e24137f0fcd","2026-10-09 18:17"
"PLK","62179a5c8e88d400010d91ea","Valen´t","5ecc89febb39467ce83ec462","6ac965767c0d7c57ca30bd19","2026-10-09 18:17"
"Debre","59d0b74bd8fe1d5b30651962","Avandy","60c3535133004c00010451a3","6ac967641f213b04c204dfc6","2026-10-09 18:17"
"King of No Multis","6877b24fc8272415e0c98d7a","I'm gonna tell Piers Morgan","656bcc42be6fc8a2b1f06322","6ac966d91f213b04c204dd6b","2026-10-09 18:17"
"Bravious","608f43fa0d0e0d0001d2abde","bezzo","5c4b0baa98004e87dc4ba512","6ac966ad0042b6fc25a0592d","2026-10-09 18:17"
"FAST66","68fe3a19704e6ee9db9c333a","Delema()()()","65869f62df3f7bea3fa1d675","6ac9677f1f213b04c204e026","2026-10-09 18:18"
"Tatert0t & rope shared alt","63875de4e55ec4234b26d1fb","Mimii_","699711a6047cff743822aac4","6ac967481f213b04c204df65","2026-10-09 18:18"
"Yanek","5e625daa90d6cfa438a867a6","Preussen","64da4d57e44ffbb819d935b1","6ac966617c0d7c57ca30bfc8","2026-10-09 18:19"
"bezzo","5c4b0baa98004e87dc4ba512","俺でキャリーでTV","66d667a20b1997b505283d37","6ac967bc816a515650e91068","2026-10-09 18:19"
"PLK","62179a5c8e88d400010d91ea","Valen´t","5ecc89febb39467ce83ec462","6ac967b51f213b04c204e131","2026-10-09 18:20"
"Stefani Joan Armani Germanotta","646ca34a8572ef474e1b56b1","Cristalina 🪽","595fc5209a4f70bbd892e251","6ac9677f0042b6fc25a05b5f","2026-10-09 18:20"
"začiatočník","6a99a7f8666de083fee763c1","Clement","635c171d190621fb60d8bb08","6ac966c71f213b04c204dd0b","2026-10-09 18:21"
"looer_h","627823ed8874df9dd7c83fae","cadu","6701c271782cbf631e6511a9","6ac9668c7c0d7c57ca30c03c","2026-10-09 18:21"
"Palmitas","5c0450ca431965af44f4668e","kenny","65cbc406504fe72cd8cea23e","6ac967787c0d7c57ca30c2de","2026-10-09 18:22"
"Avandy","60c3535133004c00010451a3","RJay223","68a7393aba3755f87bd88212","6ac967fa0042b6fc25a05d18","2026-10-09 18:22"
"Delema()()()","65869f62df3f7bea3fa1d675","FAST66","68fe3a19704e6ee9db9c333a","6ac9681d7c0d7c57ca30c578","2026-10-09 18:23"
"Preussen","64da4d57e44ffbb819d935b1","Yanek","5e625daa90d6cfa438a867a6","6ac96855cd7220c052707198","2026-10-09 18:23"
"simro_206","677eb0df9d782bd50cb2a7c2","yakubeq","6a89abdbc44b9b2bfa836c26","6ac967a1816a515650e91019","2026-10-09 18:23"
"FAST66","68fe3a19704e6ee9db9c333a","začiatočník","6a99a7f8666de083fee763c1","6ac9692d973be078e188bd72","2026-10-09 18:24"
"Debre","59d0b74bd8fe1d5b30651962","Superhorstuwe","67f42dea666326f3169cde54","6ac967dc1f213b04c204e1fe","2026-10-09 18:24"
"Stefani Joan Armani Germanotta","646ca34a8572ef474e1b56b1","bezzo","5c4b0baa98004e87dc4ba512","6ac968661f213b04c204e470","2026-10-09 18:24"
"俺でキャリーでTV","66d667a20b1997b505283d37","Tatert0t & rope shared alt","63875de4e55ec4234b26d1fb","6ac969081f213b04c204e74e","2026-10-09 18:24"
"PLK","62179a5c8e88d400010d91ea","Maksonic","619d09bdc4ab7000016c68d3","6ac968661f213b04c204e471","2026-10-09 18:25"
"Cristalina 🪽","595fc5209a4f70bbd892e251","RJay223","68a7393aba3755f87bd88212","6ac968e41f213b04c204e6b1","2026-10-09 18:25"
"俺でキャリーでTV","66d667a20b1997b505283d37","Stefani Joan Armani Germanotta","646ca34a8572ef474e1b56b1","6ac9696b0042b6fc25a06170","2026-10-09 18:26"
"OceanMan","5e9a08cdd502e121002b5279","wafflyss","6068a918d8694000010952a2","6ac968217c0d7c57ca30c587","2026-10-09 18:27"
"Mati_01","626d0e7318005f1f25a53151","Jerome","62e14841f938d5507c4d31f6","6ac968fb0042b6fc25a05fe6","2026-10-09 18:27"
"King of No Multis","6877b24fc8272415e0c98d7a","I'm gonna tell Piers Morgan","656bcc42be6fc8a2b1f06322","6ac967f51f213b04c204e26d","2026-10-09 18:27"
"cadu","6701c271782cbf631e6511a9","looer_h","627823ed8874df9dd7c83fae","6ac968f87c0d7c57ca30c88e","2026-10-09 18:27"
"Delema()()()","65869f62df3f7bea3fa1d675","začiatočník","6a99a7f8666de083fee763c1","6ac969751f213b04c204e92c","2026-10-09 18:28"
"Ricky Beast","5ff33554455e6800011e3146","Felix.svb","6856986bb22dea4ae40a3d22","6ac966c37c0d7c57ca30c0bf","2026-10-09 18:28"
"Bravious","608f43fa0d0e0d0001d2abde","mzk","5f3fde73116e5c0001ef74a5","6ac967e01f213b04c204e20e","2026-10-09 18:28"
"Maksonic","619d09bdc4ab7000016c68d3","PLK","62179a5c8e88d400010d91ea","6ac969be0042b6fc25a06273","2026-10-09 18:29"
"Mati_01","626d0e7318005f1f25a53151","Jerome","62e14841f938d5507c4d31f6","6ac968fb0042b6fc25a05fe6","2026-10-09 18:30"
"RJay223","68a7393aba3755f87bd88212","Cristalina 🪽","595fc5209a4f70bbd892e251","6ac969a41f213b04c204e9de","2026-10-09 18:30"
"Clement","635c171d190621fb60d8bb08","kenny","65cbc406504fe72cd8cea23e","6ac968ff1f213b04c204e72c","2026-10-09 18:31"
"Maksonic","619d09bdc4ab7000016c68d3","PLK","62179a5c8e88d400010d91ea","6ac96aa2816a515650e919bf","2026-10-09 18:31"
"Gabsol","5d658aaeb4ec17864c5272e2","RuralQuay427","67afb8f9170e41f8f611a20a","6ac967431f213b04c204df54","2026-10-09 18:31"
"俺でキャリーでTV","66d667a20b1997b505283d37","bezzo","5c4b0baa98004e87dc4ba512","6ac96a380042b6fc25a063b1","2026-10-09 18:31"
"mzk","5f3fde73116e5c0001ef74a5","simsson","603659630b13630001de6f9c","6ac96a507c0d7c57ca30ccd1","2026-10-09 18:31"
"začiatočník","6a99a7f8666de083fee763c1","xZenith","6846d165a3008977fe607ade","6ac96a732a4868a4a95b3fcb","2026-10-09 18:32"
"cadu","6701c271782cbf631e6511a9","Stella/chat off","63e1b563ec5549833a008296","6ac96a977c0d7c57ca30cda2","2026-10-09 18:32"
"Stefani Joan Armani Germanotta","646ca34a8572ef474e1b56b1","Cristalina 🪽","595fc5209a4f70bbd892e251","6ac96abfcd7220c05270739b","2026-10-09 18:33"
"FAST66","68fe3a19704e6ee9db9c333a","Delema()()()","65869f62df3f7bea3fa1d675","6ac96a831f213b04c204ed69","2026-10-09 18:34"
"Mati_01","626d0e7318005f1f25a53151","Jerome","62e14841f938d5507c4d31f6","6ac96a447c0d7c57ca30ccb3","2026-10-09 18:34"
"Palmitas","5c0450ca431965af44f4668e","Avandy","60c3535133004c00010451a3","6ac969011f213b04c204e732","2026-10-09 18:34"
"Antigs","5fb70fb9e2c593000135b6e0","yakubeq","6a89abdbc44b9b2bfa836c26","6ac969431f213b04c204e843","2026-10-09 18:34"
"simro_206","677eb0df9d782bd50cb2a7c2","looer_h","627823ed8874df9dd7c83fae","6ac96a30cc1b2e24137f1ac0","2026-10-09 18:34"
"bezzo","5c4b0baa98004e87dc4ba512","俺でキャリーでTV","66d667a20b1997b505283d37","6ac96b2a816a515650e91ba1","2026-10-09 18:35"
"RJay223","68a7393aba3755f87bd88212","mzk","5f3fde73116e5c0001ef74a5","6ac96b037c0d7c57ca30cee7","2026-10-09 18:36"
"začiatočník","6a99a7f8666de083fee763c1","Clement","635c171d190621fb60d8bb08","6ac96bb51f213b04c204f25b","2026-10-09 18:37"
"Jerome","62e14841f938d5507c4d31f6","Mati_01","626d0e7318005f1f25a53151","6ac96baf0042b6fc25a067de","2026-10-09 18:37"
"Norbert","61b40084a8414400018d958a","Maksonic","619d09bdc4ab7000016c68d3","6ac96b1a816a515650e91b62","2026-10-09 18:37"
"俺でキャリーでTV","66d667a20b1997b505283d37","Avandy","60c3535133004c00010451a3","6ac96c241f213b04c204f433","2026-10-09 18:37"
"Stefani Joan Armani Germanotta","646ca34a8572ef474e1b56b1","Cristalina 🪽","595fc5209a4f70bbd892e251","6ac96b991f213b04c204f1ef","2026-10-09 18:37"
"Geoplex","5fc3dc04ed954900017d7dad","Preussen","64da4d57e44ffbb819d935b1","6ac96a45816a515650e918a1","2026-10-09 18:38"
"OceanMan","5e9a08cdd502e121002b5279","wafflyss","6068a918d8694000010952a2","6ac96aaa1f213b04c204ee12","2026-10-09 18:38"
"simsson","603659630b13630001de6f9c","King of No Multis","6877b24fc8272415e0c98d7a","6ac96aff0042b6fc25a065ea","2026-10-09 18:38"
"FAST66","68fe3a19704e6ee9db9c333a","Delema()()()","65869f62df3f7bea3fa1d675","6ac96bb0816a515650e91d21","2026-10-09 18:39"
"Joshkabloomy","604c5a52e142340001a0a666","yakubeq","6a89abdbc44b9b2bfa836c26","6ac96bb7816a515650e91d35","2026-10-09 18:39"
"Cristalina 🪽","595fc5209a4f70bbd892e251","Stefani Joan Armani Germanotta","646ca34a8572ef474e1b56b1","6ac96c6c7c0d7c57ca30d2b0","2026-10-09 18:39"
"Stella/chat off","63e1b563ec5549833a008296","Pajabol","64724edfca1d938dc1416b4a","6ac96ba40042b6fc25a067c3","2026-10-09 18:39"
"Lubec","5e974c906ea510372c1e444a","📺 TTV: TaterN0t","6a60cb66561c205d0831e2ad","6ac96c50973be078e188c4ae","2026-10-09 18:40"
"Maksonic","619d09bdc4ab7000016c68d3","Valen´t","5ecc89febb39467ce83ec462","6ac96c6f816a515650e91f51","2026-10-09 18:40"
"King of No Multis","6877b24fc8272415e0c98d7a","俺でキャリーでTV","66d667a20b1997b505283d37","6ac96cc3973be078e188c5a6","2026-10-09 18:40"
"Joshkabloomy","604c5a52e142340001a0a666","Stella/chat off","63e1b563ec5549833a008296","6ac96cef0042b6fc25a06b3d","2026-10-09 18:40"
"bezzo","5c4b0baa98004e87dc4ba512","mzk","5f3fde73116e5c0001ef74a5","6ac96c63816a515650e91f36","2026-10-09 18:40"
"Clement","635c171d190621fb60d8bb08","Jerome","62e14841f938d5507c4d31f6","6ac96c940042b6fc25a06a62","2026-10-09 18:41"
"kenny","65cbc406504fe72cd8cea23e","Felix.svb","6856986bb22dea4ae40a3d22","6ac96af67c0d7c57ca30cec6","2026-10-09 18:41"
"kuba & Qule0 Shared Alt","68582b5f8e62427811441b60","Avandy","60c3535133004c00010451a3","6ac96c8d1f213b04c204f5c1","2026-10-09 18:41"
"bezzo","5c4b0baa98004e87dc4ba512","golden_batman","60376b5cd7a8a10001ea0093","6ac96d420042b6fc25a06c0b","2026-10-09 18:42"
"looer_h","627823ed8874df9dd7c83fae","Yarik","676e524ee37422d9da0e161a","6ac96bc31f213b04c204f287","2026-10-09 18:42"
"xZenith","6846d165a3008977fe607ade","začiatočník","6a99a7f8666de083fee763c1","6ac96d0e1f213b04c204f7bc","2026-10-09 18:43"
"kenny","65cbc406504fe72cd8cea23e","Felix.svb","6856986bb22dea4ae40a3d22","6ac96d60816a515650e921fd","2026-10-09 18:43"
"Mati_01","626d0e7318005f1f25a53151","Jerome","62e14841f938d5507c4d31f6","6ac96c621f213b04c204f505","2026-10-09 18:43"
"kuba & Qule0 Shared Alt","68582b5f8e62427811441b60","Avandy","60c3535133004c00010451a3","6ac96d6f0042b6fc25a06ca8","2026-10-09 18:43"
"Cristalina 🪽","595fc5209a4f70bbd892e251","RJay223","68a7393aba3755f87bd88212","6ac96d037c0d7c57ca30d3fd","2026-10-09 18:43"
"mzk","5f3fde73116e5c0001ef74a5","Gamer X","674cddb0dc12d4102c72e97a","6ac96d331f213b04c204f835","2026-10-09 18:43"
"xZenith","6846d165a3008977fe607ade","začiatočník","6a99a7f8666de083fee763c1","6ac96d0e1f213b04c204f7bc","2026-10-09 18:44"
"Palmitas","5c0450ca431965af44f4668e","Superhorstuwe","67f42dea666326f3169cde54","6ac96c130042b6fc25a06941","2026-10-09 18:44"
"Valen´t","5ecc89febb39467ce83ec462","Maksonic","619d09bdc4ab7000016c68d3","6ac96d321f213b04c204f830","2026-10-09 18:45"
"Stefani Joan Armani Germanotta","646ca34a8572ef474e1b56b1","俺でキャリーでTV","66d667a20b1997b505283d37","6ac96d1e816a515650e9213d","2026-10-09 18:45"
"cadu","6701c271782cbf631e6511a9","simsson","603659630b13630001de6f9c","6ac96cc8cd7220c0527074df","2026-10-09 18:45"
"K4CP3RSKI777","624aa4216b4b8b1765bb6dad","Jerome","62e14841f938d5507c4d31f6","6ac96dd71f213b04c204faac","2026-10-09 18:46"
"Avandy","60c3535133004c00010451a3","[FatSnail] SavetheSnail","591790fc1bba70b6146c6485","6ac96d841f213b04c204f976","2026-10-09 18:46"
"Cristalina 🪽","595fc5209a4f70bbd892e251","RJay223","68a7393aba3755f87bd88212","6ac96ddf7c0d7c57ca30d642","2026-10-09 18:46"
"looer_h","627823ed8874df9dd7c83fae","chief","66cabbab2d73885610b090ab","6ac96db9f36908eb33db5c9d","2026-10-09 18:47"
"Jerome","62e14841f938d5507c4d31f6","kuba & Qule0 Shared Alt","68582b5f8e62427811441b60","6ac96e18816a515650e923fc","2026-10-09 18:48"
"俺でキャリーでTV","66d667a20b1997b505283d37","bezzo","5c4b0baa98004e87dc4ba512","6ac96e671f213b04c204fc8c","2026-10-09 18:48"
"FAST66","68fe3a19704e6ee9db9c333a","Delema()()()","65869f62df3f7bea3fa1d675","6ac96d5a1f213b04c204f8cc","2026-10-09 18:49"
"Felix.svb","6856986bb22dea4ae40a3d22","kenny","65cbc406504fe72cd8cea23e","6ac96dfd0042b6fc25a06de6","2026-10-09 18:49"
"simsson","603659630b13630001de6f9c","Gamer X","674cddb0dc12d4102c72e97a","6ac96e4b1f213b04c204fc4d","2026-10-09 18:49"
"K4CP3RSKI777","624aa4216b4b8b1765bb6dad","Mati_01","626d0e7318005f1f25a53151","6ac96ea27c0d7c57ca30d87f","2026-10-09 18:50"
"Joshkabloomy","604c5a52e142340001a0a666","Stella/chat off","63e1b563ec5549833a008296","6ac96d410042b6fc25a06c05","2026-10-09 18:50"
"PML","615b4d8920ea1200012de9bf","cadu","6701c271782cbf631e6511a9","6ac96e960042b6fc25a06f71","2026-10-09 18:50"
"RuralQuay427","67afb8f9170e41f8f611a20a","121 MeriDian E","66c0479c515ebf2ff7a660b5","6ac96c211f213b04c204f42b","2026-10-09 18:50"
"Preussen","64da4d57e44ffbb819d935b1","Superhorstuwe","67f42dea666326f3169cde54","6ac96e691f213b04c204fc8e","2026-10-09 18:51"
"📺 TTV: TaterN0t","6a60cb66561c205d0831e2ad","simro_206","677eb0df9d782bd50cb2a7c2","6ac96d851f213b04c204f97a","2026-10-09 18:51"
"xZenith","6846d165a3008977fe607ade","začiatočník","6a99a7f8666de083fee763c1","6ac96eba0042b6fc25a0702a","2026-10-09 18:52"
"Jerome","62e14841f938d5507c4d31f6","kuba & Qule0 Shared Alt","68582b5f8e62427811441b60","6ac96ef8973be078e188ca6d","2026-10-09 18:52"
"Pajabol","64724edfca1d938dc1416b4a","[FatSnail] SavetheSnail","591790fc1bba70b6146c6485","6ac96ed30042b6fc25a0707e","2026-10-09 18:52"
"Jerome","62e14841f938d5507c4d31f6","kuba & Qule0 Shared Alt","68582b5f8e62427811441b60","6ac96ef8973be078e188ca6d","2026-10-09 18:53"
"Mati_01","626d0e7318005f1f25a53151","K4CP3RSKI777","624aa4216b4b8b1765bb6dad","6ac96f7c0042b6fc25a0731e","2026-10-09 18:53"
"bezzo","5c4b0baa98004e87dc4ba512","俺でキャリーでTV","66d667a20b1997b505283d37","6ac96f1d973be078e188ca92","2026-10-09 18:53"
"FAST66","68fe3a19704e6ee9db9c333a","Delema()()()","65869f62df3f7bea3fa1d675","6ac96f6d7c0d7c57ca30db22","2026-10-09 18:54"
"Antigs","5fb70fb9e2c593000135b6e0","Joshkabloomy","604c5a52e142340001a0a666","6ac96f77cd7220c052707636","2026-10-09 18:54"
"Juagie","601b3f4047f927000155a753","Clement","635c171d190621fb60d8bb08","6ac96d551f213b04c204f8b9","2026-10-09 18:55"
"Lubec","5e974c906ea510372c1e444a","Preussen","64da4d57e44ffbb819d935b1","6ac970430042b6fc25a0763a","2026-10-09 18:55"
"Mati_01","626d0e7318005f1f25a53151","kuba & Qule0 Shared Alt","68582b5f8e62427811441b60","6ac970210042b6fc25a0759f","2026-10-09 18:55"
"golden_batman","60376b5cd7a8a10001ea0093","RJay223","68a7393aba3755f87bd88212","6ac96fe4816a515650e92aae","2026-10-09 18:55"
"Norbert","61b40084a8414400018d958a","👁️AAAAAAAAAAAAA👁️","69751c89c3036f77b93fb696","6ac96c99816a515650e91fbb","2026-10-09 18:56"
"Maksonic","619d09bdc4ab7000016c68d3","Retolas","66cf8105b84b9d81a2090df9","6ac96eb40042b6fc25a06fff","2026-10-09 18:56"
"cadu","6701c271782cbf631e6511a9","PML","615b4d8920ea1200012de9bf","6ac96f6e0042b6fc25a072d8","2026-10-09 18:56"
"[FatSnail] SavetheSnail","591790fc1bba70b6146c6485","Pajabol","64724edfca1d938dc1416b4a","6ac9703c816a515650e92bd4","2026-10-09 18:56"
"looer_h","627823ed8874df9dd7c83fae","MASSIVELEGEND","57a1e5c296ca67161038e742","6ac96ef30042b6fc25a070ea","2026-10-09 18:56"
"Palmitas","5c0450ca431965af44f4668e","Jerome","62e14841f938d5507c4d31f6","6ac96f30816a515650e92822","2026-10-09 18:57"
"Keksdudel","641dcf121e5f72c8ba7f2931","simro_206","677eb0df9d782bd50cb2a7c2","6ac96fe40042b6fc25a074c4","2026-10-09 18:57"
"začiatočník","6a99a7f8666de083fee763c1","xZenith","6846d165a3008977fe607ade","6ac97033816a515650e92ba8","2026-10-09 18:58"
"Jerome","62e14841f938d5507c4d31f6","Palmitas","5c0450ca431965af44f4668e","6ac9713f7c0d7c57ca30e143","2026-10-09 18:59"
"Mati_01","626d0e7318005f1f25a53151","kuba & Qule0 Shared Alt","68582b5f8e62427811441b60","6ac97128816a515650e92f3a","2026-10-09 19:00"
"K4CP3RSKI777","624aa4216b4b8b1765bb6dad","Jerome","62e14841f938d5507c4d31f6","6ac970447c0d7c57ca30de1f","2026-10-09 19:00"
"JoguessR","633dc7c5d5114aab59533f52","Superhorstuwe","67f42dea666326f3169cde54","6ac96fd7761c2f8547c1dd25","2026-10-09 19:00"
"RuralQuay427","67afb8f9170e41f8f611a20a","alex99","6205976f4e77cd0001949f1e","6ac96fc90042b6fc25a07445","2026-10-09 19:00"
"kenny","65cbc406504fe72cd8cea23e","Felix.svb","6856986bb22dea4ae40a3d22","6ac96f5a0042b6fc25a0726c","2026-10-09 19:01"
"[FatSnail] SavetheSnail","591790fc1bba70b6146c6485","golden_batman","60376b5cd7a8a10001ea0093","6ac971550042b6fc25a07ad4","2026-10-09 19:02"
"RJay223","68a7393aba3755f87bd88212","Pajabol","64724edfca1d938dc1416b4a","6ac971020042b6fc25a07964","2026-10-09 19:02"
"cadu","6701c271782cbf631e6511a9","📺 TTV: TaterN0t","6a60cb66561c205d0831e2ad","6ac971620042b6fc25a07afc","2026-10-09 19:03"
"Jerome","62e14841f938d5507c4d31f6","Palmitas","5c0450ca431965af44f4668e","6ac9718c0042b6fc25a07ba7","2026-10-09 19:04"
"kuba & Qule0 Shared Alt","68582b5f8e62427811441b60","Mati_01","626d0e7318005f1f25a53151","6ac97225816a515650e9327e","2026-10-09 19:04"
"RuralQuay427","67afb8f9170e41f8f611a20a","alex99","6205976f4e77cd0001949f1e","6ac972000042b6fc25a07d25","2026-10-09 19:04"
"[FatSnail] SavetheSnail","591790fc1bba70b6146c6485","RJay223","68a7393aba3755f87bd88212","6ac972437c0d7c57ca30e428","2026-10-09 19:06"
"Palmitas","5c0450ca431965af44f4668e","Mati_01","626d0e7318005f1f25a53151","6ac972de816a515650e9349a","2026-10-09 19:07"
"Norbert","61b40084a8414400018d958a","👁️AAAAAAAAAAAAA👁️","69751c89c3036f77b93fb696","6ac971060042b6fc25a07974","2026-10-09 19:07"
"Juagie","601b3f4047f927000155a753","Geoplex","5fc3dc04ed954900017d7dad","6ac970ec0042b6fc25a07900","2026-10-09 19:08"
"K4CP3RSKI777","624aa4216b4b8b1765bb6dad","Jerome","62e14841f938d5507c4d31f6","6ac971fc0042b6fc25a07d0b","2026-10-09 19:08"
"Retolas","66cf8105b84b9d81a2090df9","Preussen","64da4d57e44ffbb819d935b1","6ac970f20042b6fc25a0791c","2026-10-09 19:08"
"Felix.svb","6856986bb22dea4ae40a3d22","kenny","65cbc406504fe72cd8cea23e","6ac972290042b6fc25a07daf","2026-10-09 19:09"
"looer_h","627823ed8874df9dd7c83fae","duck","635dc283e419c615374198d6","6ac971f9761c2f8547c1e26e","2026-10-09 19:09"
"Palmitas","5c0450ca431965af44f4668e","Mati_01","626d0e7318005f1f25a53151","6ac97377816a515650e93661","2026-10-09 19:10"
"začiatočník","6a99a7f8666de083fee763c1","Eamonn","5e2e983722bbda85a40e9009","6ac973c50042b6fc25a08382","2026-10-09 19:11"
"kuba & Qule0 Shared Alt","68582b5f8e62427811441b60","Jerome","62e14841f938d5507c4d31f6","6ac9731b0042b6fc25a0815f","2026-10-09 19:11"
"[FatSnail] SavetheSnail","591790fc1bba70b6146c6485","RJay223","68a7393aba3755f87bd88212","6ac974230042b6fc25a0856f","2026-10-09 19:12"
"shawty","65c65054c631e61744bcb357","JoguessR","633dc7c5d5114aab59533f52","6ac9729c7c0d7c57ca30e4fa","2026-10-09 19:12"
"PML","615b4d8920ea1200012de9bf","Keksdudel","641dcf121e5f72c8ba7f2931","6ac9711f0042b6fc25a079dd","2026-10-09 19:12"
"Jerome","62e14841f938d5507c4d31f6","kuba & Qule0 Shared Alt","68582b5f8e62427811441b60","6ac974a47c0d7c57ca30eee6","2026-10-09 19:13"
"kenny","65cbc406504fe72cd8cea23e","Preussen","64da4d57e44ffbb819d935b1","6ac973ea0042b6fc25a08439","2026-10-09 19:14"
"👁️AAAAAAAAAAAAA👁️","69751c89c3036f77b93fb696","📺 TTV: TaterN0t","6a60cb66561c205d0831e2ad","6ac97397816a515650e936b1","2026-10-09 19:14"
"Jerome","62e14841f938d5507c4d31f6","kuba & Qule0 Shared Alt","68582b5f8e62427811441b60","6ac974a47c0d7c57ca30eee6","2026-10-09 19:15"
"Jerome","62e14841f938d5507c4d31f6","kuba & Qule0 Shared Alt","68582b5f8e62427811441b60","6ac974a47c0d7c57ca30eee6","2026-10-09 19:16"
"Palmitas","5c0450ca431965af44f4668e","Felix.svb","6856986bb22dea4ae40a3d22","6ac97416257622416c6e4d4b","2026-10-09 19:18"
"JoguessR","633dc7c5d5114aab59533f52","MASSIVELEGEND","57a1e5c296ca67161038e742","6ac974ec816a515650e93f61","2026-10-09 19:18"
"Jerome","62e14841f938d5507c4d31f6","kuba & Qule0 Shared Alt","68582b5f8e62427811441b60","6ac9756f0042b6fc25a08df4","2026-10-09 19:19"
"[FatSnail] SavetheSnail","591790fc1bba70b6146c6485","RJay223","68a7393aba3755f87bd88212","6ac974d50042b6fc25a08aac","2026-10-09 19:19"
"looer_h","627823ed8874df9dd7c83fae","Olli22","5e7a9c753d4b6a56201ffda8","6ac974977c0d7c57ca30eeac","2026-10-09 19:20"
"tmol","65804bf1981dcef1aaa9fc20","magicfindisamyth","66c615aa3b39f0f2dba58bd5","6ac975517c0d7c57ca30f239","2026-10-09 19:20"
"📺 TTV: TaterN0t","6a60cb66561c205d0831e2ad","👁️AAAAAAAAAAAAA👁️","69751c89c3036f77b93fb696","6ac975177c0d7c57ca30f0d2","2026-10-09 19:21"
"PML","615b4d8920ea1200012de9bf","ikam bungull :))","67a710249d75e04dff436d40","6ac974c90042b6fc25a08a35","2026-10-09 19:21"
"Tomek5_5","606e09423667bc0001ad663d","Preussen","64da4d57e44ffbb819d935b1","6ac975ea0042b6fc25a0915b","2026-10-09 19:22"
"[FatSnail] SavetheSnail","591790fc1bba70b6146c6485","RJay223","68a7393aba3755f87bd88212","6ac9765b816a515650e94882","2026-10-09 19:22"
"RuralQuay427","67afb8f9170e41f8f611a20a","habesh","647734d056305f7bf5561a4e","6ac973ea7c0d7c57ca30e882","2026-10-09 19:23"
"Eamonn","5e2e983722bbda85a40e9009","Geoplex","5fc3dc04ed954900017d7dad","6ac974990042b6fc25a0896e","2026-10-09 19:24"
"Kilkum","61b228be008ec800015ff0a9","👁️AAAAAAAAAAAAA👁️","69751c89c3036f77b93fb696","6ac976d30042b6fc25a09561","2026-10-09 19:24"
"Jerome","62e14841f938d5507c4d31f6","[FatSnail] SavetheSnail","591790fc1bba70b6146c6485","6ac97743816a515650e94c7d","2026-10-09 19:26"
"Taquito","65580b96c0276bfd86f36c05","chief","66cabbab2d73885610b090ab","6ac976e7816a515650e94ab3","2026-10-09 19:26"
"Preussen","64da4d57e44ffbb819d935b1","📺 TTV: TaterN0t","6a60cb66561c205d0831e2ad","6ac9770b0042b6fc25a09697","2026-10-09 19:28"
"tmol","65804bf1981dcef1aaa9fc20","Olli22","5e7a9c753d4b6a56201ffda8","6ac976bf0042b6fc25a09511","2026-10-09 19:28"
"Jerome","62e14841f938d5507c4d31f6","kuba & Qule0 Shared Alt","68582b5f8e62427811441b60","6ac97790d66480562f0d7319","2026-10-09 19:30"
"JoguessR","633dc7c5d5114aab59533f52","PML","615b4d8920ea1200012de9bf","6ac976d90042b6fc25a0957c","2026-10-09 19:30"
"Geoplex","5fc3dc04ed954900017d7dad","Eamonn","5e2e983722bbda85a40e9009","6ac977f97c0d7c57ca30ff98","2026-10-09 19:32"
"Palmitas","5c0450ca431965af44f4668e","Felix.svb","6856986bb22dea4ae40a3d22","6ac976830042b6fc25a09426","2026-10-09 19:33"
"[FatSnail] SavetheSnail","591790fc1bba70b6146c6485","Sélestat Vinted Chairman","6363f6addf4ad1bf40826a3b","6ac9788f0042b6fc25a09f98","2026-10-09 19:33"
"Tomek5_5","606e09423667bc0001ad663d","looer_h","627823ed8874df9dd7c83fae","6ac978217c0d7c57ca310053","2026-10-09 19:34"
"PML","615b4d8920ea1200012de9bf","Olli22","5e7a9c753d4b6a56201ffda8","6ac97920816a515650e955f7","2026-10-09 19:35"
"Jerome","62e14841f938d5507c4d31f6","Palmitas","5c0450ca431965af44f4668e","6ac9799f7c0d7c57ca31099e","2026-10-09 19:36"
"Preussen","64da4d57e44ffbb819d935b1","📺 TTV: TaterN0t","6a60cb66561c205d0831e2ad","6ac9785d0042b6fc25a09eaa","2026-10-09 19:37"
"habesh","647734d056305f7bf5561a4e","RuralQuay427","67afb8f9170e41f8f611a20a","6ac9778e816a515650e94e08","2026-10-09 19:38"
"Jerome","62e14841f938d5507c4d31f6","[FatSnail] SavetheSnail","591790fc1bba70b6146c6485","6ac97a050042b6fc25a0a885","2026-10-09 19:39"
"PML","615b4d8920ea1200012de9bf","JoguessR","633dc7c5d5114aab59533f52","6ac97a310042b6fc25a0a977","2026-10-09 19:39"
"looer_h","627823ed8874df9dd7c83fae","GDrigXOツ","62d397b9283f387577c4aff8","6ac97a06816a515650e95aa4","2026-10-09 19:39"
"tmol","65804bf1981dcef1aaa9fc20","echeetah","61bd80d52f7bf10001258140","6ac978be816a515650e9542e","2026-10-09 19:40"
"Palmitas","5c0450ca431965af44f4668e","Jerome","62e14841f938d5507c4d31f6","6ac97a7b7c0d7c57ca310cf6","2026-10-09 19:41"
"📺 TTV: TaterN0t","6a60cb66561c205d0831e2ad","Felix.svb","6856986bb22dea4ae40a3d22","6ac97af20042b6fc25a0aec0","2026-10-09 19:41"
"Geoplex","5fc3dc04ed954900017d7dad","Eamonn","5e2e983722bbda85a40e9009","6ac9797a7c0d7c57ca310849","2026-10-09 19:42"
"Keksdudel","641dcf121e5f72c8ba7f2931","Taquito","65580b96c0276bfd86f36c05","6ac97b2f7c0d7c57ca311077","2026-10-09 19:43"
"📺 TTV: TaterN0t","6a60cb66561c205d0831e2ad","俺でキャリーでTV","66d667a20b1997b505283d37","6ac97bdc816a515650e96404","2026-10-09 19:45"
"tmol","65804bf1981dcef1aaa9fc20","looer_h","627823ed8874df9dd7c83fae","6ac97b70816a515650e96155","2026-10-09 19:46"
"petar","69fd3dc20731483be6bd7038","Jerome","62e14841f938d5507c4d31f6","6ac97b47816a515650e96052","2026-10-09 19:48"
"Felix.svb","6856986bb22dea4ae40a3d22","Palmitas","5c0450ca431965af44f4668e","6ac97b860042b6fc25a0b19d","2026-10-09 19:48"
"Tomek5_5","606e09423667bc0001ad663d","JoguessR","633dc7c5d5114aab59533f52","6ac97b93816a515650e96206","2026-10-09 19:48"
"RuralQuay427","67afb8f9170e41f8f611a20a","Radiator","63fedf7f6177da9add0b7ef5","6ac97b1b0042b6fc25a0af8e","2026-10-09 19:50"
"looer_h","627823ed8874df9dd7c83fae","Rz","63d7f13b223d5236cac54e8f","6ac97cc77c0d7c57ca3116f3","2026-10-09 19:50"
"Palmitas","5c0450ca431965af44f4668e","Jerome","62e14841f938d5507c4d31f6","6ac97d260042b6fc25a0bbbc","2026-10-09 19:51"
"Alex the Flemish","67f6cf45ee5a22480bb09463","MASSIVELEGEND","57a1e5c296ca67161038e742","6ac97c5d816a515650e965ed","2026-10-09 19:51"
"Keksdudel","641dcf121e5f72c8ba7f2931","GDrigXOツ","62d397b9283f387577c4aff8","6ac97c300042b6fc25a0b5de","2026-10-09 19:51"
"📺 TTV: TaterN0t","6a60cb66561c205d0831e2ad","Superhorstuwe","67f42dea666326f3169cde54","6ac97cb77c0d7c57ca3116c4","2026-10-09 19:53"
"Tomek5_5","606e09423667bc0001ad663d","Felix.svb","6856986bb22dea4ae40a3d22","6ac97d6b7c0d7c57ca311933","2026-10-09 19:53"
"Ziga","5f864ab232173400011bd862","echeetah","61bd80d52f7bf10001258140","6ac97b3a816a515650e9602c","2026-10-09 19:53"
"JoguessR","633dc7c5d5114aab59533f52","Zetie","5e9215c1b3ec17480c01df1e","6ac97dc1816a515650e96ccd","2026-10-09 19:53"
"Finn Siemon","66eb7b4a062332fb60915d65","RJay223","68a7393aba3755f87bd88212","6ac97d1f0042b6fc25a0bba5","2026-10-09 19:53"
"M1lan","67473d086316c898fe734668","wang","64df30f334185dd27cf839a7","6ac97cd7816a515650e9683e","2026-10-09 19:54"
"Palmitas","5c0450ca431965af44f4668e","Jerome","62e14841f938d5507c4d31f6","6ac97de3816a515650e96d35","2026-10-09 19:56"
"petar","69fd3dc20731483be6bd7038","Jerome","62e14841f938d5507c4d31f6","6ac97d9e0042b6fc25a0bdbd","2026-10-09 19:57"
"GDrigXOツ","62d397b9283f387577c4aff8","MASSIVELEGEND","57a1e5c296ca67161038e742","6ac97dedf36908eb33db97af","2026-10-09 19:57"
"Iclimbhigher","6594e77717360fe0d27e44d5","Jerome","62e14841f938d5507c4d31f6","6ac97e767c0d7c57ca311c8e","2026-10-09 19:58"
"Alex the Flemish","67f6cf45ee5a22480bb09463","Taquito","65580b96c0276bfd86f36c05","6ac97df40042b6fc25a0beac","2026-10-09 19:58"
"JoguessR","633dc7c5d5114aab59533f52","Zetie","5e9215c1b3ec17480c01df1e","6ac97e69cd7220c052708ae1","2026-10-09 19:59"
"GDrigXOツ","62d397b9283f387577c4aff8","Next","6080a368f1a498000103e1ae","6ac97f7a0042b6fc25a0c523","2026-10-09 19:59"
"M1lan","67473d086316c898fe734668","Tomek5_5","606e09423667bc0001ad663d","6ac97e6ccd7220c052708ae2","2026-10-09 20:00"
"adfost8","69a01d1686149729b03dd5c7","俺でキャリーでTV","66d667a20b1997b505283d37","6ac97e360042b6fc25a0bffc","2026-10-09 20:00"
"echeetah","61bd80d52f7bf10001258140","fatslump","603e28ef0297940001b93db1","6ac97e58816a515650e96ec2","2026-10-09 20:01"
"Finn Siemon","66eb7b4a062332fb60915d65","EsterLaby","62b053e06b63a70929bfd820","6ac97f0f816a515650e97160","2026-10-09 20:02"
"Felix.svb","6856986bb22dea4ae40a3d22","chiller77","5f072526a958535b8c80351b","6ac97f9d816a515650e9734d","2026-10-09 20:03"
"looer_h","627823ed8874df9dd7c83fae","Nick!","555952479ff17334181de306","6ac97db40042b6fc25a0be00","2026-10-09 20:03"
"Tatert0t","68713ba58c49b2f1bf373e05","Next","6080a368f1a498000103e1ae","6ac97fcf0042b6fc25a0c674","2026-10-09 20:05"
"Jamabi","5e5fcc1326bbda5284e824cf","Palmitas","5c0450ca431965af44f4668e","6ac97f6a816a515650e972c3","2026-10-09 20:06"
"GDrigXOツ","62d397b9283f387577c4aff8","Zetie","5e9215c1b3ec17480c01df1e","6ac97fcd7c0d7c57ca3120ae","2026-10-09 20:06"
"Kilkum","61b228be008ec800015ff0a9","RuralQuay427","67afb8f9170e41f8f611a20a","6ac97d8b816a515650e96c5d","2026-10-09 20:07"
"Jamabi","5e5fcc1326bbda5284e824cf","Palmitas","5c0450ca431965af44f4668e","6ac98147816a515650e9786f","2026-10-09 20:09"
"chiller77","5f072526a958535b8c80351b","Felix.svb","6856986bb22dea4ae40a3d22","6ac980cdcd7220c052708c7a","2026-10-09 20:09"
"Tomek5_5","606e09423667bc0001ad663d","M1lan","67473d086316c898fe734668","6ac9801c0042b6fc25a0c7e5","2026-10-09 20:09"
"JoguessR","633dc7c5d5114aab59533f52","Alex the Flemish","67f6cf45ee5a22480bb09463","6ac97fdb7c0d7c57ca3120d0","2026-10-09 20:10"
"Finn Siemon","66eb7b4a062332fb60915d65","RJay223","68a7393aba3755f87bd88212","6ac981830042b6fc25a0ccb3","2026-10-09 20:10"
"Jamabi","5e5fcc1326bbda5284e824cf","Palmitas","5c0450ca431965af44f4668e","6ac9820d816a515650e97a4f","2026-10-09 20:12"
"Feneb","5dba86167e473f2408461141","Iclimbhigher","6594e77717360fe0d27e44d5","6ac98127816a515650e9780c","2026-10-09 20:13"
"looer_h","627823ed8874df9dd7c83fae","Nick!","555952479ff17334181de306","6ac980a5816a515650e976a2","2026-10-09 20:13"
"Zetie","5e9215c1b3ec17480c01df1e","GDrigXOツ","62d397b9283f387577c4aff8","6ac98169a756b30e85c7f1d0","2026-10-09 20:13"
"Tomek5_5","606e09423667bc0001ad663d","M1lan","67473d086316c898fe734668","6ac98235940560ceebd37eff","2026-10-09 20:15"
"GDrigXOツ","62d397b9283f387577c4aff8","ikam bungull :))","67a710249d75e04dff436d40","6ac983269347fb5de02386ef","2026-10-09 20:17"
"Iclimbhigher","6594e77717360fe0d27e44d5","Finn Siemon","66eb7b4a062332fb60915d65","6ac9837ab8057cc1871e6e43","2026-10-09 20:18"
"echeetah","61bd80d52f7bf10001258140","Taquito","65580b96c0276bfd86f36c05","6ac9822f9347fb5de0238591","2026-10-09 20:19"
"Feneb","5dba86167e473f2408461141","Felix.svb","6856986bb22dea4ae40a3d22","6ac9833e7c0d7c57ca3128c5","2026-10-09 20:20"
"frey44","65196df73b287bbf7203f3f7","Alex the Flemish","67f6cf45ee5a22480bb09463","6ac98269b8057cc1871e6c49","2026-10-09 20:21"
"Finn Siemon","66eb7b4a062332fb60915d65","echeetah","61bd80d52f7bf10001258140","6ac9847d940560ceebd3826a","2026-10-09 20:22"
"RuralQuay427","67afb8f9170e41f8f611a20a","Kilkum","61b228be008ec800015ff0a9","6ac981a89347fb5de0238467","2026-10-09 20:22"
"tarcsa","60035ba331b2eb0001268660","Jamabi","5e5fcc1326bbda5284e824cf","6ac983f7b8057cc1871e6f35","2026-10-09 20:23"
"M1lan","67473d086316c898fe734668","JoguessR","633dc7c5d5114aab59533f52","6ac9838a816a515650e97c49","2026-10-09 20:23"
"Palmitas","5c0450ca431965af44f4668e","Tomek5_5","606e09423667bc0001ad663d","6ac98466b8057cc1871e7051","2026-10-09 20:24"
"Keksdudel","641dcf121e5f72c8ba7f2931","Taquito","65580b96c0276bfd86f36c05","6ac984b17c0d7c57ca312a96","2026-10-09 20:24"
"Finn Siemon","66eb7b4a062332fb60915d65","RJay223","68a7393aba3755f87bd88212","6ac9854db8057cc1871e720b","2026-10-09 20:25"
"Iclimbhigher","6594e77717360fe0d27e44d5","tom","613563da6ab4770001681b9a","6ac985259347fb5de02388e8","2026-10-09 20:26"
"JoguessR","633dc7c5d5114aab59533f52","Keksdudel","641dcf121e5f72c8ba7f2931","6ac985e9b8057cc1871e732f","2026-10-09 20:28"
"Finn Siemon","66eb7b4a062332fb60915d65","tom","613563da6ab4770001681b9a","6ac9861a9347fb5de0238a07","2026-10-09 20:29"
"echeetah","61bd80d52f7bf10001258140","chief","66cabbab2d73885610b090ab","6ac985917c0d7c57ca312b7b","2026-10-09 20:29"
"Felix.svb","6856986bb22dea4ae40a3d22","Feneb","5dba86167e473f2408461141","6ac98547940560ceebd3836f","2026-10-09 20:30"
"Alex the Flemish","67f6cf45ee5a22480bb09463","frey44","65196df73b287bbf7203f3f7","6ac984cbb8057cc1871e710d","2026-10-09 20:30"
"Palmitas","5c0450ca431965af44f4668e","tarcsa","60035ba331b2eb0001268660","6ac985ba940560ceebd3840c","2026-10-09 20:31"
"Lubec","5e974c906ea510372c1e444a","Tomek5_5","606e09423667bc0001ad663d","6ac98680b8057cc1871e746c","2026-10-09 20:33"
"slew","5cc1545b8701a898fc423332","Haus","678bc95a847b56d5e0276463","6ac97ec10042b6fc25a0c213","2026-10-09 20:33"
"Finn Siemon","66eb7b4a062332fb60915d65","tom","613563da6ab4770001681b9a","6ac986b2816a515650e98016","2026-10-09 20:34"
"Palmitas","5c0450ca431965af44f4668e","Feneb","5dba86167e473f2408461141","6ac987170042b6fc25a0d3d8","2026-10-09 20:35"
"echeetah","61bd80d52f7bf10001258140","GDrigXOツ","62d397b9283f387577c4aff8","6ac986c39347fb5de0238b13","2026-10-09 20:37"
"Kilkum","61b228be008ec800015ff0a9","RuralQuay427","67afb8f9170e41f8f611a20a","6ac985af7c0d7c57ca312b99","2026-10-09 20:38"
"Anonymous","694357bf716cf71c98f96b42","Felix.svb","6856986bb22dea4ae40a3d22","6ac987840042b6fc25a0d494","2026-10-09 20:39"
"Finn Siemon","66eb7b4a062332fb60915d65","鳴神","5e6434058fd6cf50f886fb99","6ac988a09347fb5de0238de4","2026-10-09 20:39"
"cyanxbrnda","6799900990289e99f077a118","TropicalValley559","66b80145236f1a4e4d55036f","6ac987efb8057cc1871e77b6","2026-10-09 20:40"
"GDrigXOツ","62d397b9283f387577c4aff8","chief","66cabbab2d73885610b090ab","6ac988b9b8057cc1871e794a","2026-10-09 20:40"
"Finn Siemon","66eb7b4a062332fb60915d65","鳴神","5e6434058fd6cf50f886fb99","6ac9892e7c0d7c57ca313022","2026-10-09 20:42"
"Alex the Flemish","67f6cf45ee5a22480bb09463","frey44","65196df73b287bbf7203f3f7","6ac9874fb8057cc1871e7666","2026-10-09 20:42"
"Finn Siemon","66eb7b4a062332fb60915d65","鳴神","5e6434058fd6cf50f886fb99","6ac989d2b8057cc1871e7bd2","2026-10-09 20:43"
"cyanxbrnda","6799900990289e99f077a118","TropicalValley559","66b80145236f1a4e4d55036f","6ac9895ab8057cc1871e7ab3","2026-10-09 20:44"
"Feneb","5dba86167e473f2408461141","tarcsa","60035ba331b2eb0001268660","6ac98848b8057cc1871e785b","2026-10-09 20:45"
"Felix.svb","6856986bb22dea4ae40a3d22","PechSP","5e9662142ad6cfadc8e2db9d","6ac98a169347fb5de02390a5","2026-10-09 20:46"
"cyanxbrnda","6799900990289e99f077a118","Finn Siemon","66eb7b4a062332fb60915d65","6ac98a3bb8057cc1871e7cc2","2026-10-09 20:46"
"Palmitas","5c0450ca431965af44f4668e","Finn Siemon","66eb7b4a062332fb60915d65","6ac98a85a756b30e85c7fbce","2026-10-09 20:48"
"GDrigXOツ","62d397b9283f387577c4aff8","駱妮姊姊🧑‍🩰","66d9b2c2e051bef13ac01c1e","6ac989ad9347fb5de0238fb8","2026-10-09 20:48"
"Felix.svb","6856986bb22dea4ae40a3d22","Pedro Sampaio","63a8b951fb73701f4020d786","6ac98ad7b8057cc1871e7e59","2026-10-09 20:50"
"Finn Siemon","66eb7b4a062332fb60915d65","Wanderer","628d8821da07473974d7adab","6ac98b77816a515650e987da","2026-10-09 20:52"
"Kilkum","61b228be008ec800015ff0a9","slew","5cc1545b8701a898fc423332","6ac988f09347fb5de0238e89","2026-10-09 20:52"
"cyanxbrnda","6799900990289e99f077a118","GooseMcGoose","5ff78fa1a56da30001ba546a","6ac98aef816a515650e986b0","2026-10-09 20:52"
"GDrigXOツ","62d397b9283f387577c4aff8","駱妮姊姊🧑‍🩰","66d9b2c2e051bef13ac01c1e","6ac98b219347fb5de02392ed","2026-10-09 20:52"
"YouFaceJarraxus","666fe78b303bced02fab7802","TropicalValley559","66b80145236f1a4e4d55036f","6ac98ab1816a515650e98628","2026-10-09 20:52"
"Palmitas","5c0450ca431965af44f4668e","tarcsa","60035ba331b2eb0001268660","6ac98b32b8057cc1871e7f35","2026-10-09 20:54"
"cyanxbrnda","6799900990289e99f077a118","GDrigXOツ","62d397b9283f387577c4aff8","6ac98c179347fb5de0239538","2026-10-09 20:54"
"鳴神","5e6434058fd6cf50f886fb99","echeetah","61bd80d52f7bf10001258140","6ac98a0bb8057cc1871e7c53","2026-10-09 20:55"
"Wanderer","628d8821da07473974d7adab","Finn Siemon","66eb7b4a062332fb60915d65","6ac98c499347fb5de02395ce","2026-10-09 20:55"
"GooseMcGoose","5ff78fa1a56da30001ba546a","Finn Siemon","66eb7b4a062332fb60915d65","6ac98c00b8057cc1871e8171","2026-10-09 20:56"
"Geoplex","5fc3dc04ed954900017d7dad","Anonymous","694357bf716cf71c98f96b42","6ac98b4a9347fb5de0239388","2026-10-09 20:58"
"Palmitas","5c0450ca431965af44f4668e","tarcsa","60035ba331b2eb0001268660","6ac98c897c0d7c57ca3136e6","2026-10-09 20:59"
"Kilkum","61b228be008ec800015ff0a9","parth malkan","60c05e38acc9ca0001092174","6ac98c719347fb5de023963a","2026-10-09 20:59"
"Vattentömhet","624197cb0a09fe783347a232","Finn Siemon","66eb7b4a062332fb60915d65","6ac98d3b816a515650e98c6b","2026-10-09 21:00"
"Felix.svb","6856986bb22dea4ae40a3d22","RuralQuay427","67afb8f9170e41f8f611a20a","6ac98d0f7c0d7c57ca31386a","2026-10-09 21:03"
"echeetah","61bd80d52f7bf10001258140","GDrigXOツ","62d397b9283f387577c4aff8","6ac98cdb7c0d7c57ca3137d7","2026-10-09 21:03"
"PLK","62179a5c8e88d400010d91ea","tarcsa","60035ba331b2eb0001268660","6ac98e809347fb5de0239cf5","2026-10-09 21:04"
"Andre7","608e8e82363e51000163041e","Taquito","65580b96c0276bfd86f36c05","6ac98de37c0d7c57ca313a41","2026-10-09 21:04"
"PLK","62179a5c8e88d400010d91ea","george","68e85bdb3f2cbbe915cbcd3d","6ac98f099347fb5de0239e8c","2026-10-09 21:06"
"Andre7","608e8e82363e51000163041e","Gamer X","674cddb0dc12d4102c72e97a","6ac98ef6816a515650e9904b","2026-10-09 21:07"
"Sandman5","68e3f9f00a56d04f694094b5","ikam bungull :))","67a710249d75e04dff436d40","6ac98e459347fb5de0239c24","2026-10-09 21:08"
"Finn Siemon","66eb7b4a062332fb60915d65","echeetah","61bd80d52f7bf10001258140","6ac98ec89347fb5de0239dc6","2026-10-09 21:08"
"PLK","62179a5c8e88d400010d91ea","george","68e85bdb3f2cbbe915cbcd3d","6ac98f5aa756b30e85c80538","2026-10-09 21:10"
"Felix.svb","6856986bb22dea4ae40a3d22","Lubec","5e974c906ea510372c1e444a","6ac98f279347fb5de0239ed5","2026-10-09 21:11"
"GDrigXOツ","62d397b9283f387577c4aff8","Steve","64072b15a23b79e61f25e831","6ac98ee5816a515650e9901b","2026-10-09 21:12"
"Geoplex","5fc3dc04ed954900017d7dad","qしたままご飯食べてお風呂入って朝起きてもマッチしないゲーム","67493198473744059fbb9736","6ac98f6e9347fb5de0239fa5","2026-10-09 21:13"
"Finn Siemon","66eb7b4a062332fb60915d65","barle","6398628520609ac8c10cab13","6ac99030cd7220c0527091d7","2026-10-09 21:13"
"Andre7","608e8e82363e51000163041e","echeetah","61bd80d52f7bf10001258140","6ac98fcf9347fb5de023a0d0","2026-10-09 21:13"
"RuralQuay427","67afb8f9170e41f8f611a20a","placebo","66f44a3b843bc018a3e981c7","6ac98f6657053511fa99c1e8","2026-10-09 21:13"
"Jackkincaid","5d698d4ab4ec17864c52c785","ikam bungull :))","67a710249d75e04dff436d40","6ac98fdc7c0d7c57ca313f6e","2026-10-09 21:13"
"Zé da Pamonha","6996505bf658592ab03fa17e","GDrigXOツ","62d397b9283f387577c4aff8","6ac990cb816a515650e994d7","2026-10-09 21:15"
"GCU","69f74f7bd9284e0db0e2a65c","Flubbersticks","69387a54dc6fdd9da05c91cd","6ac990bc7c0d7c57ca314204","2026-10-09 21:15"
"Felix.svb","6856986bb22dea4ae40a3d22","george","68e85bdb3f2cbbe915cbcd3d","6ac990767c0d7c57ca31413f","2026-10-09 21:16"
"PLK","62179a5c8e88d400010d91ea","Lubec","5e974c906ea510372c1e444a","6ac990fd7c0d7c57ca3142f9","2026-10-09 21:17"
"greguiz","60af1407ce6bd2000128aaba","george","68e85bdb3f2cbbe915cbcd3d","6ac991b5816a515650e997ad","2026-10-09 21:19"
"Zé da Pamonha","6996505bf658592ab03fa17e","Flubbersticks","69387a54dc6fdd9da05c91cd","6ac991c09347fb5de023a72d","2026-10-09 21:19"
"Finn Siemon","66eb7b4a062332fb60915d65","Curió","61b3d3f20f39050001a03cb3","6ac991539347fb5de023a5b2","2026-10-09 21:20"
"echeetah","61bd80d52f7bf10001258140","Taquito","65580b96c0276bfd86f36c05","6ac99128816a515650e995da","2026-10-09 21:20"
"greguiz","60af1407ce6bd2000128aaba","george","68e85bdb3f2cbbe915cbcd3d","6ac992949347fb5de023aa09","2026-10-09 21:22"
"PLK","62179a5c8e88d400010d91ea","george","68e85bdb3f2cbbe915cbcd3d","6ac9930d9347fb5de023abd9","2026-10-09 21:24"
"Lubec","5e974c906ea510372c1e444a","Tomek5_5","606e09423667bc0001ad663d","6ac9923a816a515650e998bf","2026-10-09 21:24"
"echeetah","61bd80d52f7bf10001258140","Curió","61b3d3f20f39050001a03cb3","6ac9929ff36908eb33dbbb34","2026-10-09 21:25"
"Finn Siemon","66eb7b4a062332fb60915d65","greguiz","60af1407ce6bd2000128aaba","6ac993969347fb5de023ad4f","2026-10-09 21:27"
"PLK","62179a5c8e88d400010d91ea","george","68e85bdb3f2cbbe915cbcd3d","6ac993d19347fb5de023ae36","2026-10-09 21:29"
"GDrigXOツ","62d397b9283f387577c4aff8","Gamer X","674cddb0dc12d4102c72e97a","6ac993d0cd7220c0527094be","2026-10-09 21:32"
"greguiz","60af1407ce6bd2000128aaba","a-you","5e93a3443d4b6a5af4f11b0b","6ac994bf9347fb5de023b0ff","2026-10-09 21:34"
"Feneb","5dba86167e473f2408461141","Tomek5_5","606e09423667bc0001ad663d","6ac994099347fb5de023aeda","2026-10-09 21:34"
"barle","6398628520609ac8c10cab13","Kilkum","61b228be008ec800015ff0a9","6ac991289347fb5de023a522","2026-10-09 21:35"
"d4nk","5b92bdcc1ee0107188685300","echeetah","61bd80d52f7bf10001258140","6ac994d69347fb5de023b164","2026-10-09 21:35"
"GDrigXOツ","62d397b9283f387577c4aff8","Next","6080a368f1a498000103e1ae","6ac9959457053511fa99d0d4","2026-10-09 21:38"
"Tomek5_5","606e09423667bc0001ad663d","GooseMcGoose","5ff78fa1a56da30001ba546a","6ac996d1816a515650e9a674","2026-10-09 21:42"
"greguiz","60af1407ce6bd2000128aaba","PLK","62179a5c8e88d400010d91ea","6ac995f77c0d7c57ca3151a8","2026-10-09 21:43"
"barle","6398628520609ac8c10cab13","habesh","647734d056305f7bf5561a4e","6ac996237c0d7c57ca3151f9","2026-10-09 21:43"
"echeetah","61bd80d52f7bf10001258140","d4nk","5b92bdcc1ee0107188685300","6ac9967e9347fb5de023b731","2026-10-09 21:43"
"GDrigXOツ","62d397b9283f387577c4aff8","Next","6080a368f1a498000103e1ae","6ac996e99347fb5de023b88f","2026-10-09 21:43"
"layy ♡","603df174d3dc740001da871a","Anonymous","694357bf716cf71c98f96b42","6ac997949347fb5de023ba9c","2026-10-09 21:44"
"RuralQuay427","67afb8f9170e41f8f611a20a","ultraknight","650fa7586d24bfbeeab03da0","6ac995a1816a515650e9a297","2026-10-09 21:44"
"PLK","62179a5c8e88d400010d91ea","Feneb","5dba86167e473f2408461141","6ac9980c9347fb5de023bbde","2026-10-09 21:47"
"d4nk","5b92bdcc1ee0107188685300","echeetah","61bd80d52f7bf10001258140","6ac99812816a515650e9a9d3","2026-10-09 21:47"
"Tomek5_5","606e09423667bc0001ad663d","GooseMcGoose","5ff78fa1a56da30001ba546a","6ac997f09347fb5de023bb82","2026-10-09 21:49"
"GDrigXOツ","62d397b9283f387577c4aff8","ikam bungull :))","67a710249d75e04dff436d40","6ac998817c0d7c57ca315768","2026-10-09 21:49"
"PLK","62179a5c8e88d400010d91ea","greguiz","60af1407ce6bd2000128aaba","6ac999269347fb5de023be99","2026-10-09 21:52"
"Elcu","633102d69d4a5044970cce21","echeetah","61bd80d52f7bf10001258140","6ac9990f7c0d7c57ca315894","2026-10-09 21:52"
"Geoplex","5fc3dc04ed954900017d7dad","Anonymous","694357bf716cf71c98f96b42","6ac998669347fb5de023bce0","2026-10-09 21:53"
"Zé da Pamonha","6996505bf658592ab03fa17e","SteelyYolo","6439fe9890664def4616aaf5","6ac99949816a515650e9aca6","2026-10-09 21:53"
"george","68e85bdb3f2cbbe915cbcd3d","layy ♡","603df174d3dc740001da871a","6ac999229347fb5de023be92","2026-10-09 21:54"
"barle","6398628520609ac8c10cab13","habesh","647734d056305f7bf5561a4e","6ac9986d0375d2ecda2bde6d","2026-10-09 21:54"
"GDrigXOツ","62d397b9283f387577c4aff8","Tomek5_5","606e09423667bc0001ad663d","6ac9999d7c0d7c57ca315a5a","2026-10-09 21:54"
"greguiz","60af1407ce6bd2000128aaba","PLK","62179a5c8e88d400010d91ea","6ac99a8a9347fb5de023c27d","2026-10-09 21:55"
"echeetah","61bd80d52f7bf10001258140","れい（Rey）","6444afc0c30fa09317b315fc","6ac99a627c0d7c57ca315bbd","2026-10-09 21:57"
"Tomek5_5","606e09423667bc0001ad663d","GDrigXOツ","62d397b9283f387577c4aff8","6ac99aaa816a515650e9afcf","2026-10-09 21:58"
"数字信号处理","62a559ad291a85ec390d343e","Zé da Pamonha","6996505bf658592ab03fa17e","6ac99a769347fb5de023c251","2026-10-09 21:58"
"greguiz","60af1407ce6bd2000128aaba","PLK","62179a5c8e88d400010d91ea","6ac99b0f7c0d7c57ca315d52","2026-10-09 22:00"
"george","68e85bdb3f2cbbe915cbcd3d","layy ♡","603df174d3dc740001da871a","6ac99b16816a515650e9b0b0","2026-10-09 22:01"
"GooseMcGoose","5ff78fa1a56da30001ba546a","RuralQuay427","67afb8f9170e41f8f611a20a","6ac9997f816a515650e9ad32","2026-10-09 22:01"
"Elcu","633102d69d4a5044970cce21","Tomek5_5","606e09423667bc0001ad663d","6ac99af37c0d7c57ca315d1c","2026-10-09 22:02"
"kalesalad","60c9cf146dac910001261659","Tomek5_5","606e09423667bc0001ad663d","6ac99c1d816a515650e9b364","2026-10-09 22:03"
"King of No Multis","6877b24fc8272415e0c98d7a","echeetah","61bd80d52f7bf10001258140","6ac99b709347fb5de023c4c4","2026-10-09 22:03"
"GDrigXOツ","62d397b9283f387577c4aff8","Zé da Pamonha","6996505bf658592ab03fa17e","6ac99ba0cd7220c052709950","2026-10-09 22:03"
"コアラのマーチ","651831374a389548ed9c7703","SteelyYolo","6439fe9890664def4616aaf5","6ac99b289347fb5de023c404","2026-10-09 22:03"
"greguiz","60af1407ce6bd2000128aaba","PLK","62179a5c8e88d400010d91ea","6ac99c30816a515650e9b3a4","2026-10-09 22:07"
"kalesalad","60c9cf146dac910001261659","layy ♡","603df174d3dc740001da871a","6ac99cdb9347fb5de023c90b","2026-10-09 22:09"
"コアラのマーチ","651831374a389548ed9c7703","Taquito","65580b96c0276bfd86f36c05","6ac99d1b7c0d7c57ca3161ec","2026-10-09 22:09"
"Zé da Pamonha","6996505bf658592ab03fa17e","echeetah","61bd80d52f7bf10001258140","6ac99d037c0d7c57ca3161b7","2026-10-09 22:10"
"btb","62be7867aa13616722f8dd4a","qしたままご飯食べてお風呂入って朝起きてもマッチしないゲーム","67493198473744059fbb9736","6ac99cb39347fb5de023c8ad","2026-10-09 22:11"
"barle","6398628520609ac8c10cab13","habesh","647734d056305f7bf5561a4e","6ac99adc816a515650e9b02d","2026-10-09 22:11"
"Anonymous","694357bf716cf71c98f96b42","george","68e85bdb3f2cbbe915cbcd3d","6ac99c979347fb5de023c871","2026-10-09 22:12"
"yac&cheese","645b0c20107fe29c924fb124","echeetah","61bd80d52f7bf10001258140","6ac99e7557053511fa99e367","2026-10-09 22:14"
"RuralQuay427","67afb8f9170e41f8f611a20a","esther","5ec5509af849319644f425b8","6ac99c4b816a515650e9b3dc","2026-10-09 22:14"
"PLK","62179a5c8e88d400010d91ea","greguiz","60af1407ce6bd2000128aaba","6ac99dae7c0d7c57ca31636b","2026-10-09 22:15"
"Flubbersticks","69387a54dc6fdd9da05c91cd","数字信号处理","62a559ad291a85ec390d343e","6ac99f959347fb5de023d0c9","2026-10-09 22:16"
"kalesalad","60c9cf146dac910001261659","layy ♡","603df174d3dc740001da871a","6ac99e3b9347fb5de023ccbd","2026-10-09 22:17"
"a-you","5e93a3443d4b6a5af4f11b0b","george","68e85bdb3f2cbbe915cbcd3d","6ac99f519347fb5de023cfe5","2026-10-09 22:17"
"Flubbersticks","69387a54dc6fdd9da05c91cd","数字信号处理","62a559ad291a85ec390d343e","6ac99fea9347fb5de023d1d1","2026-10-09 22:20"
"KAZ","6682a94f266924acd6f97098","frey44","65196df73b287bbf7203f3f7","6ac99eee7c0d7c57ca31664c","2026-10-09 22:20"
"PLK","62179a5c8e88d400010d91ea","a-you","5e93a3443d4b6a5af4f11b0b","6ac9a0179347fb5de023d253","2026-10-09 22:21"
"kalesalad","60c9cf146dac910001261659","george","68e85bdb3f2cbbe915cbcd3d","6ac9a0239347fb5de023d277","2026-10-09 22:21"
"[FatSnail] SavetheSnail","591790fc1bba70b6146c6485","Kenneth3748","61bb74cddf66250001c08b69","6ac9a0d79347fb5de023d495","2026-10-09 22:24"
"雨又潇潇","635a7c4f940d8dc91bd25ec4","PLK","62179a5c8e88d400010d91ea","6ac9a11f9347fb5de023d539","2026-10-09 22:25"
"コアラのマーチ","651831374a389548ed9c7703","GeoGuessrGeorge","63584ae82070eac5702d49dc","6ac9a0009347fb5de023d214","2026-10-09 22:25"
"Anonymous","694357bf716cf71c98f96b42","layy ♡","603df174d3dc740001da871a","6ac9a05c9347fb5de023d31e","2026-10-09 22:26"
"Sunflower in CB15 May","6a515fcdcf750a7a944559c1","vestfoldogtelemarkfan1","6488d607fb0f513b367ada8e","6ac9a0da7c0d7c57ca316b13","2026-10-09 22:26"
"Flubbersticks","69387a54dc6fdd9da05c91cd","数字信号处理","62a559ad291a85ec390d343e","6ac9a0d97c0d7c57ca316b10","2026-10-09 22:26"
"barle","6398628520609ac8c10cab13","habesh","647734d056305f7bf5561a4e","6ac99ecf7c0d7c57ca31660c","2026-10-09 22:28"
"george","68e85bdb3f2cbbe915cbcd3d","kalesalad","60c9cf146dac910001261659","6ac9a142816a515650e9bfe6","2026-10-09 22:29"
"RuralQuay427","67afb8f9170e41f8f611a20a","Cassius Chaerea","692afa4a3b2a1d12384d418b","6ac9a1059347fb5de023d4f5","2026-10-09 22:29"
"NamibianAmphibianMan","69ba2e52a04671c8a9b13e12","KAZ","6682a94f266924acd6f97098","6ac9a13b7c0d7c57ca316be7","2026-10-09 22:29"
"barle","6398628520609ac8c10cab13","PLK","62179a5c8e88d400010d91ea","6ac9a29c9347fb5de023d95f","2026-10-09 22:30"
"qしたままご飯食べてお風呂入って朝起きてもマッチしないゲーム","67493198473744059fbb9736","btb","62be7867aa13616722f8dd4a","6ac99ec57c0d7c57ca3165f4","2026-10-09 22:31"
"コアラのマーチ","651831374a389548ed9c7703","vestfoldogtelemarkfan1","6488d607fb0f513b367ada8e","6ac9a20a7c0d7c57ca316dc6","2026-10-09 22:31"
"scorpzz","582652ed4aa178410066ed72","Taquito","65580b96c0276bfd86f36c05","6ac9a2829347fb5de023d90e","2026-10-09 22:32"
"OceanMan","5e9a08cdd502e121002b5279","george","68e85bdb3f2cbbe915cbcd3d","6ac9a2f3816a515650e9c3e1","2026-10-09 22:33"
"Anonymous","694357bf716cf71c98f96b42","Geoplex","5fc3dc04ed954900017d7dad","6ac9a2719347fb5de023d8ec","2026-10-09 22:34"
"kalesalad","60c9cf146dac910001261659","PLK","62179a5c8e88d400010d91ea","6ac9a31c9347fb5de023dabb","2026-10-09 22:34"
"King of No Multis","6877b24fc8272415e0c98d7a","frey44","65196df73b287bbf7203f3f7","6ac9a2d1816a515650e9c38f","2026-10-09 22:34"
"Zé da Pamonha","6996505bf658592ab03fa17e","Cassius Chaerea","692afa4a3b2a1d12384d418b","6ac9a3139347fb5de023daa1","2026-10-09 22:34"
"KAZ","6682a94f266924acd6f97098","Kazuyanpi15","62f98280984cca8f85927223","6ac9a32f816a515650e9c462","2026-10-09 22:35"
"PLK","62179a5c8e88d400010d91ea","george","68e85bdb3f2cbbe915cbcd3d","6ac9a3f5a756b30e85c82edc","2026-10-09 22:37"
"a-you","5e93a3443d4b6a5af4f11b0b","barle","6398628520609ac8c10cab13","6ac9a3a09347fb5de023dc4d","2026-10-09 22:37"
"NamibianAmphibianMan","69ba2e52a04671c8a9b13e12","vestfoldogtelemarkfan1","6488d607fb0f513b367ada8e","6ac9a36c816a515650e9c4f6","2026-10-09 22:38"
"scorpzz","582652ed4aa178410066ed72","Taquito","65580b96c0276bfd86f36c05","6ac9a3d37c0d7c57ca3171f3","2026-10-09 22:39"
"Bms432","5d75a280b4ec1705ecdb7cf0","Cassius Chaerea","692afa4a3b2a1d12384d418b","6ac9a4e6816a515650e9c858","2026-10-09 22:40"
"KAZ","6682a94f266924acd6f97098","Kazuyanpi15","62f98280984cca8f85927223","6ac9a4680375d2ecda2bf472","2026-10-09 22:40"
"george","68e85bdb3f2cbbe915cbcd3d","PLK","62179a5c8e88d400010d91ea","6ac9a4ad816a515650e9c7e7","2026-10-09 22:41"
"Zé da Pamonha","6996505bf658592ab03fa17e","zadusk","664355240d326e910df50cb4","6ac9a49e9347fb5de023df17","2026-10-09 22:41"
"kalesalad","60c9cf146dac910001261659","a-you","5e93a3443d4b6a5af4f11b0b","6ac9a4a69347fb5de023df2b","2026-10-09 22:42"
"vestfoldogtelemarkfan1","6488d607fb0f513b367ada8e","ikam bungull :))","67a710249d75e04dff436d40","6ac9a51f9347fb5de023e03e","2026-10-09 22:42"
"barle","6398628520609ac8c10cab13","george","68e85bdb3f2cbbe915cbcd3d","6ac9a5b39347fb5de023e1e9","2026-10-09 22:44"
"RuralQuay427","67afb8f9170e41f8f611a20a","Patrickvanpaul","5ff4a6cb612052000195aed4","6ac9a3a8816a515650e9c58c","2026-10-09 22:44"
"KAZ","6682a94f266924acd6f97098","Cassius Chaerea","692afa4a3b2a1d12384d418b","6ac9a5839347fb5de023e169","2026-10-09 22:44"
"Tosontsengel Sausages","676108739f1bd4dd8576b876","vestfoldogtelemarkfan1","6488d607fb0f513b367ada8e","6ac9a5ee9347fb5de023e26d","2026-10-09 22:46"
"Eamonn","5e2e983722bbda85a40e9009","kalesalad","60c9cf146dac910001261659","6ac9a6329347fb5de023e31a","2026-10-09 22:48"
"PLK","62179a5c8e88d400010d91ea","a-you","5e93a3443d4b6a5af4f11b0b","6ac9a5d27c0d7c57ca31766d","2026-10-09 22:48"
"george","68e85bdb3f2cbbe915cbcd3d","barle","6398628520609ac8c10cab13","6ac9a6717c0d7c57ca3177f0","2026-10-09 22:48"
"コアラのマーチ","651831374a389548ed9c7703","Kazuyanpi15","62f98280984cca8f85927223","6ac9a6589347fb5de023e385","2026-10-09 22:48"
"Bms432","5d75a280b4ec1705ecdb7cf0","VibeGuessin™","664e1ac31a67ab939b36f8ce","6ac9a6be9347fb5de023e4c5","2026-10-09 22:49"
"PLK","62179a5c8e88d400010d91ea","kalesalad","60c9cf146dac910001261659","6ac9a7569347fb5de023e673","2026-10-09 22:50"
"george","68e85bdb3f2cbbe915cbcd3d","barle","6398628520609ac8c10cab13","6ac9a76d7c0d7c57ca317a5f","2026-10-09 22:52"
"PLK","62179a5c8e88d400010d91ea","kalesalad","60c9cf146dac910001261659","6ac9a7c79347fb5de023e82f","2026-10-09 22:54"
"Stella/chat off","63e1b563ec5549833a008296","BlackShark","61f04538cc54700001a27678","6ac9a79d7c0d7c57ca317ac2","2026-10-09 22:57"
"barle","6398628520609ac8c10cab13","george","68e85bdb3f2cbbe915cbcd3d","6ac9a84d816a515650e9d020","2026-10-09 22:58"
"vestfoldogtelemarkfan1","6488d607fb0f513b367ada8e","Chocopero","64140eb68a2c7b4c8994314d","6ac9a9209347fb5de023ebdb","2026-10-09 22:58"
"Anonymous","694357bf716cf71c98f96b42","Eamonn","5e2e983722bbda85a40e9009","6ac9a749816a515650e9cde7","2026-10-09 23:00"
"コアラのマーチ","651831374a389548ed9c7703","VibeGuessin™","664e1ac31a67ab939b36f8ce","6ac9a8a49347fb5de023ea88","2026-10-09 23:01"
"george","68e85bdb3f2cbbe915cbcd3d","King of No Multis","6877b24fc8272415e0c98d7a","6ac9a9ee9347fb5de023ee28","2026-10-09 23:04"
"PLK","62179a5c8e88d400010d91ea","Finn Siemon","66eb7b4a062332fb60915d65","6ac9a946816a515650e9d2ad","2026-10-09 23:05"
"Bms432","5d75a280b4ec1705ecdb7cf0","Teddy Demon","66a8d74ee96573dd443368ca","6ac9aa5b9347fb5de023ef66","2026-10-09 23:05"
"Finn Siemon","66eb7b4a062332fb60915d65","King of No Multis","6877b24fc8272415e0c98d7a","6ac9ab37816a515650e9d82e","2026-10-09 23:06"
"BlackShark","61f04538cc54700001a27678","vestfoldogtelemarkfan1","6488d607fb0f513b367ada8e","6ac9aac79347fb5de023f0cc","2026-10-09 23:07"
"george","68e85bdb3f2cbbe915cbcd3d","PLK","62179a5c8e88d400010d91ea","6ac9ab36816a515650e9d826","2026-10-09 23:08"
"PLK","62179a5c8e88d400010d91ea","george","68e85bdb3f2cbbe915cbcd3d","6ac9ac179347fb5de023f50c","2026-10-09 23:10"
"vestfoldogtelemarkfan1","6488d607fb0f513b367ada8e","Paraiso","6404992a1600d405bc47d7b3","6ac9abdc57053511fa99fea4","2026-10-09 23:11"
"Eamonn","5e2e983722bbda85a40e9009","ana karla","6825695ee804a59e43097e14","6ac9aa4f9347fb5de023ef43","2026-10-09 23:13"
"george","68e85bdb3f2cbbe915cbcd3d","PLK","62179a5c8e88d400010d91ea","6ac9ac839347fb5de023f65c","2026-10-09 23:14"
"Lubec","5e974c906ea510372c1e444a","ana karla","6825695ee804a59e43097e14","6ac9ad309347fb5de023f86e","2026-10-09 23:14"
"King of No Multis","6877b24fc8272415e0c98d7a","Finn Siemon","66eb7b4a062332fb60915d65","6ac9ab9b816a515650e9d926","2026-10-09 23:14"
"Finn Siemon","66eb7b4a062332fb60915d65","King of No Multis","6877b24fc8272415e0c98d7a","6ac9ad869347fb5de023f9bd","2026-10-09 23:16"
"Bravious","608f43fa0d0e0d0001d2abde","BlackShark","61f04538cc54700001a27678","6ac9ac997c0d7c57ca31871f","2026-10-09 23:18"
"george","68e85bdb3f2cbbe915cbcd3d","PLK","62179a5c8e88d400010d91ea","6ac9ad7d9347fb5de023f9a5","2026-10-09 23:19"
"King of No Multis","6877b24fc8272415e0c98d7a","Finn Siemon","66eb7b4a062332fb60915d65","6ac9adea9347fb5de023fabd","2026-10-09 23:19"
"Paraiso","6404992a1600d405bc47d7b3","vestfoldogtelemarkfan1","6488d607fb0f513b367ada8e","6ac9ad729347fb5de023f98c","2026-10-09 23:19"
"WindyMirage774","661c9b427222970e307aff01","dihstroying u rn","61bc9d394b744100017e5e29","6ac9ae3a9347fb5de023fb91","2026-10-09 23:19"
"george","68e85bdb3f2cbbe915cbcd3d","PLK","62179a5c8e88d400010d91ea","6ac9aea3816a515650e9e17f","2026-10-09 23:23"
"Finn Siemon","66eb7b4a062332fb60915d65","King of No Multis","6877b24fc8272415e0c98d7a","6ac9ae877c0d7c57ca318c9e","2026-10-09 23:23"
"WindyMirage774","661c9b427222970e307aff01","dihstroying u rn","61bc9d394b744100017e5e29","6ac9aec49347fb5de023fd5d","2026-10-09 23:24"
"george","68e85bdb3f2cbbe915cbcd3d","PLK","62179a5c8e88d400010d91ea","6ac9af839347fb5de0240005","2026-10-09 23:25"
"vestfoldogtelemarkfan1","6488d607fb0f513b367ada8e","BlackShark","61f04538cc54700001a27678","6ac9aea40375d2ecda2c08cd","2026-10-09 23:26"
"WindyMirage774","661c9b427222970e307aff01","Bms432","5d75a280b4ec1705ecdb7cf0","6ac9afa857053511fa9a075f","2026-10-09 23:27"
"WindyMirage774","661c9b427222970e307aff01","Bms432","5d75a280b4ec1705ecdb7cf0","6ac9afa857053511fa9a075f","2026-10-09 23:28"
"george","68e85bdb3f2cbbe915cbcd3d","PLK","62179a5c8e88d400010d91ea","6ac9afe4816a515650e9e465","2026-10-09 23:29"
"Finn Siemon","66eb7b4a062332fb60915d65","King of No Multis","6877b24fc8272415e0c98d7a","6ac9af76816a515650e9e344","2026-10-09 23:29"
"Bms432","5d75a280b4ec1705ecdb7cf0","TeRuanIsGod","67979da9c2328890129f177e","6ac9b0ef9347fb5de024042d","2026-10-09 23:31"
"PLK","62179a5c8e88d400010d91ea","george","68e85bdb3f2cbbe915cbcd3d","6ac9b0eb9347fb5de0240419","2026-10-09 23:32"
"Finn Siemon","66eb7b4a062332fb60915d65","King of No Multis","6877b24fc8272415e0c98d7a","6ac9b0f39347fb5de0240437","2026-10-09 23:33"
"Uppercut","66921744107c63a2882229ce","VibeGuessin™","664e1ac31a67ab939b36f8ce","6ac9b135816a515650e9e78b","2026-10-09 23:33"
"george","68e85bdb3f2cbbe915cbcd3d","PLK","62179a5c8e88d400010d91ea","6ac9b1869347fb5de02405e2","2026-10-09 23:36"
"Lubec","5e974c906ea510372c1e444a","Anonymous","694357bf716cf71c98f96b42","6ac9b1499347fb5de0240548","2026-10-09 23:36"
"george","68e85bdb3f2cbbe915cbcd3d","PLK","62179a5c8e88d400010d91ea","6ac9b27a9347fb5de02408bc","2026-10-09 23:38"
"King of No Multis","6877b24fc8272415e0c98d7a","RinKa","66ef015a0d51fac29bcc68a8","6ac9b1e59347fb5de0240706","2026-10-09 23:39"
"[TNT] jv724 α","5d50f46b24ec173888d7e22e","vestfoldogtelemarkfan1","6488d607fb0f513b367ada8e","6ac9b3399347fb5de0240af2","2026-10-09 23:41"
"george","68e85bdb3f2cbbe915cbcd3d","PLK","62179a5c8e88d400010d91ea","6ac9b324816a515650e9ec3b","2026-10-09 23:42"
"Lubec","5e974c906ea510372c1e444a","Anonymous","694357bf716cf71c98f96b42","6ac9b2c89347fb5de024099a","2026-10-09 23:43"
"george","68e85bdb3f2cbbe915cbcd3d","PLK","62179a5c8e88d400010d91ea","6ac9b3f39347fb5de0240d09","2026-10-09 23:44"
"RinKa","66ef015a0d51fac29bcc68a8","njro_4663","6304aae5471ee13ea71de2de","6ac9b35ba756b30e85c84cad","2026-10-09 23:45"
"wang","64df30f334185dd27cf839a7","King of No Multis","6877b24fc8272415e0c98d7a","6ac9b37d816a515650e9ed29","2026-10-09 23:46"
"Bravious","608f43fa0d0e0d0001d2abde","slew","5cc1545b8701a898fc423332","6ac9ae69816a515650e9e0cd","2026-10-09 23:47"
"WindyMirage774","661c9b427222970e307aff01","[TNT] jv724 α","5d50f46b24ec173888d7e22e","6ac9b3c57c0d7c57ca319a31","2026-10-09 23:47"
"PLK","62179a5c8e88d400010d91ea","george","68e85bdb3f2cbbe915cbcd3d","6ac9b4869347fb5de0240e6e","2026-10-09 23:49"
"[TNT] jv724 α","5d50f46b24ec173888d7e22e","vestfoldogtelemarkfan1","6488d607fb0f513b367ada8e","6ac9b529f36908eb33dbff5d","2026-10-09 23:51"
"RinKa","66ef015a0d51fac29bcc68a8","Bravious","608f43fa0d0e0d0001d2abde","6ac9b5149347fb5de0240fe9","2026-10-09 23:52"
"george","68e85bdb3f2cbbe915cbcd3d","PLK","62179a5c8e88d400010d91ea","6ac9b59e816a515650e9f32c","2026-10-09 23:54"
"WindyMirage774","661c9b427222970e307aff01","Nekoski","637dd543e56f29d1ad11bc57","6ac9b56a9347fb5de02410d5","2026-10-09 23:56"
"Bravious","608f43fa0d0e0d0001d2abde","RinKa","66ef015a0d51fac29bcc68a8","6ac9b67a9347fb5de02413da","2026-10-09 23:57"
