"pasycat粉丝","6825e5c37465249750d5a93f","unwrittencat","659b1e04a83479f364f5ae61","6a93a9c4f5574cc1728cff0d","2026-08-30 00:00"
"magaboiebailey","6893a844be7de24451a0a2ce","a-you","5e93a3443d4b6a5af4f11b0b","6a93a91bf5574cc1728cfd5f","2026-08-30 00:01"
"dying sociopath","5aae066718399e2758306701","miniura","650ff17b12259a4cd34bd829","6a93a97e321b2b96aebed16a","2026-08-30 00:02"
"雨又潇潇","635a7c4f940d8dc91bd25ec4","Palmitas","69b33a815634cc416b9c7877","6a93aafbf5574cc1728d022e","2026-08-30 00:05"
"Lubec","5e974c906ea510372c1e444a","BarryTheBee","62be7867aa13616722f8dd4a","6a93a9e0f5574cc1728cff4f","2026-08-30 00:05"
"UNWRITTENCAT","659b1e04a83479f364f5ae61","magaboiebailey","6893a844be7de24451a0a2ce","6a93aaddf5574cc1728d01df","2026-08-30 00:05"
"miniura","650ff17b12259a4cd34bd829","Incomplet","6328da1f7f518e8bf2fd4335","6a93ab49f5574cc1728d02db","2026-08-30 00:07"
"magaboiebailey","6893a844be7de24451a0a2ce","dying sociopath","5aae066718399e2758306701","6a93abbb321b2b96aebed491","2026-08-30 00:08"
"magaboiebailey","6893a844be7de24451a0a2ce","UNWRITTENCAT","659b1e04a83479f364f5ae61","6a93ac75f5574cc1728d05b8","2026-08-30 00:09"
"qqfr","695f4575cc12ff508343057a","KermitosisYT","5f9cc5a6aa01a700013c6c77","6a93abb1d47941166486c9ad","2026-08-30 00:10"
"Palmitas","69b33a815634cc416b9c7877","Lubec","5e974c906ea510372c1e444a","6a93abea321b2b96aebed4d1","2026-08-30 00:11"
"dying sociopath","5aae066718399e2758306701","miniura","650ff17b12259a4cd34bd829","6a93aca3f5574cc1728d061b","2026-08-30 00:12"
"Antigs","5fb70fb9e2c593000135b6e0","Alemão(Retired 4Ever)","670f839c4f58c8c7b975c4fe","6a93aa5bf5574cc1728d007d","2026-08-30 00:12"
"magaboiebailey","6893a844be7de24451a0a2ce","UNWRITTENCAT","659b1e04a83479f364f5ae61","6a93acecf5574cc1728d06b5","2026-08-30 00:13"
"dying sociopath","5aae066718399e2758306701","UNWRITTENCAT","659b1e04a83479f364f5ae61","6a93adbff5574cc1728d088b","2026-08-30 00:16"
"BarryTheBee","62be7867aa13616722f8dd4a","Palmitas","69b33a815634cc416b9c7877","6a93ad78f5574cc1728d0800","2026-08-30 00:19"
"miniura","650ff17b12259a4cd34bd829","zadusk","664355240d326e910df50cb4","6a93ae73f5574cc1728d0a8f","2026-08-30 00:19"
"magaboiebailey","6893a844be7de24451a0a2ce","Lubec","5e974c906ea510372c1e444a","6a93ae21f5574cc1728d099f","2026-08-30 00:20"
"Kastries","67c9d3612160aecea9218f63","BlackShark","61f04538cc54700001a27678","6a93ad08f5574cc1728d06fc","2026-08-30 00:20"
"UNWRITTENCAT","659b1e04a83479f364f5ae61","Palmitas","6984de4267015bc9a6109cae","6a93aeb1d47941166486cdd7","2026-08-30 00:21"
"dying sociopath","5aae066718399e2758306701","Palmitas","69b33a815634cc416b9c7877","6a93af4bf5574cc1728d0c9c","2026-08-30 00:24"
"RJay223","68a7393aba3755f87bd88212","smittie","5ffe9a29ad68a300017b0d3d","6a93a8c7d47941166486c566","2026-08-30 00:27"
"magaboiebailey","6893a844be7de24451a0a2ce","Palmitas","69b33a815634cc416b9c7877","6a93b074f5574cc1728d0f91","2026-08-30 00:28"
"rileyrhino","641248c0330b8c5355f5a56f","Lubec","5e974c906ea510372c1e444a","6a93b000321b2b96aebedb5f","2026-08-30 00:30"
"雨又潇潇","635a7c4f940d8dc91bd25ec4","Palmitas","69b33a815634cc416b9c7877","6a93b18789301ec69344e413","2026-08-30 00:33"
"Lubec","5e974c906ea510372c1e444a","Palmitas","69b33a815634cc416b9c7877","6a93b252f5574cc1728d1402","2026-08-30 00:36"
"magaboiebailey","6893a844be7de24451a0a2ce","dying sociopath","5aae066718399e2758306701","6a93b136f5574cc1728d119b","2026-08-30 00:36"
"Antigs","5fb70fb9e2c593000135b6e0","im recording my gameplay","6a437d2254319c3206c01eb9","6a93b235f5574cc1728d13d1","2026-08-30 00:37"
"Palmitas","69b33a815634cc416b9c7877","dying sociopath","5aae066718399e2758306701","6a93b34df5574cc1728d15e3","2026-08-30 00:40"
"magaboiebailey","6893a844be7de24451a0a2ce","Lubec","5e974c906ea510372c1e444a","6a93b387f5574cc1728d1670","2026-08-30 00:41"
"rileyrhino","641248c0330b8c5355f5a56f","layy ♡","603df174d3dc740001da871a","6a93b1faf5574cc1728d1358","2026-08-30 00:43"
"Palmitas","69b33a815634cc416b9c7877","xiwang","696e0e6fe76a00570552d609","6a93b427f5574cc1728d17e8","2026-08-30 00:43"
"miniura","650ff17b12259a4cd34bd829","Dumb American","6439eb2cff2ea2c2416028fc","6a93b498f5574cc1728d18bf","2026-08-30 00:44"
"Tottenhamwisps","60ad03a48b6e1d00012f8e7e","pav","5e67d59212777c2530253a95","6a93b001f5574cc1728d0e73","2026-08-30 00:46"
"im recording my gameplay","6a437d2254319c3206c01eb9","Incomplet","6328da1f7f518e8bf2fd4335","6a93b412f5574cc1728d17ba","2026-08-30 00:46"
"Surgut sand","5ec369eae7115241a4e75beb","Palmitas","6984de4267015bc9a6109cae","6a93b4d4321b2b96aebee214","2026-08-30 00:46"
"Palmitas","69b33a815634cc416b9c7877","xiwang","696e0e6fe76a00570552d609","6a93b4d3f5574cc1728d1934","2026-08-30 00:47"
"xiwang","696e0e6fe76a00570552d609","Palmitas","69b33a815634cc416b9c7877","6a93b5c4f5574cc1728d1b30","2026-08-30 00:50"
"im recording my gameplay","6a437d2254319c3206c01eb9","PriaSolo","60d6b1bccdf6930001cadbe2","6a93b575f5574cc1728d1a94","2026-08-30 00:50"
"rileyrhino","641248c0330b8c5355f5a56f","magaboiebailey","6893a844be7de24451a0a2ce","6a93b4bef5574cc1728d190f","2026-08-30 00:52"
"Kastries","67c9d3612160aecea9218f63","miniura","650ff17b12259a4cd34bd829","6a93b60789301ec69344e95b","2026-08-30 00:58"
"Unc","6876a81aaf5ea16088df663a","Finn Siemon","66eb7b4a062332fb60915d65","6a93b6e2f5574cc1728d1d56","2026-08-30 00:58"
"Palmitas","69b33a815634cc416b9c7877","layy ♡","603df174d3dc740001da871a","6a93b6a2f5574cc1728d1cde","2026-08-30 01:02"
"Finn Siemon","66eb7b4a062332fb60915d65","zach","621783eaab08b80001371858","6a93b85a321b2b96aebee6b8","2026-08-30 01:02"
"Unc","6876a81aaf5ea16088df663a","miniura","650ff17b12259a4cd34bd829","6a93b8cbf5574cc1728d213f","2026-08-30 01:03"
"Finn Siemon","66eb7b4a062332fb60915d65","Unc","6876a81aaf5ea16088df663a","6a93b95ef5574cc1728d2266","2026-08-30 01:05"
"im recording my gameplay","6a437d2254319c3206c01eb9","Kastries","67c9d3612160aecea9218f63","6a93b894f5574cc1728d20d8","2026-08-30 01:05"
"Finn Siemon","66eb7b4a062332fb60915d65","Unc","6876a81aaf5ea16088df663a","6a93b9d989301ec69344ee94","2026-08-30 01:07"
"pav","5e67d59212777c2530253a95","rileyrhino","641248c0330b8c5355f5a56f","6a93b7f8f5574cc1728d1f9c","2026-08-30 01:09"
"Anna","611760155078c2000158aa4b","[TNT] jv724 α","5d50f46b24ec173888d7e22e","6a93ba87f5574cc1728d24b9","2026-08-30 01:09"
"miniura","650ff17b12259a4cd34bd829","TheM1sty™","5b9ab06cbb9fdd32283b9eba","6a93b9c5d47941166486dbac","2026-08-30 01:11"
"Unc","6876a81aaf5ea16088df663a","Finn Siemon","66eb7b4a062332fb60915d65","6a93ba56f5574cc1728d244d","2026-08-30 01:11"
"Anna","611760155078c2000158aa4b","Unc","6876a81aaf5ea16088df663a","6a93bb4e70037071fd9350f8","2026-08-30 01:13"
"Kastries","67c9d3612160aecea9218f63","smittie","5ffe9a29ad68a300017b0d3d","6a93ba51f5574cc1728d2443","2026-08-30 01:13"
"yakisaba","63cefde6f824a9096ddc950e","aguardiente","60ba2dec2056310001c27701","6a93bca0316d45f0123a0cd1","2026-08-30 01:18"
"Unc","6876a81aaf5ea16088df663a","Palmitas","6984de4267015bc9a6109cae","6a93bbfaf5574cc1728d27a9","2026-08-30 01:19"
"Anna","611760155078c2000158aa4b","Kastries","67c9d3612160aecea9218f63","6a93bbe7f5574cc1728d2792","2026-08-30 01:20"
"TheM1sty™","5b9ab06cbb9fdd32283b9eba","AntoinesDaddy","6a641d7856634604f5183b2e","6a93bc9bf5574cc1728d28be","2026-08-30 01:20"
"zach","621783eaab08b80001371858","Unc","6876a81aaf5ea16088df663a","6a93bd4af5574cc1728d29fd","2026-08-30 01:22"
"TheM1sty™","5b9ab06cbb9fdd32283b9eba","AntoinesDaddy","6a641d7856634604f5183b2e","6a93bd57f5574cc1728d2a19","2026-08-30 01:22"
"rileyrhino","641248c0330b8c5355f5a56f","Palmitas","69b33a815634cc416b9c7877","6a93bca8f5574cc1728d28da","2026-08-30 01:23"
"aguardiente","60ba2dec2056310001c27701","yakisaba","63cefde6f824a9096ddc950e","6a93bd122675d4cc4eb91911","2026-08-30 01:23"
"Unc","6876a81aaf5ea16088df663a","miniura","650ff17b12259a4cd34bd829","6a93bdddf5574cc1728d2b2d","2026-08-30 01:23"
"zach","621783eaab08b80001371858","Eriko Hashimoto","6a35e9a0766da45cf34f631b","6a93be00f5574cc1728d2b73","2026-08-30 01:26"
"Kastries","67c9d3612160aecea9218f63","christmaslover12312","673d6fdbb846b8a9a5f87aae","6a93bdcbf5574cc1728d2af6","2026-08-30 01:26"
"Anna","611760155078c2000158aa4b","TheM1sty™","5b9ab06cbb9fdd32283b9eba","6a93be1489301ec69344f3cf","2026-08-30 01:27"
"aguardiente","60ba2dec2056310001c27701","yakisaba","63cefde6f824a9096ddc950e","6a93be97f5574cc1728d2c95","2026-08-30 01:27"
"Unc","6876a81aaf5ea16088df663a","miniura","650ff17b12259a4cd34bd829","6a93be64321b2b96aebeee40","2026-08-30 01:29"
"rileyrhino","641248c0330b8c5355f5a56f","Eriko Hashimoto","6a35e9a0766da45cf34f631b","6a93bee8f5574cc1728d2d5d","2026-08-30 01:30"
"Kastries","67c9d3612160aecea9218f63","TheM1sty™","5b9ab06cbb9fdd32283b9eba","6a93bf0af5574cc1728d2d97","2026-08-30 01:30"
"travis.","62f350cef84aeaa31594614d","Anna","611760155078c2000158aa4b","6a93bf52f5574cc1728d2e17","2026-08-30 01:31"
"yakisaba","63cefde6f824a9096ddc950e","Unc","6876a81aaf5ea16088df663a","6a93bf97f5574cc1728d2e98","2026-08-30 01:34"
"Eriko Hashimoto","6a35e9a0766da45cf34f631b","Anna","611760155078c2000158aa4b","6a93c004f5574cc1728d2f79","2026-08-30 01:35"
"miniura","650ff17b12259a4cd34bd829","aguardiente","60ba2dec2056310001c27701","6a93bfc3f5574cc1728d2ee6","2026-08-30 01:35"
"Aaryan22","657021f7412bfd95aad62550","rileyrhino","641248c0330b8c5355f5a56f","6a93c0d1f5574cc1728d314e","2026-08-30 01:37"
"TheM1sty™","5b9ab06cbb9fdd32283b9eba","Kastries","67c9d3612160aecea9218f63","6a93bfd5f5574cc1728d2f0d","2026-08-30 01:38"
"Anna","611760155078c2000158aa4b","aguardiente","60ba2dec2056310001c27701","6a93c10cf5574cc1728d31d2","2026-08-30 01:39"
"Eriko Hashimoto","6a35e9a0766da45cf34f631b","Lubec","5e974c906ea510372c1e444a","6a93c16bf5574cc1728d3278","2026-08-30 01:41"
"travis.","62f350cef84aeaa31594614d","miniura","650ff17b12259a4cd34bd829","6a93c163f5574cc1728d3269","2026-08-30 01:42"
"TheM1sty™","5b9ab06cbb9fdd32283b9eba","John 3:16","667480b96e0b2cd1e55685aa","6a93c1e6f5574cc1728d3394","2026-08-30 01:42"
"aguardiente","60ba2dec2056310001c27701","Kopyaaa","666e02fb35207babccf3cd76","6a93c226f5574cc1728d3422","2026-08-30 01:43"
"pasycat粉丝","6825e5c37465249750d5a93f","Anna","611760155078c2000158aa4b","6a93c201f5574cc1728d33c7","2026-08-30 01:44"
"TheM1sty™","5b9ab06cbb9fdd32283b9eba","Kastries","67c9d3612160aecea9218f63","6a93c2ccf5574cc1728d356e","2026-08-30 01:45"
"yakisaba","63cefde6f824a9096ddc950e","ぷれんと","5e6cf3a7d51dd6300c8bcabd","6a93c0f2f5574cc1728d319b","2026-08-30 01:47"
"aguardiente","60ba2dec2056310001c27701","TheM1sty™","5b9ab06cbb9fdd32283b9eba","6a93c3b1f5574cc1728d3713","2026-08-30 01:51"
"travis.","62f350cef84aeaa31594614d","miniura","650ff17b12259a4cd34bd829","6a93c2faf5574cc1728d35b7","2026-08-30 01:52"
"Eriko Hashimoto","6a35e9a0766da45cf34f631b","pasycat粉丝","6825e5c37465249750d5a93f","6a93c3b0321b2b96aebef4a3","2026-08-30 01:53"
"pasycat粉丝","6825e5c37465249750d5a93f","Eriko Hashimoto","6a35e9a0766da45cf34f631b","6a93c533f5574cc1728d3a0b","2026-08-30 01:55"
"aguardiente","60ba2dec2056310001c27701","TheM1sty™","5b9ab06cbb9fdd32283b9eba","6a93c501f5574cc1728d39a8","2026-08-30 01:56"
"travis.","62f350cef84aeaa31594614d","TheM1sty™","5b9ab06cbb9fdd32283b9eba","6a93c5d4321b2b96aebef739","2026-08-30 01:58"
"pasycat粉丝","6825e5c37465249750d5a93f","Eriko Hashimoto","6a35e9a0766da45cf34f631b","6a93c5b2f5574cc1728d3aea","2026-08-30 01:59"
"pasycat粉丝","6825e5c37465249750d5a93f","Eriko Hashimoto","6a35e9a0766da45cf34f631b","6a93c68d321b2b96aebef82b","2026-08-30 02:01"
"pav","5e67d59212777c2530253a95","super singh","6a591d57c05d5d35f4095c85","6a93c258321b2b96aebef2f3","2026-08-30 02:02"
"Zezeshaka","60a4bf78880a050001dcaa70","TheM1sty™","5b9ab06cbb9fdd32283b9eba","6a93c68df5574cc1728d3c9a","2026-08-30 02:04"
"pasycat粉丝","6825e5c37465249750d5a93f","Eriko Hashimoto","6a35e9a0766da45cf34f631b","6a93c79af5574cc1728d3e97","2026-08-30 02:08"
"arkst5711","653e2552c65b2ec04be90d7e","Zezeshaka","60a4bf78880a050001dcaa70","6a93c7d9f5574cc1728d3ef9","2026-08-30 02:08"
"Zezeshaka","60a4bf78880a050001dcaa70","Keksonaldo12","5f01224ef6b3b222109739a5","6a93c8b0f5574cc1728d406f","2026-08-30 02:10"
"miniura","650ff17b12259a4cd34bd829","yakisaba","63cefde6f824a9096ddc950e","6a93c64bf5574cc1728d3c1d","2026-08-30 02:11"
"Zezeshaka","60a4bf78880a050001dcaa70","Keksonaldo12","5f01224ef6b3b222109739a5","6a93c931f5574cc1728d4142","2026-08-30 02:14"
"Eriko Hashimoto","6a35e9a0766da45cf34f631b","pasycat粉丝","6825e5c37465249750d5a93f","6a93c8ccf5574cc1728d409f","2026-08-30 02:15"
"pasycat粉丝","6825e5c37465249750d5a93f","Eriko Hashimoto","6a35e9a0766da45cf34f631b","6a93ca4370037071fd936023","2026-08-30 02:17"
"Zezeshaka","60a4bf78880a050001dcaa70","arkst5711","653e2552c65b2ec04be90d7e","6a93ca1d70037071fd935ff4","2026-08-30 02:17"
"TheM1sty™","5b9ab06cbb9fdd32283b9eba","BlackShark","61f04538cc54700001a27678","6a93c96889301ec69345001a","2026-08-30 02:18"
"Figsy_Games","5e91c2303d4b6a251c171a3b","EMMA","63945c3c7d1041ac615dbc92","6a93ca8289301ec693450146","2026-08-30 02:19"
"arkst5711","653e2552c65b2ec04be90d7e","Zezeshaka","60a4bf78880a050001dcaa70","6a93cacc321b2b96aebefc6d","2026-08-30 02:24"
"Figsy_Games","5e91c2303d4b6a251c171a3b","miniura","650ff17b12259a4cd34bd829","6a93cb62f5574cc1728d450b","2026-08-30 02:25"
"pasycat粉丝","6825e5c37465249750d5a93f","Eriko Hashimoto","6a35e9a0766da45cf34f631b","6a93cb01321b2b96aebefc9d","2026-08-30 02:26"
"arkst5711","653e2552c65b2ec04be90d7e","Zezeshaka","60a4bf78880a050001dcaa70","6a93cc80f5574cc1728d46f2","2026-08-30 02:29"
"pasycat粉丝","6825e5c37465249750d5a93f","Eriko Hashimoto","6a35e9a0766da45cf34f631b","6a93cd5ef5574cc1728d4883","2026-08-30 02:33"
"TheM1sty™","5b9ab06cbb9fdd32283b9eba","BlackShark","61f04538cc54700001a27678","6a93cc0ff5574cc1728d4616","2026-08-30 02:33"
"Zezeshaka","60a4bf78880a050001dcaa70","arkst5711","653e2552c65b2ec04be90d7e","6a93cd8ff5574cc1728d48d8","2026-08-30 02:35"
"Salem","63af4615494c2bc27e4a2f31","Eriko Hashimoto","6a35e9a0766da45cf34f631b","6a93ce84f5574cc1728d4af5","2026-08-30 02:36"
"Zezeshaka","60a4bf78880a050001dcaa70","TheM1sty™","5b9ab06cbb9fdd32283b9eba","6a93cf09f5574cc1728d4c15","2026-08-30 02:37"
"Leftist Leo 解放巴勒斯坦 🇵🇸 和","60d9c5536dac910001297d14","Hez1tred.","68274ac83004afb088d83eac","6a93cf30321b2b96aebf012c","2026-08-30 02:37"
"fatslump","603e28ef0297940001b93db1","Rem","68b515bd7c70109d5efe1a51","6a93ce24316d45f0123a1da5","2026-08-30 02:37"
"Mr. Geo Accuracy","67666c0fae31f29e4b0ec6ad","kstyko","5ead136297d6cf24a42b1ef4","6a93cdc8f5574cc1728d493b","2026-08-30 02:38"
"chilemasterballking","64c4d20a8f7b73c424913e00","男方鬆 - Mr. Nanfsong","6409beba17491edb5a32b684","6a93cebcf5574cc1728d4b8d","2026-08-30 02:38"
"mkpz (0 meta)","67a21e129f1298f53483a74d","马修","6705a787945947e950e2a238","6a93ce5ef5574cc1728d4ab2","2026-08-30 02:38"
"kstyko","5ead136297d6cf24a42b1ef4","Eriko Hashimoto","6a35e9a0766da45cf34f631b","6a93cf9bf5574cc1728d4d13","2026-08-30 02:40"
"miniura","650ff17b12259a4cd34bd829","TheM1sty™","5b9ab06cbb9fdd32283b9eba","6a93cf77f5574cc1728d4cd6","2026-08-30 02:40"
"Asteroid","69dbdc1efb7bdfcff7ddf99d","庫柏的粉絲","66c30b304c12e063346d9148","6a93cf0ff5574cc1728d4c29","2026-08-30 02:42"
"Eriko Hashimoto","6a35e9a0766da45cf34f631b","Keksonaldo12","5f01224ef6b3b222109739a5","6a93d072f5574cc1728d4eb2","2026-08-30 02:43"
"Luki","601f8014af093300017fdb6c","chilemasterballking","64c4d20a8f7b73c424913e00","6a93cfcd321b2b96aebf01ab","2026-08-30 02:43"
"mkpz (0 meta)","67a21e129f1298f53483a74d","男方鬆 - Mr. Nanfsong","6409beba17491edb5a32b684","6a93cfcbf5574cc1728d4d63","2026-08-30 02:44"
"路易十六","65337c686711b99177ed189b","fatslump","603e28ef0297940001b93db1","6a93cf62f5574cc1728d4cb3","2026-08-30 02:45"
"M0vER2cK","6a3980146e586fb5631aa45a","CARTO - GEO","6370f986261c84596054f8de","6a93cfe6f5574cc1728d4d94","2026-08-30 02:45"
"Keksonaldo12","5f01224ef6b3b222109739a5","RheinGeo (RHG)","61f983ae89e0610001619fa0","6a93d14b70037071fd93662b","2026-08-30 02:47"
"chilemasterballking","64c4d20a8f7b73c424913e00","Luki","601f8014af093300017fdb6c","6a93d0e8f5574cc1728d4f97","2026-08-30 02:48"
"庫柏的粉絲","66c30b304c12e063346d9148","Tschapra","66b9c722770eb8e328a9c2fb","6a93d0bf89301ec69345077f","2026-08-30 02:49"
"Eriko Hashimoto","6a35e9a0766da45cf34f631b","男方鬆 - Mr. Nanfsong","6409beba17491edb5a32b684","6a93d13cf5574cc1728d5011","2026-08-30 02:49"
"Leftist Leo 解放巴勒斯坦 🇵🇸 和","60d9c5536dac910001297d14","RheinGeo (RHG)","61f983ae89e0610001619fa0","6a93d1c3f5574cc1728d50fa","2026-08-30 02:50"
"duck","635dc283e419c615374198d6","Tschapra","66b9c722770eb8e328a9c2fb","6a93d23cf5574cc1728d51c9","2026-08-30 02:51"
"庫柏的粉絲","66c30b304c12e063346d9148","Eriko Hashimoto","6a35e9a0766da45cf34f631b","6a93d23af5574cc1728d51c2","2026-08-30 02:52"
"chilemasterballking","64c4d20a8f7b73c424913e00","Asteroid","69dbdc1efb7bdfcff7ddf99d","6a93d22e321b2b96aebf03e7","2026-08-30 02:52"
"路易十六","65337c686711b99177ed189b","TheM1sty™","5b9ab06cbb9fdd32283b9eba","6a93d166f5574cc1728d5058","2026-08-30 02:52"
"M4RCU5","624f4f8e1b3c401d26551c9d","miniura","650ff17b12259a4cd34bd829","6a93d0cff5574cc1728d4f70","2026-08-30 02:53"
"Luki","601f8014af093300017fdb6c","Leftist Leo 解放巴勒斯坦 🇵🇸 和","60d9c5536dac910001297d14","6a93d26df5574cc1728d5220","2026-08-30 02:55"
"男方鬆 - Mr. Nanfsong","6409beba17491edb5a32b684","fatslump","603e28ef0297940001b93db1","6a93d233f5574cc1728d51b1","2026-08-30 02:55"
"Asteroid","69dbdc1efb7bdfcff7ddf99d","庫柏的粉絲","66c30b304c12e063346d9148","6a93d315f5574cc1728d533d","2026-08-30 02:56"
"chilemasterballking","64c4d20a8f7b73c424913e00","gokhale","68257ab1be5b31c617f37156","6a93d31bf5574cc1728d5354","2026-08-30 02:57"
"男方鬆 - Mr. Nanfsong","6409beba17491edb5a32b684","Luki","601f8014af093300017fdb6c","6a93d3a9f5574cc1728d5479","2026-08-30 02:57"
"Eriko Hashimoto","6a35e9a0766da45cf34f631b","路易十六","65337c686711b99177ed189b","6a93d2f9f5574cc1728d5303","2026-08-30 02:58"
"盲","63b6a120ed1bf0b1b513dfb8","eeeeeeeeeeee","658e9c0361137989504ec7ee","6a93d2b7f5574cc1728d529b","2026-08-30 02:59"
"RheinGeo (RHG)","61f983ae89e0610001619fa0","mav1land","63f4a2bda13ee3ab588d6275","6a93d39bf5574cc1728d5462","2026-08-30 02:59"
"庫柏的粉絲","66c30b304c12e063346d9148","chilemasterballking","64c4d20a8f7b73c424913e00","6a93d42af5574cc1728d5557","2026-08-30 03:01"
"Tschapra","66b9c722770eb8e328a9c2fb","duck","635dc283e419c615374198d6","6a93d2e0f5574cc1728d52d8","2026-08-30 03:02"
"M0vER2cK","6a3980146e586fb5631aa45a","ぷれんと","5e6cf3a7d51dd6300c8bcabd","6a93d44289301ec693450a91","2026-08-30 03:02"
"男方鬆 - Mr. Nanfsong","6409beba17491edb5a32b684","Luki","601f8014af093300017fdb6c","6a93d41870037071fd936866","2026-08-30 03:03"
"M4RCU5","624f4f8e1b3c401d26551c9d","miniura","650ff17b12259a4cd34bd829","6a93d392f5574cc1728d544d","2026-08-30 03:03"
"Leftist Leo 解放巴勒斯坦 🇵🇸 和","60d9c5536dac910001297d14","fatslump","603e28ef0297940001b93db1","6a93d3a7f5574cc1728d5475","2026-08-30 03:03"
"庫柏的粉絲","66c30b304c12e063346d9148","chilemasterballking","64c4d20a8f7b73c424913e00","6a93d50789301ec693450b4f","2026-08-30 03:04"
"Kanonenkaktus","5f1c05d6a8de85000129c1ac","路易十六","65337c686711b99177ed189b","6a93d484f5574cc1728d560d","2026-08-30 03:04"
"eeeeeeeeeeee","658e9c0361137989504ec7ee","duck","635dc283e419c615374198d6","6a93d556f5574cc1728d5788","2026-08-30 03:06"
"M4RCU5","624f4f8e1b3c401d26551c9d","Tschapra","66b9c722770eb8e328a9c2fb","6a93d58ff5574cc1728d5803","2026-08-30 03:06"
"男方鬆 - Mr. Nanfsong","6409beba17491edb5a32b684","Luki","601f8014af093300017fdb6c","6a93d5b1d47941166486f908","2026-08-30 03:07"
"chilemasterballking","64c4d20a8f7b73c424913e00","庫柏的粉絲","66c30b304c12e063346d9148","6a93d5e4f5574cc1728d589b","2026-08-30 03:09"
"UNWRITTENCAT","659b1e04a83479f364f5ae61","RheinGeo (RHG)","61f983ae89e0610001619fa0","6a93d6dbf5574cc1728d5a54","2026-08-30 03:11"
"男方鬆 - Mr. Nanfsong","6409beba17491edb5a32b684","Luki","601f8014af093300017fdb6c","6a93d6a2321b2b96aebf0885","2026-08-30 03:12"
"Tschapra","66b9c722770eb8e328a9c2fb","duck","635dc283e419c615374198d6","6a93d66a321b2b96aebf0856","2026-08-30 03:12"
"庫柏的粉絲","66c30b304c12e063346d9148","chilemasterballking","64c4d20a8f7b73c424913e00","6a93d6e1f5574cc1728d5a66","2026-08-30 03:13"
"M4RCU5","624f4f8e1b3c401d26551c9d","Kastries","67c9d3612160aecea9218f63","6a93d656f5574cc1728d5950","2026-08-30 03:13"
"路易十六","65337c686711b99177ed189b","miniura","650ff17b12259a4cd34bd829","6a93d705f5574cc1728d5aa5","2026-08-30 03:13"
"庫柏的粉絲","66c30b304c12e063346d9148","chilemasterballking","64c4d20a8f7b73c424913e00","6a93d7d1321b2b96aebf0a0e","2026-08-30 03:14"
"男方鬆 - Mr. Nanfsong","6409beba17491edb5a32b684","Luki","601f8014af093300017fdb6c","6a93d7b1f5574cc1728d5c1c","2026-08-30 03:14"
"0.03mm","692fdd96871fb5a05c4dcab0","Красота спасёт мир","696e7ffd3657a531005b1a50","6a93d6f9f5574cc1728d5a94","2026-08-30 03:15"
"eeeeeeeeeeee","658e9c0361137989504ec7ee","WestCoastD'Armor","677699b98d7eb43c5800f187","6a93d6d7f5574cc1728d5a4d","2026-08-30 03:16"
"Florian","5dad9132d0d2a44f1018e420","Jason Derulo","62c55e169d79a77f8444efad","6a93d82df5574cc1728d5d3a","2026-08-30 03:16"
"Kastries","67c9d3612160aecea9218f63","TheM1sty™","5b9ab06cbb9fdd32283b9eba","6a93d808321b2b96aebf0a5e","2026-08-30 03:16"
"Luki","601f8014af093300017fdb6c","RheinGeo (RHG)","61f983ae89e0610001619fa0","6a93d840f5574cc1728d5d5c","2026-08-30 03:18"
"庫柏的粉絲","66c30b304c12e063346d9148","男方鬆 - Mr. Nanfsong","6409beba17491edb5a32b684","6a93d85ff5574cc1728d5d8a","2026-08-30 03:19"
"MANGER","6785046bef2c357f0bdfd387","M4RCU5","624f4f8e1b3c401d26551c9d","6a93d7f4f5574cc1728d5cba","2026-08-30 03:19"
"Tschapra","66b9c722770eb8e328a9c2fb","17","6028ad57f227ff0001b8b01e","6a93d7a9f5574cc1728d5c12","2026-08-30 03:22"
"Tung Sahur","6a5e71db480fcf6a022a4219","chilemasterballking","64c4d20a8f7b73c424913e00","6a93d833f5574cc1728d5d40","2026-08-30 03:22"
"Kastries","67c9d3612160aecea9218f63","Bobby","6714750201023856a7e005a7","6a93d89089301ec693450f5c","2026-08-30 03:22"
"Florian","5dad9132d0d2a44f1018e420","BYL","665af55a0f1c875d08a700fb","6a93d940f5574cc1728d5f64","2026-08-30 03:23"
"庫柏的粉絲","66c30b304c12e063346d9148","男方鬆 - Mr. Nanfsong","6409beba17491edb5a32b684","6a93d97ef5574cc1728d5ff2","2026-08-30 03:24"
"Luki","601f8014af093300017fdb6c","RheinGeo (RHG)","61f983ae89e0610001619fa0","6a93d946f5574cc1728d5f71","2026-08-30 03:24"
"ALFA","5b6f185f7135fa0e48b5528a","盲","63b6a120ed1bf0b1b513dfb8","6a93d8bef5574cc1728d5e54","2026-08-30 03:25"
"M4RCU5","624f4f8e1b3c401d26551c9d","17","6028ad57f227ff0001b8b01e","6a93da50321b2b96aebf0d84","2026-08-30 03:27"
"chilemasterballking","64c4d20a8f7b73c424913e00","BYL","665af55a0f1c875d08a700fb","6a93da4f321b2b96aebf0d80","2026-08-30 03:28"
"盲","63b6a120ed1bf0b1b513dfb8","庫柏的粉絲","66c30b304c12e063346d9148","6a93daac70037071fd936f62","2026-08-30 03:29"
"ra1n ⛆","6040b767a822080001418691","Yarik_rest","66982d41350e1b449ce7608c","6a93dad7f5574cc1728d62b2","2026-08-30 03:30"
"17","6028ad57f227ff0001b8b01e","chilemasterballking","64c4d20a8f7b73c424913e00","6a93db64321b2b96aebf0ecc","2026-08-30 03:31"
"aguardiente","60ba2dec2056310001c27701","Tschapra","66b9c722770eb8e328a9c2fb","6a93da20f5574cc1728d614a","2026-08-30 03:31"
"Luki","601f8014af093300017fdb6c","男方鬆 - Mr. Nanfsong","6409beba17491edb5a32b684","6a93da91f5574cc1728d6234","2026-08-30 03:31"
"MANGER","6785046bef2c357f0bdfd387","miniura","650ff17b12259a4cd34bd829","6a93daeaf5574cc1728d62d5","2026-08-30 03:31"
"Kastries","67c9d3612160aecea9218f63","Bobby","6714750201023856a7e005a7","6a93da0c321b2b96aebf0d0e","2026-08-30 03:31"
"男方鬆 - Mr. Nanfsong","6409beba17491edb5a32b684","17","6028ad57f227ff0001b8b01e","6a93dc09f5574cc1728d64f2","2026-08-30 03:33"
"MANGER","6785046bef2c357f0bdfd387","chilemasterballking","64c4d20a8f7b73c424913e00","6a93dc1df5574cc1728d6524","2026-08-30 03:33"
"17","6028ad57f227ff0001b8b01e","男方鬆 - Mr. Nanfsong","6409beba17491edb5a32b684","6a93dcacf5574cc1728d6663","2026-08-30 03:34"
"Luki","601f8014af093300017fdb6c","Lene","5d52f64824ec173888d82b60","6a93dc33321b2b96aebf0fd9","2026-08-30 03:35"
"chilemasterballking","64c4d20a8f7b73c424913e00","MANGER","6785046bef2c357f0bdfd387","6a93dcb9f5574cc1728d667a","2026-08-30 03:36"
"M4RCU5","624f4f8e1b3c401d26551c9d","zzolek","69bd32fdc47c54049259c787","6a93db8df5574cc1728d63f5","2026-08-30 03:36"
"盲","63b6a120ed1bf0b1b513dfb8","庫柏的粉絲","66c30b304c12e063346d9148","6a93dbc3321b2b96aebf0f2b","2026-08-30 03:37"
"男方鬆 - Mr. Nanfsong","6409beba17491edb5a32b684","17","6028ad57f227ff0001b8b01e","6a93dcef70037071fd9371a3","2026-08-30 03:37"
"Kastries","67c9d3612160aecea9218f63","Tschapra","66b9c722770eb8e328a9c2fb","6a93dc8889301ec69345146e","2026-08-30 03:38"
"chilemasterballking","64c4d20a8f7b73c424913e00","MANGER","6785046bef2c357f0bdfd387","6a93dd6df5574cc1728d67d4","2026-08-30 03:40"
"Lene","5d52f64824ec173888d82b60","Luki","601f8014af093300017fdb6c","6a93dd12f5574cc1728d672a","2026-08-30 03:40"
"Herrjiell","6463ce1ce623a26f09da5866","Asteroid","69dbdc1efb7bdfcff7ddf99d","6a93dca2321b2b96aebf10c1","2026-08-30 03:41"
"17","6028ad57f227ff0001b8b01e","男方鬆 - Mr. Nanfsong","6409beba17491edb5a32b684","6a93dd9af5574cc1728d684a","2026-08-30 03:42"
"kalesalad","60c9cf146dac910001261659","庫柏的粉絲","66c30b304c12e063346d9148","6a93de1bf5574cc1728d6974","2026-08-30 03:43"
"庫柏的粉絲","66c30b304c12e063346d9148","Eddie","5695b1e1838cda1838015d4b","6a93def8321b2b96aebf1357","2026-08-30 03:45"
"Asteroid","69dbdc1efb7bdfcff7ddf99d","chilemasterballking","64c4d20a8f7b73c424913e00","6a93de77f5574cc1728d6a20","2026-08-30 03:46"
"MANGER","6785046bef2c357f0bdfd387","Luki","601f8014af093300017fdb6c","6a93de53f5574cc1728d69db","2026-08-30 03:46"
"盲","63b6a120ed1bf0b1b513dfb8","Aaryan22","657021f7412bfd95aad62550","6a93dd7cf5574cc1728d6803","2026-08-30 03:47"
"Luki","601f8014af093300017fdb6c","chilemasterballking","64c4d20a8f7b73c424913e00","6a93dfa889301ec693451791","2026-08-30 03:48"
"Asteroid","69dbdc1efb7bdfcff7ddf99d","Aaryan22","657021f7412bfd95aad62550","6a93dfe2f5574cc1728d6cd1","2026-08-30 03:49"
"男方鬆 - Mr. Nanfsong","6409beba17491edb5a32b684","17","6028ad57f227ff0001b8b01e","6a93deaff5574cc1728d6a7a","2026-08-30 03:49"
"kalesalad","60c9cf146dac910001261659","庫柏的粉絲","66c30b304c12e063346d9148","6a93df5df5574cc1728d6bd7","2026-08-30 03:50"
"Bankz","6632068e2d673f57895aa438","TheM1sty™","5b9ab06cbb9fdd32283b9eba","6a93dfbdf5574cc1728d6c8f","2026-08-30 03:50"
"M4RCU5","624f4f8e1b3c401d26551c9d","Kastries","67c9d3612160aecea9218f63","6a93de1af5574cc1728d6970","2026-08-30 03:51"
"I Am Adam","61c4c33c96f28e000171006f","Bothlose","67c9a0f97857aec18c6f2239","6a93de6d321b2b96aebf12be","2026-08-30 03:51"
"MANGER","6785046bef2c357f0bdfd387","Dasi","60646de64f3a8e00016fae55","6a93e0d5f5574cc1728d6ec2","2026-08-30 03:53"
"Leftist Leo 解放巴勒斯坦 🇵🇸 和","60d9c5536dac910001297d14","fatslump","603e28ef0297940001b93db1","6a93e012f5574cc1728d6d26","2026-08-30 03:53"
"Laatsch","60c62658b2f5d60001ed3efe","Magnus","679395e4205fcbaaa18ff360","6a93e060f5574cc1728d6dae","2026-08-30 03:54"
"eeeeeeeeeeee","658e9c0361137989504ec7ee","Aaryan22","657021f7412bfd95aad62550","6a93e065f5574cc1728d6db8","2026-08-30 03:55"
"chilemasterballking","64c4d20a8f7b73c424913e00","Luki","601f8014af093300017fdb6c","6a93e02af5574cc1728d6d4f","2026-08-30 03:55"
"17","6028ad57f227ff0001b8b01e","男方鬆 - Mr. Nanfsong","6409beba17491edb5a32b684","6a93e051f5574cc1728d6d94","2026-08-30 03:55"
"I Am Adam","61c4c33c96f28e000171006f","hackable07","69109232c464588799e7daf0","6a93e0f2f5574cc1728d6f16","2026-08-30 03:55"
"Asteroid","69dbdc1efb7bdfcff7ddf99d","盲","63b6a120ed1bf0b1b513dfb8","6a93e05df5574cc1728d6daa","2026-08-30 03:56"
".Uz","654a71f1a02b54c363802082","Clement","635c171d190621fb60d8bb08","6a93e09ff5574cc1728d6e42","2026-08-30 03:57"
"M4RCU5","624f4f8e1b3c401d26551c9d","Kastries","67c9d3612160aecea9218f63","6a93e0ebf5574cc1728d6f06","2026-08-30 03:57"
"mans not hot","6a68f0776670f9815653f016","Gotti5","67f8e4ab2c3d18c497b8ba48","6a93e00df5574cc1728d6d1f","2026-08-30 03:57"
"17","6028ad57f227ff0001b8b01e","Luki","601f8014af093300017fdb6c","6a93e1b389301ec693451a12","2026-08-30 03:58"
"男方鬆 - Mr. Nanfsong","6409beba17491edb5a32b684","chilemasterballking","64c4d20a8f7b73c424913e00","6a93e1f3f5574cc1728d7171","2026-08-30 03:59"
"Leftist Leo 解放巴勒斯坦 🇵🇸 和","60d9c5536dac910001297d14","fatslump","603e28ef0297940001b93db1","6a93e164f5574cc1728d702c","2026-08-30 03:59"
"wafflyss","6068a918d8694000010952a2","Herrjiell","6463ce1ce623a26f09da5866","6a93dfb9f5574cc1728d6c87","2026-08-30 04:00"
"庫柏的粉絲","66c30b304c12e063346d9148","kalesalad","60c9cf146dac910001261659","6a93e099f5574cc1728d6e38","2026-08-30 04:02"
"kstyko","5ead136297d6cf24a42b1ef4","Yareh","62726f8411308ea36554fa19","6a93e24bf5574cc1728d723a","2026-08-30 04:02"
"Aaryan22","657021f7412bfd95aad62550","盲","63b6a120ed1bf0b1b513dfb8","6a93e1e2f5574cc1728d7158","2026-08-30 04:04"
"eeeeeeeeeeee","658e9c0361137989504ec7ee","aguardiente","60ba2dec2056310001c27701","6a93e24ff5574cc1728d7247","2026-08-30 04:04"
"17","6028ad57f227ff0001b8b01e","Luki","601f8014af093300017fdb6c","6a93e29bf5574cc1728d72e7","2026-08-30 04:05"
"Kastries","67c9d3612160aecea9218f63","TheM1sty™","5b9ab06cbb9fdd32283b9eba","6a93e383f5574cc1728d74f4","2026-08-30 04:05"
"男方鬆 - Mr. Nanfsong","6409beba17491edb5a32b684","Leftist Leo 解放巴勒斯坦 🇵🇸 和","60d9c5536dac910001297d14","6a93e2c7321b2b96aebf17e5","2026-08-30 04:06"
"Laatsch","60c62658b2f5d60001ed3efe","Bankz","6632068e2d673f57895aa438","6a93e1cff5574cc1728d7123","2026-08-30 04:07"
"kstyko","5ead136297d6cf24a42b1ef4","男方鬆 - Mr. Nanfsong","6409beba17491edb5a32b684","6a93e479321b2b96aebf1a86","2026-08-30 04:08"
"17","6028ad57f227ff0001b8b01e","Dissonans","60e09234213b0600019d912e","6a93e422f5574cc1728d764e","2026-08-30 04:08"
"Leftist Leo 解放巴勒斯坦 🇵🇸 和","60d9c5536dac910001297d14","fatslump","603e28ef0297940001b93db1","6a93e43ef5574cc1728d7686","2026-08-30 04:08"
"Yareh","62726f8411308ea36554fa19","庫柏的粉絲","66c30b304c12e063346d9148","6a93e366f5574cc1728d7493","2026-08-30 04:09"
"男方鬆 - Mr. Nanfsong","6409beba17491edb5a32b684","kstyko","5ead136297d6cf24a42b1ef4","6a93e4bff5574cc1728d77a8","2026-08-30 04:11"
"kstyko","5ead136297d6cf24a42b1ef4","男方鬆 - Mr. Nanfsong","6409beba17491edb5a32b684","6a93e581321b2b96aebf1c03","2026-08-30 04:12"
"aguardiente","60ba2dec2056310001c27701","Aaryan22","657021f7412bfd95aad62550","6a93e405f5574cc1728d7619","2026-08-30 04:12"
"I Am Adam","61c4c33c96f28e000171006f","hackable07","69109232c464588799e7daf0","6a93e23489301ec693451ad5","2026-08-30 04:13"
"Herrjiell","6463ce1ce623a26f09da5866","Clement","635c171d190621fb60d8bb08","6a93e319321b2b96aebf1850","2026-08-30 04:14"
"Dissonans","60e09234213b0600019d912e","Yareh","62726f8411308ea36554fa19","6a93e56ef5574cc1728d7951","2026-08-30 04:14"
"盲","63b6a120ed1bf0b1b513dfb8","庫柏的粉絲","66c30b304c12e063346d9148","6a93e507f5574cc1728d7846","2026-08-30 04:16"
"kstyko","5ead136297d6cf24a42b1ef4","Eriko Hashimoto","6a35e9a0766da45cf34f631b","6a93e5d9f5574cc1728d7a1e","2026-08-30 04:17"
"Kastries","67c9d3612160aecea9218f63","Edqy","60a2893cb7d972000112fbf4","6a93e431321b2b96aebf1a2a","2026-08-30 04:17"
"庫柏的粉絲","66c30b304c12e063346d9148","男方鬆 - Mr. Nanfsong","6409beba17491edb5a32b684","6a93e69cf5574cc1728d7b99","2026-08-30 04:19"
"いぶりー ivly","6578df649b50a29c7d4112a0","Bankz","6632068e2d673f57895aa438","6a93e4b2f5574cc1728d7791","2026-08-30 04:19"
"Yareh","62726f8411308ea36554fa19","Aaryan22","657021f7412bfd95aad62550","6a93e61ff5574cc1728d7aa6","2026-08-30 04:20"
"Eriko Hashimoto","6a35e9a0766da45cf34f631b","kstyko","5ead136297d6cf24a42b1ef4","6a93e6d9f5574cc1728d7c22","2026-08-30 04:20"
"qqfr","695f4575cc12ff508343057a","BenNY_the_27","6064fc3f12c7b700012d0167","6a93e529d479411664870ad0","2026-08-30 04:21"
".Dexter Morgan","66a8ba1fe626c7340b49ccd9","Pasord","6669c659ca16186b5a3dbc35","6a931d54e34fe056d00e677b","2026-08-30 04:22"
"Eriko Hashimoto","6a35e9a0766da45cf34f631b","男方鬆 - Mr. Nanfsong","6409beba17491edb5a32b684","6a93e78e321b2b96aebf1ee4","2026-08-30 04:22"
"Kastries","67c9d3612160aecea9218f63","Edqy","60a2893cb7d972000112fbf4","6a93e6e4321b2b96aebf1e20","2026-08-30 04:22"
"庫柏的粉絲","66c30b304c12e063346d9148","sebastian","667d87ca8401bca3fee14649","6a93e78ff5574cc1728d7dbd","2026-08-30 04:24"
"Dumby The Wizard","62d3d7745f2d61d4ee64cca9","Bankz","6632068e2d673f57895aa438","6a93e768f5574cc1728d7d70","2026-08-30 04:25"
"Eriko Hashimoto","6a35e9a0766da45cf34f631b","男方鬆 - Mr. Nanfsong","6409beba17491edb5a32b684","6a93e80bf5574cc1728d7ec7","2026-08-30 04:26"
"whueu-abi","694060fd0b5941c5cbe18cbf","庫柏的粉絲","66c30b304c12e063346d9148","6a93e884f5574cc1728d7fd7","2026-08-30 04:27"
"whueu-abi","694060fd0b5941c5cbe18cbf","庫柏的粉絲","66c30b304c12e063346d9148","6a93e884f5574cc1728d7fd7","2026-08-30 04:27"
"ssylffaw","621b1d615eafd3000177d292","I Am Adam","61c4c33c96f28e000171006f","6a93e60dd479411664870c05","2026-08-30 04:27"
"庫柏的粉絲","66c30b304c12e063346d9148","Eriko Hashimoto","6a35e9a0766da45cf34f631b","6a93e966321b2b96aebf2153","2026-08-30 04:29"
"Venux","601d72df848235000143965e","男方鬆 - Mr. Nanfsong","6409beba17491edb5a32b684","6a93e907321b2b96aebf20ec","2026-08-30 04:29"
"Organisasi Papua Memancing","69995b419e128ba90d15bd67","Mimii_","699711a6047cff743822aac4","6a93e89b321b2b96aebf2073","2026-08-30 04:29"
"庫柏的粉絲","66c30b304c12e063346d9148","Eriko Hashimoto","6a35e9a0766da45cf34f631b","6a93e9a3d47941166487105e","2026-08-30 04:30"
"Anu","5eae84426ea510842c0ed215","Herrjiell","6463ce1ce623a26f09da5866","6a93e6d989301ec6934520a0","2026-08-30 04:31"
"Clement","635c171d190621fb60d8bb08","sebastian","667d87ca8401bca3fee14649","6a93e8ec89301ec693452378","2026-08-30 04:32"
"Aaryan22","657021f7412bfd95aad62550","fatslump","603e28ef0297940001b93db1","6a93e813f5574cc1728d7edc","2026-08-30 04:32"
"庫柏的粉絲","66c30b304c12e063346d9148","Salem","63af4615494c2bc27e4a2f31","6a93e9e1f5574cc1728d82e7","2026-08-30 04:33"
"Mimii_","699711a6047cff743822aac4","男方鬆 - Mr. Nanfsong","6409beba17491edb5a32b684","6a93e9d3f5574cc1728d82c1","2026-08-30 04:33"
"Blumeq","61223629224b8a0001020f04","Bankz","6632068e2d673f57895aa438","6a93e8bff5574cc1728d8068","2026-08-30 04:33"
"Eriko Hashimoto","6a35e9a0766da45cf34f631b","UNWRITTENCAT","659b1e04a83479f364f5ae61","6a93ea0ef5574cc1728d8350","2026-08-30 04:34"
"Venux","601d72df848235000143965e","TheM1sty™","5b9ab06cbb9fdd32283b9eba","6a93ea62d47941166487117f","2026-08-30 04:34"
"盲","63b6a120ed1bf0b1b513dfb8","いぶりー ivly","6578df649b50a29c7d4112a0","6a93e971f5574cc1728d81d5","2026-08-30 04:35"
"escape the geoguessr psyop","68715fc7cc56afc2e1e84ce2","Kazuyanpi15","62f98280984cca8f85927223","6a93ea47f5574cc1728d83c0","2026-08-30 04:35"
"Salem","63af4615494c2bc27e4a2f31","sebastian","667d87ca8401bca3fee14649","6a93ea97f5574cc1728d8488","2026-08-30 04:36"
"Tjay","5ffcdd1cd5a65b0001e4713b","DavZ","5ea732ae8734a04c781d929e","6a93e644321b2b96aebf1d23","2026-08-30 04:36"
"Eriko Hashimoto","6a35e9a0766da45cf34f631b","UNWRITTENCAT","659b1e04a83479f364f5ae61","6a93eae0f5574cc1728d851c","2026-08-30 04:36"
"Lene","5d52f64824ec173888d82b60","BenNY_the_27","6064fc3f12c7b700012d0167","6a93e862f5574cc1728d7f81","2026-08-30 04:36"
"Julian","5a8eb2d498cc2c6744a88ce4","Aaryan22","657021f7412bfd95aad62550","6a93ea6ff5574cc1728d8427","2026-08-30 04:37"
"pisanico","5e59788312777c09acb5f77f","Moritz","604e275b66c3940001ee30ed","6a93e9caf5574cc1728d82a6","2026-08-30 04:37"
"Eriko Hashimoto","6a35e9a0766da45cf34f631b","sebastian","667d87ca8401bca3fee14649","6a93eb77f5574cc1728d865e","2026-08-30 04:39"
"男方鬆 - Mr. Nanfsong","6409beba17491edb5a32b684","Mimii_","699711a6047cff743822aac4","6a93eaad321b2b96aebf2326","2026-08-30 04:39"
"Venux","601d72df848235000143965e","TheM1sty™","5b9ab06cbb9fdd32283b9eba","6a93eb02f5574cc1728d856f","2026-08-30 04:39"
"Voro","5a8f1e5d98cc2c6744a8a135","Kazuyanpi15","62f98280984cca8f85927223","6a93eb0cf5574cc1728d8583","2026-08-30 04:39"
"UNWRITTENCAT","659b1e04a83479f364f5ae61","escape the geoguessr psyop","68715fc7cc56afc2e1e84ce2","6a93eb58f5574cc1728d861e","2026-08-30 04:40"
"fatslump","603e28ef0297940001b93db1","Organisasi Papua Memancing","69995b419e128ba90d15bd67","6a93eb63f5574cc1728d8635","2026-08-30 04:40"
"Anu","5eae84426ea510842c0ed215","Herrjiell","6463ce1ce623a26f09da5866","6a93ea27f5574cc1728d838a","2026-08-30 04:41"
"Rinka","66ef015a0d51fac29bcc68a8","Davido","60b3bf820390be00015ed409","6a93ebeef5574cc1728d8746","2026-08-30 04:41"
"Venux","601d72df848235000143965e","Dasi","60646de64f3a8e00016fae55","6a93ebf489301ec693452785","2026-08-30 04:41"
"Eriko Hashimoto","6a35e9a0766da45cf34f631b","sebastian","667d87ca8401bca3fee14649","6a93ec3ed479411664871399","2026-08-30 04:42"
"UNWRITTENCAT","659b1e04a83479f364f5ae61","男方鬆 - Mr. Nanfsong","6409beba17491edb5a32b684","6a93ec5989301ec693452803","2026-08-30 04:42"
"Jayden","61f149e3c24ced00015b4777","Bankz","6632068e2d673f57895aa438","6a93eae8321b2b96aebf236f","2026-08-30 04:42"
"A Balanced HKGeoguessr","652b9174712620f1edcadac8","Knuefi","686f418b1d20bac2bc99c10f","6a93eaf4f5574cc1728d853c","2026-08-30 04:43"
"Julian","5a8eb2d498cc2c6744a88ce4","Aaryan22","657021f7412bfd95aad62550","6a93eb85d4794116648712ba","2026-08-30 04:44"
"Venux","601d72df848235000143965e","Rinka","66ef015a0d51fac29bcc68a8","6a93ecaaf5574cc1728d8905","2026-08-30 04:44"
"Salem","63af4615494c2bc27e4a2f31","Clement","635c171d190621fb60d8bb08","6a93ebd7321b2b96aebf24ae","2026-08-30 04:45"
"UNWRITTENCAT","659b1e04a83479f364f5ae61","男方鬆 - Mr. Nanfsong","6409beba17491edb5a32b684","6a93ecd7f5574cc1728d896d","2026-08-30 04:45"
"Jayden","61f149e3c24ced00015b4777","Davido","60b3bf820390be00015ed409","6a93ecc5f5574cc1728d8942","2026-08-30 04:45"
"Yareh","62726f8411308ea36554fa19","盲","63b6a120ed1bf0b1b513dfb8","6a93ec27f5574cc1728d87d4","2026-08-30 04:46"
"SIM","5ed11a2b282ad28b94fe9b42","I Am Adam","61c4c33c96f28e000171006f","6a93e92cf5574cc1728d813e","2026-08-30 04:46"
"Mimii_","699711a6047cff743822aac4","Moritz","604e275b66c3940001ee30ed","6a93ebf8f5574cc1728d8766","2026-08-30 04:48"
"Kraim","655c88001a146e82ab9593a5","fatslump","603e28ef0297940001b93db1","6a93ec6c321b2b96aebf257d","2026-08-30 04:48"
"Herrjiell","6463ce1ce623a26f09da5866","Salem","63af4615494c2bc27e4a2f31","6a93ed69f5574cc1728d8ab4","2026-08-30 04:49"
"Frixy","5fe0f461f3881a0001805646","Davido","60b3bf820390be00015ed409","6a93ede3f5574cc1728d8ba5","2026-08-30 04:49"
"男方鬆 - Mr. Nanfsong","6409beba17491edb5a32b684","UNWRITTENCAT","659b1e04a83479f364f5ae61","6a93ed8af5574cc1728d8afb","2026-08-30 04:49"
"DavZ","5ea732ae8734a04c781d929e","Lene","5d52f64824ec173888d82b60","6a93eba1f5574cc1728d86a8","2026-08-30 04:50"
"Jayden","61f149e3c24ced00015b4777","exegi momentum","5f906300b00b570001274e55","6a93ed7bf5574cc1728d8ade","2026-08-30 04:50"
"Dan YAile","60ef0697612a5400012c89a3","Aaryan22","657021f7412bfd95aad62550","6a93edaef5574cc1728d8b35","2026-08-30 04:51"
"Clement","635c171d190621fb60d8bb08","sebastian","667d87ca8401bca3fee14649","6a93ee6cf5574cc1728d8ccb","2026-08-30 04:52"
"UNWRITTENCAT","659b1e04a83479f364f5ae61","Frixy","5fe0f461f3881a0001805646","6a93ee7ef5574cc1728d8ced","2026-08-30 04:52"
"I Am Adam","61c4c33c96f28e000171006f","hackable07","69109232c464588799e7daf0","6a93edc889301ec693452993","2026-08-30 04:53"
"Yareh","62726f8411308ea36554fa19","kalesalad","60c9cf146dac910001261659","6a93ede1321b2b96aebf2763","2026-08-30 04:54"
"exegi momentum","5f906300b00b570001274e55","Davido","60b3bf820390be00015ed409","6a93ee8f321b2b96aebf2819","2026-08-30 04:54"
"Jayden","61f149e3c24ced00015b4777","男方鬆 - Mr. Nanfsong","6409beba17491edb5a32b684","6a93ee8d321b2b96aebf2814","2026-08-30 04:54"
"Kraim","655c88001a146e82ab9593a5","fatslump","603e28ef0297940001b93db1","6a93ee3cf5574cc1728d8c61","2026-08-30 04:54"
"Mimii_","699711a6047cff743822aac4","Moritz","604e275b66c3940001ee30ed","6a93ee30f5574cc1728d8c46","2026-08-30 04:55"
"Salem","63af4615494c2bc27e4a2f31","Dan YAile","60ef0697612a5400012c89a3","6a93eec8f5574cc1728d8d90","2026-08-30 04:56"
"DavZ","5ea732ae8734a04c781d929e","Lene","5d52f64824ec173888d82b60","6a93eebcf5574cc1728d8d77","2026-08-30 04:56"
"UNWRITTENCAT","659b1e04a83479f364f5ae61","Frixy","5fe0f461f3881a0001805646","6a93ef11f5574cc1728d8e3d","2026-08-30 04:56"
"Lurkki","673dfa9f10797c20bc6721e9","Overlord","69b43de1040ac18e740a342f","6a93ef66d479411664871742","2026-08-30 04:57"
"Organisasi Papua Memancing","69995b419e128ba90d15bd67","miniura","650ff17b12259a4cd34bd829","6a93ef6b321b2b96aebf294f","2026-08-30 04:57"
"Aaryan22","657021f7412bfd95aad62550","Aunt Arctica","65a994ec6d7b89979c428a3c","6a93eed2f5574cc1728d8da7","2026-08-30 04:58"
"Dan YAile","60ef0697612a5400012c89a3","Julian","5a8eb2d498cc2c6744a88ce4","6a93f021f5574cc1728d90ab","2026-08-30 04:59"
"Davido","60b3bf820390be00015ed409","Mimii_","699711a6047cff743822aac4","6a93efc6f5574cc1728d8fe7","2026-08-30 04:59"
"男方鬆 - Mr. Nanfsong","6409beba17491edb5a32b684","exegi momentum","5f906300b00b570001274e55","6a93ef81d479411664871755","2026-08-30 04:59"
"Moritz","604e275b66c3940001ee30ed","Moussa","63f298b8251569d36d50155b","6a93efdb321b2b96aebf29ef","2026-08-30 04:59"
"M4RCU5","624f4f8e1b3c401d26551c9d","Jayden","61f149e3c24ced00015b4777","6a93ef86f5574cc1728d8f2f","2026-08-30 05:01"
"DavZ","5ea732ae8734a04c781d929e","Lene","5d52f64824ec173888d82b60","6a93f024f5574cc1728d90b1","2026-08-30 05:02"
"Frixy","5fe0f461f3881a0001805646","cozy","5eee1ae86a7c6a4edc0f7f94","6a93f026f5574cc1728d90b7","2026-08-30 05:02"
"I Am Adam","61c4c33c96f28e000171006f","BenNY_the_27","6064fc3f12c7b700012d0167","6a93ef54f5574cc1728d8ed3","2026-08-30 05:02"
"Organisasi Papua Memancing","69995b419e128ba90d15bd67","EMMA","63945c3c7d1041ac615dbc92","6a93f07d321b2b96aebf2aad","2026-08-30 05:02"
"Clement","635c171d190621fb60d8bb08","Salem","63af4615494c2bc27e4a2f31","6a93f06089301ec693452c89","2026-08-30 05:03"
"男方鬆 - Mr. Nanfsong","6409beba17491edb5a32b684","exegi momentum","5f906300b00b570001274e55","6a93f0bcd4794116648718c2","2026-08-30 05:03"
"Lene","5d52f64824ec173888d82b60","男方鬆 - Mr. Nanfsong","6409beba17491edb5a32b684","6a93f19df5574cc1728d9432","2026-08-30 05:04"
"Dan YAile","60ef0697612a5400012c89a3","Julian","5a8eb2d498cc2c6744a88ce4","6a93f0c5f5574cc1728d9204","2026-08-30 05:05"
"Moritz","604e275b66c3940001ee30ed","GCU","69f74f7bd9284e0db0e2a65c","6a93f0d4f5574cc1728d921e","2026-08-30 05:06"
"M0vER2cK","6a3980146e586fb5631aa45a","VelvetWaltz","678f6de583089b130474094d","6a93f13ff5574cc1728d933a","2026-08-30 05:06"
"Geomalick","61fd64f28c0f8100014ebf0b","exegi momentum","5f906300b00b570001274e55","6a93f1f5f5574cc1728d9510","2026-08-30 05:07"
"Venux","601d72df848235000143965e","Jayden","61f149e3c24ced00015b4777","6a93f150f5574cc1728d9374","2026-08-30 05:07"
"Aunt Arctica","65a994ec6d7b89979c428a3c","Overlord","69b43de1040ac18e740a342f","6a93f0b3f5574cc1728d91e8","2026-08-30 05:07"
"Salem","63af4615494c2bc27e4a2f31","Geomalick","61fd64f28c0f8100014ebf0b","6a93f1b6f5574cc1728d9477","2026-08-30 05:08"
"Dan YAile","60ef0697612a5400012c89a3","男方鬆 - Mr. Nanfsong","6409beba17491edb5a32b684","6a93f24d89301ec693452f09","2026-08-30 05:08"
"M4RCU5","624f4f8e1b3c401d26551c9d","martiiin___","5e8366f03730753efc33ec0c","6a93f14370037071fd93884c","2026-08-30 05:08"
"KOSTIUSHKA (GwinGlade's Son)","67a0a342b159c1528ecc5eba","Dragon","6046b8d109c0f6000137ee5d","6a93f28289301ec693452f4c","2026-08-30 05:08"
"Dan YAile","60ef0697612a5400012c89a3","Geomalick","61fd64f28c0f8100014ebf0b","6a93f2cdf5574cc1728d9709","2026-08-30 05:09"
"Lene","5d52f64824ec173888d82b60","fatslump","603e28ef0297940001b93db1","6a93f21af5574cc1728d9569","2026-08-30 05:10"
"exegi momentum","5f906300b00b570001274e55","男方鬆 - Mr. Nanfsong","6409beba17491edb5a32b684","6a93f2c8f5574cc1728d96fd","2026-08-30 05:11"
"Genziara","62e033ce217ecdfb2101edf8","fishyy","5f21225bac988f00018aff93","6a93f346f5574cc1728d980b","2026-08-30 05:12"
"Frixy","5fe0f461f3881a0001805646","Blumeq","61223629224b8a0001020f04","6a93f19789301ec693452dfc","2026-08-30 05:12"
"Moritz","604e275b66c3940001ee30ed","M4RCU5","624f4f8e1b3c401d26551c9d","6a93f2eef5574cc1728d9743","2026-08-30 05:13"
"男方鬆 - Mr. Nanfsong","6409beba17491edb5a32b684","exegi momentum","5f906300b00b570001274e55","6a93f387f5574cc1728d98a7","2026-08-30 05:13"
"Geomalick","61fd64f28c0f8100014ebf0b","Salem","63af4615494c2bc27e4a2f31","6a93f2f4f5574cc1728d974c","2026-08-30 05:14"
"8u","5e8e59292ad6cf212829d2bb","Anna","611760155078c2000158aa4b","6a93f359f5574cc1728d9836","2026-08-30 05:14"
"Genziara","62e033ce217ecdfb2101edf8","fishyy","5f21225bac988f00018aff93","6a93f3e7f5574cc1728d998f","2026-08-30 05:16"
"Lene","5d52f64824ec173888d82b60","Timbo","6352c05ddc57c324dba7d12f","6a93f38af5574cc1728d98af","2026-08-30 05:16"
"Febelebix","665455cf5e66bafaa201030f","Alfred","5c5171d33d925b4af4b9bcbc","6a93efa9f5574cc1728d8f8b","2026-08-30 05:17"
"Lillysbruder","6471c2e45410e20734aedca1","DavZ","5ea732ae8734a04c781d929e","6a93f1df321b2b96aebf2ca5","2026-08-30 05:17"
"exegi momentum","5f906300b00b570001274e55","男方鬆 - Mr. Nanfsong","6409beba17491edb5a32b684","6a93f41ef5574cc1728d9a06","2026-08-30 05:17"
"Clement","635c171d190621fb60d8bb08","1k","5e1baa352034a083c05674a7","6a93f1d8f5574cc1728d94c1","2026-08-30 05:18"
"martiiin___","5e8366f03730753efc33ec0c","Dumby The Wizard","62d3d7745f2d61d4ee64cca9","6a93f2dbf5574cc1728d971d","2026-08-30 05:18"
"Venux","601d72df848235000143965e","NorthKoreaEnjoyer","6a5776b9557fa0b8070897d7","6a93f4c489301ec693453284","2026-08-30 05:18"
"Genziara","62e033ce217ecdfb2101edf8","fishyy","5f21225bac988f00018aff93","6a93f4cd321b2b96aebf30ac","2026-08-30 05:19"
"男方鬆 - Mr. Nanfsong","6409beba17491edb5a32b684","exegi momentum","5f906300b00b570001274e55","6a93f502f5574cc1728d9c5d","2026-08-30 05:19"
"RheinGeo (RHG)","61f983ae89e0610001619fa0","ThomasThTrain","5fdcf2d89f206900016dc4d2","6a93f49df5574cc1728d9b41","2026-08-30 05:19"
"Frixy","5fe0f461f3881a0001805646","Moritz","604e275b66c3940001ee30ed","6a93f41070037071fd938b7b","2026-08-30 05:20"
"cozy","5eee1ae86a7c6a4edc0f7f94","Aunt Arctica","65a994ec6d7b89979c428a3c","6a93f327321b2b96aebf2e60","2026-08-30 05:21"
"fishyy","5f21225bac988f00018aff93","Frixy","5fe0f461f3881a0001805646","6a93f5a3f5574cc1728d9de8","2026-08-30 05:23"
"Clement","635c171d190621fb60d8bb08","1k","5e1baa352034a083c05674a7","6a93f575f5574cc1728d9d6a","2026-08-30 05:24"
"DavZ","5ea732ae8734a04c781d929e","Timbo","6352c05ddc57c324dba7d12f","6a93f54cf5574cc1728d9d11","2026-08-30 05:24"
"Peter Dictator","684c775aeb78c494d9ee6b7a","Dumby The Wizard","62d3d7745f2d61d4ee64cca9","6a93f52b321b2b96aebf315d","2026-08-30 05:24"
"RheinGeo (RHG)","61f983ae89e0610001619fa0","男方鬆 - Mr. Nanfsong","6409beba17491edb5a32b684","6a93f5a270037071fd938dc4","2026-08-30 05:24"
"exegi momentum","5f906300b00b570001274e55","Venux","601d72df848235000143965e","6a93f583321b2b96aebf31ef","2026-08-30 05:25"
"NorthKoreaEnjoyer","6a5776b9557fa0b8070897d7","Overlord","69b43de1040ac18e740a342f","6a93f547f5574cc1728d9d06","2026-08-30 05:25"
"Frixy","5fe0f461f3881a0001805646","fishyy","5f21225bac988f00018aff93","6a93f693321b2b96aebf33b8","2026-08-30 05:26"
"M A D A R A","680ebd4ab8187db80148ff47","સિલુસ્ટરબુસ્ટર","65a298676d25e3f9160d193d","6a93f629f5574cc1728d9f60","2026-08-30 05:26"
"Genziara","62e033ce217ecdfb2101edf8","Lubec","5e974c906ea510372c1e444a","6a93f5f2d479411664871f83","2026-08-30 05:28"
"Lene","5d52f64824ec173888d82b60","Alfred","5c5171d33d925b4af4b9bcbc","6a93f4e7f5574cc1728d9c0a","2026-08-30 05:28"
"BenNY_the_27","6064fc3f12c7b700012d0167","saskei","58d51db427c28b63a447940f","6a93f44bf5574cc1728d9a7a","2026-08-30 05:28"
"Julian","5a8eb2d498cc2c6744a88ce4","Zion","643a327c90664def4616d9e7","6a93f640d479411664871fdf","2026-08-30 05:29"
"exegi momentum","5f906300b00b570001274e55","男方鬆 - Mr. Nanfsong","6409beba17491edb5a32b684","6a93f6d0f5574cc1728da15f","2026-08-30 05:29"
"Frixy","5fe0f461f3881a0001805646","Aunt Arctica","65a994ec6d7b89979c428a3c","6a93f718f5574cc1728da211","2026-08-30 05:30"
"DavZ","5ea732ae8734a04c781d929e","Tudelzzz","6549fc9cf755320e28e30de7","6a93f6bbf5574cc1728da10d","2026-08-30 05:31"
"exegi momentum","5f906300b00b570001274e55","男方鬆 - Mr. Nanfsong","6409beba17491edb5a32b684","6a93f7e3f5574cc1728da3d2","2026-08-30 05:32"
"Venux","601d72df848235000143965e","RheinGeo (RHG)","61f983ae89e0610001619fa0","6a93f828f5574cc1728da49f","2026-08-30 05:32"
"Genziara","62e033ce217ecdfb2101edf8","Lubec","5e974c906ea510372c1e444a","6a93f79fd479411664872179","2026-08-30 05:33"
"Timbo","6352c05ddc57c324dba7d12f","NorthKoreaEnjoyer","6a5776b9557fa0b8070897d7","6a93f701d4794116648720e1","2026-08-30 05:33"
"ましろ","60622a237c864a00019b5334","Aunt Arctica","65a994ec6d7b89979c428a3c","6a93f80f321b2b96aebf3598","2026-08-30 05:34"
"男方鬆 - Mr. Nanfsong","6409beba17491edb5a32b684","exegi momentum","5f906300b00b570001274e55","6a93f88d321b2b96aebf3641","2026-08-30 05:34"
"Moritz","604e275b66c3940001ee30ed","M A D A R A","680ebd4ab8187db80148ff47","6a93f8aaf5574cc1728da5e4","2026-08-30 05:35"
"ozkan","62a1e722414905da78b0aee9","teddy bear","66f081f2bf4b230a2fcb970c","6a93f861321b2b96aebf3609","2026-08-30 05:36"
"Frixy","5fe0f461f3881a0001805646","fishyy","5f21225bac988f00018aff93","6a93f7fff5574cc1728da414","2026-08-30 05:36"
"fishyy","5f21225bac988f00018aff93","cocomelon123","5ffc1edc415d4d00016642d7","6a93f956f5574cc1728da7f1","2026-08-30 05:38"
"Clement","635c171d190621fb60d8bb08","1k","5e1baa352034a083c05674a7","6a93f67f321b2b96aebf338a","2026-08-30 05:39"
"Genziara","62e033ce217ecdfb2101edf8","Lubec","5e974c906ea510372c1e444a","6a93f8c189301ec69345383a","2026-08-30 05:39"
"exegi momentum","5f906300b00b570001274e55","男方鬆 - Mr. Nanfsong","6409beba17491edb5a32b684","6a93f8d9f5574cc1728da67e","2026-08-30 05:39"
"LayBay","5f29802d3ae4f70001339734","ましろ","60622a237c864a00019b5334","6a93f95af5574cc1728da7fc","2026-08-30 05:39"
"NorthKoreaEnjoyer","6a5776b9557fa0b8070897d7","Venux","601d72df848235000143965e","6a93f8cff5574cc1728da66a","2026-08-30 05:39"
"Zion","643a327c90664def4616d9e7","Hosuja","5b7cfb7b602b2e3a94fbb968","6a93f8d9f5574cc1728da67d","2026-08-30 05:40"
"RheinGeo (RHG)","61f983ae89e0610001619fa0","miniura","650ff17b12259a4cd34bd829","6a93f893f5574cc1728da59f","2026-08-30 05:40"
"Julian","5a8eb2d498cc2c6744a88ce4","[TNT] TreezErik","5d46fa671d34a0315c268ad0","6a93f86ef5574cc1728da54a","2026-08-30 05:41"
"fishyy","5f21225bac988f00018aff93","teddy bear","66f081f2bf4b230a2fcb970c","6a93f9c9f5574cc1728da90b","2026-08-30 05:41"
"cocomelon123","5ffc1edc415d4d00016642d7","Venux","601d72df848235000143965e","6a93fa06f5574cc1728da99c","2026-08-30 05:41"
"Michal Kučinka","5e823590b3ec177f0c7cf5bd","Frixy","5fe0f461f3881a0001805646","6a93f954f5574cc1728da7ed","2026-08-30 05:41"
"M A D A R A","680ebd4ab8187db80148ff47","GeoNestor","5a0761e672d16b933871e7a1","6a93f97af5574cc1728da839","2026-08-30 05:42"
"Tudelzzz","6549fc9cf755320e28e30de7","Timbo","6352c05ddc57c324dba7d12f","6a93f906f5574cc1728da723","2026-08-30 05:43"
"ましろ","60622a237c864a00019b5334","男方鬆 - Mr. Nanfsong","6409beba17491edb5a32b684","6a93fa08f5574cc1728da99f","2026-08-30 05:43"
"BenNY_the_27","6064fc3f12c7b700012d0167","RuralQuay427","67afb8f9170e41f8f611a20a","6a93f7e2321b2b96aebf3559","2026-08-30 05:43"
"oiva","69144f05b078f459481f7a67","Genziara","62e033ce217ecdfb2101edf8","6a93fa15f5574cc1728da9c0","2026-08-30 05:44"
"Lubec","5e974c906ea510372c1e444a","Hosuja","5b7cfb7b602b2e3a94fbb968","6a93fa5ff5574cc1728daa60","2026-08-30 05:44"
"Moritz","604e275b66c3940001ee30ed","Aunt Arctica","65a994ec6d7b89979c428a3c","6a93f93bf5574cc1728da7aa","2026-08-30 05:44"
"Spinner2k","6222449c68dc010001609860","Rapanui","56b34d54f0f54423887879e3","6a93f95bf5574cc1728da800","2026-08-30 05:44"
"teddy bear","66f081f2bf4b230a2fcb970c","exegi momentum","5f906300b00b570001274e55","6a93fa82f5574cc1728daacd","2026-08-30 05:45"
"ましろ","60622a237c864a00019b5334","Venux","601d72df848235000143965e","6a93fb1df5574cc1728dac09","2026-08-30 05:45"
"chupilique","5da783d6d0d2a46f6cc8ec25","aruz","627395ffc667d8f326302e0e","6a93faae89301ec693453aed","2026-08-30 05:45"
"teddy bear","66f081f2bf4b230a2fcb970c","fishyy","5f21225bac988f00018aff93","6a93fa8c321b2b96aebf38e7","2026-08-30 05:46"
"DavZ","5ea732ae8734a04c781d929e","Tjay","5ffcdd1cd5a65b0001e4713b","6a93f844f5574cc1728da4d6","2026-08-30 05:47"
"男方鬆 - Mr. Nanfsong","6409beba17491edb5a32b684","Frixy","5fe0f461f3881a0001805646","6a93fb3289301ec693453b73","2026-08-30 05:47"
"Aunt Arctica","65a994ec6d7b89979c428a3c","Kastries","67c9d3612160aecea9218f63","6a93fb4b321b2b96aebf39c5","2026-08-30 05:47"
"Michal Kučinka","5e823590b3ec177f0c7cf5bd","cocomelon123","5ffc1edc415d4d00016642d7","6a93fab6f5574cc1728dab34","2026-08-30 05:48"
"NorthKoreaEnjoyer","6a5776b9557fa0b8070897d7","સિલુસ્ટરબુસ્ટર","65a298676d25e3f9160d193d","6a93fa13321b2b96aebf385a","2026-08-30 05:48"
"1k","5e1baa352034a083c05674a7","Clement","635c171d190621fb60d8bb08","6a93faae89301ec693453aeb","2026-08-30 05:49"
"Genziara","62e033ce217ecdfb2101edf8","Lubec","5e974c906ea510372c1e444a","6a93fb43f5574cc1728dac52","2026-08-30 05:49"
"fishyy","5f21225bac988f00018aff93","teddy bear","66f081f2bf4b230a2fcb970c","6a93fbaaf5574cc1728dad45","2026-08-30 05:49"
"Ritchie","5ff84d182c4df40001592f85","男方鬆 - Mr. Nanfsong","6409beba17491edb5a32b684","6a93fc11321b2b96aebf3b06","2026-08-30 05:49"
"M A D A R A","680ebd4ab8187db80148ff47","GeoNestor","5a0761e672d16b933871e7a1","6a93faf6f5574cc1728dabc2","2026-08-30 05:49"
"chupilique","5da783d6d0d2a46f6cc8ec25","aruz","627395ffc667d8f326302e0e","6a93fba3f5574cc1728dad38","2026-08-30 05:49"
"ましろ","60622a237c864a00019b5334","exegi momentum","5f906300b00b570001274e55","6a93fb9df5574cc1728dad1e","2026-08-30 05:50"
"LayBay","5f29802d3ae4f70001339734","Venux","601d72df848235000143965e","6a93fbb789301ec693453c28","2026-08-30 05:50"
"teddy bear","66f081f2bf4b230a2fcb970c","fishyy","5f21225bac988f00018aff93","6a93fc9af5574cc1728dafb5","2026-08-30 05:51"
"Alfred","5c5171d33d925b4af4b9bcbc","Lene","5d52f64824ec173888d82b60","6a93f79df5574cc1728da332","2026-08-30 05:51"
"Anna","611760155078c2000158aa4b","Wndntt","67607c5f15734408543abb64","6a93fc82f5574cc1728daf80","2026-08-30 05:51"
"121 MeriDian E","66c0479c515ebf2ff7a660b5","persimmonsukip","6809563cae64cffc1988e9fe","6a93fa49f5574cc1728daa33","2026-08-30 05:51"
"Hosuja","5b7cfb7b602b2e3a94fbb968","Moritz","604e275b66c3940001ee30ed","6a93fb47d479411664872645","2026-08-30 05:52"
"Frixy","5fe0f461f3881a0001805646","Kastries","67c9d3612160aecea9218f63","6a93fc12f5574cc1728dae2b","2026-08-30 05:52"
"[TNT] TreezErik","5d46fa671d34a0315c268ad0","Genziara","62e033ce217ecdfb2101edf8","6a93fc81f5574cc1728daf7d","2026-08-30 05:53"
"aguardiente","60ba2dec2056310001c27701","cocomelon123","5ffc1edc415d4d00016642d7","6a93fc33321b2b96aebf3b38","2026-08-30 05:54"
"男方鬆 - Mr. Nanfsong","6409beba17491edb5a32b684","Aunt Arctica","65a994ec6d7b89979c428a3c","6a93fc74f5574cc1728daf54","2026-08-30 05:54"
"fishyy","5f21225bac988f00018aff93","teddy bear","66f081f2bf4b230a2fcb970c","6a93fcf3f5574cc1728db0ac","2026-08-30 05:55"
"exegi momentum","5f906300b00b570001274e55","Ritchie","5ff84d182c4df40001592f85","6a93fcd2321b2b96aebf3c17","2026-08-30 05:56"
"Venux","601d72df848235000143965e","AntoinesDaddy","6a641d7856634604f5183b2e","6a93fd2ff5574cc1728db12a","2026-08-30 05:56"
"chupilique","5da783d6d0d2a46f6cc8ec25","Sable-kun","6184108615e193000139463d","6a93fca5f5574cc1728dafcc","2026-08-30 05:56"
"arkst5711","653e2552c65b2ec04be90d7e","Frixy","5fe0f461f3881a0001805646","6a93fd4947799b7f566b4cd0","2026-08-30 05:57"
"M A D A R A","680ebd4ab8187db80148ff47","GeoNestor","5a0761e672d16b933871e7a1","6a93fccbf5574cc1728db035","2026-08-30 05:57"
"Waluuuuuuu","6380cc417b431c1eece4916c","Lubec","5e974c906ea510372c1e444a","6a93fd1af5574cc1728db0fb","2026-08-30 05:58"
"LayBay","5f29802d3ae4f70001339734","Ringo (chatbanned)","6046c8a097019400018ea4cf","6a93fd6547799b7f566b4cf9","2026-08-30 05:58"
"Aunt Arctica","65a994ec6d7b89979c428a3c","MexHD","59725536f8017993f0ee10a2","6a93fd9f47799b7f566b4d89","2026-08-30 05:58"
"Frixy","5fe0f461f3881a0001805646","鳴神","5e6434058fd6cf50f886fb99","6a93fe6147799b7f566b4f3f","2026-08-30 05:59"
"Anna","611760155078c2000158aa4b","NorthKoreaEnjoyer","6a5776b9557fa0b8070897d7","6a93fe3b47799b7f566b4ef0","2026-08-30 06:00"
"Kastries","67c9d3612160aecea9218f63","Wndntt","67607c5f15734408543abb64","6a93fd16f5574cc1728db0f2","2026-08-30 06:00"
"Lubec","5e974c906ea510372c1e444a","Wodak","6796246986227732f607bc7a","6a93feac47799b7f566b4fe9","2026-08-30 06:01"
"fishyy","5f21225bac988f00018aff93","teddy bear","66f081f2bf4b230a2fcb970c","6a93fde947799b7f566b4e39","2026-08-30 06:01"
"Ringo (chatbanned)","6046c8a097019400018ea4cf","Venux","601d72df848235000143965e","6a93fe8847799b7f566b4f9b","2026-08-30 06:01"
"exegi momentum","5f906300b00b570001274e55","Ritchie","5ff84d182c4df40001592f85","6a93fe1347799b7f566b4e86","2026-08-30 06:02"
"男方鬆 - Mr. Nanfsong","6409beba17491edb5a32b684","Aunt Arctica","65a994ec6d7b89979c428a3c","6a93fed1f5574cc1728db40f","2026-08-30 06:02"
"[TNT] TreezErik","5d46fa671d34a0315c268ad0","Dan YAile","60ef0697612a5400012c89a3","6a93fe4647799b7f566b4f06","2026-08-30 06:03"
"Frixy","5fe0f461f3881a0001805646","鳴神","5e6434058fd6cf50f886fb99","6a93fed970037071fd93984a","2026-08-30 06:03"
"Ringo (chatbanned)","6046c8a097019400018ea4cf","teddy bear","66f081f2bf4b230a2fcb970c","6a93ff5447799b7f566b5178","2026-08-30 06:03"
"Anna","611760155078c2000158aa4b","Venux","601d72df848235000143965e","6a93ff8d47799b7f566b5211","2026-08-30 06:03"
"Tudelzzz","6549fc9cf755320e28e30de7","boutbat","553f81c16375d205a47e0e6d","6a93fbb489301ec693453c26","2026-08-30 06:04"
"NorthKoreaEnjoyer","6a5776b9557fa0b8070897d7","egon","67d1cdbecf715f3c32f7057a","6a93ff1d47799b7f566b50f2","2026-08-30 06:04"
"aero","6204e99c582e1f0001bd9a43","Lubec","5e974c906ea510372c1e444a","6a93ff7747799b7f566b51d5","2026-08-30 06:05"
"Wodak","6796246986227732f607bc7a","Заяц","63890678411c174863e40d57","6a93ff5af5574cc1728db4ef","2026-08-30 06:07"
"[TNT] jv724 α","5d50f46b24ec173888d7e22e","Finn Fly","5f5bf60822321e000163a465","6a93ffde47799b7f566b52db","2026-08-30 06:07"
"Lubec","5e974c906ea510372c1e444a","Dan YAile","60ef0697612a5400012c89a3","6a94003747799b7f566b53bc","2026-08-30 06:08"
"Slam4","60927f97129054000189c279","cocomelon123","5ffc1edc415d4d00016642d7","6a93fdca47799b7f566b4dfa","2026-08-30 06:08"
"Ringo (chatbanned)","6046c8a097019400018ea4cf","exegi momentum","5f906300b00b570001274e55","6a93ffd147799b7f566b52c1","2026-08-30 06:08"
"男方鬆 - Mr. Nanfsong","6409beba17491edb5a32b684","Ritchie","5ff84d182c4df40001592f85","6a93ffa047799b7f566b5237","2026-08-30 06:08"
"Aunt Arctica","65a994ec6d7b89979c428a3c","Kastries","67c9d3612160aecea9218f63","6a93ff9ff5574cc1728db58f","2026-08-30 06:08"
"Venux","601d72df848235000143965e","egon","67d1cdbecf715f3c32f7057a","6a94000089301ec69345417f","2026-08-30 06:08"
"M A D A R A","680ebd4ab8187db80148ff47","benji (^-^)","6401d53b67356a12ae3f0c6a","6a93fff5f5574cc1728db62e","2026-08-30 06:09"
"fishyy","5f21225bac988f00018aff93","teddy bear","66f081f2bf4b230a2fcb970c","6a93ff3847799b7f566b512a","2026-08-30 06:10"
"Spinner2k","6222449c68dc010001609860","Afonso097tv","626344b2a37c8bc48cd849b8","6a93fef547799b7f566b5090","2026-08-30 06:10"
"Dan YAile","60ef0697612a5400012c89a3","Lubec","5e974c906ea510372c1e444a","6a9400d6f5574cc1728db7c1","2026-08-30 06:12"
"[TNT] jv724 α","5d50f46b24ec173888d7e22e","MiniKochi #1 FAN","63d29ada31674327ca09c658","6a9400ca47799b7f566b5575","2026-08-30 06:12"
"teddy bear","66f081f2bf4b230a2fcb970c","fishyy","5f21225bac988f00018aff93","6a94019447799b7f566b577f","2026-08-30 06:13"
"exegi momentum","5f906300b00b570001274e55","男方鬆 - Mr. Nanfsong","6409beba17491edb5a32b684","6a94010047799b7f566b5612","2026-08-30 06:13"
"M A D A R A","680ebd4ab8187db80148ff47","Kenji","5f2fd4348378f500019bdee0","6a94012347799b7f566b5662","2026-08-30 06:13"
"MoD","62261e5b2446120001170812","NorthKoreaEnjoyer","6a5776b9557fa0b8070897d7","6a9400a647799b7f566b5505","2026-08-30 06:13"
"[TNT] TreezErik","5d46fa671d34a0315c268ad0","Anna","611760155078c2000158aa4b","6a94009b47799b7f566b54d8","2026-08-30 06:14"
"Заяц","63890678411c174863e40d57","Wodak","6796246986227732f607bc7a","6a94009e47799b7f566b54df","2026-08-30 06:14"
"Clement","635c171d190621fb60d8bb08","1k","5e1baa352034a083c05674a7","6a93fd8df5574cc1728db1d1","2026-08-30 06:15"
"Dan YAile","60ef0697612a5400012c89a3","Lubec","5e974c906ea510372c1e444a","6a94020547799b7f566b58d1","2026-08-30 06:15"
"teddy bear","66f081f2bf4b230a2fcb970c","Frixy","5fe0f461f3881a0001805646","6a9401e4f5574cc1728db983","2026-08-30 06:15"
"M A D A R A","680ebd4ab8187db80148ff47","Zaxter","60acecf82e13c40001e2ae29","6a94023cf5574cc1728dba25","2026-08-30 06:15"
"exegi momentum","5f906300b00b570001274e55","MiniKochi #1 FAN","63d29ada31674327ca09c658","6a940237f5574cc1728dba1a","2026-08-30 06:16"
"cocomelon123","5ffc1edc415d4d00016642d7","Venux","601d72df848235000143965e","6a9400e547799b7f566b55be","2026-08-30 06:16"
"teddy bear","66f081f2bf4b230a2fcb970c","fishyy","5f21225bac988f00018aff93","6a94020a47799b7f566b58e1","2026-08-30 06:18"
"LetsCrime (chatbanned)","67a80cc003077ed0dfc834ab","Ringo (chatbanned)","6046c8a097019400018ea4cf","6a94014b47799b7f566b56c1","2026-08-30 06:18"
"aero","6204e99c582e1f0001bd9a43","Заяц","63890678411c174863e40d57","6a940255f5574cc1728dba56","2026-08-30 06:19"
"MiniKochi #1 FAN","63d29ada31674327ca09c658","exegi momentum","5f906300b00b570001274e55","6a94031df5574cc1728dbbd2","2026-08-30 06:19"
"BenNY_the_27","6064fc3f12c7b700012d0167","MagnusMägi","6765f226ab11f49e3748df8b","6a9400ff47799b7f566b5610","2026-08-30 06:19"
"SignpostSlayer","5cd1da5575345f65c86dea02","Anna","611760155078c2000158aa4b","6a9402bff5574cc1728dbb2d","2026-08-30 06:21"
"Kastries","67c9d3612160aecea9218f63","Kenji","5f2fd4348378f500019bdee0","6a94022747799b7f566b592e","2026-08-30 06:21"
"Al Horford","6780ea19220bf0b5884b6412","1k","5e1baa352034a083c05674a7","6a94028447799b7f566b5a22","2026-08-30 06:22"
"Dan YAile","60ef0697612a5400012c89a3","teddy bear","66f081f2bf4b230a2fcb970c","6a94034a47799b7f566b5c44","2026-08-30 06:22"
"Frixy","5fe0f461f3881a0001805646","cocomelon123","5ffc1edc415d4d00016642d7","6a9402cf47799b7f566b5afb","2026-08-30 06:22"
"MagnusMägi","6765f226ab11f49e3748df8b","Spinner2k","6222449c68dc010001609860","6a94038947799b7f566b5d11","2026-08-30 06:22"
"Lene","5d52f64824ec173888d82b60","121 MeriDian E","66c0479c515ebf2ff7a660b5","6a94018bf5574cc1728db906","2026-08-30 06:23"
"teddy bear","66f081f2bf4b230a2fcb970c","Заяц","63890678411c174863e40d57","6a94042ff5574cc1728dbde0","2026-08-30 06:24"
"exegi momentum","5f906300b00b570001274e55","Szymono","613295acc4b5740001f1bfdf","6a94039947799b7f566b5d49","2026-08-30 06:24"
"M A D A R A","680ebd4ab8187db80148ff47","persimmonsukip","6809563cae64cffc1988e9fe","6a9402f4f5574cc1728dbb98","2026-08-30 06:24"
"cocomelon123","5ffc1edc415d4d00016642d7","Frixy","5fe0f461f3881a0001805646","6a94042047799b7f566b5ee8","2026-08-30 06:25"
"Kastries","67c9d3612160aecea9218f63","SignpostSlayer","5cd1da5575345f65c86dea02","6a94040d47799b7f566b5e9c","2026-08-30 06:26"
"FREE PALESTINE","6281e747cb6c707ef5ec2f6c","Clement","635c171d190621fb60d8bb08","6a9403a347799b7f566b5d6d","2026-08-30 06:27"
"fishyy","5f21225bac988f00018aff93","teddy bear","66f081f2bf4b230a2fcb970c","6a940350f5574cc1728dbc28","2026-08-30 06:28"
"1k","5e1baa352034a083c05674a7","[TNT] TreezErik","5d46fa671d34a0315c268ad0","6a94043b47799b7f566b5f1c","2026-08-30 06:29"
"teddy bear","66f081f2bf4b230a2fcb970c","Заяц","63890678411c174863e40d57","6a940591f5574cc1728dc0ca","2026-08-30 06:29"
"LetsCrime (chatbanned)","67a80cc003077ed0dfc834ab","Aunt Arctica","65a994ec6d7b89979c428a3c","6a94035947799b7f566b5c6d","2026-08-30 06:29"
"fishyy","5f21225bac988f00018aff93","teddy bear","66f081f2bf4b230a2fcb970c","6a94058ef5574cc1728dc0c4","2026-08-30 06:30"
"irrational","65ba97ce8b2ba0c747ffa3b7","Ringo (chatbanned)","6046c8a097019400018ea4cf","6a94035347799b7f566b5c5d","2026-08-30 06:30"
"exegi momentum","5f906300b00b570001274e55","Zendaya","679def87311b366ecb41dcae","6a94058347799b7f566b62bd","2026-08-30 06:30"
"Szymono","613295acc4b5740001f1bfdf","M A D A R A","680ebd4ab8187db80148ff47","6a9404bf47799b7f566b608f","2026-08-30 06:30"
"Geoplonker","63e1d8513621f1ba4a58fb70","GeoNestor","5a0761e672d16b933871e7a1","6a94057547799b7f566b628a","2026-08-30 06:31"
"Finn Fly","5f5bf60822321e000163a465","ankara messi","604043cef8dabd0001fcb8e2","6a94059847799b7f566b62f1","2026-08-30 06:31"
"Hosuja","5b7cfb7b602b2e3a94fbb968","Luxus","64d905c29860ac321bb0ddc5","6a940526f5574cc1728dbfc3","2026-08-30 06:33"
"Frixy","5fe0f461f3881a0001805646","cocomelon123","5ffc1edc415d4d00016642d7","6a94056947799b7f566b6263","2026-08-30 06:33"
"Szymono","613295acc4b5740001f1bfdf","M A D A R A","680ebd4ab8187db80148ff47","6a94060e89301ec693454909","2026-08-30 06:33"
"Kastries","67c9d3612160aecea9218f63","deemness","603c0c6730d70f000140c197","6a94052cf5574cc1728dbfcf","2026-08-30 06:33"
"Finn Fly","5f5bf60822321e000163a465","ankara messi","604043cef8dabd0001fcb8e2","6a940647321b2b96aebf475f","2026-08-30 06:33"
"cbrunken","5d3cd33a3d4b6a7f9c99dee5","Dan YAile","60ef0697612a5400012c89a3","6a9404a747799b7f566b6047","2026-08-30 06:34"
"Заяц","63890678411c174863e40d57","Frixy","5fe0f461f3881a0001805646","6a9406c8f5574cc1728dc308","2026-08-30 06:35"
"MagnusMägi","6765f226ab11f49e3748df8b","[TNT] jv724 α","5d50f46b24ec173888d7e22e","6a940687f5574cc1728dc278","2026-08-30 06:36"
"Заяц","63890678411c174863e40d57","Frixy","5fe0f461f3881a0001805646","6a9406c8f5574cc1728dc308","2026-08-30 06:37"
"Frixy","5fe0f461f3881a0001805646","https://www.twitch.tv/qule0","635d8550c15309de668daf99","6a94074447799b7f566b6786","2026-08-30 06:37"
"exegi momentum","5f906300b00b570001274e55","teddy bear","66f081f2bf4b230a2fcb970c","6a94067247799b7f566b6535","2026-08-30 06:37"
"Ringo (chatbanned)","6046c8a097019400018ea4cf","Don't Give Up","5ffb60de75d2770001545e96","6a94060647799b7f566b642c","2026-08-30 06:37"
"persimmonsukip","6809563cae64cffc1988e9fe","Marci","62572af8924e491f28b0326c","6a94067347799b7f566b653a","2026-08-30 06:37"
"[TNT] TreezErik","5d46fa671d34a0315c268ad0","fishyy","5f21225bac988f00018aff93","6a94064b47799b7f566b64e3","2026-08-30 06:39"
"Dan YAile","60ef0697612a5400012c89a3","Luca","62faac056417c6c320e282de","6a940728f5574cc1728dc3d7","2026-08-30 06:39"
"SignpostSlayer","5cd1da5575345f65c86dea02","Aunt Arctica","65a994ec6d7b89979c428a3c","6a9405cd47799b7f566b6388","2026-08-30 06:39"
"NorthKoreaEnjoyer","6a5776b9557fa0b8070897d7","Zendaya","679def87311b366ecb41dcae","6a94072347799b7f566b672d","2026-08-30 06:39"
"Dumby The Wizard","62d3d7745f2d61d4ee64cca9","Luxus","64d905c29860ac321bb0ddc5","6a940705f5574cc1728dc376","2026-08-30 06:40"
"Szymono","613295acc4b5740001f1bfdf","Geoplonker","63e1d8513621f1ba4a58fb70","6a9406b347799b7f566b65f2","2026-08-30 06:41"
"cocomelon123","5ffc1edc415d4d00016642d7","Finn Fly","5f5bf60822321e000163a465","6a9406bdf5574cc1728dc2e6","2026-08-30 06:41"
"teddy bear","66f081f2bf4b230a2fcb970c","exegi momentum","5f906300b00b570001274e55","6a9407ad47799b7f566b68aa","2026-08-30 06:42"
"Frixy","5fe0f461f3881a0001805646","Peter Dictator","684c775aeb78c494d9ee6b7a","6a940827f5574cc1728dc5e6","2026-08-30 06:42"
"Don't Give Up","5ffb60de75d2770001545e96","Ringo (chatbanned)","6046c8a097019400018ea4cf","6a9407a9f5574cc1728dc4f0","2026-08-30 06:43"
"exegi momentum","5f906300b00b570001274e55","Szymono","613295acc4b5740001f1bfdf","6a9408d5f5574cc1728dc736","2026-08-30 06:44"
"fishyy","5f21225bac988f00018aff93","teddy bear","66f081f2bf4b230a2fcb970c","6a94087347799b7f566b6ac1","2026-08-30 06:45"
"Slam4","60927f97129054000189c279","Frixy","5fe0f461f3881a0001805646","6a9408f8f5574cc1728dc772","2026-08-30 06:45"
"Dumby The Wizard","62d3d7745f2d61d4ee64cca9","cbrunken","5d3cd33a3d4b6a7f9c99dee5","6a94085647799b7f566b6a77","2026-08-30 06:45"
"Aunt Arctica","65a994ec6d7b89979c428a3c","MexHD","59725536f8017993f0ee10a2","6a94083047799b7f566b6a1c","2026-08-30 06:45"
"Luca","62faac056417c6c320e282de","Dan YAile","60ef0697612a5400012c89a3","6a94082d47799b7f566b6a19","2026-08-30 06:46"
"SignpostSlayer","5cd1da5575345f65c86dea02","Marci","62572af8924e491f28b0326c","6a94093347799b7f566b6cf6","2026-08-30 06:46"
"https://www.twitch.tv/qule0","635d8550c15309de668daf99","persimmonsukip","6809563cae64cffc1988e9fe","6a9407e047799b7f566b6935","2026-08-30 06:46"
"Mitteconrad","6056349f72a5a900014128a9","Lene","5d52f64824ec173888d82b60","6a94048f47799b7f566b5ffa","2026-08-30 06:47"
"[TNT] jv724 α","5d50f46b24ec173888d7e22e","Kastries","67c9d3612160aecea9218f63","6a940786f5574cc1728dc4a3","2026-08-30 06:47"
"Don't Give Up","5ffb60de75d2770001545e96","Geoplonker","63e1d8513621f1ba4a58fb70","6a940951f5574cc1728dc81a","2026-08-30 06:48"
"exegi momentum","5f906300b00b570001274e55","teddy bear","66f081f2bf4b230a2fcb970c","6a94099670037071fd93a5db","2026-08-30 06:48"
"fishyy","5f21225bac988f00018aff93","teddy bear","66f081f2bf4b230a2fcb970c","6a9409dcf5574cc1728dc92c","2026-08-30 06:50"
"Aunt Arctica","65a994ec6d7b89979c428a3c","ꀋꏦꇊ","679857c21e3f92bc77808937","6a94098cf5574cc1728dc890","2026-08-30 06:50"
"Greta Thunberg fan account","65361a91884b107b4fd0cef8","1k","5e1baa352034a083c05674a7","6a94094747799b7f566b6d3b","2026-08-30 06:51"
"Moritz","604e275b66c3940001ee30ed","Frixy","5fe0f461f3881a0001805646","6a9409b7f5574cc1728dc8ea","2026-08-30 06:51"
"TropicalMountain447","67914253de4eb4f636d10283","Action2410","6600817f787a1218b6f41ff2","6a9408adf5574cc1728dc6e2","2026-08-30 06:51"
"https://www.twitch.tv/qule0","635d8550c15309de668daf99","cbrunken","5d3cd33a3d4b6a7f9c99dee5","6a9409c347799b7f566b6e6e","2026-08-30 06:51"
"xZenith","6846d165a3008977fe607ade","iNS4NE","596fcdabcf818c83482add39","6a93154ba87195bc3eeb7714","2026-08-30 06:52"
"Conax","683029bd7e7399d1213e44e3","Szymono","613295acc4b5740001f1bfdf","6a94098947799b7f566b6dda","2026-08-30 06:52"
"Luca","62faac056417c6c320e282de","Dan YAile","60ef0697612a5400012c89a3","6a9409e82675d4cc4eb96a7f","2026-08-30 06:52"
"Ringo (chatbanned)","6046c8a097019400018ea4cf","irrational","65ba97ce8b2ba0c747ffa3b7","6a94093447799b7f566b6cfa","2026-08-30 06:52"
"Luxus","64d905c29860ac321bb0ddc5","Shakazaramesh","5ef2945bbb96627c9ce5f63f","6a94088d47799b7f566b6b0c","2026-08-30 06:53"
"teddy bear","66f081f2bf4b230a2fcb970c","Frixy","5fe0f461f3881a0001805646","6a940b1747799b7f566b7245","2026-08-30 06:54"
"https://www.twitch.tv/qule0","635d8550c15309de668daf99","Szymono","613295acc4b5740001f1bfdf","6a940b5147799b7f566b72ec","2026-08-30 06:54"
"Rhodora","69f62c02c103116f90334aaf","[TNT] jv724 α","5d50f46b24ec173888d7e22e","6a940a87f5574cc1728dca81","2026-08-30 06:54"
"Stozzy","60c9c89f6dac91000126151b","cocomelon123","5ffc1edc415d4d00016642d7","6a94089347799b7f566b6b16","2026-08-30 06:54"
"Shakazaramesh","5ef2945bbb96627c9ce5f63f","Conax","683029bd7e7399d1213e44e3","6a940b5cf5574cc1728dcc4f","2026-08-30 06:55"
"Aunt Arctica","65a994ec6d7b89979c428a3c","teddy bear","66f081f2bf4b230a2fcb970c","6a940af247799b7f566b71d5","2026-08-30 06:55"
"Don't Give Up","5ffb60de75d2770001545e96","Dan YAile","60ef0697612a5400012c89a3","6a940a7ff5574cc1728dca73","2026-08-30 06:56"
"teddy bear","66f081f2bf4b230a2fcb970c","Szymono","613295acc4b5740001f1bfdf","6a940bc947799b7f566b743d","2026-08-30 06:57"
"Edawardz","600aa63b94b5f40001eddb27","Curlsphil","634725814a2b0615fad04fb9","6a9408e647799b7f566b6c10","2026-08-30 06:57"
"Zendaya","679def87311b366ecb41dcae","GeoPhantom","694436a1407b856da832c32e","6a940b9b47799b7f566b73b7","2026-08-30 06:57"
"Frixy","5fe0f461f3881a0001805646","https://www.twitch.tv/qule0","635d8550c15309de668daf99","6a940bdaf5574cc1728dcd3d","2026-08-30 06:58"
"Umbrella☔","6814628ed8477060002e00ba","Kastries","67c9d3612160aecea9218f63","6a940b69f5574cc1728dcc6c","2026-08-30 06:59"
"Action2410","6600817f787a1218b6f41ff2","persimmonsukip","6809563cae64cffc1988e9fe","6a940afaf5574cc1728dcb70","2026-08-30 06:59"
"teddy bear","66f081f2bf4b230a2fcb970c","https://www.twitch.tv/qule0","635d8550c15309de668daf99","6a940cabd479411664873c45","2026-08-30 07:00"
"Szymono","613295acc4b5740001f1bfdf","Geoplonker","63e1d8513621f1ba4a58fb70","6a940c6347799b7f566b75f6","2026-08-30 07:00"
"1k","5e1baa352034a083c05674a7","[TNT] TreezErik","5d46fa671d34a0315c268ad0","6a940b2747799b7f566b7276","2026-08-30 07:01"
"Dan YAile","60ef0697612a5400012c89a3","teddy bear","66f081f2bf4b230a2fcb970c","6a940c32f5574cc1728dcdd6","2026-08-30 07:01"
"Ringo (chatbanned)","6046c8a097019400018ea4cf","Luca","62faac056417c6c320e282de","6a940b4247799b7f566b72d0","2026-08-30 07:01"
"KANMURU","63bcd8027039017494d42999","Frixy","5fe0f461f3881a0001805646","6a940cae47799b7f566b76b5","2026-08-30 07:01"
"M A D A R A","680ebd4ab8187db80148ff47","Timkon","681f023ce86ca49d1982d464","6a940c8a47799b7f566b7665","2026-08-30 07:01"
"Moritz","604e275b66c3940001ee30ed","cbrunken","5d3cd33a3d4b6a7f9c99dee5","6a940b14f5574cc1728dcba9","2026-08-30 07:02"
"Shakazaramesh","5ef2945bbb96627c9ce5f63f","Ulork","5e2ded716ea510b234a670b2","6a940c0947799b7f566b74f4","2026-08-30 07:03"
"teddy bear","66f081f2bf4b230a2fcb970c","Frixy","5fe0f461f3881a0001805646","6a940d4c47799b7f566b7864","2026-08-30 07:03"
"cocomelon123","5ffc1edc415d4d00016642d7","Luxus","64d905c29860ac321bb0ddc5","6a940ba947799b7f566b73e4","2026-08-30 07:03"
"Conax","683029bd7e7399d1213e44e3","Don't Give Up","5ffb60de75d2770001545e96","6a940c43f5574cc1728dcdee","2026-08-30 07:04"
"teddy bear","66f081f2bf4b230a2fcb970c","Ringo (chatbanned)","6046c8a097019400018ea4cf","6a940d5847799b7f566b7883","2026-08-30 07:04"
"GeoPhantom","694436a1407b856da832c32e","persimmonsukip","6809563cae64cffc1988e9fe","6a940ce647799b7f566b7740","2026-08-30 07:04"
"teddy bear","66f081f2bf4b230a2fcb970c","Frixy","5fe0f461f3881a0001805646","6a940dd547799b7f566b79e0","2026-08-30 07:05"
"https://www.twitch.tv/qule0","635d8550c15309de668daf99","Umbrella☔","6814628ed8477060002e00ba","6a940d38f5574cc1728dcfb0","2026-08-30 07:05"
"GeoPhantom","694436a1407b856da832c32e","Marci","62572af8924e491f28b0326c","6a940e1547799b7f566b7aa2","2026-08-30 07:06"
"cbrunken","5d3cd33a3d4b6a7f9c99dee5","Moritz","604e275b66c3940001ee30ed","6a940da2f5574cc1728dd082","2026-08-30 07:07"
"tellomura","678ab426b5666218c82e03af","Action2410","6600817f787a1218b6f41ff2","6a940d9047799b7f566b7927","2026-08-30 07:07"
"ALFA","5b6f185f7135fa0e48b5528a","VehicleRonald","626be1db347a090f4e84683f","6a940d7547799b7f566b78d2","2026-08-30 07:08"
"Dan YAile","60ef0697612a5400012c89a3","Ringo (chatbanned)","6046c8a097019400018ea4cf","6a940e0547799b7f566b7a6b","2026-08-30 07:08"
"Aunt Arctica","65a994ec6d7b89979c428a3c","Kastries","67c9d3612160aecea9218f63","6a940d06f5574cc1728dcf58","2026-08-30 07:08"
"盲","63b6a120ed1bf0b1b513dfb8","[TNT] TreezErik","5d46fa671d34a0315c268ad0","6a940d9f47799b7f566b794c","2026-08-30 07:09"
"teddy bear","66f081f2bf4b230a2fcb970c","Dan YAile","60ef0697612a5400012c89a3","6a940e14f5574cc1728dd144","2026-08-30 07:09"
"Luca","62faac056417c6c320e282de","KANMURU","63bcd8027039017494d42999","6a940d5d47799b7f566b7895","2026-08-30 07:10"
"exegi momentum","5f906300b00b570001274e55","omigupta (YT)","62280387e7a8b70001576d3d","6a940e2e47799b7f566b7af3","2026-08-30 07:10"
"Lene","5d52f64824ec173888d82b60","irrational","65ba97ce8b2ba0c747ffa3b7","6a940c27f5574cc1728dcdc3","2026-08-30 07:10"
"teddy bear","66f081f2bf4b230a2fcb970c","https://www.twitch.tv/qule0","635d8550c15309de668daf99","6a940ecc47799b7f566b7cd1","2026-08-30 07:11"
"Szymono","613295acc4b5740001f1bfdf","Geoplonker","63e1d8513621f1ba4a58fb70","6a940d3347799b7f566b780f","2026-08-30 07:11"
"GeoPhantom","694436a1407b856da832c32e","Marci","62572af8924e491f28b0326c","6a940e8047799b7f566b7bf5","2026-08-30 07:11"
"Blanecin","5e8781f3b3ec177638be489a","Niklas","59b6c03843a14357704cbf64","6a940f4747799b7f566b7e3b","2026-08-30 07:11"
"Geomalick","61fd64f28c0f8100014ebf0b","lecheur2pieds","663523ba8e313d3aa27852b0","6a940f8ff5574cc1728dd41a","2026-08-30 07:12"
"sebastian","667d87ca8401bca3fee14649","teddy bear","66f081f2bf4b230a2fcb970c","6a940fb047799b7f566b7f7f","2026-08-30 07:12"
"Dan YAile","60ef0697612a5400012c89a3","Felix.svb","6856986bb22dea4ae40a3d22","6a940f7247799b7f566b7ea7","2026-08-30 07:12"
"Action2410","6600817f787a1218b6f41ff2","Kastries","67c9d3612160aecea9218f63","6a940ef847799b7f566b7d4c","2026-08-30 07:12"
"Conax","683029bd7e7399d1213e44e3","Don't Give Up","5ffb60de75d2770001545e96","6a940e0947799b7f566b7a77","2026-08-30 07:13"
"Frixy","5fe0f461f3881a0001805646","Umbrella☔","6814628ed8477060002e00ba","6a940e40f5574cc1728dd1a2","2026-08-30 07:13"
"PopularPeninsula783","6794f91a4613843d08b344b1","tellomura","678ab426b5666218c82e03af","6a940e9247799b7f566b7c2f","2026-08-30 07:13"
"Dan YAile","60ef0697612a5400012c89a3","Felix.svb","6856986bb22dea4ae40a3d22","6a940f7247799b7f566b7ea7","2026-08-30 07:14"
"sebastian","667d87ca8401bca3fee14649","teddy bear","66f081f2bf4b230a2fcb970c","6a940fc2f5574cc1728dd48f","2026-08-30 07:14"
"exegi momentum","5f906300b00b570001274e55","omigupta (YT)","62280387e7a8b70001576d3d","6a940f7247799b7f566b7ea5","2026-08-30 07:14"
"Szymono","613295acc4b5740001f1bfdf","GeoPhantom","694436a1407b856da832c32e","6a940fbf47799b7f566b7fa5","2026-08-30 07:15"
"NorthKoreaEnjoyer","6a5776b9557fa0b8070897d7","Aunt Arctica","65a994ec6d7b89979c428a3c","6a940f3af5574cc1728dd37f","2026-08-30 07:15"
"ALFA","5b6f185f7135fa0e48b5528a","1k","5e1baa352034a083c05674a7","6a940f0f47799b7f566b7d9f","2026-08-30 07:16"
"cbrunken","5d3cd33a3d4b6a7f9c99dee5","Luxus","64d905c29860ac321bb0ddc5","6a940f2d47799b7f566b7df5","2026-08-30 07:16"
"Geomalick","61fd64f28c0f8100014ebf0b","sebastian","667d87ca8401bca3fee14649","6a940ffbf5574cc1728dd4f2","2026-08-30 07:17"
"Dan YAile","60ef0697612a5400012c89a3","[TNT] TreezErik","5d46fa671d34a0315c268ad0","6a940fed47799b7f566b8038","2026-08-30 07:17"
"Sityqwai","5dc9b82ae9473f3ff8ad7799","DeTect","65aaf6d23171e89a57705b47","6a940edef5574cc1728dd2a0","2026-08-30 07:17"
"Ringo (chatbanned)","6046c8a097019400018ea4cf","Slam4","60927f97129054000189c279","6a940efbf5574cc1728dd2e0","2026-08-30 07:17"
"Frixy","5fe0f461f3881a0001805646","omigupta (YT)","62280387e7a8b70001576d3d","6a94106847799b7f566b81a8","2026-08-30 07:17"
"https://www.twitch.tv/qule0","635d8550c15309de668daf99","KANMURU","63bcd8027039017494d42999","6a940f9ef5574cc1728dd434","2026-08-30 07:17"
"Ramzey","65f4b7001657435a2a817dd1","121 MeriDian E","66c0479c515ebf2ff7a660b5","6a940e1347799b7f566b7a9b","2026-08-30 07:17"
"Blanecin","5e8781f3b3ec177638be489a","Niklas","59b6c03843a14357704cbf64","6a940f9747799b7f566b7f36","2026-08-30 07:17"
"teddy bear","66f081f2bf4b230a2fcb970c","whueu-abi","694060fd0b5941c5cbe18cbf","6a941096f5574cc1728dd5fc","2026-08-30 07:18"
"Reynardo","619e21dbcd59be0001df98df","sebastian","667d87ca8401bca3fee14649","6a94108647799b7f566b8205","2026-08-30 07:18"
"GeoPhantom","694436a1407b856da832c32e","Szymono","613295acc4b5740001f1bfdf","6a9410a1f5574cc1728dd60a","2026-08-30 07:18"
"teddy bear","66f081f2bf4b230a2fcb970c","whueu-abi","694060fd0b5941c5cbe18cbf","6a94114c47799b7f566b8430","2026-08-30 07:19"
"Umbrella☔","6814628ed8477060002e00ba","Don't Give Up","5ffb60de75d2770001545e96","6a94104570037071fd93adca","2026-08-30 07:19"
"ElViejoFran420","66dc17fc166b047fc041d4c0","Aunt Arctica","65a994ec6d7b89979c428a3c","6a9410c047799b7f566b82b2","2026-08-30 07:19"
"Geoplonker","63e1d8513621f1ba4a58fb70","Richie Fidschi","61ca425d9b0ef000015001bd","6a940fccf5574cc1728dd4a3","2026-08-30 07:19"
"sebastian","667d87ca8401bca3fee14649","teddy bear","66f081f2bf4b230a2fcb970c","6a94108bd479411664874149","2026-08-30 07:20"
"Capi","5f29c8819762af0001d89a97","Luxus","64d905c29860ac321bb0ddc5","6a9410eff5574cc1728dd69f","2026-08-30 07:20"
"Ringo (chatbanned)","6046c8a097019400018ea4cf","cbrunken","5d3cd33a3d4b6a7f9c99dee5","6a941140f5574cc1728dd75d","2026-08-30 07:20"
"KANMURU","63bcd8027039017494d42999","https://www.twitch.tv/qule0","635d8550c15309de668daf99","6a94112947799b7f566b83b9","2026-08-30 07:20"
"PopularPeninsula783","6794f91a4613843d08b344b1","Dumby The Wizard","62d3d7745f2d61d4ee64cca9","6a94109047799b7f566b821e","2026-08-30 07:20"
"Dan YAile","60ef0697612a5400012c89a3","sebastian","667d87ca8401bca3fee14649","6a94112f47799b7f566b83d0","2026-08-30 07:21"
"盲","63b6a120ed1bf0b1b513dfb8","teddy bear","66f081f2bf4b230a2fcb970c","6a94119447799b7f566b851f","2026-08-30 07:21"
"Frixy","5fe0f461f3881a0001805646","omigupta (YT)","62280387e7a8b70001576d3d","6a941106321b2b96aebf5535","2026-08-30 07:21"
"sebastian","667d87ca8401bca3fee14649","GeoPhantom","694436a1407b856da832c32e","6a94118147799b7f566b84d5","2026-08-30 07:22"
"Luca","62faac056417c6c320e282de","Shakazaramesh","5ef2945bbb96627c9ce5f63f","6a940f91f5574cc1728dd41d","2026-08-30 07:22"
"MoD","62261e5b2446120001170812","レムリア大陸","62c8e0ed29158581fd78d172","6a94113ef5574cc1728dd754","2026-08-30 07:22"
"teddy bear","66f081f2bf4b230a2fcb970c","sebastian","667d87ca8401bca3fee14649","6a9411f0f5574cc1728dd8ab","2026-08-30 07:23"
"Frixy","5fe0f461f3881a0001805646","omigupta (YT)","62280387e7a8b70001576d3d","6a94122847799b7f566b86e6","2026-08-30 07:23"
"Szymono","613295acc4b5740001f1bfdf","Sprookjesboom","5753d7d0c45b6176082119be","6a94116947799b7f566b848a","2026-08-30 07:23"
"Aunt Arctica","65a994ec6d7b89979c428a3c","马修","6705a787945947e950e2a238","6a9411ee321b2b96aebf5681","2026-08-30 07:23"
"Conax","683029bd7e7399d1213e44e3","Felix.svb","6856986bb22dea4ae40a3d22","6a941020f5574cc1728dd528","2026-08-30 07:24"
"sebastian","667d87ca8401bca3fee14649","teddy bear","66f081f2bf4b230a2fcb970c","6a94123470037071fd93b0c1","2026-08-30 07:24"
"mans not hot","6a68f0776670f9815653f016","Vokept","60789eddce86d900016fbb4e","6a940ffb47799b7f566b8056","2026-08-30 07:24"
"sebastian","667d87ca8401bca3fee14649","teddy bear","66f081f2bf4b230a2fcb970c","6a94127370037071fd93b106","2026-08-30 07:25"
"盲","63b6a120ed1bf0b1b513dfb8","whueu-abi","694060fd0b5941c5cbe18cbf","6a941204f5574cc1728dd8c5","2026-08-30 07:26"
"sebastian","667d87ca8401bca3fee14649","teddy bear","66f081f2bf4b230a2fcb970c","6a9412ecf5574cc1728dda83","2026-08-30 07:26"
"thomas petruv","6000461b23fa0d00011e9f10","马修","6705a787945947e950e2a238","6a9412d647799b7f566b88ff","2026-08-30 07:26"
"1k","5e1baa352034a083c05674a7","ALFA","5b6f185f7135fa0e48b5528a","6a9410f047799b7f566b8338","2026-08-30 07:27"
"sebastian","667d87ca8401bca3fee14649","teddy bear","66f081f2bf4b230a2fcb970c","6a9412ecf5574cc1728dda83","2026-08-30 07:27"
"omigupta (YT)","62280387e7a8b70001576d3d","Sprookjesboom","5753d7d0c45b6176082119be","6a94129947799b7f566b8845","2026-08-30 07:27"
"Frixy","5fe0f461f3881a0001805646","Salem","63af4615494c2bc27e4a2f31","6a9412c847799b7f566b88d0","2026-08-30 07:28"
"Юрій Каплан","69b480dc874bd08dc9e5878a","frey44","65196df73b287bbf7203f3f7","6a9412fc47799b7f566b896b","2026-08-30 07:28"
"GeoPhantom","694436a1407b856da832c32e","Barkuz","6084243b0feb6600017e1a7e","6a94124747799b7f566b874d","2026-08-30 07:28"
"Geoplonker","63e1d8513621f1ba4a58fb70","https://www.twitch.tv/qule0","635d8550c15309de668daf99","6a9411c2f5574cc1728dd85d","2026-08-30 07:28"
"盲","63b6a120ed1bf0b1b513dfb8","Dan YAile","60ef0697612a5400012c89a3","6a94135d47799b7f566b8acc","2026-08-30 07:29"
"Lene","5d52f64824ec173888d82b60","irrational","65ba97ce8b2ba0c747ffa3b7","6a940faa47799b7f566b7f6e","2026-08-30 07:29"
"cbrunken","5d3cd33a3d4b6a7f9c99dee5","Don't Give Up","5ffb60de75d2770001545e96","6a9411c1f5574cc1728dd85c","2026-08-30 07:29"
"Christobal Cebolla","67a0c1f30b5863275051a4f0","MANGER","6785046bef2c357f0bdfd387","6a94127e47799b7f566b87e2","2026-08-30 07:29"
"sebastian","667d87ca8401bca3fee14649","whueu-abi","694060fd0b5941c5cbe18cbf","6a94135147799b7f566b8a97","2026-08-30 07:30"
"Capi","5f29c8819762af0001d89a97","Dumby The Wizard","62d3d7745f2d61d4ee64cca9","6a9411d047799b7f566b85d9","2026-08-30 07:30"
"Юрій Каплан","69b480dc874bd08dc9e5878a","GeoPhantom","694436a1407b856da832c32e","6a9413b347799b7f566b8bc7","2026-08-30 07:30"
"Szymono","613295acc4b5740001f1bfdf","#1 multiplier harvester 🫃","626fc4565f225f253556ea95","6a94128847799b7f566b8807","2026-08-30 07:30"
"KANMURU","63bcd8027039017494d42999","Blanecin","5e8781f3b3ec177638be489a","6a94125647799b7f566b8778","2026-08-30 07:30"
"Sprookjesboom","5753d7d0c45b6176082119be","omigupta (YT)","62280387e7a8b70001576d3d","6a94138647799b7f566b8b3f","2026-08-30 07:30"
"sebastian","667d87ca8401bca3fee14649","teddy bear","66f081f2bf4b230a2fcb970c","6a94138747799b7f566b8b43","2026-08-30 07:31"
"Voro","5a8f1e5d98cc2c6744a8a135","xyz121","69743aff656999ac66c57552","6a9412e747799b7f566b892b","2026-08-30 07:31"
"Aunt Arctica","65a994ec6d7b89979c428a3c","Plex","66e60ee7cf66f6095d6bf556","6a9412ba47799b7f566b889e","2026-08-30 07:31"
"sebastian","667d87ca8401bca3fee14649","Maksonic","619d09bdc4ab7000016c68d3","6a941429f5574cc1728ddd2c","2026-08-30 07:32"
"Luca","62faac056417c6c320e282de","Shakazaramesh","5ef2945bbb96627c9ce5f63f","6a94125c47799b7f566b8787","2026-08-30 07:32"
"thomas petruv","6000461b23fa0d00011e9f10","Supi.exe","62367e9e2965f997f04a920f","6a941348f5574cc1728ddb23","2026-08-30 07:32"
"盲","63b6a120ed1bf0b1b513dfb8","whueu-abi","694060fd0b5941c5cbe18cbf","6a941436f5574cc1728ddd46","2026-08-30 07:33"
"Felix.svb","6856986bb22dea4ae40a3d22","Dan YAile","60ef0697612a5400012c89a3","6a94134147799b7f566b8a5f","2026-08-30 07:34"
"grytsko","68a2376a48461ffeecd42351","sebastian","667d87ca8401bca3fee14649","6a941450f5574cc1728ddd84","2026-08-30 07:34"
"teddy bear","66f081f2bf4b230a2fcb970c","sebastian","667d87ca8401bca3fee14649","6a9414c0f5574cc1728dde60","2026-08-30 07:34"
"Sityqwai","5dc9b82ae9473f3ff8ad7799","Ringo (chatbanned)","6046c8a097019400018ea4cf","6a9411c247799b7f566b85af","2026-08-30 07:34"
"Sprookjesboom","5753d7d0c45b6176082119be","omigupta (YT)","62280387e7a8b70001576d3d","6a94143af5574cc1728ddd49","2026-08-30 07:34"
"M A D A R A","680ebd4ab8187db80148ff47","Christobal Cebolla","67a0c1f30b5863275051a4f0","6a941406321b2b96aebf596c","2026-08-30 07:34"
"Aunt Arctica","65a994ec6d7b89979c428a3c","马修","6705a787945947e950e2a238","6a94144b47799b7f566b8da5","2026-08-30 07:34"
"lecheur2pieds","663523ba8e313d3aa27852b0","Dan YAile","60ef0697612a5400012c89a3","6a9413f2f5574cc1728ddcae","2026-08-30 07:35"
"Salem","63af4615494c2bc27e4a2f31","sebastian","667d87ca8401bca3fee14649","6a9413b5f5574cc1728ddc0f","2026-08-30 07:35"
"Voro","5a8f1e5d98cc2c6744a8a135","CrazyHorse","661830566555811b1291bac1","6a94147e47799b7f566b8e37","2026-08-30 07:35"
"Marci","62572af8924e491f28b0326c","persimmonsukip","6809563cae64cffc1988e9fe","6a9414d747799b7f566b8f53","2026-08-30 07:35"
"Shakazaramesh","5ef2945bbb96627c9ce5f63f","Sprookjesboom","5753d7d0c45b6176082119be","6a94150047799b7f566b8fdc","2026-08-30 07:36"
"Szymono","613295acc4b5740001f1bfdf","MANGER","6785046bef2c357f0bdfd387","6a94140ef5574cc1728ddcfb","2026-08-30 07:36"
"Loars_","67c023fa843f4449095fd251","Jannik","6a0c58030808c41cb15866fe","6a9414e147799b7f566b8f7d","2026-08-30 07:36"
"121 MeriDian E","66c0479c515ebf2ff7a660b5","RuralQuay427","67afb8f9170e41f8f611a20a","6a941362f5574cc1728ddb61","2026-08-30 07:36"
"WashedGoat?!","6a4e9ed6170dae471fef5a16","Geoplonker","63e1d8513621f1ba4a58fb70","6a9413f0f5574cc1728ddcaa","2026-08-30 07:36"
"Maksonic","619d09bdc4ab7000016c68d3","teddy bear","66f081f2bf4b230a2fcb970c","6a9414d047799b7f566b8f41","2026-08-30 07:37"
"whueu-abi","694060fd0b5941c5cbe18cbf","sebastian","667d87ca8401bca3fee14649","6a94150847799b7f566b8ff7","2026-08-30 07:38"
"Shakazaramesh","5ef2945bbb96627c9ce5f63f","Felix.svb","6856986bb22dea4ae40a3d22","6a94157747799b7f566b9151","2026-08-30 07:38"
"Christobal Cebolla","67a0c1f30b5863275051a4f0","omigupta (YT)","62280387e7a8b70001576d3d","6a941514f5574cc1728ddf2b","2026-08-30 07:38"
"Aunt Arctica","65a994ec6d7b89979c428a3c","xyz121","69743aff656999ac66c57552","6a9414fff5574cc1728ddef5","2026-08-30 07:38"
"1k","5e1baa352034a083c05674a7","ALFA","5b6f185f7135fa0e48b5528a","6a94139547799b7f566b8b66","2026-08-30 07:39"
"teddy bear","66f081f2bf4b230a2fcb970c","Dan YAile","60ef0697612a5400012c89a3","6a941541f5574cc1728ddfa3","2026-08-30 07:39"
"Ringo (chatbanned)","6046c8a097019400018ea4cf","Van","687aeaddef25d21e16f95266","6a94151e47799b7f566b9032","2026-08-30 07:39"
"Sprookjesboom","5753d7d0c45b6176082119be","Kastries","67c9d3612160aecea9218f63","6a9415a347799b7f566b91d0","2026-08-30 07:39"
"M A D A R A","680ebd4ab8187db80148ff47","Voro","5a8f1e5d98cc2c6744a8a135","6a94157147799b7f566b9134","2026-08-30 07:39"
"https://www.twitch.tv/qule0","635d8550c15309de668daf99","KANMURU","63bcd8027039017494d42999","6a94146847799b7f566b8df6","2026-08-30 07:39"
"omigupta (YT)","62280387e7a8b70001576d3d","Jannik","6a0c58030808c41cb15866fe","6a941610d479411664874852","2026-08-30 07:39"
"lecheur2pieds","663523ba8e313d3aa27852b0","Salem","63af4615494c2bc27e4a2f31","6a94154c47799b7f566b90b5","2026-08-30 07:40"
"Marci","62572af8924e491f28b0326c","persimmonsukip","6809563cae64cffc1988e9fe","6a941555f5574cc1728ddfd1","2026-08-30 07:40"
"teddy bear","66f081f2bf4b230a2fcb970c","Maksonic","619d09bdc4ab7000016c68d3","6a9415e1f5574cc1728de0e7","2026-08-30 07:42"
"Dumby The Wizard","62d3d7745f2d61d4ee64cca9","KANMURU","63bcd8027039017494d42999","6a94167d47799b7f566b946b","2026-08-30 07:42"
"omigupta (YT)","62280387e7a8b70001576d3d","xyz121","69743aff656999ac66c57552","6a94164c47799b7f566b93e3","2026-08-30 07:42"
"Curlsphil","634725814a2b0615fad04fb9","thomas petruv","6000461b23fa0d00011e9f10","6a9414a447799b7f566b8eb9","2026-08-30 07:42"
"lecheur2pieds","663523ba8e313d3aa27852b0","Salem","63af4615494c2bc27e4a2f31","6a94167d47799b7f566b946d","2026-08-30 07:43"
"grytsko","68a2376a48461ffeecd42351","pasycat粉丝","6825e5c37465249750d5a93f","6a94159647799b7f566b91ab","2026-08-30 07:43"
"男方鬆 - Mr. Nanfsong","6409beba17491edb5a32b684","Voro","5a8f1e5d98cc2c6744a8a135","6a94166e89301ec693455de6","2026-08-30 07:43"
"Loars_","67c023fa843f4449095fd251","Christobal Cebolla","67a0c1f30b5863275051a4f0","6a9415ed47799b7f566b92a3","2026-08-30 07:43"
"121 MeriDian E","66c0479c515ebf2ff7a660b5","RuralQuay427","67afb8f9170e41f8f611a20a","6a94159447799b7f566b91a9","2026-08-30 07:43"
"https://www.twitch.tv/qule0","635d8550c15309de668daf99","Sprookjesboom","5753d7d0c45b6176082119be","6a94163647799b7f566b9397","2026-08-30 07:44"
"xyz121","69743aff656999ac66c57552","omigupta (YT)","62280387e7a8b70001576d3d","6a94170647799b7f566b961a","2026-08-30 07:44"
"Geomalick","61fd64f28c0f8100014ebf0b","Delema()()()","65869f62df3f7bea3fa1d675","6a9416b3f5574cc1728de284","2026-08-30 07:45"
"Salem","63af4615494c2bc27e4a2f31","sebastian","667d87ca8401bca3fee14649","6a94174947799b7f566b971c","2026-08-30 07:45"
"Szymono","613295acc4b5740001f1bfdf","MANGER","6785046bef2c357f0bdfd387","6a9415a947799b7f566b91e7","2026-08-30 07:45"
"男方鬆 - Mr. Nanfsong","6409beba17491edb5a32b684","Christobal Cebolla","67a0c1f30b5863275051a4f0","6a94174f47799b7f566b9739","2026-08-30 07:45"
"Felix.svb","6856986bb22dea4ae40a3d22","whueu-abi","694060fd0b5941c5cbe18cbf","6a94161947799b7f566b933b","2026-08-30 07:46"
"Maksonic","619d09bdc4ab7000016c68d3","sebastian","667d87ca8401bca3fee14649","6a94172d47799b7f566b96b0","2026-08-30 07:46"
"Loars_","67c023fa843f4449095fd251","Voro","5a8f1e5d98cc2c6744a8a135","6a94175a47799b7f566b975f","2026-08-30 07:46"
"기니","67493198473744059fbb9736","1k","5e1baa352034a083c05674a7","6a94162f47799b7f566b9384","2026-08-30 07:47"
"Salem","63af4615494c2bc27e4a2f31","sebastian","667d87ca8401bca3fee14649","6a94174947799b7f566b971c","2026-08-30 07:47"
"M A D A R A","680ebd4ab8187db80148ff47","WashedGoat?!","6a4e9ed6170dae471fef5a16","6a9416a9f5574cc1728de274","2026-08-30 07:47"
"https://www.twitch.tv/qule0","635d8550c15309de668daf99","omigupta (YT)","62280387e7a8b70001576d3d","6a941788321b2b96aebf5e32","2026-08-30 07:47"
"LayBay","5f29802d3ae4f70001339734","Sprookjesboom","5753d7d0c45b6176082119be","6a94177d47799b7f566b97c5","2026-08-30 07:47"
"Aunt Arctica","65a994ec6d7b89979c428a3c","Umbrella☔","6814628ed8477060002e00ba","6a94173af5574cc1728de3a2","2026-08-30 07:47"
"Christobal Cebolla","67a0c1f30b5863275051a4f0","Barkuz","6084243b0feb6600017e1a7e","6a9417a647799b7f566b9839","2026-08-30 07:47"
"Salem","63af4615494c2bc27e4a2f31","sebastian","667d87ca8401bca3fee14649","6a9417ad47799b7f566b984b","2026-08-30 07:48"
"sebastian","667d87ca8401bca3fee14649","teddy bear","66f081f2bf4b230a2fcb970c","6a9417ff47799b7f566b994e","2026-08-30 07:48"
"xyz121","69743aff656999ac66c57552","Loars_","67c023fa843f4449095fd251","6a94180547799b7f566b995e","2026-08-30 07:48"
"Geomalick","61fd64f28c0f8100014ebf0b","Delema()()()","65869f62df3f7bea3fa1d675","6a9417b7f5574cc1728de49d","2026-08-30 07:49"
"sebastian","667d87ca8401bca3fee14649","Salem","63af4615494c2bc27e4a2f31","6a941845f5574cc1728de600","2026-08-30 07:49"
"#1 multiplier harvester 🫃","626fc4565f225f253556ea95","Lene","5d52f64824ec173888d82b60","6a94140ff5574cc1728ddcfd","2026-08-30 07:49"
"男方鬆 - Mr. Nanfsong","6409beba17491edb5a32b684","马修","6705a787945947e950e2a238","6a9417d547799b7f566b98ca","2026-08-30 07:49"
"MANGER","6785046bef2c357f0bdfd387","马修","6705a787945947e950e2a238","6a9417ecf5574cc1728de515","2026-08-30 07:49"
"Marci","62572af8924e491f28b0326c","KANMURU","63bcd8027039017494d42999","6a94173247799b7f566b96c5","2026-08-30 07:49"
"Voro","5a8f1e5d98cc2c6744a8a135","马修","6705a787945947e950e2a238","6a9417fef5574cc1728de53c","2026-08-30 07:49"
"Venux","601d72df848235000143965e","Richie Fidschi","61ca425d9b0ef000015001bd","6a94159447799b7f566b91a6","2026-08-30 07:49"
"Dan YAile","60ef0697612a5400012c89a3","Ringo (chatbanned)","6046c8a097019400018ea4cf","6a94165047799b7f566b93ea","2026-08-30 07:50"
"xyz121","69743aff656999ac66c57552","Loars_","67c023fa843f4449095fd251","6a94187a47799b7f566b9b03","2026-08-30 07:50"
"Aunt Arctica","65a994ec6d7b89979c428a3c","Sprookjesboom","5753d7d0c45b6176082119be","6a941827f5574cc1728de5b2","2026-08-30 07:50"
"Voro","5a8f1e5d98cc2c6744a8a135","mkpz (0 meta)","67a21e129f1298f53483a74d","6a941891f5574cc1728de6b8","2026-08-30 07:50"
"Umbrella☔","6814628ed8477060002e00ba","Christobal Cebolla","67a0c1f30b5863275051a4f0","6a94181547799b7f566b99a8","2026-08-30 07:51"
"盲","63b6a120ed1bf0b1b513dfb8","ILIAPLONKS (YT/TTV)","623798a42965f997f04b1cc1","6a9416bd47799b7f566b9531","2026-08-30 07:52"
"Maksonic","619d09bdc4ab7000016c68d3","pasycat粉丝","6825e5c37465249750d5a93f","6a94183d47799b7f566b9a30","2026-08-30 07:52"
"teddy bear","66f081f2bf4b230a2fcb970c","sebastian","667d87ca8401bca3fee14649","6a9418adf5574cc1728de6e2","2026-08-30 07:52"
"Ringo (chatbanned)","6046c8a097019400018ea4cf","男方鬆 - Mr. Nanfsong","6409beba17491edb5a32b684","6a9418df47799b7f566b9c71","2026-08-30 07:52"
"omigupta (YT)","62280387e7a8b70001576d3d","https://www.twitch.tv/qule0","635d8550c15309de668daf99","6a941834f5574cc1728de5d4","2026-08-30 07:52"
"Christobal Cebolla","67a0c1f30b5863275051a4f0","马修","6705a787945947e950e2a238","6a9418fa47799b7f566b9cd2","2026-08-30 07:53"
"Delema()()()","65869f62df3f7bea3fa1d675","sebastian","667d87ca8401bca3fee14649","6a9418cdf5574cc1728de725","2026-08-30 07:54"
"Delema()()()","65869f62df3f7bea3fa1d675","sebastian","667d87ca8401bca3fee14649","6a9418cdf5574cc1728de725","2026-08-30 07:54"
"Umbrella☔","6814628ed8477060002e00ba","Dumby The Wizard","62d3d7745f2d61d4ee64cca9","6a94192ef5574cc1728de81e","2026-08-30 07:54"
"Voro","5a8f1e5d98cc2c6744a8a135","Sprookjesboom","5753d7d0c45b6176082119be","6a9418ea47799b7f566b9c9f","2026-08-30 07:54"
"Geomalick","61fd64f28c0f8100014ebf0b","lecheur2pieds","663523ba8e313d3aa27852b0","6a9418f9f5574cc1728de7a7","2026-08-30 07:55"
"sebastian","667d87ca8401bca3fee14649","Ringo (chatbanned)","6046c8a097019400018ea4cf","6a94195147799b7f566b9ddf","2026-08-30 07:55"
"sebastian","667d87ca8401bca3fee14649","teddy bear","66f081f2bf4b230a2fcb970c","6a9419fb47799b7f566b9fe2","2026-08-30 07:56"
"M A D A R A","680ebd4ab8187db80148ff47","Venux","601d72df848235000143965e","6a9419bb47799b7f566b9f33","2026-08-30 07:56"
"https://www.twitch.tv/qule0","635d8550c15309de668daf99","omigupta (YT)","62280387e7a8b70001576d3d","6a941931f5574cc1728de825","2026-08-30 07:56"
"KANMURU","63bcd8027039017494d42999","MANGER","6785046bef2c357f0bdfd387","6a9418ba47799b7f566b9be9","2026-08-30 07:56"
"sebastian","667d87ca8401bca3fee14649","teddy bear","66f081f2bf4b230a2fcb970c","6a9419fb47799b7f566b9fe2","2026-08-30 07:57"
"Shakazaramesh","5ef2945bbb96627c9ce5f63f","Szymono","613295acc4b5740001f1bfdf","6a9417acf5574cc1728de47f","2026-08-30 07:57"
"lecheur2pieds","663523ba8e313d3aa27852b0","Delema()()()","65869f62df3f7bea3fa1d675","6a941a25f5574cc1728dea23","2026-08-30 07:58"
"Maksonic","619d09bdc4ab7000016c68d3","pasycat粉丝","6825e5c37465249750d5a93f","6a941988d479411664874d7b","2026-08-30 07:58"
"teddy bear","66f081f2bf4b230a2fcb970c","sebastian","667d87ca8401bca3fee14649","6a941a4647799b7f566ba0ef","2026-08-30 07:58"
"Kraim","655c88001a146e82ab9593a5","LayBay","5f29802d3ae4f70001339734","6a94195e47799b7f566b9e07","2026-08-30 07:58"
"omigupta (YT)","62280387e7a8b70001576d3d","Barkuz","6084243b0feb6600017e1a7e","6a941a6947799b7f566ba16f","2026-08-30 07:58"
"sebastian","667d87ca8401bca3fee14649","pasycat粉丝","6825e5c37465249750d5a93f","6a941aa8f5574cc1728deb57","2026-08-30 07:59"
"Aunt Arctica","65a994ec6d7b89979c428a3c","Dumby The Wizard","62d3d7745f2d61d4ee64cca9","6a9419d347799b7f566b9f6d","2026-08-30 07:59"
"Loars_","67c023fa843f4449095fd251","男方鬆 - Mr. Nanfsong","6409beba17491edb5a32b684","6a94198447799b7f566b9e6e","2026-08-30 07:59"
"sebastian","667d87ca8401bca3fee14649","teddy bear","66f081f2bf4b230a2fcb970c","6a941abb47799b7f566ba298","2026-08-30 08:00"
"https://www.twitch.tv/qule0","635d8550c15309de668daf99","omigupta (YT)","62280387e7a8b70001576d3d","6a941aaa47799b7f566ba25c","2026-08-30 08:00"
"Derzal","5f96feae45cc8c00017ca853","Ringo (chatbanned)","6046c8a097019400018ea4cf","6a941a19f5574cc1728dea11","2026-08-30 08:00"
"pasycat粉丝","6825e5c37465249750d5a93f","sebastian","667d87ca8401bca3fee14649","6a941b1447799b7f566ba3be","2026-08-30 08:01"
"MANGER","6785046bef2c357f0bdfd387","Umbrella☔","6814628ed8477060002e00ba","6a941a5047799b7f566ba118","2026-08-30 08:01"
"Delema()()()","65869f62df3f7bea3fa1d675","sebastian","667d87ca8401bca3fee14649","6a941b2ff5574cc1728deca5","2026-08-30 08:02"
"Delema()()()","65869f62df3f7bea3fa1d675","sebastian","667d87ca8401bca3fee14649","6a941b2ff5574cc1728deca5","2026-08-30 08:02"
"ILIAPLONKS (YT/TTV)","623798a42965f997f04b1cc1","盲","63b6a120ed1bf0b1b513dfb8","6a94193647799b7f566b9d97","2026-08-30 08:02"
"aguardiente","60ba2dec2056310001c27701","Szymono","613295acc4b5740001f1bfdf","6a941a7047799b7f566ba189","2026-08-30 08:02"
"https://www.twitch.tv/qule0","635d8550c15309de668daf99","omigupta (YT)","62280387e7a8b70001576d3d","6a941b3d70037071fd93be75","2026-08-30 08:02"
"男方鬆 - Mr. Nanfsong","6409beba17491edb5a32b684","Loars_","67c023fa843f4449095fd251","6a941af847799b7f566ba355","2026-08-30 08:02"
"Christobal Cebolla","67a0c1f30b5863275051a4f0","Voro","5a8f1e5d98cc2c6744a8a135","6a9419bd47799b7f566b9f40","2026-08-30 08:02"
"NightSky","6a0865b5ad5e7998f329915e","LayBay","5f29802d3ae4f70001339734","6a941b22f5574cc1728dec8e","2026-08-30 08:03"
"pasycat粉丝","6825e5c37465249750d5a93f","Ringo (chatbanned)","6046c8a097019400018ea4cf","6a941b5447799b7f566ba496","2026-08-30 08:04"
"MANGER","6785046bef2c357f0bdfd387","LayBay","5f29802d3ae4f70001339734","6a941c0247799b7f566ba6f8","2026-08-30 08:04"
"Loars_","67c023fa843f4449095fd251","Lucas","612aa73caf7a040001da31e6","6a941bc5f5574cc1728dee18","2026-08-30 08:04"
"LeBron James of Geoguessr","58ba5dff0eac7223846496ea","RuralQuay427","67afb8f9170e41f8f611a20a","6a941ab9f5574cc1728deb75","2026-08-30 08:04"
"Aunt Arctica","65a994ec6d7b89979c428a3c","Christobal Cebolla","67a0c1f30b5863275051a4f0","6a941b9147799b7f566ba551","2026-08-30 08:05"
"Voro","5a8f1e5d98cc2c6744a8a135","omigupta (YT)","62280387e7a8b70001576d3d","6a941ba047799b7f566ba587","2026-08-30 08:05"
"1k","5e1baa352034a083c05674a7","Eamonn","5e2e983722bbda85a40e9009","6a941a8af5574cc1728deb1f","2026-08-30 08:06"
"Maksonic","619d09bdc4ab7000016c68d3","lecheur2pieds","663523ba8e313d3aa27852b0","6a941ab8f5574cc1728deb72","2026-08-30 08:06"
"irrational","65ba97ce8b2ba0c747ffa3b7","121 MeriDian E","66c0479c515ebf2ff7a660b5","6a94174347799b7f566b970b","2026-08-30 08:06"
"https://www.twitch.tv/qule0","635d8550c15309de668daf99","xyz121","69743aff656999ac66c57552","6a941bccf5574cc1728dee2e","2026-08-30 08:06"
"Keksonaldo12","5f01224ef6b3b222109739a5","男方鬆 - Mr. Nanfsong","6409beba17491edb5a32b684","6a941becd479411664875146","2026-08-30 08:06"
"Venux","601d72df848235000143965e","fibs","62c353a29d0d57e7b9a3383f","6a941a8e47799b7f566ba1ff","2026-08-30 08:06"
"M A D A R A","680ebd4ab8187db80148ff47","Dumby The Wizard","62d3d7745f2d61d4ee64cca9","6a941af1f5574cc1728dec07","2026-08-30 08:07"
"Delema()()()","65869f62df3f7bea3fa1d675","sebastian","667d87ca8401bca3fee14649","6a941c5947799b7f566ba80a","2026-08-30 08:08"
"Loars_","67c023fa843f4449095fd251","Lucas","612aa73caf7a040001da31e6","6a941c0e47799b7f566ba71f","2026-08-30 08:08"
"lecheur2pieds","663523ba8e313d3aa27852b0","sebastian","667d87ca8401bca3fee14649","6a941c7d47799b7f566ba890","2026-08-30 08:09"
"sebastian","667d87ca8401bca3fee14649","Maksonic","619d09bdc4ab7000016c68d3","6a941cb447799b7f566ba942","2026-08-30 08:09"
"Ringo (chatbanned)","6046c8a097019400018ea4cf","MANGER","6785046bef2c357f0bdfd387","6a941c34f5574cc1728def04","2026-08-30 08:09"
"Umbrella☔","6814628ed8477060002e00ba","teddy bear","66f081f2bf4b230a2fcb970c","6a941b86f5574cc1728ded6e","2026-08-30 08:09"
"男方鬆 - Mr. Nanfsong","6409beba17491edb5a32b684","Kfudaman","5ecc57c38d6ade72cc83598c","6a941cb270037071fd93c095","2026-08-30 08:09"
"LeBron James of Geoguessr","58ba5dff0eac7223846496ea","NO0B4EV3R","5e62499f12777c7a20431990","6a941c9847799b7f566ba8ec","2026-08-30 08:09"
"pasycat粉丝","6825e5c37465249750d5a93f","盲","63b6a120ed1bf0b1b513dfb8","6a941c1ff5574cc1728deee3","2026-08-30 08:10"
"lecheur2pieds","663523ba8e313d3aa27852b0","Delema()()()","65869f62df3f7bea3fa1d675","6a941d2df5574cc1728df148","2026-08-30 08:11"
"Maksonic","619d09bdc4ab7000016c68d3","sebastian","667d87ca8401bca3fee14649","6a941d5f47799b7f566baba1","2026-08-30 08:11"
"https://www.twitch.tv/qule0","635d8550c15309de668daf99","xyz121","69743aff656999ac66c57552","6a941d3647799b7f566bab30","2026-08-30 08:11"
"男方鬆 - Mr. Nanfsong","6409beba17491edb5a32b684","Kfudaman","5ecc57c38d6ade72cc83598c","6a941d6c47799b7f566babc8","2026-08-30 08:11"
"LayBay","5f29802d3ae4f70001339734","Christobal Cebolla","67a0c1f30b5863275051a4f0","6a941c4047799b7f566ba7b3","2026-08-30 08:11"
"Eamonn","5e2e983722bbda85a40e9009","sebastian","667d87ca8401bca3fee14649","6a941cec70037071fd93c0fd","2026-08-30 08:13"
"omigupta (YT)","62280387e7a8b70001576d3d","Keksonaldo12","5f01224ef6b3b222109739a5","6a941c9d47799b7f566ba8f8","2026-08-30 08:13"
"aero","6204e99c582e1f0001bd9a43","sebastian","667d87ca8401bca3fee14649","6a941dbaf5574cc1728df252","2026-08-30 08:14"
"pasycat粉丝","6825e5c37465249750d5a93f","sebastian","667d87ca8401bca3fee14649","6a941d87f5574cc1728df1e0","2026-08-30 08:14"
"Aunt Arctica","65a994ec6d7b89979c428a3c","Ringo (chatbanned)","6046c8a097019400018ea4cf","6a941d8a47799b7f566bac2c","2026-08-30 08:14"
"男方鬆 - Mr. Nanfsong","6409beba17491edb5a32b684","https://www.twitch.tv/qule0","635d8550c15309de668daf99","6a941ddd47799b7f566bad2f","2026-08-30 08:14"
"ましろ","60622a237c864a00019b5334","Dumby The Wizard","62d3d7745f2d61d4ee64cca9","6a941cd547799b7f566ba9b1","2026-08-30 08:14"
"lecheur2pieds","663523ba8e313d3aa27852b0","sebastian","667d87ca8401bca3fee14649","6a941dda47799b7f566bad28","2026-08-30 08:15"
"盲","63b6a120ed1bf0b1b513dfb8","igs","62e14f0d9501708a124e1484","6a941da047799b7f566bac57","2026-08-30 08:16"
"sebastian","667d87ca8401bca3fee14649","pasycat粉丝","6825e5c37465249750d5a93f","6a941e88f5574cc1728df3e2","2026-08-30 08:16"
"M1lan","67473d086316c898fe734668","Synxzy","62b9d279343a6042acb35fe8","6a941daff5574cc1728df23a","2026-08-30 08:16"
"男方鬆 - Mr. Nanfsong","6409beba17491edb5a32b684","omigupta (YT)","62280387e7a8b70001576d3d","6a941e5d321b2b96aebf68bb","2026-08-30 08:16"
"Christobal Cebolla","67a0c1f30b5863275051a4f0","Kfudaman","5ecc57c38d6ade72cc83598c","6a941ddd321b2b96aebf6816","2026-08-30 08:16"
"teddy bear","66f081f2bf4b230a2fcb970c","xyz121","69743aff656999ac66c57552","6a941e3747799b7f566bae69","2026-08-30 08:17"
"sebastian","667d87ca8401bca3fee14649","男方鬆 - Mr. Nanfsong","6409beba17491edb5a32b684","6a941f1947799b7f566bb153","2026-08-30 08:18"
"Christobal Cebolla","67a0c1f30b5863275051a4f0","omigupta (YT)","62280387e7a8b70001576d3d","6a941efbf5574cc1728df50b","2026-08-30 08:18"
"Venux","601d72df848235000143965e","Derzal","5f96feae45cc8c00017ca853","6a941cbbf5574cc1728df06e","2026-08-30 08:18"
"aero","6204e99c582e1f0001bd9a43","lecheur2pieds","663523ba8e313d3aa27852b0","6a941eae47799b7f566bb004","2026-08-30 08:19"
"Felix.svb","6856986bb22dea4ae40a3d22","Mich","5ef35fd819612a2940d22de2","6a941e3d47799b7f566bae7b","2026-08-30 08:19"
"LayBay","5f29802d3ae4f70001339734","Jacky Wong","63be7833696b395b1a06db85","6a941def47799b7f566bad7a","2026-08-30 08:19"
"Voro","5a8f1e5d98cc2c6744a8a135","MANGER","6785046bef2c357f0bdfd387","6a941d53321b2b96aebf674f","2026-08-30 08:19"
"Eamonn","5e2e983722bbda85a40e9009","Delema()()()","65869f62df3f7bea3fa1d675","6a941e3f47799b7f566bae83","2026-08-30 08:20"
"mint","67bf13b90a45adc3b2e1c725","sebastian","667d87ca8401bca3fee14649","6a941f9647799b7f566bb2e3","2026-08-30 08:20"
"Eriko Hashimoto","6a35e9a0766da45cf34f631b","sebastian","667d87ca8401bca3fee14649","6a941eaff5574cc1728df43a","2026-08-30 08:20"
"Señorita Plonquita","664ad9de273fe0303a386b45","https://www.twitch.tv/qule0","635d8550c15309de668daf99","6a941f5447799b7f566bb204","2026-08-30 08:20"
"teddy bear","66f081f2bf4b230a2fcb970c","sebastian","667d87ca8401bca3fee14649","6a941f51f5574cc1728df5f2","2026-08-30 08:21"
"Bakunawa","62b7cd5cf94a7310d3458914","Señorita Plonquita","664ad9de273fe0303a386b45","6a941f2bf5574cc1728df59e","2026-08-30 08:21"
"pasycat粉丝","6825e5c37465249750d5a93f","Shakazaramesh","5ef2945bbb96627c9ce5f63f","6a941eed47799b7f566bb0bb","2026-08-30 08:22"
"Frixy","5fe0f461f3881a0001805646","sebastian","667d87ca8401bca3fee14649","6a941ff7f5574cc1728df77c","2026-08-30 08:22"
"Delema()()()","65869f62df3f7bea3fa1d675","aero","6204e99c582e1f0001bd9a43","6a941fc747799b7f566bb372","2026-08-30 08:23"
"Frixy","5fe0f461f3881a0001805646","sebastian","667d87ca8401bca3fee14649","6a941ff7f5574cc1728df77c","2026-08-30 08:23"
"Christobal Cebolla","67a0c1f30b5863275051a4f0","男方鬆 - Mr. Nanfsong","6409beba17491edb5a32b684","6a941f7af5574cc1728df656","2026-08-30 08:23"
"LeBron James of Geoguessr","58ba5dff0eac7223846496ea","RuralQuay427","67afb8f9170e41f8f611a20a","6a941f0447799b7f566bb111","2026-08-30 08:23"
"omigupta (YT)","62280387e7a8b70001576d3d","Kfudaman","5ecc57c38d6ade72cc83598c","6a941faef5574cc1728df6ca","2026-08-30 08:23"
"盲","63b6a120ed1bf0b1b513dfb8","M1lan","67473d086316c898fe734668","6a941f1ef5574cc1728df57b","2026-08-30 08:24"
"Felix.svb","6856986bb22dea4ae40a3d22","Iggy","66ca5169941900a1527c86d1","6a941fe289301ec693456c11","2026-08-30 08:24"
"https://www.twitch.tv/qule0","635d8550c15309de668daf99","MANGER","6785046bef2c357f0bdfd387","6a941fc0f5574cc1728df6e8","2026-08-30 08:24"
"Señorita Plonquita","664ad9de273fe0303a386b45","LayBay","5f29802d3ae4f70001339734","6a941fc5f5574cc1728df6f4","2026-08-30 08:24"
"teddy bear","66f081f2bf4b230a2fcb970c","sebastian","667d87ca8401bca3fee14649","6a94200e89301ec693456c61","2026-08-30 08:25"
"sebastian","667d87ca8401bca3fee14649","Eriko Hashimoto","6a35e9a0766da45cf34f631b","6a94209447799b7f566bb62c","2026-08-30 08:25"
"ましろ","60622a237c864a00019b5334","xyz121","69743aff656999ac66c57552","6a941f6b47799b7f566bb25a","2026-08-30 08:25"
"omigupta (YT)","62280387e7a8b70001576d3d","Christobal Cebolla","67a0c1f30b5863275051a4f0","6a94209e47799b7f566bb651","2026-08-30 08:25"
"Eriko Hashimoto","6a35e9a0766da45cf34f631b","sebastian","667d87ca8401bca3fee14649","6a942104f5574cc1728df976","2026-08-30 08:26"
"Frixy","5fe0f461f3881a0001805646","pasycat粉丝","6825e5c37465249750d5a93f","6a9420f847799b7f566bb75a","2026-08-30 08:26"
"aero","6204e99c582e1f0001bd9a43","Delema()()()","65869f62df3f7bea3fa1d675","6a94208af5574cc1728df86f","2026-08-30 08:27"
"https://www.twitch.tv/qule0","635d8550c15309de668daf99","Voro","5a8f1e5d98cc2c6744a8a135","6a9420d547799b7f566bb6f3","2026-08-30 08:27"
"Señorita Plonquita","664ad9de273fe0303a386b45","男方鬆 - Mr. Nanfsong","6409beba17491edb5a32b684","6a9420d047799b7f566bb6e3","2026-08-30 08:27"
"Jonas","661ad4c4073f663c21b57fe6","sebastian","667d87ca8401bca3fee14649","6a942157321b2b96aebf6cef","2026-08-30 08:28"
"xyz121","69743aff656999ac66c57552","Keksonaldo12","5f01224ef6b3b222109739a5","6a94210f47799b7f566bb7f0","2026-08-30 08:28"
"Jonas","661ad4c4073f663c21b57fe6","sebastian","667d87ca8401bca3fee14649","6a942157321b2b96aebf6cef","2026-08-30 08:29"
"MANGER","6785046bef2c357f0bdfd387","LayBay","5f29802d3ae4f70001339734","6a9420d2f5574cc1728df904","2026-08-30 08:29"
"teddy bear","66f081f2bf4b230a2fcb970c","sebastian","667d87ca8401bca3fee14649","6a94218af5574cc1728dfa9e","2026-08-30 08:30"
"Eriko Hashimoto","6a35e9a0766da45cf34f631b","sebastian","667d87ca8401bca3fee14649","6a9421b09722935081cc6e00","2026-08-30 08:30"
"盲","63b6a120ed1bf0b1b513dfb8","kriszh","5922abce1bba700c703b0c00","6a94210247799b7f566bb77b","2026-08-30 08:31"
"sebastian","667d87ca8401bca3fee14649","Jonas","661ad4c4073f663c21b57fe6","6a9421d347799b7f566bbaa8","2026-08-30 08:31"
"M1lan","67473d086316c898fe734668","ましろ","60622a237c864a00019b5334","6a94212cf5574cc1728df9b3","2026-08-30 08:31"
"NoruJumping","5c5817f33d925bc96cd177e7","Shakazaramesh","5ef2945bbb96627c9ce5f63f","6a9420a6f5574cc1728df8ad","2026-08-30 08:31"
"Señorita Plonquita","664ad9de273fe0303a386b45","男方鬆 - Mr. Nanfsong","6409beba17491edb5a32b684","6a94217c47799b7f566bb973","2026-08-30 08:31"
"aero","6204e99c582e1f0001bd9a43","Delema()()()","65869f62df3f7bea3fa1d675","6a94219147799b7f566bb9c0","2026-08-30 08:32"
"MANGER","6785046bef2c357f0bdfd387","Derzal","5f96feae45cc8c00017ca853","6a94220a47799b7f566bbb67","2026-08-30 08:32"
"Lucas","612aa73caf7a040001da31e6","Dumby The Wizard","62d3d7745f2d61d4ee64cca9","6a94207447799b7f566bb5bb","2026-08-30 08:32"
"Geomalick","61fd64f28c0f8100014ebf0b","teddy bear","66f081f2bf4b230a2fcb970c","6a94225c47799b7f566bbc69","2026-08-30 08:33"
"121 MeriDian E","66c0479c515ebf2ff7a660b5","unkic","5f9ed2e3816d75000139f509","6a941fea47799b7f566bb3ea","2026-08-30 08:33"
"Jonas","661ad4c4073f663c21b57fe6","teddy bear","66f081f2bf4b230a2fcb970c","6a9422d3f5574cc1728dfd68","2026-08-30 08:34"
"VehicleRonald","626be1db347a090f4e84683f","Geomalick","61fd64f28c0f8100014ebf0b","6a9422ddf5574cc1728dfd84","2026-08-30 08:35"
"Felix.svb","6856986bb22dea4ae40a3d22","pasycat粉丝","6825e5c37465249750d5a93f","6a942211321b2b96aebf6df7","2026-08-30 08:35"
"https://www.twitch.tv/qule0","635d8550c15309de668daf99","xyz121","69743aff656999ac66c57552","6a9422dc47799b7f566bbe26","2026-08-30 08:35"
"男方鬆 - Mr. Nanfsong","6409beba17491edb5a32b684","Señorita Plonquita","664ad9de273fe0303a386b45","6a94227347799b7f566bbcc3","2026-08-30 08:35"
"Eriko Hashimoto","6a35e9a0766da45cf34f631b","Frixy","5fe0f461f3881a0001805646","6a942258f5574cc1728dfc4e","2026-08-30 08:36"
"aguardiente","60ba2dec2056310001c27701","Umbrella☔","6814628ed8477060002e00ba","6a9421e92675d4cc4eb989ee","2026-08-30 08:36"
"MANGER","6785046bef2c357f0bdfd387","Dumby The Wizard","62d3d7745f2d61d4ee64cca9","6a94229447799b7f566bbd2d","2026-08-30 08:36"
"Voro","5a8f1e5d98cc2c6744a8a135","Señorita Plonquita","664ad9de273fe0303a386b45","6a9421d147799b7f566bbaa0","2026-08-30 08:36"
"LayBay","5f29802d3ae4f70001339734","Wijn.","657979f3db414bd0da540f23","6a94222cf5574cc1728dfbed","2026-08-30 08:36"
"Delema()()()","65869f62df3f7bea3fa1d675","aero","6204e99c582e1f0001bd9a43","6a9422c347799b7f566bbdcf","2026-08-30 08:37"
"盲","63b6a120ed1bf0b1b513dfb8","kriszh","5922abce1bba700c703b0c00","6a94231747799b7f566bbf02","2026-08-30 08:38"
"teddy bear","66f081f2bf4b230a2fcb970c","BYL","665af55a0f1c875d08a700fb","6a94232847799b7f566bbf37","2026-08-30 08:38"
"Derzal","5f96feae45cc8c00017ca853","Mythaz","62c41cd57a1a25207caf8277","6a94228e47799b7f566bbd1c","2026-08-30 08:38"
"Eriko Hashimoto","6a35e9a0766da45cf34f631b","Geomalick","61fd64f28c0f8100014ebf0b","6a942387f5574cc1728dff03","2026-08-30 08:39"
"男方鬆 - Mr. Nanfsong","6409beba17491edb5a32b684","MANGER","6785046bef2c357f0bdfd387","6a94239247799b7f566bc0ab","2026-08-30 08:39"
"Delema()()()","65869f62df3f7bea3fa1d675","aero","6204e99c582e1f0001bd9a43","6a9423cf70037071fd93ca90","2026-08-30 08:40"
"M1lan","67473d086316c898fe734668","Shakazaramesh","5ef2945bbb96627c9ce5f63f","6a94227870037071fd93c84c","2026-08-30 08:40"
"Ruben","5e1334ba1b34a033c801a9e8","xyz121","69743aff656999ac66c57552","6a94237047799b7f566bc02a","2026-08-30 08:40"
"Frixy","5fe0f461f3881a0001805646","Señorita Plonquita","664ad9de273fe0303a386b45","6a942409f5574cc1728e0003","2026-08-30 08:41"
"数字信号处理","62a559ad291a85ec390d343e","Flubbersticks","69387a54dc6fdd9da05c91cd","6a942463f5574cc1728e00bd","2026-08-30 08:41"
"aero","6204e99c582e1f0001bd9a43","Delema()()()","65869f62df3f7bea3fa1d675","6a9424a547799b7f566bc424","2026-08-30 08:42"
"supergaming","5dfe5cfd328e461c04d7fbf2","pasycat粉丝","6825e5c37465249750d5a93f","6a94237547799b7f566bc035","2026-08-30 08:42"
"teddy bear","66f081f2bf4b230a2fcb970c","Eriko Hashimoto","6a35e9a0766da45cf34f631b","6a94246470037071fd93cb44","2026-08-30 08:42"
"NoruJumping","5c5817f33d925bc96cd177e7","Curlsphil","634725814a2b0615fad04fb9","6a9422bc47799b7f566bbdb7","2026-08-30 08:42"
"Frixy","5fe0f461f3881a0001805646","Señorita Plonquita","664ad9de273fe0303a386b45","6a942409f5574cc1728e0003","2026-08-30 08:42"
"Dumby The Wizard","62d3d7745f2d61d4ee64cca9","Umbrella☔","6814628ed8477060002e00ba","6a94239847799b7f566bc0c0","2026-08-30 08:42"
"teddy bear","66f081f2bf4b230a2fcb970c","Jonas","661ad4c4073f663c21b57fe6","6a94250947799b7f566bc567","2026-08-30 08:43"
"LayBay","5f29802d3ae4f70001339734","https://www.twitch.tv/qule0","635d8550c15309de668daf99","6a94242f47799b7f566bc2a5","2026-08-30 08:43"
"Wijn.","657979f3db414bd0da540f23","Derzal","5f96feae45cc8c00017ca853","6a9423f747799b7f566bc1f1","2026-08-30 08:43"
"Flubbersticks","69387a54dc6fdd9da05c91cd","数字信号处理","62a559ad291a85ec390d343e","6a9424c02675d4cc4eb98dca","2026-08-30 08:44"
"Señorita Plonquita","664ad9de273fe0303a386b45","Ruben","5e1334ba1b34a033c801a9e8","6a9424eb47799b7f566bc505","2026-08-30 08:45"
"MANGER","6785046bef2c357f0bdfd387","男方鬆 - Mr. Nanfsong","6409beba17491edb5a32b684","6a94243847799b7f566bc2bc","2026-08-30 08:45"
"LeBron James of Geoguessr","58ba5dff0eac7223846496ea","Elori","57d698c209f2ef93b8572689","6a94217ff5574cc1728dfa7c","2026-08-30 08:45"
"Kfudaman","5ecc57c38d6ade72cc83598c","estatista","64dc0ed490256c1eba066c5f","6a942453f5574cc1728e00a2","2026-08-30 08:45"
"Felix.svb","6856986bb22dea4ae40a3d22","Zion","643a327c90664def4616d9e7","6a942404f5574cc1728dfff7","2026-08-30 08:46"
"mikowhy","659c9d0a72300acff1deb5df","M1lan","67473d086316c898fe734668","6a9424aa47799b7f566bc43c","2026-08-30 08:46"
"Kastries","67c9d3612160aecea9218f63","Derzal","5f96feae45cc8c00017ca853","6a94255ff21be2f5ee4c30b1","2026-08-30 08:46"
"Jacky Wong","63be7833696b395b1a06db85","Subaruchan","67866385685b5cb1dee32a82","6a94248247799b7f566bc39c","2026-08-30 08:46"
"1k","5e1baa352034a083c05674a7","盲","63b6a120ed1bf0b1b513dfb8","6a94243247799b7f566bc2ac","2026-08-30 08:47"
"Eriko Hashimoto","6a35e9a0766da45cf34f631b","Frixy","5fe0f461f3881a0001805646","6a9424fcf5574cc1728e01fc","2026-08-30 08:47"
"Mitteconrad","6056349f72a5a900014128a9","irrational","65ba97ce8b2ba0c747ffa3b7","6a9420b247799b7f566bb684","2026-08-30 08:47"
"MANGER","6785046bef2c357f0bdfd387","男方鬆 - Mr. Nanfsong","6409beba17491edb5a32b684","6a9425acf5574cc1728e038a","2026-08-30 08:47"
"Lirik","632e0c2488070b726d73e245","Eli's Kidney","632042618c4156e6645c5a75","6a94257247799b7f566bc6d0","2026-08-30 08:47"
"Delema()()()","65869f62df3f7bea3fa1d675","teddy bear","66f081f2bf4b230a2fcb970c","6a94256247799b7f566bc69a","2026-08-30 08:48"
"supergaming","5dfe5cfd328e461c04d7fbf2","NoruJumping","5c5817f33d925bc96cd177e7","6a94254547799b7f566bc625","2026-08-30 08:48"
"Shakazaramesh","5ef2945bbb96627c9ce5f63f","kriszh","5922abce1bba700c703b0c00","6a94248af5574cc1728e010e","2026-08-30 08:48"
"MANGER","6785046bef2c357f0bdfd387","Ruben","5e1334ba1b34a033c801a9e8","6a94261c47799b7f566bc8ff","2026-08-30 08:49"
"Wijn.","657979f3db414bd0da540f23","https://www.twitch.tv/qule0","635d8550c15309de668daf99","6a94255b47799b7f566bc682","2026-08-30 08:49"
"Flubbersticks","69387a54dc6fdd9da05c91cd","数字信号处理","62a559ad291a85ec390d343e","6a94259a47799b7f566bc750","2026-08-30 08:49"
"Curlsphil","634725814a2b0615fad04fb9","Umbrella☔","6814628ed8477060002e00ba","6a9424f6f5574cc1728e01ef","2026-08-30 08:49"
"Smirk","67f91a7f6655a7c1b8d6f7a9","Herrjiell","6463ce1ce623a26f09da5866","6a9424f847799b7f566bc534","2026-08-30 08:50"
"Eriko Hashimoto","6a35e9a0766da45cf34f631b","koekemonster","602ea9c05fa0b100010db2b3","6a94262b47799b7f566bc925","2026-08-30 08:50"
"Lancer227","65b1167dd85363b33611ac05","BYL","665af55a0f1c875d08a700fb","6a94241f47799b7f566bc26b","2026-08-30 08:50"
"xyz121","69743aff656999ac66c57552","121 MeriDian E","66c0479c515ebf2ff7a660b5","6a94248347799b7f566bc39d","2026-08-30 08:50"
"teddy bear","66f081f2bf4b230a2fcb970c","Delema()()()","65869f62df3f7bea3fa1d675","6a94269647799b7f566bca98","2026-08-30 08:51"
"Jonas","661ad4c4073f663c21b57fe6","mikowhy","659c9d0a72300acff1deb5df","6a9425f347799b7f566bc87d","2026-08-30 08:51"
"Eriko Hashimoto","6a35e9a0766da45cf34f631b","koekemonster","602ea9c05fa0b100010db2b3","6a942700f5574cc1728e06c8","2026-08-30 08:52"
"Frixy","5fe0f461f3881a0001805646","男方鬆 - Mr. Nanfsong","6409beba17491edb5a32b684","6a94264447799b7f566bc97d","2026-08-30 08:52"
"路易十六","65337c686711b99177ed189b","estatista","64dc0ed490256c1eba066c5f","6a9425bc47799b7f566bc7c2","2026-08-30 08:52"
"mkpz (0 meta)","67a21e129f1298f53483a74d","Ruben","5e1334ba1b34a033c801a9e8","6a9426b3f5574cc1728e0600","2026-08-30 08:52"
"Eli's Kidney","632042618c4156e6645c5a75","PQ","6953a5aff57e451db5af2a86","6a94261947799b7f566bc8f7","2026-08-30 08:52"
"BYL","665af55a0f1c875d08a700fb","Señorita Plonquita","664ad9de273fe0303a386b45","6a9426e847799b7f566bcbbb","2026-08-30 08:53"
"Dumby The Wizard","62d3d7745f2d61d4ee64cca9","GeoChad147 (Youtube)","61333da66ab477000167c55b","6a9424f347799b7f566bc524","2026-08-30 08:53"
"1k","5e1baa352034a083c05674a7","Herrjiell","6463ce1ce623a26f09da5866","6a9426eb321b2b96aebf74b8","2026-08-30 08:54"
"teddy bear","66f081f2bf4b230a2fcb970c","koekemonster","602ea9c05fa0b100010db2b3","6a94275747799b7f566bcd2c","2026-08-30 08:54"
"https://www.twitch.tv/qule0","635d8550c15309de668daf99","Señorita Plonquita","664ad9de273fe0303a386b45","6a9426c089301ec6934574f1","2026-08-30 08:54"
"Daviduccio","691df93ef275e716c46378ab","TeMHbIu_npuHLL","685941f5e932ad3279ed3d10","6a942737f5574cc1728e0725","2026-08-30 08:54"
"男方鬆 - Mr. Nanfsong","6409beba17491edb5a32b684","Ruben","5e1334ba1b34a033c801a9e8","6a94277d47799b7f566bcdaa","2026-08-30 08:54"
"Eli's Kidney","632042618c4156e6645c5a75","路易十六","65337c686711b99177ed189b","6a942752f5574cc1728e0755","2026-08-30 08:54"
"Derzal","5f96feae45cc8c00017ca853","Tomma","5d84cf571d19aba098c06fe2","6a9425f7f21be2f5ee4c317e","2026-08-30 08:54"
"盲","63b6a120ed1bf0b1b513dfb8","M1lan","67473d086316c898fe734668","6a94264147799b7f566bc96f","2026-08-30 08:55"
"mikowhy","659c9d0a72300acff1deb5df","Jonas","661ad4c4073f663c21b57fe6","6a94271ef5574cc1728e06fd","2026-08-30 08:55"
"Zion","643a327c90664def4616d9e7","ましろ","60622a237c864a00019b5334","6a94265447799b7f566bc9af","2026-08-30 08:55"
"Daviduccio","691df93ef275e716c46378ab","SparklingStatue184","697270c4cd1d7dc7bb587024","6a9427ea47799b7f566bcf0d","2026-08-30 08:56"
"Flubbersticks","69387a54dc6fdd9da05c91cd","数字信号处理","62a559ad291a85ec390d343e","6a9426c447799b7f566bcb2f","2026-08-30 08:56"
"Herrjiell","6463ce1ce623a26f09da5866","pan","5ff3206bbc4e8c00013e4b25","6a9427d147799b7f566bcec1","2026-08-30 08:57"
"Frixy","5fe0f461f3881a0001805646","Salem","63af4615494c2bc27e4a2f31","6a94278147799b7f566bcdc0","2026-08-30 08:57"
"BYL","665af55a0f1c875d08a700fb","Bulgariunaci","5ee07a02053ea52a8454e6c2","6a94279747799b7f566bce11","2026-08-30 08:57"
"Wijn.","657979f3db414bd0da540f23","Kastries","67c9d3612160aecea9218f63","6a9426ac47799b7f566bcae4","2026-08-30 08:57"
"mkpz (0 meta)","67a21e129f1298f53483a74d","Señorita Plonquita","664ad9de273fe0303a386b45","6a94279747799b7f566bce10","2026-08-30 08:57"
"Jacky Wong","63be7833696b395b1a06db85","xyz121","69743aff656999ac66c57552","6a9426d647799b7f566bcb61","2026-08-30 08:57"
"supergaming","5dfe5cfd328e461c04d7fbf2","kriszh","5922abce1bba700c703b0c00","6a94267ff5574cc1728e058c","2026-08-30 08:58"
"mikowhy","659c9d0a72300acff1deb5df","Sandman5","68e3f9f00a56d04f694094b5","6a94281847799b7f566bcfd1","2026-08-30 08:58"
"Shakazaramesh","5ef2945bbb96627c9ce5f63f","Umbrella☔","6814628ed8477060002e00ba","6a9426a647799b7f566bcad0","2026-08-30 08:58"
"BYL","665af55a0f1c875d08a700fb","男方鬆 - Mr. Nanfsong","6409beba17491edb5a32b684","6a94287247799b7f566bd102","2026-08-30 08:58"
"数字信号处理","62a559ad291a85ec390d343e","Flubbersticks","69387a54dc6fdd9da05c91cd","6a94284247799b7f566bd06a","2026-08-30 08:58"
"Eamonn","5e2e983722bbda85a40e9009","Delema()()()","65869f62df3f7bea3fa1d675","6a94274a47799b7f566bccf9","2026-08-30 08:59"
"iNS4NE","596fcdabcf818c83482add39","Pedro Sampaio","63a8b951fb73701f4020d786","6a9425ee47799b7f566bc873","2026-08-30 08:59"
"Wolfgoon Auramadeus Moggzart","64a4686ecd74917a4fabee03","koekemonster","602ea9c05fa0b100010db2b3","6a9427c947799b7f566bceaa","2026-08-30 08:59"
"pan","5ff3206bbc4e8c00013e4b25","hoppyface","5d6e4022b4ec1709f0729979","6a9427f647799b7f566bcf36","2026-08-30 09:00"
"제주돌담","662e7bbc482dcf2828a3fbbc","pasycat粉丝","6825e5c37465249750d5a93f","6a9427fa47799b7f566bcf5e","2026-08-30 09:00"
"路易十六","65337c686711b99177ed189b","Eli's Kidney","632042618c4156e6645c5a75","6a9427baf5574cc1728e0828","2026-08-30 09:00"
"Derzal","5f96feae45cc8c00017ca853","ましろ","60622a237c864a00019b5334","6a9427f647799b7f566bcf40","2026-08-30 09:00"
"koekemonster","602ea9c05fa0b100010db2b3","Frixy","5fe0f461f3881a0001805646","6a942900321b2b96aebf777f","2026-08-30 09:01"
"Salem","63af4615494c2bc27e4a2f31","Jonas","661ad4c4073f663c21b57fe6","6a94286ff5574cc1728e0996","2026-08-30 09:01"
"Iggy","66ca5169941900a1527c86d1","https://www.twitch.tv/qule0","635d8550c15309de668daf99","6a9427daf5574cc1728e0864","2026-08-30 09:01"
"Bulgariunaci","5ee07a02053ea52a8454e6c2","BYL","665af55a0f1c875d08a700fb","6a9428d947799b7f566bd265","2026-08-30 09:01"
"数字信号处理","62a559ad291a85ec390d343e","Flubbersticks","69387a54dc6fdd9da05c91cd","6a9428ee47799b7f566bd2b5","2026-08-30 09:01"
"Babrnoch (retired & retarded)","676c36f3ae31f29e4b2ef2f5","Ruben","5e1334ba1b34a033c801a9e8","6a94282bf5574cc1728e090f","2026-08-30 09:02"
"Eamonn","5e2e983722bbda85a40e9009","Delema()()()","65869f62df3f7bea3fa1d675","6a9428fd47799b7f566bd2f0","2026-08-30 09:03"
"pan","5ff3206bbc4e8c00013e4b25","hoppyface","5d6e4022b4ec1709f0729979","6a942946f5574cc1728e0b8a","2026-08-30 09:03"
"Sandman5","68e3f9f00a56d04f694094b5","kriszh","5922abce1bba700c703b0c00","6a94292a47799b7f566bd38b","2026-08-30 09:03"
"M1lan","67473d086316c898fe734668","Jimbo Junk","5588a2efb8a3409dec36f9de","6a942806f5574cc1728e08c3","2026-08-30 09:03"
"BYL","665af55a0f1c875d08a700fb","Jonas","661ad4c4073f663c21b57fe6","6a94298247799b7f566bd4cc","2026-08-30 09:03"
"男方鬆 - Mr. Nanfsong","6409beba17491edb5a32b684","thomas petruv","6000461b23fa0d00011e9f10","6a94293647799b7f566bd3c0","2026-08-30 09:03"
"Kastries","67c9d3612160aecea9218f63","xyz121","69743aff656999ac66c57552","6a942898f5574cc1728e0a09","2026-08-30 09:03"
"Eamonn","5e2e983722bbda85a40e9009","Delema()()()","65869f62df3f7bea3fa1d675","6a9429d7f5574cc1728e0cbd","2026-08-30 09:04"
"irrational","65ba97ce8b2ba0c747ffa3b7","LeBron James of Geoguessr","58ba5dff0eac7223846496ea","6a9426b8f5574cc1728e0609","2026-08-30 09:04"
"Zion","643a327c90664def4616d9e7","SignpostSlayer","5cd1da5575345f65c86dea02","6a94286b47799b7f566bd0e6","2026-08-30 09:05"
"Umbrella☔","6814628ed8477060002e00ba","ManaphyIstToll","66c10e6b814c3996e77223cc","6a9428c447799b7f566bd221","2026-08-30 09:05"
"数字信号处理","62a559ad291a85ec390d343e","Flubbersticks","69387a54dc6fdd9da05c91cd","6a94299647799b7f566bd51a","2026-08-30 09:05"
"Zendaya","679def87311b366ecb41dcae","mkpz (0 meta)","67a21e129f1298f53483a74d","6a9429bb47799b7f566bd5b2","2026-08-30 09:05"
"Frixy","5fe0f461f3881a0001805646","koekemonster","602ea9c05fa0b100010db2b3","6a94299347799b7f566bd511","2026-08-30 09:06"
"BYL","665af55a0f1c875d08a700fb","Jimbo Junk","5588a2efb8a3409dec36f9de","6a9429f1f5574cc1728e0cf9","2026-08-30 09:06"
"Wijn.","657979f3db414bd0da540f23","Jacky Wong","63be7833696b395b1a06db85","6a94288d47799b7f566bd167","2026-08-30 09:06"
"路易十六","65337c686711b99177ed189b","ましろ","60622a237c864a00019b5334","6a94295c47799b7f566bd43c","2026-08-30 09:06"
"Babrnoch (retired & retarded)","676c36f3ae31f29e4b2ef2f5","Ruben","5e1334ba1b34a033c801a9e8","6a9429c247799b7f566bd5bf","2026-08-30 09:07"
"Señorita Plonquita","664ad9de273fe0303a386b45","https://www.twitch.tv/qule0","635d8550c15309de668daf99","6a94299670037071fd93d1d3","2026-08-30 09:07"
"Kastries","67c9d3612160aecea9218f63","Kraim","655c88001a146e82ab9593a5","6a942a0147799b7f566bd6a0","2026-08-30 09:07"
"Dumby The Wizard","62d3d7745f2d61d4ee64cca9","Zhihh","63b435e80510075fa39ac039","6a9429d647799b7f566bd609","2026-08-30 09:07"
"Flubbersticks","69387a54dc6fdd9da05c91cd","数字信号处理","62a559ad291a85ec390d343e","6a942a5e47799b7f566bd7d3","2026-08-30 09:07"
"Herrjiell","6463ce1ce623a26f09da5866","pan","5ff3206bbc4e8c00013e4b25","6a9428a447799b7f566bd1b0","2026-08-30 09:08"
"Shakazaramesh","5ef2945bbb96627c9ce5f63f","pasycat粉丝","6825e5c37465249750d5a93f","6a942945f5574cc1728e0b88","2026-08-30 09:08"
"Omnia mea mecum porto","61484b52add2db00018fe1ec","Bulgariunaci","5ee07a02053ea52a8454e6c2","6a9429dff5574cc1728e0cd2","2026-08-30 09:08"
"Brzoza","60ababeffb1efa0001302754","Olekron","603a9f77af90ab00018b34a9","6a942988f5574cc1728e0c21","2026-08-30 09:08"
"Eli's Kidney","632042618c4156e6645c5a75","Geoplonker","63e1d8513621f1ba4a58fb70","6a94296547799b7f566bd45a","2026-08-30 09:08"
"ManaphyIstToll","66c10e6b814c3996e77223cc","Umbrella☔","6814628ed8477060002e00ba","6a942a6e47799b7f566bd809","2026-08-30 09:08"
"Delema()()()","65869f62df3f7bea3fa1d675","teddy bear","66f081f2bf4b230a2fcb970c","6a942a7547799b7f566bd817","2026-08-30 09:09"
"제주돌담","662e7bbc482dcf2828a3fbbc","Jonas","661ad4c4073f663c21b57fe6","6a942a3647799b7f566bd749","2026-08-30 09:09"
"hoppyface","5d6e4022b4ec1709f0729979","pan","5ff3206bbc4e8c00013e4b25","6a942b1a47799b7f566bda41","2026-08-30 09:10"
"Salem","63af4615494c2bc27e4a2f31","Maksonic","619d09bdc4ab7000016c68d3","6a94297c47799b7f566bd4b0","2026-08-30 09:10"
"Julian","5a8eb2d498cc2c6744a88ce4","mikowhy","659c9d0a72300acff1deb5df","6a9428e047799b7f566bd27e","2026-08-30 09:10"
"koekemonster","602ea9c05fa0b100010db2b3","BYL","665af55a0f1c875d08a700fb","6a942ab647799b7f566bd8f4","2026-08-30 09:10"
"Kraim","655c88001a146e82ab9593a5","Jimbo Junk","5588a2efb8a3409dec36f9de","6a942ae047799b7f566bd995","2026-08-30 09:10"
"Zendaya","679def87311b366ecb41dcae","Anna","611760155078c2000158aa4b","6a942a8747799b7f566bd850","2026-08-30 09:10"
"M1lan","67473d086316c898fe734668","Iggy","66ca5169941900a1527c86d1","6a9429f9f5574cc1728e0d05","2026-08-30 09:11"
"Flubbersticks","69387a54dc6fdd9da05c91cd","数字信号处理","62a559ad291a85ec390d343e","6a942adf47799b7f566bd98e","2026-08-30 09:11"
"pan","5ff3206bbc4e8c00013e4b25","Herrjiell","6463ce1ce623a26f09da5866","6a942b2af5574cc1728e0f79","2026-08-30 09:12"
"Wijn.","657979f3db414bd0da540f23","Jacky Wong","63be7833696b395b1a06db85","6a942ab2f5574cc1728e0e71","2026-08-30 09:12"
"Zhihh","63b435e80510075fa39ac039","Luuuuuu :)","62e8d4366d2691f34172c855","6a942b0ef5574cc1728e0f3f","2026-08-30 09:12"
"Geoplonker","63e1d8513621f1ba4a58fb70","Ruben","5e1334ba1b34a033c801a9e8","6a942b1f47799b7f566bda4d","2026-08-30 09:12"
"teddy bear","66f081f2bf4b230a2fcb970c","Jonas","661ad4c4073f663c21b57fe6","6a942b5a47799b7f566bdb21","2026-08-30 09:13"
"https://www.twitch.tv/qule0","635d8550c15309de668daf99","Kastries","67c9d3612160aecea9218f63","6a942acf47799b7f566bd959","2026-08-30 09:13"
"Dumby The Wizard","62d3d7745f2d61d4ee64cca9","PQ","6953a5aff57e451db5af2a86","6a942b9247799b7f566bdbe8","2026-08-30 09:13"
"hoppyface","5d6e4022b4ec1709f0729979","Bad At Geo","5d46b0bb3b4b6a4968620f7b","6a942bb0f5574cc1728e10b0","2026-08-30 09:14"
"Delema()()()","65869f62df3f7bea3fa1d675","pan","5ff3206bbc4e8c00013e4b25","6a942bae47799b7f566bdc4d","2026-08-30 09:14"
"Frixy","5fe0f461f3881a0001805646","koekemonster","602ea9c05fa0b100010db2b3","6a942b7947799b7f566bdba2","2026-08-30 09:14"
"Brzoza","60ababeffb1efa0001302754","kriszh","5922abce1bba700c703b0c00","6a942b27f5574cc1728e0f72","2026-08-30 09:14"
"Sandman5","68e3f9f00a56d04f694094b5","Rasender","5d36bec124ec173888d3a33a","6a942ac147799b7f566bd91c","2026-08-30 09:15"
"mikowhy","659c9d0a72300acff1deb5df","BYL","665af55a0f1c875d08a700fb","6a942ba847799b7f566bdc39","2026-08-30 09:15"
"thenderson netanyahu","651735b2324c811102e538a6","كافوركافوركافوركافوركافوركافور","6a4f8afe312818a4781ffecf","6a942c2947799b7f566bddf2","2026-08-30 09:15"
"Jonas","661ad4c4073f663c21b57fe6","https://www.twitch.tv/qule0","635d8550c15309de668daf99","6a942c59f21be2f5ee4c39b9","2026-08-30 09:15"
"Pedro Sampaio","63a8b951fb73701f4020d786","iNS4NE","596fcdabcf818c83482add39","6a9429b3f5574cc1728e0c76","2026-08-30 09:16"
"teddy bear","66f081f2bf4b230a2fcb970c","koekemonster","602ea9c05fa0b100010db2b3","6a942c67f5574cc1728e1259","2026-08-30 09:16"
"Salem","63af4615494c2bc27e4a2f31","Maksonic","619d09bdc4ab7000016c68d3","6a942bcaf5574cc1728e10e2","2026-08-30 09:16"
"Luca","62faac056417c6c320e282de","pasycat粉丝","6825e5c37465249750d5a93f","6a942b6747799b7f566bdb4d","2026-08-30 09:16"
"SignpostSlayer","5cd1da5575345f65c86dea02","路易十六","65337c686711b99177ed189b","6a942a9d47799b7f566bd8aa","2026-08-30 09:16"
"Olekron","603a9f77af90ab00018b34a9","ManaphyIstToll","66c10e6b814c3996e77223cc","6a942b39f5574cc1728e0f9b","2026-08-30 09:16"
"Jimbo Junk","5588a2efb8a3409dec36f9de","Eli's Kidney","632042618c4156e6645c5a75","6a942bd447799b7f566bdcb5","2026-08-30 09:16"
"david attenborough","6202fc2fed74670001f9a180","M1lan","67473d086316c898fe734668","6a942be847799b7f566bdd09","2026-08-30 09:17"
"Jonas","661ad4c4073f663c21b57fe6","Math56","65183f23fa133d34a1c57ac1","6a942cc047799b7f566be01c","2026-08-30 09:17"
"Flubbersticks","69387a54dc6fdd9da05c91cd","数字信号处理","62a559ad291a85ec390d343e","6a942bc2d479411664876631","2026-08-30 09:17"
"Zendaya","679def87311b366ecb41dcae","https://www.twitch.tv/qule0","635d8550c15309de668daf99","6a942cbd47799b7f566be000","2026-08-30 09:17"
"Delema()()()","65869f62df3f7bea3fa1d675","pan","5ff3206bbc4e8c00013e4b25","6a942ca5f5574cc1728e12e3","2026-08-30 09:18"
"koekemonster","602ea9c05fa0b100010db2b3","pasycat粉丝","6825e5c37465249750d5a93f","6a942d1e47799b7f566be16d","2026-08-30 09:18"
"PLK","62179a5c8e88d400010d91ea","Brzoza","60ababeffb1efa0001302754","6a942c9f47799b7f566bdf98","2026-08-30 09:18"
"Umbrella☔","6814628ed8477060002e00ba","Spinner2k","6222449c68dc010001609860","6a942b7547799b7f566bdb8a","2026-08-30 09:18"
"기니","67493198473744059fbb9736","Eamonn","5e2e983722bbda85a40e9009","6a942a5747799b7f566bd7b9","2026-08-30 09:19"
"Delema()()()","65869f62df3f7bea3fa1d675","pan","5ff3206bbc4e8c00013e4b25","6a942ca5f5574cc1728e12e3","2026-08-30 09:19"
"Math56","65183f23fa133d34a1c57ac1","M1lan","67473d086316c898fe734668","6a942d37f5574cc1728e143a","2026-08-30 09:20"
"Maksonic","619d09bdc4ab7000016c68d3","Jonas","661ad4c4073f663c21b57fe6","6a942d42f5574cc1728e145f","2026-08-30 09:20"
"Joo-eun.","6a290dd1cf6b59479a2ae4de","Zhihh","63b435e80510075fa39ac039","6a942c8447799b7f566bdf2d","2026-08-30 09:20"
"hoppyface","5d6e4022b4ec1709f0729979","Bad At Geo","5d46b0bb3b4b6a4968620f7b","6a942ceef5574cc1728e137e","2026-08-30 09:21"
"Delema()()()","65869f62df3f7bea3fa1d675","pan","5ff3206bbc4e8c00013e4b25","6a942d76f5574cc1728e14da","2026-08-30 09:21"
"Jonas","661ad4c4073f663c21b57fe6","pasycat粉丝","6825e5c37465249750d5a93f","6a942e0547799b7f566be49c","2026-08-30 09:21"
"Flubbersticks","69387a54dc6fdd9da05c91cd","数字信号处理","62a559ad291a85ec390d343e","6a942d2e47799b7f566be1ac","2026-08-30 09:21"
"路易十六","65337c686711b99177ed189b","ManaphyIstToll","66c10e6b814c3996e77223cc","6a942d0647799b7f566be101","2026-08-30 09:21"
"Zendaya","679def87311b366ecb41dcae","Venux","601d72df848235000143965e","6a942d5247799b7f566be228","2026-08-30 09:21"
"koekemonster","602ea9c05fa0b100010db2b3","david attenborough","6202fc2fed74670001f9a180","6a942d2547799b7f566be18d","2026-08-30 09:22"
"kriszh","5922abce1bba700c703b0c00","Shakazaramesh","5ef2945bbb96627c9ce5f63f","6a942ca5f5574cc1728e12e2","2026-08-30 09:22"
"Brzoza","60ababeffb1efa0001302754","PLK","62179a5c8e88d400010d91ea","6a942d6247799b7f566be266","2026-08-30 09:22"
"Wijn.","657979f3db414bd0da540f23","Dumby The Wizard","62d3d7745f2d61d4ee64cca9","6a942c4f47799b7f566bde79","2026-08-30 09:22"
"Salem","63af4615494c2bc27e4a2f31","koekemonster","602ea9c05fa0b100010db2b3","6a942d1a47799b7f566be162","2026-08-30 09:23"
"Anna","611760155078c2000158aa4b","Jacky Wong","63be7833696b395b1a06db85","6a942c2547799b7f566bdde2","2026-08-30 09:23"
"pan","5ff3206bbc4e8c00013e4b25","Eamonn","5e2e983722bbda85a40e9009","6a942dadf5574cc1728e1543","2026-08-30 09:24"
"Maksonic","619d09bdc4ab7000016c68d3","Eriko Hashimoto","6a35e9a0766da45cf34f631b","6a942e1547799b7f566be4ce","2026-08-30 09:24"
"Albanian Guy","58796ade8b9ff486d81bbad5","pan","5ff3206bbc4e8c00013e4b25","6a942ed2f5574cc1728e1808","2026-08-30 09:25"
"koekemonster","602ea9c05fa0b100010db2b3","PLK","62179a5c8e88d400010d91ea","6a942ebff5574cc1728e17d7","2026-08-30 09:25"
"Jimbo Junk","5588a2efb8a3409dec36f9de","BYL","665af55a0f1c875d08a700fb","6a942d0947799b7f566be112","2026-08-30 09:25"
"Salem","63af4615494c2bc27e4a2f31","teddy bear","66f081f2bf4b230a2fcb970c","6a942ea747799b7f566be715","2026-08-30 09:26"
"david attenborough","6202fc2fed74670001f9a180","Jonas","661ad4c4073f663c21b57fe6","6a942e4b47799b7f566be5b8","2026-08-30 09:26"
"Dan YAile","60ef0697612a5400012c89a3","Eriko Hashimoto","6a35e9a0766da45cf34f631b","6a942f0a47799b7f566be860","2026-08-30 09:26"
"Brzoza","60ababeffb1efa0001302754","koekemonster","602ea9c05fa0b100010db2b3","6a942e69f5574cc1728e1703","2026-08-30 09:26"
"pasycat粉丝","6825e5c37465249750d5a93f","Zendaya","679def87311b366ecb41dcae","6a942e4e47799b7f566be5cd","2026-08-30 09:26"
"Curlsphil","634725814a2b0615fad04fb9","unkic","5f9ed2e3816d75000139f509","6a942adcf5574cc1728e0ed9","2026-08-30 09:26"
"数字信号处理","62a559ad291a85ec390d343e","Flubbersticks","69387a54dc6fdd9da05c91cd","6a942e41f5574cc1728e1696","2026-08-30 09:26"
"mkpz (0 meta)","67a21e129f1298f53483a74d","Venux","601d72df848235000143965e","6a942ebc47799b7f566be751","2026-08-30 09:26"
"Ruben","5e1334ba1b34a033c801a9e8","陀飞轮","664890bee33770c5d3492d55","6a942e6847799b7f566be622","2026-08-30 09:26"
"Bad At Geo","5d46b0bb3b4b6a4968620f7b","pan","5ff3206bbc4e8c00013e4b25","6a942f2947799b7f566be8d2","2026-08-30 09:27"
"Pedro Sampaio","63a8b951fb73701f4020d786","Rasender","5d36bec124ec173888d3a33a","6a942d4147799b7f566be1f3","2026-08-30 09:27"
"Luca","62faac056417c6c320e282de","Sandman5","68e3f9f00a56d04f694094b5","6a942d1847799b7f566be15a","2026-08-30 09:27"
"제주돌담","662e7bbc482dcf2828a3fbbc","mikowhy","659c9d0a72300acff1deb5df","6a942cb7f5574cc1728e130d","2026-08-30 09:27"
"雨又潇潇","635a7c4f940d8dc91bd25ec4","Bad At Geo","5d46b0bb3b4b6a4968620f7b","6a942f7e321b2b96aebf8112","2026-08-30 09:28"
"pasycat粉丝","6825e5c37465249750d5a93f","LayBay","5f29802d3ae4f70001339734","6a942f6947799b7f566bea01","2026-08-30 09:28"
"Olekron","603a9f77af90ab00018b34a9","Dumby The Wizard","62d3d7745f2d61d4ee64cca9","6a942e77f5574cc1728e171d","2026-08-30 09:28"
"كافوركافوركافوركافوركافوركافور","6a4f8afe312818a4781ffecf","Zeblob","6424147d3a74e2377d8a65a7","6a942cb4f5574cc1728e1308","2026-08-30 09:28"
"Math56","65183f23fa133d34a1c57ac1","teddy bear","66f081f2bf4b230a2fcb970c","6a942f66f5574cc1728e19db","2026-08-30 09:29"
"Jacky Wong","63be7833696b395b1a06db85",".jp","6214e6ed8d1fd100017e1c79","6a942ec4f5574cc1728e17e0","2026-08-30 09:29"
"Bad At Geo","5d46b0bb3b4b6a4968620f7b","pan","5ff3206bbc4e8c00013e4b25","6a942f2947799b7f566be8d2","2026-08-30 09:30"
"Maksonic","619d09bdc4ab7000016c68d3","koekemonster","602ea9c05fa0b100010db2b3","6a942f2147799b7f566be8b6","2026-08-30 09:30"
"Dan YAile","60ef0697612a5400012c89a3","koekemonster","602ea9c05fa0b100010db2b3","6a942f6a47799b7f566bea05","2026-08-30 09:30"
"M1lan","67473d086316c898fe734668","SignpostSlayer","5cd1da5575345f65c86dea02","6a942dfbf5574cc1728e15ee","2026-08-30 09:30"
"PLK","62179a5c8e88d400010d91ea","koekemonster","602ea9c05fa0b100010db2b3","6a942f4247799b7f566be941","2026-08-30 09:30"
"BYL","665af55a0f1c875d08a700fb","Jonas","661ad4c4073f663c21b57fe6","6a942f8747799b7f566bea65","2026-08-30 09:30"
"Flubbersticks","69387a54dc6fdd9da05c91cd","数字信号处理","62a559ad291a85ec390d343e","6a942f67f5574cc1728e19dc","2026-08-30 09:30"
"Zhihh","63b435e80510075fa39ac039","Luuuuuu :)","62e8d4366d2691f34172c855","6a942eab47799b7f566be720","2026-08-30 09:30"
"pan","5ff3206bbc4e8c00013e4b25","Delema()()()","65869f62df3f7bea3fa1d675","6a942f92f5574cc1728e1a4f","2026-08-30 09:31"
"Eriko Hashimoto","6a35e9a0766da45cf34f631b","david attenborough","6202fc2fed74670001f9a180","6a942f6a47799b7f566bea06","2026-08-30 09:31"
"Shakazaramesh","5ef2945bbb96627c9ce5f63f","Wijn.","657979f3db414bd0da540f23","6a942e8f47799b7f566be6aa","2026-08-30 09:32"
"Ruben","5e1334ba1b34a033c801a9e8","男方鬆 - Mr. Nanfsong","6409beba17491edb5a32b684","6a942fab47799b7f566beaf0","2026-08-30 09:32"
"Eli's Kidney","632042618c4156e6645c5a75","Jimbo Junk","5588a2efb8a3409dec36f9de","6a942f0b47799b7f566be862","2026-08-30 09:32"
"mkpz (0 meta)","67a21e129f1298f53483a74d","Lucas Labubu","6227feb9e7a8b70001576aeb","6a943061f5574cc1728e1c9f","2026-08-30 09:32"
"koekemonster","602ea9c05fa0b100010db2b3","BYL","665af55a0f1c875d08a700fb","6a94303c47799b7f566bed00","2026-08-30 09:33"
"kriszh","5922abce1bba700c703b0c00","LetsCrime (chatbanned)","67a80cc003077ed0dfc834ab","6a942f33f5574cc1728e1911","2026-08-30 09:33"
"Jonas","661ad4c4073f663c21b57fe6","teddy bear","66f081f2bf4b230a2fcb970c","6a94302f47799b7f566becd2","2026-08-30 09:33"
"Mich","5ef35fd819612a2940d22de2","pasycat粉丝","6825e5c37465249750d5a93f","6a942fe747799b7f566bebde","2026-08-30 09:33"
"iNS4NE","596fcdabcf818c83482add39","Herrjiell","6463ce1ce623a26f09da5866","6a942d9e70037071fd93d77e","2026-08-30 09:34"
"Delema()()()","65869f62df3f7bea3fa1d675","pan","5ff3206bbc4e8c00013e4b25","6a943098f5574cc1728e1d21","2026-08-30 09:34"
"Dan YAile","60ef0697612a5400012c89a3","M1lan","67473d086316c898fe734668","6a94308647799b7f566bee53","2026-08-30 09:34"
"thenderson netanyahu","651735b2324c811102e538a6","ImAkiro","5a2ac652393725796877c061","6a942f0e47799b7f566be873","2026-08-30 09:34"
"Flubbersticks","69387a54dc6fdd9da05c91cd","数字信号处理","62a559ad291a85ec390d343e","6a94304e47799b7f566bed46","2026-08-30 09:34"
"男方鬆 - Mr. Nanfsong","6409beba17491edb5a32b684","Venux","601d72df848235000143965e","6a9430df47799b7f566befb2","2026-08-30 09:34"
"Jacky Wong","63be7833696b395b1a06db85","ManaphyIstToll","66c10e6b814c3996e77223cc","6a94301047799b7f566bec6b","2026-08-30 09:34"
"Delema()()()","65869f62df3f7bea3fa1d675","pan","5ff3206bbc4e8c00013e4b25","6a943098f5574cc1728e1d21","2026-08-30 09:35"
"Pedro Sampaio","63a8b951fb73701f4020d786","Sandman5","68e3f9f00a56d04f694094b5","6a942f8b89301ec6934581bd","2026-08-30 09:35"
"Eriko Hashimoto","6a35e9a0766da45cf34f631b","koekemonster","602ea9c05fa0b100010db2b3","6a94308f47799b7f566bee76","2026-08-30 09:35"
"Math56","65183f23fa133d34a1c57ac1","Albanian Guy","58796ade8b9ff486d81bbad5","6a942ffb47799b7f566bec29","2026-08-30 09:36"
"koekemonster","602ea9c05fa0b100010db2b3","teddy bear","66f081f2bf4b230a2fcb970c","6a9430dd47799b7f566befab","2026-08-30 09:36"
"Zhihh","63b435e80510075fa39ac039","xyz121","69743aff656999ac66c57552","6a94306847799b7f566bedc5","2026-08-30 09:36"
"雨又潇潇","635a7c4f940d8dc91bd25ec4","Herrjiell","6463ce1ce623a26f09da5866","6a94315347799b7f566bf148","2026-08-30 09:37"
"Rasender","5d36bec124ec173888d3a33a","mikowhy","659c9d0a72300acff1deb5df","6a942ffdf5574cc1728e1ba2","2026-08-30 09:37"
"bagaboiebailey","5fcef4a643dcb200016784ef","Jimbo Junk","5588a2efb8a3409dec36f9de","6a9430d447799b7f566bef85","2026-08-30 09:37"
"SignpostSlayer","5cd1da5575345f65c86dea02","Wijn.","657979f3db414bd0da540f23","6a9430c147799b7f566bef4b","2026-08-30 09:37"
"男方鬆 - Mr. Nanfsong","6409beba17491edb5a32b684","pasycat粉丝","6825e5c37465249750d5a93f","6a943122f5574cc1728e1e65","2026-08-30 09:37"
"hoppyface","5d6e4022b4ec1709f0729979","Bad At Geo","5d46b0bb3b4b6a4968620f7b","6a94306547799b7f566bedbb","2026-08-30 09:38"
"Jamabi","5e5fcc1326bbda5284e824cf","Gaizkaiser","61e67e2b8a1e1100013538d3","6a9430f847799b7f566bf008","2026-08-30 09:38"
"koekemonster","602ea9c05fa0b100010db2b3","Eriko Hashimoto","6a35e9a0766da45cf34f631b","6a94316f47799b7f566bf1c7","2026-08-30 09:38"
"Jonas","661ad4c4073f663c21b57fe6","Dan YAile","60ef0697612a5400012c89a3","6a94314b47799b7f566bf117","2026-08-30 09:38"
"كافوركافوركافوركافوركافوركافور","6a4f8afe312818a4781ffecf","estatista","64dc0ed490256c1eba066c5f","6a942ff547799b7f566bec14","2026-08-30 09:38"
"Ruben","5e1334ba1b34a033c801a9e8","LayBay","5f29802d3ae4f70001339734","6a94313b47799b7f566bf0ed","2026-08-30 09:38"
"제주돌담","662e7bbc482dcf2828a3fbbc","david attenborough","6202fc2fed74670001f9a180","6a9430b747799b7f566bef2d","2026-08-30 09:39"
"PLK","62179a5c8e88d400010d91ea","koekemonster","602ea9c05fa0b100010db2b3","6a94316447799b7f566bf188","2026-08-30 09:39"
"BYL","665af55a0f1c875d08a700fb","Aaryan22","657021f7412bfd95aad62550","6a9430f1f5574cc1728e1dec","2026-08-30 09:39"
"Olekron","603a9f77af90ab00018b34a9","Dumby The Wizard","62d3d7745f2d61d4ee64cca9","6a942fd7f5574cc1728e1b27","2026-08-30 09:39"
"mkpz (0 meta)","67a21e129f1298f53483a74d","ManaphyIstToll","66c10e6b814c3996e77223cc","6a94312a47799b7f566bf0b7","2026-08-30 09:39"
"iNS4NE","596fcdabcf818c83482add39","pan","5ff3206bbc4e8c00013e4b25","6a94313ef5574cc1728e1e9f","2026-08-30 09:40"
"Albanian Guy","58796ade8b9ff486d81bbad5","pan","5ff3206bbc4e8c00013e4b25","6a9431c4f5574cc1728e1fdd","2026-08-30 09:40"
"koekemonster","602ea9c05fa0b100010db2b3","Brzoza","60ababeffb1efa0001302754","6a9431c947799b7f566bf2f6","2026-08-30 09:40"
"Jonas","661ad4c4073f663c21b57fe6","david attenborough","6202fc2fed74670001f9a180","6a943244321b2b96aebf85e0","2026-08-30 09:40"
"M1lan","67473d086316c898fe734668","Shakazaramesh","5ef2945bbb96627c9ce5f63f","6a94314147799b7f566bf0fb","2026-08-30 09:40"
"Sonnenblumen Shared Alt","6a515fcdcf750a7a944559c1","Dryz BE","5eecee5562df1243a0ced7ab","6a9431b147799b7f566bf29f","2026-08-30 09:40"
"Gaizkaiser","61e67e2b8a1e1100013538d3","雨又潇潇","635a7c4f940d8dc91bd25ec4","6a94323947799b7f566bf4c1","2026-08-30 09:41"
"Anna","611760155078c2000158aa4b","ზემოZemo","6374c4da3e5fd00834bf34e8","6a94314a47799b7f566bf113","2026-08-30 09:41"
"mkpz (0 meta)","67a21e129f1298f53483a74d","estatista","64dc0ed490256c1eba066c5f","6a94325f47799b7f566bf55e","2026-08-30 09:41"
"陀飞轮","664890bee33770c5d3492d55","男方鬆 - Mr. Nanfsong","6409beba17491edb5a32b684","6a94320b321b2b96aebf858e","2026-08-30 09:41"
"Jeppsa","64394435c84d0d06e2ce5c81","shury","5ee010abc291f45e88d74565","6a9431c8321b2b96aebf850c","2026-08-30 09:41"
"Luiz Henrique","67ffcf4fce0f332d5553d6b4","Luuuuuu :)","62e8d4366d2691f34172c855","6a94311a47799b7f566bf07f","2026-08-30 09:41"
"mikowhy","659c9d0a72300acff1deb5df","teddy bear","66f081f2bf4b230a2fcb970c","6a9431e3f5574cc1728e2044","2026-08-30 09:42"
"Jan","63b9dd9d4448f55006bb8b92","pasycat粉丝","6825e5c37465249750d5a93f","6a94324047799b7f566bf4df","2026-08-30 09:42"
"Albanian Guy","58796ade8b9ff486d81bbad5","pan","5ff3206bbc4e8c00013e4b25","6a9432bb47799b7f566bf6c6","2026-08-30 09:43"
"Mich","5ef35fd819612a2940d22de2","Luca","62faac056417c6c320e282de","6a94311247799b7f566bf068","2026-08-30 09:43"
"Wijn.","657979f3db414bd0da540f23","Jimbo Junk","5588a2efb8a3409dec36f9de","6a94320447799b7f566bf40d","2026-08-30 09:43"
"LayBay","5f29802d3ae4f70001339734","Jacky Wong","63be7833696b395b1a06db85","6a943247f5574cc1728e2152","2026-08-30 09:43"
"Dan YAile","60ef0697612a5400012c89a3","Pedro Sampaio","63a8b951fb73701f4020d786","6a943234f5574cc1728e2116","2026-08-30 09:44"
"koekemonster","602ea9c05fa0b100010db2b3","Math56","65183f23fa133d34a1c57ac1","6a94321547799b7f566bf443","2026-08-30 09:44"
"Eriko Hashimoto","6a35e9a0766da45cf34f631b","teddy bear","66f081f2bf4b230a2fcb970c","6a94331cf5574cc1728e23ac","2026-08-30 09:45"
"Henrik","5ffda066ad68a300017a45e1","david attenborough","6202fc2fed74670001f9a180","6a9432ad47799b7f566bf696","2026-08-30 09:45"
"bagaboiebailey","5fcef4a643dcb200016784ef","Shakazaramesh","5ef2945bbb96627c9ce5f63f","6a9432e547799b7f566bf779","2026-08-30 09:45"
"BYL","665af55a0f1c875d08a700fb","Aaryan22","657021f7412bfd95aad62550","6a943276f5574cc1728e21b3","2026-08-30 09:45"
"pasycat粉丝","6825e5c37465249750d5a93f","男方鬆 - Mr. Nanfsong","6409beba17491edb5a32b684","6a94331547799b7f566bf836","2026-08-30 09:45"
"kamashi","5f05f249c6fbab6460381063","Lucas Labubu","6227feb9e7a8b70001576aeb","6a9430fc47799b7f566bf01f","2026-08-30 09:45"
"Bad At Geo","5d46b0bb3b4b6a4968620f7b","Herrjiell","6463ce1ce623a26f09da5866","6a943210f5574cc1728e20c5","2026-08-30 09:46"
"Sonnenblumen Shared Alt","6a515fcdcf750a7a944559c1","Popaul13","5d91096d1d19abf5d8ec8d11","6a9432f147799b7f566bf7ac","2026-08-30 09:46"
"koekemonster","602ea9c05fa0b100010db2b3","Math56","65183f23fa133d34a1c57ac1","6a94338247799b7f566bf9df","2026-08-30 09:47"
"Dan YAile","60ef0697612a5400012c89a3","teddy bear","66f081f2bf4b230a2fcb970c","6a9433e747799b7f566bfb8d","2026-08-30 09:47"
"Mitteconrad","6056349f72a5a900014128a9","thenderson netanyahu","651735b2324c811102e538a6","6a9431f247799b7f566bf3ba","2026-08-30 09:47"
"PLK","62179a5c8e88d400010d91ea","제주돌담","662e7bbc482dcf2828a3fbbc","6a94327e47799b7f566bf5e3","2026-08-30 09:47"
"Albanian Guy","58796ade8b9ff486d81bbad5","pan","5ff3206bbc4e8c00013e4b25","6a9432bb47799b7f566bf6c6","2026-08-30 09:48"
"Finn Siemon","66eb7b4a062332fb60915d65","Wndntt","67607c5f15734408543abb64","6a94337df5574cc1728e249f","2026-08-30 09:48"
"Gaizkaiser","61e67e2b8a1e1100013538d3","雨又潇潇","635a7c4f940d8dc91bd25ec4","6a94330247799b7f566bf7f6","2026-08-30 09:49"
"koekemonster","602ea9c05fa0b100010db2b3","Math56","65183f23fa133d34a1c57ac1","6a94342847799b7f566bfc71","2026-08-30 09:49"
"男方鬆 - Mr. Nanfsong","6409beba17491edb5a32b684","pasycat粉丝","6825e5c37465249750d5a93f","6a9433b470037071fd93e1b2","2026-08-30 09:49"
"Ruben","5e1334ba1b34a033c801a9e8","陀飞轮","664890bee33770c5d3492d55","6a9433daf5574cc1728e25f4","2026-08-30 09:49"
"Zhihh","63b435e80510075fa39ac039","estatista","64dc0ed490256c1eba066c5f","6a9433dc47799b7f566bfb50","2026-08-30 09:49"
"ზემოZemo","6374c4da3e5fd00834bf34e8","Afonso097tv","626344b2a37c8bc48cd849b8","6a9432e147799b7f566bf75f","2026-08-30 09:49"
"Shiina","5de7a59044d2a42f78156b33","Rasender","5d36bec124ec173888d3a33a","6a94332747799b7f566bf875","2026-08-30 09:50"
"pan","5ff3206bbc4e8c00013e4b25","Albanian Guy","58796ade8b9ff486d81bbad5","6a94336df5574cc1728e2470","2026-08-30 09:50"
"koekemonster","602ea9c05fa0b100010db2b3","teddy bear","66f081f2bf4b230a2fcb970c","6a94345247799b7f566bfcf8","2026-08-30 09:50"
"Shakazaramesh","5ef2945bbb96627c9ce5f63f","bagaboiebailey","5fcef4a643dcb200016784ef","6a9433cc47799b7f566bfb09","2026-08-30 09:50"
"Eli's Kidney","632042618c4156e6645c5a75","Rapanui","56b34d54f0f54423887879e3","6a94347f47799b7f566bfd84","2026-08-30 09:51"
"david attenborough","6202fc2fed74670001f9a180","Luca","62faac056417c6c320e282de","6a9433b747799b7f566bfabd","2026-08-30 09:52"
"Wijn.","657979f3db414bd0da540f23","Jimbo Junk","5588a2efb8a3409dec36f9de","6a94336f47799b7f566bf98c","2026-08-30 09:52"
"Peter Dictator","684c775aeb78c494d9ee6b7a","PLK","62179a5c8e88d400010d91ea","6a94343947799b7f566bfcb6","2026-08-30 09:52"
"Finn Siemon","66eb7b4a062332fb60915d65","Ruben","5e1334ba1b34a033c801a9e8","6a9434aef5574cc1728e2818","2026-08-30 09:52"
"雨又潇潇","635a7c4f940d8dc91bd25ec4","koekemonster","602ea9c05fa0b100010db2b3","6a9434d5f5574cc1728e2874","2026-08-30 09:53"
"Herrjiell","6463ce1ce623a26f09da5866","BYL","665af55a0f1c875d08a700fb","6a94342947799b7f566bfc73","2026-08-30 09:53"
"Eriko Hashimoto","6a35e9a0766da45cf34f631b","Henrik","5ffda066ad68a300017a45e1","6a9433d547799b7f566bfb36","2026-08-30 09:53"
"teddy bear","66f081f2bf4b230a2fcb970c","koekemonster","602ea9c05fa0b100010db2b3","6a94351af5574cc1728e2936","2026-08-30 09:53"
"男方鬆 - Mr. Nanfsong","6409beba17491edb5a32b684","pasycat粉丝","6825e5c37465249750d5a93f","6a9434de47799b7f566bff0d","2026-08-30 09:53"
"Eli's Kidney","632042618c4156e6645c5a75","Jacky Wong","63be7833696b395b1a06db85","6a94355d47799b7f566c0101","2026-08-30 09:53"
"Delema()()()","65869f62df3f7bea3fa1d675","iNS4NE","596fcdabcf818c83482add39","6a94347247799b7f566bfd58","2026-08-30 09:54"
"pan","5ff3206bbc4e8c00013e4b25","Dan YAile","60ef0697612a5400012c89a3","6a94348747799b7f566bfdb0","2026-08-30 09:54"
"mikowhy","659c9d0a72300acff1deb5df","Jan","63b9dd9d4448f55006bb8b92","6a94331e321b2b96aebf875f","2026-08-30 09:54"
"PLK","62179a5c8e88d400010d91ea","Sidny Lopes Cabral","612b68cf6eba2c0001115c0c","6a94359547799b7f566c01db","2026-08-30 09:54"
"pan","5ff3206bbc4e8c00013e4b25","Albanian Guy","58796ade8b9ff486d81bbad5","6a94350c47799b7f566bffc7","2026-08-30 09:55"
"男方鬆 - Mr. Nanfsong","6409beba17491edb5a32b684","Venux","601d72df848235000143965e","6a9435e447799b7f566c0336","2026-08-30 09:55"
"LayBay","5f29802d3ae4f70001339734","persimmonsukip","6809563cae64cffc1988e9fe","6a94341847799b7f566bfc2a","2026-08-30 09:55"
"手癢","68db9ecbe6586dfdb1908777","橙汁牛奶","6963bcefbc79a0f23010eb7c","6a94354e47799b7f566c00bb","2026-08-30 09:55"
"iNS4NE","596fcdabcf818c83482add39","Albanian Guy","58796ade8b9ff486d81bbad5","6a94362547799b7f566c042a","2026-08-30 09:56"
"Luca","62faac056417c6c320e282de","Shakazaramesh","5ef2945bbb96627c9ce5f63f","6a94356547799b7f566c0122","2026-08-30 09:56"
"Wijn.","657979f3db414bd0da540f23","Jimbo Junk","5588a2efb8a3409dec36f9de","6a94357647799b7f566c0160","2026-08-30 09:56"
"Ruben","5e1334ba1b34a033c801a9e8","Finn Siemon","66eb7b4a062332fb60915d65","6a94357647799b7f566c0163","2026-08-30 09:56"
"koekemonster","602ea9c05fa0b100010db2b3","PLK","62179a5c8e88d400010d91ea","6a9435f947799b7f566c039c","2026-08-30 09:57"
"Zhihh","63b435e80510075fa39ac039","ზემოZemo","6374c4da3e5fd00834bf34e8","6a9434d647799b7f566bfee8","2026-08-30 09:57"
"koekemonster","602ea9c05fa0b100010db2b3","PLK","62179a5c8e88d400010d91ea","6a9435f947799b7f566c039c","2026-08-30 09:58"
"Henrik","5ffda066ad68a300017a45e1","Eriko Hashimoto","6a35e9a0766da45cf34f631b","6a9435b1f5574cc1728e2aa6","2026-08-30 09:58"
"男方鬆 - Mr. Nanfsong","6409beba17491edb5a32b684","Venux","601d72df848235000143965e","6a943643321b2b96aebf8d85","2026-08-30 09:58"
"iNS4NE","596fcdabcf818c83482add39","Albanian Guy","58796ade8b9ff486d81bbad5","6a94368af5574cc1728e2d1d","2026-08-30 09:59"
"Felix.svb","6856986bb22dea4ae40a3d22","Mitteconrad","6056349f72a5a900014128a9","6a94347847799b7f566bfd73","2026-08-30 09:59"
"Shakazaramesh","5ef2945bbb96627c9ce5f63f","Wijn.","657979f3db414bd0da540f23","6a94367e47799b7f566c057c","2026-08-30 09:59"
"Finn Siemon","66eb7b4a062332fb60915d65","橙汁牛奶","6963bcefbc79a0f23010eb7c","6a94365447799b7f566c04e9","2026-08-30 09:59"
"Sidny Lopes Cabral","612b68cf6eba2c0001115c0c","bajram_:)","5a141a876e2ae15b80944941","6a9435f047799b7f566c037c","2026-08-30 09:59"
"Eli's Kidney","632042618c4156e6645c5a75","Jacky Wong","63be7833696b395b1a06db85","6a9435b9f5574cc1728e2ad4","2026-08-30 09:59"
".","6a64f773085b0ecb549aae9e","pan","5ff3206bbc4e8c00013e4b25","6a943630f5574cc1728e2c48","2026-08-30 10:00"
".","6a64f773085b0ecb549aae9e","pan","5ff3206bbc4e8c00013e4b25","6a943630f5574cc1728e2c48","2026-08-30 10:00"
"Rasender","5d36bec124ec173888d3a33a","Herrjiell","6463ce1ce623a26f09da5866","6a9435b647799b7f566c0274","2026-08-30 10:00"
"koekemonster","602ea9c05fa0b100010db2b3","PLK","62179a5c8e88d400010d91ea","6a9436c747799b7f566c06bc","2026-08-30 10:00"
"Dan YAile","60ef0697612a5400012c89a3","david attenborough","6202fc2fed74670001f9a180","6a94360547799b7f566c03c0","2026-08-30 10:00"
"ましろ","60622a237c864a00019b5334","Jimbo Junk","5588a2efb8a3409dec36f9de","6a9436b4f5574cc1728e2d85","2026-08-30 10:00"
"teddy bear","66f081f2bf4b230a2fcb970c","Eriko Hashimoto","6a35e9a0766da45cf34f631b","6a9436f847799b7f566c079a","2026-08-30 10:01"
"Finn Siemon","66eb7b4a062332fb60915d65","男方鬆 - Mr. Nanfsong","6409beba17491edb5a32b684","6a94370947799b7f566c07fa","2026-08-30 10:01"
"Zhihh","63b435e80510075fa39ac039","bajram_:)","5a141a876e2ae15b80944941","6a9436f647799b7f566c078b","2026-08-30 10:01"
"iNS4NE","596fcdabcf818c83482add39","pan","5ff3206bbc4e8c00013e4b25","6a94374547799b7f566c08d9","2026-08-30 10:02"
"Felix.svb","6856986bb22dea4ae40a3d22","Mitteconrad","6056349f72a5a900014128a9","6a94371989301ec693458e67","2026-08-30 10:02"
"Henrik","5ffda066ad68a300017a45e1","koekemonster","602ea9c05fa0b100010db2b3","6a9436d1f5574cc1728e2dd0","2026-08-30 10:02"
"Eli's Kidney","632042618c4156e6645c5a75","Wijn.","657979f3db414bd0da540f23","6a94372847799b7f566c086c","2026-08-30 10:02"
"Luiz Henrique","67ffcf4fce0f332d5553d6b4","Umbrella☔","6814628ed8477060002e00ba","6a94356847799b7f566c012b","2026-08-30 10:02"
"Max","5f847db332173400011b50bb","Ruben","5e1334ba1b34a033c801a9e8","6a94368547799b7f566c0599","2026-08-30 10:02"
"Delema()()()","65869f62df3f7bea3fa1d675","pan","5ff3206bbc4e8c00013e4b25","6a94375747799b7f566c091c","2026-08-30 10:03"
"koekemonster","602ea9c05fa0b100010db2b3","Albanian Guy","58796ade8b9ff486d81bbad5","6a943740f5574cc1728e2ef4","2026-08-30 10:03"
"ზემოZemo","6374c4da3e5fd00834bf34e8","Action_2410","694c55152a6d3fd5f4d9ccef","6a9436c147799b7f566c069e","2026-08-30 10:03"
"Eriko Hashimoto","6a35e9a0766da45cf34f631b","teddy bear","66f081f2bf4b230a2fcb970c","6a943778321b2b96aebf8f8b","2026-08-30 10:04"
"david attenborough","6202fc2fed74670001f9a180","PLK","62179a5c8e88d400010d91ea","6a94376547799b7f566c0981","2026-08-30 10:04"
"bagaboiebailey","5fcef4a643dcb200016784ef","esther","5ec5509af849319644f425b8","6a9434f9f5574cc1728e28dc","2026-08-30 10:04"
"男方鬆 - Mr. Nanfsong","6409beba17491edb5a32b684","Tott3r","5826feba4aa178410066f039","6a94379047799b7f566c0a31","2026-08-30 10:04"
"Luiz Henrique","67ffcf4fce0f332d5553d6b4","Wijn.","657979f3db414bd0da540f23","6a9437c347799b7f566c0b30","2026-08-30 10:04"
"iNS4NE","596fcdabcf818c83482add39","pan","5ff3206bbc4e8c00013e4b25","6a9437d347799b7f566c0b68","2026-08-30 10:05"
"adameq","626c3725834eacd247226547","Herrjiell","6463ce1ce623a26f09da5866","6a943731f5574cc1728e2ed1","2026-08-30 10:05"
"MARLON","676d5a15801d2d75f4d6d09e","Brzoza","60ababeffb1efa0001302754","6a9436d5f5574cc1728e2dde","2026-08-30 10:05"
"Jonas","661ad4c4073f663c21b57fe6","Dan YAile","60ef0697612a5400012c89a3","6a943775316d45f0123a9d54","2026-08-30 10:05"
"Fructidor","5e3712631e34a03504349945","Lurkki","673dfa9f10797c20bc6721e9","6a9435e247799b7f566c032d","2026-08-30 10:05"
"chilemasterballking","64c4d20a8f7b73c424913e00","Jan","63b9dd9d4448f55006bb8b92","6a9435ebf5574cc1728e2b52","2026-08-30 10:05"
"Северная Звезда","624197cb0a09fe783347a232","橙汁牛奶","6963bcefbc79a0f23010eb7c","6a943739f5574cc1728e2ee5","2026-08-30 10:05"
"bajram_:)","5a141a876e2ae15b80944941","persimmonsukip","6809563cae64cffc1988e9fe","6a9437a147799b7f566c0a82","2026-08-30 10:05"
"Bad At Geo","5d46b0bb3b4b6a4968620f7b",".","6a64f773085b0ecb549aae9e","6a94380d47799b7f566c0c4e","2026-08-30 10:06"
"男方鬆 - Mr. Nanfsong","6409beba17491edb5a32b684","Luiz Henrique","67ffcf4fce0f332d5553d6b4","6a94384247799b7f566c0d19","2026-08-30 10:06"
"Jimbo Junk","5588a2efb8a3409dec36f9de","ましろ","60622a237c864a00019b5334","6a94376447799b7f566c097d","2026-08-30 10:06"
"ზემოZemo","6374c4da3e5fd00834bf34e8","Action_2410","694c55152a6d3fd5f4d9ccef","6a94381947799b7f566c0c77","2026-08-30 10:06"
"pan","5ff3206bbc4e8c00013e4b25","Delema()()()","65869f62df3f7bea3fa1d675","6a94387947799b7f566c0df3","2026-08-30 10:07"
"david attenborough","6202fc2fed74670001f9a180","teddy bear","66f081f2bf4b230a2fcb970c","6a943847d479411664877b9a","2026-08-30 10:07"
"Ruben","5e1334ba1b34a033c801a9e8","Wndntt","67607c5f15734408543abb64","6a94380a47799b7f566c0c40","2026-08-30 10:07"
"Bad At Geo","5d46b0bb3b4b6a4968620f7b",".","6a64f773085b0ecb549aae9e","6a9438b847799b7f566c0ed3","2026-08-30 10:08"
"pan","5ff3206bbc4e8c00013e4b25","Delema()()()","65869f62df3f7bea3fa1d675","6a9438e3f5574cc1728e3359","2026-08-30 10:08"
"Eriko Hashimoto","6a35e9a0766da45cf34f631b","Albanian Guy","58796ade8b9ff486d81bbad5","6a94383047799b7f566c0ce2","2026-08-30 10:08"
"Luiz Henrique","67ffcf4fce0f332d5553d6b4","Jacky Wong","63be7833696b395b1a06db85","6a9438a247799b7f566c0e7a","2026-08-30 10:08"
"Henrik","5ffda066ad68a300017a45e1","koekemonster","602ea9c05fa0b100010db2b3","6a9437cc47799b7f566c0b54","2026-08-30 10:09"
"NoruJumping","5c5817f33d925bc96cd177e7","bagaboiebailey","5fcef4a643dcb200016784ef","6a94382bf5574cc1728e3193","2026-08-30 10:09"
"Schwarzweiss","5cfadc71b741f84acc8b23df","Wijn.","657979f3db414bd0da540f23","6a9438b8f5574cc1728e32e8","2026-08-30 10:09"
"Umbrella☔","6814628ed8477060002e00ba","Zhihh","63b435e80510075fa39ac039","6a9437c170037071fd93e94f","2026-08-30 10:09"
"Eli's Kidney","632042618c4156e6645c5a75","danq_s","639c2a925d4cc27b2f7a898b","6a9437b847799b7f566c0aed","2026-08-30 10:09"
"Luiz Henrique","67ffcf4fce0f332d5553d6b4","Jacky Wong","63be7833696b395b1a06db85","6a94393bf5574cc1728e3405","2026-08-30 10:09"
"koekemonster","602ea9c05fa0b100010db2b3","Herrjiell","6463ce1ce623a26f09da5866","6a94388270037071fd93eac7","2026-08-30 10:10"
"Dan YAile","60ef0697612a5400012c89a3","MARLON","676d5a15801d2d75f4d6d09e","6a94389247799b7f566c0e47","2026-08-30 10:10"
"teddy bear","66f081f2bf4b230a2fcb970c","Jonas","661ad4c4073f663c21b57fe6","6a943908f21be2f5ee4c4f05","2026-08-30 10:10"
"Max","5f847db332173400011b50bb","陀飞轮","664890bee33770c5d3492d55","6a9438a347799b7f566c0e7e","2026-08-30 10:10"
"Bad At Geo","5d46b0bb3b4b6a4968620f7b",".","6a64f773085b0ecb549aae9e","6a943913321b2b96aebf92a5","2026-08-30 10:11"
"iNS4NE","596fcdabcf818c83482add39","pan","5ff3206bbc4e8c00013e4b25","6a94388247799b7f566c0e18","2026-08-30 10:11"
"Albanian Guy","58796ade8b9ff486d81bbad5","teddy bear","66f081f2bf4b230a2fcb970c","6a94391e47799b7f566c1046","2026-08-30 10:11"
"Brzoza","60ababeffb1efa0001302754","PLK","62179a5c8e88d400010d91ea","6a943870f5574cc1728e3232","2026-08-30 10:11"
"Ruben","5e1334ba1b34a033c801a9e8","男方鬆 - Mr. Nanfsong","6409beba17491edb5a32b684","6a9438ebf5574cc1728e336e","2026-08-30 10:11"
"koekemonster","602ea9c05fa0b100010db2b3","Eriko Hashimoto","6a35e9a0766da45cf34f631b","6a943956f5574cc1728e342e","2026-08-30 10:12"
"MiniKochi #1 FAN","63d29ada31674327ca09c658","Max","5f847db332173400011b50bb","6a9439b647799b7f566c1227","2026-08-30 10:12"
"Eriko Hashimoto","6a35e9a0766da45cf34f631b","koekemonster","602ea9c05fa0b100010db2b3","6a943a068b5648c77a816c82","2026-08-30 10:13"
"Eli's Kidney","632042618c4156e6645c5a75","Zhihh","63b435e80510075fa39ac039","6a94395a8b5648c77a816b18","2026-08-30 10:13"
"Luiz Henrique","67ffcf4fce0f332d5553d6b4","Wijn.","657979f3db414bd0da540f23","6a94398b47799b7f566c1190","2026-08-30 10:13"
"Herrjiell","6463ce1ce623a26f09da5866","Rasender","5d36bec124ec173888d3a33a","6a94399847799b7f566c11be","2026-08-30 10:14"
"Eriko Hashimoto","6a35e9a0766da45cf34f631b","koekemonster","602ea9c05fa0b100010db2b3","6a943a068b5648c77a816c82","2026-08-30 10:14"
"男方鬆 - Mr. Nanfsong","6409beba17491edb5a32b684","teddy bear","66f081f2bf4b230a2fcb970c","6a9439fa47799b7f566c1335","2026-08-30 10:14"
"danq_s","639c2a925d4cc27b2f7a898b","Luuuuuu :)","62e8d4366d2691f34172c855","6a943a2347799b7f566c13b0","2026-08-30 10:14"
"Jonas","661ad4c4073f663c21b57fe6","teddy bear","66f081f2bf4b230a2fcb970c","6a9439b647799b7f566c1225","2026-08-30 10:15"
"PLK","62179a5c8e88d400010d91ea","Ruben","5e1334ba1b34a033c801a9e8","6a9439dd8b5648c77a816c22","2026-08-30 10:15"
".","6a64f773085b0ecb549aae9e","Bad At Geo","5d46b0bb3b4b6a4968620f7b","6a9439cf47799b7f566c127a","2026-08-30 10:16"
"MARLON","676d5a15801d2d75f4d6d09e","Schwarzweiss","5cfadc71b741f84acc8b23df","6a943997f5574cc1728e34c7","2026-08-30 10:16"
"Eli's Kidney","632042618c4156e6645c5a75","Zhihh","63b435e80510075fa39ac039","6a943a43f5574cc1728e3637","2026-08-30 10:16"
"Umbrella☔","6814628ed8477060002e00ba","bagaboiebailey","5fcef4a643dcb200016784ef","6a94395f8b5648c77a816b1f","2026-08-30 10:16"
"LayBay","5f29802d3ae4f70001339734","persimmonsukip","6809563cae64cffc1988e9fe","6a94399e47799b7f566c11d7","2026-08-30 10:16"
"Jimbo Junk","5588a2efb8a3409dec36f9de","chilemasterballking","64c4d20a8f7b73c424913e00","6a9438ca47799b7f566c0f07","2026-08-30 10:16"
"danq_s","639c2a925d4cc27b2f7a898b","男方鬆 - Mr. Nanfsong","6409beba17491edb5a32b684","6a943ab347799b7f566c154d","2026-08-30 10:16"
"connexion de f*p","5e9662142ad6cfadc8e2db9d","Luca","62faac056417c6c320e282de","6a94393a8b5648c77a816af7","2026-08-30 10:17"
"koekemonster","602ea9c05fa0b100010db2b3","Eriko Hashimoto","6a35e9a0766da45cf34f631b","6a943a70f5574cc1728e3691","2026-08-30 10:17"
"Wijn.","657979f3db414bd0da540f23","Luiz Henrique","67ffcf4fce0f332d5553d6b4","6a943a7547799b7f566c1483","2026-08-30 10:17"
"Max","5f847db332173400011b50bb","Venux","601d72df848235000143965e","6a943a4a47799b7f566c1418","2026-08-30 10:17"
"Delema()()()","65869f62df3f7bea3fa1d675","Henrik","5ffda066ad68a300017a45e1","6a94396a8b5648c77a816b30","2026-08-30 10:18"
"Dan YAile","60ef0697612a5400012c89a3","Rasender","5d36bec124ec173888d3a33a","6a943b0847799b7f566c1686","2026-08-30 10:18"
"NoruJumping","5c5817f33d925bc96cd177e7","Brzoza","60ababeffb1efa0001302754","6a9439fff5574cc1728e35ba","2026-08-30 10:18"
"Jan","63b9dd9d4448f55006bb8b92","esther","5ec5509af849319644f425b8","6a9438aaf5574cc1728e32c9","2026-08-30 10:18"
"Bad At Geo","5d46b0bb3b4b6a4968620f7b",".","6a64f773085b0ecb549aae9e","6a943b2f47799b7f566c16fd","2026-08-30 10:19"
"PLK","62179a5c8e88d400010d91ea","Ruben","5e1334ba1b34a033c801a9e8","6a943acb47799b7f566c15b1","2026-08-30 10:19"
"Jonas","661ad4c4073f663c21b57fe6","teddy bear","66f081f2bf4b230a2fcb970c","6a943ab647799b7f566c1559","2026-08-30 10:20"
"pan","5ff3206bbc4e8c00013e4b25","iNS4NE","596fcdabcf818c83482add39","6a9439ec47799b7f566c12e8","2026-08-30 10:21"
"男方鬆 - Mr. Nanfsong","6409beba17491edb5a32b684","Max","5f847db332173400011b50bb","6a943b5bf5574cc1728e387f","2026-08-30 10:21"
"Jimbo Junk","5588a2efb8a3409dec36f9de","bagaboiebailey","5fcef4a643dcb200016784ef","6a943afe47799b7f566c1665","2026-08-30 10:21"
"danq_s","639c2a925d4cc27b2f7a898b","Eli's Kidney","632042618c4156e6645c5a75","6a943b34f5574cc1728e383b","2026-08-30 10:21"
"Wijn.","657979f3db414bd0da540f23","Luiz Henrique","67ffcf4fce0f332d5553d6b4","6a943b63f5574cc1728e3893","2026-08-30 10:22"
"Ruben","5e1334ba1b34a033c801a9e8","PLK","62179a5c8e88d400010d91ea","6a943be68b5648c77a8170c8","2026-08-30 10:22"
"koekemonster","602ea9c05fa0b100010db2b3","Albanian Guy","58796ade8b9ff486d81bbad5","6a943ab2f5574cc1728e371c","2026-08-30 10:23"
"Dan YAile","60ef0697612a5400012c89a3","Eriko Hashimoto","6a35e9a0766da45cf34f631b","6a943b8cf5574cc1728e38e8","2026-08-30 10:23"
"MARLON","676d5a15801d2d75f4d6d09e","Luca","62faac056417c6c320e282de","6a943b3947799b7f566c171b","2026-08-30 10:23"
"Brzoza","60ababeffb1efa0001302754","Schwarzweiss","5cfadc71b741f84acc8b23df","6a943b868b5648c77a816ff3","2026-08-30 10:23"
"LayBay","5f29802d3ae4f70001339734","Max","5f847db332173400011b50bb","6a943c2947799b7f566c19ff","2026-08-30 10:23"
"Shakazaramesh","5ef2945bbb96627c9ce5f63f","aguardiente","60ba2dec2056310001c27701","6a943b9b47799b7f566c1856","2026-08-30 10:24"
"男方鬆 - Mr. Nanfsong","6409beba17491edb5a32b684","danq_s","639c2a925d4cc27b2f7a898b","6a943c5389301ec693459753","2026-08-30 10:24"
"qqfr","695f4575cc12ff508343057a","Zhihh","63b435e80510075fa39ac039","6a943bfb47799b7f566c1963","2026-08-30 10:24"
"Delema()()()","65869f62df3f7bea3fa1d675","Bad At Geo","5d46b0bb3b4b6a4968620f7b","6a943bb48b5648c77a81704f","2026-08-30 10:25"
"Felix.svb","6856986bb22dea4ae40a3d22","Mitteconrad","6056349f72a5a900014128a9","6a9437cef5574cc1728e30a2","2026-08-30 10:25"
"MiniKochi #1 FAN","63d29ada31674327ca09c658","wichura240","68767692157557d5c76a0ab6","6a943c2147799b7f566c19e7","2026-08-30 10:25"
"Ruben","5e1334ba1b34a033c801a9e8","persimmonsukip","6809563cae64cffc1988e9fe","6a943c9247799b7f566c1b2b","2026-08-30 10:25"
"xyz121","69743aff656999ac66c57552","kamashi","5f05f249c6fbab6460381063","6a9439c58b5648c77a816bf2","2026-08-30 10:25"
"Brzoza","60ababeffb1efa0001302754","Jonas","661ad4c4073f663c21b57fe6","6a943c9247799b7f566c1b2a","2026-08-30 10:26"
"Fructidor","5e3712631e34a03504349945","TTV TheDaninja","5abe52986d08340f706178a3","6a94392d47799b7f566c1072","2026-08-30 10:26"
"Horizon","66451451a5194c721aa8a094","chilemasterballking","64c4d20a8f7b73c424913e00","6a943b5e47799b7f566c178e","2026-08-30 10:26"
".","6a64f773085b0ecb549aae9e","iNS4NE","596fcdabcf818c83482add39","6a943c5747799b7f566c1a7f","2026-08-30 10:27"
"Eriko Hashimoto","6a35e9a0766da45cf34f631b","Albanian Guy","58796ade8b9ff486d81bbad5","6a943cad8b5648c77a817266","2026-08-30 10:27"
"Shakazaramesh","5ef2945bbb96627c9ce5f63f","aguardiente","60ba2dec2056310001c27701","6a943ce88b5648c77a8172f7","2026-08-30 10:27"
"pan","5ff3206bbc4e8c00013e4b25","1k","5e1baa352034a083c05674a7","6a943c4247799b7f566c1a4a","2026-08-30 10:28"
"koekemonster","602ea9c05fa0b100010db2b3","Bad At Geo","5d46b0bb3b4b6a4968620f7b","6a943d3947799b7f566c1d3a","2026-08-30 10:28"
"NoruJumping","5c5817f33d925bc96cd177e7","Żukasz","602cfd5dc397fa0001f09dfb","6a943c708b5648c77a8171e3","2026-08-30 10:28"
"男方鬆 - Mr. Nanfsong","6409beba17491edb5a32b684","danq_s","639c2a925d4cc27b2f7a898b","6a943d1747799b7f566c1ccd","2026-08-30 10:28"
"Jimbo Junk","5588a2efb8a3409dec36f9de","Eli's Kidney","632042618c4156e6645c5a75","6a943c5447799b7f566c1a73","2026-08-30 10:28"
"Luiz Henrique","67ffcf4fce0f332d5553d6b4","Wijn.","657979f3db414bd0da540f23","6a943c9647799b7f566c1b38","2026-08-30 10:28"
"盲","63b6a120ed1bf0b1b513dfb8","Rasender","5d36bec124ec173888d3a33a","6a943c1f47799b7f566c19e3","2026-08-30 10:29"
"MARLON","676d5a15801d2d75f4d6d09e","Luca","62faac056417c6c320e282de","6a943cc6f5574cc1728e3b1e","2026-08-30 10:29"
"wichura240","68767692157557d5c76a0ab6","xyz121","69743aff656999ac66c57552","6a943d7047799b7f566c1de8","2026-08-30 10:29"
"GeoKitten :3","6a60cb66561c205d0831e2ad","Benji","68b8f0e6c44c45648d1adba4","6a943dddf5574cc1728e3d50","2026-08-30 10:29"
"Delema()()()","65869f62df3f7bea3fa1d675",".","6a64f773085b0ecb549aae9e","6a943dac47799b7f566c1e97","2026-08-30 10:30"
"qqfr","695f4575cc12ff508343057a","Zhihh","63b435e80510075fa39ac039","6a943cda47799b7f566c1c08","2026-08-30 10:30"
"Incomplet","6328da1f7f518e8bf2fd4335","esther","5ec5509af849319644f425b8","6a943cfd47799b7f566c1c6c","2026-08-30 10:30"
"estatista","64dc0ed490256c1eba066c5f","Jacky Wong","63be7833696b395b1a06db85","6a943c498b5648c77a81719b","2026-08-30 10:30"
"Eriko Hashimoto","6a35e9a0766da45cf34f631b","Albanian Guy","58796ade8b9ff486d81bbad5","6a943da747799b7f566c1e87","2026-08-30 10:31"
"chilemasterballking","64c4d20a8f7b73c424913e00","danq_s","639c2a925d4cc27b2f7a898b","6a943dc5f5574cc1728e3d20","2026-08-30 10:31"
"Aljosc","6285deec505b0a7a76ccca1d","Ruben","5e1334ba1b34a033c801a9e8","6a943d5e47799b7f566c1dae","2026-08-30 10:31"
"Horizon","66451451a5194c721aa8a094","aguardiente","60ba2dec2056310001c27701","6a943db88b5648c77a817509","2026-08-30 10:31"
".","6a64f773085b0ecb549aae9e","Delema()()()","65869f62df3f7bea3fa1d675","6a943e4847799b7f566c2086","2026-08-30 10:32"
"Jonas","661ad4c4073f663c21b57fe6","Brzoza","60ababeffb1efa0001302754","6a943d4d47799b7f566c1d78","2026-08-30 10:33"
"Sonnenblumen Shared Alt","6a515fcdcf750a7a944559c1","kenzi52106","6a41a2bf67657a1f1e3d4f57","6a943e5147799b7f566c209e","2026-08-30 10:33"
"iNS4NE","596fcdabcf818c83482add39","koekemonster","602ea9c05fa0b100010db2b3","6a943dc847799b7f566c1ef7","2026-08-30 10:34"
"Jamabi","5e5fcc1326bbda5284e824cf","Bad At Geo","5d46b0bb3b4b6a4968620f7b","6a943e698b5648c77a8176ac","2026-08-30 10:34"
"Incomplet","6328da1f7f518e8bf2fd4335","wichura240","68767692157557d5c76a0ab6","6a943e6747799b7f566c20d9","2026-08-30 10:34"
"plotter","674c4756fb60b9f111e6e0b4","Herrjiell","6463ce1ce623a26f09da5866","6a943a9947799b7f566c14fa","2026-08-30 10:35"
"teddy bear","66f081f2bf4b230a2fcb970c","LayBay","5f29802d3ae4f70001339734","6a943ef547799b7f566c22db","2026-08-30 10:35"
"Fructidor","5e3712631e34a03504349945","Fifonż","62a47f05cc33a10539b724eb","6a943e86f5574cc1728e3ea7","2026-08-30 10:35"
"bagaboiebailey","5fcef4a643dcb200016784ef","Slam4","60927f97129054000189c279","6a943cb28b5648c77a81726f","2026-08-30 10:35"
"Wijn.","657979f3db414bd0da540f23","Luiz Henrique","67ffcf4fce0f332d5553d6b4","6a943dfd8b5648c77a8175a5","2026-08-30 10:35"
"Eli's Kidney","632042618c4156e6645c5a75","Lucas Labubu","6227feb9e7a8b70001576aeb","6a943de047799b7f566c1f4a","2026-08-30 10:35"
".","6a64f773085b0ecb549aae9e","Delema()()()","65869f62df3f7bea3fa1d675","6a943f02f5574cc1728e3ff2","2026-08-30 10:36"
"Albanian Guy","58796ade8b9ff486d81bbad5","Eriko Hashimoto","6a35e9a0766da45cf34f631b","6a943eb947799b7f566c220f","2026-08-30 10:36"
"chilemasterballking","64c4d20a8f7b73c424913e00","Ruben","5e1334ba1b34a033c801a9e8","6a943ec047799b7f566c2222","2026-08-30 10:36"
"1k","5e1baa352034a083c05674a7","Clement","635c171d190621fb60d8bb08","6a943e87f5574cc1728e3ea8","2026-08-30 10:37"
"Luca","62faac056417c6c320e282de","MARLON","676d5a15801d2d75f4d6d09e","6a943e1f8b5648c77a8175fb","2026-08-30 10:37"
"estatista","64dc0ed490256c1eba066c5f","સિલુસ્ટરબુસ્ટર","65a298676d25e3f9160d193d","6a943e568b5648c77a817676","2026-08-30 10:37"
"danq_s","639c2a925d4cc27b2f7a898b","omigupta (YT)","62280387e7a8b70001576d3d","6a943f5c8b5648c77a817926","2026-08-30 10:37"
"Jonas","661ad4c4073f663c21b57fe6","Brzoza","60ababeffb1efa0001302754","6a943f1e47799b7f566c2376","2026-08-30 10:38"
"Skaven","684ffbcec374eb437a89fc20","ymot","5c296804097d019c9053201b","6a943d368b5648c77a8173e3","2026-08-30 10:38"
"Horizon","66451451a5194c721aa8a094","aguardiente","60ba2dec2056310001c27701","6a943e9e47799b7f566c21a2","2026-08-30 10:38"
"danq_s","639c2a925d4cc27b2f7a898b","omigupta (YT)","62280387e7a8b70001576d3d","6a943ff08b5648c77a817a5b","2026-08-30 10:38"
"teddy bear","66f081f2bf4b230a2fcb970c","Eriko Hashimoto","6a35e9a0766da45cf34f631b","6a943fca8b5648c77a817a1e","2026-08-30 10:39"
".","6a64f773085b0ecb549aae9e","Delema()()()","65869f62df3f7bea3fa1d675","6a94402d8b5648c77a817b1d","2026-08-30 10:40"
"wichura240","68767692157557d5c76a0ab6","Slam4","60927f97129054000189c279","6a943f7547799b7f566c24a7","2026-08-30 10:40"
"Ruben","5e1334ba1b34a033c801a9e8","[FatSnail] SavetheSnail","591790fc1bba70b6146c6485","6a943fd847799b7f566c25ad","2026-08-30 10:40"
"danq_s","639c2a925d4cc27b2f7a898b","omigupta (YT)","62280387e7a8b70001576d3d","6a944034f5574cc1728e42b1","2026-08-30 10:40"
"Bad At Geo","5d46b0bb3b4b6a4968620f7b","iNS4NE","596fcdabcf818c83482add39","6a943f74f5574cc1728e4106","2026-08-30 10:41"
"wang","64df30f334185dd27cf839a7","MARLON","676d5a15801d2d75f4d6d09e","6a943fe5f5574cc1728e41eb","2026-08-30 10:41"
"Brzoza","60ababeffb1efa0001302754","teddy bear","66f081f2bf4b230a2fcb970c","6a94407347799b7f566c27fe","2026-08-30 10:41"
"arkst5711","653e2552c65b2ec04be90d7e","Incomplet","6328da1f7f518e8bf2fd4335","6a943fe270037071fd93f5f6","2026-08-30 10:41"
"Luiz Henrique","67ffcf4fce0f332d5553d6b4","Wijn.","657979f3db414bd0da540f23","6a943f8047799b7f566c24c0","2026-08-30 10:41"
"Jamabi","5e5fcc1326bbda5284e824cf","Rasender","5d36bec124ec173888d3a33a","6a943f4c47799b7f566c2405","2026-08-30 10:42"
"danger","697ec2084f2fb1a1a48cb642","MiniKochi #1 FAN","63d29ada31674327ca09c658","6a94400b8b5648c77a817ab7","2026-08-30 10:42"
"NoruJumping","5c5817f33d925bc96cd177e7","Shakazaramesh","5ef2945bbb96627c9ce5f63f","6a943ded47799b7f566c1f66","2026-08-30 10:43"
"Ruben","5e1334ba1b34a033c801a9e8","Slam4","60927f97129054000189c279","6a9440c0f5574cc1728e43fd","2026-08-30 10:43"
"omigupta (YT)","62280387e7a8b70001576d3d","danq_s","639c2a925d4cc27b2f7a898b","6a9440a4f5574cc1728e43b0","2026-08-30 10:43"
"iNS4NE","596fcdabcf818c83482add39","Eriko Hashimoto","6a35e9a0766da45cf34f631b","6a944120f5574cc1728e44d7","2026-08-30 10:44"
"Tudelzzz","6549fc9cf755320e28e30de7","Emmepemme","5bf9b0c343196557d45fc4b6","6a943edd8b5648c77a8177e8","2026-08-30 10:44"
".","6a64f773085b0ecb549aae9e","Clement","635c171d190621fb60d8bb08","6a9440ca47799b7f566c291e","2026-08-30 10:45"
"Delema()()()","65869f62df3f7bea3fa1d675","wang","64df30f334185dd27cf839a7","6a9440de8b5648c77a817cf5","2026-08-30 10:45"
"Jonas","661ad4c4073f663c21b57fe6","Albanian Guy","58796ade8b9ff486d81bbad5","6a94402cf5574cc1728e429f","2026-08-30 10:45"
"Wijn.","657979f3db414bd0da540f23","Luiz Henrique","67ffcf4fce0f332d5553d6b4","6a9440e047799b7f566c2954","2026-08-30 10:45"
"ulquiora","66159d055967919df66cf9c0","wichura240","68767692157557d5c76a0ab6","6a94412247799b7f566c2a13","2026-08-30 10:45"
"estatista","64dc0ed490256c1eba066c5f","Zhihh","63b435e80510075fa39ac039","6a94402647799b7f566c26c9","2026-08-30 10:45"
"Jonas","661ad4c4073f663c21b57fe6","Eriko Hashimoto","6a35e9a0766da45cf34f631b","6a9441d247799b7f566c2bfd","2026-08-30 10:46"
"Slam4","60927f97129054000189c279","男方鬆 - Mr. Nanfsong","6409beba17491edb5a32b684","6a9441758b5648c77a817e85","2026-08-30 10:46"
"danq_s","639c2a925d4cc27b2f7a898b","[FatSnail] SavetheSnail","591790fc1bba70b6146c6485","6a9441628b5648c77a817e53","2026-08-30 10:46"
"Felix.svb","6856986bb22dea4ae40a3d22","Mitteconrad","6056349f72a5a900014128a9","6a943d498b5648c77a817408","2026-08-30 10:47"
"Shakazaramesh","5ef2945bbb96627c9ce5f63f","MARLON","676d5a15801d2d75f4d6d09e","6a944155f5574cc1728e453b","2026-08-30 10:47"
"aguardiente","60ba2dec2056310001c27701","esther","5ec5509af849319644f425b8","6a94409747799b7f566c2867","2026-08-30 10:47"
".","6a64f773085b0ecb549aae9e","Clement","635c171d190621fb60d8bb08","6a944261f5574cc1728e4750","2026-08-30 10:49"
"Herrjiell","6463ce1ce623a26f09da5866","SkiDY","57f01da89b1dda5a1c25916c","6a9440248b5648c77a817b0d","2026-08-30 10:49"
"Albanian Guy","58796ade8b9ff486d81bbad5","Eriko Hashimoto","6a35e9a0766da45cf34f631b","6a94421347799b7f566c2ca5","2026-08-30 10:49"
"ulquiora","66159d055967919df66cf9c0","Slam4","60927f97129054000189c279","6a944244f5574cc1728e4709","2026-08-30 10:49"
"omigupta (YT)","62280387e7a8b70001576d3d","Ruben","5e1334ba1b34a033c801a9e8","6a94417747799b7f566c2b02","2026-08-30 10:49"
"MiniKochi #1 FAN","63d29ada31674327ca09c658","danq_s","639c2a925d4cc27b2f7a898b","6a9442148b5648c77a817fec","2026-08-30 10:50"
"persimmonsukip","6809563cae64cffc1988e9fe","limited","683490b4ba06f18257405535","6a94427447799b7f566c2dce","2026-08-30 10:50"
"iNS4NE","596fcdabcf818c83482add39","Delema()()()","65869f62df3f7bea3fa1d675","6a9441cd47799b7f566c2bf2","2026-08-30 10:51"
"Luca","62faac056417c6c320e282de","arkst5711","653e2552c65b2ec04be90d7e","6a944137f5574cc1728e4503","2026-08-30 10:51"
"Luiz Henrique","67ffcf4fce0f332d5553d6b4","Jeppsa","64394435c84d0d06e2ce5c81","6a94422bf5574cc1728e46d7","2026-08-30 10:51"
"botje","65ef376b2528c8b0fb2b5e4c","Wijn.","657979f3db414bd0da540f23","6a9441f770037071fd93f90e","2026-08-30 10:52"
"iNS4NE","596fcdabcf818c83482add39","Delema()()()","65869f62df3f7bea3fa1d675","6a9443458b5648c77a818301","2026-08-30 10:53"
"greguiz","60af1407ce6bd2000128aaba","Goonax#4WC","6772fee6827b91b41dd22b5f","6a94423947799b7f566c2d1b","2026-08-30 10:53"
"teddy bear","66f081f2bf4b230a2fcb970c","Slam4","60927f97129054000189c279","6a9442bb8b5648c77a8181b8","2026-08-30 10:53"
"Ruben","5e1334ba1b34a033c801a9e8","omigupta (YT)","62280387e7a8b70001576d3d","6a9442c88b5648c77a8181d4","2026-08-30 10:53"
"Rasender","5d36bec124ec173888d3a33a","Jamabi","5e5fcc1326bbda5284e824cf","6a9441ab8b5648c77a817ef9","2026-08-30 10:54"
"greguiz","60af1407ce6bd2000128aaba","Albanian Guy","58796ade8b9ff486d81bbad5","6a9443aef5574cc1728e4a4a","2026-08-30 10:54"
"simsson","603659630b13630001de6f9c","Shakazaramesh","5ef2945bbb96627c9ce5f63f","6a9442a647799b7f566c2e7d","2026-08-30 10:54"
"Loars_","67c023fa843f4449095fd251","RobinTheezy1894","67a5d510ad29ec040aae41a0","6a94408bf5574cc1728e4372","2026-08-30 10:54"
"Jerzy Kirkowski","5ecbdec18d6ade72cc832c5a","Treasure Hunter UA","54a91ef1ab462aac88f32a28","6a9442528b5648c77a818095","2026-08-30 10:54"
"男方鬆 - Mr. Nanfsong","6409beba17491edb5a32b684","Eriko Hashimoto","6a35e9a0766da45cf34f631b","6a94431b8b5648c77a81828e","2026-08-30 10:55"
"Ruben","5e1334ba1b34a033c801a9e8","Slam4","60927f97129054000189c279","6a9443ad8b5648c77a818427","2026-08-30 10:55"
"1k","5e1baa352034a083c05674a7","BarryTheBee","62be7867aa13616722f8dd4a","6a94404447799b7f566c2732","2026-08-30 10:56"
"omigupta (YT)","62280387e7a8b70001576d3d","teddy bear","66f081f2bf4b230a2fcb970c","6a9443ee8b5648c77a8184b6","2026-08-30 10:56"
"Zhihh","63b435e80510075fa39ac039","esther","5ec5509af849319644f425b8","6a9442ce47799b7f566c2ef5","2026-08-30 10:56"
"Slam4","60927f97129054000189c279","Finn Fly","5f5bf60822321e000163a465","6a94444747799b7f566c3375","2026-08-30 10:57"
"danq_s","639c2a925d4cc27b2f7a898b","Derzal","5f96feae45cc8c00017ca853","6a944412f5574cc1728e4b5a","2026-08-30 10:57"
"wichura240","68767692157557d5c76a0ab6","yuyux32","65a3fa0c053e0780db54fd4b","6a94447847799b7f566c340a","2026-08-30 10:58"
"Jamabi","5e5fcc1326bbda5284e824cf","Delema()()()","65869f62df3f7bea3fa1d675","6a9443ee47799b7f566c325d","2026-08-30 10:59"
"Eriko Hashimoto","6a35e9a0766da45cf34f631b","男方鬆 - Mr. Nanfsong","6409beba17491edb5a32b684","6a94443ef5574cc1728e4bb5","2026-08-30 10:59"
"aguardiente","60ba2dec2056310001c27701","Wijn.","657979f3db414bd0da540f23","6a94439e321b2b96aebfa372","2026-08-30 10:59"
"teddy bear","66f081f2bf4b230a2fcb970c","Slam4","60927f97129054000189c279","6a94449547799b7f566c3454","2026-08-30 11:00"
"iNS4NE","596fcdabcf818c83482add39",".","6a64f773085b0ecb549aae9e","6a944442f5574cc1728e4bbd","2026-08-30 11:01"
"kriszh","5922abce1bba700c703b0c00","Herrjiell","6463ce1ce623a26f09da5866","6a944329f5574cc1728e491c","2026-08-30 11:01"
"omigupta (YT)","62280387e7a8b70001576d3d","Hanno","66cd9b65da42d067e3be0f24","6a9444ce47799b7f566c34ff","2026-08-30 11:02"
"Herrjiell","6463ce1ce623a26f09da5866","Delema()()()","65869f62df3f7bea3fa1d675","6a9445938b5648c77a8188f9","2026-08-30 11:03"
"Albanian Guy","58796ade8b9ff486d81bbad5","greguiz","60af1407ce6bd2000128aaba","6a9443f670037071fd93fc94","2026-08-30 11:03"
"Zhihh","63b435e80510075fa39ac039","Luiz Henrique","67ffcf4fce0f332d5553d6b4","6a94446e47799b7f566c33e8","2026-08-30 11:03"
"Eriko Hashimoto","6a35e9a0766da45cf34f631b","男方鬆 - Mr. Nanfsong","6409beba17491edb5a32b684","6a94453f47799b7f566c367e","2026-08-30 11:04"
"Shakazaramesh","5ef2945bbb96627c9ce5f63f","Palmitas","69b33a815634cc416b9c7877","6a94441447799b7f566c32de","2026-08-30 11:04"
"LayBay","5f29802d3ae4f70001339734","wichura240","68767692157557d5c76a0ab6","6a9444fb47799b7f566c357b","2026-08-30 11:04"
"Wijn.","657979f3db414bd0da540f23","Mow_Mi_Ksienciu","65567939564ddbb4b6c81c58","6a94453ef5574cc1728e4e01","2026-08-30 11:04"
"PLK","62179a5c8e88d400010d91ea","teddy bear","66f081f2bf4b230a2fcb970c","6a94459b8b5648c77a81890b","2026-08-30 11:05"
"Finn Siemon","66eb7b4a062332fb60915d65","Mow_Mi_Ksienciu","65567939564ddbb4b6c81c58","6a944639f5574cc1728e5037","2026-08-30 11:05"
"Jerzy Kirkowski","5ecbdec18d6ade72cc832c5a","DonkeyGuesses","6912d873ef3380557dd45eec","6a94450a47799b7f566c35ac","2026-08-30 11:05"
"Delema()()()","65869f62df3f7bea3fa1d675","Herrjiell","6463ce1ce623a26f09da5866","6a944613f5574cc1728e4fde","2026-08-30 11:06"
"greguiz","60af1407ce6bd2000128aaba","mikowhy","659c9d0a72300acff1deb5df","6a94460847799b7f566c38d9","2026-08-30 11:06"
"bagaboiebailey","5fcef4a643dcb200016784ef","Goonax#4WC","6772fee6827b91b41dd22b5f","6a9444e18b5648c77a818767","2026-08-30 11:06"
"男方鬆 - Mr. Nanfsong","6409beba17491edb5a32b684","wichura240","68767692157557d5c76a0ab6","6a9446678b5648c77a818ae8","2026-08-30 11:06"
"omigupta (YT)","62280387e7a8b70001576d3d","thomas petruv","6000461b23fa0d00011e9f10","6a9445ee47799b7f566c389e","2026-08-30 11:06"
"GeoChad147 (Youtube)","61333da66ab477000167c55b","Slam4","60927f97129054000189c279","6a94454e8b5648c77a818860","2026-08-30 11:06"
"Major Bajor","5dec182b44d2a4a0f4feafaf","ZetanChamp","64139432060237445c0eb5dc","6a9445168b5648c77a8187bd","2026-08-30 11:06"
"Palmitas","69b33a815634cc416b9c7877","Eriko Hashimoto","6a35e9a0766da45cf34f631b","6a944667f5574cc1728e50aa","2026-08-30 11:08"
"8u","5e8e59292ad6cf212829d2bb","CoolMoonGuy","67ba5164f30fffa59919db60","6a9445b347799b7f566c37f2","2026-08-30 11:08"
"Jamabi","5e5fcc1326bbda5284e824cf","Rasender","5d36bec124ec173888d3a33a","6a9445168b5648c77a8187bb","2026-08-30 11:09"
"PLK","62179a5c8e88d400010d91ea","teddy bear","66f081f2bf4b230a2fcb970c","6a94468e47799b7f566c3aa5","2026-08-30 11:09"
"Emmepemme","5bf9b0c343196557d45fc4b6","Tudelzzz","6549fc9cf755320e28e30de7","6a94426747799b7f566c2da1","2026-08-30 11:09"
"Wijn.","657979f3db414bd0da540f23","LayBay","5f29802d3ae4f70001339734","6a94465c8b5648c77a818ac7","2026-08-30 11:09"
"Eriko Hashimoto","6a35e9a0766da45cf34f631b","Palmitas","69b33a815634cc416b9c7877","6a9447438b5648c77a818d43","2026-08-30 11:11"
"bagaboiebailey","5fcef4a643dcb200016784ef","aguardiente","60ba2dec2056310001c27701","6a9446def5574cc1728e51da","2026-08-30 11:11"
"Bad At Geo","5d46b0bb3b4b6a4968620f7b",".","6a64f773085b0ecb549aae9e","6a94478d8b5648c77a818df5","2026-08-30 11:12"
"Goonax#4WC","6772fee6827b91b41dd22b5f","M1lan","67473d086316c898fe734668","6a9446f847799b7f566c3bfc","2026-08-30 11:12"
"Finn Siemon","66eb7b4a062332fb60915d65","男方鬆 - Mr. Nanfsong","6409beba17491edb5a32b684","6a9446ad8b5648c77a818ba3","2026-08-30 11:12"
"8u","5e8e59292ad6cf212829d2bb","GeoChad147 (Youtube)","61333da66ab477000167c55b","6a9447278b5648c77a818ce9","2026-08-30 11:12"
"[PEA]Arvanna","66a545e50035c093bfe072bd","DasMaennchen","6346b1742918e08b58aa94c6","6a9447188b5648c77a818cae","2026-08-30 11:12"
"Clement","635c171d190621fb60d8bb08","Noksi","6557a72349182de4e31db900","6a94433f47799b7f566c3042","2026-08-30 11:13"
"pan","5ff3206bbc4e8c00013e4b25","greguiz","60af1407ce6bd2000128aaba","6a9446cf89301ec69345a7c7","2026-08-30 11:13"
"Delema()()()","65869f62df3f7bea3fa1d675","Herrjiell","6463ce1ce623a26f09da5866","6a9446d747799b7f566c3ba8","2026-08-30 11:13"
"PLK","62179a5c8e88d400010d91ea","Albanian Guy","58796ade8b9ff486d81bbad5","6a94477847799b7f566c3d8e","2026-08-30 11:13"
"wichura240","68767692157557d5c76a0ab6","DonkeyGuesses","6912d873ef3380557dd45eec","6a94473cf5574cc1728e529f","2026-08-30 11:13"
"Finn Siemon","66eb7b4a062332fb60915d65","男方鬆 - Mr. Nanfsong","6409beba17491edb5a32b684","6a94483f8b5648c77a818fd8","2026-08-30 11:14"
"Miniek","65db7cd88472d4dd11e57187","Wijn.","657979f3db414bd0da540f23","6a9447b18b5648c77a818e58","2026-08-30 11:14"
"Herrjiell","6463ce1ce623a26f09da5866","Albanian Guy","58796ade8b9ff486d81bbad5","6a94488247799b7f566c40cf","2026-08-30 11:15"
"wichura240","68767692157557d5c76a0ab6","omigupta (YT)","62280387e7a8b70001576d3d","6a94487547799b7f566c40a8","2026-08-30 11:15"
"Eriko Hashimoto","6a35e9a0766da45cf34f631b","teddy bear","66f081f2bf4b230a2fcb970c","6a94480c47799b7f566c3f7a","2026-08-30 11:16"
"𝓯𝓻𝓮𝓪𝓴𝔂 scarlocck","671b07117678ed42697349ee","LayBay","5f29802d3ae4f70001339734","6a9447978b5648c77a818e08","2026-08-30 11:16"
"Bad At Geo","5d46b0bb3b4b6a4968620f7b",".","6a64f773085b0ecb549aae9e","6a9448a847799b7f566c4141","2026-08-30 11:17"
"M1lan","67473d086316c898fe734668","Arttuuh_27","5bbbbd372c0173524cdb6e9e","6a94482047799b7f566c3fb0","2026-08-30 11:17"
"PLK","62179a5c8e88d400010d91ea","Finn Siemon","66eb7b4a062332fb60915d65","6a9448a9f5574cc1728e55c1","2026-08-30 11:17"
"Thesice","5ec5a4cbf849319644f4436c","Mow_Mi_Ksienciu","65567939564ddbb4b6c81c58","6a9447fb8b5648c77a818f34","2026-08-30 11:17"
"Albanian Guy","58796ade8b9ff486d81bbad5","Eriko Hashimoto","6a35e9a0766da45cf34f631b","6a94490af5574cc1728e56b6","2026-08-30 11:18"
"aguardiente","60ba2dec2056310001c27701","[PEA]Arvanna","66a545e50035c093bfe072bd","6a94482747799b7f566c3fc7","2026-08-30 11:18"
"wichura240","68767692157557d5c76a0ab6","Venux","601d72df848235000143965e","6a94491d8b5648c77a8191f0","2026-08-30 11:18"
"男方鬆 - Mr. Nanfsong","6409beba17491edb5a32b684","omigupta (YT)","62280387e7a8b70001576d3d","6a9448e98b5648c77a81916a","2026-08-30 11:18"
"8u","5e8e59292ad6cf212829d2bb","thomas petruv","6000461b23fa0d00011e9f10","6a9448578b5648c77a819003","2026-08-30 11:19"
"greguiz","60af1407ce6bd2000128aaba","VIVER","631f29032347fcd4bef60349","6a94489d8b5648c77a8190a4","2026-08-30 11:20"
"arkst5711","653e2552c65b2ec04be90d7e","bagaboiebailey","5fcef4a643dcb200016784ef","6a9447ee47799b7f566c3f07","2026-08-30 11:20"
"Wijn.","657979f3db414bd0da540f23","Afonso097tv","626344b2a37c8bc48cd849b8","6a9448ad8b5648c77a8190c7","2026-08-30 11:20"
"danq_s","639c2a925d4cc27b2f7a898b","DonkeyGuesses","6912d873ef3380557dd45eec","6a94492e8b5648c77a819218","2026-08-30 11:20"
"Bad At Geo","5d46b0bb3b4b6a4968620f7b",".","6a64f773085b0ecb549aae9e","6a94496b47799b7f566c43ce","2026-08-30 11:21"
"PLK","62179a5c8e88d400010d91ea","Finn Siemon","66eb7b4a062332fb60915d65","6a9449768b5648c77a8192b5","2026-08-30 11:21"
"8u","5e8e59292ad6cf212829d2bb","thomas petruv","6000461b23fa0d00011e9f10","6a9449def5574cc1728e5890","2026-08-30 11:21"
"Mow_Mi_Ksienciu","65567939564ddbb4b6c81c58","Thesice","5ec5a4cbf849319644f4436c","6a944945f5574cc1728e572c","2026-08-30 11:21"
"Giancarlo Esposito","68e85bdb3f2cbbe915cbcd3d",".","6a64f773085b0ecb549aae9e","6a944a4b70037071fd9406ac","2026-08-30 11:22"
"Palmitas","69b33a815634cc416b9c7877","Goonax#4WC","6772fee6827b91b41dd22b5f","6a94481bf5574cc1728e5483","2026-08-30 11:22"
"Eriko Hashimoto","6a35e9a0766da45cf34f631b","val1d","63875de4e55ec4234b26d1fb","6a9449a5f5574cc1728e580a","2026-08-30 11:22"
"LayBay","5f29802d3ae4f70001339734","[PEA]Arvanna","66a545e50035c093bfe072bd","6a94498b8b5648c77a8192ed","2026-08-30 11:22"
"Derzal","5f96feae45cc8c00017ca853","Olekron","603a9f77af90ab00018b34a9","6a94474e70037071fd9401c0","2026-08-30 11:22"
"Herrjiell","6463ce1ce623a26f09da5866","Shakazaramesh","5ef2945bbb96627c9ce5f63f","6a9448d3f5574cc1728e5639","2026-08-30 11:23"
"VIVER","631f29032347fcd4bef60349","greguiz","60af1407ce6bd2000128aaba","6a944a2a8b5648c77a819499","2026-08-30 11:23"
"mikowhy","659c9d0a72300acff1deb5df","Albanian Guy","58796ade8b9ff486d81bbad5","6a9449ee47799b7f566c4575","2026-08-30 11:23"
"Neuer3","64257ca5930f6c559b9a32e9","Emmepemme","5bf9b0c343196557d45fc4b6","6a94481647799b7f566c3f93","2026-08-30 11:23"
"im recording my gameplay","6a437d2254319c3206c01eb9","8u","5e8e59292ad6cf212829d2bb","6a944a628b5648c77a819518","2026-08-30 11:23"
"Bad At Geo","5d46b0bb3b4b6a4968620f7b","Giancarlo Esposito","68e85bdb3f2cbbe915cbcd3d","6a944a8670037071fd940707","2026-08-30 11:24"
".","6a64f773085b0ecb549aae9e","Delema()()()","65869f62df3f7bea3fa1d675","6a944a868b5648c77a81957b","2026-08-30 11:24"
"omigupta (YT)","62280387e7a8b70001576d3d","男方鬆 - Mr. Nanfsong","6409beba17491edb5a32b684","6a9449a947799b7f566c4492","2026-08-30 11:24"
"BenNY_the_27","6064fc3f12c7b700012d0167","ZetanChamp","64139432060237445c0eb5dc","6a94475147799b7f566c3d28","2026-08-30 11:24"
"Noksi","6557a72349182de4e31db900","pan","5ff3206bbc4e8c00013e4b25","6a9448b9f5574cc1728e55de","2026-08-30 11:25"
"Arttuuh_27","5bbbbd372c0173524cdb6e9e","#1 multiplier harvester 🫃","626fc4565f225f253556ea95","6a9449c147799b7f566c44e1","2026-08-30 11:25"
"Luiz Henrique","67ffcf4fce0f332d5553d6b4","Afonso097tv","626344b2a37c8bc48cd849b8","6a944a068b5648c77a81943c","2026-08-30 11:25"
"Herrjiell","6463ce1ce623a26f09da5866","Albanian Guy","58796ade8b9ff486d81bbad5","6a944ac78b5648c77a819619","2026-08-30 11:26"
"Eriko Hashimoto","6a35e9a0766da45cf34f631b","val1d","63875de4e55ec4234b26d1fb","6a944a998b5648c77a8195ab","2026-08-30 11:26"
"teddy bear","66f081f2bf4b230a2fcb970c","PLK","62179a5c8e88d400010d91ea","6a944a928b5648c77a819590","2026-08-30 11:26"
"Wijn.","657979f3db414bd0da540f23","danq_s","639c2a925d4cc27b2f7a898b","6a944a0d47799b7f566c45e1","2026-08-30 11:26"
"Zhihh","63b435e80510075fa39ac039","LayBay","5f29802d3ae4f70001339734","6a944b2647799b7f566c4976","2026-08-30 11:26"
"VIVER","631f29032347fcd4bef60349","wang","64df30f334185dd27cf839a7","6a944ada47799b7f566c4870","2026-08-30 11:27"
"Loars_","67c023fa843f4449095fd251","wichura240","68767692157557d5c76a0ab6","6a9449cc8b5648c77a8193a4","2026-08-30 11:27"
"男方鬆 - Mr. Nanfsong","6409beba17491edb5a32b684","omigupta (YT)","62280387e7a8b70001576d3d","6a944afd47799b7f566c48f8","2026-08-30 11:27"
"Giancarlo Esposito","68e85bdb3f2cbbe915cbcd3d",".","6a64f773085b0ecb549aae9e","6a944b0c47799b7f566c4920","2026-08-30 11:28"
"a-you","5e93a3443d4b6a5af4f11b0b","Shakazaramesh","5ef2945bbb96627c9ce5f63f","6a944aef47799b7f566c48bd","2026-08-30 11:28"
"Thesice","5ec5a4cbf849319644f4436c","Mow_Mi_Ksienciu","65567939564ddbb4b6c81c58","6a944af18b5648c77a819692","2026-08-30 11:29"
"Delema()()()","65869f62df3f7bea3fa1d675","Herrjiell","6463ce1ce623a26f09da5866","6a944b7347799b7f566c4a7e","2026-08-30 11:30"
"Eriko Hashimoto","6a35e9a0766da45cf34f631b","greguiz","60af1407ce6bd2000128aaba","6a944b8047799b7f566c4a9c","2026-08-30 11:30"
"arkst5711","653e2552c65b2ec04be90d7e","Tylko Olimpia","5aa9bfec18399e27582f8b7a","6a944a8af5574cc1728e5a6f","2026-08-30 11:30"
"teddy bear","66f081f2bf4b230a2fcb970c","Albanian Guy","58796ade8b9ff486d81bbad5","6a944bd18b5648c77a8198ac","2026-08-30 11:30"
"[PEA]Arvanna","66a545e50035c093bfe072bd","Olekron","603a9f77af90ab00018b34a9","6a944aa4f5574cc1728e5aa8","2026-08-30 11:30"
"Giancarlo Esposito","68e85bdb3f2cbbe915cbcd3d",".","6a64f773085b0ecb549aae9e","6a944bea321b2b96aebfb140","2026-08-30 11:31"
"Arttuuh_27","5bbbbd372c0173524cdb6e9e","Goonax#4WC","6772fee6827b91b41dd22b5f","6a944b2e321b2b96aebfb017","2026-08-30 11:31"
"Jimbo Junk","5588a2efb8a3409dec36f9de","8u","5e8e59292ad6cf212829d2bb","6a944ad2f5574cc1728e5afa","2026-08-30 11:31"
"danq_s","639c2a925d4cc27b2f7a898b","cozy","5eee1ae86a7c6a4edc0f7f94","6a944b7df5574cc1728e5c8e","2026-08-30 11:31"
"Delema()()()","65869f62df3f7bea3fa1d675","Herrjiell","6463ce1ce623a26f09da5866","6a944c68f5574cc1728e5e87","2026-08-30 11:32"
"Palmitas","69b33a815634cc416b9c7877","mikowhy","659c9d0a72300acff1deb5df","6a944aa947799b7f566c47e5","2026-08-30 11:32"
"a-you","5e93a3443d4b6a5af4f11b0b","emshanoff","60a55176895a250001d9e2d8","6a944bedf5574cc1728e5d8f","2026-08-30 11:32"
"val1d","63875de4e55ec4234b26d1fb","PLK","62179a5c8e88d400010d91ea","6a944b81f5574cc1728e5c97","2026-08-30 11:32"
"男方鬆 - Mr. Nanfsong","6409beba17491edb5a32b684","LayBay","5f29802d3ae4f70001339734","6a944b998b5648c77a81982d","2026-08-30 11:32"
"Eurya","65fc3453702bba73b4c0a398","Bad At Geo","5d46b0bb3b4b6a4968620f7b","6a944b2e47799b7f566c4991","2026-08-30 11:33"
"Giancarlo Esposito","68e85bdb3f2cbbe915cbcd3d",".","6a64f773085b0ecb549aae9e","6a944ca48b5648c77a819a69","2026-08-30 11:33"
"Jimbo Junk","5588a2efb8a3409dec36f9de","8u","5e8e59292ad6cf212829d2bb","6a944c8347799b7f566c4d9c","2026-08-30 11:33"
"Thesice","5ec5a4cbf849319644f4436c","Mow_Mi_Ksienciu","65567939564ddbb4b6c81c58","6a944c3247799b7f566c4c9f","2026-08-30 11:33"
"Pete_2523","60c8762b7abe710001f63990","Loars_","67c023fa843f4449095fd251","6a944c0b8b5648c77a819925","2026-08-30 11:33"
"Gangooo | Jan","5c692ddbfa7cd6698082d404","omigupta (YT)","62280387e7a8b70001576d3d","6a944c65321b2b96aebfb1ef","2026-08-30 11:33"
"Arttuuh_27","5bbbbd372c0173524cdb6e9e","Shakazaramesh","5ef2945bbb96627c9ce5f63f","6a944cad47799b7f566c4e28","2026-08-30 11:34"
"Zion","643a327c90664def4616d9e7","NoruJumping","5c5817f33d925bc96cd177e7","6a944be347799b7f566c4bba","2026-08-30 11:34"
"Clement","635c171d190621fb60d8bb08","Rasender","5d36bec124ec173888d3a33a","6a94493047799b7f566c4315","2026-08-30 11:35"
"lecheur2pieds","663523ba8e313d3aa27852b0","Eriko Hashimoto","6a35e9a0766da45cf34f631b","6a944c5947799b7f566c4d1a","2026-08-30 11:35"
"emshanoff","60a55176895a250001d9e2d8","PLK","62179a5c8e88d400010d91ea","6a944d0047799b7f566c4f23","2026-08-30 11:35"
"kriszh","5922abce1bba700c703b0c00","Goonax#4WC","6772fee6827b91b41dd22b5f","6a944cb947799b7f566c4e52","2026-08-30 11:35"
"#1 multiplier harvester 🫃","626fc4565f225f253556ea95","Incomplet","6328da1f7f518e8bf2fd4335","6a944b348b5648c77a819739","2026-08-30 11:35"
"Delema()()()","65869f62df3f7bea3fa1d675","Herrjiell","6463ce1ce623a26f09da5866","6a944d078b5648c77a819b49","2026-08-30 11:36"
"Emmepemme","5bf9b0c343196557d45fc4b6","BenNY_the_27","6064fc3f12c7b700012d0167","6a944ae647799b7f566c4896","2026-08-30 11:36"
"CoolMoonGuy","67ba5164f30fffa59919db60","esther","5ec5509af849319644f425b8","6a944c048b5648c77a819914","2026-08-30 11:36"
"DonkeyGuesses","6912d873ef3380557dd45eec","cozy","5eee1ae86a7c6a4edc0f7f94","6a944ca947799b7f566c4e10","2026-08-30 11:36"
"teddy bear","66f081f2bf4b230a2fcb970c","Albanian Guy","58796ade8b9ff486d81bbad5","6a944c9047799b7f566c4dc7","2026-08-30 11:37"
"Mow_Mi_Ksienciu","65567939564ddbb4b6c81c58","LayBay","5f29802d3ae4f70001339734","6a944d188b5648c77a819b7b","2026-08-30 11:37"
"Zhihh","63b435e80510075fa39ac039","Thesice","5ec5a4cbf849319644f4436c","6a944d1f47799b7f566c4f80","2026-08-30 11:38"
"cozy","5eee1ae86a7c6a4edc0f7f94","男方鬆 - Mr. Nanfsong","6409beba17491edb5a32b684","6a944e13f5574cc1728e6326","2026-08-30 11:38"
"danq_s","639c2a925d4cc27b2f7a898b","omigupta (YT)","62280387e7a8b70001576d3d","6a944dba47799b7f566c51d0","2026-08-30 11:38"
"Bad At Geo","5d46b0bb3b4b6a4968620f7b","Giancarlo Esposito","68e85bdb3f2cbbe915cbcd3d","6a944d34f5574cc1728e6081","2026-08-30 11:39"
"pan","5ff3206bbc4e8c00013e4b25","Noksi","6557a72349182de4e31db900","6a944b418b5648c77a81975d","2026-08-30 11:39"
"lecheur2pieds","663523ba8e313d3aa27852b0",".","6a64f773085b0ecb549aae9e","6a944dac47799b7f566c51a0","2026-08-30 11:39"
"emshanoff","60a55176895a250001d9e2d8","PLK","62179a5c8e88d400010d91ea","6a944d938b5648c77a819d71","2026-08-30 11:39"
"a-you","5e93a3443d4b6a5af4f11b0b","xLucky07","6771278c215608df4a80a000","6a944cf247799b7f566c4efd","2026-08-30 11:39"
"Goonax#4WC","6772fee6827b91b41dd22b5f","kriszh","5922abce1bba700c703b0c00","6a944dc88b5648c77a819e10","2026-08-30 11:39"
".","6a64f773085b0ecb549aae9e","lecheur2pieds","663523ba8e313d3aa27852b0","6a944e788b5648c77a81a004","2026-08-30 11:40"
"Gaizkaiser","61e67e2b8a1e1100013538d3","Herrjiell","6463ce1ce623a26f09da5866","6a944e108b5648c77a819ed9","2026-08-30 11:40"
"val1d","63875de4e55ec4234b26d1fb","Loars_","67c023fa843f4449095fd251","6a944d588b5648c77a819c39","2026-08-30 11:40"
"Luiz Henrique","67ffcf4fce0f332d5553d6b4","Jimbo Junk","5588a2efb8a3409dec36f9de","6a944d4f47799b7f566c5035","2026-08-30 11:40"
"Mow_Mi_Ksienciu","65567939564ddbb4b6c81c58","CoolMoonGuy","67ba5164f30fffa59919db60","6a944e1b8b5648c77a819eff","2026-08-30 11:40"
"greguiz","60af1407ce6bd2000128aaba","Eriko Hashimoto","6a35e9a0766da45cf34f631b","6a944dd5f5574cc1728e626e","2026-08-30 11:41"
"Arttuuh_27","5bbbbd372c0173524cdb6e9e","Shakazaramesh","5ef2945bbb96627c9ce5f63f","6a944d7747799b7f566c50c2","2026-08-30 11:41"
"danq_s","639c2a925d4cc27b2f7a898b","男方鬆 - Mr. Nanfsong","6409beba17491edb5a32b684","6a944e61f5574cc1728e63f7","2026-08-30 11:41"
"Palmitas","69b33a815634cc416b9c7877","mikowhy","659c9d0a72300acff1deb5df","6a944cd1f5574cc1728e5f72","2026-08-30 11:42"
"emshanoff","60a55176895a250001d9e2d8","kober","67ad18a09e150413a5e6fa66","6a944e7a47799b7f566c5485","2026-08-30 11:42"
"Neuer3","64257ca5930f6c559b9a32e9","8u","5e8e59292ad6cf212829d2bb","6a944d2247799b7f566c4f8c","2026-08-30 11:42"
"omigupta (YT)","62280387e7a8b70001576d3d","thomas petruv","6000461b23fa0d00011e9f10","6a944e5747799b7f566c5406","2026-08-30 11:42"
"Arttuuh_27","5bbbbd372c0173524cdb6e9e","Shakazaramesh","5ef2945bbb96627c9ce5f63f","6a944ef58b5648c77a81a1a1","2026-08-30 11:43"
"Bad At Geo","5d46b0bb3b4b6a4968620f7b",".","6a64f773085b0ecb549aae9e","6a944ebf47799b7f566c5583","2026-08-30 11:44"
"Gaizkaiser","61e67e2b8a1e1100013538d3","lecheur2pieds","663523ba8e313d3aa27852b0","6a944ed047799b7f566c55ce","2026-08-30 11:44"
"rylynn 🌺","6a465addf758690c0d2dad6f","Delema()()()","65869f62df3f7bea3fa1d675","6a944de147799b7f566c5259","2026-08-30 11:44"
"Tikon","621cddf10416aa00011b992b","Giancarlo Esposito","68e85bdb3f2cbbe915cbcd3d","6a944e8ff5574cc1728e6442","2026-08-30 11:44"
"Herrjiell","6463ce1ce623a26f09da5866","kriszh","5922abce1bba700c703b0c00","6a944eca8b5648c77a81a115","2026-08-30 11:45"
"Albanian Guy","58796ade8b9ff486d81bbad5","kober","67ad18a09e150413a5e6fa66","6a944e748b5648c77a819ff2","2026-08-30 11:45"
"제주돌담","662e7bbc482dcf2828a3fbbc","arkst5711","653e2552c65b2ec04be90d7e","6a944de78b5648c77a819e47","2026-08-30 11:45"
"Orlando","62e7c8236d3aa806160f0f87","Mitrani","5ec41b4ff849319644f3dfd4","6a944ddc47799b7f566c524d","2026-08-30 11:45"
"Mow_Mi_Ksienciu","65567939564ddbb4b6c81c58","男方鬆 - Mr. Nanfsong","6409beba17491edb5a32b684","6a944efb47799b7f566c565d","2026-08-30 11:45"
"a-you","5e93a3443d4b6a5af4f11b0b","PLK","62179a5c8e88d400010d91ea","6a944e9cf5574cc1728e645f","2026-08-30 11:46"
"danq_s","639c2a925d4cc27b2f7a898b","thomas petruv","6000461b23fa0d00011e9f10","6a944f4b47799b7f566c5769","2026-08-30 11:46"
"NorthKoreaEnjoyer","6a5776b9557fa0b8070897d7","Zhihh","63b435e80510075fa39ac039","6a944f6e47799b7f566c57e4","2026-08-30 11:46"
"CoolMoonGuy","67ba5164f30fffa59919db60","Innokent(retired)","654d1a315f6c3308fd630fa2","6a944ecd47799b7f566c55b6","2026-08-30 11:46"
"kent","5fa7ab03b45c670001342904",".","6a64f773085b0ecb549aae9e","6a944fd28b5648c77a81a455","2026-08-30 11:47"
"lecheur2pieds","663523ba8e313d3aa27852b0","emshanoff","60a55176895a250001d9e2d8","6a944f8e47799b7f566c588b","2026-08-30 11:47"
"greguiz","60af1407ce6bd2000128aaba","Eriko Hashimoto","6a35e9a0766da45cf34f631b","6a944f0847799b7f566c568b","2026-08-30 11:47"
"kober","67ad18a09e150413a5e6fa66","Herrjiell","6463ce1ce623a26f09da5866","6a9450128b5648c77a81a507","2026-08-30 11:47"
"Jimbo Junk","5588a2efb8a3409dec36f9de","Luiz Henrique","67ffcf4fce0f332d5553d6b4","6a944eb18b5648c77a81a0c8","2026-08-30 11:47"
"danq_s","639c2a925d4cc27b2f7a898b","Zhihh","63b435e80510075fa39ac039","6a94501df5574cc1728e6898","2026-08-30 11:47"
"Stozzy","60c9c89f6dac91000126151b","cozy","5eee1ae86a7c6a4edc0f7f94","6a944e5e47799b7f566c541f","2026-08-30 11:47"
"Delema()()()","65869f62df3f7bea3fa1d675","Bad At Geo","5d46b0bb3b4b6a4968620f7b","6a944ffd47799b7f566c5a4d","2026-08-30 11:48"
"Arttuuh_27","5bbbbd372c0173524cdb6e9e","Palmitas","69b33a815634cc416b9c7877","6a944f7f47799b7f566c584e","2026-08-30 11:48"
"Loars_","67c023fa843f4449095fd251","男方鬆 - Mr. Nanfsong","6409beba17491edb5a32b684","6a944ffe8b5648c77a81a4d4","2026-08-30 11:48"
"Anya_TW","62739f6613352a5af981b531","#1 multiplier harvester 🫃","626fc4565f225f253556ea95","6a944d848b5648c77a819d1f","2026-08-30 11:48"
"8u","5e8e59292ad6cf212829d2bb","Flubbersticks","69387a54dc6fdd9da05c91cd","6a944f45f5574cc1728e6666","2026-08-30 11:48"
"BenNY_the_27","6064fc3f12c7b700012d0167","kamashi","5f05f249c6fbab6460381063","6a944def8b5648c77a819e6b","2026-08-30 11:48"
"vertigo","5aa5926b42305f89a0f9f86d","Katarzus","659167fcb101d2e0a3396081","6a944f8f47799b7f566c588f","2026-08-30 11:48"
"kober","67ad18a09e150413a5e6fa66","Herrjiell","6463ce1ce623a26f09da5866","6a9450128b5648c77a81a507","2026-08-30 11:49"
"xLucky07","6771278c215608df4a80a000","Felix.svb","6856986bb22dea4ae40a3d22","6a944f348b5648c77a81a279","2026-08-30 11:49"
"Alt Foda","6a552980312272525410f673","Taier","5d0fd17d8b19a91fe05ae4e7","6a9450038b5648c77a81a4e2","2026-08-30 11:49"
"Noksi","6557a72349182de4e31db900","pan","5ff3206bbc4e8c00013e4b25","6a944e9e47799b7f566c5514","2026-08-30 11:50"
"Giancarlo Esposito","68e85bdb3f2cbbe915cbcd3d","Gaizkaiser","61e67e2b8a1e1100013538d3","6a944f9947799b7f566c58c4","2026-08-30 11:50"
"greguiz","60af1407ce6bd2000128aaba","kober","67ad18a09e150413a5e6fa66","6a94507df5574cc1728e6981","2026-08-30 11:50"
"Rasender","5d36bec124ec173888d3a33a","Shakazaramesh","5ef2945bbb96627c9ce5f63f","6a944fdc47799b7f566c59d4","2026-08-30 11:51"
"Eriko Hashimoto","6a35e9a0766da45cf34f631b","emshanoff","60a55176895a250001d9e2d8","6a94508d47799b7f566c5c52","2026-08-30 11:51"
"Albanian Guy","58796ade8b9ff486d81bbad5","Herrjiell","6463ce1ce623a26f09da5866","6a94506747799b7f566c5bbd","2026-08-30 11:51"
"arkst5711","653e2552c65b2ec04be90d7e","kriszh","5922abce1bba700c703b0c00","6a9450048b5648c77a81a4e3","2026-08-30 11:51"
"Keksdudel","641dcf121e5f72c8ba7f2931","vertigo","5aa5926b42305f89a0f9f86d","6a94508947799b7f566c5c3c","2026-08-30 11:51"
".","6a64f773085b0ecb549aae9e","kent","5fa7ab03b45c670001342904","6a94508cf5574cc1728e69a4","2026-08-30 11:52"
"Zhihh","63b435e80510075fa39ac039","CoolMoonGuy","67ba5164f30fffa59919db60","6a9450c247799b7f566c5d2f","2026-08-30 11:52"
".","6a64f773085b0ecb549aae9e","lecheur2pieds","663523ba8e313d3aa27852b0","6a9451998b5648c77a81aa54","2026-08-30 11:53"
"greguiz","60af1407ce6bd2000128aaba","kober","67ad18a09e150413a5e6fa66","6a9451028b5648c77a81a885","2026-08-30 11:53"
"Emmepemme","5bf9b0c343196557d45fc4b6","[PEA]Arvanna","66a545e50035c093bfe072bd","6a944de547799b7f566c5265","2026-08-30 11:53"
"danq_s","639c2a925d4cc27b2f7a898b","Unc","6876a81aaf5ea16088df663a","6a9450abf5574cc1728e69fc","2026-08-30 11:53"
"omigupta (YT)","62280387e7a8b70001576d3d","Limatas","6524cac4da010dc590231cb3","6a9450c28b5648c77a81a714","2026-08-30 11:53"
"Arttuuh_27","5bbbbd372c0173524cdb6e9e","Palmitas","69b33a815634cc416b9c7877","6a9450a947799b7f566c5cbb","2026-08-30 11:54"
"Herrjiell","6463ce1ce623a26f09da5866","Eriko Hashimoto","6a35e9a0766da45cf34f631b","6a94516cf5574cc1728e6cb0","2026-08-30 11:54"
"mikowhy","659c9d0a72300acff1deb5df","kober","67ad18a09e150413a5e6fa66","6a9450fff5574cc1728e6b9a","2026-08-30 11:54"
"Flubbersticks","69387a54dc6fdd9da05c91cd","NorthKoreaEnjoyer","6a5776b9557fa0b8070897d7","6a94510847799b7f566c5eab","2026-08-30 11:54"
"Vell","5eea5f1162df1243a0cdd8e4","Fel","64fd0636e36620cbdd7865da","6a94507047799b7f566c5bd7","2026-08-30 11:54"
"男方鬆 - Mr. Nanfsong","6409beba17491edb5a32b684","Loars_","67c023fa843f4449095fd251","6a9450b389301ec69345b8a3","2026-08-30 11:54"
"esther","5ec5509af849319644f425b8","8u","5e8e59292ad6cf212829d2bb","6a9450968b5648c77a81a6a6","2026-08-30 11:54"
"Orion","5d691c90e9473f7c4058e6a5","Gaizkaiser","61e67e2b8a1e1100013538d3","6a94512f47799b7f566c5f1e","2026-08-30 11:55"
"제주돌담","662e7bbc482dcf2828a3fbbc","#1 multiplier harvester 🫃","626fc4565f225f253556ea95","6a9450a547799b7f566c5cad","2026-08-30 11:55"
"Luiz Henrique","67ffcf4fce0f332d5553d6b4","Afonso097tv","626344b2a37c8bc48cd849b8","6a9450d98b5648c77a81a7da","2026-08-30 11:55"
"greguiz","60af1407ce6bd2000128aaba","Shpluk","56a0a5f1f0f54438b8b9f4b1","6a9451e08b5648c77a81ab34","2026-08-30 11:56"
"Albanian Guy","58796ade8b9ff486d81bbad5","kober","67ad18a09e150413a5e6fa66","6a9451b547799b7f566c6123","2026-08-30 11:56"
"Bad At Geo","5d46b0bb3b4b6a4968620f7b","Giancarlo Esposito","68e85bdb3f2cbbe915cbcd3d","6a94510b47799b7f566c5eb6","2026-08-30 11:57"
"Rasender","5d36bec124ec173888d3a33a","arkst5711","653e2552c65b2ec04be90d7e","6a945190f5574cc1728e6d01","2026-08-30 11:57"
"Shakazaramesh","5ef2945bbb96627c9ce5f63f","Thesice","5ec5a4cbf849319644f4436c","6a945156f5574cc1728e6c76","2026-08-30 11:57"
"cozy","5eee1ae86a7c6a4edc0f7f94","Jimbo Junk","5588a2efb8a3409dec36f9de","6a94504ff5574cc1728e6904","2026-08-30 11:57"
"男方鬆 - Mr. Nanfsong","6409beba17491edb5a32b684","Loars_","67c023fa843f4449095fd251","6a94522447799b7f566c62d6","2026-08-30 11:57"
"[PEA]Arvanna","66a545e50035c093bfe072bd","goodvibes18","64fc454da5664ce9de249325","6a9451b7f5574cc1728e6d83","2026-08-30 11:57"
"Luiz Henrique","67ffcf4fce0f332d5553d6b4","8u","5e8e59292ad6cf212829d2bb","6a94523e47799b7f566c6348","2026-08-30 11:57"
".","6a64f773085b0ecb549aae9e","lecheur2pieds","663523ba8e313d3aa27852b0","6a9452038b5648c77a81ab92","2026-08-30 11:58"
"kober","67ad18a09e150413a5e6fa66","zach","621783eaab08b80001371858","6a94523347799b7f566c6315","2026-08-30 11:58"
"Unc","6876a81aaf5ea16088df663a","thomas petruv","6000461b23fa0d00011e9f10","6a945201f5574cc1728e6e55","2026-08-30 11:58"
"CoolMoonGuy","67ba5164f30fffa59919db60","Joo-eun.","6a290dd1cf6b59479a2ae4de","6a9451c147799b7f566c614b","2026-08-30 11:59"
".","6a64f773085b0ecb549aae9e","Bad At Geo","5d46b0bb3b4b6a4968620f7b","6a9452e28b5648c77a81ae0d","2026-08-30 12:00"
"lecheur2pieds","663523ba8e313d3aa27852b0","Giancarlo Esposito","68e85bdb3f2cbbe915cbcd3d","6a9452eef5574cc1728e70d9","2026-08-30 12:00"
"greguiz","60af1407ce6bd2000128aaba","Заяц","63890678411c174863e40d57","6a945287f5574cc1728e6fa4","2026-08-30 12:00"
"Keksdudel","641dcf121e5f72c8ba7f2931","kriszh","5922abce1bba700c703b0c00","6a94517c47799b7f566c6034","2026-08-30 12:00"
"Anya_TW","62739f6613352a5af981b531","GeoNoah","677989c87c4f6c09dd1d2748","6a9451848b5648c77a81aa23","2026-08-30 12:00"
"cozy","5eee1ae86a7c6a4edc0f7f94","Owen","66a3e179154c74d83af4b4f3","6a94529a47799b7f566c64e6","2026-08-30 12:00"
"pan","5ff3206bbc4e8c00013e4b25","kent","5fa7ab03b45c670001342904","6a94519a47799b7f566c60af","2026-08-30 12:01"
"Orion","5d691c90e9473f7c4058e6a5","Gaizkaiser","61e67e2b8a1e1100013538d3","6a9452518b5648c77a81ac63","2026-08-30 12:01"
"Palmitas","69b33a815634cc416b9c7877","Arttuuh_27","5bbbbd372c0173524cdb6e9e","6a94521b47799b7f566c62a5","2026-08-30 12:01"
"Mitteconrad","6056349f72a5a900014128a9","arkst5711","653e2552c65b2ec04be90d7e","6a9452ccf5574cc1728e708e","2026-08-30 12:01"
"男方鬆 - Mr. Nanfsong","6409beba17491edb5a32b684","thomas petruv","6000461b23fa0d00011e9f10","6a94531147799b7f566c6681","2026-08-30 12:01"
"Zhihh","63b435e80510075fa39ac039","danq_s","639c2a925d4cc27b2f7a898b","6a9451e3f5574cc1728e6e15","2026-08-30 12:01"
"Paris, Texas","6999ebd9423ce38404eadfb6","w4tercloud","5eadc193d502e122ec8b0f9f","6a944e4947799b7f566c53e7","2026-08-30 12:01"
"Jeppsa","64394435c84d0d06e2ce5c81","TTV TheDaninja","5abe52986d08340f706178a3","6a944f9b8b5648c77a81a3a8","2026-08-30 12:01"
"Albanian Guy","58796ade8b9ff486d81bbad5","kober","67ad18a09e150413a5e6fa66","6a94529a47799b7f566c64e4","2026-08-30 12:02"
"Don't Give Up","5ffb60de75d2770001545e96","malin","635ecde09922ad2543266ce9","6a94535f8b5648c77a81af6f","2026-08-30 12:02"
"Jeppsa","64394435c84d0d06e2ce5c81","wichura240","68767692157557d5c76a0ab6","6a9453a047799b7f566c6873","2026-08-30 12:02"
"kriszh","5922abce1bba700c703b0c00","Keksdudel","641dcf121e5f72c8ba7f2931","6a9453898b5648c77a81b007","2026-08-30 12:03"
"男方鬆 - Mr. Nanfsong","6409beba17491edb5a32b684","thomas petruv","6000461b23fa0d00011e9f10","6a9453c047799b7f566c68e0","2026-08-30 12:03"
"Clement","635c171d190621fb60d8bb08","Bad At Geo","5d46b0bb3b4b6a4968620f7b","6a94535f8b5648c77a81af6c","2026-08-30 12:04"
".","6a64f773085b0ecb549aae9e","lecheur2pieds","663523ba8e313d3aa27852b0","6a94538f8b5648c77a81b018","2026-08-30 12:04"
"greguiz","60af1407ce6bd2000128aaba","Giancarlo Esposito","68e85bdb3f2cbbe915cbcd3d","6a94537347799b7f566c67de","2026-08-30 12:04"
"cozy","5eee1ae86a7c6a4edc0f7f94","Unc","6876a81aaf5ea16088df663a","6a94539ff5574cc1728e72b9","2026-08-30 12:04"
"CoolMoonGuy","67ba5164f30fffa59919db60","Fel","64fd0636e36620cbdd7865da","6a9453438b5648c77a81af03","2026-08-30 12:04"
"NorthKoreaEnjoyer","6a5776b9557fa0b8070897d7","Flubbersticks","69387a54dc6fdd9da05c91cd","6a94520c47799b7f566c6272","2026-08-30 12:04"
"greguiz","60af1407ce6bd2000128aaba","Giancarlo Esposito","68e85bdb3f2cbbe915cbcd3d","6a9454438b5648c77a81b23e","2026-08-30 12:05"
"Orion","5d691c90e9473f7c4058e6a5","kober","67ad18a09e150413a5e6fa66","6a9453ee47799b7f566c69ae","2026-08-30 12:05"
"Arttuuh_27","5bbbbd372c0173524cdb6e9e","Palmitas","69b33a815634cc416b9c7877","6a9453ab8b5648c77a81b080","2026-08-30 12:05"
"Biquette","5b2b90dfaf2b2a3cd8a2758c","Заяц","63890678411c174863e40d57","6a94537047799b7f566c67d2","2026-08-30 12:05"
"wichura240","68767692157557d5c76a0ab6","thomas petruv","6000461b23fa0d00011e9f10","6a94543589301ec69345bfe4","2026-08-30 12:05"
"omigupta (YT)","62280387e7a8b70001576d3d","Afonso097tv","626344b2a37c8bc48cd849b8","6a94533df5574cc1728e7194","2026-08-30 12:05"
"NoruJumping","5c5817f33d925bc96cd177e7","pisanico","5e59788312777c09acb5f77f","6a94532847799b7f566c66d9","2026-08-30 12:06"
"Orion","5d691c90e9473f7c4058e6a5","kober","67ad18a09e150413a5e6fa66","6a9453ee47799b7f566c69ae","2026-08-30 12:06"
"gokhale","68257ab1be5b31c617f37156","Jeppsa","64394435c84d0d06e2ce5c81","6a9453f247799b7f566c69c1","2026-08-30 12:06"
"GeoNoah","677989c87c4f6c09dd1d2748","Clemens363","5f2bb2243ae4f7000134081b","6a9453b98b5648c77a81b0a1","2026-08-30 12:06"
"Albanian Guy","58796ade8b9ff486d81bbad5","val1d","63875de4e55ec4234b26d1fb","6a94543bf5574cc1728e748c","2026-08-30 12:07"
"路易十六","65337c686711b99177ed189b","Owen","66a3e179154c74d83af4b4f3","6a945436f5574cc1728e747f","2026-08-30 12:07"
"Thesice","5ec5a4cbf849319644f4436c","[PEA]Arvanna","66a545e50035c093bfe072bd","6a9452d18b5648c77a81addc","2026-08-30 12:07"
"Jimbo Junk","5588a2efb8a3409dec36f9de","goodvibes18","64fc454da5664ce9de249325","6a9452bbf5574cc1728e7038","2026-08-30 12:08"
"CoolMoonGuy","67ba5164f30fffa59919db60","NorthKoreaEnjoyer","6a5776b9557fa0b8070897d7","6a94548d8b5648c77a81b318","2026-08-30 12:08"
"Jakob","6330202c43032ef573d382eb","lecheur2pieds","663523ba8e313d3aa27852b0","6a945472f5574cc1728e7537","2026-08-30 12:09"
"Mitteconrad","6056349f72a5a900014128a9","Rasender","5d36bec124ec173888d3a33a","6a94539a8b5648c77a81b034","2026-08-30 12:09"
"teddy bear","66f081f2bf4b230a2fcb970c","Giant Panda","6874e2f8ef3960e599abae7c","6a94550d8b5648c77a81b46e","2026-08-30 12:09"
"LayBay","5f29802d3ae4f70001339734","NorthKoreaEnjoyer","6a5776b9557fa0b8070897d7","6a94553770037071fd941bc8","2026-08-30 12:09"
"Giancarlo Esposito","68e85bdb3f2cbbe915cbcd3d","greguiz","60af1407ce6bd2000128aaba","6a9454a547799b7f566c6bf4","2026-08-30 12:10"
"Orion","5d691c90e9473f7c4058e6a5",".","6a64f773085b0ecb549aae9e","6a9454cb47799b7f566c6c69","2026-08-30 12:10"
"Maksonic","619d09bdc4ab7000016c68d3","Gaizkaiser","61e67e2b8a1e1100013538d3","6a9453b48b5648c77a81b09c","2026-08-30 12:10"
"Заяц","63890678411c174863e40d57","kober","67ad18a09e150413a5e6fa66","6a9454ac8b5648c77a81b375","2026-08-30 12:10"
"kober","67ad18a09e150413a5e6fa66","Biquette","5b2b90dfaf2b2a3cd8a2758c","6a9454ce47799b7f566c6c71","2026-08-30 12:10"
"zach","621783eaab08b80001371858","wichura240","68767692157557d5c76a0ab6","6a9454c28b5648c77a81b3ad","2026-08-30 12:10"
"pisanico","5e59788312777c09acb5f77f","Zhihh","63b435e80510075fa39ac039","6a9454da8b5648c77a81b3e0","2026-08-30 12:10"
"男方鬆 - Mr. Nanfsong","6409beba17491edb5a32b684","Joo-eun.","6a290dd1cf6b59479a2ae4de","6a94544847799b7f566c6ab8","2026-08-30 12:10"
"Palmitas","69b33a815634cc416b9c7877","Arttuuh_27","5bbbbd372c0173524cdb6e9e","6a94548f47799b7f566c6ba5","2026-08-30 12:11"
"Shakazaramesh","5ef2945bbb96627c9ce5f63f","arkst5711","653e2552c65b2ec04be90d7e","6a9453df47799b7f566c6965","2026-08-30 12:11"
"LayBay","5f29802d3ae4f70001339734","Giant Panda","6874e2f8ef3960e599abae7c","6a9455b647799b7f566c6f68","2026-08-30 12:11"
"Unc","6876a81aaf5ea16088df663a","cozy","5eee1ae86a7c6a4edc0f7f94","6a94546f8b5648c77a81b2d6","2026-08-30 12:11"
"kent","5fa7ab03b45c670001342904","pan","5ff3206bbc4e8c00013e4b25","6a9453bc47799b7f566c68d5","2026-08-30 12:12"
"Eriko Hashimoto","6a35e9a0766da45cf34f631b","Biquette","5b2b90dfaf2b2a3cd8a2758c","6a9455c2f5574cc1728e78a0","2026-08-30 12:12"
"gokhale","68257ab1be5b31c617f37156","val1d","63875de4e55ec4234b26d1fb","6a9454fcf5574cc1728e7698","2026-08-30 12:12"
"CoolMoonGuy","67ba5164f30fffa59919db60","goodvibes18","64fc454da5664ce9de249325","6a94556a8b5648c77a81b5ca","2026-08-30 12:12"
"Giancarlo Esposito","68e85bdb3f2cbbe915cbcd3d","Gaizkaiser","61e67e2b8a1e1100013538d3","6a9455cf47799b7f566c6fb0","2026-08-30 12:13"
"男方鬆 - Mr. Nanfsong","6409beba17491edb5a32b684","wichura240","68767692157557d5c76a0ab6","6a9455e7f5574cc1728e78fe","2026-08-30 12:13"
"LayBay","5f29802d3ae4f70001339734","cozy","5eee1ae86a7c6a4edc0f7f94","6a9455f9f5574cc1728e792c","2026-08-30 12:13"
"Заяц","63890678411c174863e40d57","kober","67ad18a09e150413a5e6fa66","6a9455f58b5648c77a81b737","2026-08-30 12:14"
"Jimbo Junk","5588a2efb8a3409dec36f9de","NoruJumping","5c5817f33d925bc96cd177e7","6a94557cf5574cc1728e77f7","2026-08-30 12:14"
"Clement","635c171d190621fb60d8bb08","Bad At Geo","5d46b0bb3b4b6a4968620f7b","6a9454c2f5574cc1728e7613","2026-08-30 12:15"
"Albanian Guy","58796ade8b9ff486d81bbad5","lecheur2pieds","663523ba8e313d3aa27852b0","6a94558347799b7f566c6eb2","2026-08-30 12:15"
"gokhale","68257ab1be5b31c617f37156","cozy","5eee1ae86a7c6a4edc0f7f94","6a9456608b5648c77a81b864","2026-08-30 12:15"
"kent","5fa7ab03b45c670001342904","Eriko Hashimoto","6a35e9a0766da45cf34f631b","6a945670f5574cc1728e7a61","2026-08-30 12:16"
"Don't Give Up","5ffb60de75d2770001545e96","kriszh","5922abce1bba700c703b0c00","6a9454418b5648c77a81b238","2026-08-30 12:16"
"pisanico","5e59788312777c09acb5f77f","goodvibes18","64fc454da5664ce9de249325","6a94564070037071fd941d77","2026-08-30 12:16"
"wichura240","68767692157557d5c76a0ab6","男方鬆 - Mr. Nanfsong","6409beba17491edb5a32b684","6a94569547799b7f566c724d","2026-08-30 12:16"
"Jakob","6330202c43032ef573d382eb",".","6a64f773085b0ecb549aae9e","6a9455d98b5648c77a81b6e3","2026-08-30 12:17"
"malin","635ecde09922ad2543266ce9","Paris, Texas","6999ebd9423ce38404eadfb6","6a94540ef5574cc1728e7424","2026-08-30 12:17"
"Arttuuh_27","5bbbbd372c0173524cdb6e9e","Palmitas","69b33a815634cc416b9c7877","6a9455fa8b5648c77a81b740","2026-08-30 12:18"
"Заяц","63890678411c174863e40d57","kober","67ad18a09e150413a5e6fa66","6a9455f58b5648c77a81b737","2026-08-30 12:18"
"DonkeyGuesses","6912d873ef3380557dd45eec","LayBay","5f29802d3ae4f70001339734","6a945663f5574cc1728e7a32","2026-08-30 12:18"
"teddy bear","66f081f2bf4b230a2fcb970c","Giant Panda","6874e2f8ef3960e599abae7c","6a94575f47799b7f566c74ff","2026-08-30 12:19"
"Thesice","5ec5a4cbf849319644f4436c","Zhihh","63b435e80510075fa39ac039","6a94564e8b5648c77a81b830","2026-08-30 12:19"
"Eriko Hashimoto","6a35e9a0766da45cf34f631b","kober","67ad18a09e150413a5e6fa66","6a945797f5574cc1728e7cde","2026-08-30 12:20"
"Eriko Hashimoto","6a35e9a0766da45cf34f631b","kober","67ad18a09e150413a5e6fa66","6a945797f5574cc1728e7cde","2026-08-30 12:20"
"路易十六","65337c686711b99177ed189b","Owen","66a3e179154c74d83af4b4f3","6a9455228b5648c77a81b4d6","2026-08-30 12:20"
"val1d","63875de4e55ec4234b26d1fb","gokhale","68257ab1be5b31c617f37156","6a9456f8f5574cc1728e7b96","2026-08-30 12:21"
"CoolMoonGuy","67ba5164f30fffa59919db60","cozy","5eee1ae86a7c6a4edc0f7f94","6a9456f947799b7f566c73a2","2026-08-30 12:21"
".","6a64f773085b0ecb549aae9e","Clement","635c171d190621fb60d8bb08","6a9457778b5648c77a81bb0b","2026-08-30 12:22"
"Mitteconrad","6056349f72a5a900014128a9","Tottenhamwisps","60ad03a48b6e1d00012f8e7e","6a94558547799b7f566c6ec2","2026-08-30 12:22"
"Ling","653d58ea4044fc276f407e75","StayHumble","69d51b7a6e59940ded5ab98d","6a94586247799b7f566c782c","2026-08-30 12:22"
"teddy bear","66f081f2bf4b230a2fcb970c","zach","621783eaab08b80001371858","6a9457de47799b7f566c7663","2026-08-30 12:22"
"arkst5711","653e2552c65b2ec04be90d7e","Shakazaramesh","5ef2945bbb96627c9ce5f63f","6a9455fcf5574cc1728e7932","2026-08-30 12:22"
"NorthKoreaEnjoyer","6a5776b9557fa0b8070897d7","Alee 🏍","605b8e2563c4b80001a89321","6a9455a647799b7f566c6f33","2026-08-30 12:22"
"kent","5fa7ab03b45c670001342904","Giancarlo Esposito","68e85bdb3f2cbbe915cbcd3d","6a9457168b5648c77a81ba32","2026-08-30 12:23"
"Paul Thomas Anderson","6999ebd9423ce38404eadfb6","PolarSummit052","6540feba461c73f59a2ccda7","6a94579a2675d4cc4eb9e0a0","2026-08-30 12:23"
"Rasender","5d36bec124ec173888d3a33a","Biquette","5b2b90dfaf2b2a3cd8a2758c","6a9456438b5648c77a81b810","2026-08-30 12:24"
"Eriko Hashimoto","6a35e9a0766da45cf34f631b","kober","67ad18a09e150413a5e6fa66","6a9458118b5648c77a81bc8d","2026-08-30 12:24"
"teddy bear","66f081f2bf4b230a2fcb970c","Giant Panda","6874e2f8ef3960e599abae7c","6a945843f5574cc1728e7e7a","2026-08-30 12:24"
"Michael Olise","6020ae78af093300018030a8","Thesice","5ec5a4cbf849319644f4436c","6a9457f3f5574cc1728e7dac","2026-08-30 12:24"
"Unc","6876a81aaf5ea16088df663a","Joo-eun.","6a290dd1cf6b59479a2ae4de","6a9457a347799b7f566c75c9","2026-08-30 12:24"
"Dan YAile","60ef0697612a5400012c89a3","Ling","653d58ea4044fc276f407e75","6a9458e7321b2b96aebfca29","2026-08-30 12:25"
"Tottenhamwisps","60ad03a48b6e1d00012f8e7e","ましろ","60622a237c864a00019b5334","6a9458ef47799b7f566c7a22","2026-08-30 12:25"
"Don't Give Up","5ffb60de75d2770001545e96","NoruJumping","5c5817f33d925bc96cd177e7","6a94576e47799b7f566c7525","2026-08-30 12:25"
"路易十六","65337c686711b99177ed189b","Flubbersticks","69387a54dc6fdd9da05c91cd","6a94582c47799b7f566c775e","2026-08-30 12:25"
"Clemens363","5f2bb2243ae4f7000134081b","[PEA]Arvanna","66a545e50035c093bfe072bd","6a94551c47799b7f566c6d75","2026-08-30 12:25"
"wichura240","68767692157557d5c76a0ab6","Blanecin","5e8781f3b3ec177638be489a","6a94580a8b5648c77a81bc80","2026-08-30 12:25"
"Maksonic","619d09bdc4ab7000016c68d3","kober","67ad18a09e150413a5e6fa66","6a94580c8b5648c77a81bc84","2026-08-30 12:26"
"StayHumble","69d51b7a6e59940ded5ab98d","teddy bear","66f081f2bf4b230a2fcb970c","6a9458a547799b7f566c7922","2026-08-30 12:26"
"Shakazaramesh","5ef2945bbb96627c9ce5f63f","Tomek5_5","606e09423667bc0001ad663d","6a945879f5574cc1728e7efa","2026-08-30 12:26"
"esther","5ec5509af849319644f425b8","thomas petruv","6000461b23fa0d00011e9f10","6a94559e8b5648c77a81b643","2026-08-30 12:26"
"Giancarlo Esposito","68e85bdb3f2cbbe915cbcd3d","Rasender","5d36bec124ec173888d3a33a","6a9459318b5648c77a81bfad","2026-08-30 12:28"
"Заяц","63890678411c174863e40d57","Biquette","5b2b90dfaf2b2a3cd8a2758c","6a94593447799b7f566c7b0d","2026-08-30 12:28"
"arkst5711","653e2552c65b2ec04be90d7e","Palmitas","69b33a815634cc416b9c7877","6a94589047799b7f566c78d7","2026-08-30 12:28"
"CoolMoonGuy","67ba5164f30fffa59919db60","Alemão(Retired 4Ever)","670f839c4f58c8c7b975c4fe","6a9458b547799b7f566c7959","2026-08-30 12:28"
"Caetsar","5ec82eb4f849319644f4d9ab","ZetanChamp","64139432060237445c0eb5dc","6a9455cdf5574cc1728e78b8","2026-08-30 12:28"
"goodvibes18","64fc454da5664ce9de249325","Andrade","631f700e2347fcd4bef6185b","6a9458b6f5574cc1728e7f93","2026-08-30 12:28"
"Orion","5d691c90e9473f7c4058e6a5","Arttuuh_27","5bbbbd372c0173524cdb6e9e","6a94579247799b7f566c759a","2026-08-30 12:29"
"kober","67ad18a09e150413a5e6fa66","Eriko Hashimoto","6a35e9a0766da45cf34f631b","6a9458fa47799b7f566c7a4a","2026-08-30 12:29"
"zach","621783eaab08b80001371858","val1d","63875de4e55ec4234b26d1fb","6a9458878b5648c77a81bdb6","2026-08-30 12:29"
"cozy","5eee1ae86a7c6a4edc0f7f94","Pato goat","619fe3b5dbff330001dd7873","6a9458658b5648c77a81bd54","2026-08-30 12:29"
"Dan YAile","60ef0697612a5400012c89a3","Ling","653d58ea4044fc276f407e75","6a94594b47799b7f566c7b51","2026-08-30 12:30"
"zappi","605b96419b413c0001f0390b","Don't Give Up","5ffb60de75d2770001545e96","6a94596b8b5648c77a81c063","2026-08-30 12:31"
"wichura240","68767692157557d5c76a0ab6","zach","621783eaab08b80001371858","6a945a418b5648c77a81c2ba","2026-08-30 12:31"
"NoruJumping","5c5817f33d925bc96cd177e7","Michael Olise","6020ae78af093300018030a8","6a9459868b5648c77a81c0a9","2026-08-30 12:32"
"Tomek5_5","606e09423667bc0001ad663d","Shakazaramesh","5ef2945bbb96627c9ce5f63f","6a94597147799b7f566c7bd3","2026-08-30 12:32"
"AlphaZero4000","5ffa660ae8ee080001350d46","NorthKoreaEnjoyer","6a5776b9557fa0b8070897d7","6a9458f247799b7f566c7a31","2026-08-30 12:32"
"[PEA]Arvanna","66a545e50035c093bfe072bd","Lster95","6875664f91065c0938397061","6a94595df5574cc1728e8150","2026-08-30 12:32"
"Giancarlo Esposito","68e85bdb3f2cbbe915cbcd3d","Maksonic","619d09bdc4ab7000016c68d3","6a9459fc8b5648c77a81c1fc","2026-08-30 12:33"
"Biquette","5b2b90dfaf2b2a3cd8a2758c","Заяц","63890678411c174863e40d57","6a945a1cf5574cc1728e8347","2026-08-30 12:33"
"arkst5711","653e2552c65b2ec04be90d7e","Daan","5f91a2db3d05310001d589c3","6a945a018b5648c77a81c20e","2026-08-30 12:33"
"pav","5e67d59212777c2530253a95","Tottenhamwisps","60ad03a48b6e1d00012f8e7e","6a9459658b5648c77a81c052","2026-08-30 12:34"
"Eriko Hashimoto","6a35e9a0766da45cf34f631b","kober","67ad18a09e150413a5e6fa66","6a945a3b8b5648c77a81c2a5","2026-08-30 12:34"
"路易十六","65337c686711b99177ed189b","Flubbersticks","69387a54dc6fdd9da05c91cd","6a9459408b5648c77a81bfdf","2026-08-30 12:34"
"wichura240","68767692157557d5c76a0ab6","zach","621783eaab08b80001371858","6a945a9a8b5648c77a81c390","2026-08-30 12:34"
"cozy","5eee1ae86a7c6a4edc0f7f94","CoolMoonGuy","67ba5164f30fffa59919db60","6a945a3c47799b7f566c7e90","2026-08-30 12:34"
"Eriko Hashimoto","6a35e9a0766da45cf34f631b","kober","67ad18a09e150413a5e6fa66","6a945a3b8b5648c77a81c2a5","2026-08-30 12:35"
"goodvibes18","64fc454da5664ce9de249325","Alemão(Retired 4Ever)","670f839c4f58c8c7b975c4fe","6a945a1047799b7f566c7e09","2026-08-30 12:35"
"esther","5ec5509af849319644f425b8","Andrade","631f700e2347fcd4bef6185b","6a945aa48b5648c77a81c3a8","2026-08-30 12:35"
"Arttuuh_27","5bbbbd372c0173524cdb6e9e","Palmitas","69b33a815634cc416b9c7877","6a945a3947799b7f566c7e87","2026-08-30 12:36"
"Nici","619512ea6e5572000187322c","Don't Give Up","5ffb60de75d2770001545e96","6a945ab8f5574cc1728e849a","2026-08-30 12:36"
"Rasender","5d36bec124ec173888d3a33a","Dan YAile","60ef0697612a5400012c89a3","6a945a808b5648c77a81c350","2026-08-30 12:37"
"StayHumble","69d51b7a6e59940ded5ab98d","Maksonic","619d09bdc4ab7000016c68d3","6a945b9b8b5648c77a81c655","2026-08-30 12:37"
"teddy bear","66f081f2bf4b230a2fcb970c","Unc","6876a81aaf5ea16088df663a","6a945b2247799b7f566c819b","2026-08-30 12:37"
"Davido","60b3bf820390be00015ed409","GeoBunny","64b2f9895059c43d9160f5af","6a945ad28b5648c77a81c419","2026-08-30 12:37"
"Michael Olise","6020ae78af093300018030a8","Shakazaramesh","5ef2945bbb96627c9ce5f63f","6a945b038b5648c77a81c4cd","2026-08-30 12:37"
"wichura240","68767692157557d5c76a0ab6","zach","621783eaab08b80001371858","6a945b9c47799b7f566c8327","2026-08-30 12:37"
"Giancarlo Esposito","68e85bdb3f2cbbe915cbcd3d","Orion","5d691c90e9473f7c4058e6a5","6a945b1f8b5648c77a81c50f","2026-08-30 12:38"
"Eriko Hashimoto","6a35e9a0766da45cf34f631b","Albanian Guy","58796ade8b9ff486d81bbad5","6a945b6847799b7f566c8277","2026-08-30 12:38"
"Заяц","63890678411c174863e40d57","Biquette","5b2b90dfaf2b2a3cd8a2758c","6a945b4170037071fd942628","2026-08-30 12:38"
"Ling","653d58ea4044fc276f407e75","val1d","63875de4e55ec4234b26d1fb","6a945a6df5574cc1728e83f7","2026-08-30 12:38"
"kober","67ad18a09e150413a5e6fa66","GeoBunny","64b2f9895059c43d9160f5af","6a945bfd47799b7f566c8455","2026-08-30 12:38"
"Peter","604b32c70a8833000197ff31","Veet","61f24e39e6b49c0001e98918","6a9459fbf5574cc1728e8304","2026-08-30 12:38"
"kober","67ad18a09e150413a5e6fa66","GeoBunny","64b2f9895059c43d9160f5af","6a945bfd47799b7f566c8455","2026-08-30 12:39"
"Bankz","6632068e2d673f57895aa438","goodvibes18","64fc454da5664ce9de249325","6a945bbf47799b7f566c83a0","2026-08-30 12:39"
"Dan YAile","60ef0697612a5400012c89a3","Sélestat Vinted Chairman","6363f6addf4ad1bf40826a3b","6a945c2047799b7f566c84bd","2026-08-30 12:40"
"StayHumble","69d51b7a6e59940ded5ab98d","kober","67ad18a09e150413a5e6fa66","6a945c3f47799b7f566c8539","2026-08-30 12:40"
"Заяц","63890678411c174863e40d57","Eriko Hashimoto","6a35e9a0766da45cf34f631b","6a945c5747799b7f566c85ec","2026-08-30 12:40"
"zach","621783eaab08b80001371858","MaxJoker84","658c1a04945350bcd1f47aca","6a945c1147799b7f566c8494","2026-08-30 12:40"
"danq_s","639c2a925d4cc27b2f7a898b","Flubbersticks","69387a54dc6fdd9da05c91cd","6a945b5b8b5648c77a81c5a9","2026-08-30 12:40"
"Peter","604b32c70a8833000197ff31","Moussa","63f298b8251569d36d50155b","6a945c5e47799b7f566c860d","2026-08-30 12:40"
"Veet","61f24e39e6b49c0001e98918","Davido","60b3bf820390be00015ed409","6a945c5c8b5648c77a81c882","2026-08-30 12:41"
"DonkeyGuesses","6912d873ef3380557dd45eec","CoolMoonGuy","67ba5164f30fffa59919db60","6a945b868b5648c77a81c619","2026-08-30 12:41"
"Unc","6876a81aaf5ea16088df663a","esther","5ec5509af849319644f425b8","6a945c068b5648c77a81c75b","2026-08-30 12:42"
"[PEA]Arvanna","66a545e50035c093bfe072bd","Alemão(Retired 4Ever)","670f839c4f58c8c7b975c4fe","6a945bb447799b7f566c837a","2026-08-30 12:42"
"Maksonic","619d09bdc4ab7000016c68d3","Biquette","5b2b90dfaf2b2a3cd8a2758c","6a945c7b47799b7f566c8669","2026-08-30 12:43"
"MaxJoker84","658c1a04945350bcd1f47aca","zach","621783eaab08b80001371858","6a945cd28b5648c77a81c996","2026-08-30 12:43"
"StayHumble","69d51b7a6e59940ded5ab98d","Eriko Hashimoto","6a35e9a0766da45cf34f631b","6a945ce48b5648c77a81c9c7","2026-08-30 12:44"
"Palmitas","69b33a815634cc416b9c7877","Don't Give Up","5ffb60de75d2770001545e96","6a945be88b5648c77a81c711","2026-08-30 12:44"
"val1d","63875de4e55ec4234b26d1fb","路易十六","65337c686711b99177ed189b","6a945c8e47799b7f566c86a8","2026-08-30 12:44"
"flaky htf","60ae985660d1f000019f0ef1","danq_s","639c2a925d4cc27b2f7a898b","6a945d3a8b5648c77a81cac0","2026-08-30 12:44"
"Veet","61f24e39e6b49c0001e98918","Davido","60b3bf820390be00015ed409","6a945d1347799b7f566c8836","2026-08-30 12:44"
"Tottenhamwisps","60ad03a48b6e1d00012f8e7e","ましろ","60622a237c864a00019b5334","6a9458ef47799b7f566c7a22","2026-08-30 12:44"
"NoruJumping","5c5817f33d925bc96cd177e7","AlphaZero4000","5ffa660ae8ee080001350d46","6a945b3d47799b7f566c81de","2026-08-30 12:45"
"Orion","5d691c90e9473f7c4058e6a5","Giancarlo Esposito","68e85bdb3f2cbbe915cbcd3d","6a945c838b5648c77a81c8e4","2026-08-30 12:46"
"Eriko Hashimoto","6a35e9a0766da45cf34f631b","Albanian Guy","58796ade8b9ff486d81bbad5","6a945dc247799b7f566c8a9a","2026-08-30 12:46"
"a-you","5e93a3443d4b6a5af4f11b0b","kober","67ad18a09e150413a5e6fa66","6a945d108b5648c77a81ca52","2026-08-30 12:46"
"Ling","653d58ea4044fc276f407e75","Biquette","5b2b90dfaf2b2a3cd8a2758c","6a945d8d8b5648c77a81cbba","2026-08-30 12:46"
"[PEA]Arvanna","66a545e50035c093bfe072bd","im recording my gameplay","6a437d2254319c3206c01eb9","6a945d5af5574cc1728e8b52","2026-08-30 12:46"
"justachair","5e07eecc1b34a05538118ee3","Jannik","6a0c58030808c41cb15866fe","6a945cdf47799b7f566c877b","2026-08-30 12:46"
"Rasender","5d36bec124ec173888d3a33a","Tomek5_5","606e09423667bc0001ad663d","6a945d8247799b7f566c8999","2026-08-30 12:47"
"adameq","626c3725834eacd247226547","mikowhy","659c9d0a72300acff1deb5df","6a945dbd47799b7f566c8a84","2026-08-30 12:47"
"a-you","5e93a3443d4b6a5af4f11b0b","kober","67ad18a09e150413a5e6fa66","6a945d108b5648c77a81ca52","2026-08-30 12:47"
"flaky htf","60ae985660d1f000019f0ef1","danq_s","639c2a925d4cc27b2f7a898b","6a945dcff5574cc1728e8c8f","2026-08-30 12:47"
"Davido","60b3bf820390be00015ed409","Veet","61f24e39e6b49c0001e98918","6a945dbaf5574cc1728e8c5a","2026-08-30 12:47"
"男方鬆 - Mr. Nanfsong","6409beba17491edb5a32b684","zach","621783eaab08b80001371858","6a945db28b5648c77a81cc26","2026-08-30 12:47"
".","6a64f773085b0ecb549aae9e","Giancarlo Esposito","68e85bdb3f2cbbe915cbcd3d","6a945e32f5574cc1728e8d93","2026-08-30 12:48"
"Tottenhamwisps","60ad03a48b6e1d00012f8e7e","wang","64df30f334185dd27cf839a7","6a945ce247799b7f566c8786","2026-08-30 12:48"
"M1lan","67473d086316c898fe734668","Shakazaramesh","5ef2945bbb96627c9ce5f63f","6a945c4547799b7f566c8555","2026-08-30 12:48"
"teddy bear","66f081f2bf4b230a2fcb970c","Giant Panda","6874e2f8ef3960e599abae7c","6a945da48b5648c77a81cc01","2026-08-30 12:48"
"Unc","6876a81aaf5ea16088df663a","Alemão(Retired 4Ever)","670f839c4f58c8c7b975c4fe","6a945d5247799b7f566c890a","2026-08-30 12:48"
"Ling","653d58ea4044fc276f407e75","whueu-abi","694060fd0b5941c5cbe18cbf","6a945e808b5648c77a81ce91","2026-08-30 12:49"
"val1d","63875de4e55ec4234b26d1fb","Sélestat Vinted Chairman","6363f6addf4ad1bf40826a3b","6a945deaf5574cc1728e8cdb","2026-08-30 12:49"
"kober","67ad18a09e150413a5e6fa66","whueu-abi","694060fd0b5941c5cbe18cbf","6a945e668b5648c77a81ce58","2026-08-30 12:50"
"mikowhy","659c9d0a72300acff1deb5df","Shakazaramesh","5ef2945bbb96627c9ce5f63f","6a945ea547799b7f566c8d80","2026-08-30 12:50"
"Davido","60b3bf820390be00015ed409","GeoPhantom","694436a1407b856da832c32e","6a945e72f5574cc1728e8e58","2026-08-30 12:50"
"teddy bear","66f081f2bf4b230a2fcb970c","Maksonic","619d09bdc4ab7000016c68d3","6a945e138b5648c77a81cd5e","2026-08-30 12:51"
"whueu-abi","694060fd0b5941c5cbe18cbf","Sélestat Vinted Chairman","6363f6addf4ad1bf40826a3b","6a945eec47799b7f566c8e73","2026-08-30 12:52"
"Veet","61f24e39e6b49c0001e98918","im recording my gameplay","6a437d2254319c3206c01eb9","6a945e7147799b7f566c8cd6","2026-08-30 12:52"
"zach","621783eaab08b80001371858","flaky htf","60ae985660d1f000019f0ef1","6a945e858b5648c77a81ce9a","2026-08-30 12:52"
"goodvibes18","64fc454da5664ce9de249325","danq_s","639c2a925d4cc27b2f7a898b","6a945e94f5574cc1728e8eb5","2026-08-30 12:52"
"Eriko Hashimoto","6a35e9a0766da45cf34f631b","Albanian Guy","58796ade8b9ff486d81bbad5","6a945e2ef5574cc1728e8d8a","2026-08-30 12:53"
"Ling","653d58ea4044fc276f407e75","K4CP3RSKI777","624aa4216b4b8b1765bb6dad","6a945f1447799b7f566c8f02","2026-08-30 12:53"
"danq_s","639c2a925d4cc27b2f7a898b","zach","621783eaab08b80001371858","6a945f9547799b7f566c90c5","2026-08-30 12:53"
"Maksonic","619d09bdc4ab7000016c68d3","teddy bear","66f081f2bf4b230a2fcb970c","6a945f6847799b7f566c9025","2026-08-30 12:54"
"kober","67ad18a09e150413a5e6fa66","whueu-abi","694060fd0b5941c5cbe18cbf","6a945e668b5648c77a81ce58","2026-08-30 12:54"
"Davido","60b3bf820390be00015ed409","whueu-abi","694060fd0b5941c5cbe18cbf","6a945f548b5648c77a81d138","2026-08-30 12:54"
"GeoPhantom","694436a1407b856da832c32e","Ando","6217de15a0f6300001186164","6a945f428b5648c77a81d0c9","2026-08-30 12:54"
"lenne","5f1380d2a18d4d486ca41ee1","Owen","66a3e179154c74d83af4b4f3","6a945db347799b7f566c8a67","2026-08-30 12:54"
"mikowhy","659c9d0a72300acff1deb5df","Shakazaramesh","5ef2945bbb96627c9ce5f63f","6a945f248b5648c77a81d093","2026-08-30 12:55"
"Sélestat Vinted Chairman","6363f6addf4ad1bf40826a3b","whueu-abi","694060fd0b5941c5cbe18cbf","6a945fcdf5574cc1728e9208","2026-08-30 12:55"
"K4CP3RSKI777","624aa4216b4b8b1765bb6dad","Veet","61f24e39e6b49c0001e98918","6a945ff147799b7f566c921e","2026-08-30 12:55"
"Keksdudel","641dcf121e5f72c8ba7f2931","[PEA]Arvanna","66a545e50035c093bfe072bd","6a945e8247799b7f566c8d1a","2026-08-30 12:55"
"danq_s","639c2a925d4cc27b2f7a898b","silvia","5ab45e391e1f02697026c335","6a945fe2f5574cc1728e9235","2026-08-30 12:55"
"justachair","5e07eecc1b34a05538118ee3","esther","5ec5509af849319644f425b8","6a945e508b5648c77a81ce1b","2026-08-30 12:55"
"adameq","626c3725834eacd247226547","Giancarlo Esposito","68e85bdb3f2cbbe915cbcd3d","6a945eb647799b7f566c8db3","2026-08-30 12:56"
"Ling","653d58ea4044fc276f407e75","teddy bear","66f081f2bf4b230a2fcb970c","6a945ffd47799b7f566c9247","2026-08-30 12:56"
"whueu-abi","694060fd0b5941c5cbe18cbf","wichura240","68767692157557d5c76a0ab6","6a94602e47799b7f566c9314","2026-08-30 12:56"
"Jarnoo","6807860a7b5e23a92b7f855f","Ando","6217de15a0f6300001186164","6a94602f47799b7f566c9318","2026-08-30 12:56"
"Ling","653d58ea4044fc276f407e75","teddy bear","66f081f2bf4b230a2fcb970c","6a945ffd47799b7f566c9247","2026-08-30 12:57"
"男方鬆 - Mr. Nanfsong","6409beba17491edb5a32b684","wichura240","68767692157557d5c76a0ab6","6a9460acf5574cc1728e9482","2026-08-30 12:57"
"danq_s","639c2a925d4cc27b2f7a898b","Andrade","631f700e2347fcd4bef6185b","6a9460718b5648c77a81d46a","2026-08-30 12:57"
"GeoNestor","5a0761e672d16b933871e7a1","im recording my gameplay","6a437d2254319c3206c01eb9","6a945fae47799b7f566c9137","2026-08-30 12:57"
"lecheur2pieds","663523ba8e313d3aa27852b0","mikowhy","659c9d0a72300acff1deb5df","6a94603747799b7f566c932a","2026-08-30 12:58"
"whueu-abi","694060fd0b5941c5cbe18cbf","Jarnoo","6807860a7b5e23a92b7f855f","6a946090f5574cc1728e9443","2026-08-30 12:58"
"val1d","63875de4e55ec4234b26d1fb","zach","621783eaab08b80001371858","6a945fdd8b5648c77a81d2d5","2026-08-30 12:58"
"Maksonic","619d09bdc4ab7000016c68d3","Orion","5d691c90e9473f7c4058e6a5","6a9460198b5648c77a81d36a","2026-08-30 12:59"
"Eriko Hashimoto","6a35e9a0766da45cf34f631b","lecheur2pieds","663523ba8e313d3aa27852b0","6a9460ec47799b7f566c95b0","2026-08-30 12:59"
"whueu-abi","694060fd0b5941c5cbe18cbf","Jarnoo","6807860a7b5e23a92b7f855f","6a946090f5574cc1728e9443","2026-08-30 12:59"
"Biquette","5b2b90dfaf2b2a3cd8a2758c","Shakazaramesh","5ef2945bbb96627c9ce5f63f","6a94601847799b7f566c92b0","2026-08-30 13:00"
"男方鬆 - Mr. Nanfsong","6409beba17491edb5a32b684","wichura240","68767692157557d5c76a0ab6","6a9460df8b5648c77a81d5b0","2026-08-30 13:00"
"[PEA]Arvanna","66a545e50035c093bfe072bd","goodvibes18","64fc454da5664ce9de249325","6a94605e47799b7f566c93b7","2026-08-30 13:00"
"Loan","5e866b87b3ec17798078a43b","Blanecin","5e8781f3b3ec177638be489a","6a945a9a70037071fd9424e2","2026-08-30 13:00"
"Clemens363","5f2bb2243ae4f7000134081b","Caetsar","5ec82eb4f849319644f4d9ab","6a9459eaf5574cc1728e82de","2026-08-30 13:01"
"im recording my gameplay","6a437d2254319c3206c01eb9","Thesice","5ec5a4cbf849319644f4436c","6a9460dd47799b7f566c9579","2026-08-30 13:01"
"Giancarlo Esposito","68e85bdb3f2cbbe915cbcd3d","adameq","626c3725834eacd247226547","6a9460a68b5648c77a81d4f9","2026-08-30 13:02"
"Ling","653d58ea4044fc276f407e75","teddy bear","66f081f2bf4b230a2fcb970c","6a94609147799b7f566c9462","2026-08-30 13:02"
"whueu-abi","694060fd0b5941c5cbe18cbf","GeoPhantom","694436a1407b856da832c32e","6a9461388b5648c77a81d6a1","2026-08-30 13:02"
"K4CP3RSKI777","624aa4216b4b8b1765bb6dad","Albanian Guy","58796ade8b9ff486d81bbad5","6a9460aff5574cc1728e948b","2026-08-30 13:02"
"mikowhy","659c9d0a72300acff1deb5df","val1d","63875de4e55ec4234b26d1fb","6a94611947799b7f566c9652","2026-08-30 13:03"
"teddy bear","66f081f2bf4b230a2fcb970c","Giant Panda","6874e2f8ef3960e599abae7c","6a94617a47799b7f566c9799","2026-08-30 13:03"
"Ando","6217de15a0f6300001186164","GeoNestor","5a0761e672d16b933871e7a1","6a94612770037071fd94305d","2026-08-30 13:03"
"pav","5e67d59212777c2530253a95","Tottenhamwisps","60ad03a48b6e1d00012f8e7e","6a945faa47799b7f566c9112","2026-08-30 13:04"
"kober","67ad18a09e150413a5e6fa66","whueu-abi","694060fd0b5941c5cbe18cbf","6a9461db47799b7f566c98d5","2026-08-30 13:04"
"kober","67ad18a09e150413a5e6fa66","whueu-abi","694060fd0b5941c5cbe18cbf","6a9461db47799b7f566c98d5","2026-08-30 13:04"
"Sélestat Vinted Chairman","6363f6addf4ad1bf40826a3b","Peter Dictator","684c775aeb78c494d9ee6b7a","6a94614147799b7f566c96e3","2026-08-30 13:04"
"男方鬆 - Mr. Nanfsong","6409beba17491edb5a32b684","wichura240","68767692157557d5c76a0ab6","6a9461ad47799b7f566c9845","2026-08-30 13:04"
"Andrade","631f700e2347fcd4bef6185b","Jannik","6a0c58030808c41cb15866fe","6a9461ca47799b7f566c9898","2026-08-30 13:04"
"Заяц","63890678411c174863e40d57","kober","67ad18a09e150413a5e6fa66","6a9461ef47799b7f566c9921","2026-08-30 13:05"
"teddy bear","66f081f2bf4b230a2fcb970c","K4CP3RSKI777","624aa4216b4b8b1765bb6dad","6a9462088b5648c77a81d926","2026-08-30 13:05"
"Shakazaramesh","5ef2945bbb96627c9ce5f63f","Thesice","5ec5a4cbf849319644f4436c","6a9461bf47799b7f566c987c","2026-08-30 13:05"
"danq_s","639c2a925d4cc27b2f7a898b","silvia","5ab45e391e1f02697026c335","6a9460d147799b7f566c954b","2026-08-30 13:05"
"[PEA]Arvanna","66a545e50035c093bfe072bd","goodvibes18","64fc454da5664ce9de249325","6a9461738b5648c77a81d764","2026-08-30 13:05"
"Giancarlo Esposito","68e85bdb3f2cbbe915cbcd3d","Maksonic","619d09bdc4ab7000016c68d3","6a94620df5574cc1728e982e","2026-08-30 13:06"
"lecheur2pieds","663523ba8e313d3aa27852b0","Orion","5d691c90e9473f7c4058e6a5","6a9461908b5648c77a81d7b1","2026-08-30 13:06"
"GeoPhantom","694436a1407b856da832c32e","zach","621783eaab08b80001371858","6a9461e48b5648c77a81d8b1","2026-08-30 13:06"
"lecheur2pieds","663523ba8e313d3aa27852b0","Giancarlo Esposito","68e85bdb3f2cbbe915cbcd3d","6a9462e347799b7f566c9cf4","2026-08-30 13:07"
"男方鬆 - Mr. Nanfsong","6409beba17491edb5a32b684","val1d","63875de4e55ec4234b26d1fb","6a946259f5574cc1728e98f0","2026-08-30 13:07"
"zach","621783eaab08b80001371858","Jarnoo","6807860a7b5e23a92b7f855f","6a9461ee47799b7f566c9919","2026-08-30 13:07"
"GeoPhantom","694436a1407b856da832c32e","zach","621783eaab08b80001371858","6a9462d447799b7f566c9ccf","2026-08-30 13:08"
"Veet","61f24e39e6b49c0001e98918","Kayden","5759d0d2c3eb4f349c4974fa","6a94607c47799b7f566c9413","2026-08-30 13:08"
"teddy bear","66f081f2bf4b230a2fcb970c","Ling","653d58ea4044fc276f407e75","6a946249f5574cc1728e98c3","2026-08-30 13:09"
"Sélestat Vinted Chairman","6363f6addf4ad1bf40826a3b","whueu-abi","694060fd0b5941c5cbe18cbf","6a946280f5574cc1728e9955","2026-08-30 13:09"
"Ando","6217de15a0f6300001186164","esther","5ec5509af849319644f425b8","6a94624a47799b7f566c9aad","2026-08-30 13:09"
"Eriko Hashimoto","6a35e9a0766da45cf34f631b","whueu-abi","694060fd0b5941c5cbe18cbf","6a9462608b5648c77a81da3e","2026-08-30 13:10"
"男方鬆 - Mr. Nanfsong","6409beba17491edb5a32b684","GeoPhantom","694436a1407b856da832c32e","6a94634847799b7f566c9ea8","2026-08-30 13:10"
"lecheur2pieds","663523ba8e313d3aa27852b0","Giancarlo Esposito","68e85bdb3f2cbbe915cbcd3d","6a94631f47799b7f566c9df7","2026-08-30 13:11"
"Biquette","5b2b90dfaf2b2a3cd8a2758c","Palmitas","69b33a815634cc416b9c7877","6a9461b447799b7f566c9856","2026-08-30 13:11"
"danq_s","639c2a925d4cc27b2f7a898b","GeoNestor","5a0761e672d16b933871e7a1","6a9462b8f5574cc1728e9a05","2026-08-30 13:11"
"Заяц","63890678411c174863e40d57","kober","67ad18a09e150413a5e6fa66","6a9462c847799b7f566c9c99","2026-08-30 13:13"
"whueu-abi","694060fd0b5941c5cbe18cbf","Eriko Hashimoto","6a35e9a0766da45cf34f631b","6a9463cdf5574cc1728e9d18","2026-08-30 13:13"
"K4CP3RSKI777","624aa4216b4b8b1765bb6dad","kober","67ad18a09e150413a5e6fa66","6a9462c2f5574cc1728e9a1b","2026-08-30 13:13"
"男方鬆 - Mr. Nanfsong","6409beba17491edb5a32b684","GeoPhantom","694436a1407b856da832c32e","6a9463c98b5648c77a81de53","2026-08-30 13:13"
"Shakazaramesh","5ef2945bbb96627c9ce5f63f","Moritz","604e275b66c3940001ee30ed","6a9462b047799b7f566c9c3d","2026-08-30 13:13"
"[PEA]Arvanna","66a545e50035c093bfe072bd","CoolMoonGuy","67ba5164f30fffa59919db60","6a9462e247799b7f566c9cef","2026-08-30 13:13"
"yuyux32","65a3fa0c053e0780db54fd4b","zach","621783eaab08b80001371858","6a9463e48b5648c77a81debb","2026-08-30 13:13"
"lecheur2pieds","663523ba8e313d3aa27852b0","Giancarlo Esposito","68e85bdb3f2cbbe915cbcd3d","6a94640df5574cc1728e9dca","2026-08-30 13:14"
"Ling","653d58ea4044fc276f407e75","whueu-abi","694060fd0b5941c5cbe18cbf","6a9463c78b5648c77a81de4d","2026-08-30 13:14"
"xxfeetluver69 🤤👅🦶","68cb3fdf6f672817f40cf951","Goonax#4WC","6772fee6827b91b41dd22b5f","6a9462e647799b7f566c9cff","2026-08-30 13:14"
"sebastian","667d87ca8401bca3fee14649","teddy bear","66f081f2bf4b230a2fcb970c","6a946423f5574cc1728e9df2","2026-08-30 13:14"
"kober","67ad18a09e150413a5e6fa66","Заяц","63890678411c174863e40d57","6a9464879722935081ccdc77","2026-08-30 13:14"
"Jan","63b9dd9d4448f55006bb8b92","Veet","61f24e39e6b49c0001e98918","6a9463f2f5574cc1728e9d7c","2026-08-30 13:14"
"Ando","6217de15a0f6300001186164","Venux","601d72df848235000143965e","6a946414f5574cc1728e9dd4","2026-08-30 13:14"
"goodvibes18","64fc454da5664ce9de249325","GeoNestor","5a0761e672d16b933871e7a1","6a94644647799b7f566ca227","2026-08-30 13:14"
"Sélestat Vinted Chairman","6363f6addf4ad1bf40826a3b","GeoBunny","64b2f9895059c43d9160f5af","6a94638e47799b7f566c9f92","2026-08-30 13:15"
"Jrriddle","57a6214096ca6774b09dfc10","MapleBearBaguette","68cb1bc7e95df3cc38452971","6a94637147799b7f566c9f39","2026-08-30 13:15"
"[PEA]Arvanna","66a545e50035c093bfe072bd","silvia","5ab45e391e1f02697026c335","6a9464968b5648c77a81e096","2026-08-30 13:15"
"Eriko Hashimoto","6a35e9a0766da45cf34f631b","K4CP3RSKI777","624aa4216b4b8b1765bb6dad","6a9464af8b5648c77a81e0db","2026-08-30 13:16"
"mikowhy","659c9d0a72300acff1deb5df","adameq","626c3725834eacd247226547","6a946230f5574cc1728e9871","2026-08-30 13:16"
"whueu-abi","694060fd0b5941c5cbe18cbf","男方鬆 - Mr. Nanfsong","6409beba17491edb5a32b684","6a94649c8b5648c77a81e0a3","2026-08-30 13:16"
"Venux","601d72df848235000143965e","zach","621783eaab08b80001371858","6a9464bb8b5648c77a81e0fa","2026-08-30 13:16"
"Sombra","677c803ef36a2c9048280ccd","Orion","5d691c90e9473f7c4058e6a5","6a94631447799b7f566c9dd3","2026-08-30 13:17"
"pav","5e67d59212777c2530253a95","Tottenhamwisps","60ad03a48b6e1d00012f8e7e","6a94631c47799b7f566c9dee","2026-08-30 13:17"
"sebastian","667d87ca8401bca3fee14649","Заяц","63890678411c174863e40d57","6a9464e08b5648c77a81e172","2026-08-30 13:17"
"Brzoza","60ababeffb1efa0001302754","irrational","65ba97ce8b2ba0c747ffa3b7","6a9460758b5648c77a81d471","2026-08-30 13:17"
"lecheur2pieds","663523ba8e313d3aa27852b0","Giancarlo Esposito","68e85bdb3f2cbbe915cbcd3d","6a9464d4f5574cc1728e9fbe","2026-08-30 13:18"
"Goonax#4WC","6772fee6827b91b41dd22b5f","teddy bear","66f081f2bf4b230a2fcb970c","6a9464ee47799b7f566ca44f","2026-08-30 13:18"
"whueu-abi","694060fd0b5941c5cbe18cbf","GeoBunny","64b2f9895059c43d9160f5af","6a94650f8b5648c77a81e20c","2026-08-30 13:18"
"kober","67ad18a09e150413a5e6fa66","val1d","63875de4e55ec4234b26d1fb","6a94648ff5574cc1728e9f00","2026-08-30 13:19"
"Brzoza","60ababeffb1efa0001302754","Заяц","63890678411c174863e40d57","6a9465878b5648c77a81e32b","2026-08-30 13:19"
"Goonax#4WC","6772fee6827b91b41dd22b5f","teddy bear","66f081f2bf4b230a2fcb970c","6a9464ee47799b7f566ca44f","2026-08-30 13:19"
"Jan","63b9dd9d4448f55006bb8b92","Moritz","604e275b66c3940001ee30ed","6a9464cb8b5648c77a81e132","2026-08-30 13:19"
"男方鬆 - Mr. Nanfsong","6409beba17491edb5a32b684","whueu-abi","694060fd0b5941c5cbe18cbf","6a94653d8b5648c77a81e277","2026-08-30 13:19"
"Unc","6876a81aaf5ea16088df663a","Jannik","6a0c58030808c41cb15866fe","6a9465a247799b7f566ca68b","2026-08-30 13:19"
"CoolMoonGuy","67ba5164f30fffa59919db60","Lster95","6875664f91065c0938397061","6a946488f5574cc1728e9ef3","2026-08-30 13:19"
"Sélestat Vinted Chairman","6363f6addf4ad1bf40826a3b","kober","67ad18a09e150413a5e6fa66","6a9464e347799b7f566ca434","2026-08-30 13:20"
"[PEA]Arvanna","66a545e50035c093bfe072bd","silvia","5ab45e391e1f02697026c335","6a9465268b5648c77a81e23f","2026-08-30 13:20"
"goodvibes18","64fc454da5664ce9de249325","Veet","61f24e39e6b49c0001e98918","6a9464d58b5648c77a81e157","2026-08-30 13:20"
"lecheur2pieds","663523ba8e313d3aa27852b0","Giancarlo Esposito","68e85bdb3f2cbbe915cbcd3d","6a9465cf8b5648c77a81e3fb","2026-08-30 13:21"
"s7ymon.","689dea76e80ba00f3a8dbdc1","adameq","626c3725834eacd247226547","6a94656c47799b7f566ca5df","2026-08-30 13:21"
"sebastian","667d87ca8401bca3fee14649","Orion","5d691c90e9473f7c4058e6a5","6a94657f47799b7f566ca615","2026-08-30 13:21"
"Заяц","63890678411c174863e40d57","whueu-abi","694060fd0b5941c5cbe18cbf","6a9466188b5648c77a81e4d4","2026-08-30 13:22"
"Jrriddle","57a6214096ca6774b09dfc10","Christobal Cebolla","67a0c1f30b5863275051a4f0","6a94650a47799b7f566ca4bd","2026-08-30 13:22"
"CoolMoonGuy","67ba5164f30fffa59919db60","Lster95","6875664f91065c0938397061","6a9465ef8b5648c77a81e470","2026-08-30 13:22"
"sebastian","667d87ca8401bca3fee14649","Giancarlo Esposito","68e85bdb3f2cbbe915cbcd3d","6a94667947799b7f566ca9ca","2026-08-30 13:23"
"Eriko Hashimoto","6a35e9a0766da45cf34f631b","danq_s","639c2a925d4cc27b2f7a898b","6a94657c8b5648c77a81e30a","2026-08-30 13:23"
"mikowhy","659c9d0a72300acff1deb5df","Rasender","5d36bec124ec173888d3a33a","6a94652f8b5648c77a81e254","2026-08-30 13:23"
"kober","67ad18a09e150413a5e6fa66","Sélestat Vinted Chairman","6363f6addf4ad1bf40826a3b","6a94667547799b7f566ca9b7","2026-08-30 13:23"
"Dat1Cactus","60402d940b13630001e3e47d","yuyux32","65a3fa0c053e0780db54fd4b","6a94666347799b7f566ca978","2026-08-30 13:23"
"☃️💞Necridanov💞☃️🇫🇷-🇲🇹","61c8e6e43ac48e000144efc9","Moritz","604e275b66c3940001ee30ed","6a9465ea47799b7f566ca797","2026-08-30 13:23"
"lecheur2pieds","663523ba8e313d3aa27852b0","kent","5fa7ab03b45c670001342904","6a946679f5574cc1728ea3f6","2026-08-30 13:24"
"kober","67ad18a09e150413a5e6fa66","Sélestat Vinted Chairman","6363f6addf4ad1bf40826a3b","6a94667547799b7f566ca9b7","2026-08-30 13:24"
"Shakazaramesh","5ef2945bbb96627c9ce5f63f","Don't Give Up","5ffb60de75d2770001545e96","6a9465bdf5574cc1728ea1ee","2026-08-30 13:24"
"val1d","63875de4e55ec4234b26d1fb","Christobal Cebolla","67a0c1f30b5863275051a4f0","6a94669c8b5648c77a81e661","2026-08-30 13:24"
"Unc","6876a81aaf5ea16088df663a","MiniKochi #1 FAN","63d29ada31674327ca09c658","6a94665c8b5648c77a81e59d","2026-08-30 13:25"
"sebastian","667d87ca8401bca3fee14649","Sélestat Vinted Chairman","6363f6addf4ad1bf40826a3b","6a9466ed47799b7f566cab6f","2026-08-30 13:26"
"K4CP3RSKI777","624aa4216b4b8b1765bb6dad","JulLaStar","6877b24fc8272415e0c98d7a","6a9465f8f5574cc1728ea27f","2026-08-30 13:26"
"whueu-abi","694060fd0b5941c5cbe18cbf","Brzoza","60ababeffb1efa0001302754","6a94669ef5574cc1728ea466","2026-08-30 13:26"
"Jrriddle","57a6214096ca6774b09dfc10","danq_s","639c2a925d4cc27b2f7a898b","6a94670547799b7f566cabb0","2026-08-30 13:26"
"THE_MASTER","62f6a15c8845c40754be1420","cryptal","68da8c9b361db7a9867df6ec","6a9467438b5648c77a81e837","2026-08-30 13:27"
"Eriko Hashimoto","6a35e9a0766da45cf34f631b","Заяц","63890678411c174863e40d57","6a9467088b5648c77a81e780","2026-08-30 13:28"
"Keksdudel","641dcf121e5f72c8ba7f2931","GCU","69f74f7bd9284e0db0e2a65c","6a9466bbf5574cc1728ea4b4","2026-08-30 13:28"
"danq_s","639c2a925d4cc27b2f7a898b","Tomek5_5","606e09423667bc0001ad663d","6a9467908b5648c77a81e90a","2026-08-30 13:28"
"Sélestat Vinted Chairman","6363f6addf4ad1bf40826a3b","teddy bear","66f081f2bf4b230a2fcb970c","6a9467cf47799b7f566cae69","2026-08-30 13:29"
"Shakazaramesh","5ef2945bbb96627c9ce5f63f","Unc","6876a81aaf5ea16088df663a","6a9467488b5648c77a81e843","2026-08-30 13:29"
"[PEA]Arvanna","66a545e50035c093bfe072bd","Don't Give Up","5ffb60de75d2770001545e96","6a94674f47799b7f566cacb9","2026-08-30 13:29"
"THE_MASTER","62f6a15c8845c40754be1420","Alemão(Retired 4Ever)","670f839c4f58c8c7b975c4fe","6a9467bb8b5648c77a81e975","2026-08-30 13:29"
"kent","5fa7ab03b45c670001342904","lecheur2pieds","663523ba8e313d3aa27852b0","6a946725f5574cc1728ea59e","2026-08-30 13:30"
"Ling","653d58ea4044fc276f407e75","whueu-abi","694060fd0b5941c5cbe18cbf","6a9467a3f5574cc1728ea6dd","2026-08-30 13:30"
"Aaryan22","657021f7412bfd95aad62550","CoolMoonGuy","67ba5164f30fffa59919db60","6a9466cdf5574cc1728ea4db","2026-08-30 13:30"
"s7ymon.","689dea76e80ba00f3a8dbdc1","mikowhy","659c9d0a72300acff1deb5df","6a9466e0f5574cc1728ea500","2026-08-30 13:31"
"Tottenhamwisps","60ad03a48b6e1d00012f8e7e","Goonax#4WC","6772fee6827b91b41dd22b5f","6a9465d847799b7f566ca75d","2026-08-30 13:31"
"xxfeetluver69 🤤👅🦶","68cb3fdf6f672817f40cf951","Brzoza","60ababeffb1efa0001302754","6a94677847799b7f566cad3b","2026-08-30 13:31"
"goodvibes18","64fc454da5664ce9de249325","GeoNestor","5a0761e672d16b933871e7a1","6a9467898b5648c77a81e8fc","2026-08-30 13:31"
"JulLaStar","6877b24fc8272415e0c98d7a","K4CP3RSKI777","624aa4216b4b8b1765bb6dad","6a9467daf5574cc1728ea751","2026-08-30 13:32"
"Ling","653d58ea4044fc276f407e75","whueu-abi","694060fd0b5941c5cbe18cbf","6a9467a3f5574cc1728ea6dd","2026-08-30 13:32"
"Tomek5_5","606e09423667bc0001ad663d","danq_s","639c2a925d4cc27b2f7a898b","6a9467ff8b5648c77a81ea10","2026-08-30 13:32"
"MiniKochi #1 FAN","63d29ada31674327ca09c658","Venux","601d72df848235000143965e","6a94675e47799b7f566caceb","2026-08-30 13:32"
"Sebo586","6484d6c62835b90b9cd9297c","はやぴー","63c2fb1d3a6897fe7fa9b83c","6a9467f3f5574cc1728ea786","2026-08-30 13:32"
"Marci","62572af8924e491f28b0326c","pas bon","6138c0b02041ad0001a01eae","6a9467548b5648c77a81e863","2026-08-30 13:32"
"adameq","626c3725834eacd247226547","Rasender","5d36bec124ec173888d3a33a","6a9466f4f5574cc1728ea52c","2026-08-30 13:33"
"whueu-abi","694060fd0b5941c5cbe18cbf","teddy bear","66f081f2bf4b230a2fcb970c","6a94687cf5574cc1728ea8c3","2026-08-30 13:33"
"Dat1Cactus","60402d940b13630001e3e47d","yuyux32","65a3fa0c053e0780db54fd4b","6a94670547799b7f566cabb4","2026-08-30 13:33"
"Eriko Hashimoto","6a35e9a0766da45cf34f631b","Sélestat Vinted Chairman","6363f6addf4ad1bf40826a3b","6a94684f47799b7f566cafff","2026-08-30 13:34"
"mikowhy","659c9d0a72300acff1deb5df","Goonax#4WC","6772fee6827b91b41dd22b5f","6a9468cd47799b7f566cb198","2026-08-30 13:34"
"MagnusMägi","6765f226ab11f49e3748df8b","LayBay","5f29802d3ae4f70001339734","6a946792f5574cc1728ea6c8","2026-08-30 13:34"
"Brzoza","60ababeffb1efa0001302754","whueu-abi","694060fd0b5941c5cbe18cbf","6a94691347799b7f566cb278","2026-08-30 13:35"
"teddy bear","66f081f2bf4b230a2fcb970c","whueu-abi","694060fd0b5941c5cbe18cbf","6a94692e47799b7f566cb2d7","2026-08-30 13:35"
"Doofist","68f3a854d35e604bd5617bb2","Unc","6876a81aaf5ea16088df663a","6a9468328b5648c77a81ea83","2026-08-30 13:35"
"kent","5fa7ab03b45c670001342904","lecheur2pieds","663523ba8e313d3aa27852b0","6a946885f5574cc1728ea8d7","2026-08-30 13:36"
"Sélestat Vinted Chairman","6363f6addf4ad1bf40826a3b","val1d","63875de4e55ec4234b26d1fb","6a9469698b5648c77a81ed7b","2026-08-30 13:37"
"teddy bear","66f081f2bf4b230a2fcb970c","whueu-abi","694060fd0b5941c5cbe18cbf","6a9469b2f5574cc1728eab54","2026-08-30 13:37"
"Jan","63b9dd9d4448f55006bb8b92","Veet","61f24e39e6b49c0001e98918","6a94667547799b7f566ca9b8","2026-08-30 13:37"
"Shakazaramesh","5ef2945bbb96627c9ce5f63f","Aaryan22","657021f7412bfd95aad62550","6a9468a6f5574cc1728ea914","2026-08-30 13:37"
"THE_MASTER","62f6a15c8845c40754be1420","Alemão(Retired 4Ever)","670f839c4f58c8c7b975c4fe","6a9468d88b5648c77a81ebf8","2026-08-30 13:37"
"Ling","653d58ea4044fc276f407e75","Заяц","63890678411c174863e40d57","6a9468d847799b7f566cb1bb","2026-08-30 13:38"
"はやぴー","63c2fb1d3a6897fe7fa9b83c","Kiochan","665d84d55400327448b890dc","6a94691cf5574cc1728eaa1c","2026-08-30 13:38"
"goodvibes18","64fc454da5664ce9de249325","CoolMoonGuy","67ba5164f30fffa59919db60","6a9468c18b5648c77a81ebbf","2026-08-30 13:38"
"danq_s","639c2a925d4cc27b2f7a898b","Marci","62572af8924e491f28b0326c","6a9468f48b5648c77a81ec42","2026-08-30 13:39"
"Venux","601d72df848235000143965e","yuyux32","65a3fa0c053e0780db54fd4b","6a946a0347799b7f566cb561","2026-08-30 13:39"
"kent","5fa7ab03b45c670001342904","s7ymon.","689dea76e80ba00f3a8dbdc1","6a9469fe8b5648c77a81ef37","2026-08-30 13:40"
"Eriko Hashimoto","6a35e9a0766da45cf34f631b","Maksonic","619d09bdc4ab7000016c68d3","6a9469a8f5574cc1728eab3d","2026-08-30 13:40"
"teddy bear","66f081f2bf4b230a2fcb970c","whueu-abi","694060fd0b5941c5cbe18cbf","6a946a1e47799b7f566cb5d7","2026-08-30 13:40"
"Sebo586","6484d6c62835b90b9cd9297c","Unc","6876a81aaf5ea16088df663a","6a9469c370037071fd9440cd","2026-08-30 13:40"
"Mitteconrad","6056349f72a5a900014128a9","irrational","65ba97ce8b2ba0c747ffa3b7","6a94667c8b5648c77a81e5fd","2026-08-30 13:41"
"caribou","65b67a412c40703eebe95de7","Заяц","63890678411c174863e40d57","6a946a77f5574cc1728ead33","2026-08-30 13:41"
"teddy bear","66f081f2bf4b230a2fcb970c","whueu-abi","694060fd0b5941c5cbe18cbf","6a946a1e47799b7f566cb5d7","2026-08-30 13:41"
"im recording my gameplay","6a437d2254319c3206c01eb9","goodvibes18","64fc454da5664ce9de249325","6a946acbf5574cc1728eae36","2026-08-30 13:41"
"Derzal","5f96feae45cc8c00017ca853","THE_MASTER","62f6a15c8845c40754be1420","6a946a3d47799b7f566cb648","2026-08-30 13:41"
"Christobal Cebolla","67a0c1f30b5863275051a4f0","GeoNestor","5a0761e672d16b933871e7a1","6a94694770037071fd944020","2026-08-30 13:41"
"Goonax#4WC","6772fee6827b91b41dd22b5f","Brzoza","60ababeffb1efa0001302754","6a9469b147799b7f566cb45f","2026-08-30 13:42"
"persimmonsukip","6809563cae64cffc1988e9fe","Owen","66a3e179154c74d83af4b4f3","6a94698c8b5648c77a81ede6","2026-08-30 13:42"
"mikowhy","659c9d0a72300acff1deb5df","adameq","626c3725834eacd247226547","6a94696647799b7f566cb37c","2026-08-30 13:43"
"Shakazaramesh","5ef2945bbb96627c9ce5f63f","Aaryan22","657021f7412bfd95aad62550","6a946a1947799b7f566cb5c6","2026-08-30 13:43"
"val1d","63875de4e55ec4234b26d1fb","Sélestat Vinted Chairman","6363f6addf4ad1bf40826a3b","6a946a3847799b7f566cb631","2026-08-30 13:43"
"Kiochan","665d84d55400327448b890dc","CoolMoonGuy","67ba5164f30fffa59919db60","6a946a7c8b5648c77a81f0b7","2026-08-30 13:43"
"Eriko Hashimoto","6a35e9a0766da45cf34f631b","whueu-abi","694060fd0b5941c5cbe18cbf","6a946b3e8b5648c77a81f2fa","2026-08-30 13:44"
"Rasender","5d36bec124ec173888d3a33a","pluwadi","66b3eb653e680cb97150ce62","6a9469f3f5574cc1728eabd8","2026-08-30 13:44"
"caribou","65b67a412c40703eebe95de7","Brzoza","60ababeffb1efa0001302754","6a946b6e47799b7f566cba8b","2026-08-30 13:44"
"teddy bear","66f081f2bf4b230a2fcb970c","whueu-abi","694060fd0b5941c5cbe18cbf","6a946ad747799b7f566cb8a3","2026-08-30 13:44"
"Finn Siemon","66eb7b4a062332fb60915d65","Christobal Cebolla","67a0c1f30b5863275051a4f0","6a946b1c47799b7f566cb98b","2026-08-30 13:44"
"Clemens ☭🚬","672ccfbbce4fd1d4b6b8bf90","Veet","61f24e39e6b49c0001e98918","6a946a6e316d45f0123af591","2026-08-30 13:44"
"Sonnenblumen Shared Alt","6a515fcdcf750a7a944559c1","Bizineli","56da3b5de5cc365fcc9518ce","6a946a85f5574cc1728ead61","2026-08-30 13:44"
"Sélestat Vinted Chairman","6363f6addf4ad1bf40826a3b","whueu-abi","694060fd0b5941c5cbe18cbf","6a946bb747799b7f566cbb7a","2026-08-30 13:45"
"klint","6735abfd3d532af30d952b5a","Erika","6835b7af656c2c951937f92e","6a937bfc321b2b96aebe7d24","2026-08-30 13:45"
"Alfred","5c5171d33d925b4af4b9bcbc","[PEA]Arvanna","66a545e50035c093bfe072bd","6a9468f8f5574cc1728ea9ab","2026-08-30 13:45"
"Unc","6876a81aaf5ea16088df663a","Venux","601d72df848235000143965e","6a946afb70037071fd944337","2026-08-30 13:45"
"Giant Panda","6874e2f8ef3960e599abae7c","race","603c5c220297940001b84e1a","6a946aed47799b7f566cb8ea","2026-08-30 13:45"
"kent","5fa7ab03b45c670001342904","lecheur2pieds","663523ba8e313d3aa27852b0","6a946ae547799b7f566cb8d3","2026-08-30 13:46"
"s7ymon.","689dea76e80ba00f3a8dbdc1","sebastian","667d87ca8401bca3fee14649","6a946b32f5574cc1728eaf52","2026-08-30 13:46"
"男方鬆 - Mr. Nanfsong","6409beba17491edb5a32b684","whueu-abi","694060fd0b5941c5cbe18cbf","6a946c2df5574cc1728eb1e7","2026-08-30 13:47"
"はやぴー","63c2fb1d3a6897fe7fa9b83c","Doofist","68f3a854d35e604bd5617bb2","6a946a9f47799b7f566cb7d8","2026-08-30 13:47"
"teddy bear","66f081f2bf4b230a2fcb970c","val1d","63875de4e55ec4234b26d1fb","6a946bcdf5574cc1728eb0e1","2026-08-30 13:48"
"Shakazaramesh","5ef2945bbb96627c9ce5f63f","danq_s","639c2a925d4cc27b2f7a898b","6a946bbe47799b7f566cbb9a","2026-08-30 13:48"
"男方鬆 - Mr. Nanfsong","6409beba17491edb5a32b684","whueu-abi","694060fd0b5941c5cbe18cbf","6a946c2df5574cc1728eb1e7","2026-08-30 13:48"
"Wndntt","67607c5f15734408543abb64","STERYD997","602d0052e4d3e90001a21d48","6a946ba5f5574cc1728eb081","2026-08-30 13:49"
"Eriko Hashimoto","6a35e9a0766da45cf34f631b","sebastian","667d87ca8401bca3fee14649","6a946c25f5574cc1728eb1ca","2026-08-30 13:50"
"Clemens ☭🚬","672ccfbbce4fd1d4b6b8bf90","Finn Siemon","66eb7b4a062332fb60915d65","6a946bd847799b7f566cbbed","2026-08-30 13:50"
"Unc","6876a81aaf5ea16088df663a","CoolMoonGuy","67ba5164f30fffa59919db60","6a946c1ef5574cc1728eb1ac","2026-08-30 13:50"
"s7ymon.","689dea76e80ba00f3a8dbdc1","pluwadi","66b3eb653e680cb97150ce62","6a946c2447799b7f566cbd16","2026-08-30 13:51"
"lecheur2pieds","663523ba8e313d3aa27852b0","kent","5fa7ab03b45c670001342904","6a946c6147799b7f566cbde6","2026-08-30 13:52"
"Sélestat Vinted Chairman","6363f6addf4ad1bf40826a3b","dying sociopath","5aae066718399e2758306701","6a946c1147799b7f566cbcc6","2026-08-30 13:52"
"Eriko Hashimoto","6a35e9a0766da45cf34f631b","sebastian","667d87ca8401bca3fee14649","6a946d49f5574cc1728eb4f1","2026-08-30 13:53"
"adameq","626c3725834eacd247226547","mikowhy","659c9d0a72300acff1deb5df","6a946b838b5648c77a81f3af","2026-08-30 13:53"
"Erika","6835b7af656c2c951937f92e","はやぴー","63c2fb1d3a6897fe7fa9b83c","6a946c9b8b5648c77a81f6ee","2026-08-30 13:53"
"val1d","63875de4e55ec4234b26d1fb","男方鬆 - Mr. Nanfsong","6409beba17491edb5a32b684","6a946ca947799b7f566cbf03","2026-08-30 13:53"
"Clemens ☭🚬","672ccfbbce4fd1d4b6b8bf90","Finn Siemon","66eb7b4a062332fb60915d65","6a946d3547799b7f566cc0e2","2026-08-30 13:53"
"Sebo586","6484d6c62835b90b9cd9297c","Derzal","5f96feae45cc8c00017ca853","6a946b6f8b5648c77a81f385","2026-08-30 13:53"
"danq_s","639c2a925d4cc27b2f7a898b","Christobal Cebolla","67a0c1f30b5863275051a4f0","6a946ccef5574cc1728eb3d4","2026-08-30 13:53"
"Doofist","68f3a854d35e604bd5617bb2","whueu-abi","694060fd0b5941c5cbe18cbf","6a946cb147799b7f566cbf14","2026-08-30 13:53"
"Marci","62572af8924e491f28b0326c","Unc","6876a81aaf5ea16088df663a","6a946d5af5574cc1728eb520","2026-08-30 13:53"
"goodvibes18","64fc454da5664ce9de249325","Lster95","6875664f91065c0938397061","6a946b5147799b7f566cba35","2026-08-30 13:53"
"雲仙天草ファン","67057bd80e65158e29b7a97e","Brzoza","60ababeffb1efa0001302754","6a946bd347799b7f566cbbdb","2026-08-30 13:54"
"Geomalick","61fd64f28c0f8100014ebf0b","caribou","65b67a412c40703eebe95de7","6a946cfe47799b7f566cc030","2026-08-30 13:55"
"Clemens ☭🚬","672ccfbbce4fd1d4b6b8bf90","Unc","6876a81aaf5ea16088df663a","6a946ddc47799b7f566cc2f9","2026-08-30 13:55"
"はやぴー","63c2fb1d3a6897fe7fa9b83c","danq_s","639c2a925d4cc27b2f7a898b","6a946e088b5648c77a81fb09","2026-08-30 13:56"
"Major Bajor","5dec182b44d2a4a0f4feafaf","TTV TheDaninja","5abe52986d08340f706178a3","6a946be170037071fd944516","2026-08-30 13:56"
"Wndntt","67607c5f15734408543abb64","Matt_9332","6250182bdd625b65bc9638d0","6a946dd98b5648c77a81fa85","2026-08-30 13:56"
"lecheur2pieds","663523ba8e313d3aa27852b0","Eriko Hashimoto","6a35e9a0766da45cf34f631b","6a946def8b5648c77a81fac5","2026-08-30 13:57"
"男方鬆 - Mr. Nanfsong","6409beba17491edb5a32b684","Brzoza","60ababeffb1efa0001302754","6a946e12f5574cc1728eb72a","2026-08-30 13:57"
"Derzal","5f96feae45cc8c00017ca853","Jacky Wong","63be7833696b395b1a06db85","6a946df347799b7f566cc33b","2026-08-30 13:57"
"Sonnenblumen Shared Alt","6a515fcdcf750a7a944559c1","Bizineli","56da3b5de5cc365fcc9518ce","6a946bf070037071fd944534","2026-08-30 13:57"
"sebastian","667d87ca8401bca3fee14649","mikowhy","659c9d0a72300acff1deb5df","6a946e098b5648c77a81fb10","2026-08-30 13:58"
"Doofist","68f3a854d35e604bd5617bb2","dying sociopath","5aae066718399e2758306701","6a946e2a8b5648c77a81fb79","2026-08-30 13:58"
"DerMichi","6404be1b4e7cfe74c3e42583","race","603c5c220297940001b84e1a","6a946e1af21be2f5ee4ca908","2026-08-30 13:58"
"s7ymon.","689dea76e80ba00f3a8dbdc1","pluwadi","66b3eb653e680cb97150ce62","6a946d878b5648c77a81f99b","2026-08-30 13:59"
"sebastian","667d87ca8401bca3fee14649","teddy bear","66f081f2bf4b230a2fcb970c","6a946f288b5648c77a81fe93","2026-08-30 13:59"
"caribou","65b67a412c40703eebe95de7","Clemens ☭🚬","672ccfbbce4fd1d4b6b8bf90","6a946e7247799b7f566cc4fe","2026-08-30 13:59"
"Shakazaramesh","5ef2945bbb96627c9ce5f63f","Rasender","5d36bec124ec173888d3a33a","6a946d80f5574cc1728eb58c","2026-08-30 13:59"
"Finn Siemon","66eb7b4a062332fb60915d65","Unc","6876a81aaf5ea16088df663a","6a946e5e47799b7f566cc4b7","2026-08-30 13:59"
"Tottenhamwisps","60ad03a48b6e1d00012f8e7e","irrational","65ba97ce8b2ba0c747ffa3b7","6a946b8747799b7f566cbae0","2026-08-30 14:00"
"[PEA]Arvanna","66a545e50035c093bfe072bd","DeTect","65aaf6d23171e89a57705b47","6a946c478b5648c77a81f5de","2026-08-30 14:00"
"lecheur2pieds","663523ba8e313d3aa27852b0","Eriko Hashimoto","6a35e9a0766da45cf34f631b","6a946ebd70037071fd944a50","2026-08-30 14:01"
"pluwadi","66b3eb653e680cb97150ce62","grytsko","68a2376a48461ffeecd42351","6a946f4847799b7f566cc812","2026-08-30 14:01"
"mikowhy","659c9d0a72300acff1deb5df","xxfeetluver69 🤤👅🦶","68cb3fdf6f672817f40cf951","6a946efb47799b7f566cc6f1","2026-08-30 14:01"
"Brzoza","60ababeffb1efa0001302754","男方鬆 - Mr. Nanfsong","6409beba17491edb5a32b684","6a946eea47799b7f566cc6b6","2026-08-30 14:01"
"val1d","63875de4e55ec4234b26d1fb","Sélestat Vinted Chairman","6363f6addf4ad1bf40826a3b","6a946ddd47799b7f566cc2fd","2026-08-30 14:01"
"Sebo586","6484d6c62835b90b9cd9297c","Timkon","681f023ce86ca49d1982d464","6a946e7247799b7f566cc4f9","2026-08-30 14:02"
"sebastian","667d87ca8401bca3fee14649","teddy bear","66f081f2bf4b230a2fcb970c","6a946f7c8b5648c77a81ffb9","2026-08-30 14:03"
"Finn Siemon","66eb7b4a062332fb60915d65","Unc","6876a81aaf5ea16088df663a","6a946f7e321b2b96aebff269","2026-08-30 14:03"
"lecheur2pieds","663523ba8e313d3aa27852b0","Eriko Hashimoto","6a35e9a0766da45cf34f631b","6a946fbb47799b7f566cc9c0","2026-08-30 14:04"
"grytsko","68a2376a48461ffeecd42351","男方鬆 - Mr. Nanfsong","6409beba17491edb5a32b684","6a946fda47799b7f566cca61","2026-08-30 14:04"
"Clemens ☭🚬","672ccfbbce4fd1d4b6b8bf90","Doofist","68f3a854d35e604bd5617bb2","6a946f5e8b5648c77a81ff71","2026-08-30 14:04"
"Wndntt","67607c5f15734408543abb64","Asphalt","63b28cd3e615c0d497c80c1c","6a946ecc77073146c9f3846c","2026-08-30 14:04"
"dying sociopath","5aae066718399e2758306701","caribou","65b67a412c40703eebe95de7","6a946f4b8b5648c77a81ff28","2026-08-30 14:05"
"Finn Siemon","66eb7b4a062332fb60915d65","Unc","6876a81aaf5ea16088df663a","6a94704c47799b7f566ccc5c","2026-08-30 14:05"
"Giant Panda","6874e2f8ef3960e599abae7c","Kucerkaaa✨","66422b048e6606a3bc59724f","6a94707377073146c9f3888f","2026-08-30 14:05"
"はやぴー","63c2fb1d3a6897fe7fa9b83c","DerMichi","6404be1b4e7cfe74c3e42583","6a946f0047799b7f566cc704","2026-08-30 14:06"
"Maksonic","619d09bdc4ab7000016c68d3","caribou","65b67a412c40703eebe95de7","6a9470bc8b5648c77a8203d6","2026-08-30 14:07"
"ზემოZemo","6374c4da3e5fd00834bf34e8","Jacky Wong","63be7833696b395b1a06db85","6a946efe47799b7f566cc6fa","2026-08-30 14:07"
"Eriko Hashimoto","6a35e9a0766da45cf34f631b","sebastian","667d87ca8401bca3fee14649","6a94707e47799b7f566cccf5","2026-08-30 14:08"
"男方鬆 - Mr. Nanfsong","6409beba17491edb5a32b684","Finn Siemon","66eb7b4a062332fb60915d65","6a9470b88b5648c77a8203ce","2026-08-30 14:08"
"Doofist","68f3a854d35e604bd5617bb2","Sebo586","6484d6c62835b90b9cd9297c","6a94707f47799b7f566cccfc","2026-08-30 14:08"
"xxfeetluver69 🤤👅🦶","68cb3fdf6f672817f40cf951","Brzoza","60ababeffb1efa0001302754","6a946fc647799b7f566cc9fd","2026-08-30 14:09"
"teddy bear","66f081f2bf4b230a2fcb970c","Giant Panda","6874e2f8ef3960e599abae7c","6a9470f347799b7f566cce8f","2026-08-30 14:09"
"DerMichi","6404be1b4e7cfe74c3e42583","ayberk","606423c6983e600001950984","6a94712077073146c9f389c4","2026-08-30 14:09"
"wang","64df30f334185dd27cf839a7","Maksonic","619d09bdc4ab7000016c68d3","6a94715447799b7f566ccfe1","2026-08-30 14:10"
"男方鬆 - Mr. Nanfsong","6409beba17491edb5a32b684","Doofist","68f3a854d35e604bd5617bb2","6a94717077073146c9f38aa1","2026-08-30 14:10"
"Finn Siemon","66eb7b4a062332fb60915d65","caribou","65b67a412c40703eebe95de7","6a94714e47799b7f566ccfd2","2026-08-30 14:10"
"Bad At Geo","5d46b0bb3b4b6a4968620f7b","lecheur2pieds","663523ba8e313d3aa27852b0","6a947106f5574cc1728ebf0f","2026-08-30 14:11"
"val1d","63875de4e55ec4234b26d1fb","Sélestat Vinted Chairman","6363f6addf4ad1bf40826a3b","6a9470248b5648c77a820200","2026-08-30 14:11"
"GCU","69f74f7bd9284e0db0e2a65c","Lster95","6875664f91065c0938397061","6a9470f247799b7f566cce87","2026-08-30 14:11"
"grytsko","68a2376a48461ffeecd42351","dying sociopath","5aae066718399e2758306701","6a9470fff5574cc1728ebefc","2026-08-30 14:12"
"Kilensky","66860b55973f6573ed81e050","irrational","65ba97ce8b2ba0c747ffa3b7","6a947064f5574cc1728ebd5b","2026-08-30 14:12"
"M1lan","67473d086316c898fe734668","Brzoza","60ababeffb1efa0001302754","6a9471b78b5648c77a8206a5","2026-08-30 14:12"
"Finn Siemon","66eb7b4a062332fb60915d65","teddy bear","66f081f2bf4b230a2fcb970c","6a9471fa47799b7f566cd297","2026-08-30 14:12"
"goodvibes18","64fc454da5664ce9de249325","Unc","6876a81aaf5ea16088df663a","6a9471548b5648c77a820593","2026-08-30 14:12"
"sebastian","667d87ca8401bca3fee14649","Eriko Hashimoto","6a35e9a0766da45cf34f631b","6a94716547799b7f566cd039","2026-08-30 14:13"
"mikowhy","659c9d0a72300acff1deb5df","Rasender","5d36bec124ec173888d3a33a","6a946fb2f5574cc1728ebb49","2026-08-30 14:13"
"Kaspervde","5d68c6ace9473f7c4058e087","whueu-abi","694060fd0b5941c5cbe18cbf","6a94715aee5554cf8b5088c4","2026-08-30 14:13"
"Synxzy","62b9d279343a6042acb35fe8","はやぴー","63c2fb1d3a6897fe7fa9b83c","6a9470fbf5574cc1728ebef0","2026-08-30 14:13"
"Clemens ☭🚬","672ccfbbce4fd1d4b6b8bf90","Christobal Cebolla","67a0c1f30b5863275051a4f0","6a9470a247799b7f566ccd72","2026-08-30 14:13"
"Victor","67822dd7ca228d1e49a1a611","男方鬆 - Mr. Nanfsong","6409beba17491edb5a32b684","6a94722b77073146c9f38bfc","2026-08-30 14:13"
"teddy bear","66f081f2bf4b230a2fcb970c","val1d","63875de4e55ec4234b26d1fb","6a9472148b5648c77a82080f","2026-08-30 14:14"
"Sélestat Vinted Chairman","6363f6addf4ad1bf40826a3b","Finn Siemon","66eb7b4a062332fb60915d65","6a94724cf5574cc1728ec26c","2026-08-30 14:14"
"Sebo586","6484d6c62835b90b9cd9297c","Kenji","5f2fd4348378f500019bdee0","6a947199f5574cc1728ec08a","2026-08-30 14:14"
"DeTect","65aaf6d23171e89a57705b47","[PEA]Arvanna","66a545e50035c093bfe072bd","6a946f9c47799b7f566cc93b","2026-08-30 14:14"
"Maksonic","619d09bdc4ab7000016c68d3","sebastian","667d87ca8401bca3fee14649","6a94729247799b7f566cd519","2026-08-30 14:15"
"はやぴー","63c2fb1d3a6897fe7fa9b83c","Victor","67822dd7ca228d1e49a1a611","6a94729af5574cc1728ec359","2026-08-30 14:15"
"Sonnenblumen Shared Alt","6a515fcdcf750a7a944559c1","MuriKing","6a2c57382b1e9089866dccf3","6a94722c47799b7f566cd36e","2026-08-30 14:15"
"dying sociopath","5aae066718399e2758306701","Olli22","5e7a9c753d4b6a56201ffda8","6a9472a6f5574cc1728ec378","2026-08-30 14:16"
"goodvibes18","64fc454da5664ce9de249325","GCU","69f74f7bd9284e0db0e2a65c","6a9472748b5648c77a82096b","2026-08-30 14:16"
"mikowhy","659c9d0a72300acff1deb5df","Sélestat Vinted Chairman","6363f6addf4ad1bf40826a3b","6a9472ec47799b7f566cd67a","2026-08-30 14:17"
"Doofist","68f3a854d35e604bd5617bb2","Thesice","5ec5a4cbf849319644f4436c","6a94720f47799b7f566cd2f1","2026-08-30 14:17"
"goodvibes18","64fc454da5664ce9de249325","GCU","69f74f7bd9284e0db0e2a65c","6a9472748b5648c77a82096b","2026-08-30 14:17"
"sebastian","667d87ca8401bca3fee14649","mikowhy","659c9d0a72300acff1deb5df","6a94739d8b5648c77a820d9e","2026-08-30 14:18"
"lecheur2pieds","663523ba8e313d3aa27852b0","Bad At Geo","5d46b0bb3b4b6a4968620f7b","6a9472c847799b7f566cd5cb","2026-08-30 14:19"
"Заяц","63890678411c174863e40d57","Eriko Hashimoto","6a35e9a0766da45cf34f631b","6a94729d8b5648c77a8209e6","2026-08-30 14:19"
"Brzoza","60ababeffb1efa0001302754","grytsko","68a2376a48461ffeecd42351","6a94727df5574cc1728ec301","2026-08-30 14:20"
"Hasan Gencer","6363968c242d5a661f10dbca","Victor","67822dd7ca228d1e49a1a611","6a9473458b5648c77a820c18","2026-08-30 14:20"
"sebastian","667d87ca8401bca3fee14649","Eriko Hashimoto","6a35e9a0766da45cf34f631b","6a9473ed47799b7f566cda88","2026-08-30 14:21"
"男方鬆 - Mr. Nanfsong","6409beba17491edb5a32b684","Clemens ☭🚬","672ccfbbce4fd1d4b6b8bf90","6a9472c677073146c9f38d2f","2026-08-30 14:21"
"ზემოZemo","6374c4da3e5fd00834bf34e8","Jacky Wong","63be7833696b395b1a06db85","6a9471408b5648c77a820559","2026-08-30 14:21"
"Sélestat Vinted Chairman","6363f6addf4ad1bf40826a3b","teddy bear","66f081f2bf4b230a2fcb970c","6a9473c547799b7f566cd9d5","2026-08-30 14:23"
"はやぴー","63c2fb1d3a6897fe7fa9b83c","Sebo586","6484d6c62835b90b9cd9297c","6a9473258b5648c77a820bae","2026-08-30 14:23"
"Doofist","68f3a854d35e604bd5617bb2","dying sociopath","5aae066718399e2758306701","6a947373f5574cc1728ec5da","2026-08-30 14:23"
"[PEA]Arvanna","66a545e50035c093bfe072bd","Loars_","67c023fa843f4449095fd251","6a9473478b5648c77a820c22","2026-08-30 14:23"
"Sonnenblumen Shared Alt","6a515fcdcf750a7a944559c1","Ben Badger","5cdbe098b741f83ed094a031","6a94735170037071fd9453c0","2026-08-30 14:23"
"Eriko Hashimoto","6a35e9a0766da45cf34f631b","sebastian","667d87ca8401bca3fee14649","6a94747d47799b7f566cdcec","2026-08-30 14:24"
"goodvibes18","64fc454da5664ce9de249325","Thesice","5ec5a4cbf849319644f4436c","6a94737277073146c9f38ead","2026-08-30 14:24"
"Rasender","5d36bec124ec173888d3a33a","mikowhy","659c9d0a72300acff1deb5df","6a9473f68b5648c77a820ef6","2026-08-30 14:25"
"bagaboiebailey","5fcef4a643dcb200016784ef","MARLON","676d5a15801d2d75f4d6d09e","6a9473fe47799b7f566cdad8","2026-08-30 14:25"
"lecheur2pieds","663523ba8e313d3aa27852b0","Bad At Geo","5d46b0bb3b4b6a4968620f7b","6a94746077073146c9f39085","2026-08-30 14:26"
"Eriko Hashimoto","6a35e9a0766da45cf34f631b","sebastian","667d87ca8401bca3fee14649","6a94754247799b7f566cdfdb","2026-08-30 14:26"
"Superhorstuwe","67f42dea666326f3169cde54","Заяц","63890678411c174863e40d57","6a94748c47799b7f566cdd28","2026-08-30 14:26"
"teddy bear","66f081f2bf4b230a2fcb970c","Заяц","63890678411c174863e40d57","6a9474fdf5574cc1728eca42","2026-08-30 14:26"
"Synxzy","62b9d279343a6042acb35fe8","M1lan","67473d086316c898fe734668","6a9472acf5574cc1728ec38b","2026-08-30 14:26"
"val1d","63875de4e55ec4234b26d1fb","Заяц","63890678411c174863e40d57","6a9474ef47799b7f566cde90","2026-08-30 14:26"
"DeTect","65aaf6d23171e89a57705b47","Stuttgarden","5e7b584fd51dd6198cd166d1","6a94730af5574cc1728ec486","2026-08-30 14:26"
"Victor","67822dd7ca228d1e49a1a611","男方鬆 - Mr. Nanfsong","6409beba17491edb5a32b684","6a9474968b5648c77a8210df","2026-08-30 14:27"
"Wndntt","67607c5f15734408543abb64","ColbyDoesMath","67c7b36b8d3be2002ba28fd7","6a9473db47799b7f566cda3f","2026-08-30 14:27"
"Sélestat Vinted Chairman","6363f6addf4ad1bf40826a3b","Doofist","68f3a854d35e604bd5617bb2","6a94751277073146c9f391d0","2026-08-30 14:28"
"☃️💞Necridanov💞☃️🇫🇷-🇲🇹","61c8e6e43ac48e000144efc9","Lster95","6875664f91065c0938397061","6a9474ce8b5648c77a82117a","2026-08-30 14:28"
"Заяц","63890678411c174863e40d57","kstyko","5ead136297d6cf24a42b1ef4","6a9475aa47799b7f566ce16c","2026-08-30 14:29"
"Haus","678bc95a847b56d5e0276463","pas bon","6138c0b02041ad0001a01eae","6a94758147799b7f566ce0d5","2026-08-30 14:29"
"Thesice","5ec5a4cbf849319644f4436c","goodvibes18","64fc454da5664ce9de249325","6a947541f5574cc1728ecb01","2026-08-30 14:29"
"sebastian","667d87ca8401bca3fee14649","teddy bear","66f081f2bf4b230a2fcb970c","6a9475bdf5574cc1728ecc6a","2026-08-30 14:30"
"Luca","62faac056417c6c320e282de","grytsko","68a2376a48461ffeecd42351","6a94746f47799b7f566cdcb7","2026-08-30 14:30"
"Заяц","63890678411c174863e40d57","val1d","63875de4e55ec4234b26d1fb","6a9475de47799b7f566ce23f","2026-08-30 14:30"
"ზემოZemo","6374c4da3e5fd00834bf34e8","Jacky Wong","63be7833696b395b1a06db85","6a947462f5574cc1728ec89d","2026-08-30 14:30"
"Clemens ☭🚬","672ccfbbce4fd1d4b6b8bf90","Doofist","68f3a854d35e604bd5617bb2","6a947658f21be2f5ee4cb8d3","2026-08-30 14:31"
"goodvibes18","64fc454da5664ce9de249325","Thesice","5ec5a4cbf849319644f4436c","6a9476598b5648c77a821639","2026-08-30 14:31"
"lecheur2pieds","663523ba8e313d3aa27852b0","wafflyss","6068a918d8694000010952a2","6a9475b347799b7f566ce198","2026-08-30 14:32"
"Eriko Hashimoto","6a35e9a0766da45cf34f631b","男方鬆 - Mr. Nanfsong","6409beba17491edb5a32b684","6a94761df5574cc1728ecd7f","2026-08-30 14:32"
"dying sociopath","5aae066718399e2758306701","GeoBunny","64b2f9895059c43d9160f5af","6a9475578b5648c77a821325","2026-08-30 14:32"
"Preussen","64da4d57e44ffbb819d935b1","Synxzy","62b9d279343a6042acb35fe8","6a9476a947799b7f566ce5a6","2026-08-30 14:33"
"Заяц","63890678411c174863e40d57","Sélestat Vinted Chairman","6363f6addf4ad1bf40826a3b","6a94764547799b7f566ce3de","2026-08-30 14:33"
"kstyko","5ead136297d6cf24a42b1ef4","val1d","63875de4e55ec4234b26d1fb","6a947694f5574cc1728eced6","2026-08-30 14:33"
"[PEA]Arvanna","66a545e50035c093bfe072bd","Loars_","67c023fa843f4449095fd251","6a9474e78b5648c77a8211b0","2026-08-30 14:33"
"wafflyss","6068a918d8694000010952a2","lecheur2pieds","663523ba8e313d3aa27852b0","6a9477358b5648c77a82192b","2026-08-30 14:34"
"Avetixz","632b4c9d0609ae73d2a1f799","bagaboiebailey","5fcef4a643dcb200016784ef","6a947639f5574cc1728ecdc7","2026-08-30 14:34"
"Wndntt","67607c5f15734408543abb64","cozy","5eee1ae86a7c6a4edc0f7f94","6a9475ca8b5648c77a82148e","2026-08-30 14:34"
"Clemens ☭🚬","672ccfbbce4fd1d4b6b8bf90","teddy bear","66f081f2bf4b230a2fcb970c","6a9476c78b5648c77a8217ee","2026-08-30 14:35"
"Заяц","63890678411c174863e40d57","Superhorstuwe","67f42dea666326f3169cde54","6a9476e68b5648c77a82183f","2026-08-30 14:36"
"xenoxvx","656a6671f86dd57dbb5e2d65","Kenji","5f2fd4348378f500019bdee0","6a9476bd8b5648c77a8217ca","2026-08-30 14:36"
"ზემოZemo","6374c4da3e5fd00834bf34e8","Jacky Wong","63be7833696b395b1a06db85","6a94769947799b7f566ce56b","2026-08-30 14:36"
"danger","697ec2084f2fb1a1a48cb642","Ruben","5e1334ba1b34a033c801a9e8","6a94779047799b7f566ce92e","2026-08-30 14:37"
"Kilensky","66860b55973f6573ed81e050","Rubber Dinghy Rapids Bro","5b1814ea59669593c4ce555b","6a94730d8b5648c77a820b51","2026-08-30 14:38"
"MARLON","676d5a15801d2d75f4d6d09e","M1lan","67473d086316c898fe734668","6a9475eb8b5648c77a8214f6","2026-08-30 14:38"
"Xase","6155e281335e48000120c4ee","Luca","62faac056417c6c320e282de","6a9476cd47799b7f566ce624","2026-08-30 14:38"
"goodvibes18","64fc454da5664ce9de249325","GGvuk","68481c2f555d94f766ef7fcc","6a94775d47799b7f566ce868","2026-08-30 14:38"
"Loars_","67c023fa843f4449095fd251","男方鬆 - Mr. Nanfsong","6409beba17491edb5a32b684","6a94775a9527049ac6d456d3","2026-08-30 14:38"
"dying sociopath","5aae066718399e2758306701","Sélestat Vinted Chairman","6363f6addf4ad1bf40826a3b","6a9477ab47799b7f566ce9a2","2026-08-30 14:39"
"GeoMax","610ade6208061c000158624f","GeoBunny","64b2f9895059c43d9160f5af","6a94772b47799b7f566ce796","2026-08-30 14:39"
"im recording my gameplay","6a437d2254319c3206c01eb9","Doofist","68f3a854d35e604bd5617bb2","6a94778b47799b7f566ce91d","2026-08-30 14:39"
"Palmitas","69b33a815634cc416b9c7877","grytsko","68a2376a48461ffeecd42351","6a9476e28b5648c77a82182e","2026-08-30 14:40"
"Arttuuh_27","5bbbbd372c0173524cdb6e9e","Rihanna's alt","6a3c2f99fe770b27148e8436","6a9477c98b5648c77a821b11","2026-08-30 14:41"
"GGvuk","68481c2f555d94f766ef7fcc","danger","697ec2084f2fb1a1a48cb642","6a947869f5574cc1728ed43a","2026-08-30 14:42"
"Ruben","5e1334ba1b34a033c801a9e8","cozy","5eee1ae86a7c6a4edc0f7f94","6a94788cf5574cc1728ed49a","2026-08-30 14:42"
"bagaboiebailey","5fcef4a643dcb200016784ef","Synxzy","62b9d279343a6042acb35fe8","6a94777e8b5648c77a821a1c","2026-08-30 14:43"
"sebastian","667d87ca8401bca3fee14649","Eriko Hashimoto","6a35e9a0766da45cf34f631b","6a94788a8b5648c77a821d95","2026-08-30 14:44"
"Palmitas","69b33a815634cc416b9c7877","grytsko","68a2376a48461ffeecd42351","6a9479388b5648c77a821f6f","2026-08-30 14:44"
"Clemens ☭🚬","672ccfbbce4fd1d4b6b8bf90","teddy bear","66f081f2bf4b230a2fcb970c","6a9477e28b5648c77a821b50","2026-08-30 14:44"
"GeoMax","610ade6208061c000158624f","Brzoza","60ababeffb1efa0001302754","6a9478cb8b5648c77a821e41","2026-08-30 14:44"
"Doofist","68f3a854d35e604bd5617bb2","Oertbeer","6485cb880404933187c36b5b","6a9478c88b5648c77a821e3b","2026-08-30 14:45"
"Eriko Hashimoto","6a35e9a0766da45cf34f631b","sebastian","667d87ca8401bca3fee14649","6a9479f48b5648c77a82218c","2026-08-30 14:46"
"xLucky07","6771278c215608df4a80a000","Superhorstuwe","67f42dea666326f3169cde54","6a94781b8b5648c77a821c3d","2026-08-30 14:46"
"Sélestat Vinted Chairman","6363f6addf4ad1bf40826a3b","男方鬆 - Mr. Nanfsong","6409beba17491edb5a32b684","6a9478b28b5648c77a821dff","2026-08-30 14:46"
"Clemens ☭🚬","672ccfbbce4fd1d4b6b8bf90","kstyko","5ead136297d6cf24a42b1ef4","6a9479c9321b2b96aec005bc","2026-08-30 14:46"
"xenoxvx","656a6671f86dd57dbb5e2d65","Avetixz","632b4c9d0609ae73d2a1f799","6a94784347799b7f566cec0f","2026-08-30 14:46"
"dying sociopath","5aae066718399e2758306701","Peter Dictator","684c775aeb78c494d9ee6b7a","6a94791247799b7f566ceee2","2026-08-30 14:47"
"Lurkki","673dfa9f10797c20bc6721e9","NO0B4EV3R","5e62499f12777c7a20431990","6a9475fa47799b7f566ce2a4","2026-08-30 14:47"
"Eriko Hashimoto","6a35e9a0766da45cf34f631b","sebastian","667d87ca8401bca3fee14649","6a947a5af5574cc1728ed967","2026-08-30 14:48"
"Ruben","5e1334ba1b34a033c801a9e8","kstyko","5ead136297d6cf24a42b1ef4","6a947a5e70037071fd94626b","2026-08-30 14:49"
"Slam4","60927f97129054000189c279","GGvuk","68481c2f555d94f766ef7fcc","6a9479dc47799b7f566cf1e0","2026-08-30 14:49"
"Brzoza","60ababeffb1efa0001302754","grytsko","68a2376a48461ffeecd42351","6a9479f88b5648c77a822198","2026-08-30 14:50"
"Giancarlo Esposito","68e85bdb3f2cbbe915cbcd3d","Kuba","6744ee112d6c958a853b52a6","6a947a4ef5574cc1728ed947","2026-08-30 14:51"
"Palmitas","69b33a815634cc416b9c7877","Rihanna's alt","6a3c2f99fe770b27148e8436","6a947a118b5648c77a8221f4","2026-08-30 14:51"
"Luca","62faac056417c6c320e282de","M1lan","67473d086316c898fe734668","6a94788bf5574cc1728ed499","2026-08-30 14:51"
"Peter Dictator","684c775aeb78c494d9ee6b7a","Finn Siemon","66eb7b4a062332fb60915d65","6a947ac747799b7f566cf535","2026-08-30 14:51"
"MagnusMägi","6765f226ab11f49e3748df8b","Olli22","5e7a9c753d4b6a56201ffda8","6a947aacf5574cc1728eda36","2026-08-30 14:51"
"Diogo Lourenço","648ed8372a45a10b8a4e58d3","danger","697ec2084f2fb1a1a48cb642","6a947a2047799b7f566cf2d7","2026-08-30 14:52"
"Eriko Hashimoto","6a35e9a0766da45cf34f631b","CoastalTundra844","69ce7e5d0326086782b8bb1c","6a947ad247799b7f566cf57a","2026-08-30 14:53"
"Clemens ☭🚬","672ccfbbce4fd1d4b6b8bf90","Superhorstuwe","67f42dea666326f3169cde54","6a947a6947799b7f566cf3e5","2026-08-30 14:53"
"Synxzy","62b9d279343a6042acb35fe8","GeoMax","610ade6208061c000158624f","6a947a0770037071fd9461c8","2026-08-30 14:53"
"男方鬆 - Mr. Nanfsong","6409beba17491edb5a32b684","Sélestat Vinted Chairman","6363f6addf4ad1bf40826a3b","6a947a398b5648c77a822254","2026-08-30 14:53"
"Morker","572013ff5b145d43f41f18b7","cozy","5eee1ae86a7c6a4edc0f7f94","6a947a9347799b7f566cf483","2026-08-30 14:53"
"Arttuuh_27","5bbbbd372c0173524cdb6e9e","Preussen","64da4d57e44ffbb819d935b1","6a9479d48b5648c77a822135","2026-08-30 14:54"
"Trichter33","601d95ba49c0980001a824b8","maccem","59b126420ee41f7e90f619f4","6a9477598b5648c77a8219a6","2026-08-30 14:54"
"Rubber Dinghy Rapids Bro","5b1814ea59669593c4ce555b","MoD","62261e5b2446120001170812","6a9478b08b5648c77a821dfb","2026-08-30 14:54"
"Kuba","6744ee112d6c958a853b52a6","Eriko Hashimoto","6a35e9a0766da45cf34f631b","6a947be68b5648c77a822856","2026-08-30 14:55"
"sebastian","667d87ca8401bca3fee14649","dying sociopath","5aae066718399e2758306701","6a947afd47799b7f566cf61e","2026-08-30 14:55"
"Superhorstuwe","67f42dea666326f3169cde54","Sélestat Vinted Chairman","6363f6addf4ad1bf40826a3b","6a947c0f47799b7f566cfa71","2026-08-30 14:55"
"KonS","5bb63820a8e5d55294d71db1","[PEA]Arvanna","66a545e50035c093bfe072bd","6a9477eb47799b7f566cea8f","2026-08-30 14:55"
"MagnusMägi","6765f226ab11f49e3748df8b","tendog","5a939ca4ef196f9c24d167a6","6a947bc8f5574cc1728ede19","2026-08-30 14:55"
"rileyrhino","641248c0330b8c5355f5a56f","Giancarlo Esposito","68e85bdb3f2cbbe915cbcd3d","6a947b668b5648c77a822698","2026-08-30 14:56"
"Ruben","5e1334ba1b34a033c801a9e8","Slam4","60927f97129054000189c279","6a947b398b5648c77a82261b","2026-08-30 14:56"
"Peter Dictator","684c775aeb78c494d9ee6b7a","Finn Siemon","66eb7b4a062332fb60915d65","6a947b95f5574cc1728edd48","2026-08-30 14:56"
"ზემოZemo","6374c4da3e5fd00834bf34e8","Lster95","6875664f91065c0938397061","6a947a60f5574cc1728ed97d","2026-08-30 14:56"
"goodvibes18","64fc454da5664ce9de249325","Feraoleo","658d9b7bcb4345ff30748091","6a947b93f5574cc1728edd41","2026-08-30 14:56"
"zach","621783eaab08b80001371858","Kenji","5f2fd4348378f500019bdee0","6a947c3147799b7f566cfafc","2026-08-30 14:56"
"男方鬆 - Mr. Nanfsong","6409beba17491edb5a32b684","danger","697ec2084f2fb1a1a48cb642","6a947be847799b7f566cf9bb","2026-08-30 14:57"
"Avetixz","632b4c9d0609ae73d2a1f799","GGvuk","68481c2f555d94f766ef7fcc","6a947b1f8b5648c77a8225ba","2026-08-30 14:57"
"plaguee","5eac358a6ea51017fce11159","Yarik","676e524ee37422d9da0e161a","6a947c0647799b7f566cfa5d","2026-08-30 14:57"
"cozy","5eee1ae86a7c6a4edc0f7f94","riso***","5e0bb8901b34a023587ad378","6a947beb47799b7f566cf9cd","2026-08-30 14:57"
"lecheur2pieds","663523ba8e313d3aa27852b0","boss bandit","63f549d56242089cd8f3b10e","6a947c6b47799b7f566cfbd7","2026-08-30 14:58"
"plotter","674c4756fb60b9f111e6e0b4","Palmitas","69b33a815634cc416b9c7877","6a947bd847799b7f566cf982","2026-08-30 14:58"
"kober","67ad18a09e150413a5e6fa66","Sélestat Vinted Chairman","6363f6addf4ad1bf40826a3b","6a947c7947799b7f566cfc15","2026-08-30 14:59"
"Finn Siemon","66eb7b4a062332fb60915d65","Slam4","60927f97129054000189c279","6a947ca29722935081cd0a72","2026-08-30 14:59"
"rileyrhino","641248c0330b8c5355f5a56f","Giancarlo Esposito","68e85bdb3f2cbbe915cbcd3d","6a947cc18b5648c77a822b1b","2026-08-30 15:00"
"Eriko Hashimoto","6a35e9a0766da45cf34f631b","Geomalick","61fd64f28c0f8100014ebf0b","6a947c9347799b7f566cfc7b","2026-08-30 15:00"
"Kuba","6744ee112d6c958a853b52a6","Preussen","64da4d57e44ffbb819d935b1","6a947c9f47799b7f566cfcaa","2026-08-30 15:01"
"男方鬆 - Mr. Nanfsong","6409beba17491edb5a32b684","Ruben","5e1334ba1b34a033c801a9e8","6a947d0147799b7f566cfe64","2026-08-30 15:01"
"Geooo","5ffb5e4975d2770001545cf5","Tottenhamwisps","60ad03a48b6e1d00012f8e7e","6a947c0f8b5648c77a8228d9","2026-08-30 15:02"
"Kluczini Bananini","66d58c237a4d614b853dd2de","teddy bear","66f081f2bf4b230a2fcb970c","6a947d658b5648c77a822da3","2026-08-30 15:02"
"GeoMax","610ade6208061c000158624f","GCU","69f74f7bd9284e0db0e2a65c","6a947c5ff5574cc1728edfdc","2026-08-30 15:02"
"teddy bear","66f081f2bf4b230a2fcb970c","Sélestat Vinted Chairman","6363f6addf4ad1bf40826a3b","6a947d8847799b7f566d008d","2026-08-30 15:03"
"ზემოZemo","6374c4da3e5fd00834bf34e8","goodvibes18","64fc454da5664ce9de249325","6a947cb18b5648c77a822ad8","2026-08-30 15:03"
"Lurkki","673dfa9f10797c20bc6721e9","NO0B4EV3R","5e62499f12777c7a20431990","6a947ab1f5574cc1728eda4c","2026-08-30 15:03"
"Rihanna's alt","6a3c2f99fe770b27148e8436","Arttuuh_27","5bbbbd372c0173524cdb6e9e","6a947c2947799b7f566cfad6","2026-08-30 15:04"
"男方鬆 - Mr. Nanfsong","6409beba17491edb5a32b684","Ruben","5e1334ba1b34a033c801a9e8","6a947deb47799b7f566d01f9","2026-08-30 15:04"
"Finn Siemon","66eb7b4a062332fb60915d65","teddy bear","66f081f2bf4b230a2fcb970c","6a947d7847799b7f566d0057","2026-08-30 15:04"
"kober","67ad18a09e150413a5e6fa66","sebastian","667d87ca8401bca3fee14649","6a947e398b5648c77a82300c","2026-08-30 15:05"
"Superhorstuwe","67f42dea666326f3169cde54","Synxzy","62b9d279343a6042acb35fe8","6a947c7ef5574cc1728ee03e","2026-08-30 15:05"
"Eriko Hashimoto","6a35e9a0766da45cf34f631b","rileyrhino","641248c0330b8c5355f5a56f","6a947d938b5648c77a822e2e","2026-08-30 15:06"
"Giancarlo Esposito","68e85bdb3f2cbbe915cbcd3d","Geomalick","61fd64f28c0f8100014ebf0b","6a947d998b5648c77a822e3a","2026-08-30 15:06"
"whueu-abi","694060fd0b5941c5cbe18cbf","teddy bear","66f081f2bf4b230a2fcb970c","6a947e3347799b7f566d0326","2026-08-30 15:06"
"xenoxvx","656a6671f86dd57dbb5e2d65","im recording my gameplay","6a437d2254319c3206c01eb9","6a947df477073146c9f3a5a7","2026-08-30 15:06"
"ზემოZemo","6374c4da3e5fd00834bf34e8","goodvibes18","64fc454da5664ce9de249325","6a947e6847799b7f566d0409","2026-08-30 15:06"
"lecheur2pieds","663523ba8e313d3aa27852b0","boss bandit","63f549d56242089cd8f3b10e","6a947db1f5574cc1728ee428","2026-08-30 15:07"
"Jan","63b9dd9d4448f55006bb8b92","Olli22","5e7a9c753d4b6a56201ffda8","6a947b848b5648c77a822708","2026-08-30 15:07"
"Clemens ☭🚬","672ccfbbce4fd1d4b6b8bf90","Finn Siemon","66eb7b4a062332fb60915d65","6a947e9ff5574cc1728ee70f","2026-08-30 15:07"
"男方鬆 - Mr. Nanfsong","6409beba17491edb5a32b684","teddy bear","66f081f2bf4b230a2fcb970c","6a947e8570037071fd946bd2","2026-08-30 15:07"
"Sélestat Vinted Chairman","6363f6addf4ad1bf40826a3b","Kluczini Bananini","66d58c237a4d614b853dd2de","6a947e608b5648c77a82308a","2026-08-30 15:07"
"Haus","678bc95a847b56d5e0276463","tendog","5a939ca4ef196f9c24d167a6","6a947c5bf5574cc1728edfd0","2026-08-30 15:07"
"Goonax#4WC","6772fee6827b91b41dd22b5f","Rihanna's alt","6a3c2f99fe770b27148e8436","6a947eea47799b7f566d060c","2026-08-30 15:08"
"男方鬆 - Mr. Nanfsong","6409beba17491edb5a32b684","teddy bear","66f081f2bf4b230a2fcb970c","6a947e8570037071fd946bd2","2026-08-30 15:08"
"Fabu","61c77b7b96f28e0001722043","GeoMax","610ade6208061c000158624f","6a947e2247799b7f566d02d6","2026-08-30 15:08"
"Slam4","60927f97129054000189c279","Lster95","6875664f91065c0938397061","6a947dcb47799b7f566d0188","2026-08-30 15:08"
"Eriko Hashimoto","6a35e9a0766da45cf34f631b","sebastian","667d87ca8401bca3fee14649","6a947f0b47799b7f566d06ac","2026-08-30 15:09"
"Sélestat Vinted Chairman","6363f6addf4ad1bf40826a3b","男方鬆 - Mr. Nanfsong","6409beba17491edb5a32b684","6a947f3c47799b7f566d075f","2026-08-30 15:09"
"zach","621783eaab08b80001371858","Avetixz","632b4c9d0609ae73d2a1f799","6a947d19f5574cc1728ee279","2026-08-30 15:09"
"MoD","62261e5b2446120001170812","Kniven995","5a6d01b6a1835d2820f96ecf","6a947c958b5648c77a822a8a","2026-08-30 15:09"
"goodvibes18","64fc454da5664ce9de249325","ზემოZemo","6374c4da3e5fd00834bf34e8","6a947f0347799b7f566d0683","2026-08-30 15:09"
"lecheur2pieds","663523ba8e313d3aa27852b0","boss bandit","63f549d56242089cd8f3b10e","6a947f8a47799b7f566d08a5","2026-08-30 15:10"
"Ant3k","61a0aa0b508e25000188294f","rileyrhino","641248c0330b8c5355f5a56f","6a947f0bf5574cc1728ee898","2026-08-30 15:10"
"whueu-abi","694060fd0b5941c5cbe18cbf","teddy bear","66f081f2bf4b230a2fcb970c","6a947f73f5574cc1728ee9a9","2026-08-30 15:10"
"whueu-abi","694060fd0b5941c5cbe18cbf","teddy bear","66f081f2bf4b230a2fcb970c","6a947f73f5574cc1728ee9a9","2026-08-30 15:10"
"goodvibes18","64fc454da5664ce9de249325","zach","621783eaab08b80001371858","6a947faa47799b7f566d0902","2026-08-30 15:10"
"plotter","674c4756fb60b9f111e6e0b4","Palmitas","69b33a815634cc416b9c7877","6a947d558b5648c77a822d68","2026-08-30 15:11"
"Giancarlo Esposito","68e85bdb3f2cbbe915cbcd3d","sebastian","667d87ca8401bca3fee14649","6a947f1b77073146c9f3a843","2026-08-30 15:11"
"Clemens ☭🚬","672ccfbbce4fd1d4b6b8bf90","Geomalick","61fd64f28c0f8100014ebf0b","6a947f678b5648c77a823400","2026-08-30 15:11"
"plaguee","5eac358a6ea51017fce11159","Yarik","676e524ee37422d9da0e161a","6a947e089527049ac6d464a2","2026-08-30 15:11"
"Radu C","57d301d409f2efcce834fc94","Arttuuh_27","5bbbbd372c0173524cdb6e9e","6a947e8847799b7f566d0475","2026-08-30 15:12"
"Biquette","5b2b90dfaf2b2a3cd8a2758c","Sélestat Vinted Chairman","6363f6addf4ad1bf40826a3b","6a947facf5574cc1728eea36","2026-08-30 15:12"
"Synxzy","62b9d279343a6042acb35fe8","im recording my gameplay","6a437d2254319c3206c01eb9","6a947f2c47799b7f566d071d","2026-08-30 15:12"
"Bad At Geo","5d46b0bb3b4b6a4968620f7b","Ant3k","61a0aa0b508e25000188294f","6a947fef70037071fd946ee5","2026-08-30 15:13"
"Eriko Hashimoto","6a35e9a0766da45cf34f631b","sebastian","667d87ca8401bca3fee14649","6a947fcd47799b7f566d09ab","2026-08-30 15:13"
"Preussen","64da4d57e44ffbb819d935b1","Herrjiell","6463ce1ce623a26f09da5866","6a947e3f47799b7f566d035c","2026-08-30 15:13"
"Finn Siemon","66eb7b4a062332fb60915d65","teddy bear","66f081f2bf4b230a2fcb970c","6a947feff5574cc1728eeaff","2026-08-30 15:13"
"Geomalick","61fd64f28c0f8100014ebf0b","Giancarlo Esposito","68e85bdb3f2cbbe915cbcd3d","6a9480348b5648c77a8236c4","2026-08-30 15:14"
"goodvibes18","64fc454da5664ce9de249325","Matt_9332","6250182bdd625b65bc9638d0","6a94806f9722935081cd1289","2026-08-30 15:14"
"Giancarlo Esposito","68e85bdb3f2cbbe915cbcd3d","sebastian","667d87ca8401bca3fee14649","6a9480e38b5648c77a8239d5","2026-08-30 15:15"
"男方鬆 - Mr. Nanfsong","6409beba17491edb5a32b684","whueu-abi","694060fd0b5941c5cbe18cbf","6a947fe747799b7f566d0a11","2026-08-30 15:15"
"Finn Siemon","66eb7b4a062332fb60915d65","wichura240","68767692157557d5c76a0ab6","6a94809147799b7f566d0d62","2026-08-30 15:15"
"xenoxvx","656a6671f86dd57dbb5e2d65","Olli22","5e7a9c753d4b6a56201ffda8","6a947f5d47799b7f566d07e1","2026-08-30 15:15"
"Slam4","60927f97129054000189c279","Ruben","5e1334ba1b34a033c801a9e8","6a947fa48b5648c77a8234d8","2026-08-30 15:15"
"Giancarlo Esposito","68e85bdb3f2cbbe915cbcd3d","sebastian","667d87ca8401bca3fee14649","6a94811b47799b7f566d107b","2026-08-30 15:16"
"Arttuuh_27","5bbbbd372c0173524cdb6e9e","Biquette","5b2b90dfaf2b2a3cd8a2758c","6a94805e8b5648c77a823780","2026-08-30 15:16"
"Giancarlo Esposito","68e85bdb3f2cbbe915cbcd3d","sebastian","667d87ca8401bca3fee14649","6a94816377073146c9f3aef8","2026-08-30 15:17"
"Herrjiell","6463ce1ce623a26f09da5866","sebastian","667d87ca8401bca3fee14649","6a9480aff5574cc1728eed9b","2026-08-30 15:17"
"Sélestat Vinted Chairman","6363f6addf4ad1bf40826a3b","teddy bear","66f081f2bf4b230a2fcb970c","6a94805d47799b7f566d0c55","2026-08-30 15:17"
"boss bandit","63f549d56242089cd8f3b10e","lecheur2pieds","663523ba8e313d3aa27852b0","6a94800447799b7f566d0a9b","2026-08-30 15:18"
"Ant3k","61a0aa0b508e25000188294f","Eriko Hashimoto","6a35e9a0766da45cf34f631b","6a9480caf5574cc1728eee1a","2026-08-30 15:18"
"男方鬆 - Mr. Nanfsong","6409beba17491edb5a32b684","sebastian","667d87ca8401bca3fee14649","6a94811547799b7f566d1051","2026-08-30 15:18"
"Geomalick","61fd64f28c0f8100014ebf0b","Clemens ☭🚬","672ccfbbce4fd1d4b6b8bf90","6a948108f5574cc1728eeef5","2026-08-30 15:19"
"ზემოZemo","6374c4da3e5fd00834bf34e8","MultisHater","61b3d3f20f39050001a03cb3","6a947fbf8b5648c77a823531","2026-08-30 15:19"
"goodvibes18","64fc454da5664ce9de249325","KobrBurva","68b1ac9d7d6d0fc1eac0efc5","6a94810847799b7f566d0fb0","2026-08-30 15:19"
"wichura240","68767692157557d5c76a0ab6","Joo-eun.","6a290dd1cf6b59479a2ae4de","6a9481758b5648c77a823c21","2026-08-30 15:19"
"lecheur2pieds","663523ba8e313d3aa27852b0","Eriko Hashimoto","6a35e9a0766da45cf34f631b","6a9481e68b5648c77a823d75","2026-08-30 15:20"
"sebastian","667d87ca8401bca3fee14649","Biquette","5b2b90dfaf2b2a3cd8a2758c","6a94817147799b7f566d120a","2026-08-30 15:20"
"Jan","63b9dd9d4448f55006bb8b92","Palmitas","69b33a815634cc416b9c7877","6a94803a47799b7f566d0bc1","2026-08-30 15:20"
"Finn Siemon","66eb7b4a062332fb60915d65","Ruben","5e1334ba1b34a033c801a9e8","6a9481318b5648c77a823b00","2026-08-30 15:20"
"zach","621783eaab08b80001371858","GeoMax","610ade6208061c000158624f","6a947ff647799b7f566d0a53","2026-08-30 15:20"
"Radu C","57d301d409f2efcce834fc94","Bad At Geo","5d46b0bb3b4b6a4968620f7b","6a9480af47799b7f566d0dd9","2026-08-30 15:21"
"男方鬆 - Mr. Nanfsong","6409beba17491edb5a32b684","Sélestat Vinted Chairman","6363f6addf4ad1bf40826a3b","6a9481d947799b7f566d137d","2026-08-30 15:21"
"lol pop","622f101c589b350001a7ea5f","Jacky Wong","63be7833696b395b1a06db85","6a9481ea8b5648c77a823d8f","2026-08-30 15:21"
"im recording my gameplay","6a437d2254319c3206c01eb9","whueu-abi","694060fd0b5941c5cbe18cbf","6a9481128b5648c77a823a7f","2026-08-30 15:21"
"boss bandit","63f549d56242089cd8f3b10e","Ant3k","61a0aa0b508e25000188294f","6a9481ca47799b7f566d134a","2026-08-30 15:22"
"Herrjiell","6463ce1ce623a26f09da5866","sebastian","667d87ca8401bca3fee14649","6a94819f8b5648c77a823c89","2026-08-30 15:23"
"BootyBread","5c9d59dde92b0c6610726f31","MoD","62261e5b2446120001170812","6a947feb8b5648c77a8235c7","2026-08-30 15:23"
"Olli22","5e7a9c753d4b6a56201ffda8","xenoxvx","656a6671f86dd57dbb5e2d65","6a948131f5574cc1728eef77","2026-08-30 15:23"
"Arttuuh_27","5bbbbd372c0173524cdb6e9e","Giancarlo Esposito","68e85bdb3f2cbbe915cbcd3d","6a94819c47799b7f566d12a9","2026-08-30 15:24"
"xxfeetluver69 🤤👅🦶","68cb3fdf6f672817f40cf951","Palmitas","69b33a815634cc416b9c7877","6a94827247799b7f566d15f7","2026-08-30 15:24"
"Biquette","5b2b90dfaf2b2a3cd8a2758c","Sélestat Vinted Chairman","6363f6addf4ad1bf40826a3b","6a94829447799b7f566d167e","2026-08-30 15:24"
"Brzoza","60ababeffb1efa0001302754","Kilensky","66860b55973f6573ed81e050","6a947b3d47799b7f566cf725","2026-08-30 15:24"
"lecheur2pieds","663523ba8e313d3aa27852b0","Eriko Hashimoto","6a35e9a0766da45cf34f631b","6a94826f47799b7f566d15eb","2026-08-30 15:25"
"sebastian","667d87ca8401bca3fee14649","teddy bear","66f081f2bf4b230a2fcb970c","6a94831b47799b7f566d18cb","2026-08-30 15:25"
"Bad At Geo","5d46b0bb3b4b6a4968620f7b","boss bandit","63f549d56242089cd8f3b10e","6a9482bc8b5648c77a82401a","2026-08-30 15:26"
"Giancarlo Esposito","68e85bdb3f2cbbe915cbcd3d","Arttuuh_27","5bbbbd372c0173524cdb6e9e","6a94833577073146c9f3b2f9","2026-08-30 15:26"
"Finn Siemon","66eb7b4a062332fb60915d65","Clemens ☭🚬","672ccfbbce4fd1d4b6b8bf90","6a94823b8b5648c77a823e86","2026-08-30 15:26"
"ზემოZemo","6374c4da3e5fd00834bf34e8","MultisHater","61b3d3f20f39050001a03cb3","6a94820147799b7f566d1423","2026-08-30 15:26"
"Kluczini Bananini","66d58c237a4d614b853dd2de","Synxzy","62b9d279343a6042acb35fe8","6a9481698b5648c77a823bf8","2026-08-30 15:27"
"goodvibes18","64fc454da5664ce9de249325","celownikwodny","664a46ec660949cf6274a231","6a94822ff5574cc1728ef275","2026-08-30 15:27"
"Ruben","5e1334ba1b34a033c801a9e8","KobrBurva","68b1ac9d7d6d0fc1eac0efc5","6a94824ef5574cc1728ef2c4","2026-08-30 15:27"
"Herrjiell","6463ce1ce623a26f09da5866","男方鬆 - Mr. Nanfsong","6409beba17491edb5a32b684","6a94830177073146c9f3b277","2026-08-30 15:28"
"Trichter33","601d95ba49c0980001a824b8","Eriko Hashimoto","6a35e9a0766da45cf34f631b","6a9483828b5648c77a8242f7","2026-08-30 15:29"
"sebastian","667d87ca8401bca3fee14649","Kluczini Bananini","66d58c237a4d614b853dd2de","6a9483d3f5574cc1728ef787","2026-08-30 15:29"
"Nicolás Maduro","6020ae78af093300018030a8","Shakazaramesh","5ef2945bbb96627c9ce5f63f","6a945b038b5648c77a81c4cd","2026-08-30 15:29"
"teddy bear","66f081f2bf4b230a2fcb970c","Sélestat Vinted Chairman","6363f6addf4ad1bf40826a3b","6a948393f5574cc1728ef6d2","2026-08-30 15:29"
"lecheur2pieds","663523ba8e313d3aa27852b0","Bad At Geo","5d46b0bb3b4b6a4968620f7b","6a94839f8b5648c77a824350","2026-08-30 15:30"
"Giancarlo Esposito","68e85bdb3f2cbbe915cbcd3d","Arttuuh_27","5bbbbd372c0173524cdb6e9e","6a9483af47799b7f566d1b39","2026-08-30 15:30"
"maccem","59b126420ee41f7e90f619f4","penjajah","6031d1fcf16b5b0001fa54b0","6a947dccf5574cc1728ee473","2026-08-30 15:30"
"Geooo","5ffb5e4975d2770001545cf5","Tottenhamwisps","60ad03a48b6e1d00012f8e7e","6a947ec4f5574cc1728ee798","2026-08-30 15:31"
"sebastian","667d87ca8401bca3fee14649","Clemens ☭🚬","672ccfbbce4fd1d4b6b8bf90","6a94845af5574cc1728ef937","2026-08-30 15:31"
"男方鬆 - Mr. Nanfsong","6409beba17491edb5a32b684","Finn Siemon","66eb7b4a062332fb60915d65","6a9484248b5648c77a8244f2","2026-08-30 15:31"
"celownikwodny","664a46ec660949cf6274a231","xenoxvx","656a6671f86dd57dbb5e2d65","6a948470f5574cc1728ef981","2026-08-30 15:31"
"ზემოZemo","6374c4da3e5fd00834bf34e8","MultisHater","61b3d3f20f39050001a03cb3","6a9483def5574cc1728ef7a3","2026-08-30 15:31"
"GeoMax","610ade6208061c000158624f","zzolek","69bd32fdc47c54049259c787","6a94829e70037071fd94764c","2026-08-30 15:31"
"zach","621783eaab08b80001371858","Wingwang","652f3b838c7ef475b4326ef5","6a9484628b5648c77a8245cd","2026-08-30 15:32"
"kober","67ad18a09e150413a5e6fa66","Herrjiell","6463ce1ce623a26f09da5866","6a94842777073146c9f3b54a","2026-08-30 15:33"
"penjajah","6031d1fcf16b5b0001fa54b0","Synxzy","62b9d279343a6042acb35fe8","6a9484a047799b7f566d1f87","2026-08-30 15:33"
"teddy bear","66f081f2bf4b230a2fcb970c","Sélestat Vinted Chairman","6363f6addf4ad1bf40826a3b","6a94848c8b5648c77a824676","2026-08-30 15:33"
"KobrBurva","68b1ac9d7d6d0fc1eac0efc5","goodvibes18","64fc454da5664ce9de249325","6a948401f5574cc1728ef802","2026-08-30 15:33"
"Richie Fidschi","61ca425d9b0ef000015001bd","GeoNestor","5a0761e672d16b933871e7a1","6a9482f489301ec693461a5b","2026-08-30 15:33"
"boss bandit","63f549d56242089cd8f3b10e","Eriko Hashimoto","6a35e9a0766da45cf34f631b","6a9484a28b5648c77a8246c5","2026-08-30 15:34"
"kent","5fa7ab03b45c670001342904","Radu C","57d301d409f2efcce834fc94","6a9483168b5648c77a82414e","2026-08-30 15:34"
"Peter Dictator","684c775aeb78c494d9ee6b7a","Finn Siemon","66eb7b4a062332fb60915d65","6a9484c38b5648c77a824745","2026-08-30 15:34"
"maccem","59b126420ee41f7e90f619f4","Bad At Geo","5d46b0bb3b4b6a4968620f7b","6a94850547799b7f566d213f","2026-08-30 15:35"
"#1 .kg fan","63ad9fd5fb1daaf6c7e584ce","Wingwang","652f3b838c7ef475b4326ef5","6a9485208b5648c77a82487b","2026-08-30 15:35"
"celownikwodny","664a46ec660949cf6274a231","xenoxvx","656a6671f86dd57dbb5e2d65","6a9484d08b5648c77a824770","2026-08-30 15:36"
"Zendaya","679def87311b366ecb41dcae","Richie Fidschi","61ca425d9b0ef000015001bd","6a94854b8b5648c77a82493b","2026-08-30 15:36"
"wichura240","68767692157557d5c76a0ab6","GeoChiko","637129eb9d737c55a520a3e3","6a94847d47799b7f566d1edf","2026-08-30 15:36"
"Arttuuh_27","5bbbbd372c0173524cdb6e9e","Giancarlo Esposito","68e85bdb3f2cbbe915cbcd3d","6a9484ab47799b7f566d1fb6","2026-08-30 15:37"
"M1lan","67473d086316c898fe734668","Biquette","5b2b90dfaf2b2a3cd8a2758c","6a94835cf5574cc1728ef607","2026-08-30 15:37"
"Kluczini Bananini","66d58c237a4d614b853dd2de","Palmitas","69b33a815634cc416b9c7877","6a9484b947799b7f566d1fff","2026-08-30 15:37"
"Sélestat Vinted Chairman","6363f6addf4ad1bf40826a3b","#1 .kg fan","63ad9fd5fb1daaf6c7e584ce","6a948551321b2b96aec01fb4","2026-08-30 15:37"
"cozy","5eee1ae86a7c6a4edc0f7f94","#1 .kg fan","63ad9fd5fb1daaf6c7e584ce","6a94857e70037071fd947d21","2026-08-30 15:37"
"Brzoza","60ababeffb1efa0001302754","Olli22","5e7a9c753d4b6a56201ffda8","6a94833947799b7f566d1956","2026-08-30 15:38"
"ზემოZemo","6374c4da3e5fd00834bf34e8","Yarik","676e524ee37422d9da0e161a","6a9484d2f5574cc1728efafc","2026-08-30 15:38"
"goodvibes18","64fc454da5664ce9de249325","Jacky Wong","63be7833696b395b1a06db85","6a94856247799b7f566d22d6","2026-08-30 15:38"
"zach","621783eaab08b80001371858","GeoMax","610ade6208061c000158624f","6a94851e47799b7f566d219f","2026-08-30 15:38"
"Pajabol","64724edfca1d938dc1416b4a","louis","663a973693554797a0c4c3ab","6a9484a9f5574cc1728efa6e","2026-08-30 15:38"
"男方鬆 - Mr. Nanfsong","6409beba17491edb5a32b684","sebastian","667d87ca8401bca3fee14649","6a9485518b5648c77a824951","2026-08-30 15:40"
"Peter Dictator","684c775aeb78c494d9ee6b7a","Finn Siemon","66eb7b4a062332fb60915d65","6a94859347799b7f566d23bc","2026-08-30 15:41"
"Sélestat Vinted Chairman","6363f6addf4ad1bf40826a3b","#1 .kg fan","63ad9fd5fb1daaf6c7e584ce","6a94865cf5574cc1728effd0","2026-08-30 15:41"
"wichura240","68767692157557d5c76a0ab6","cozy","5eee1ae86a7c6a4edc0f7f94","6a9486ca47799b7f566d295d","2026-08-30 15:41"
"Giancarlo Esposito","68e85bdb3f2cbbe915cbcd3d","Eriko Hashimoto","6a35e9a0766da45cf34f631b","6a94866d77073146c9f3bbab","2026-08-30 15:42"
"danger","697ec2084f2fb1a1a48cb642","Emmanuel Rendez Moi Brigitte","67b2a7cbd0147363c5f4c02b","6a94869847799b7f566d2878","2026-08-30 15:42"
"lol pop","622f101c589b350001a7ea5f","Wingwang","652f3b838c7ef475b4326ef5","6a9485c647799b7f566d2481","2026-08-30 15:42"
"kent","5fa7ab03b45c670001342904","lecheur2pieds","663523ba8e313d3aa27852b0","6a94861ff5574cc1728eff25","2026-08-30 15:43"
".","6a64f773085b0ecb549aae9e","boss bandit","63f549d56242089cd8f3b10e","6a9485b28b5648c77a824ab6","2026-08-30 15:43"
"Dan YAile","60ef0697612a5400012c89a3","Palmitas","69b33a815634cc416b9c7877","6a9486df47799b7f566d29b2","2026-08-30 15:43"
"GeoChiko","637129eb9d737c55a520a3e3","#1 .kg fan","63ad9fd5fb1daaf6c7e584ce","6a94874a77073146c9f3be35","2026-08-30 15:43"
"goodvibes18","64fc454da5664ce9de249325","zach","621783eaab08b80001371858","6a9486858b5648c77a824dfd","2026-08-30 15:44"
"lol pop","622f101c589b350001a7ea5f","Yarik","676e524ee37422d9da0e161a","6a94879070037071fd94823c","2026-08-30 15:44"
"Thesice","5ec5a4cbf849319644f4436c","GeoMax","610ade6208061c000158624f","6a9486e747799b7f566d29db","2026-08-30 15:44"
"Arttuuh_27","5bbbbd372c0173524cdb6e9e","Trichter33","601d95ba49c0980001a824b8","6a9486bf8b5648c77a824f05","2026-08-30 15:45"
"男方鬆 - Mr. Nanfsong","6409beba17491edb5a32b684","Palmitas","69b33a815634cc416b9c7877","6a94871647799b7f566d2a88","2026-08-30 15:45"
"M1lan","67473d086316c898fe734668","Kluczini Bananini","66d58c237a4d614b853dd2de","6a94867347799b7f566d27b6","2026-08-30 15:45"
"Olli22","5e7a9c753d4b6a56201ffda8","كافوركافوركافوركافوركافوركافور","6a4f8afe312818a4781ffecf","6a9486ed77073146c9f3bd16","2026-08-30 15:45"
"boss bandit","63f549d56242089cd8f3b10e",".","6a64f773085b0ecb549aae9e","6a9487ae8b5648c77a82525f","2026-08-30 15:46"
"Eriko Hashimoto","6a35e9a0766da45cf34f631b","Palmitas","69b33a815634cc416b9c7877","6a9487d547799b7f566d2e0e","2026-08-30 15:46"
"Herrjiell","6463ce1ce623a26f09da5866","B E","625a23f495468565476fe3f6","6a94856247799b7f566d22d8","2026-08-30 15:46"
"Biquette","5b2b90dfaf2b2a3cd8a2758c","Synxzy","62b9d279343a6042acb35fe8","6a94869547799b7f566d286a","2026-08-30 15:46"
"Finn Siemon","66eb7b4a062332fb60915d65","Sélestat Vinted Chairman","6363f6addf4ad1bf40826a3b","6a9487388b5648c77a8250b0","2026-08-30 15:46"
"zach","621783eaab08b80001371858","Yarik","676e524ee37422d9da0e161a","6a9487f88b5648c77a825316","2026-08-30 15:46"
"mikowhy","659c9d0a72300acff1deb5df","xxfeetluver69 🤤👅🦶","68cb3fdf6f672817f40cf951","6a94866d8b5648c77a824d9f","2026-08-30 15:47"
"goodvibes18","64fc454da5664ce9de249325","justachair","5e07eecc1b34a05538118ee3","6a9488308b5648c77a8253af","2026-08-30 15:47"
"Zendaya","679def87311b366ecb41dcae","Richie Fidschi","61ca425d9b0ef000015001bd","6a94872df5574cc1728f0281","2026-08-30 15:47"
"lecheur2pieds","663523ba8e313d3aa27852b0","kent","5fa7ab03b45c670001342904","6a9487a147799b7f566d2d38","2026-08-30 15:48"
"sebastian","667d87ca8401bca3fee14649","Palmitas","69b33a815634cc416b9c7877","6a9488798b5648c77a82548a","2026-08-30 15:48"
"sebastian","667d87ca8401bca3fee14649","Palmitas","69b33a815634cc416b9c7877","6a9488798b5648c77a82548a","2026-08-30 15:48"
"Sélestat Vinted Chairman","6363f6addf4ad1bf40826a3b","Finn Siemon","66eb7b4a062332fb60915d65","6a948869f5574cc1728f05ff","2026-08-30 15:48"
"Palmitas","69b33a815634cc416b9c7877","sebastian","667d87ca8401bca3fee14649","6a9488f447799b7f566d3320","2026-08-30 15:49"
"ზემოZemo","6374c4da3e5fd00834bf34e8","Pajabol","64724edfca1d938dc1416b4a","6a9486ad47799b7f566d28d4","2026-08-30 15:49"
".","6a64f773085b0ecb549aae9e","Eriko Hashimoto","6a35e9a0766da45cf34f631b","6a94889447799b7f566d3150","2026-08-30 15:50"
"teddy bear","66f081f2bf4b230a2fcb970c","Clemens ☭🚬","672ccfbbce4fd1d4b6b8bf90","6a94886347799b7f566d305e","2026-08-30 15:50"
"Kluczini Bananini","66d58c237a4d614b853dd2de","GeoChiko","637129eb9d737c55a520a3e3","6a94881e47799b7f566d2f35","2026-08-30 15:50"
"B E","625a23f495468565476fe3f6","mikowhy","659c9d0a72300acff1deb5df","6a9488808b5648c77a8254bf","2026-08-30 15:51"
"Sélestat Vinted Chairman","6363f6addf4ad1bf40826a3b","Palmitas","69b33a815634cc416b9c7877","6a9488e847799b7f566d32ce","2026-08-30 15:51"
"Thesice","5ec5a4cbf849319644f4436c","Moussa","63f298b8251569d36d50155b","6a9487ea47799b7f566d2e5f","2026-08-30 15:51"
"Brzoza","60ababeffb1efa0001302754","maccem","59b126420ee41f7e90f619f4","6a94867270037071fd947f20","2026-08-30 15:52"
"wichura240","68767692157557d5c76a0ab6","MultisHater","61b3d3f20f39050001a03cb3","6a9488ba47799b7f566d31f1","2026-08-30 15:52"
"justachair","5e07eecc1b34a05538118ee3","goodvibes18","64fc454da5664ce9de249325","6a9488868b5648c77a8254cb","2026-08-30 15:52"
"Richie Fidschi","61ca425d9b0ef000015001bd","1Kenma","67f1e53d840a2b6316eb1c59","6a9488bb8b5648c77a82555b","2026-08-30 15:52"
"Radu C","57d301d409f2efcce834fc94","Giancarlo Esposito","68e85bdb3f2cbbe915cbcd3d","6a94878547799b7f566d2cb1","2026-08-30 15:53"
"Herrjiell","6463ce1ce623a26f09da5866","Arttuuh_27","5bbbbd372c0173524cdb6e9e","6a94885547799b7f566d3028","2026-08-30 15:53"
"Kluczini Bananini","66d58c237a4d614b853dd2de","Sélestat Vinted Chairman","6363f6addf4ad1bf40826a3b","6a9489a9f5574cc1728f09e3","2026-08-30 15:53"
"im recording my gameplay","6a437d2254319c3206c01eb9","GeoChiko","637129eb9d737c55a520a3e3","6a94896cf5574cc1728f0922","2026-08-30 15:53"
"Zendaya","679def87311b366ecb41dcae","Venux","601d72df848235000143965e","6a9488cb8b5648c77a8255cd","2026-08-30 15:53"
"GeoMax","610ade6208061c000158624f","lol pop","622f101c589b350001a7ea5f","6a94880847799b7f566d2ed8","2026-08-30 15:53"
"justachair","5e07eecc1b34a05538118ee3","wichura240","68767692157557d5c76a0ab6","6a9489bf8b5648c77a825920","2026-08-30 15:53"
"mikowhy","659c9d0a72300acff1deb5df","Palmitas","69b33a815634cc416b9c7877","6a9489b18b5648c77a8258f0","2026-08-30 15:54"
"Sam","5f762dd1b53fb70001d349a4","Psylaris","59dad8dd5d2de4db8036e36c","6a94888c77073146c9f3c152","2026-08-30 15:54"
"lecheur2pieds","663523ba8e313d3aa27852b0","kent","5fa7ab03b45c670001342904","6a9488c647799b7f566d323f","2026-08-30 15:55"
"sebastian","667d87ca8401bca3fee14649","teddy bear","66f081f2bf4b230a2fcb970c","6a94893f8b5648c77a825773","2026-08-30 15:55"
"男方鬆 - Mr. Nanfsong","6409beba17491edb5a32b684","Palmitas","69b33a815634cc416b9c7877","6a94893177073146c9f3c36a","2026-08-30 15:55"
"Sélestat Vinted Chairman","6363f6addf4ad1bf40826a3b","Palmitas","69b33a815634cc416b9c7877","6a948a49f5574cc1728f0c18","2026-08-30 15:56"
"LetsCrime (chatbanned)","67a80cc003077ed0dfc834ab","Synxzy","62b9d279343a6042acb35fe8","6a9488ec47799b7f566d32e5","2026-08-30 15:56"
"Richie Fidschi","61ca425d9b0ef000015001bd","1Kenma","67f1e53d840a2b6316eb1c59","6a9489e247799b7f566d36dc","2026-08-30 15:56"
"GeoChiko","637129eb9d737c55a520a3e3","wichura240","68767692157557d5c76a0ab6","6a948a1970037071fd94885b","2026-08-30 15:56"
"boss bandit","63f549d56242089cd8f3b10e","Sombra","677c803ef36a2c9048280ccd","6a948a2a77073146c9f3c5bc","2026-08-30 15:57"
".","6a64f773085b0ecb549aae9e","Eriko Hashimoto","6a35e9a0766da45cf34f631b","6a9489948b5648c77a82588a","2026-08-30 15:57"
"いぶりー ivly","6578df649b50a29c7d4112a0","ზემოZemo","6374c4da3e5fd00834bf34e8","6a94893d47799b7f566d3459","2026-08-30 15:57"
"Todjinou","60674f56a95f2c00017fa2fc","Joo-eun.","6a290dd1cf6b59479a2ae4de","6a948a7ef5574cc1728f0cac","2026-08-30 15:57"
"justachair","5e07eecc1b34a05538118ee3","im recording my gameplay","6a437d2254319c3206c01eb9","6a9489fcf5574cc1728f0af6","2026-08-30 15:58"
"xxfeetluver69 🤤👅🦶","68cb3fdf6f672817f40cf951","Biquette","5b2b90dfaf2b2a3cd8a2758c","6a9488ad8b5648c77a825532","2026-08-30 15:59"
"Thesice","5ec5a4cbf849319644f4436c","Yarik","676e524ee37422d9da0e161a","6a9489b147799b7f566d3628","2026-08-30 15:59"
".","6a64f773085b0ecb549aae9e","Sombra","677c803ef36a2c9048280ccd","6a948b098b5648c77a825dcc","2026-08-30 16:00"
"maccem","59b126420ee41f7e90f619f4","Olli22","5e7a9c753d4b6a56201ffda8","6a948a288b5648c77a825a73","2026-08-30 16:00"
"LetsCrime (chatbanned)","67a80cc003077ed0dfc834ab","Richie Fidschi","61ca425d9b0ef000015001bd","6a948ab68b5648c77a825cc1","2026-08-30 16:00"
"wichura240","68767692157557d5c76a0ab6","GeoChiko","637129eb9d737c55a520a3e3","6a948aba47799b7f566d3a1b","2026-08-30 16:00"
"Sélestat Vinted Chairman","6363f6addf4ad1bf40826a3b","男方鬆 - Mr. Nanfsong","6409beba17491edb5a32b684","6a948ac7f5574cc1728f0da3","2026-08-30 16:01"
"NorthKoreaEnjoyer","6a5776b9557fa0b8070897d7","Lster95","6875664f91065c0938397061","6a948b53f5574cc1728f0f6b","2026-08-30 16:01"
"kent","5fa7ab03b45c670001342904","mikowhy","659c9d0a72300acff1deb5df","6a948aa1f5574cc1728f0d1e","2026-08-30 16:02"
"Diogo Lourenço","648ed8372a45a10b8a4e58d3","Synxzy","62b9d279343a6042acb35fe8","6a948bac47799b7f566d3e3d","2026-08-30 16:02"
"Melancholija","658f3f97d8493d15fed5e944","GeoMax","610ade6208061c000158624f","6a948a5bf5574cc1728f0c41","2026-08-30 16:02"
"Arttuuh_27","5bbbbd372c0173524cdb6e9e","Herrjiell","6463ce1ce623a26f09da5866","6a948a25f5574cc1728f0b7b","2026-08-30 16:03"
"Eriko Hashimoto","6a35e9a0766da45cf34f631b","Giancarlo Esposito","68e85bdb3f2cbbe915cbcd3d","6a948ae777073146c9f3c794","2026-08-30 16:03"
"slew","5cc1545b8701a898fc423332","MoD","62261e5b2446120001170812","6a94883547799b7f566d2fa0","2026-08-30 16:03"
"Biquette","5b2b90dfaf2b2a3cd8a2758c","teddy bear","66f081f2bf4b230a2fcb970c","6a948b7b70037071fd948b8f","2026-08-30 16:04"
"Diogo Lourenço","648ed8372a45a10b8a4e58d3","Synxzy","62b9d279343a6042acb35fe8","6a948bac47799b7f566d3e3d","2026-08-30 16:04"
"NorthKoreaEnjoyer","6a5776b9557fa0b8070897d7","Pajabol","64724edfca1d938dc1416b4a","6a948c0347799b7f566d3faf","2026-08-30 16:04"
"Sélestat Vinted Chairman","6363f6addf4ad1bf40826a3b","男方鬆 - Mr. Nanfsong","6409beba17491edb5a32b684","6a948bef47799b7f566d3f61","2026-08-30 16:05"
"boss bandit","63f549d56242089cd8f3b10e","Sombra","677c803ef36a2c9048280ccd","6a948bb477073146c9f3c96f","2026-08-30 16:06"
"Keksdudel","641dcf121e5f72c8ba7f2931","im recording my gameplay","6a437d2254319c3206c01eb9","6a948bbf47799b7f566d3e9f","2026-08-30 16:06"
"goodvibes18","64fc454da5664ce9de249325","Derzal","5f96feae45cc8c00017ca853","6a948bf28b5648c77a8260f0","2026-08-30 16:06"
"Richie Fidschi","61ca425d9b0ef000015001bd","Jacky Wong","63be7833696b395b1a06db85","6a948bc8f5574cc1728f10dc","2026-08-30 16:06"
"Herrjiell","6463ce1ce623a26f09da5866","Arttuuh_27","5bbbbd372c0173524cdb6e9e","6a948c7447799b7f566d4162","2026-08-30 16:07"
"M1lan","67473d086316c898fe734668","Diogo Lourenço","648ed8372a45a10b8a4e58d3","6a948c1bf5574cc1728f11f4","2026-08-30 16:07"
"Sélestat Vinted Chairman","6363f6addf4ad1bf40826a3b","男方鬆 - Mr. Nanfsong","6409beba17491edb5a32b684","6a948ce547799b7f566d43a0","2026-08-30 16:07"
"Giancarlo Esposito","68e85bdb3f2cbbe915cbcd3d","Eriko Hashimoto","6a35e9a0766da45cf34f631b","6a948c678b5648c77a82629f","2026-08-30 16:09"
"Venux","601d72df848235000143965e","Varuṇa Himālko","69e925eb80387ae5d678bafa","6a948c86f5574cc1728f1360","2026-08-30 16:09"
"Psylaris","59dad8dd5d2de4db8036e36c","Sam","5f762dd1b53fb70001d349a4","6a948a56f5574cc1728f0c3c","2026-08-30 16:10"
"teddy bear","66f081f2bf4b230a2fcb970c","Biquette","5b2b90dfaf2b2a3cd8a2758c","6a948ca28b5648c77a8263a2","2026-08-30 16:10"
"GeoMax","610ade6208061c000158624f","Melancholija","658f3f97d8493d15fed5e944","6a948c5b8b5648c77a826277","2026-08-30 16:10"
"wichura240","68767692157557d5c76a0ab6","GeoChiko","637129eb9d737c55a520a3e3","6a948be0f5574cc1728f112e","2026-08-30 16:10"
"Sombra","677c803ef36a2c9048280ccd","boss bandit","63f549d56242089cd8f3b10e","6a948d02f5574cc1728f14cf","2026-08-30 16:11"
"maccem","59b126420ee41f7e90f619f4","simsson","603659630b13630001de6f9c","6a948c079527049ac6d48626","2026-08-30 16:11"
"Sebo586","6484d6c62835b90b9cd9297c","Thesice","5ec5a4cbf849319644f4436c","6a948b53f5574cc1728f0f68","2026-08-30 16:11"
"NorthKoreaEnjoyer","6a5776b9557fa0b8070897d7","Pajabol","64724edfca1d938dc1416b4a","6a948c8947799b7f566d41d0","2026-08-30 16:11"
"Richie Fidschi","61ca425d9b0ef000015001bd","Jacky Wong","63be7833696b395b1a06db85","6a948d2e9527049ac6d4893a","2026-08-30 16:12"
"Lennli","5b4899f5b56fe41a1831bba4","Giancarlo Esposito","68e85bdb3f2cbbe915cbcd3d","6a948ddb8b5648c77a8267c4","2026-08-30 16:13"
"Eriko Hashimoto","6a35e9a0766da45cf34f631b","teddy bear","66f081f2bf4b230a2fcb970c","6a948e2047799b7f566d4906","2026-08-30 16:13"
"M1lan","67473d086316c898fe734668","Arttuuh_27","5bbbbd372c0173524cdb6e9e","6a948d6bf5574cc1728f1604","2026-08-30 16:13"
"男方鬆 - Mr. Nanfsong","6409beba17491edb5a32b684","Sélestat Vinted Chairman","6363f6addf4ad1bf40826a3b","6a948d78f5574cc1728f1626","2026-08-30 16:13"
"Keksdudel","641dcf121e5f72c8ba7f2931","goodvibes18","64fc454da5664ce9de249325","6a948d2a47799b7f566d44bd","2026-08-30 16:13"
"Olli22","5e7a9c753d4b6a56201ffda8","HoidoiMelonKing","623730592965f997f04add50","6a948c61321b2b96aec02fd2","2026-08-30 16:14"
"GeoMax","610ade6208061c000158624f","Pajabol","64724edfca1d938dc1416b4a","6a948e318b5648c77a8268d0","2026-08-30 16:14"
"sebastian","667d87ca8401bca3fee14649","48Meters on Apía - Tadó = 4999","5e730243cd30756270994780","6a948e6377073146c9f3cffc","2026-08-30 16:15"
"Synxzy","62b9d279343a6042acb35fe8","choco","622e22e69974710001c132e3","6a948d8e47799b7f566d468c","2026-08-30 16:15"
"wichura240","68767692157557d5c76a0ab6","GeoChiko","637129eb9d737c55a520a3e3","6a948e06f5574cc1728f17ea","2026-08-30 16:15"
"Sombra","677c803ef36a2c9048280ccd","boss bandit","63f549d56242089cd8f3b10e","6a948e598b5648c77a826929","2026-08-30 16:16"
"Eriko Hashimoto","6a35e9a0766da45cf34f631b","teddy bear","66f081f2bf4b230a2fcb970c","6a948f0647799b7f566d4d5e","2026-08-30 16:17"
"xxfeetluver69 🤤👅🦶","68cb3fdf6f672817f40cf951","Herrjiell","6463ce1ce623a26f09da5866","6a948d6047799b7f566d45e7","2026-08-30 16:17"
"Sélestat Vinted Chairman","6363f6addf4ad1bf40826a3b","男方鬆 - Mr. Nanfsong","6409beba17491edb5a32b684","6a948ec18b5648c77a826ad6","2026-08-30 16:17"
"Richie Fidschi","61ca425d9b0ef000015001bd","goodvibes18","64fc454da5664ce9de249325","6a948ea147799b7f566d4b26","2026-08-30 16:17"
"Shakazaramesh","5ef2945bbb96627c9ce5f63f","Biquette","5b2b90dfaf2b2a3cd8a2758c","6a948df6f5574cc1728f17ac","2026-08-30 16:18"
"Venux","601d72df848235000143965e","Varuṇa Himālko","69e925eb80387ae5d678bafa","6a948de7f5574cc1728f176d","2026-08-30 16:18"
"Anth0s","681e7980b249cbbdf8d64544","Thesice","5ec5a4cbf849319644f4436c","6a948e408b5648c77a8268f3","2026-08-30 16:19"
"Derzal","5f96feae45cc8c00017ca853","Luiz Henrique","67ffcf4fce0f332d5553d6b4","6a948ed747799b7f566d4c70","2026-08-30 16:19"
"Sombra","677c803ef36a2c9048280ccd","boss bandit","63f549d56242089cd8f3b10e","6a948f6a77073146c9f3d2bb","2026-08-30 16:20"
"Giancarlo Esposito","68e85bdb3f2cbbe915cbcd3d","Arttuuh_27","5bbbbd372c0173524cdb6e9e","6a948eaaf5574cc1728f19f3","2026-08-30 16:20"
"Daan","5f91a2db3d05310001d589c3","Sebo586","6484d6c62835b90b9cd9297c","6a948e86f5574cc1728f197d","2026-08-30 16:20"
"Biquette","5b2b90dfaf2b2a3cd8a2758c","wichura240","68767692157557d5c76a0ab6","6a948fef8b5648c77a826f21","2026-08-30 16:21"
"GeoMax","610ade6208061c000158624f","Pajabol","64724edfca1d938dc1416b4a","6a948f1c8b5648c77a826c58","2026-08-30 16:21"
"Eriko Hashimoto","6a35e9a0766da45cf34f631b","Herrjiell","6463ce1ce623a26f09da5866","6a948fba47799b7f566d506e","2026-08-30 16:22"
"DK","616dadb53ea44c00014582b8","Sélestat Vinted Chairman","6363f6addf4ad1bf40826a3b","6a948fa177073146c9f3d341","2026-08-30 16:22"
"sebastian","667d87ca8401bca3fee14649","PLK","62179a5c8e88d400010d91ea","6a948f638b5648c77a826d64","2026-08-30 16:22"
"Shakazaramesh","5ef2945bbb96627c9ce5f63f","Jrriddle","57a6214096ca6774b09dfc10","6a9490378b5648c77a827028","2026-08-30 16:22"
"男方鬆 - Mr. Nanfsong","6409beba17491edb5a32b684","48Meters on Apía - Tadó = 4999","5e730243cd30756270994780","6a94900e47799b7f566d51d0","2026-08-30 16:22"
"wichura240","68767692157557d5c76a0ab6","1Kenma","67f1e53d840a2b6316eb1c59","6a9490998b5648c77a82716a","2026-08-30 16:22"
"teddy bear","66f081f2bf4b230a2fcb970c","justachair","5e07eecc1b34a05538118ee3","6a948fde47799b7f566d50f3","2026-08-30 16:23"
"Richie Fidschi","61ca425d9b0ef000015001bd","goodvibes18","64fc454da5664ce9de249325","6a948fb4f5574cc1728f1d73","2026-08-30 16:23"
"كافوركافوركافوركافوركافوركافور","6a4f8afe312818a4781ffecf","Breadverry :3","68f2bca4e077ebab92e6b08b","6a948b3747799b7f566d3c45","2026-08-30 16:23"
"Thesice","5ec5a4cbf849319644f4436c","Emmanuel Rendez Moi Brigitte","67b2a7cbd0147363c5f4c02b","6a94901f47799b7f566d5214","2026-08-30 16:23"
"Sombra","677c803ef36a2c9048280ccd","xZenith","6846d165a3008977fe607ade","6a94906447799b7f566d5349","2026-08-30 16:24"
"Giancarlo Esposito","68e85bdb3f2cbbe915cbcd3d","Arttuuh_27","5bbbbd372c0173524cdb6e9e","6a94907077073146c9f3d502","2026-08-30 16:25"
"Tottenhamwisps","60ad03a48b6e1d00012f8e7e","Olli22","5e7a9c753d4b6a56201ffda8","6a948f7b77073146c9f3d2e4","2026-08-30 16:25"
"Sélestat Vinted Chairman","6363f6addf4ad1bf40826a3b","48Meters on Apía - Tadó = 4999","5e730243cd30756270994780","6a9490c58b5648c77a8271f3","2026-08-30 16:25"
"teddy bear","66f081f2bf4b230a2fcb970c","justachair","5e07eecc1b34a05538118ee3","6a94911a321b2b96aec03a53","2026-08-30 16:25"
"wichura240","68767692157557d5c76a0ab6","PLK","62179a5c8e88d400010d91ea","6a9490f447799b7f566d557e","2026-08-30 16:25"
"Derzal","5f96feae45cc8c00017ca853","Luiz Henrique","67ffcf4fce0f332d5553d6b4","6a94906947799b7f566d535b","2026-08-30 16:26"
"boss bandit","63f549d56242089cd8f3b10e","Eriko Hashimoto","6a35e9a0766da45cf34f631b","6a94910c77073146c9f3d66c","2026-08-30 16:27"
"sebastian","667d87ca8401bca3fee14649","男方鬆 - Mr. Nanfsong","6409beba17491edb5a32b684","6a9490dc321b2b96aec039e3","2026-08-30 16:27"
"Sebo586","6484d6c62835b90b9cd9297c","Richie Fidschi","61ca425d9b0ef000015001bd","6a94913ff5574cc1728f21ce","2026-08-30 16:27"
"Giancarlo Esposito","68e85bdb3f2cbbe915cbcd3d","Arttuuh_27","5bbbbd372c0173524cdb6e9e","6a94917a8b5648c77a827414","2026-08-30 16:28"
"sebastian","667d87ca8401bca3fee14649","Eriko Hashimoto","6a35e9a0766da45cf34f631b","6a949202f5574cc1728f23de","2026-08-30 16:28"
"maccem","59b126420ee41f7e90f619f4","Psylaris","59dad8dd5d2de4db8036e36c","6a948e58f5574cc1728f18e4","2026-08-30 16:28"
"Major Bajor","5dec182b44d2a4a0f4feafaf","DeTect","65aaf6d23171e89a57705b47","6a948d0df5574cc1728f14f0","2026-08-30 16:28"
"Thesice","5ec5a4cbf849319644f4436c","Chronos","669fcc63ac0994d88711144c","6a94910e8b5648c77a8272dd","2026-08-30 16:28"
"xZenith","6846d165a3008977fe607ade","Sombra","677c803ef36a2c9048280ccd","6a94915f47799b7f566d5721","2026-08-30 16:29"
"GeoMax","610ade6208061c000158624f","Lster95","6875664f91065c0938397061","6a9491018b5648c77a8272bd","2026-08-30 16:29"
"xxfeetluver69 🤤👅🦶","68cb3fdf6f672817f40cf951","Arttuuh_27","5bbbbd372c0173524cdb6e9e","6a94924847799b7f566d5a90","2026-08-30 16:30"
"Albanian Guy","58796ade8b9ff486d81bbad5","teddy bear","66f081f2bf4b230a2fcb970c","6a94919b47799b7f566d57fe","2026-08-30 16:30"
"PLK","62179a5c8e88d400010d91ea","Olli22","5e7a9c753d4b6a56201ffda8","6a9491be8b5648c77a8274db","2026-08-30 16:30"
"Schrödingers Schwein","6137adcffd122d0001cab84c","MoD","62261e5b2446120001170812","6a94917447799b7f566d577f","2026-08-30 16:30"
"48Meters on Apía - Tadó = 4999","5e730243cd30756270994780","leaque","6363f700f56937e0c19a9ea5","6a9491b347799b7f566d5859","2026-08-30 16:31"
"Tomek5_5","606e09423667bc0001ad663d","Sebo586","6484d6c62835b90b9cd9297c","6a94920b8b5648c77a82758c","2026-08-30 16:31"
"im recording my gameplay","6a437d2254319c3206c01eb9","Richie Fidschi","61ca425d9b0ef000015001bd","6a94921b47799b7f566d59f8","2026-08-30 16:31"
"goodvibes18","64fc454da5664ce9de249325","Luiz Henrique","67ffcf4fce0f332d5553d6b4","6a9491b1f5574cc1728f2309","2026-08-30 16:31"
"sebastian","667d87ca8401bca3fee14649","Giancarlo Esposito","68e85bdb3f2cbbe915cbcd3d","6a9492378b5648c77a82761e","2026-08-30 16:32"
"Herrjiell","6463ce1ce623a26f09da5866","Shakazaramesh","5ef2945bbb96627c9ce5f63f","6a9490d8f5574cc1728f2090","2026-08-30 16:32"
"Biquette","5b2b90dfaf2b2a3cd8a2758c","Daan","5f91a2db3d05310001d589c3","6a9490918b5648c77a827154","2026-08-30 16:33"
"teddy bear","66f081f2bf4b230a2fcb970c","Olli22","5e7a9c753d4b6a56201ffda8","6a9492b247799b7f566d5c37","2026-08-30 16:33"
"CapixabaGeo","65e1351e81122873dc224467","Lster95","6875664f91065c0938397061","6a94927747799b7f566d5b5e","2026-08-30 16:33"
"sebastian","667d87ca8401bca3fee14649","Giancarlo Esposito","68e85bdb3f2cbbe915cbcd3d","6a949357f5574cc1728f27a9","2026-08-30 16:34"
"Conquistadorito","603801f090c95200017d047e","wichura240","68767692157557d5c76a0ab6","6a9492f1f5574cc1728f2691","2026-08-30 16:34"
"goodvibes18","64fc454da5664ce9de249325","Richie Fidschi","61ca425d9b0ef000015001bd","6a94930a47799b7f566d5dc0","2026-08-30 16:34"
"Eriko Hashimoto","6a35e9a0766da45cf34f631b","男方鬆 - Mr. Nanfsong","6409beba17491edb5a32b684","6a9492498b5648c77a827656","2026-08-30 16:35"
"Sombra","677c803ef36a2c9048280ccd","xZenith","6846d165a3008977fe607ade","6a9492668b5648c77a8276c1","2026-08-30 16:36"
"teddy bear","66f081f2bf4b230a2fcb970c","Conquistadorito","603801f090c95200017d047e","6a9493b88b5648c77a827b39","2026-08-30 16:36"
"GeoKitten :3","6a60cb66561c205d0831e2ad","os¥i","6a5baecc0c1504cc082b9913","6a94932a47799b7f566d5e3f","2026-08-30 16:36"
"slew","5cc1545b8701a898fc423332","HoidoiMelonKing","623730592965f997f04add50","6a9491a48b5648c77a827495","2026-08-30 16:36"
"Richie Fidschi","61ca425d9b0ef000015001bd","goodvibes18","64fc454da5664ce9de249325","6a9493c38b5648c77a827b5a","2026-08-30 16:37"
"Sombra","677c803ef36a2c9048280ccd","xZenith","6846d165a3008977fe607ade","6a9492668b5648c77a8276c1","2026-08-30 16:38"
"Herrjiell","6463ce1ce623a26f09da5866","Felix.svb","6856986bb22dea4ae40a3d22","6a94931647799b7f566d5df8","2026-08-30 16:38"
"Arttuuh_27","5bbbbd372c0173524cdb6e9e","Shakazaramesh","5ef2945bbb96627c9ce5f63f","6a94931247799b7f566d5de6","2026-08-30 16:38"
"PLK","62179a5c8e88d400010d91ea","Biquette","5b2b90dfaf2b2a3cd8a2758c","6a94935547799b7f566d5f00","2026-08-30 16:38"
"tacocat 🌮 🐈","675a19ef5a75afba3b6908ea","GeoMax","610ade6208061c000158624f","6a94927647799b7f566d5b51","2026-08-30 16:38"
"كافوركافوركافوركافوركافوركافور","6a4f8afe312818a4781ffecf","Breadverry :3","68f2bca4e077ebab92e6b08b","6a94914047799b7f566d56a3","2026-08-30 16:38"
"男方鬆 - Mr. Nanfsong","6409beba17491edb5a32b684","wichura240","68767692157557d5c76a0ab6","6a94940d47799b7f566d61f5","2026-08-30 16:39"
"Baron","693f6bdc3353aee359a84f82","CapixabaGeo","65e1351e81122873dc224467","6a9493748b5648c77a827a74","2026-08-30 16:39"
"boss bandit","63f549d56242089cd8f3b10e","Sombra","677c803ef36a2c9048280ccd","6a949430f5574cc1728f29fa","2026-08-30 16:40"
"Daan","5f91a2db3d05310001d589c3","Olekron","603a9f77af90ab00018b34a9","6a9493fb8b5648c77a827bde","2026-08-30 16:40"
"Thesice","5ec5a4cbf849319644f4436c","mystorrud","62b73c3ee9785ad5774af40a","6a94925647799b7f566d5ac9","2026-08-30 16:40"
"Zelki","6231de0f9af9e10001ef2000","seven³","67cb3e4e3d2dc435a0a325e7","6a94937647799b7f566d5f9e","2026-08-30 16:40"
"Eriko Hashimoto","6a35e9a0766da45cf34f631b","xZenith","6846d165a3008977fe607ade","6a9494aa8b5648c77a827dea","2026-08-30 16:41"
"maccem","59b126420ee41f7e90f619f4","habesh","647734d056305f7bf5561a4e","6a94929747799b7f566d5bd5","2026-08-30 16:41"
"Psylaris","59dad8dd5d2de4db8036e36c","Emmepemme","5bf9b0c343196557d45fc4b6","6a94923377073146c9f3d8be","2026-08-30 16:41"
"Elori","57d698c209f2ef93b8572689","Olli22","5e7a9c753d4b6a56201ffda8","6a94936f47799b7f566d5f72","2026-08-30 16:41"
"Giancarlo Esposito","68e85bdb3f2cbbe915cbcd3d",".","6a64f773085b0ecb549aae9e","6a9493e58b5648c77a827ba8","2026-08-30 16:42"
"Herrjiell","6463ce1ce623a26f09da5866","男方鬆 - Mr. Nanfsong","6409beba17491edb5a32b684","6a94950247799b7f566d6560","2026-08-30 16:42"
"Biquette","5b2b90dfaf2b2a3cd8a2758c","PLK","62179a5c8e88d400010d91ea","6a9494ae47799b7f566d640e","2026-08-30 16:42"
"PLK","62179a5c8e88d400010d91ea","Biquette","5b2b90dfaf2b2a3cd8a2758c","6a94957af5574cc1728f2dcd","2026-08-30 16:43"
"GeoKitten :3","6a60cb66561c205d0831e2ad","Lucas Lima","6943196a5f13b5f63d546d05","6a94944077073146c9f3dd70","2026-08-30 16:43"
"Olekron","603a9f77af90ab00018b34a9","Baron","693f6bdc3353aee359a84f82","6a9494f5f5574cc1728f2c2a","2026-08-30 16:43"
"GeoMax","610ade6208061c000158624f","goodvibes18","64fc454da5664ce9de249325","6a9494bd8b5648c77a827e1c","2026-08-30 16:44"
"wichura240","68767692157557d5c76a0ab6","GeoChiko","637129eb9d737c55a520a3e3","6a94950947799b7f566d657e","2026-08-30 16:44"
"boss bandit","63f549d56242089cd8f3b10e","Sombra","677c803ef36a2c9048280ccd","6a9495148b5648c77a827f4f","2026-08-30 16:45"
"xZenith","6846d165a3008977fe607ade","Eriko Hashimoto","6a35e9a0766da45cf34f631b","6a94956cee5554cf8b50d598","2026-08-30 16:45"
"Arttuuh_27","5bbbbd372c0173524cdb6e9e","Shakazaramesh","5ef2945bbb96627c9ce5f63f","6a9494a647799b7f566d63ef","2026-08-30 16:45"
"Giancarlo Esposito","68e85bdb3f2cbbe915cbcd3d",".","6a64f773085b0ecb549aae9e","6a9495858b5648c77a8280be","2026-08-30 16:46"
"Daan","5f91a2db3d05310001d589c3","Elori","57d698c209f2ef93b8572689","6a94952d8b5648c77a827fb8","2026-08-30 16:46"
"GeoKitten :3","6a60cb66561c205d0831e2ad","MidziOO","5eb5cbe097d6cf52c4578a6d","6a9495f847799b7f566d690b","2026-08-30 16:46"
"Richie Fidschi","61ca425d9b0ef000015001bd","Conquistadorito","603801f090c95200017d047e","6a94947147799b7f566d6342","2026-08-30 16:46"
"Herrjiell","6463ce1ce623a26f09da5866","男方鬆 - Mr. Nanfsong","6409beba17491edb5a32b684","6a9495ad47799b7f566d67fd","2026-08-30 16:47"
"Ulork","5e2ded716ea510b234a670b2","PLK","62179a5c8e88d400010d91ea","6a9495d647799b7f566d6888","2026-08-30 16:48"
"wichura240","68767692157557d5c76a0ab6","GeoChiko","637129eb9d737c55a520a3e3","6a94961c47799b7f566d6992","2026-08-30 16:48"
".","6a64f773085b0ecb549aae9e","Giancarlo Esposito","68e85bdb3f2cbbe915cbcd3d","6a9496678b5648c77a828379","2026-08-30 16:49"
"Eriko Hashimoto","6a35e9a0766da45cf34f631b","xZenith","6846d165a3008977fe607ade","6a94966447799b7f566d6a9a","2026-08-30 16:49"
"Biquette","5b2b90dfaf2b2a3cd8a2758c","Baron","693f6bdc3353aee359a84f82","6a9495e48b5648c77a8281dd","2026-08-30 16:49"
"PLK","62179a5c8e88d400010d91ea","男方鬆 - Mr. Nanfsong","6409beba17491edb5a32b684","6a9496d247799b7f566d6c5c","2026-08-30 16:49"
"goodvibes18","64fc454da5664ce9de249325","GeoMax","610ade6208061c000158624f","6a94960f8b5648c77a82826f","2026-08-30 16:49"
"THE_MASTER","62f6a15c8845c40754be1420","CapixabaGeo","65e1351e81122873dc224467","6a9495378b5648c77a827fd3","2026-08-30 16:49"
"Shakazaramesh","5ef2945bbb96627c9ce5f63f","Arttuuh_27","5bbbbd372c0173524cdb6e9e","6a9496378b5648c77a8282f9","2026-08-30 16:50"
"tacocat 🌮 🐈","675a19ef5a75afba3b6908ea","いぶりー ivly","6578df649b50a29c7d4112a0","6a9494cb47799b7f566d6475","2026-08-30 16:50"
"Sombra","677c803ef36a2c9048280ccd","boss bandit","63f549d56242089cd8f3b10e","6a9496238b5648c77a8282b6","2026-08-30 16:51"
"Eriko Hashimoto","6a35e9a0766da45cf34f631b",".","6a64f773085b0ecb549aae9e","6a94973e47799b7f566d6dce","2026-08-30 16:51"
"maccem","59b126420ee41f7e90f619f4","slew","5cc1545b8701a898fc423332","6a9496508b5648c77a82833c","2026-08-30 16:51"
"DeTect","65aaf6d23171e89a57705b47","Schrödingers Schwein","6137adcffd122d0001cab84c","6a9493cc77073146c9f3dc6e","2026-08-30 16:51"
"NirvaHAINE","5ea6984397d6cf4a547fae04","Vladimir","60fad6c01f275800018c7003","6a9496a577073146c9f3e309","2026-08-30 16:51"
"THE_MASTER","62f6a15c8845c40754be1420","goodvibes18","64fc454da5664ce9de249325","6a94973747799b7f566d6da9","2026-08-30 16:52"
"Bambi","6076dedd46e7e8000156494c","Giancarlo Esposito","68e85bdb3f2cbbe915cbcd3d","6a949723f5574cc1728f3207","2026-08-30 16:53"
"habesh","647734d056305f7bf5561a4e","Thesice","5ec5a4cbf849319644f4436c","6a9495498b5648c77a827ffa","2026-08-30 16:53"
"Sombra","677c803ef36a2c9048280ccd","boss bandit","63f549d56242089cd8f3b10e","6a94979347799b7f566d6ef1","2026-08-30 16:54"
"Bambi","6076dedd46e7e8000156494c","Giancarlo Esposito","68e85bdb3f2cbbe915cbcd3d","6a949723f5574cc1728f3207","2026-08-30 16:54"
"いぶりー ivly","6578df649b50a29c7d4112a0","Olekron","603a9f77af90ab00018b34a9","6a9497fe8b5648c77a8287e7","2026-08-30 16:55"
".","6a64f773085b0ecb549aae9e","Eriko Hashimoto","6a35e9a0766da45cf34f631b","6a9497b847799b7f566d6f74","2026-08-30 16:56"
"Arttuuh_27","5bbbbd372c0173524cdb6e9e","GeoMax","610ade6208061c000158624f","6a9497aaf5574cc1728f3388","2026-08-30 16:56"
"PLK","62179a5c8e88d400010d91ea","wichura240","68767692157557d5c76a0ab6","6a94973a47799b7f566d6db4","2026-08-30 16:56"
"Eriko Hashimoto","6a35e9a0766da45cf34f631b","Giancarlo Esposito","68e85bdb3f2cbbe915cbcd3d","6a9498b247799b7f566d72e7","2026-08-30 16:57"
"Herrjiell","6463ce1ce623a26f09da5866","Daan","5f91a2db3d05310001d589c3","6a9496c3f5574cc1728f313b","2026-08-30 16:57"
"goodvibes18","64fc454da5664ce9de249325","THE_MASTER","62f6a15c8845c40754be1420","6a9497edf5574cc1728f34a6","2026-08-30 16:57"
"Thesice","5ec5a4cbf849319644f4436c","Rimmertb","5e1f6932dba5105d845b333b","6a94981af5574cc1728f3522","2026-08-30 16:58"
"Olli22","5e7a9c753d4b6a56201ffda8","Emmepemme","5bf9b0c343196557d45fc4b6","6a94956247799b7f566d66e7","2026-08-30 16:58"
"Giancarlo Esposito","68e85bdb3f2cbbe915cbcd3d","Eriko Hashimoto","6a35e9a0766da45cf34f631b","6a94991f8b5648c77a828b26","2026-08-30 16:59"
"https://www.twitch.tv/qule0","635d8550c15309de668daf99","Thesice","5ec5a4cbf849319644f4436c","6a94994e47799b7f566d7503","2026-08-30 17:00"
"Baron","693f6bdc3353aee359a84f82","GeoMax","610ade6208061c000158624f","6a9498e447799b7f566d7396","2026-08-30 17:00"
"xZenith","6846d165a3008977fe607ade","Bambi","6076dedd46e7e8000156494c","6a94983cf5574cc1728f356b","2026-08-30 17:01"
"Biquette","5b2b90dfaf2b2a3cd8a2758c","kriszh","5922abce1bba700c703b0c00","6a949748f5574cc1728f3274","2026-08-30 17:01"
"Olekron","603a9f77af90ab00018b34a9","seven³","67cb3e4e3d2dc435a0a325e7","6a9498a1321b2b96aec04907","2026-08-30 17:01"
"THE_MASTER","62f6a15c8845c40754be1420","goodvibes18","64fc454da5664ce9de249325","6a94991f8b5648c77a828b28","2026-08-30 17:01"
"boss bandit","63f549d56242089cd8f3b10e","Sombra","677c803ef36a2c9048280ccd","6a94985547799b7f566d7197","2026-08-30 17:02"
"teddy bear","66f081f2bf4b230a2fcb970c","PLK","62179a5c8e88d400010d91ea","6a9498db47799b7f566d736f","2026-08-30 17:02"
"danger","697ec2084f2fb1a1a48cb642","Richie Fidschi","61ca425d9b0ef000015001bd","6a9497def5574cc1728f345e","2026-08-30 17:02"
"Finn Siemon","66eb7b4a062332fb60915d65","GeoChiko","637129eb9d737c55a520a3e3","6a9499c147799b7f566d768f","2026-08-30 17:04"
"Baron","693f6bdc3353aee359a84f82","NirvaHAINE","5ea6984397d6cf4a547fae04","6a9499bc8b5648c77a828d13","2026-08-30 17:04"
"Giancarlo Esposito","68e85bdb3f2cbbe915cbcd3d","Eriko Hashimoto","6a35e9a0766da45cf34f631b","6a94999c47799b7f566d7627","2026-08-30 17:05"
"Felix.svb","6856986bb22dea4ae40a3d22","maccem","59b126420ee41f7e90f619f4","6a94984947799b7f566d716c","2026-08-30 17:05"
"Schrödingers Schwein","6137adcffd122d0001cab84c","DeTect","65aaf6d23171e89a57705b47","6a9497aaf5574cc1728f338a","2026-08-30 17:05"
"Herrjiell","6463ce1ce623a26f09da5866","Arttuuh_27","5bbbbd372c0173524cdb6e9e","6a9498f4f5574cc1728f3757","2026-08-30 17:06"
"いぶりー ivly","6578df649b50a29c7d4112a0","CapixabaGeo","65e1351e81122873dc224467","6a9498b347799b7f566d72eb","2026-08-30 17:06"
"wichura240","68767692157557d5c76a0ab6","MultisHater","61b3d3f20f39050001a03cb3","6a949a3047799b7f566d781c","2026-08-30 17:06"
"Sombra","677c803ef36a2c9048280ccd","boss bandit","63f549d56242089cd8f3b10e","6a949a2047799b7f566d77e8","2026-08-30 17:07"
"Shakazaramesh","5ef2945bbb96627c9ce5f63f","Biquette","5b2b90dfaf2b2a3cd8a2758c","6a9499f58b5648c77a828de7","2026-08-30 17:07"
"Emmepemme","5bf9b0c343196557d45fc4b6","Olli22","5e7a9c753d4b6a56201ffda8","6a9499888b5648c77a828c7e","2026-08-30 17:07"
"Giancarlo Esposito","68e85bdb3f2cbbe915cbcd3d","Eriko Hashimoto","6a35e9a0766da45cf34f631b","6a949afc47799b7f566d7b14","2026-08-30 17:08"
"Richie Fidschi","61ca425d9b0ef000015001bd","BragaPT","665f4d22a93334e1a7320690","6a949a37f5574cc1728f3ab4","2026-08-30 17:08"
"teddy bear","66f081f2bf4b230a2fcb970c","PLK","62179a5c8e88d400010d91ea","6a949a9047799b7f566d7987","2026-08-30 17:09"
"wichura240","68767692157557d5c76a0ab6","GeoChiko","637129eb9d737c55a520a3e3","6a949b50f5574cc1728f3d27","2026-08-30 17:09"
"GeoMax","610ade6208061c000158624f","THE_MASTER","62f6a15c8845c40754be1420","6a949a0bf5574cc1728f3a47","2026-08-30 17:09"
"Bad At Geo","5d46b0bb3b4b6a4968620f7b","xZenith","6846d165a3008977fe607ade","6a949a8c8b5648c77a828fc7","2026-08-30 17:11"
"Daan","5f91a2db3d05310001d589c3","Tottenhamwisps","60ad03a48b6e1d00012f8e7e","6a949925f5574cc1728f37d6","2026-08-30 17:11"
"Minty","61279ca6637f43000120b4e3","Conquistadorito","603801f090c95200017d047e","6a9496718b5648c77a8283a3","2026-08-30 17:11"
"tacocat 🌮 🐈","675a19ef5a75afba3b6908ea","kriszh","5922abce1bba700c703b0c00","6a949a7477073146c9f3eabf","2026-08-30 17:11"
"PLK","62179a5c8e88d400010d91ea","Vader43","62490726757cbf189f839261","6a949bdc70037071fd94ace5","2026-08-30 17:12"
"Ronaldo pasta","6a538d8dd1649cea055fe58a","Biquette","5b2b90dfaf2b2a3cd8a2758c","6a949b8847799b7f566d7cd1","2026-08-30 17:13"
"Olekron","603a9f77af90ab00018b34a9","NirvaHAINE","5ea6984397d6cf4a547fae04","6a949c5547799b7f566d7f45","2026-08-30 17:13"
"boss bandit","63f549d56242089cd8f3b10e","m4PHI","6465f8a8196d74dad5532e0f","6a949b7247799b7f566d7c93","2026-08-30 17:14"
"Vader43","62490726757cbf189f839261","kriszh","5922abce1bba700c703b0c00","6a949c8b47799b7f566d7ff6","2026-08-30 17:14"
"GeoKitten :3","6a60cb66561c205d0831e2ad","Cozy","609ad2a04db6910001a762d3","6a949c6b47799b7f566d7f83","2026-08-30 17:14"
"Galette","5c30cf1ddfdaaa1a24324e72","slew","5cc1545b8701a898fc423332","6a9498b547799b7f566d72f0","2026-08-30 17:14"
"Eriko Hashimoto","6a35e9a0766da45cf34f631b","xZenith","6846d165a3008977fe607ade","6a949c8a9722935081cd4cf5","2026-08-30 17:15"
"Arttuuh_27","5bbbbd372c0173524cdb6e9e","Herrjiell","6463ce1ce623a26f09da5866","6a949b15cb6b5d349f765d65","2026-08-30 17:16"
"Baron","693f6bdc3353aee359a84f82","Richie Fidschi","61ca425d9b0ef000015001bd","6a949b8a47799b7f566d7cdc","2026-08-30 17:16"
"THE_MASTER","62f6a15c8845c40754be1420","Yarik","676e524ee37422d9da0e161a","6a949c2ff5574cc1728f3f36","2026-08-30 17:16"
"Tottenhamwisps","60ad03a48b6e1d00012f8e7e","Shakazaramesh","5ef2945bbb96627c9ce5f63f","6a949c4df5574cc1728f3f86","2026-08-30 17:17"
"Biquette","5b2b90dfaf2b2a3cd8a2758c","PLK","62179a5c8e88d400010d91ea","6a949cd68b5648c77a8295d2","2026-08-30 17:17"
"Clemens ☭🚬","672ccfbbce4fd1d4b6b8bf90","wichura240","68767692157557d5c76a0ab6","6a949bf5f5574cc1728f3ea1","2026-08-30 17:17"
"Schrödingers Schwein","6137adcffd122d0001cab84c","MexicoHater","62b345fd6d1f9cc2f830f6e4","6a949b9147799b7f566d7cef","2026-08-30 17:17"
"goodvibes18","64fc454da5664ce9de249325","GeoMax","610ade6208061c000158624f","6a949c428b5648c77a829431","2026-08-30 17:17"
"Conquistadorito","603801f090c95200017d047e","tacocat 🌮 🐈","675a19ef5a75afba3b6908ea","6a949c6847799b7f566d7f7e","2026-08-30 17:18"
"Richie Fidschi","61ca425d9b0ef000015001bd","THE_MASTER","62f6a15c8845c40754be1420","6a949d6577073146c9f3eff0","2026-08-30 17:18"
"m4PHI","6465f8a8196d74dad5532e0f","boss bandit","63f549d56242089cd8f3b10e","6a949cf947799b7f566d818b","2026-08-30 17:19"
"Vader43","62490726757cbf189f839261","teddy bear","66f081f2bf4b230a2fcb970c","6a949d5b47799b7f566d82c7","2026-08-30 17:19"
"Thesice","5ec5a4cbf849319644f4436c","GeoChiko","637129eb9d737c55a520a3e3","6a949d528b5648c77a829710","2026-08-30 17:19"
"Bad At Geo","5d46b0bb3b4b6a4968620f7b","Eriko Hashimoto","6a35e9a0766da45cf34f631b","6a949d298b5648c77a8296ae","2026-08-30 17:20"
"Conquistadorito","603801f090c95200017d047e","race","603c5c220297940001b84e1a","6a949e0e8b5648c77a829934","2026-08-30 17:20"
"Eriko Hashimoto","6a35e9a0766da45cf34f631b","Bad At Geo","5d46b0bb3b4b6a4968620f7b","6a949e6647799b7f566d8687","2026-08-30 17:21"
"Olekron","603a9f77af90ab00018b34a9","NirvaHAINE","5ea6984397d6cf4a547fae04","6a949cda47799b7f566d8126","2026-08-30 17:22"
"Thesice","5ec5a4cbf849319644f4436c","race","603c5c220297940001b84e1a","6a949e6bf5574cc1728f44d6","2026-08-30 17:22"
"GeoMax","610ade6208061c000158624f","马修","6705a787945947e950e2a238","6a949dbb47799b7f566d845d","2026-08-30 17:22"
"Bad At Geo","5d46b0bb3b4b6a4968620f7b","Eriko Hashimoto","6a35e9a0766da45cf34f631b","6a949eb047799b7f566d8773","2026-08-30 17:23"
"Felix.svb","6856986bb22dea4ae40a3d22","xZenith","6846d165a3008977fe607ade","6a949da647799b7f566d8404","2026-08-30 17:23"
"tacocat 🌮 🐈","675a19ef5a75afba3b6908ea","wichura240","68767692157557d5c76a0ab6","6a949e0247799b7f566d853f","2026-08-30 17:23"
"Baron","693f6bdc3353aee359a84f82","goodvibes18","64fc454da5664ce9de249325","6a949da377073146c9f3f079","2026-08-30 17:23"
"Conquistadorito","603801f090c95200017d047e","teddy bear","66f081f2bf4b230a2fcb970c","6a949e6747799b7f566d868c","2026-08-30 17:24"
"Olli22","5e7a9c753d4b6a56201ffda8","Emmepemme","5bf9b0c343196557d45fc4b6","6a949b5e47799b7f566d7c5d","2026-08-30 17:24"
"Richie Fidschi","61ca425d9b0ef000015001bd","THE_MASTER","62f6a15c8845c40754be1420","6a949e098b5648c77a82992b","2026-08-30 17:24"
"Nettspend","67a7ed6d607e54ae2aa7a9e5","Wingwang","652f3b838c7ef475b4326ef5","6a949ed547799b7f566d87c9","2026-08-30 17:24"
"m4PHI","6465f8a8196d74dad5532e0f","boss bandit","63f549d56242089cd8f3b10e","6a949e32d479411664883599","2026-08-30 17:25"
"Zendaya","679def87311b366ecb41dcae","Yarik","676e524ee37422d9da0e161a","6a949e8347799b7f566d86e6","2026-08-30 17:25"
"GeoMax","610ade6208061c000158624f","goodvibes18","64fc454da5664ce9de249325","6a949f3a8b5648c77a829c44","2026-08-30 17:25"
"xZenith","6846d165a3008977fe607ade","Eriko Hashimoto","6a35e9a0766da45cf34f631b","6a949f408b5648c77a829c54","2026-08-30 17:26"
"Not Jojo","67e8ab0b497a1acbf6efa0ac","Fifonż","62a47f05cc33a10539b724eb","6a949d9847799b7f566d83c6","2026-08-30 17:26"
"Bad At Geo","5d46b0bb3b4b6a4968620f7b","Felix.svb","6856986bb22dea4ae40a3d22","6a949f2b70037071fd94b1ed","2026-08-30 17:29"
"Eriko Hashimoto","6a35e9a0766da45cf34f631b","xZenith","6846d165a3008977fe607ade","6a949fc347799b7f566d8a9e","2026-08-30 17:29"
"Biquette","5b2b90dfaf2b2a3cd8a2758c","Shakazaramesh","5ef2945bbb96627c9ce5f63f","6a949dcb47799b7f566d8494","2026-08-30 17:29"
"kstyko","5ead136297d6cf24a42b1ef4","Thesice","5ec5a4cbf849319644f4436c","6a949fd747799b7f566d8ac6","2026-08-30 17:29"
"Emmepemme","5bf9b0c343196557d45fc4b6","Olli22","5e7a9c753d4b6a56201ffda8","6a949f4ff5574cc1728f46f7","2026-08-30 17:30"
"tacocat 🌮 🐈","675a19ef5a75afba3b6908ea","Richie Fidschi","61ca425d9b0ef000015001bd","6a949f7477073146c9f3f398","2026-08-30 17:31"
"كافوركافوركافوركافوركافوركافور","6a4f8afe312818a4781ffecf","Schrödingers Schwein","6137adcffd122d0001cab84c","6a949df5f5574cc1728f43a1","2026-08-30 17:31"
"Eriko Hashimoto","6a35e9a0766da45cf34f631b","Bad At Geo","5d46b0bb3b4b6a4968620f7b","6a94a0ab8b5648c77a829fda","2026-08-30 17:32"
"Olekron","603a9f77af90ab00018b34a9","Baron","693f6bdc3353aee359a84f82","6a949f4147799b7f566d8926","2026-08-30 17:32"
"GeoMax","610ade6208061c000158624f","goodvibes18","64fc454da5664ce9de249325","6a94a07c47799b7f566d8d11","2026-08-30 17:32"
"kober","67ad18a09e150413a5e6fa66","sebastian","667d87ca8401bca3fee14649","6a94a11d47799b7f566d8f0b","2026-08-30 17:33"
"Thesice","5ec5a4cbf849319644f4436c","Sinaloense","6387b9578639516bf19923d5","6a94a0a447799b7f566d8d85","2026-08-30 17:33"
"Tottenhamwisps","60ad03a48b6e1d00012f8e7e","121 MeriDian E","66c0479c515ebf2ff7a660b5","6a949f56f5574cc1728f4705","2026-08-30 17:34"
"Albanian Guy","58796ade8b9ff486d81bbad5","Biquette","5b2b90dfaf2b2a3cd8a2758c","6a94a0b147799b7f566d8dab","2026-08-30 17:35"
"Olli22","5e7a9c753d4b6a56201ffda8","Zendaya","679def87311b366ecb41dcae","6a94a0b947799b7f566d8dc5","2026-08-30 17:35"
"Eriko Hashimoto","6a35e9a0766da45cf34f631b","sebastian","667d87ca8401bca3fee14649","6a94a17a47799b7f566d903b","2026-08-30 17:36"
"Conquistadorito","603801f090c95200017d047e","DeTect","65aaf6d23171e89a57705b47","6a949fb08b5648c77a829d29","2026-08-30 17:36"
"xZenith","6846d165a3008977fe607ade","Felix.svb","6856986bb22dea4ae40a3d22","6a94a0cd47799b7f566d8e12","2026-08-30 17:37"
"Eriko Hashimoto","6a35e9a0766da45cf34f631b","sebastian","667d87ca8401bca3fee14649","6a94a22af5574cc1728f4dfe","2026-08-30 17:38"
"Shakazaramesh","5ef2945bbb96627c9ce5f63f","Palmitas","69b33a815634cc416b9c7877","6a94a09a8b5648c77a829fb4","2026-08-30 17:38"
"tacocat 🌮 🐈","675a19ef5a75afba3b6908ea","Pafo05","606cbe428716750001a4eb65","6a94a153f5574cc1728f4bcc","2026-08-30 17:38"
"KANMURU","63bcd8027039017494d42999","Baron","693f6bdc3353aee359a84f82","6a94a16747799b7f566d8ffa","2026-08-30 17:38"
"Biquette","5b2b90dfaf2b2a3cd8a2758c","aguardiente","60ba2dec2056310001c27701","6a94a204f5574cc1728f4d8e","2026-08-30 17:40"
"Thesice","5ec5a4cbf849319644f4436c","kstyko","5ead136297d6cf24a42b1ef4","6a94a1b58b5648c77a82a25f","2026-08-30 17:40"
"sebastian","667d87ca8401bca3fee14649","xZenith","6846d165a3008977fe607ade","6a94a2c947799b7f566d947d","2026-08-30 17:42"
"Ronaldo pasta","6a538d8dd1649cea055fe58a","Biquette","5b2b90dfaf2b2a3cd8a2758c","6a94a32747799b7f566d959e","2026-08-30 17:42"
"Pafo05","606cbe428716750001a4eb65","tacocat 🌮 🐈","675a19ef5a75afba3b6908ea","6a94a2c277073146c9f3f9c2","2026-08-30 17:42"
"Palmitas","69b33a815634cc416b9c7877","Shakazaramesh","5ef2945bbb96627c9ce5f63f","6a94a2b08b5648c77a82a4c3","2026-08-30 17:42"
"Baron","693f6bdc3353aee359a84f82","Thesice","5ec5a4cbf849319644f4436c","6a94a30b47799b7f566d954f","2026-08-30 17:43"
"Olekron","603a9f77af90ab00018b34a9","Richie Fidschi","61ca425d9b0ef000015001bd","6a94a1c38b5648c77a82a281","2026-08-30 17:44"
"Tomek5_5","606e09423667bc0001ad663d","aguardiente","60ba2dec2056310001c27701","6a94a3638b5648c77a82a671","2026-08-30 17:45"
"Conquistadorito","603801f090c95200017d047e","GeoMax","610ade6208061c000158624f","6a94a27877073146c9f3f940","2026-08-30 17:45"
"Saradão","66245f82ee56b7dcb4cfcca3","Sinaloense","6387b9578639516bf19923d5","6a94a2ad47799b7f566d9424","2026-08-30 17:45"
"Pafo05","606cbe428716750001a4eb65","Biquette","5b2b90dfaf2b2a3cd8a2758c","6a94a3b047799b7f566d9772","2026-08-30 17:46"
"Unc","6876a81aaf5ea16088df663a","yuyux32","65a3fa0c053e0780db54fd4b","6a94a3cd77073146c9f3fbad","2026-08-30 17:46"
"goodvibes18","64fc454da5664ce9de249325","chaosguardian","65c29968b6342412e7754cca","6a94a33747799b7f566d95e5","2026-08-30 17:46"
"K4CP3RSKI777","624aa4216b4b8b1765bb6dad","Conquistadorito","603801f090c95200017d047e","6a94a45047799b7f566d9969","2026-08-30 17:47"
"habesh","647734d056305f7bf5561a4e","121 MeriDian E","66c0479c515ebf2ff7a660b5","6a94a386f5574cc1728f5140","2026-08-30 17:48"
"vertigo","5aa5926b42305f89a0f9f86d","Lster95","6875664f91065c0938397061","6a94a37a47799b7f566d96bf","2026-08-30 17:48"
"sebastian","667d87ca8401bca3fee14649","Юрій Каплан","69b480dc874bd08dc9e5878a","6a94a4d88b5648c77a82a9ef","2026-08-30 17:49"
"tacocat 🌮 🐈","675a19ef5a75afba3b6908ea","Thesice","5ec5a4cbf849319644f4436c","6a94a3e68b5648c77a82a791","2026-08-30 17:49"
"Palmitas","69b33a815634cc416b9c7877","Shakazaramesh","5ef2945bbb96627c9ce5f63f","6a94a38d47799b7f566d96fa","2026-08-30 17:49"
"Conquistadorito","603801f090c95200017d047e","Юрій Каплан","69b480dc874bd08dc9e5878a","6a94a4b847799b7f566d9ab4","2026-08-30 17:49"
"Olli22","5e7a9c753d4b6a56201ffda8","DeTect","65aaf6d23171e89a57705b47","6a94a24c316d45f0123b6305","2026-08-30 17:49"
"Unc","6876a81aaf5ea16088df663a","aguardiente","60ba2dec2056310001c27701","6a94a48e8b5648c77a82a940","2026-08-30 17:49"
"GeoPhantom","694436a1407b856da832c32e","Sinaloense","6387b9578639516bf19923d5","6a94a4658b5648c77a82a8b9","2026-08-30 17:50"
"Shakazaramesh","5ef2945bbb96627c9ce5f63f","Conquistadorito","603801f090c95200017d047e","6a94a552f5574cc1728f559f","2026-08-30 17:51"
"Richie Fidschi","61ca425d9b0ef000015001bd","placebo","66f44a3b843bc018a3e981c7","6a94a4248b5648c77a82a826","2026-08-30 17:51"
"im recording my gameplay","6a437d2254319c3206c01eb9","Sinaloense","6387b9578639516bf19923d5","6a94a5578b5648c77a82abc2","2026-08-30 17:52"
"wichura240","68767692157557d5c76a0ab6","GeoPhantom","694436a1407b856da832c32e","6a94a569f5574cc1728f5616","2026-08-30 17:52"
"K4CP3RSKI777","624aa4216b4b8b1765bb6dad","Юрій Каплан","69b480dc874bd08dc9e5878a","6a94a531f5574cc1728f5504","2026-08-30 17:53"
"Olekron","603a9f77af90ab00018b34a9","GeoMax","610ade6208061c000158624f","6a94a44647799b7f566d994b","2026-08-30 17:53"
"ზემოZemo","6374c4da3e5fd00834bf34e8","KANMURU","63bcd8027039017494d42999","6a94a4fe47799b7f566d9bb6","2026-08-30 17:53"
"Thesice","5ec5a4cbf849319644f4436c","aguardiente","60ba2dec2056310001c27701","6a94a5368b5648c77a82ab4d","2026-08-30 17:54"
"vertigo","5aa5926b42305f89a0f9f86d","Unc","6876a81aaf5ea16088df663a","6a94a52e47799b7f566d9c74","2026-08-30 17:54"
"Palmitas","69b33a815634cc416b9c7877","tacocat 🌮 🐈","675a19ef5a75afba3b6908ea","6a94a5628b5648c77a82abdb","2026-08-30 17:55"
"Thesice","5ec5a4cbf849319644f4436c","Юрій Каплан","69b480dc874bd08dc9e5878a","6a94a6488b5648c77a82ae11","2026-08-30 17:55"
"IntoxYT","67d8ff594b727274ef5417c9","Baron","693f6bdc3353aee359a84f82","6a94a3d947799b7f566d97f5","2026-08-30 17:55"
"goodvibes18","64fc454da5664ce9de249325","Wolkisee","5f5aa4d5afca33000155a47d","6a94a4c347799b7f566d9ad7","2026-08-30 17:55"
"Junior Paulo","60d6b2fd6f85320001258c83","Biquette","5b2b90dfaf2b2a3cd8a2758c","6a94a49ff5574cc1728f5380","2026-08-30 17:56"
"K4CP3RSKI777","624aa4216b4b8b1765bb6dad","Юрій Каплан","69b480dc874bd08dc9e5878a","6a94a63e8b5648c77a82adf6","2026-08-30 17:56"
"ზემოZemo","6374c4da3e5fd00834bf34e8","aguardiente","60ba2dec2056310001c27701","6a94a64f47799b7f566da07d","2026-08-30 17:56"
"GeoBiden","600367027963380001856b05","Afonso097tv","626344b2a37c8bc48cd849b8","6a94a5fb8b5648c77a82ad77","2026-08-30 17:56"
"sebastian","667d87ca8401bca3fee14649","Maksonic","619d09bdc4ab7000016c68d3","6a94a5ee8b5648c77a82ad49","2026-08-30 17:57"
"Tottenhamwisps","60ad03a48b6e1d00012f8e7e","pav","5e67d59212777c2530253a95","6a94a3218b5648c77a82a5d4","2026-08-30 17:57"
"Shakazaramesh","5ef2945bbb96627c9ce5f63f","Conquistadorito","603801f090c95200017d047e","6a94a5b28b5648c77a82acc6","2026-08-30 17:57"
"Thesice","5ec5a4cbf849319644f4436c","Юрій Каплан","69b480dc874bd08dc9e5878a","6a94a6488b5648c77a82ae11","2026-08-30 17:57"
"Richie Fidschi","61ca425d9b0ef000015001bd","Szczurox (pls no Brazil)","5bfeda61b5b94b0df028ed24","6a94a5c047799b7f566d9e83","2026-08-30 17:57"
"habesh","647734d056305f7bf5561a4e","121 MeriDian E","66c0479c515ebf2ff7a660b5","6a94a4fbf5574cc1728f544d","2026-08-30 17:58"
"im recording my gameplay","6a437d2254319c3206c01eb9","Sinaloense","6387b9578639516bf19923d5","6a94a60df5574cc1728f57fe","2026-08-30 17:58"
"Juagie","601b3f4047f927000155a753","kfl","5d6269cee9473f623039ce66","6a94a62c8b5648c77a82add5","2026-08-30 17:59"
"teddy bear","66f081f2bf4b230a2fcb970c","IntoxYT","67d8ff594b727274ef5417c9","6a94a6c547799b7f566da1eb","2026-08-30 17:59"
"Zuepp","601458985acffb00015bd0d5","Conquistadorito","603801f090c95200017d047e","6a94a72df5574cc1728f5b2a","2026-08-30 17:59"
"Unc","6876a81aaf5ea16088df663a","Lster95","6875664f91065c0938397061","6a94a66777073146c9f400ab","2026-08-30 17:59"
"K4CP3RSKI777","624aa4216b4b8b1765bb6dad","kuba.","68582b5f8e62427811441b60","6a94a6f5f5574cc1728f5a96","2026-08-30 18:00"
"Albanian Guy","58796ade8b9ff486d81bbad5","Maksonic","619d09bdc4ab7000016c68d3","6a94a7138b5648c77a82b00c","2026-08-30 18:01"
"kuba.","68582b5f8e62427811441b60","Xick","6227d06fc4123c000192c138","6a94a7b547799b7f566da580","2026-08-30 18:02"
"teddy bear","66f081f2bf4b230a2fcb970c","Zuepp","601458985acffb00015bd0d5","6a94a7e247799b7f566da64c","2026-08-30 18:02"
"KANMURU","63bcd8027039017494d42999","Thesice","5ec5a4cbf849319644f4436c","6a94a6a6f5574cc1728f5981","2026-08-30 18:02"
"goodvibes18","64fc454da5664ce9de249325","Mow_Mi_Ksienciu","65567939564ddbb4b6c81c58","6a94a6bc321b2b96aec060ce","2026-08-30 18:02"
"Maksonic","619d09bdc4ab7000016c68d3","K4CP3RSKI777","624aa4216b4b8b1765bb6dad","6a94a80f8b5648c77a82b2f5","2026-08-30 18:03"
"Junior Paulo","60d6b2fd6f85320001258c83","Shakazaramesh","5ef2945bbb96627c9ce5f63f","6a94a72e47799b7f566da350","2026-08-30 18:03"
"tacocat 🌮 🐈","675a19ef5a75afba3b6908ea","Palmitas","69b33a815634cc416b9c7877","6a94a698f5574cc1728f5969","2026-08-30 18:03"
"Olekron","603a9f77af90ab00018b34a9","vertigo","5aa5926b42305f89a0f9f86d","6a94a68947799b7f566da130","2026-08-30 18:04"
"Thesice","5ec5a4cbf849319644f4436c","wichura240","68767692157557d5c76a0ab6","6a94a857f5574cc1728f5f0a","2026-08-30 18:04"
"Olli22","5e7a9c753d4b6a56201ffda8","Schrödingers Schwein","6137adcffd122d0001cab84c","6a94a59b77073146c9f3ff44","2026-08-30 18:04"
"goodvibes18","64fc454da5664ce9de249325","Mow_Mi_Ksienciu","65567939564ddbb4b6c81c58","6a94a838f5574cc1728f5e9e","2026-08-30 18:04"
"Enrico_RR","6768ba56801d2d75f4becef4","Unc","6876a81aaf5ea16088df663a","6a94a78747799b7f566da4ba","2026-08-30 18:04"
"ზემოZemo","6374c4da3e5fd00834bf34e8","Baron","693f6bdc3353aee359a84f82","6a94a6e047799b7f566da241","2026-08-30 18:05"
"马修","6705a787945947e950e2a238","GCU","69f74f7bd9284e0db0e2a65c","6a94a8628b5648c77a82b3d4","2026-08-30 18:05"
"GeoMax","610ade6208061c000158624f","Szczurox (pls no Brazil)","5bfeda61b5b94b0df028ed24","6a94a71f47799b7f566da313","2026-08-30 18:06"
"kfl","5d6269cee9473f623039ce66","Shakazaramesh","5ef2945bbb96627c9ce5f63f","6a94a8848b5648c77a82b42e","2026-08-30 18:07"
"Zuepp","601458985acffb00015bd0d5","Mow_Mi_Ksienciu","65567939564ddbb4b6c81c58","6a94a89f8b5648c77a82b479","2026-08-30 18:07"
"goodvibes18","64fc454da5664ce9de249325","aguardiente","60ba2dec2056310001c27701","6a94a8cf47799b7f566da96a","2026-08-30 18:07"
"teddy bear","66f081f2bf4b230a2fcb970c","tacocat 🌮 🐈","675a19ef5a75afba3b6908ea","6a94a86247799b7f566da809","2026-08-30 18:08"
"Richie Fidschi","61ca425d9b0ef000015001bd","Chet42","604ec150495589000139b162","6a94a72e8b5648c77a82b051","2026-08-30 18:08"
"Unc","6876a81aaf5ea16088df663a","Thesice","5ec5a4cbf849319644f4436c","6a94a8d247799b7f566da97b","2026-08-30 18:08"
"kuba.","68582b5f8e62427811441b60","Xick","6227d06fc4123c000192c138","6a94a88147799b7f566da85b","2026-08-30 18:09"
"Enrico_RR","6768ba56801d2d75f4becef4","GCU","69f74f7bd9284e0db0e2a65c","6a94a91a47799b7f566daa5d","2026-08-30 18:10"
"aguardiente","60ba2dec2056310001c27701","Unc","6876a81aaf5ea16088df663a","6a94a99e47799b7f566dac1e","2026-08-30 18:10"
"Mow_Mi_Ksienciu","65567939564ddbb4b6c81c58","wichura240","68767692157557d5c76a0ab6","6a94a98047799b7f566dabaf","2026-08-30 18:10"
"K4CP3RSKI777","624aa4216b4b8b1765bb6dad","Maksonic","619d09bdc4ab7000016c68d3","6a94a8d58b5648c77a82b517","2026-08-30 18:11"
"Conquistadorito","603801f090c95200017d047e","habesh","647734d056305f7bf5561a4e","6a94a77df5574cc1728f5c0e","2026-08-30 18:11"
"马修","6705a787945947e950e2a238","Baron","693f6bdc3353aee359a84f82","6a94a8f88b5648c77a82b588","2026-08-30 18:11"
"Junior Paulo","60d6b2fd6f85320001258c83","Preussen","64da4d57e44ffbb819d935b1","6a94a8c6f5574cc1728f6034","2026-08-30 18:12"
"ზემოZemo","6374c4da3e5fd00834bf34e8","Shakazaramesh","5ef2945bbb96627c9ce5f63f","6a94a97847799b7f566dab96","2026-08-30 18:12"
"wichura240","68767692157557d5c76a0ab6","Mow_Mi_Ksienciu","65567939564ddbb4b6c81c58","6a94aa2c8b5648c77a82b943","2026-08-30 18:12"
"Juagie","601b3f4047f927000155a753","kfl","5d6269cee9473f623039ce66","6a94aa1c47799b7f566dadb5","2026-08-30 18:15"
"kuba.","68582b5f8e62427811441b60","kober","67ad18a09e150413a5e6fa66","6a94a9f777073146c9f408f9","2026-08-30 18:15"
"Maksonic","619d09bdc4ab7000016c68d3","K4CP3RSKI777","624aa4216b4b8b1765bb6dad","6a94aaa547799b7f566daf64","2026-08-30 18:15"
"Baron","693f6bdc3353aee359a84f82","Sinaloense","6387b9578639516bf19923d5","6a94aa59f5574cc1728f6415","2026-08-30 18:15"
"121 MeriDian E","66c0479c515ebf2ff7a660b5","Mr Middleplonk","55e36161a0d7017f50d7169f","6a94a77af5574cc1728f5c09","2026-08-30 18:15"
"Xick","6227d06fc4123c000192c138","teddy bear","66f081f2bf4b230a2fcb970c","6a94aa5447799b7f566dae55","2026-08-30 18:16"
"Thesice","5ec5a4cbf849319644f4436c","goodvibes18","64fc454da5664ce9de249325","6a94a99847799b7f566dac05","2026-08-30 18:16"
"Unc","6876a81aaf5ea16088df663a","马修","6705a787945947e950e2a238","6a94aa4cf5574cc1728f63ee","2026-08-30 18:16"
"tacocat 🌮 🐈","675a19ef5a75afba3b6908ea","KANMURU","63bcd8027039017494d42999","6a94a9b58b5648c77a82b79b","2026-08-30 18:18"
"Conquistadorito","603801f090c95200017d047e","Shakazaramesh","5ef2945bbb96627c9ce5f63f","6a94aa8c47799b7f566daf17","2026-08-30 18:18"
"#1 .kg fan","63ad9fd5fb1daaf6c7e584ce","Sinaloense","6387b9578639516bf19923d5","6a94ab3e8b5648c77a82bc6a","2026-08-30 18:18"
"Preussen","64da4d57e44ffbb819d935b1","Junior Paulo","60d6b2fd6f85320001258c83","6a94aab847799b7f566dafa0","2026-08-30 18:19"
"Xick","6227d06fc4123c000192c138","teddy bear","66f081f2bf4b230a2fcb970c","6a94ab7e47799b7f566db24e","2026-08-30 18:20"
"Thesice","5ec5a4cbf849319644f4436c","goodvibes18","64fc454da5664ce9de249325","6a94abb48b5648c77a82bde8","2026-08-30 18:20"
"Sam","5f762dd1b53fb70001d349a4","Zi8gbolt Lyons","612472f2c4b5740001ef2d03","6a94aac38b5648c77a82baef","2026-08-30 18:20"
"wichura240","68767692157557d5c76a0ab6","#1 .kg fan","63ad9fd5fb1daaf6c7e584ce","6a94abf977073146c9f40cb6","2026-08-30 18:20"
"kober","67ad18a09e150413a5e6fa66","kuba.","68582b5f8e62427811441b60","6a94ac5f47799b7f566db501","2026-08-30 18:21"
"Unc","6876a81aaf5ea16088df663a","GeoChiko","637129eb9d737c55a520a3e3","6a94ab7c47799b7f566db247","2026-08-30 18:21"
"Tomek5_5","606e09423667bc0001ad663d","ზემოZemo","6374c4da3e5fd00834bf34e8","6a94ac7a77073146c9f40dcf","2026-08-30 18:22"
"Conquistadorito","603801f090c95200017d047e","Shakazaramesh","5ef2945bbb96627c9ce5f63f","6a94ac1447799b7f566db41f","2026-08-30 18:22"
"wichura240","68767692157557d5c76a0ab6","#1 .kg fan","63ad9fd5fb1daaf6c7e584ce","6a94ac6d8b5648c77a82bfe3","2026-08-30 18:22"
"马修","6705a787945947e950e2a238","Baron","693f6bdc3353aee359a84f82","6a94ab7a77073146c9f40bd1","2026-08-30 18:22"
"Maksonic","619d09bdc4ab7000016c68d3","Albanian Guy","58796ade8b9ff486d81bbad5","6a94ab44f5574cc1728f6639","2026-08-30 18:23"
"Xick","6227d06fc4123c000192c138","Conquistadorito","603801f090c95200017d047e","6a94acf88b5648c77a82c148","2026-08-30 18:24"
"Unc","6876a81aaf5ea16088df663a","#1 .kg fan","63ad9fd5fb1daaf6c7e584ce","6a94acd147799b7f566db647","2026-08-30 18:24"
"wichura240","68767692157557d5c76a0ab6","#1 .kg fan","63ad9fd5fb1daaf6c7e584ce","6a94ad3c47799b7f566db79d","2026-08-30 18:25"
"马修","6705a787945947e950e2a238","Baron","693f6bdc3353aee359a84f82","6a94acf747799b7f566db6b0","2026-08-30 18:25"
"Shakazaramesh","5ef2945bbb96627c9ce5f63f","Unc","6876a81aaf5ea16088df663a","6a94ad6b47799b7f566db822","2026-08-30 18:26"
"Thesice","5ec5a4cbf849319644f4436c","GeoBunny","64b2f9895059c43d9160f5af","6a94aca1f5574cc1728f6972","2026-08-30 18:26"
"Willump","66085a5e9e7b50ce73337a58","121 MeriDian E","66c0479c515ebf2ff7a660b5","6a94ab468b5648c77a82bc7a","2026-08-30 18:26"
"Schrödingers Schwein","6137adcffd122d0001cab84c","Clemmontferrand","5c9255da62aa6e8334e9bb9a","6a94a9458b5648c77a82b68f","2026-08-30 18:26"
"KANMURU","63bcd8027039017494d42999","goodvibes18","64fc454da5664ce9de249325","6a94ac8547799b7f566db570","2026-08-30 18:27"
"Ulork","5e2ded716ea510b234a670b2","kuba.","68582b5f8e62427811441b60","6a94ace78b5648c77a82c127","2026-08-30 18:28"
"kober","67ad18a09e150413a5e6fa66","Maksonic","619d09bdc4ab7000016c68d3","6a94ad7cf5574cc1728f6b4c","2026-08-30 18:29"
"马修","6705a787945947e950e2a238","Baron","693f6bdc3353aee359a84f82","6a94adaf8b5648c77a82c318","2026-08-30 18:29"
"goodvibes18","64fc454da5664ce9de249325","Yarik","676e524ee37422d9da0e161a","6a94ae1b47799b7f566dba22","2026-08-30 18:29"
"Rubber Dinghy Rapids Bro","5b1814ea59669593c4ce555b","habesh","647734d056305f7bf5561a4e","6a94aa6947799b7f566dae9c","2026-08-30 18:30"
"kfl","5d6269cee9473f623039ce66","tacocat 🌮 🐈","675a19ef5a75afba3b6908ea","6a94ac038b5648c77a82bec6","2026-08-30 18:31"
"Xick","6227d06fc4123c000192c138","Albanian Guy","58796ade8b9ff486d81bbad5","6a94ad6347799b7f566db800","2026-08-30 18:31"
"Shakazaramesh","5ef2945bbb96627c9ce5f63f","Thesice","5ec5a4cbf849319644f4436c","6a94adf447799b7f566db9b3","2026-08-30 18:31"
"InstaDamGoudaGuess","6802926095744fac8c783d42","wichura240","68767692157557d5c76a0ab6","6a94aec7f5574cc1728f6e41","2026-08-30 18:32"
"Enrico_RR","6768ba56801d2d75f4becef4","Unc","6876a81aaf5ea16088df663a","6a94ae7bf5574cc1728f6d86","2026-08-30 18:32"
"Sam","5f762dd1b53fb70001d349a4","Band1to","5fdd32c7df0cf800017ddf6d","6a94ac7147799b7f566db53d","2026-08-30 18:33"
"Willump","66085a5e9e7b50ce73337a58","Schrödingers Schwein","6137adcffd122d0001cab84c","6a94add447799b7f566db964","2026-08-30 18:33"
"Maksonic","619d09bdc4ab7000016c68d3","Tung Sahur","6a5e71db480fcf6a022a4219","6a94aeff47799b7f566dbcf3","2026-08-30 18:34"
"goodvibes18","64fc454da5664ce9de249325","GeoPhantom","694436a1407b856da832c32e","6a94aea88b5648c77a82c5ae","2026-08-30 18:34"
"马修","6705a787945947e950e2a238","Baron","693f6bdc3353aee359a84f82","6a94aeae47799b7f566dbbc7","2026-08-30 18:35"
"wichura240","68767692157557d5c76a0ab6","InstaDamGoudaGuess","6802926095744fac8c783d42","6a94af7a8b5648c77a82c824","2026-08-30 18:35"
"kober","67ad18a09e150413a5e6fa66","Albanian Guy","58796ade8b9ff486d81bbad5","6a94af648b5648c77a82c7dc","2026-08-30 18:36"
"Ulork","5e2ded716ea510b234a670b2","Junior Paulo","60d6b2fd6f85320001258c83","6a94ae9f47799b7f566dbba5","2026-08-30 18:36"
"tacocat 🌮 🐈","675a19ef5a75afba3b6908ea","Thesice","5ec5a4cbf849319644f4436c","6a94af0e89301ec693466dd3","2026-08-30 18:36"
"Unc","6876a81aaf5ea16088df663a","кошечка","6a2cc167fb7d1507ea433fc2","6a94af638b5648c77a82c7d9","2026-08-30 18:37"
"GeoChiko","637129eb9d737c55a520a3e3","Tung Sahur","6a5e71db480fcf6a022a4219","6a94afe8f5574cc1728f70f8","2026-08-30 18:37"
"kfl","5d6269cee9473f623039ce66","Preussen","64da4d57e44ffbb819d935b1","6a94af5147799b7f566dbdf5","2026-08-30 18:38"
"Conquistadorito","603801f090c95200017d047e","Zi8gbolt Lyons","612472f2c4b5740001ef2d03","6a94ad5347799b7f566db7d6","2026-08-30 18:38"
"wichura240","68767692157557d5c76a0ab6","Velogeo","607b4fd0132f8300012354f4","6a94b0378b5648c77a82ca57","2026-08-30 18:38"
"Enrico_RR","6768ba56801d2d75f4becef4","CapixabaGeo","65e1351e81122873dc224467","6a94af7c8b5648c77a82c82f","2026-08-30 18:38"
"Sam","5f762dd1b53fb70001d349a4","Band1to","5fdd32c7df0cf800017ddf6d","6a94af7b77073146c9f41346","2026-08-30 18:39"
"habesh","647734d056305f7bf5561a4e","Rubber Dinghy Rapids Bro","5b1814ea59669593c4ce555b","6a94aec38b5648c77a82c605","2026-08-30 18:41"
"Thesice","5ec5a4cbf849319644f4436c","wichura240","68767692157557d5c76a0ab6","6a94b0b9f5574cc1728f72f5","2026-08-30 18:41"
"kober","67ad18a09e150413a5e6fa66","Jonas","661ad4c4073f663c21b57fe6","6a94b113f5574cc1728f73c1","2026-08-30 18:42"
"Salem","63af4615494c2bc27e4a2f31","Albanian Guy","58796ade8b9ff486d81bbad5","6a94b0518b5648c77a82cab0","2026-08-30 18:42"
"Unc","6876a81aaf5ea16088df663a","Chet42","604ec150495589000139b162","6a94b09647799b7f566dc24d","2026-08-30 18:42"
"Ulork","5e2ded716ea510b234a670b2","Maksonic","619d09bdc4ab7000016c68d3","6a94b03e8b5648c77a82ca71","2026-08-30 18:43"
"Voro","5a8f1e5d98cc2c6744a8a135","Thesice","5ec5a4cbf849319644f4436c","6a94b17e77073146c9f4171c","2026-08-30 18:44"
"Schrödingers Schwein","6137adcffd122d0001cab84c","Hans Reinsch","67df19291e51c17b97c97be0","6a94afa347799b7f566dbf08","2026-08-30 18:44"
"tacocat 🌮 🐈","675a19ef5a75afba3b6908ea","Xick","6227d06fc4123c000192c138","6a94b0a18b5648c77a82cb7f","2026-08-30 18:45"
"Zi8gbolt Lyons","612472f2c4b5740001ef2d03","Sam","5f762dd1b53fb70001d349a4","6a94b13e47799b7f566dc44e","2026-08-30 18:45"
"wichura240","68767692157557d5c76a0ab6","Velogeo","607b4fd0132f8300012354f4","6a94b18c8b5648c77a82cdee","2026-08-30 18:45"
"Willump","66085a5e9e7b50ce73337a58","Clemmontferrand","5c9255da62aa6e8334e9bb9a","6a94afc447799b7f566dbf76","2026-08-30 18:45"
"Albanian Guy","58796ade8b9ff486d81bbad5","Jonas","661ad4c4073f663c21b57fe6","6a94b1b98b5648c77a82ce5c","2026-08-30 18:46"
"Salem","63af4615494c2bc27e4a2f31","Ulork","5e2ded716ea510b234a670b2","6a94b20447799b7f566dc6d5","2026-08-30 18:47"
"kfl","5d6269cee9473f623039ce66","Preussen","64da4d57e44ffbb819d935b1","6a94b13247799b7f566dc42a","2026-08-30 18:47"
"GeoChiko","637129eb9d737c55a520a3e3","Tung Sahur","6a5e71db480fcf6a022a4219","6a94b0e5f5574cc1728f735b","2026-08-30 18:47"
"wichura240","68767692157557d5c76a0ab6","Voro","5a8f1e5d98cc2c6744a8a135","6a94b2728b5648c77a82d041","2026-08-30 18:48"
"weucygkyhj","6a1b839fa537527ec94639b9","PLK","62179a5c8e88d400010d91ea","6a94b22d8b5648c77a82cf7b","2026-08-30 18:50"
"goodvibes18","64fc454da5664ce9de249325","Baron","693f6bdc3353aee359a84f82","6a94b1cf77073146c9f417af","2026-08-30 18:50"
"Xick","6227d06fc4123c000192c138","Jonas","661ad4c4073f663c21b57fe6","6a94b289f5574cc1728f7731","2026-08-30 18:51"
"tacocat 🌮 🐈","675a19ef5a75afba3b6908ea","Shakazaramesh","5ef2945bbb96627c9ce5f63f","6a94b26cf5574cc1728f76fb","2026-08-30 18:51"
"Zi8gbolt Lyons","612472f2c4b5740001ef2d03","Sam","5f762dd1b53fb70001d349a4","6a94b25747799b7f566dc7f7","2026-08-30 18:51"
"wichura240","68767692157557d5c76a0ab6","Albanian Guy","58796ade8b9ff486d81bbad5","6a94b3558b5648c77a82d29e","2026-08-30 18:52"
"kfl","5d6269cee9473f623039ce66","Preussen","64da4d57e44ffbb819d935b1","6a94b2f2f5574cc1728f7848","2026-08-30 18:53"
"Xick","6227d06fc4123c000192c138","Jonas","661ad4c4073f663c21b57fe6","6a94b3c347799b7f566dcc14","2026-08-30 18:53"
"Thesice","5ec5a4cbf849319644f4436c","Palmitas","69b33a815634cc416b9c7877","6a94b23347799b7f566dc789","2026-08-30 18:53"
"goodvibes18","64fc454da5664ce9de249325","Baron","693f6bdc3353aee359a84f82","6a94b37c8b5648c77a82d30c","2026-08-30 18:53"
"Unc","6876a81aaf5ea16088df663a","7ROU7","69ed3e0c27406e0b87b738aa","6a94b3d08b5648c77a82d412","2026-08-30 18:55"
"wichura240","68767692157557d5c76a0ab6","Thesice","5ec5a4cbf849319644f4436c","6a94b44f77073146c9f41ca9","2026-08-30 18:57"
"Fael","630fecddc8577dc5e3119c8a","Voro","5a8f1e5d98cc2c6744a8a135","6a94b30577073146c9f41a23","2026-08-30 18:57"
"Nakiro","5e87ef372ad6cf18f4aad259","Hans Reinsch","67df19291e51c17b97c97be0","6a94b23a47799b7f566dc799","2026-08-30 18:57"
"Jonas","661ad4c4073f663c21b57fe6","Xick","6227d06fc4123c000192c138","6a94b45847799b7f566dce5f","2026-08-30 18:58"
"Shakazaramesh","5ef2945bbb96627c9ce5f63f","goodvibes18","64fc454da5664ce9de249325","6a94b41d8b5648c77a82d4ee","2026-08-30 18:58"
"wichura240","68767692157557d5c76a0ab6","Thesice","5ec5a4cbf849319644f4436c","6a94b548f5574cc1728f7e28","2026-08-30 18:59"
"7ROU7","69ed3e0c27406e0b87b738aa","Unc","6876a81aaf5ea16088df663a","6a94b4ee47799b7f566dd03a","2026-08-30 18:59"
"Albanian Guy","58796ade8b9ff486d81bbad5","Salem","63af4615494c2bc27e4a2f31","6a94b4148b5648c77a82d4d4","2026-08-30 19:00"
"Fael","630fecddc8577dc5e3119c8a","Tung Sahur","6a5e71db480fcf6a022a4219","6a94b53b8b5648c77a82d8ea","2026-08-30 19:00"
"weucygkyhj","6a1b839fa537527ec94639b9","PLK","62179a5c8e88d400010d91ea","6a94b3838b5648c77a82d329","2026-08-30 19:01"
"Xick","6227d06fc4123c000192c138","kober","67ad18a09e150413a5e6fa66","6a94b5b277073146c9f41f7a","2026-08-30 19:03"
"Schrödingers Schwein","6137adcffd122d0001cab84c","Prince Louis Rwagasore","602e98aa705a320001af70c6","6a94b24f8b5648c77a82cfed","2026-08-30 19:03"
"Zi8gbolt Lyons","612472f2c4b5740001ef2d03","BLANC DE BLANC","5eec83c262df1243a0ceaea8","6a94b3fa8b5648c77a82d49b","2026-08-30 19:04"
"ElViejoFran420","66dc17fc166b047fc041d4c0","Szczurox (pls no Brazil)","5bfeda61b5b94b0df028ed24","6a94b4908b5648c77a82d61c","2026-08-30 19:04"
"kfl","5d6269cee9473f623039ce66","Preussen","64da4d57e44ffbb819d935b1","6a94b44247799b7f566dce11","2026-08-30 19:05"
"Xick","6227d06fc4123c000192c138","kober","67ad18a09e150413a5e6fa66","6a94b67d47799b7f566dd4c5","2026-08-30 19:05"
"Albanian Guy","58796ade8b9ff486d81bbad5","Salem","63af4615494c2bc27e4a2f31","6a94b5f68b5648c77a82da7c","2026-08-30 19:05"
"Shakazaramesh","5ef2945bbb96627c9ce5f63f","Bëni Gulasa","626c9acefc34d1f69c605565","6a94b57d8b5648c77a82d97b","2026-08-30 19:05"
"Unc","6876a81aaf5ea16088df663a","7ROU7","69ed3e0c27406e0b87b738aa","6a94b5ba8b5648c77a82da00","2026-08-30 19:05"
"BYL","665af55a0f1c875d08a700fb","Tung Sahur","6a5e71db480fcf6a022a4219","6a94b5ff47799b7f566dd32d","2026-08-30 19:07"
"Rubber Dinghy Rapids Bro","5b1814ea59669593c4ce555b","Tottenhamwisps","60ad03a48b6e1d00012f8e7e","6a94b201f5574cc1728f75f4","2026-08-30 19:09"
"slew","5cc1545b8701a898fc423332","Olli7","5faf61bdd3f912000124184c","6a94b36647799b7f566dcaf8","2026-08-30 19:10"
"PLK","62179a5c8e88d400010d91ea","kober","67ad18a09e150413a5e6fa66","6a94b6f347799b7f566dd61b","2026-08-30 19:11"
"Xick","6227d06fc4123c000192c138","dying sociopath","5aae066718399e2758306701","6a94b84ff5574cc1728f84f5","2026-08-30 19:12"
"Albanian Guy","58796ade8b9ff486d81bbad5","kober","67ad18a09e150413a5e6fa66","6a94b72047799b7f566dd6cc","2026-08-30 19:12"
"Caco","62423c3dda40ac184851c4f0","Preussen","64da4d57e44ffbb819d935b1","6a94b6ee47799b7f566dd611","2026-08-30 19:12"
"BYL","665af55a0f1c875d08a700fb","Tomek5_5","606e09423667bc0001ad663d","6a94b76547799b7f566dd7b5","2026-08-30 19:13"
"Nakiro","5e87ef372ad6cf18f4aad259","Tim Tölzer","613f5d64a915be0001009e63","6a94b60a77073146c9f41ff2","2026-08-30 19:13"
"Tung Sahur","6a5e71db480fcf6a022a4219","Yiğit Onur","628a020c86224535a595335f","6a94b7db47799b7f566dd8f7","2026-08-30 19:14"
"Bëni Gulasa","626c9acefc34d1f69c605565","Baron","693f6bdc3353aee359a84f82","6a94b70947799b7f566dd676","2026-08-30 19:14"
"goodvibes18","64fc454da5664ce9de249325","CapixabaGeo","65e1351e81122873dc224467","6a94b89989301ec693467e73","2026-08-30 19:15"
"Xick","6227d06fc4123c000192c138","kober","67ad18a09e150413a5e6fa66","6a94b89a47799b7f566ddb1f","2026-08-30 19:16"
"dying sociopath","5aae066718399e2758306701","PLK","62179a5c8e88d400010d91ea","6a94b8a28b5648c77a82e0eb","2026-08-30 19:16"
"Prince Louis Rwagasore","602e98aa705a320001af70c6","Clemmontferrand","5c9255da62aa6e8334e9bb9a","6a94b73247799b7f566dd71c","2026-08-30 19:16"
"Shakazaramesh","5ef2945bbb96627c9ce5f63f","7ROU7","69ed3e0c27406e0b87b738aa","6a94b71e47799b7f566dd6c3","2026-08-30 19:17"
"Yiğit Onur","628a020c86224535a595335f","goodvibes18","64fc454da5664ce9de249325","6a94b97ef5574cc1728f8771","2026-08-30 19:18"
"Tottenhamwisps","60ad03a48b6e1d00012f8e7e","Rubber Dinghy Rapids Bro","5b1814ea59669593c4ce555b","6a94b8148b5648c77a82df9a","2026-08-30 19:19"
"Palmitas","69b33a815634cc416b9c7877","Caco","62423c3dda40ac184851c4f0","6a94b8cd47799b7f566ddbc2","2026-08-30 19:19"
"kober","67ad18a09e150413a5e6fa66","Xick","6227d06fc4123c000192c138","6a94b9cc47799b7f566dde6a","2026-08-30 19:21"
"Bëni Gulasa","626c9acefc34d1f69c605565","Jacky Wong","63be7833696b395b1a06db85","6a94b9a18b5648c77a82e39a","2026-08-30 19:22"
"Prince Louis Rwagasore","602e98aa705a320001af70c6","habesh","647734d056305f7bf5561a4e","6a94ba0b47799b7f566ddf21","2026-08-30 19:22"
"Tomek5_5","606e09423667bc0001ad663d","Preussen","64da4d57e44ffbb819d935b1","6a94b8d8f5574cc1728f8632","2026-08-30 19:23"
"PLK","62179a5c8e88d400010d91ea","dying sociopath","5aae066718399e2758306701","6a94b9cb47799b7f566dde68","2026-08-30 19:23"
"7ROU7","69ed3e0c27406e0b87b738aa","goodvibes18","64fc454da5664ce9de249325","6a94ba5247799b7f566ddfeb","2026-08-30 19:23"
"Caco","62423c3dda40ac184851c4f0","NamibianAmphibianMan","69ba2e52a04671c8a9b13e12","6a94ba7e8b5648c77a82e5d8","2026-08-30 19:24"
"Prince Louis Rwagasore","602e98aa705a320001af70c6","habesh","647734d056305f7bf5561a4e","6a94bb2047799b7f566de260","2026-08-30 19:25"
"kober","67ad18a09e150413a5e6fa66","Xick","6227d06fc4123c000192c138","6a94baf147799b7f566de1e3","2026-08-30 19:26"
"Shakazaramesh","5ef2945bbb96627c9ce5f63f","plotter","674c4756fb60b9f111e6e0b4","6a94ba4c47799b7f566ddfd6","2026-08-30 19:26"
"habesh","647734d056305f7bf5561a4e","Prince Louis Rwagasore","602e98aa705a320001af70c6","6a94bbc8f5574cc1728f8c93","2026-08-30 19:28"
"Caco","62423c3dda40ac184851c4f0","NamibianAmphibianMan","69ba2e52a04671c8a9b13e12","6a94bb8647799b7f566de38f","2026-08-30 19:29"
"Thesice","5ec5a4cbf849319644f4436c","PLK","62179a5c8e88d400010d91ea","6a94bb9a8b5648c77a82e854","2026-08-30 19:29"
"goodvibes18","64fc454da5664ce9de249325","Bëni Gulasa","626c9acefc34d1f69c605565","6a94bb47f5574cc1728f8b45","2026-08-30 19:29"
"Chris","5fe81986f3881a00018261c5","ThereWasAButton","69bdbf472e6bd6caf811230d","6a94ba3d47799b7f566ddfb2","2026-08-30 19:29"
"Tung Sahur","6a5e71db480fcf6a022a4219","鹰娥朗","628e0d478e5ef3a3ca163627","6a94bad1f5574cc1728f8a3b","2026-08-30 19:31"
"Palmitas","69b33a815634cc416b9c7877","Shakazaramesh","5ef2945bbb96627c9ce5f63f","6a94bc2847799b7f566de549","2026-08-30 19:32"
"dying sociopath","5aae066718399e2758306701","Xick","6227d06fc4123c000192c138","6a94bbf9f5574cc1728f8cfb","2026-08-30 19:33"
"Caco","62423c3dda40ac184851c4f0","Jesper","6962762abc79a0f2300d324e","6a94bc9747799b7f566de669","2026-08-30 19:34"
"NamibianAmphibianMan","69ba2e52a04671c8a9b13e12","Mow_Mi_Ksienciu","65567939564ddbb4b6c81c58","6a94bcff47799b7f566de7e0","2026-08-30 19:34"
"Palmitas","69b33a815634cc416b9c7877","Jesper","6962762abc79a0f2300d324e","6a94bdd38b5648c77a82edf9","2026-08-30 19:37"
"dying sociopath","5aae066718399e2758306701","kober","67ad18a09e150413a5e6fa66","6a94be238b5648c77a82ee97","2026-08-30 19:38"
"Bëni Gulasa","626c9acefc34d1f69c605565","goodvibes18","64fc454da5664ce9de249325","6a94bcb9f5574cc1728f8e7e","2026-08-30 19:38"
"habesh","647734d056305f7bf5561a4e","Prince Louis Rwagasore","602e98aa705a320001af70c6","6a94bc5847799b7f566de5d4","2026-08-30 19:39"
"BYL","665af55a0f1c875d08a700fb","kober","67ad18a09e150413a5e6fa66","6a94bed047799b7f566ded79","2026-08-30 19:40"
"Jesper","6962762abc79a0f2300d324e","NamibianAmphibianMan","69ba2e52a04671c8a9b13e12","6a94be908b5648c77a82ef79","2026-08-30 19:40"
"BYL","665af55a0f1c875d08a700fb","kober","67ad18a09e150413a5e6fa66","6a94bed047799b7f566ded79","2026-08-30 19:41"
"PLK","62179a5c8e88d400010d91ea","Thesice","5ec5a4cbf849319644f4436c","6a94bc9947799b7f566de66f","2026-08-30 19:42"
"Juagie","601b3f4047f927000155a753","plotter","674c4756fb60b9f111e6e0b4","6a94bd7c47799b7f566de94d","2026-08-30 19:43"
"Tottenhamwisps","60ad03a48b6e1d00012f8e7e","121 MeriDian E","66c0479c515ebf2ff7a660b5","6a94be85f5574cc1728f930a","2026-08-30 19:43"
"dying sociopath","5aae066718399e2758306701","Jesper","6962762abc79a0f2300d324e","6a94bf2c47799b7f566deea4","2026-08-30 19:43"
"Shakazaramesh","5ef2945bbb96627c9ce5f63f","鹰娥朗","628e0d478e5ef3a3ca163627","6a94be6c47799b7f566dec12","2026-08-30 19:43"
"goodvibes18","64fc454da5664ce9de249325","Bëni Gulasa","626c9acefc34d1f69c605565","6a94beb4f5574cc1728f938b","2026-08-30 19:44"
"BYL","665af55a0f1c875d08a700fb","Salem","63af4615494c2bc27e4a2f31","6a94bf6147799b7f566def70","2026-08-30 19:45"
"Jesper","6962762abc79a0f2300d324e","Shakazaramesh","5ef2945bbb96627c9ce5f63f","6a94c00847799b7f566df1f8","2026-08-30 19:47"
"Bëni Gulasa","626c9acefc34d1f69c605565","Mow_Mi_Ksienciu","65567939564ddbb4b6c81c58","6a94c02c47799b7f566df28f","2026-08-30 19:49"
"goodvibes18","64fc454da5664ce9de249325","?","67ed39e247174ae092be5c2f","6a94c02147799b7f566df263","2026-08-30 19:49"
"kober","67ad18a09e150413a5e6fa66","BYL","665af55a0f1c875d08a700fb","6a94c07147799b7f566df36e","2026-08-30 19:53"
"Rubber Dinghy Rapids Bro","5b1814ea59669593c4ce555b","Palmitas","69b33a815634cc416b9c7877","6a94bef6f5574cc1728f946f","2026-08-30 19:53"
"Shakazaramesh","5ef2945bbb96627c9ce5f63f","Jesper","6962762abc79a0f2300d324e","6a94c0d689301ec693468cc9","2026-08-30 19:53"
"Thesice","5ec5a4cbf849319644f4436c","鹰娥朗","628e0d478e5ef3a3ca163627","6a94bffff5574cc1728f9713","2026-08-30 19:53"
"Steve","64072b15a23b79e61f25e831","Bëni Gulasa","626c9acefc34d1f69c605565","6a94c186f5574cc1728f9ae6","2026-08-30 19:54"
"Giancarlo Esposito","68e85bdb3f2cbbe915cbcd3d","kober","67ad18a09e150413a5e6fa66","6a94c22d47799b7f566df91d","2026-08-30 19:57"
"david attenborough","6202fc2fed74670001f9a180","kober","67ad18a09e150413a5e6fa66","6a94c24e77073146c9f4374b","2026-08-30 19:57"
"鹰娥朗","628e0d478e5ef3a3ca163627","Thesice","5ec5a4cbf849319644f4436c","6a94c23f47799b7f566df952","2026-08-30 19:57"
"goodvibes18","64fc454da5664ce9de249325","#1 .kg fan","63ad9fd5fb1daaf6c7e584ce","6a94c15ef5574cc1728f9a8f","2026-08-30 19:57"
"BYL","665af55a0f1c875d08a700fb","kriszh","5922abce1bba700c703b0c00","6a94c30147799b7f566dfc1e","2026-08-30 19:58"
"kober","67ad18a09e150413a5e6fa66","david attenborough","6202fc2fed74670001f9a180","6a94c34447799b7f566dfd03","2026-08-30 19:59"
"Bëni Gulasa","626c9acefc34d1f69c605565","NamibianAmphibianMan","69ba2e52a04671c8a9b13e12","6a94c2d947799b7f566dfb9d","2026-08-30 19:59"
"mystorrud","62b73c3ee9785ad5774af40a","121 MeriDian E","66c0479c515ebf2ff7a660b5","6a94c2a2f5574cc1728f9d83","2026-08-30 20:00"
"kober","67ad18a09e150413a5e6fa66","Giancarlo Esposito","68e85bdb3f2cbbe915cbcd3d","6a94c35e47799b7f566dfd84","2026-08-30 20:02"
"Shakazaramesh","5ef2945bbb96627c9ce5f63f","Palmitas","69b33a815634cc416b9c7877","6a94c237f5574cc1728f9c91","2026-08-30 20:02"
"goodvibes18","64fc454da5664ce9de249325","Thesice","5ec5a4cbf849319644f4436c","6a94c368f5574cc1728f9fb3","2026-08-30 20:02"
"Mow_Mi_Ksienciu","65567939564ddbb4b6c81c58","?","67ed39e247174ae092be5c2f","6a94c31047799b7f566dfc44","2026-08-30 20:03"
"Giancarlo Esposito","68e85bdb3f2cbbe915cbcd3d","kober","67ad18a09e150413a5e6fa66","6a94c49f47799b7f566e0205","2026-08-30 20:04"
"Kageyu","68ca96634b59728d6b0f739a","Conquistadorito","603801f090c95200017d047e","6a94c44647799b7f566e0083","2026-08-30 20:04"
"dying sociopath","5aae066718399e2758306701","BYL","665af55a0f1c875d08a700fb","6a94c4ad77073146c9f43ca2","2026-08-30 20:05"
"Bëni Gulasa","626c9acefc34d1f69c605565","NamibianAmphibianMan","69ba2e52a04671c8a9b13e12","6a94c3b7f5574cc1728fa0a8","2026-08-30 20:05"
"Antigs","5fb70fb9e2c593000135b6e0","Mow_Mi_Ksienciu","65567939564ddbb4b6c81c58","6a94c4a247799b7f566e0210","2026-08-30 20:07"
"david attenborough","6202fc2fed74670001f9a180","kober","67ad18a09e150413a5e6fa66","6a94c413f5574cc1728fa1c6","2026-08-30 20:08"
"dying sociopath","5aae066718399e2758306701","BYL","665af55a0f1c875d08a700fb","6a94c53e47799b7f566e0406","2026-08-30 20:09"
"Conquistadorito","603801f090c95200017d047e","Kageyu","68ca96634b59728d6b0f739a","6a94c4f2f5574cc1728fa455","2026-08-30 20:09"
"Mow_Mi_Ksienciu","65567939564ddbb4b6c81c58","LushMountain088","67efb9f8225eb29871c2be9d","6a94c59a206f8a57869e3070","2026-08-30 20:09"
"Giancarlo Esposito","68e85bdb3f2cbbe915cbcd3d","kober","67ad18a09e150413a5e6fa66","6a94c4e447799b7f566e02d8","2026-08-30 20:10"
"121 MeriDian E","66c0479c515ebf2ff7a660b5","mystorrud","62b73c3ee9785ad5774af40a","6a94c3e1f5574cc1728fa0ff","2026-08-30 20:10"
"NamibianAmphibianMan","69ba2e52a04671c8a9b13e12","Jacky Wong","63be7833696b395b1a06db85","6a94c51447799b7f566e037d","2026-08-30 20:12"
"Giancarlo Esposito","68e85bdb3f2cbbe915cbcd3d","dying sociopath","5aae066718399e2758306701","6a94c68c234fb4915fd8846d","2026-08-30 20:13"
"david attenborough","6202fc2fed74670001f9a180","kober","67ad18a09e150413a5e6fa66","6a94c5c347799b7f566e059b","2026-08-30 20:13"
"Conquistadorito","603801f090c95200017d047e","danger","697ec2084f2fb1a1a48cb642","6a94c623206f8a57869e315c","2026-08-30 20:13"
"#1 .kg fan","63ad9fd5fb1daaf6c7e584ce","Unc","6876a81aaf5ea16088df663a","6a94c6744a51b3e6817dcfff","2026-08-30 20:13"
"david attenborough","6202fc2fed74670001f9a180","kober","67ad18a09e150413a5e6fa66","6a94c6fc47799b7f566e07cc","2026-08-30 20:15"
"鹰娥朗","628e0d478e5ef3a3ca163627","Bëni Gulasa","626c9acefc34d1f69c605565","6a94c556f5574cc1728fa574","2026-08-30 20:15"
"Kageyu","68ca96634b59728d6b0f739a","Mow_Mi_Ksienciu","65567939564ddbb4b6c81c58","6a94c6474a51b3e6817dcfc3","2026-08-30 20:15"
"Giancarlo Esposito","68e85bdb3f2cbbe915cbcd3d","dying sociopath","5aae066718399e2758306701","6a94c74a234fb4915fd88652","2026-08-30 20:18"
"BYL","665af55a0f1c875d08a700fb","kober","67ad18a09e150413a5e6fa66","6a94c70a4a51b3e6817dd143","2026-08-30 20:18"
"GeoKitten :3","6a60cb66561c205d0831e2ad","Kageyu","68ca96634b59728d6b0f739a","6a94c7724a51b3e6817dd1e7","2026-08-30 20:18"
"Unc","6876a81aaf5ea16088df663a","#1 .kg fan","63ad9fd5fb1daaf6c7e584ce","6a94c706206f8a57869e32ce","2026-08-30 20:18"
"Conquistadorito","603801f090c95200017d047e","danger","697ec2084f2fb1a1a48cb642","6a94c6fe206f8a57869e32c6","2026-08-30 20:19"
"goodvibes18","64fc454da5664ce9de249325","Jacky Wong","63be7833696b395b1a06db85","6a94c7dc4a51b3e6817dd27d","2026-08-30 20:19"
"david attenborough","6202fc2fed74670001f9a180","kober","67ad18a09e150413a5e6fa66","6a94c771234fb4915fd8868f","2026-08-30 20:20"
"Chudai","6a689d01a65ab58b189dd03e","BYL","665af55a0f1c875d08a700fb","6a94c82e4a51b3e6817dd317","2026-08-30 20:20"
"Jan","63b9dd9d4448f55006bb8b92","Tottenhamwisps","60ad03a48b6e1d00012f8e7e","6a94c7df47799b7f566e091d","2026-08-30 20:21"
"PLK","62179a5c8e88d400010d91ea","Bëni Gulasa","626c9acefc34d1f69c605565","6a94c753f5574cc1728fa90e","2026-08-30 20:21"
"#1 .kg fan","63ad9fd5fb1daaf6c7e584ce","Unc","6876a81aaf5ea16088df663a","6a94c80e4a51b3e6817dd2de","2026-08-30 20:21"
"dying sociopath","5aae066718399e2758306701","Conquistadorito","603801f090c95200017d047e","6a94c8b9234fb4915fd888ff","2026-08-30 20:22"
"goodvibes18","64fc454da5664ce9de249325","Jacky Wong","63be7833696b395b1a06db85","6a94c863234fb4915fd8885d","2026-08-30 20:22"
"dying sociopath","5aae066718399e2758306701","Conquistadorito","603801f090c95200017d047e","6a94c920206f8a57869e35f9","2026-08-30 20:24"
"danger","697ec2084f2fb1a1a48cb642","Mow_Mi_Ksienciu","65567939564ddbb4b6c81c58","6a94c8c2234fb4915fd8890b","2026-08-30 20:24"
"#1 .kg fan","63ad9fd5fb1daaf6c7e584ce","Unc","6876a81aaf5ea16088df663a","6a94c8c4206f8a57869e355e","2026-08-30 20:25"
"GeoKitten :3","6a60cb66561c205d0831e2ad","Kageyu","68ca96634b59728d6b0f739a","6a94c81f206f8a57869e3494","2026-08-30 20:26"
"Chudai","6a689d01a65ab58b189dd03e","kober","67ad18a09e150413a5e6fa66","6a94c8a5234fb4915fd888ca","2026-08-30 20:27"
"Chudai","6a689d01a65ab58b189dd03e","kober","67ad18a09e150413a5e6fa66","6a94c8a5234fb4915fd888ca","2026-08-30 20:27"
"#1 .kg fan","63ad9fd5fb1daaf6c7e584ce","Unc","6876a81aaf5ea16088df663a","6a94c9bf234fb4915fd88b2f","2026-08-30 20:27"
"Mow_Mi_Ksienciu","65567939564ddbb4b6c81c58","LushMountain088","67efb9f8225eb29871c2be9d","6a94c9a5234fb4915fd88b02","2026-08-30 20:27"
"Jan","63b9dd9d4448f55006bb8b92","Tottenhamwisps","60ad03a48b6e1d00012f8e7e","6a94c8e9234fb4915fd88969","2026-08-30 20:29"
"Daviduccio","691df93ef275e716c46378ab","norty","5ec576e72198e4364c2826a7","6a94c9ba234fb4915fd88b1d","2026-08-30 20:29"
"BYL","665af55a0f1c875d08a700fb","Conquistadorito","603801f090c95200017d047e","6a94c997206f8a57869e36ae","2026-08-30 20:30"
"PLK","62179a5c8e88d400010d91ea","Bëni Gulasa","626c9acefc34d1f69c605565","6a94c90247799b7f566e0a9e","2026-08-30 20:30"
"Daviduccio","691df93ef275e716c46378ab","norty","5ec576e72198e4364c2826a7","6a94caa24a51b3e6817dd6a1","2026-08-30 20:30"
"121 MeriDian E","66c0479c515ebf2ff7a660b5","LunacyEcho","598f4c4643a1435770466c2a","6a94c73b47799b7f566e0839","2026-08-30 20:30"
"kober","67ad18a09e150413a5e6fa66","david attenborough","6202fc2fed74670001f9a180","6a94caad206f8a57869e3863","2026-08-30 20:31"
"#1 .kg fan","63ad9fd5fb1daaf6c7e584ce","danger","697ec2084f2fb1a1a48cb642","6a94ca674a51b3e6817dd63a","2026-08-30 20:31"
"lebron-3","694357bf716cf71c98f96b42","Giancarlo Esposito","68e85bdb3f2cbbe915cbcd3d","6a94cae6234fb4915fd88d4d","2026-08-30 20:32"
"dying sociopath","5aae066718399e2758306701","kober","67ad18a09e150413a5e6fa66","6a94ca444a51b3e6817dd612","2026-08-30 20:32"
"GeoKitten :3","6a60cb66561c205d0831e2ad","Joshkabloomy","604c5a52e142340001a0a666","6a94ca1c234fb4915fd88beb","2026-08-30 20:32"
"Mow_Mi_Ksienciu","65567939564ddbb4b6c81c58","Random Rabbit","678c60c24047c93e5860e1e7","6a94ca3a47799b7f566e0c73","2026-08-30 20:32"
"Kageyu","68ca96634b59728d6b0f739a","Unc","6876a81aaf5ea16088df663a","6a94ca5c234fb4915fd88c5b","2026-08-30 20:33"
"NamibianAmphibianMan","69ba2e52a04671c8a9b13e12","Kastries","67c9d3612160aecea9218f63","6a94ca81234fb4915fd88c96","2026-08-30 20:33"
"PLK","62179a5c8e88d400010d91ea","Conquistadorito","603801f090c95200017d047e","6a94cb05206f8a57869e38db","2026-08-30 20:34"
"Daviduccio","691df93ef275e716c46378ab","Mr. Beelz","69f9c703025a87876bb8050c","6a94cb07234fb4915fd88d88","2026-08-30 20:34"
"Unc","6876a81aaf5ea16088df663a","LushMountain088","67efb9f8225eb29871c2be9d","6a94cbbf234fb4915fd88f1e","2026-08-30 20:34"
"Jan","63b9dd9d4448f55006bb8b92","Tottenhamwisps","60ad03a48b6e1d00012f8e7e","6a94cac74a51b3e6817dd6d8","2026-08-30 20:36"
"kober","67ad18a09e150413a5e6fa66","david attenborough","6202fc2fed74670001f9a180","6a94cb5247799b7f566e0e26","2026-08-30 20:36"
"Chudai","6a689d01a65ab58b189dd03e","dying sociopath","5aae066718399e2758306701","6a94cbe1206f8a57869e3a40","2026-08-30 20:36"
"race","603c5c220297940001b84e1a","Bifrost","5946db209a4f70c13c0894f1","6a94cb82234fb4915fd88e7a","2026-08-30 20:36"
"kober","67ad18a09e150413a5e6fa66","lebron-3","694357bf716cf71c98f96b42","6a94cb7c206f8a57869e3997","2026-08-30 20:37"
"goodvibes18","64fc454da5664ce9de249325","Richie Fidschi","61ca425d9b0ef000015001bd","6a94cade206f8a57869e38ae","2026-08-30 20:37"
"PLK","62179a5c8e88d400010d91ea","Conquistadorito","603801f090c95200017d047e","6a94cbe94a51b3e6817dd862","2026-08-30 20:39"
"Joshkabloomy","604c5a52e142340001a0a666","#1 .kg fan","63ad9fd5fb1daaf6c7e584ce","6a94cb60234fb4915fd88e37","2026-08-30 20:39"
"goodvibes18","64fc454da5664ce9de249325","れい（Rey）","6444afc0c30fa09317b315fc","6a94cc87206f8a57869e3b62","2026-08-30 20:39"
"Unc","6876a81aaf5ea16088df663a","LushMountain088","67efb9f8225eb29871c2be9d","6a94cc324a51b3e6817dd8c5","2026-08-30 20:39"
"Chudai","6a689d01a65ab58b189dd03e","kober","67ad18a09e150413a5e6fa66","6a94cc6f4a51b3e6817dd94b","2026-08-30 20:40"
"Kageyu","68ca96634b59728d6b0f739a","Palmitas","69b33a815634cc416b9c7877","6a94cc06f5574cc1728faf53","2026-08-30 20:40"
"Daviduccio","691df93ef275e716c46378ab","Nini","6a3d91f3957b8ab12c71084e","6a94ccea234fb4915fd89223","2026-08-30 20:40"
"Sombra","677c803ef36a2c9048280ccd","BarryTheBee","62be7867aa13616722f8dd4a","6a94ca6cf5574cc1728facd8","2026-08-30 20:41"
"Daviduccio","691df93ef275e716c46378ab","errvism","6072354e094b6000014680b3","6a94cd47206f8a57869e3d20","2026-08-30 20:41"
"race","603c5c220297940001b84e1a","Unc","6876a81aaf5ea16088df663a","6a94cd0f4a51b3e6817dda87","2026-08-30 20:42"
"lebron-3","694357bf716cf71c98f96b42","kober","67ad18a09e150413a5e6fa66","6a94ccdbf5574cc1728fb101","2026-08-30 20:43"
"Jan","63b9dd9d4448f55006bb8b92","Tottenhamwisps","60ad03a48b6e1d00012f8e7e","6a94cc6b234fb4915fd8909f","2026-08-30 20:43"
"Chudai","6a689d01a65ab58b189dd03e","Palmitas","69b33a815634cc416b9c7877","6a94cd75234fb4915fd8938f","2026-08-30 20:43"
"Tomek5_5","606e09423667bc0001ad663d","Joshkabloomy","604c5a52e142340001a0a666","6a94cd42234fb4915fd89329","2026-08-30 20:43"
"Kastries","67c9d3612160aecea9218f63","goodvibes18","64fc454da5664ce9de249325","6a94ccf7206f8a57869e3c64","2026-08-30 20:43"
"PLK","62179a5c8e88d400010d91ea","Conquistadorito","603801f090c95200017d047e","6a94cd1b234fb4915fd892b3","2026-08-30 20:44"
"CoolMoonGuy","67ba5164f30fffa59919db60","Jesper","6962762abc79a0f2300d324e","6a94cc564a51b3e6817dd922","2026-08-30 20:45"
"Sombra","677c803ef36a2c9048280ccd","BarryTheBee","62be7867aa13616722f8dd4a","6a94cd86f5574cc1728fb25f","2026-08-30 20:47"
"kober","67ad18a09e150413a5e6fa66","Palmitas","69b33a815634cc416b9c7877","6a94cdf54a51b3e6817ddc2f","2026-08-30 20:47"
"Jan","63b9dd9d4448f55006bb8b92","Tomek5_5","606e09423667bc0001ad663d","6a94ce17206f8a57869e3f11","2026-08-30 20:48"
"Magik","625f0d2b367d807d71f34e79","PLK","62179a5c8e88d400010d91ea","6a94ce1ef5574cc1728fb370","2026-08-30 20:49"
"Kageyu","68ca96634b59728d6b0f739a","NamibianAmphibianMan","69ba2e52a04671c8a9b13e12","6a94cdbb206f8a57869e3e07","2026-08-30 20:49"
"Conquistadorito","603801f090c95200017d047e","goodvibes18","64fc454da5664ce9de249325","6a94ce6ef5574cc1728fb42a","2026-08-30 20:50"
"Sam","5f762dd1b53fb70001d349a4","RedStem","6379b7cc522b82e861ec9ec3","6a94cdc8206f8a57869e3e21","2026-08-30 20:50"
"kober","67ad18a09e150413a5e6fa66","Chudai","6a689d01a65ab58b189dd03e","6a94cee5206f8a57869e4162","2026-08-30 20:51"
"Palmitas","69b33a815634cc416b9c7877","Jesper","6962762abc79a0f2300d324e","6a94cee6206f8a57869e4163","2026-08-30 20:51"
"Tottenhamwisps","60ad03a48b6e1d00012f8e7e","BYL","665af55a0f1c875d08a700fb","6a94ce95206f8a57869e4078","2026-08-30 20:52"
"BarryTheBee","62be7867aa13616722f8dd4a","Sombra","677c803ef36a2c9048280ccd","6a94cffcf5574cc1728fb791","2026-08-30 20:54"
"PLK","62179a5c8e88d400010d91ea","kober","67ad18a09e150413a5e6fa66","6a94cf584a51b3e6817ddf99","2026-08-30 20:54"
"Kageyu","68ca96634b59728d6b0f739a","goodvibes18","64fc454da5664ce9de249325","6a94cfce4a51b3e6817de083","2026-08-30 20:55"
"BYL","665af55a0f1c875d08a700fb","Jesper","6962762abc79a0f2300d324e","6a94d00e9722935081cda4b5","2026-08-30 20:56"
"Palmitas","69b33a815634cc416b9c7877","PLK","62179a5c8e88d400010d91ea","6a94d0bf4a51b3e6817de2f9","2026-08-30 20:56"
"pas bon","6138c0b02041ad0001a01eae","Joshkabloomy","604c5a52e142340001a0a666","6a94cf1d206f8a57869e41f6","2026-08-30 20:56"
"Tomek5_5","606e09423667bc0001ad663d","Conquistadorito","603801f090c95200017d047e","6a94cfa3206f8a57869e4322","2026-08-30 20:57"
"Chudai","6a689d01a65ab58b189dd03e","Sam","5f762dd1b53fb70001d349a4","6a94cfe04a51b3e6817de0ad","2026-08-30 20:59"
"PLK","62179a5c8e88d400010d91ea","BYL","665af55a0f1c875d08a700fb","6a94d121206f8a57869e468a","2026-08-30 21:00"
"Joshkabloomy","604c5a52e142340001a0a666","Jesper","6962762abc79a0f2300d324e","6a94d0f94a51b3e6817de38f","2026-08-30 21:00"
"Palmitas","69b33a815634cc416b9c7877","goodvibes18","64fc454da5664ce9de249325","6a94d13d4a51b3e6817de44c","2026-08-30 21:01"
"Conquistadorito","603801f090c95200017d047e","CoolMoonGuy","67ba5164f30fffa59919db60","6a94d167206f8a57869e4760","2026-08-30 21:02"
"Jacky Wong","63be7833696b395b1a06db85","NamibianAmphibianMan","69ba2e52a04671c8a9b13e12","6a94d0f9f5574cc1728fb990","2026-08-30 21:02"
"Unc","6876a81aaf5ea16088df663a","Numantino","62c6d003d00def4adcdeec87","6a94d203206f8a57869e4981","2026-08-30 21:04"
"goodvibes18","64fc454da5664ce9de249325","tendog","5a939ca4ef196f9c24d167a6","6a94d2474a51b3e6817de72f","2026-08-30 21:05"
"Mow_Mi_Ksienciu","65567939564ddbb4b6c81c58","CoolMoonGuy","67ba5164f30fffa59919db60","6a94d29e206f8a57869e4b3b","2026-08-30 21:05"
"Sombra","677c803ef36a2c9048280ccd","Eamonn","5e2e983722bbda85a40e9009","6a94d1834a51b3e6817de513","2026-08-30 21:06"
"Mow_Mi_Ksienciu","65567939564ddbb4b6c81c58","goodvibes18","64fc454da5664ce9de249325","6a94d335206f8a57869e4ce6","2026-08-30 21:06"
"PLK","62179a5c8e88d400010d91ea","Jesper","6962762abc79a0f2300d324e","6a94d224206f8a57869e4a00","2026-08-30 21:07"
"duck","635dc283e419c615374198d6","Unc","6876a81aaf5ea16088df663a","6a94d2f6206f8a57869e4c27","2026-08-30 21:07"
"Jacky Wong","63be7833696b395b1a06db85","NamibianAmphibianMan","69ba2e52a04671c8a9b13e12","6a94d27bf5574cc1728fbdf8","2026-08-30 21:07"
"PLK","62179a5c8e88d400010d91ea","kober","67ad18a09e150413a5e6fa66","6a94d3aa206f8a57869e4e7e","2026-08-30 21:09"
"Palmitas","69b33a815634cc416b9c7877","Joshkabloomy","604c5a52e142340001a0a666","6a94d231f5574cc1728fbd36","2026-08-30 21:09"
"Mow_Mi_Ksienciu","65567939564ddbb4b6c81c58","GeoKitten :3","6a60cb66561c205d0831e2ad","6a94d37f206f8a57869e4e01","2026-08-30 21:09"
"goodvibes18","64fc454da5664ce9de249325","Palmitas","6984de4267015bc9a6109cae","6a94d381f5574cc1728fc07f","2026-08-30 21:10"
"duck","635dc283e419c615374198d6","Jesper","6962762abc79a0f2300d324e","6a94d3a8206f8a57869e4e77","2026-08-30 21:11"
"NamibianAmphibianMan","69ba2e52a04671c8a9b13e12","Eric455293","5ba7d3df2c0173520853d18c","6a94d394f5574cc1728fc0c4","2026-08-30 21:11"
"Chudai","6a689d01a65ab58b189dd03e","Tottenhamwisps","60ad03a48b6e1d00012f8e7e","6a94d1f5206f8a57869e4939","2026-08-30 21:12"
"Sombra","677c803ef36a2c9048280ccd","Eamonn","5e2e983722bbda85a40e9009","6a94d388206f8a57869e4e19","2026-08-30 21:13"
"PLK","62179a5c8e88d400010d91ea","kober","67ad18a09e150413a5e6fa66","6a94d416206f8a57869e501e","2026-08-30 21:13"
"GeoKitten :3","6a60cb66561c205d0831e2ad","goodvibes18","64fc454da5664ce9de249325","6a94d43d77073146c9f45693","2026-08-30 21:13"
"Tung Sahur","6a5e71db480fcf6a022a4219","Jacky Wong","63be7833696b395b1a06db85","6a94d3f9206f8a57869e4fa8","2026-08-30 21:13"
"Jesper","6962762abc79a0f2300d324e","duck","635dc283e419c615374198d6","6a94d49f206f8a57869e5279","2026-08-30 21:15"
"Tottenhamwisps","60ad03a48b6e1d00012f8e7e","Palmitas","69b33a815634cc416b9c7877","6a94d4d5206f8a57869e5331","2026-08-30 21:16"
"PLK","62179a5c8e88d400010d91ea","kober","67ad18a09e150413a5e6fa66","6a94d516f5574cc1728fc557","2026-08-30 21:16"
"CoolMoonGuy","67ba5164f30fffa59919db60","Eric455293","5ba7d3df2c0173520853d18c","6a94d4dc206f8a57869e5342","2026-08-30 21:16"
"Jesper","6962762abc79a0f2300d324e","Flamp","637797a8460099a3ebbc5879","6a94d562f5574cc1728fc641","2026-08-30 21:19"
"Tottenhamwisps","60ad03a48b6e1d00012f8e7e","Palmitas","69b33a815634cc416b9c7877","6a94d5be77073146c9f45acf","2026-08-30 21:20"
"CoolMoonGuy","67ba5164f30fffa59919db60","Random Rabbit","678c60c24047c93e5860e1e7","6a94d5a3206f8a57869e55e6","2026-08-30 21:20"
"Tung Sahur","6a5e71db480fcf6a022a4219","duck","635dc283e419c615374198d6","6a94d56f206f8a57869e552c","2026-08-30 21:21"
"Albanian Guy","58796ade8b9ff486d81bbad5","kober","67ad18a09e150413a5e6fa66","6a94d5bc206f8a57869e5645","2026-08-30 21:22"
"PLK","62179a5c8e88d400010d91ea","kober","67ad18a09e150413a5e6fa66","6a94d5a877073146c9f45a87","2026-08-30 21:22"
"GeoKitten :3","6a60cb66561c205d0831e2ad","Jacky Wong","63be7833696b395b1a06db85","6a94d526206f8a57869e5412","2026-08-30 21:22"
"Palmitas","69b33a815634cc416b9c7877","Tottenhamwisps","60ad03a48b6e1d00012f8e7e","6a94d6bff5574cc1728fca12","2026-08-30 21:23"
"Jesper","6962762abc79a0f2300d324e","Flamp","637797a8460099a3ebbc5879","6a94d68b206f8a57869e58f8","2026-08-30 21:24"
"duck","635dc283e419c615374198d6","Kastries","67c9d3612160aecea9218f63","6a94d703f5574cc1728fcaa1","2026-08-30 21:24"
"PLK","62179a5c8e88d400010d91ea","lebron-3","694357bf716cf71c98f96b42","6a94d709206f8a57869e5a4e","2026-08-30 21:25"
"Sam","5f762dd1b53fb70001d349a4","Conquistadorito","603801f090c95200017d047e","6a94d266206f8a57869e4ac5","2026-08-30 21:26"
"Eamonn","5e2e983722bbda85a40e9009","Chudai","6a689d01a65ab58b189dd03e","6a94d568206f8a57869e551a","2026-08-30 21:27"
"kober","67ad18a09e150413a5e6fa66","Tung Sahur","6a5e71db480fcf6a022a4219","6a94d7b977073146c9f45f2e","2026-08-30 21:27"
"Jesper","6962762abc79a0f2300d324e","Flamp","637797a8460099a3ebbc5879","6a94d792f5574cc1728fcc1e","2026-08-30 21:27"
"GeoKitten :3","6a60cb66561c205d0831e2ad","CoolMoonGuy","67ba5164f30fffa59919db60","6a94d730206f8a57869e5abb","2026-08-30 21:28"
"Jacky Wong","63be7833696b395b1a06db85","PATUGANSU","5ed559cb282ad28b94ffb506","6a94d712206f8a57869e5a65","2026-08-30 21:28"
"Tottenhamwisps","60ad03a48b6e1d00012f8e7e","Palmitas","69b33a815634cc416b9c7877","6a94d757206f8a57869e5b63","2026-08-30 21:29"
"Chudai","6a689d01a65ab58b189dd03e","eladio","6594e77717360fe0d27e44d5","6a94d85d206f8a57869e5eea","2026-08-30 21:30"
"kober","67ad18a09e150413a5e6fa66","PLK","62179a5c8e88d400010d91ea","6a94d7fdf5574cc1728fcd16","2026-08-30 21:31"
"Jesper","6962762abc79a0f2300d324e","dying sociopath","5aae066718399e2758306701","6a94d859206f8a57869e5ede","2026-08-30 21:31"
"duck","635dc283e419c615374198d6","BAGUAL","637041223c1be616ac2dff4e","6a94d7be790e6bcac67f0970","2026-08-30 21:31"
"kober","67ad18a09e150413a5e6fa66","PLK","62179a5c8e88d400010d91ea","6a94d930206f8a57869e61a6","2026-08-30 21:32"
"Tung Sahur","6a5e71db480fcf6a022a4219","BYL","665af55a0f1c875d08a700fb","6a94d876f5574cc1728fce77","2026-08-30 21:32"
"Chudai","6a689d01a65ab58b189dd03e","Palmitas","69b33a815634cc416b9c7877","6a94d8e877073146c9f4624a","2026-08-30 21:33"
"Jacky Wong","63be7833696b395b1a06db85","GeoKitten :3","6a60cb66561c205d0831e2ad","6a94d8af206f8a57869e6005","2026-08-30 21:34"
"CoolMoonGuy","67ba5164f30fffa59919db60","ハシビロ","62fd923738281a76193b9110","6a94d878f5574cc1728fce79","2026-08-30 21:34"
"CoolMoonGuy","67ba5164f30fffa59919db60","Unc","6876a81aaf5ea16088df663a","6a94d9db206f8a57869e63e5","2026-08-30 21:35"
"duck","635dc283e419c615374198d6","BAGUAL","637041223c1be616ac2dff4e","6a94d94c206f8a57869e6204","2026-08-30 21:36"
"Chudai","6a689d01a65ab58b189dd03e","Jesper","6962762abc79a0f2300d324e","6a94d9e7206f8a57869e6405","2026-08-30 21:37"
"kober","67ad18a09e150413a5e6fa66","dying sociopath","5aae066718399e2758306701","6a94d991206f8a57869e62d9","2026-08-30 21:37"
"kober","67ad18a09e150413a5e6fa66","dying sociopath","5aae066718399e2758306701","6a94d991206f8a57869e62d9","2026-08-30 21:38"
"Palmitas","69b33a815634cc416b9c7877","Tung Sahur","6a5e71db480fcf6a022a4219","6a94d9d4206f8a57869e63ce","2026-08-30 21:38"
"GeoKitten :3","6a60cb66561c205d0831e2ad","CoolMoonGuy","67ba5164f30fffa59919db60","6a94da37206f8a57869e652e","2026-08-30 21:39"
"kober","67ad18a09e150413a5e6fa66","Chudai","6a689d01a65ab58b189dd03e","6a94dab4f5574cc1728fd45b","2026-08-30 21:40"
"PLK","62179a5c8e88d400010d91ea","eladio","6594e77717360fe0d27e44d5","6a94d99f206f8a57869e6306","2026-08-30 21:40"
"dying sociopath","5aae066718399e2758306701","kober","67ad18a09e150413a5e6fa66","6a94daf277073146c9f46787","2026-08-30 21:41"
"Jesper","6962762abc79a0f2300d324e","Tung Sahur","6a5e71db480fcf6a022a4219","6a94dafbf5574cc1728fd504","2026-08-30 21:41"
"duck","635dc283e419c615374198d6","CapixabaGeo","65e1351e81122873dc224467","6a94daa2f5574cc1728fd42a","2026-08-30 21:41"
"Chudai","6a689d01a65ab58b189dd03e","Tomek5_5","606e09423667bc0001ad663d","6a94db6377073146c9f468a8","2026-08-30 21:42"
"NamibianAmphibianMan","69ba2e52a04671c8a9b13e12","CoolMoonGuy","67ba5164f30fffa59919db60","6a94db3df5574cc1728fd5a5","2026-08-30 21:42"
"Chudai","6a689d01a65ab58b189dd03e","Tomek5_5","606e09423667bc0001ad663d","6a94dbc8206f8a57869e6af0","2026-08-30 21:45"
"Tung Sahur","6a5e71db480fcf6a022a4219","Jesper","6962762abc79a0f2300d324e","6a94dbac206f8a57869e6a91","2026-08-30 21:46"
"CoolMoonGuy","67ba5164f30fffa59919db60","GeoStalker","6a4e6e47cb0bab048142dab6","6a94dc05f5574cc1728fd7d1","2026-08-30 21:46"
"Chudai","6a689d01a65ab58b189dd03e","kober","67ad18a09e150413a5e6fa66","6a94dc6bf5574cc1728fd8ed","2026-08-30 21:47"
"GeoKitten :3","6a60cb66561c205d0831e2ad","Palmitas","69b33a815634cc416b9c7877","6a94db27206f8a57869e68e6","2026-08-30 21:47"
"Sam","5f762dd1b53fb70001d349a4","slew","5cc1545b8701a898fc423332","6a94d804206f8a57869e5db9","2026-08-30 21:47"
"im recording my gameplay","6a437d2254319c3206c01eb9","PATUGANSU","5ed559cb282ad28b94ffb506","6a94dc80f5574cc1728fd922","2026-08-30 21:47"
"Tomek5_5","606e09423667bc0001ad663d","Jesper","6962762abc79a0f2300d324e","6a94dca8206f8a57869e6e44","2026-08-30 21:48"
"PLK","62179a5c8e88d400010d91ea","eladio","6594e77717360fe0d27e44d5","6a94dbb0206f8a57869e6aa2","2026-08-30 21:49"
"Palmitas","69b33a815634cc416b9c7877","GeoKitten :3","6a60cb66561c205d0831e2ad","6a94dcfaf5574cc1728fda6d","2026-08-30 21:50"
"im recording my gameplay","6a437d2254319c3206c01eb9","PapaMacdus","6667d837d40195a479dc95b8","6a94dd03206f8a57869e6f64","2026-08-30 21:51"
"Thesice","5ec5a4cbf849319644f4436c","duck","635dc283e419c615374198d6","6a94db9977073146c9f46922","2026-08-30 21:51"
"Jacky Wong","63be7833696b395b1a06db85","Eric455293","5ba7d3df2c0173520853d18c","6a94dce1206f8a57869e6efb","2026-08-30 21:51"
"danger","697ec2084f2fb1a1a48cb642","Jesper","6962762abc79a0f2300d324e","6a94dd6df5574cc1728fdb97","2026-08-30 21:52"
"3z3_","68b3bd130c418d0a47f3f38e","Deinos","635957cbe91ab8daa910b92a","6a94dbd6206f8a57869e6b35","2026-08-30 21:52"
"kober","67ad18a09e150413a5e6fa66","dying sociopath","5aae066718399e2758306701","6a94dd5477073146c9f46d56","2026-08-30 21:53"
"Palmitas","69b33a815634cc416b9c7877","GeoKitten :3","6a60cb66561c205d0831e2ad","6a94ddbbf5574cc1728fdc86","2026-08-30 21:53"
"im recording my gameplay","6a437d2254319c3206c01eb9","Thesice","5ec5a4cbf849319644f4436c","6a94de0d77073146c9f46ede","2026-08-30 21:55"
"CoolMoonGuy","67ba5164f30fffa59919db60","PATUGANSU","5ed559cb282ad28b94ffb506","6a94dd1877073146c9f46ccb","2026-08-30 21:55"
"Tomek5_5","606e09423667bc0001ad663d","PLK","62179a5c8e88d400010d91ea","6a94dd8b77073146c9f46dd0","2026-08-30 21:56"
"Jesper","6962762abc79a0f2300d324e","danger","697ec2084f2fb1a1a48cb642","6a94de2a206f8a57869e7333","2026-08-30 21:56"
"dying sociopath","5aae066718399e2758306701","ramenn","6779de5c462d84c18822bb8f","6a94deb6206f8a57869e754f","2026-08-30 21:58"
"greguiz","60af1407ce6bd2000128aaba","Chudai","6a689d01a65ab58b189dd03e","6a94dd0a206f8a57869e6f75","2026-08-30 21:59"
"Palmitas","69b33a815634cc416b9c7877","GeoKitten :3","6a60cb66561c205d0831e2ad","6a94de5b206f8a57869e73ce","2026-08-30 21:59"
"AlphaZero4000","5ffa660ae8ee080001350d46","Jacky Wong","63be7833696b395b1a06db85","6a94ddfd206f8a57869e728e","2026-08-30 21:59"
"Thesice","5ec5a4cbf849319644f4436c","im recording my gameplay","6a437d2254319c3206c01eb9","6a94df14206f8a57869e76d7","2026-08-30 22:00"
"greguiz","60af1407ce6bd2000128aaba","kober","67ad18a09e150413a5e6fa66","6a94e009206f8a57869e7a77","2026-08-30 22:04"
"SD","655dd2ebb70499ea064bc6a1","Deinos","635957cbe91ab8daa910b92a","6a94df7f77073146c9f472fd","2026-08-30 22:04"
"Palmitas","69b33a815634cc416b9c7877","GeoKitten :3","6a60cb66561c205d0831e2ad","6a94dfd077073146c9f4741a","2026-08-30 22:05"
"Juagie","601b3f4047f927000155a753","BarryTheBee","62be7867aa13616722f8dd4a","6a94de34206f8a57869e7354","2026-08-30 22:06"
"PLK","62179a5c8e88d400010d91ea","dying sociopath","5aae066718399e2758306701","6a94dfa2f5574cc1728fe1e5","2026-08-30 22:06"
"Jacky Wong","63be7833696b395b1a06db85","ImShinx","5f04af67d94a1550f0e79c76","6a94dff1206f8a57869e7a26","2026-08-30 22:06"
"Thesice","5ec5a4cbf849319644f4436c","im recording my gameplay","6a437d2254319c3206c01eb9","6a94e027206f8a57869e7ad7","2026-08-30 22:07"
"GeoKitten :3","6a60cb66561c205d0831e2ad","CoolMoonGuy","67ba5164f30fffa59919db60","6a94e128206f8a57869e7e93","2026-08-30 22:07"
"BarryTheBee","62be7867aa13616722f8dd4a","kent","5fa7ab03b45c670001342904","6a94e17e206f8a57869e7fa2","2026-08-30 22:08"
"kober","67ad18a09e150413a5e6fa66","PLK","62179a5c8e88d400010d91ea","6a94e176206f8a57869e7f8b","2026-08-30 22:08"
"kober","67ad18a09e150413a5e6fa66","PLK","62179a5c8e88d400010d91ea","6a94e176206f8a57869e7f8b","2026-08-30 22:09"
"Palmitas","69b33a815634cc416b9c7877","PapaMacdus","6667d837d40195a479dc95b8","6a94e15a206f8a57869e7f3a","2026-08-30 22:09"
"BAGUAL","637041223c1be616ac2dff4e","PATUGANSU","5ed559cb282ad28b94ffb506","6a94e0af77073146c9f4762a","2026-08-30 22:10"
"BarryTheBee","62be7867aa13616722f8dd4a","kent","5fa7ab03b45c670001342904","6a94e1e2206f8a57869e80d9","2026-08-30 22:12"
"GeoKitten :3","6a60cb66561c205d0831e2ad","im recording my gameplay","6a437d2254319c3206c01eb9","6a94e1c7206f8a57869e808a","2026-08-30 22:13"
"CoolMoonGuy","67ba5164f30fffa59919db60","ImShinx","5f04af67d94a1550f0e79c76","6a94e1ee206f8a57869e8103","2026-08-30 22:13"
"dying sociopath","5aae066718399e2758306701","PLK","62179a5c8e88d400010d91ea","6a94e1e3f5574cc1728fe80c","2026-08-30 22:14"
"Palmitas","69b33a815634cc416b9c7877","Fenrys","60d8c06ddcd6370001961252","6a94e24f77073146c9f479ba","2026-08-30 22:14"
"Jesper","6962762abc79a0f2300d324e","Asphalt","63b28cd3e615c0d497c80c1c","6a94e2ba77073146c9f47b11","2026-08-30 22:14"
"Sam","5f762dd1b53fb70001d349a4","Bravious","608f43fa0d0e0d0001d2abde","6a94df91f5574cc1728fe1b3","2026-08-30 22:16"
"kober","67ad18a09e150413a5e6fa66","PLK","62179a5c8e88d400010d91ea","6a94e36ff5574cc1728febad","2026-08-30 22:17"
"GeoKitten :3","6a60cb66561c205d0831e2ad","im recording my gameplay","6a437d2254319c3206c01eb9","6a94e339206f8a57869e8532","2026-08-30 22:17"
"Thesice","5ec5a4cbf849319644f4436c","Jacky Wong","63be7833696b395b1a06db85","6a94e1b1206f8a57869e8039","2026-08-30 22:17"
"kent","5fa7ab03b45c670001342904","BarryTheBee","62be7867aa13616722f8dd4a","6a94e2d5206f8a57869e83f3","2026-08-30 22:18"
"Jesper","6962762abc79a0f2300d324e","Palmitas","69b33a815634cc416b9c7877","6a94e34ff5574cc1728feb6d","2026-08-30 22:18"
"Chudai","6a689d01a65ab58b189dd03e","greguiz","60af1407ce6bd2000128aaba","6a94e119206f8a57869e7e68","2026-08-30 22:19"
"dying sociopath","5aae066718399e2758306701","kober","67ad18a09e150413a5e6fa66","6a94e393206f8a57869e8639","2026-08-30 22:19"
"Fenrys","60d8c06ddcd6370001961252","CoolMoonGuy","67ba5164f30fffa59919db60","6a94e335206f8a57869e8529","2026-08-30 22:20"
"kober","67ad18a09e150413a5e6fa66","dying sociopath","5aae066718399e2758306701","6a94e476206f8a57869e8943","2026-08-30 22:21"
"Palmitas","69b33a815634cc416b9c7877","Jesper","6962762abc79a0f2300d324e","6a94e44b206f8a57869e88bc","2026-08-30 22:21"
"Palmitas","69b33a815634cc416b9c7877","Fenrys","60d8c06ddcd6370001961252","6a94e502206f8a57869e8b7c","2026-08-30 22:22"
"chilemasterballking","64c4d20a8f7b73c424913e00","GeoKitten :3","6a60cb66561c205d0831e2ad","6a94e425206f8a57869e8822","2026-08-30 22:23"
"Joshkabloomy","604c5a52e142340001a0a666","Richardpatmore897541","626f4ff51c64d858a198039e","6a94e2d8206f8a57869e83fb","2026-08-30 22:23"
"im recording my gameplay","6a437d2254319c3206c01eb9","Jacky Wong","63be7833696b395b1a06db85","6a94e3fc206f8a57869e8781","2026-08-30 22:23"
"BarryTheBee","62be7867aa13616722f8dd4a","kent","5fa7ab03b45c670001342904","6a94e45ff5574cc1728fee1f","2026-08-30 22:24"
"PLK","62179a5c8e88d400010d91ea","Thesice","5ec5a4cbf849319644f4436c","6a94e41077073146c9f47e3e","2026-08-30 22:25"
"kober","67ad18a09e150413a5e6fa66","Jesper","6962762abc79a0f2300d324e","6a94e546206f8a57869e8c5c","2026-08-30 22:27"
"Thesice","5ec5a4cbf849319644f4436c","GeoKitten :3","6a60cb66561c205d0831e2ad","6a94e5d1206f8a57869e8e90","2026-08-30 22:27"
"kober","67ad18a09e150413a5e6fa66","PLK","62179a5c8e88d400010d91ea","6a94e5ce206f8a57869e8e84","2026-08-30 22:29"
"looer_h","627823ed8874df9dd7c83fae","BAGUAL","637041223c1be616ac2dff4e","6a94e450206f8a57869e88d2","2026-08-30 22:29"
"Sam","5f762dd1b53fb70001d349a4","121 MeriDian E","66c0479c515ebf2ff7a660b5","6a94e5a6206f8a57869e8df2","2026-08-30 22:30"
"im recording my gameplay","6a437d2254319c3206c01eb9","Joshkabloomy","604c5a52e142340001a0a666","6a94e566206f8a57869e8cd5","2026-08-30 22:31"
"looer_h","627823ed8874df9dd7c83fae","GeoKitten :3","6a60cb66561c205d0831e2ad","6a94e6cc77073146c9f485bb","2026-08-30 22:32"
"Fenrys","60d8c06ddcd6370001961252","Jacky Wong","63be7833696b395b1a06db85","6a94e559f5574cc1728ff101","2026-08-30 22:34"
"chilemasterballking","64c4d20a8f7b73c424913e00","Palmitas","69b33a815634cc416b9c7877","6a94e56977073146c9f4823f","2026-08-30 22:35"
"121 MeriDian E","66c0479c515ebf2ff7a660b5","Sam","5f762dd1b53fb70001d349a4","6a94e78a206f8a57869e9480","2026-08-30 22:35"
"Chudai","6a689d01a65ab58b189dd03e","Tomek5_5","606e09423667bc0001ad663d","6a94e62f206f8a57869e8fbf","2026-08-30 22:36"
"Jesper","6962762abc79a0f2300d324e","Thesice","5ec5a4cbf849319644f4436c","6a94e68a77073146c9f4851c","2026-08-30 22:36"
"looer_h","627823ed8874df9dd7c83fae","GeoKitten :3","6a60cb66561c205d0831e2ad","6a94e791206f8a57869e94a0","2026-08-30 22:37"
"Palmitas","69b33a815634cc416b9c7877","chilemasterballking","64c4d20a8f7b73c424913e00","6a94e845206f8a57869e96f0","2026-08-30 22:39"
"BarryTheBee","62be7867aa13616722f8dd4a","기니","67493198473744059fbb9736","6a94e69ef5574cc1728ff460","2026-08-30 22:40"
"looer_h","627823ed8874df9dd7c83fae","Thesice","5ec5a4cbf849319644f4436c","6a94e8ab206f8a57869e9821","2026-08-30 22:42"
"Chudai","6a689d01a65ab58b189dd03e","Tomek5_5","606e09423667bc0001ad663d","6a94e88b206f8a57869e97b6","2026-08-30 22:43"
"GeoKitten :3","6a60cb66561c205d0831e2ad","Jesper","6962762abc79a0f2300d324e","6a94e8d0f5574cc1728ffa10","2026-08-30 22:43"
"Palmitas","69b33a815634cc416b9c7877","dying sociopath","5aae066718399e2758306701","6a94e940206f8a57869e99ee","2026-08-30 22:44"
"chilemasterballking","64c4d20a8f7b73c424913e00","Dumb American","6439eb2cff2ea2c2416028fc","6a94e999206f8a57869e9adf","2026-08-30 22:44"
"Thesice","5ec5a4cbf849319644f4436c","im recording my gameplay","6a437d2254319c3206c01eb9","6a94e9f4206f8a57869e9bef","2026-08-30 22:44"
"Jesper","6962762abc79a0f2300d324e","Tomek5_5","606e09423667bc0001ad663d","6a94ea2af5574cc1728ffd10","2026-08-30 22:45"
"BAGUAL","637041223c1be616ac2dff4e","PATUGANSU","5ed559cb282ad28b94ffb506","6a94e8ee206f8a57869e98f5","2026-08-30 22:45"
"chilemasterballking","64c4d20a8f7b73c424913e00","Palmitas","69b33a815634cc416b9c7877","6a94ea77206f8a57869e9d9f","2026-08-30 22:49"
"Jesper","6962762abc79a0f2300d324e","dying sociopath","5aae066718399e2758306701","6a94eb01f5574cc1728ffefa","2026-08-30 22:49"
"Tomek5_5","606e09423667bc0001ad663d","Conquistadorito","603801f090c95200017d047e","6a94eae8206f8a57869e9f24","2026-08-30 22:50"
"Thesice","5ec5a4cbf849319644f4436c","GeoKitten :3","6a60cb66561c205d0831e2ad","6a94ea62206f8a57869e9d66","2026-08-30 22:50"
"im recording my gameplay","6a437d2254319c3206c01eb9","Jacky Wong","63be7833696b395b1a06db85","6a94eb57f5574cc1728fffa3","2026-08-30 22:51"
"dying sociopath","5aae066718399e2758306701","Palmitas","69b33a815634cc416b9c7877","6a94ebb1206f8a57869ea1be","2026-08-30 22:52"
"Thesice","5ec5a4cbf849319644f4436c","Conquistadorito","603801f090c95200017d047e","6a94ebbdf5574cc1729000bd","2026-08-30 22:53"
"BAGUAL","637041223c1be616ac2dff4e","PATUGANSU","5ed559cb282ad28b94ffb506","6a94eaaf206f8a57869e9e6b","2026-08-30 22:53"
"Dumb American","6439eb2cff2ea2c2416028fc","Wudsch","6a69e0dcac05d4a8aa4819fb","6a94ebfe206f8a57869ea2e2","2026-08-30 22:55"
"looer_h","627823ed8874df9dd7c83fae","Jesper","6962762abc79a0f2300d324e","6a94eba3206f8a57869ea17b","2026-08-30 22:57"
"GeoKitten :3","6a60cb66561c205d0831e2ad","Tomek5_5","606e09423667bc0001ad663d","6a94ebd3206f8a57869ea22f","2026-08-30 22:57"
"Dumb American","6439eb2cff2ea2c2416028fc","Wudsch","6a69e0dcac05d4a8aa4819fb","6a94ecd9206f8a57869ea5e2","2026-08-30 22:57"
"기니","67493198473744059fbb9736","greguiz","60af1407ce6bd2000128aaba","6a94eacb206f8a57869e9ec1","2026-08-30 22:58"
"im recording my gameplay","6a437d2254319c3206c01eb9","Jacky Wong","63be7833696b395b1a06db85","6a94ec28206f8a57869ea363","2026-08-30 22:58"
"BarryTheBee","62be7867aa13616722f8dd4a","dying sociopath","5aae066718399e2758306701","6a94ed1f206f8a57869ea6f5","2026-08-30 23:00"
"GeoKitten :3","6a60cb66561c205d0831e2ad","Jesper","6962762abc79a0f2300d324e","6a94ed7c206f8a57869ea827","2026-08-30 23:02"
"Dumb American","6439eb2cff2ea2c2416028fc","Surgut sand","5ec369eae7115241a4e75beb","6a94ed5a206f8a57869ea799","2026-08-30 23:02"
"chilemasterballking","64c4d20a8f7b73c424913e00","Tomek5_5","606e09423667bc0001ad663d","6a94ee07206f8a57869eaa29","2026-08-30 23:03"
"Jesper","6962762abc79a0f2300d324e","dying sociopath","5aae066718399e2758306701","6a94ee91206f8a57869eabf6","2026-08-30 23:03"
"Conquistadorito","603801f090c95200017d047e","121 MeriDian E","66c0479c515ebf2ff7a660b5","6a94ec90206f8a57869ea4e9","2026-08-30 23:06"
"Dumb American","6439eb2cff2ea2c2416028fc","KermitosisYT","5f9cc5a6aa01a700013c6c77","6a94ef25206f8a57869ead76","2026-08-30 23:08"
"dying sociopath","5aae066718399e2758306701","Jesper","6962762abc79a0f2300d324e","6a94eef2206f8a57869eace5","2026-08-30 23:10"
"Dumb American","6439eb2cff2ea2c2416028fc","KermitosisYT","5f9cc5a6aa01a700013c6c77","6a94f013f5574cc172900de3","2026-08-30 23:10"
"Tomek5_5","606e09423667bc0001ad663d","Blealgll","61ff38c2c5eeb200017a757d","6a94ef5ff5574cc172900b38","2026-08-30 23:11"
"looer_h","627823ed8874df9dd7c83fae","GeoKitten :3","6a60cb66561c205d0831e2ad","6a94eed3206f8a57869eac90","2026-08-30 23:11"
"BlackShark","61f04538cc54700001a27678","Jacky Wong","63be7833696b395b1a06db85","6a94eeeb206f8a57869eacd4","2026-08-30 23:11"
"BarryTheBee","62be7867aa13616722f8dd4a","기니","67493198473744059fbb9736","6a94ee28206f8a57869eaaac","2026-08-30 23:13"
"chilemasterballking","64c4d20a8f7b73c424913e00","Unc","6876a81aaf5ea16088df663a","6a94efe4f5574cc172900d27","2026-08-30 23:13"
"Jesper","6962762abc79a0f2300d324e","Dumb American","6439eb2cff2ea2c2416028fc","6a94f085f5574cc172900f00","2026-08-30 23:13"
"dying sociopath","5aae066718399e2758306701","Jesper","6962762abc79a0f2300d324e","6a94f142f5574cc172901186","2026-08-30 23:18"
"기니","67493198473744059fbb9736","BarryTheBee","62be7867aa13616722f8dd4a","6a94f1b5206f8a57869eb857","2026-08-30 23:19"
"Jesper","6962762abc79a0f2300d324e","Conquistadorito","603801f090c95200017d047e","6a94f25a206f8a57869ebb08","2026-08-30 23:19"
"Unc","6876a81aaf5ea16088df663a","Dumb American","6439eb2cff2ea2c2416028fc","6a94f1fc206f8a57869eb97c","2026-08-30 23:19"
"Jacky Wong","63be7833696b395b1a06db85","backf1ow","6562b7811b1454b2437507f8","6a94f1cb77073146c9f4a466","2026-08-30 23:19"
"Jesper","6962762abc79a0f2300d324e","Dumb American","6439eb2cff2ea2c2416028fc","6a94f2b0206f8a57869ebca9","2026-08-30 23:21"
"GeoKitten :3","6a60cb66561c205d0831e2ad","Blealgll","61ff38c2c5eeb200017a757d","6a94f0bb206f8a57869eb472","2026-08-30 23:21"
"Conquistadorito","603801f090c95200017d047e","Unc","6876a81aaf5ea16088df663a","6a94f295f5574cc17290161b","2026-08-30 23:21"
"penjajah","6031d1fcf16b5b0001fa54b0","Tottenhamwisps","60ad03a48b6e1d00012f8e7e","6a94f1c8206f8a57869eb8a1","2026-08-30 23:23"
"Conquistadorito","603801f090c95200017d047e","Blealgll","61ff38c2c5eeb200017a757d","6a94f309f5574cc17290174b","2026-08-30 23:24"
"Jacky Wong","63be7833696b395b1a06db85","backf1ow","6562b7811b1454b2437507f8","6a94f2ad77073146c9f4a6e3","2026-08-30 23:24"
"Unc","6876a81aaf5ea16088df663a","Wudsch","6a69e0dcac05d4a8aa4819fb","6a94f32b206f8a57869ebead","2026-08-30 23:24"
"GeoKitten :3","6a60cb66561c205d0831e2ad","Caco","62423c3dda40ac184851c4f0","6a94f37ef5574cc172901885","2026-08-30 23:25"
"기니","67493198473744059fbb9736","BarryTheBee","62be7867aa13616722f8dd4a","6a94f29989301ec69346f8e5","2026-08-30 23:26"
"Tomek5_5","606e09423667bc0001ad663d","121 MeriDian E","66c0479c515ebf2ff7a660b5","6a94f1b9206f8a57869eb864","2026-08-30 23:27"
"Jesper","6962762abc79a0f2300d324e","dying sociopath","5aae066718399e2758306701","6a94f305f5574cc17290173f","2026-08-30 23:27"
"GeoKitten :3","6a60cb66561c205d0831e2ad","Caco","62423c3dda40ac184851c4f0","6a94f40e206f8a57869ec20c","2026-08-30 23:28"
"Conquistadorito","603801f090c95200017d047e","WaiWai","621f7436f0bf520001066b61","6a94f3f9206f8a57869ec1bf","2026-08-30 23:28"
"Jing","61c95bf31d55520001a302a8","backf1ow","6562b7811b1454b2437507f8","6a94f48ef5574cc172901b3e","2026-08-30 23:30"
"Unc","6876a81aaf5ea16088df663a","Surgut sand","5ec369eae7115241a4e75beb","6a94f4b777073146c9f4ad39","2026-08-30 23:31"
"Conquistadorito","603801f090c95200017d047e","Puwaphat2304","660da547c04c2826f94e7d80","6a94f4b0f5574cc172901b7b","2026-08-30 23:32"
"Jacky Wong","63be7833696b395b1a06db85","khizar","62eff3f3af6915a2625c294c","6a94f3cf206f8a57869ec11f","2026-08-30 23:32"
"Unc","6876a81aaf5ea16088df663a","Surgut sand","5ec369eae7115241a4e75beb","6a94f54f206f8a57869ec5f7","2026-08-30 23:33"
"dying sociopath","5aae066718399e2758306701","Jesper","6962762abc79a0f2300d324e","6a94f496f5574cc172901b50","2026-08-30 23:34"
"Puwaphat2304","660da547c04c2826f94e7d80","Conquistadorito","603801f090c95200017d047e","6a94f5a1206f8a57869ec704","2026-08-30 23:34"
"Unc","6876a81aaf5ea16088df663a","Surgut sand","5ec369eae7115241a4e75beb","6a94f5be206f8a57869ec76f","2026-08-30 23:36"
"BarryTheBee","62be7867aa13616722f8dd4a","기니","67493198473744059fbb9736","6a94f452206f8a57869ec2f2","2026-08-30 23:37"
"plotter","674c4756fb60b9f111e6e0b4","GeoKitten :3","6a60cb66561c205d0831e2ad","6a94f515206f8a57869ec548","2026-08-30 23:38"
"Jacky Wong","63be7833696b395b1a06db85","backf1ow","6562b7811b1454b2437507f8","6a94f5cef5574cc172901e3e","2026-08-30 23:38"
"Tottenhamwisps","60ad03a48b6e1d00012f8e7e","Caco","62423c3dda40ac184851c4f0","6a94f4ba206f8a57869ec3ea","2026-08-30 23:39"
"Jesper","6962762abc79a0f2300d324e","Conquistadorito","603801f090c95200017d047e","6a94f624206f8a57869ec888","2026-08-30 23:39"
"Unc","6876a81aaf5ea16088df663a","Surgut sand","5ec369eae7115241a4e75beb","6a94f698206f8a57869eca07","2026-08-30 23:39"
"Zi8gbolt Lyons","612472f2c4b5740001ef2d03","121 MeriDian E","66c0479c515ebf2ff7a660b5","6a94f49a206f8a57869ec3b3","2026-08-30 23:40"
"Conquistadorito","603801f090c95200017d047e","Unc","6876a81aaf5ea16088df663a","6a94f750206f8a57869ecd7e","2026-08-30 23:41"
"race","603c5c220297940001b84e1a","Rinka","66ef015a0d51fac29bcc68a8","6a94f68d206f8a57869ec9c4","2026-08-30 23:42"
"Conquistadorito","603801f090c95200017d047e","Jing","61c95bf31d55520001a302a8","6a94f7d2206f8a57869ecf1a","2026-08-30 23:43"
"dying sociopath","5aae066718399e2758306701","Jesper","6962762abc79a0f2300d324e","6a94f751206f8a57869ecd81","2026-08-30 23:46"
"Jacky Wong","63be7833696b395b1a06db85","GeoKitten :3","6a60cb66561c205d0831e2ad","6a94f70a206f8a57869ecc81","2026-08-30 23:47"
"Jing","61c95bf31d55520001a302a8","WaiWai","621f7436f0bf520001066b61","6a94f83ff5574cc172902621","2026-08-30 23:47"
"BarryTheBee","62be7867aa13616722f8dd4a","기니","67493198473744059fbb9736","6a94f6c5206f8a57869ecb24","2026-08-30 23:51"
"Jesper","6962762abc79a0f2300d324e","dying sociopath","5aae066718399e2758306701","6a94f8fe206f8a57869ed264","2026-08-30 23:52"
"chilemasterballking","64c4d20a8f7b73c424913e00","GeoKitten :3","6a60cb66561c205d0831e2ad","6a94f937f5574cc17290291a","2026-08-30 23:54"
"Conquistadorito","603801f090c95200017d047e","121 MeriDian E","66c0479c515ebf2ff7a660b5","6a94f84f206f8a57869ed05a","2026-08-30 23:55"
"Jing","61c95bf31d55520001a302a8","Surgut sand","5ec369eae7115241a4e75beb","6a94fa6b206f8a57869ed689","2026-08-30 23:55"
"kalesalad","60c9cf146dac910001261659","Rinka","66ef015a0d51fac29bcc68a8","6a94f980206f8a57869ed3e5","2026-08-30 23:56"
"dying sociopath","5aae066718399e2758306701","Jesper","6962762abc79a0f2300d324e","6a94fa66206f8a57869ed67d","2026-08-30 23:57"
"Conquistadorito","603801f090c95200017d047e","race","603c5c220297940001b84e1a","6a94fb09206f8a57869ed812","2026-08-30 23:57"
"chilemasterballking","64c4d20a8f7b73c424913e00","GeoKitten :3","6a60cb66561c205d0831e2ad","6a94faf3206f8a57869ed7c7","2026-08-30 23:58"
"Jing","61c95bf31d55520001a302a8","Surgut sand","5ec369eae7115241a4e75beb","6a94fb29206f8a57869ed885","2026-08-30 23:58"
"kalesalad","60c9cf146dac910001261659","dying sociopath","5aae066718399e2758306701","6a94fb89206f8a57869ed9a5","2026-08-30 23:59"
