"Albanian Guy","58796ade8b9ff486d81bbad5","kober","67ad18a09e150413a5e6fa66","6a979e41e400c3eeccd7407e","2026-09-02 00:00"
"noki","62193698f5b65f000148e85e","pan","5ff3206bbc4e8c00013e4b25","6a979d3ae400c3eeccd73d81","2026-09-02 00:01"
"Eriko Hashimoto","6a35e9a0766da45cf34f631b","雨又潇潇","635a7c4f940d8dc91bd25ec4","6a979ebee400c3eeccd741fb","2026-09-02 00:01"
"aero","6204e99c582e1f0001bd9a43","pan","5ff3206bbc4e8c00013e4b25","6a979e78e400c3eeccd7411b","2026-09-02 00:03"
"kober","67ad18a09e150413a5e6fa66","zach","621783eaab08b80001371858","6a979e5de400c3eeccd740c4","2026-09-02 00:03"
"Fenrys","60d8c06ddcd6370001961252","im recording my gameplay","6a437d2254319c3206c01eb9","6a979e6fe400c3eeccd74103","2026-09-02 00:03"
"aero","6204e99c582e1f0001bd9a43","pan","5ff3206bbc4e8c00013e4b25","6a979fcdfa2b69ff1ffc55cc","2026-09-02 00:05"
"Albanian Guy","58796ade8b9ff486d81bbad5","kober","67ad18a09e150413a5e6fa66","6a979f80e400c3eeccd744d0","2026-09-02 00:05"
"noki","62193698f5b65f000148e85e","pan","5ff3206bbc4e8c00013e4b25","6a979f58e400c3eeccd7441e","2026-09-02 00:06"
"Eriko Hashimoto","6a35e9a0766da45cf34f631b","雨又潇潇","635a7c4f940d8dc91bd25ec4","6a979f62fa2b69ff1ffc551a","2026-09-02 00:07"
"GeoBiden","600367027963380001856b05","Unc","6876a81aaf5ea16088df663a","6a979f27e400c3eeccd74356","2026-09-02 00:07"
"Tottenhamwisps","60ad03a48b6e1d00012f8e7e","Aaryan22","657021f7412bfd95aad62550","6a979f18e400c3eeccd74313","2026-09-02 00:08"
"aero","6204e99c582e1f0001bd9a43","BarryTheBee","62be7867aa13616722f8dd4a","6a97a056e400c3eeccd74780","2026-09-02 00:09"
"noki","62193698f5b65f000148e85e","pan","5ff3206bbc4e8c00013e4b25","6a97a090fa2b69ff1ffc5786","2026-09-02 00:09"
"雨又潇潇","635a7c4f940d8dc91bd25ec4","pan","5ff3206bbc4e8c00013e4b25","6a97a0cee400c3eeccd74904","2026-09-02 00:09"
"kober","67ad18a09e150413a5e6fa66","zach","621783eaab08b80001371858","6a97a038fa2b69ff1ffc56ad","2026-09-02 00:09"
"Anonymous","617f7cfb9dffd50001875a3f","Palmitas","69b33a815634cc416b9c7877","6a979f28e400c3eeccd74358","2026-09-02 00:10"
"Fenrys","60d8c06ddcd6370001961252","im recording my gameplay","6a437d2254319c3206c01eb9","6a97a000e400c3eeccd74678","2026-09-02 00:11"
"zach","621783eaab08b80001371858","Cahyourbaeee","66504071295678c630b3dec8","6a97a179fa2b69ff1ffc599d","2026-09-02 00:11"
"aero","6204e99c582e1f0001bd9a43","雨又潇潇","635a7c4f940d8dc91bd25ec4","6a97a17dfa2b69ff1ffc59a4","2026-09-02 00:12"
"noki","62193698f5b65f000148e85e","BarryTheBee","62be7867aa13616722f8dd4a","6a97a15de400c3eeccd74af0","2026-09-02 00:14"
"Salem","63af4615494c2bc27e4a2f31","kober","67ad18a09e150413a5e6fa66","6a97a1f5e400c3eeccd74cc6","2026-09-02 00:14"
"NamibianAmphibianMan","69ba2e52a04671c8a9b13e12","Parafilm","68a40c326a22803f01dd62c8","6a97a19dfa2b69ff1ffc59e6","2026-09-02 00:14"
"Salem","63af4615494c2bc27e4a2f31","kober","67ad18a09e150413a5e6fa66","6a97a1f5e400c3eeccd74cc6","2026-09-02 00:15"
"[FatSnail] SavetheSnail","591790fc1bba70b6146c6485","Fenrys","60d8c06ddcd6370001961252","6a97a1ffe400c3eeccd74ce3","2026-09-02 00:15"
"Aaryan22","657021f7412bfd95aad62550","Kastries","67c9d3612160aecea9218f63","6a97a128fa2b69ff1ffc5901","2026-09-02 00:15"
"雨又潇潇","635a7c4f940d8dc91bd25ec4","Smirk","67f91a7f6655a7c1b8d6f7a9","6a97a21de400c3eeccd74d29","2026-09-02 00:16"
"noki","62193698f5b65f000148e85e","aero","6204e99c582e1f0001bd9a43","6a97a279303509a1a186da03","2026-09-02 00:19"
"雨又潇潇","635a7c4f940d8dc91bd25ec4","Smirk","67f91a7f6655a7c1b8d6f7a9","6a97a2fd303509a1a186db1a","2026-09-02 00:19"
"Salem","63af4615494c2bc27e4a2f31","kober","67ad18a09e150413a5e6fa66","6a97a294e400c3eeccd74e51","2026-09-02 00:19"
"kober","67ad18a09e150413a5e6fa66","zach","621783eaab08b80001371858","6a97a2a6303509a1a186da6f","2026-09-02 00:20"
"Aaryan22","657021f7412bfd95aad62550","[FatSnail] SavetheSnail","591790fc1bba70b6146c6485","6a97a2b2e400c3eeccd74ea3","2026-09-02 00:21"
"Joshkabloomy","604c5a52e142340001a0a666","FeelTheThrillOfTheVoid","67093351dd6409a6fc82e592","6a97a384e400c3eeccd7506e","2026-09-02 00:22"
"Smirk","67f91a7f6655a7c1b8d6f7a9","雨又潇潇","635a7c4f940d8dc91bd25ec4","6a97a38ee400c3eeccd75082","2026-09-02 00:23"
"[FatSnail] SavetheSnail","591790fc1bba70b6146c6485","zach","621783eaab08b80001371858","6a97a414fa2b69ff1ffc5eba","2026-09-02 00:23"
"Joshkabloomy","604c5a52e142340001a0a666","Eric455293","5ba7d3df2c0173520853d18c","6a97a470e400c3eeccd752e3","2026-09-02 00:24"
"NamibianAmphibianMan","69ba2e52a04671c8a9b13e12","Президент Геогесера (justlman)","5feb7db83362e40001479717","6a97a41dfa2b69ff1ffc5ed1","2026-09-02 00:24"
"aero","6204e99c582e1f0001bd9a43","noki","62193698f5b65f000148e85e","6a97a3a7e400c3eeccd750c1","2026-09-02 00:25"
"48Meters on Apía - Tadó = 4999","5e730243cd30756270994780","kober","67ad18a09e150413a5e6fa66","6a97a458e400c3eeccd752b2","2026-09-02 00:25"
"48Meters on Apía - Tadó = 4999","5e730243cd30756270994780","kober","67ad18a09e150413a5e6fa66","6a97a458e400c3eeccd752b2","2026-09-02 00:25"
"WaiWai","621f7436f0bf520001066b61","Mundane Metazoan","611e6a266eba2c00010f1232","6a97a334e400c3eeccd74fad","2026-09-02 00:25"
"pav","5e67d59212777c2530253a95","super singh","6a591d57c05d5d35f4095c85","6a979fd6e400c3eeccd745f5","2026-09-02 00:26"
"Smirk","67f91a7f6655a7c1b8d6f7a9","雨又潇潇","635a7c4f940d8dc91bd25ec4","6a97a4a2e400c3eeccd75376","2026-09-02 00:26"
"im recording my gameplay","6a437d2254319c3206c01eb9","PapaMacdus","6667d837d40195a479dc95b8","6a97a456fa2b69ff1ffc5f2e","2026-09-02 00:26"
"BarryTheBee","62be7867aa13616722f8dd4a","noki","62193698f5b65f000148e85e","6a97a506fa2b69ff1ffc6056","2026-09-02 00:27"
"Bms432","5d75a280b4ec1705ecdb7cf0","zach","621783eaab08b80001371858","6a97a4e3e400c3eeccd7540d","2026-09-02 00:27"
"dying sociopath","5aae066718399e2758306701","[FatSnail] SavetheSnail","591790fc1bba70b6146c6485","6a97a4a4e400c3eeccd7537b","2026-09-02 00:28"
"Salem","63af4615494c2bc27e4a2f31","kober","67ad18a09e150413a5e6fa66","6a97a4f6e400c3eeccd7542e","2026-09-02 00:29"
"Joshkabloomy","604c5a52e142340001a0a666","Президент Геогесера (justlman)","5feb7db83362e40001479717","6a97a4fde400c3eeccd7543e","2026-09-02 00:29"
"雨又潇潇","635a7c4f940d8dc91bd25ec4","Smirk","67f91a7f6655a7c1b8d6f7a9","6a97a52ee400c3eeccd754d6","2026-09-02 00:31"
"kober","67ad18a09e150413a5e6fa66","48Meters on Apía - Tadó = 4999","5e730243cd30756270994780","6a97a547e400c3eeccd75524","2026-09-02 00:31"
"aero","6204e99c582e1f0001bd9a43","BarryTheBee","62be7867aa13616722f8dd4a","6a97a50ae400c3eeccd7545a","2026-09-02 00:32"
"zach","621783eaab08b80001371858","Bms432","5d75a280b4ec1705ecdb7cf0","6a97a58ece7c592295f9b7ca","2026-09-02 00:32"
"Albanian Guy","58796ade8b9ff486d81bbad5","[FatSnail] SavetheSnail","591790fc1bba70b6146c6485","6a97a5dbfa2b69ff1ffc6224","2026-09-02 00:33"
"NamibianAmphibianMan","69ba2e52a04671c8a9b13e12","Joshkabloomy","604c5a52e142340001a0a666","6a97a658e400c3eeccd7581a","2026-09-02 00:33"
"noki","62193698f5b65f000148e85e","BarryTheBee","62be7867aa13616722f8dd4a","6a97a6b3e400c3eeccd75921","2026-09-02 00:34"
"kober","67ad18a09e150413a5e6fa66","48Meters on Apía - Tadó = 4999","5e730243cd30756270994780","6a97a660fa2b69ff1ffc637c","2026-09-02 00:34"
"Tottenhamwisps","60ad03a48b6e1d00012f8e7e","WaiWai","621f7436f0bf520001066b61","6a97a687e400c3eeccd758a4","2026-09-02 00:35"
"[FatSnail] SavetheSnail","591790fc1bba70b6146c6485","Bms432","5d75a280b4ec1705ecdb7cf0","6a97a6e0e400c3eeccd759ab","2026-09-02 00:36"
"Smirk","67f91a7f6655a7c1b8d6f7a9","雨又潇潇","635a7c4f940d8dc91bd25ec4","6a97a658e400c3eeccd75818","2026-09-02 00:37"
"dying sociopath","5aae066718399e2758306701","zach","621783eaab08b80001371858","6a97a6adfa2b69ff1ffc6437","2026-09-02 00:37"
"BarryTheBee","62be7867aa13616722f8dd4a","aero","6204e99c582e1f0001bd9a43","6a97a6bde400c3eeccd75949","2026-09-02 00:38"
"[FatSnail] SavetheSnail","591790fc1bba70b6146c6485","Bms432","5d75a280b4ec1705ecdb7cf0","6a97a7cbe400c3eeccd75ca3","2026-09-02 00:38"
"WaiWai","621f7436f0bf520001066b61","れい（Rey）","6444afc0c30fa09317b315fc","6a97a7fae400c3eeccd75d2e","2026-09-02 00:39"
"noki","62193698f5b65f000148e85e","BarryTheBee","62be7867aa13616722f8dd4a","6a97a7fb303509a1a186e4b8","2026-09-02 00:40"
"Smirk","67f91a7f6655a7c1b8d6f7a9","雨又潇潇","635a7c4f940d8dc91bd25ec4","6a97a7dbe400c3eeccd75cd5","2026-09-02 00:41"
"dying sociopath","5aae066718399e2758306701","[FatSnail] SavetheSnail","591790fc1bba70b6146c6485","6a97a82ae400c3eeccd75d88","2026-09-02 00:43"
"super singh","6a591d57c05d5d35f4095c85","Tottenhamwisps","60ad03a48b6e1d00012f8e7e","6a97a79dce7c592295f9bc27","2026-09-02 00:44"
"im recording my gameplay","6a437d2254319c3206c01eb9","IntoxYT","67d8ff594b727274ef5417c9","6a97a73ce400c3eeccd75ad3","2026-09-02 00:44"
"BarryTheBee","62be7867aa13616722f8dd4a","aero","6204e99c582e1f0001bd9a43","6a97a89a303509a1a186e5df","2026-09-02 00:45"
"NamibianAmphibianMan","69ba2e52a04671c8a9b13e12","WaiWai","621f7436f0bf520001066b61","6a97a889e400c3eeccd75eb5","2026-09-02 00:45"
"[FatSnail] SavetheSnail","591790fc1bba70b6146c6485","backf1ow","6562b7811b1454b2437507f8","6a97a955e400c3eeccd76101","2026-09-02 00:46"
"Smirk","67f91a7f6655a7c1b8d6f7a9","雨又潇潇","635a7c4f940d8dc91bd25ec4","6a97a8dea13f976b90c0c76d","2026-09-02 00:49"
"Conquistadorito","603801f090c95200017d047e","lanadelrey","5a8c5f87ef196f9c24d09df4","6a97a810e400c3eeccd75d5a","2026-09-02 00:49"
"Anonymous","617f7cfb9dffd50001875a3f","zach","621783eaab08b80001371858","6a97a93b303509a1a186e745","2026-09-02 00:50"
"dying sociopath","5aae066718399e2758306701","[FatSnail] SavetheSnail","591790fc1bba70b6146c6485","6a97a9f8e400c3eeccd76321","2026-09-02 00:50"
"Tottenhamwisps","60ad03a48b6e1d00012f8e7e","im recording my gameplay","6a437d2254319c3206c01eb9","6a97a970e400c3eeccd7613a","2026-09-02 00:50"
"teek","685e20c019355c6a36ac4983","[FatSnail] SavetheSnail","591790fc1bba70b6146c6485","6a97aae9fa2b69ff1ffc6e3a","2026-09-02 00:51"
"BarryTheBee","62be7867aa13616722f8dd4a","noki","62193698f5b65f000148e85e","6a97a99fe400c3eeccd761d9","2026-09-02 00:52"
"aero","6204e99c582e1f0001bd9a43","雨又潇潇","635a7c4f940d8dc91bd25ec4","6a97aaebfa2b69ff1ffc6e3f","2026-09-02 00:54"
"Albanian Guy","58796ade8b9ff486d81bbad5","lebron-3","694357bf716cf71c98f96b42","6a97ab0de400c3eeccd76677","2026-09-02 00:55"
"im recording my gameplay","6a437d2254319c3206c01eb9","れい（Rey）","6444afc0c30fa09317b315fc","6a97aaf3fa2b69ff1ffc6e56","2026-09-02 00:56"
"[FatSnail] SavetheSnail","591790fc1bba70b6146c6485","Tottenhamwisps","60ad03a48b6e1d00012f8e7e","6a97ab35e400c3eeccd766df","2026-09-02 00:58"
"Conquistadorito","603801f090c95200017d047e","backf1ow","6562b7811b1454b2437507f8","6a97ab01fa2b69ff1ffc6e7c","2026-09-02 00:58"
"teek","685e20c019355c6a36ac4983","WaiWai","621f7436f0bf520001066b61","6a97aba2e400c3eeccd7680f","2026-09-02 00:59"
"zach","621783eaab08b80001371858","dying sociopath","5aae066718399e2758306701","6a97abdee400c3eeccd768c8","2026-09-02 00:59"
"noki","62193698f5b65f000148e85e","BarryTheBee","62be7867aa13616722f8dd4a","6a97abe1e400c3eeccd768d4","2026-09-02 01:00"
"雨又潇潇","635a7c4f940d8dc91bd25ec4","Albanian Guy","58796ade8b9ff486d81bbad5","6a97ac34e400c3eeccd769bc","2026-09-02 01:00"
"lebron-3","694357bf716cf71c98f96b42","im recording my gameplay","6a437d2254319c3206c01eb9","6a97ac93fa2b69ff1ffc720a","2026-09-02 01:01"
"Tottenhamwisps","60ad03a48b6e1d00012f8e7e","[FatSnail] SavetheSnail","591790fc1bba70b6146c6485","6a97acd7fa2b69ff1ffc7270","2026-09-02 01:02"
"Luuuuuu :)","62e8d4366d2691f34172c855","れい（Rey）","6444afc0c30fa09317b315fc","6a97ad32e400c3eeccd76c0d","2026-09-02 01:02"
"teek","685e20c019355c6a36ac4983","backf1ow","6562b7811b1454b2437507f8","6a97ad7cfa2b69ff1ffc73b7","2026-09-02 01:04"
"lebron-3","694357bf716cf71c98f96b42","Ghoncho1800","5e730243cd30756270994780","6a97adade400c3eeccd76d5b","2026-09-02 01:06"
"im recording my gameplay","6a437d2254319c3206c01eb9","Tottenhamwisps","60ad03a48b6e1d00012f8e7e","6a97adbbfa2b69ff1ffc743d","2026-09-02 01:06"
"Luuuuuu :)","62e8d4366d2691f34172c855","れい（Rey）","6444afc0c30fa09317b315fc","6a97addbe400c3eeccd76dd1","2026-09-02 01:07"
"BarryTheBee","62be7867aa13616722f8dd4a","noki","62193698f5b65f000148e85e","6a97ad42e400c3eeccd76c2f","2026-09-02 01:08"
"Albanian Guy","58796ade8b9ff486d81bbad5","dying sociopath","5aae066718399e2758306701","6a97adf8fa2b69ff1ffc74d7","2026-09-02 01:08"
"lebron-3","694357bf716cf71c98f96b42","Tottenhamwisps","60ad03a48b6e1d00012f8e7e","6a97aef7e400c3eeccd7713b","2026-09-02 01:11"
"WaiWai","621f7436f0bf520001066b61","Urbangrinder","658d477a5f63d561b55fe366","6a97ae2dfa2b69ff1ffc7542","2026-09-02 01:12"
"BarryTheBee","62be7867aa13616722f8dd4a","noki","62193698f5b65f000148e85e","6a97af59303509a1a186f560","2026-09-02 01:13"
"teek","685e20c019355c6a36ac4983","backf1ow","6562b7811b1454b2437507f8","6a97ae81e400c3eeccd76fed","2026-09-02 01:13"
"Conquistadorito","603801f090c95200017d047e","Tottenhamwisps","60ad03a48b6e1d00012f8e7e","6a97afd7fa2b69ff1ffc78f2","2026-09-02 01:13"
"dying sociopath","5aae066718399e2758306701","Bms432","5d75a280b4ec1705ecdb7cf0","6a97affe303509a1a186f70b","2026-09-02 01:16"
"Luuuuuu :)","62e8d4366d2691f34172c855","れい（Rey）","6444afc0c30fa09317b315fc","6a97af1be400c3eeccd7719f","2026-09-02 01:17"
"noki","62193698f5b65f000148e85e","lebron-3","694357bf716cf71c98f96b42","6a97b08de400c3eeccd77621","2026-09-02 01:19"
"teek","685e20c019355c6a36ac4983","Tottenhamwisps","60ad03a48b6e1d00012f8e7e","6a97b055303509a1a186f7d8","2026-09-02 01:19"
"Bms432","5d75a280b4ec1705ecdb7cf0","[FatSnail] SavetheSnail","591790fc1bba70b6146c6485","6a97b146303509a1a186fa6c","2026-09-02 01:20"
"Bms432","5d75a280b4ec1705ecdb7cf0","GeoMango","640633579d4e23ba52d7b054","6a97b20fe400c3eeccd77a72","2026-09-02 01:22"
"im recording my gameplay","6a437d2254319c3206c01eb9","Odinman9847","5c563ee498004e3174c2eccf","6a97b0a8e400c3eeccd77662","2026-09-02 01:22"
"Albanian Guy","58796ade8b9ff486d81bbad5","dying sociopath","5aae066718399e2758306701","6a97b173e400c3eeccd778c3","2026-09-02 01:23"
"[FatSnail] SavetheSnail","591790fc1bba70b6146c6485","syurenuko","684825d39f0e9a808a7a3994","6a97b1ede400c3eeccd77a3b","2026-09-02 01:24"
"klint","6735abfd3d532af30d952b5a","im recording my gameplay","6a437d2254319c3206c01eb9","6a97b27ce400c3eeccd77b56","2026-09-02 01:25"
"Luuuuuu :)","62e8d4366d2691f34172c855","Tottenhamwisps","60ad03a48b6e1d00012f8e7e","6a97b1d1e400c3eeccd779f6","2026-09-02 01:25"
"[FatSnail] SavetheSnail","591790fc1bba70b6146c6485","syurenuko","684825d39f0e9a808a7a3994","6a97b2ebfa2b69ff1ffc7f5d","2026-09-02 01:27"
"dying sociopath","5aae066718399e2758306701","Tottenhamwisps","60ad03a48b6e1d00012f8e7e","6a97b326e400c3eeccd77d18","2026-09-02 01:28"
"路易十六","65337c686711b99177ed189b","teek","685e20c019355c6a36ac4983","6a97b253fa2b69ff1ffc7e35","2026-09-02 01:28"
"Bms432","5d75a280b4ec1705ecdb7cf0","GeoMango","640633579d4e23ba52d7b054","6a97b26b303509a1a186fd45","2026-09-02 01:28"
"WaiWai","621f7436f0bf520001066b61","im recording my gameplay","6a437d2254319c3206c01eb9","6a97b327e400c3eeccd77d1a","2026-09-02 01:28"
"lebron-3","694357bf716cf71c98f96b42","noki","62193698f5b65f000148e85e","6a97b2c0fa2b69ff1ffc7efc","2026-09-02 01:32"
"dying sociopath","5aae066718399e2758306701","duck","635dc283e419c615374198d6","6a97b3ede400c3eeccd77fb7","2026-09-02 01:32"
"Bms432","5d75a280b4ec1705ecdb7cf0","路易十六","65337c686711b99177ed189b","6a97b3bae400c3eeccd77f29","2026-09-02 01:32"
"klint","6735abfd3d532af30d952b5a","[FatSnail] SavetheSnail","591790fc1bba70b6146c6485","6a97b394fa2b69ff1ffc812a","2026-09-02 01:32"
"GeoMango","640633579d4e23ba52d7b054","syurenuko","684825d39f0e9a808a7a3994","6a97b3b1e400c3eeccd77f19","2026-09-02 01:32"
"aero","6204e99c582e1f0001bd9a43","Albanian Guy","58796ade8b9ff486d81bbad5","6a97b40ae400c3eeccd78005","2026-09-02 01:34"
"路易十六","65337c686711b99177ed189b","Bms432","5d75a280b4ec1705ecdb7cf0","6a97b4d8e400c3eeccd78254","2026-09-02 01:35"
"Tottenhamwisps","60ad03a48b6e1d00012f8e7e","duck","635dc283e419c615374198d6","6a97b4a9fa2b69ff1ffc8383","2026-09-02 01:36"
"duck","635dc283e419c615374198d6","Bms432","5d75a280b4ec1705ecdb7cf0","6a97b590303509a1a18704a6","2026-09-02 01:37"
"[FatSnail] SavetheSnail","591790fc1bba70b6146c6485","dying sociopath","5aae066718399e2758306701","6a97b4c5303509a1a18702ad","2026-09-02 01:37"
"noki","62193698f5b65f000148e85e","mikowhy","659c9d0a72300acff1deb5df","6a97b4b8e400c3eeccd781fb","2026-09-02 01:38"
"Albanian Guy","58796ade8b9ff486d81bbad5","lebron-3","694357bf716cf71c98f96b42","6a97b584e400c3eeccd78420","2026-09-02 01:38"
"Tottenhamwisps","60ad03a48b6e1d00012f8e7e","VelvetWaltz","678f6de583089b130474094d","6a97b5d6e400c3eeccd78530","2026-09-02 01:38"
"im recording my gameplay","6a437d2254319c3206c01eb9","Gaz","5ffc25ff91da7b0001ada8fa","6a97b513e400c3eeccd782ee","2026-09-02 01:38"
"klint","6735abfd3d532af30d952b5a","路易十六","65337c686711b99177ed189b","6a97b58be400c3eeccd78442","2026-09-02 01:39"
"WaiWai","621f7436f0bf520001066b61","teek","685e20c019355c6a36ac4983","6a97b47ce400c3eeccd7812a","2026-09-02 01:41"
"aero","6204e99c582e1f0001bd9a43","Smirk","67f91a7f6655a7c1b8d6f7a9","6a97b5cfbe736af3ed631eaa","2026-09-02 01:42"
"dying sociopath","5aae066718399e2758306701","Bms432","5d75a280b4ec1705ecdb7cf0","6a97b610e400c3eeccd785ee","2026-09-02 01:42"
"im recording my gameplay","6a437d2254319c3206c01eb9","Urbangrinder","658d477a5f63d561b55fe366","6a97b63fce7c592295f9dbb4","2026-09-02 01:42"
"[FatSnail] SavetheSnail","591790fc1bba70b6146c6485","duck","635dc283e419c615374198d6","6a97b5e8fa2b69ff1ffc8694","2026-09-02 01:44"
"Albanian Guy","58796ade8b9ff486d81bbad5","路易十六","65337c686711b99177ed189b","6a97b6d5e400c3eeccd787fc","2026-09-02 01:45"
"dying sociopath","5aae066718399e2758306701","A Balanced HKGeoguessr","652b9174712620f1edcadac8","6a97b77ae400c3eeccd78a50","2026-09-02 01:46"
"teek","685e20c019355c6a36ac4983","im recording my gameplay","6a437d2254319c3206c01eb9","6a97b769e400c3eeccd78a2d","2026-09-02 01:46"
"Bms432","5d75a280b4ec1705ecdb7cf0","klint","6735abfd3d532af30d952b5a","6a97b741fa2b69ff1ffc8a7d","2026-09-02 01:46"
"mikowhy","659c9d0a72300acff1deb5df","Smirk","67f91a7f6655a7c1b8d6f7a9","6a97b728303509a1a18708a1","2026-09-02 01:47"
"im recording my gameplay","6a437d2254319c3206c01eb9","loiser","69b99a7ba337912ffdd09762","6a97b81ee400c3eeccd78c80","2026-09-02 01:48"
"duck","635dc283e419c615374198d6","[FatSnail] SavetheSnail","591790fc1bba70b6146c6485","6a97b79f303509a1a18709db","2026-09-02 01:50"
"teek","685e20c019355c6a36ac4983","NamibianAmphibianMan","69ba2e52a04671c8a9b13e12","6a97b815e400c3eeccd78c50","2026-09-02 01:51"
"Smirk","67f91a7f6655a7c1b8d6f7a9","庫柏的粉絲","66c30b304c12e063346d9148","6a97b82afa2b69ff1ffc8cf9","2026-09-02 01:52"
"Заяц","63890678411c174863e40d57","dying sociopath","5aae066718399e2758306701","6a97b80e303509a1a1870af1","2026-09-02 01:52"
"im recording my gameplay","6a437d2254319c3206c01eb9","loiser","69b99a7ba337912ffdd09762","6a97b8b6e400c3eeccd78e24","2026-09-02 01:52"
"aero","6204e99c582e1f0001bd9a43","noki","62193698f5b65f000148e85e","6a97b97be400c3eeccd79082","2026-09-02 01:55"
"duck","635dc283e419c615374198d6","[FatSnail] SavetheSnail","591790fc1bba70b6146c6485","6a97b8e8e400c3eeccd78ec0","2026-09-02 01:55"
"NamibianAmphibianMan","69ba2e52a04671c8a9b13e12","im recording my gameplay","6a437d2254319c3206c01eb9","6a97b95c303509a1a1870d95","2026-09-02 01:55"
"WaiWai","621f7436f0bf520001066b61","VelvetWaltz","678f6de583089b130474094d","6a97b9a6fa2b69ff1ffc9066","2026-09-02 01:55"
"Заяц","63890678411c174863e40d57","Lágrima's Spaceplonk Alt","698282326314d86a2a8c61e3","6a97b984e400c3eeccd790a0","2026-09-02 01:57"
"路易十六","65337c686711b99177ed189b","A Balanced HKGeoguessr","652b9174712620f1edcadac8","6a97b7e7e400c3eeccd78bab","2026-09-02 01:57"
"im recording my gameplay","6a437d2254319c3206c01eb9","VibeGuessin™","664e1ac31a67ab939b36f8ce","6a97ba37e400c3eeccd792fe","2026-09-02 01:58"
"Smirk","67f91a7f6655a7c1b8d6f7a9","aero","6204e99c582e1f0001bd9a43","6a97ba33e400c3eeccd792ee","2026-09-02 01:59"
"duck","635dc283e419c615374198d6","Leftist Leo 解放巴勒斯坦 🇵🇸 和","60d9c5536dac910001297d14","6a97ba5ce400c3eeccd7936f","2026-09-02 02:00"
"路易十六","65337c686711b99177ed189b","A Balanced HKGeoguessr","652b9174712620f1edcadac8","6a97bab0303509a1a1871123","2026-09-02 02:01"
"[FatSnail] SavetheSnail","591790fc1bba70b6146c6485","VelvetWaltz","678f6de583089b130474094d","6a97ba52e400c3eeccd7935b","2026-09-02 02:01"
"BarryTheBee","62be7867aa13616722f8dd4a","noki","62193698f5b65f000148e85e","6a97ba0e303509a1a1870f5d","2026-09-02 02:03"
"duck","635dc283e419c615374198d6","Leftist Leo 解放巴勒斯坦 🇵🇸 和","60d9c5536dac910001297d14","6a97bb5de400c3eeccd79746","2026-09-02 02:05"
"[FatSnail] SavetheSnail","591790fc1bba70b6146c6485","Kazuyanpi15","62f98280984cca8f85927223","6a97bb97fa2b69ff1ffc9661","2026-09-02 02:05"
"Smirk","67f91a7f6655a7c1b8d6f7a9","aero","6204e99c582e1f0001bd9a43","6a97bb80fa2b69ff1ffc962d","2026-09-02 02:06"
"NamibianAmphibianMan","69ba2e52a04671c8a9b13e12","WaiWai","621f7436f0bf520001066b61","6a97ba9bfa2b69ff1ffc9356","2026-09-02 02:07"
"noki","62193698f5b65f000148e85e","BarryTheBee","62be7867aa13616722f8dd4a","6a97bbfd303509a1a187150e","2026-09-02 02:08"
"Lágrima's Spaceplonk Alt","698282326314d86a2a8c61e3","Tottenhamwisps","60ad03a48b6e1d00012f8e7e","6a97bc49fa2b69ff1ffc9849","2026-09-02 02:09"
"Smirk","67f91a7f6655a7c1b8d6f7a9","aero","6204e99c582e1f0001bd9a43","6a97bcd2e400c3eeccd79c8e","2026-09-02 02:10"
"[FatSnail] SavetheSnail","591790fc1bba70b6146c6485","duck","635dc283e419c615374198d6","6a97bc9d303509a1a18716ea","2026-09-02 02:10"
"Casanção Blur Enjoyer","6a207295824d2054d74c3e7a","syurenuko","684825d39f0e9a808a7a3994","6a97bcbce400c3eeccd79c39","2026-09-02 02:11"
"duck","635dc283e419c615374198d6","Tottenhamwisps","60ad03a48b6e1d00012f8e7e","6a97bd96e400c3eeccd79f6b","2026-09-02 02:13"
"[FatSnail] SavetheSnail","591790fc1bba70b6146c6485","im recording my gameplay","6a437d2254319c3206c01eb9","6a97bdb0e400c3eeccd79fad","2026-09-02 02:13"
"Casanção Blur Enjoyer","6a207295824d2054d74c3e7a","syurenuko","684825d39f0e9a808a7a3994","6a97be06e400c3eeccd7a089","2026-09-02 02:14"
"noki","62193698f5b65f000148e85e","aero","6204e99c582e1f0001bd9a43","6a97bd97303509a1a1871a57","2026-09-02 02:17"
"duck","635dc283e419c615374198d6","[FatSnail] SavetheSnail","591790fc1bba70b6146c6485","6a97be67e400c3eeccd7a261","2026-09-02 02:17"
"Dimsum","63f619f14068eb7d4bbb134d","Eric455293","5ba7d3df2c0173520853d18c","6a97beabce7c592295f9f382","2026-09-02 02:17"
"연모트","5ffcf4ef76bbb900019724c1","Gknolle9","638a068b6709ad1074d14898","6a97be65e400c3eeccd7a25e","2026-09-02 02:18"
"im recording my gameplay","6a437d2254319c3206c01eb9","WaiWai","621f7436f0bf520001066b61","6a97be59e400c3eeccd7a214","2026-09-02 02:19"
"Leftist Leo 解放巴勒斯坦 🇵🇸 和","60d9c5536dac910001297d14","ましろ","60622a237c864a00019b5334","6a97bf0be400c3eeccd7a503","2026-09-02 02:21"
"noki","62193698f5b65f000148e85e","aero","6204e99c582e1f0001bd9a43","6a97bf68e400c3eeccd7a60a","2026-09-02 02:23"
"Dan YAile","60ef0697612a5400012c89a3","Leftist Leo 解放巴勒斯坦 🇵🇸 和","60d9c5536dac910001297d14","6a97c05fe400c3eeccd7a947","2026-09-02 02:23"
"duck","635dc283e419c615374198d6","val1d","63875de4e55ec4234b26d1fb","6a97bf79fa2b69ff1ffca222","2026-09-02 02:24"
"Tottenhamwisps","60ad03a48b6e1d00012f8e7e","Gaz","5ffc25ff91da7b0001ada8fa","6a97bfd1e400c3eeccd7a79f","2026-09-02 02:24"
"im recording my gameplay","6a437d2254319c3206c01eb9","Dimsum","63f619f14068eb7d4bbb134d","6a97bfbee400c3eeccd7a75e","2026-09-02 02:24"
"WaiWai","621f7436f0bf520001066b61",".jp","6214e6ed8d1fd100017e1c79","6a97c07ee400c3eeccd7a99e","2026-09-02 02:27"
"Dan YAile","60ef0697612a5400012c89a3","Leftist Leo 解放巴勒斯坦 🇵🇸 和","60d9c5536dac910001297d14","6a97c10de400c3eeccd7ab82","2026-09-02 02:28"
"im recording my gameplay","6a437d2254319c3206c01eb9","Dimsum","63f619f14068eb7d4bbb134d","6a97c0f8e400c3eeccd7ab25","2026-09-02 02:28"
"Dan YAile","60ef0697612a5400012c89a3","Leftist Leo 解放巴勒斯坦 🇵🇸 和","60d9c5536dac910001297d14","6a97c10de400c3eeccd7ab82","2026-09-02 02:29"
"Leftist Leo 解放巴勒斯坦 🇵🇸 和","60d9c5536dac910001297d14","Bms432","5d75a280b4ec1705ecdb7cf0","6a97c23c303509a1a187277e","2026-09-02 02:31"
"BarryTheBee","62be7867aa13616722f8dd4a","noki","62193698f5b65f000148e85e","6a97c1b5e400c3eeccd7aecc","2026-09-02 02:32"
"im recording my gameplay","6a437d2254319c3206c01eb9","VibeGuessin™","664e1ac31a67ab939b36f8ce","6a97c215303509a1a18726bc","2026-09-02 02:32"
"WaiWai","621f7436f0bf520001066b61","Kfudaman","5ecc57c38d6ade72cc83598c","6a97c244fa2b69ff1ffcaa70","2026-09-02 02:32"
"val1d","63875de4e55ec4234b26d1fb","Leftist Leo 解放巴勒斯坦 🇵🇸 和","60d9c5536dac910001297d14","6a97c232e400c3eeccd7b1ae","2026-09-02 02:34"
"Bms432","5d75a280b4ec1705ecdb7cf0","omigupta (YT)","62280387e7a8b70001576d3d","6a97c2a3fa2b69ff1ffcabe5","2026-09-02 02:34"
"Zezeshaka","60a4bf78880a050001dcaa70","Dan YAile","60ef0697612a5400012c89a3","6a97c287e400c3eeccd7b32f","2026-09-02 02:36"
"捲菸的菸草不來自後山","6372795ba9204b943dd562cf","Eric455293","5ba7d3df2c0173520853d18c","6a97c381e400c3eeccd7b65a","2026-09-02 02:37"
"MaxJoker84","658c1a04945350bcd1f47aca","Kfudaman","5ecc57c38d6ade72cc83598c","6a97c2f0303509a1a187299f","2026-09-02 02:37"
"Leftist Leo 解放巴勒斯坦 🇵🇸 和","60d9c5536dac910001297d14","val1d","63875de4e55ec4234b26d1fb","6a97c370e400c3eeccd7b618","2026-09-02 02:39"
"omigupta (YT)","62280387e7a8b70001576d3d","Gknolle9","638a068b6709ad1074d14898","6a97c389e400c3eeccd7b67c","2026-09-02 02:40"
"WaiWai","621f7436f0bf520001066b61","Lágrima's Spaceplonk Alt","698282326314d86a2a8c61e3","6a97c338303509a1a1872a52","2026-09-02 02:41"
"Conquistadorito","603801f090c95200017d047e","연모트","5ffcf4ef76bbb900019724c1","6a97bf75e400c3eeccd7a64f","2026-09-02 02:42"
"Dan YAile","60ef0697612a5400012c89a3","Zezeshaka","60a4bf78880a050001dcaa70","6a97c3d4e400c3eeccd7b777","2026-09-02 02:43"
"val1d","63875de4e55ec4234b26d1fb","ましろ","60622a237c864a00019b5334","6a97c471303509a1a1872e2f","2026-09-02 02:43"
"val1d","63875de4e55ec4234b26d1fb","omigupta (YT)","62280387e7a8b70001576d3d","6a97c577e400c3eeccd7bfd3","2026-09-02 02:45"
"Bms432","5d75a280b4ec1705ecdb7cf0","Lágrima's Spaceplonk Alt","698282326314d86a2a8c61e3","6a97c51ce400c3eeccd7bd44","2026-09-02 02:45"
"aero","6204e99c582e1f0001bd9a43","Smirk","67f91a7f6655a7c1b8d6f7a9","6a97c532e400c3eeccd7be2a","2026-09-02 02:46"
"Zezeshaka","60a4bf78880a050001dcaa70","Dan YAile","60ef0697612a5400012c89a3","6a97c547e400c3eeccd7bec9","2026-09-02 02:46"
"noki","62193698f5b65f000148e85e","Eriko Hashimoto","6a35e9a0766da45cf34f631b","6a97c48de400c3eeccd7ba51","2026-09-02 02:47"
"Dan YAile","60ef0697612a5400012c89a3","Zezeshaka","60a4bf78880a050001dcaa70","6a97c608e400c3eeccd7c26a","2026-09-02 02:48"
"val1d","63875de4e55ec4234b26d1fb","Bms432","5d75a280b4ec1705ecdb7cf0","6a97c5fde400c3eeccd7c246","2026-09-02 02:48"
"ましろ","60622a237c864a00019b5334","Lágrima's Spaceplonk Alt","698282326314d86a2a8c61e3","6a97c5dae400c3eeccd7c1c7","2026-09-02 02:49"
"Smirk","67f91a7f6655a7c1b8d6f7a9","aero","6204e99c582e1f0001bd9a43","6a97c606e400c3eeccd7c25f","2026-09-02 02:50"
"noki","62193698f5b65f000148e85e","Eriko Hashimoto","6a35e9a0766da45cf34f631b","6a97c642e400c3eeccd7c3e0","2026-09-02 02:51"
"Lodi","5788e5e5c2a0fb1304dba46c","연모트","5ffcf4ef76bbb900019724c1","6a97c537fa2b69ff1ffcb44f","2026-09-02 02:52"
"Dan YAile","60ef0697612a5400012c89a3","Zezeshaka","60a4bf78880a050001dcaa70","6a97c67ee400c3eeccd7c496","2026-09-02 02:53"
"kstyko","5ead136297d6cf24a42b1ef4","Bms432","5d75a280b4ec1705ecdb7cf0","6a97c6dfe400c3eeccd7c66e","2026-09-02 02:54"
"val1d","63875de4e55ec4234b26d1fb","Lágrima's Spaceplonk Alt","698282326314d86a2a8c61e3","6a97c6bfe400c3eeccd7c59d","2026-09-02 02:54"
"Dan YAile","60ef0697612a5400012c89a3","Zezeshaka","60a4bf78880a050001dcaa70","6a97c79fe400c3eeccd7c897","2026-09-02 02:55"
"noki","62193698f5b65f000148e85e","Eriko Hashimoto","6a35e9a0766da45cf34f631b","6a97c772e400c3eeccd7c7fb","2026-09-02 02:57"
"val1d","63875de4e55ec4234b26d1fb","Bms432","5d75a280b4ec1705ecdb7cf0","6a97c81de400c3eeccd7c9d3","2026-09-02 02:57"
"Zezeshaka","60a4bf78880a050001dcaa70","Dan YAile","60ef0697612a5400012c89a3","6a97c817e400c3eeccd7c9c5","2026-09-02 02:58"
"nota","68b68704757dd886cdc2365a","Gknolle9","638a068b6709ad1074d14898","6a97c901e400c3eeccd7cca1","2026-09-02 03:00"
"plotter","674c4756fb60b9f111e6e0b4","thenderson netanyahu","651735b2324c811102e538a6","6a97c566303509a1a18732d9","2026-09-02 03:01"
"aero","6204e99c582e1f0001bd9a43","Smirk","67f91a7f6655a7c1b8d6f7a9","6a97c710e400c3eeccd7c6ea","2026-09-02 03:01"
"Eriko Hashimoto","6a35e9a0766da45cf34f631b","noki","62193698f5b65f000148e85e","6a97c8d3e400c3eeccd7cc35","2026-09-02 03:02"
"Bms432","5d75a280b4ec1705ecdb7cf0","mzk","5f3fde73116e5c0001ef74a5","6a97c8fbe400c3eeccd7cc95","2026-09-02 03:02"
"aero","6204e99c582e1f0001bd9a43","Smirk","67f91a7f6655a7c1b8d6f7a9","6a97c98de400c3eeccd7ce43","2026-09-02 03:04"
"Dan YAile","60ef0697612a5400012c89a3","路易十六","65337c686711b99177ed189b","6a97c9f6303509a1a1874241","2026-09-02 03:05"
"mzk","5f3fde73116e5c0001ef74a5","val1d","63875de4e55ec4234b26d1fb","6a97c991303509a1a18740e4","2026-09-02 03:05"
"lebron-3","694357bf716cf71c98f96b42","Dan YAile","60ef0697612a5400012c89a3","6a97ca9e303509a1a1874369","2026-09-02 03:07"
"mzk","5f3fde73116e5c0001ef74a5","Sturmins","66fafd625e4df086314ae5af","6a97ca0ce400c3eeccd7cffe","2026-09-02 03:07"
"ましろ","60622a237c864a00019b5334","路易十六","65337c686711b99177ed189b","6a97ca88303509a1a1874342","2026-09-02 03:09"
"Eriko Hashimoto","6a35e9a0766da45cf34f631b","noki","62193698f5b65f000148e85e","6a97c9e4e400c3eeccd7cf51","2026-09-02 03:11"
"lebron-3","694357bf716cf71c98f96b42","Dan YAile","60ef0697612a5400012c89a3","6a97cb06303509a1a1874484","2026-09-02 03:11"
"Conquistadorito","603801f090c95200017d047e","SiBe","5ad3470a2a3e0d4da46d409e","6a97c860e400c3eeccd7ca9a","2026-09-02 03:11"
"val1d","63875de4e55ec4234b26d1fb","路易十六","65337c686711b99177ed189b","6a97cb79e400c3eeccd7d4dd","2026-09-02 03:12"
"mzk","5f3fde73116e5c0001ef74a5","omigupta (YT)","62280387e7a8b70001576d3d","6a97cadbe400c3eeccd7d206","2026-09-02 03:12"
"noki","62193698f5b65f000148e85e","Eriko Hashimoto","6a35e9a0766da45cf34f631b","6a97cbf0303509a1a18747c1","2026-09-02 03:14"
"lebron-3","694357bf716cf71c98f96b42","Dan YAile","60ef0697612a5400012c89a3","6a97cc32e400c3eeccd7d7fd","2026-09-02 03:14"
"ましろ","60622a237c864a00019b5334","val1d","63875de4e55ec4234b26d1fb","6a97cb85fa2b69ff1ffcc6eb","2026-09-02 03:14"
"im recording my gameplay","6a437d2254319c3206c01eb9","れい（Rey）","6444afc0c30fa09317b315fc","6a97cba5303509a1a18746c8","2026-09-02 03:14"
"Señorita Plonquita","664ad9de273fe0303a386b45","Dan YAile","60ef0697612a5400012c89a3","6a97cc66303509a1a1874942","2026-09-02 03:15"
"Lodi","5788e5e5c2a0fb1304dba46c","Conquistadorito","603801f090c95200017d047e","6a97cbd8e400c3eeccd7d685","2026-09-02 03:16"
"nota","68b68704757dd886cdc2365a","Orbin","62be339b9707fba79c7e3961","6a97cc2bfa2b69ff1ffcc926","2026-09-02 03:16"
"noki","62193698f5b65f000148e85e","Eriko Hashimoto","6a35e9a0766da45cf34f631b","6a97cc9e303509a1a18749bd","2026-09-02 03:18"
"路易十六","65337c686711b99177ed189b","Señorita Plonquita","664ad9de273fe0303a386b45","6a97cc4be400c3eeccd7d852","2026-09-02 03:18"
"Dan YAile","60ef0697612a5400012c89a3","Señorita Plonquita","664ad9de273fe0303a386b45","6a97ccf6e400c3eeccd7da6a","2026-09-02 03:19"
"Dan YAile","60ef0697612a5400012c89a3","Señorita Plonquita","664ad9de273fe0303a386b45","6a97ccf6e400c3eeccd7da6a","2026-09-02 03:20"
"Dan YAile","60ef0697612a5400012c89a3","Señorita Plonquita","664ad9de273fe0303a386b45","6a97cdd0e400c3eeccd7dd9d","2026-09-02 03:22"
"kstyko","5ead136297d6cf24a42b1ef4","Señorita Plonquita","664ad9de273fe0303a386b45","6a97cddcfa2b69ff1ffccdac","2026-09-02 03:22"
"noki","62193698f5b65f000148e85e","hoppyface","5d6e4022b4ec1709f0729979","6a97cdb1303509a1a1874c87","2026-09-02 03:23"
"Eriko Hashimoto","6a35e9a0766da45cf34f631b","mikowhy","659c9d0a72300acff1deb5df","6a97cd94e400c3eeccd7dccf","2026-09-02 03:23"
"lebron-3","694357bf716cf71c98f96b42","Dan YAile","60ef0697612a5400012c89a3","6a97ce6e303509a1a1874ed2","2026-09-02 03:23"
"Waluuuuuuu","6380cc417b431c1eece4916c","鳴神","5e6434058fd6cf50f886fb99","6a97ccca303509a1a1874a18","2026-09-02 03:24"
"hoppyface","5d6e4022b4ec1709f0729979","noki","62193698f5b65f000148e85e","6a97cebebe736af3ed63662a","2026-09-02 03:25"
"Dan YAile","60ef0697612a5400012c89a3","Señorita Plonquita","664ad9de273fe0303a386b45","6a97cf04e400c3eeccd7e1fd","2026-09-02 03:28"
"路易十六","65337c686711b99177ed189b","WestCoastD'Armor","677699b98d7eb43c5800f187","6a97ce73e400c3eeccd7dfe9","2026-09-02 03:28"
"Dan YAile","60ef0697612a5400012c89a3","Señorita Plonquita","664ad9de273fe0303a386b45","6a97cf04e400c3eeccd7e1fd","2026-09-02 03:28"
"G_Kush","6a674f295d0a63269b9dabc5","mmm","67e4b9f6ba5dd968184c0954","6a97cec8e400c3eeccd7e122","2026-09-02 03:29"
"hoppyface","5d6e4022b4ec1709f0729979","noki","62193698f5b65f000148e85e","6a97cf55fa2b69ff1ffcd16c","2026-09-02 03:31"
"lebron-3","694357bf716cf71c98f96b42","Dan YAile","60ef0697612a5400012c89a3","6a97ced7e400c3eeccd7e14f","2026-09-02 03:31"
"supergaming","5dfe5cfd328e461c04d7fbf2","mikowhy","659c9d0a72300acff1deb5df","6a97ceb4e400c3eeccd7e0e4","2026-09-02 03:32"
"Syn","5fc86ba947bce10001a030ba","鳴神","5e6434058fd6cf50f886fb99","6a97cf74e400c3eeccd7e3ba","2026-09-02 03:32"
"OscarPiastriTheGoat","6a7e397d7c47f2efb3dc7f2f","Greatvolcano","678c09f94047c93e585ed441","6a97cff4ce7c592295fa2792","2026-09-02 03:32"
"WestCoastD'Armor","677699b98d7eb43c5800f187","oRqf","6690182bfc1680fdfeb98dbc","6a97d029fa2b69ff1ffcd531","2026-09-02 03:32"
"路易十六","65337c686711b99177ed189b","Señorita Plonquita","664ad9de273fe0303a386b45","6a97cfebe400c3eeccd7e5bf","2026-09-02 03:35"
"OscarPiastriTheGoat","6a7e397d7c47f2efb3dc7f2f","Double Dude","63f9b95b807dda6af18c0f4f","6a97d0e2fa2b69ff1ffcd81d","2026-09-02 03:35"
"Señorita Plonquita","664ad9de273fe0303a386b45","kstyko","5ead136297d6cf24a42b1ef4","6a97d039fa2b69ff1ffcd55e","2026-09-02 03:36"
"nota","68b68704757dd886cdc2365a","Kanonenkaktus","5f1c05d6a8de85000129c1ac","6a97d0e2303509a1a18757f0","2026-09-02 03:36"
"Dan YAile","60ef0697612a5400012c89a3","WaiWai","621f7436f0bf520001066b61","6a97d165e400c3eeccd7ed63","2026-09-02 03:38"
"noki","62193698f5b65f000148e85e","mikowhy","659c9d0a72300acff1deb5df","6a97d17de400c3eeccd7ede1","2026-09-02 03:39"
"OscarPiastriTheGoat","6a7e397d7c47f2efb3dc7f2f","Bo","62a01a1d001ba0775a5fa9d2","6a97d20be400c3eeccd7f0c4","2026-09-02 03:42"
"Dan YAile","60ef0697612a5400012c89a3","mikowhy","659c9d0a72300acff1deb5df","6a97d2b2e400c3eeccd7f30d","2026-09-02 03:44"
"Alfred","5c5171d33d925b4af4b9bcbc","鳴神","5e6434058fd6cf50f886fb99","6a97d0ebe400c3eeccd7eb2c","2026-09-02 03:44"
"Syn","5fc86ba947bce10001a030ba","Kvcper","662fea8def375e5012e44b80","6a97d26ae400c3eeccd7f249","2026-09-02 03:44"
"WaiWai","621f7436f0bf520001066b61","Tortue Ouaf Ouaf","644fe9d23a2c476efcc55ed6","6a97d27fe400c3eeccd7f275","2026-09-02 03:44"
"Kanonenkaktus","5f1c05d6a8de85000129c1ac","nota","68b68704757dd886cdc2365a","6a97d28ee400c3eeccd7f2a0","2026-09-02 03:44"
"OscarPiastriTheGoat","6a7e397d7c47f2efb3dc7f2f","JulianZebaschdianBach","65fef3610b2acb9a89070b0d","6a97d368e400c3eeccd7f5e0","2026-09-02 03:44"
"OscarPiastriTheGoat","6a7e397d7c47f2efb3dc7f2f","Gazpacho","674f45117d76386780d7d5f5","6a97d3cae400c3eeccd7f73b","2026-09-02 03:47"
"omigupta (YT)","62280387e7a8b70001576d3d","nota","68b68704757dd886cdc2365a","6a97d3a6e400c3eeccd7f6ae","2026-09-02 03:47"
"mikowhy","659c9d0a72300acff1deb5df","Dan YAile","60ef0697612a5400012c89a3","6a97d3abe400c3eeccd7f6bd","2026-09-02 03:49"
"dying sociopath","5aae066718399e2758306701","Kanonenkaktus","5f1c05d6a8de85000129c1ac","6a97d473e400c3eeccd7f9d8","2026-09-02 03:50"
"WaiWai","621f7436f0bf520001066b61","nota","68b68704757dd886cdc2365a","6a97d47a303509a1a1876490","2026-09-02 03:50"
"鳴神","5e6434058fd6cf50f886fb99","Syn","5fc86ba947bce10001a030ba","6a97d3a8e400c3eeccd7f6b2","2026-09-02 03:51"
"noki","62193698f5b65f000148e85e","mikowhy","659c9d0a72300acff1deb5df","6a97d4e7e400c3eeccd7fb71","2026-09-02 03:52"
"Rinka","66ef015a0d51fac29bcc68a8","nota","68b68704757dd886cdc2365a","6a97d4fae400c3eeccd7fbb3","2026-09-02 03:52"
"BURG·Y","5b75c68b4ee03584bc706941","Febelebix","665455cf5e66bafaa201030f","6a97d2f2fa2b69ff1ffcdfb3","2026-09-02 03:52"
"Kanonenkaktus","5f1c05d6a8de85000129c1ac","dying sociopath","5aae066718399e2758306701","6a97d515e400c3eeccd7fc0b","2026-09-02 03:54"
"omigupta (YT)","62280387e7a8b70001576d3d","see1050","64a0366eab735c867e409369","6a97d4bfe400c3eeccd7fae3","2026-09-02 03:54"
"Rinka","66ef015a0d51fac29bcc68a8","nota","68b68704757dd886cdc2365a","6a97d575e400c3eeccd7fd1f","2026-09-02 03:55"
"aguardiente","60ba2dec2056310001c27701","WaiWai","621f7436f0bf520001066b61","6a97d559e400c3eeccd7fccb","2026-09-02 03:57"
"omigupta (YT)","62280387e7a8b70001576d3d","see1050","64a0366eab735c867e409369","6a97d622e400c3eeccd7ff88","2026-09-02 03:58"
"dying sociopath","5aae066718399e2758306701","Rinka","66ef015a0d51fac29bcc68a8","6a97d65afa2b69ff1ffce90f","2026-09-02 04:00"
"mikowhy","659c9d0a72300acff1deb5df","鳴神","5e6434058fd6cf50f886fb99","6a97d588303509a1a187675e","2026-09-02 04:01"
"tom","613563da6ab4770001681b9a","Kanonenkaktus","5f1c05d6a8de85000129c1ac","6a97d602303509a1a18768ac","2026-09-02 04:01"
"Knuefi","686f418b1d20bac2bc99c10f","nota","68b68704757dd886cdc2365a","6a97d67a303509a1a1876a58","2026-09-02 04:02"
"Rinka","66ef015a0d51fac29bcc68a8","ましろ","60622a237c864a00019b5334","6a97d781e400c3eeccd80485","2026-09-02 04:02"
"OscarPiastriTheGoat","6a7e397d7c47f2efb3dc7f2f","Papako66","662fe90578199c845ff0dd8f","6a97d723303509a1a1876beb","2026-09-02 04:02"
"aguardiente","60ba2dec2056310001c27701","Manureza","678ec40f575b9e3fd172579d","6a97d728fa2b69ff1ffceaf2","2026-09-02 04:03"
"dying sociopath","5aae066718399e2758306701","Kanonenkaktus","5f1c05d6a8de85000129c1ac","6a97d7bc303509a1a1876dd7","2026-09-02 04:04"
"tom","613563da6ab4770001681b9a","omigupta (YT)","62280387e7a8b70001576d3d","6a97d7e8e400c3eeccd805ab","2026-09-02 04:06"
"noki","62193698f5b65f000148e85e","mikowhy","659c9d0a72300acff1deb5df","6a97d7e6e400c3eeccd805a6","2026-09-02 04:07"
"Rinka","66ef015a0d51fac29bcc68a8","ましろ","60622a237c864a00019b5334","6a97d781e400c3eeccd80485","2026-09-02 04:07"
"dying sociopath","5aae066718399e2758306701","tom","613563da6ab4770001681b9a","6a97d8f5fa2b69ff1ffcf006","2026-09-02 04:09"
"Kanonenkaktus","5f1c05d6a8de85000129c1ac","연모트","5ffcf4ef76bbb900019724c1","6a97d881e400c3eeccd807c3","2026-09-02 04:09"
"OscarPiastriTheGoat","6a7e397d7c47f2efb3dc7f2f","Piscu","604851de1e0f43000171f665","6a97d83cfa2b69ff1ffcedb4","2026-09-02 04:10"
"Kraim","655c88001a146e82ab9593a5","鳴神","5e6434058fd6cf50f886fb99","6a97d7b6e400c3eeccd8053d","2026-09-02 04:11"
"omigupta (YT)","62280387e7a8b70001576d3d","smilax","612c35a04dcea10001c97943","6a97d934303509a1a1877175","2026-09-02 04:11"
"JujuMan","68c2ae1b906bbc1e0b8e63e2","Mikebarry","651abda886200fcd9cf22b7a","6a97d8b1e400c3eeccd80870","2026-09-02 04:11"
"BURG·Y","5b75c68b4ee03584bc706941","eglemania","603a7b0367954300019fb4e2","6a97d643e400c3eeccd7ffff","2026-09-02 04:12"
"mikowhy","659c9d0a72300acff1deb5df","Junior Paulo","60d6b2fd6f85320001258c83","6a97d8fefa2b69ff1ffcf018","2026-09-02 04:13"
"tom","613563da6ab4770001681b9a","Davido","60b3bf820390be00015ed409","6a97d9a2f033a5dc0925c5ee","2026-09-02 04:14"
"Kaspervde","5d68c6ace9473f7c4058e087","botje","65ef376b2528c8b0fb2b5e4c","6a97da0a235045909b9bf1a8","2026-09-02 04:16"
"Syn","5fc86ba947bce10001a030ba","鳴神","5e6434058fd6cf50f886fb99","6a97da1c9654979d955af357","2026-09-02 04:16"
"omigupta (YT)","62280387e7a8b70001576d3d","xyz121","69743aff656999ac66c57552","6a97da19f033a5dc0925c71f","2026-09-02 04:16"
"JujuMan","68c2ae1b906bbc1e0b8e63e2","nastenka❦","6714f29401023856a7e18e3f","6a97da309654979d955af381","2026-09-02 04:16"
"ましろ","60622a237c864a00019b5334","dying sociopath","5aae066718399e2758306701","6a97d9f5254b3ed3a0956614","2026-09-02 04:17"
"tom","613563da6ab4770001681b9a","Davido","60b3bf820390be00015ed409","6a97dabcf033a5dc0925c90e","2026-09-02 04:19"
"botje","65ef376b2528c8b0fb2b5e4c","Liquid","6781442e17631265c5b9caa7","6a97db94f033a5dc0925cb9a","2026-09-02 04:20"
"ましろ","60622a237c864a00019b5334","tom","613563da6ab4770001681b9a","6a97dbc9254b3ed3a0956b95","2026-09-02 04:20"
"xyz121","69743aff656999ac66c57552","omigupta (YT)","62280387e7a8b70001576d3d","6a97db4cf033a5dc0925cabd","2026-09-02 04:20"
"mikowhy","659c9d0a72300acff1deb5df","Asteroid","69dbdc1efb7bdfcff7ddf99d","6a97db3ff033a5dc0925caa0","2026-09-02 04:21"
"鳴神","5e6434058fd6cf50f886fb99","Syn","5fc86ba947bce10001a030ba","6a97db24254b3ed3a095699f","2026-09-02 04:22"
"xyz121","69743aff656999ac66c57552","Liquid","6781442e17631265c5b9caa7","6a97dc15235045909b9bf6ff","2026-09-02 04:22"
"Davido","60b3bf820390be00015ed409","omigupta (YT)","62280387e7a8b70001576d3d","6a97dc0d235045909b9bf6ea","2026-09-02 04:23"
"ILIAPLONKS (YT/TTV)","623798a42965f997f04b1cc1","botje","65ef376b2528c8b0fb2b5e4c","6a97dc3ff033a5dc0925cd69","2026-09-02 04:25"
"Asteroid","69dbdc1efb7bdfcff7ddf99d","ましろ","60622a237c864a00019b5334","6a97dc62f033a5dc0925cdd0","2026-09-02 04:26"
"鳴神","5e6434058fd6cf50f886fb99","Anonymous","617f7cfb9dffd50001875a3f","6a97dd0d254b3ed3a0956f68","2026-09-02 04:26"
"tom","613563da6ab4770001681b9a","𝓖𝓮𝓸~𝓲𝓽𝓮𝓻𝓯𝓪𝓬𝓲𝓸≀⑤⑧②","6550ff75cf7966cc5dfe29fe","6a97dca8254b3ed3a0956e09","2026-09-02 04:26"
"aguardiente","60ba2dec2056310001c27701","zadusk","664355240d326e910df50cb4","6a97dbc9254b3ed3a0956b96","2026-09-02 04:26"
"Syn","5fc86ba947bce10001a030ba","xyz121","69743aff656999ac66c57552","6a97dcb9f033a5dc0925cebb","2026-09-02 04:27"
"JujuMan","68c2ae1b906bbc1e0b8e63e2","れい（Rey）","6444afc0c30fa09317b315fc","6a97dcc9235045909b9bf8c2","2026-09-02 04:28"
"𝓖𝓮𝓸~𝓲𝓽𝓮𝓻𝓯𝓪𝓬𝓲𝓸≀⑤⑧②","6550ff75cf7966cc5dfe29fe","Mato Grosso","687515758c49b2f1bf4432cf","6a97dd99f033a5dc0925d15c","2026-09-02 04:31"
"NorthKoreaEnjoyer","6a5776b9557fa0b8070897d7","tom","613563da6ab4770001681b9a","6a97ddf7ae0a1fc6a9e4f291","2026-09-02 04:31"
"Eriko Hashimoto","6a35e9a0766da45cf34f631b","noki","62193698f5b65f000148e85e","6a97dd81254b3ed3a095709f","2026-09-02 04:32"
"Asteroid","69dbdc1efb7bdfcff7ddf99d","ましろ","60622a237c864a00019b5334","6a97ddd8235045909b9bfb9e","2026-09-02 04:32"
"mikowhy","659c9d0a72300acff1deb5df","ILIAPLONKS (YT/TTV)","623798a42965f997f04b1cc1","6a97dd44254b3ed3a0956ffa","2026-09-02 04:34"
"tom","613563da6ab4770001681b9a","Remy","62bd2758a13615c38eb2b07d","6a97defff033a5dc0925d551","2026-09-02 04:34"
"BURG·Y","5b75c68b4ee03584bc706941","연모트","5ffcf4ef76bbb900019724c1","6a97de91ae0a1fc6a9e4f423","2026-09-02 04:35"
"aguardiente","60ba2dec2056310001c27701","xyz121","69743aff656999ac66c57552","6a97ddd9f033a5dc0925d209","2026-09-02 04:35"
"tom","613563da6ab4770001681b9a","omigupta (YT)","62280387e7a8b70001576d3d","6a97df60235045909b9bff30","2026-09-02 04:36"
"Davido","60b3bf820390be00015ed409","see1050","64a0366eab735c867e409369","6a97dec6ae0a1fc6a9e4f4a7","2026-09-02 04:36"
"noki","62193698f5b65f000148e85e","Eriko Hashimoto","6a35e9a0766da45cf34f631b","6a97dedb254b3ed3a09573ae","2026-09-02 04:37"
"Shizuka","5aa4850b42305f89a0f9d3ae","im recording my gameplay","6a437d2254319c3206c01eb9","6a97de98f033a5dc0925d43b","2026-09-02 04:37"
"ましろ","60622a237c864a00019b5334","Ruben","5e1334ba1b34a033c801a9e8","6a97df0f3042574856df231f","2026-09-02 04:38"
"Davido","60b3bf820390be00015ed409","tom","613563da6ab4770001681b9a","6a97dffaf033a5dc0925d7f0","2026-09-02 04:39"
"Stahu","5c4c5e963d925b4af4b88080","aguardiente","60ba2dec2056310001c27701","6a97e0139654979d955b0235","2026-09-02 04:40"
"im recording my gameplay","6a437d2254319c3206c01eb9","THE_MASTER","62f6a15c8845c40754be1420","6a97e035f033a5dc0925d897","2026-09-02 04:40"
"noki","62193698f5b65f000148e85e","Eriko Hashimoto","6a35e9a0766da45cf34f631b","6a97dffeae0a1fc6a9e4f7e1","2026-09-02 04:42"
"ましろ","60622a237c864a00019b5334","Ruben","5e1334ba1b34a033c801a9e8","6a97e049ae0a1fc6a9e4f8c5","2026-09-02 04:42"
"Shizuka","5aa4850b42305f89a0f9d3ae","ximikavt","626a4b34fc591a6ada379fb0","6a97e09aae0a1fc6a9e4f989","2026-09-02 04:42"
"Elori","57d698c209f2ef93b8572689","Asteroid","69dbdc1efb7bdfcff7ddf99d","6a97df0af033a5dc0925d571","2026-09-02 04:43"
"Stahu","5c4c5e963d925b4af4b88080","aguardiente","60ba2dec2056310001c27701","6a97e0f39654979d955b048d","2026-09-02 04:43"
"Manureza","678ec40f575b9e3fd172579d","nota","68b68704757dd886cdc2365a","6a97e0a9ae0a1fc6a9e4f9b1","2026-09-02 04:43"
"tom","613563da6ab4770001681b9a","Luxus","64d905c29860ac321bb0ddc5","6a97e0a7ae0a1fc6a9e4f9af","2026-09-02 04:44"
"im recording my gameplay","6a437d2254319c3206c01eb9","Mecenas Jefferson","56ab9660aeb0f587e8d0190a","6a97e100254b3ed3a0957921","2026-09-02 04:44"
"omigupta (YT)","62280387e7a8b70001576d3d","NorthKoreaEnjoyer","6a5776b9557fa0b8070897d7","6a97e0d9ae0a1fc6a9e4fa81","2026-09-02 04:44"
"ILIAPLONKS (YT/TTV)","623798a42965f997f04b1cc1","Ringo (chatbanned)","6046c8a097019400018ea4cf","6a97dfc5f033a5dc0925d773","2026-09-02 04:45"
"Eriko Hashimoto","6a35e9a0766da45cf34f631b","Genziara","62e033ce217ecdfb2101edf8","6a97e137f033a5dc0925db40","2026-09-02 04:46"
"Davido","60b3bf820390be00015ed409","Remy","62bd2758a13615c38eb2b07d","6a97e1b6f033a5dc0925dd29","2026-09-02 04:46"
"aguardiente","60ba2dec2056310001c27701","Manureza","678ec40f575b9e3fd172579d","6a97e193f033a5dc0925dc84","2026-09-02 04:47"
"Elori","57d698c209f2ef93b8572689","Asteroid","69dbdc1efb7bdfcff7ddf99d","6a97e175ae0a1fc6a9e4fcd8","2026-09-02 04:48"
"Eriko Hashimoto","6a35e9a0766da45cf34f631b","Genziara","62e033ce217ecdfb2101edf8","6a97e23e235045909b9c063b","2026-09-02 04:49"
"tom","613563da6ab4770001681b9a","omigupta (YT)","62280387e7a8b70001576d3d","6a97e1d5ae0a1fc6a9e4fdca","2026-09-02 04:49"
"𝓖𝓮𝓸~𝓲𝓽𝓮𝓻𝓯𝓪𝓬𝓲𝓸≀⑤⑧②","6550ff75cf7966cc5dfe29fe","eglemania","603a7b0367954300019fb4e2","6a97df61254b3ed3a09574ac","2026-09-02 04:49"
"Asteroid","69dbdc1efb7bdfcff7ddf99d","男方鬆 - Mr. Nanfsong","6409beba17491edb5a32b684","6a97e294ae0a1fc6a9e50057","2026-09-02 04:51"
"gokhale","68257ab1be5b31c617f37156","Davido","60b3bf820390be00015ed409","6a97e2aff033a5dc0925e051","2026-09-02 04:51"
"im recording my gameplay","6a437d2254319c3206c01eb9","parsec","670c184c705e783701c753c0","6a97e1c9ae0a1fc6a9e4fd89","2026-09-02 04:51"
"Manureza","678ec40f575b9e3fd172579d","aguardiente","60ba2dec2056310001c27701","6a97e290ae0a1fc6a9e5004e","2026-09-02 04:51"
"ximikavt","626a4b34fc591a6ada379fb0","Stahu","5c4c5e963d925b4af4b88080","6a97e16af033a5dc0925dc1c","2026-09-02 04:53"
"Davido","60b3bf820390be00015ed409","gokhale","68257ab1be5b31c617f37156","6a97e372f033a5dc0925e3ff","2026-09-02 04:54"
"Ringo (chatbanned)","6046c8a097019400018ea4cf","ILIAPLONKS (YT/TTV)","623798a42965f997f04b1cc1","6a97e209ae0a1fc6a9e4fe64","2026-09-02 04:55"
"tom","613563da6ab4770001681b9a","Kanonenkaktus","5f1c05d6a8de85000129c1ac","6a97e2f3f033a5dc0925e14d","2026-09-02 04:55"
"Asteroid","69dbdc1efb7bdfcff7ddf99d","男方鬆 - Mr. Nanfsong","6409beba17491edb5a32b684","6a97e37df033a5dc0925e41a","2026-09-02 04:56"
"Florian","5dad9132d0d2a44f1018e420","𝓖𝓮𝓸~𝓲𝓽𝓮𝓻𝓯𝓪𝓬𝓲𝓸≀⑤⑧②","6550ff75cf7966cc5dfe29fe","6a97e30b235045909b9c0960","2026-09-02 04:56"
"Ringo (chatbanned)","6046c8a097019400018ea4cf","ILIAPLONKS (YT/TTV)","623798a42965f997f04b1cc1","6a97e440be691b28077ba5e5","2026-09-02 04:57"
"Elori","57d698c209f2ef93b8572689","Genziara","62e033ce217ecdfb2101edf8","6a97e2d9ae0a1fc6a9e50168","2026-09-02 04:58"
"kstyko","5ead136297d6cf24a42b1ef4","VIVER","631f29032347fcd4bef60349","6a97e430ac42f6fdcce5ce5b","2026-09-02 04:58"
"路易十六","65337c686711b99177ed189b","MaxJoker84","658c1a04945350bcd1f47aca","6a97e348f033a5dc0925e2e0","2026-09-02 04:58"
"im recording my gameplay","6a437d2254319c3206c01eb9","parsec","670c184c705e783701c753c0","6a97e34bae0a1fc6a9e5038d","2026-09-02 04:58"
"gokhale","68257ab1be5b31c617f37156","Jerome","62e14841f938d5507c4d31f6","6a97e3fff57b47b1fd2940f7","2026-09-02 04:58"
"aguardiente","60ba2dec2056310001c27701","Manureza","678ec40f575b9e3fd172579d","6a97e3989654979d955b0d31","2026-09-02 04:58"
"OscarPiastriTheGoat","6a7e397d7c47f2efb3dc7f2f","tschön","5fff1784fb26c5000114b6ed","6a97e49ecf31f74e7761164d","2026-09-02 04:59"
"Asteroid","69dbdc1efb7bdfcff7ddf99d","男方鬆 - Mr. Nanfsong","6409beba17491edb5a32b684","6a97e4a17d4a1f5f50b47f90","2026-09-02 05:00"
"martiiin___","5e8366f03730753efc33ec0c","𝓖𝓮𝓸~𝓲𝓽𝓮𝓻𝓯𝓪𝓬𝓲𝓸≀⑤⑧②","6550ff75cf7966cc5dfe29fe","6a97e48c7d4a1f5f50b47f3c","2026-09-02 05:00"
"路易十六","65337c686711b99177ed189b","VIVER","631f29032347fcd4bef60349","6a97e511f57b47b1fd294598","2026-09-02 05:01"
"gokhale","68257ab1be5b31c617f37156","Северная Звезда","624197cb0a09fe783347a232","6a97e500cf31f74e776118d3","2026-09-02 05:01"
"OscarPiastriTheGoat","6a7e397d7c47f2efb3dc7f2f","WKG","602bdc0737e4120001e6d813","6a97e551cf31f74e77611a05","2026-09-02 05:01"
"Asteroid","69dbdc1efb7bdfcff7ddf99d","男方鬆 - Mr. Nanfsong","6409beba17491edb5a32b684","6a97e57ef57b47b1fd29472a","2026-09-02 05:02"
"Davido","60b3bf820390be00015ed409","Kanonenkaktus","5f1c05d6a8de85000129c1ac","6a97e440cf31f74e776114fb","2026-09-02 05:02"
"Eddie","5695b1e1838cda1838015d4b","Ringo (chatbanned)","6046c8a097019400018ea4cf","6a97e4cbbe691b28077ba879","2026-09-02 05:03"
"gokhale","68257ab1be5b31c617f37156","MaxJoker84","658c1a04945350bcd1f47aca","6a97e5a4cf31f74e77611b4c","2026-09-02 05:03"
"Elori","57d698c209f2ef93b8572689","adameq","626c3725834eacd247226547","6a97e500cf31f74e776118d4","2026-09-02 05:04"
"Asteroid","69dbdc1efb7bdfcff7ddf99d","男方鬆 - Mr. Nanfsong","6409beba17491edb5a32b684","6a97e5f3f57b47b1fd294886","2026-09-02 05:04"
"Северная Звезда","624197cb0a09fe783347a232","VIVER","631f29032347fcd4bef60349","6a97e5b9cf31f74e77611b8a","2026-09-02 05:05"
"BURG·Y","5b75c68b4ee03584bc706941","ximikavt","626a4b34fc591a6ada379fb0","6a97e459cf31f74e77611550","2026-09-02 05:05"
"路易十六","65337c686711b99177ed189b","martiiin___","5e8366f03730753efc33ec0c","6a97e5ba7d4a1f5f50b4843a","2026-09-02 05:06"
"parsec","670c184c705e783701c753c0","im recording my gameplay","6a437d2254319c3206c01eb9","6a97e512ac42f6fdcce5d180","2026-09-02 05:06"
"VIVER","631f29032347fcd4bef60349","ximikavt","626a4b34fc591a6ada379fb0","6a97e6c5f57b47b1fd294b41","2026-09-02 05:07"
"Zetie","5e9215c1b3ec17480c01df1e","Manureza","678ec40f575b9e3fd172579d","6a97e5907d4a1f5f50b4839f","2026-09-02 05:07"
"路易十六","65337c686711b99177ed189b","Lágrima's Spaceplonk Alt","698282326314d86a2a8c61e3","6a97e6fb7d4a1f5f50b488c7","2026-09-02 05:08"
"gokhale","68257ab1be5b31c617f37156","MaxJoker84","658c1a04945350bcd1f47aca","6a97e6547d4a1f5f50b486d5","2026-09-02 05:08"
"Raqhi","67d48df5e116b8cd2a7fa3f7","男方鬆 - Mr. Nanfsong","6409beba17491edb5a32b684","6a97e67d7d4a1f5f50b48768","2026-09-02 05:08"
"Kanonenkaktus","5f1c05d6a8de85000129c1ac","NorthKoreaEnjoyer","6a5776b9557fa0b8070897d7","6a97e6aecf31f74e77611ec5","2026-09-02 05:08"
"SignpostSlayer","5cd1da5575345f65c86dea02","ILIAPLONKS (YT/TTV)","623798a42965f997f04b1cc1","6a97e4dbcf31f74e776117e6","2026-09-02 05:09"
"VIVER","631f29032347fcd4bef60349","ximikavt","626a4b34fc591a6ada379fb0","6a97e717f91e0cbd0034dde5","2026-09-02 05:10"
"Manureza","678ec40f575b9e3fd172579d","NorthKoreaEnjoyer","6a5776b9557fa0b8070897d7","6a97e7567d4a1f5f50b489c1","2026-09-02 05:11"
"路易十六","65337c686711b99177ed189b","martiiin___","5e8366f03730753efc33ec0c","6a97e76fcf31f74e77612148","2026-09-02 05:12"
"Asteroid","69dbdc1efb7bdfcff7ddf99d","adameq","626c3725834eacd247226547","6a97e68dac42f6fdcce5d655","2026-09-02 05:13"
"男方鬆 - Mr. Nanfsong","6409beba17491edb5a32b684","Kanonenkaktus","5f1c05d6a8de85000129c1ac","6a97e76c7d4a1f5f50b489f7","2026-09-02 05:13"
"Aaryan22","657021f7412bfd95aad62550","GeoIzoard","5ef6bc82308c19725c7ddb1e","6a97e663cf31f74e77611ded","2026-09-02 05:13"
"MaxJoker84","658c1a04945350bcd1f47aca","ximikavt","626a4b34fc591a6ada379fb0","6a97e7e9cf31f74e776122b5","2026-09-02 05:13"
"ILIAPLONKS (YT/TTV)","623798a42965f997f04b1cc1","Kaspervde","5d68c6ace9473f7c4058e087","6a97e7bebe691b28077bb179","2026-09-02 05:14"
"martiiin___","5e8366f03730753efc33ec0c","im recording my gameplay","6a437d2254319c3206c01eb9","6a97e8597d4a1f5f50b48d75","2026-09-02 05:15"
"ILIAPLONKS (YT/TTV)","623798a42965f997f04b1cc1","男方鬆 - Mr. Nanfsong","6409beba17491edb5a32b684","6a97e8e3f57b47b1fd2951f4","2026-09-02 05:17"
"VIVER","631f29032347fcd4bef60349","路易十六","65337c686711b99177ed189b","6a97e844f57b47b1fd295001","2026-09-02 05:17"
"daes","603a39d190c95200017e30a2","Mecenas Jefferson","56ab9660aeb0f587e8d0190a","6a97e7e9be691b28077bb1ee","2026-09-02 05:17"
"Zetie","5e9215c1b3ec17480c01df1e","martiiin___","5e8366f03730753efc33ec0c","6a97e8f7ac42f6fdcce5dd38","2026-09-02 05:17"
"Kanonenkaktus","5f1c05d6a8de85000129c1ac","see1050","64a0366eab735c867e409369","6a97e893f57b47b1fd29512d","2026-09-02 05:17"
"Junior Paulo","60d6b2fd6f85320001258c83","Ringo (chatbanned)","6046c8a097019400018ea4cf","6a97e6307d4a1f5f50b48661","2026-09-02 05:18"
"habesh","647734d056305f7bf5561a4e","mikowhy","659c9d0a72300acff1deb5df","6a97e5f0f57b47b1fd29487b","2026-09-02 05:19"
"路易十六","65337c686711b99177ed189b","VIVER","631f29032347fcd4bef60349","6a97e98fcf31f74e776128b0","2026-09-02 05:19"
"ximikavt","626a4b34fc591a6ada379fb0","Donsus_BOT","6368fe754b4b8e8990e3d5c0","6a97e8baf57b47b1fd29518a","2026-09-02 05:19"
"Asteroid","69dbdc1efb7bdfcff7ddf99d","adameq","626c3725834eacd247226547","6a97e881f57b47b1fd2950dc","2026-09-02 05:20"
"Palmitas","69b33a815634cc416b9c7877","Kaspervde","5d68c6ace9473f7c4058e087","6a97e8e07d4a1f5f50b48f7d","2026-09-02 05:20"
"男方鬆 - Mr. Nanfsong","6409beba17491edb5a32b684","ILIAPLONKS (YT/TTV)","623798a42965f997f04b1cc1","6a97e962cf31f74e776127ec","2026-09-02 05:20"
"Aaryan22","657021f7412bfd95aad62550","im recording my gameplay","6a437d2254319c3206c01eb9","6a97e8eccf31f74e7761267c","2026-09-02 05:20"
"ximikavt","626a4b34fc591a6ada379fb0","nota","68b68704757dd886cdc2365a","6a97ea0dcf31f74e77612a5e","2026-09-02 05:21"
"martiiin___","5e8366f03730753efc33ec0c","Zetie","5e9215c1b3ec17480c01df1e","6a97e98ef57b47b1fd29544e","2026-09-02 05:22"
"Kanonenkaktus","5f1c05d6a8de85000129c1ac","Desanori","65fc7b9691115d931473c1fc","6a97e98bcf31f74e776128ab","2026-09-02 05:22"
"Ringo (chatbanned)","6046c8a097019400018ea4cf","VIVER","631f29032347fcd4bef60349","6a97ea077d4a1f5f50b49313","2026-09-02 05:23"
"☃️💞Necridanov💞☃️🇫🇷-🇲🇹","61c8e6e43ac48e000144efc9","Mecenas Jefferson","56ab9660aeb0f587e8d0190a","6a97ea657d4a1f5f50b494c9","2026-09-02 05:23"
"男方鬆 - Mr. Nanfsong","6409beba17491edb5a32b684","Donsus_BOT","6368fe754b4b8e8990e3d5c0","6a97eaa9cf31f74e77612d0a","2026-09-02 05:24"
"im recording my gameplay","6a437d2254319c3206c01eb9","Aaryan22","657021f7412bfd95aad62550","6a97ea417d4a1f5f50b49432","2026-09-02 05:24"
"Curlsphil","634725814a2b0615fad04fb9","𝓖𝓮𝓸~𝓲𝓽𝓮𝓻𝓯𝓪𝓬𝓲𝓸≀⑤⑧②","6550ff75cf7966cc5dfe29fe","6a97e56e7d4a1f5f50b48333","2026-09-02 05:24"
"☃️💞Necridanov💞☃️🇫🇷-🇲🇹","61c8e6e43ac48e000144efc9","Zetie","5e9215c1b3ec17480c01df1e","6a97ead17d4a1f5f50b495ea","2026-09-02 05:24"
"ayberk","606423c6983e600001950984","NorthKoreaEnjoyer","6a5776b9557fa0b8070897d7","6a97e91f7d4a1f5f50b49026","2026-09-02 05:24"
"男方鬆 - Mr. Nanfsong","6409beba17491edb5a32b684","Donsus_BOT","6368fe754b4b8e8990e3d5c0","6a97eaa9cf31f74e77612d0a","2026-09-02 05:24"
"Aaryan22","657021f7412bfd95aad62550","im recording my gameplay","6a437d2254319c3206c01eb9","6a97eb2c7d4a1f5f50b49741","2026-09-02 05:25"
"Palmitas","69b33a815634cc416b9c7877","Asteroid","69dbdc1efb7bdfcff7ddf99d","6a97ea35cf31f74e77612b37","2026-09-02 05:26"
"ILIAPLONKS (YT/TTV)","623798a42965f997f04b1cc1","Kaspervde","5d68c6ace9473f7c4058e087","6a97ea48ac42f6fdcce5e165","2026-09-02 05:26"
"adameq","626c3725834eacd247226547","Ringo (chatbanned)","6046c8a097019400018ea4cf","6a97eade7d4a1f5f50b49607","2026-09-02 05:27"
"Kanonenkaktus","5f1c05d6a8de85000129c1ac","VIVER","631f29032347fcd4bef60349","6a97eaf57d4a1f5f50b4965b","2026-09-02 05:27"
"Donsus_BOT","6368fe754b4b8e8990e3d5c0","NorthKoreaEnjoyer","6a5776b9557fa0b8070897d7","6a97eb29cf31f74e77612ede","2026-09-02 05:28"
"男方鬆 - Mr. Nanfsong","6409beba17491edb5a32b684","Ringo (chatbanned)","6046c8a097019400018ea4cf","6a97ebb57d4a1f5f50b498fb","2026-09-02 05:29"
"☃️💞Necridanov💞☃️🇫🇷-🇲🇹","61c8e6e43ac48e000144efc9","Donsus_BOT","6368fe754b4b8e8990e3d5c0","6a97eb44cf31f74e77612f57","2026-09-02 05:29"
"ayberk","606423c6983e600001950984","nota","68b68704757dd886cdc2365a","6a97ebebf57b47b1fd295c9e","2026-09-02 05:29"
"Zetie","5e9215c1b3ec17480c01df1e","dadasing","6380ec3dda4b679cf55302da","6a97eb39ac42f6fdcce5e46d","2026-09-02 05:29"
"WaiWai","621f7436f0bf520001066b61","Manureza","678ec40f575b9e3fd172579d","6a97ebb9cf31f74e776130be","2026-09-02 05:30"
"男方鬆 - Mr. Nanfsong","6409beba17491edb5a32b684","VIVER","631f29032347fcd4bef60349","6a97ec49be691b28077bbe47","2026-09-02 05:32"
"Aaryan22","657021f7412bfd95aad62550","im recording my gameplay","6a437d2254319c3206c01eb9","6a97eb7af57b47b1fd295ae9","2026-09-02 05:32"
"Donsus_BOT","6368fe754b4b8e8990e3d5c0","see1050","64a0366eab735c867e409369","6a97ec38cf31f74e7761327f","2026-09-02 05:32"
"EduguessR","6a7c5facf5377397e73254ea","Muradych","69b67b18272e4275594c750f","6a97ebadf57b47b1fd295b93","2026-09-02 05:33"
"adameq","626c3725834eacd247226547","Ringo (chatbanned)","6046c8a097019400018ea4cf","6a97ec4b7d4a1f5f50b49bc5","2026-09-02 05:34"
"Organisasi Papua Memancing","69995b419e128ba90d15bd67","Donsus_BOT","6368fe754b4b8e8990e3d5c0","6a97ed287d4a1f5f50b49f2d","2026-09-02 05:35"
"EduguessR","6a7c5facf5377397e73254ea","DragonMBZ","5e2ab016e9473f151c88eb84","6a97ed39be691b28077bc125","2026-09-02 05:35"
"Asteroid","69dbdc1efb7bdfcff7ddf99d","Palmitas","69b33a815634cc416b9c7877","6a97ebb17d4a1f5f50b498ef","2026-09-02 05:36"
"kstyko","5ead136297d6cf24a42b1ef4","ILIAPLONKS (YT/TTV)","623798a42965f997f04b1cc1","6a97ec77f57b47b1fd295ea1","2026-09-02 05:36"
"男方鬆 - Mr. Nanfsong","6409beba17491edb5a32b684","Ringo (chatbanned)","6046c8a097019400018ea4cf","6a97ed87f57b47b1fd29623a","2026-09-02 05:37"
"LetsCrime (chatbanned)","67a80cc003077ed0dfc834ab","Kaspervde","5d68c6ace9473f7c4058e087","6a97ecba0114fc1388a37cab","2026-09-02 05:38"
"im recording my gameplay","6a437d2254319c3206c01eb9","Aaryan22","657021f7412bfd95aad62550","6a97ed140114fc1388a37df0","2026-09-02 05:38"
"Donsus_BOT","6368fe754b4b8e8990e3d5c0","Lodi","5788e5e5c2a0fb1304dba46c","6a97edbbcf31f74e77613875","2026-09-02 05:38"
"Donsus_BOT","6368fe754b4b8e8990e3d5c0","Lodi","5788e5e5c2a0fb1304dba46c","6a97ee9ae53123ea3a4aae84","2026-09-02 05:40"
"EduguessR","6a7c5facf5377397e73254ea","ahmet numan Duman","6079399232e57000015e9757","6a97edbebe691b28077bc2d4","2026-09-02 05:40"
"Ringo (chatbanned)","6046c8a097019400018ea4cf","Kaspervde","5d68c6ace9473f7c4058e087","6a97ee4e7d4a1f5f50b4a40b","2026-09-02 05:41"
"WaiWai","621f7436f0bf520001066b61","ILIAPLONKS (YT/TTV)","623798a42965f997f04b1cc1","6a97ee147d4a1f5f50b4a2fc","2026-09-02 05:41"
"adameq","626c3725834eacd247226547","Asteroid","69dbdc1efb7bdfcff7ddf99d","6a97edd8cf31f74e77613912","2026-09-02 05:42"
"Donsus_BOT","6368fe754b4b8e8990e3d5c0","Lodi","5788e5e5c2a0fb1304dba46c","6a97ee9ae53123ea3a4aae84","2026-09-02 05:42"
"ILIAPLONKS (YT/TTV)","623798a42965f997f04b1cc1","男方鬆 - Mr. Nanfsong","6409beba17491edb5a32b684","6a97ef0ccf31f74e77613dee","2026-09-02 05:44"
"Aaryan22","657021f7412bfd95aad62550","im recording my gameplay","6a437d2254319c3206c01eb9","6a97ee55f57b47b1fd2964f9","2026-09-02 05:44"
"Junior Paulo","60d6b2fd6f85320001258c83","Kaspervde","5d68c6ace9473f7c4058e087","6a97ef4ce53123ea3a4ab0e5","2026-09-02 05:46"
"Asteroid","69dbdc1efb7bdfcff7ddf99d","Ringo (chatbanned)","6046c8a097019400018ea4cf","6a97ef61cf31f74e77613f0b","2026-09-02 05:48"
"ILIAPLONKS (YT/TTV)","623798a42965f997f04b1cc1","男方鬆 - Mr. Nanfsong","6409beba17491edb5a32b684","6a97efbccf31f74e77614044","2026-09-02 05:48"
"Organisasi Papua Memancing","69995b419e128ba90d15bd67","tom","613563da6ab4770001681b9a","6a97efa0cf31f74e77613fdc","2026-09-02 05:48"
"EduguessR","6a7c5facf5377397e73254ea","Djebowden","5cf107769f41ee4eb00cb569","6a97eed77d4a1f5f50b4a5f5","2026-09-02 05:49"
"Shakazaramesh","5ef2945bbb96627c9ce5f63f","im recording my gameplay","6a437d2254319c3206c01eb9","6a97efdbe53123ea3a4ab2de","2026-09-02 05:50"
"Aaryan22","657021f7412bfd95aad62550","omigupta (YT)","62280387e7a8b70001576d3d","6a97f03bcf31f74e77614206","2026-09-02 05:51"
"ILIAPLONKS (YT/TTV)","623798a42965f997f04b1cc1","男方鬆 - Mr. Nanfsong","6409beba17491edb5a32b684","6a97f0c07d4a1f5f50b4ab9a","2026-09-02 05:52"
"adameq","626c3725834eacd247226547","Asteroid","69dbdc1efb7bdfcff7ddf99d","6a97f0d5cf31f74e776143b6","2026-09-02 05:53"
"Eric455293","5ba7d3df2c0173520853d18c","im recording my gameplay","6a437d2254319c3206c01eb9","6a97f133e53123ea3a4ab784","2026-09-02 05:54"
"CoastillCitadel955","689f0cfe032a68f96bee23d0","Ringo (chatbanned)","6046c8a097019400018ea4cf","6a97f117cf31f74e77614461","2026-09-02 05:55"
"Lodi","5788e5e5c2a0fb1304dba46c","Mythaz","62c41cd57a1a25207caf8277","6a97f1f27d4a1f5f50b4af47","2026-09-02 05:55"
"ILIAPLONKS (YT/TTV)","623798a42965f997f04b1cc1","男方鬆 - Mr. Nanfsong","6409beba17491edb5a32b684","6a97f199e53123ea3a4ab927","2026-09-02 05:56"
"SignpostSlayer","5cd1da5575345f65c86dea02","Kaspervde","5d68c6ace9473f7c4058e087","6a97f0d3cf31f74e776143b4","2026-09-02 05:56"
"omigupta (YT)","62280387e7a8b70001576d3d","Organisasi Papua Memancing","69995b419e128ba90d15bd67","6a97f1657d4a1f5f50b4ad99","2026-09-02 05:57"
"Lodi","5788e5e5c2a0fb1304dba46c","GeoIzoard","5ef6bc82308c19725c7ddb1e","6a97f2bccf31f74e776148c2","2026-09-02 05:59"
"gokhale","68257ab1be5b31c617f37156","omigupta (YT)","62280387e7a8b70001576d3d","6a97f304e53123ea3a4abd1e","2026-09-02 06:00"
"男方鬆 - Mr. Nanfsong","6409beba17491edb5a32b684","ILIAPLONKS (YT/TTV)","623798a42965f997f04b1cc1","6a97f298e53123ea3a4abc0d","2026-09-02 06:01"
"Kaspervde","5d68c6ace9473f7c4058e087","Nördster","60a91a4b4910a100012b6132","6a97f291be691b28077bd079","2026-09-02 06:01"
"Shakazaramesh","5ef2945bbb96627c9ce5f63f","Aaryan22","657021f7412bfd95aad62550","6a97f1c77d4a1f5f50b4aee1","2026-09-02 06:01"
"EduguessR","6a7c5facf5377397e73254ea","Weekty","5f4044810b825a000105c956","6a97f29ee53123ea3a4abc17","2026-09-02 06:01"
"im recording my gameplay","6a437d2254319c3206c01eb9","jeyjey1001","5e9dc1026ea510450800fbb9","6a97f2e7e53123ea3a4abcdb","2026-09-02 06:01"
"CoastillCitadel955","689f0cfe032a68f96bee23d0","Asteroid","69dbdc1efb7bdfcff7ddf99d","6a97f289e53123ea3a4abbef","2026-09-02 06:02"
"gokhale","68257ab1be5b31c617f37156","MaxJoker84","658c1a04945350bcd1f47aca","6a97f37ccf31f74e77614abb","2026-09-02 06:04"
"Nördster","60a91a4b4910a100012b6132","Kaspervde","5d68c6ace9473f7c4058e087","6a97f3eae53123ea3a4abf77","2026-09-02 06:04"
"omigupta (YT)","62280387e7a8b70001576d3d","tb_ro","603e081bd3dc740001da90e8","6a97f3decf31f74e77614b8a","2026-09-02 06:04"
"adameq","626c3725834eacd247226547","Palmitas","69b33a815634cc416b9c7877","6a97f249be691b28077bcfe8","2026-09-02 06:05"
"mikowhy","659c9d0a72300acff1deb5df","SignpostSlayer","5cd1da5575345f65c86dea02","6a97f3afbe691b28077bd251","2026-09-02 06:05"
"ILIAPLONKS (YT/TTV)","623798a42965f997f04b1cc1","男方鬆 - Mr. Nanfsong","6409beba17491edb5a32b684","6a97f3e1e53123ea3a4abf5c","2026-09-02 06:05"
"Aaryan22","657021f7412bfd95aad62550","im recording my gameplay","6a437d2254319c3206c01eb9","6a97f3d6e53123ea3a4abf3c","2026-09-02 06:05"
"EduguessR","6a7c5facf5377397e73254ea","蛍光ペン","66927742a1583b31ce21263e","6a97f3cd7d4a1f5f50b4b3f4","2026-09-02 06:05"
"Alee 🏍","605b8e2563c4b80001a89321","Organisasi Papua Memancing","69995b419e128ba90d15bd67","6a97f312cf31f74e776149c0","2026-09-02 06:05"
"DK","616dadb53ea44c00014582b8","Ringo (chatbanned)","6046c8a097019400018ea4cf","6a97f48be53123ea3a4ac0c8","2026-09-02 06:06"
"CoastillCitadel955","689f0cfe032a68f96bee23d0","Asteroid","69dbdc1efb7bdfcff7ddf99d","6a97f452be691b28077bd378","2026-09-02 06:08"
"gokhale","68257ab1be5b31c617f37156","男方鬆 - Mr. Nanfsong","6409beba17491edb5a32b684","6a97f4b3e53123ea3a4ac150","2026-09-02 06:08"
"antidotess","60859c21128efc0001559603","Eric455293","5ba7d3df2c0173520853d18c","6a97f414cf31f74e77614c02","2026-09-02 06:09"
"omigupta (YT)","62280387e7a8b70001576d3d","MaxJoker84","658c1a04945350bcd1f47aca","6a97f4988077e75d69b51ecf","2026-09-02 06:09"
"EduguessR","6a7c5facf5377397e73254ea","natharoni","65b9cb3533345c675b5ace6f","6a97f544ac42f6fdcce5feac","2026-09-02 06:09"
"Kaspervde","5d68c6ace9473f7c4058e087","Lodi","5788e5e5c2a0fb1304dba46c","6a97f49a7d4a1f5f50b4b55c","2026-09-02 06:10"
"Venux","601d72df848235000143965e","im recording my gameplay","6a437d2254319c3206c01eb9","6a97f4b5be691b28077bd41f","2026-09-02 06:10"
"adameq","626c3725834eacd247226547","Palmitas","69b33a815634cc416b9c7877","6a97f4d6be691b28077bd462","2026-09-02 06:11"
"男方鬆 - Mr. Nanfsong","6409beba17491edb5a32b684","[TNT] jv724 α","5d50f46b24ec173888d7e22e","6a97f5e5e53123ea3a4ac482","2026-09-02 06:12"
"gokhale","68257ab1be5b31c617f37156","exegi momentum","5f906300b00b570001274e55","6a97f5bfcf31f74e77614fd5","2026-09-02 06:12"
"mikowhy","659c9d0a72300acff1deb5df","Asteroid","69dbdc1efb7bdfcff7ddf99d","6a97f55ce53123ea3a4ac327","2026-09-02 06:13"
"GeoChad147 (Youtube)","61333da66ab477000167c55b","Mythaz","62c41cd57a1a25207caf8277","6a97f46be53123ea3a4ac08f","2026-09-02 06:13"
"Organisasi Papua Memancing","69995b419e128ba90d15bd67","MaxJoker84","658c1a04945350bcd1f47aca","6a97f5c57d4a1f5f50b4b7ca","2026-09-02 06:13"
"CoastillCitadel955","689f0cfe032a68f96bee23d0","SignpostSlayer","5cd1da5575345f65c86dea02","6a97f5d07d4a1f5f50b4b7f0","2026-09-02 06:14"
"Aaryan22","657021f7412bfd95aad62550","Joo-eun.","6a290dd1cf6b59479a2ae4de","6a97f547f57b47b1fd29769c","2026-09-02 06:14"
"Asteroid","69dbdc1efb7bdfcff7ddf99d","男方鬆 - Mr. Nanfsong","6409beba17491edb5a32b684","6a97f6aa0114fc1388a396de","2026-09-02 06:15"
"[TNT] jv724 α","5d50f46b24ec173888d7e22e","omigupta (YT)","62280387e7a8b70001576d3d","6a97f671e53123ea3a4ac5fe","2026-09-02 06:16"
"tom","613563da6ab4770001681b9a","exegi momentum","5f906300b00b570001274e55","6a97f672e53123ea3a4ac601","2026-09-02 06:17"
"Organisasi Papua Memancing","69995b419e128ba90d15bd67","MaxJoker84","658c1a04945350bcd1f47aca","6a97f6d8e53123ea3a4ac73a","2026-09-02 06:17"
"im recording my gameplay","6a437d2254319c3206c01eb9","Lodi","5788e5e5c2a0fb1304dba46c","6a97f6c1cf31f74e776152cf","2026-09-02 06:17"
"Eric455293","5ba7d3df2c0173520853d18c","EspionZ !","615dcb356484660001c78f88","6a97f74be53123ea3a4ac8ab","2026-09-02 06:17"
"mikowhy","659c9d0a72300acff1deb5df","adameq","626c3725834eacd247226547","6a97f6a9e53123ea3a4ac6bc","2026-09-02 06:18"
"Jerzy Kirkowski","5ecbdec18d6ade72cc832c5a","Derzal","5f96feae45cc8c00017ca853","6a97f57de53123ea3a4ac383","2026-09-02 06:19"
"Asteroid","69dbdc1efb7bdfcff7ddf99d","CoastillCitadel955","689f0cfe032a68f96bee23d0","6a97f71d7d4a1f5f50b4bb60","2026-09-02 06:20"
"男方鬆 - Mr. Nanfsong","6409beba17491edb5a32b684","[TNT] jv724 α","5d50f46b24ec173888d7e22e","6a97f73bcf31f74e7761544a","2026-09-02 06:20"
"omigupta (YT)","62280387e7a8b70001576d3d","exegi momentum","5f906300b00b570001274e55","6a97f7d2e53123ea3a4aca50","2026-09-02 06:20"
"Kraim","655c88001a146e82ab9593a5","ILIAPLONKS (YT/TTV)","623798a42965f997f04b1cc1","6a97f6f1e53123ea3a4ac793","2026-09-02 06:21"
"SignpostSlayer","5cd1da5575345f65c86dea02","GeoChad147 (Youtube)","61333da66ab477000167c55b","6a97f73ecf31f74e7761545b","2026-09-02 06:21"
"Eric455293","5ba7d3df2c0173520853d18c","Dasi","60646de64f3a8e00016fae55","6a97f7a4be691b28077bdae4","2026-09-02 06:21"
"Palmitas","69b33a815634cc416b9c7877","antidotess","60859c21128efc0001559603","6a97f75be53123ea3a4ac8de","2026-09-02 06:22"
"鳴神","5e6434058fd6cf50f886fb99","pisanico","5e59788312777c09acb5f77f","6a97f626e53123ea3a4ac528","2026-09-02 06:22"
"exegi momentum","5f906300b00b570001274e55","男方鬆 - Mr. Nanfsong","6409beba17491edb5a32b684","6a97f8a6f57b47b1fd297f5f","2026-09-02 06:24"
"Joo-eun.","6a290dd1cf6b59479a2ae4de","Dorrian","663612de8e313d3aa279ea9c","6a97f700e53123ea3a4ac7d6","2026-09-02 06:24"
"mikowhy","659c9d0a72300acff1deb5df","adameq","626c3725834eacd247226547","6a97f7d7cf31f74e776155e7","2026-09-02 06:25"
"Żukasz","602cfd5dc397fa0001f09dfb","Umbrella☔","6814628ed8477060002e00ba","6a97f876e53123ea3a4acc6b","2026-09-02 06:25"
"Derzal","5f96feae45cc8c00017ca853","Jerzy Kirkowski","5ecbdec18d6ade72cc832c5a","6a97f80ee53123ea3a4acb00","2026-09-02 06:25"
"Organisasi Papua Memancing","69995b419e128ba90d15bd67","NorthKoreaEnjoyer","6a5776b9557fa0b8070897d7","6a97f8f2e53123ea3a4acdf7","2026-09-02 06:27"
"CoastillCitadel955","689f0cfe032a68f96bee23d0","Asteroid","69dbdc1efb7bdfcff7ddf99d","6a97f85ce53123ea3a4acc19","2026-09-02 06:28"
"pisanico","5e59788312777c09acb5f77f","ILIAPLONKS (YT/TTV)","623798a42965f997f04b1cc1","6a97f899e53123ea3a4acce5","2026-09-02 06:28"
"exegi momentum","5f906300b00b570001274e55","男方鬆 - Mr. Nanfsong","6409beba17491edb5a32b684","6a97f92fcf31f74e776159d1","2026-09-02 06:28"
"omigupta (YT)","62280387e7a8b70001576d3d","Dasi","60646de64f3a8e00016fae55","6a97f87de53123ea3a4acc74","2026-09-02 06:28"
"Palmitas","69b33a815634cc416b9c7877","Luca","62faac056417c6c320e282de","6a97f94abe691b28077bdf2f","2026-09-02 06:29"
"Shakazaramesh","5ef2945bbb96627c9ce5f63f","Derzal","5f96feae45cc8c00017ca853","6a97f971cf31f74e77615a82","2026-09-02 06:29"
"Organisasi Papua Memancing","69995b419e128ba90d15bd67","Valdemanco del Esteras","63a961ba125cceb013a41d89","6a97f9e0e53123ea3a4ad174","2026-09-02 06:29"
"Jerzy Kirkowski","5ecbdec18d6ade72cc832c5a","Falken","6259db15861871be45a34fab","6a97f97fe53123ea3a4acfd9","2026-09-02 06:29"
"MaxJoker84","658c1a04945350bcd1f47aca","Joo-eun.","6a290dd1cf6b59479a2ae4de","6a97f954cf31f74e77615a25","2026-09-02 06:29"
"CoastillCitadel955","689f0cfe032a68f96bee23d0","SkiDY","57f01da89b1dda5a1c25916c","6a97fa13cf31f74e77615cf2","2026-09-02 06:30"
"Asteroid","69dbdc1efb7bdfcff7ddf99d","Dissonans","60e09234213b0600019d912e","6a97fa00e53123ea3a4ad1e0","2026-09-02 06:31"
"exegi momentum","5f906300b00b570001274e55","Salem","63af4615494c2bc27e4a2f31","6a97fa73e53123ea3a4ad32f","2026-09-02 06:32"
"Umbrella☔","6814628ed8477060002e00ba","Żukasz","602cfd5dc397fa0001f09dfb","6a97f956cf31f74e77615a31","2026-09-02 06:32"
"antidotess","60859c21128efc0001559603","GeoChad147 (Youtube)","61333da66ab477000167c55b","6a97f8c0cf31f74e77615832","2026-09-02 06:32"
"Organisasi Papua Memancing","69995b419e128ba90d15bd67","Jerzy Kirkowski","5ecbdec18d6ade72cc832c5a","6a97fa64e53123ea3a4ad2fb","2026-09-02 06:32"
"Zifuko","5e85136d3d4b6a36ac752a7b","Palmitas","69b33a815634cc416b9c7877","6a97fa3ce53123ea3a4ad283","2026-09-02 06:34"
"Eric455293","5ba7d3df2c0173520853d18c","Derzal","5f96feae45cc8c00017ca853","6a97fad8e53123ea3a4ad458","2026-09-02 06:34"
"adameq","626c3725834eacd247226547","mikowhy","659c9d0a72300acff1deb5df","6a97f9637d4a1f5f50b4c1a8","2026-09-02 06:35"
"Dissonans","60e09234213b0600019d912e","Organisasi Papua Memancing","69995b419e128ba90d15bd67","6a97fb29cf31f74e776160a0","2026-09-02 06:36"
"Haus","678bc95a847b56d5e0276463","Sisyphus42","62c30647b04cf935ec6dfec7","6a97f9827d4a1f5f50b4c23a","2026-09-02 06:36"
"Joo-eun.","6a290dd1cf6b59479a2ae4de","Krakarlkus","6000244a8987730001b34513","6a97fb62e53123ea3a4ad678","2026-09-02 06:37"
"ILIAPLONKS (YT/TTV)","623798a42965f997f04b1cc1","Luca","62faac056417c6c320e282de","6a97fa7cf57b47b1fd298553","2026-09-02 06:38"
"Asteroid","69dbdc1efb7bdfcff7ddf99d","SkiDY","57f01da89b1dda5a1c25916c","6a97facfe53123ea3a4ad436","2026-09-02 06:39"
"Shakazaramesh","5ef2945bbb96627c9ce5f63f","Wijn.","657979f3db414bd0da540f23","6a97fa9be53123ea3a4ad3aa","2026-09-02 06:40"
"Dumby The Wizard","62d3d7745f2d61d4ee64cca9","Kenji","5f2fd4348378f500019bdee0","6a97fb4bf57b47b1fd2987cf","2026-09-02 06:40"
"Joo-eun.","6a290dd1cf6b59479a2ae4de","Rhodora","69f62c02c103116f90334aaf","6a97fc30f57b47b1fd298a87","2026-09-02 06:40"
"mikowhy","659c9d0a72300acff1deb5df","adameq","626c3725834eacd247226547","6a97fbcfcf31f74e776162a3","2026-09-02 06:41"
"CoastillCitadel955","689f0cfe032a68f96bee23d0","supergaming","5dfe5cfd328e461c04d7fbf2","6a97fb03f57b47b1fd2986f5","2026-09-02 06:41"
"Aaryan22","657021f7412bfd95aad62550","Żukasz","602cfd5dc397fa0001f09dfb","6a97fc07e53123ea3a4ad8bf","2026-09-02 06:42"
"MaxJoker84","658c1a04945350bcd1f47aca","Dasi","60646de64f3a8e00016fae55","6a97fc70e53123ea3a4ada4f","2026-09-02 06:42"
"Asteroid","69dbdc1efb7bdfcff7ddf99d","Tylko Olimpia","5aa9bfec18399e27582f8b7a","6a97fcaaf57b47b1fd298c1c","2026-09-02 06:45"
"Dissonans","60e09234213b0600019d912e","ILIAPLONKS (YT/TTV)","623798a42965f997f04b1cc1","6a97fd097d4a1f5f50b4cdcb","2026-09-02 06:45"
"Rhodora","69f62c02c103116f90334aaf","Joo-eun.","6a290dd1cf6b59479a2ae4de","6a97fd40f57b47b1fd298dc6","2026-09-02 06:45"
"Eric455293","5ba7d3df2c0173520853d18c","Lodi","5788e5e5c2a0fb1304dba46c","6a97fd3acf31f74e77616720","2026-09-02 06:46"
"Aaryan22","657021f7412bfd95aad62550","Dasi","60646de64f3a8e00016fae55","6a97fd76cf31f74e77616845","2026-09-02 06:47"
"Nettspend","67a7ed6d607e54ae2aa7a9e5","Lottta","6019a1a4665de0000144339d","6a97fd67f57b47b1fd298e90","2026-09-02 06:47"
"adameq","626c3725834eacd247226547","mikowhy","659c9d0a72300acff1deb5df","6a97fd0acf31f74e7761666c","2026-09-02 06:48"
"CoastillCitadel955","689f0cfe032a68f96bee23d0","Kraim","655c88001a146e82ab9593a5","6a97fd84be691b28077beb88","2026-09-02 06:49"
"Asteroid","69dbdc1efb7bdfcff7ddf99d","ILIAPLONKS (YT/TTV)","623798a42965f997f04b1cc1","6a97fe14f57b47b1fd299146","2026-09-02 06:49"
"Derzal","5f96feae45cc8c00017ca853","RainyHill547","6922e2291744c5356b0c8b0f","6a97fd35e53123ea3a4add1c","2026-09-02 06:49"
"Shakazaramesh","5ef2945bbb96627c9ce5f63f","SkiDY","57f01da89b1dda5a1c25916c","6a97fd32e53123ea3a4add16","2026-09-02 06:50"
"Venux","601d72df848235000143965e","Eric455293","5ba7d3df2c0173520853d18c","6a97fe49cf31f74e77616b63","2026-09-02 06:50"
"Salem","63af4615494c2bc27e4a2f31","ILIAPLONKS (YT/TTV)","623798a42965f997f04b1cc1","6a97ff25be691b28077bf144","2026-09-02 06:52"
"supergaming","5dfe5cfd328e461c04d7fbf2","adameq","626c3725834eacd247226547","6a97fecdbe691b28077bf03c","2026-09-02 06:53"
"Sebo586","6484d6c62835b90b9cd9297c","Manureza","678ec40f575b9e3fd172579d","6a97fe6fcf31f74e77616c1e","2026-09-02 06:53"
"Asteroid","69dbdc1efb7bdfcff7ddf99d","xiwang","696e0e6fe76a00570552d609","6a97ff2dcf31f74e77616f08","2026-09-02 06:54"
"Sebo586","6484d6c62835b90b9cd9297c","Wijn.","657979f3db414bd0da540f23","6a97ffe9f57b47b1fd299745","2026-09-02 06:56"
"Dumby The Wizard","62d3d7745f2d61d4ee64cca9","oRqf","6690182bfc1680fdfeb98dbc","6a97ff05876a50e98749705c","2026-09-02 06:56"
"Kenji","5f2fd4348378f500019bdee0","Derzal","5f96feae45cc8c00017ca853","6a97ff22e53123ea3a4ae4ad","2026-09-02 06:56"
"ILIAPLONKS (YT/TTV)","623798a42965f997f04b1cc1","antidotess","60859c21128efc0001559603","6a97ffdbf57b47b1fd299723","2026-09-02 06:57"
"Rhodora","69f62c02c103116f90334aaf","NorthKoreaEnjoyer","6a5776b9557fa0b8070897d7","6a97ffc9e53123ea3a4ae6ca","2026-09-02 06:57"
"adameq","626c3725834eacd247226547","Brzoza","60ababeffb1efa0001302754","6a9800267d4a1f5f50b4d8f9","2026-09-02 06:58"
"Kraim","655c88001a146e82ab9593a5","SkiDY","57f01da89b1dda5a1c25916c","6a97ff4cf57b47b1fd299573","2026-09-02 06:58"
"Eric455293","5ba7d3df2c0173520853d18c","Jayden","61f149e3c24ced00015b4777","6a97ff74e53123ea3a4ae5e4","2026-09-02 06:58"
"supergaming","5dfe5cfd328e461c04d7fbf2","CoastillCitadel955","689f0cfe032a68f96bee23d0","6a97ffe2cf31f74e7761715d","2026-09-02 06:59"
"Rhodora","69f62c02c103116f90334aaf","NorthKoreaEnjoyer","6a5776b9557fa0b8070897d7","6a9800fb7d4a1f5f50b4db65","2026-09-02 06:59"
"ayberk","606423c6983e600001950984","phenol","63f6e6431c1ebb3a975a292b","6a97fcd2e53123ea3a4adb9e","2026-09-02 06:59"
"KAITOOO","62e8c3ab0065abc49aca361d","Venux","601d72df848235000143965e","6a980028e53123ea3a4ae827","2026-09-02 06:59"
"adameq","626c3725834eacd247226547","Brzoza","60ababeffb1efa0001302754","6a98010c7d4a1f5f50b4db92","2026-09-02 07:00"
"Sebo586","6484d6c62835b90b9cd9297c","antidotess","60859c21128efc0001559603","6a980101e53123ea3a4aebae","2026-09-02 07:01"
"Haus","678bc95a847b56d5e0276463","EspionZ !","615dcb356484660001c78f88","6a97ff3fcf31f74e77616f3a","2026-09-02 07:04"
"adameq","626c3725834eacd247226547","Brzoza","60ababeffb1efa0001302754","6a980195cf31f74e7761776d","2026-09-02 07:06"
"ILIAPLONKS (YT/TTV)","623798a42965f997f04b1cc1","Dumby The Wizard","62d3d7745f2d61d4ee64cca9","6a980153ac42f6fdcce61fb5","2026-09-02 07:06"
"xiwang","696e0e6fe76a00570552d609","Shakazaramesh","5ef2945bbb96627c9ce5f63f","6a980098cf31f74e77617387","2026-09-02 07:07"
"SkiDY","57f01da89b1dda5a1c25916c","Knowledge","5fa20214cb54e30001357d56","6a9801b4cf31f74e776177e9","2026-09-02 07:07"
"Venux","601d72df848235000143965e","Dasi","60646de64f3a8e00016fae55","6a980197e53123ea3a4aee1e","2026-09-02 07:07"
"MaxJoker84","658c1a04945350bcd1f47aca","ageographysloth","625b039aec2b439362e461fb","6a9802a7cf31f74e77617a80","2026-09-02 07:07"
"Sebo586","6484d6c62835b90b9cd9297c","Wijn.","657979f3db414bd0da540f23","6a9801ffe53123ea3a4aef84","2026-09-02 07:11"
"ILIAPLONKS (YT/TTV)","623798a42965f997f04b1cc1","Brzoza","60ababeffb1efa0001302754","6a980328e53123ea3a4af394","2026-09-02 07:12"
"antidotess","60859c21128efc0001559603","Tiebewit","627e3c4f8d599a50bd747368","6a9803e0cf31f74e77617df0","2026-09-02 07:12"
"Felix.svb","6856986bb22dea4ae40a3d22","Sebo586","6484d6c62835b90b9cd9297c","6a98043fcf31f74e77617f01","2026-09-02 07:14"
"Wijn.","657979f3db414bd0da540f23","shury","5ee010abc291f45e88d74565","6a9804227d4a1f5f50b4e4e0","2026-09-02 07:14"
"Haus","678bc95a847b56d5e0276463","Sisyphus42","62c30647b04cf935ec6dfec7","6a98032b7d4a1f5f50b4e238","2026-09-02 07:15"
"SkiDY","57f01da89b1dda5a1c25916c","xiwang","696e0e6fe76a00570552d609","6a980364e53123ea3a4af45a","2026-09-02 07:17"
"kriszh","5922abce1bba700c703b0c00","Shakazaramesh","5ef2945bbb96627c9ce5f63f","6a98032cbe691b28077bfc5a","2026-09-02 07:17"
"A Balanced HKGeoguessr","652b9174712620f1edcadac8","男方鬆 - Mr. Nanfsong","6409beba17491edb5a32b684","6a9804b37d4a1f5f50b4e68c","2026-09-02 07:17"
"daes","603a39d190c95200017e30a2","Lágrima's Spaceplonk Alt","698282326314d86a2a8c61e3","6a9803fbf57b47b1fd29a39b","2026-09-02 07:17"
"Wijn.","657979f3db414bd0da540f23","Treasure Hunter UA","54a91ef1ab462aac88f32a28","6a9804e3f57b47b1fd29a626","2026-09-02 07:17"
"NorthKoreaEnjoyer","6a5776b9557fa0b8070897d7","Venux","601d72df848235000143965e","6a9804747d4a1f5f50b4e5b0","2026-09-02 07:17"
"Sebo586","6484d6c62835b90b9cd9297c","Felix.svb","6856986bb22dea4ae40a3d22","6a98056de53123ea3a4afb2a","2026-09-02 07:19"
"antidotess","60859c21128efc0001559603","Kaspervde","5d68c6ace9473f7c4058e087","6a98047dcf31f74e77617f9c","2026-09-02 07:20"
"mikowhy","659c9d0a72300acff1deb5df","Brzoza","60ababeffb1efa0001302754","6a980455cf31f74e77617f58","2026-09-02 07:21"
"Tiebewit","627e3c4f8d599a50bd747368","serrani","5e24621927ec173f88185843","6a980555f57b47b1fd29a767","2026-09-02 07:21"
"Felix.svb","6856986bb22dea4ae40a3d22","Dissonans","60e09234213b0600019d912e","6a9806047d4a1f5f50b4ea73","2026-09-02 07:22"
"Kaspervde","5d68c6ace9473f7c4058e087","kriszh","5922abce1bba700c703b0c00","6a9806447d4a1f5f50b4eb5e","2026-09-02 07:24"
"A Balanced HKGeoguessr","652b9174712620f1edcadac8","Hego♪","67930488dc684cc50b15c7bb","6a9805a8cf31f74e776182ed","2026-09-02 07:24"
"mikowhy","659c9d0a72300acff1deb5df","Brzoza","60ababeffb1efa0001302754","6a98066ccf31f74e77618599","2026-09-02 07:25"
"exegi momentum","5f906300b00b570001274e55","Uqi","66e06b9b10076c158980f069","6a9806c9be691b28077c0667","2026-09-02 07:25"
"Goonax#4WC","6772fee6827b91b41dd22b5f","Shakazaramesh","5ef2945bbb96627c9ce5f63f","6a9805a9cf31f74e776182f5","2026-09-02 07:26"
"Jamabi","5e5fcc1326bbda5284e824cf","rileyrhino4wc2027","63b6a120ed1bf0b1b513dfb8","6a9805bee53123ea3a4afc49","2026-09-02 07:27"
"Dissonans","60e09234213b0600019d912e","Hego♪","67930488dc684cc50b15c7bb","6a980727e53123ea3a4b01d5","2026-09-02 07:27"
"Wijn.","657979f3db414bd0da540f23","NorthKoreaEnjoyer","6a5776b9557fa0b8070897d7","6a9805cff57b47b1fd29a91c","2026-09-02 07:27"
"Kenji","5f2fd4348378f500019bdee0","BragaPT","665f4d22a93334e1a7320690","6a980641cf31f74e7761851f","2026-09-02 07:27"
"男方鬆 - Mr. Nanfsong","6409beba17491edb5a32b684","Uqi","66e06b9b10076c158980f069","6a98077d7d4a1f5f50b4ef48","2026-09-02 07:28"
"Tiebewit","627e3c4f8d599a50bd747368","Vell","5eea5f1162df1243a0cdd8e4","6a9806afe53123ea3a4b000e","2026-09-02 07:28"
"Brzoza","60ababeffb1efa0001302754","Salem","63af4615494c2bc27e4a2f31","6a980758cf31f74e7761887b","2026-09-02 07:29"
"CoolMoonGuy","67ba5164f30fffa59919db60","Trash map (Yellow Belly)","6a14cb11a6370a8d80e86ada","6a9806f4e53123ea3a4b0101","2026-09-02 07:29"
"Venux","601d72df848235000143965e","Dumby The Wizard","62d3d7745f2d61d4ee64cca9","6a9805dde53123ea3a4afcd0","2026-09-02 07:29"
"kriszh","5922abce1bba700c703b0c00","Shakazaramesh","5ef2945bbb96627c9ce5f63f","6a9807c2e53123ea3a4b0430","2026-09-02 07:31"
"antidotess","60859c21128efc0001559603","Kenji","5f2fd4348378f500019bdee0","6a980818be691b28077c0a60","2026-09-02 07:31"
"数字信号处理","62a559ad291a85ec390d343e","Flubbersticks","69387a54dc6fdd9da05c91cd","6a980802e53123ea3a4b0510","2026-09-02 07:31"
"Vell","5eea5f1162df1243a0cdd8e4","Mato Grosso","687515758c49b2f1bf4432cf","6a980844cf31f74e77618baf","2026-09-02 07:31"
"Venux","601d72df848235000143965e","Trash map (Yellow Belly)","6a14cb11a6370a8d80e86ada","6a980882cf31f74e77618c8c","2026-09-02 07:31"
"路易十六","65337c686711b99177ed189b","Sebo586","6484d6c62835b90b9cd9297c","6a9806dbe53123ea3a4b00a9","2026-09-02 07:32"
"男方鬆 - Mr. Nanfsong","6409beba17491edb5a32b684","Uqi","66e06b9b10076c158980f069","6a980838ac42f6fdcce63195","2026-09-02 07:32"
"Hego♪","67930488dc684cc50b15c7bb","A Balanced HKGeoguessr","652b9174712620f1edcadac8","6a9807fb7d4a1f5f50b4f0c5","2026-09-02 07:32"
"Remy","62bd2758a13615c38eb2b07d","syurenuko","684825d39f0e9a808a7a3994","6a9808277d4a1f5f50b4f162","2026-09-02 07:33"
"Wijn.","657979f3db414bd0da540f23","Goonax#4WC","6772fee6827b91b41dd22b5f","6a9807f3f57b47b1fd29afc9","2026-09-02 07:34"
"路易十六","65337c686711b99177ed189b","男方鬆 - Mr. Nanfsong","6409beba17491edb5a32b684","6a98090ee53123ea3a4b091b","2026-09-02 07:35"
"Uqi","66e06b9b10076c158980f069","朋友是一个坚韧不拔的纪录片， 在香港这座城市的设置。","65de536fb77f430b929240f3","6a9809167d4a1f5f50b4f426","2026-09-02 07:35"
"rileyrhino4wc2027","63b6a120ed1bf0b1b513dfb8","s7ymon.","689dea76e80ba00f3a8dbdc1","6a980883e53123ea3a4b06fb","2026-09-02 07:36"
"数字信号处理","62a559ad291a85ec390d343e","Kuba","6744ee112d6c958a853b52a6","6a9808e07d4a1f5f50b4f386","2026-09-02 07:36"
"Remy","62bd2758a13615c38eb2b07d","syurenuko","684825d39f0e9a808a7a3994","6a980987cf31f74e77618fda","2026-09-02 07:36"
"Pato goat","619fe3b5dbff330001dd7873","CoolMoonGuy","67ba5164f30fffa59919db60","6a9809547d4a1f5f50b4f4de","2026-09-02 07:36"
"Brzoza","60ababeffb1efa0001302754","Salem","63af4615494c2bc27e4a2f31","6a980863cf31f74e77618c29","2026-09-02 07:37"
"Venux","601d72df848235000143965e","れい（Rey）","6444afc0c30fa09317b315fc","6a980925f57b47b1fd29b352","2026-09-02 07:37"
"男方鬆 - Mr. Nanfsong","6409beba17491edb5a32b684","路易十六","65337c686711b99177ed189b","6a9809cbe53123ea3a4b0bea","2026-09-02 07:38"
"keycam","574c348877abe9cba8d2712d","Crusher","61806eba46697e000114264f","6a9807863b5919c6b791c405","2026-09-02 07:38"
"Kuba","6744ee112d6c958a853b52a6","Remy","62bd2758a13615c38eb2b07d","6a980a15cf31f74e7761917e","2026-09-02 07:38"
"朋友是一个坚韧不拔的纪录片， 在香港这座城市的设置。","65de536fb77f430b929240f3","Uqi","66e06b9b10076c158980f069","6a9809bbcf31f74e77619062","2026-09-02 07:39"
"antidotess","60859c21128efc0001559603","Shakazaramesh","5ef2945bbb96627c9ce5f63f","6a9808e3cf31f74e77618dca","2026-09-02 07:39"
"rileyrhino4wc2027","63b6a120ed1bf0b1b513dfb8","Brzoza","60ababeffb1efa0001302754","6a980a477d4a1f5f50b4f821","2026-09-02 07:40"
"Wijn.","657979f3db414bd0da540f23","Goonax#4WC","6772fee6827b91b41dd22b5f","6a9809a8cf31f74e7761903d","2026-09-02 07:40"
"Remy","62bd2758a13615c38eb2b07d","Kuba","6744ee112d6c958a853b52a6","6a980a83e53123ea3a4b0e9f","2026-09-02 07:40"
"kriszh","5922abce1bba700c703b0c00","A Balanced HKGeoguessr","652b9174712620f1edcadac8","6a9808febe691b28077c0d08","2026-09-02 07:41"
"男方鬆 - Mr. Nanfsong","6409beba17491edb5a32b684","exegi momentum","5f906300b00b570001274e55","6a980a9be53123ea3a4b0f10","2026-09-02 07:41"
"数字信号处理","62a559ad291a85ec390d343e","Flubbersticks","69387a54dc6fdd9da05c91cd","6a980a77e53123ea3a4b0e74","2026-09-02 07:41"
"Haus","678bc95a847b56d5e0276463","Uralensis","65eba12c6f7c11bcafdeaac8","6a980949e53123ea3a4b09f5","2026-09-02 07:41"
"Vell","5eea5f1162df1243a0cdd8e4","Aunt Arctica","65a994ec6d7b89979c428a3c","6a980967f57b47b1fd29b3e4","2026-09-02 07:42"
"Venux","601d72df848235000143965e","Angra","60f088047943b500018194f7","6a980a5cbe691b28077c116c","2026-09-02 07:42"
"路易十六","65337c686711b99177ed189b","Uqi","66e06b9b10076c158980f069","6a980acae53123ea3a4b0fbc","2026-09-02 07:43"
"exegi momentum","5f906300b00b570001274e55","男方鬆 - Mr. Nanfsong","6409beba17491edb5a32b684","6a980b2ae53123ea3a4b10e6","2026-09-02 07:43"
"Tottenhamwisps","60ad03a48b6e1d00012f8e7e","Kenji","5f2fd4348378f500019bdee0","6a980a05cf31f74e77619144","2026-09-02 07:43"
"CoolMoonGuy","67ba5164f30fffa59919db60","Pato goat","619fe3b5dbff330001dd7873","6a980a127d4a1f5f50b4f772","2026-09-02 07:43"
"pasycat粉丝","6825e5c37465249750d5a93f","Kraim","655c88001a146e82ab9593a5","6a980a84cf31f74e77619302","2026-09-02 07:44"
"Kuba","6744ee112d6c958a853b52a6","Remy","62bd2758a13615c38eb2b07d","6a980b10e53123ea3a4b10aa","2026-09-02 07:44"
"OscarPiastriTheGoat","6a7e397d7c47f2efb3dc7f2f","LushWaterfall596","6a51a6a2cf750a7a94462194","6a980b8eac42f6fdcce63b41","2026-09-02 07:44"
"s7ymon.","689dea76e80ba00f3a8dbdc1","Junior Paulo","60d6b2fd6f85320001258c83","6a9809f9cf31f74e77619127","2026-09-02 07:45"
"男方鬆 - Mr. Nanfsong","6409beba17491edb5a32b684","Uqi","66e06b9b10076c158980f069","6a980b96e53123ea3a4b12c5","2026-09-02 07:45"
"Brzoza","60ababeffb1efa0001302754","rileyrhino4wc2027","63b6a120ed1bf0b1b513dfb8","6a980b15e53123ea3a4b10b8","2026-09-02 07:46"
"路易十六","65337c686711b99177ed189b","exegi momentum","5f906300b00b570001274e55","6a980b93cf31f74e776196a0","2026-09-02 07:46"
"Kraim","655c88001a146e82ab9593a5","数字信号处理","62a559ad291a85ec390d343e","6a980c37be691b28077c1740","2026-09-02 07:46"
"Venux","601d72df848235000143965e","Angra","60f088047943b500018194f7","6a980b9ae53123ea3a4b12d1","2026-09-02 07:46"
"OscarPiastriTheGoat","6a7e397d7c47f2efb3dc7f2f","Tornyx","60f16090904e8a00019dc450","6a980c04e53123ea3a4b14d0","2026-09-02 07:46"
"Firma","5ff879f9ce04930001f6ee64","amerain1729","63e33f4b3e7d8e18758fd541","6a980bdcf57b47b1fd29bc2e","2026-09-02 07:47"
"Kaspervde","5d68c6ace9473f7c4058e087","Shakazaramesh","5ef2945bbb96627c9ce5f63f","6a980acecf31f74e77619406","2026-09-02 07:47"
"Kuba","6744ee112d6c958a853b52a6","MaxJoker84","658c1a04945350bcd1f47aca","6a980bebe53123ea3a4b1438","2026-09-02 07:47"
"Goonax#4WC","6772fee6827b91b41dd22b5f","Wijn.","657979f3db414bd0da540f23","6a980b0ae53123ea3a4b1091","2026-09-02 07:48"
"Uqi","66e06b9b10076c158980f069","男方鬆 - Mr. Nanfsong","6409beba17491edb5a32b684","6a980c397d4a1f5f50b4fef7","2026-09-02 07:49"
"数字信号处理","62a559ad291a85ec390d343e","Kraim","655c88001a146e82ab9593a5","6a980c9fe53123ea3a4b1757","2026-09-02 07:49"
"Aunt Arctica","65a994ec6d7b89979c428a3c","A Balanced HKGeoguessr","652b9174712620f1edcadac8","6a980b89cf31f74e77619683","2026-09-02 07:49"
"Kuba","6744ee112d6c958a853b52a6","Loars_","67c023fa843f4449095fd251","6a980c88cf31f74e77619abf","2026-09-02 07:49"
"Haus","678bc95a847b56d5e0276463","Crusher","61806eba46697e000114264f","6a980b687d4a1f5f50b4fbae","2026-09-02 07:49"
"OscarPiastriTheGoat","6a7e397d7c47f2efb3dc7f2f","Tima080108","674050a1ed4d58073436526e","6a980c8ce53123ea3a4b170f","2026-09-02 07:50"
"Pato goat","619fe3b5dbff330001dd7873","Kenji","5f2fd4348378f500019bdee0","6a980bd5cf31f74e776197ba","2026-09-02 07:50"
"kriszh","5922abce1bba700c703b0c00","路易十六","65337c686711b99177ed189b","6a980c5ce53123ea3a4b1626","2026-09-02 07:51"
"数字信号处理","62a559ad291a85ec390d343e","Kraim","655c88001a146e82ab9593a5","6a980cfce53123ea3a4b18be","2026-09-02 07:51"
"Junior Paulo","60d6b2fd6f85320001258c83","s7ymon.","689dea76e80ba00f3a8dbdc1","6a980c6be53123ea3a4b1681","2026-09-02 07:52"
"男方鬆 - Mr. Nanfsong","6409beba17491edb5a32b684","Aunt Arctica","65a994ec6d7b89979c428a3c","6a980d41be691b28077c1a4a","2026-09-02 07:52"
"menthol.mike","5d78b0cc1d19ab6f7052d8b9","Edawardz","600aa63b94b5f40001eddb27","6a980ccdcf31f74e77619b8a","2026-09-02 07:52"
"amerain1729","63e33f4b3e7d8e18758fd541","Brzoza","60ababeffb1efa0001302754","6a980cade53123ea3a4b1790","2026-09-02 07:53"
"exegi momentum","5f906300b00b570001274e55","路易十六","65337c686711b99177ed189b","6a980da0e53123ea3a4b1ad1","2026-09-02 07:53"
"Zendaya","679def87311b366ecb41dcae","Shakazaramesh","5ef2945bbb96627c9ce5f63f","6a980ce9cf31f74e77619bef","2026-09-02 07:53"
"Uqi","66e06b9b10076c158980f069","pasycat粉丝","6825e5c37465249750d5a93f","6a980d297d4a1f5f50b501f8","2026-09-02 07:54"
"OscarPiastriTheGoat","6a7e397d7c47f2efb3dc7f2f","Rafporto","65357bda3a402cb8b2727622","6a980d8be53123ea3a4b1a91","2026-09-02 07:54"
"Kraim","655c88001a146e82ab9593a5","Aunt Arctica","65a994ec6d7b89979c428a3c","6a980debe53123ea3a4b1bc2","2026-09-02 07:55"
"Kuba","6744ee112d6c958a853b52a6","A Balanced HKGeoguessr","652b9174712620f1edcadac8","6a980d26cf31f74e77619ca2","2026-09-02 07:55"
"Tottenhamwisps","60ad03a48b6e1d00012f8e7e","数字信号处理","62a559ad291a85ec390d343e","6a980dc4e53123ea3a4b1b2f","2026-09-02 07:55"
"路易十六","65337c686711b99177ed189b","男方鬆 - Mr. Nanfsong","6409beba17491edb5a32b684","6a980e13e53123ea3a4b1c2a","2026-09-02 07:56"
"OscarPiastriTheGoat","6a7e397d7c47f2efb3dc7f2f","François","5e91f6a13d4b6a19a4c9071d","6a980e5bc56b930f3fa84af1","2026-09-02 07:56"
"Salem","63af4615494c2bc27e4a2f31","Uqi","66e06b9b10076c158980f069","6a980e2ec56b930f3fa84a17","2026-09-02 07:57"
"Goonax#4WC","6772fee6827b91b41dd22b5f","Wijn.","657979f3db414bd0da540f23","6a980cf2f57b47b1fd29bfe5","2026-09-02 07:57"
"Shakazaramesh","5ef2945bbb96627c9ce5f63f","Zendaya","679def87311b366ecb41dcae","6a980e27cf31f74e7761a03d","2026-09-02 07:58"
"OscarPiastriTheGoat","6a7e397d7c47f2efb3dc7f2f","François","5e91f6a13d4b6a19a4c9071d","6a980ecebe691b28077c1edb","2026-09-02 07:58"
"amerain1729","63e33f4b3e7d8e18758fd541","Brzoza","60ababeffb1efa0001302754","6a980e1de53123ea3a4b1c43","2026-09-02 07:59"
"pasycat粉丝","6825e5c37465249750d5a93f","exegi momentum","5f906300b00b570001274e55","6a980ea8cf31f74e7761a215","2026-09-02 07:59"
"路易十六","65337c686711b99177ed189b","男方鬆 - Mr. Nanfsong","6409beba17491edb5a32b684","6a980ec55478e50bdd844ce1","2026-09-02 08:00"
"A Balanced HKGeoguessr","652b9174712620f1edcadac8","Kuba","6744ee112d6c958a853b52a6","6a980e6c876a50e987499985","2026-09-02 08:00"
"OscarPiastriTheGoat","6a7e397d7c47f2efb3dc7f2f","François","5e91f6a13d4b6a19a4c9071d","6a980f56e53123ea3a4b20af","2026-09-02 08:00"
"NorthKoreaEnjoyer","6a5776b9557fa0b8070897d7","BragaPT","665f4d22a93334e1a7320690","6a980f31e53123ea3a4b2032","2026-09-02 08:00"
"Firma","5ff879f9ce04930001f6ee64","s7ymon.","689dea76e80ba00f3a8dbdc1","6a980dc5c56b930f3fa848e7","2026-09-02 08:01"
"Aunt Arctica","65a994ec6d7b89979c428a3c","Kraim","655c88001a146e82ab9593a5","6a980e6dc56b930f3fa84b39","2026-09-02 08:02"
"GeoMax","610ade6208061c000158624f","IGoParaguayOnKenya","5f8fcfd87cd2940001e81ef1","6a980ea7c56b930f3fa84c44","2026-09-02 08:02"
"Uqi","66e06b9b10076c158980f069","Salem","63af4615494c2bc27e4a2f31","6a980f21c56b930f3fa84ded","2026-09-02 08:04"
"男方鬆 - Mr. Nanfsong","6409beba17491edb5a32b684","pasycat粉丝","6825e5c37465249750d5a93f","6a980fb9cf31f74e7761a5c7","2026-09-02 08:04"
"Wijn.","657979f3db414bd0da540f23","Goonax#4WC","6772fee6827b91b41dd22b5f","6a980ef6e53123ea3a4b1f64","2026-09-02 08:04"
"OscarPiastriTheGoat","6a7e397d7c47f2efb3dc7f2f","DJAdryan","61006c1f12eb690001107ec4","6a980fac7d4a1f5f50b509cb","2026-09-02 08:04"
"Ned","5eeb7335479917548004e4f7","Junior Paulo","60d6b2fd6f85320001258c83","6a980eb0cf31f74e7761a233","2026-09-02 08:05"
"Kuba","6744ee112d6c958a853b52a6","Kenji","5f2fd4348378f500019bdee0","6a980fc4e53123ea3a4b221b","2026-09-02 08:05"
"persimmonsukip","6809563cae64cffc1988e9fe","Goonax#4WC","6772fee6827b91b41dd22b5f","6a981080c56b930f3fa85324","2026-09-02 08:05"
"NorthKoreaEnjoyer","6a5776b9557fa0b8070897d7","Eric455293","5ba7d3df2c0173520853d18c","6a980fb8c56b930f3fa85029","2026-09-02 08:05"
"exegi momentum","5f906300b00b570001274e55","路易十六","65337c686711b99177ed189b","6a980fb3e53123ea3a4b21e6","2026-09-02 08:06"
"pasycat粉丝","6825e5c37465249750d5a93f","Uqi","66e06b9b10076c158980f069","6a9810c1cf31f74e7761a90c","2026-09-02 08:07"
"pisanico","5e59788312777c09acb5f77f","A Balanced HKGeoguessr","652b9174712620f1edcadac8","6a980fefe53123ea3a4b2291","2026-09-02 08:07"
"s7ymon.","689dea76e80ba00f3a8dbdc1","amerain1729","63e33f4b3e7d8e18758fd541","6a981027be691b28077c2379","2026-09-02 08:08"
"Salem","63af4615494c2bc27e4a2f31","男方鬆 - Mr. Nanfsong","6409beba17491edb5a32b684","6a981093e53123ea3a4b24a8","2026-09-02 08:08"
"Kuba","6744ee112d6c958a853b52a6","Goonax#4WC","6772fee6827b91b41dd22b5f","6a9810e7e53123ea3a4b25b4","2026-09-02 08:08"
"Kuba","6744ee112d6c958a853b52a6","A Balanced HKGeoguessr","652b9174712620f1edcadac8","6a98118ec56b930f3fa856ee","2026-09-02 08:09"
"Shakazaramesh","5ef2945bbb96627c9ce5f63f","Kraim","655c88001a146e82ab9593a5","6a98108ac56b930f3fa8533f","2026-09-02 08:09"
"Yareh","62726f8411308ea36554fa19","Brzoza","60ababeffb1efa0001302754","6a980f6dcf31f74e7761a4ae","2026-09-02 08:10"
"pasycat粉丝","6825e5c37465249750d5a93f","Uqi","66e06b9b10076c158980f069","6a981169c56b930f3fa8566c","2026-09-02 08:10"
"Aunt Arctica","65a994ec6d7b89979c428a3c","GeoMax","610ade6208061c000158624f","6a98103cc56b930f3fa8523e","2026-09-02 08:10"
"Salem","63af4615494c2bc27e4a2f31","exegi momentum","5f906300b00b570001274e55","6a981185cf31f74e7761ab58","2026-09-02 08:11"
"kstyko","5ead136297d6cf24a42b1ef4","数字信号处理","62a559ad291a85ec390d343e","6a9811b8c56b930f3fa8579a","2026-09-02 08:11"
"OscarPiastriTheGoat","6a7e397d7c47f2efb3dc7f2f","houg0008","6a068724aa6e4aa6919c9a66","6a9811a2c56b930f3fa8573f","2026-09-02 08:11"
"s7ymon.","689dea76e80ba00f3a8dbdc1","Firma","5ff879f9ce04930001f6ee64","6a98118acf31f74e7761ab66","2026-09-02 08:12"
"zappi","605b96419b413c0001f0390b","路易十六","65337c686711b99177ed189b","6a98112bf91e0cbd00355314","2026-09-02 08:12"
"pasycat粉丝","6825e5c37465249750d5a93f","amerain1729","63e33f4b3e7d8e18758fd541","6a9811e6c56b930f3fa85886","2026-09-02 08:13"
"kriszh","5922abce1bba700c703b0c00","Wijn.","657979f3db414bd0da540f23","6a9810b6be691b28077c24ec","2026-09-02 08:14"
"NorthKoreaEnjoyer","6a5776b9557fa0b8070897d7","Eric455293","5ba7d3df2c0173520853d18c","6a9810cecf31f74e7761a936","2026-09-02 08:14"
"Goonax#4WC","6772fee6827b91b41dd22b5f","Edqy","60a2893cb7d972000112fbf4","6a98121dcf31f74e7761ad89","2026-09-02 08:15"
"Shakazaramesh","5ef2945bbb96627c9ce5f63f","Kuba","6744ee112d6c958a853b52a6","6a9811d6cf31f74e7761ac6b","2026-09-02 08:16"
"Goonax#4WC","6772fee6827b91b41dd22b5f","Flubbersticks","69387a54dc6fdd9da05c91cd","6a981318c56b930f3fa85d4b","2026-09-02 08:16"
"s7ymon.","689dea76e80ba00f3a8dbdc1","Brzoza","60ababeffb1efa0001302754","6a98129de53123ea3a4b2c44","2026-09-02 08:17"
"amerain1729","63e33f4b3e7d8e18758fd541","Erika","6835b7af656c2c951937f92e","6a9812eae53123ea3a4b2d8a","2026-09-02 08:17"
"Uqi","66e06b9b10076c158980f069","exegi momentum","5f906300b00b570001274e55","6a981250e53123ea3a4b2b2a","2026-09-02 08:17"
"kstyko","5ead136297d6cf24a42b1ef4","数字信号处理","62a559ad291a85ec390d343e","6a9812cfc56b930f3fa85c43","2026-09-02 08:17"
"Felix.svb","6856986bb22dea4ae40a3d22","SIM","5ed11a2b282ad28b94fe9b42","6a98101ec56b930f3fa851d4","2026-09-02 08:18"
"GeoMax","610ade6208061c000158624f","Moritz","604e275b66c3940001ee30ed","6a981298c56b930f3fa85b56","2026-09-02 08:18"
"OscarPiastriTheGoat","6a7e397d7c47f2efb3dc7f2f","Balu","6765dcc4cf06c9373f25b6b2","6a981356c56b930f3fa85e42","2026-09-02 08:18"
"Edqy","60a2893cb7d972000112fbf4","Eric455293","5ba7d3df2c0173520853d18c","6a981328c56b930f3fa85d80","2026-09-02 08:19"
"Goonax#4WC","6772fee6827b91b41dd22b5f","Flubbersticks","69387a54dc6fdd9da05c91cd","6a981363be691b28077c2cb7","2026-09-02 08:19"
"Brzoza","60ababeffb1efa0001302754","Junior Paulo","60d6b2fd6f85320001258c83","6a98138a7d4a1f5f50b515d1","2026-09-02 08:20"
"rileyrhino4wc2027","63b6a120ed1bf0b1b513dfb8","sk 愛","666b76089d20c1dd39ec810c","6a981207c56b930f3fa858f1","2026-09-02 08:21"
"Felix.svb","6856986bb22dea4ae40a3d22","Erika","6835b7af656c2c951937f92e","6a981407c56b930f3fa86159","2026-09-02 08:22"
"Joo-eun.","6a290dd1cf6b59479a2ae4de","MaxJoker84","658c1a04945350bcd1f47aca","6a98145fc56b930f3fa86299","2026-09-02 08:23"
"OscarPiastriTheGoat","6a7e397d7c47f2efb3dc7f2f","Omar194","669189a3bf15c075274de6cb","6a9813f7c56b930f3fa86113","2026-09-02 08:23"
"Junior Paulo","60d6b2fd6f85320001258c83","Brzoza","60ababeffb1efa0001302754","6a98147cc56b930f3fa86307","2026-09-02 08:24"
"kstyko","5ead136297d6cf24a42b1ef4","Edqy","60a2893cb7d972000112fbf4","6a981420be691b28077c2ea9","2026-09-02 08:24"
"Kuba","6744ee112d6c958a853b52a6","Shakazaramesh","5ef2945bbb96627c9ce5f63f","6a98137f7d4a1f5f50b515ac","2026-09-02 08:24"
"exegi momentum","5f906300b00b570001274e55","cocomelon123","5ffc1edc415d4d00016642d7","6a9813c33b5919c6b791e818","2026-09-02 08:25"
"Shakazaramesh","5ef2945bbb96627c9ce5f63f","Kuba","6744ee112d6c958a853b52a6","6a98153be53123ea3a4b3486","2026-09-02 08:26"
"Moritz","604e275b66c3940001ee30ed","GeoMax","610ade6208061c000158624f","6a981407be691b28077c2e60","2026-09-02 08:26"
"NorthKoreaEnjoyer","6a5776b9557fa0b8070897d7","Wijn.","657979f3db414bd0da540f23","6a981314c56b930f3fa85d40","2026-09-02 08:26"
"OscarPiastriTheGoat","6a7e397d7c47f2efb3dc7f2f","panmacki","5d126e066502df8d24186b6c","6a981524c56b930f3fa8653a","2026-09-02 08:26"
"Goonax#4WC","6772fee6827b91b41dd22b5f","Lodi","5788e5e5c2a0fb1304dba46c","6a981457e53123ea3a4b31db","2026-09-02 08:27"
"Brzoza","60ababeffb1efa0001302754","Felix.svb","6856986bb22dea4ae40a3d22","6a981564e53123ea3a4b350c","2026-09-02 08:29"
"VehicleRonald","626be1db347a090f4e84683f","sk 愛","666b76089d20c1dd39ec810c","6a981521f57b47b1fd29d86a","2026-09-02 08:30"
"kstyko","5ead136297d6cf24a42b1ef4","exegi momentum","5f906300b00b570001274e55","6a9815d6c56b930f3fa86777","2026-09-02 08:30"
"Shakazaramesh","5ef2945bbb96627c9ce5f63f","Tottenhamwisps","60ad03a48b6e1d00012f8e7e","6a9815e4e53123ea3a4b3663","2026-09-02 08:30"
"OscarPiastriTheGoat","6a7e397d7c47f2efb3dc7f2f","daniel san","58ddf7d427c28b63a4482f2b","6a9815d5876a50e98749ad75","2026-09-02 08:30"
"cocomelon123","5ffc1edc415d4d00016642d7","Kuba","6744ee112d6c958a853b52a6","6a9815c0e53123ea3a4b35fb","2026-09-02 08:31"
"Joo-eun.","6a290dd1cf6b59479a2ae4de","Edqy","60a2893cb7d972000112fbf4","6a981566e53123ea3a4b3513","2026-09-02 08:31"
"cocomelon123","5ffc1edc415d4d00016642d7","exegi momentum","5f906300b00b570001274e55","6a9816ddc56b930f3fa86b6e","2026-09-02 08:32"
"Wijn.","657979f3db414bd0da540f23","NorthKoreaEnjoyer","6a5776b9557fa0b8070897d7","6a9815c1be691b28077c32c4","2026-09-02 08:32"
"Junior Paulo","60d6b2fd6f85320001258c83","Goonax#4WC","6772fee6827b91b41dd22b5f","6a9816567d4a1f5f50b51d51","2026-09-02 08:33"
"OscarPiastriTheGoat","6a7e397d7c47f2efb3dc7f2f","Cristian Marian","5f42922a0b825a0001062445","6a9816c7c56b930f3fa86b32","2026-09-02 08:33"
"Delema()()()","65869f62df3f7bea3fa1d675","VehicleRonald","626be1db347a090f4e84683f","6a981714cf31f74e7761bcca","2026-09-02 08:35"
"数字信号处理","62a559ad291a85ec390d343e","Kuba","6744ee112d6c958a853b52a6","6a9816dae53123ea3a4b391b","2026-09-02 08:35"
"Tottenhamwisps","60ad03a48b6e1d00012f8e7e","Shakazaramesh","5ef2945bbb96627c9ce5f63f","6a9816afe53123ea3a4b38ae","2026-09-02 08:35"
"kriszh","5922abce1bba700c703b0c00","Brzoza","60ababeffb1efa0001302754","6a9816cdc56b930f3fa86b3e","2026-09-02 08:36"
"exegi momentum","5f906300b00b570001274e55","kstyko","5ead136297d6cf24a42b1ef4","6a9816fecf31f74e7761bc7f","2026-09-02 08:36"
"NorthKoreaEnjoyer","6a5776b9557fa0b8070897d7","Luiz Henrique","67ffcf4fce0f332d5553d6b4","6a98175bc56b930f3fa86d16","2026-09-02 08:36"
"Edqy","60a2893cb7d972000112fbf4","Joo-eun.","6a290dd1cf6b59479a2ae4de","6a981706ac42f6fdcce65bd2","2026-09-02 08:37"
"Junior Paulo","60d6b2fd6f85320001258c83","sk 愛","666b76089d20c1dd39ec810c","6a981760c56b930f3fa86d2e","2026-09-02 08:38"
"Junior Paulo","60d6b2fd6f85320001258c83","sk 愛","666b76089d20c1dd39ec810c","6a981760c56b930f3fa86d2e","2026-09-02 08:39"
"Venux","601d72df848235000143965e","Joo-eun.","6a290dd1cf6b59479a2ae4de","6a98183ebe691b28077c38c5","2026-09-02 08:39"
"WestCoastD'Armor","677699b98d7eb43c5800f187","Alvar","61321ae33253810001f8686f","6a98173fe53123ea3a4b3a44","2026-09-02 08:39"
"Brzoza","60ababeffb1efa0001302754","Ernest","678c19cb4f6a1c57c051dc0d","6a98184ae53123ea3a4b3d68","2026-09-02 08:40"
"Kaspervde","5d68c6ace9473f7c4058e087","Goonax#4WC","6772fee6827b91b41dd22b5f","6a981784c56b930f3fa86da4","2026-09-02 08:41"
"im recording my gameplay","6a437d2254319c3206c01eb9","Kuba","6744ee112d6c958a853b52a6","6a9817d5e53123ea3a4b3bf8","2026-09-02 08:41"
"VehicleRonald","626be1db347a090f4e84683f","s7ymon.","689dea76e80ba00f3a8dbdc1","6a98181ebe691b28077c3873","2026-09-02 08:42"
"cocomelon123","5ffc1edc415d4d00016642d7","Shakazaramesh","5ef2945bbb96627c9ce5f63f","6a9817ebcf31f74e7761bf78","2026-09-02 08:42"
"exegi momentum","5f906300b00b570001274e55","Ernest","678c19cb4f6a1c57c051dc0d","6a981945cf31f74e7761c2f0","2026-09-02 08:43"
"Rubber Dinghy Rapids Bro","5b1814ea59669593c4ce555b","Finn Siemon","66eb7b4a062332fb60915d65","6a9817331478e27fe2ae6c48","2026-09-02 08:44"
"s7ymon.","689dea76e80ba00f3a8dbdc1","sk 愛","666b76089d20c1dd39ec810c","6a9819664e2033c0f998658f","2026-09-02 08:45"
"wang","64df30f334185dd27cf839a7","Junior Paulo","60d6b2fd6f85320001258c83","6a9818d3e53123ea3a4b3ea2","2026-09-02 08:45"
"Tottenhamwisps","60ad03a48b6e1d00012f8e7e","Edqy","60a2893cb7d972000112fbf4","6a98184fcf31f74e7761c099","2026-09-02 08:45"
"Joo-eun.","6a290dd1cf6b59479a2ae4de","Dumby The Wizard","62d3d7745f2d61d4ee64cca9","6a9818ffc56b930f3fa87260","2026-09-02 08:45"
"im recording my gameplay","6a437d2254319c3206c01eb9","Milksop","5e9364a52ad6cf6a40519573","6a9819511b64907bc9f2702e","2026-09-02 08:45"
"Venux","601d72df848235000143965e","Wijn.","657979f3db414bd0da540f23","6a9818d4e53123ea3a4b3ea6","2026-09-02 08:46"
"Kuba","6744ee112d6c958a853b52a6","Goonax#4WC","6772fee6827b91b41dd22b5f","6a98193bc56b930f3fa87314","2026-09-02 08:46"
"cocomelon123","5ffc1edc415d4d00016642d7","Felix.svb","6856986bb22dea4ae40a3d22","6a98197e1b64907bc9f27057","2026-09-02 08:47"
"s7ymon.","689dea76e80ba00f3a8dbdc1","sk 愛","666b76089d20c1dd39ec810c","6a981a3f116c5216607027f1","2026-09-02 08:49"
"Goonax#4WC","6772fee6827b91b41dd22b5f","Kuba","6744ee112d6c958a853b52a6","6a981a721b64907bc9f2738c","2026-09-02 08:49"
"wang","64df30f334185dd27cf839a7","Angeria","5e1333041b34a033c801a9b1","6a981a964e2033c0f9986956","2026-09-02 08:51"
"kriszh","5922abce1bba700c703b0c00","Brzoza","60ababeffb1efa0001302754","6a9819bb116c5216607026aa","2026-09-02 08:51"
"Joo-eun.","6a290dd1cf6b59479a2ae4de","Dumby The Wizard","62d3d7745f2d61d4ee64cca9","6a981a2c1b64907bc9f272a5","2026-09-02 08:51"
"Ernest","678c19cb4f6a1c57c051dc0d","Shakazaramesh","5ef2945bbb96627c9ce5f63f","6a9819c21b64907bc9f27153","2026-09-02 08:52"
"im recording my gameplay","6a437d2254319c3206c01eb9","Edqy","60a2893cb7d972000112fbf4","6a981a584e2033c0f998686c","2026-09-02 08:52"
"Wijn.","657979f3db414bd0da540f23","JołDokładnieRoratki","62e58fd46d1d015f32b42f5b","6a981aaf4e2033c0f998699f","2026-09-02 08:52"
"VehicleRonald","626be1db347a090f4e84683f","adameq","626c3725834eacd247226547","6a981adb1b64907bc9f27508","2026-09-02 08:53"
"Aaryan22","657021f7412bfd95aad62550","Kuba","6744ee112d6c958a853b52a6","6a981b224e2033c0f9986adc","2026-09-02 08:53"
"Angeria","5e1333041b34a033c801a9b1","exegi momentum","5f906300b00b570001274e55","6a981ba4352e41c58ec25cb7","2026-09-02 08:54"
"Lodi","5788e5e5c2a0fb1304dba46c","Joo-eun.","6a290dd1cf6b59479a2ae4de","6a981b8a116c521660702b4e","2026-09-02 08:55"
"cocomelon123","5ffc1edc415d4d00016642d7","雲仙天草ファン","67057bd80e65158e29b7a97e","6a981b3f4e2033c0f9986b2b","2026-09-02 08:56"
"wang","64df30f334185dd27cf839a7","lecheur2pieds","663523ba8e313d3aa27852b0","6a981b952156dea2479ed3c2","2026-09-02 08:57"
"Brzoza","60ababeffb1efa0001302754","sk 愛","666b76089d20c1dd39ec810c","6a981bcd4e2033c0f9986d58","2026-09-02 08:57"
"Ernest","678c19cb4f6a1c57c051dc0d","Shakazaramesh","5ef2945bbb96627c9ce5f63f","6a981be74e2033c0f9986da6","2026-09-02 08:57"
"Rubber Dinghy Rapids Bro","5b1814ea59669593c4ce555b","Finn Siemon","66eb7b4a062332fb60915d65","6a9819f01b64907bc9f271ef","2026-09-02 08:58"
"Aaryan22","657021f7412bfd95aad62550","Moritz","604e275b66c3940001ee30ed","6a981c041b64907bc9f278d4","2026-09-02 08:58"
"G_Kush","6a674f295d0a63269b9dabc5","Denis Perin","596e06f8a237ab6bf0b1cf08","6a981c621b64907bc9f27a05","2026-09-02 08:58"
"im recording my gameplay","6a437d2254319c3206c01eb9","Edqy","60a2893cb7d972000112fbf4","6a981bd31b64907bc9f27827","2026-09-02 08:59"
"Kuba","6744ee112d6c958a853b52a6","Malte","60c853a83cb2160001a0e14b","6a981c014e2033c0f9986e17","2026-09-02 08:59"
"Wijn.","657979f3db414bd0da540f23","JołDokładnieRoratki","62e58fd46d1d015f32b42f5b","6a981bcc1b64907bc9f27810","2026-09-02 08:59"
"wang","64df30f334185dd27cf839a7","sk 愛","666b76089d20c1dd39ec810c","6a981d101b64907bc9f27c11","2026-09-02 09:00"
"exegi momentum","5f906300b00b570001274e55","Angeria","5e1333041b34a033c801a9b1","6a981c5e4e2033c0f9986f7f","2026-09-02 09:01"
"Goonax#4WC","6772fee6827b91b41dd22b5f","Lodi","5788e5e5c2a0fb1304dba46c","6a981ca01b64907bc9f27ad2","2026-09-02 09:01"
"G_Kush","6a674f295d0a63269b9dabc5","Weste Binks","5bb71d7c2c01735208559ee7","6a981d4a4e2033c0f998729f","2026-09-02 09:01"
"Aaryan22","657021f7412bfd95aad62550","kriszh","5922abce1bba700c703b0c00","6a981d585e32ce8968319610","2026-09-02 09:02"
"lecheur2pieds","663523ba8e313d3aa27852b0","sk 愛","666b76089d20c1dd39ec810c","6a981dc91b64907bc9f27e32","2026-09-02 09:03"
"Kraim","655c88001a146e82ab9593a5","Kuba","6744ee112d6c958a853b52a6","6a981d8f1b64907bc9f27d83","2026-09-02 09:03"
"WASf","5f96a51816c6a50001fa01e5","Motzki","681b6ea331657cd8223a7320","6a981dcf4e2033c0f998745e","2026-09-02 09:03"
"Angeria","5e1333041b34a033c801a9b1","男方鬆 - Mr. Nanfsong","6409beba17491edb5a32b684","6a981df71b64907bc9f27eed","2026-09-02 09:04"
"Brzoza","60ababeffb1efa0001302754","Ernest","678c19cb4f6a1c57c051dc0d","6a981d03116c521660702f89","2026-09-02 09:05"
"たかし","6377c7561c02362bcac9a924","Shakazaramesh","5ef2945bbb96627c9ce5f63f","6a981ce01b64907bc9f27b9d","2026-09-02 09:05"
"Goonax#4WC","6772fee6827b91b41dd22b5f","M0vER2cK","6a3980146e586fb5631aa45a","6a981e311b64907bc9f27f6a","2026-09-02 09:05"
"雲仙天草ファン","67057bd80e65158e29b7a97e","cocomelon123","5ffc1edc415d4d00016642d7","6a981cd1352e41c58ec25f92","2026-09-02 09:06"
"Edqy","60a2893cb7d972000112fbf4","im recording my gameplay","6a437d2254319c3206c01eb9","6a981d9a352e41c58ec261a2","2026-09-02 09:06"
"adameq","626c3725834eacd247226547","plotter","674c4756fb60b9f111e6e0b4","6a981c624e2033c0f9986f8e","2026-09-02 09:07"
"男方鬆 - Mr. Nanfsong","6409beba17491edb5a32b684","Lágrima's Spaceplonk Alt","698282326314d86a2a8c61e3","6a981ec74e2033c0f9987756","2026-09-02 09:08"
"s7ymon.","689dea76e80ba00f3a8dbdc1","VehicleRonald","626be1db347a090f4e84683f","6a981eb91b64907bc9f28106","2026-09-02 09:09"
"Venux","601d72df848235000143965e","Ernest","678c19cb4f6a1c57c051dc0d","6a981ed34e2033c0f9987777","2026-09-02 09:09"
"Schrödingers Schwein","6137adcffd122d0001cab84c","[800A] ptf19","56f7f0a3c28556d1c87bb458","6a981d751b64907bc9f27d31","2026-09-02 09:09"
"Kuba","6744ee112d6c958a853b52a6","Shakazaramesh","5ef2945bbb96627c9ce5f63f","6a981ef21b64907bc9f281ad","2026-09-02 09:09"
"lecheur2pieds","663523ba8e313d3aa27852b0","Angeria","5e1333041b34a033c801a9b1","6a981e92352e41c58ec263a6","2026-09-02 09:11"
"Kraim","655c88001a146e82ab9593a5","[FatSnail] SavetheSnail","591790fc1bba70b6146c6485","6a981e831b64907bc9f28061","2026-09-02 09:11"
"BetterUs","65196050331bb807313df8b0","雲仙天草ファン","67057bd80e65158e29b7a97e","6a981f904e2033c0f9987a22","2026-09-02 09:12"
"Alee 🏍","605b8e2563c4b80001a89321","nota","68b68704757dd886cdc2365a","6a981f6f116c52166070358f","2026-09-02 09:12"
"sk 愛","666b76089d20c1dd39ec810c","cocomelon123","5ffc1edc415d4d00016642d7","6a981f354e2033c0f998789a","2026-09-02 09:13"
"Goonax#4WC","6772fee6827b91b41dd22b5f","M0vER2cK","6a3980146e586fb5631aa45a","6a981ef71b64907bc9f281ba","2026-09-02 09:13"
"Shakazaramesh","5ef2945bbb96627c9ce5f63f","Blanecin","5e8781f3b3ec177638be489a","6a981fec1b64907bc9f28495","2026-09-02 09:13"
"Aaryan22","657021f7412bfd95aad62550","Ernest","678c19cb4f6a1c57c051dc0d","6a981fc44e2033c0f9987ac8","2026-09-02 09:14"
"Galette","5c30cf1ddfdaaa1a24324e72","InfidelFiddler","64491466c22a35f95ce5f682","6a981ca21b64907bc9f27ad8","2026-09-02 09:14"
"emshanoff","60a55176895a250001d9e2d8","Angeria","5e1333041b34a033c801a9b1","6a98204c4e2033c0f9987c79","2026-09-02 09:15"
"BetterUs","65196050331bb807313df8b0","男方鬆 - Mr. Nanfsong","6409beba17491edb5a32b684","6a982083116c52166070386c","2026-09-02 09:15"
"Alee 🏍","605b8e2563c4b80001a89321","Tang, Zijie","67e6bbbb20771f5e5eff63fc","6a9820854e2033c0f9987d3e","2026-09-02 09:15"
"Kuba","6744ee112d6c958a853b52a6","Lodi","5788e5e5c2a0fb1304dba46c","6a981ffd2156dea2479ede18","2026-09-02 09:16"
"雲仙天草ファン","67057bd80e65158e29b7a97e","Kraim","655c88001a146e82ab9593a5","6a9820b1116c5216607038cb","2026-09-02 09:17"
"Schrödingers Schwein","6137adcffd122d0001cab84c","Wijn.","657979f3db414bd0da540f23","6a981ff01b64907bc9f2849a","2026-09-02 09:17"
"emshanoff","60a55176895a250001d9e2d8","Angeria","5e1333041b34a033c801a9b1","6a98214a5e32ce8968319efa","2026-09-02 09:18"
"数字信号处理","62a559ad291a85ec390d343e","menthol.mike","5d78b0cc1d19ab6f7052d8b9","6a9820bd116c5216607038e3","2026-09-02 09:18"
"Goonax#4WC","6772fee6827b91b41dd22b5f","Ernest","678c19cb4f6a1c57c051dc0d","6a9820eb1b64907bc9f28746","2026-09-02 09:18"
"plotter","674c4756fb60b9f111e6e0b4","s7ymon.","689dea76e80ba00f3a8dbdc1","6a981fc44e2033c0f9987ac9","2026-09-02 09:19"
"wang","64df30f334185dd27cf839a7","lecheur2pieds","663523ba8e313d3aa27852b0","6a9820e61b64907bc9f2873a","2026-09-02 09:19"
"BetterUs","65196050331bb807313df8b0","https://www.twitch.tv/qule0","635d8550c15309de668daf99","6a98214a5e32ce8968319efb","2026-09-02 09:20"
"Angeria","5e1333041b34a033c801a9b1","emshanoff","60a55176895a250001d9e2d8","6a9821edc233ce30e300b226","2026-09-02 09:21"
"雲仙天草ファン","67057bd80e65158e29b7a97e","Kraim","655c88001a146e82ab9593a5","6a9821bd116c521660703c05","2026-09-02 09:21"
"Goonax#4WC","6772fee6827b91b41dd22b5f","数字信号处理","62a559ad291a85ec390d343e","6a9822014e2033c0f9988294","2026-09-02 09:21"
"Lodi","5788e5e5c2a0fb1304dba46c","Flubbersticks","69387a54dc6fdd9da05c91cd","6a9821d3352e41c58ec26c1f","2026-09-02 09:21"
"val1d","63875de4e55ec4234b26d1fb","https://www.twitch.tv/qule0","635d8550c15309de668daf99","6a98224d4e2033c0f99883b3","2026-09-02 09:22"
"Shakazaramesh","5ef2945bbb96627c9ce5f63f","parsec","670c184c705e783701c753c0","6a9821cb352e41c58ec26c00","2026-09-02 09:22"
"sk 愛","666b76089d20c1dd39ec810c","cocomelon123","5ffc1edc415d4d00016642d7","6a9820e84e2033c0f9987e9d","2026-09-02 09:23"
"VehicleRonald","626be1db347a090f4e84683f","男方鬆 - Mr. Nanfsong","6409beba17491edb5a32b684","6a9821d5116c521660703c5b","2026-09-02 09:24"
"emshanoff","60a55176895a250001d9e2d8","Angeria","5e1333041b34a033c801a9b1","6a98228e4e2033c0f9988474","2026-09-02 09:24"
"BetterUs","65196050331bb807313df8b0","lecheur2pieds","663523ba8e313d3aa27852b0","6a9822851b64907bc9f28c31","2026-09-02 09:24"
"数字信号处理","62a559ad291a85ec390d343e","https://www.twitch.tv/qule0","635d8550c15309de668daf99","6a9822df4e2033c0f99885e7","2026-09-02 09:24"
"Dumb American","6439eb2cff2ea2c2416028fc","𝓫","6954cc29b237877e44dd9ca9","6a9823035b3523e13418fbe2","2026-09-02 09:24"
"menthol.mike","5d78b0cc1d19ab6f7052d8b9","nota","68b68704757dd886cdc2365a","6a9821e61b64907bc9f28a05","2026-09-02 09:24"
"𝓫","6954cc29b237877e44dd9ca9","男方鬆 - Mr. Nanfsong","6409beba17491edb5a32b684","6a9823401b64907bc9f28e51","2026-09-02 09:25"
"danger","697ec2084f2fb1a1a48cb642","val1d","63875de4e55ec4234b26d1fb","6a98232a4e2033c0f99886f1","2026-09-02 09:26"
"emshanoff","60a55176895a250001d9e2d8","Angeria","5e1333041b34a033c801a9b1","6a9823464e2033c0f9988748","2026-09-02 09:27"
"parsec","670c184c705e783701c753c0","GeoHunter.jp","682addc04342da6bdce10d12","6a9822e81b64907bc9f28d63","2026-09-02 09:27"
"plotter","674c4756fb60b9f111e6e0b4","s7ymon.","689dea76e80ba00f3a8dbdc1","6a98224f116c521660703da6","2026-09-02 09:28"
"雲仙天草ファン","67057bd80e65158e29b7a97e","Kraim","655c88001a146e82ab9593a5","6a9822a3116c521660703e69","2026-09-02 09:28"
"男方鬆 - Mr. Nanfsong","6409beba17491edb5a32b684","𝓫","6954cc29b237877e44dd9ca9","6a98239a116c521660704124","2026-09-02 09:28"
"emshanoff","60a55176895a250001d9e2d8","Angeria","5e1333041b34a033c801a9b1","6a9824194e2033c0f9988aea","2026-09-02 09:29"
"BetterUs","65196050331bb807313df8b0","Dumb American","6439eb2cff2ea2c2416028fc","6a9823802156dea2479ee702","2026-09-02 09:29"
"danger","697ec2084f2fb1a1a48cb642","朋友是一个坚韧不拔的纪录片， 在香港这座城市的设置。","65de536fb77f430b929240f3","6a9823e64e2033c0f9988a19","2026-09-02 09:29"
"Shakazaramesh","5ef2945bbb96627c9ce5f63f","Goonax#4WC","6772fee6827b91b41dd22b5f","6a9822c64e2033c0f9988573","2026-09-02 09:29"
"seckfren","620059fe2a87750001272c8f","ikzuge","693ab85aba0a87eab4ad9865","6a98230e5e32ce896831a398","2026-09-02 09:29"
"GeoHunter.jp","682addc04342da6bdce10d12","Umbrella☔","6814628ed8477060002e00ba","6a982435352e41c58ec272af","2026-09-02 09:30"
"Clement","635c171d190621fb60d8bb08","sk 愛","666b76089d20c1dd39ec810c","6a9823684e2033c0f99887cd","2026-09-02 09:31"
"https://www.twitch.tv/qule0","635d8550c15309de668daf99","Der Teufel","6165b05d1a1017000125798b","6a9823594e2033c0f9988797","2026-09-02 09:31"
"Tottenhamwisps","60ad03a48b6e1d00012f8e7e","Synxzy","62b9d279343a6042acb35fe8","6a9823de4e2033c0f99889f2","2026-09-02 09:31"
"Dumb American","6439eb2cff2ea2c2416028fc","⚠️SÉLESTAT MOST DANGEROUS⚠️","687e3822311c612abf6d73ee","6a9824824e2033c0f9988cc4","2026-09-02 09:31"
"男方鬆 - Mr. Nanfsong","6409beba17491edb5a32b684","𝓫","6954cc29b237877e44dd9ca9","6a98244c4e2033c0f9988bcf","2026-09-02 09:32"
"Sentyru","65dc836b33066622c3ebfb88","val1d","63875de4e55ec4234b26d1fb","6a9824a74e2033c0f9988d63","2026-09-02 09:32"
"Wijn.","657979f3db414bd0da540f23","BZH","5d91e75b1d19ab650c37bd19","6a9823124e2033c0f99886a7","2026-09-02 09:32"
"朋友是一个坚韧不拔的纪录片， 在香港这座城市的设置。","65de536fb77f430b929240f3","kriszh","5922abce1bba700c703b0c00","6a9824a11b64907bc9f293ee","2026-09-02 09:33"
"雲仙天草ファン","67057bd80e65158e29b7a97e","Angeria","5e1333041b34a033c801a9b1","6a9824721b64907bc9f29312","2026-09-02 09:34"
"val1d","63875de4e55ec4234b26d1fb","𝓫","6954cc29b237877e44dd9ca9","6a98253b1b64907bc9f29657","2026-09-02 09:34"
"NorthKoreaEnjoyer","6a5776b9557fa0b8070897d7","Lodi","5788e5e5c2a0fb1304dba46c","6a9823674e2033c0f99887cb","2026-09-02 09:35"
"plotter","674c4756fb60b9f111e6e0b4","s7ymon.","689dea76e80ba00f3a8dbdc1","6a9824591b64907bc9f292b3","2026-09-02 09:36"
"danger","697ec2084f2fb1a1a48cb642","Dumb American","6439eb2cff2ea2c2416028fc","6a98250e4e2033c0f9988eef","2026-09-02 09:36"
"Umbrella☔","6814628ed8477060002e00ba","GeoHunter.jp","682addc04342da6bdce10d12","6a9824eb83669b9ff9e3478b","2026-09-02 09:36"
"Goonax#4WC","6772fee6827b91b41dd22b5f","Shakazaramesh","5ef2945bbb96627c9ce5f63f","6a9824915e32ce896831a838","2026-09-02 09:36"
"Figsy_Games","5e91c2303d4b6a251c171a3b","Tottenhamwisps","60ad03a48b6e1d00012f8e7e","6a9825921b64907bc9f29778","2026-09-02 09:37"
"男方鬆 - Mr. Nanfsong","6409beba17491edb5a32b684","Uqi","66e06b9b10076c158980f069","6a98254c1b64907bc9f2968c","2026-09-02 09:37"
"spherical_cow","62b34fca140a13acdc6567df","InfidelFiddler","64491466c22a35f95ce5f682","6a9823db1b64907bc9f29085","2026-09-02 09:38"
"emshanoff","60a55176895a250001d9e2d8","danger","697ec2084f2fb1a1a48cb642","6a98264cc233ce30e300bdbb","2026-09-02 09:39"
"𝓫","6954cc29b237877e44dd9ca9","val1d","63875de4e55ec4234b26d1fb","6a9825b74e2033c0f998914e","2026-09-02 09:40"
"Yiğit Onur","628a020c86224535a595335f","https://www.twitch.tv/qule0","635d8550c15309de668daf99","6a98252e1b64907bc9f29626","2026-09-02 09:40"
"Dumb American","6439eb2cff2ea2c2416028fc","Umbrella☔","6814628ed8477060002e00ba","6a9826214e2033c0f99892af","2026-09-02 09:40"
"Der Teufel","6165b05d1a1017000125798b","Uqi","66e06b9b10076c158980f069","6a98266a4e2033c0f99893d8","2026-09-02 09:41"
"WestCoastD'Armor","677699b98d7eb43c5800f187","Baron","693f6bdc3353aee359a84f82","6a9825e283669b9ff9e349df","2026-09-02 09:41"
"pasycat粉丝","6825e5c37465249750d5a93f","emshanoff","60a55176895a250001d9e2d8","6a9826ea352e41c58ec27ad7","2026-09-02 09:42"
"Der Teufel","6165b05d1a1017000125798b","Uqi","66e06b9b10076c158980f069","6a98266a4e2033c0f99893d8","2026-09-02 09:42"
"Yiğit Onur","628a020c86224535a595335f","justachair","5e07eecc1b34a05538118ee3","6a982756ea03b22c75c071bf","2026-09-02 09:42"
"Sentyru","65dc836b33066622c3ebfb88","Gangooo | Jan","5c692ddbfa7cd6698082d404","6a98267f4e2033c0f998943d","2026-09-02 09:42"
"plotter","674c4756fb60b9f111e6e0b4","s7ymon.","689dea76e80ba00f3a8dbdc1","6a982661c233ce30e300be0a","2026-09-02 09:43"
"Brzoza","60ababeffb1efa0001302754","Rubber Dinghy Rapids Bro","5b1814ea59669593c4ce555b","6a981ed4352e41c58ec26448","2026-09-02 09:43"
"whueu-abi","694060fd0b5941c5cbe18cbf","val1d","63875de4e55ec4234b26d1fb","6a9827324e2033c0f9989756","2026-09-02 09:43"
"irrational","65ba97ce8b2ba0c747ffa3b7","Wijn.","657979f3db414bd0da540f23","6a98255b1b4f66ee09bfc349","2026-09-02 09:43"
"Spinner2k","6222449c68dc010001609860","Goonax#4WC","6772fee6827b91b41dd22b5f","6a9826291b64907bc9f29960","2026-09-02 09:43"
"アラメイン","68445484b91725e394c6e69d","Tottenhamwisps","60ad03a48b6e1d00012f8e7e","6a9826944e2033c0f99894a0","2026-09-02 09:43"
"Lodi","5788e5e5c2a0fb1304dba46c","nota","68b68704757dd886cdc2365a","6a9826f84e2033c0f9989651","2026-09-02 09:43"
"seckfren","620059fe2a87750001272c8f","emoji4 ➡️ emoji5emoji5emoji5","69020a9dd65f395771ade781","6a9825721b64907bc9f2970f","2026-09-02 09:43"
"danger","697ec2084f2fb1a1a48cb642","Sentyru","65dc836b33066622c3ebfb88","6a9827dd1b64907bc9f29f7f","2026-09-02 09:45"
"𝓫","6954cc29b237877e44dd9ca9","Angeria","5e1333041b34a033c801a9b1","6a9827204e2033c0f99896d8","2026-09-02 09:45"
"w4tercloud","5eadc193d502e122ec8b0f9f","zzolek","69bd32fdc47c54049259c787","6a9827284e2033c0f998970c","2026-09-02 09:45"
"emshanoff","60a55176895a250001d9e2d8","Bad At Geo","5d46b0bb3b4b6a4968620f7b","6a9827ca1b64907bc9f29f47","2026-09-02 09:46"
"Uqi","66e06b9b10076c158980f069","val1d","63875de4e55ec4234b26d1fb","6a9827bb116c521660704dfc","2026-09-02 09:46"
"Pasord","6669c659ca16186b5a3dbc35","Umbrella☔","6814628ed8477060002e00ba","6a98270783669b9ff9e34cbe","2026-09-02 09:46"
"Goonax#4WC","6772fee6827b91b41dd22b5f","Alee 🏍","605b8e2563c4b80001a89321","6a9827f21b64907bc9f29fc0","2026-09-02 09:46"
"https://www.twitch.tv/qule0","635d8550c15309de668daf99","Dumb American","6439eb2cff2ea2c2416028fc","6a9827104e2033c0f99896a0","2026-09-02 09:47"
"𝓫","6954cc29b237877e44dd9ca9","danger","697ec2084f2fb1a1a48cb642","6a98285e1b64907bc9f2a139","2026-09-02 09:48"
"Yiğit Onur","628a020c86224535a595335f","Tottenhamwisps","60ad03a48b6e1d00012f8e7e","6a9827d75e32ce896831b0ae","2026-09-02 09:48"
"NorthKoreaEnjoyer","6a5776b9557fa0b8070897d7","સિલુસ્ટરબુસ્ટર","65a298676d25e3f9160d193d","6a982861352e41c58ec27ea2","2026-09-02 09:48"
"plotter","674c4756fb60b9f111e6e0b4","s7ymon.","689dea76e80ba00f3a8dbdc1","6a9827e41b64907bc9f29f93","2026-09-02 09:49"
"pasycat粉丝","6825e5c37465249750d5a93f","Angeria","5e1333041b34a033c801a9b1","6a98285f4e2033c0f9989b6d","2026-09-02 09:49"
"kriszh","5922abce1bba700c703b0c00","鹰娥朗","628e0d478e5ef3a3ca163627","6a982819116c521660704ecb","2026-09-02 09:49"
"Uqi","66e06b9b10076c158980f069","val1d","63875de4e55ec4234b26d1fb","6a98287483669b9ff9e35020","2026-09-02 09:49"
"kstyko","5ead136297d6cf24a42b1ef4","Zendaya","679def87311b366ecb41dcae","6a9828192156dea2479ef38d","2026-09-02 09:50"
"MagnusMägi","6765f226ab11f49e3748df8b","NoruJumping","5c5817f33d925bc96cd177e7","6a982762352e41c58ec27c43","2026-09-02 09:50"
"https://www.twitch.tv/qule0","635d8550c15309de668daf99","whueu-abi","694060fd0b5941c5cbe18cbf","6a9828a31b64907bc9f2a210","2026-09-02 09:51"
"Umbrella☔","6814628ed8477060002e00ba","Der Teufel","6165b05d1a1017000125798b","6a9828971b64907bc9f2a1e6","2026-09-02 09:51"
"Goonax#4WC","6772fee6827b91b41dd22b5f","val1d","63875de4e55ec4234b26d1fb","6a9828871b64907bc9f2a1a4","2026-09-02 09:51"
"Sentyru","65dc836b33066622c3ebfb88","MaxJoker84","658c1a04945350bcd1f47aca","6a9828591b64907bc9f2a12f","2026-09-02 09:51"
"GeoMax","610ade6208061c000158624f","Baron","693f6bdc3353aee359a84f82","6a9828d34e2033c0f9989cfc","2026-09-02 09:51"
"⚠️SÉLESTAT MOST DANGEROUS⚠️","687e3822311c612abf6d73ee","Malte","60c853a83cb2160001a0e14b","6a9829171b64907bc9f2a3c1","2026-09-02 09:51"
"lecheur2pieds","663523ba8e313d3aa27852b0","emshanoff","60a55176895a250001d9e2d8","6a9828aa4e2033c0f9989c53","2026-09-02 09:52"
"𝓫","6954cc29b237877e44dd9ca9","danger","697ec2084f2fb1a1a48cb642","6a9829434e2033c0f9989ebe","2026-09-02 09:52"
"NorthKoreaEnjoyer","6a5776b9557fa0b8070897d7","Angra","60f088047943b500018194f7","6a9828f71b64907bc9f2a35a","2026-09-02 09:52"
"Lodi","5788e5e5c2a0fb1304dba46c","STERYD997","602d0052e4d3e90001a21d48","6a9828054e2033c0f9989a37","2026-09-02 09:52"
"Edawardz","600aa63b94b5f40001eddb27","Dumb American","6439eb2cff2ea2c2416028fc","6a9829561b64907bc9f2a47c","2026-09-02 09:52"
"鹰娥朗","628e0d478e5ef3a3ca163627","Joo-eun.","6a290dd1cf6b59479a2ae4de","6a98298f2156dea2479ef6fe","2026-09-02 09:53"
"irrational","65ba97ce8b2ba0c747ffa3b7","Рома","5bc9f3921f3cf81af80cfa72","6a9828410e29e14d2e2ea03a","2026-09-02 09:53"
"val1d","63875de4e55ec4234b26d1fb","Edawardz","600aa63b94b5f40001eddb27","6a9829ef1b64907bc9f2a75b","2026-09-02 09:53"
"s7ymon.","689dea76e80ba00f3a8dbdc1","Brzoza","60ababeffb1efa0001302754","6a98294b116c5216607051c7","2026-09-02 09:54"
"Angeria","5e1333041b34a033c801a9b1","Uqi","66e06b9b10076c158980f069","6a9829531b64907bc9f2a476","2026-09-02 09:54"
"Tottenhamwisps","60ad03a48b6e1d00012f8e7e","Yiğit Onur","628a020c86224535a595335f","6a9828ed1b4f66ee09bfcc42","2026-09-02 09:54"
"アラメイン","68445484b91725e394c6e69d","1th Grader","62d3181a0e6e2a7ef24d6340","6a9827fe4e2033c0f9989a1e","2026-09-02 09:54"
"Der Teufel","6165b05d1a1017000125798b","https://www.twitch.tv/qule0","635d8550c15309de668daf99","6a9829c94e2033c0f998a117","2026-09-02 09:55"
"val1d","63875de4e55ec4234b26d1fb","Edawardz","600aa63b94b5f40001eddb27","6a9829ef1b64907bc9f2a75b","2026-09-02 09:55"
"emshanoff","60a55176895a250001d9e2d8","lecheur2pieds","663523ba8e313d3aa27852b0","6a982a1a1b64907bc9f2a7ea","2026-09-02 09:56"
"kstyko","5ead136297d6cf24a42b1ef4","𝓫","6954cc29b237877e44dd9ca9","6a9829fb4067dc1f6dcb914b","2026-09-02 09:56"
"Tomek5_5","606e09423667bc0001ad663d","Uqi","66e06b9b10076c158980f069","6a982a481b64907bc9f2a892","2026-09-02 09:56"
"Goonax#4WC","6772fee6827b91b41dd22b5f","whueu-abi","694060fd0b5941c5cbe18cbf","6a9829b64e2033c0f998a0bd","2026-09-02 09:56"
"Shakazaramesh","5ef2945bbb96627c9ce5f63f","WestCoastD'Armor","677699b98d7eb43c5800f187","6a982a231b64907bc9f2a80c","2026-09-02 09:56"
"TheM1sty™","5b9ab06cbb9fdd32283b9eba","Baron","693f6bdc3353aee359a84f82","6a982a481b64907bc9f2a893","2026-09-02 09:56"
"Edawardz","600aa63b94b5f40001eddb27","Malte","60c853a83cb2160001a0e14b","6a982a45116c521660705453","2026-09-02 09:57"
"https://www.twitch.tv/qule0","635d8550c15309de668daf99","val1d","63875de4e55ec4234b26d1fb","6a982adf116c521660705649","2026-09-02 09:58"
"https://www.twitch.tv/qule0","635d8550c15309de668daf99","val1d","63875de4e55ec4234b26d1fb","6a982adf116c521660705649","2026-09-02 09:58"
"Angeria","5e1333041b34a033c801a9b1","exegi momentum","5f906300b00b570001274e55","6a982a5e116c52166070549a","2026-09-02 09:59"
"Edawardz","600aa63b94b5f40001eddb27","Malte","60c853a83cb2160001a0e14b","6a982b354e2033c0f998a6be","2026-09-02 09:59"
"lecheur2pieds","663523ba8e313d3aa27852b0","kstyko","5ead136297d6cf24a42b1ef4","6a982b4f116c5216607057ba","2026-09-02 10:00"
"Uqi","66e06b9b10076c158980f069","val1d","63875de4e55ec4234b26d1fb","6a982aec1b64907bc9f2ab0a","2026-09-02 10:00"
"NoruJumping","5c5817f33d925bc96cd177e7","shury","5ee010abc291f45e88d74565","6a9829b083669b9ff9e35330","2026-09-02 10:00"
"s7ymon.","689dea76e80ba00f3a8dbdc1","jonah すぐに最高","63fb35e0eb75c02561ae2542","6a982adc4e2033c0f998a55e","2026-09-02 10:01"
"Der Teufel","6165b05d1a1017000125798b","Tomek5_5","606e09423667bc0001ad663d","6a982b035e32ce896831b96c","2026-09-02 10:01"
"男方鬆 - Mr. Nanfsong","6409beba17491edb5a32b684","𝓫","6954cc29b237877e44dd9ca9","6a982b061b64907bc9f2ab62","2026-09-02 10:01"
"Tottenhamwisps","60ad03a48b6e1d00012f8e7e","1th Grader","62d3181a0e6e2a7ef24d6340","6a982b0a1b64907bc9f2ab6f","2026-09-02 10:01"
"Edawardz","600aa63b94b5f40001eddb27","Christobal Cebolla","67a0c1f30b5863275051a4f0","6a982baa2156dea2479efd5c","2026-09-02 10:01"
"WASf","5f96a51816c6a50001fa01e5","Sisyphus42","62c30647b04cf935ec6dfec7","6a98297c4e2033c0f9989fae","2026-09-02 10:01"
"MaxJoker84","658c1a04945350bcd1f47aca","Jannik","6a0c58030808c41cb15866fe","6a982b291b64907bc9f2abde","2026-09-02 10:01"
"TheM1sty™","5b9ab06cbb9fdd32283b9eba","Baron","693f6bdc3353aee359a84f82","6a982b141b64907bc9f2ab91","2026-09-02 10:01"
"Uqi","66e06b9b10076c158980f069","kstyko","5ead136297d6cf24a42b1ef4","6a982bcd4e2033c0f998a8ee","2026-09-02 10:02"
"lecheur2pieds","663523ba8e313d3aa27852b0","kstyko","5ead136297d6cf24a42b1ef4","6a982b4f116c5216607057ba","2026-09-02 10:03"
"exegi momentum","5f906300b00b570001274e55","Angeria","5e1333041b34a033c801a9b1","6a982bbd352e41c58ec28736","2026-09-02 10:03"
"https://www.twitch.tv/qule0","635d8550c15309de668daf99","val1d","63875de4e55ec4234b26d1fb","6a982b6a4e2033c0f998a793","2026-09-02 10:03"
"Shakazaramesh","5ef2945bbb96627c9ce5f63f","WestCoastD'Armor","677699b98d7eb43c5800f187","6a982aef352e41c58ec28523","2026-09-02 10:03"
"Victor","67822dd7ca228d1e49a1a611","val1d","63875de4e55ec4234b26d1fb","6a982bf2352e41c58ec2881a","2026-09-02 10:03"
"Tomek5_5","606e09423667bc0001ad663d","𝓫","6954cc29b237877e44dd9ca9","6a982c071b64907bc9f2af97","2026-09-02 10:04"
"Edawardz","600aa63b94b5f40001eddb27","Christobal Cebolla","67a0c1f30b5863275051a4f0","6a982bfd1b64907bc9f2af66","2026-09-02 10:05"
"NoruJumping","5c5817f33d925bc96cd177e7","TheM1sty™","5b9ab06cbb9fdd32283b9eba","6a982c1a116c521660705a88","2026-09-02 10:05"
"https://www.twitch.tv/qule0","635d8550c15309de668daf99","Pasord","6669c659ca16186b5a3dbc35","6a982c6f4e2033c0f998ab3a","2026-09-02 10:06"
"lecheur2pieds","663523ba8e313d3aa27852b0","Angeria","5e1333041b34a033c801a9b1","6a982ca41b64907bc9f2b1b2","2026-09-02 10:07"
"Uqi","66e06b9b10076c158980f069","男方鬆 - Mr. Nanfsong","6409beba17491edb5a32b684","6a982c5a352e41c58ec2897e","2026-09-02 10:07"
"emshanoff","60a55176895a250001d9e2d8","lecheur2pieds","663523ba8e313d3aa27852b0","6a982c661b64907bc9f2b0e7","2026-09-02 10:08"
"habesh","647734d056305f7bf5561a4e","Brzoza","60ababeffb1efa0001302754","6a982a64352e41c58ec28349","2026-09-02 10:08"
"𝓫","6954cc29b237877e44dd9ca9","Tomek5_5","606e09423667bc0001ad663d","6a982cbb4e2033c0f998acba","2026-09-02 10:08"
"Christobal Cebolla","67a0c1f30b5863275051a4f0","TheM1sty™","5b9ab06cbb9fdd32283b9eba","6a982d161b64907bc9f2b385","2026-09-02 10:08"
"Uqi","66e06b9b10076c158980f069","Angeria","5e1333041b34a033c801a9b1","6a982d854e2033c0f998afda","2026-09-02 10:09"
"Tottenhamwisps","60ad03a48b6e1d00012f8e7e","Mestre3342","60bcb2627521290001a84cac","6a982c7e116c521660705b7d","2026-09-02 10:09"
"pasycat粉丝","6825e5c37465249750d5a93f","Brzoza","60ababeffb1efa0001302754","6a982dba1b64907bc9f2b609","2026-09-02 10:10"
"Anna","611760155078c2000158aa4b","https://www.twitch.tv/qule0","635d8550c15309de668daf99","6a982d49116c521660705e3c","2026-09-02 10:10"
"Shakazaramesh","5ef2945bbb96627c9ce5f63f","れい（Rey）","6444afc0c30fa09317b315fc","6a982c951b64907bc9f2b183","2026-09-02 10:10"
"男方鬆 - Mr. Nanfsong","6409beba17491edb5a32b684","𝓫","6954cc29b237877e44dd9ca9","6a982da74e2033c0f998b056","2026-09-02 10:11"
"lecheur2pieds","663523ba8e313d3aa27852b0","xiwang","696e0e6fe76a00570552d609","6a982e0b2156dea2479f04a7","2026-09-02 10:12"
"Der Teufel","6165b05d1a1017000125798b","Edawardz","600aa63b94b5f40001eddb27","6a982d33352e41c58ec28c4d","2026-09-02 10:12"
"Victor","67822dd7ca228d1e49a1a611","Ruben","5e1334ba1b34a033c801a9e8","6a982ce3116c521660705c9a","2026-09-02 10:12"
"Joo-eun.","6a290dd1cf6b59479a2ae4de","GeoChad147 (Youtube)","61333da66ab477000167c55b","6a982cb0352e41c58ec28a52","2026-09-02 10:12"
"ThiiagooAC7","66a13c3e99166dab91896702","seckfren","620059fe2a87750001272c8f","6a982d7e116c521660705ec5","2026-09-02 10:12"
"Christobal Cebolla","67a0c1f30b5863275051a4f0","TheM1sty™","5b9ab06cbb9fdd32283b9eba","6a982da34e2033c0f998b04b","2026-09-02 10:13"
"Tomek5_5","606e09423667bc0001ad663d","Angeria","5e1333041b34a033c801a9b1","6a982df21b64907bc9f2b6bd","2026-09-02 10:14"
"https://www.twitch.tv/qule0","635d8550c15309de668daf99","Uqi","66e06b9b10076c158980f069","6a982e0c352e41c58ec28ef4","2026-09-02 10:15"
"𝓫","6954cc29b237877e44dd9ca9","danger","697ec2084f2fb1a1a48cb642","6a982eb94e2033c0f998b4c0","2026-09-02 10:15"
"s7ymon.","689dea76e80ba00f3a8dbdc1","skrzypas&wojfer shared account","62dc07edf32847e5836668f1","6a982d562156dea2479f02a3","2026-09-02 10:16"
"lecheur2pieds","663523ba8e313d3aa27852b0","男方鬆 - Mr. Nanfsong","6409beba17491edb5a32b684","6a982e7a5e32ce896831c2df","2026-09-02 10:16"
"Shakazaramesh","5ef2945bbb96627c9ce5f63f","Anna","611760155078c2000158aa4b","6a982e35116c521660706155","2026-09-02 10:16"
"irrational","65ba97ce8b2ba0c747ffa3b7","Рома","5bc9f3921f3cf81af80cfa72","6a982b7d116c521660705849","2026-09-02 10:17"
"lecheur2pieds","663523ba8e313d3aa27852b0","xiwang","696e0e6fe76a00570552d609","6a982ea32156dea2479f0759","2026-09-02 10:18"
"https://www.twitch.tv/qule0","635d8550c15309de668daf99","Uqi","66e06b9b10076c158980f069","6a982f5f1b64907bc9f2bc6c","2026-09-02 10:18"
"mint","67bf13b90a45adc3b2e1c725","skrzypas&wojfer shared account","62dc07edf32847e5836668f1","6a982f831b64907bc9f2bcec","2026-09-02 10:19"
"Tottenhamwisps","60ad03a48b6e1d00012f8e7e","Christobal Cebolla","67a0c1f30b5863275051a4f0","6a982f314e2033c0f998b6d8","2026-09-02 10:19"
"Joo-eun.","6a290dd1cf6b59479a2ae4de","GeoChad147 (Youtube)","61333da66ab477000167c55b","6a982eab4e2033c0f998b473","2026-09-02 10:19"
"ThiiagooAC7","66a13c3e99166dab91896702","NorthKoreaEnjoyer","6a5776b9557fa0b8070897d7","6a982ed61b4f66ee09bfde2e","2026-09-02 10:19"
"男方鬆 - Mr. Nanfsong","6409beba17491edb5a32b684","Dan YAile","60ef0697612a5400012c89a3","6a982f9d83669b9ff9e365f6","2026-09-02 10:20"
"𝓫","6954cc29b237877e44dd9ca9","Angeria","5e1333041b34a033c801a9b1","6a982f574e2033c0f998b77a","2026-09-02 10:20"
"Shakazaramesh","5ef2945bbb96627c9ce5f63f","NoruJumping","5c5817f33d925bc96cd177e7","6a982f74352e41c58ec2934b","2026-09-02 10:20"
"Joo-eun.","6a290dd1cf6b59479a2ae4de","val1d","63875de4e55ec4234b26d1fb","6a98308cf228cebeeb0bc740","2026-09-02 10:21"
"mint","67bf13b90a45adc3b2e1c725","lecheur2pieds","663523ba8e313d3aa27852b0","6a9830531b64907bc9f2c001","2026-09-02 10:22"
"https://www.twitch.tv/qule0","635d8550c15309de668daf99","xiwang","696e0e6fe76a00570552d609","6a9830234e2033c0f998bb2b","2026-09-02 10:22"
"Joo-eun.","6a290dd1cf6b59479a2ae4de","val1d","63875de4e55ec4234b26d1fb","6a98308cf228cebeeb0bc740","2026-09-02 10:22"
"TheM1sty™","5b9ab06cbb9fdd32283b9eba","れい（Rey）","6444afc0c30fa09317b315fc","6a98302c2156dea2479f0ca7","2026-09-02 10:22"
"sk 愛","666b76089d20c1dd39ec810c","pisanico","5e59788312777c09acb5f77f","6a982f8e1b64907bc9f2bd15","2026-09-02 10:23"
"Joo-eun.","6a290dd1cf6b59479a2ae4de","val1d","63875de4e55ec4234b26d1fb","6a98308cf228cebeeb0bc740","2026-09-02 10:23"
"Dan YAile","60ef0697612a5400012c89a3","Angeria","5e1333041b34a033c801a9b1","6a9830b24e2033c0f998bd91","2026-09-02 10:24"
"Shakazaramesh","5ef2945bbb96627c9ce5f63f","NoruJumping","5c5817f33d925bc96cd177e7","6a98309f116c521660706a30","2026-09-02 10:24"
"GeoChad147 (Youtube)","61333da66ab477000167c55b","NorthKoreaEnjoyer","6a5776b9557fa0b8070897d7","6a9830402271cc1dce1cb260","2026-09-02 10:24"
"Eriko Hashimoto","6a35e9a0766da45cf34f631b","lecheur2pieds","663523ba8e313d3aa27852b0","6a9830194e2033c0f998baf5","2026-09-02 10:25"
"LetsCrime (chatbanned)","67a80cc003077ed0dfc834ab","xiwang","696e0e6fe76a00570552d609","6a9831394e2033c0f998bfab","2026-09-02 10:25"
"男方鬆 - Mr. Nanfsong","6409beba17491edb5a32b684","𝓫","6954cc29b237877e44dd9ca9","6a9830974e2033c0f998bd05","2026-09-02 10:25"
"val1d","63875de4e55ec4234b26d1fb","Joo-eun.","6a290dd1cf6b59479a2ae4de","6a98311a1b64907bc9f2c2a0","2026-09-02 10:25"
"Tomek5_5","606e09423667bc0001ad663d","https://www.twitch.tv/qule0","635d8550c15309de668daf99","6a9830ef5e32ce896831cb4f","2026-09-02 10:26"
"鹰娥朗","628e0d478e5ef3a3ca163627","Christobal Cebolla","67a0c1f30b5863275051a4f0","6a9830574e2033c0f998bc0a","2026-09-02 10:27"
"花开富贵","65391c226d687a9219c42e43","Joo-eun.","6a290dd1cf6b59479a2ae4de","6a9831db116c521660706e56","2026-09-02 10:27"
"TheM1sty™","5b9ab06cbb9fdd32283b9eba","Baron","693f6bdc3353aee359a84f82","6a9830e90e29e14d2e2eb8be","2026-09-02 10:27"
"Brzoza","60ababeffb1efa0001302754","Dan YAile","60ef0697612a5400012c89a3","6a9830a35e32ce896831ca38","2026-09-02 10:28"
"pisanico","5e59788312777c09acb5f77f","xiwang","696e0e6fe76a00570552d609","6a98319a4e2033c0f998c119","2026-09-02 10:28"
"𝓫","6954cc29b237877e44dd9ca9","男方鬆 - Mr. Nanfsong","6409beba17491edb5a32b684","6a9831b01b64907bc9f2c4b3","2026-09-02 10:28"
"val1d","63875de4e55ec4234b26d1fb","Joo-eun.","6a290dd1cf6b59479a2ae4de","6a9832264e2033c0f998c2e4","2026-09-02 10:28"
"NoruJumping","5c5817f33d925bc96cd177e7","[PEA]Arvanna","66a545e50035c093bfe072bd","6a9831be1b64907bc9f2c4de","2026-09-02 10:28"
"skrzypas&wojfer shared account","62dc07edf32847e5836668f1","lecheur2pieds","663523ba8e313d3aa27852b0","6a9831035e32ce896831cb82","2026-09-02 10:29"
"https://www.twitch.tv/qule0","635d8550c15309de668daf99","Shakazaramesh","5ef2945bbb96627c9ce5f63f","6a9831fc1b64907bc9f2c5a0","2026-09-02 10:29"
"Nettspend","67a7ed6d607e54ae2aa7a9e5","NorthKoreaEnjoyer","6a5776b9557fa0b8070897d7","6a9831871b64907bc9f2c41e","2026-09-02 10:30"
"lecheur2pieds","663523ba8e313d3aa27852b0","Dan YAile","60ef0697612a5400012c89a3","6a9832534e2033c0f998c38e","2026-09-02 10:32"
"val1d","63875de4e55ec4234b26d1fb","𝓫","6954cc29b237877e44dd9ca9","6a9832532156dea2479f12c2","2026-09-02 10:32"
"Joo-eun.","6a290dd1cf6b59479a2ae4de","NoruJumping","5c5817f33d925bc96cd177e7","6a98326f4e2033c0f998c3df","2026-09-02 10:32"
"Dan YAile","60ef0697612a5400012c89a3","𝓫","6954cc29b237877e44dd9ca9","6a9833641b64907bc9f2ca65","2026-09-02 10:34"
"val1d","63875de4e55ec4234b26d1fb","𝓫","6954cc29b237877e44dd9ca9","6a9832532156dea2479f12c2","2026-09-02 10:34"
"skrzypas&wojfer shared account","62dc07edf32847e5836668f1","lecheur2pieds","663523ba8e313d3aa27852b0","6a9832e31b64907bc9f2c8b3","2026-09-02 10:35"
"Shakazaramesh","5ef2945bbb96627c9ce5f63f","https://www.twitch.tv/qule0","635d8550c15309de668daf99","6a9832af1b64907bc9f2c7ff","2026-09-02 10:35"
"NoruJumping","5c5817f33d925bc96cd177e7","Kazawiii (chat banned)","683db87dca64579fbbcf122e","6a9833684e2033c0f998c7ab","2026-09-02 10:35"
"VIVER","631f29032347fcd4bef60349","橙汁牛奶","6963bcefbc79a0f23010eb7c","6a9833cc1b64907bc9f2cc69","2026-09-02 10:36"
"TheM1sty™","5b9ab06cbb9fdd32283b9eba","Christobal Cebolla","67a0c1f30b5863275051a4f0","6a98321a4e2033c0f998c29c","2026-09-02 10:36"
"Joo-eun.","6a290dd1cf6b59479a2ae4de","Tatert0t","68713ba58c49b2f1bf373e05","6a9833b01b64907bc9f2cbcb","2026-09-02 10:36"
"男方鬆 - Mr. Nanfsong","6409beba17491edb5a32b684","Dan YAile","60ef0697612a5400012c89a3","6a9833c94e2033c0f998c8e9","2026-09-02 10:37"
"lecheur2pieds","663523ba8e313d3aa27852b0","BarryTheBee","62be7867aa13616722f8dd4a","6a9833a91b64907bc9f2cbae","2026-09-02 10:38"
"Dan YAile","60ef0697612a5400012c89a3","https://www.twitch.tv/qule0","635d8550c15309de668daf99","6a9833e8116c5216607073af","2026-09-02 10:38"
"Shakazaramesh","5ef2945bbb96627c9ce5f63f","aguardiente","60ba2dec2056310001c27701","6a9833fe1b64907bc9f2cd29","2026-09-02 10:38"
"Christobal Cebolla","67a0c1f30b5863275051a4f0","WestCoastD'Armor","677699b98d7eb43c5800f187","6a9834291b64907bc9f2cd9f","2026-09-02 10:40"
"lecheur2pieds","663523ba8e313d3aa27852b0","Dan YAile","60ef0697612a5400012c89a3","6a9834ed4e2033c0f998cd12","2026-09-02 10:41"
"男方鬆 - Mr. Nanfsong","6409beba17491edb5a32b684","Dan YAile","60ef0697612a5400012c89a3","6a983461f228cebeeb0bd168","2026-09-02 10:41"
"https://www.twitch.tv/qule0","635d8550c15309de668daf99","xiwang","696e0e6fe76a00570552d609","6a9834c2116c5216607075a6","2026-09-02 10:41"
"aguardiente","60ba2dec2056310001c27701","bruno_","63539f99d762f9640ac69c12","6a9834c01b64907bc9f2cfb4","2026-09-02 10:41"
"GeoChiko","637129eb9d737c55a520a3e3","NorthKoreaEnjoyer","6a5776b9557fa0b8070897d7","6a9832ce1b64907bc9f2c86d","2026-09-02 10:42"
"TheM1sty™","5b9ab06cbb9fdd32283b9eba","crispy","65307f11c5024fd19cfff279","6a98342e4e2033c0f998ca69","2026-09-02 10:42"
"橙汁牛奶","6963bcefbc79a0f23010eb7c","Joo-eun.","6a290dd1cf6b59479a2ae4de","6a98345f1b64907bc9f2ce80","2026-09-02 10:43"
"lecheur2pieds","663523ba8e313d3aa27852b0","skrzypas&wojfer shared account","62dc07edf32847e5836668f1","6a98354a83669b9ff9e375e0","2026-09-02 10:44"
"https://www.twitch.tv/qule0","635d8550c15309de668daf99","val1d","63875de4e55ec4234b26d1fb","6a98356c1b64907bc9f2d2a7","2026-09-02 10:44"
"橙汁牛奶","6963bcefbc79a0f23010eb7c","NorthKoreaEnjoyer","6a5776b9557fa0b8070897d7","6a9835e34e2033c0f998d0b8","2026-09-02 10:46"
"https://www.twitch.tv/qule0","635d8550c15309de668daf99","val1d","63875de4e55ec4234b26d1fb","6a9836504e2033c0f998d23b","2026-09-02 10:47"
"Dan YAile","60ef0697612a5400012c89a3","男方鬆 - Mr. Nanfsong","6409beba17491edb5a32b684","6a9835784e2033c0f998cf40","2026-09-02 10:48"
"danq_s","639c2a925d4cc27b2f7a898b","PQ","6953a5aff57e451db5af2a86","6a9836501b64907bc9f2d5b9","2026-09-02 10:48"
"Joo-eun.","6a290dd1cf6b59479a2ae4de","TheM1sty™","5b9ab06cbb9fdd32283b9eba","6a98362e352e41c58ec2a513","2026-09-02 10:49"
"lecheur2pieds","663523ba8e313d3aa27852b0","skrzypas&wojfer shared account","62dc07edf32847e5836668f1","6a9836464e2033c0f998d204","2026-09-02 10:50"
"Dan YAile","60ef0697612a5400012c89a3","aguardiente","60ba2dec2056310001c27701","6a9835c84e2033c0f998d061","2026-09-02 10:50"
"男方鬆 - Mr. Nanfsong","6409beba17491edb5a32b684","https://www.twitch.tv/qule0","635d8550c15309de668daf99","6a98370a1b64907bc9f2d84e","2026-09-02 10:51"
"danq_s","639c2a925d4cc27b2f7a898b","aguardiente","60ba2dec2056310001c27701","6a98377c4e2033c0f998d698","2026-09-02 10:51"
"橙汁牛奶","6963bcefbc79a0f23010eb7c","val1d","63875de4e55ec4234b26d1fb","6a9837314e2033c0f998d58d","2026-09-02 10:51"
"BarryTheBee","62be7867aa13616722f8dd4a","lecheur2pieds","663523ba8e313d3aa27852b0","6a9837124e2033c0f998d512","2026-09-02 10:53"
"skrzypas&wojfer shared account","62dc07edf32847e5836668f1","lecheur2pieds","663523ba8e313d3aa27852b0","6a9837784e2033c0f998d68a","2026-09-02 10:53"
"Joo-eun.","6a290dd1cf6b59479a2ae4de","Mestre3342","60bcb2627521290001a84cac","6a9837484e2033c0f998d5e5","2026-09-02 10:53"
"aguardiente","60ba2dec2056310001c27701","Lster95","6875664f91065c0938397061","6a9837f54e2033c0f998d80b","2026-09-02 10:53"
"Henrikk","622640b7cb9b530001598509","Dan YAile","60ef0697612a5400012c89a3","6a98378f1b64907bc9f2da6b","2026-09-02 10:55"
"TheM1sty™","5b9ab06cbb9fdd32283b9eba","GeoGoat","683846146a7a1bef7b6c68fb","6a98375e116c521660707d33","2026-09-02 10:55"
"Christobal Cebolla","67a0c1f30b5863275051a4f0","aguardiente","60ba2dec2056310001c27701","6a9838481b64907bc9f2dd26","2026-09-02 10:56"
"lecheur2pieds","663523ba8e313d3aa27852b0","skrzypas&wojfer shared account","62dc07edf32847e5836668f1","6a98381e4e2033c0f998d8c7","2026-09-02 10:57"
"男方鬆 - Mr. Nanfsong","6409beba17491edb5a32b684","danq_s","639c2a925d4cc27b2f7a898b","6a9837fd4e2033c0f998d829","2026-09-02 10:58"
"Dan YAile","60ef0697612a5400012c89a3","https://www.twitch.tv/qule0","635d8550c15309de668daf99","6a9838b21b64907bc9f2df17","2026-09-02 10:59"
"BarryTheBee","62be7867aa13616722f8dd4a","lecheur2pieds","663523ba8e313d3aa27852b0","6a98396a1b64907bc9f2e1f6","2026-09-02 11:02"
"skrzypas&wojfer shared account","62dc07edf32847e5836668f1","lecheur2pieds","663523ba8e313d3aa27852b0","6a9839161b64907bc9f2e09b","2026-09-02 11:02"
"Henrikk","622640b7cb9b530001598509","Dan YAile","60ef0697612a5400012c89a3","6a9838c81b64907bc9f2df67","2026-09-02 11:02"
"aguardiente","60ba2dec2056310001c27701","Angra","60f088047943b500018194f7","6a9839351b64907bc9f2e141","2026-09-02 11:02"
"SIM","5ed11a2b282ad28b94fe9b42","Ruari","60258d7d36ff8a0001f5fef5","6a9838851b64907bc9f2de4d","2026-09-02 11:03"
"Christobal Cebolla","67a0c1f30b5863275051a4f0","TheM1sty™","5b9ab06cbb9fdd32283b9eba","6a9838fb4e2033c0f998dc0f","2026-09-02 11:03"
"Dan YAile","60ef0697612a5400012c89a3","Henrikk","622640b7cb9b530001598509","6a983a61116c521660708660","2026-09-02 11:04"
"Kiran","5fa6fdd8b45c67000133f43d","WestCoastD'Armor","677699b98d7eb43c5800f187","6a9839924e2033c0f998de8b","2026-09-02 11:04"
"skrzypas&wojfer shared account","62dc07edf32847e5836668f1","lecheur2pieds","663523ba8e313d3aa27852b0","6a983a6dea03b22c75c0a66b","2026-09-02 11:05"
"鳴神","5e6434058fd6cf50f886fb99","https://www.twitch.tv/qule0","635d8550c15309de668daf99","6a9839c11b64907bc9f2e36c","2026-09-02 11:05"
"Dan YAile","60ef0697612a5400012c89a3","Henrikk","622640b7cb9b530001598509","6a983a61116c521660708660","2026-09-02 11:06"
"https://www.twitch.tv/qule0","635d8550c15309de668daf99","Dan YAile","60ef0697612a5400012c89a3","6a983b19116c52166070882f","2026-09-02 11:07"
"aguardiente","60ba2dec2056310001c27701","Angra","60f088047943b500018194f7","6a983a951b64907bc9f2e659","2026-09-02 11:07"
"Joo-eun.","6a290dd1cf6b59479a2ae4de","Tottenhamwisps","60ad03a48b6e1d00012f8e7e","6a983ba65e32ce896831e93a","2026-09-02 11:09"
"lecheur2pieds","663523ba8e313d3aa27852b0","skrzypas&wojfer shared account","62dc07edf32847e5836668f1","6a983b201b64907bc9f2e851","2026-09-02 11:10"
"Dan YAile","60ef0697612a5400012c89a3","Brzoza","60ababeffb1efa0001302754","6a983b731b64907bc9f2e9a7","2026-09-02 11:10"
"Kiran","5fa6fdd8b45c67000133f43d","TheM1sty™","5b9ab06cbb9fdd32283b9eba","6a983acf4e2033c0f998e34b","2026-09-02 11:10"
"Lodi","5788e5e5c2a0fb1304dba46c","bruno_","63539f99d762f9640ac69c12","6a983afb1b64907bc9f2e7c0","2026-09-02 11:10"
"Christobal Cebolla","67a0c1f30b5863275051a4f0","danq_s","639c2a925d4cc27b2f7a898b","6a983a7e1b64907bc9f2e606","2026-09-02 11:11"
"https://www.twitch.tv/qule0","635d8550c15309de668daf99","Dan YAile","60ef0697612a5400012c89a3","6a983b861b64907bc9f2e9ef","2026-09-02 11:13"
"Joo-eun.","6a290dd1cf6b59479a2ae4de","Tottenhamwisps","60ad03a48b6e1d00012f8e7e","6a983ba65e32ce896831e93a","2026-09-02 11:13"
"Joo-eun.","6a290dd1cf6b59479a2ae4de","Ruari","60258d7d36ff8a0001f5fef5","6a983c194e2033c0f998e85c","2026-09-02 11:13"
"Brzoza","60ababeffb1efa0001302754","Dan YAile","60ef0697612a5400012c89a3","6a983c444e2033c0f998e8ff","2026-09-02 11:14"
"skrzypas&wojfer shared account","62dc07edf32847e5836668f1","lecheur2pieds","663523ba8e313d3aa27852b0","6a983c5f1b4f66ee09c00413","2026-09-02 11:15"
"https://www.twitch.tv/qule0","635d8550c15309de668daf99","Dan YAile","60ef0697612a5400012c89a3","6a983d371b64907bc9f2eeeb","2026-09-02 11:15"
"estatista","64dc0ed490256c1eba066c5f","danq_s","639c2a925d4cc27b2f7a898b","6a983cf14e2033c0f998eb9c","2026-09-02 11:15"
"Kiran","5fa6fdd8b45c67000133f43d","Anonymous","62517d69bf2d9b52f4682c70","6a983c49352e41c58ec2b52d","2026-09-02 11:16"
"Eracute","67c9f630060b64446dd214cc","qeezy new acc","6033a16edb1db5000118e2c0","6a983d36c233ce30e300f937","2026-09-02 11:16"
"aguardiente","60ba2dec2056310001c27701","Ruari","60258d7d36ff8a0001f5fef5","6a983d075e32ce896831ecd2","2026-09-02 11:16"
"skrzypas&wojfer shared account","62dc07edf32847e5836668f1","lecheur2pieds","663523ba8e313d3aa27852b0","6a983d4e116c521660708eca","2026-09-02 11:18"
"Christobal Cebolla","67a0c1f30b5863275051a4f0","Tottenhamwisps","60ad03a48b6e1d00012f8e7e","6a983cb51b4f66ee09c004e9","2026-09-02 11:18"
"BarryTheBee","62be7867aa13616722f8dd4a","plotter","674c4756fb60b9f111e6e0b4","6a983cec5e32ce896831ec86","2026-09-02 11:19"
"https://www.twitch.tv/qule0","635d8550c15309de668daf99","Tottenhamwisps","60ad03a48b6e1d00012f8e7e","6a983e241b64907bc9f2f1f3","2026-09-02 11:20"
"Dan YAile","60ef0697612a5400012c89a3","danq_s","639c2a925d4cc27b2f7a898b","6a983da61b64907bc9f2f092","2026-09-02 11:21"
"Dan YAile","60ef0697612a5400012c89a3","danq_s","639c2a925d4cc27b2f7a898b","6a983da61b64907bc9f2f092","2026-09-02 11:22"
"Joo-eun.","6a290dd1cf6b59479a2ae4de","WestCoastD'Armor","677699b98d7eb43c5800f187","6a983d27116c521660708e5d","2026-09-02 11:23"
"TheM1sty™","5b9ab06cbb9fdd32283b9eba","PQ","6953a5aff57e451db5af2a86","6a983e5a4e2033c0f998f10a","2026-09-02 11:23"
"Dan YAile","60ef0697612a5400012c89a3","Brzoza","60ababeffb1efa0001302754","6a983f1c1b64907bc9f2f4f5","2026-09-02 11:24"
"skrzypas&wojfer shared account","62dc07edf32847e5836668f1","lecheur2pieds","663523ba8e313d3aa27852b0","6a983e1c4e2033c0f998f01f","2026-09-02 11:25"
"Christobal Cebolla","67a0c1f30b5863275051a4f0","Kiran","5fa6fdd8b45c67000133f43d","6a983dff352e41c58ec2b8aa","2026-09-02 11:25"
"鳴神","5e6434058fd6cf50f886fb99","Brzoza","60ababeffb1efa0001302754","6a983f9a4e2033c0f998f592","2026-09-02 11:26"
"khoyer","65a40bcd1d2944943d44368e","https://www.twitch.tv/qule0","635d8550c15309de668daf99","6a983e724e2033c0f998f16a","2026-09-02 11:26"
"danq_s","639c2a925d4cc27b2f7a898b","estatista","64dc0ed490256c1eba066c5f","6a983f2a1b64907bc9f2f510","2026-09-02 11:27"
"TheM1sty™","5b9ab06cbb9fdd32283b9eba","Joo-eun.","6a290dd1cf6b59479a2ae4de","6a983f611b64907bc9f2f5c5","2026-09-02 11:27"
"skrzypas&wojfer shared account","62dc07edf32847e5836668f1","kcd","5aef47d3b18d0894c4ffe297","6a983fca5e32ce896831f397","2026-09-02 11:28"
"Dan YAile","60ef0697612a5400012c89a3","Maksonic","619d09bdc4ab7000016c68d3","6a983f724e2033c0f998f50f","2026-09-02 11:28"
"Anonymous","62517d69bf2d9b52f4682c70","Jannik","6a0c58030808c41cb15866fe","6a983f3f116c521660709461","2026-09-02 11:28"
"Brzoza","60ababeffb1efa0001302754","Dan YAile","60ef0697612a5400012c89a3","6a983ff41b64907bc9f2f76c","2026-09-02 11:30"
"TheM1sty™","5b9ab06cbb9fdd32283b9eba","PQ","6953a5aff57e451db5af2a86","6a9840414e2033c0f998f800","2026-09-02 11:30"
"Joo-eun.","6a290dd1cf6b59479a2ae4de","danq_s","639c2a925d4cc27b2f7a898b","6a98403a1b64907bc9f2f855","2026-09-02 11:31"
"Anonymous","62517d69bf2d9b52f4682c70","Jannik","6a0c58030808c41cb15866fe","6a984075116c52166070976e","2026-09-02 11:31"
"Florian","5dad9132d0d2a44f1018e420","https://www.twitch.tv/qule0","635d8550c15309de668daf99","6a9840034e2033c0f998f718","2026-09-02 11:32"
"Ruben","5e1334ba1b34a033c801a9e8","danq_s","639c2a925d4cc27b2f7a898b","6a9841514e2033c0f998fc0f","2026-09-02 11:34"
"TheM1sty™","5b9ab06cbb9fdd32283b9eba","Anonymous","62517d69bf2d9b52f4682c70","6a9841074e2033c0f998fb1c","2026-09-02 11:34"
"CoolMoonGuy","67ba5164f30fffa59919db60","Tottenhamwisps","60ad03a48b6e1d00012f8e7e","6a98414c1b4f66ee09c00ff9","2026-09-02 11:35"
"Dan YAile","60ef0697612a5400012c89a3","しよえ　Shiyoe","6375a42d001fcb9df8d226d9","6a98413b4e2033c0f998fbc5","2026-09-02 11:36"
"Maksonic","619d09bdc4ab7000016c68d3","Dan YAile","60ef0697612a5400012c89a3","6a9840a71b64907bc9f2f9e9","2026-09-02 11:36"
"https://www.twitch.tv/qule0","635d8550c15309de668daf99","val1d","63875de4e55ec4234b26d1fb","6a98418d1b64907bc9f2fd4f","2026-09-02 11:37"
"Breivik","67eaa19f174c9c157fefdc99","BLANC DE BLANC","5eec83c262df1243a0ceaea8","6a98416e4e2033c0f998fc79","2026-09-02 11:37"
"Рома","5bc9f3921f3cf81af80cfa72","Anonymous","62517d69bf2d9b52f4682c70","6a9842021b4f66ee09c01203","2026-09-02 11:38"
"Joo-eun.","6a290dd1cf6b59479a2ae4de","pangolin","5ee22161f200f12f30cd9d29","6a9841874e2033c0f998fd01","2026-09-02 11:38"
"danq_s","639c2a925d4cc27b2f7a898b","Zoe","64012c4575693afea0dec10b","6a9841f31b4f66ee09c011d0","2026-09-02 11:38"
"Dan YAile","60ef0697612a5400012c89a3","しよえ　Shiyoe","6375a42d001fcb9df8d226d9","6a98426d1b64907bc9f300d8","2026-09-02 11:40"
"Brzoza","60ababeffb1efa0001302754","Maksonic","619d09bdc4ab7000016c68d3","6a9842571b64907bc9f3009a","2026-09-02 11:40"
"Kiochan","665d84d55400327448b890dc","Tottenhamwisps","60ad03a48b6e1d00012f8e7e","6a9842531b64907bc9f30087","2026-09-02 11:40"
"danq_s","639c2a925d4cc27b2f7a898b","Zoe","64012c4575693afea0dec10b","6a9842d8116c521660709df4","2026-09-02 11:41"
"https://www.twitch.tv/qule0","635d8550c15309de668daf99","VIVER","631f29032347fcd4bef60349","6a9842ad1b64907bc9f301c2","2026-09-02 11:42"
"Florian","5dad9132d0d2a44f1018e420","Dan YAile","60ef0697612a5400012c89a3","6a9842374e2033c0f998ff62","2026-09-02 11:42"
"Anonymous","62517d69bf2d9b52f4682c70","LHeyy","683dc8bdc7582533316244d0","6a9842e7116c521660709e2e","2026-09-02 11:42"
"Ruben","5e1334ba1b34a033c801a9e8","路易十六","65337c686711b99177ed189b","6a98428c116c521660709d47","2026-09-02 11:43"
"VIVER","631f29032347fcd4bef60349","danq_s","639c2a925d4cc27b2f7a898b","6a9843b31b4f66ee09c01697","2026-09-02 11:45"
"Palmitas","6984de4267015bc9a6109cae","NorthKoreaEnjoyer","6a5776b9557fa0b8070897d7","6a98438c1b64907bc9f3052d","2026-09-02 11:45"
"BarryTheBee","62be7867aa13616722f8dd4a","skrzypas&wojfer shared account","62dc07edf32847e5836668f1","6a984377116c52166070a03a","2026-09-02 11:46"
"Dan YAile","60ef0697612a5400012c89a3","https://www.twitch.tv/qule0","635d8550c15309de668daf99","6a9843c94e2033c0f999050a","2026-09-02 11:46"
"Ruben","5e1334ba1b34a033c801a9e8","花开富贵","65391c226d687a9219c42e43","6a9844581b64907bc9f30839","2026-09-02 11:46"
"Tottenhamwisps","60ad03a48b6e1d00012f8e7e","Рома","5bc9f3921f3cf81af80cfa72","6a9843424e2033c0f99902d0","2026-09-02 11:46"
"Dan YAile","60ef0697612a5400012c89a3","https://www.twitch.tv/qule0","635d8550c15309de668daf99","6a9843c94e2033c0f999050a","2026-09-02 11:47"
"danq_s","639c2a925d4cc27b2f7a898b","MaxJoker84","658c1a04945350bcd1f47aca","6a98448f4e2033c0f9990852","2026-09-02 11:48"
"GeoMax","610ade6208061c000158624f","Anonymous","62517d69bf2d9b52f4682c70","6a9843aa1b64907bc9f305a0","2026-09-02 11:48"
"NoruJumping","5c5817f33d925bc96cd177e7","val1d","63875de4e55ec4234b26d1fb","6a9842a61b64907bc9f301aa","2026-09-02 11:48"
"NorthKoreaEnjoyer","6a5776b9557fa0b8070897d7","Jannik","6a0c58030808c41cb15866fe","6a9844714e2033c0f9990798","2026-09-02 11:48"
"路易十六","65337c686711b99177ed189b","Maksonic","619d09bdc4ab7000016c68d3","6a98440d1b4f66ee09c017cd","2026-09-02 11:49"
"VIVER","631f29032347fcd4bef60349","Palmitas","6984de4267015bc9a6109cae","6a9844760e29e14d2e2eecb8","2026-09-02 11:49"
"Lodi","5788e5e5c2a0fb1304dba46c","ꀋꏦꇊ","679857c21e3f92bc77808937","6a9843f61b64907bc9f306a3","2026-09-02 11:49"
"Venux","601d72df848235000143965e","NotNMPZDitoAgain","690b3774653c4fdcfc395260","6a9844ab1b64907bc9f30991","2026-09-02 11:50"
"Tottenhamwisps","60ad03a48b6e1d00012f8e7e","花开富贵","65391c226d687a9219c42e43","6a9844ba116c52166070a48a","2026-09-02 11:50"
"Garou","69f366ee3f7f13479269b155","louis","663a973693554797a0c4c3ab","6a98444a1b64907bc9f307d0","2026-09-02 11:50"
"MaxJoker84","658c1a04945350bcd1f47aca","Frigo Camelo","6831b15be91c310e7f58d599","6a9845464e2033c0f9990b0b","2026-09-02 11:50"
"estatista","64dc0ed490256c1eba066c5f","irrational","65ba97ce8b2ba0c747ffa3b7","6a9840950e29e14d2e2ee2c1","2026-09-02 11:51"
"Synxzy","62b9d279343a6042acb35fe8","val1d","63875de4e55ec4234b26d1fb","6a98450a1b64907bc9f30b11","2026-09-02 11:52"
"kober","67ad18a09e150413a5e6fa66","Dan YAile","60ef0697612a5400012c89a3","6a9844d61b64907bc9f30a21","2026-09-02 11:53"
"Palmitas","6984de4267015bc9a6109cae","danq_s","639c2a925d4cc27b2f7a898b","6a98453c4e2033c0f9990ae8","2026-09-02 11:53"
"Nettspend","67a7ed6d607e54ae2aa7a9e5","antidotess","60859c21128efc0001559603","6a9844d9116c52166070a4d4","2026-09-02 11:53"
"NoruJumping","5c5817f33d925bc96cd177e7","PQ","6953a5aff57e451db5af2a86","6a98451d116c52166070a5b7","2026-09-02 11:53"
"MaxJoker84","658c1a04945350bcd1f47aca","ꀋꏦꇊ","679857c21e3f92bc77808937","6a9845d4116c52166070a7dc","2026-09-02 11:53"
"BotsWannaBeMe","678d57b5624e9dc811ce9ca0","EvoMorales'graffiti","69bd378e956fb49739c0ef4e","6a9845be1b64907bc9f30dd5","2026-09-02 11:54"
"GeoMax","610ade6208061c000158624f","NorthKoreaEnjoyer","6a5776b9557fa0b8070897d7","6a9845275e32ce89683201d5","2026-09-02 11:54"
"Dissonans","60e09234213b0600019d912e","Заяц","63890678411c174863e40d57","6a9845ab4e2033c0f9990d00","2026-09-02 11:55"
"Monaia","5d45566324ec173888d619a4","VIVER","631f29032347fcd4bef60349","6a98456e116c52166070a696","2026-09-02 11:55"
"danq_s","639c2a925d4cc27b2f7a898b","pas bon","6138c0b02041ad0001a01eae","6a9846540e29e14d2e2ef243","2026-09-02 11:55"
"Dan YAile","60ef0697612a5400012c89a3","pisanico","5e59788312777c09acb5f77f","6a98463b5e32ce8968320575","2026-09-02 11:56"
"val1d","63875de4e55ec4234b26d1fb","syurenuko","684825d39f0e9a808a7a3994","6a9846394e2033c0f9990f01","2026-09-02 11:56"
"Maksonic","619d09bdc4ab7000016c68d3","Brzoza","60ababeffb1efa0001302754","6a9846344e2033c0f9990ee6","2026-09-02 11:57"
"Monaia","5d45566324ec173888d619a4","VIVER","631f29032347fcd4bef60349","6a9846c94e2033c0f9991161","2026-09-02 11:57"
"Tottenhamwisps","60ad03a48b6e1d00012f8e7e","FlyingPancake","5b16c1aa1c701293c4fc1091","6a9846074e2033c0f9990e3d","2026-09-02 11:57"
"skrzypas&wojfer shared account","62dc07edf32847e5836668f1","Dan YAile","60ef0697612a5400012c89a3","6a9846a44e2033c0f99910ca","2026-09-02 11:59"
"Max","5f847db332173400011b50bb","val1d","63875de4e55ec4234b26d1fb","6a9846934e2033c0f999108e","2026-09-02 11:59"
"NoruJumping","5c5817f33d925bc96cd177e7","antidotess","60859c21128efc0001559603","6a9846741b64907bc9f310d6","2026-09-02 12:00"
"danq_s","639c2a925d4cc27b2f7a898b","EvoMorales'graffiti","69bd378e956fb49739c0ef4e","6a9846c34e2033c0f999114d","2026-09-02 12:01"
"GeoMax","610ade6208061c000158624f","WestCoastD'Armor","677699b98d7eb43c5800f187","6a9846a34e2033c0f99910c7","2026-09-02 12:01"
"Brzoza","60ababeffb1efa0001302754","Felix.svb","6856986bb22dea4ae40a3d22","6a9847820e29e14d2e2ef6bc","2026-09-02 12:02"
"VIVER","631f29032347fcd4bef60349","Monaia","5d45566324ec173888d619a4","6a9847361b64907bc9f31472","2026-09-02 12:02"
"danq_s","639c2a925d4cc27b2f7a898b","val1d","63875de4e55ec4234b26d1fb","6a9848101b64907bc9f3188a","2026-09-02 12:02"
"Заяц","63890678411c174863e40d57","BotsWannaBeMe","678d57b5624e9dc811ce9ca0","6a9847000e29e14d2e2ef492","2026-09-02 12:03"
"Dan YAile","60ef0697612a5400012c89a3","Wolfgoon Auramadeus Moggzart","64a4686ecd74917a4fabee03","6a9847cd710cc04bba6a3dd5","2026-09-02 12:04"
"Tottenhamwisps","60ad03a48b6e1d00012f8e7e","LeBron James of Geoguessr","58ba5dff0eac7223846496ea","6a9847901b64907bc9f3163a","2026-09-02 12:04"
"Garou","69f366ee3f7f13479269b155","pas bon","6138c0b02041ad0001a01eae","6a9847411b64907bc9f314a9","2026-09-02 12:05"
"Dan YAile","60ef0697612a5400012c89a3","Hoshino","67e25a537f0b421800b31767","6a98480e1b4f66ee09c0241d","2026-09-02 12:06"
"Заяц","63890678411c174863e40d57","Monaia","5d45566324ec173888d619a4","6a9848c21b4f66ee09c02640","2026-09-02 12:06"
"danq_s","639c2a925d4cc27b2f7a898b","GeoMax","610ade6208061c000158624f","6a98486b4e2033c0f9991855","2026-09-02 12:07"
"pangolin","5ee22161f200f12f30cd9d29","WestCoastD'Armor","677699b98d7eb43c5800f187","6a9848ec1b4f66ee09c026ac","2026-09-02 12:07"
"VIVER","631f29032347fcd4bef60349","zach","621783eaab08b80001371858","6a9848691b64907bc9f31a0b","2026-09-02 12:08"
"LeBron James of Geoguessr","58ba5dff0eac7223846496ea","Nettspend","67a7ed6d607e54ae2aa7a9e5","6a9848ff116c52166070b3e0","2026-09-02 12:08"
"skrzypas&wojfer shared account","62dc07edf32847e5836668f1","Dan YAile","60ef0697612a5400012c89a3","6a9849b01b64907bc9f31f19","2026-09-02 12:09"
"irrational","65ba97ce8b2ba0c747ffa3b7","Рома","5bc9f3921f3cf81af80cfa72","6a98465a1b64907bc9f31070","2026-09-02 12:09"
"Garou","69f366ee3f7f13479269b155","pas bon","6138c0b02041ad0001a01eae","6a98492e1b64907bc9f31cf7","2026-09-02 12:09"
"val1d","63875de4e55ec4234b26d1fb","NoruJumping","5c5817f33d925bc96cd177e7","6a9848204e2033c0f999173b","2026-09-02 12:10"
"Ritchie","5ff84d182c4df40001592f85","danq_s","639c2a925d4cc27b2f7a898b","6a9849991b64907bc9f31ebe","2026-09-02 12:11"
"Dan YAile","60ef0697612a5400012c89a3","Felix.svb","6856986bb22dea4ae40a3d22","6a984a4c1b4f66ee09c02aa3","2026-09-02 12:12"
"VIVER","631f29032347fcd4bef60349","zach","621783eaab08b80001371858","6a9849bf4e2033c0f9991db2","2026-09-02 12:12"
"GeoMax","610ade6208061c000158624f","Hoshino","67e25a537f0b421800b31767","6a9849b64e2033c0f9991d94","2026-09-02 12:12"
"Vozinha","635d539a19670fc677566310","SnowySteppe046","66daae1184794c95205093b1","6a984a5a1b64907bc9f321e8","2026-09-02 12:12"
"Pospos","5eed92409d57a84ae09c3b8d","GeoChad147 (Youtube)","61333da66ab477000167c55b","6a98499f4e2033c0f9991d28","2026-09-02 12:13"
"Vozinha","635d539a19670fc677566310","zach","621783eaab08b80001371858","6a984ab6c233ce30e3011cdc","2026-09-02 12:14"
"skrzypas&wojfer shared account","62dc07edf32847e5836668f1","zone","601d17c1d565030001440b8d","6a984ab183669b9ff9e3b108","2026-09-02 12:15"
"Dan YAile","60ef0697612a5400012c89a3","Felix.svb","6856986bb22dea4ae40a3d22","6a984a4c1b4f66ee09c02aa3","2026-09-02 12:15"
"Tottenhamwisps","60ad03a48b6e1d00012f8e7e","Van","687aeaddef25d21e16f95266","6a984ac6116c52166070b9e2","2026-09-02 12:15"
"danq_s","639c2a925d4cc27b2f7a898b","Hoshino","67e25a537f0b421800b31767","6a984aab1b64907bc9f322bf","2026-09-02 12:16"
"pangolin","5ee22161f200f12f30cd9d29","Саня Кувалда","69497a7fe444ec4872bca620","6a984a311b64907bc9f3214c","2026-09-02 12:17"
"danq_s","639c2a925d4cc27b2f7a898b","val1d","63875de4e55ec4234b26d1fb","6a984ba84e2033c0f999258a","2026-09-02 12:18"
"Ritchie","5ff84d182c4df40001592f85","VIVER","631f29032347fcd4bef60349","6a984ab94e2033c0f99921a2","2026-09-02 12:19"
"Hoshino","67e25a537f0b421800b31767","NoruJumping","5c5817f33d925bc96cd177e7","6a984b9c4e2033c0f9992538","2026-09-02 12:19"
"Dan YAile","60ef0697612a5400012c89a3","ILIAPLONKS (YT/TTV)","623798a42965f997f04b1cc1","6a984b7a116c52166070bbe9","2026-09-02 12:21"
"danq_s","639c2a925d4cc27b2f7a898b","val1d","63875de4e55ec4234b26d1fb","6a984ba84e2033c0f999258a","2026-09-02 12:22"
"skrzypas&wojfer shared account","62dc07edf32847e5836668f1","zone","601d17c1d565030001440b8d","6a984bbc4e2033c0f999260f","2026-09-02 12:23"
"danq_s","639c2a925d4cc27b2f7a898b","Maksonic","619d09bdc4ab7000016c68d3","6a984c181b64907bc9f3279c","2026-09-02 12:23"
"Hoshino","67e25a537f0b421800b31767","Venux","601d72df848235000143965e","6a984c534e2033c0f9992843","2026-09-02 12:23"
"Incomplet","6328da1f7f518e8bf2fd4335","NoruJumping","5c5817f33d925bc96cd177e7","6a984ca04e2033c0f999296f","2026-09-02 12:23"
"Hoshino","67e25a537f0b421800b31767","Florian","5dad9132d0d2a44f1018e420","6a984d654e2033c0f9992c72","2026-09-02 12:25"
"LeBron James of Geoguessr","58ba5dff0eac7223846496ea","Psylaris","59dad8dd5d2de4db8036e36c","6a984a524e2033c0f9991fdc","2026-09-02 12:26"
"val1d","63875de4e55ec4234b26d1fb","ꀋꏦꇊ","679857c21e3f92bc77808937","6a984da74e2033c0f9992d91","2026-09-02 12:26"
"pas bon","6138c0b02041ad0001a01eae","pangolin","5ee22161f200f12f30cd9d29","6a984cd2116c52166070bfda","2026-09-02 12:26"
"NotNMPZDitoAgain","690b3774653c4fdcfc395260","I love Bhutan","6612e1e35d689f22de2aeb46","6a984cea1b64907bc9f329a7","2026-09-02 12:26"
"Hoshino","67e25a537f0b421800b31767","ILIAPLONKS (YT/TTV)","623798a42965f997f04b1cc1","6a984df95e32ce8968321ef3","2026-09-02 12:28"
"Anonymous","62517d69bf2d9b52f4682c70","EvoMorales'graffiti","69bd378e956fb49739c0ef4e","6a984d07c233ce30e301225c","2026-09-02 12:28"
"skrzypas&wojfer shared account","62dc07edf32847e5836668f1","zone","601d17c1d565030001440b8d","6a984dc61b64907bc9f32c81","2026-09-02 12:30"
"Ritchie","5ff84d182c4df40001592f85","Wolfgoon Auramadeus Moggzart","64a4686ecd74917a4fabee03","6a984dc1116c52166070c243","2026-09-02 12:30"
"Anonymous","62517d69bf2d9b52f4682c70","EvoMorales'graffiti","69bd378e956fb49739c0ef4e","6a984e674e2033c0f999309d","2026-09-02 12:30"
"val1d","63875de4e55ec4234b26d1fb","ꀋꏦꇊ","679857c21e3f92bc77808937","6a984da74e2033c0f9992d91","2026-09-02 12:31"
"Felix.svb","6856986bb22dea4ae40a3d22","pav","5e67d59212777c2530253a95","6a984b474e2033c0f999240e","2026-09-02 12:32"
"zone","601d17c1d565030001440b8d","Hoshino","67e25a537f0b421800b31767","6a984ef04e2033c0f9993253","2026-09-02 12:33"
"habesh","647734d056305f7bf5561a4e","irrational","65ba97ce8b2ba0c747ffa3b7","6a984da14e2033c0f9992d7e","2026-09-02 12:33"
"LeBron James of Geoguessr","58ba5dff0eac7223846496ea","Sir Plonk-a-Lot","615ca101e2d91f0001f7e759","6a984e504e2033c0f999305a","2026-09-02 12:33"
"PopularPeninsula783","6794f91a4613843d08b344b1","LHeyy","683dc8bdc7582533316244d0","6a984dac4e2033c0f9992da8","2026-09-02 12:33"
"Ruben","5e1334ba1b34a033c801a9e8","Ando","6217de15a0f6300001186164","6a984f514067dc1f6dcbf7aa","2026-09-02 12:34"
"Anonymous","62517d69bf2d9b52f4682c70","curiosity","5bc76c7dfdd59823e4fb3ff5","6a984f1d0e29e14d2e2f0bf8","2026-09-02 12:35"
"Incomplet","6328da1f7f518e8bf2fd4335","pangolin","5ee22161f200f12f30cd9d29","6a984e4e1b64907bc9f32e3e","2026-09-02 12:36"
"val1d","63875de4e55ec4234b26d1fb","Ando","6217de15a0f6300001186164","6a984fda1b64907bc9f3334d","2026-09-02 12:36"
"Brzoza","60ababeffb1efa0001302754","ILIAPLONKS (YT/TTV)","623798a42965f997f04b1cc1","6a984f4d4e2033c0f9993354","2026-09-02 12:38"
"gokhale","68257ab1be5b31c617f37156","Maksonic","619d09bdc4ab7000016c68d3","6a984f931b64907bc9f33258","2026-09-02 12:38"
"Psylaris","59dad8dd5d2de4db8036e36c","Kevin312000","5e1f5b446ea5101d04bddef9","6a984ed44e2033c0f99931f3","2026-09-02 12:38"
"val1d","63875de4e55ec4234b26d1fb","syurenuko","684825d39f0e9a808a7a3994","6a98504d5e32ce8968322419","2026-09-02 12:38"
"Ritchie","5ff84d182c4df40001592f85","kober","67ad18a09e150413a5e6fa66","6a984ff94e2033c0f999358f","2026-09-02 12:39"
"Tottenhamwisps","60ad03a48b6e1d00012f8e7e","Anonymous","62517d69bf2d9b52f4682c70","6a98501f1b64907bc9f33480","2026-09-02 12:39"
"Hoshino","67e25a537f0b421800b31767","Felix.svb","6856986bb22dea4ae40a3d22","6a9850321b64907bc9f334c4","2026-09-02 12:40"
"Ruben","5e1334ba1b34a033c801a9e8","danger","697ec2084f2fb1a1a48cb642","6a98501ac233ce30e301288d","2026-09-02 12:41"
"Incomplet","6328da1f7f518e8bf2fd4335","val1d","63875de4e55ec4234b26d1fb","6a9850fc4e2033c0f99939c8","2026-09-02 12:42"
"Brzoza","60ababeffb1efa0001302754","kober","67ad18a09e150413a5e6fa66","6a9851421b64907bc9f3393e","2026-09-02 12:44"
"Brzoza","60ababeffb1efa0001302754","kober","67ad18a09e150413a5e6fa66","6a9851421b64907bc9f3393e","2026-09-02 12:45"
"Anonymous","62517d69bf2d9b52f4682c70","curiosity","5bc76c7dfdd59823e4fb3ff5","6a985122116c52166070cb27","2026-09-02 12:45"
"kober","67ad18a09e150413a5e6fa66","Brzoza","60ababeffb1efa0001302754","6a9852284e2033c0f9993dbd","2026-09-02 12:46"
"Felix.svb","6856986bb22dea4ae40a3d22","PLK","62179a5c8e88d400010d91ea","6a98515f4e2033c0f9993b23","2026-09-02 12:46"
"val1d","63875de4e55ec4234b26d1fb","danger","697ec2084f2fb1a1a48cb642","6a9851df4e2033c0f9993cbc","2026-09-02 12:46"
"PopularPeninsula783","6794f91a4613843d08b344b1","Ando","6217de15a0f6300001186164","6a9850414e2033c0f99936be","2026-09-02 12:46"
"3z3_","68b3bd130c418d0a47f3f38e","pangolin","5ee22161f200f12f30cd9d29","6a985209116c52166070cdbc","2026-09-02 12:46"
"Ritchie","5ff84d182c4df40001592f85","Der Teufel","6165b05d1a1017000125798b","6a9851a31b64907bc9f33a95","2026-09-02 12:48"
"Hoshino","67e25a537f0b421800b31767","Incomplet","6328da1f7f518e8bf2fd4335","6a985208116c52166070cdbb","2026-09-02 12:48"
"val1d","63875de4e55ec4234b26d1fb","teddy bear","66f081f2bf4b230a2fcb970c","6a98520b0e29e14d2e2f1306","2026-09-02 12:48"
"PLK","62179a5c8e88d400010d91ea","kober","67ad18a09e150413a5e6fa66","6a9852cf4e2033c0f9993feb","2026-09-02 12:49"
"Anonymous","62517d69bf2d9b52f4682c70","curiosity","5bc76c7dfdd59823e4fb3ff5","6a98526d1b64907bc9f33d85","2026-09-02 12:49"
"Junior Paulo","60d6b2fd6f85320001258c83","Brzoza","60ababeffb1efa0001302754","6a9852cd1b64907bc9f33ee6","2026-09-02 12:51"
"ILIAPLONKS (YT/TTV)","623798a42965f997f04b1cc1","kober","67ad18a09e150413a5e6fa66","6a9852831b4f66ee09c03e2e","2026-09-02 12:51"
"PLK","62179a5c8e88d400010d91ea","kober","67ad18a09e150413a5e6fa66","6a98538a1b64907bc9f34160","2026-09-02 12:52"
"val1d","63875de4e55ec4234b26d1fb","zach","621783eaab08b80001371858","6a9853ca4e2033c0f9994368","2026-09-02 12:52"
"danger","697ec2084f2fb1a1a48cb642","teddy bear","66f081f2bf4b230a2fcb970c","6a9853514e2033c0f99941c1","2026-09-02 12:52"
"3z3_","68b3bd130c418d0a47f3f38e","Ando","6217de15a0f6300001186164","6a9852c94e2033c0f9993fdf","2026-09-02 12:52"
"Psylaris","59dad8dd5d2de4db8036e36c","irrational","65ba97ce8b2ba0c747ffa3b7","6a9850c14e2033c0f99938c4","2026-09-02 12:53"
"Fifonż","62a47f05cc33a10539b724eb","Itsjustme","6a6241549f3c3242b69b8931","6a9850851b64907bc9f33629","2026-09-02 12:53"
"Der Teufel","6165b05d1a1017000125798b","Ritchie","5ff84d182c4df40001592f85","6a98531f1b64907bc9f3401c","2026-09-02 12:54"
"danq_s","639c2a925d4cc27b2f7a898b","kober","67ad18a09e150413a5e6fa66","6a98540b116c52166070d386","2026-09-02 12:54"
"val1d","63875de4e55ec4234b26d1fb","Marci","62572af8924e491f28b0326c","6a9853f11b64907bc9f342b6","2026-09-02 12:54"
"danq_s","639c2a925d4cc27b2f7a898b","kober","67ad18a09e150413a5e6fa66","6a9854b04e2033c0f99946c8","2026-09-02 12:55"
"Tottenhamwisps","60ad03a48b6e1d00012f8e7e","3z3_","68b3bd130c418d0a47f3f38e","6a9854291b64907bc9f343a4","2026-09-02 12:56"
"PopularPeninsula783","6794f91a4613843d08b344b1","Anonymous","62517d69bf2d9b52f4682c70","6a9853544e2033c0f99941cd","2026-09-02 12:56"
"Brzoza","60ababeffb1efa0001302754","kober","67ad18a09e150413a5e6fa66","6a9854a44e2033c0f999469e","2026-09-02 12:57"
"Der Teufel","6165b05d1a1017000125798b","Ritchie","5ff84d182c4df40001592f85","6a98549e1b64907bc9f34573","2026-09-02 12:57"
"danq_s","639c2a925d4cc27b2f7a898b","kober","67ad18a09e150413a5e6fa66","6a9854e94e2033c0f999478e","2026-09-02 12:57"
"teddy bear","66f081f2bf4b230a2fcb970c","LeBron James of Geoguessr","58ba5dff0eac7223846496ea","6a9854a01b64907bc9f34576","2026-09-02 12:57"
"Max","5f847db332173400011b50bb","QWER32","6549f081c5084fc08216e55b","6a9854864e2033c0f9994621","2026-09-02 12:57"
"PLK","62179a5c8e88d400010d91ea","ILIAPLONKS (YT/TTV)","623798a42965f997f04b1cc1","6a98546a4e2033c0f99945b8","2026-09-02 12:58"
"Hoshino","67e25a537f0b421800b31767","Kaspervde","5d68c6ace9473f7c4058e087","6a9853da4e2033c0f9994396","2026-09-02 12:58"
"Marci","62572af8924e491f28b0326c","EvoMorales'graffiti","69bd378e956fb49739c0ef4e","6a98552b1b64907bc9f34744","2026-09-02 12:58"
"Gangooo | Jan","5c692ddbfa7cd6698082d404","Mikalowski67","67d68b861749e8ab99f7bac0","6a98550b116c52166070d5da","2026-09-02 12:58"
"GeoChiko","637129eb9d737c55a520a3e3","Kevin312000","5e1f5b446ea5101d04bddef9","6a9854361b64907bc9f343de","2026-09-02 12:59"
"Jerome","62e14841f938d5507c4d31f6","danq_s","639c2a925d4cc27b2f7a898b","6a98554a4e2033c0f9994901","2026-09-02 13:00"
"Fifonż","62a47f05cc33a10539b724eb","teddy bear","66f081f2bf4b230a2fcb970c","6a985469116c52166070d474","2026-09-02 13:00"
"Ando","6217de15a0f6300001186164","Ayli","6381e9f58453af043b2f4206","6a9854ab83669b9ff9e3cb5c","2026-09-02 13:00"
"Junior Paulo","60d6b2fd6f85320001258c83","Genziara","62e033ce217ecdfb2101edf8","6a9854cb4e2033c0f9994728","2026-09-02 13:02"
"Der Teufel","6165b05d1a1017000125798b","kober","67ad18a09e150413a5e6fa66","6a9855710e29e14d2e2f1b35","2026-09-02 13:02"
"ILIAPLONKS (YT/TTV)","623798a42965f997f04b1cc1","kober","67ad18a09e150413a5e6fa66","6a98558a4e2033c0f9994a1f","2026-09-02 13:02"
"Nettspend","67a7ed6d607e54ae2aa7a9e5","Ruben","5e1334ba1b34a033c801a9e8","6a98563a1b64907bc9f34b9e","2026-09-02 13:03"
"Anonymous","62517d69bf2d9b52f4682c70","pangolin","5ee22161f200f12f30cd9d29","6a9855720e29e14d2e2f1b37","2026-09-02 13:03"
"Hoshino","67e25a537f0b421800b31767","Kaspervde","5d68c6ace9473f7c4058e087","6a9855864e2033c0f99949f6","2026-09-02 13:04"
"Jerome","62e14841f938d5507c4d31f6","LeBron James of Geoguessr","58ba5dff0eac7223846496ea","6a98566d1b4f66ee09c04898","2026-09-02 13:04"
"GeoChiko","637129eb9d737c55a520a3e3","Ayli","6381e9f58453af043b2f4206","6a9855eb4e2033c0f9994bbc","2026-09-02 13:04"
"danq_s","639c2a925d4cc27b2f7a898b","Ritchie","5ff84d182c4df40001592f85","6a9855f84e2033c0f9994bf0","2026-09-02 13:06"
"kober","67ad18a09e150413a5e6fa66","Angeria","5e1333041b34a033c801a9b1","6a9856804e2033c0f9994e76","2026-09-02 13:06"
"Ruben","5e1334ba1b34a033c801a9e8","Nettspend","67a7ed6d607e54ae2aa7a9e5","6a9856c01b64907bc9f34dd0","2026-09-02 13:06"
"Ando","6217de15a0f6300001186164","Todjinou","60674f56a95f2c00017fa2fc","6a9855f94e2033c0f9994bf2","2026-09-02 13:06"
"kober","67ad18a09e150413a5e6fa66","Angeria","5e1333041b34a033c801a9b1","6a9856804e2033c0f9994e76","2026-09-02 13:07"
"Kaspervde","5d68c6ace9473f7c4058e087","Anonymous","62517d69bf2d9b52f4682c70","6a9856cf116c52166070db3a","2026-09-02 13:09"
"Angeria","5e1333041b34a033c801a9b1","plaguee","5eac358a6ea51017fce11159","6a98576c4e2033c0f9995250","2026-09-02 13:09"
"curiosity","5bc76c7dfdd59823e4fb3ff5","Ginkgo","6760005d9628f35e5f0423c3","6a98579a4e2033c0f9995330","2026-09-02 13:09"
"lebron-3","694357bf716cf71c98f96b42","Hoshino","67e25a537f0b421800b31767","6a98570e4e2033c0f99950eb","2026-09-02 13:10"
"Junior Paulo","60d6b2fd6f85320001258c83","skrzypas&wojfer shared account","62dc07edf32847e5836668f1","6a98567f4e2033c0f9994e60","2026-09-02 13:11"
"Ando","6217de15a0f6300001186164","NaseKoma19298","60f531591f8d1e0001ad790c","6a98575c4e2033c0f9995213","2026-09-02 13:11"
"Ritchie","5ff84d182c4df40001592f85","danq_s","639c2a925d4cc27b2f7a898b","6a98577c4e2033c0f99952b1","2026-09-02 13:12"
"Jerome","62e14841f938d5507c4d31f6","Ruben","5e1334ba1b34a033c801a9e8","6a9857744e2033c0f999527b","2026-09-02 13:12"
"Organisasi Papua Memancing","69995b419e128ba90d15bd67","syurenuko","684825d39f0e9a808a7a3994","6a9857e01b64907bc9f35242","2026-09-02 13:12"
"kober","67ad18a09e150413a5e6fa66","ILIAPLONKS (YT/TTV)","623798a42965f997f04b1cc1","6a9857b71b64907bc9f351b6","2026-09-02 13:13"
"鳴神","5e6434058fd6cf50f886fb99","Hoshino","67e25a537f0b421800b31767","6a9858735e32ce8968323952","2026-09-02 13:14"
"Brzoza","60ababeffb1efa0001302754","ILIAPLONKS (YT/TTV)","623798a42965f997f04b1cc1","6a98590e4e2033c0f999591c","2026-09-02 13:14"
"danq_s","639c2a925d4cc27b2f7a898b","Dissonans","60e09234213b0600019d912e","6a9858d14e2033c0f9995823","2026-09-02 13:15"
"[FatSnail] SavetheSnail","591790fc1bba70b6146c6485","GeoChiko","637129eb9d737c55a520a3e3","6a9857b64e2033c0f9995393","2026-09-02 13:15"
"Fifonż","62a47f05cc33a10539b724eb","Sir Plonk-a-Lot","615ca101e2d91f0001f7e759","6a9857601b64907bc9f35045","2026-09-02 13:15"
"Ando","6217de15a0f6300001186164","Simon","618c08f44aa4e100015f9559","6a9858b80e29e14d2e2f241c","2026-09-02 13:15"
"plaguee","5eac358a6ea51017fce11159","Angeria","5e1333041b34a033c801a9b1","6a98583d4e2033c0f99955e9","2026-09-02 13:15"
"Felix.svb","6856986bb22dea4ae40a3d22","Der Teufel","6165b05d1a1017000125798b","6a9858ad1b64907bc9f354a2","2026-09-02 13:16"
"Jerome","62e14841f938d5507c4d31f6","Ruben","5e1334ba1b34a033c801a9e8","6a9858bf4e2033c0f99957da","2026-09-02 13:16"
"Organisasi Papua Memancing","69995b419e128ba90d15bd67","Charlie T","61562b33f2b2220001ec44ab","6a9859155112a71d02e00f77","2026-09-02 13:16"
"Jerome","62e14841f938d5507c4d31f6","Felix.svb","6856986bb22dea4ae40a3d22","6a9859bb352e41c58ec300c1","2026-09-02 13:17"
"ILIAPLONKS (YT/TTV)","623798a42965f997f04b1cc1","val1d","63875de4e55ec4234b26d1fb","6a9859504e2033c0f9995a71","2026-09-02 13:17"
"skrzypas&wojfer shared account","62dc07edf32847e5836668f1","lebron-3","694357bf716cf71c98f96b42","6a9858c94e2033c0f9995814","2026-09-02 13:18"
"irrational","65ba97ce8b2ba0c747ffa3b7","danger","697ec2084f2fb1a1a48cb642","6a9855cc4e2033c0f9994b37","2026-09-02 13:18"
"GeoMax","610ade6208061c000158624f","NaseKoma19298","60f531591f8d1e0001ad790c","6a9858a61b64907bc9f3548d","2026-09-02 13:18"
"Jerome","62e14841f938d5507c4d31f6","val1d","63875de4e55ec4234b26d1fb","6a985a3c1b64907bc9f35a8b","2026-09-02 13:19"
"Incomplet","6328da1f7f518e8bf2fd4335","NoruJumping","5c5817f33d925bc96cd177e7","6a9859340e29e14d2e2f253e","2026-09-02 13:19"
"Organisasi Papua Memancing","69995b419e128ba90d15bd67","[FatSnail] SavetheSnail","591790fc1bba70b6146c6485","6a9859c4116c52166070e3bc","2026-09-02 13:19"
"danq_s","639c2a925d4cc27b2f7a898b","Dissonans","60e09234213b0600019d912e","6a9859904e2033c0f9995ba3","2026-09-02 13:20"
"Angeria","5e1333041b34a033c801a9b1","plaguee","5eac358a6ea51017fce11159","6a9859824e2033c0f9995b4c","2026-09-02 13:20"
"PLK","62179a5c8e88d400010d91ea","Henrik","5ffda066ad68a300017a45e1","6a9859404e2033c0f9995a2e","2026-09-02 13:21"
"Ando","6217de15a0f6300001186164","Ruben","5e1334ba1b34a033c801a9e8","6a9859a04e2033c0f9995c08","2026-09-02 13:21"
"朋友是一个坚韧不拔的纪录片， 在香港这座城市的设置。","65de536fb77f430b929240f3","Tottenhamwisps","60ad03a48b6e1d00012f8e7e","6a9859c72156dea2479f7d2b","2026-09-02 13:22"
"Taiyo","68fa168910383f76a558d5b1","choco","622e22e69974710001c132e3","6a9859ad0e29e14d2e2f2751","2026-09-02 13:22"
"Brzoza","60ababeffb1efa0001302754","Junior Paulo","60d6b2fd6f85320001258c83","6a98595b0e29e14d2e2f25f7","2026-09-02 13:23"
"kober","67ad18a09e150413a5e6fa66","danq_s","639c2a925d4cc27b2f7a898b","6a985ac44e2033c0f9996120","2026-09-02 13:23"
"Hoshino","67e25a537f0b421800b31767","鳴神","5e6434058fd6cf50f886fb99","6a98593d4e2033c0f9995a1d","2026-09-02 13:23"
"GeoMax","610ade6208061c000158624f","BotsWannaBeMe","678d57b5624e9dc811ce9ca0","6a985a534e2033c0f9995f29","2026-09-02 13:23"
"plaguee","5eac358a6ea51017fce11159","CoolMoonGuy","67ba5164f30fffa59919db60","6a985ab21b64907bc9f35c82","2026-09-02 13:23"
"lebron-3","694357bf716cf71c98f96b42","Jerome","62e14841f938d5507c4d31f6","6a985a914e2033c0f999604a","2026-09-02 13:24"
"Abbin","663cf56b43111c18760a380c","Ritchie","5ff84d182c4df40001592f85","6a9859d44e2033c0f9995d0b","2026-09-02 13:24"
"Angeria","5e1333041b34a033c801a9b1","[FatSnail] SavetheSnail","591790fc1bba70b6146c6485","6a985a904e2033c0f9996047","2026-09-02 13:24"
"Ruben","5e1334ba1b34a033c801a9e8","Gangooo | Jan","5c692ddbfa7cd6698082d404","6a985ae81b4f66ee09c0566f","2026-09-02 13:24"
"GeoChiko","637129eb9d737c55a520a3e3","Innokent(retired)","654d1a315f6c3308fd630fa2","6a9859995e32ce8968323c91","2026-09-02 13:24"
"kober","67ad18a09e150413a5e6fa66","exegi momentum","5f906300b00b570001274e55","6a985b03116c52166070e816","2026-09-02 13:25"
"Henrik","5ffda066ad68a300017a45e1","Dissonans","60e09234213b0600019d912e","6a985b511b64907bc9f35ebf","2026-09-02 13:25"
"ILIAPLONKS (YT/TTV)","623798a42965f997f04b1cc1","Felix.svb","6856986bb22dea4ae40a3d22","6a985a1c4e2033c0f9995e22","2026-09-02 13:25"
"Incomplet","6328da1f7f518e8bf2fd4335","Organisasi Papua Memancing","69995b419e128ba90d15bd67","6a985ab02156dea2479f7fdc","2026-09-02 13:25"
"GeoMax","610ade6208061c000158624f","BotsWannaBeMe","678d57b5624e9dc811ce9ca0","6a985b8c0e29e14d2e2f2c5f","2026-09-02 13:25"
"Brzoza","60ababeffb1efa0001302754","kober","67ad18a09e150413a5e6fa66","6a985b7f1b64907bc9f35f79","2026-09-02 13:27"
"thenderson netanyahu","651735b2324c811102e538a6","habesh","647734d056305f7bf5561a4e","6a9857fb5e32ce8968323838","2026-09-02 13:27"
"Ruben","5e1334ba1b34a033c801a9e8","Gangooo | Jan","5c692ddbfa7cd6698082d404","6a985b8c116c52166070e99f","2026-09-02 13:27"
"NoruJumping","5c5817f33d925bc96cd177e7","NotNMPZDitoAgain","690b3774653c4fdcfc395260","6a985acb4e2033c0f999613b","2026-09-02 13:27"
"LeBron James of Geoguessr","58ba5dff0eac7223846496ea","Pieter-jan De X","59886f23fdab8f163023e440","6a985b251b64907bc9f35e2c","2026-09-02 13:27"
"鳴神","5e6434058fd6cf50f886fb99","Hoshino","67e25a537f0b421800b31767","6a985b581b64907bc9f35eee","2026-09-02 13:28"
"Ritchie","5ff84d182c4df40001592f85","danq_s","639c2a925d4cc27b2f7a898b","6a985ba24e2033c0f99964c6","2026-09-02 13:28"
"Angeria","5e1333041b34a033c801a9b1","GeoChiko","637129eb9d737c55a520a3e3","6a985bb34e2033c0f999651f","2026-09-02 13:28"
"choco","622e22e69974710001c132e3","Tottenhamwisps","60ad03a48b6e1d00012f8e7e","6a985b4e4e2033c0f999638f","2026-09-02 13:28"
"[FatSnail] SavetheSnail","591790fc1bba70b6146c6485","Kiran","5fa6fdd8b45c67000133f43d","6a985b991b64907bc9f35fda","2026-09-02 13:28"
"Lucas Labubu","6227feb9e7a8b70001576aeb","Mikalowski67","67d68b861749e8ab99f7bac0","6a985b354e2033c0f9996336","2026-09-02 13:28"
"Brzoza","60ababeffb1efa0001302754","kober","67ad18a09e150413a5e6fa66","6a985c5a4e2033c0f99967f1","2026-09-02 13:29"
"Felix.svb","6856986bb22dea4ae40a3d22","whueu-abi","694060fd0b5941c5cbe18cbf","6a985be90e29e14d2e2f2d5c","2026-09-02 13:29"
"plaguee","5eac358a6ea51017fce11159","Organisasi Papua Memancing","69995b419e128ba90d15bd67","6a985c195e32ce896832440f","2026-09-02 13:29"
"Incomplet","6328da1f7f518e8bf2fd4335","鹰娥朗","628e0d478e5ef3a3ca163627","6a985bd14e2033c0f99965a7","2026-09-02 13:30"
"Kaspervde","5d68c6ace9473f7c4058e087","朋友是一个坚韧不拔的纪录片， 在香港这座城市的设置。","65de536fb77f430b929240f3","6a985b391b64907bc9f35e7e","2026-09-02 13:30"
"GeoMax","610ade6208061c000158624f","Trash map (Yellow Belly)","6a14cb11a6370a8d80e86ada","6a985c224e2033c0f9996710","2026-09-02 13:30"
"Hoshino","67e25a537f0b421800b31767","CleyRey","6022999c91e2d70001baa800","6a985ca54e2033c0f999692c","2026-09-02 13:31"
"lebron-3","694357bf716cf71c98f96b42","kober","67ad18a09e150413a5e6fa66","6a985bdb4e2033c0f99965cf","2026-09-02 13:32"
"Dissonans","60e09234213b0600019d912e","Henrik","5ffda066ad68a300017a45e1","6a985bc74e2033c0f999657a","2026-09-02 13:32"
"Angeria","5e1333041b34a033c801a9b1","[FatSnail] SavetheSnail","591790fc1bba70b6146c6485","6a985ca04e2033c0f999691c","2026-09-02 13:32"
"Gangooo | Jan","5c692ddbfa7cd6698082d404","Innokent(retired)","654d1a315f6c3308fd630fa2","6a985c845e32ce89683245a4","2026-09-02 13:32"
"kober","67ad18a09e150413a5e6fa66","whueu-abi","694060fd0b5941c5cbe18cbf","6a985cc51b64907bc9f364f3","2026-09-02 13:33"
"朋友是一个坚韧不拔的纪录片， 在香港这座城市的设置。","65de536fb77f430b929240f3","GeoMax","610ade6208061c000158624f","6a985d141b64907bc9f365f9","2026-09-02 13:33"
"danq_s","639c2a925d4cc27b2f7a898b","Ruben","5e1334ba1b34a033c801a9e8","6a985c87116c52166070ecb2","2026-09-02 13:33"
"CleyRey","6022999c91e2d70001baa800","Ruari","60258d7d36ff8a0001f5fef5","6a985d251b64907bc9f36653","2026-09-02 13:33"
"MaxJoker84","658c1a04945350bcd1f47aca","plaguee","5eac358a6ea51017fce11159","6a985ce5352e41c58ec30a21","2026-09-02 13:33"
"Lucas Labubu","6227feb9e7a8b70001576aeb","NotNMPZDitoAgain","690b3774653c4fdcfc395260","6a985c9f4e2033c0f9996919","2026-09-02 13:33"
"vukGG","6384aef735180c664babf36e","Brzoza","60ababeffb1efa0001302754","6a985cce1b64907bc9f36510","2026-09-02 13:34"
"kober","67ad18a09e150413a5e6fa66","danq_s","639c2a925d4cc27b2f7a898b","6a985da54e2033c0f9996dc0","2026-09-02 13:34"
"BotsWannaBeMe","678d57b5624e9dc811ce9ca0","ILIAPLONKS (YT/TTV)","623798a42965f997f04b1cc1","6a985bf60e29e14d2e2f2d8c","2026-09-02 13:34"
"OnkeGG","6912d873ef3380557dd45eec","Kiran","5fa6fdd8b45c67000133f43d","6a985c8e4e2033c0f99968c9","2026-09-02 13:34"
"Ritchie","5ff84d182c4df40001592f85","exegi momentum","5f906300b00b570001274e55","6a985ce31b64907bc9f36556","2026-09-02 13:35"
"Hoshino","67e25a537f0b421800b31767","Incomplet","6328da1f7f518e8bf2fd4335","6a985d214e2033c0f9996b34","2026-09-02 13:36"
"choco","622e22e69974710001c132e3","NoruJumping","5c5817f33d925bc96cd177e7","6a985c851b64907bc9f363ed","2026-09-02 13:36"
"Organisasi Papua Memancing","69995b419e128ba90d15bd67","Innokent(retired)","654d1a315f6c3308fd630fa2","6a985d7b4e2033c0f9996d0c","2026-09-02 13:36"
"zach","621783eaab08b80001371858","plaguee","5eac358a6ea51017fce11159","6a985ded1b64907bc9f36974","2026-09-02 13:36"
"Naoero","61cdd6210f8b820001fcdb3a","Mikalowski67","67d68b861749e8ab99f7bac0","6a985d201b64907bc9f36637","2026-09-02 13:36"
"kober","67ad18a09e150413a5e6fa66","Brzoza","60ababeffb1efa0001302754","6a985e01116c52166070f1fa","2026-09-02 13:37"
"Henrik","5ffda066ad68a300017a45e1","Angeria","5e1333041b34a033c801a9b1","6a985d731b64907bc9f3678c","2026-09-02 13:37"
"[PEA]Arvanna","66a545e50035c093bfe072bd","GeoChiko","637129eb9d737c55a520a3e3","6a985ca61b64907bc9f3647d","2026-09-02 13:37"
"steelik","5c8952067235f956d80440cc","m_x","65bdaa759a266e3819eebaea","6a985c71116c52166070ec74","2026-09-02 13:37"
"danq_s","639c2a925d4cc27b2f7a898b","whueu-abi","694060fd0b5941c5cbe18cbf","6a985def4e2033c0f9996f24","2026-09-02 13:38"
"[FatSnail] SavetheSnail","591790fc1bba70b6146c6485","Trash map (Yellow Belly)","6a14cb11a6370a8d80e86ada","6a985e604e2033c0f99970f6","2026-09-02 13:38"
"kober","67ad18a09e150413a5e6fa66","Brzoza","60ababeffb1efa0001302754","6a985eb84e2033c0f99972b9","2026-09-02 13:39"
"鹰娥朗","628e0d478e5ef3a3ca163627","Abbin","663cf56b43111c18760a380c","6a985d871b4f66ee09c05e4f","2026-09-02 13:39"
"Ruari","60258d7d36ff8a0001f5fef5","Milksop","5e9364a52ad6cf6a40519573","6a985db81b4f66ee09c05f0f","2026-09-02 13:39"
"Ritchie","5ff84d182c4df40001592f85","exegi momentum","5f906300b00b570001274e55","6a985e611b64907bc9f36b58","2026-09-02 13:40"
"Loan","5e866b87b3ec17798078a43b","NoruJumping","5c5817f33d925bc96cd177e7","6a985eb60e29e14d2e2f3613","2026-09-02 13:40"
"danq_s","639c2a925d4cc27b2f7a898b","Brzoza","60ababeffb1efa0001302754","6a985f13116c52166070f56b","2026-09-02 13:41"
"Dissonans","60e09234213b0600019d912e","Henrik","5ffda066ad68a300017a45e1","6a985ea0116c52166070f3ea","2026-09-02 13:41"
"BotsWannaBeMe","678d57b5624e9dc811ce9ca0","ILIAPLONKS (YT/TTV)","623798a42965f997f04b1cc1","6a985e051b64907bc9f369dd","2026-09-02 13:41"
"Organisasi Papua Memancing","69995b419e128ba90d15bd67","Simon","618c08f44aa4e100015f9559","6a985edd116c52166070f4b8","2026-09-02 13:41"
"Junior Paulo","60d6b2fd6f85320001258c83","Hoshino","67e25a537f0b421800b31767","6a985ea44e2033c0f999724f","2026-09-02 13:42"
"exegi momentum","5f906300b00b570001274e55","Abbin","663cf56b43111c18760a380c","6a985f654e2033c0f9997594","2026-09-02 13:42"
"kqyyy","6888a322b2328f914ebd912f","朋友是一个坚韧不拔的纪录片， 在香港这座城市的设置。","65de536fb77f430b929240f3","6a985dda4e2033c0f9996ead","2026-09-02 13:42"
"CleyRey","6022999c91e2d70001baa800","Lucas Labubu","6227feb9e7a8b70001576aeb","6a985dc20e29e14d2e2f332b","2026-09-02 13:42"
"Ruben","5e1334ba1b34a033c801a9e8","Dimsum","63f619f14068eb7d4bbb134d","6a985f0c2156dea2479f8c43","2026-09-02 13:43"
"Ritchie","5ff84d182c4df40001592f85","Incomplet","6328da1f7f518e8bf2fd4335","6a985f4a4e2033c0f999753b","2026-09-02 13:44"
"Hasan Gencer","6363968c242d5a661f10dbca","Henrik","5ffda066ad68a300017a45e1","6a985faa4e2033c0f99976bb","2026-09-02 13:44"
"Kiran","5fa6fdd8b45c67000133f43d","GeoMax","610ade6208061c000158624f","6a985e191b64907bc9f36a45","2026-09-02 13:44"
"Lucas Labubu","6227feb9e7a8b70001576aeb","Everop","67f96f57f2156b150ad9b7a4","6a985fc81b64907bc9f371cb","2026-09-02 13:44"
"Loan","5e866b87b3ec17798078a43b","Mikalowski67","67d68b861749e8ab99f7bac0","6a985f9b1b64907bc9f370fc","2026-09-02 13:44"
"Brzoza","60ababeffb1efa0001302754","danq_s","639c2a925d4cc27b2f7a898b","6a985fae4e2033c0f99976ce","2026-09-02 13:45"
"Ruari","60258d7d36ff8a0001f5fef5","Milksop","5e9364a52ad6cf6a40519573","6a985f2b1b64907bc9f36f0a","2026-09-02 13:45"
"PLK","62179a5c8e88d400010d91ea","ILIAPLONKS (YT/TTV)","623798a42965f997f04b1cc1","6a985fa71b64907bc9f37135","2026-09-02 13:47"
"[FatSnail] SavetheSnail","591790fc1bba70b6146c6485","Trash map (Yellow Belly)","6a14cb11a6370a8d80e86ada","6a985ef2116c52166070f4f5","2026-09-02 13:47"
"Hoshino","67e25a537f0b421800b31767","Thomas4183b","60194a73ccb73b00018edf77","6a9860324e2033c0f9997932","2026-09-02 13:48"
"exegi momentum","5f906300b00b570001274e55","Ruben","5e1334ba1b34a033c801a9e8","6a9860142271cc1dce1d32f4","2026-09-02 13:48"
"GeoMax","610ade6208061c000158624f","Kiran","5fa6fdd8b45c67000133f43d","6a98607e4e2033c0f9997a8f","2026-09-02 13:48"
"Organisasi Papua Memancing","69995b419e128ba90d15bd67","plaguee","5eac358a6ea51017fce11159","6a985f8d4e2033c0f9997638","2026-09-02 13:48"
"zach","621783eaab08b80001371858","Max","5f847db332173400011b50bb","6a9860cf5e32ce8968325220","2026-09-02 13:48"
"Brzoza","60ababeffb1efa0001302754","Henrik","5ffda066ad68a300017a45e1","6a9860794e2033c0f9997a7b","2026-09-02 13:49"
"朋友是一个坚韧不拔的纪录片， 在香港这座城市的设置。","65de536fb77f430b929240f3","kqyyy","6888a322b2328f914ebd912f","6a985fe41b64907bc9f3722e","2026-09-02 13:49"
"Abbin","663cf56b43111c18760a380c","Dissonans","60e09234213b0600019d912e","6a98604f1b64907bc9f3748c","2026-09-02 13:49"
"Abbin","663cf56b43111c18760a380c","Organisasi Papua Memancing","69995b419e128ba90d15bd67","6a98615d1b64907bc9f3790d","2026-09-02 13:50"
"Thomas4183b","60194a73ccb73b00018edf77","Max","5f847db332173400011b50bb","6a9861341b64907bc9f37826","2026-09-02 13:50"
"irrational","65ba97ce8b2ba0c747ffa3b7","Ulmar","5d9147e1ea473f7e3ccb9d92","6a985bdd4e2033c0f99965d6","2026-09-02 13:51"
"zach","621783eaab08b80001371858","eat99dumplings","642cd5ac2a455672a127bc61","6a98613e116c52166070fd75","2026-09-02 13:51"
"Junior Paulo","60d6b2fd6f85320001258c83","鳴神","5e6434058fd6cf50f886fb99","6a9860b94e2033c0f9997bab","2026-09-02 13:52"
"Hoshino","67e25a537f0b421800b31767","ILIAPLONKS (YT/TTV)","623798a42965f997f04b1cc1","6a98612c1b64907bc9f3780a","2026-09-02 13:52"
"plaguee","5eac358a6ea51017fce11159","Ruben","5e1334ba1b34a033c801a9e8","6a98614f116c52166070fda6","2026-09-02 13:52"
"Lucas Labubu","6227feb9e7a8b70001576aeb","Everop","67f96f57f2156b150ad9b7a4","6a9860420e29e14d2e2f3b51","2026-09-02 13:52"
"PLK","62179a5c8e88d400010d91ea","Dissonans","60e09234213b0600019d912e","6a986172116c52166070fe52","2026-09-02 13:53"
"Brzoza","60ababeffb1efa0001302754","朋友是一个坚韧不拔的纪录片， 在香港这座城市的设置。","65de536fb77f430b929240f3","6a9861a41b64907bc9f37a31","2026-09-02 13:53"
"Felix.svb","6856986bb22dea4ae40a3d22","habesh","647734d056305f7bf5561a4e","6a985cbc1b64907bc9f364c8","2026-09-02 13:53"
"GeoMax","610ade6208061c000158624f","Kiran","5fa6fdd8b45c67000133f43d","6a986130352e41c58ec3167c","2026-09-02 13:53"
"zach","621783eaab08b80001371858","eat99dumplings","642cd5ac2a455672a127bc61","6a98613e116c52166070fd75","2026-09-02 13:54"
"exegi momentum","5f906300b00b570001274e55","Henrik","5ffda066ad68a300017a45e1","6a9861864e2033c0f9997efe","2026-09-02 13:56"
"zach","621783eaab08b80001371858","danq_s","639c2a925d4cc27b2f7a898b","6a9862b81b64907bc9f37e91","2026-09-02 13:56"
"Loan","5e866b87b3ec17798078a43b","Jannik","6a0c58030808c41cb15866fe","6a98620a4e2033c0f9998107","2026-09-02 13:56"
"Kilensky","66860b55973f6573ed81e050","Sam","5f762dd1b53fb70001d349a4","6a985e6c4e2033c0f999713b","2026-09-02 13:57"
"朋友是一个坚韧不拔的纪录片， 在香港这座城市的设置。","65de536fb77f430b929240f3","Dissonans","60e09234213b0600019d912e","6a9862724e2033c0f9998273","2026-09-02 13:57"
"Abbin","663cf56b43111c18760a380c","鳴神","5e6434058fd6cf50f886fb99","6a98621c352e41c58ec318df","2026-09-02 13:57"
"Brzoza","60ababeffb1efa0001302754","PLK","62179a5c8e88d400010d91ea","6a9862764e2033c0f999827b","2026-09-02 13:58"
"plaguee","5eac358a6ea51017fce11159","Ruben","5e1334ba1b34a033c801a9e8","6a9862431b64907bc9f37cae","2026-09-02 13:58"
"zach","621783eaab08b80001371858","danq_s","639c2a925d4cc27b2f7a898b","6a9862b81b64907bc9f37e91","2026-09-02 13:59"
"Lucas Labubu","6227feb9e7a8b70001576aeb","ILIAPLONKS (YT/TTV)","623798a42965f997f04b1cc1","6a9862521b64907bc9f37ce0","2026-09-02 13:59"
"vukGG","6384aef735180c664babf36e","PLK","62179a5c8e88d400010d91ea","6a9863a74e2033c0f99987ad","2026-09-02 14:01"
"GeoMax","610ade6208061c000158624f","Kiran","5fa6fdd8b45c67000133f43d","6a9862714067dc1f6dcc2a3a","2026-09-02 14:01"
"花开富贵","65391c226d687a9219c42e43","Ruben","5e1334ba1b34a033c801a9e8","6a9863ac4e2033c0f99987c4","2026-09-02 14:01"
"danq_s","639c2a925d4cc27b2f7a898b","Dissonans","60e09234213b0600019d912e","6a9863421b64907bc9f38065","2026-09-02 14:03"
"GeoChiko","637129eb9d737c55a520a3e3","plaguee","5eac358a6ea51017fce11159","6a9863961b4f66ee09c06f60","2026-09-02 14:03"
"NoruJumping","5c5817f33d925bc96cd177e7","Jannik","6a0c58030808c41cb15866fe","6a9863631b4f66ee09c06ed2","2026-09-02 14:03"
"vukGG","6384aef735180c664babf36e","earthenjoyer","662b7a543f29656f5fe5bf53","6a9864ac4e2033c0f9998bf8","2026-09-02 14:04"
"花开富贵","65391c226d687a9219c42e43","Ruben","5e1334ba1b34a033c801a9e8","6a98645c5e32ce8968325c76","2026-09-02 14:04"
"vukGG","6384aef735180c664babf36e","earthenjoyer","662b7a543f29656f5fe5bf53","6a9864ac4e2033c0f9998bf8","2026-09-02 14:05"
"danq_s","639c2a925d4cc27b2f7a898b","Dissonans","60e09234213b0600019d912e","6a9864ab2156dea2479f9df4","2026-09-02 14:05"
"ILIAPLONKS (YT/TTV)","623798a42965f997f04b1cc1","朋友是一个坚韧不拔的纪录片， 在香港这座城市的设置。","65de536fb77f430b929240f3","6a9863e91b64907bc9f38345","2026-09-02 14:05"
"Thomas4183b","60194a73ccb73b00018edf77","Fugi ("")>","603a59c5a8220800013df8a4","6a9862034e2033c0f99980f5","2026-09-02 14:05"
"Kiran","5fa6fdd8b45c67000133f43d","Trash map (Yellow Belly)","6a14cb11a6370a8d80e86ada","6a98644d4e2033c0f9998a31","2026-09-02 14:05"
"朋友是一个坚韧不拔的纪录片， 在香港这座城市的设置。","65de536fb77f430b929240f3","Dissonans","60e09234213b0600019d912e","6a98654f1b64907bc9f389a7","2026-09-02 14:06"
"estatista","64dc0ed490256c1eba066c5f","Kaspervde","5d68c6ace9473f7c4058e087","6a9863561b64907bc9f380d2","2026-09-02 14:06"
"Tottenhamwisps","60ad03a48b6e1d00012f8e7e","Loan","5e866b87b3ec17798078a43b","6a9864074e2033c0f9998909","2026-09-02 14:07"
"Rihanna's alt","6a3c2f99fe770b27148e8436","Tikon","621cddf10416aa00011b992b","6a98644c116c5216607107c4","2026-09-02 14:08"
"Lucas Labubu","6227feb9e7a8b70001576aeb","Velogeo","607b4fd0132f8300012354f4","6a9864a50e29e14d2e2f47c0","2026-09-02 14:08"
"lebron-3","694357bf716cf71c98f96b42","earthenjoyer","662b7a543f29656f5fe5bf53","6a9865420e29e14d2e2f49d4","2026-09-02 14:09"
"朋友是一个坚韧不拔的纪录片， 在香港这座城市的设置。","65de536fb77f430b929240f3","Kaspervde","5d68c6ace9473f7c4058e087","6a9865830e29e14d2e2f4aa4","2026-09-02 14:10"
"Dissonans","60e09234213b0600019d912e","zach","621783eaab08b80001371858","6a9865b84e2033c0f99990c8","2026-09-02 14:10"
"estatista","64dc0ed490256c1eba066c5f","danq_s","639c2a925d4cc27b2f7a898b","6a98657d116c521660710bab","2026-09-02 14:10"
"Gangooo | Jan","5c692ddbfa7cd6698082d404","Jae H","642e125eb63023c305cf6e8c","6a9865920e29e14d2e2f4acf","2026-09-02 14:10"
"CleyRey","6022999c91e2d70001baa800","ILIAPLONKS (YT/TTV)","623798a42965f997f04b1cc1","6a9865384e2033c0f9998e70","2026-09-02 14:11"
"plaguee","5eac358a6ea51017fce11159","Loan","5e866b87b3ec17798078a43b","6a9865b04e2033c0f99990b4","2026-09-02 14:11"
"zach","621783eaab08b80001371858","Dissonans","60e09234213b0600019d912e","6a9866575e32ce8968326279","2026-09-02 14:12"
"花开富贵","65391c226d687a9219c42e43","GeoChiko","637129eb9d737c55a520a3e3","6a9864f14e2033c0f9998d14","2026-09-02 14:12"
"Rossi","607c2c79284a5f0001eee443","Заяц","63890678411c174863e40d57","6a98664d4e2033c0f99993ae","2026-09-02 14:13"
"danq_s","639c2a925d4cc27b2f7a898b","zach","621783eaab08b80001371858","6a98665b1b64907bc9f38e30","2026-09-02 14:13"
"GeoBunny","64b2f9895059c43d9160f5af","鳴神","5e6434058fd6cf50f886fb99","6a9863b61b64907bc9f38271","2026-09-02 14:14"
"Kaspervde","5d68c6ace9473f7c4058e087","朋友是一个坚韧不拔的纪录片， 在香港这座城市的设置。","65de536fb77f430b929240f3","6a986661c233ce30e301638b","2026-09-02 14:14"
"ILIAPLONKS (YT/TTV)","623798a42965f997f04b1cc1","Gangooo | Jan","5c692ddbfa7cd6698082d404","6a9866a71b64907bc9f38f38","2026-09-02 14:15"
"Tikon","621cddf10416aa00011b992b","earthenjoyer","662b7a543f29656f5fe5bf53","6a98663e4e2033c0f9999344","2026-09-02 14:16"
"Заяц","63890678411c174863e40d57","PLK","62179a5c8e88d400010d91ea","6a98675b116c5216607111e4","2026-09-02 14:16"
"Dissonans","60e09234213b0600019d912e","danq_s","639c2a925d4cc27b2f7a898b","6a9867031b64907bc9f39066","2026-09-02 14:17"
"zach","621783eaab08b80001371858","Gknolle9","638a068b6709ad1074d14898","6a9867411b64907bc9f39157","2026-09-02 14:17"
"Lucas Labubu","6227feb9e7a8b70001576aeb","Velogeo","607b4fd0132f8300012354f4","6a98660d352e41c58ec3241a","2026-09-02 14:17"
"estatista","64dc0ed490256c1eba066c5f","plaguee","5eac358a6ea51017fce11159","6a9866911b64907bc9f38efa","2026-09-02 14:18"
"Surgut sand","5ec369eae7115241a4e75beb","Gknolle9","638a068b6709ad1074d14898","6a9868024e2033c0f9999be4","2026-09-02 14:18"
"Gangooo | Jan","5c692ddbfa7cd6698082d404","emoji4 ➡️ emoji5emoji5emoji5","69020a9dd65f395771ade781","6a9867ce1b4f66ee09c07d70","2026-09-02 14:18"
"GDrigXOツ","62d397b9283f387577c4aff8","Kaspervde","5d68c6ace9473f7c4058e087","6a98674d5e32ce8968326621","2026-09-02 14:19"
"Dissonans","60e09234213b0600019d912e","Joo-eun.","6a290dd1cf6b59479a2ae4de","6a98687c4e2033c0f9999e4d","2026-09-02 14:20"
"PLK","62179a5c8e88d400010d91ea","danq_s","639c2a925d4cc27b2f7a898b","6a9868310e29e14d2e2f5329","2026-09-02 14:21"
"Заяц","63890678411c174863e40d57","ILIAPLONKS (YT/TTV)","623798a42965f997f04b1cc1","6a9867c71b64907bc9f3939b","2026-09-02 14:22"
"Shakazaramesh","5ef2945bbb96627c9ce5f63f","鳴神","5e6434058fd6cf50f886fb99","6a98676e1b64907bc9f39248","2026-09-02 14:22"
"parsec","670c184c705e783701c753c0","estatista","64dc0ed490256c1eba066c5f","6a9868344e2033c0f9999ccf","2026-09-02 14:22"
"朋友是一个坚韧不拔的纪录片， 在香港这座城市的设置。","65de536fb77f430b929240f3","Rihanna's alt","6a3c2f99fe770b27148e8436","6a98674e1b4f66ee09c07b3f","2026-09-02 14:23"
"plaguee","5eac358a6ea51017fce11159","EvoMorales'graffiti","69bd378e956fb49739c0ef4e","6a9868454e2033c0f9999d42","2026-09-02 14:23"
"Surgut sand","5ec369eae7115241a4e75beb","Gknolle9","638a068b6709ad1074d14898","6a9868634e2033c0f9999dca","2026-09-02 14:23"
"PLK","62179a5c8e88d400010d91ea","Brzoza","60ababeffb1efa0001302754","6a9868fe1b64907bc9f39826","2026-09-02 14:24"
"Dissonans","60e09234213b0600019d912e","danq_s","639c2a925d4cc27b2f7a898b","6a9868e64e2033c0f999a009","2026-09-02 14:24"
"Kaspervde","5d68c6ace9473f7c4058e087","Joo-eun.","6a290dd1cf6b59479a2ae4de","6a9868ce83669b9ff9e40a22","2026-09-02 14:24"
"M1tzki","668717ff41553d75c689c749","Tikon","621cddf10416aa00011b992b","6a9868672156dea2479faaa6","2026-09-02 14:25"
"ILIAPLONKS (YT/TTV)","623798a42965f997f04b1cc1","Заяц","63890678411c174863e40d57","6a9869344e2033c0f999a19c","2026-09-02 14:26"
"𝓖𝓮𝓸~𝓲𝓽𝓮𝓻𝓯𝓪𝓬𝓲𝓸≀⑤⑧②","6550ff75cf7966cc5dfe29fe","Fugi ("")>","603a59c5a8220800013df8a4","6a9868e54e2033c0f999a006","2026-09-02 14:26"
"Surgut sand","5ec369eae7115241a4e75beb","Cristiano Ronaldo","5c6eed96ed6c9284608c8231","6a9869771b64907bc9f39a5e","2026-09-02 14:26"
"Kaspervde","5d68c6ace9473f7c4058e087","Joo-eun.","6a290dd1cf6b59479a2ae4de","6a9869c3116c521660711b6a","2026-09-02 14:27"
"estatista","64dc0ed490256c1eba066c5f","鳴神","5e6434058fd6cf50f886fb99","6a98694a83669b9ff9e40b65","2026-09-02 14:28"
"Ruben","5e1334ba1b34a033c801a9e8","Jannik","6a0c58030808c41cb15866fe","6a9869c4116c521660711b6e","2026-09-02 14:28"
"Gangooo | Jan","5c692ddbfa7cd6698082d404","Gknolle9","638a068b6709ad1074d14898","6a986a0b1b64907bc9f39d03","2026-09-02 14:29"
"Brzoza","60ababeffb1efa0001302754","朋友是一个坚韧不拔的纪录片， 在香港这座城市的设置。","65de536fb77f430b929240f3","6a9869b24e2033c0f999a489","2026-09-02 14:30"
"Kaspervde","5d68c6ace9473f7c4058e087","Joo-eun.","6a290dd1cf6b59479a2ae4de","6a986a604e2033c0f999a787","2026-09-02 14:30"
"Ruben","5e1334ba1b34a033c801a9e8","Jannik","6a0c58030808c41cb15866fe","6a986aba4e2033c0f999a8f9","2026-09-02 14:30"
"Kilensky","66860b55973f6573ed81e050","irrational","65ba97ce8b2ba0c747ffa3b7","6a98645c1b64907bc9f3852d","2026-09-02 14:31"
"鳴神","5e6434058fd6cf50f886fb99","PLK","62179a5c8e88d400010d91ea","6a986b081b64907bc9f3a24c","2026-09-02 14:32"
"Joo-eun.","6a290dd1cf6b59479a2ae4de","Ruben","5e1334ba1b34a033c801a9e8","6a986b1c116c52166071213a","2026-09-02 14:32"
"朋友是一个坚韧不拔的纪录片， 在香港这座城市的设置。","65de536fb77f430b929240f3","Goonax#4WC","6772fee6827b91b41dd22b5f","6a986b564e2033c0f999ac19","2026-09-02 14:34"
"ILIAPLONKS (YT/TTV)","623798a42965f997f04b1cc1","danq_s","639c2a925d4cc27b2f7a898b","6a986a181b64907bc9f39d41","2026-09-02 14:35"
"Ruben","5e1334ba1b34a033c801a9e8","Joo-eun.","6a290dd1cf6b59479a2ae4de","6a986b7e1b64907bc9f3a4b1","2026-09-02 14:36"
"PLK","62179a5c8e88d400010d91ea","Xick","6227d06fc4123c000192c138","6a986ba1116c521660712366","2026-09-02 14:38"
"朋友是一个坚韧不拔的纪录片， 在香港这座城市的设置。","65de536fb77f430b929240f3","Angeria","5e1333041b34a033c801a9b1","6a986bfd4e2033c0f999af10","2026-09-02 14:38"
"Goonax#4WC","6772fee6827b91b41dd22b5f","Azuryne","61e444e727627e00010d0fcd","6a986c1a4e2033c0f999afbe","2026-09-02 14:38"
"lebron-3","694357bf716cf71c98f96b42","Rihanna's alt","6a3c2f99fe770b27148e8436","6a986c551b64907bc9f3a90c","2026-09-02 14:40"
"danq_s","639c2a925d4cc27b2f7a898b","Gknolle9","638a068b6709ad1074d14898","6a986c7b1b64907bc9f3aa0e","2026-09-02 14:40"
"花开富贵","65391c226d687a9219c42e43","Tottenhamwisps","60ad03a48b6e1d00012f8e7e","6a986cca5112a71d02e04ca7","2026-09-02 14:40"
"Azuryne","61e444e727627e00010d0fcd","CleyRey","6022999c91e2d70001baa800","6a986cf81b64907bc9f3ac25","2026-09-02 14:41"
"Joo-eun.","6a290dd1cf6b59479a2ae4de","Kubson","63be7fdebd54e6a7f756f9d1","6a986c914e2033c0f999b1f2","2026-09-02 14:41"
"Ruben","5e1334ba1b34a033c801a9e8","Ryan","5e1cba902034a09a54bbd59d","6a986cc04e2033c0f999b36b","2026-09-02 14:41"
"Brzoza","60ababeffb1efa0001302754","Tikon","621cddf10416aa00011b992b","6a986b141b4f66ee09c089b1","2026-09-02 14:42"
"ILIAPLONKS (YT/TTV)","623798a42965f997f04b1cc1","男方鬆 - Mr. Nanfsong","6409beba17491edb5a32b684","6a986c9c4e2033c0f999b23a","2026-09-02 14:42"
"Xick","6227d06fc4123c000192c138","PLK","62179a5c8e88d400010d91ea","6a986d060e29e14d2e2f6450","2026-09-02 14:44"
"Lucas Labubu","6227feb9e7a8b70001576aeb","Goonax#4WC","6772fee6827b91b41dd22b5f","6a986d3e4e2033c0f999b5cc","2026-09-02 14:44"
"Ruben","5e1334ba1b34a033c801a9e8","Everop","67f96f57f2156b150ad9b7a4","6a986df74e2033c0f999b8a8","2026-09-02 14:44"
"botje","65ef376b2528c8b0fb2b5e4c","NoruJumping","5c5817f33d925bc96cd177e7","6a986d624e2033c0f999b66a","2026-09-02 14:45"
"CleyRey","6022999c91e2d70001baa800","Tottenhamwisps","60ad03a48b6e1d00012f8e7e","6a986db6116c521660712a92","2026-09-02 14:45"
"Palmitas","6984de4267015bc9a6109cae","Zuepp","601458985acffb00015bd0d5","6a986cf75b3523e13419c5f0","2026-09-02 14:45"
"Joo-eun.","6a290dd1cf6b59479a2ae4de","danq_s","639c2a925d4cc27b2f7a898b","6a986d921b64907bc9f3af53","2026-09-02 14:45"
"bowler","6a21610b6b64548c59302df2","MG","670d6a20cf57e18ab12f38f8","6a986d9c4e2033c0f999b75a","2026-09-02 14:45"
"Brzoza","60ababeffb1efa0001302754","lebron-3","694357bf716cf71c98f96b42","6a986dc6116c521660712ad8","2026-09-02 14:46"
"Angeria","5e1333041b34a033c801a9b1","朋友是一个坚韧不拔的纪录片， 在香港这座城市的设置。","65de536fb77f430b929240f3","6a986d141b64907bc9f3aca4","2026-09-02 14:46"
"ILIAPLONKS (YT/TTV)","623798a42965f997f04b1cc1","男方鬆 - Mr. Nanfsong","6409beba17491edb5a32b684","6a986ded116c521660712b5a","2026-09-02 14:47"
"Pasord","6669c659ca16186b5a3dbc35","GeoMax","610ade6208061c000158624f","6a986e3d4e2033c0f999ba3c","2026-09-02 14:47"
"Lodi","5788e5e5c2a0fb1304dba46c","Hego♪","67930488dc684cc50b15c7bb","6a986e5c4e2033c0f999baab","2026-09-02 14:47"
"Gaizkaiser","61e67e2b8a1e1100013538d3","Giancarlo Esposito","68e85bdb3f2cbbe915cbcd3d","6a986dfb4e2033c0f999b8db","2026-09-02 14:48"
"朋友是一个坚韧不拔的纪录片， 在香港这座城市的设置。","65de536fb77f430b929240f3","Dissonans","60e09234213b0600019d912e","6a986ebf1b64907bc9f3b4a3","2026-09-02 14:48"
"botje","65ef376b2528c8b0fb2b5e4c","Goonax#4WC","6772fee6827b91b41dd22b5f","6a986e7c4e2033c0f999bb40","2026-09-02 14:48"
"Azuryne","61e444e727627e00010d0fcd","M0vER2cK","6a3980146e586fb5631aa45a","6a986ddc4e2033c0f999b85a","2026-09-02 14:48"
"Zuepp","601458985acffb00015bd0d5","Ruben","5e1334ba1b34a033c801a9e8","6a986e814e2033c0f999bb55","2026-09-02 14:48"
"bowler","6a21610b6b64548c59302df2","Anonymous","62517d69bf2d9b52f4682c70","6a986eab4e2033c0f999bbf4","2026-09-02 14:49"
"Steve","5c936d6ce92b0c49e4020934","Flubbersticks","69387a54dc6fdd9da05c91cd","6a986e631b64907bc9f3b334","2026-09-02 14:49"
"Tikon","621cddf10416aa00011b992b","wang","64df30f334185dd27cf839a7","6a986de74e2033c0f999b885","2026-09-02 14:50"
"Tottenhamwisps","60ad03a48b6e1d00012f8e7e","Angeria","5e1333041b34a033c801a9b1","6a986ebd1b64907bc9f3b496","2026-09-02 14:50"
"Zuepp","601458985acffb00015bd0d5","Gangooo | Jan","5c692ddbfa7cd6698082d404","6a986f77352e41c58ec34616","2026-09-02 14:50"
"Giancarlo Esposito","68e85bdb3f2cbbe915cbcd3d","vukGG","6384aef735180c664babf36e","6a986f4c83669b9ff9e42102","2026-09-02 14:51"
"Brzoza","60ababeffb1efa0001302754","LetsCrime (chatbanned)","67a80cc003077ed0dfc834ab","6a986ee7116c521660712f2b","2026-09-02 14:51"
"thenderson netanyahu","651735b2324c811102e538a6","irrational","65ba97ce8b2ba0c747ffa3b7","6a986d481b64907bc9f3ad97","2026-09-02 14:51"
"PLK","62179a5c8e88d400010d91ea","Xick","6227d06fc4123c000192c138","6a986e831b64907bc9f3b3bc","2026-09-02 14:51"
"Pasord","6669c659ca16186b5a3dbc35","GeoMax","610ade6208061c000158624f","6a986f192156dea2479fc3d2","2026-09-02 14:51"
"Azuryne","61e444e727627e00010d0fcd","Milksop","5e9364a52ad6cf6a40519573","6a986f9b4e2033c0f999c13c","2026-09-02 14:51"
"Joo-eun.","6a290dd1cf6b59479a2ae4de","NoruJumping","5c5817f33d925bc96cd177e7","6a986eda4e2033c0f999bcdd","2026-09-02 14:51"
"男方鬆 - Mr. Nanfsong","6409beba17491edb5a32b684","Hego♪","67930488dc684cc50b15c7bb","6a986f2e83669b9ff9e42080","2026-09-02 14:52"
"earthenjoyer","662b7a543f29656f5fe5bf53","kober","67ad18a09e150413a5e6fa66","6a986f7d1b64907bc9f3b862","2026-09-02 14:53"
"Herrjiell","6463ce1ce623a26f09da5866","朋友是一个坚韧不拔的纪录片， 在香港这座城市的设置。","65de536fb77f430b929240f3","6a986f431b64907bc9f3b71b","2026-09-02 14:53"
"Dissonans","60e09234213b0600019d912e","Lodi","5788e5e5c2a0fb1304dba46c","6a986f624e2033c0f999c019","2026-09-02 14:53"
"mint","67bf13b90a45adc3b2e1c725","Giancarlo Esposito","68e85bdb3f2cbbe915cbcd3d","6a98701b4e2033c0f999c3a3","2026-09-02 14:54"
"CleyRey","6022999c91e2d70001baa800","Felix.svb","6856986bb22dea4ae40a3d22","6a986f031b64907bc9f3b602","2026-09-02 14:54"
"Goonax#4WC","6772fee6827b91b41dd22b5f","botje","65ef376b2528c8b0fb2b5e4c","6a986f624e2033c0f999c018","2026-09-02 14:54"
"Anonymous","62517d69bf2d9b52f4682c70","fatslump","603e28ef0297940001b93db1","6a986fa61b64907bc9f3b94e","2026-09-02 14:54"
"Brzoza","60ababeffb1efa0001302754","PLK","62179a5c8e88d400010d91ea","6a9870161b64907bc9f3bbf7","2026-09-02 14:55"
"Pasord","6669c659ca16186b5a3dbc35","Azuryne","61e444e727627e00010d0fcd","6a9870261b64907bc9f3bc41","2026-09-02 14:55"
"花开富贵","65391c226d687a9219c42e43","Hego♪","67930488dc684cc50b15c7bb","6a987048116c521660713543","2026-09-02 14:55"
"connexion de f*p","5e9662142ad6cfadc8e2db9d","lebron-3","694357bf716cf71c98f96b42","6a986f1b1b64907bc9f3b67a","2026-09-02 14:56"
"Brzoza","60ababeffb1efa0001302754","PLK","62179a5c8e88d400010d91ea","6a9870d3352e41c58ec34b3a","2026-09-02 14:56"
"男方鬆 - Mr. Nanfsong","6409beba17491edb5a32b684","kober","67ad18a09e150413a5e6fa66","6a9870594e2033c0f999c4d0","2026-09-02 14:56"
"Dissonans","60e09234213b0600019d912e","Lodi","5788e5e5c2a0fb1304dba46c","6a9870934e2033c0f999c5f0","2026-09-02 14:56"
"mint","67bf13b90a45adc3b2e1c725","Brzoza","60ababeffb1efa0001302754","6a98713c1b64907bc9f3c13d","2026-09-02 14:58"
"PLK","62179a5c8e88d400010d91ea","kober","67ad18a09e150413a5e6fa66","6a98713b4e2033c0f999c8ce","2026-09-02 14:58"
"Tottenhamwisps","60ad03a48b6e1d00012f8e7e","朋友是一个坚韧不拔的纪录片， 在香港这座城市的设置。","65de536fb77f430b929240f3","6a98706a116c5216607135e4","2026-09-02 14:58"
"Hego♪","67930488dc684cc50b15c7bb","Gangooo | Jan","5c692ddbfa7cd6698082d404","6a9871164e2033c0f999c7fe","2026-09-02 14:58"
"ILIAPLONKS (YT/TTV)","623798a42965f997f04b1cc1","kober","67ad18a09e150413a5e6fa66","6a986f74116c521660713198","2026-09-02 14:59"
"Joo-eun.","6a290dd1cf6b59479a2ae4de","bowler","6a21610b6b64548c59302df2","6a986ff54e2033c0f999c2fe","2026-09-02 14:59"
"CleyRey","6022999c91e2d70001baa800","Goonax#4WC","6772fee6827b91b41dd22b5f","6a9870b54e2033c0f999c675","2026-09-02 15:00"
"lebron-3","694357bf716cf71c98f96b42","Brzoza","60ababeffb1efa0001302754","6a98719b4e2033c0f999cadd","2026-09-02 15:01"
"朋友是一个坚韧不拔的纪录片， 在香港这座城市的设置。","65de536fb77f430b929240f3","Hego♪","67930488dc684cc50b15c7bb","6a9871b10e29e14d2e2f73fb","2026-09-02 15:01"
"Angeria","5e1333041b34a033c801a9b1","Zuepp","601458985acffb00015bd0d5","6a986fdd1b64907bc9f3ba91","2026-09-02 15:01"
"Azuryne","61e444e727627e00010d0fcd","Kome.jpeg","5bbdcfab2c01735208565bce","6a98710b4e2033c0f999c7be","2026-09-02 15:01"
"Felix.svb","6856986bb22dea4ae40a3d22","parsec","670c184c705e783701c753c0","6a9870b1116c5216607136a5","2026-09-02 15:02"
"Pasord","6669c659ca16186b5a3dbc35","botje","65ef376b2528c8b0fb2b5e4c","6a9870ef4e2033c0f999c763","2026-09-02 15:02"
"Lodi","5788e5e5c2a0fb1304dba46c","GeoChiko","637129eb9d737c55a520a3e3","6a9871724e2033c0f999c9b7","2026-09-02 15:02"
"Herrjiell","6463ce1ce623a26f09da5866","鳴神","5e6434058fd6cf50f886fb99","6a98708b1b64907bc9f3be34","2026-09-02 15:03"
"kober","67ad18a09e150413a5e6fa66","PLK","62179a5c8e88d400010d91ea","6a98719f4e2033c0f999caee","2026-09-02 15:04"
"Hego♪","67930488dc684cc50b15c7bb","Zuepp","601458985acffb00015bd0d5","6a98725c1b64907bc9f3c671","2026-09-02 15:04"
"NoruJumping","5c5817f33d925bc96cd177e7","Maswara","656ca965880e3e2a9a64d361","6a98716d1b64907bc9f3c235","2026-09-02 15:04"
"ILIAPLONKS (YT/TTV)","623798a42965f997f04b1cc1","kober","67ad18a09e150413a5e6fa66","6a9871d04e2033c0f999cba9","2026-09-02 15:05"
"EmmaTheEel","63a87fb6607e3e4aa65962a6","Tikon","621cddf10416aa00011b992b","6a9871ef0e29e14d2e2f74be","2026-09-02 15:06"
"Shakazaramesh","5ef2945bbb96627c9ce5f63f","parsec","670c184c705e783701c753c0","6a9872d64e2033c0f999cfe3","2026-09-02 15:06"
"thenderson netanyahu","651735b2324c811102e538a6","irrational","65ba97ce8b2ba0c747ffa3b7","6a9870ee4e2033c0f999c760","2026-09-02 15:07"
"PLK","62179a5c8e88d400010d91ea","kober","67ad18a09e150413a5e6fa66","6a9872f0116c521660713dbf","2026-09-02 15:07"
"Заяц","63890678411c174863e40d57","Hego♪","67930488dc684cc50b15c7bb","6a987331116c521660713ed6","2026-09-02 15:07"
"botje","65ef376b2528c8b0fb2b5e4c","鳴神","5e6434058fd6cf50f886fb99","6a9872b70e29e14d2e2f779e","2026-09-02 15:07"
"reezwon","67cc28f8f758eb4f26db5827","washed patapimer","63761255fd35864fd5e85dbe","6a9872da1b64907bc9f3c885","2026-09-02 15:07"
"esther","5ec5509af849319644f425b8","Zuepp","601458985acffb00015bd0d5","6a9873721b64907bc9f3cb68","2026-09-02 15:07"
"朋友是一个坚韧不拔的纪录片， 在香港这座城市的设置。","65de536fb77f430b929240f3","Goonax#4WC","6772fee6827b91b41dd22b5f","6a9872474e2033c0f999cd73","2026-09-02 15:08"
"parsec","670c184c705e783701c753c0","Joo-eun.","6a290dd1cf6b59479a2ae4de","6a98739e1b64907bc9f3ccef","2026-09-02 15:08"
"kober","67ad18a09e150413a5e6fa66","PLK","62179a5c8e88d400010d91ea","6a9873b0d76f2f69e90ee38b","2026-09-02 15:09"
"ILIAPLONKS (YT/TTV)","623798a42965f997f04b1cc1","kober","67ad18a09e150413a5e6fa66","6a9873514e2033c0f999d220","2026-09-02 15:10"
"Заяц","63890678411c174863e40d57","Hego♪","67930488dc684cc50b15c7bb","6a9873c94e2033c0f999d50f","2026-09-02 15:10"
"Lodi","5788e5e5c2a0fb1304dba46c","fatslump","603e28ef0297940001b93db1","6a9873261b64907bc9f3c9bc","2026-09-02 15:11"
"Angeria","5e1333041b34a033c801a9b1","xZenith","6846d165a3008977fe607ade","6a96cf5260113274aee9955b","2026-09-02 15:12"
"Herrjiell","6463ce1ce623a26f09da5866","Brzoza","60ababeffb1efa0001302754","6a9872c11b64907bc9f3c81c","2026-09-02 15:12"
"PLK","62179a5c8e88d400010d91ea","kober","67ad18a09e150413a5e6fa66","6a98742a83669b9ff9e433ae","2026-09-02 15:12"
"botje","65ef376b2528c8b0fb2b5e4c","鳴神","5e6434058fd6cf50f886fb99","6a9873dd4e2033c0f999d599","2026-09-02 15:12"
"Zuepp","601458985acffb00015bd0d5","Joo-eun.","6a290dd1cf6b59479a2ae4de","6a98741b352e41c58ec355b4","2026-09-02 15:12"
"Заяц","63890678411c174863e40d57","kober","67ad18a09e150413a5e6fa66","6a98748e4e2033c0f999d8cd","2026-09-02 15:13"
"Lodi","5788e5e5c2a0fb1304dba46c","Hego♪","67930488dc684cc50b15c7bb","6a9874db83669b9ff9e435a6","2026-09-02 15:13"
"Заяц","63890678411c174863e40d57","kober","67ad18a09e150413a5e6fa66","6a98751b1b64907bc9f3d2bf","2026-09-02 15:14"
"朋友是一个坚韧不拔的纪录片， 在香港这座城市的设置。","65de536fb77f430b929240f3","zone","601d17c1d565030001440b8d","6a987415c233ce30e3018fc6","2026-09-02 15:14"
"botje","65ef376b2528c8b0fb2b5e4c","鳴神","5e6434058fd6cf50f886fb99","6a9874df1b64907bc9f3d1e5","2026-09-02 15:15"
"Goonax#4WC","6772fee6827b91b41dd22b5f","Flubbersticks","69387a54dc6fdd9da05c91cd","6a9874891b4f66ee09c0ab64","2026-09-02 15:15"
"Joo-eun.","6a290dd1cf6b59479a2ae4de","Zuepp","601458985acffb00015bd0d5","6a9874e7116c521660714601","2026-09-02 15:16"
"reezwon","67cc28f8f758eb4f26db5827","Milan","5fd11c9fa54edf00014962f6","6a98740e4e2033c0f999d6bc","2026-09-02 15:16"
"Заяц","63890678411c174863e40d57","kober","67ad18a09e150413a5e6fa66","6a98757a4e2033c0f999dcad","2026-09-02 15:17"
"botje","65ef376b2528c8b0fb2b5e4c","鳴神","5e6434058fd6cf50f886fb99","6a98759a4e2033c0f999dd3b","2026-09-02 15:17"
"Заяц","63890678411c174863e40d57","kober","67ad18a09e150413a5e6fa66","6a98757a4e2033c0f999dcad","2026-09-02 15:17"
"zone","601d17c1d565030001440b8d","pisanico","5e59788312777c09acb5f77f","6a98757b1b64907bc9f3d42f","2026-09-02 15:19"
"jdl_1893","6626752c2d5e4d820e79b466","Gknolle9","638a068b6709ad1074d14898","6a9875c95112a71d02e06a1b","2026-09-02 15:19"
"Kiran","5fa6fdd8b45c67000133f43d","NotNMPZDitoAgain","690b3774653c4fdcfc395260","6a9874e25b3523e13419e175","2026-09-02 15:19"
"Herrjiell","6463ce1ce623a26f09da5866","Brzoza","60ababeffb1efa0001302754","6a9874ee116c52166071460e","2026-09-02 15:20"
"PLK","62179a5c8e88d400010d91ea","kober","67ad18a09e150413a5e6fa66","6a98760f4e2033c0f999df7e","2026-09-02 15:21"
"Goonax#4WC","6772fee6827b91b41dd22b5f","Joo-eun.","6a290dd1cf6b59479a2ae4de","6a9875ce4e2033c0f999de19","2026-09-02 15:21"
"Joo-eun.","6a290dd1cf6b59479a2ae4de","Hego♪","67930488dc684cc50b15c7bb","6a9877104e2033c0f999e3cd","2026-09-02 15:23"
"Ruari","60258d7d36ff8a0001f5fef5","boutbat","553f81c16375d205a47e0e6d","6a98762283669b9ff9e43a3a","2026-09-02 15:23"
"Loan","5e866b87b3ec17798078a43b","MG","670d6a20cf57e18ab12f38f8","6a98757f4e2033c0f999dcbc","2026-09-02 15:23"
"pas bon","6138c0b02041ad0001a01eae","jdl_1893","6626752c2d5e4d820e79b466","6a9876ce1b64907bc9f3d90e","2026-09-02 15:24"
"Hego♪","67930488dc684cc50b15c7bb","Joo-eun.","6a290dd1cf6b59479a2ae4de","6a98778b4e2033c0f999e699","2026-09-02 15:25"
"Kiran","5fa6fdd8b45c67000133f43d","CoolMoonGuy","67ba5164f30fffa59919db60","6a9876b81b4f66ee09c0b1e3","2026-09-02 15:25"
"Herrjiell","6463ce1ce623a26f09da5866","Brzoza","60ababeffb1efa0001302754","6a9876be4e2033c0f999e28a","2026-09-02 15:26"
"PLK","62179a5c8e88d400010d91ea","kober","67ad18a09e150413a5e6fa66","6a9876f71b64907bc9f3d998","2026-09-02 15:26"
"kober","67ad18a09e150413a5e6fa66","Jerome","62e14841f938d5507c4d31f6","6a9877464e2033c0f999e4d2","2026-09-02 15:26"
"kober","67ad18a09e150413a5e6fa66","Brzoza","60ababeffb1efa0001302754","6a98785a4e2033c0f999eb2d","2026-09-02 15:28"
"val1d","63875de4e55ec4234b26d1fb","ましろ","60622a237c864a00019b5334","6a9877844e2033c0f999e677","2026-09-02 15:28"
"reezwon","67cc28f8f758eb4f26db5827","goodvibes18","64fc454da5664ce9de249325","6a9877ee116c52166071514b","2026-09-02 15:28"
"zone","601d17c1d565030001440b8d","pisanico","5e59788312777c09acb5f77f","6a9876944e2033c0f999e1d2","2026-09-02 15:29"
"Ruari","60258d7d36ff8a0001f5fef5","Tottenhamwisps","60ad03a48b6e1d00012f8e7e","6a98776f4e2033c0f999e613","2026-09-02 15:29"
"irrational","65ba97ce8b2ba0c747ffa3b7","kqyyy","6888a322b2328f914ebd912f","6a9874ae4e2033c0f999d952","2026-09-02 15:30"
"val1d","63875de4e55ec4234b26d1fb","exegi momentum","5f906300b00b570001274e55","6a98779583669b9ff9e43eff","2026-09-02 15:30"
"kober","67ad18a09e150413a5e6fa66","Brzoza","60ababeffb1efa0001302754","6a98785a4e2033c0f999eb2d","2026-09-02 15:31"
"Goonax#4WC","6772fee6827b91b41dd22b5f","Victor","67822dd7ca228d1e49a1a611","6a9877cc1b64907bc9f3dd2d","2026-09-02 15:31"
"Lucas Labubu","6227feb9e7a8b70001576aeb","Joo-eun.","6a290dd1cf6b59479a2ae4de","6a9877f82156dea2479fe138","2026-09-02 15:31"
"Ruari","60258d7d36ff8a0001f5fef5","ましろ","60622a237c864a00019b5334","6a9878d9c233ce30e3019f0a","2026-09-02 15:31"
"Surgut sand","5ec369eae7115241a4e75beb","reezwon","67cc28f8f758eb4f26db5827","6a9879011b64907bc9f3e251","2026-09-02 15:31"
"PLK","62179a5c8e88d400010d91ea","lebron-3","694357bf716cf71c98f96b42","6a98783f1b64907bc9f3df32","2026-09-02 15:32"
"CleyRey","6022999c91e2d70001baa800","Заяц","63890678411c174863e40d57","6a9878a41b64907bc9f3e118","2026-09-02 15:32"
"kober","67ad18a09e150413a5e6fa66","Brzoza","60ababeffb1efa0001302754","6a9878bc1b64907bc9f3e164","2026-09-02 15:33"
"Surgut sand","5ec369eae7115241a4e75beb","ましろ","60622a237c864a00019b5334","6a9879664e2033c0f999f0b9","2026-09-02 15:33"
"zone","601d17c1d565030001440b8d","pisanico","5e59788312777c09acb5f77f","6a9878fa1b64907bc9f3e22e","2026-09-02 15:34"
"kober","67ad18a09e150413a5e6fa66","PLK","62179a5c8e88d400010d91ea","6a9879885112a71d02e07606","2026-09-02 15:34"
"lebron-3","694357bf716cf71c98f96b42","kober","67ad18a09e150413a5e6fa66","6a9879f21b64907bc9f3e69b","2026-09-02 15:36"
"Brzoza","60ababeffb1efa0001302754","Goonax#4WC","6772fee6827b91b41dd22b5f","6a9879cc4e2033c0f999f2d3","2026-09-02 15:36"
"Fenrys","60d8c06ddcd6370001961252","Tottenhamwisps","60ad03a48b6e1d00012f8e7e","6a98798d1b64907bc9f3e4f3","2026-09-02 15:36"
"Hego♪","67930488dc684cc50b15c7bb","reezwon","67cc28f8f758eb4f26db5827","6a9879d44e2033c0f999f2e5","2026-09-02 15:36"
"PLK","62179a5c8e88d400010d91ea","kober","67ad18a09e150413a5e6fa66","6a987a164e2033c0f999f40f","2026-09-02 15:37"
"Ruari","60258d7d36ff8a0001f5fef5","Victor","67822dd7ca228d1e49a1a611","6a9879764e2033c0f999f120","2026-09-02 15:37"
"kcd","5aef47d3b18d0894c4ffe297","mint","67bf13b90a45adc3b2e1c725","6a987ab64e2033c0f999f6be","2026-09-02 15:38"
"kcd","5aef47d3b18d0894c4ffe297","mint","67bf13b90a45adc3b2e1c725","6a987b2d1b64907bc9f3ebb9","2026-09-02 15:39"
"PLK","62179a5c8e88d400010d91ea","kober","67ad18a09e150413a5e6fa66","6a987abe1b64907bc9f3e9d8","2026-09-02 15:39"
"kcd","5aef47d3b18d0894c4ffe297","mint","67bf13b90a45adc3b2e1c725","6a987b54116c521660715bb3","2026-09-02 15:40"
"thenderson netanyahu","651735b2324c811102e538a6","Major Bajor","5dec182b44d2a4a0f4feafaf","6a9878304e2033c0f999ea25","2026-09-02 15:40"
"男方鬆 - Mr. Nanfsong","6409beba17491edb5a32b684","Заяц","63890678411c174863e40d57","6a987a3e4e2033c0f999f4a6","2026-09-02 15:40"
"Lucas Labubu","6227feb9e7a8b70001576aeb","pisanico","5e59788312777c09acb5f77f","6a987a164e2033c0f999f40d","2026-09-02 15:40"
"Paul Thomas Anderson","6999ebd9423ce38404eadfb6","Simon","618c08f44aa4e100015f9559","6a987a874e2033c0f999f5f8","2026-09-02 15:40"
"kcd","5aef47d3b18d0894c4ffe297","mint","67bf13b90a45adc3b2e1c725","6a987b8f83669b9ff9e44a68","2026-09-02 15:41"
"kcd","5aef47d3b18d0894c4ffe297","mint","67bf13b90a45adc3b2e1c725","6a987bda1b64907bc9f3ee6e","2026-09-02 15:42"
"Заяц","63890678411c174863e40d57","Maksonic","619d09bdc4ab7000016c68d3","6a987b871b64907bc9f3ed35","2026-09-02 15:42"
"kober","67ad18a09e150413a5e6fa66","Řežin","5e9c6bd897d6cf6f58b47ac4","6a987b574e2033c0f999f9ac","2026-09-02 15:42"
"ra1n ⛆","6040b767a822080001418691","Kiran","5fa6fdd8b45c67000133f43d","6a987b821b64907bc9f3ed13","2026-09-02 15:43"
"niwai","63bcf9051465b5b236749d8f","mint","67bf13b90a45adc3b2e1c725","6a987c1d5e32ce896832acda","2026-09-02 15:44"
"PLK","62179a5c8e88d400010d91ea","kober","67ad18a09e150413a5e6fa66","6a987b3d4e2033c0f999f947","2026-09-02 15:45"
"Fenrys","60d8c06ddcd6370001961252","Goonax#4WC","6772fee6827b91b41dd22b5f","6a987a774e2033c0f999f5a3","2026-09-02 15:45"
"Schlork","5b79a04e1ee010718865158c","NO0B4EV3R","5e62499f12777c7a20431990","6a9879621b64907bc9f3e41d","2026-09-02 15:45"
"kober","67ad18a09e150413a5e6fa66","PLK","62179a5c8e88d400010d91ea","6a987cb14e2033c0f999ff7f","2026-09-02 15:49"
"kstyko","5ead136297d6cf24a42b1ef4","Goonax#4WC","6772fee6827b91b41dd22b5f","6a987ca01b64907bc9f3f152","2026-09-02 15:49"
"Fenrys","60d8c06ddcd6370001961252","Henrikk","622640b7cb9b530001598509","6a987c962156dea2479fee40","2026-09-02 15:50"
"habesh","647734d056305f7bf5561a4e","Sityqwai","5dc9b82ae9473f3ff8ad7799","6a987c96116c521660715f32","2026-09-02 15:51"
"PLK","62179a5c8e88d400010d91ea","Dan YAile","60ef0697612a5400012c89a3","6a987d921b64907bc9f3f58e","2026-09-02 15:52"
"Max","5f847db332173400011b50bb","smilax","612c35a04dcea10001c97943","6a987d3c4e2033c0f99a0192","2026-09-02 15:52"
"Kiran","5fa6fdd8b45c67000133f43d","Unplayable","690b3774653c4fdcfc395260","6a987e15116c5216607163ba","2026-09-02 15:53"
"kcd","5aef47d3b18d0894c4ffe297","kober","67ad18a09e150413a5e6fa66","6a987e041b64907bc9f3f71a","2026-09-02 15:54"
"kcd","5aef47d3b18d0894c4ffe297","kober","67ad18a09e150413a5e6fa66","6a987e041b64907bc9f3f71a","2026-09-02 15:54"
"Goonax#4WC","6772fee6827b91b41dd22b5f","Flubbersticks","69387a54dc6fdd9da05c91cd","6a987db41b64907bc9f3f5fe","2026-09-02 15:54"
"pisanico","5e59788312777c09acb5f77f","parsec","670c184c705e783701c753c0","6a987bae4e2033c0f999fb30","2026-09-02 15:55"
"Dan YAile","60ef0697612a5400012c89a3","PLK","62179a5c8e88d400010d91ea","6a987e3783669b9ff9e45102","2026-09-02 15:56"
"Ruari","60258d7d36ff8a0001f5fef5","irrational","65ba97ce8b2ba0c747ffa3b7","6a987ac51b64907bc9f3e9ff","2026-09-02 15:56"
"K4CP3RSKI777","624aa4216b4b8b1765bb6dad","Dan YAile","60ef0697612a5400012c89a3","6a987f3c1b4f66ee09c0caae","2026-09-02 15:57"
"kober","67ad18a09e150413a5e6fa66","PLK","62179a5c8e88d400010d91ea","6a987f201b64907bc9f3fb4b","2026-09-02 15:57"
"kober","67ad18a09e150413a5e6fa66","PLK","62179a5c8e88d400010d91ea","6a987f201b64907bc9f3fb4b","2026-09-02 15:58"
"pisanico","5e59788312777c09acb5f77f","Goonax#4WC","6772fee6827b91b41dd22b5f","6a987eeb1b4f66ee09c0c9f4","2026-09-02 15:58"
"wang","64df30f334185dd27cf839a7","kcd","5aef47d3b18d0894c4ffe297","6a987ed64e2033c0f99a0852","2026-09-02 15:59"
"Henrikk","622640b7cb9b530001598509","Fenrys","60d8c06ddcd6370001961252","6a987dfd4e2033c0f99a04a1","2026-09-02 15:59"
"kstyko","5ead136297d6cf24a42b1ef4","Maksonic","619d09bdc4ab7000016c68d3","6a987f624e2033c0f99a0a95","2026-09-02 15:59"
"omigupta (YT)","62280387e7a8b70001576d3d","Max","5f847db332173400011b50bb","6a987f304e2033c0f99a09a6","2026-09-02 15:59"
"K4CP3RSKI777","624aa4216b4b8b1765bb6dad","Dan YAile","60ef0697612a5400012c89a3","6a987f74c233ce30e301b0f2","2026-09-02 16:00"
"wang","64df30f334185dd27cf839a7","sk 愛","666b76089d20c1dd39ec810c","6a987feb1b64907bc9f3ff1b","2026-09-02 16:02"
"Schlork","5b79a04e1ee010718865158c","Fifonż","62a47f05cc33a10539b724eb","6a987d561b64907bc9f3f476","2026-09-02 16:02"
"omigupta (YT)","62280387e7a8b70001576d3d","Max","5f847db332173400011b50bb","6a987fe31b64907bc9f3fee4","2026-09-02 16:03"
"wang","64df30f334185dd27cf839a7","sk 愛","666b76089d20c1dd39ec810c","6a987feb1b64907bc9f3ff1b","2026-09-02 16:04"
"Firma","5ff879f9ce04930001f6ee64","kcd","5aef47d3b18d0894c4ffe297","6a98802c1b64907bc9f4007b","2026-09-02 16:05"
"Dan YAile","60ef0697612a5400012c89a3","ulquiora","66159d055967919df66cf9c0","6a9880721b64907bc9f401f0","2026-09-02 16:05"
"PLK","62179a5c8e88d400010d91ea","K4CP3RSKI777","624aa4216b4b8b1765bb6dad","6a9880331b64907bc9f40095","2026-09-02 16:05"
"Henrikk","622640b7cb9b530001598509","kstyko","5ead136297d6cf24a42b1ef4","6a9880174e2033c0f99a0e42","2026-09-02 16:05"
"xLuma","6832f381b318a99431b6ad28","Jeremi","6007886fcafc2e00011be9cd","6a9880f54e2033c0f99a12a9","2026-09-02 16:06"
"Kiran","5fa6fdd8b45c67000133f43d","Goonax#4WC","6772fee6827b91b41dd22b5f","6a9880cc1b64907bc9f4036a","2026-09-02 16:06"
"sebastian","667d87ca8401bca3fee14649","PLK","62179a5c8e88d400010d91ea","6a98814f1b64907bc9f405c4","2026-09-02 16:07"
"parsec","670c184c705e783701c753c0","Ruari","60258d7d36ff8a0001f5fef5","6a987f2a1b64907bc9f3fb7c","2026-09-02 16:07"
"Maksonic","619d09bdc4ab7000016c68d3","Dan YAile","60ef0697612a5400012c89a3","6a9880c01b64907bc9f40347","2026-09-02 16:08"
"Henrikk","622640b7cb9b530001598509","Fructidor","5e3712631e34a03504349945","6a98814b4e2033c0f99a142f","2026-09-02 16:09"
"omigupta (YT)","62280387e7a8b70001576d3d","Hego♪","67930488dc684cc50b15c7bb","6a9881114e2033c0f99a1346","2026-09-02 16:09"
"Halikaru","5c357a953d925b4de42c816a","Sityqwai","5dc9b82ae9473f3ff8ad7799","6a987e481b64907bc9f3f813","2026-09-02 16:09"
"Dan YAile","60ef0697612a5400012c89a3","penjajah","6031d1fcf16b5b0001fa54b0","6a988217116c521660717079","2026-09-02 16:10"
"Tottenhamwisps","60ad03a48b6e1d00012f8e7e","Ruari","60258d7d36ff8a0001f5fef5","6a9881f34e2033c0f99a1697","2026-09-02 16:10"
"Kiran","5fa6fdd8b45c67000133f43d","Jeremi","6007886fcafc2e00011be9cd","6a9881b24e2033c0f99a15a0","2026-09-02 16:10"
"RuralQuay427","67afb8f9170e41f8f611a20a","いぶりー ivly","6578df649b50a29c7d4112a0","6a987dce4e2033c0f99a03f1","2026-09-02 16:10"
"Max","5f847db332173400011b50bb","Simon","618c08f44aa4e100015f9559","6a9881fa1b4f66ee09c0d287","2026-09-02 16:10"
"Firma","5ff879f9ce04930001f6ee64","kcd","5aef47d3b18d0894c4ffe297","6a9881a11b64907bc9f406fc","2026-09-02 16:11"
"PLK","62179a5c8e88d400010d91ea","Dissonans","60e09234213b0600019d912e","6a9881eb4e2033c0f99a1673","2026-09-02 16:11"
"Goonax#4WC","6772fee6827b91b41dd22b5f","curiosity","5bc76c7dfdd59823e4fb3ff5","6a9881d54e2033c0f99a162a","2026-09-02 16:11"
"sebastian","667d87ca8401bca3fee14649","Dan YAile","60ef0697612a5400012c89a3","6a9882291b64907bc9f408ec","2026-09-02 16:12"
"Dan YAile","60ef0697612a5400012c89a3","PLK","62179a5c8e88d400010d91ea","6a9882a2116c521660717240","2026-09-02 16:12"
"Ruari","60258d7d36ff8a0001f5fef5","ulquiora","66159d055967919df66cf9c0","6a98826f1b64907bc9f409c3","2026-09-02 16:12"
"Fructidor","5e3712631e34a03504349945","Pasord","6669c659ca16186b5a3dbc35","6a988236116c52166071710b","2026-09-02 16:13"
"Dissonans","60e09234213b0600019d912e","danger","697ec2084f2fb1a1a48cb642","6a9882b0116c52166071726c","2026-09-02 16:13"
"omigupta (YT)","62280387e7a8b70001576d3d","Maksonic","619d09bdc4ab7000016c68d3","6a9882484e2033c0f99a17d1","2026-09-02 16:13"
"Blanecin","5e8781f3b3ec177638be489a","Max","5f847db332173400011b50bb","6a9882760e29e14d2e2fa7b1","2026-09-02 16:14"
"jane remover","59299a421bba700c703b833c","Henrikk","622640b7cb9b530001598509","6a9882604e2033c0f99a186c","2026-09-02 16:16"
"Hego♪","67930488dc684cc50b15c7bb","Jannik","6a0c58030808c41cb15866fe","6a98832b116c521660717429","2026-09-02 16:16"
"Firma","5ff879f9ce04930001f6ee64","kcd","5aef47d3b18d0894c4ffe297","6a9882c5352e41c58ec37f66","2026-09-02 16:17"
"Ruari","60258d7d36ff8a0001f5fef5","ulquiora","66159d055967919df66cf9c0","6a9883221b64907bc9f40c9b","2026-09-02 16:17"
"Goonax#4WC","6772fee6827b91b41dd22b5f","curiosity","5bc76c7dfdd59823e4fb3ff5","6a9882c64e2033c0f99a1a43","2026-09-02 16:17"
"im recording my gameplay","6a437d2254319c3206c01eb9","Jeremi","6007886fcafc2e00011be9cd","6a98828d116c521660717219","2026-09-02 16:17"
"Maksonic","619d09bdc4ab7000016c68d3","PLK","62179a5c8e88d400010d91ea","6a9883d01b4f66ee09c0d7d2","2026-09-02 16:18"
"omigupta (YT)","62280387e7a8b70001576d3d","Dissonans","60e09234213b0600019d912e","6a988349116c521660717486","2026-09-02 16:18"
"Bananaman","60c0e33a33004c000103bba5","iNS4NE","596fcdabcf818c83482add39","6a9882801b64907bc9f409f3","2026-09-02 16:19"
"Dan YAile","60ef0697612a5400012c89a3","sebastian","667d87ca8401bca3fee14649","6a9883591b64907bc9f40d1e","2026-09-02 16:19"
"irrational","65ba97ce8b2ba0c747ffa3b7","Conquistadorito","603801f090c95200017d047e","6a987ff61b64907bc9f3ff49","2026-09-02 16:19"
"Tottenhamwisps","60ad03a48b6e1d00012f8e7e","Pasord","6669c659ca16186b5a3dbc35","6a9883a9116c5216607175a9","2026-09-02 16:19"
"Jeremi","6007886fcafc2e00011be9cd","im recording my gameplay","6a437d2254319c3206c01eb9","6a98842c4e2033c0f99a20da","2026-09-02 16:20"
"Hego♪","67930488dc684cc50b15c7bb","Jannik","6a0c58030808c41cb15866fe","6a9883f85e32ce896832c3c4","2026-09-02 16:20"
"val1d","63875de4e55ec4234b26d1fb","Dan YAile","60ef0697612a5400012c89a3","6a98830c4e2033c0f99a1be5","2026-09-02 16:21"
"PLK","62179a5c8e88d400010d91ea","Dissonans","60e09234213b0600019d912e","6a9884804e2033c0f99a2229","2026-09-02 16:22"
"Mr. Bastuaggregat","5ada37ab582de2514cbb19d8","كافوركافوركافوركافوركافوركافور","6a4f8afe312818a4781ffecf","6a987f8d1b64907bc9f3fd4c","2026-09-02 16:22"
"seckfren","620059fe2a87750001272c8f","DagobertDuck","631af845281119f5fe381367","6a9884191b64907bc9f410b1","2026-09-02 16:22"
"sebastian","667d87ca8401bca3fee14649","K4CP3RSKI777","624aa4216b4b8b1765bb6dad","6a9884a8116c52166071795e","2026-09-02 16:23"
"Fructidor","5e3712631e34a03504349945","Henrikk","622640b7cb9b530001598509","6a9883d05e32ce896832c348","2026-09-02 16:23"
"Sityqwai","5dc9b82ae9473f3ff8ad7799","Emmepemme","5bf9b0c343196557d45fc4b6","6a9882a54e2033c0f99a1980","2026-09-02 16:23"
"[PEA]Arvanna","66a545e50035c093bfe072bd","Halikaru","5c357a953d925b4de42c816a","6a9882664e2033c0f99a1886","2026-09-02 16:23"
"Max","5f847db332173400011b50bb","Nils","69e06745452af952b85a7a1d","6a988496c233ce30e301bfb7","2026-09-02 16:23"
"danger","697ec2084f2fb1a1a48cb642","MaxJoker84","658c1a04945350bcd1f47aca","6a9884da1b64907bc9f41351","2026-09-02 16:24"
"Kiran","5fa6fdd8b45c67000133f43d","Synxzy","62b9d279343a6042acb35fe8","6a9883914e2033c0f99a1e2d","2026-09-02 16:24"
"spherical_cow","62b34fca140a13acdc6567df","Ruari","60258d7d36ff8a0001f5fef5","6a9884354e2033c0f99a20f7","2026-09-02 16:25"
"Dan YAile","60ef0697612a5400012c89a3","omigupta (YT)","62280387e7a8b70001576d3d","6a98853d4e2033c0f99a24a6","2026-09-02 16:26"
"BotsWannaBeMe","678d57b5624e9dc811ce9ca0","Conquistadorito","603801f090c95200017d047e","6a98849c1b64907bc9f4129c","2026-09-02 16:26"
"Ziga","5f864ab232173400011bd862","Pasord","6669c659ca16186b5a3dbc35","6a9884a91b64907bc9f412d1","2026-09-02 16:26"
"Hego♪","67930488dc684cc50b15c7bb","xSkoc5ek","655671213f0f1258895a0bb6","6a9885851b64907bc9f4156a","2026-09-02 16:26"
"Henrikk","622640b7cb9b530001598509","Fructidor","5e3712631e34a03504349945","6a988577c233ce30e301c1ea","2026-09-02 16:27"
"Maksonic","619d09bdc4ab7000016c68d3","Dissonans","60e09234213b0600019d912e","6a9885a41b64907bc9f415d0","2026-09-02 16:27"
"Dan YAile","60ef0697612a5400012c89a3","PLK","62179a5c8e88d400010d91ea","6a98856f352e41c58ec38653","2026-09-02 16:28"
"[PEA]Arvanna","66a545e50035c093bfe072bd","Halikaru","5c357a953d925b4de42c816a","6a9885ae4e2033c0f99a265f","2026-09-02 16:28"
"Conquistadorito","603801f090c95200017d047e","MaxJoker84","658c1a04945350bcd1f47aca","6a9886510e29e14d2e2fb1d0","2026-09-02 16:28"
"Bananaman","60c0e33a33004c000103bba5","iNS4NE","596fcdabcf818c83482add39","6a9884960e29e14d2e2fadf5","2026-09-02 16:29"
"omigupta (YT)","62280387e7a8b70001576d3d","zach","621783eaab08b80001371858","6a9886361b64907bc9f41853","2026-09-02 16:29"
"im recording my gameplay","6a437d2254319c3206c01eb9","Jeremi","6007886fcafc2e00011be9cd","6a9884ec4e2033c0f99a23b3","2026-09-02 16:30"
"PLK","62179a5c8e88d400010d91ea","Dissonans","60e09234213b0600019d912e","6a9886be4e2033c0f99a2a40","2026-09-02 16:31"
"Azuryne","61e444e727627e00010d0fcd","Ruari","60258d7d36ff8a0001f5fef5","6a98862f1b64907bc9f4183c","2026-09-02 16:31"
"BarryTheBee","62be7867aa13616722f8dd4a","Firma","5ff879f9ce04930001f6ee64","6a98842f116c521660717728","2026-09-02 16:32"
"Dan YAile","60ef0697612a5400012c89a3","sebastian","667d87ca8401bca3fee14649","6a9886b04e2033c0f99a2a07","2026-09-02 16:32"
"Hego♪","67930488dc684cc50b15c7bb","Ru1zly","655c487bb216af1c071c7cea","6a9886911b64907bc9f419b6","2026-09-02 16:32"
"鹰娥朗","628e0d478e5ef3a3ca163627","Fructidor","5e3712631e34a03504349945","6a9887811b64907bc9f41cf9","2026-09-02 16:33"
"Pasord","6669c659ca16186b5a3dbc35","kriszh","5922abce1bba700c703b0c00","6a98864e1b64907bc9f418cd","2026-09-02 16:33"
"Tottenhamwisps","60ad03a48b6e1d00012f8e7e","Kiran","5fa6fdd8b45c67000133f43d","6a9886064e2033c0f99a27be","2026-09-02 16:33"
"Kageyu","68ca96634b59728d6b0f739a","Conquistadorito","603801f090c95200017d047e","6a9886d02156dea247a00a3f","2026-09-02 16:34"
"zach","621783eaab08b80001371858","xSkoc5ek","655671213f0f1258895a0bb6","6a9887194e2033c0f99a2b83","2026-09-02 16:34"
"Bananaman","60c0e33a33004c000103bba5","iNS4NE","596fcdabcf818c83482add39","6a9886f94e2033c0f99a2b25","2026-09-02 16:35"
"MaxJoker84","658c1a04945350bcd1f47aca","Maksonic","619d09bdc4ab7000016c68d3","6a9886f61b4f66ee09c0e065","2026-09-02 16:35"
"Henrikk","622640b7cb9b530001598509","Shakazaramesh","5ef2945bbb96627c9ce5f63f","6a9886b81b64907bc9f41a2a","2026-09-02 16:36"
"Dissonans","60e09234213b0600019d912e","omigupta (YT)","62280387e7a8b70001576d3d","6a9887571b4f66ee09c0e13b","2026-09-02 16:36"
"im recording my gameplay","6a437d2254319c3206c01eb9","pas bon","6138c0b02041ad0001a01eae","6a98872e1b64907bc9f41bd5","2026-09-02 16:36"
"PLK","62179a5c8e88d400010d91ea","Felix.svb","6856986bb22dea4ae40a3d22","6a9887b983669b9ff9e46985","2026-09-02 16:37"
"Pasord","6669c659ca16186b5a3dbc35","Azuryne","61e444e727627e00010d0fcd","6a9888181b64907bc9f41ef2","2026-09-02 16:37"
"omigupta (YT)","62280387e7a8b70001576d3d","Dissonans","60e09234213b0600019d912e","6a9888984e2033c0f99a30ae","2026-09-02 16:37"
"Conquistadorito","603801f090c95200017d047e","GCU","69f74f7bd9284e0db0e2a65c","6a98882e352e41c58ec38c62","2026-09-02 16:37"
"kriszh","5922abce1bba700c703b0c00","Jrriddle","57a6214096ca6774b09dfc10","6a9888641b64907bc9f4201e","2026-09-02 16:38"
"Uqi","66e06b9b10076c158980f069","Fructidor","5e3712631e34a03504349945","6a9887eb4e2033c0f99a2e05","2026-09-02 16:38"
"[PEA]Arvanna","66a545e50035c093bfe072bd","Halikaru","5c357a953d925b4de42c816a","6a9887081b64907bc9f41b50","2026-09-02 16:38"
"kent","5fa7ab03b45c670001342904","sebastian","667d87ca8401bca3fee14649","6a9888444e2033c0f99a2f44","2026-09-02 16:39"
"iNS4NE","596fcdabcf818c83482add39","Bananaman","60c0e33a33004c000103bba5","6a98885b4e2033c0f99a2fa5","2026-09-02 16:39"
"Felix.svb","6856986bb22dea4ae40a3d22","kober","67ad18a09e150413a5e6fa66","6a9888db4e2033c0f99a3160","2026-09-02 16:39"
"Dissonans","60e09234213b0600019d912e","omigupta (YT)","62280387e7a8b70001576d3d","6a9888f41b64907bc9f421db","2026-09-02 16:39"
"Hego♪","67930488dc684cc50b15c7bb","zach","621783eaab08b80001371858","6a9888901b4f66ee09c0e402","2026-09-02 16:39"
"Victor","67822dd7ca228d1e49a1a611","zach","621783eaab08b80001371858","6a9888704e2033c0f99a301a","2026-09-02 16:39"
"Sityqwai","5dc9b82ae9473f3ff8ad7799","Thomas4183b","60194a73ccb73b00018edf77","6a98861d5e32ce896832c8c2","2026-09-02 16:40"
"Maksonic","619d09bdc4ab7000016c68d3","kober","67ad18a09e150413a5e6fa66","6a9888c2116c52166071850a","2026-09-02 16:40"
"irrational","65ba97ce8b2ba0c747ffa3b7","Emmepemme","5bf9b0c343196557d45fc4b6","6a9885c44e2033c0f99a26b2","2026-09-02 16:40"
"Sez","603a32fb3d893e0001bddebd","Jrriddle","57a6214096ca6774b09dfc10","6a988917116c5216607185d8","2026-09-02 16:40"
"Dissonans","60e09234213b0600019d912e","zach","621783eaab08b80001371858","6a9889674e2033c0f99a33ae","2026-09-02 16:41"
"Hego♪","67930488dc684cc50b15c7bb","zach","621783eaab08b80001371858","6a9889611b64907bc9f4239b","2026-09-02 16:41"
"sebastian","667d87ca8401bca3fee14649","kober","67ad18a09e150413a5e6fa66","6a9889694e2033c0f99a33b6","2026-09-02 16:42"
"朋友是一个坚韧不拔的纪录片， 在香港这座城市的设置。","65de536fb77f430b929240f3","omigupta (YT)","62280387e7a8b70001576d3d","6a98897e116c5216607186f8","2026-09-02 16:42"
"Azuryne","61e444e727627e00010d0fcd","Pasord","6669c659ca16186b5a3dbc35","6a9888d84e2033c0f99a3152","2026-09-02 16:42"
"Uqi","66e06b9b10076c158980f069","PLK","62179a5c8e88d400010d91ea","6a98892cc233ce30e301c9a4","2026-09-02 16:43"
"Kageyu","68ca96634b59728d6b0f739a","Jrriddle","57a6214096ca6774b09dfc10","6a9889891b64907bc9f42432","2026-09-02 16:43"
"Palmitas","6996dba3740f6563cda3ee30","Kiran","5fa6fdd8b45c67000133f43d","6a9889361b64907bc9f42302","2026-09-02 16:43"
"Bananaman","60c0e33a33004c000103bba5","kent","5fa7ab03b45c670001342904","6a9889604e2033c0f99a3366","2026-09-02 16:44"
"kober","67ad18a09e150413a5e6fa66","Dissonans","60e09234213b0600019d912e","6a9889b11b64907bc9f42493","2026-09-02 16:45"
"[PEA]Arvanna","66a545e50035c093bfe072bd","Victor","67822dd7ca228d1e49a1a611","6a9889411b4f66ee09c0e5f0","2026-09-02 16:45"
"kriszh","5922abce1bba700c703b0c00","Fructidor","5e3712631e34a03504349945","6a9889331b64907bc9f422f7","2026-09-02 16:46"
"Pasord","6669c659ca16186b5a3dbc35","Palmitas","69b33a815634cc416b9c7877","6a988a1e352e41c58ec390a2","2026-09-02 16:46"
"Shakazaramesh","5ef2945bbb96627c9ce5f63f","Henrikk","622640b7cb9b530001598509","6a9888961b64907bc9f420b3","2026-09-02 16:46"
"Jrriddle","57a6214096ca6774b09dfc10","Kiran","5fa6fdd8b45c67000133f43d","6a988a541b64907bc9f426d7","2026-09-02 16:46"
"Uqi","66e06b9b10076c158980f069","kober","67ad18a09e150413a5e6fa66","6a988a2d1b64907bc9f42654","2026-09-02 16:47"
"Maksonic","619d09bdc4ab7000016c68d3","Incomplet","6328da1f7f518e8bf2fd4335","6a9889e61b64907bc9f42573","2026-09-02 16:48"
"omigupta (YT)","62280387e7a8b70001576d3d","PLK","62179a5c8e88d400010d91ea","6a988a541b64907bc9f426d4","2026-09-02 16:48"
"Anonymous","62517d69bf2d9b52f4682c70","curiosity","5bc76c7dfdd59823e4fb3ff5","6a988ace1b64907bc9f428e0","2026-09-02 16:48"
"sebastian","667d87ca8401bca3fee14649","kober","67ad18a09e150413a5e6fa66","6a988a9f454bcbf39fe106d6","2026-09-02 16:49"
"Uqi","66e06b9b10076c158980f069","kober","67ad18a09e150413a5e6fa66","6a988b241b64907bc9f42a3e","2026-09-02 16:49"
"Henrikk","622640b7cb9b530001598509","Pasord","6669c659ca16186b5a3dbc35","6a988aee4e2033c0f99a3941","2026-09-02 16:49"
"Dissonans","60e09234213b0600019d912e","Palaina10","59c07c57d8fe1d4b90bd25aa","6a988a9b4e2033c0f99a37dc","2026-09-02 16:49"
"Erik.DL","64caea899c1426306f701b23","annamalie","62e675b9406c4a3494ea4be1","6a988af65112a71d02e0a296","2026-09-02 16:49"
"Fructidor","5e3712631e34a03504349945","ThomasThTrain","5fdcf2d89f206900016dc4d2","6a988b5f1b64907bc9f42b1a","2026-09-02 16:50"
"Anonymous","62517d69bf2d9b52f4682c70","curiosity","5bc76c7dfdd59823e4fb3ff5","6a988b594e2033c0f99a3baf","2026-09-02 16:51"
"Halikaru","5c357a953d925b4de42c816a","RuralQuay427","67afb8f9170e41f8f611a20a","6a98893c4e2033c0f99a32e6","2026-09-02 16:51"
"iNS4NE","596fcdabcf818c83482add39","Mathias","650a2d21361d5316c35b4efe","6a98895f4e2033c0f99a335f","2026-09-02 16:52"
"kent","5fa7ab03b45c670001342904","Bananaman","60c0e33a33004c000103bba5","6a988a724e2033c0f99a3753","2026-09-02 16:52"
"Uqi","66e06b9b10076c158980f069","kober","67ad18a09e150413a5e6fa66","6a988bb71b4f66ee09c0ebe8","2026-09-02 16:52"
"Palmitas","69b33a815634cc416b9c7877","Shakazaramesh","5ef2945bbb96627c9ce5f63f","6a988b481b4f66ee09c0eae7","2026-09-02 16:52"
"Kageyu","68ca96634b59728d6b0f739a","Sez","603a32fb3d893e0001bddebd","6a988af24e2033c0f99a3968","2026-09-02 16:52"
"Thomas4183b","60194a73ccb73b00018edf77","Bouman","66f6e27efd3996cffce4e9ab","6a9889aa116c521660718758","2026-09-02 16:52"
"Żukasz","602cfd5dc397fa0001f09dfb","curiosity","5bc76c7dfdd59823e4fb3ff5","6a988c05116c521660718e49","2026-09-02 16:52"
"Jrriddle","57a6214096ca6774b09dfc10","Alee 🏍","605b8e2563c4b80001a89321","6a988b1483669b9ff9e471b4","2026-09-02 16:52"
"Erik.DL","64caea899c1426306f701b23","Chef_f","6229e38301c5e00001a0455f","6a988bd31b64907bc9f42d03","2026-09-02 16:53"
"Uqi","66e06b9b10076c158980f069","kober","67ad18a09e150413a5e6fa66","6a988c86116c521660718f9c","2026-09-02 16:54"
"Dissonans","60e09234213b0600019d912e","Incomplet","6328da1f7f518e8bf2fd4335","6a988b9f2156dea247a01494","2026-09-02 16:55"
"Żukasz","602cfd5dc397fa0001f09dfb","orbit","614f3131d8a93e000164741a","6a988c60116c521660718f30","2026-09-02 16:55"
"[PEA]Arvanna","66a545e50035c093bfe072bd","Fifonż","62a47f05cc33a10539b724eb","6a988af74e2033c0f99a3980","2026-09-02 16:56"
"emshanoff","60a55176895a250001d9e2d8","kober","67ad18a09e150413a5e6fa66","6a988d07eb6b223f89b98cbb","2026-09-02 16:57"
"Sityqwai","5dc9b82ae9473f3ff8ad7799","Emmepemme","5bf9b0c343196557d45fc4b6","6a98899e4e2033c0f99a347b","2026-09-02 16:57"
"Conquistadorito","603801f090c95200017d047e","いぶりー ivly","6578df649b50a29c7d4112a0","6a9888ea1b64907bc9f421a7","2026-09-02 16:57"
"GeoKitten :3","6a60cb66561c205d0831e2ad","Shakazaramesh","5ef2945bbb96627c9ce5f63f","6a988c464e2033c0f99a3fdb","2026-09-02 16:58"
"kent","5fa7ab03b45c670001342904","Bananaman","60c0e33a33004c000103bba5","6a988c481b64907bc9f42f4e","2026-09-02 16:59"
"Uqi","66e06b9b10076c158980f069","emshanoff","60a55176895a250001d9e2d8","6a988da3454bcbf39fe10ed1","2026-09-02 16:59"
"PLK","62179a5c8e88d400010d91ea","Dissonans","60e09234213b0600019d912e","6a988d4e1b64907bc9f4335a","2026-09-02 16:59"
"iNS4NE","596fcdabcf818c83482add39","Mathias","650a2d21361d5316c35b4efe","6a988c714e2033c0f99a4077","2026-09-02 17:00"
"Pasord","6669c659ca16186b5a3dbc35","Henrikk","622640b7cb9b530001598509","6a988bc34e2033c0f99a3de9","2026-09-02 17:00"
"Palmitas","69b33a815634cc416b9c7877","sk 愛","666b76089d20c1dd39ec810c","6a988c484e2033c0f99a3fe6","2026-09-02 17:01"
"emshanoff","60a55176895a250001d9e2d8","kober","67ad18a09e150413a5e6fa66","6a988d07eb6b223f89b98cbb","2026-09-02 17:01"
"PLK","62179a5c8e88d400010d91ea","Dissonans","60e09234213b0600019d912e","6a988de54e2033c0f99a45d8","2026-09-02 17:02"
"Anonymous","62517d69bf2d9b52f4682c70","Sez","603a32fb3d893e0001bddebd","6a988dd64e2033c0f99a45ab","2026-09-02 17:02"
"朋友是一个坚韧不拔的纪录片， 在香港这座城市的设置。","65de536fb77f430b929240f3","kober","67ad18a09e150413a5e6fa66","6a988dbf4e2033c0f99a455e","2026-09-02 17:03"
"Żukasz","602cfd5dc397fa0001f09dfb","Jeremi","6007886fcafc2e00011be9cd","6a988d0c4e2033c0f99a42dc","2026-09-02 17:03"
"CoolSteppe418","663a2209423c111113d17146","Erik.DL","64caea899c1426306f701b23","6a988ca74e2033c0f99a4152","2026-09-02 17:03"
"curiosity","5bc76c7dfdd59823e4fb3ff5","NorthKoreaEnjoyer","6a5776b9557fa0b8070897d7","6a988e2d1b64907bc9f43613","2026-09-02 17:03"
"emshanoff","60a55176895a250001d9e2d8","Uqi","66e06b9b10076c158980f069","6a988e26116c521660719458","2026-09-02 17:04"
"Kageyu","68ca96634b59728d6b0f739a","[PEA]Arvanna","66a545e50035c093bfe072bd","6a988d632156dea247a0196d","2026-09-02 17:04"
"teddy bear","66f081f2bf4b230a2fcb970c","Kiran","5fa6fdd8b45c67000133f43d","6a988ea71b4f66ee09c0f355","2026-09-02 17:04"
"Palmitas","69b33a815634cc416b9c7877","Henrikk","622640b7cb9b530001598509","6a988e96f228cebeeb0cd260","2026-09-02 17:05"
"Pasord","6669c659ca16186b5a3dbc35","Tottenhamwisps","60ad03a48b6e1d00012f8e7e","6a988e534e2033c0f99a4736","2026-09-02 17:06"
"Shakazaramesh","5ef2945bbb96627c9ce5f63f","Jrriddle","57a6214096ca6774b09dfc10","6a988e494e2033c0f99a4714","2026-09-02 17:06"
"Palaina10","59c07c57d8fe1d4b90bd25aa","kober","67ad18a09e150413a5e6fa66","6a988e81352e41c58ec39af9","2026-09-02 17:06"
"Uqi","66e06b9b10076c158980f069","PLK","62179a5c8e88d400010d91ea","6a988f394e2033c0f99a4bad","2026-09-02 17:07"
"Anonymous","62517d69bf2d9b52f4682c70","Erik.DL","64caea899c1426306f701b23","6a988ee71b64907bc9f4388c","2026-09-02 17:07"
"curiosity","5bc76c7dfdd59823e4fb3ff5","Kiran","5fa6fdd8b45c67000133f43d","6a988f264e2033c0f99a4b63","2026-09-02 17:07"
"teddy bear","66f081f2bf4b230a2fcb970c","Dissonans","60e09234213b0600019d912e","6a988faf1b64907bc9f43b37","2026-09-02 17:09"
"PLK","62179a5c8e88d400010d91ea","kober","67ad18a09e150413a5e6fa66","6a988fe6116c521660719a63","2026-09-02 17:11"
"iNS4NE","596fcdabcf818c83482add39","Bananaman","60c0e33a33004c000103bba5","6a988e5e1b4f66ee09c0f273","2026-09-02 17:12"
"Emmepemme","5bf9b0c343196557d45fc4b6","RuralQuay427","67afb8f9170e41f8f611a20a","6a988dd04e2033c0f99a459e","2026-09-02 17:12"
"Conquistadorito","603801f090c95200017d047e","Fifonż","62a47f05cc33a10539b724eb","6a988df61b64907bc9f43564","2026-09-02 17:12"
"Anonymous","62517d69bf2d9b52f4682c70","Erik.DL","64caea899c1426306f701b23","6a988ff25e32ce896832e001","2026-09-02 17:12"
"Jeremi","6007886fcafc2e00011be9cd","Alemão(Retired 4Ever)","670f839c4f58c8c7b975c4fe","6a98903c116c521660719b42","2026-09-02 17:12"
"PLK","62179a5c8e88d400010d91ea","Uqi","66e06b9b10076c158980f069","6a9890b44e2033c0f99a51fa","2026-09-02 17:13"
"curiosity","5bc76c7dfdd59823e4fb3ff5","kober","67ad18a09e150413a5e6fa66","6a9890074e2033c0f99a4ec8","2026-09-02 17:13"
"kent","5fa7ab03b45c670001342904","wang","64df30f334185dd27cf839a7","6a988f63116c52166071988c","2026-09-02 17:14"
"kober","67ad18a09e150413a5e6fa66","朋友是一个坚韧不拔的纪录片， 在香港这座城市的设置。","65de536fb77f430b929240f3","6a9890cc4e2033c0f99a5252","2026-09-02 17:14"
"Tottenhamwisps","60ad03a48b6e1d00012f8e7e","Pasord","6669c659ca16186b5a3dbc35","6a988fa84e2033c0f99a4d87","2026-09-02 17:14"
"[PEA]Arvanna","66a545e50035c093bfe072bd","Jrriddle","57a6214096ca6774b09dfc10","6a988f904e2033c0f99a4cca","2026-09-02 17:14"
"BZH","5d91e75b1d19ab650c37bd19","Band1to","5fdd32c7df0cf800017ddf6d","6a988efd5e32ce896832ddf4","2026-09-02 17:14"
"Kuchen","633e8c870607afb40b3322f6","eladio","6594e77717360fe0d27e44d5","6a988f6c1b64907bc9f43a77","2026-09-02 17:15"
"Henrikk","622640b7cb9b530001598509","Shakazaramesh","5ef2945bbb96627c9ce5f63f","6a988fcf1b64907bc9f43b93","2026-09-02 17:16"
"Uqi","66e06b9b10076c158980f069","Avandy","60c3535133004c00010451a3","6a9891751b64907bc9f44050","2026-09-02 17:17"
"Dissonans","60e09234213b0600019d912e","teddy bear","66f081f2bf4b230a2fcb970c","6a9890ae83669b9ff9e48094","2026-09-02 17:17"
"Mati_01","626d0e7318005f1f25a53151","PLK","62179a5c8e88d400010d91ea","6a98915f1b64907bc9f4401a","2026-09-02 17:18"
"Palmitas","69b33a815634cc416b9c7877","kriszh","5922abce1bba700c703b0c00","6a9890ab4e2033c0f99a51dd","2026-09-02 17:19"
"Mr. Bastuaggregat","5ada37ab582de2514cbb19d8","BotsWannaBeMe","678d57b5624e9dc811ce9ca0","6a988d691b64907bc9f433b7","2026-09-02 17:19"
"Rihanna's alt","6a3c2f99fe770b27148e8436","GeoKitten :3","6a60cb66561c205d0831e2ad","6a98917f5e32ce896832e2eb","2026-09-02 17:20"
"Henrikk","622640b7cb9b530001598509","kober","67ad18a09e150413a5e6fa66","6a98920a1b64907bc9f4419c","2026-09-02 17:20"
"Jeremi","6007886fcafc2e00011be9cd","Jrriddle","57a6214096ca6774b09dfc10","6a9891894e2033c0f99a54d1","2026-09-02 17:20"
"Erik.DL","64caea899c1426306f701b23","burritoenjoye69","6495a50b2872ef45875a5eb2","6a98924d4e2033c0f99a56fb","2026-09-02 17:20"
"PLK","62179a5c8e88d400010d91ea","Avandy","60c3535133004c00010451a3","6a989288116c52166071a01d","2026-09-02 17:21"
"朋友是一个坚韧不拔的纪录片， 在香港这座城市的设置。","65de536fb77f430b929240f3","kober","67ad18a09e150413a5e6fa66","6a9891b04e2033c0f99a5534","2026-09-02 17:21"
"kober","67ad18a09e150413a5e6fa66","Dissonans","60e09234213b0600019d912e","6a989304c233ce30e301df4e","2026-09-02 17:22"
"Uqi","66e06b9b10076c158980f069","Albanian Guy","58796ade8b9ff486d81bbad5","6a9892481b4f66ee09c0fc20","2026-09-02 17:23"
"iNS4NE","596fcdabcf818c83482add39","kent","5fa7ab03b45c670001342904","6a9891d34e2033c0f99a559a","2026-09-02 17:24"
"eladio","6594e77717360fe0d27e44d5","Kuchen","633e8c870607afb40b3322f6","6a9891b91b64907bc9f440e2","2026-09-02 17:24"
"kober","67ad18a09e150413a5e6fa66","Dissonans","60e09234213b0600019d912e","6a9893964e2033c0f99a5b82","2026-09-02 17:24"
"Rihanna's alt","6a3c2f99fe770b27148e8436","GeoKitten :3","6a60cb66561c205d0831e2ad","6a9893175e32ce896832e6a5","2026-09-02 17:26"
"BZH","5d91e75b1d19ab650c37bd19","[PEA]Arvanna","66a545e50035c093bfe072bd","6a9891b94e2033c0f99a5549","2026-09-02 17:26"
"PLK","62179a5c8e88d400010d91ea","kober","67ad18a09e150413a5e6fa66","6a98933b4e2033c0f99a5a65","2026-09-02 17:27"
"kober","67ad18a09e150413a5e6fa66","Dissonans","60e09234213b0600019d912e","6a9893fb4e2033c0f99a5d47","2026-09-02 17:27"
"Palmitas","69b33a815634cc416b9c7877","Shakazaramesh","5ef2945bbb96627c9ce5f63f","6a9892e74e2033c0f99a58c3","2026-09-02 17:28"
"PLK","62179a5c8e88d400010d91ea","mint","67bf13b90a45adc3b2e1c725","6a9894854e2033c0f99a5f80","2026-09-02 17:29"
"kober","67ad18a09e150413a5e6fa66","Dissonans","60e09234213b0600019d912e","6a9894a64e2033c0f99a5fed","2026-09-02 17:29"
"LeBron James of Geoguessr","58ba5dff0eac7223846496ea","habesh","647734d056305f7bf5561a4e","6a9892d94e2033c0f99a5895","2026-09-02 17:29"
"Anonymous","62517d69bf2d9b52f4682c70","Unplayable","690b3774653c4fdcfc395260","6a9894f9352e41c58ec3a9e7","2026-09-02 17:30"
"Palmitas","69b33a815634cc416b9c7877","mint","67bf13b90a45adc3b2e1c725","6a9894f84e2033c0f99a618e","2026-09-02 17:31"
"penjajah","6031d1fcf16b5b0001fa54b0","Albanian Guy","58796ade8b9ff486d81bbad5","6a98942f4e2033c0f99a5e13","2026-09-02 17:31"
"kober","67ad18a09e150413a5e6fa66","PLK","62179a5c8e88d400010d91ea","6a9895104e2033c0f99a61c8","2026-09-02 17:31"
"朋友是一个坚韧不拔的纪录片， 在香港这座城市的设置。","65de536fb77f430b929240f3","Avandy","60c3535133004c00010451a3","6a98938b4e2033c0f99a5b60","2026-09-02 17:32"
"Emmepemme","5bf9b0c343196557d45fc4b6","Conquistadorito","603801f090c95200017d047e","6a98912e116c521660719d8d","2026-09-02 17:32"
"SteelyYolo","6439fe9890664def4616aaf5","Drauzy","5fddb9ea8d6c2b0001189f0e","6a989410116c52166071a464","2026-09-02 17:32"
"Albanian Guy","58796ade8b9ff486d81bbad5","kober","67ad18a09e150413a5e6fa66","6a9895ae4e2033c0f99a6404","2026-09-02 17:34"
"kent","5fa7ab03b45c670001342904","iNS4NE","596fcdabcf818c83482add39","6a98945a116c52166071a523","2026-09-02 17:35"
"Rihanna's alt","6a3c2f99fe770b27148e8436","GeoKitten :3","6a60cb66561c205d0831e2ad","6a98946d116c52166071a566","2026-09-02 17:35"
"Shakazaramesh","5ef2945bbb96627c9ce5f63f","Yiğit Onur","628a020c86224535a595335f","6a9894bf116c52166071a607","2026-09-02 17:35"
"mint","67bf13b90a45adc3b2e1c725","Palmitas","69b33a815634cc416b9c7877","6a98957e4e2033c0f99a635a","2026-09-02 17:36"
"Albanian Guy","58796ade8b9ff486d81bbad5","kober","67ad18a09e150413a5e6fa66","6a9895ae4e2033c0f99a6404","2026-09-02 17:36"
"Rapanui","56b34d54f0f54423887879e3","Dissonans","60e09234213b0600019d912e","6a9895204e2033c0f99a61ed","2026-09-02 17:36"
"Conquistadorito","603801f090c95200017d047e","PANDA","6874e2f8ef3960e599abae7c","6a9895b84e2033c0f99a642a","2026-09-02 17:37"
"Erik.DL","64caea899c1426306f701b23","Kiran","5fa6fdd8b45c67000133f43d","6a9896261b64907bc9f44e5f","2026-09-02 17:37"
"PLK","62179a5c8e88d400010d91ea","kober","67ad18a09e150413a5e6fa66","6a9896be4e2033c0f99a6833","2026-09-02 17:39"
"kriszh","5922abce1bba700c703b0c00","eladio","6594e77717360fe0d27e44d5","6a9894031b64907bc9f446ca","2026-09-02 17:39"
"PLK","62179a5c8e88d400010d91ea","kober","67ad18a09e150413a5e6fa66","6a9896be4e2033c0f99a6833","2026-09-02 17:39"
"Lurkki","673dfa9f10797c20bc6721e9","Jeremi","6007886fcafc2e00011be9cd","6a9896321b64907bc9f44e7e","2026-09-02 17:39"
"Avandy","60c3535133004c00010451a3","Albanian Guy","58796ade8b9ff486d81bbad5","6a9896654e2033c0f99a66af","2026-09-02 17:40"
"habesh","647734d056305f7bf5561a4e","LeBron James of Geoguessr","58ba5dff0eac7223846496ea","6a9895824e2033c0f99a6371","2026-09-02 17:40"
"Yiğit Onur","628a020c86224535a595335f","GeoKitten :3","6a60cb66561c205d0831e2ad","6a98965e1b64907bc9f44f30","2026-09-02 17:40"
"Erik.DL","64caea899c1426306f701b23","Unplayable","690b3774653c4fdcfc395260","6a9897154e2033c0f99a69b1","2026-09-02 17:40"
"Palmitas","69b33a815634cc416b9c7877","mint","67bf13b90a45adc3b2e1c725","6a98974f116c52166071ade4","2026-09-02 17:41"
"朋友是一个坚韧不拔的纪录片， 在香港这座城市的设置。","65de536fb77f430b929240f3","kober","67ad18a09e150413a5e6fa66","6a9897625b3523e1341a37b9","2026-09-02 17:41"
"Ayli","6381e9f58453af043b2f4206","MattD58","60057aa56027c000019c3ce5","6a98974b4e2033c0f99a6b02","2026-09-02 17:41"
"iNS4NE","596fcdabcf818c83482add39","kent","5fa7ab03b45c670001342904","6a989653116c52166071aad3","2026-09-02 17:42"
"Dissonans","60e09234213b0600019d912e","NorthKoreaEnjoyer","6a5776b9557fa0b8070897d7","6a98968f4e2033c0f99a6784","2026-09-02 17:42"
"BZH","5d91e75b1d19ab650c37bd19","rafa_31","5f2f13cef9d058000138adaf","6a9894734e2033c0f99a5f4c","2026-09-02 17:42"
"PLK","62179a5c8e88d400010d91ea","kober","67ad18a09e150413a5e6fa66","6a98974c352e41c58ec3b090","2026-09-02 17:44"
"Palmitas","69b33a815634cc416b9c7877","朋友是一个坚韧不拔的纪录片， 在香港这座城市的设置。","65de536fb77f430b929240f3","6a9897dd83669b9ff9e49176","2026-09-02 17:46"
"Albanian Guy","58796ade8b9ff486d81bbad5","kober","67ad18a09e150413a5e6fa66","6a9897d94e2033c0f99a6d74","2026-09-02 17:46"
"kober","67ad18a09e150413a5e6fa66","PLK","62179a5c8e88d400010d91ea","6a9898844e2033c0f99a6fb1","2026-09-02 17:46"
"Nettspend","67a7ed6d607e54ae2aa7a9e5","Chronos","669fcc63ac0994d88711144c","6a9897de116c52166071af82","2026-09-02 17:46"
"BZH","5d91e75b1d19ab650c37bd19","Kiran","5fa6fdd8b45c67000133f43d","6a9898644e2033c0f99a6f30","2026-09-02 17:46"
"Erik.DL","64caea899c1426306f701b23","M0vER2cK","6a3980146e586fb5631aa45a","6a9897a81b64907bc9f45569","2026-09-02 17:46"
"MARLON","676d5a15801d2d75f4d6d09e","kriszh","5922abce1bba700c703b0c00","6a9898304e2033c0f99a6e93","2026-09-02 17:47"
"GeoKitten :3","6a60cb66561c205d0831e2ad","Yiğit Onur","628a020c86224535a595335f","6a9897811b64907bc9f45505","2026-09-02 17:47"
"Jeremi","6007886fcafc2e00011be9cd","Anonymous","62517d69bf2d9b52f4682c70","6a9897574e2033c0f99a6b7a","2026-09-02 17:47"
"eladio","6594e77717360fe0d27e44d5","mint","67bf13b90a45adc3b2e1c725","6a98980f1b64907bc9f45676","2026-09-02 17:48"
"Ayli","6381e9f58453af043b2f4206","MattD58","60057aa56027c000019c3ce5","6a9897e6116c52166071af97","2026-09-02 17:48"
"PLK","62179a5c8e88d400010d91ea","Jonas","661ad4c4073f663c21b57fe6","6a9898fd1b64907bc9f459cb","2026-09-02 17:50"
"kober","67ad18a09e150413a5e6fa66","朋友是一个坚韧不拔的纪录片， 在香港这座城市的设置。","65de536fb77f430b929240f3","6a9899114e2033c0f99a71b6","2026-09-02 17:50"
"GeoKitten :3","6a60cb66561c205d0831e2ad","Palmitas","69b33a815634cc416b9c7877","6a9899691b64907bc9f45b74","2026-09-02 17:50"
"PANDA","6874e2f8ef3960e599abae7c","LeBron James of Geoguessr","58ba5dff0eac7223846496ea","6a9898e54e2033c0f99a7130","2026-09-02 17:50"
"rileyrhino","641248c0330b8c5355f5a56f","mint","67bf13b90a45adc3b2e1c725","6a98999b4e2033c0f99a736c","2026-09-02 17:51"
"Erik.DL","64caea899c1426306f701b23","Jeremi","6007886fcafc2e00011be9cd","6a989927454bcbf39fe128de","2026-09-02 17:51"
"Ayli","6381e9f58453af043b2f4206","MattD58","60057aa56027c000019c3ce5","6a9899aa1b64907bc9f45c92","2026-09-02 17:52"
"kober","67ad18a09e150413a5e6fa66","Albanian Guy","58796ade8b9ff486d81bbad5","6a98995f4e2033c0f99a72a8","2026-09-02 17:53"
"BZH","5d91e75b1d19ab650c37bd19","Norbiertusz","623df08fb17af4cb711a7b38","6a98994a4e2033c0f99a725c","2026-09-02 17:53"
"eladio","6594e77717360fe0d27e44d5","kriszh","5922abce1bba700c703b0c00","6a98999c1b64907bc9f45c57","2026-09-02 17:54"
"kober","67ad18a09e150413a5e6fa66","PLK","62179a5c8e88d400010d91ea","6a989a0d116c52166071b58b","2026-09-02 17:54"
"MARLON","676d5a15801d2d75f4d6d09e","mint","67bf13b90a45adc3b2e1c725","6a989a8e4e2033c0f99a76c2","2026-09-02 17:54"
"Jonas","661ad4c4073f663c21b57fe6","朋友是一个坚韧不拔的纪录片， 在香港这座城市的设置。","65de536fb77f430b929240f3","6a989a044e2033c0f99a7506","2026-09-02 17:54"
"kober","67ad18a09e150413a5e6fa66","Albanian Guy","58796ade8b9ff486d81bbad5","6a989aa71b64907bc9f4601e","2026-09-02 17:55"
"GeoKitten :3","6a60cb66561c205d0831e2ad","Pasord","6669c659ca16186b5a3dbc35","6a989a6b4e2033c0f99a764e","2026-09-02 17:55"
"Jeremi","6007886fcafc2e00011be9cd","Jas","6011f79736fafa00014be126","6a989a5a4e2033c0f99a761e","2026-09-02 17:55"
"[PEA]Arvanna","66a545e50035c093bfe072bd","Emmepemme","5bf9b0c343196557d45fc4b6","6a9898334e2033c0f99a6ea0","2026-09-02 17:56"
"OscarPiastriTheGoat","6a7e397d7c47f2efb3dc7f2f","Bryceb16","62301c7b4f969600019a57b4","6a989ace1b64907bc9f46081","2026-09-02 17:56"
"rileyrhino","641248c0330b8c5355f5a56f","Palmitas","69b33a815634cc416b9c7877","6a989a774e2033c0f99a7670","2026-09-02 17:57"
"Giancarlo Esposito","68e85bdb3f2cbbe915cbcd3d","mint","67bf13b90a45adc3b2e1c725","6a989b091b64907bc9f46118","2026-09-02 17:57"
"kober","67ad18a09e150413a5e6fa66","PLK","62179a5c8e88d400010d91ea","6a989ace83669b9ff9e4989e","2026-09-02 17:57"
"Ayli","6381e9f58453af043b2f4206","Dissonans","60e09234213b0600019d912e","6a989a6a4e2033c0f99a764b","2026-09-02 17:58"
"NorthKoreaEnjoyer","6a5776b9557fa0b8070897d7","Nettspend","67a7ed6d607e54ae2aa7a9e5","6a989a1a4e2033c0f99a754d","2026-09-02 17:58"
"klingemann","67e8571421527a17dfbc69d4","ThiiagooAC7","66a13c3e99166dab91896702","6a9899e81b64907bc9f45d6d","2026-09-02 17:59"
"GeoKitten :3","6a60cb66561c205d0831e2ad","Palmitas","69b33a815634cc416b9c7877","6a989bb71b64907bc9f463f8","2026-09-02 18:00"
"Erik.DL","64caea899c1426306f701b23","BZH","5d91e75b1d19ab650c37bd19","6a989af91b64907bc9f460ef","2026-09-02 18:00"
"NorthKoreaEnjoyer","6a5776b9557fa0b8070897d7","Dissonans","60e09234213b0600019d912e","6a989bda116c52166071ba77","2026-09-02 18:00"
"PLK","62179a5c8e88d400010d91ea","mint","67bf13b90a45adc3b2e1c725","6a989bd14e2033c0f99a7b48","2026-09-02 18:01"
"PANDA","6874e2f8ef3960e599abae7c","LeBron James of Geoguessr","58ba5dff0eac7223846496ea","6a989a551b64907bc9f45f00","2026-09-02 18:01"
"OscarPiastriTheGoat","6a7e397d7c47f2efb3dc7f2f","Rubengc1987","5ed63c3693122b841c1a7b72","6a989b46352e41c58ec3b9dd","2026-09-02 18:01"
"Emmepemme","5bf9b0c343196557d45fc4b6"," Nils","5dded20d13777ca6b891ecd2","6a989bb24e2033c0f99a7aea","2026-09-02 18:02"
"Erik.DL","64caea899c1426306f701b23","ThiiagooAC7","66a13c3e99166dab91896702","6a989c9c352e41c58ec3bcc0","2026-09-02 18:02"
"klingemann","67e8571421527a17dfbc69d4","Ayli","6381e9f58453af043b2f4206","6a989c081b64907bc9f4652f","2026-09-02 18:03"
"Dissonans","60e09234213b0600019d912e","Baron","693f6bdc3353aee359a84f82","6a989c5e4e2033c0f99a7d51","2026-09-02 18:03"
"Albanian Guy","58796ade8b9ff486d81bbad5","Jonas","661ad4c4073f663c21b57fe6","6a989b3e4e2033c0f99a7945","2026-09-02 18:04"
"朋友是一个坚韧不拔的纪录片， 在香港这座城市的设置。","65de536fb77f430b929240f3","MARLON","676d5a15801d2d75f4d6d09e","6a989afa116c52166071b7cd","2026-09-02 18:04"
"[PEA]Arvanna","66a545e50035c093bfe072bd","Jeremi","6007886fcafc2e00011be9cd","6a989b831b64907bc9f462fd","2026-09-02 18:04"
"sebastian","667d87ca8401bca3fee14649","PLK","62179a5c8e88d400010d91ea","6a989c71116c52166071bbd0","2026-09-02 18:05"
"Dissonans","60e09234213b0600019d912e","Baron","693f6bdc3353aee359a84f82","6a989d09116c52166071bd29","2026-09-02 18:05"
"NorthKoreaEnjoyer","6a5776b9557fa0b8070897d7","BZH","5d91e75b1d19ab650c37bd19","6a989c604e2033c0f99a7d5c","2026-09-02 18:06"
"朋友是一个坚韧不拔的纪录片， 在香港这座城市的设置。","65de536fb77f430b929240f3","GeoKitten :3","6a60cb66561c205d0831e2ad","6a989d3c4e2033c0f99a7ffa","2026-09-02 18:07"
"Jonas","661ad4c4073f663c21b57fe6","PLK","62179a5c8e88d400010d91ea","6a989d5e1b64907bc9f4695f","2026-09-02 18:08"
"OscarPiastriTheGoat","6a7e397d7c47f2efb3dc7f2f","Knickerbocker1102","60037065272d450001a9ef27","6a989c894e2033c0f99a7de2","2026-09-02 18:08"
"rileyrhino","641248c0330b8c5355f5a56f","BarryTheBee","62be7867aa13616722f8dd4a","6a989cda1b64907bc9f467ad","2026-09-02 18:09"
"[PEA]Arvanna","66a545e50035c093bfe072bd","Jeremi","6007886fcafc2e00011be9cd","6a989d5e1b64907bc9f46960","2026-09-02 18:10"
"NorthKoreaEnjoyer","6a5776b9557fa0b8070897d7","Dissonans","60e09234213b0600019d912e","6a989dc1116c52166071bed8","2026-09-02 18:10"
"penjajah","6031d1fcf16b5b0001fa54b0","PLK","62179a5c8e88d400010d91ea","6a989e2b4e2033c0f99a82d8","2026-09-02 18:11"
"Zuepp","601458985acffb00015bd0d5","Dissonans","60e09234213b0600019d912e","6a989e904e2033c0f99a8403","2026-09-02 18:11"
"OscarPiastriTheGoat","6a7e397d7c47f2efb3dc7f2f","DJAdryan","61006c1f12eb690001107ec4","6a989e601b64907bc9f46c7f","2026-09-02 18:11"
"penjajah","6031d1fcf16b5b0001fa54b0","PLK","62179a5c8e88d400010d91ea","6a989e2b4e2033c0f99a82d8","2026-09-02 18:12"
"Ayli","6381e9f58453af043b2f4206","Simon","618c08f44aa4e100015f9559","6a989e154e2033c0f99a827c","2026-09-02 18:13"
"Dissonans","60e09234213b0600019d912e","Baron","693f6bdc3353aee359a84f82","6a989ef64e2033c0f99a853a","2026-09-02 18:13"
"Jeremi","6007886fcafc2e00011be9cd","Chef_f","6229e38301c5e00001a0455f","6a989eb34e2033c0f99a845b","2026-09-02 18:13"
"Albanian Guy","58796ade8b9ff486d81bbad5","sebastian","667d87ca8401bca3fee14649","6a989dac1b64907bc9f46a50","2026-09-02 18:14"
"Erik.DL","64caea899c1426306f701b23","Shakazaramesh","5ef2945bbb96627c9ce5f63f","6a989da91b64907bc9f46a45","2026-09-02 18:14"
"PLK","62179a5c8e88d400010d91ea","Tomek5_5","606e09423667bc0001ad663d","6a989f111b64907bc9f46e83","2026-09-02 18:15"
"OscarPiastriTheGoat","6a7e397d7c47f2efb3dc7f2f","Jonny","5fc3b25ec3f1130001a663d4","6a989ef3116c52166071c1d4","2026-09-02 18:15"
"zach","621783eaab08b80001371858","Aljosc","6285deec505b0a7a76ccca1d","6a989f10116c52166071c228","2026-09-02 18:15"
"Dissonans","60e09234213b0600019d912e","emoji4 ➡️ emoji5emoji5emoji5","69020a9dd65f395771ade781","6a989f514e2033c0f99a864f","2026-09-02 18:15"
"Tottenhamwisps","60ad03a48b6e1d00012f8e7e","GeoKitten :3","6a60cb66561c205d0831e2ad","6a989e1a4e2033c0f99a8294","2026-09-02 18:16"
"NorthKoreaEnjoyer","6a5776b9557fa0b8070897d7","[PEA]Arvanna","66a545e50035c093bfe072bd","6a989ecd116c52166071c170","2026-09-02 18:17"
"sebastian","667d87ca8401bca3fee14649","Jonas","661ad4c4073f663c21b57fe6","6a989fa6352e41c58ec3c3b3","2026-09-02 18:18"
"Zuepp","601458985acffb00015bd0d5","Dissonans","60e09234213b0600019d912e","6a989fff83669b9ff9e4a3bb","2026-09-02 18:18"
"PLK","62179a5c8e88d400010d91ea","Tomek5_5","606e09423667bc0001ad663d","6a989fd0116c52166071c432","2026-09-02 18:19"
"朋友是一个坚韧不拔的纪录片， 在香港这座城市的设置。","65de536fb77f430b929240f3","eladio","6594e77717360fe0d27e44d5","6a989ef21b64907bc9f46e26","2026-09-02 18:20"
"NorthKoreaEnjoyer","6a5776b9557fa0b8070897d7","Aljosc","6285deec505b0a7a76ccca1d","6a98a07e116c52166071c648","2026-09-02 18:20"
"penjajah","6031d1fcf16b5b0001fa54b0","caco","62423c3dda40ac184851c4f0","6a989f2e1b64907bc9f46ec8","2026-09-02 18:21"
"Conquistadorito","603801f090c95200017d047e","Shakazaramesh","5ef2945bbb96627c9ce5f63f","6a989fae1b64907bc9f4701f","2026-09-02 18:21"
"Dissonans","60e09234213b0600019d912e","klingemann","67e8571421527a17dfbc69d4","6a98a064116c52166071c5f1","2026-09-02 18:21"
"ana karla","6825695ee804a59e43097e14","Patrickvanpaul","5ff4a6cb612052000195aed4","6a98a0081b64907bc9f4712b","2026-09-02 18:21"
"sebastian","667d87ca8401bca3fee14649","PLK","62179a5c8e88d400010d91ea","6a98a0b8116c52166071c704","2026-09-02 18:22"
"鹰娥朗","628e0d478e5ef3a3ca163627","BotsWannaBeMe","678d57b5624e9dc811ce9ca0","6a98a0ca116c52166071c742","2026-09-02 18:22"
"Pasord","6669c659ca16186b5a3dbc35","NorthKoreaEnjoyer","6a5776b9557fa0b8070897d7","6a98a116352e41c58ec3c6b7","2026-09-02 18:22"
"Jonas","661ad4c4073f663c21b57fe6","PLK","62179a5c8e88d400010d91ea","6a98a0a41b4f66ee09c11e7f","2026-09-02 18:23"
"Jeremi","6007886fcafc2e00011be9cd","Chet42","604ec150495589000139b162","6a989faa116c52166071c3b4","2026-09-02 18:24"
"Wudsch","6a69e0dcac05d4a8aa4819fb","Aljosc","6285deec505b0a7a76ccca1d","6a98a123116c52166071c871","2026-09-02 18:24"
"PLK","62179a5c8e88d400010d91ea","Jonas","661ad4c4073f663c21b57fe6","6a98a1c4116c52166071ca78","2026-09-02 18:26"
"[PEA]Arvanna","66a545e50035c093bfe072bd","Tomek5_5","606e09423667bc0001ad663d","6a98a0c1116c52166071c726","2026-09-02 18:26"
"Conquistadorito","603801f090c95200017d047e","Shakazaramesh","5ef2945bbb96627c9ce5f63f","6a98a12a116c52166071c891","2026-09-02 18:26"
"rileyrhino","641248c0330b8c5355f5a56f","sebastian","667d87ca8401bca3fee14649","6a98a1a3116c52166071ca0c","2026-09-02 18:27"
"caco","62423c3dda40ac184851c4f0","Dissonans","60e09234213b0600019d912e","6a98a157116c52166071c90f","2026-09-02 18:27"
"ana karla","6825695ee804a59e43097e14","NorthKoreaEnjoyer","6a5776b9557fa0b8070897d7","6a98a166116c52166071c947","2026-09-02 18:27"
"Jonas","661ad4c4073f663c21b57fe6","PLK","62179a5c8e88d400010d91ea","6a98a24e116c52166071cc5b","2026-09-02 18:28"
"Jeremi","6007886fcafc2e00011be9cd","Yuri Lacerda","574a41d691ca974b84f3cb55","6a98a1f7116c52166071cb44","2026-09-02 18:28"
"Conquistadorito","603801f090c95200017d047e","[PEA]Arvanna","66a545e50035c093bfe072bd","6a98a27c352e41c58ec3c985","2026-09-02 18:29"
"鹰娥朗","628e0d478e5ef3a3ca163627","Pasord","6669c659ca16186b5a3dbc35","6a98a1a4116c52166071ca12","2026-09-02 18:30"
"Shakazaramesh","5ef2945bbb96627c9ce5f63f","BotsWannaBeMe","678d57b5624e9dc811ce9ca0","6a98a26b83669b9ff9e4a8ba","2026-09-02 18:30"
"Conquistadorito","603801f090c95200017d047e","Tottenhamwisps","60ad03a48b6e1d00012f8e7e","6a98a30f116c52166071cee4","2026-09-02 18:31"
"caco","62423c3dda40ac184851c4f0","Tomek5_5","606e09423667bc0001ad663d","6a98a2a3116c52166071cd97","2026-09-02 18:31"
"PLK","62179a5c8e88d400010d91ea","Jonas","661ad4c4073f663c21b57fe6","6a98a2eb116c52166071ce5d","2026-09-02 18:32"
"Varuṇa Himālko","69e925eb80387ae5d678bafa","Simon","618c08f44aa4e100015f9559","6a98a2f9352e41c58ec3cad5","2026-09-02 18:32"
"NorthKoreaEnjoyer","6a5776b9557fa0b8070897d7","klingemann","67e8571421527a17dfbc69d4","6a98a2d183669b9ff9e4a9b8","2026-09-02 18:33"
"rileyrhino","641248c0330b8c5355f5a56f","sebastian","667d87ca8401bca3fee14649","6a98a2df116c52166071ce36","2026-09-02 18:34"
"Jonas","661ad4c4073f663c21b57fe6","PLK","62179a5c8e88d400010d91ea","6a98a3c65e32ce8968330d24","2026-09-02 18:34"
"Dissonans","60e09234213b0600019d912e","Jackkincaid","5d698d4ab4ec17864c52c785","6a98a2ac116c52166071cdae","2026-09-02 18:34"
"NorthKoreaEnjoyer","6a5776b9557fa0b8070897d7","klingemann","67e8571421527a17dfbc69d4","6a98a3ee116c52166071d1ba","2026-09-02 18:35"
"zach","621783eaab08b80001371858","GeoChiko","637129eb9d737c55a520a3e3","6a98a349116c52166071cf74","2026-09-02 18:35"
"PLK","62179a5c8e88d400010d91ea","Jonas","661ad4c4073f663c21b57fe6","6a98a437116c52166071d29e","2026-09-02 18:36"
"BotsWannaBeMe","678d57b5624e9dc811ce9ca0","caco","62423c3dda40ac184851c4f0","6a98a3d4352e41c58ec3ccc2","2026-09-02 18:36"
"[PEA]Arvanna","66a545e50035c093bfe072bd","Shakazaramesh","5ef2945bbb96627c9ce5f63f","6a98a3775e32ce8968330c86","2026-09-02 18:36"
"high iq vision","68b3bd130c418d0a47f3f38e","Pajabol","64724edfca1d938dc1416b4a","6a98a434116c52166071d294","2026-09-02 18:36"
"eladio","6594e77717360fe0d27e44d5","朋友是一个坚韧不拔的纪录片， 在香港这座城市的设置。","65de536fb77f430b929240f3","6a98a1be83669b9ff9e4a77a","2026-09-02 18:37"
"Varuṇa Himālko","69e925eb80387ae5d678bafa","Jackkincaid","5d698d4ab4ec17864c52c785","6a98a45c352e41c58ec3ce05","2026-09-02 18:37"
"Pasord","6669c659ca16186b5a3dbc35","NorthKoreaEnjoyer","6a5776b9557fa0b8070897d7","6a98a49f1b4f66ee09c126d0","2026-09-02 18:38"
"rileyrhino","641248c0330b8c5355f5a56f","sebastian","667d87ca8401bca3fee14649","6a98a468116c52166071d33f","2026-09-02 18:39"
"Jonas","661ad4c4073f663c21b57fe6","PLK","62179a5c8e88d400010d91ea","6a98a4d3116c52166071d4ac","2026-09-02 18:39"
"Pasord","6669c659ca16186b5a3dbc35","朋友是一个坚韧不拔的纪录片， 在香港这座城市的设置。","65de536fb77f430b929240f3","6a98a515116c52166071d579","2026-09-02 18:39"
"Shakazaramesh","5ef2945bbb96627c9ce5f63f","placebo","66f44a3b843bc018a3e981c7","6a98a4cd116c52166071d48e","2026-09-02 18:42"
"Jonas","661ad4c4073f663c21b57fe6","PLK","62179a5c8e88d400010d91ea","6a98a5675e32ce89683310c0","2026-09-02 18:43"
"caco","62423c3dda40ac184851c4f0","Tomek5_5","606e09423667bc0001ad663d","6a98a5fa116c52166071d86e","2026-09-02 18:43"
"Wudsch","6a69e0dcac05d4a8aa4819fb","NorthKoreaEnjoyer","6a5776b9557fa0b8070897d7","6a98a541116c52166071d5ed","2026-09-02 18:43"
"klingemann","67e8571421527a17dfbc69d4","zach","621783eaab08b80001371858","6a98a5a8352e41c58ec3d089","2026-09-02 18:43"
"朋友是一个坚韧不拔的纪录片， 在香港这座城市的设置。","65de536fb77f430b929240f3","Pasord","6669c659ca16186b5a3dbc35","6a98a57f116c52166071d6b7","2026-09-02 18:44"
"rileyrhino","641248c0330b8c5355f5a56f","sebastian","667d87ca8401bca3fee14649","6a98a5f9116c52166071d864","2026-09-02 18:45"
"Tottenhamwisps","60ad03a48b6e1d00012f8e7e","[PEA]Arvanna","66a545e50035c093bfe072bd","6a98a501116c52166071d52d","2026-09-02 18:45"
"Dissonans","60e09234213b0600019d912e","placebo","66f44a3b843bc018a3e981c7","6a98a649116c52166071d98a","2026-09-02 18:46"
"Varuṇa Himālko","69e925eb80387ae5d678bafa","RuralQuay427","67afb8f9170e41f8f611a20a","6a98a500116c52166071d52a","2026-09-02 18:47"
"high iq vision","68b3bd130c418d0a47f3f38e","Shakazaramesh","5ef2945bbb96627c9ce5f63f","6a98a6305e32ce89683312f4","2026-09-02 18:47"
"zach","621783eaab08b80001371858","klingemann","67e8571421527a17dfbc69d4","6a98a6845e32ce89683313cc","2026-09-02 18:47"
"PLK","62179a5c8e88d400010d91ea","Tomek5_5","606e09423667bc0001ad663d","6a98a660116c52166071d9d7","2026-09-02 18:49"
"kober","67ad18a09e150413a5e6fa66","PLK","62179a5c8e88d400010d91ea","6a98a7ae116c52166071dde5","2026-09-02 18:50"
"happy ikkyu","6952d94ec80462179225f1d5","NorthKoreaEnjoyer","6a5776b9557fa0b8070897d7","6a98a671116c52166071d9fc","2026-09-02 18:50"
"Avetixz","632b4c9d0609ae73d2a1f799","Saradão","66245f82ee56b7dcb4cfcca3","6a98a619116c52166071d8f0","2026-09-02 18:50"
"Dissonans","60e09234213b0600019d912e","Simon","618c08f44aa4e100015f9559","6a98a712116c52166071dbe2","2026-09-02 18:50"
"AlphaZero4000","5ffa660ae8ee080001350d46","high iq vision","68b3bd130c418d0a47f3f38e","6a98a7635e32ce89683315fb","2026-09-02 18:51"
"klingemann","67e8571421527a17dfbc69d4","ImShinx","5f04af67d94a1550f0e79c76","6a98a792116c52166071dd91","2026-09-02 18:51"
"Dissonans","60e09234213b0600019d912e","goodvibes18","64fc454da5664ce9de249325","6a98a8345e32ce89683317e0","2026-09-02 18:54"
"Tottenhamwisps","60ad03a48b6e1d00012f8e7e","GeoKitten :3","6a60cb66561c205d0831e2ad","6a98a826116c52166071dfb2","2026-09-02 18:55"
"caco","62423c3dda40ac184851c4f0","Shakazaramesh","5ef2945bbb96627c9ce5f63f","6a98a770352e41c58ec3d476","2026-09-02 18:55"
"Aljosc","6285deec505b0a7a76ccca1d","Avetixz","632b4c9d0609ae73d2a1f799","6a98a8bc116c52166071e182","2026-09-02 18:56"
"Saradão","66245f82ee56b7dcb4cfcca3","Elefantenrennen","62389c45454d59071bc14556","6a98a8595e32ce8968331838","2026-09-02 18:56"
"rileyrhino","641248c0330b8c5355f5a56f","PLK","62179a5c8e88d400010d91ea","6a98a887116c52166071e0ca","2026-09-02 18:57"
"Pasord","6669c659ca16186b5a3dbc35","Varuṇa Himālko","69e925eb80387ae5d678bafa","6a98a7e683669b9ff9e4b4ed","2026-09-02 18:57"
"ana karla","6825695ee804a59e43097e14"," Nils","5dded20d13777ca6b891ecd2","6a98a2d683669b9ff9e4a9c8","2026-09-02 18:57"
"klingemann","67e8571421527a17dfbc69d4","ImShinx","5f04af67d94a1550f0e79c76","6a98a8425e32ce8968331802","2026-09-02 18:58"
"GeoKitten :3","6a60cb66561c205d0831e2ad","Dissonans","60e09234213b0600019d912e","6a98a942116c52166071e332","2026-09-02 18:59"
"[PEA]Arvanna","66a545e50035c093bfe072bd","鹰娥朗","628e0d478e5ef3a3ca163627","6a98a6fa1b4f66ee09c12b73","2026-09-02 19:00"
"Varuṇa Himālko","69e925eb80387ae5d678bafa","GeoChiko","637129eb9d737c55a520a3e3","6a98a9a483669b9ff9e4b866","2026-09-02 19:01"
"high iq vision","68b3bd130c418d0a47f3f38e","Jackkincaid","5d698d4ab4ec17864c52c785","6a98a9035e32ce896833195d","2026-09-02 19:01"
"AlphaZero4000","5ffa660ae8ee080001350d46","NorthKoreaEnjoyer","6a5776b9557fa0b8070897d7","6a98a8b41b4f66ee09c12f87","2026-09-02 19:02"
"PLK","62179a5c8e88d400010d91ea","朋友是一个坚韧不拔的纪录片， 在香港这座城市的设置。","65de536fb77f430b929240f3","6a98a98b5e32ce8968331ab6","2026-09-02 19:04"
"Pasord","6669c659ca16186b5a3dbc35","[PEA]Arvanna","66a545e50035c093bfe072bd","6a98aa991b4f66ee09c13365","2026-09-02 19:04"
"Varuṇa Himālko","69e925eb80387ae5d678bafa","high iq vision","68b3bd130c418d0a47f3f38e","6a98aac65e32ce8968331db0","2026-09-02 19:05"
"Aculstingray","5f09a434a958535b8c808fd6","Aljosc","6285deec505b0a7a76ccca1d","6a98aa911b4f66ee09c13357","2026-09-02 19:06"
"Xick","6227d06fc4123c000192c138","rileyrhino","641248c0330b8c5355f5a56f","6a98aaea1b4f66ee09c133f7","2026-09-02 19:07"
"high iq vision","68b3bd130c418d0a47f3f38e","Incomplet","6328da1f7f518e8bf2fd4335","6a98ab7e454bcbf39fe14e21","2026-09-02 19:07"
"Avetixz","632b4c9d0609ae73d2a1f799","Shakazaramesh","5ef2945bbb96627c9ce5f63f","6a98a9611b4f66ee09c130e3","2026-09-02 19:08"
"朋友是一个坚韧不拔的纪录片， 在香港这座城市的设置。","65de536fb77f430b929240f3","Tottenhamwisps","60ad03a48b6e1d00012f8e7e","6a98ab5b116c52166071ea17","2026-09-02 19:13"
"Shakazaramesh","5ef2945bbb96627c9ce5f63f","Elefantenrennen","62389c45454d59071bc14556","6a98ac5d116c52166071ed49","2026-09-02 19:13"
"Pasord","6669c659ca16186b5a3dbc35","high iq vision","68b3bd130c418d0a47f3f38e","6a98ac3a5e32ce896833217b","2026-09-02 19:14"
"habesh","647734d056305f7bf5561a4e","鹰娥朗","628e0d478e5ef3a3ca163627","6a98ab36116c52166071e99b","2026-09-02 19:17"
"Varuṇa Himālko","69e925eb80387ae5d678bafa","[PEA]Arvanna","66a545e50035c093bfe072bd","6a98ab781b4f66ee09c134f4","2026-09-02 19:17"
"Shakazaramesh","5ef2945bbb96627c9ce5f63f","Elefantenrennen","62389c45454d59071bc14556","6a98ad6583669b9ff9e4c110","2026-09-02 19:18"
"Avetixz","632b4c9d0609ae73d2a1f799","Xick","6227d06fc4123c000192c138","6a98acd6352e41c58ec3e082","2026-09-02 19:19"
"Dissonans","60e09234213b0600019d912e","Gui","672803f88a593cd5d6bbd2e2","6a98ae9a1b4f66ee09c13be2","2026-09-02 19:21"
"Tottenhamwisps","60ad03a48b6e1d00012f8e7e","Conquistadorito","603801f090c95200017d047e","6a98ae0b116c52166071f303","2026-09-02 19:22"
"Shakazaramesh","5ef2945bbb96627c9ce5f63f","Pasord","6669c659ca16186b5a3dbc35","6a98aeb7116c52166071f549","2026-09-02 19:23"
"GeoKitten :3","6a60cb66561c205d0831e2ad","looer_h","627823ed8874df9dd7c83fae","6a98af6c83669b9ff9e4c5f4","2026-09-02 19:24"
"Dissonans","60e09234213b0600019d912e","Conquistadorito","603801f090c95200017d047e","6a98af9b5e32ce896833295d","2026-09-02 19:25"
"danger","697ec2084f2fb1a1a48cb642","Dissonans","60e09234213b0600019d912e","6a98b056116c52166071facd","2026-09-02 19:28"
"Conquistadorito","603801f090c95200017d047e","NorthKoreaEnjoyer","6a5776b9557fa0b8070897d7","6a98b02d5e32ce8968332adb","2026-09-02 19:29"
"BrianBrobbey","6a7c8155731b5e298427b074","truflan44","620e57cc98dbe80001647a0f","6a98b0ba1b4f66ee09c14026","2026-09-02 19:29"
"looer_h","627823ed8874df9dd7c83fae","GeoKitten :3","6a60cb66561c205d0831e2ad","6a98b04e116c52166071fab7","2026-09-02 19:30"
"Dissonans","60e09234213b0600019d912e","danger","697ec2084f2fb1a1a48cb642","6a98b0d9116c52166071fc6a","2026-09-02 19:30"
"Pasord","6669c659ca16186b5a3dbc35","Shakazaramesh","5ef2945bbb96627c9ce5f63f","6a98b0095e32ce8968332aac","2026-09-02 19:33"
"goodvibes18","64fc454da5664ce9de249325","Alemão(Retired 4Ever)","670f839c4f58c8c7b975c4fe","6a98b157116c52166071fdfd","2026-09-02 19:34"
"NorthKoreaEnjoyer","6a5776b9557fa0b8070897d7","Conquistadorito","603801f090c95200017d047e","6a98b14383669b9ff9e4ca60","2026-09-02 19:35"
"danger","697ec2084f2fb1a1a48cb642","Dissonans","60e09234213b0600019d912e","6a98b166116c52166071fe23","2026-09-02 19:36"
"bane","68ad099927369b0fd919500a","Varuṇa Himālko","69e925eb80387ae5d678bafa","6a98afd883669b9ff9e4c744","2026-09-02 19:37"
"Pasord","6669c659ca16186b5a3dbc35","Shakazaramesh","5ef2945bbb96627c9ce5f63f","6a98b266116c52166072013f","2026-09-02 19:38"
"looer_h","627823ed8874df9dd7c83fae","GeoKitten :3","6a60cb66561c205d0831e2ad","6a98b2035e32ce8968332edd","2026-09-02 19:38"
"鹰娥朗","628e0d478e5ef3a3ca163627","[PEA]Arvanna","66a545e50035c093bfe072bd","6a98ae5d116c52166071f3fd","2026-09-02 19:38"
"Dissonans","60e09234213b0600019d912e","Luke Cannon (TexasGuessr)","5fcc55f1ccab920001153b0d","6a98b2d35e32ce89683330e9","2026-09-02 19:38"
"Gui","672803f88a593cd5d6bbd2e2","Bms432","5d75a280b4ec1705ecdb7cf0","6a98b2a5116c521660720200","2026-09-02 19:38"
"捲菸的菸草不來自後山","6372795ba9204b943dd562cf","Conquistadorito","603801f090c95200017d047e","6a98b2af116c52166072023b","2026-09-02 19:39"
"Dissonans","60e09234213b0600019d912e","Luke Cannon (TexasGuessr)","5fcc55f1ccab920001153b0d","6a98b345116c521660720410","2026-09-02 19:41"
"Varuṇa Himālko","69e925eb80387ae5d678bafa","Shakazaramesh","5ef2945bbb96627c9ce5f63f","6a98b32f116c5216607203b8","2026-09-02 19:42"
"Bms432","5d75a280b4ec1705ecdb7cf0","Gui","672803f88a593cd5d6bbd2e2","6a98b395352e41c58ec3ef9b","2026-09-02 19:43"
"TEEM0","68f9fdd90f6d5f026cf9e4d8","CapixabaGeo","65e1351e81122873dc224467","6a98b347352e41c58ec3eed8","2026-09-02 19:43"
"gg80","63094e1796056024727fc5d5","Dissonans","60e09234213b0600019d912e","6a98b3fd116c521660720671","2026-09-02 19:44"
"looer_h","627823ed8874df9dd7c83fae","GeoKitten :3","6a60cb66561c205d0831e2ad","6a98b386116c5216607204ec","2026-09-02 19:45"
"Dissonans","60e09234213b0600019d912e","Unc","6876a81aaf5ea16088df663a","6a98b49e116c521660720840","2026-09-02 19:45"
"looer_h","627823ed8874df9dd7c83fae","GeoKitten :3","6a60cb66561c205d0831e2ad","6a98b4db352e41c58ec3f266","2026-09-02 19:48"
"kober","67ad18a09e150413a5e6fa66","Dissonans","60e09234213b0600019d912e","6a98b527116c521660720a01","2026-09-02 19:49"
"鹰娥朗","628e0d478e5ef3a3ca163627","Varuṇa Himālko","69e925eb80387ae5d678bafa","6a98b4895e32ce896833356e","2026-09-02 19:49"
"Shakazaramesh","5ef2945bbb96627c9ce5f63f","Pasord","6669c659ca16186b5a3dbc35","6a98b45e116c521660720779","2026-09-02 19:49"
"Conquistadorito","603801f090c95200017d047e","[PEA]Arvanna","66a545e50035c093bfe072bd","6a98b3965e32ce896833332a","2026-09-02 19:49"
"gg80","63094e1796056024727fc5d5","kober","67ad18a09e150413a5e6fa66","6a98b4c3352e41c58ec3f209","2026-09-02 19:50"
"WASf","5f96a51816c6a50001fa01e5","melle","5ee16374eacb4560b8eaf90a","6a98b3e6116c521660720636","2026-09-02 19:50"
"Rubber Dinghy Rapids Bro","5b1814ea59669593c4ce555b","Mr. Bastuaggregat","5ada37ab582de2514cbb19d8","6a98b162116c52166071fe16","2026-09-02 19:53"
"Azuryne","61e444e727627e00010d0fcd","GeoKitten :3","6a60cb66561c205d0831e2ad","6a98b5d61b4f66ee09c14b77","2026-09-02 19:53"
"Nicolai","5f74cd31b53fb70001d305b7","kober","67ad18a09e150413a5e6fa66","6a98b62b5e32ce896833394f","2026-09-02 19:54"
"gg80","63094e1796056024727fc5d5","kober","67ad18a09e150413a5e6fa66","6a98b65a5e32ce89683339b7","2026-09-02 19:58"
"Finn Siemon","66eb7b4a062332fb60915d65","Dissonans","60e09234213b0600019d912e","6a98b753116c521660721106","2026-09-02 19:58"
"Shakazaramesh","5ef2945bbb96627c9ce5f63f","Sebo586","6484d6c62835b90b9cd9297c","6a98b69c83669b9ff9e4d648","2026-09-02 19:58"
"GeoChiko","637129eb9d737c55a520a3e3","KAITOOO","62e8c3ab0065abc49aca361d","6a98b0a2116c52166071fbac","2026-09-02 19:58"
"BrianBrobbey","6a7c8155731b5e298427b074","RippinRon","66316a6220415702079f45fd","6a98b699116c521660720e7c","2026-09-02 19:58"
"BarryTheBee","62be7867aa13616722f8dd4a","Giancarlo Esposito","68e85bdb3f2cbbe915cbcd3d","6a98b5d3116c521660720c1f","2026-09-02 19:59"
"鹰娥朗","628e0d478e5ef3a3ca163627","HunJose","5f830cfe8f2c480001f01bbf","6a98b7041b4f66ee09c14dc4","2026-09-02 20:00"
"Nicolai","5f74cd31b53fb70001d305b7","kober","67ad18a09e150413a5e6fa66","6a98b746352e41c58ec3f7ae","2026-09-02 20:01"
"caco","62423c3dda40ac184851c4f0","mint","67bf13b90a45adc3b2e1c725","6a98b7ee116c5216607212a8","2026-09-02 20:01"
"Tomek5_5","606e09423667bc0001ad663d","GeoKitten :3","6a60cb66561c205d0831e2ad","6a98b86b116c52166072141c","2026-09-02 20:01"
"kober","67ad18a09e150413a5e6fa66","Finn Siemon","66eb7b4a062332fb60915d65","6a98b8205e32ce8968333d64","2026-09-02 20:03"
"bane","68ad099927369b0fd919500a","Yuri Lacerda","574a41d691ca974b84f3cb55","6a98b8b583669b9ff9e4da7b","2026-09-02 20:04"
"Nicolai","5f74cd31b53fb70001d305b7","kober","67ad18a09e150413a5e6fa66","6a98b8e4352e41c58ec3fb09","2026-09-02 20:06"
"Tomek5_5","606e09423667bc0001ad663d","Finn Siemon","66eb7b4a062332fb60915d65","6a98b931116c521660721672","2026-09-02 20:06"
"caco","62423c3dda40ac184851c4f0","GeoKitten :3","6a60cb66561c205d0831e2ad","6a98b8b6116c5216607214fa","2026-09-02 20:07"
"Giancarlo Esposito","68e85bdb3f2cbbe915cbcd3d","gg80","63094e1796056024727fc5d5","6a98b86183669b9ff9e4d9c3","2026-09-02 20:08"
"danger","697ec2084f2fb1a1a48cb642","Rabe8i","5bf17f75fa37262f1c2c7149","6a98b9af83669b9ff9e4dd4c","2026-09-02 20:09"
"caco","62423c3dda40ac184851c4f0","GeoKitten :3","6a60cb66561c205d0831e2ad","6a98ba1283669b9ff9e4de57","2026-09-02 20:10"
"bane","68ad099927369b0fd919500a","KAITOOO","62e8c3ab0065abc49aca361d","6a98b995352e41c58ec3fc9d","2026-09-02 20:10"
"[PEA]Arvanna","66a545e50035c093bfe072bd","melle","5ee16374eacb4560b8eaf90a","6a98b64c116c521660720d95","2026-09-02 20:12"
"slew","5cc1545b8701a898fc423332","Gnatte","5fff4d450ab544000159049e","6a98b9f7116c5216607218fc","2026-09-02 20:12"
"Tomek5_5","606e09423667bc0001ad663d","kober","67ad18a09e150413a5e6fa66","6a98ba64116c521660721a5b","2026-09-02 20:13"
"Gui","672803f88a593cd5d6bbd2e2","KAITOOO","62e8c3ab0065abc49aca361d","6a98bae2116c521660721beb","2026-09-02 20:13"
"caco","62423c3dda40ac184851c4f0","GeoKitten :3","6a60cb66561c205d0831e2ad","6a98bacc1b4f66ee09c15685","2026-09-02 20:14"
"Finn Siemon","66eb7b4a062332fb60915d65","Shakazaramesh","5ef2945bbb96627c9ce5f63f","6a98bab5352e41c58ec3ff5c","2026-09-02 20:14"
"gg80","63094e1796056024727fc5d5","caco","62423c3dda40ac184851c4f0","6a98bbbc5e32ce8968334623","2026-09-02 20:16"
"bane","68ad099927369b0fd919500a","danger","697ec2084f2fb1a1a48cb642","6a98baf583669b9ff9e4e042","2026-09-02 20:16"
"Aljosc","6285deec505b0a7a76ccca1d","backf1ow","6562b7811b1454b2437507f8","6a98bb9a116c521660721e04","2026-09-02 20:16"
"Shakazaramesh","5ef2945bbb96627c9ce5f63f","Finn Siemon","66eb7b4a062332fb60915d65","6a98bbc8116c521660721e6e","2026-09-02 20:17"
"super singh","6a591d57c05d5d35f4095c85","Palmitas","69b33a815634cc416b9c7877","6a98bbb5116c521660721e4c","2026-09-02 20:18"
"Tomek5_5","606e09423667bc0001ad663d","kober","67ad18a09e150413a5e6fa66","6a98bba65e32ce89683345f9","2026-09-02 20:18"
"slew","5cc1545b8701a898fc423332","melle","5ee16374eacb4560b8eaf90a","6a98bb6183669b9ff9e4e12d","2026-09-02 20:18"
"Mathias","650a2d21361d5316c35b4efe","Giancarlo Esposito","68e85bdb3f2cbbe915cbcd3d","6a98ba9d116c521660721b38","2026-09-02 20:20"
"Finn Siemon","66eb7b4a062332fb60915d65","Shakazaramesh","5ef2945bbb96627c9ce5f63f","6a98bc7d83669b9ff9e4e3a0","2026-09-02 20:20"
"GeoKitten :3","6a60cb66561c205d0831e2ad","Jackkincaid","5d698d4ab4ec17864c52c785","6a98bbfe116c521660721f3d","2026-09-02 20:20"
"Palmitas","69b33a815634cc416b9c7877","kober","67ad18a09e150413a5e6fa66","6a98bca95e32ce896833484e","2026-09-02 20:22"
"Aljosc","6285deec505b0a7a76ccca1d","backf1ow","6562b7811b1454b2437507f8","6a98bc1a116c521660721fa9","2026-09-02 20:22"
"Tomek5_5","606e09423667bc0001ad663d","kober","67ad18a09e150413a5e6fa66","6a98bd0d116c521660722269","2026-09-02 20:24"
"Finn Siemon","66eb7b4a062332fb60915d65","HunJose","5f830cfe8f2c480001f01bbf","6a98bd72116c5216607223f2","2026-09-02 20:24"
"Mr. Bastuaggregat","5ada37ab582de2514cbb19d8","鹰娥朗","628e0d478e5ef3a3ca163627","6a98b8b9116c5216607214fe","2026-09-02 20:25"
"gg80","63094e1796056024727fc5d5","kober","67ad18a09e150413a5e6fa66","6a98bdaf83669b9ff9e4e64c","2026-09-02 20:26"
"Tomek5_5","606e09423667bc0001ad663d","kober","67ad18a09e150413a5e6fa66","6a98be11352e41c58ec407a6","2026-09-02 20:26"
"Shakazaramesh","5ef2945bbb96627c9ce5f63f","GeoKitten :3","6a60cb66561c205d0831e2ad","6a98bd1f5e32ce8968334943","2026-09-02 20:27"
"Palmitas","69b33a815634cc416b9c7877","kober","67ad18a09e150413a5e6fa66","6a98bec55e32ce8968334d87","2026-09-02 20:30"
"gg80","63094e1796056024727fc5d5","kober","67ad18a09e150413a5e6fa66","6a98be911b4f66ee09c15f48","2026-09-02 20:31"
"kober","67ad18a09e150413a5e6fa66","GeoBunny","64b2f9895059c43d9160f5af","6a98bf7a116c521660722b65","2026-09-02 20:33"
"Giancarlo Esposito","68e85bdb3f2cbbe915cbcd3d","BarryTheBee","62be7867aa13616722f8dd4a","6a98bd9c352e41c58ec40659","2026-09-02 20:34"
"Tomek5_5","606e09423667bc0001ad663d","kober","67ad18a09e150413a5e6fa66","6a98bfaa116c521660722c0e","2026-09-02 20:35"
"GeoKitten :3","6a60cb66561c205d0831e2ad","Shakazaramesh","5ef2945bbb96627c9ce5f63f","6a98bed2116c5216607228f6","2026-09-02 20:35"
"Finn Siemon","66eb7b4a062332fb60915d65","HunJose","5f830cfe8f2c480001f01bbf","6a98be325e32ce8968334c31","2026-09-02 20:38"
"slew","5cc1545b8701a898fc423332","danger","697ec2084f2fb1a1a48cb642","6a98bcad352e41c58ec403df","2026-09-02 20:38"
"BarryTheBee","62be7867aa13616722f8dd4a","Giancarlo Esposito","68e85bdb3f2cbbe915cbcd3d","6a98c0c9116c521660722fbc","2026-09-02 20:39"
"kober","67ad18a09e150413a5e6fa66","Halikaru","5c357a953d925b4de42c816a","6a98c0f7116c521660723045","2026-09-02 20:40"
"Shakazaramesh","5ef2945bbb96627c9ce5f63f","Kiran","5fa6fdd8b45c67000133f43d","6a98c0dd116c521660723001","2026-09-02 20:42"
"kober","67ad18a09e150413a5e6fa66","Bravious","608f43fa0d0e0d0001d2abde","6a98c20d116c5216607233ea","2026-09-02 20:47"
"Palmitas","69b33a815634cc416b9c7877","gg80","63094e1796056024727fc5d5","6a98bfcf116c521660722c72","2026-09-02 20:50"
"Giancarlo Esposito","68e85bdb3f2cbbe915cbcd3d","salamander","60d33d62acc9ca00010d4d66","6a98c1b1116c5216607232ba","2026-09-02 20:51"
"Bravious","608f43fa0d0e0d0001d2abde","Rabe8i","5bf17f75fa37262f1c2c7149","6a98c379116c5216607238ad","2026-09-02 20:51"
"Giancarlo Esposito","68e85bdb3f2cbbe915cbcd3d","雨又潇潇","635a7c4f940d8dc91bd25ec4","6a98c46a116c521660723bd5","2026-09-02 20:53"
"RuralQuay427","67afb8f9170e41f8f611a20a","melle","5ee16374eacb4560b8eaf90a","6a98c33583669b9ff9e4f40b","2026-09-02 20:53"
"BarryTheBee","62be7867aa13616722f8dd4a","Junior Paulo","60d6b2fd6f85320001258c83","6a98c4ce116c521660723d2f","2026-09-02 20:55"
"Shakazaramesh","5ef2945bbb96627c9ce5f63f","Halikaru","5c357a953d925b4de42c816a","6a98c237116c521660723463","2026-09-02 20:55"
"Bravious","608f43fa0d0e0d0001d2abde","Sinaloense","6387b9578639516bf19923d5","6a98c469116c521660723bd0","2026-09-02 20:56"
"鹰娥朗","628e0d478e5ef3a3ca163627","slew","5cc1545b8701a898fc423332","6a98c199116c521660723250","2026-09-02 20:57"
"kober","67ad18a09e150413a5e6fa66","gg80","63094e1796056024727fc5d5","6a98c476116c521660723bfe","2026-09-02 20:57"
"Giancarlo Esposito","68e85bdb3f2cbbe915cbcd3d","雨又潇潇","635a7c4f940d8dc91bd25ec4","6a98c50d116c521660723e00","2026-09-02 20:59"
"Doofist","68f3a854d35e604bd5617bb2","kober","67ad18a09e150413a5e6fa66","6a98c526116c521660723e64","2026-09-02 20:59"
"gg80","63094e1796056024727fc5d5","kober","67ad18a09e150413a5e6fa66","6a98c5d81b4f66ee09c17026","2026-09-02 21:02"
"Halikaru","5c357a953d925b4de42c816a","RuralQuay427","67afb8f9170e41f8f611a20a","6a98c534116c521660723e91","2026-09-02 21:04"
"Giancarlo Esposito","68e85bdb3f2cbbe915cbcd3d","雨又潇潇","635a7c4f940d8dc91bd25ec4","6a98c626454bcbf39fe1858c","2026-09-02 21:05"
"Bravious","608f43fa0d0e0d0001d2abde","Wanderer","628d8821da07473974d7adab","6a98c59c116c521660723fdb","2026-09-02 21:05"
"Shakazaramesh","5ef2945bbb96627c9ce5f63f","鹰娥朗","628e0d478e5ef3a3ca163627","6a98c63583669b9ff9e4fb2d","2026-09-02 21:06"
"Junior Paulo","60d6b2fd6f85320001258c83","Palmitas","69b33a815634cc416b9c7877","6a98c5e7116c5216607240cf","2026-09-02 21:08"
"gg80","63094e1796056024727fc5d5","kober","67ad18a09e150413a5e6fa66","6a98c746352e41c58ec41d14","2026-09-02 21:09"
"kober","67ad18a09e150413a5e6fa66","Finn Siemon","66eb7b4a062332fb60915d65","6a98c76a116c52166072451c","2026-09-02 21:09"
"鹰娥朗","628e0d478e5ef3a3ca163627","Nettspend","67a7ed6d607e54ae2aa7a9e5","6a98c80b116c52166072472e","2026-09-02 21:10"
"Halikaru","5c357a953d925b4de42c816a","RuralQuay427","67afb8f9170e41f8f611a20a","6a98c780116c521660724555","2026-09-02 21:10"
"BarryTheBee","62be7867aa13616722f8dd4a","Giancarlo Esposito","68e85bdb3f2cbbe915cbcd3d","6a98c7c5352e41c58ec41e09","2026-09-02 21:11"
"Palmitas","69b33a815634cc416b9c7877","雨又潇潇","635a7c4f940d8dc91bd25ec4","6a98c850352e41c58ec41f32","2026-09-02 21:11"
"slew","5cc1545b8701a898fc423332","Mjees","5eb547e997d6cf4714896ca7","6a98c5b2116c521660724025","2026-09-02 21:11"
"Tomek5_5","606e09423667bc0001ad663d","kober","67ad18a09e150413a5e6fa66","6a98c8be116c521660724950","2026-09-02 21:12"
"Finn Siemon","66eb7b4a062332fb60915d65","kober","67ad18a09e150413a5e6fa66","6a98c893352e41c58ec41feb","2026-09-02 21:13"
"Giancarlo Esposito","68e85bdb3f2cbbe915cbcd3d","fishyy","5f21225bac988f00018aff93","6a98c941116c521660724ab6","2026-09-02 21:15"
"kober","67ad18a09e150413a5e6fa66","dont be mexico please","6888a4eb83716bb81ebd87ca","6a98c990352e41c58ec4222f","2026-09-02 21:15"
"Junior Paulo","60d6b2fd6f85320001258c83","Palmitas","69b33a815634cc416b9c7877","6a98c8f8116c521660724a07","2026-09-02 21:17"
"david attenborough","6202fc2fed74670001f9a180","鹰娥朗","628e0d478e5ef3a3ca163627","6a98ca27116c521660724d35","2026-09-02 21:19"
"Giancarlo Esposito","68e85bdb3f2cbbe915cbcd3d","fishyy","5f21225bac988f00018aff93","6a98ca3a116c521660724d71","2026-09-02 21:22"
"david attenborough","6202fc2fed74670001f9a180","鹰娥朗","628e0d478e5ef3a3ca163627","6a98cad8116c521660724f7f","2026-09-02 21:22"
"Palmitas","69b33a815634cc416b9c7877","Junior Paulo","60d6b2fd6f85320001258c83","6a98ca5f116c521660724dec","2026-09-02 21:24"
"kober","67ad18a09e150413a5e6fa66","fishyy","5f21225bac988f00018aff93","6a98cbab5e32ce8968336b5e","2026-09-02 21:24"
"Halikaru","5c357a953d925b4de42c816a","RuralQuay427","67afb8f9170e41f8f611a20a","6a98c8cd116c521660724979","2026-09-02 21:25"
"david attenborough","6202fc2fed74670001f9a180","鹰娥朗","628e0d478e5ef3a3ca163627","6a98cb9a116c5216607251c2","2026-09-02 21:26"
"kober","67ad18a09e150413a5e6fa66","oʇı̣uƃɐꓤ","62d2cbbf4d67a68895b79c12","6a98cc1a352e41c58ec4280c","2026-09-02 21:28"
"Ghoncho1800","5e730243cd30756270994780","david attenborough","6202fc2fed74670001f9a180","6a98ccec5e32ce8968336e36","2026-09-02 21:29"
"slew","5cc1545b8701a898fc423332","Finn Siemon","66eb7b4a062332fb60915d65","6a98c99883669b9ff9e50264","2026-09-02 21:29"
"Palmitas","69b33a815634cc416b9c7877","Junior Paulo","60d6b2fd6f85320001258c83","6a98cc11352e41c58ec427e9","2026-09-02 21:30"
"Ghoncho1800","5e730243cd30756270994780","kober","67ad18a09e150413a5e6fa66","6a98cd3d5e32ce8968336e9f","2026-09-02 21:30"
"fishyy","5f21225bac988f00018aff93","kober","67ad18a09e150413a5e6fa66","6a98cc2f352e41c58ec42836","2026-09-02 21:30"
"Ghoncho1800","5e730243cd30756270994780","david attenborough","6202fc2fed74670001f9a180","6a98ccec5e32ce8968336e36","2026-09-02 21:32"
"Finn Siemon","66eb7b4a062332fb60915d65","oʇı̣uƃɐꓤ","62d2cbbf4d67a68895b79c12","6a98cd70116c52166072574b","2026-09-02 21:34"
"Kiran","5fa6fdd8b45c67000133f43d","Kageyu","68ca96634b59728d6b0f739a","6a98cce0116c5216607255ce","2026-09-02 21:34"
"BarryTheBee","62be7867aa13616722f8dd4a","Giancarlo Esposito","68e85bdb3f2cbbe915cbcd3d","6a98cd5d116c52166072571e","2026-09-02 21:35"
"Anonymous","617f7cfb9dffd50001875a3f","Tomek5_5","606e09423667bc0001ad663d","6a98cd8d116c52166072578a","2026-09-02 21:35"
"鹰娥朗","628e0d478e5ef3a3ca163627","RuralQuay427","67afb8f9170e41f8f611a20a","6a98ccb5116c52166072556e","2026-09-02 21:36"
"Palmitas","69b33a815634cc416b9c7877","Junior Paulo","60d6b2fd6f85320001258c83","6a98cd7a116c521660725766","2026-09-02 21:37"
"Tomek5_5","606e09423667bc0001ad663d","Finn Siemon","66eb7b4a062332fb60915d65","6a98cea383669b9ff9e50e1a","2026-09-02 21:37"
"fishyy","5f21225bac988f00018aff93","Ghoncho1800","5e730243cd30756270994780","6a98cdbd352e41c58ec42b2d","2026-09-02 21:39"
"Giancarlo Esposito","68e85bdb3f2cbbe915cbcd3d","Anonymous","617f7cfb9dffd50001875a3f","6a98cf20116c521660725cbc","2026-09-02 21:40"
"Palmitas","69b33a815634cc416b9c7877","Tomek5_5","606e09423667bc0001ad663d","6a98cf6d116c521660725ded","2026-09-02 21:40"
"Ghoncho1800","5e730243cd30756270994780","Tomek5_5","606e09423667bc0001ad663d","6a98d003116c521660726012","2026-09-02 21:41"
"Kiran","5fa6fdd8b45c67000133f43d","Kageyu","68ca96634b59728d6b0f739a","6a98ce705e32ce896833717b","2026-09-02 21:41"
"Chris","5fe81986f3881a00018261c5","KermitosisYT","5f9cc5a6aa01a700013c6c77","6a98cf45116c521660725d48","2026-09-02 21:41"
"caco","62423c3dda40ac184851c4f0","david attenborough","6202fc2fed74670001f9a180","6a98ce33352e41c58ec42c25","2026-09-02 21:42"
"david attenborough","6202fc2fed74670001f9a180","Ghoncho1800","5e730243cd30756270994780","6a98d0c05e32ce8968337795","2026-09-02 21:46"
"Palmitas","69b33a815634cc416b9c7877","Giancarlo Esposito","68e85bdb3f2cbbe915cbcd3d","6a98d006116c521660726018","2026-09-02 21:47"
"Anonymous","617f7cfb9dffd50001875a3f","Tomek5_5","606e09423667bc0001ad663d","6a98d032116c521660726087","2026-09-02 21:47"
"Junior Paulo","60d6b2fd6f85320001258c83","lebron-3","694357bf716cf71c98f96b42","6a98cf37116c521660725d13","2026-09-02 21:49"
"Giancarlo Esposito","68e85bdb3f2cbbe915cbcd3d","Palmitas","69b33a815634cc416b9c7877","6a98d16c352e41c58ec434fd","2026-09-02 21:50"
"fishyy","5f21225bac988f00018aff93","Ghoncho1800","5e730243cd30756270994780","6a98d126116c5216607263d8","2026-09-02 21:51"
"Tomek5_5","606e09423667bc0001ad663d","鹰娥朗","628e0d478e5ef3a3ca163627","6a98d1db116c5216607266c1","2026-09-02 21:52"
"fishyy","5f21225bac988f00018aff93","Tomek5_5","606e09423667bc0001ad663d","6a98d2e183669b9ff9e51b19","2026-09-02 21:54"
"lebron-3","694357bf716cf71c98f96b42","Anonymous","617f7cfb9dffd50001875a3f","6a98d1fc83669b9ff9e5175c","2026-09-02 21:55"
"Ghoncho1800","5e730243cd30756270994780","a-you","5e93a3443d4b6a5af4f11b0b","6a98d29d116c521660726a05","2026-09-02 21:55"
"Blealgll","61ff38c2c5eeb200017a757d","KermitosisYT","5f9cc5a6aa01a700013c6c77","6a98d025116c521660726070","2026-09-02 21:55"
"Unc","6876a81aaf5ea16088df663a","sva","67a710249d75e04dff436d40","6a98d295116c5216607269dc","2026-09-02 21:57"
"david attenborough","6202fc2fed74670001f9a180","Eamonn","5e2e983722bbda85a40e9009","6a98d16b352e41c58ec434fb","2026-09-02 21:59"
"Ghoncho1800","5e730243cd30756270994780","Tomek5_5","606e09423667bc0001ad663d","6a98d369116c521660726cfb","2026-09-02 21:59"
"Gui","672803f88a593cd5d6bbd2e2","Marginal di street 🔥🇵🇹","60b02ccd04f35d0001523b18","6a98d317116c521660726bd1","2026-09-02 21:59"
"Giancarlo Esposito","68e85bdb3f2cbbe915cbcd3d","Palmitas","69b33a815634cc416b9c7877","6a98d30c352e41c58ec43a03","2026-09-02 22:01"
"Anonymous","617f7cfb9dffd50001875a3f","lebron-3","694357bf716cf71c98f96b42","6a98d37e352e41c58ec43b4e","2026-09-02 22:02"
"Kageyu","68ca96634b59728d6b0f739a","christmaslover (chatbanned)","673d6fdbb846b8a9a5f87aae","6a98d2e283669b9ff9e51b1d","2026-09-02 22:02"
"Ghoncho1800","5e730243cd30756270994780","david attenborough","6202fc2fed74670001f9a180","6a98d460116c5216607270f1","2026-09-02 22:03"
"Tomek5_5","606e09423667bc0001ad663d","鹰娥朗","628e0d478e5ef3a3ca163627","6a98d45e116c5216607270ec","2026-09-02 22:03"
"Gui","672803f88a593cd5d6bbd2e2","lortostada","61561fe8f37bdb0001ffd952","6a98d48b116c521660727182","2026-09-02 22:03"
"Eamonn","5e2e983722bbda85a40e9009","Palmitas","69b33a815634cc416b9c7877","6a98d4b3116c521660727204","2026-09-02 22:06"
"Puwaphat2304","660da547c04c2826f94e7d80","Ruari","60258d7d36ff8a0001f5fef5","6a98d521116c521660727420","2026-09-02 22:06"
"Gui","672803f88a593cd5d6bbd2e2","Tomek5_5","606e09423667bc0001ad663d","6a98d5b6116c5216607276b1","2026-09-02 22:08"
"Ghoncho1800","5e730243cd30756270994780","Tomek5_5","606e09423667bc0001ad663d","6a98d5d4116c521660727718","2026-09-02 22:09"
"david attenborough","6202fc2fed74670001f9a180","lebron-3","694357bf716cf71c98f96b42","6a98d524116c52166072743b","2026-09-02 22:09"
"Ghoncho1800","5e730243cd30756270994780","Tomek5_5","606e09423667bc0001ad663d","6a98d5d4116c521660727718","2026-09-02 22:09"
"Ruari","60258d7d36ff8a0001f5fef5","christmaslover (chatbanned)","673d6fdbb846b8a9a5f87aae","6a98d61b116c5216607277d7","2026-09-02 22:11"
"Eamonn","5e2e983722bbda85a40e9009","BarryTheBee","62be7867aa13616722f8dd4a","6a98d617116c5216607277d2","2026-09-02 22:12"
"Gui","672803f88a593cd5d6bbd2e2","Bms432","5d75a280b4ec1705ecdb7cf0","6a98d67f116c521660727952","2026-09-02 22:13"
"nitro","631d3543233913017a7ac6c6","Sombra","677c803ef36a2c9048280ccd","6a98d66b116c521660727903","2026-09-02 22:15"
"Tomek5_5","606e09423667bc0001ad663d","Kageyu","68ca96634b59728d6b0f739a","6a98d6d2116c521660727aec","2026-09-02 22:15"
"Ruari","60258d7d36ff8a0001f5fef5","christmaslover (chatbanned)","673d6fdbb846b8a9a5f87aae","6a98d712116c521660727bb8","2026-09-02 22:17"
"salamander","60d33d62acc9ca00010d4d66","Palmitas","69b33a815634cc416b9c7877","6a98d5f683669b9ff9e5254b","2026-09-02 22:18"
"Tomek5_5","606e09423667bc0001ad663d","Bms432","5d75a280b4ec1705ecdb7cf0","6a98d7a883669b9ff9e52a6e","2026-09-02 22:18"
"Xick","6227d06fc4123c000192c138","Henrikk","622640b7cb9b530001598509","6a98d83f116c521660727fe8","2026-09-02 22:20"
"Eamonn","5e2e983722bbda85a40e9009","Fenrys","60d8c06ddcd6370001961252","6a98d875352e41c58ec44aef","2026-09-02 22:21"
"Henrikk","622640b7cb9b530001598509","Xick","6227d06fc4123c000192c138","6a98d957352e41c58ec44d60","2026-09-02 22:22"
"Palmitas","69b33a815634cc416b9c7877","Anonymous","617f7cfb9dffd50001875a3f","6a98d8f8352e41c58ec44c53","2026-09-02 22:23"
"Kiran","5fa6fdd8b45c67000133f43d","Ran","66afa1dd844e1ade19b86da3","6a98d9a7116c521660728537","2026-09-02 22:23"
"nitro","631d3543233913017a7ac6c6","Sombra","677c803ef36a2c9048280ccd","6a98d824116c521660727f71","2026-09-02 22:24"
"Kiran","5fa6fdd8b45c67000133f43d","Ran","66afa1dd844e1ade19b86da3","6a98da0183669b9ff9e53110","2026-09-02 22:24"
"BarryTheBee","62be7867aa13616722f8dd4a","Eamonn","5e2e983722bbda85a40e9009","6a98d9925e32ce8968339061","2026-09-02 22:26"
"Palmitas","69b33a815634cc416b9c7877","Anonymous","617f7cfb9dffd50001875a3f","6a98d9e3116c521660728660","2026-09-02 22:26"
"Kome.jpeg","5bbdcfab2c01735208565bce","christmaslover (chatbanned)","673d6fdbb846b8a9a5f87aae","6a98da39116c5216607287f9","2026-09-02 22:27"
"Bms432","5d75a280b4ec1705ecdb7cf0","dont be mexico please","6888a4eb83716bb81ebd87ca","6a98d9f9116c5216607286f8","2026-09-02 22:28"
"Henrikk","622640b7cb9b530001598509","Fenrys","60d8c06ddcd6370001961252","6a98d9c15e32ce8968339143","2026-09-02 22:29"
"salamander","60d33d62acc9ca00010d4d66","Tomek5_5","606e09423667bc0001ad663d","6a98d8f9116c521660728270","2026-09-02 22:30"
"Luca","5f16089811d5ca4d3898393c","Finn Siemon","66eb7b4a062332fb60915d65","6a98daba5e32ce89683395d0","2026-09-02 22:30"
"Bms432","5d75a280b4ec1705ecdb7cf0","Unc","6876a81aaf5ea16088df663a","6a98db4e83669b9ff9e535a7","2026-09-02 22:30"
"nitro","631d3543233913017a7ac6c6","Sombra","677c803ef36a2c9048280ccd","6a98da275e32ce896833933f","2026-09-02 22:31"
"david attenborough","6202fc2fed74670001f9a180","lebron-3","694357bf716cf71c98f96b42","6a98d6b7116c521660727a6a","2026-09-02 22:31"
"Kiran","5fa6fdd8b45c67000133f43d","ImShinx","5f04af67d94a1550f0e79c76","6a98da5c5e32ce8968339422","2026-09-02 22:31"
"Palmitas","69b33a815634cc416b9c7877","Junior Paulo","60d6b2fd6f85320001258c83","6a98da9d116c521660728962","2026-09-02 22:32"
"Henrikk","622640b7cb9b530001598509","Kome.jpeg","5bbdcfab2c01735208565bce","6a98dbb95e32ce8968339996","2026-09-02 22:33"
"Luca","5f16089811d5ca4d3898393c","Tomek5_5","606e09423667bc0001ad663d","6a98dbbf116c521660728e6d","2026-09-02 22:34"
"Bms432","5d75a280b4ec1705ecdb7cf0","Unc","6876a81aaf5ea16088df663a","6a98dba4116c521660728df9","2026-09-02 22:34"
"Finn Siemon","66eb7b4a062332fb60915d65","Tomek5_5","606e09423667bc0001ad663d","6a98dbc5116c521660728e7f","2026-09-02 22:35"
"Anonymous","617f7cfb9dffd50001875a3f","Eamonn","5e2e983722bbda85a40e9009","6a98daee116c521660728a8d","2026-09-02 22:36"
"Tomek5_5","606e09423667bc0001ad663d","Finn Siemon","66eb7b4a062332fb60915d65","6a98dcda5e32ce8968339e36","2026-09-02 22:37"
"nitro","631d3543233913017a7ac6c6","BarryTheBee","62be7867aa13616722f8dd4a","6a98dbd9116c521660728ee2","2026-09-02 22:38"
"Luca","5f16089811d5ca4d3898393c","Tomek5_5","606e09423667bc0001ad663d","6a98dca95e32ce8968339da4","2026-09-02 22:39"
"Henrikk","622640b7cb9b530001598509","Junior Paulo","60d6b2fd6f85320001258c83","6a98dc3e116c521660729186","2026-09-02 22:40"
"Bms432","5d75a280b4ec1705ecdb7cf0","Finn Siemon","66eb7b4a062332fb60915d65","6a98dd365e32ce8968339f46","2026-09-02 22:40"
"Fenrys","60d8c06ddcd6370001961252","NamibianAmphibianMan","69ba2e52a04671c8a9b13e12","6a98dbff116c521660728ff7","2026-09-02 22:41"
"Kiran","5fa6fdd8b45c67000133f43d","ImShinx","5f04af67d94a1550f0e79c76","6a98dbf483669b9ff9e537b5","2026-09-02 22:41"
"Eamonn","5e2e983722bbda85a40e9009","Albanian Guy","58796ade8b9ff486d81bbad5","6a98dd1583669b9ff9e53bab","2026-09-02 22:42"
"Luca","5f16089811d5ca4d3898393c","Tomek5_5","606e09423667bc0001ad663d","6a98dde0116c521660729839","2026-09-02 22:43"
"Tomek5_5","606e09423667bc0001ad663d","Bms432","5d75a280b4ec1705ecdb7cf0","6a98ddf7116c5216607298ef","2026-09-02 22:43"
"Finn Siemon","66eb7b4a062332fb60915d65","ImShinx","5f04af67d94a1550f0e79c76","6a98de61116c521660729aa8","2026-09-02 22:43"
"bane","68ad099927369b0fd919500a","Its_ChinasFault","67d88144617e135e7b6559af","6a9777dae400c3eeccd6be82","2026-09-02 22:43"
"Sombra","677c803ef36a2c9048280ccd","nitro","631d3543233913017a7ac6c6","6a98dd82116c52166072963e","2026-09-02 22:44"
"Palmitas","69b33a815634cc416b9c7877","david attenborough","6202fc2fed74670001f9a180","6a98dbfa83669b9ff9e537c5","2026-09-02 22:44"
"Junior Paulo","60d6b2fd6f85320001258c83","Henrikk","622640b7cb9b530001598509","6a98dde9116c521660729854","2026-09-02 22:45"
"Albanian Guy","58796ade8b9ff486d81bbad5","Luca","5f16089811d5ca4d3898393c","6a98de96116c521660729ba5","2026-09-02 22:47"
"Bms432","5d75a280b4ec1705ecdb7cf0","Tomek5_5","606e09423667bc0001ad663d","6a98dec35e32ce896833a4f1","2026-09-02 22:48"
"Bms432","5d75a280b4ec1705ecdb7cf0","Tomek5_5","606e09423667bc0001ad663d","6a98dec35e32ce896833a4f1","2026-09-02 22:49"
"Finn Siemon","66eb7b4a062332fb60915d65","Tomek5_5","606e09423667bc0001ad663d","6a98deae5e32ce896833a4bc","2026-09-02 22:49"
"nitro","631d3543233913017a7ac6c6","BarryTheBee","62be7867aa13616722f8dd4a","6a98df27116c521660729d82","2026-09-02 22:50"
"Sombra","677c803ef36a2c9048280ccd","Eamonn","5e2e983722bbda85a40e9009","6a98deed116c521660729cc7","2026-09-02 22:50"
"Palmitas","69b33a815634cc416b9c7877","Junior Paulo","60d6b2fd6f85320001258c83","6a98df67116c521660729e1f","2026-09-02 22:50"
"Fenrys","60d8c06ddcd6370001961252","Kiran","5fa6fdd8b45c67000133f43d","6a98de52116c521660729a7e","2026-09-02 22:51"
"NamibianAmphibianMan","69ba2e52a04671c8a9b13e12","lortostada","61561fe8f37bdb0001ffd952","6a98de70116c521660729aee","2026-09-02 22:51"
"lebron-3","694357bf716cf71c98f96b42","Tomek5_5","606e09423667bc0001ad663d","6a98e0675e32ce896833a956","2026-09-02 22:52"
"Palmitas","6984de4267015bc9a6109cae","Bms432","5d75a280b4ec1705ecdb7cf0","6a98dfe4116c521660729f8b","2026-09-02 22:52"
"david attenborough","6202fc2fed74670001f9a180","Henrikk","622640b7cb9b530001598509","6a98df14116c521660729d45","2026-09-02 22:53"
"lebron-3","694357bf716cf71c98f96b42","Tomek5_5","606e09423667bc0001ad663d","6a98e0675e32ce896833a956","2026-09-02 22:53"
"Palmitas","6984de4267015bc9a6109cae","Rick Astley","64fce8cb8f2e9fbe3b42b979","6a98e10183669b9ff9e545c1","2026-09-02 22:56"
"ItzBurb","5e4ed1a726bbda4f241d0f18","RuralQuay427","67afb8f9170e41f8f611a20a","6a98e044116c52166072a0bf","2026-09-02 22:56"
"Sombra","677c803ef36a2c9048280ccd","nitro","631d3543233913017a7ac6c6","6a98e0bc116c52166072a2a5","2026-09-02 22:58"
"Palmitas","6984de4267015bc9a6109cae","Platzz","5b66d5037135fa0e48b47084","6a98e1d583669b9ff9e547d2","2026-09-02 22:58"
"Kiran","5fa6fdd8b45c67000133f43d","Fenrys","60d8c06ddcd6370001961252","6a98e084116c52166072a1ae","2026-09-02 22:58"
"BarryTheBee","62be7867aa13616722f8dd4a","Albanian Guy","58796ade8b9ff486d81bbad5","6a98e1b283669b9ff9e5476c","2026-09-02 23:00"
"Eamonn","5e2e983722bbda85a40e9009","Palmitas","69b33a815634cc416b9c7877","6a98e07a116c52166072a187","2026-09-02 23:00"
"Junior Paulo","60d6b2fd6f85320001258c83","lebron-3","694357bf716cf71c98f96b42","6a98e0ca5e32ce896833aa4d","2026-09-02 23:00"
"Henrikk","622640b7cb9b530001598509","david attenborough","6202fc2fed74670001f9a180","6a98e109116c52166072a385","2026-09-02 23:01"
"Sombra","677c803ef36a2c9048280ccd","nitro","631d3543233913017a7ac6c6","6a98e21f116c52166072a729","2026-09-02 23:03"
"Platzz","5b66d5037135fa0e48b47084","Palmitas","6984de4267015bc9a6109cae","6a98e233116c52166072a773","2026-09-02 23:04"
"Albanian Guy","58796ade8b9ff486d81bbad5","lebron-3","694357bf716cf71c98f96b42","6a98e2d8116c52166072aa0c","2026-09-02 23:05"
"Kiran","5fa6fdd8b45c67000133f43d","Ran","66afa1dd844e1ade19b86da3","6a98e254116c52166072a7de","2026-09-02 23:06"
"lebron-3","694357bf716cf71c98f96b42","Albanian Guy","58796ade8b9ff486d81bbad5","6a98e3cc116c52166072ad6b","2026-09-02 23:07"
"nitro","631d3543233913017a7ac6c6","Sombra","677c803ef36a2c9048280ccd","6a98e34d5e32ce896833b0a3","2026-09-02 23:08"
"Junior Paulo","60d6b2fd6f85320001258c83","Palmitas","69b33a815634cc416b9c7877","6a98e296352e41c58ec46985","2026-09-02 23:09"
"david attenborough","6202fc2fed74670001f9a180","Henrikk","622640b7cb9b530001598509","6a98e2ed116c52166072aa73","2026-09-02 23:10"
"Aljosc","6285deec505b0a7a76ccca1d","Здравко Милинковић","616dfc76157b6f0001dc7525","6a98e47a116c52166072b1da","2026-09-02 23:10"
"nitro","631d3543233913017a7ac6c6","Sombra","677c803ef36a2c9048280ccd","6a98e483116c52166072b1f2","2026-09-02 23:12"
"Palmitas","6984de4267015bc9a6109cae","Ratt","67adda06e36339976840db35","6a98e38e116c52166072ac73","2026-09-02 23:13"
"Palmitas","69b33a815634cc416b9c7877","Junior Paulo","60d6b2fd6f85320001258c83","6a98e49d116c52166072b240","2026-09-02 23:14"
"lebron-3","694357bf716cf71c98f96b42","Albanian Guy","58796ade8b9ff486d81bbad5","6a98e45083669b9ff9e55054","2026-09-02 23:15"
"danger","697ec2084f2fb1a1a48cb642","Aljosc","6285deec505b0a7a76ccca1d","6a98e57d116c52166072b5d2","2026-09-02 23:15"
"Henrikk","622640b7cb9b530001598509","david attenborough","6202fc2fed74670001f9a180","6a98e4fd352e41c58ec47189","2026-09-02 23:19"
"danger","697ec2084f2fb1a1a48cb642","Здравко Милинковић","616dfc76157b6f0001dc7525","6a98e6675e32ce896833bbb9","2026-09-02 23:20"
"Aljosc","6285deec505b0a7a76ccca1d","ImShinx","5f04af67d94a1550f0e79c76","6a98e61f116c52166072b83f","2026-09-02 23:20"
"nitro","631d3543233913017a7ac6c6","Sombra","677c803ef36a2c9048280ccd","6a98e556116c52166072b52a","2026-09-02 23:21"
"ALT POLIZIA","68d14c48a12767387be3a538","Lágrima's Spaceplonk Alt","698282326314d86a2a8c61e3","6a98e6fe5e32ce896833bd40","2026-09-02 23:21"
"BarryTheBee","62be7867aa13616722f8dd4a","FREE PALESTINE","6281e747cb6c707ef5ec2f6c","6a98e5fd5e32ce896833ba4b","2026-09-02 23:23"
"Palmitas","6984de4267015bc9a6109cae","Ratt","67adda06e36339976840db35","6a98e5f1116c52166072b773","2026-09-02 23:23"
"ALT POLIZIA","68d14c48a12767387be3a538","Aljosc","6285deec505b0a7a76ccca1d","6a98e76f116c52166072beb4","2026-09-02 23:23"
"Albanian Guy","58796ade8b9ff486d81bbad5","david attenborough","6202fc2fed74670001f9a180","6a98e6fc116c52166072bc05","2026-09-02 23:24"
"Nettspend","67a7ed6d607e54ae2aa7a9e5","ImShinx","5f04af67d94a1550f0e79c76","6a98e75b352e41c58ec47a29","2026-09-02 23:24"
"Sombra","677c803ef36a2c9048280ccd","nitro","631d3543233913017a7ac6c6","6a98e77f5e32ce896833c05a","2026-09-02 23:26"
"Nettspend","67a7ed6d607e54ae2aa7a9e5","Bms432","5d75a280b4ec1705ecdb7cf0","6a98e867116c52166072c2cd","2026-09-02 23:29"
"Sombra","677c803ef36a2c9048280ccd","nitro","631d3543233913017a7ac6c6","6a98e8c7352e41c58ec47ee5","2026-09-02 23:30"
"Nettspend","67a7ed6d607e54ae2aa7a9e5","Bms432","5d75a280b4ec1705ecdb7cf0","6a98e96183669b9ff9e5626a","2026-09-02 23:31"
"habesh","647734d056305f7bf5561a4e","RuralQuay427","67afb8f9170e41f8f611a20a","6a98e978116c52166072c7c1","2026-09-02 23:32"
"xiwang","696e0e6fe76a00570552d609","Northboii","669bfa0bdf76dc442ac759bf","6a98ea09116c52166072c9b7","2026-09-02 23:34"
"ALT POLIZIA","68d14c48a12767387be3a538","Ratt","67adda06e36339976840db35","6a98e836116c52166072c1e0","2026-09-02 23:34"
"BarryTheBee","62be7867aa13616722f8dd4a","FREE PALESTINE","6281e747cb6c707ef5ec2f6c","6a98e805116c52166072c11f","2026-09-02 23:35"
"Bms432","5d75a280b4ec1705ecdb7cf0","Nettspend","67a7ed6d607e54ae2aa7a9e5","6a98ea08116c52166072c9b5","2026-09-02 23:35"
"david attenborough","6202fc2fed74670001f9a180","Palmitas","69b33a815634cc416b9c7877","6a98e82b116c52166072c1b3","2026-09-02 23:37"
"[FatSnail] SavetheSnail","591790fc1bba70b6146c6485","ImShinx","5f04af67d94a1550f0e79c76","6a98e9fd5e32ce896833c9d8","2026-09-02 23:37"
"ALT POLIZIA","68d14c48a12767387be3a538","Northboii","669bfa0bdf76dc442ac759bf","6a98eab4116c52166072cc76","2026-09-02 23:39"
"Sombra","677c803ef36a2c9048280ccd","nitro","631d3543233913017a7ac6c6","6a98e9bf116c52166072c8c8","2026-09-02 23:41"
"Albanian Guy","58796ade8b9ff486d81bbad5","xiwang","696e0e6fe76a00570552d609","6a98ea9c116c52166072cbe6","2026-09-02 23:43"
"Fenrys","60d8c06ddcd6370001961252","[FatSnail] SavetheSnail","591790fc1bba70b6146c6485","6a98ebb783669b9ff9e5692f","2026-09-02 23:43"
"Lágrima's Spaceplonk Alt","698282326314d86a2a8c61e3","ImShinx","5f04af67d94a1550f0e79c76","6a98ec0683669b9ff9e56a41","2026-09-02 23:45"
"FREE PALESTINE","6281e747cb6c707ef5ec2f6c","BarryTheBee","62be7867aa13616722f8dd4a","6a98eca8116c52166072d466","2026-09-02 23:48"
"xiwang","696e0e6fe76a00570552d609","Northboii","669bfa0bdf76dc442ac759bf","6a98ecb6116c52166072d4ab","2026-09-02 23:48"
"im recording my gameplay","6a437d2254319c3206c01eb9","ALT POLIZIA","68d14c48a12767387be3a538","6a98ed78116c52166072d7e6","2026-09-02 23:51"
"Lágrima's Spaceplonk Alt","698282326314d86a2a8c61e3","Brian O'Blivion","61665fee2864cd000115d2d1","6a98ed1e116c52166072d63c","2026-09-02 23:51"
"BarryTheBee","62be7867aa13616722f8dd4a","Albanian Guy","58796ade8b9ff486d81bbad5","6a98ee805e32ce896833d89b","2026-09-02 23:52"
"im recording my gameplay","6a437d2254319c3206c01eb9","ALT POLIZIA","68d14c48a12767387be3a538","6a98ee86116c52166072dc40","2026-09-02 23:55"
"Northboii","669bfa0bdf76dc442ac759bf","xiwang","696e0e6fe76a00570552d609","6a98edd9116c52166072d97d","2026-09-02 23:56"
"duck","635dc283e419c615374198d6","Fenrys","60d8c06ddcd6370001961252","6a98ecbc352e41c58ec48bc8","2026-09-02 23:56"
"im recording my gameplay","6a437d2254319c3206c01eb9","Nettspend","67a7ed6d607e54ae2aa7a9e5","6a98ef7d116c52166072dfcc","2026-09-02 23:59"
