"[FatSnail] SavetheSnail","591790fc1bba70b6146c6485","Conquistadorito","603801f090c95200017d047e","6a8285f0947036f48977779a","2026-08-17 00:01"
"[TNT] Kirania","5c14f357ff3dc98d883d182c","nowlo","67493198473744059fbb9736","6a828597947036f4897776c8","2026-08-17 00:02"
"Conquistadorito","603801f090c95200017d047e","Lodi","5788e5e5c2a0fb1304dba46c","6a8286b6947036f48977794f","2026-08-17 00:02"
"路易十六","65337c686711b99177ed189b","kober","67ad18a09e150413a5e6fa66","6a8286f30f772dfe043f03cf","2026-08-17 00:03"
"kober","67ad18a09e150413a5e6fa66","雨又潇潇","635a7c4f940d8dc91bd25ec4","6a8287c8bb20a4f7c97506f8","2026-08-17 00:05"
"Conquistadorito","603801f090c95200017d047e","[FatSnail] SavetheSnail","591790fc1bba70b6146c6485","6a8287830f772dfe043f04e8","2026-08-17 00:06"
"Conquistadorito","603801f090c95200017d047e","yac&cheese","645b0c20107fe29c924fb124","6a82879abb20a4f7c9750690","2026-08-17 00:07"
"ThugMedic","69f73c59ad5fd303e76e695d","AlyssaXO","697951452c7d617abab0dc61","6a8287be947036f489777b83","2026-08-17 00:08"
"Conquistadorito","603801f090c95200017d047e","Grilled Negi","637d9e110e0274079e61acf1","6a828838947036f489777cc9","2026-08-17 00:08"
"kober","67ad18a09e150413a5e6fa66","路易十六","65337c686711b99177ed189b","6a828844947036f489777cdd","2026-08-17 00:10"
"Conquistadorito","603801f090c95200017d047e","ExponentialGorilla","6923eb71962fb6d5e342b5a7","6a82887d0f772dfe043f0701","2026-08-17 00:10"
"yac&cheese","645b0c20107fe29c924fb124","kober","67ad18a09e150413a5e6fa66","6a8288f0bb20a4f7c975094e","2026-08-17 00:11"
"Conquistadorito","603801f090c95200017d047e","[FatSnail] SavetheSnail","591790fc1bba70b6146c6485","6a828881947036f489777d50","2026-08-17 00:12"
"kober","67ad18a09e150413a5e6fa66","路易十六","65337c686711b99177ed189b","6a828a0b0f772dfe043f09da","2026-08-17 00:16"
"ExponentialGorilla","6923eb71962fb6d5e342b5a7","DonkeyGuesses","6912d873ef3380557dd45eec","6a8289bcbb20a4f7c9750a9a","2026-08-17 00:16"
"[TNT] Kirania","5c14f357ff3dc98d883d182c","nowlo","67493198473744059fbb9736","6a8287c80f772dfe043f057e","2026-08-17 00:18"
"DonkeyGuesses","6912d873ef3380557dd45eec","ExponentialGorilla","6923eb71962fb6d5e342b5a7","6a828b36947036f489778285","2026-08-17 00:19"
"kober","67ad18a09e150413a5e6fa66","路易十六","65337c686711b99177ed189b","6a828aee947036f4897781ed","2026-08-17 00:20"
"TechimanGuesser","69763f0e293ac365ce659dca","Kazuyanpi15","62f98280984cca8f85927223","6a8289e50f772dfe043f09a0","2026-08-17 00:20"
"Tottenhamwisps","60ad03a48b6e1d00012f8e7e","路易十六","65337c686711b99177ed189b","6a828bdbbb20a4f7c9750ea6","2026-08-17 00:24"
"DonkeyGuesses","6912d873ef3380557dd45eec","ExponentialGorilla","6923eb71962fb6d5e342b5a7","6a828b90e4726b84698c5ce8","2026-08-17 00:25"
"Lodi","5788e5e5c2a0fb1304dba46c","路易十六","65337c686711b99177ed189b","6a828cbd0f772dfe043f0eb0","2026-08-17 00:26"
"nowlo","67493198473744059fbb9736","[TNT] Kirania","5c14f357ff3dc98d883d182c","6a828b830f772dfe043f0c91","2026-08-17 00:28"
"Lodi","5788e5e5c2a0fb1304dba46c","ExponentialGorilla","6923eb71962fb6d5e342b5a7","6a828d5f947036f489778655","2026-08-17 00:29"
"Henrikk","622640b7cb9b530001598509","TechimanGuesser","69763f0e293ac365ce659dca","6a828de3e4726b84698c602c","2026-08-17 00:35"
"[TNT] Kirania","5c14f357ff3dc98d883d182c","nowlo","67493198473744059fbb9736","6a828dabe4726b84698c5fda","2026-08-17 00:36"
"Conquistadorito","603801f090c95200017d047e","wang","64df30f334185dd27cf839a7","6a828f9bbb20a4f7c97515cd","2026-08-17 00:39"
"Tottenhamwisps","60ad03a48b6e1d00012f8e7e","Henrikk","622640b7cb9b530001598509","6a828f7f0f772dfe043f13ee","2026-08-17 00:40"
"kober","67ad18a09e150413a5e6fa66","Conquistadorito","603801f090c95200017d047e","6a8290a2775a21378403a535","2026-08-17 00:42"
"TechimanGuesser","69763f0e293ac365ce659dca","Yerofey Pavlovich","5c200f8d097d013a04bcd2a7","6a828f4f0f772dfe043f1388","2026-08-17 00:43"
"DonkeyGuesses","6912d873ef3380557dd45eec","Grilled Negi","637d9e110e0274079e61acf1","6a828e5f1733aae025b297fb","2026-08-17 00:43"
"kober","67ad18a09e150413a5e6fa66","Conquistadorito","603801f090c95200017d047e","6a8290d0bb20a4f7c975183c","2026-08-17 00:44"
"daes","603a39d190c95200017e30a2","Floschi","63bf26706843377010374e78","6a82910b0f772dfe043f16e3","2026-08-17 00:44"
"DonkeyGuesses","6912d873ef3380557dd45eec","Conquistadorito","603801f090c95200017d047e","6a829135947036f489778d7c","2026-08-17 00:45"
"Jacky Wong","63be7833696b395b1a06db85","Henrikk","622640b7cb9b530001598509","6a829093bb20a4f7c97517c7","2026-08-17 00:46"
"nowlo","67493198473744059fbb9736","[TNT] Kirania","5c14f357ff3dc98d883d182c","6a828fcd0f772dfe043f1486","2026-08-17 00:48"
"Conquistadorito","603801f090c95200017d047e","[TNT] jv724 α","5d50f46b24ec173888d7e22e","6a8291f8bb20a4f7c9751aa6","2026-08-17 00:48"
"Conquistadorito","603801f090c95200017d047e","[TNT] jv724 α","5d50f46b24ec173888d7e22e","6a8291f8bb20a4f7c9751aa6","2026-08-17 00:49"
"Aculstingray","5f09a434a958535b8c808fd6","TechimanGuesser","69763f0e293ac365ce659dca","6a829162bb20a4f7c9751989","2026-08-17 00:50"
"Conquistadorito","603801f090c95200017d047e","[TNT] jv724 α","5d50f46b24ec173888d7e22e","6a8291f8bb20a4f7c9751aa6","2026-08-17 00:50"
"Conquistadorito","603801f090c95200017d047e","Grilled Negi","637d9e110e0274079e61acf1","6a8292930f772dfe043f19f7","2026-08-17 00:51"
"Henrikk","622640b7cb9b530001598509","smilax","612c35a04dcea10001c97943","6a829232bb20a4f7c9751b18","2026-08-17 00:52"
"Conquistadorito","603801f090c95200017d047e","Grilled Negi","637d9e110e0274079e61acf1","6a8292930f772dfe043f19f7","2026-08-17 00:53"
"daes","603a39d190c95200017e30a2","Luuuuuu :)","62e8d4366d2691f34172c855","6a8291ccbb20a4f7c9751a4a","2026-08-17 00:53"
"Yerofey Pavlovich","5c200f8d097d013a04bcd2a7","Palmitas","69b33a815634cc416b9c7877","6a8291f30f772dfe043f18ee","2026-08-17 00:55"
"nowlo","67493198473744059fbb9736","[TNT] Kirania","5c14f357ff3dc98d883d182c","6a82927ebb20a4f7c9751b94","2026-08-17 00:58"
"Henrikk","622640b7cb9b530001598509","daes","603a39d190c95200017e30a2","6a82939fbb20a4f7c9751dc4","2026-08-17 00:58"
"Conquistadorito","603801f090c95200017d047e","PacinhoGEO","6a59be9a4251546af742f407","6a8293850f772dfe043f1be3","2026-08-17 00:58"
"ProbablyAbhi","63d9277dda39cd67ba41603d","Joo-eun.","6a290dd1cf6b59479a2ae4de","6a829456947036f48977937b","2026-08-17 00:58"
"Fenrys","60d8c06ddcd6370001961252","TechimanGuesser","69763f0e293ac365ce659dca","6a8292d2bb20a4f7c9751c1d","2026-08-17 00:58"
"ProbablyAbhi","63d9277dda39cd67ba41603d","Jesper","6962762abc79a0f2300d324e","6a8294f50f772dfe043f1f04","2026-08-17 01:01"
"Palmitas","69b33a815634cc416b9c7877","arkst5711","653e2552c65b2ec04be90d7e","6a82945e1733aae025b2a123","2026-08-17 01:02"
"Fenrys","60d8c06ddcd6370001961252","TechimanGuesser","69763f0e293ac365ce659dca","6a8294babb20a4f7c9751fe5","2026-08-17 01:02"
"Conquistadorito","603801f090c95200017d047e","Joo-eun.","6a290dd1cf6b59479a2ae4de","6a8294f7bb20a4f7c9752064","2026-08-17 01:03"
"nowlo","67493198473744059fbb9736","[TNT] Kirania","5c14f357ff3dc98d883d182c","6a8294c1947036f489779461","2026-08-17 01:05"
"Henrikk","622640b7cb9b530001598509","daes","603a39d190c95200017e30a2","6a8294d6947036f4897794ba","2026-08-17 01:05"
"Jesper","6962762abc79a0f2300d324e","Cassius Chaerea","692afa4a3b2a1d12384d418b","6a829571e4726b84698c6c44","2026-08-17 01:06"
"daes","603a39d190c95200017e30a2","Luuuuuu :)","62e8d4366d2691f34172c855","6a8296690f772dfe043f2324","2026-08-17 01:08"
"[TNT] Kirania","5c14f357ff3dc98d883d182c","nowlo","67493198473744059fbb9736","6a82967fbb20a4f7c9752488","2026-08-17 01:09"
"Henrikk","622640b7cb9b530001598509","Jesper","6962762abc79a0f2300d324e","6a82968fbb20a4f7c97524ab","2026-08-17 01:09"
"TechimanGuesser","69763f0e293ac365ce659dca","Fenrys","60d8c06ddcd6370001961252","6a8295ae947036f4897796ee","2026-08-17 01:10"
"mink flow","61c0d83a2240d4000107a7a1","VinylStencil","62493b79c601012768cf64c7","6a82972a0f772dfe043f250b","2026-08-17 01:10"
"BYL","665af55a0f1c875d08a700fb","Tottenhamwisps","60ad03a48b6e1d00012f8e7e","6a82975abb20a4f7c97527d5","2026-08-17 01:12"
"Dimsum","63f619f14068eb7d4bbb134d","Cassius Chaerea","692afa4a3b2a1d12384d418b","6a829695bb20a4f7c97524ba","2026-08-17 01:13"
"daes","603a39d190c95200017e30a2","Vexul (Leltech)","6364e0c7ee0e6b336b67f363","6a82973dbb20a4f7c9752770","2026-08-17 01:13"
"[TNT] Kirania","5c14f357ff3dc98d883d182c","unwrittencat","659b1e04a83479f364f5ae61","6a829761947036f489779c07","2026-08-17 01:14"
"Palmitas","69b33a815634cc416b9c7877","arkst5711","653e2552c65b2ec04be90d7e","6a829629e4726b84698c6e4c","2026-08-17 01:14"
"Henrikk","622640b7cb9b530001598509","Jesper","6962762abc79a0f2300d324e","6a82976e947036f489779c27","2026-08-17 01:15"
"Luuuuuu :)","62e8d4366d2691f34172c855","Cassius Chaerea","692afa4a3b2a1d12384d418b","6a82982d0f772dfe043f292c","2026-08-17 01:15"
"Fenrys","60d8c06ddcd6370001961252","TechimanGuesser","69763f0e293ac365ce659dca","6a829779947036f489779c3d","2026-08-17 01:15"
"BYL","665af55a0f1c875d08a700fb","kober","67ad18a09e150413a5e6fa66","6a82986f0f772dfe043f29c5","2026-08-17 01:17"
"Tottenhamwisps","60ad03a48b6e1d00012f8e7e","Dimsum","63f619f14068eb7d4bbb134d","6a82982a0f772dfe043f2922","2026-08-17 01:17"
"BYL","665af55a0f1c875d08a700fb","kober","67ad18a09e150413a5e6fa66","6a8299250f772dfe043f2c62","2026-08-17 01:18"
"Jesper","6962762abc79a0f2300d324e","Henrikk","622640b7cb9b530001598509","6a8298b8947036f48977a204","2026-08-17 01:19"
"Palmitas","69b33a815634cc416b9c7877","kober","67ad18a09e150413a5e6fa66","6a82992d0f772dfe043f2c7c","2026-08-17 01:20"
"Norbert","61b40084a8414400018d958a","unwrittencat","659b1e04a83479f364f5ae61","6a829898bb20a4f7c9752cec","2026-08-17 01:21"
"PapaMacdus","6667d837d40195a479dc95b8","Luuuuuu :)","62e8d4366d2691f34172c855","6a829909947036f48977a2c9","2026-08-17 01:21"
"BYL","665af55a0f1c875d08a700fb","Dimsum","63f619f14068eb7d4bbb134d","6a8299960f772dfe043f2d90","2026-08-17 01:22"
"kober","67ad18a09e150413a5e6fa66","Jesper","6962762abc79a0f2300d324e","6a8299a6bb20a4f7c9753039","2026-08-17 01:22"
"aero","6204e99c582e1f0001bd9a43","Palmitas","69b33a815634cc416b9c7877","6a829a2e947036f48977a573","2026-08-17 01:23"
"aero","6204e99c582e1f0001bd9a43","Palmitas","69b33a815634cc416b9c7877","6a829a2e947036f48977a573","2026-08-17 01:24"
"wang","64df30f334185dd27cf839a7","kober","67ad18a09e150413a5e6fa66","6a829a39947036f48977a583","2026-08-17 01:24"
"BYL","665af55a0f1c875d08a700fb","Dimsum","63f619f14068eb7d4bbb134d","6a829a60e4726b84698c79fe","2026-08-17 01:25"
"kober","67ad18a09e150413a5e6fa66","Jesper","6962762abc79a0f2300d324e","6a829a84947036f48977a629","2026-08-17 01:25"
"Fenrys","60d8c06ddcd6370001961252","TechimanGuesser","69763f0e293ac365ce659dca","6a8298b6947036f48977a200","2026-08-17 01:26"
"kober","67ad18a09e150413a5e6fa66","BYL","665af55a0f1c875d08a700fb","6a829b16bb20a4f7c975331e","2026-08-17 01:27"
"MongolianMerchant","69ba2e52a04671c8a9b13e12","PapaMacdus","6667d837d40195a479dc95b8","6a829a390f772dfe043f2ee1","2026-08-17 01:27"
"Jesper","6962762abc79a0f2300d324e","A Balanced HKGeoguessr","652b9174712620f1edcadac8","6a829b15bb20a4f7c975331d","2026-08-17 01:27"
"wang","64df30f334185dd27cf839a7","Dimsum","63f619f14068eb7d4bbb134d","6a829ade0f772dfe043f301c","2026-08-17 01:28"
"Palmitas","69b33a815634cc416b9c7877","Norbert","61b40084a8414400018d958a","6a829ad7bb20a4f7c97532bc","2026-08-17 01:29"
"Jesper","6962762abc79a0f2300d324e","A Balanced HKGeoguessr","652b9174712620f1edcadac8","6a829bad0f772dfe043f3169","2026-08-17 01:29"
"xiwang","696e0e6fe76a00570552d609","unwrittencat","659b1e04a83479f364f5ae61","6a829a57947036f48977a5d1","2026-08-17 01:30"
"Dimsum","63f619f14068eb7d4bbb134d","Fenrys","60d8c06ddcd6370001961252","6a829b54947036f48977a794","2026-08-17 01:31"
"kober","67ad18a09e150413a5e6fa66","BYL","665af55a0f1c875d08a700fb","6a829b98947036f48977a82e","2026-08-17 01:32"
"PapaMacdus","6667d837d40195a479dc95b8","TechimanGuesser","69763f0e293ac365ce659dca","6a829b9b947036f48977a834","2026-08-17 01:33"
"fishyy","5f21225bac988f00018aff93","unwrittencat","659b1e04a83479f364f5ae61","6a829c5fbb20a4f7c9753562","2026-08-17 01:34"
"Jesper","6962762abc79a0f2300d324e","Fenrys","60d8c06ddcd6370001961252","6a829ca9947036f48977aaab","2026-08-17 01:34"
"wang","64df30f334185dd27cf839a7","kober","67ad18a09e150413a5e6fa66","6a829bd3947036f48977a8e9","2026-08-17 01:35"
"Jayden","61f149e3c24ced00015b4777","A Balanced HKGeoguessr","652b9174712620f1edcadac8","6a829c2d0f772dfe043f326a","2026-08-17 01:35"
"Norbert","61b40084a8414400018d958a","Palmitas","69b33a815634cc416b9c7877","6a829c27bb20a4f7c9753501","2026-08-17 01:36"
"kober","67ad18a09e150413a5e6fa66","BYL","665af55a0f1c875d08a700fb","6a829cc5947036f48977aaf1","2026-08-17 01:36"
"Dimsum","63f619f14068eb7d4bbb134d","Antigs","5fb70fb9e2c593000135b6e0","6a829beebb20a4f7c97534a8","2026-08-17 01:37"
"devj","5ee70329a237c362e06100b5","Jayden","61f149e3c24ced00015b4777","6a829d900f772dfe043f34d0","2026-08-17 01:37"
"unwrittencat","659b1e04a83479f364f5ae61","zach","621783eaab08b80001371858","6a829d37947036f48977ab9b","2026-08-17 01:38"
"wang","64df30f334185dd27cf839a7","kober","67ad18a09e150413a5e6fa66","6a829d67bb20a4f7c9753743","2026-08-17 01:38"
"Norbert","61b40084a8414400018d958a","Palmitas","69b33a815634cc416b9c7877","6a829dcf947036f48977ac80","2026-08-17 01:41"
"kober","67ad18a09e150413a5e6fa66","wang","64df30f334185dd27cf839a7","6a829e26947036f48977ad5e","2026-08-17 01:41"
"Shiina","5de7a59044d2a42f78156b33","[TNT] Kirania","5c14f357ff3dc98d883d182c","6a829bc9bb20a4f7c9753467","2026-08-17 01:42"
"unwrittencat","659b1e04a83479f364f5ae61","zach","621783eaab08b80001371858","6a829e0f947036f48977acd7","2026-08-17 01:42"
"BYL","665af55a0f1c875d08a700fb","kober","67ad18a09e150413a5e6fa66","6a829e76bb20a4f7c975390c","2026-08-17 01:44"
"17","6028ad57f227ff0001b8b01e","OceanMan","5e9a08cdd502e121002b5279","6a829e1a0f772dfe043f35e9","2026-08-17 01:44"
"Palmitas","69b33a815634cc416b9c7877","kober","67ad18a09e150413a5e6fa66","6a829ecb947036f48977ae59","2026-08-17 01:45"
"zach","621783eaab08b80001371858","wang","64df30f334185dd27cf839a7","6a829f1abb20a4f7c9753a20","2026-08-17 01:46"
"TechimanGuesser","69763f0e293ac365ce659dca","DonkeyGuesses","6912d873ef3380557dd45eec","6a829e800f772dfe043f366c","2026-08-17 01:46"
"kober","67ad18a09e150413a5e6fa66","unwrittencat","659b1e04a83479f364f5ae61","6a829f85947036f48977af67","2026-08-17 01:47"
"devj","5ee70329a237c362e06100b5","Antigs","5fb70fb9e2c593000135b6e0","6a829e180f772dfe043f35e4","2026-08-17 01:47"
"Shiina","5de7a59044d2a42f78156b33","sk 愛","666b76089d20c1dd39ec810c","6a829f6cbb20a4f7c9753ab7","2026-08-17 01:48"
"kober","67ad18a09e150413a5e6fa66","zach","621783eaab08b80001371858","6a82a00f947036f48977b048","2026-08-17 01:48"
"unwrittencat","659b1e04a83479f364f5ae61","kober","67ad18a09e150413a5e6fa66","6a82a03e0f772dfe043f3923","2026-08-17 01:49"
"[TNT] Kirania","5c14f357ff3dc98d883d182c","Norbert","61b40084a8414400018d958a","6a829f07947036f48977ae93","2026-08-17 01:50"
"1th Grader","62d3181a0e6e2a7ef24d6340","ハシビロ","62fd923738281a76193b9110","6a829e9c0f772dfe043f369b","2026-08-17 01:50"
"Palmitas","69b33a815634cc416b9c7877","OceanMan","5e9a08cdd502e121002b5279","6a829fbf0f772dfe043f3870","2026-08-17 01:51"
"A Balanced HKGeoguessr","652b9174712620f1edcadac8","Hez1tred.","68274ac83004afb088d83eac","6a829fcf0f772dfe043f388a","2026-08-17 01:51"
"kober","67ad18a09e150413a5e6fa66","zach","621783eaab08b80001371858","6a82a074bb20a4f7c9753ca8","2026-08-17 01:52"
"TechimanGuesser","69763f0e293ac365ce659dca","DonkeyGuesses","6912d873ef3380557dd45eec","6a82a037bb20a4f7c9753c4c","2026-08-17 01:52"
"17","6028ad57f227ff0001b8b01e","Henrikk","622640b7cb9b530001598509","6a829fcc947036f48977afec","2026-08-17 01:53"
"unwrittencat","659b1e04a83479f364f5ae61","kober","67ad18a09e150413a5e6fa66","6a82a0d3947036f48977b170","2026-08-17 01:55"
"zach","621783eaab08b80001371858","kober","67ad18a09e150413a5e6fa66","6a82a17dbb20a4f7c9753e8e","2026-08-17 01:56"
"Palmitas","69b33a815634cc416b9c7877","OceanMan","5e9a08cdd502e121002b5279","6a82a13dbb20a4f7c9753e16","2026-08-17 01:57"
"unwrittencat","659b1e04a83479f364f5ae61","kober","67ad18a09e150413a5e6fa66","6a82a2190f772dfe043f3c7c","2026-08-17 01:57"
"A Balanced HKGeoguessr","652b9174712620f1edcadac8","smilax","612c35a04dcea10001c97943","6a82a163bb20a4f7c9753e59","2026-08-17 01:57"
"nowlo","67493198473744059fbb9736","[TNT] Kirania","5c14f357ff3dc98d883d182c","6a82a134947036f48977b252","2026-08-17 01:58"
"sk 愛","666b76089d20c1dd39ec810c","OceanMan","5e9a08cdd502e121002b5279","6a82a285947036f48977b4d7","2026-08-17 01:58"
"unwrittencat","659b1e04a83479f364f5ae61","kober","67ad18a09e150413a5e6fa66","6a82a2930f772dfe043f3d74","2026-08-17 01:58"
"Henrikk","622640b7cb9b530001598509","devj","5ee70329a237c362e06100b5","6a82a1bb0f772dfe043f3bdc","2026-08-17 01:59"
"zach","621783eaab08b80001371858","kober","67ad18a09e150413a5e6fa66","6a82a252947036f48977b466","2026-08-17 02:00"
"Aaryan22","657021f7412bfd95aad62550","17","6028ad57f227ff0001b8b01e","6a82a2c9bb20a4f7c9754115","2026-08-17 02:00"
"Halikaru","5c357a953d925b4de42c816a","aguardiente","60ba2dec2056310001c27701","6a82a245947036f48977b440","2026-08-17 02:00"
"TechimanGuesser","69763f0e293ac365ce659dca","WindyMirage774","661c9b427222970e307aff01","6a82a189bb20a4f7c9753eab","2026-08-17 02:00"
"Henrikk","622640b7cb9b530001598509","devj","5ee70329a237c362e06100b5","6a82a32abb20a4f7c9754196","2026-08-17 02:02"
"unwrittencat","659b1e04a83479f364f5ae61","kober","67ad18a09e150413a5e6fa66","6a82a2e50f772dfe043f3e19","2026-08-17 02:04"
"Tosontsengel Sausages","676108739f1bd4dd8576b876","DonkeyGuesses","6912d873ef3380557dd45eec","6a82a344947036f48977b66d","2026-08-17 02:04"
"nowlo","67493198473744059fbb9736","Palmitas","69b33a815634cc416b9c7877","6a82a36b0f772dfe043f3f58","2026-08-17 02:06"
"sk 愛","666b76089d20c1dd39ec810c","OceanMan","5e9a08cdd502e121002b5279","6a82a2f7947036f48977b5b6","2026-08-17 02:06"
"kober","67ad18a09e150413a5e6fa66","zach","621783eaab08b80001371858","6a82a35f947036f48977b6a1","2026-08-17 02:06"
"unwrittencat","659b1e04a83479f364f5ae61","kober","67ad18a09e150413a5e6fa66","6a82a46dbb20a4f7c9754431","2026-08-17 02:07"
"OceanMan","5e9a08cdd502e121002b5279","zach","621783eaab08b80001371858","6a82a4cabb20a4f7c97544e6","2026-08-17 02:09"
"Capi","5f29c8819762af0001d89a97","Aaryan22","657021f7412bfd95aad62550","6a82a3a00f772dfe043f3fdb","2026-08-17 02:11"
"Halikaru","5c357a953d925b4de42c816a","aguardiente","60ba2dec2056310001c27701","6a82a367bb20a4f7c9754215","2026-08-17 02:11"
"DonkeyGuesses","6912d873ef3380557dd45eec","WindyMirage774","661c9b427222970e307aff01","6a82a455bb20a4f7c97543f6","2026-08-17 02:11"
"Lubec","5e974c906ea510372c1e444a","Elcu","633102d69d4a5044970cce21","6a82a597bb20a4f7c9754657","2026-08-17 02:13"
"kober","67ad18a09e150413a5e6fa66","quarksauce","5fe1b134a2ebcc0001c6bd9c","6a82a570947036f48977baa4","2026-08-17 02:13"
"unwrittencat","659b1e04a83479f364f5ae61","kober","67ad18a09e150413a5e6fa66","6a82a50b947036f48977b9dd","2026-08-17 02:14"
"zach","621783eaab08b80001371858","OceanMan","5e9a08cdd502e121002b5279","6a82a57d0f772dfe043f437b","2026-08-17 02:14"
"Henrikk","622640b7cb9b530001598509","17","6028ad57f227ff0001b8b01e","6a82a3d2e4726b84698c8764","2026-08-17 02:14"
"sk 愛","666b76089d20c1dd39ec810c","Palmitas","69b33a815634cc416b9c7877","6a82a4bc0f772dfe043f4223","2026-08-17 02:16"
"kober","67ad18a09e150413a5e6fa66","OceanMan","5e9a08cdd502e121002b5279","6a82a6ad0f772dfe043f458d","2026-08-17 02:16"
"kober","67ad18a09e150413a5e6fa66","OceanMan","5e9a08cdd502e121002b5279","6a82a6ad0f772dfe043f458d","2026-08-17 02:17"
"A Balanced HKGeoguessr","652b9174712620f1edcadac8","MaxJoker84","658c1a04945350bcd1f47aca","6a82a658bb20a4f7c97547ba","2026-08-17 02:17"
"Antigs","5fb70fb9e2c593000135b6e0","DonkeyGuesses","6912d873ef3380557dd45eec","6a82a6b2e4726b84698c8bb3","2026-08-17 02:17"
"zach","621783eaab08b80001371858","unwrittencat","659b1e04a83479f364f5ae61","6a82a6c7bb20a4f7c975487d","2026-08-17 02:18"
"kober","67ad18a09e150413a5e6fa66","Palmitas","69b33a815634cc416b9c7877","6a82a725947036f48977bd51","2026-08-17 02:18"
"kober","67ad18a09e150413a5e6fa66","zach","621783eaab08b80001371858","6a82a7770f772dfe043f46c7","2026-08-17 02:19"
"Aaryan22","657021f7412bfd95aad62550","Halikaru","5c357a953d925b4de42c816a","6a82a5e60f772dfe043f442a","2026-08-17 02:19"
"Henrikk","622640b7cb9b530001598509","Capi","5f29c8819762af0001d89a97","6a82a6fdbb20a4f7c97548c9","2026-08-17 02:19"
"kober","67ad18a09e150413a5e6fa66","zach","621783eaab08b80001371858","6a82a7c4947036f48977be64","2026-08-17 02:20"
"OceanMan","5e9a08cdd502e121002b5279","Leftist Leo 解放巴勒斯坦 🇵🇸 和","60d9c5536dac910001297d14","6a82a70b0f772dfe043f4603","2026-08-17 02:20"
"Lubec","5e974c906ea510372c1e444a","Elcu","633102d69d4a5044970cce21","6a82a692947036f48977bca6","2026-08-17 02:21"
"nowlo","67493198473744059fbb9736","Julian","5a8eb2d498cc2c6744a88ce4","6a82a789bb20a4f7c97549d1","2026-08-17 02:22"
"unwrittencat","659b1e04a83479f364f5ae61","Palmitas","69b33a815634cc416b9c7877","6a82a797bb20a4f7c97549f1","2026-08-17 02:22"
"OceanMan","5e9a08cdd502e121002b5279","Leftist Leo 解放巴勒斯坦 🇵🇸 和","60d9c5536dac910001297d14","6a82a800947036f48977bf0c","2026-08-17 02:23"
"zach","621783eaab08b80001371858","kober","67ad18a09e150413a5e6fa66","6a82a816947036f48977bf2a","2026-08-17 02:24"
"super singh","6a591d57c05d5d35f4095c85","thiccthigh","6a200667987205e5ac54794d","6a82a820947036f48977bf3a","2026-08-17 02:24"
"A Balanced HKGeoguessr","652b9174712620f1edcadac8","Kura Bálint","68af4f18ad78b301cb215888","6a82a762947036f48977bdc5","2026-08-17 02:24"
"kober","67ad18a09e150413a5e6fa66","unwrittencat","659b1e04a83479f364f5ae61","6a82a88bbb20a4f7c9754b58","2026-08-17 02:25"
"nowlo","67493198473744059fbb9736","Julian","5a8eb2d498cc2c6744a88ce4","6a82a8e1bb20a4f7c9754bbd","2026-08-17 02:27"
"kober","67ad18a09e150413a5e6fa66","zach","621783eaab08b80001371858","6a82a8f3947036f48977c041","2026-08-17 02:27"
"MaxJoker84","658c1a04945350bcd1f47aca","devj","5ee70329a237c362e06100b5","6a82a860947036f48977bf7b","2026-08-17 02:27"
"super singh","6a591d57c05d5d35f4095c85","thiccthigh","6a200667987205e5ac54794d","6a82a915947036f48977c073","2026-08-17 02:28"
"unwrittencat","659b1e04a83479f364f5ae61","kober","67ad18a09e150413a5e6fa66","6a82a927947036f48977c08f","2026-08-17 02:29"
"Leftist Leo 解放巴勒斯坦 🇵🇸 和","60d9c5536dac910001297d14","OceanMan","5e9a08cdd502e121002b5279","6a82a8db0f772dfe043f48ee","2026-08-17 02:29"
"Halikaru","5c357a953d925b4de42c816a","Aaryan22","657021f7412bfd95aad62550","6a82a7dce4726b84698c8d53","2026-08-17 02:30"
"Palmitas","69b33a815634cc416b9c7877","Lubec","5e974c906ea510372c1e444a","6a82a88e947036f48977bfbb","2026-08-17 02:31"
"Yuri Lacerda","574a41d691ca974b84f3cb55","Taylor Swift Connoisseur","5c7d0e74f8f7fb7218489b2e","6a82a97c947036f48977c112","2026-08-17 02:31"
"kober","67ad18a09e150413a5e6fa66","unwrittencat","659b1e04a83479f364f5ae61","6a82aa0d947036f48977c1ec","2026-08-17 02:32"
"Ritchie","5ff84d182c4df40001592f85","zach","621783eaab08b80001371858","6a82a9e7947036f48977c1a7","2026-08-17 02:32"
"super singh","6a591d57c05d5d35f4095c85","Juanma Herruzo","5da9ad2290bbda1624640ae5","6a82a9fdbb20a4f7c9754d81","2026-08-17 02:32"
"keyo","63b0355078556747fa516558","ManaphyIstToll","66c10e6b814c3996e77223cc","6a82aa30947036f48977c21f","2026-08-17 02:32"
"Elcu","633102d69d4a5044970cce21","Pablol","614ae3f096b10b0001ad06e8","6a82a96c0f772dfe043f49d8","2026-08-17 02:35"
"unwrittencat","659b1e04a83479f364f5ae61","Ritchie","5ff84d182c4df40001592f85","6a82ab1d0f772dfe043f4c79","2026-08-17 02:36"
"Leftist Leo 解放巴勒斯坦 🇵🇸 和","60d9c5536dac910001297d14","zach","621783eaab08b80001371858","6a82aab1947036f48977c2e4","2026-08-17 02:36"
"Halikaru","5c357a953d925b4de42c816a","OceanMan","5e9a08cdd502e121002b5279","6a82aa530f772dfe043f4b1c","2026-08-17 02:36"
"Palmitas","69b33a815634cc416b9c7877","Aaryan22","657021f7412bfd95aad62550","6a82aa98bb20a4f7c9754ea8","2026-08-17 02:37"
"super singh","6a591d57c05d5d35f4095c85","Kirakosyan","68d649a1ec1174c8f5268714","6a82aad20f772dfe043f4c13","2026-08-17 02:37"
"nowlo","67493198473744059fbb9736","Julian","5a8eb2d498cc2c6744a88ce4","6a82aa0b947036f48977c1e7","2026-08-17 02:38"
"keyo","63b0355078556747fa516558","ManaphyIstToll","66c10e6b814c3996e77223cc","6a82aad00f772dfe043f4c12","2026-08-17 02:38"
"Yuri Lacerda","574a41d691ca974b84f3cb55","devj","5ee70329a237c362e06100b5","6a82abbc947036f48977c49b","2026-08-17 02:38"
"Ritchie","5ff84d182c4df40001592f85","zach","621783eaab08b80001371858","6a82abb4947036f48977c48f","2026-08-17 02:39"
"Lubec","5e974c906ea510372c1e444a","eeeeeeeeeeee","658e9c0361137989504ec7ee","6a82ab0e947036f48977c37e","2026-08-17 02:40"
"keyo","63b0355078556747fa516558","ManaphyIstToll","66c10e6b814c3996e77223cc","6a82ac3d947036f48977c582","2026-08-17 02:40"
"Eddie","5695b1e1838cda1838015d4b","wang","64df30f334185dd27cf839a7","6a82ab8c947036f48977c451","2026-08-17 02:41"
"v.","643dbb743b34320cb1241a79","Elcu","633102d69d4a5044970cce21","6a82ac75bb20a4f7c97551cb","2026-08-17 02:42"
"super singh","6a591d57c05d5d35f4095c85","Doktorn","620bfdd048159800017ee31e","6a82ac26947036f48977c53e","2026-08-17 02:42"
"unwrittencat","659b1e04a83479f364f5ae61","Delema()()()","65869f62df3f7bea3fa1d675","6a82abc5947036f48977c4ae","2026-08-17 02:43"
"keyo","63b0355078556747fa516558","Ritchie","5ff84d182c4df40001592f85","6a82acdcbb20a4f7c9755298","2026-08-17 02:44"
"Palmitas","69b33a815634cc416b9c7877","Aaryan22","657021f7412bfd95aad62550","6a82ac2fbb20a4f7c9755133","2026-08-17 02:45"
"OceanMan","5e9a08cdd502e121002b5279","Halikaru","5c357a953d925b4de42c816a","6a82aba0947036f48977c477","2026-08-17 02:45"
"eeeeeeeeeeee","658e9c0361137989504ec7ee","earthenjoyer","662b7a543f29656f5fe5bf53","6a82accbbb20a4f7c975526e","2026-08-17 02:45"
"keyo","63b0355078556747fa516558","Ritchie","5ff84d182c4df40001592f85","6a82ad940f772dfe043f502c","2026-08-17 02:45"
"super singh","6a591d57c05d5d35f4095c85","Juanma Herruzo","5da9ad2290bbda1624640ae5","6a82ad07947036f48977c730","2026-08-17 02:46"
"super singh","6a591d57c05d5d35f4095c85","MaierCuber10","670c94a88754e153cce00f5e","6a82ae15bb20a4f7c97554bd","2026-08-17 02:47"
"Delema()()()","65869f62df3f7bea3fa1d675","unwrittencat","659b1e04a83479f364f5ae61","6a82ad6dbb20a4f7c975538b","2026-08-17 02:48"
"Leftist Leo 解放巴勒斯坦 🇵🇸 和","60d9c5536dac910001297d14","koendew","601d3640dd769100010c6f35","6a82ad3bbb20a4f7c9755347","2026-08-17 02:48"
"nowlo","67493198473744059fbb9736","Lubec","5e974c906ea510372c1e444a","6a82acedbb20a4f7c97552da","2026-08-17 02:49"
"盲","63b6a120ed1bf0b1b513dfb8","OceanMan","5e9a08cdd502e121002b5279","6a82adcabb20a4f7c9755402","2026-08-17 02:49"
"Yuri Lacerda","574a41d691ca974b84f3cb55","NordicFuss","658183f0f00b95cec1ae1e4f","6a82ad1d947036f48977c755","2026-08-17 02:49"
"Halikaru","5c357a953d925b4de42c816a","wang","64df30f334185dd27cf839a7","6a82adbe947036f48977c849","2026-08-17 02:50"
"Tren72","5835140899923047c43cda16","WindyMirage774","661c9b427222970e307aff01","6a82acf3bb20a4f7c97552e2","2026-08-17 02:50"
"earthenjoyer","662b7a543f29656f5fe5bf53","Aaryan22","657021f7412bfd95aad62550","6a82ae01e4726b84698c958b","2026-08-17 02:51"
"Delema()()()","65869f62df3f7bea3fa1d675","Norbert","61b40084a8414400018d958a","6a82aebd947036f48977cb80","2026-08-17 02:53"
"Palmitas","69b33a815634cc416b9c7877","unwrittencat","659b1e04a83479f364f5ae61","6a82af30e4726b84698c9870","2026-08-17 02:53"
"Lubec","5e974c906ea510372c1e444a","盲","63b6a120ed1bf0b1b513dfb8","6a82af1d0f772dfe043f53b9","2026-08-17 02:55"
"Elcu","633102d69d4a5044970cce21","Eddie","5695b1e1838cda1838015d4b","6a82ad410f772dfe043f4fdb","2026-08-17 02:55"
"eeeeeeeeeeee","658e9c0361137989504ec7ee","OceanMan","5e9a08cdd502e121002b5279","6a82aed10f772dfe043f5320","2026-08-17 02:55"
"Ritchie","5ff84d182c4df40001592f85","Kanonenkaktus","5f1c05d6a8de85000129c1ac","6a82aea7bb20a4f7c97556b3","2026-08-17 02:55"
"unwrittencat","659b1e04a83479f364f5ae61","Palmitas","69b33a815634cc416b9c7877","6a82afc50f772dfe043f5573","2026-08-17 02:57"
"nemessis","6a68f0776670f9815653f016","Cankurt_","69108eb03c6839fea509279c","6a82aee9947036f48977cbca","2026-08-17 02:57"
"kober","67ad18a09e150413a5e6fa66","unwrittencat","659b1e04a83479f364f5ae61","6a82b099947036f48977cffe","2026-08-17 02:59"
"Kanonenkaktus","5f1c05d6a8de85000129c1ac","SolveForTheY","5f7841ee38449c0001236bcc","6a82b045947036f48977cf2f","2026-08-17 02:59"
"devj","5ee70329a237c362e06100b5","Eric455293","5ba7d3df2c0173520853d18c","6a82b055bb20a4f7c9755b30","2026-08-17 02:59"
"nowlo","67493198473744059fbb9736","Palmitas","69b33a815634cc416b9c7877","6a82b0cdbb20a4f7c9755c1c","2026-08-17 03:00"
"盲","63b6a120ed1bf0b1b513dfb8","Lubec","5e974c906ea510372c1e444a","6a82b032bb20a4f7c9755a80","2026-08-17 03:00"
"duck","635dc283e419c615374198d6","earthenjoyer","662b7a543f29656f5fe5bf53","6a82afab0f772dfe043f54fa","2026-08-17 03:01"
"Halikaru","5c357a953d925b4de42c816a","Aaryan22","657021f7412bfd95aad62550","6a82af3d0f772dfe043f53e9","2026-08-17 03:02"
"unwrittencat","659b1e04a83479f364f5ae61","Palmitas","69b33a815634cc416b9c7877","6a82b154bb20a4f7c9755d25","2026-08-17 03:03"
"Ritchie","5ff84d182c4df40001592f85","OceanMan","5e9a08cdd502e121002b5279","6a82b0410f772dfe043f56fa","2026-08-17 03:05"
"Aaryan22","657021f7412bfd95aad62550","earthenjoyer","662b7a543f29656f5fe5bf53","6a82b2430f772dfe043f5b78","2026-08-17 03:07"
"盲","63b6a120ed1bf0b1b513dfb8","Lubec","5e974c906ea510372c1e444a","6a82b184e4726b84698c9d5a","2026-08-17 03:08"
"Palmitas","69b33a815634cc416b9c7877","unwrittencat","659b1e04a83479f364f5ae61","6a82b22abb20a4f7c9755f28","2026-08-17 03:08"
"ManaphyIstToll","66c10e6b814c3996e77223cc","SoloDeveloping_ttv","6588371b2042a7381b6e016a","6a82b2490f772dfe043f5b86","2026-08-17 03:08"
"unwrittencat","659b1e04a83479f364f5ae61","Lubec","5e974c906ea510372c1e444a","6a82b332947036f48977d614","2026-08-17 03:10"
"Halikaru","5c357a953d925b4de42c816a","duck","635dc283e419c615374198d6","6a82b1cb0f772dfe043f5a6d","2026-08-17 03:10"
"earthenjoyer","662b7a543f29656f5fe5bf53","Ilham Aliyev","67823628944bf415c9e5b9d9","6a82b3010f772dfe043f5d2e","2026-08-17 03:10"
"unwrittencat","659b1e04a83479f364f5ae61","Ringo","6046c8a097019400018ea4cf","6a82b3c7bb20a4f7c9756313","2026-08-17 03:12"
"路易十六","65337c686711b99177ed189b","OceanMan","5e9a08cdd502e121002b5279","6a82b2e9bb20a4f7c9756131","2026-08-17 03:12"
"Halikaru","5c357a953d925b4de42c816a","duck","635dc283e419c615374198d6","6a82b3aa947036f48977d725","2026-08-17 03:14"
"OceanMan","5e9a08cdd502e121002b5279","路易十六","65337c686711b99177ed189b","6a82b41b0f772dfe043f5f6b","2026-08-17 03:15"
"devj","5ee70329a237c362e06100b5","ManaphyIstToll","66c10e6b814c3996e77223cc","6a82b33cbb20a4f7c97561cd","2026-08-17 03:15"
"earthenjoyer","662b7a543f29656f5fe5bf53","Ilham Aliyev","67823628944bf415c9e5b9d9","6a82b3e40f772dfe043f5f06","2026-08-17 03:16"
"Palmitas","69b33a815634cc416b9c7877","盲","63b6a120ed1bf0b1b513dfb8","6a82b33b947036f48977d62d","2026-08-17 03:17"
"OceanMan","5e9a08cdd502e121002b5279","Halikaru","5c357a953d925b4de42c816a","6a82b4ca947036f48977d9d0","2026-08-17 03:17"
"Shiina","5de7a59044d2a42f78156b33","nowlo","67493198473744059fbb9736","6a82b35a0f772dfe043f5de0","2026-08-17 03:18"
"OceanMan","5e9a08cdd502e121002b5279","盲","63b6a120ed1bf0b1b513dfb8","6a82b56c947036f48977db8d","2026-08-17 03:20"
"earthenjoyer","662b7a543f29656f5fe5bf53","Halikaru","5c357a953d925b4de42c816a","6a82b54dbb20a4f7c975664a","2026-08-17 03:21"
"路易十六","65337c686711b99177ed189b","Eric455293","5ba7d3df2c0173520853d18c","6a82b4d3947036f48977d9f4","2026-08-17 03:21"
"Ritchie","5ff84d182c4df40001592f85","unwrittencat","659b1e04a83479f364f5ae61","6a82b51c947036f48977dab7","2026-08-17 03:22"
"Lubec","5e974c906ea510372c1e444a","Ringo","6046c8a097019400018ea4cf","6a82b4460f772dfe043f5fc8","2026-08-17 03:23"
"Palmitas","69b33a815634cc416b9c7877","盲","63b6a120ed1bf0b1b513dfb8","6a82b60b0f772dfe043f63d0","2026-08-17 03:26"
"daes","603a39d190c95200017e30a2","WindyMirage774","661c9b427222970e307aff01","6a82b65b0f772dfe043f6447","2026-08-17 03:26"
"devj","5ee70329a237c362e06100b5","SoloDeveloping_ttv","6588371b2042a7381b6e016a","6a82b639947036f48977dd64","2026-08-17 03:26"
"Nick.BY","5926b86352e6ca6c8c1463d7","WaiWai","621f7436f0bf520001066b61","6a82b766bb20a4f7c9756b2b","2026-08-17 03:28"
"daes","603a39d190c95200017e30a2","WindyMirage774","661c9b427222970e307aff01","6a82b768bb20a4f7c9756b31","2026-08-17 03:28"
"OceanMan","5e9a08cdd502e121002b5279","路易十六","65337c686711b99177ed189b","6a82b652947036f48977dd99","2026-08-17 03:30"
"Ritchie","5ff84d182c4df40001592f85","earthenjoyer","662b7a543f29656f5fe5bf53","6a82b6780f772dfe043f6470","2026-08-17 03:30"
"Ringo","6046c8a097019400018ea4cf","unwrittencat","659b1e04a83479f364f5ae61","6a82b6cd947036f48977de99","2026-08-17 03:31"
"nowlo","67493198473744059fbb9736","Shiina","5de7a59044d2a42f78156b33","6a82b5acbb20a4f7c975674d","2026-08-17 03:32"
"silvia","5ab45e391e1f02697026c335","Eric455293","5ba7d3df2c0173520853d18c","6a82b7dfbb20a4f7c9756c87","2026-08-17 03:32"
"devj","5ee70329a237c362e06100b5","Gigi21","58a94b528b9ff43e3cffbb08","6a82b7950f772dfe043f6687","2026-08-17 03:32"
"Lubec","5e974c906ea510372c1e444a","Palmitas","69b33a815634cc416b9c7877","6a82b81a0f772dfe043f6787","2026-08-17 03:33"
"盲","63b6a120ed1bf0b1b513dfb8","OceanMan","5e9a08cdd502e121002b5279","6a82b853bb20a4f7c9756d48","2026-08-17 03:35"
"0.03mm","692fdd96871fb5a05c4dcab0","Ilham Aliyev","67823628944bf415c9e5b9d9","6a82b844947036f48977e1c2","2026-08-17 03:35"
"Ringo","6046c8a097019400018ea4cf","unwrittencat","659b1e04a83479f364f5ae61","6a82b9050f772dfe043f699f","2026-08-17 03:36"
"男方鬆 (N鴯D)","6409beba17491edb5a32b684","路易十六","65337c686711b99177ed189b","6a82b948947036f48977e422","2026-08-17 03:36"
"aguardiente","60ba2dec2056310001c27701","Tschapra","66b9c722770eb8e328a9c2fb","6a82b979947036f48977e49a","2026-08-17 03:38"
"silvia","5ab45e391e1f02697026c335","Eric455293","5ba7d3df2c0173520853d18c","6a82b8d4bb20a4f7c9756e6e","2026-08-17 03:38"
"Palmitas","69b33a815634cc416b9c7877","盲","63b6a120ed1bf0b1b513dfb8","6a82b98d947036f48977e4cd","2026-08-17 03:39"
"unwrittencat","659b1e04a83479f364f5ae61","男方鬆 (N鴯D)","6409beba17491edb5a32b684","6a82b9eae4726b84698cae00","2026-08-17 03:39"
"MaxJoker84","658c1a04945350bcd1f47aca","手癢","68db9ecbe6586dfdb1908777","6a82b9a8bb20a4f7c97570d9","2026-08-17 03:40"
"路易十六","65337c686711b99177ed189b","0.03mm","692fdd96871fb5a05c4dcab0","6a82b9db947036f48977e5a3","2026-08-17 03:41"
"Ringo","6046c8a097019400018ea4cf","盲","63b6a120ed1bf0b1b513dfb8","6a82ba8bbb20a4f7c97572ea","2026-08-17 03:45"
"Tschapra","66b9c722770eb8e328a9c2fb","Ritchie","5ff84d182c4df40001592f85","6a82ba4d0f772dfe043f6d0d","2026-08-17 03:45"
"0.03mm","692fdd96871fb5a05c4dcab0","Mythaz","62c41cd57a1a25207caf8277","6a82bb2dbb20a4f7c975745e","2026-08-17 03:45"
"nowlo","67493198473744059fbb9736","Shiina","5de7a59044d2a42f78156b33","6a82b8fa0f772dfe043f6976","2026-08-17 03:46"
"ILIAPLONKS (YT/TTV)","623798a42965f997f04b1cc1","unwrittencat","659b1e04a83479f364f5ae61","6a82bb26bb20a4f7c975744e","2026-08-17 03:47"
"OceanMan","5e9a08cdd502e121002b5279","Syn","5fc86ba947bce10001a030ba","6a82ba38bb20a4f7c9757215","2026-08-17 03:47"
"Tschapra","66b9c722770eb8e328a9c2fb","Mato Grosso","687515758c49b2f1bf4432cf","6a82bbe20f772dfe043f70f4","2026-08-17 03:47"
"路易十六","65337c686711b99177ed189b","VibrantPrairie258","67a702a1387e9fccb392e0b2","6a82bafc947036f48977e85b","2026-08-17 03:47"
"0.03mm","692fdd96871fb5a05c4dcab0","Cola1201","69c6a8d2740edf133d1edfa2","6a82bbff0f772dfe043f7135","2026-08-17 03:52"
"盲","63b6a120ed1bf0b1b513dfb8","Ritchie","5ff84d182c4df40001592f85","6a82bc4caf65bffd1004551c","2026-08-17 03:53"
"Tschapra","66b9c722770eb8e328a9c2fb","OceanMan","5e9a08cdd502e121002b5279","6a82bc80af65bffd1004559d","2026-08-17 03:53"
"Knuefi","686f418b1d20bac2bc99c10f","WaiWai","621f7436f0bf520001066b61","6a82bab8e4726b84698cafd0","2026-08-17 03:53"
"Aculstingray","5f09a434a958535b8c808fd6","Syn","5fc86ba947bce10001a030ba","6a82bc75894251d2175fb244","2026-08-17 03:53"
"Palmitas","69b33a815634cc416b9c7877","unwrittencat","659b1e04a83479f364f5ae61","6a82bd48af65bffd10045730","2026-08-17 03:54"
"nowlo","67493198473744059fbb9736","Shiina","5de7a59044d2a42f78156b33","6a82bc3eaf65bffd1004550e","2026-08-17 03:55"
"Aculstingray","5f09a434a958535b8c808fd6","Ritchie","5ff84d182c4df40001592f85","6a82bde0894251d2175fb5bc","2026-08-17 03:55"
"Wish i could try again","69d154ba0a3f30cbd4825d7a","Kiran","5fa6fdd8b45c67000133f43d","6a82bd5b894251d2175fb481","2026-08-17 03:55"
"Tschapra","66b9c722770eb8e328a9c2fb","0.03mm","692fdd96871fb5a05c4dcab0","6a82bdb0894251d2175fb540","2026-08-17 03:56"
"Mato Grosso","687515758c49b2f1bf4432cf","睡","68063ef87827d2d6e685a3dc","6a82bc52947036f48977eb7a","2026-08-17 03:57"
"Ringo","6046c8a097019400018ea4cf","unwrittencat","659b1e04a83479f364f5ae61","6a82be45af65bffd10045921","2026-08-17 03:58"
"OceanMan","5e9a08cdd502e121002b5279","盲","63b6a120ed1bf0b1b513dfb8","6a82bdcabf4bb8b8b7c12e8c","2026-08-17 03:58"
"Shiina","5de7a59044d2a42f78156b33","nowlo","67493198473744059fbb9736","6a82be42af65bffd1004591b","2026-08-17 04:00"
"[TNT] Kirania","5c14f357ff3dc98d883d182c","Palmitas","69b33a815634cc416b9c7877","6a82be59894251d2175fb6d6","2026-08-17 04:00"
"Aculstingray","5f09a434a958535b8c808fd6","Ritchie","5ff84d182c4df40001592f85","6a82be36af65bffd10045908","2026-08-17 04:00"
"silvia","5ab45e391e1f02697026c335","Gu5sten","6606278079724c4697b506d2","6a82bcd1bf4bb8b8b7c12d0c","2026-08-17 04:01"
"Lubec","5e974c906ea510372c1e444a","unwrittencat","659b1e04a83479f364f5ae61","6a82bf03894251d2175fb81c","2026-08-17 04:03"
"Ofendani","5bf882e543196557d45fb414","JasonYam","654be9570c6bc13590bdfdd4","6a82bbee947036f48977eaa6","2026-08-17 04:03"
"Tschapra","66b9c722770eb8e328a9c2fb","0.03mm","692fdd96871fb5a05c4dcab0","6a82be69af65bffd1004595b","2026-08-17 04:04"
"Aculstingray","5f09a434a958535b8c808fd6","男方鬆 (N鴯D)","6409beba17491edb5a32b684","6a82bf60894251d2175fb8d5","2026-08-17 04:04"
"Ringo","6046c8a097019400018ea4cf","[TNT] Kirania","5c14f357ff3dc98d883d182c","6a82bf88894251d2175fb91b","2026-08-17 04:05"
"Tikon","621cddf10416aa00011b992b","Palmitas","69b33a815634cc416b9c7877","6a82bf686d5e98df6f7aa8ed","2026-08-17 04:06"
"super singh","6a591d57c05d5d35f4095c85","Chris Peacock","61a919ce1763cb0001d21547","6a82bf7c894251d2175fb90c","2026-08-17 04:06"
"Ilham Aliyev","67823628944bf415c9e5b9d9","Ruari","60258d7d36ff8a0001f5fef5","6a82c056af65bffd10045d0a","2026-08-17 04:06"
"男方鬆 (N鴯D)","6409beba17491edb5a32b684","Tschapra","66b9c722770eb8e328a9c2fb","6a82c078af65bffd10045d38","2026-08-17 04:07"
"Palmitas","69b33a815634cc416b9c7877","Tikon","621cddf10416aa00011b992b","6a82c0ca894251d2175fbbbd","2026-08-17 04:08"
"Ilham Aliyev","67823628944bf415c9e5b9d9","VibrantPrairie258","67a702a1387e9fccb392e0b2","6a82c0d2894251d2175fbbd2","2026-08-17 04:08"
"Shiina","5de7a59044d2a42f78156b33","nowlo","67493198473744059fbb9736","6a82bf52894251d2175fb8c0","2026-08-17 04:10"
"盲","63b6a120ed1bf0b1b513dfb8","OceanMan","5e9a08cdd502e121002b5279","6a82beec894251d2175fb7f4","2026-08-17 04:10"
"Ruari","60258d7d36ff8a0001f5fef5","Bazreia","596014fbf97df993145b15d0","6a82c0daaf65bffd10045e05","2026-08-17 04:10"
"Florian","5dad9132d0d2a44f1018e420","Treasure Hunter UA","54a91ef1ab462aac88f32a28","6a82c09faf65bffd10045d79","2026-08-17 04:10"
"Ritchie","5ff84d182c4df40001592f85","celownikwodny","664a46ec660949cf6274a231","6a82bf756d5e98df6f7aa902","2026-08-17 04:11"
"unwrittencat","659b1e04a83479f364f5ae61","[TNT] Kirania","5c14f357ff3dc98d883d182c","6a82c0bcaf65bffd10045db4","2026-08-17 04:12"
"Aculstingray","5f09a434a958535b8c808fd6","0.03mm","692fdd96871fb5a05c4dcab0","6a82c076894251d2175fbb07","2026-08-17 04:12"
"男方鬆 (N鴯D)","6409beba17491edb5a32b684","Ilham Aliyev","67823628944bf415c9e5b9d9","6a82c156754e2725d3e6ca1e","2026-08-17 04:13"
"Palmitas","69b33a815634cc416b9c7877","Tikon","621cddf10416aa00011b992b","6a82c15f894251d2175fbd50","2026-08-17 04:14"
"Aculstingray","5f09a434a958535b8c808fd6","Ilham Aliyev","67823628944bf415c9e5b9d9","6a82c259894251d2175fbf36","2026-08-17 04:15"
"eric","613276f8963ea90001d1c261","Bazreia","596014fbf97df993145b15d0","6a82c27b4c4b3a38d21ed8da","2026-08-17 04:15"
"OceanMan","5e9a08cdd502e121002b5279","盲","63b6a120ed1bf0b1b513dfb8","6a82c1b8894251d2175fbe04","2026-08-17 04:16"
"Ritchie","5ff84d182c4df40001592f85","unwrittencat","659b1e04a83479f364f5ae61","6a82c243a42c20e59305b2c6","2026-08-17 04:16"
"Gu5sten","6606278079724c4697b506d2","Kiran","5fa6fdd8b45c67000133f43d","6a82c141af65bffd10045eef","2026-08-17 04:16"
"nowlo","67493198473744059fbb9736","Shiina","5de7a59044d2a42f78156b33","6a82c1b8bf4bb8b8b7c134cf","2026-08-17 04:17"
"TEEM0","68f9fdd90f6d5f026cf9e4d8","Souvikmonster","684fcbdec11aaf3384bca80d","6a82c2ce712ddf556fe0a94d","2026-08-17 04:18"
"Palmitas","69b33a815634cc416b9c7877","Tikon","621cddf10416aa00011b992b","6a82c2b74c4b3a38d21ed96b","2026-08-17 04:19"
"Ofendani","5bf882e543196557d45fb414","habesh","647734d056305f7bf5561a4e","6a82c1afaf65bffd10045f9e","2026-08-17 04:19"
"Ringo","6046c8a097019400018ea4cf","[TNT] Kirania","5c14f357ff3dc98d883d182c","6a82c2265d197a5217039406","2026-08-17 04:20"
"super singh","6a591d57c05d5d35f4095c85","Chris Peacock","61a919ce1763cb0001d21547","6a82c1c6bf4bb8b8b7c134f0","2026-08-17 04:20"
"Tomma","5d84cf571d19aba098c06fe2","0.03mm","692fdd96871fb5a05c4dcab0","6a82c24aa42c20e59305b2c8","2026-08-17 04:20"
"Tschapra","66b9c722770eb8e328a9c2fb","Xick","6227d06fc4123c000192c138","6a82c1a16d5e98df6f7aac4e","2026-08-17 04:22"
"Loars_","67c023fa843f4449095fd251","Nick","6626d0047c6518ce6b6f88ec","6a82c41ea42c20e59305b666","2026-08-17 04:22"
"Gu5sten","6606278079724c4697b506d2","rafael","6286618dee6dff89d276d9d7","6a82c364a42c20e59305b4fc","2026-08-17 04:22"
"Ritchie","5ff84d182c4df40001592f85","unwrittencat","659b1e04a83479f364f5ae61","6a82c32e712ddf556fe0aa0d","2026-08-17 04:23"
"OceanMan","5e9a08cdd502e121002b5279","Tikon","621cddf10416aa00011b992b","6a82c3dd4c4b3a38d21edb9f","2026-08-17 04:24"
"0.03mm","692fdd96871fb5a05c4dcab0","GeoReda","6439632a8062b2c1de67acab","6a82c43ba42c20e59305b6a4","2026-08-17 04:24"
"Aculstingray","5f09a434a958535b8c808fd6","Lodi","5788e5e5c2a0fb1304dba46c","6a82c2ec8375e7eb4477bc53","2026-08-17 04:25"
"super singh","6a591d57c05d5d35f4095c85","Chris Peacock","61a919ce1763cb0001d21547","6a82c40ea42c20e59305b63c","2026-08-17 04:25"
"Xick","6227d06fc4123c000192c138","Lubec","5e974c906ea510372c1e444a","6a82c4d04c4b3a38d21edda0","2026-08-17 04:26"
"kstyko","5ead136297d6cf24a42b1ef4","DasMaennchen","6346b1742918e08b58aa94c6","6a82c4c0a42c20e59305b7e8","2026-08-17 04:27"
"Tschapra","66b9c722770eb8e328a9c2fb","Gu5sten","6606278079724c4697b506d2","6a82c4f9a42c20e59305b864","2026-08-17 04:27"
"Aculstingray","5f09a434a958535b8c808fd6","unwrittencat","659b1e04a83479f364f5ae61","6a82c54f4c4b3a38d21edeb3","2026-08-17 04:28"
"Lodi","5788e5e5c2a0fb1304dba46c","Taiyo","68fa168910383f76a558d5b1","6a82c5524c4b3a38d21edeba","2026-08-17 04:28"
"super singh","6a591d57c05d5d35f4095c85","Mikita","69e35bd57e41dcf31dbcadb5","6a82c5974c4b3a38d21edf5a","2026-08-17 04:29"
"0.03mm","692fdd96871fb5a05c4dcab0","GeoReda","6439632a8062b2c1de67acab","6a82c5244c4b3a38d21ede41","2026-08-17 04:29"
"antidotess","60859c21128efc0001559603","OceanMan","5e9a08cdd502e121002b5279","6a82c524712ddf556fe0ade8","2026-08-17 04:30"
"Trabota","6056fd798ddd1c00018baf23","Palmitas","69b33a815634cc416b9c7877","6a82c49e4c4b3a38d21edd27","2026-08-17 04:31"
"Lubec","5e974c906ea510372c1e444a","Tikon","621cddf10416aa00011b992b","6a82c59b4c4b3a38d21edf6e","2026-08-17 04:31"
"Ofendani","5bf882e543196557d45fb414","habesh","647734d056305f7bf5561a4e","6a82c4044c4b3a38d21edbde","2026-08-17 04:31"
"Dan YAile","60ef0697612a5400012c89a3","Xick","6227d06fc4123c000192c138","6a82c5c1712ddf556fe0af4a","2026-08-17 04:32"
"Shiina","5de7a59044d2a42f78156b33","nowlo","67493198473744059fbb9736","6a82c3838d1739163e377f11","2026-08-17 04:33"
"unwrittencat","659b1e04a83479f364f5ae61","Aculstingray","5f09a434a958535b8c808fd6","6a82c623712ddf556fe0b03f","2026-08-17 04:33"
"Kymaxx","66d701c96a664353b1e17278","JanTheIdiot","5c66d1901554907d648fd7df","6a82c299a42c20e59305b365","2026-08-17 04:33"
"DasMaennchen","6346b1742918e08b58aa94c6","SoloDeveloping_ttv","6588371b2042a7381b6e016a","6a82c5bc4c4b3a38d21edfc7","2026-08-17 04:34"
"OceanMan","5e9a08cdd502e121002b5279","Tikon","621cddf10416aa00011b992b","6a82c6a04c4b3a38d21ee23e","2026-08-17 04:35"
"Aculstingray","5f09a434a958535b8c808fd6","unwrittencat","659b1e04a83479f364f5ae61","6a82c741712ddf556fe0b2ff","2026-08-17 04:35"
"unwrittencat","659b1e04a83479f364f5ae61","Aculstingray","5f09a434a958535b8c808fd6","6a82c78f712ddf556fe0b3b7","2026-08-17 04:37"
"GeoReda","6439632a8062b2c1de67acab","0.03mm","692fdd96871fb5a05c4dcab0","6a82c64f712ddf556fe0b0c4","2026-08-17 04:37"
"eric","613276f8963ea90001d1c261","Rapanui","56b34d54f0f54423887879e3","6a82c6f94c4b3a38d21ee30d","2026-08-17 04:37"
"Dan YAile","60ef0697612a5400012c89a3","Palmitas","69b33a815634cc416b9c7877","6a82c70e4c4b3a38d21ee34e","2026-08-17 04:38"
"Taiyo","68fa168910383f76a558d5b1","riso***","5e0bb8901b34a023587ad378","6a82c6024c4b3a38d21ee096","2026-08-17 04:38"
"f0","67a17c9c1a536fd6dda0112c","no thoughts, just violence","61cdfc02f6470200011a0caa","6a82c648a42c20e59305bb59","2026-08-17 04:39"
"Xick","6227d06fc4123c000192c138","kober","67ad18a09e150413a5e6fa66","6a82c708a42c20e59305bd79","2026-08-17 04:39"
"OceanMan","5e9a08cdd502e121002b5279","Tikon","621cddf10416aa00011b992b","6a82c7b6a42c20e59305bf9e","2026-08-17 04:40"
"unwrittencat","659b1e04a83479f364f5ae61","Aculstingray","5f09a434a958535b8c808fd6","6a82c82d8375e7eb4477c6cb","2026-08-17 04:40"
"teddy bear","66f081f2bf4b230a2fcb970c","Ritchie","5ff84d182c4df40001592f85","6a82c786a42c20e59305be8a","2026-08-17 04:40"
"nowlo","67493198473744059fbb9736","Shiina","5de7a59044d2a42f78156b33","6a82c7134c4b3a38d21ee365","2026-08-17 04:41"
"ましろ","60622a237c864a00019b5334","WindyMirage774","661c9b427222970e307aff01","6a82c86f4c4b3a38d21ee783","2026-08-17 04:41"
"Dan YAile","60ef0697612a5400012c89a3","kober","67ad18a09e150413a5e6fa66","6a82c8bc712ddf556fe0b6a5","2026-08-17 04:42"
"Ritchie","5ff84d182c4df40001592f85","kstyko","5ead136297d6cf24a42b1ef4","6a82c8baa42c20e59305c267","2026-08-17 04:42"
"kober","67ad18a09e150413a5e6fa66","twitch.tv/yapchell","67f66e1eab7fc9feab89429b","6a82c93c4c4b3a38d21ee9aa","2026-08-17 04:43"
"kstyko","5ead136297d6cf24a42b1ef4","ましろ","60622a237c864a00019b5334","6a82c934712ddf556fe0b7d9","2026-08-17 04:43"
"0.03mm","692fdd96871fb5a05c4dcab0","Bazreia","596014fbf97df993145b15d0","6a82c82a712ddf556fe0b556","2026-08-17 04:43"
"Tikon","621cddf10416aa00011b992b","OceanMan","5e9a08cdd502e121002b5279","6a82c8bba42c20e59305c26c","2026-08-17 04:45"
"twitch.tv/yapchell","67f66e1eab7fc9feab89429b","kober","67ad18a09e150413a5e6fa66","6a82c99ba42c20e59305c4d5","2026-08-17 04:46"
"Jackkincaid","5d698d4ab4ec17864c52c785","Dumby The Wizard","62d3d7745f2d61d4ee64cca9","6a82c956712ddf556fe0b832","2026-08-17 04:46"
"unwrittencat","659b1e04a83479f364f5ae61","Xick","6227d06fc4123c000192c138","6a82c8e64c4b3a38d21ee8bf","2026-08-17 04:47"
"kstyko","5ead136297d6cf24a42b1ef4","ferreiro","5f126427d6ca438f24009b8e","6a82c99f712ddf556fe0b8c2","2026-08-17 04:47"
"0.03mm","692fdd96871fb5a05c4dcab0","Sydn4y","67853ea3426d61dc087f1e1f","6a82c99ca42c20e59305c4df","2026-08-17 04:48"
"unwrittencat","659b1e04a83479f364f5ae61","kober","67ad18a09e150413a5e6fa66","6a82ca51a42c20e59305c6e3","2026-08-17 04:49"
"Ofendani","5bf882e543196557d45fb414","habesh","647734d056305f7bf5561a4e","6a82c6e9a42c20e59305bd22","2026-08-17 04:49"
"Tikon","621cddf10416aa00011b992b","antidotess","60859c21128efc0001559603","6a82c9f24c4b3a38d21eebd2","2026-08-17 04:50"
"𝓖𝓮𝓸~𝓲𝓽𝓮𝓻𝓯𝓪𝓬𝓲𝓸≀⑤⑧②","6550ff75cf7966cc5dfe29fe","Ritchie","5ff84d182c4df40001592f85","6a82ca484c4b3a38d21eec95","2026-08-17 04:50"
"Dan YAile","60ef0697612a5400012c89a3","twitch.tv/yapchell","67f66e1eab7fc9feab89429b","6a82caaf4c4b3a38d21eedd8","2026-08-17 04:51"
"kober","67ad18a09e150413a5e6fa66","Xick","6227d06fc4123c000192c138","6a82ca70712ddf556fe0baec","2026-08-17 04:51"
"ましろ","60622a237c864a00019b5334","WindyMirage774","661c9b427222970e307aff01","6a82ca474c4b3a38d21eec91","2026-08-17 04:51"
"Shiina","5de7a59044d2a42f78156b33","nowlo","67493198473744059fbb9736","6a82c8fc4c4b3a38d21ee90c","2026-08-17 04:52"
"unwrittencat","659b1e04a83479f364f5ae61","kober","67ad18a09e150413a5e6fa66","6a82cada4c4b3a38d21eee3a","2026-08-17 04:52"
"ましろ","60622a237c864a00019b5334","Ritchie","5ff84d182c4df40001592f85","6a82cb3a4c4b3a38d21eef2a","2026-08-17 04:53"
"QueridaFaye","65ccbf18d27db2a3685168d8","Tikon","621cddf10416aa00011b992b","6a82cb234c4b3a38d21eeef7","2026-08-17 04:54"
"twitch.tv/yapchell","67f66e1eab7fc9feab89429b","kober","67ad18a09e150413a5e6fa66","6a82cb59a42c20e59305c98a","2026-08-17 04:56"
"Xick","6227d06fc4123c000192c138","unwrittencat","659b1e04a83479f364f5ae61","6a82cb8e4c4b3a38d21eeffb","2026-08-17 04:56"
"ましろ","60622a237c864a00019b5334","WindyMirage774","661c9b427222970e307aff01","6a82cb73712ddf556fe0bd9a","2026-08-17 04:56"
"kstyko","5ead136297d6cf24a42b1ef4","ましろ","60622a237c864a00019b5334","6a82cc00a42c20e59305cac8","2026-08-17 04:57"
"Florian","5dad9132d0d2a44f1018e420","Sydn4y","67853ea3426d61dc087f1e1f","6a82cb4e712ddf556fe0bd5f","2026-08-17 04:57"
"Gaizkaiser","61e67e2b8a1e1100013538d3","kober","67ad18a09e150413a5e6fa66","6a82cbe6a42c20e59305caa0","2026-08-17 04:58"
"Gu5sten","6606278079724c4697b506d2","Furious","61508f8c3417680001952b9b","6a82ca6f712ddf556fe0bae9","2026-08-17 05:00"
"Shiina","5de7a59044d2a42f78156b33","nowlo","67493198473744059fbb9736","6a82cb884c4b3a38d21eefef","2026-08-17 05:01"
"kober","67ad18a09e150413a5e6fa66","Gaizkaiser","61e67e2b8a1e1100013538d3","6a82ccf94c4b3a38d21ef33b","2026-08-17 05:01"
"habesh","647734d056305f7bf5561a4e","no thoughts, just violence","61cdfc02f6470200011a0caa","6a82cae7a42c20e59305c881","2026-08-17 05:01"
"Dumby The Wizard","62d3d7745f2d61d4ee64cca9","GeoIzoard","5ef6bc82308c19725c7ddb1e","6a82cbc7c6106c689050dcd8","2026-08-17 05:01"
"Lubec","5e974c906ea510372c1e444a","kstyko","5ead136297d6cf24a42b1ef4","6a82cd324c4b3a38d21ef3d2","2026-08-17 05:02"
"QueridaFaye","65ccbf18d27db2a3685168d8","Tikon","621cddf10416aa00011b992b","6a82cc464c4b3a38d21ef1bc","2026-08-17 05:02"
"unwrittencat","659b1e04a83479f364f5ae61","Xick","6227d06fc4123c000192c138","6a82cc8fa42c20e59305cc25","2026-08-17 05:02"
"twitch.tv/yapchell","67f66e1eab7fc9feab89429b","kober","67ad18a09e150413a5e6fa66","6a82cced712ddf556fe0c097","2026-08-17 05:03"
"WindyMirage774","661c9b427222970e307aff01","ましろ","60622a237c864a00019b5334","6a82ccbf4c4b3a38d21ef2bf","2026-08-17 05:03"
"nowlo","67493198473744059fbb9736","Big Cho","5ffaddfe2292d800014e7084","6a82cdcc4c4b3a38d21ef541","2026-08-17 05:04"
"unwrittencat","659b1e04a83479f364f5ae61","Lubec","5e974c906ea510372c1e444a","6a82cdf62d29c7149396892d","2026-08-17 05:04"
"Tikon","621cddf10416aa00011b992b","QueridaFaye","65ccbf18d27db2a3685168d8","6a82cdf32d29c7149396891f","2026-08-17 05:04"
"Puwaphat2304","660da547c04c2826f94e7d80","Ilham Aliyev","67823628944bf415c9e5b9d9","6a82cdf94c4b3a38d21ef5ae","2026-08-17 05:04"
"Gaizkaiser","61e67e2b8a1e1100013538d3","kober","67ad18a09e150413a5e6fa66","6a82cdab712ddf556fe0c258","2026-08-17 05:05"
"Ritchie","5ff84d182c4df40001592f85","ましろ","60622a237c864a00019b5334","6a82ce312d29c714939689fe","2026-08-17 05:06"
"Furious","61508f8c3417680001952b9b","GeoIzoard","5ef6bc82308c19725c7ddb1e","6a82cdce2d29c714939688bb","2026-08-17 05:06"
"Kraim","655c88001a146e82ab9593a5","れい（Rey）","6444afc0c30fa09317b315fc","6a82ce444c4b3a38d21ef693","2026-08-17 05:06"
"WaiWai","621f7436f0bf520001066b61","Moussa","63f298b8251569d36d50155b","6a82ce324c4b3a38d21ef656","2026-08-17 05:06"
"Xick","6227d06fc4123c000192c138","kstyko","5ead136297d6cf24a42b1ef4","6a82ce0b712ddf556fe0c358","2026-08-17 05:07"
"Gaizkaiser","61e67e2b8a1e1100013538d3","kober","67ad18a09e150413a5e6fa66","6a82cea8712ddf556fe0c4fe","2026-08-17 05:08"
"ましろ","60622a237c864a00019b5334","wicked","62b58d581d1f72470f4628a0","6a82cee4a42c20e59305d223","2026-08-17 05:08"
"unwrittencat","659b1e04a83479f364f5ae61","kober","67ad18a09e150413a5e6fa66","6a82ce66a42c20e59305d0f8","2026-08-17 05:09"
"QueridaFaye","65ccbf18d27db2a3685168d8","Tikon","621cddf10416aa00011b992b","6a82ce672d29c71493968a77","2026-08-17 05:10"
"Gaizkaiser","61e67e2b8a1e1100013538d3","kober","67ad18a09e150413a5e6fa66","6a82cf54a42c20e59305d301","2026-08-17 05:11"
"Ebifriday","64ae8a8dfe265cde328b76d3","teddy bear","66f081f2bf4b230a2fcb970c","6a82cf212d29c71493968c18","2026-08-17 05:11"
"Xick","6227d06fc4123c000192c138","no thoughts, just violence","61cdfc02f6470200011a0caa","6a82cf2aa42c20e59305d2bb","2026-08-17 05:12"
"ましろ","60622a237c864a00019b5334","Ritchie","5ff84d182c4df40001592f85","6a82cf7b4c4b3a38d21ef95f","2026-08-17 05:12"
"wicked","62b58d581d1f72470f4628a0","ましろ","60622a237c864a00019b5334","6a82cf69a42c20e59305d32e","2026-08-17 05:13"
"Moussa","63f298b8251569d36d50155b","- Андре ПР -","65f8490dad4ed43bba0f475d","6a82cf2b8375e7eb4477d533","2026-08-17 05:13"
"no thoughts, just violence","61cdfc02f6470200011a0caa","JasonYam","654be9570c6bc13590bdfdd4","6a82cff34c4b3a38d21efa6d","2026-08-17 05:14"
"Dumby The Wizard","62d3d7745f2d61d4ee64cca9","Furious","61508f8c3417680001952b9b","6a82ced5a42c20e59305d209","2026-08-17 05:14"
"Tren72","5835140899923047c43cda16","れい（Rey）","6444afc0c30fa09317b315fc","6a82cefd8d1739163e3795c4","2026-08-17 05:14"
"Kraim","655c88001a146e82ab9593a5","GeoReda","6439632a8062b2c1de67acab","6a82cf774c4b3a38d21ef957","2026-08-17 05:14"
"Skaven","684ffbcec374eb437a89fc20","lap1slazul1","67d03fdda4283d8045e1ef6d","6a82ce984c4b3a38d21ef772","2026-08-17 05:14"
"Shiina","5de7a59044d2a42f78156b33",".Uz","654a71f1a02b54c363802082","6a82cdd6a42c20e59305cf37","2026-08-17 05:15"
"朋友是一个坚韧不拔的纪录片， 在香港这座城市的设置。","65de536fb77f430b929240f3","Aculstingray","5f09a434a958535b8c808fd6","6a82cfb2712ddf556fe0c6d8","2026-08-17 05:15"
"Ebifriday","64ae8a8dfe265cde328b76d3","WindyMirage774","661c9b427222970e307aff01","6a82d0174c4b3a38d21efaba","2026-08-17 05:15"
"unwrittencat","659b1e04a83479f364f5ae61","Gaizkaiser","61e67e2b8a1e1100013538d3","6a82cff72d29c71493968d8c","2026-08-17 05:16"
"Moussa","63f298b8251569d36d50155b","れい（Rey）","6444afc0c30fa09317b315fc","6a82d0ac712ddf556fe0c8b4","2026-08-17 05:16"
"mr_spy","665c34e0bc4531cdb19b9ab9","emshanoff","60a55176895a250001d9e2d8","6a822fffce00bd38322161d5","2026-08-17 05:17"
"Ritchie","5ff84d182c4df40001592f85","Jing","61c95bf31d55520001a302a8","6a82d07a8d1739163e379832","2026-08-17 05:17"
"Xick","6227d06fc4123c000192c138","wicked","62b58d581d1f72470f4628a0","6a82d0a2712ddf556fe0c8aa","2026-08-17 05:18"
"Tikon","621cddf10416aa00011b992b","QueridaFaye","65ccbf18d27db2a3685168d8","6a82d0a4a42c20e59305d5c1","2026-08-17 05:19"
"Skaven","684ffbcec374eb437a89fc20","WaiWai","621f7436f0bf520001066b61","6a82d0c22d29c71493968f5a","2026-08-17 05:19"
"JujuMan","68c2ae1b906bbc1e0b8e63e2","Wingwang","652f3b838c7ef475b4326ef5","6a82d0652d29c71493968e63","2026-08-17 05:19"
"Aculstingray","5f09a434a958535b8c808fd6","Kraim","655c88001a146e82ab9593a5","6a82d155a42c20e59305d75a","2026-08-17 05:20"
"unwrittencat","659b1e04a83479f364f5ae61","Gaizkaiser","61e67e2b8a1e1100013538d3","6a82d12d2d29c7149396905b","2026-08-17 05:21"
"Ritchie","5ff84d182c4df40001592f85","Florian","5dad9132d0d2a44f1018e420","6a82d1728d1739163e379a0d","2026-08-17 05:21"
"BlahajBlues","6822e44b8214987f0464b932","Moussa","63f298b8251569d36d50155b","6a82d1b42d29c71493969198","2026-08-17 05:21"
"Sydn4y","67853ea3426d61dc087f1e1f","GeoIzoard","5ef6bc82308c19725c7ddb1e","6a82d1312d29c71493969063","2026-08-17 05:21"
"Xick","6227d06fc4123c000192c138","wicked","62b58d581d1f72470f4628a0","6a82d1d42d29c714939691dd","2026-08-17 05:23"
"Luuuuuu :)","62e8d4366d2691f34172c855","Tren72","5835140899923047c43cda16","6a82d0cc712ddf556fe0c8e3","2026-08-17 05:23"
"nowlo","67493198473744059fbb9736","Big Cho","5ffaddfe2292d800014e7084","6a82ce8f4c4b3a38d21ef753","2026-08-17 05:24"
"Ritchie","5ff84d182c4df40001592f85","WindyMirage774","661c9b427222970e307aff01","6a82d26b8375e7eb4477db36","2026-08-17 05:25"
"Tikon","621cddf10416aa00011b992b","earthenjoyer","662b7a543f29656f5fe5bf53","6a82d220a42c20e59305d9ae","2026-08-17 05:26"
"Ebifriday","64ae8a8dfe265cde328b76d3","Sydn4y","67853ea3426d61dc087f1e1f","6a82d282712ddf556fe0ccec","2026-08-17 05:26"
"Florian","5dad9132d0d2a44f1018e420","Azure","66103ce7d2453e113db6e392","6a82d2bb712ddf556fe0cd7a","2026-08-17 05:26"
"𝓖𝓮𝓸~𝓲𝓽𝓮𝓻𝓯𝓪𝓬𝓲𝓸≀⑤⑧②","6550ff75cf7966cc5dfe29fe","-_Innokent_-","654d1a315f6c3308fd630fa2","6a82d35d4c4b3a38d21f02c0","2026-08-17 05:27"
"earthenjoyer","662b7a543f29656f5fe5bf53","Luuuuuu :)","62e8d4366d2691f34172c855","6a82d37c4c4b3a38d21f02fd","2026-08-17 05:28"
"Elyndra","6917549db14de91e7a2e919d","no thoughts, just violence","61cdfc02f6470200011a0caa","6a82d1a64c4b3a38d21efe98","2026-08-17 05:28"
"Skaven","684ffbcec374eb437a89fc20","polish meta slave","6623ecb7315d4d4449b8ca98","6a82d1f74c4b3a38d21eff53","2026-08-17 05:28"
"Xick","6227d06fc4123c000192c138","Gaizkaiser","61e67e2b8a1e1100013538d3","6a82d2d8a42c20e59305dbba","2026-08-17 05:29"
"Aculstingray","5f09a434a958535b8c808fd6","Kraim","655c88001a146e82ab9593a5","6a82d22a712ddf556fe0cc0b","2026-08-17 05:29"
"teddy bear","66f081f2bf4b230a2fcb970c","wicked","62b58d581d1f72470f4628a0","6a82d3354c4b3a38d21f0284","2026-08-17 05:29"
"Florian","5dad9132d0d2a44f1018e420","Tren72","5835140899923047c43cda16","6a82d3a72d29c7149396961b","2026-08-17 05:29"
"Ritchie","5ff84d182c4df40001592f85","-_Innokent_-","654d1a315f6c3308fd630fa2","6a82d3ec2d29c714939696a4","2026-08-17 05:30"
"Sydn4y","67853ea3426d61dc087f1e1f","Babrnoch","676c36f3ae31f29e4b2ef2f5","6a82d3c64c4b3a38d21f03dd","2026-08-17 05:31"
"MaxJoker84","658c1a04945350bcd1f47aca","WindyMirage774","661c9b427222970e307aff01","6a82d3aca42c20e59305ddc4","2026-08-17 05:31"
"Big Cho","5ffaddfe2292d800014e7084","nowlo","67493198473744059fbb9736","6a82d33e2d29c7149396951b","2026-08-17 05:32"
"Kapten","5a973147afad0f2a68438531","simeon","62dc07edf32847e5836668f1","6a82d3024c4b3a38d21f01ff","2026-08-17 05:32"
"Gaizkaiser","61e67e2b8a1e1100013538d3","Xick","6227d06fc4123c000192c138","6a82d456a42c20e59305df77","2026-08-17 05:33"
"Skaven","684ffbcec374eb437a89fc20","earthenjoyer","662b7a543f29656f5fe5bf53","6a82d3f94c4b3a38d21f0446","2026-08-17 05:33"
"Luuuuuu :)","62e8d4366d2691f34172c855","Tren72","5835140899923047c43cda16","6a82d447712ddf556fe0d05d","2026-08-17 05:33"
"Shpluk","56a0a5f1f0f54438b8b9f4b1","Tudelzzz","6549fc9cf755320e28e30de7","6a82d2fe2d29c714939694af","2026-08-17 05:34"
"Kraim","655c88001a146e82ab9593a5","FLOF78","60f6be36d3b5f500019b890c","6a82d483a42c20e59305e005","2026-08-17 05:34"
"WaiWai","621f7436f0bf520001066b61","polish meta slave","6623ecb7315d4d4449b8ca98","6a82d467a42c20e59305dfc1","2026-08-17 05:34"
"Luuuuuu :)","62e8d4366d2691f34172c855","Tren72","5835140899923047c43cda16","6a82d5262d29c714939699bc","2026-08-17 05:35"
"mr_spy","665c34e0bc4531cdb19b9ab9","Ritchie","5ff84d182c4df40001592f85","6a82d4baa42c20e59305e098","2026-08-17 05:36"
"𝓖𝓮𝓸~𝓲𝓽𝓮𝓻𝓯𝓪𝓬𝓲𝓸≀⑤⑧②","6550ff75cf7966cc5dfe29fe","quarksauce","5fe1b134a2ebcc0001c6bd9c","6a82d4462d29c71493969765","2026-08-17 05:38"
"Gaizkaiser","61e67e2b8a1e1100013538d3","Xick","6227d06fc4123c000192c138","6a82d53b4c4b3a38d21f073a","2026-08-17 05:39"
"Florian","5dad9132d0d2a44f1018e420","Aculstingray","5f09a434a958535b8c808fd6","6a82d4972d29c71493969849","2026-08-17 05:39"
"teddy bear","66f081f2bf4b230a2fcb970c","eric","613276f8963ea90001d1c261","6a82d6264c4b3a38d21f0920","2026-08-17 05:40"
"Kapten","5a973147afad0f2a68438531","simeon","62dc07edf32847e5836668f1","6a82d4eea42c20e59305e106","2026-08-17 05:41"
"Aaryan22","657021f7412bfd95aad62550","Luuuuuu :)","62e8d4366d2691f34172c855","6a82d5b14c4b3a38d21f0819","2026-08-17 05:41"
"mr_spy","665c34e0bc4531cdb19b9ab9","Ritchie","5ff84d182c4df40001592f85","6a82d6652d29c71493969c7e","2026-08-17 05:42"
"Sydn4y","67853ea3426d61dc087f1e1f","polish meta slave","6623ecb7315d4d4449b8ca98","6a82d5ef8375e7eb4477e151","2026-08-17 05:42"
"nowlo","67493198473744059fbb9736","Big Cho","5ffaddfe2292d800014e7084","6a82d4f64c4b3a38d21f067c","2026-08-17 05:43"
"Gaizkaiser","61e67e2b8a1e1100013538d3","Xick","6227d06fc4123c000192c138","6a82d695712ddf556fe0d508","2026-08-17 05:43"
"Szymono","613295acc4b5740001f1bfdf","eric","613276f8963ea90001d1c261","6a82d6eb4c4b3a38d21f0b36","2026-08-17 05:45"
"Xick","6227d06fc4123c000192c138","Gaizkaiser","61e67e2b8a1e1100013538d3","6a82d7ac4c4b3a38d21f0d27","2026-08-17 05:46"
"Babrnoch","676c36f3ae31f29e4b2ef2f5","MaxJoker84","658c1a04945350bcd1f47aca","6a82d6fe2d29c71493969e7e","2026-08-17 05:46"
"WaiWai","621f7436f0bf520001066b61","IF","646ccf776631a53bae976e89","6a82d6af2d29c71493969d3a","2026-08-17 05:47"
"sk 愛","666b76089d20c1dd39ec810c","simeon","62dc07edf32847e5836668f1","6a82d7084c4b3a38d21f0b61","2026-08-17 05:48"
"𝓖𝓮𝓸~𝓲𝓽𝓮𝓻𝓯𝓪𝓬𝓲𝓸≀⑤⑧②","6550ff75cf7966cc5dfe29fe","quarksauce","5fe1b134a2ebcc0001c6bd9c","6a82d68d2d29c71493969cc9","2026-08-17 05:49"
"Ritchie","5ff84d182c4df40001592f85","teddy bear","66f081f2bf4b230a2fcb970c","6a82d79b2d29c7149396a00e","2026-08-17 05:49"
"KOSTIUSHKA (GwinGlade's Son)","67a0a342b159c1528ecc5eba","LAMINE YAMAL","5fec56ce3362e4000147ea46","6a82d8af2d29c7149396a229","2026-08-17 05:49"
"KOSTIUSHKA (GwinGlade's Son)","67a0a342b159c1528ecc5eba","LAMINE YAMAL","5fec56ce3362e4000147ea46","6a82d8f22d29c7149396a2a8","2026-08-17 05:50"
"Nick.BY","5926b86352e6ca6c8c1463d7","Gaizkaiser","61e67e2b8a1e1100013538d3","6a82d84a4c4b3a38d21f0e4d","2026-08-17 05:51"
"Aaryan22","657021f7412bfd95aad62550","Luuuuuu :)","62e8d4366d2691f34172c855","6a82d7282d29c71493969ef6","2026-08-17 05:51"
"quarksauce","5fe1b134a2ebcc0001c6bd9c","teddy bear","66f081f2bf4b230a2fcb970c","6a82d90a712ddf556fe0d99a","2026-08-17 05:51"
"Szymono","613295acc4b5740001f1bfdf","eric","613276f8963ea90001d1c261","6a82d8302d29c7149396a133","2026-08-17 05:52"
"Dimsum","63f619f14068eb7d4bbb134d","Sydn4y","67853ea3426d61dc087f1e1f","6a82d81e4c4b3a38d21f0df7","2026-08-17 05:53"
"れい（Rey）","6444afc0c30fa09317b315fc","Eric455293","5ba7d3df2c0173520853d18c","6a82d8024c4b3a38d21f0dc8","2026-08-17 05:53"
"Luuuuuu :)","62e8d4366d2691f34172c855","Bms432","5d75a280b4ec1705ecdb7cf0","6a82d96c2d29c7149396a3c9","2026-08-17 05:54"
"Babrnoch","676c36f3ae31f29e4b2ef2f5","ミック","649317afa27d65f559bc90b6","6a82d85e2d29c7149396a186","2026-08-17 05:54"
"simeon","62dc07edf32847e5836668f1","Xick","6227d06fc4123c000192c138","6a82d8ed4c4b3a38d21f0f6b","2026-08-17 05:55"
"quarksauce","5fe1b134a2ebcc0001c6bd9c","Aaryan22","657021f7412bfd95aad62550","6a82d97c4c4b3a38d21f10c4","2026-08-17 05:55"
"teddy bear","66f081f2bf4b230a2fcb970c","Rick Astley","64fce8cb8f2e9fbe3b42b979","6a82d962ce17e90bba0cc831","2026-08-17 05:55"
"Sydn4y","67853ea3426d61dc087f1e1f","LAMINE YAMAL","5fec56ce3362e4000147ea46","6a82da1a2d29c7149396a546","2026-08-17 05:55"
"PLK","62179a5c8e88d400010d91ea","sk 愛","666b76089d20c1dd39ec810c","6a82d95e712ddf556fe0da50","2026-08-17 05:56"
"simeon","62dc07edf32847e5836668f1","Chuya","66549d4cc725af87c3aa9a34","6a82da6a2d29c7149396a608","2026-08-17 05:57"
"teddy bear","66f081f2bf4b230a2fcb970c","YouFaceJarraxus","666fe78b303bced02fab7802","6a82da454c4b3a38d21f1298","2026-08-17 05:57"
"Big Cho","5ffaddfe2292d800014e7084","nowlo","67493198473744059fbb9736","6a82d7b74c4b3a38d21f0d3f","2026-08-17 05:58"
"Kraim","655c88001a146e82ab9593a5","Рома","5bc9f3921f3cf81af80cfa72","6a82d9564c4b3a38d21f106f","2026-08-17 05:58"
"Luuuuuu :)","62e8d4366d2691f34172c855","Bms432","5d75a280b4ec1705ecdb7cf0","6a82da3f4c4b3a38d21f128c","2026-08-17 05:58"
"teddy bear","66f081f2bf4b230a2fcb970c","YouFaceJarraxus","666fe78b303bced02fab7802","6a82daf42d29c7149396a773","2026-08-17 05:59"
"SparklingHill339","6a689d01a65ab58b189dd03e","MrDanilo","5eab0aa0eb473f15583778df","6a82da4c2d29c7149396a5be","2026-08-17 05:59"
"Shpluk","56a0a5f1f0f54438b8b9f4b1","Maltor","5fad8566a07ff60001fdae13","6a82d7ae4c4b3a38d21f0d29","2026-08-17 06:00"
"Nick.BY","5926b86352e6ca6c8c1463d7","Gaizkaiser","61e67e2b8a1e1100013538d3","6a82d9884c4b3a38d21f10e3","2026-08-17 06:01"
"Stella/chat off","63e1b563ec5549833a008296","peng_uin","675302e68c5bd9d7dbd211df","6a82dadb2d29c7149396a740","2026-08-17 06:01"
"communist","6a67a7f0e812a239ca024f0c","Wilf Jenkins","5d3db2b924ec173888d4a9e1","6a82dbc0a42c20e59305f160","2026-08-17 06:02"
"nowlo","67493198473744059fbb9736","Big Cho","5ffaddfe2292d800014e7084","6a82dafc2d29c7149396a77f","2026-08-17 06:03"
"Aaryan22","657021f7412bfd95aad62550","Dimsum","63f619f14068eb7d4bbb134d","6a82da512d29c7149396a5c8","2026-08-17 06:03"
"Рома","5bc9f3921f3cf81af80cfa72","teddy bear","66f081f2bf4b230a2fcb970c","6a82db664c4b3a38d21f1601","2026-08-17 06:03"
"Moussa","63f298b8251569d36d50155b","Luuuuuu :)","62e8d4366d2691f34172c855","6a82db292d29c7149396a7f6","2026-08-17 06:03"
"Szymono","613295acc4b5740001f1bfdf","WaiWai","621f7436f0bf520001066b61","6a82da232d29c7149396a559","2026-08-17 06:04"
"ミック","649317afa27d65f559bc90b6","Rapanui","56b34d54f0f54423887879e3","6a82db412d29c7149396a833","2026-08-17 06:04"
"Thore Stach","60b2c6420390be00015e9fa1","eric","613276f8963ea90001d1c261","6a82da67c6106c689050f6d3","2026-08-17 06:04"
"17","6028ad57f227ff0001b8b01e","Eddie","5695b1e1838cda1838015d4b","6a82db7da42c20e59305f09a","2026-08-17 06:05"
"communist","6a67a7f0e812a239ca024f0c","TohuBohu","68b6de7ede0067a14ceb11d6","6a82dc474c4b3a38d21f1922","2026-08-17 06:05"
"teddy bear","66f081f2bf4b230a2fcb970c","Ritchie","5ff84d182c4df40001592f85","6a82dc782d29c7149396ac68","2026-08-17 06:06"
"MerryCanyon719","66a8ba1fe626c7340b49ccd9","Luuuuuu :)","62e8d4366d2691f34172c855","6a82dc4d712ddf556fe0e132","2026-08-17 06:06"
"communist","6a67a7f0e812a239ca024f0c","Beza","66258407a727efa8d98d6c52","6a82dcb62d29c7149396acf1","2026-08-17 06:07"
"MerryCanyon719","66a8ba1fe626c7340b49ccd9","OtTeterivoid Meggy","5e50548d26bbda7a44f655ed","6a82dccc2d29c7149396ad26","2026-08-17 06:07"
"Halikaru","5c357a953d925b4de42c816a","Gaizkaiser","61e67e2b8a1e1100013538d3","6a82dc164c4b3a38d21f1840","2026-08-17 06:08"
"Peter Dictator","684c775aeb78c494d9ee6b7a","DonkeyGuesses","6912d873ef3380557dd45eec","6a82dc9b4c4b3a38d21f1ad8","2026-08-17 06:08"
"simeon","62dc07edf32847e5836668f1","PLK","62179a5c8e88d400010d91ea","6a82daea712ddf556fe0dd4f","2026-08-17 06:09"
"wichura240","68767692157557d5c76a0ab6","Рома","5bc9f3921f3cf81af80cfa72","6a82dd664c4b3a38d21f1e29","2026-08-17 06:09"
"Eddie","5695b1e1838cda1838015d4b","welch's","6421b17d8e757a784e9494d9","6a82dcc5712ddf556fe0e30b","2026-08-17 06:11"
"MerryCanyon719","66a8ba1fe626c7340b49ccd9","Luuuuuu :)","62e8d4366d2691f34172c855","6a82dd032d29c7149396adfb","2026-08-17 06:11"
"Stella/chat off","63e1b563ec5549833a008296","OceanicTunnel647","67b8d2e4a5186c1ac64daa80","6a82dc23712ddf556fe0e09b","2026-08-17 06:11"
"Nick.BY","5926b86352e6ca6c8c1463d7","Chuya","66549d4cc725af87c3aa9a34","6a82dbfc2d29c7149396aad6","2026-08-17 06:12"
"Aaryan22","657021f7412bfd95aad62550","Szymono","613295acc4b5740001f1bfdf","6a82dc70a42c20e59305f3b1","2026-08-17 06:12"
"communist","6a67a7f0e812a239ca024f0c","Beza","66258407a727efa8d98d6c52","6a82dd38a42c20e59305f735","2026-08-17 06:12"
"MerryCanyon719","66a8ba1fe626c7340b49ccd9","teddy bear","66f081f2bf4b230a2fcb970c","6a82dd22712ddf556fe0e4c3","2026-08-17 06:12"
"Sydn4y","67853ea3426d61dc087f1e1f","Zhihh","63b435e80510075fa39ac039","6a82dd9ba42c20e59305f8fd","2026-08-17 06:12"
"MerryCanyon719","66a8ba1fe626c7340b49ccd9","Peter Dictator","684c775aeb78c494d9ee6b7a","6a82ddbc2d29c7149396b0e3","2026-08-17 06:14"
"Schwarzweiss","5cfadc71b741f84acc8b23df","Maxøuuu","5e96e2d4d502e1540cbc5774","6a82ddf24c4b3a38d21f2000","2026-08-17 06:14"
"nowlo","67493198473744059fbb9736","Big Cho","5ffaddfe2292d800014e7084","6a82dd8c2d29c7149396b02d","2026-08-17 06:15"
"simeon","62dc07edf32847e5836668f1","PLK","62179a5c8e88d400010d91ea","6a82ddf5a42c20e59305f9c7","2026-08-17 06:15"
"MerryCanyon719","66a8ba1fe626c7340b49ccd9","kstyko","5ead136297d6cf24a42b1ef4","6a82decfa42c20e59305fc6b","2026-08-17 06:15"
"Luuuuuu :)","62e8d4366d2691f34172c855","Neramchik","692ef8861902178c08e6025d","6a82de182d29c7149396b26d","2026-08-17 06:15"
"MerryCanyon719","66a8ba1fe626c7340b49ccd9","kstyko","5ead136297d6cf24a42b1ef4","6a82decfa42c20e59305fc6b","2026-08-17 06:17"
"communist","6a67a7f0e812a239ca024f0c","Beza","66258407a727efa8d98d6c52","6a82de634c4b3a38d21f2152","2026-08-17 06:17"
"Tikon","621cddf10416aa00011b992b","PLK","62179a5c8e88d400010d91ea","6a82defa4c4b3a38d21f23ca","2026-08-17 06:18"
"Eddie","5695b1e1838cda1838015d4b","Aaryan22","657021f7412bfd95aad62550","6a82de44a42c20e59305fad0","2026-08-17 06:18"
"Рома","5bc9f3921f3cf81af80cfa72","Halikaru","5c357a953d925b4de42c816a","6a82de0b4c4b3a38d21f2054","2026-08-17 06:18"
"Schwarzweiss","5cfadc71b741f84acc8b23df","Luuuuuu :)","62e8d4366d2691f34172c855","6a82df08a42c20e59305fd8b","2026-08-17 06:18"
"Stella/chat off","63e1b563ec5549833a008296","Bazreia","596014fbf97df993145b15d0","6a82de092d29c7149396b22c","2026-08-17 06:18"
"MerryCanyon719","66a8ba1fe626c7340b49ccd9","kstyko","5ead136297d6cf24a42b1ef4","6a82df254c4b3a38d21f2535","2026-08-17 06:19"
"teddy bear","66f081f2bf4b230a2fcb970c","Jing","61c95bf31d55520001a302a8","6a82df43a42c20e59305fe62","2026-08-17 06:19"
"WaiWai","621f7436f0bf520001066b61","Szymono","613295acc4b5740001f1bfdf","6a82de414c4b3a38d21f2105","2026-08-17 06:19"
"Big Cho","5ffaddfe2292d800014e7084","simeon","62dc07edf32847e5836668f1","6a82df1e2d29c7149396b563","2026-08-17 06:20"
"Nick.BY","5926b86352e6ca6c8c1463d7","Chuya","66549d4cc725af87c3aa9a34","6a82de5b2d29c7149396b316","2026-08-17 06:20"
"MerryCanyon719","66a8ba1fe626c7340b49ccd9","Luuuuuu :)","62e8d4366d2691f34172c855","6a82dfd62d29c7149396b79b","2026-08-17 06:20"
"JujuMan","68c2ae1b906bbc1e0b8e63e2","Tren72","5835140899923047c43cda16","6a82dec52d29c7149396b466","2026-08-17 06:21"
"no thoughts, just violence","61cdfc02f6470200011a0caa","Dimsum","63f619f14068eb7d4bbb134d","6a82df4d2d29c7149396b5e9","2026-08-17 06:22"
"Maltor","5fad8566a07ff60001fdae13","Emmepemme","5bf9b0c343196557d45fc4b6","6a82dd26712ddf556fe0e4d5","2026-08-17 06:22"
"MerryCanyon719","66a8ba1fe626c7340b49ccd9","Zoe","64012c4575693afea0dec10b","6a82e0482d29c7149396b90f","2026-08-17 06:22"
"BLANC DE BLANC","5eec83c262df1243a0ceaea8","AlliumCube","66315b68b93119cfe4c26699","6a82e088a42c20e5930601cd","2026-08-17 06:23"
"JoyfulStream861","669e4ec691320f1dae6e4e5e","ミック","649317afa27d65f559bc90b6","6a82dfaa2d29c7149396b72f","2026-08-17 06:23"
"Edqy","60a2893cb7d972000112fbf4","eric","613276f8963ea90001d1c261","6a82df704c4b3a38d21f2681","2026-08-17 06:24"
"Zoe","64012c4575693afea0dec10b","MerryCanyon719","66a8ba1fe626c7340b49ccd9","6a82e0ae4c4b3a38d21f29f9","2026-08-17 06:24"
"Sydn4y","67853ea3426d61dc087f1e1f","Luuuuuu :)","62e8d4366d2691f34172c855","6a82e053712ddf556fe0ef3b","2026-08-17 06:24"
"Edqy","60a2893cb7d972000112fbf4","im recording my gameplay","6a437d2254319c3206c01eb9","6a82e164a42c20e5930603d0","2026-08-17 06:26"
"simeon","62dc07edf32847e5836668f1","MerryCanyon719","66a8ba1fe626c7340b49ccd9","6a82e185712ddf556fe0f1a0","2026-08-17 06:27"
"Brzoza","60ababeffb1efa0001302754","PLK","62179a5c8e88d400010d91ea","6a82dfc6712ddf556fe0edd7","2026-08-17 06:27"
"Tikon","621cddf10416aa00011b992b","Nick.BY","5926b86352e6ca6c8c1463d7","6a82e04a2d29c7149396b916","2026-08-17 06:28"
"Eddie","5695b1e1838cda1838015d4b","Aaryan22","657021f7412bfd95aad62550","6a82dfb38d1739163e37b91d","2026-08-17 06:28"
"Mich","5ef35fd819612a2940d22de2","NightSky","6a0865b5ad5e7998f329915e","6a82e0e02d29c7149396ba92","2026-08-17 06:28"
"BURG·Y","5b75c68b4ee03584bc706941","Fifonż","62a47f05cc33a10539b724eb","6a82e06ba42c20e593060199","2026-08-17 06:28"
"simeon","62dc07edf32847e5836668f1","MerryCanyon719","66a8ba1fe626c7340b49ccd9","6a82e185712ddf556fe0f1a0","2026-08-17 06:28"
"Schwarzweiss","5cfadc71b741f84acc8b23df","CrazyHorse","661830566555811b1291bac1","6a82e01f4c4b3a38d21f28be","2026-08-17 06:29"
"simeon","62dc07edf32847e5836668f1","Lene","5d52f64824ec173888d82b60","6a82e21a4c4b3a38d21f2d80","2026-08-17 06:30"
"Stella/chat off","63e1b563ec5549833a008296","Halikaru","5c357a953d925b4de42c816a","6a82dfe5a42c20e593060044","2026-08-17 06:30"
"Sydn4y","67853ea3426d61dc087f1e1f","WaiWai","621f7436f0bf520001066b61","6a82e1212d29c7149396bb2f","2026-08-17 06:31"
"MerryCanyon719","66a8ba1fe626c7340b49ccd9","kstyko","5ead136297d6cf24a42b1ef4","6a82e2212d29c7149396be21","2026-08-17 06:32"
"communist","6a67a7f0e812a239ca024f0c","Bogdan Stefan","590cef06e0e6e48fcc784c0a","6a82e2a72d29c7149396bf73","2026-08-17 06:32"
"topopop","6a33d9c229251200ce4dc97f","Szymono","613295acc4b5740001f1bfdf","6a82dfefa42c20e593060059","2026-08-17 06:33"
"Edqy","60a2893cb7d972000112fbf4","Luuuuuu :)","62e8d4366d2691f34172c855","6a82e1ff2d29c7149396bdb2","2026-08-17 06:33"
"Eddie","5695b1e1838cda1838015d4b","Aaryan22","657021f7412bfd95aad62550","6a82e23c4c4b3a38d21f2dd3","2026-08-17 06:34"
"Dimsum","63f619f14068eb7d4bbb134d","Sydn4y","67853ea3426d61dc087f1e1f","6a82e2b24c4b3a38d21f2f16","2026-08-17 06:34"
"EnchantingTunnel555","6a30b364003bbbd30814179d","crazypartyanimal","5e96b01397d6cf3b38ac0900","6a82e2754c4b3a38d21f2e7b","2026-08-17 06:34"
"Brzoza","60ababeffb1efa0001302754","Nick.BY","5926b86352e6ca6c8c1463d7","6a82e24b2d29c7149396be89","2026-08-17 06:35"
"Chuya","66549d4cc725af87c3aa9a34","PLK","62179a5c8e88d400010d91ea","6a82e1d54c4b3a38d21f2cb9","2026-08-17 06:35"
"Mr. Bastuaggregat","5ada37ab582de2514cbb19d8","JasonYam","654be9570c6bc13590bdfdd4","6a82dfa2a42c20e59305ffc2","2026-08-17 06:35"
"MerryCanyon719","66a8ba1fe626c7340b49ccd9","simeon","62dc07edf32847e5836668f1","6a82e2f42d29c7149396c042","2026-08-17 06:35"
"Halikaru","5c357a953d925b4de42c816a","Stella/chat off","63e1b563ec5549833a008296","6a82e2af2d29c7149396bf8c","2026-08-17 06:35"
".Uz","654a71f1a02b54c363802082","Big Cho","5ffaddfe2292d800014e7084","6a82e0e5a42c20e593060298","2026-08-17 06:36"
"Dimsum","63f619f14068eb7d4bbb134d","DasMaennchen","6346b1742918e08b58aa94c6","6a82e340712ddf556fe0f59b","2026-08-17 06:36"
"Fabi","5807295cfbd28f9a6845a86f","Fabre","5e20d66d27ec1775f067c40c","6a82e2fa2d29c7149396c05f","2026-08-17 06:36"
"kstyko","5ead136297d6cf24a42b1ef4","MerryCanyon719","66a8ba1fe626c7340b49ccd9","6a82e300a42c20e5930607b4","2026-08-17 06:37"
"BLANC DE BLANC","5eec83c262df1243a0ceaea8","Neramchik","692ef8861902178c08e6025d","6a82e3668d1739163e37c08f","2026-08-17 06:37"
"PLK","62179a5c8e88d400010d91ea","Chuya","66549d4cc725af87c3aa9a34","6a82e3be4c4b3a38d21f31df","2026-08-17 06:38"
"Tudelzzz","6549fc9cf755320e28e30de7","JanTheIdiot","5c66d1901554907d648fd7df","6a82e1f22d29c7149396bd95","2026-08-17 06:38"
"Emmepemme","5bf9b0c343196557d45fc4b6","no thoughts, just violence","61cdfc02f6470200011a0caa","6a82e0eb712ddf556fe0f048","2026-08-17 06:38"
"EnchantingTunnel555","6a30b364003bbbd30814179d","Егор","64315aade031c37caba4dcb8","6a82e3a2a42c20e59306094c","2026-08-17 06:38"
"MerryCanyon719","66a8ba1fe626c7340b49ccd9","teddy bear","66f081f2bf4b230a2fcb970c","6a82e3f94c4b3a38d21f3291","2026-08-17 06:39"
"Aaryan22","657021f7412bfd95aad62550","Dimsum","63f619f14068eb7d4bbb134d","6a82e38c2d29c7149396c20e","2026-08-17 06:39"
"WaiWai","621f7436f0bf520001066b61","CARTO - GEO","6370f986261c84596054f8de","6a82e38d8d1739163e37c0c2","2026-08-17 06:39"
"Michael Json","6866d268906ee7386a2994cd","MerryCanyon719","66a8ba1fe626c7340b49ccd9","6a82e45f2d29c7149396c447","2026-08-17 06:40"
"Wijn.","657979f3db414bd0da540f23","Stella/chat off","63e1b563ec5549833a008296","6a82e3cba42c20e5930609ab","2026-08-17 06:40"
"Szymono","613295acc4b5740001f1bfdf","Dumby The Wizard","62d3d7745f2d61d4ee64cca9","6a82e37aa42c20e5930608ea","2026-08-17 06:40"
"Vell","5eea5f1162df1243a0cdd8e4","Paco","69f468d2a36a3ab8504f5986","6a82e3a12d29c7149396c23b","2026-08-17 06:40"
"simeon","62dc07edf32847e5836668f1","Ringo","6046c8a097019400018ea4cf","6a82e3db8375e7eb4478014e","2026-08-17 06:41"
"MerryCanyon719","66a8ba1fe626c7340b49ccd9","Szymono","613295acc4b5740001f1bfdf","6a82e4d14c4b3a38d21f34f4","2026-08-17 06:41"
"communist","6a67a7f0e812a239ca024f0c","leonardhus","64c6665f4e2ad61e0c8373ae","6a82e4714c4b3a38d21f33b4","2026-08-17 06:41"
"Victor","67822dd7ca228d1e49a1a611","kstyko","5ead136297d6cf24a42b1ef4","6a82e43d2d29c7149396c400","2026-08-17 06:41"
"Big Cho","5ffaddfe2292d800014e7084","Nick.BY","5926b86352e6ca6c8c1463d7","6a82e444a42c20e593060b00","2026-08-17 06:42"
"盲","63b6a120ed1bf0b1b513dfb8","PLK","62179a5c8e88d400010d91ea","6a82e47f4c4b3a38d21f3407","2026-08-17 06:42"
"Eddie","5695b1e1838cda1838015d4b","Halikaru","5c357a953d925b4de42c816a","6a82e3b42d29c7149396c270","2026-08-17 06:42"
"1Kenma","67f1e53d840a2b6316eb1c59","Tren72","5835140899923047c43cda16","6a82e4884c4b3a38d21f3422","2026-08-17 06:42"
"Paco","69f468d2a36a3ab8504f5986","teddy bear","66f081f2bf4b230a2fcb970c","6a82e4fb8d1739163e37c3ab","2026-08-17 06:43"
"Dimsum","63f619f14068eb7d4bbb134d","Edqy","60a2893cb7d972000112fbf4","6a82e43f2d29c7149396c408","2026-08-17 06:44"
"Victor","67822dd7ca228d1e49a1a611","Luuuuuu :)","62e8d4366d2691f34172c855","6a82e54aa42c20e593060d61","2026-08-17 06:44"
"Stella/chat off","63e1b563ec5549833a008296","DonkeyGuesses","6912d873ef3380557dd45eec","6a82e511a42c20e593060cca","2026-08-17 06:44"
"JanTheIdiot","5c66d1901554907d648fd7df","InfidelFiddler","64491466c22a35f95ce5f682","6a82e46e4c4b3a38d21f33a0","2026-08-17 06:44"
"Sydn4y","67853ea3426d61dc087f1e1f","Derzal","5f96feae45cc8c00017ca853","6a82e4282d29c7149396c3b5","2026-08-17 06:44"
"EnchantingTunnel555","6a30b364003bbbd30814179d","MysticCitadel493","6793ce881e234602c449c97e","6a82e4a3a42c20e593060bc8","2026-08-17 06:45"
"simeon","62dc07edf32847e5836668f1","Ringo","6046c8a097019400018ea4cf","6a82e533dc08d4f281269cd3","2026-08-17 06:46"
"MerryCanyon719","66a8ba1fe626c7340b49ccd9","Szymono","613295acc4b5740001f1bfdf","6a82e53a4c4b3a38d21f361b","2026-08-17 06:46"
"Aaryan22","657021f7412bfd95aad62550","Dimsum","63f619f14068eb7d4bbb134d","6a82e4ad4c4b3a38d21f3497","2026-08-17 06:46"
"Geomalick","61fd64f28c0f8100014ebf0b","GramenMystace","621688225a265e000124cc8d","6a82e59d4c4b3a38d21f370a","2026-08-17 06:47"
"Dumby The Wizard","62d3d7745f2d61d4ee64cca9","Harper","64747a72fe41a947a0d0f752","6a82e4d0dc08d4f281269bfb","2026-08-17 06:47"
"kstyko","5ead136297d6cf24a42b1ef4","teddy bear","66f081f2bf4b230a2fcb970c","6a82e5b4a42c20e593060e86","2026-08-17 06:47"
"communist","6a67a7f0e812a239ca024f0c","Shijian Zheng","603e925c5cdb1b0001bdc5ef","6a82e6702d29c7149396c9cd","2026-08-17 06:48"
"WaiWai","621f7436f0bf520001066b61","Derzal","5f96feae45cc8c00017ca853","6a82e5dbdc08d4f281269e6f","2026-08-17 06:48"
"simeon","62dc07edf32847e5836668f1","Ringo","6046c8a097019400018ea4cf","6a82e692a42c20e5930610a8","2026-08-17 06:49"
"Julian","5a8eb2d498cc2c6744a88ce4","arkst5711","653e2552c65b2ec04be90d7e","6a82e5a94c4b3a38d21f372f","2026-08-17 06:49"
"PLK","62179a5c8e88d400010d91ea","MerryCanyon719","66a8ba1fe626c7340b49ccd9","6a82e56da42c20e593060dc7","2026-08-17 06:49"
"Wijn.","657979f3db414bd0da540f23","Json Delulu","6a14d675c819b60e452fa035","6a82e54ea42c20e593060d6c","2026-08-17 06:49"
"Eddie","5695b1e1838cda1838015d4b","Edawardz","600aa63b94b5f40001eddb27","6a82e57d712ddf556fe0faba","2026-08-17 06:50"
"no thoughts, just violence","61cdfc02f6470200011a0caa","Maltor","5fad8566a07ff60001fdae13","6a82e47c2d29c7149396c496","2026-08-17 06:50"
"Tudelzzz","6549fc9cf755320e28e30de7","troppo top amo","68ac97e4cb7094fa1ee260ee","6a82e5d04c4b3a38d21f379f","2026-08-17 06:50"
"Szymono","613295acc4b5740001f1bfdf","Fabi","5807295cfbd28f9a6845a86f","6a82e6602d29c7149396c9a5","2026-08-17 06:50"
"1Kenma","67f1e53d840a2b6316eb1c59","Tren72","5835140899923047c43cda16","6a82e57da42c20e593060df4","2026-08-17 06:50"
"MerryCanyon719","66a8ba1fe626c7340b49ccd9","xZenith","6846d165a3008977fe607ade","6a82e672712ddf556fe0fcdb","2026-08-17 06:51"
"Hagelsnow","66d333ad197dbd0ea8ca5f46","im recording my gameplay","6a437d2254319c3206c01eb9","6a82e62aa42c20e593060fa2","2026-08-17 06:51"
"GramenMystace","621688225a265e000124cc8d","PLK","62179a5c8e88d400010d91ea","6a82e7064c4b3a38d21f3af2","2026-08-17 06:52"
"no thoughts, just violence","61cdfc02f6470200011a0caa","Tudelzzz","6549fc9cf755320e28e30de7","6a82e74c4c4b3a38d21f3bc3","2026-08-17 06:52"
"communist","6a67a7f0e812a239ca024f0c","MONAKA","63e3e9751f12b5b914cfb2d7","6a82e6f34c4b3a38d21f3ac5","2026-08-17 06:52"
"Aaryan22","657021f7412bfd95aad62550","Derzal","5f96feae45cc8c00017ca853","6a82e6e72d29c7149396caf6","2026-08-17 06:53"
"Ritchie","5ff84d182c4df40001592f85","MerryCanyon719","66a8ba1fe626c7340b49ccd9","6a82e706a42c20e5930611f2","2026-08-17 06:53"
"Sydn4y","67853ea3426d61dc087f1e1f","Paco","69f468d2a36a3ab8504f5986","6a82e5c42d29c7149396c802","2026-08-17 06:53"
"Big Cho","5ffaddfe2292d800014e7084","Eddie","5695b1e1838cda1838015d4b","6a82e76da42c20e593061322","2026-08-17 06:54"
"simeon","62dc07edf32847e5836668f1","Geomalick","61fd64f28c0f8100014ebf0b","6a82e7524c4b3a38d21f3bd9","2026-08-17 06:54"
"Victor","67822dd7ca228d1e49a1a611","DonkeyGuesses","6912d873ef3380557dd45eec","6a82e6f64c4b3a38d21f3ac8","2026-08-17 06:54"
"JoyfulStream861","669e4ec691320f1dae6e4e5e","Bankz","6632068e2d673f57895aa438","6a82e66fa42c20e593061063","2026-08-17 06:54"
"Fabi","5807295cfbd28f9a6845a86f","Neramchik","692ef8861902178c08e6025d","6a82e7542d29c7149396cc4f","2026-08-17 06:54"
"xZenith","6846d165a3008977fe607ade","MerryCanyon719","66a8ba1fe626c7340b49ccd9","6a82e7ab2d29c7149396cd92","2026-08-17 06:55"
"arkst5711","653e2552c65b2ec04be90d7e","Edawardz","600aa63b94b5f40001eddb27","6a82e7294c4b3a38d21f3b5c","2026-08-17 06:55"
"MerryCanyon719","66a8ba1fe626c7340b49ccd9","PLK","62179a5c8e88d400010d91ea","6a82e7fa4c4b3a38d21f3e10","2026-08-17 06:55"
"Szymono","613295acc4b5740001f1bfdf","1Kenma","67f1e53d840a2b6316eb1c59","6a82e7462d29c7149396cc14","2026-08-17 06:55"
"communist","6a67a7f0e812a239ca024f0c","Nachober1997","62ea29e2e156a707a40211c5","6a82e7e12d29c7149396ce61","2026-08-17 06:55"
"Edqy","60a2893cb7d972000112fbf4","Stella/chat off","63e1b563ec5549833a008296","6a82e5fca42c20e593060f3e","2026-08-17 06:56"
"Victor","67822dd7ca228d1e49a1a611","maks","6414d29eb61bfefd9d16461e","6a82e8344c4b3a38d21f3ec7","2026-08-17 06:56"
"wichura240","68767692157557d5c76a0ab6","Bilaxyy","662896176160692b89e271d1","6a82e8872d29c7149396d0b1","2026-08-17 06:57"
"Paco","69f468d2a36a3ab8504f5986","Sydn4y","67853ea3426d61dc087f1e1f","6a82e7e32d29c7149396ce69","2026-08-17 06:57"
"simeon","62dc07edf32847e5836668f1","Geomalick","61fd64f28c0f8100014ebf0b","6a82e85e2d29c7149396d043","2026-08-17 06:58"
"xZenith","6846d165a3008977fe607ade","MerryCanyon719","66a8ba1fe626c7340b49ccd9","6a82e87a2d29c7149396d095","2026-08-17 06:59"
"no thoughts, just violence","61cdfc02f6470200011a0caa","Tudelzzz","6549fc9cf755320e28e30de7","6a82e7de2d29c7149396ce55","2026-08-17 06:59"
"Conax","683029bd7e7399d1213e44e3","Szymono","613295acc4b5740001f1bfdf","6a82e869a42c20e593061602","2026-08-17 06:59"
"Derzal","5f96feae45cc8c00017ca853","Aaryan22","657021f7412bfd95aad62550","6a82e8002d29c7149396cebe","2026-08-17 06:59"
"communist","6a67a7f0e812a239ca024f0c","Mr. Meeseeks","61855e1b0702a00001dd8563","6a82e8a92d29c7149396d104","2026-08-17 06:59"
"MerryCanyon719","66a8ba1fe626c7340b49ccd9","PLK","62179a5c8e88d400010d91ea","6a82e87e2d29c7149396d09f","2026-08-17 07:00"
"Dumby The Wizard","62d3d7745f2d61d4ee64cca9","Wijn.","657979f3db414bd0da540f23","6a82e7004c4b3a38d21f3adf","2026-08-17 07:00"
"maks","6414d29eb61bfefd9d16461e","kstyko","5ead136297d6cf24a42b1ef4","6a82e8c5712ddf556fe10294","2026-08-17 07:00"
"Victor","67822dd7ca228d1e49a1a611","MaxJoker84","658c1a04945350bcd1f47aca","6a82e8e7a42c20e593061758","2026-08-17 07:00"
"Stella/chat off","63e1b563ec5549833a008296","Gabrielcrosetto88","63e155cc8854c2318b53eff2","6a82e8cc4c4b3a38d21f4062","2026-08-17 07:00"
"maks","6414d29eb61bfefd9d16461e","Wijn.","657979f3db414bd0da540f23","6a82e994ce17e90bba0cee87","2026-08-17 07:01"
"Bilaxyy","662896176160692b89e271d1","Sydn4y","67853ea3426d61dc087f1e1f","6a82e8f64c4b3a38d21f40ca","2026-08-17 07:01"
"KAITOOO","62e8c3ab0065abc49aca361d","Victor Sjödin","64d0a9bbbf5044ed57381bb3","6a82e9602d29c7149396d337","2026-08-17 07:01"
"Fabi","5807295cfbd28f9a6845a86f","WaiWai","621f7436f0bf520001066b61","6a82e8314c4b3a38d21f3ebc","2026-08-17 07:01"
"Edawardz","600aa63b94b5f40001eddb27","arkst5711","653e2552c65b2ec04be90d7e","6a82e86e4c4b3a38d21f3f52","2026-08-17 07:02"
"Figsy_Games","5e91c2303d4b6a251c171a3b","xZenith","6846d165a3008977fe607ade","6a82e9624c4b3a38d21f420c","2026-08-17 07:02"
"communist","6a67a7f0e812a239ca024f0c","Die geile ENTE","67e7043fc174fc1e1c9ac338","6a82e968dc08d4f28126a64d","2026-08-17 07:02"
"JoyfulStream861","669e4ec691320f1dae6e4e5e","Bankz","6632068e2d673f57895aa438","6a82e85d2d29c7149396d03f","2026-08-17 07:02"
"Geomalick","61fd64f28c0f8100014ebf0b","Maksonic","619d09bdc4ab7000016c68d3","6a82e9334c4b3a38d21f417c","2026-08-17 07:03"
"Victor","67822dd7ca228d1e49a1a611","MaxJoker84","658c1a04945350bcd1f47aca","6a82e9dd4c4b3a38d21f4343","2026-08-17 07:03"
"simeon","62dc07edf32847e5836668f1","Ringo","6046c8a097019400018ea4cf","6a82ea124c4b3a38d21f43cb","2026-08-17 07:05"
"earthenjoyer","662b7a543f29656f5fe5bf53","frey44","65196df73b287bbf7203f3f7","6a82e9494c4b3a38d21f41e2","2026-08-17 07:05"
"maks","6414d29eb61bfefd9d16461e","Wijn.","657979f3db414bd0da540f23","6a82e9e8a42c20e5930619f1","2026-08-17 07:06"
"Edawardz","600aa63b94b5f40001eddb27","arkst5711","653e2552c65b2ec04be90d7e","6a82ea302d29c7149396d5b8","2026-08-17 07:07"
"Ringo","6046c8a097019400018ea4cf","Geomalick","61fd64f28c0f8100014ebf0b","6a82eacc4c4b3a38d21f45fe","2026-08-17 07:08"
"xZenith","6846d165a3008977fe607ade","MerryCanyon719","66a8ba1fe626c7340b49ccd9","6a82ea304c4b3a38d21f4450","2026-08-17 07:08"
"Till","5f04dedea8560175a4e2b497","Eddie","5695b1e1838cda1838015d4b","6a82ea8adc08d4f28126a8a6","2026-08-17 07:08"
"Szymono","613295acc4b5740001f1bfdf","Aaryan22","657021f7412bfd95aad62550","6a82e970f033f9221b4f10b2","2026-08-17 07:08"
"Stella/chat off","63e1b563ec5549833a008296","Novas","63f9bcfdbe10fc0278eeb51d","6a82e9c92d29c7149396d478","2026-08-17 07:08"
"maks","6414d29eb61bfefd9d16461e","Hagelsnow","66d333ad197dbd0ea8ca5f46","6a82eb364c4b3a38d21f4735","2026-08-17 07:09"
"Elori","57d698c209f2ef93b8572689","JanTheIdiot","5c66d1901554907d648fd7df","6a82e5ea4c4b3a38d21f3813","2026-08-17 07:09"
"Wijn.","657979f3db414bd0da540f23","Edqy","60a2893cb7d972000112fbf4","6a82eaf34c4b3a38d21f4677","2026-08-17 07:09"
"DK","616dadb53ea44c00014582b8","earthenjoyer","662b7a543f29656f5fe5bf53","6a82eabf2d29c7149396d73b","2026-08-17 07:10"
"Conax","683029bd7e7399d1213e44e3","Baga #banalts","6106adfe5078c20001560397","6a82e982a42c20e593061901","2026-08-17 07:10"
"NoruJumping","5c5817f33d925bc96cd177e7","Sydn4y","67853ea3426d61dc087f1e1f","6a82eb162d29c7149396d818","2026-08-17 07:11"
"Ringo","6046c8a097019400018ea4cf","xZenith","6846d165a3008977fe607ade","6a82eb9f4c4b3a38d21f483c","2026-08-17 07:12"
"Wijn.","657979f3db414bd0da540f23","MerryCanyon719","66a8ba1fe626c7340b49ccd9","6a82ebd34c4b3a38d21f4904","2026-08-17 07:12"
"Derzal","5f96feae45cc8c00017ca853","Dumby The Wizard","62d3d7745f2d61d4ee64cca9","6a82ea12a42c20e593061a57","2026-08-17 07:12"
"GeoReda","6439632a8062b2c1de67acab","Hez1tred.","68274ac83004afb088d83eac","6a82eb6b2d29c7149396d906","2026-08-17 07:12"
"Edqy","60a2893cb7d972000112fbf4","maks","6414d29eb61bfefd9d16461e","6a82ebd92d29c7149396da7a","2026-08-17 07:13"
"Stella/chat off","63e1b563ec5549833a008296","KAZ","6682a94f266924acd6f97098","6a82eb6e4c4b3a38d21f47c4","2026-08-17 07:13"
"GeoReda","6439632a8062b2c1de67acab","Moisha","697dc96cc8234559ecca0a9f","6a82ec97712ddf556fe10c87","2026-08-17 07:14"
"simeon","62dc07edf32847e5836668f1","Geomalick","61fd64f28c0f8100014ebf0b","6a82ebcc4c4b3a38d21f48f1","2026-08-17 07:15"
"Lene","5d52f64824ec173888d82b60","no thoughts, just violence","61cdfc02f6470200011a0caa","6a82e9782d29c7149396d399","2026-08-17 07:15"
"Edawardz","600aa63b94b5f40001eddb27","connexion de f*p","5e9662142ad6cfadc8e2db9d","6a82eb514c4b3a38d21f4784","2026-08-17 07:15"
"MerryCanyon719","66a8ba1fe626c7340b49ccd9","Wijn.","657979f3db414bd0da540f23","6a82ec7f2d29c7149396dcce","2026-08-17 07:15"
"Elori","57d698c209f2ef93b8572689","Eddie","5695b1e1838cda1838015d4b","6a82ebc12d29c7149396da22","2026-08-17 07:15"
"maks","6414d29eb61bfefd9d16461e","Tomek5_5","606e09423667bc0001ad663d","6a82ecbb2d29c7149396dda5","2026-08-17 07:16"
"Aaryan22","657021f7412bfd95aad62550","Figsy_Games","5e91c2303d4b6a251c171a3b","6a82eb84712ddf556fe108bd","2026-08-17 07:16"
"mii3en","66159d055967919df66cf9c0","Dissonans","60e09234213b0600019d912e","6a82ed128375e7eb4478160c","2026-08-17 07:17"
"Edawardz","600aa63b94b5f40001eddb27","connexion de f*p","5e9662142ad6cfadc8e2db9d","6a82ed39a42c20e593062322","2026-08-17 07:18"
"Conax","683029bd7e7399d1213e44e3","Leo","643ee35e420a82ec7b9e79cc","6a82ec562d29c7149396dc26","2026-08-17 07:18"
"Emmepemme","5bf9b0c343196557d45fc4b6","Moisha","697dc96cc8234559ecca0a9f","6a82ed334c4b3a38d21f4dbf","2026-08-17 07:18"
"Sydn4y","67853ea3426d61dc087f1e1f","GeoChad147 (Youtube)","61333da66ab477000167c55b","6a82ecf04c4b3a38d21f4d0c","2026-08-17 07:18"
"Chuya","66549d4cc725af87c3aa9a34","盲","63b6a120ed1bf0b1b513dfb8","6a82ec2a4c4b3a38d21f49f8","2026-08-17 07:19"
"arkst5711","653e2552c65b2ec04be90d7e","Szymono","613295acc4b5740001f1bfdf","6a82eb74a42c20e593061e0a","2026-08-17 07:19"
"MerryCanyon719","66a8ba1fe626c7340b49ccd9","Wijn.","657979f3db414bd0da540f23","6a82ed3e2d29c7149396df75","2026-08-17 07:19"
"ましろ","60622a237c864a00019b5334","GeoReda","6439632a8062b2c1de67acab","6a82ecf8a42c20e593062285","2026-08-17 07:19"
"Robinhood","6238ed45585d3a1784ef7ef6","simeon","62dc07edf32847e5836668f1","6a82ed682d29c7149396dff4","2026-08-17 07:20"
"CoolMoonGuy","67ba5164f30fffa59919db60","frey44","65196df73b287bbf7203f3f7","6a82ed234c4b3a38d21f4d95","2026-08-17 07:21"
"Maksonic","619d09bdc4ab7000016c68d3","Geomalick","61fd64f28c0f8100014ebf0b","6a82ed222d29c7149396dee1","2026-08-17 07:22"
"Elori","57d698c209f2ef93b8572689","CoastillCitadel955","689f0cfe032a68f96bee23d0","6a82ed0c2d29c7149396de96","2026-08-17 07:22"
"WaiWai","621f7436f0bf520001066b61","KAZ","6682a94f266924acd6f97098","6a82ecc5a42c20e5930621ee","2026-08-17 07:22"
"simeon","62dc07edf32847e5836668f1","Robinhood","6238ed45585d3a1784ef7ef6","6a82ee59314e64fa16f9d334","2026-08-17 07:23"
"Gaizkaiser","61e67e2b8a1e1100013538d3","MerryCanyon719","66a8ba1fe626c7340b49ccd9","6a82ee1c314e64fa16f9d26d","2026-08-17 07:23"
"Aaryan22","657021f7412bfd95aad62550","maks","6414d29eb61bfefd9d16461e","6a82ed602d29c7149396dfe2","2026-08-17 07:23"
"Dissonans","60e09234213b0600019d912e","MaxJoker84","658c1a04945350bcd1f47aca","6a82edc9a42c20e5930624c4","2026-08-17 07:23"
"mii3en","66159d055967919df66cf9c0","tr","654bd5dfad693a62843361db","6a82ee8a2d29c7149396e259","2026-08-17 07:23"
"Szymono","613295acc4b5740001f1bfdf","Wijn.","657979f3db414bd0da540f23","6a82ee208d1739163e37d880","2026-08-17 07:23"
"ましろ","60622a237c864a00019b5334","GeoReda","6439632a8062b2c1de67acab","6a82ee2e4c4b3a38d21f5043","2026-08-17 07:24"
"simeon","62dc07edf32847e5836668f1","Robinhood","6238ed45585d3a1784ef7ef6","6a82eee1a42c20e593062798","2026-08-17 07:25"
"connexion de f*p","5e9662142ad6cfadc8e2db9d","Edawardz","600aa63b94b5f40001eddb27","6a82ee004c4b3a38d21f4fcf","2026-08-17 07:25"
"Szymono","613295acc4b5740001f1bfdf","KAZ","6682a94f266924acd6f97098","6a82eeef314e64fa16f9d538","2026-08-17 07:25"
"CoastillCitadel955","689f0cfe032a68f96bee23d0","Figsy_Games","5e91c2303d4b6a251c171a3b","6a82eee32d29c7149396e3a8","2026-08-17 07:26"
"MerryCanyon719","66a8ba1fe626c7340b49ccd9","maks","6414d29eb61bfefd9d16461e","6a82ef038d1739163e37dab9","2026-08-17 07:26"
"kstyko","5ead136297d6cf24a42b1ef4","ましろ","60622a237c864a00019b5334","6a82ef2e2d29c7149396e528","2026-08-17 07:26"
"JanTheIdiot","5c66d1901554907d648fd7df","Asphalt","63b28cd3e615c0d497c80c1c","6a82ebd0712ddf556fe109cb","2026-08-17 07:26"
"simeon","62dc07edf32847e5836668f1","Robinhood","6238ed45585d3a1784ef7ef6","6a82ef662d29c7149396e5ed","2026-08-17 07:27"
"盲","63b6a120ed1bf0b1b513dfb8","Chuya","66549d4cc725af87c3aa9a34","6a82ee3d314e64fa16f9d2de","2026-08-17 07:27"
"Kazuyanpi15","62f98280984cca8f85927223","Yellowduck🐥","68074620be43d137459fbac3","6a82eefa314e64fa16f9d55e","2026-08-17 07:27"
"Gaizkaiser","61e67e2b8a1e1100013538d3","Geomalick","61fd64f28c0f8100014ebf0b","6a82ef024c4b3a38d21f5351","2026-08-17 07:28"
"mii3en","66159d055967919df66cf9c0","Dissonans","60e09234213b0600019d912e","6a82eef0314e64fa16f9d539","2026-08-17 07:28"
"Big Cho","5ffaddfe2292d800014e7084","Gonçalo","60477d3ef15a270001e1bb0c","6a82edd6314e64fa16f9d1b3","2026-08-17 07:29"
"ましろ","60622a237c864a00019b5334","maks","6414d29eb61bfefd9d16461e","6a82efa24c4b3a38d21f55f0","2026-08-17 07:29"
"Laatsch","60c62658b2f5d60001ed3efe","Enrico_RR","6768ba56801d2d75f4becef4","6a82ee6ba42c20e5930625fd","2026-08-17 07:29"
"simeon","62dc07edf32847e5836668f1","Robinhood","6238ed45585d3a1784ef7ef6","6a82efda314e64fa16f9d926","2026-08-17 07:30"
"盲","63b6a120ed1bf0b1b513dfb8","arkst5711","653e2552c65b2ec04be90d7e","6a82f0154c4b3a38d21f573c","2026-08-17 07:30"
"Conax","683029bd7e7399d1213e44e3","Leo","643ee35e420a82ec7b9e79cc","6a82edd82d29c7149396e10e","2026-08-17 07:30"
"MerryCanyon719","66a8ba1fe626c7340b49ccd9","Maksonic","619d09bdc4ab7000016c68d3","6a82efbb2d29c7149396e6fa","2026-08-17 07:31"
"maks","6414d29eb61bfefd9d16461e","Dissonans","60e09234213b0600019d912e","6a82f0622d29c7149396e8e2","2026-08-17 07:31"
"Szymono","613295acc4b5740001f1bfdf","KAZ","6682a94f266924acd6f97098","6a82ef8d314e64fa16f9d7f5","2026-08-17 07:31"
"ましろ","60622a237c864a00019b5334","Leo","643ee35e420a82ec7b9e79cc","6a82f09c4c4b3a38d21f58cd","2026-08-17 07:31"
"simeon","62dc07edf32847e5836668f1","Robinhood","6238ed45585d3a1784ef7ef6","6a82f0cea42c20e593062dd4","2026-08-17 07:32"
"Delema()()()","65869f62df3f7bea3fa1d675","Gaizkaiser","61e67e2b8a1e1100013538d3","6a82f052314e64fa16f9da9a","2026-08-17 07:32"
"Wijn.","657979f3db414bd0da540f23","qeezy new acc","6033a16edb1db5000118e2c0","6a82f01ea42c20e593062bed","2026-08-17 07:32"
"Sydn4y","67853ea3426d61dc087f1e1f","Kucerkaaa✨","66422b048e6606a3bc59724f","6a82efff4c4b3a38d21f56ea","2026-08-17 07:32"
"connexion de f*p","5e9662142ad6cfadc8e2db9d","Edawardz","600aa63b94b5f40001eddb27","6a82ef92314e64fa16f9d817","2026-08-17 07:33"
"Kazuyanpi15","62f98280984cca8f85927223","GeoReda","6439632a8062b2c1de67acab","6a82efda314e64fa16f9d92c","2026-08-17 07:33"
"Asphalt","63b28cd3e615c0d497c80c1c","DonkeyGuesses","6912d873ef3380557dd45eec","6a82efbf314e64fa16f9d8b0","2026-08-17 07:33"
"simeon","62dc07edf32847e5836668f1","Robinhood","6238ed45585d3a1784ef7ef6","6a82f1341e6d80530085ac24","2026-08-17 07:34"
"Geomalick","61fd64f28c0f8100014ebf0b","Gaizkaiser","61e67e2b8a1e1100013538d3","6a82f10e314e64fa16f9dd4e","2026-08-17 07:34"
"Laatsch","60c62658b2f5d60001ed3efe","Moussa","63f298b8251569d36d50155b","6a82f0984c4b3a38d21f58c2","2026-08-17 07:34"
"Sydn4y","67853ea3426d61dc087f1e1f","Leo","643ee35e420a82ec7b9e79cc","6a82f114314e64fa16f9dd5b","2026-08-17 07:34"
"Figsy_Games","5e91c2303d4b6a251c171a3b","CoastillCitadel955","689f0cfe032a68f96bee23d0","6a82efe1314e64fa16f9d954","2026-08-17 07:35"
"KAZ","6682a94f266924acd6f97098","Żukasz","602cfd5dc397fa0001f09dfb","6a82f0fc4c4b3a38d21f59e5","2026-08-17 07:35"
"MerryCanyon719","66a8ba1fe626c7340b49ccd9","Szymono","613295acc4b5740001f1bfdf","6a82f0ed314e64fa16f9dcf9","2026-08-17 07:36"
"qeezy new acc","6033a16edb1db5000118e2c0","Wijn.","657979f3db414bd0da540f23","6a82f14bf30229d1c5d9ddde","2026-08-17 07:36"
"Gaizkaiser","61e67e2b8a1e1100013538d3","Geomalick","61fd64f28c0f8100014ebf0b","6a82f1b8bf1108436f42bafc","2026-08-17 07:37"
"habesh","647734d056305f7bf5561a4e","Neuer3","64257ca5930f6c559b9a32e9","6a82ef9e314e64fa16f9d83c","2026-08-17 07:37"
"maks","6414d29eb61bfefd9d16461e","Dissonans","60e09234213b0600019d912e","6a82f0f8314e64fa16f9dd20","2026-08-17 07:37"
"1Kenma","67f1e53d840a2b6316eb1c59","NoruJumping","5c5817f33d925bc96cd177e7","6a82eda94c4b3a38d21f4f0d","2026-08-17 07:37"
"simeon","62dc07edf32847e5836668f1","Bad At Geo","5d46b0bb3b4b6a4968620f7b","6a82f181342ab7389cd50d2f","2026-08-17 07:38"
"Big Cho","5ffaddfe2292d800014e7084","nowlo","67493198473744059fbb9736","6a82f06c314e64fa16f9daf1","2026-08-17 07:38"
"connexion de f*p","5e9662142ad6cfadc8e2db9d","Edawardz","600aa63b94b5f40001eddb27","6a82f15b06434d870a18b87d","2026-08-17 07:38"
"Anu","5eae84426ea510842c0ed215","Delema()()()","65869f62df3f7bea3fa1d675","6a82f1a21e6d80530085ad8e","2026-08-17 07:39"
"Maksonic","619d09bdc4ab7000016c68d3","Gonçalo","60477d3ef15a270001e1bb0c","6a82f1dff30229d1c5d9df72","2026-08-17 07:39"
"盲","63b6a120ed1bf0b1b513dfb8","Conax","683029bd7e7399d1213e44e3","6a82f0ae314e64fa16f9dc25","2026-08-17 07:39"
"Laatsch","60c62658b2f5d60001ed3efe","Moussa","63f298b8251569d36d50155b","6a82f1989039484713d2a947","2026-08-17 07:39"
"Asphalt","63b28cd3e615c0d497c80c1c","Sydn4y","67853ea3426d61dc087f1e1f","6a82f1c7f30229d1c5d9df2a","2026-08-17 07:39"
"simeon","62dc07edf32847e5836668f1","Bad At Geo","5d46b0bb3b4b6a4968620f7b","6a82f274f30229d1c5d9e1ee","2026-08-17 07:40"
"Delema()()()","65869f62df3f7bea3fa1d675","Anu","5eae84426ea510842c0ed215","6a82f2ca9039484713d2add2","2026-08-17 07:40"
"arkst5711","653e2552c65b2ec04be90d7e","Dumby The Wizard","62d3d7745f2d61d4ee64cca9","6a82f0d34c4b3a38d21f596d","2026-08-17 07:40"
"qeezy new acc","6033a16edb1db5000118e2c0","Wijn.","657979f3db414bd0da540f23","6a82f213f30229d1c5d9e004","2026-08-17 07:40"
"Gaizkaiser","61e67e2b8a1e1100013538d3","Geomalick","61fd64f28c0f8100014ebf0b","6a82f22b1e6d80530085af3f","2026-08-17 07:41"
"CoastillCitadel955","689f0cfe032a68f96bee23d0","Żukasz","602cfd5dc397fa0001f09dfb","6a82f1eb1e6d80530085ae5d","2026-08-17 07:41"
"盲","63b6a120ed1bf0b1b513dfb8","Edawardz","600aa63b94b5f40001eddb27","6a82f2b49039484713d2ad9a","2026-08-17 07:42"
"qeezy new acc","6033a16edb1db5000118e2c0","Wijn.","657979f3db414bd0da540f23","6a82f30e9039484713d2aebc","2026-08-17 07:42"
"maks","6414d29eb61bfefd9d16461e","Jerome","62e14841f938d5507c4d31f6","6a82f2ef9039484713d2ae51","2026-08-17 07:43"
"NoruJumping","5c5817f33d925bc96cd177e7","GCU","69f74f7bd9284e0db0e2a65c","6a82f269f30229d1c5d9e1c6","2026-08-17 07:43"
"Figsy_Games","5e91c2303d4b6a251c171a3b","PLK","62179a5c8e88d400010d91ea","6a82f2f21e6d80530085b279","2026-08-17 07:44"
"Emmepemme","5bf9b0c343196557d45fc4b6","BLANC DE BLANC","5eec83c262df1243a0ceaea8","6a82ede52d29c7149396e125","2026-08-17 07:44"
"francishow","6048173c50a8500001ba84d8","hyryi","68ab47dfbb1157adc4dd2dcf","6a82f3021e6d80530085b2b0","2026-08-17 07:44"
"Moussa","63f298b8251569d36d50155b","Sydn4y","67853ea3426d61dc087f1e1f","6a82f313f30229d1c5d9e482","2026-08-17 07:44"
"Geomalick","61fd64f28c0f8100014ebf0b","Gaizkaiser","61e67e2b8a1e1100013538d3","6a82f3331e6d80530085b3a3","2026-08-17 07:45"
"Dissonans","60e09234213b0600019d912e","1Kenma","67f1e53d840a2b6316eb1c59","6a82f252f30229d1c5d9e13c","2026-08-17 07:45"
"Anu","5eae84426ea510842c0ed215","Bad At Geo","5d46b0bb3b4b6a4968620f7b","6a82f3149039484713d2aecd","2026-08-17 07:46"
"Big Cho","5ffaddfe2292d800014e7084","nowlo","67493198473744059fbb9736","6a82f2a19039484713d2ad72","2026-08-17 07:47"
"Delema()()()","65869f62df3f7bea3fa1d675","Gaizkaiser","61e67e2b8a1e1100013538d3","6a82f460342ab7389cd51679","2026-08-17 07:47"
"Ringo","6046c8a097019400018ea4cf","Maksonic","619d09bdc4ab7000016c68d3","6a82f3201e6d80530085b33a","2026-08-17 07:47"
"maks","6414d29eb61bfefd9d16461e","PLK","62179a5c8e88d400010d91ea","6a82f4001e6d80530085b642","2026-08-17 07:47"
"NoruJumping","5c5817f33d925bc96cd177e7","DonkeyGuesses","6912d873ef3380557dd45eec","6a82f3ca9039484713d2b11d","2026-08-17 07:47"
"盲","63b6a120ed1bf0b1b513dfb8","CoastillCitadel955","689f0cfe032a68f96bee23d0","6a82f375f30229d1c5d9e5d7","2026-08-17 07:48"
"GCU","69f74f7bd9284e0db0e2a65c","juxerr (retired)","63232556fe765bafba5ef084","6a82f3d21e6d80530085b5a9","2026-08-17 07:48"
"Fabi","5807295cfbd28f9a6845a86f","Laatsch","60c62658b2f5d60001ed3efe","6a82f2d19039484713d2adf2","2026-08-17 07:48"
"Sydn4y","67853ea3426d61dc087f1e1f","Dasi","60646de64f3a8e00016fae55","6a82f41c9039484713d2b23d","2026-08-17 07:48"
"szop","5e457e06c2a93b2b70217ecc","Guiz","68edfc3e124074032a4c66f3","6a82f3ce9039484713d2b125","2026-08-17 07:49"
"xZenith","6846d165a3008977fe607ade","Gaizkaiser","61e67e2b8a1e1100013538d3","6a82f4c21e6d80530085b8a6","2026-08-17 07:50"
"Dissonans","60e09234213b0600019d912e","1Kenma","67f1e53d840a2b6316eb1c59","6a82f4661e6d80530085b7af","2026-08-17 07:51"
"Asphalt","63b28cd3e615c0d497c80c1c","kuba.","68582b5f8e62427811441b60","6a82f52cf30229d1c5d9ec9f","2026-08-17 07:51"
"盲","63b6a120ed1bf0b1b513dfb8","SigmaLigma","641e0c54c1155de1803057b1","6a82f4d0f30229d1c5d9eada","2026-08-17 07:52"
"Sydn4y","67853ea3426d61dc087f1e1f","GCU","69f74f7bd9284e0db0e2a65c","6a82f4f522352015d126ee00","2026-08-17 07:52"
"kuba.","68582b5f8e62427811441b60","Dasi","60646de64f3a8e00016fae55","6a82f5aff30229d1c5d9eefb","2026-08-17 07:54"
"teddy bear","66f081f2bf4b230a2fcb970c","JasonYam","654be9570c6bc13590bdfdd4","6a82f55a342ab7389cd51a35","2026-08-17 07:54"
"Moussa","63f298b8251569d36d50155b","GeoReda","6439632a8062b2c1de67acab","6a82f4729039484713d2b383","2026-08-17 07:54"
"Delema()()()","65869f62df3f7bea3fa1d675","Geomalick","61fd64f28c0f8100014ebf0b","6a82f5019039484713d2b58e","2026-08-17 07:55"
"Maksonic","619d09bdc4ab7000016c68d3","Gaizkaiser","61e67e2b8a1e1100013538d3","6a82f582342ab7389cd51af2","2026-08-17 07:55"
"qeezy new acc","6033a16edb1db5000118e2c0","Wish i could try again","69d154ba0a3f30cbd4825d7a","6a82f58c06434d870a18c6b7","2026-08-17 07:55"
"xZenith","6846d165a3008977fe607ade","Xick","6227d06fc4123c000192c138","6a82f5d5342ab7389cd51c7c","2026-08-17 07:56"
"NoruJumping","5c5817f33d925bc96cd177e7","Laatsch","60c62658b2f5d60001ed3efe","6a82f51af30229d1c5d9ec59","2026-08-17 07:56"
"Emmepemme","5bf9b0c343196557d45fc4b6","SiBe","5ad3470a2a3e0d4da46d409e","6a82f5ea1e6d80530085bd35","2026-08-17 07:57"
"H1r0xz","6a419df53f40063ed65a1d24","val1d","63875de4e55ec4234b26d1fb","6a82f6d122352015d126f4d3","2026-08-17 07:58"
"nowlo","67493198473744059fbb9736","CoastillCitadel955","689f0cfe032a68f96bee23d0","6a82f56106434d870a18c610","2026-08-17 07:59"
"盲","63b6a120ed1bf0b1b513dfb8","SigmaLigma","641e0c54c1155de1803057b1","6a82f5d4f30229d1c5d9ef6a","2026-08-17 07:59"
"Dimsum","63f619f14068eb7d4bbb134d","szop","5e457e06c2a93b2b70217ecc","6a82f6ec06434d870a18cb3a","2026-08-17 07:59"
"Dissonans","60e09234213b0600019d912e","Wish i could try again","69d154ba0a3f30cbd4825d7a","6a82f6649039484713d2bb60","2026-08-17 07:59"
"Sydn4y","67853ea3426d61dc087f1e1f","Cassosclub","65a7c8563d08098ae0def9f9","6a82f5eb22352015d126f15f","2026-08-17 07:59"
"connexion de f*p","5e9662142ad6cfadc8e2db9d","Tikon","621cddf10416aa00011b992b","6a82f6691e6d80530085becd","2026-08-17 08:00"
"teddy bear","66f081f2bf4b230a2fcb970c","Troy","60d8ab847abe710001f9b272","6a82f7389039484713d2be74","2026-08-17 08:00"
"H1r0xz","6a419df53f40063ed65a1d24","MaxJoker84","658c1a04945350bcd1f47aca","6a82f73d9039484713d2be8b","2026-08-17 08:00"
"Laatsch","60c62658b2f5d60001ed3efe","PopularPeninsula783","6794f91a4613843d08b344b1","6a82f6da06434d870a18cafa","2026-08-17 08:00"
"Brzoza","60ababeffb1efa0001302754","Gonçalo","60477d3ef15a270001e1bb0c","6a82f5b8f30229d1c5d9ef18","2026-08-17 08:01"
"xZenith","6846d165a3008977fe607ade","Geomalick","61fd64f28c0f8100014ebf0b","6a82f7331e6d80530085c268","2026-08-17 08:01"
"Xick","6227d06fc4123c000192c138","Maksonic","619d09bdc4ab7000016c68d3","6a82f6d01e6d80530085c057","2026-08-17 08:01"
"mzk","5f3fde73116e5c0001ef74a5","Dimsum","63f619f14068eb7d4bbb134d","6a82f6b71e6d80530085bfb1","2026-08-17 08:01"
"TropicalMountain447","67914253de4eb4f636d10283","hyryi","68ab47dfbb1157adc4dd2dcf","6a82f60e342ab7389cd51d80","2026-08-17 08:01"
"GCU","69f74f7bd9284e0db0e2a65c","Moussa","63f298b8251569d36d50155b","6a82f6581e6d80530085be65","2026-08-17 08:01"
"H1r0xz","6a419df53f40063ed65a1d24","Wyxi","5f35d58197d4a9000151c417","6a82f7aa9039484713d2c062","2026-08-17 08:02"
"hyryi","68ab47dfbb1157adc4dd2dcf","szop","5e457e06c2a93b2b70217ecc","6a82f801f30229d1c5d9f76f","2026-08-17 08:04"
"VehicleRonald","626be1db347a090f4e84683f","xZenith","6846d165a3008977fe607ade","6a82f8551e6d80530085c6b4","2026-08-17 08:05"
"盲","63b6a120ed1bf0b1b513dfb8","Tikon","621cddf10416aa00011b992b","6a82f7a5bf1108436f42ccb6","2026-08-17 08:05"
"Tudelzzz","6549fc9cf755320e28e30de7","Neuer3","64257ca5930f6c559b9a32e9","6a82f24806434d870a18bb4e","2026-08-17 08:05"
"GCU","69f74f7bd9284e0db0e2a65c","Moussa","63f298b8251569d36d50155b","6a82f815f30229d1c5d9f866","2026-08-17 08:05"
"Sydn4y","67853ea3426d61dc087f1e1f","Dimsum","63f619f14068eb7d4bbb134d","6a82f7709039484713d2bf55","2026-08-17 08:05"
"Laatsch","60c62658b2f5d60001ed3efe","Dimsum","63f619f14068eb7d4bbb134d","6a82f7fe342ab7389cd52406","2026-08-17 08:05"
"NoruJumping","5c5817f33d925bc96cd177e7","Kucerkaaa✨","66422b048e6606a3bc59724f","6a82f71c9039484713d2bdef","2026-08-17 08:06"
"kuba.","68582b5f8e62427811441b60","MaxJoker84","658c1a04945350bcd1f47aca","6a82f814f30229d1c5d9f82e","2026-08-17 08:06"
"Xick","6227d06fc4123c000192c138","Maksonic","619d09bdc4ab7000016c68d3","6a82f82c9039484713d2c202","2026-08-17 08:07"
"CoastillCitadel955","689f0cfe032a68f96bee23d0","SigmaLigma","641e0c54c1155de1803057b1","6a82f7aa9039484713d2c061","2026-08-17 08:07"
"Dimsum","63f619f14068eb7d4bbb134d","Sydn4y","67853ea3426d61dc087f1e1f","6a82f8d01e6d80530085c887","2026-08-17 08:07"
"val1d","63875de4e55ec4234b26d1fb","Wish i could try again","69d154ba0a3f30cbd4825d7a","6a82f762342ab7389cd52252","2026-08-17 08:07"
"Emmepemme","5bf9b0c343196557d45fc4b6","SiBe","5ad3470a2a3e0d4da46d409e","6a82f7249039484713d2be29","2026-08-17 08:08"
"Tikon","621cddf10416aa00011b992b","Nibiru","5f8c1986d282f60001f34b05","6a82f8f1f30229d1c5d9fc31","2026-08-17 08:10"
"xZenith","6846d165a3008977fe607ade","Xick","6227d06fc4123c000192c138","6a82f942bf1108436f42d1e6","2026-08-17 08:11"
"CoastillCitadel955","689f0cfe032a68f96bee23d0","Dimsum","63f619f14068eb7d4bbb134d","6a82f977f30229d1c5d9fe24","2026-08-17 08:11"
"路易十六","65337c686711b99177ed189b","szop","5e457e06c2a93b2b70217ecc","6a82f897342ab7389cd526bf","2026-08-17 08:11"
"Laatsch","60c62658b2f5d60001ed3efe","Dimsum","63f619f14068eb7d4bbb134d","6a82f8ed1e6d80530085c924","2026-08-17 08:11"
"hyryi","68ab47dfbb1157adc4dd2dcf","Tren72","5835140899923047c43cda16","6a82f96b06434d870a18d359","2026-08-17 08:11"
"1Kenma","67f1e53d840a2b6316eb1c59","Fabi","5807295cfbd28f9a6845a86f","6a82f7751e6d80530085c37e","2026-08-17 08:11"
"xZenith","6846d165a3008977fe607ade","Maksonic","619d09bdc4ab7000016c68d3","6a82fa29f30229d1c5da0071","2026-08-17 08:12"
"PopularPeninsula783","6794f91a4613843d08b344b1","LAMINE YAMAL","5fec56ce3362e4000147ea46","6a82f9c1f30229d1c5d9ff0c","2026-08-17 08:13"
"connexion de f*p","5e9662142ad6cfadc8e2db9d","Gonçalo","60477d3ef15a270001e1bb0c","6a82f7eb1e6d80530085c514","2026-08-17 08:14"
"Dasi","60646de64f3a8e00016fae55","MaxJoker84","658c1a04945350bcd1f47aca","6a82fa071e6d80530085cc8f","2026-08-17 08:14"
"Moussa","63f298b8251569d36d50155b","Suharis","61c4c4d2033ee200013c8b35","6a82fa599039484713d2c9dd","2026-08-17 08:14"
"Dasi","60646de64f3a8e00016fae55","AI Gen 10/10","664ad9de273fe0303a386b45","6a82fadd06434d870a18d6eb","2026-08-17 08:16"
"Tikon","621cddf10416aa00011b992b","adameq","626c3725834eacd247226547","6a82fa10f30229d1c5da002f","2026-08-17 08:17"
"Dimsum","63f619f14068eb7d4bbb134d","Fabi","5807295cfbd28f9a6845a86f","6a82fab31e6d80530085ce9e","2026-08-17 08:17"
"Crimson_Skie5","6542b879035c41bbf7e7d0a5","AI Gen 10/10","664ad9de273fe0303a386b45","6a82fa921e6d80530085ce17","2026-08-17 08:18"
"Laatsch","60c62658b2f5d60001ed3efe","1Kenma","67f1e53d840a2b6316eb1c59","6a82fa46f30229d1c5da00cf","2026-08-17 08:18"
"AI Gen 10/10","664ad9de273fe0303a386b45","Dasi","60646de64f3a8e00016fae55","6a82fb8422352015d12700dd","2026-08-17 08:18"
"xZenith","6846d165a3008977fe607ade","Xick","6227d06fc4123c000192c138","6a82fa9ef30229d1c5da01e9","2026-08-17 08:19"
"Maksonic","619d09bdc4ab7000016c68d3","Finbarr","5c03eed1b5b94ba700403005","6a82fae906434d870a18d6f9","2026-08-17 08:19"
"1Kenma","67f1e53d840a2b6316eb1c59","AI Gen 10/10","664ad9de273fe0303a386b45","6a82fbccf30229d1c5da05ea","2026-08-17 08:20"
"CoastillCitadel955","689f0cfe032a68f96bee23d0","Armire","579e7c0d96ca677b840d1210","6a82fab51e6d80530085cea6","2026-08-17 08:21"
"vinnie","69af2d2e4921fb35244096f4","yang","68c8d78fee2a8aa559e3878b","6a82fbdf9039484713d2ce75","2026-08-17 08:21"
"Gonçalo","60477d3ef15a270001e1bb0c","Chuya","66549d4cc725af87c3aa9a34","6a82fb251e6d80530085d011","2026-08-17 08:22"
"Xick","6227d06fc4123c000192c138","xZenith","6846d165a3008977fe607ade","6a82fc39342ab7389cd5315b","2026-08-17 08:22"
"AI Gen 10/10","664ad9de273fe0303a386b45","Frigo Camelo","6831b15be91c310e7f58d599","6a82fc621e6d80530085d39b","2026-08-17 08:22"
"adameq","626c3725834eacd247226547","connexion de f*p","5e9662142ad6cfadc8e2db9d","6a82fc48342ab7389cd53184","2026-08-17 08:23"
"Laatsch","60c62658b2f5d60001ed3efe","Lster95","6875664f91065c0938397061","6a82fc3b342ab7389cd53160","2026-08-17 08:23"
"AI Gen 10/10","664ad9de273fe0303a386b45","Frigo Camelo","6831b15be91c310e7f58d599","6a82fc621e6d80530085d39b","2026-08-17 08:23"
"Crimson_Skie5","6542b879035c41bbf7e7d0a5","Jonas","661ad4c4073f663c21b57fe6","6a82fbd006434d870a18d98c","2026-08-17 08:24"
"Pandazan","632e19f3f0149e276027d38e","1Kenma","67f1e53d840a2b6316eb1c59","6a82fc5d1e6d80530085d38a","2026-08-17 08:24"
"szop","5e457e06c2a93b2b70217ecc","Dimsum","63f619f14068eb7d4bbb134d","6a82fbc41e6d80530085d196","2026-08-17 08:24"
"cocomelon123","5ffc1edc415d4d00016642d7","SigmaLigma","641e0c54c1155de1803057b1","6a82f9a206434d870a18d3e3","2026-08-17 08:25"
"-_Innokent_-","654d1a315f6c3308fd630fa2","AI Gen 10/10","664ad9de273fe0303a386b45","6a82fd379039484713d2d28a","2026-08-17 08:25"
"xZenith","6846d165a3008977fe607ade","Xick","6227d06fc4123c000192c138","6a82fce3f30229d1c5da095e","2026-08-17 08:26"
"AI Gen 10/10","664ad9de273fe0303a386b45","-_Innokent_-","654d1a315f6c3308fd630fa2","6a82fda21e6d80530085d700","2026-08-17 08:26"
"yang","68c8d78fee2a8aa559e3878b","Dasi","60646de64f3a8e00016fae55","6a82fccf9039484713d2d16a","2026-08-17 08:26"
"Ruben","5e1334ba1b34a033c801a9e8","Fabi","5807295cfbd28f9a6845a86f","6a82fbb7f30229d1c5da05ae","2026-08-17 08:26"
"AI Gen 10/10","664ad9de273fe0303a386b45","-_Innokent_-","654d1a315f6c3308fd630fa2","6a82fda21e6d80530085d700","2026-08-17 08:27"
"Pandazan","632e19f3f0149e276027d38e","1Kenma","67f1e53d840a2b6316eb1c59","6a82fd699039484713d2d31a","2026-08-17 08:27"
"Domak666","6a3a957b0446680426a7f84b","Jonas","661ad4c4073f663c21b57fe6","6a82fd819039484713d2d368","2026-08-17 08:28"
"PopularPeninsula783","6794f91a4613843d08b344b1","Tren72","5835140899923047c43cda16","6a82fc2df30229d1c5da0735","2026-08-17 08:28"
"Neuer3","64257ca5930f6c559b9a32e9","Emmepemme","5bf9b0c343196557d45fc4b6","6a82fbecf30229d1c5da0649","2026-08-17 08:29"
"Laatsch","60c62658b2f5d60001ed3efe","menthol.mike","5d78b0cc1d19ab6f7052d8b9","6a82fd039039484713d2d208","2026-08-17 08:29"
"Dimsum","63f619f14068eb7d4bbb134d","hyryi","68ab47dfbb1157adc4dd2dcf","6a82fd63342ab7389cd53457","2026-08-17 08:29"
"Dimsum","63f619f14068eb7d4bbb134d","Yiğit Onur","628a020c86224535a595335f","6a82fd801e6d80530085d6b0","2026-08-17 08:30"
"cocomelon123","5ffc1edc415d4d00016642d7","SigmaLigma","641e0c54c1155de1803057b1","6a82fda4342ab7389cd534f8","2026-08-17 08:31"
"vinnie","69af2d2e4921fb35244096f4","Moussa","63f298b8251569d36d50155b","6a82fd8b9039484713d2d389","2026-08-17 08:31"
"AI Gen 10/10","664ad9de273fe0303a386b45","Pandazan","632e19f3f0149e276027d38e","6a82fe179039484713d2d529","2026-08-17 08:31"
"miniura","650ff17b12259a4cd34bd829","-_Innokent_-","654d1a315f6c3308fd630fa2","6a82fdd8f30229d1c5da0c06","2026-08-17 08:31"
"connexion de f*p","5e9662142ad6cfadc8e2db9d","Chuya","66549d4cc725af87c3aa9a34","6a82fcfb9039484713d2d1ef","2026-08-17 08:32"
"caribou","65b67a412c40703eebe95de7","Jonas","661ad4c4073f663c21b57fe6","6a82fec3342ab7389cd537fb","2026-08-17 08:32"
"MerryCanyon719","66a8ba1fe626c7340b49ccd9","xZenith","6846d165a3008977fe607ade","6a82fe4d9039484713d2d5da","2026-08-17 08:32"
"Gonçalo","60477d3ef15a270001e1bb0c","Finbarr","5c03eed1b5b94ba700403005","6a82fcee9039484713d2d1c7","2026-08-17 08:33"
"Tikon","621cddf10416aa00011b992b","adameq","626c3725834eacd247226547","6a82fd791e6d80530085d698","2026-08-17 08:33"
"Dissonans","60e09234213b0600019d912e","Lster95","6875664f91065c0938397061","6a82fe369039484713d2d58d","2026-08-17 08:33"
"Dragon","6046b8d109c0f6000137ee5d","tsaac_","6049b918b61ff70001628750","6a82fed8f30229d1c5da0e75","2026-08-17 08:33"
"xZenith","6846d165a3008977fe607ade","MerryCanyon719","66a8ba1fe626c7340b49ccd9","6a82ff1c9039484713d2d836","2026-08-17 08:35"
"tryna be geeked","68261ad84859ebc8db2448a4","AI Gen 10/10","664ad9de273fe0303a386b45","6a82ff0b342ab7389cd538c1","2026-08-17 08:35"
"Pandazan","632e19f3f0149e276027d38e","AI Gen 10/10","664ad9de273fe0303a386b45","6a82ff129039484713d2d819","2026-08-17 08:35"
"szop","5e457e06c2a93b2b70217ecc","Dimsum","63f619f14068eb7d4bbb134d","6a82fe9506434d870a18e078","2026-08-17 08:35"
"hyryi","68ab47dfbb1157adc4dd2dcf","yarik⭐tatert0t kawaii alt😜","69b480dc874bd08dc9e5878a","6a82fe6f1e6d80530085d939","2026-08-17 08:35"
"Fabi","5807295cfbd28f9a6845a86f","1Kenma","67f1e53d840a2b6316eb1c59","6a82fe18f30229d1c5da0c98","2026-08-17 08:35"
"Jonas","661ad4c4073f663c21b57fe6","sLeon","67bb3f2eee61ec146522e88a","6a82ff43f30229d1c5da0ff9","2026-08-17 08:36"
"Dimsum","63f619f14068eb7d4bbb134d","Ruben","5e1334ba1b34a033c801a9e8","6a82feb99039484713d2d709","2026-08-17 08:36"
"yarik⭐tatert0t kawaii alt😜","69b480dc874bd08dc9e5878a","OtTeterivoid Meggy","5e50548d26bbda7a44f655ed","6a82ffe89039484713d2dad7","2026-08-17 08:37"
"Bad At Geo","5d46b0bb3b4b6a4968620f7b","xZenith","6846d165a3008977fe607ade","6a83002322352015d1270b58","2026-08-17 08:38"
"AI Gen 10/10","664ad9de273fe0303a386b45","Саня Кувалда","69497a7fe444ec4872bca620","6a82ffd7f30229d1c5da11e1","2026-08-17 08:38"
"Ruben","5e1334ba1b34a033c801a9e8","EMMA","63945c3c7d1041ac615dbc92","6a83000a06434d870a18e3e9","2026-08-17 08:38"
"PLK","62179a5c8e88d400010d91ea","Xick","6227d06fc4123c000192c138","6a82ffb206434d870a18e317","2026-08-17 08:39"
"SigmaLigma","641e0c54c1155de1803057b1","Dissonans","60e09234213b0600019d912e","6a82ff819039484713d2d972","2026-08-17 08:39"
"Gonçalo","60477d3ef15a270001e1bb0c","adameq","626c3725834eacd247226547","6a82ff88342ab7389cd53a26","2026-08-17 08:40"
"MerryCanyon719","66a8ba1fe626c7340b49ccd9","Xick","6227d06fc4123c000192c138","6a82ffcef30229d1c5da11c0","2026-08-17 08:40"
"-_Innokent_-","654d1a315f6c3308fd630fa2","Moussa","63f298b8251569d36d50155b","6a82ff33342ab7389cd53913","2026-08-17 08:40"
"connexion de f*p","5e9662142ad6cfadc8e2db9d","Chuya","66549d4cc725af87c3aa9a34","6a82ff47f30229d1c5da1002","2026-08-17 08:41"
"AI Gen 10/10","664ad9de273fe0303a386b45","Kazuyanpi15","62f98280984cca8f85927223","6a8300cc06434d870a18e5af","2026-08-17 08:41"
"Nick.BY","5926b86352e6ca6c8c1463d7","cocomelon123","5ffc1edc415d4d00016642d7","6a82fed41e6d80530085da18","2026-08-17 08:42"
"supergaming","5dfe5cfd328e461c04d7fbf2","adameq","626c3725834eacd247226547","6a830126f30229d1c5da154e","2026-08-17 08:43"
"Geomalick","61fd64f28c0f8100014ebf0b","Jonas","661ad4c4073f663c21b57fe6","6a83007ef30229d1c5da138e","2026-08-17 08:43"
"yarik⭐tatert0t kawaii alt😜","69b480dc874bd08dc9e5878a","AI Gen 10/10","664ad9de273fe0303a386b45","6a8300559039484713d2dbec","2026-08-17 08:43"
"GeoIzoard","5ef6bc82308c19725c7ddb1e","im recording my gameplay","6a437d2254319c3206c01eb9","6a8300c79039484713d2dd27","2026-08-17 08:43"
"xZenith","6846d165a3008977fe607ade","Xick","6227d06fc4123c000192c138","6a8300c4f30229d1c5da1446","2026-08-17 08:44"
"menthol.mike","5d78b0cc1d19ab6f7052d8b9","Dissonans","60e09234213b0600019d912e","6a8300d69039484713d2dd5d","2026-08-17 08:44"
"PLK","62179a5c8e88d400010d91ea","MerryCanyon719","66a8ba1fe626c7340b49ccd9","6a830103f30229d1c5da14f7","2026-08-17 08:45"
"AI Gen 10/10","664ad9de273fe0303a386b45","juxerr (retired)","63232556fe765bafba5ef084","6a8301c4342ab7389cd53ffe","2026-08-17 08:45"
"Kazuyanpi15","62f98280984cca8f85927223","tsaac_","6049b918b61ff70001628750","6a8301f0333f460fdf68f31f","2026-08-17 08:45"
"escape the geoguessr psyop","68715fc7cc56afc2e1e84ce2","Curlsphil","634725814a2b0615fad04fb9","6a8301249039484713d2de5b","2026-08-17 08:46"
"yarik⭐tatert0t kawaii alt😜","69b480dc874bd08dc9e5878a","Pandazan","632e19f3f0149e276027d38e","6a8301b3f30229d1c5da1716","2026-08-17 08:46"
"hyryi","68ab47dfbb1157adc4dd2dcf","Stachemo","57c1fdeabd5b75198c7f978b","6a8300fe9039484713d2dddb","2026-08-17 08:46"
"Fabi","5807295cfbd28f9a6845a86f","tripleJJJ","606746dda95f2c00017f9ecd","6a8300609039484713d2dc01","2026-08-17 08:46"
"Gonçalo","60477d3ef15a270001e1bb0c","Tikon","621cddf10416aa00011b992b","6a8301521e6d80530085e1e8","2026-08-17 08:47"
"Jonas","661ad4c4073f663c21b57fe6","xZenith","6846d165a3008977fe607ade","6a830207530b03eaa5f1722a","2026-08-17 08:47"
"Pandazan","632e19f3f0149e276027d38e","Kazuyanpi15","62f98280984cca8f85927223","6a830275ed20570f0706eafb","2026-08-17 08:47"
"Chuya","66549d4cc725af87c3aa9a34","mumami","69c5f6d3791d40cd91c6d117","6a8301841e6d80530085e2a2","2026-08-17 08:48"
"SigmaLigma","641e0c54c1155de1803057b1","vinnie","69af2d2e4921fb35244096f4","6a83010bf30229d1c5da1509","2026-08-17 08:48"
"francishow","6048173c50a8500001ba84d8","DonkeyGuesses","6912d873ef3380557dd45eec","6a830225f30229d1c5da1816","2026-08-17 08:48"
"mumami","69c5f6d3791d40cd91c6d117","Chuya","66549d4cc725af87c3aa9a34","6a8302e5cb58d8f3025999e2","2026-08-17 08:49"
"white_iverson97 on twitch","5bafdf02bb9fdd32283e4151","Dissonans","60e09234213b0600019d912e","6a83023e5a6f2df5b9be7caa","2026-08-17 08:49"
"Pandazan","632e19f3f0149e276027d38e","Kazuyanpi15","62f98280984cca8f85927223","6a8302b2530b03eaa5f173f0","2026-08-17 08:49"
"Geomalick","61fd64f28c0f8100014ebf0b","PLK","62179a5c8e88d400010d91ea","6a830243e66f3c3c107d39b0","2026-08-17 08:50"
"MerryCanyon719","66a8ba1fe626c7340b49ccd9","xZenith","6846d165a3008977fe607ade","6a8302a15a6f2df5b9be7de7","2026-08-17 08:50"
"Tikon","621cddf10416aa00011b992b","Shakazaramesh","5ef2945bbb96627c9ce5f63f","6a8302a5333f460fdf68f531","2026-08-17 08:51"
"Nick.BY","5926b86352e6ca6c8c1463d7","cocomelon123","5ffc1edc415d4d00016642d7","6a8301a81e6d80530085e312","2026-08-17 08:51"
"Shpluk","56a0a5f1f0f54438b8b9f4b1","Armire","579e7c0d96ca677b840d1210","6a82fd37342ab7389cd533e8","2026-08-17 08:51"
"emshanoff","60a55176895a250001d9e2d8","Jonas","661ad4c4073f663c21b57fe6","6a8302f1333f460fdf68f605","2026-08-17 08:51"
"adameq","626c3725834eacd247226547","connexion de f*p","5e9662142ad6cfadc8e2db9d","6a8301ddf30229d1c5da1791","2026-08-17 08:52"
"EnchantingTunnel555","6a30b364003bbbd30814179d","cyberplant","60aad01943bbf00001c50301","6a83020f1e6d80530085e40a","2026-08-17 08:52"
"Stachemo","57c1fdeabd5b75198c7f978b","szop","5e457e06c2a93b2b70217ecc","6a83028e333f460fdf68f4f7","2026-08-17 08:52"
"aero","6204e99c582e1f0001bd9a43","Geomalick","61fd64f28c0f8100014ebf0b","6a8303a35a6f2df5b9be8100","2026-08-17 08:54"
"yarik⭐tatert0t kawaii alt😜","69b480dc874bd08dc9e5878a","Schwarzweiss","5cfadc71b741f84acc8b23df","6a83025d5a6f2df5b9be7d0c","2026-08-17 08:54"
"Chuya","66549d4cc725af87c3aa9a34","mumami","69c5f6d3791d40cd91c6d117","6a830340530b03eaa5f17577","2026-08-17 08:55"
"MerryCanyon719","66a8ba1fe626c7340b49ccd9","PLK","62179a5c8e88d400010d91ea","6a830367e66f3c3c107d3cf5","2026-08-17 08:55"
"Jonas","661ad4c4073f663c21b57fe6","Ritchie","5ff84d182c4df40001592f85","6a8303be530b03eaa5f17674","2026-08-17 08:55"
"cocomelon123","5ffc1edc415d4d00016642d7","GeoMax","610ade6208061c000158624f","6a83038b420a46d53ba94d20","2026-08-17 08:55"
"Tikon","621cddf10416aa00011b992b","Shakazaramesh","5ef2945bbb96627c9ce5f63f","6a8303b15b767c72a5c9f0cf","2026-08-17 08:56"
"juxerr (retired)","63232556fe765bafba5ef084","PATUGANSU","5ed559cb282ad28b94ffb506","6a8303a27756a84070d9823a","2026-08-17 08:56"
"Bad At Geo","5d46b0bb3b4b6a4968620f7b","Gonçalo","60477d3ef15a270001e1bb0c","6a83039ee66f3c3c107d3d65","2026-08-17 08:57"
"Bananaman","60c0e33a33004c000103bba5","xZenith","6846d165a3008977fe607ade","6a83041b530b03eaa5f17751","2026-08-17 08:57"
"adameq","626c3725834eacd247226547","BotsWannaBeMe","678d57b5624e9dc811ce9ca0","6a8303d05a6f2df5b9be8168","2026-08-17 08:57"
"Mr. Geo Accuracy","67666c0fae31f29e4b0ec6ad","Stachemo","57c1fdeabd5b75198c7f978b","6a83040e5b767c72a5c9f184","2026-08-17 08:57"
"Jonas","661ad4c4073f663c21b57fe6","Ritchie","5ff84d182c4df40001592f85","6a8304ae333f460fdf68fa0c","2026-08-17 08:59"
"yarik⭐tatert0t kawaii alt😜","69b480dc874bd08dc9e5878a","szop","5e457e06c2a93b2b70217ecc","6a83043f420a46d53ba94f4c","2026-08-17 08:59"
"Manureza","678ec40f575b9e3fd172579d","Desanori (fanat laaFlame30)","65fc7b9691115d931473c1fc","6a8304ff5a6f2df5b9be847a","2026-08-17 08:59"
"Mr. Geo Accuracy","67666c0fae31f29e4b0ec6ad","celownikwodny","664a46ec660949cf6274a231","6a830506420a46d53ba951a5","2026-08-17 09:00"
"Clemens363","5f2bb2243ae4f7000134081b","eglemania","603a7b0367954300019fb4e2","6a83031e5b767c72a5c9ef7e","2026-08-17 09:00"
"Dissonans","60e09234213b0600019d912e","mav1land","63f4a2bda13ee3ab588d6275","6a830511420a46d53ba951c6","2026-08-17 09:00"
"AI Gen 10/10","664ad9de273fe0303a386b45","juxerr (retired)","63232556fe765bafba5ef084","6a8304d2333f460fdf68fa4f","2026-08-17 09:00"
"Chuya","66549d4cc725af87c3aa9a34","mumami","69c5f6d3791d40cd91c6d117","6a830474420a46d53ba94ff7","2026-08-17 09:01"
"vinnie","69af2d2e4921fb35244096f4","white_iverson97 on twitch","5bafdf02bb9fdd32283e4151","6a830328e66f3c3c107d3c47","2026-08-17 09:01"
"Fabi","5807295cfbd28f9a6845a86f","LAMINE YAMAL","5fec56ce3362e4000147ea46","6a8304c45a6f2df5b9be83ec","2026-08-17 09:01"
"Bananaman","60c0e33a33004c000103bba5","aero","6204e99c582e1f0001bd9a43","6a83050f420a46d53ba951c1","2026-08-17 09:02"
"cocomelon123","5ffc1edc415d4d00016642d7","GeoMax","610ade6208061c000158624f","6a83048d420a46d53ba95043","2026-08-17 09:02"
"Dissonans","60e09234213b0600019d912e","ミック","649317afa27d65f559bc90b6","6a8305c3420a46d53ba95408","2026-08-17 09:02"
"Gonçalo","60477d3ef15a270001e1bb0c","adameq","626c3725834eacd247226547","6a8305085a6f2df5b9be848d","2026-08-17 09:03"
"MerryCanyon719","66a8ba1fe626c7340b49ccd9","PLK","62179a5c8e88d400010d91ea","6a8304945a6f2df5b9be836e","2026-08-17 09:03"
"Yareh","62726f8411308ea36554fa19","Tudelzzz","6549fc9cf755320e28e30de7","6a8301b1f30229d1c5da1712","2026-08-17 09:03"
"emshanoff","60a55176895a250001d9e2d8","quarksauce","5fe1b134a2ebcc0001c6bd9c","6a8303d0e66f3c3c107d3dcd","2026-08-17 09:03"
"yarik⭐tatert0t kawaii alt😜","69b480dc874bd08dc9e5878a","kuba.","68582b5f8e62427811441b60","6a830571e66f3c3c107d418e","2026-08-17 09:03"
"Kazuyanpi15","62f98280984cca8f85927223","PATUGANSU","5ed559cb282ad28b94ffb506","6a8304d15a6f2df5b9be840e","2026-08-17 09:03"
"Mr. Geo Accuracy","67666c0fae31f29e4b0ec6ad","yang","68c8d78fee2a8aa559e3878b","6a8305d3420a46d53ba95435","2026-08-17 09:04"
"Synxzy","62b9d279343a6042acb35fe8","JoyfulStream861","669e4ec691320f1dae6e4e5e","6a8305c2530b03eaa5f17abb","2026-08-17 09:04"
"aero","6204e99c582e1f0001bd9a43","Bananaman","60c0e33a33004c000103bba5","6a830631e66f3c3c107d4352","2026-08-17 09:05"
"Tikon","621cddf10416aa00011b992b","mumami","69c5f6d3791d40cd91c6d117","6a830615530b03eaa5f17b73","2026-08-17 09:05"
"yarik⭐tatert0t kawaii alt😜","69b480dc874bd08dc9e5878a","Dissonans","60e09234213b0600019d912e","6a830653333f460fdf68fd54","2026-08-17 09:05"
"Ritchie","5ff84d182c4df40001592f85","juxerr (retired)","63232556fe765bafba5ef084","6a8305a4420a46d53ba953a3","2026-08-17 09:05"
"Fabi","5807295cfbd28f9a6845a86f","LAMINE YAMAL","5fec56ce3362e4000147ea46","6a830602420a46d53ba954cb","2026-08-17 09:06"
"Bad At Geo","5d46b0bb3b4b6a4968620f7b","xZenith","6846d165a3008977fe607ade","6a8305f5420a46d53ba954a9","2026-08-17 09:07"
"aero","6204e99c582e1f0001bd9a43","Bananaman","60c0e33a33004c000103bba5","6a8306ce420a46d53ba9579b","2026-08-17 09:07"
"celownikwodny","664a46ec660949cf6274a231","Manureza","678ec40f575b9e3fd172579d","6a8305e15a6f2df5b9be869e","2026-08-17 09:07"
"kuba.","68582b5f8e62427811441b60","DonkeyGuesses","6912d873ef3380557dd45eec","6a8306a3420a46d53ba956fd","2026-08-17 09:07"
"Jonas","661ad4c4073f663c21b57fe6","MerryCanyon719","66a8ba1fe626c7340b49ccd9","6a830677333f460fdf68fdbb","2026-08-17 09:08"
"BotsWannaBeMe","678d57b5624e9dc811ce9ca0","Shakazaramesh","5ef2945bbb96627c9ce5f63f","6a830506e66f3c3c107d4095","2026-08-17 09:08"
"Mr. Geo Accuracy","67666c0fae31f29e4b0ec6ad","adameq","626c3725834eacd247226547","6a8306d55b767c72a5c9f697","2026-08-17 09:08"
"mii3en","66159d055967919df66cf9c0","PLK","62179a5c8e88d400010d91ea","6a8306f5420a46d53ba95804","2026-08-17 09:08"
"Chuya","66549d4cc725af87c3aa9a34","Rihanna's alt","6a3c2f99fe770b27148e8436","6a83063a420a46d53ba9558c","2026-08-17 09:09"
"adameq","626c3725834eacd247226547","mumami","69c5f6d3791d40cd91c6d117","6a83079be66f3c3c107d46ad","2026-08-17 09:09"
"guepard","60042771272d450001aa4cc0","Sandman5","68e3f9f00a56d04f694094b5","6a830562ed20570f0706f056","2026-08-17 09:09"
"emshanoff","60a55176895a250001d9e2d8","cocomelon123","5ffc1edc415d4d00016642d7","6a83066b530b03eaa5f17c4f","2026-08-17 09:09"
"Schwarzweiss","5cfadc71b741f84acc8b23df","GeoMax","610ade6208061c000158624f","6a83065a420a46d53ba95617","2026-08-17 09:09"
"Bananaman","60c0e33a33004c000103bba5","Delema()()()","65869f62df3f7bea3fa1d675","6a830748e66f3c3c107d4604","2026-08-17 09:10"
"adameq","626c3725834eacd247226547","mumami","69c5f6d3791d40cd91c6d117","6a8307d0420a46d53ba95aae","2026-08-17 09:10"
"Ritchie","5ff84d182c4df40001592f85","juxerr (retired)","63232556fe765bafba5ef084","6a8306cf5a6f2df5b9be8904","2026-08-17 09:10"
"JoyfulStream861","669e4ec691320f1dae6e4e5e","Kucerkaaa✨","66422b048e6606a3bc59724f","6a830736420a46d53ba958c7","2026-08-17 09:10"
"adameq","626c3725834eacd247226547","mumami","69c5f6d3791d40cd91c6d117","6a83080f5a6f2df5b9be8bb3","2026-08-17 09:11"
"white_iverson97 on twitch","5bafdf02bb9fdd32283e4151","Dissonans","60e09234213b0600019d912e","6a8307335a6f2df5b9be89d4","2026-08-17 09:11"
"Bad At Geo","5d46b0bb3b4b6a4968620f7b","aero","6204e99c582e1f0001bd9a43","6a83077e420a46d53ba959a1","2026-08-17 09:12"
"PLK","62179a5c8e88d400010d91ea","celownikwodny","664a46ec660949cf6274a231","6a830791420a46d53ba959e0","2026-08-17 09:12"
"yang","68c8d78fee2a8aa559e3878b","Erika","6835b7af656c2c951937f92e","6a8307f15a6f2df5b9be8b70","2026-08-17 09:12"
"Gonçalo","60477d3ef15a270001e1bb0c","Tikon","621cddf10416aa00011b992b","6a8306e3420a46d53ba957d2","2026-08-17 09:13"
"Shpluk","56a0a5f1f0f54438b8b9f4b1","habesh","647734d056305f7bf5561a4e","6a83068a5a6f2df5b9be8878","2026-08-17 09:13"
"MerryCanyon719","66a8ba1fe626c7340b49ccd9","Jonas","661ad4c4073f663c21b57fe6","6a8307dce66f3c3c107d4729","2026-08-17 09:13"
"PLK","62179a5c8e88d400010d91ea","mumami","69c5f6d3791d40cd91c6d117","6a830890420a46d53ba95cd4","2026-08-17 09:13"
"Mr. Geo Accuracy","67666c0fae31f29e4b0ec6ad","BotsWannaBeMe","678d57b5624e9dc811ce9ca0","6a8307b7420a46d53ba95a59","2026-08-17 09:13"
"kuba.","68582b5f8e62427811441b60","AI Gen 10/10","664ad9de273fe0303a386b45","6a8307ede66f3c3c107d474d","2026-08-17 09:13"
"Clemens363","5f2bb2243ae4f7000134081b","InfidelFiddler","64491466c22a35f95ce5f682","6a83063ce66f3c3c107d4377","2026-08-17 09:13"
"BotsWannaBeMe","678d57b5624e9dc811ce9ca0","mumami","69c5f6d3791d40cd91c6d117","6a8308e1333f460fdf6901c1","2026-08-17 09:14"
"habesh","647734d056305f7bf5561a4e","no thoughts, just violence","61cdfc02f6470200011a0caa","6a8308b7420a46d53ba95d4b","2026-08-17 09:15"
"yarik⭐tatert0t kawaii alt😜","69b480dc874bd08dc9e5878a","GeoMax","610ade6208061c000158624f","6a8307dd5a6f2df5b9be8b53","2026-08-17 09:15"
"lol pop","622f101c589b350001a7ea5f","JujuMan","68c2ae1b906bbc1e0b8e63e2","6a830843e66f3c3c107d47fb","2026-08-17 09:15"
"Palmitas","6984de4267015bc9a6109cae","mumami","69c5f6d3791d40cd91c6d117","6a8309145a6f2df5b9be8db8","2026-08-17 09:15"
"kuba.","68582b5f8e62427811441b60","AI Gen 10/10","664ad9de273fe0303a386b45","6a8307ede66f3c3c107d474d","2026-08-17 09:15"
"Palmitas","6984de4267015bc9a6109cae","mumami","69c5f6d3791d40cd91c6d117","6a830953420a46d53ba95ef4","2026-08-17 09:16"
"Dissonans","60e09234213b0600019d912e","MaxJoker84","658c1a04945350bcd1f47aca","6a83087e420a46d53ba95ca5","2026-08-17 09:16"
"hyryi","68ab47dfbb1157adc4dd2dcf","Fabi","5807295cfbd28f9a6845a86f","6a830899420a46d53ba95cf4","2026-08-17 09:16"
"MerryCanyon719","66a8ba1fe626c7340b49ccd9","Jonas","661ad4c4073f663c21b57fe6","6a8308d3420a46d53ba95d91","2026-08-17 09:17"
"Palmitas","6984de4267015bc9a6109cae","mumami","69c5f6d3791d40cd91c6d117","6a830982e66f3c3c107d4a7e","2026-08-17 09:17"
"Delema()()()","65869f62df3f7bea3fa1d675","aero","6204e99c582e1f0001bd9a43","6a83089d420a46d53ba95d07","2026-08-17 09:18"
"lol pop","622f101c589b350001a7ea5f","mumami","69c5f6d3791d40cd91c6d117","6a8309bf420a46d53ba96055","2026-08-17 09:18"
"francishow","6048173c50a8500001ba84d8","JoyfulStream861","669e4ec691320f1dae6e4e5e","6a8308b9420a46d53ba95d52","2026-08-17 09:18"
"JujuMan","68c2ae1b906bbc1e0b8e63e2","GeoMax","610ade6208061c000158624f","6a830978420a46d53ba95f80","2026-08-17 09:18"
"Rihanna's alt","6a3c2f99fe770b27148e8436","Shakazaramesh","5ef2945bbb96627c9ce5f63f","6a8307df420a46d53ba95ad8","2026-08-17 09:19"
"adameq","626c3725834eacd247226547","Kuchen","633e8c870607afb40b3322f6","6a8308615a6f2df5b9be8c72","2026-08-17 09:19"
"cocomelon123","5ffc1edc415d4d00016642d7","emshanoff","60a55176895a250001d9e2d8","6a8307e85a6f2df5b9be8b64","2026-08-17 09:19"
"Ritchie","5ff84d182c4df40001592f85","white_iverson97 on twitch","5bafdf02bb9fdd32283e4151","6a8308605a6f2df5b9be8c6d","2026-08-17 09:19"
"BotsWannaBeMe","678d57b5624e9dc811ce9ca0","Mr. Geo Accuracy","67666c0fae31f29e4b0ec6ad","6a8309385a6f2df5b9be8e08","2026-08-17 09:20"
"PLK","62179a5c8e88d400010d91ea","Waluuuuuuu","6380cc417b431c1eece4916c","6a8308ca5a6f2df5b9be8d3d","2026-08-17 09:20"
"JujuMan","68c2ae1b906bbc1e0b8e63e2","mumami","69c5f6d3791d40cd91c6d117","6a830a11420a46d53ba9616a","2026-08-17 09:20"
"aero","6204e99c582e1f0001bd9a43","Delema()()()","65869f62df3f7bea3fa1d675","6a8309f7420a46d53ba96113","2026-08-17 09:21"
"Sandman5","68e3f9f00a56d04f694094b5","Chuya","66549d4cc725af87c3aa9a34","6a830800420a46d53ba95b34","2026-08-17 09:21"
"Jonas","661ad4c4073f663c21b57fe6","xZenith","6846d165a3008977fe607ade","6a8309d85a6f2df5b9be8f77","2026-08-17 09:21"
"Palmitas","6984de4267015bc9a6109cae","hyryi","68ab47dfbb1157adc4dd2dcf","6a830a07530b03eaa5f18265","2026-08-17 09:21"
"Rihanna's alt","6a3c2f99fe770b27148e8436","Shakazaramesh","5ef2945bbb96627c9ce5f63f","6a830a33bd14c20f7f91d373","2026-08-17 09:22"
"Waluuuuuuu","6380cc417b431c1eece4916c","mumami","69c5f6d3791d40cd91c6d117","6a830a8e420a46d53ba96354","2026-08-17 09:22"
"emshanoff","60a55176895a250001d9e2d8","MerryCanyon719","66a8ba1fe626c7340b49ccd9","6a830a44420a46d53ba96222","2026-08-17 09:22"
"yarik⭐tatert0t kawaii alt😜","69b480dc874bd08dc9e5878a","kuba.","68582b5f8e62427811441b60","6a83096a333f460fdf69028c","2026-08-17 09:22"
"Dissonans","60e09234213b0600019d912e","DonkeyGuesses","6912d873ef3380557dd45eec","6a830974420a46d53ba95f6f","2026-08-17 09:22"
"AI Gen 10/10","664ad9de273fe0303a386b45","Dimsum","63f619f14068eb7d4bbb134d","6a830a525a6f2df5b9be90c6","2026-08-17 09:22"
"Erika","6835b7af656c2c951937f92e","Dimsum","63f619f14068eb7d4bbb134d","6a830a40530b03eaa5f182ce","2026-08-17 09:22"
"Stachemo","57c1fdeabd5b75198c7f978b","Henkerz","62acdf653976896d5962e2eb","6a830a00420a46d53ba9612c","2026-08-17 09:22"
"AI Gen 10/10","664ad9de273fe0303a386b45","white_iverson97 on twitch","5bafdf02bb9fdd32283e4151","6a830a69e66f3c3c107d4c87","2026-08-17 09:23"
"Stachemo","57c1fdeabd5b75198c7f978b","mumami","69c5f6d3791d40cd91c6d117","6a830b07420a46d53ba964ef","2026-08-17 09:23"
"PLK","62179a5c8e88d400010d91ea","Palmitas","6984de4267015bc9a6109cae","6a830aabba6e1fd00ed9ec2f","2026-08-17 09:25"
"Mr. Geo Accuracy","67666c0fae31f29e4b0ec6ad","Ritchie","5ff84d182c4df40001592f85","6a830aac420a46d53ba963d9","2026-08-17 09:25"
"AI Gen 10/10","664ad9de273fe0303a386b45","kuba.","68582b5f8e62427811441b60","6a830af4e66f3c3c107d4ded","2026-08-17 09:25"
"Stachemo","57c1fdeabd5b75198c7f978b","JoyfulStream861","669e4ec691320f1dae6e4e5e","6a830b30420a46d53ba96572","2026-08-17 09:25"
"aero","6204e99c582e1f0001bd9a43","Delema()()()","65869f62df3f7bea3fa1d675","6a830a9b5a6f2df5b9be91b9","2026-08-17 09:26"
"Waluuuuuuu","6380cc417b431c1eece4916c","Chuya","66549d4cc725af87c3aa9a34","6a830ad9420a46d53ba9644f","2026-08-17 09:26"
"emshanoff","60a55176895a250001d9e2d8","kuba.","68582b5f8e62427811441b60","6a830b035a6f2df5b9be92a9","2026-08-17 09:26"
"yarik⭐tatert0t kawaii alt😜","69b480dc874bd08dc9e5878a","AI Gen 10/10","664ad9de273fe0303a386b45","6a830b2b5a6f2df5b9be9318","2026-08-17 09:26"
"Stachemo","57c1fdeabd5b75198c7f978b","mumami","69c5f6d3791d40cd91c6d117","6a830b8d5a6f2df5b9be9448","2026-08-17 09:26"
"ミルト","63bab35ecf1bb4ef91a541c6","GeoReda","6439632a8062b2c1de67acab","6a83093b5a6f2df5b9be8e18","2026-08-17 09:27"
"Erika","6835b7af656c2c951937f92e","Kucerkaaa✨","66422b048e6606a3bc59724f","6a830aff5a6f2df5b9be92a1","2026-08-17 09:27"
"Kuchen","633e8c870607afb40b3322f6","BotsWannaBeMe","678d57b5624e9dc811ce9ca0","6a830a7a333f460fdf690450","2026-08-17 09:28"
"cocomelon123","5ffc1edc415d4d00016642d7","lol pop","622f101c589b350001a7ea5f","6a830a46420a46d53ba9622b","2026-08-17 09:28"
"Palmitas","6984de4267015bc9a6109cae","yarik⭐tatert0t kawaii alt😜","69b480dc874bd08dc9e5878a","6a830bd7e66f3c3c107d5082","2026-08-17 09:28"
"Rihanna's alt","6a3c2f99fe770b27148e8436","Shakazaramesh","5ef2945bbb96627c9ce5f63f","6a830aff420a46d53ba964d3","2026-08-17 09:29"
"adameq","626c3725834eacd247226547","🐫","6092f6f71cbdab0001cbf343","6a830a87420a46d53ba96340","2026-08-17 09:29"
"Mr. Geo Accuracy","67666c0fae31f29e4b0ec6ad","Ritchie","5ff84d182c4df40001592f85","6a830b925a6f2df5b9be9454","2026-08-17 09:29"
"Stachemo","57c1fdeabd5b75198c7f978b","Fabi","5807295cfbd28f9a6845a86f","6a830be3420a46d53ba967fc","2026-08-17 09:29"
"Bad At Geo","5d46b0bb3b4b6a4968620f7b","Delema()()()","65869f62df3f7bea3fa1d675","6a830be75a6f2df5b9be9549","2026-08-17 09:30"
"emshanoff","60a55176895a250001d9e2d8","AI Gen 10/10","664ad9de273fe0303a386b45","6a830bf65a6f2df5b9be9570","2026-08-17 09:30"
"emshanoff","60a55176895a250001d9e2d8","AI Gen 10/10","664ad9de273fe0303a386b45","6a830bf65a6f2df5b9be9570","2026-08-17 09:30"
"kuba.","68582b5f8e62427811441b60","GeoReda","6439632a8062b2c1de67acab","6a830c13420a46d53ba9688c","2026-08-17 09:30"
"Erika","6835b7af656c2c951937f92e","路易十六","65337c686711b99177ed189b","6a830c3a5a6f2df5b9be9617","2026-08-17 09:30"
"Jonas","661ad4c4073f663c21b57fe6","MerryCanyon719","66a8ba1fe626c7340b49ccd9","6a830b4d5a6f2df5b9be9392","2026-08-17 09:31"
"Blanecin","5e8781f3b3ec177638be489a","JujuMan","68c2ae1b906bbc1e0b8e63e2","6a830c4e5a6f2df5b9be965c","2026-08-17 09:31"
"mr_spy","665c34e0bc4531cdb19b9ab9","AI Gen 10/10","664ad9de273fe0303a386b45","6a830ccf5a6f2df5b9be97a3","2026-08-17 09:32"
"AI Gen 10/10","664ad9de273fe0303a386b45","white_iverson97 on twitch","5bafdf02bb9fdd32283e4151","6a830d015a6f2df5b9be981d","2026-08-17 09:32"
"szop","5e457e06c2a93b2b70217ecc","juxerr (retired)","63232556fe765bafba5ef084","6a830bc2e66f3c3c107d502e","2026-08-17 09:32"
"Dimsum","63f619f14068eb7d4bbb134d","Patrickvanpaul","5ff4a6cb612052000195aed4","6a830b05420a46d53ba964e5","2026-08-17 09:33"
"Rihanna's alt","6a3c2f99fe770b27148e8436","adameq","626c3725834eacd247226547","6a830c95ed20570f0706fd09","2026-08-17 09:34"
"emshanoff","60a55176895a250001d9e2d8","Mr. Geo Accuracy","67666c0fae31f29e4b0ec6ad","6a830ccb5a6f2df5b9be9798","2026-08-17 09:34"
"yarik⭐tatert0t kawaii alt😜","69b480dc874bd08dc9e5878a","Ritchie","5ff84d182c4df40001592f85","6a830c87420a46d53ba96a18","2026-08-17 09:34"
"AI Gen 10/10","664ad9de273fe0303a386b45","Jonas","661ad4c4073f663c21b57fe6","6a830d67e66f3c3c107d546c","2026-08-17 09:34"
"🐫","6092f6f71cbdab0001cbf343","Kuchen","633e8c870607afb40b3322f6","6a830c89e66f3c3c107d524d","2026-08-17 09:35"
"Palmitas","6984de4267015bc9a6109cae","PLAYHRD","5d696003e9473f7c4058f0ae","6a830c68420a46d53ba969a5","2026-08-17 09:35"
"Jakub","5bef0f16fa37262f1c2c2d68","BotsWannaBeMe","678d57b5624e9dc811ce9ca0","6a830d4e420a46d53ba96cba","2026-08-17 09:35"
"路易十六","65337c686711b99177ed189b","kuba.","68582b5f8e62427811441b60","6a830ce15b767c72a5ca01d4","2026-08-17 09:35"
"Delema()()()","65869f62df3f7bea3fa1d675","iNS4NE","596fcdabcf818c83482add39","6a830cc6cb58d8f30259ac9f","2026-08-17 09:36"
"adameq","626c3725834eacd247226547","no thoughts, just violence","61cdfc02f6470200011a0caa","6a830dc2530b03eaa5f18aa7","2026-08-17 09:36"
"Sandman5","68e3f9f00a56d04f694094b5","PLK","62179a5c8e88d400010d91ea","6a830bb4420a46d53ba96740","2026-08-17 09:36"
"tryna be geeked","68261ad84859ebc8db2448a4","emshanoff","60a55176895a250001d9e2d8","6a830dc7420a46d53ba96ebf","2026-08-17 09:36"
"Mr. Geo Accuracy","67666c0fae31f29e4b0ec6ad","Ritchie","5ff84d182c4df40001592f85","6a830dcd5a6f2df5b9be9a87","2026-08-17 09:36"
"Clemens363","5f2bb2243ae4f7000134081b","GeoMax","610ade6208061c000158624f","6a830a3c420a46d53ba96201","2026-08-17 09:36"
"Blanecin","5e8781f3b3ec177638be489a","mav1land","63f4a2bda13ee3ab588d6275","6a830d9a420a46d53ba96dea","2026-08-17 09:36"
"JujuMan","68c2ae1b906bbc1e0b8e63e2","DonkeyGuesses","6912d873ef3380557dd45eec","6a830d12420a46d53ba96bdc","2026-08-17 09:36"
"MerryCanyon719","66a8ba1fe626c7340b49ccd9","yarik⭐tatert0t kawaii alt😜","69b480dc874bd08dc9e5878a","6a830d9d420a46d53ba96def","2026-08-17 09:37"
"Erika","6835b7af656c2c951937f92e","GeoReda","6439632a8062b2c1de67acab","6a830d615a6f2df5b9be991d","2026-08-17 09:37"
"szop","5e457e06c2a93b2b70217ecc","juxerr (retired)","63232556fe765bafba5ef084","6a830d297756a84070d99330","2026-08-17 09:37"
"AI Gen 10/10","664ad9de273fe0303a386b45","devj","5ee70329a237c362e06100b5","6a830e33e66f3c3c107d56d7","2026-08-17 09:38"
"Dissonans","60e09234213b0600019d912e","OWNED-BY-JUMPS","6661f0637a64c94aed9d1ecc","6a830ddc5a6f2df5b9be9aa7","2026-08-17 09:38"
"iNS4NE","596fcdabcf818c83482add39","Delema()()()","65869f62df3f7bea3fa1d675","6a830e17420a46d53ba97029","2026-08-17 09:39"
"Kuchen","633e8c870607afb40b3322f6","Rihanna's alt","6a3c2f99fe770b27148e8436","6a830e0a5a6f2df5b9be9b32","2026-08-17 09:39"
"Jonas","661ad4c4073f663c21b57fe6","PLAYHRD","5d696003e9473f7c4058f0ae","6a830de2420a46d53ba96f35","2026-08-17 09:39"
"cocomelon123","5ffc1edc415d4d00016642d7","Chuya","66549d4cc725af87c3aa9a34","6a830c5a420a46d53ba9697a","2026-08-17 09:39"
"Shakazaramesh","5ef2945bbb96627c9ce5f63f","lol pop","622f101c589b350001a7ea5f","6a830c8e5a6f2df5b9be9708","2026-08-17 09:39"
"white_iverson97 on twitch","5bafdf02bb9fdd32283e4151","Trash map (Yellow Belly)","6a14cb11a6370a8d80e86ada","6a830d81333f460fdf690a53","2026-08-17 09:39"
"Moritz","604e275b66c3940001ee30ed","Womir1982","671a87967678ed42696f58ab","6a830e47e66f3c3c107d5721","2026-08-17 09:39"
"Mr. Geo Accuracy","67666c0fae31f29e4b0ec6ad","MerryCanyon719","66a8ba1fe626c7340b49ccd9","6a830e67420a46d53ba9717a","2026-08-17 09:40"
"AI Gen 10/10","664ad9de273fe0303a386b45","devj","5ee70329a237c362e06100b5","6a830e33e66f3c3c107d56d7","2026-08-17 09:40"
"Dimsum","63f619f14068eb7d4bbb134d","Patrickvanpaul","5ff4a6cb612052000195aed4","6a830d7d5a6f2df5b9be996d","2026-08-17 09:40"
"Herkules","5c225d3e3e41f81dd0eecc08","miniura","650ff17b12259a4cd34bd829","6a830db17756a84070d9948c","2026-08-17 09:40"
"Fabi","5807295cfbd28f9a6845a86f","peng_uin","675302e68c5bd9d7dbd211df","6a830d32cb58d8f30259ad62","2026-08-17 09:40"
"路易十六","65337c686711b99177ed189b","Ritchie","5ff84d182c4df40001592f85","6a830e3c420a46d53ba970c5","2026-08-17 09:41"
"H1r0xz","6a419df53f40063ed65a1d24","devj","5ee70329a237c362e06100b5","6a830ecd5a6f2df5b9be9d7e","2026-08-17 09:41"
"MerryCanyon719","66a8ba1fe626c7340b49ccd9","路易十六","65337c686711b99177ed189b","6a830f6a5a6f2df5b9be9f40","2026-08-17 09:43"
"Orangejuice","6963bcefbc79a0f23010eb7c","AI Gen 10/10","664ad9de273fe0303a386b45","6a830f39420a46d53ba97525","2026-08-17 09:43"
"PLK","62179a5c8e88d400010d91ea","Jakub","5bef0f16fa37262f1c2c2d68","6a830e295b3475572409b9d3","2026-08-17 09:44"
"PLAYHRD","5d696003e9473f7c4058f0ae","LargeHamster779","679e8ab11b675b7716e37c18","6a830ec2420a46d53ba972fa","2026-08-17 09:44"
"H1r0xz","6a419df53f40063ed65a1d24","路易十六","65337c686711b99177ed189b","6a830f74420a46d53ba97678","2026-08-17 09:44"
"Moritz","604e275b66c3940001ee30ed","Luxus","64d905c29860ac321bb0ddc5","6a830ede420a46d53ba97372","2026-08-17 09:44"
"iNS4NE","596fcdabcf818c83482add39","Delema()()()","65869f62df3f7bea3fa1d675","6a830ee9530b03eaa5f18ddb","2026-08-17 09:45"
"Gonçalo","60477d3ef15a270001e1bb0c","Sandman5","68e3f9f00a56d04f694094b5","6a830eb1420a46d53ba972b7","2026-08-17 09:45"
"Hosuja","5b7cfb7b602b2e3a94fbb968","adameq","626c3725834eacd247226547","6a830e3e420a46d53ba970d3","2026-08-17 09:45"
"emshanoff","60a55176895a250001d9e2d8","tryna be geeked","68261ad84859ebc8db2448a4","6a830e335a6f2df5b9be9ba3","2026-08-17 09:45"
"Ritchie","5ff84d182c4df40001592f85","mav1land","63f4a2bda13ee3ab588d6275","6a830fd77d593dcac999a93c","2026-08-17 09:45"
"Kapten","5a973147afad0f2a68438531","Shpluk","56a0a5f1f0f54438b8b9f4b1","6a830a8a420a46d53ba96349","2026-08-17 09:46"
"Mr. Geo Accuracy","67666c0fae31f29e4b0ec6ad","MerryCanyon719","66a8ba1fe626c7340b49ccd9","6a830fdbe66f3c3c107d5bf3","2026-08-17 09:46"
"BotsWannaBeMe","678d57b5624e9dc811ce9ca0","Palmitas","6984de4267015bc9a6109cae","6a830e0c420a46d53ba96ff7","2026-08-17 09:46"
"Żukasz","602cfd5dc397fa0001f09dfb","lol pop","622f101c589b350001a7ea5f","6a830efd420a46d53ba97426","2026-08-17 09:46"
"communist","6a67a7f0e812a239ca024f0c","Lachlann Ross","60203100dd769100010d67a0","6a83100f420a46d53ba978c6","2026-08-17 09:46"
"Kuchen","633e8c870607afb40b3322f6","cocomelon123","5ffc1edc415d4d00016642d7","6a830ef2420a46d53ba973f4","2026-08-17 09:47"
"yarik⭐tatert0t kawaii alt😜","69b480dc874bd08dc9e5878a","Blanecin","5e8781f3b3ec177638be489a","6a830e55bd14c20f7f91dbd2","2026-08-17 09:47"
"LargeHamster779","679e8ab11b675b7716e37c18","路易十六","65337c686711b99177ed189b","6a831013420a46d53ba978d8","2026-08-17 09:48"
"vinnie","69af2d2e4921fb35244096f4","Edqy","60a2893cb7d972000112fbf4","6a830f38420a46d53ba97523","2026-08-17 09:48"
"H1r0xz","6a419df53f40063ed65a1d24","Wish i could try again","69d154ba0a3f30cbd4825d7a","6a83103b420a46d53ba97970","2026-08-17 09:48"
"Rihanna's alt","6a3c2f99fe770b27148e8436","Chuya","66549d4cc725af87c3aa9a34","6a830f06420a46d53ba97449","2026-08-17 09:49"
"Sandman5","68e3f9f00a56d04f694094b5","BotsWannaBeMe","678d57b5624e9dc811ce9ca0","6a831067e66f3c3c107d5d93","2026-08-17 09:49"
"MerryCanyon719","66a8ba1fe626c7340b49ccd9","yarik⭐tatert0t kawaii alt😜","69b480dc874bd08dc9e5878a","6a8310b0333f460fdf6912e0","2026-08-17 09:49"
"emshanoff","60a55176895a250001d9e2d8","tryna be geeked","68261ad84859ebc8db2448a4","6a83106d5a6f2df5b9bea26e","2026-08-17 09:49"
"Blanecin","5e8781f3b3ec177638be489a","devj","5ee70329a237c362e06100b5","6a8310d9420a46d53ba97be7","2026-08-17 09:49"
"Ritchie","5ff84d182c4df40001592f85","Dissonans","60e09234213b0600019d912e","6a831065e66f3c3c107d5d8a","2026-08-17 09:49"
"Luxus","64d905c29860ac321bb0ddc5","Moritz","604e275b66c3940001ee30ed","6a831027420a46d53ba97920","2026-08-17 09:49"
"JanTheIdiot","5c66d1901554907d648fd7df","RupturingNebulas","68547edd73045641270e5a0c","6a830d2d530b03eaa5f1893f","2026-08-17 09:49"
"GeoMax","610ade6208061c000158624f","JujuMan","68c2ae1b906bbc1e0b8e63e2","6a830e5ae66f3c3c107d575c","2026-08-17 09:49"
"H1r0xz","6a419df53f40063ed65a1d24","路易十六","65337c686711b99177ed189b","6a831115e66f3c3c107d601e","2026-08-17 09:50"
"simeon","62dc07edf32847e5836668f1","Bad At Geo","5d46b0bb3b4b6a4968620f7b","6a831151420a46d53ba97db7","2026-08-17 09:51"
"iNS4NE","596fcdabcf818c83482add39","Delema()()()","65869f62df3f7bea3fa1d675","6a831064420a46d53ba97a05","2026-08-17 09:51"
"Gonçalo","60477d3ef15a270001e1bb0c","joniber","60cf2c9800ea7b00015231a2","6a83105c5a6f2df5b9bea22f","2026-08-17 09:51"
"MerryCanyon719","66a8ba1fe626c7340b49ccd9","tryna be geeked","68261ad84859ebc8db2448a4","6a8311525a6f2df5b9bea5e5","2026-08-17 09:51"
"Mr. Geo Accuracy","67666c0fae31f29e4b0ec6ad","adameq","626c3725834eacd247226547","6a8310b1420a46d53ba97b4e","2026-08-17 09:51"
"AI Gen 10/10","664ad9de273fe0303a386b45","Dissonans","60e09234213b0600019d912e","6a831159e66f3c3c107d6128","2026-08-17 09:51"
"communist","6a67a7f0e812a239ca024f0c","SoothingIsland179","69022497b152ce7a87c8e16b","6a8310f4420a46d53ba97c3a","2026-08-17 09:51"
"WheelieBinEnjoyer","6a60cb66561c205d0831e2ad","RadiantDune269","6976aead8271a4d6da2398b7","6a831123530b03eaa5f19316","2026-08-17 09:51"
"yarik⭐tatert0t kawaii alt😜","69b480dc874bd08dc9e5878a","Luxus","64d905c29860ac321bb0ddc5","6a83113d420a46d53ba97d63","2026-08-17 09:52"
"iNS4NE","596fcdabcf818c83482add39","Delema()()()","65869f62df3f7bea3fa1d675","6a8311ac5a6f2df5b9bea6ec","2026-08-17 09:53"
"Rihanna's alt","6a3c2f99fe770b27148e8436","BotsWannaBeMe","678d57b5624e9dc811ce9ca0","6a83115be66f3c3c107d612f","2026-08-17 09:53"
"Kuchen","633e8c870607afb40b3322f6","Causey","661a69c5073f663c21b4bc35","6a83111b420a46d53ba97cd0","2026-08-17 09:53"
"Jakub","5bef0f16fa37262f1c2c2d68","Erika","6835b7af656c2c951937f92e","6a83109a420a46d53ba97ac3","2026-08-17 09:53"
"Ritchie","5ff84d182c4df40001592f85","Dissonans","60e09234213b0600019d912e","6a8311abe66f3c3c107d6216","2026-08-17 09:53"
"tryna be geeked","68261ad84859ebc8db2448a4","AI Gen 10/10","664ad9de273fe0303a386b45","6a8311ae5a6f2df5b9bea6f2","2026-08-17 09:54"
"communist","6a67a7f0e812a239ca024f0c","LWD058","67460aaf7e1e3e21bf8b09c4","6a8311ff420a46d53ba98058","2026-08-17 09:54"
"Causey","661a69c5073f663c21b4bc35","caribou","65b67a412c40703eebe95de7","6a83122b420a46d53ba9810a","2026-08-17 09:55"
"adameq","626c3725834eacd247226547","M1lan","67473d086316c898fe734668","6a8311e1420a46d53ba97fdd","2026-08-17 09:55"
"Blanecin","5e8781f3b3ec177638be489a","JujuMan","68c2ae1b906bbc1e0b8e63e2","6a831145e66f3c3c107d60ee","2026-08-17 09:55"
"Lodi","5788e5e5c2a0fb1304dba46c","GeoMax","610ade6208061c000158624f","6a83112f420a46d53ba97d26","2026-08-17 09:55"
"路易十六","65337c686711b99177ed189b","resident","6919ea6aa5259496d039943a","6a83118ae66f3c3c107d61a1","2026-08-17 09:55"
"Chuya","66549d4cc725af87c3aa9a34","cocomelon123","5ffc1edc415d4d00016642d7","6a8311215a6f2df5b9bea51f","2026-08-17 09:56"
"Shakazaramesh","5ef2945bbb96627c9ce5f63f","PLK","62179a5c8e88d400010d91ea","6a831028bd14c20f7f91e05a","2026-08-17 09:56"
"Palmitas","6984de4267015bc9a6109cae","MerryCanyon719","66a8ba1fe626c7340b49ccd9","6a83119d420a46d53ba97eca","2026-08-17 09:56"
"communist","6a67a7f0e812a239ca024f0c","kakatuasideral","558ec97bb6a07066e4f4375b","6a831253333f460fdf691730","2026-08-17 09:56"
"vukard","6040b767a822080001418691","Sandman5","68e3f9f00a56d04f694094b5","6a831188e66f3c3c107d619e","2026-08-17 09:57"
"BotsWannaBeMe","678d57b5624e9dc811ce9ca0","Jakub","5bef0f16fa37262f1c2c2d68","6a8312465a6f2df5b9bea91a","2026-08-17 09:57"
"mii3en","66159d055967919df66cf9c0","AI Gen 10/10","664ad9de273fe0303a386b45","6a8311f55a6f2df5b9bea800","2026-08-17 09:57"
"kstyko","5ead136297d6cf24a42b1ef4","GeoMax","610ade6208061c000158624f","6a831288420a46d53ba98291","2026-08-17 09:57"
"kuba.","68582b5f8e62427811441b60","yarik⭐tatert0t kawaii alt😜","69b480dc874bd08dc9e5878a","6a83120f420a46d53ba98098","2026-08-17 09:57"
"Dissonans","60e09234213b0600019d912e","MaxJoker84","658c1a04945350bcd1f47aca","6a8312355a6f2df5b9bea8d6","2026-08-17 09:57"
"Christobal Cebolla","67a0c1f30b5863275051a4f0","DonkeyGuesses","6912d873ef3380557dd45eec","6a8311b55a6f2df5b9bea706","2026-08-17 09:57"
"Hosuja","5b7cfb7b602b2e3a94fbb968","Rihanna's alt","6a3c2f99fe770b27148e8436","6a831255e66f3c3c107d6427","2026-08-17 09:58"
"tryna be geeked","68261ad84859ebc8db2448a4","AI Gen 10/10","664ad9de273fe0303a386b45","6a831253420a46d53ba981aa","2026-08-17 09:58"
"Nicolai","5f74cd31b53fb70001d305b7","MerryCanyon719","66a8ba1fe626c7340b49ccd9","6a8312f8420a46d53ba984b0","2026-08-17 09:58"
"lol pop","622f101c589b350001a7ea5f","NebekCito (YT)","674102f66d68a18b54a2931c","6a8310f45a6f2df5b9bea474","2026-08-17 09:58"
"路易十六","65337c686711b99177ed189b","M1lan","67473d086316c898fe734668","6a8312ab5a6f2df5b9beaa8d","2026-08-17 09:58"
"emshanoff","60a55176895a250001d9e2d8","https://www.twitch.tv/qule0","635d8550c15309de668daf99","6a8311f4530b03eaa5f19545","2026-08-17 09:59"
"Luxus","64d905c29860ac321bb0ddc5","Moussa","63f298b8251569d36d50155b","6a831236420a46d53ba98143","2026-08-17 09:59"
"Erika","6835b7af656c2c951937f92e","Zhihh","63b435e80510075fa39ac039","6a8312cf420a46d53ba98416","2026-08-17 09:59"
"Tikon","621cddf10416aa00011b992b","Mr. Geo Accuracy","67666c0fae31f29e4b0ec6ad","6a831294420a46d53ba982d4","2026-08-17 10:00"
"Rafa","65d3d579486526d78cd578f9","vinnie","69af2d2e4921fb35244096f4","6a8312fd420a46d53ba984c8","2026-08-17 10:00"
"spherical_cow","62b34fca140a13acdc6567df","calippo_3","67c9ac9a5832c063770435b4","6a831098420a46d53ba97ab0","2026-08-17 10:00"
"Delema()()()","65869f62df3f7bea3fa1d675","iNS4NE","596fcdabcf818c83482add39","6a8312415a6f2df5b9bea8f7","2026-08-17 10:01"
"adameq","626c3725834eacd247226547","PLK","62179a5c8e88d400010d91ea","6a8312d2420a46d53ba98429","2026-08-17 10:01"
"kstyko","5ead136297d6cf24a42b1ef4","Christobal Cebolla","67a0c1f30b5863275051a4f0","6a831311e66f3c3c107d6673","2026-08-17 10:01"
"Ritchie","5ff84d182c4df40001592f85","Lodi","5788e5e5c2a0fb1304dba46c","6a8312c6420a46d53ba983e8","2026-08-17 10:01"
"white_iverson97 on twitch","5bafdf02bb9fdd32283e4151","AI Gen 10/10","664ad9de273fe0303a386b45","6a8313575a6f2df5b9bead13","2026-08-17 10:01"
"hyryi","68ab47dfbb1157adc4dd2dcf","PATUGANSU","5ed559cb282ad28b94ffb506","6a8312bbe66f3c3c107d656a","2026-08-17 10:01"
"Sandman5","68e3f9f00a56d04f694094b5","Jakub","5bef0f16fa37262f1c2c2d68","6a8313555a6f2df5b9beacf1","2026-08-17 10:02"
"MerryCanyon719","66a8ba1fe626c7340b49ccd9","Nicolai","5f74cd31b53fb70001d305b7","6a8313815a6f2df5b9beae04","2026-08-17 10:02"
"yarik⭐tatert0t kawaii alt😜","69b480dc874bd08dc9e5878a","kuba.","68582b5f8e62427811441b60","6a8313035a6f2df5b9beabdf","2026-08-17 10:02"
"路易十六","65337c686711b99177ed189b","M1lan","67473d086316c898fe734668","6a831360420a46d53ba9864d","2026-08-17 10:02"
"OakTree","617eb25d4e0e40000158968f","Clemens363","5f2bb2243ae4f7000134081b","6a830f4c530b03eaa5f18ecb","2026-08-17 10:02"
"Causey","661a69c5073f663c21b4bc35","emshanoff","60a55176895a250001d9e2d8","6a8313b9e66f3c3c107d68a4","2026-08-17 10:03"
"PLK","62179a5c8e88d400010d91ea","adameq","626c3725834eacd247226547","6a831433420a46d53ba98a09","2026-08-17 10:03"
"Nicolai","5f74cd31b53fb70001d305b7","MerryCanyon719","66a8ba1fe626c7340b49ccd9","6a83142c5a6f2df5b9beb040","2026-08-17 10:03"
"white_iverson97 on twitch","5bafdf02bb9fdd32283e4151","AI Gen 10/10","664ad9de273fe0303a386b45","6a8313575a6f2df5b9bead13","2026-08-17 10:03"
"kuba.","68582b5f8e62427811441b60","路易十六","65337c686711b99177ed189b","6a831438420a46d53ba98a19","2026-08-17 10:04"
"BotsWannaBeMe","678d57b5624e9dc811ce9ca0","vukard","6040b767a822080001418691","6a83130ae66f3c3c107d665c","2026-08-17 10:05"
"Blanecin","5e8781f3b3ec177638be489a","JujuMan","68c2ae1b906bbc1e0b8e63e2","6a8312d9530b03eaa5f197af","2026-08-17 10:05"
"Pandazan","632e19f3f0149e276027d38e","resident","6919ea6aa5259496d039943a","6a8312b95a6f2df5b9beaabb","2026-08-17 10:05"
"Erika","6835b7af656c2c951937f92e","white_iverson97 on twitch","5bafdf02bb9fdd32283e4151","6a831435420a46d53ba98a0c","2026-08-17 10:05"
"GeoBiden","600367027963380001856b05","Fabre","5e20d66d27ec1775f067c40c","6a83139a5a6f2df5b9beae61","2026-08-17 10:05"
"joniber","60cf2c9800ea7b00015231a2","Gonçalo","60477d3ef15a270001e1bb0c","6a8311e6420a46d53ba97fe9","2026-08-17 10:06"
"vinnie","69af2d2e4921fb35244096f4","Luxus","64d905c29860ac321bb0ddc5","6a8313b3420a46d53ba9879b","2026-08-17 10:06"
"kuba.","68582b5f8e62427811441b60","Blanecin","5e8781f3b3ec177638be489a","6a8314f6530b03eaa5f19de1","2026-08-17 10:06"
"Lodi","5788e5e5c2a0fb1304dba46c","Ritchie","5ff84d182c4df40001592f85","6a831417420a46d53ba9898c","2026-08-17 10:06"
"Dissonans","60e09234213b0600019d912e","miniura","650ff17b12259a4cd34bd829","6a831496420a46d53ba98b69","2026-08-17 10:06"
"Trash map (Yellow Belly)","6a14cb11a6370a8d80e86ada","路易十六","65337c686711b99177ed189b","6a8314c2420a46d53ba98c22","2026-08-17 10:06"
"manuelson","5eff753e4fc56993542703a7","Rihanna's alt","6a3c2f99fe770b27148e8436","6a8313e9420a46d53ba9887e","2026-08-17 10:07"
"Nicolai","5f74cd31b53fb70001d305b7","Palmitas","6984de4267015bc9a6109cae","6a8314945a6f2df5b9beb135","2026-08-17 10:07"
"yarik⭐tatert0t kawaii alt😜","69b480dc874bd08dc9e5878a","MerryCanyon719","66a8ba1fe626c7340b49ccd9","6a83144b5a6f2df5b9beb08d","2026-08-17 10:07"
"Pandazan","632e19f3f0149e276027d38e","resident","6919ea6aa5259496d039943a","6a831511420a46d53ba98d41","2026-08-17 10:07"
"waterloo sunset","6779de5c462d84c18822bb8f","AI Gen 10/10","664ad9de273fe0303a386b45","6a831485e66f3c3c107d6afe","2026-08-17 10:07"
"Delema()()()","65869f62df3f7bea3fa1d675","iNS4NE","596fcdabcf818c83482add39","6a8313fd420a46d53ba988e1","2026-08-17 10:08"
"Chuya","66549d4cc725af87c3aa9a34","Shakazaramesh","5ef2945bbb96627c9ce5f63f","6a8312ea420a46d53ba9848a","2026-08-17 10:08"
"kuba.","68582b5f8e62427811441b60","Domak666","6a3a957b0446680426a7f84b","6a83158a420a46d53ba98efb","2026-08-17 10:08"
"Causey","661a69c5073f663c21b4bc35","Clement","635c171d190621fb60d8bb08","6a831542420a46d53ba98de4","2026-08-17 10:09"
"waterloo sunset","6779de5c462d84c18822bb8f","AI Gen 10/10","664ad9de273fe0303a386b45","6a831485e66f3c3c107d6afe","2026-08-17 10:09"
"MerryCanyon719","66a8ba1fe626c7340b49ccd9","Dissonans","60e09234213b0600019d912e","6a831575530b03eaa5f19f57","2026-08-17 10:10"
"Ritchie","5ff84d182c4df40001592f85","路易十六","65337c686711b99177ed189b","6a831536530b03eaa5f19ea4","2026-08-17 10:10"
"hyryi","68ab47dfbb1157adc4dd2dcf","Fabre","5e20d66d27ec1775f067c40c","6a8314e9420a46d53ba98ca8","2026-08-17 10:10"
"resident","6919ea6aa5259496d039943a","AI Gen 10/10","664ad9de273fe0303a386b45","6a83158c420a46d53ba98f02","2026-08-17 10:10"
"devj","5ee70329a237c362e06100b5","menthol.mike","5d78b0cc1d19ab6f7052d8b9","6a8314a4420a46d53ba98b97","2026-08-17 10:10"
"PLK","62179a5c8e88d400010d91ea","M1lan","67473d086316c898fe734668","6a83149ebd14c20f7f91ebc9","2026-08-17 10:11"
"MerryCanyon719","66a8ba1fe626c7340b49ccd9","kuba.","68582b5f8e62427811441b60","6a8315c95a6f2df5b9beb519","2026-08-17 10:11"
"white_iverson97 on twitch","5bafdf02bb9fdd32283e4151","GeoChiko","637129eb9d737c55a520a3e3","6a8314fe5a6f2df5b9beb286","2026-08-17 10:12"
"yang","68c8d78fee2a8aa559e3878b","KAITOOO","62e8c3ab0065abc49aca361d","6a83161d420a46d53ba99194","2026-08-17 10:12"
"Sandman5","68e3f9f00a56d04f694094b5","ymot","5c296804097d019c9053201b","6a831492e66f3c3c107d6b28","2026-08-17 10:13"
"Palmitas","6984de4267015bc9a6109cae","penjajah","6031d1fcf16b5b0001fa54b0","6a831580420a46d53ba98ed2","2026-08-17 10:13"
"Pandazan","632e19f3f0149e276027d38e","LAMINE YAMAL","5fec56ce3362e4000147ea46","6a8315985b767c72a5ca17d3","2026-08-17 10:13"
"Rafa","65d3d579486526d78cd578f9","Dunkirk","687665b10b7953df9c8407c3","6a831548e66f3c3c107d6dda","2026-08-17 10:13"
"Luxus","64d905c29860ac321bb0ddc5","Trash map (Yellow Belly)","6a14cb11a6370a8d80e86ada","6a83152d530b03eaa5f19e8c","2026-08-17 10:13"
"Flubbersticks","69387a54dc6fdd9da05c91cd","Limatas","6524cac4da010dc590231cb3","6a831664420a46d53ba992dd","2026-08-17 10:13"
"emshanoff","60a55176895a250001d9e2d8","adameq","626c3725834eacd247226547","6a8314fe420a46d53ba98ce8","2026-08-17 10:14"
"Derzal","5f96feae45cc8c00017ca853","Jakub","5bef0f16fa37262f1c2c2d68","6a831450e66f3c3c107d6a70","2026-08-17 10:14"
"路易十六","65337c686711b99177ed189b","Jasper","63999b017d45f00bc34b6950","6a831670530b03eaa5f1a270","2026-08-17 10:14"
"yang","68c8d78fee2a8aa559e3878b","KAITOOO","62e8c3ab0065abc49aca361d","6a8316b5420a46d53ba9947e","2026-08-17 10:14"
"iNS4NE","596fcdabcf818c83482add39","Causey","661a69c5073f663c21b4bc35","6a8315f9e66f3c3c107d6fa3","2026-08-17 10:15"
"Chuya","66549d4cc725af87c3aa9a34","Shakazaramesh","5ef2945bbb96627c9ce5f63f","6a831593420a46d53ba98f28","2026-08-17 10:15"
"joniber","60cf2c9800ea7b00015231a2","Preussen","64da4d57e44ffbb819d935b1","6a831611420a46d53ba9916c","2026-08-17 10:16"
"BotsWannaBeMe","678d57b5624e9dc811ce9ca0","vinnie","69af2d2e4921fb35244096f4","6a831527e66f3c3c107d6d55","2026-08-17 10:16"
"MerryCanyon719","66a8ba1fe626c7340b49ccd9","Nicolai","5f74cd31b53fb70001d305b7","6a8316d2420a46d53ba99529","2026-08-17 10:16"
"Ritchie","5ff84d182c4df40001592f85","kuba.","68582b5f8e62427811441b60","6a83164d420a46d53ba99257","2026-08-17 10:16"
"Dissonans","60e09234213b0600019d912e","AI Gen 10/10","664ad9de273fe0303a386b45","6a8316265a6f2df5b9beb62b","2026-08-17 10:16"
"Flubbersticks","69387a54dc6fdd9da05c91cd","Limatas","6524cac4da010dc590231cb3","6a8316eb420a46d53ba99583","2026-08-17 10:16"
"Trash map (Yellow Belly)","6a14cb11a6370a8d80e86ada","Overlord","69b43de1040ac18e740a342f","6a8316ee420a46d53ba9958c","2026-08-17 10:16"
"MerryCanyon719","66a8ba1fe626c7340b49ccd9","Nicolai","5f74cd31b53fb70001d305b7","6a8316d2420a46d53ba99529","2026-08-17 10:17"
"yang","68c8d78fee2a8aa559e3878b","KAITOOO","62e8c3ab0065abc49aca361d","6a83171c420a46d53ba9961e","2026-08-17 10:17"
"devj","5ee70329a237c362e06100b5","menthol.mike","5d78b0cc1d19ab6f7052d8b9","6a8316405a6f2df5b9beb690","2026-08-17 10:17"
"路易十六","65337c686711b99177ed189b","Palmitas","6984de4267015bc9a6109cae","6a83172e420a46d53ba99680","2026-08-17 10:18"
"AI Gen 10/10","664ad9de273fe0303a386b45","resident","6919ea6aa5259496d039943a","6a831648bd14c20f7f91f059","2026-08-17 10:18"
"spherical_cow","62b34fca140a13acdc6567df","calippo_3","67c9ac9a5832c063770435b4","6a8313fae66f3c3c107d6962","2026-08-17 10:18"
"Clement","635c171d190621fb60d8bb08","Rihanna's alt","6a3c2f99fe770b27148e8436","6a8316ab420a46d53ba9944a","2026-08-17 10:19"
"vukard","6040b767a822080001418691","PLK","62179a5c8e88d400010d91ea","6a83166c420a46d53ba992f8","2026-08-17 10:19"
"Domak666","6a3a957b0446680426a7f84b","kuba.","68582b5f8e62427811441b60","6a831773e66f3c3c107d7416","2026-08-17 10:19"
"tozangezan","5a33d4491cbd1560d0eaed6b","hyryi","68ab47dfbb1157adc4dd2dcf","6a8316b15a6f2df5b9beb7de","2026-08-17 10:19"
"Trash map (Yellow Belly)","6a14cb11a6370a8d80e86ada","Overlord","69b43de1040ac18e740a342f","6a8317a0420a46d53ba9982a","2026-08-17 10:19"
"Blinky","5b51062a4010740f7cd91dd5","simeon","62dc07edf32847e5836668f1","6a831766420a46d53ba99768","2026-08-17 10:20"
"adameq","626c3725834eacd247226547","Tikon","621cddf10416aa00011b992b","6a831723420a46d53ba9964f","2026-08-17 10:20"
"penjajah","6031d1fcf16b5b0001fa54b0","white_iverson97 on twitch","5bafdf02bb9fdd32283e4151","6a8316dc5a6f2df5b9beb868","2026-08-17 10:20"
"Synxzy","62b9d279343a6042acb35fe8","Jakub","5bef0f16fa37262f1c2c2d68","6a831713e66f3c3c107d7316","2026-08-17 10:20"
"Luxus","64d905c29860ac321bb0ddc5","ShadowGrif","584b3ad09992305700ea4284","6a8316f1420a46d53ba99598","2026-08-17 10:20"
"AI Gen 10/10","664ad9de273fe0303a386b45","Dissonans","60e09234213b0600019d912e","6a8317a3530b03eaa5f1a55e","2026-08-17 10:20"
"yang","68c8d78fee2a8aa559e3878b","KAITOOO","62e8c3ab0065abc49aca361d","6a8317e3e66f3c3c107d752d","2026-08-17 10:20"
"Flubbersticks","69387a54dc6fdd9da05c91cd","Limatas","6524cac4da010dc590231cb3","6a8317b2420a46d53ba99888","2026-08-17 10:20"
"Nicolai","5f74cd31b53fb70001d305b7","雨又潇潇","635a7c4f940d8dc91bd25ec4","6a8317c5420a46d53ba998bf","2026-08-17 10:21"
"GeoChiko","637129eb9d737c55a520a3e3","M1lan","67473d086316c898fe734668","6a831693420a46d53ba993e6","2026-08-17 10:21"
"SparklingHill339","6a689d01a65ab58b189dd03e","Temi","6a6748a15d0a63269b9d9b49","6a8318285a6f2df5b9bebc7a","2026-08-17 10:21"
"devj","5ee70329a237c362e06100b5","jeyjey1001","5e9dc1026ea510450800fbb9","6a8317ca333f460fdf692627","2026-08-17 10:21"
"MaxJoker84","658c1a04945350bcd1f47aca","Ritchie","5ff84d182c4df40001592f85","6a831798420a46d53ba9980e","2026-08-17 10:21"
"Dunkirk","687665b10b7953df9c8407c3","Fabre","5e20d66d27ec1775f067c40c","6a83176f530b03eaa5f1a4f0","2026-08-17 10:21"
"Blinky","5b51062a4010740f7cd91dd5","simeon","62dc07edf32847e5836668f1","6a83186e420a46d53ba99b69","2026-08-17 10:22"
"Shakazaramesh","5ef2945bbb96627c9ce5f63f","vinnie","69af2d2e4921fb35244096f4","6a83177e420a46d53ba997b1","2026-08-17 10:22"
"Jonas","661ad4c4073f663c21b57fe6","Lodi","5788e5e5c2a0fb1304dba46c","6a831804420a46d53ba999bf","2026-08-17 10:23"
"Domak666","6a3a957b0446680426a7f84b","kuba.","68582b5f8e62427811441b60","6a8318a3420a46d53ba99c35","2026-08-17 10:23"
"yang","68c8d78fee2a8aa559e3878b","Neramchik","692ef8861902178c08e6025d","6a83188ce66f3c3c107d770f","2026-08-17 10:23"
"Rihanna's alt","6a3c2f99fe770b27148e8436","Tikon","621cddf10416aa00011b992b","6a831882420a46d53ba99bc7","2026-08-17 10:24"
"SparklingHill339","6a689d01a65ab58b189dd03e","xCluster","5c8c08cb7235f97790cac114","6a8318c6420a46d53ba99ccc","2026-08-17 10:24"
"JanTheIdiot","5c66d1901554907d648fd7df","SiBe","5ad3470a2a3e0d4da46d409e","6a831663e66f3c3c107d711d","2026-08-17 10:24"
"OakTree","617eb25d4e0e40000158968f","Ritchie","5ff84d182c4df40001592f85","6a8318c8e66f3c3c107d7823","2026-08-17 10:25"
"BotsWannaBeMe","678d57b5624e9dc811ce9ca0","Preussen","64da4d57e44ffbb819d935b1","6a831847420a46d53ba99aca","2026-08-17 10:26"
"Nicolai","5f74cd31b53fb70001d305b7","雨又潇潇","635a7c4f940d8dc91bd25ec4","6a8318d4420a46d53ba99d00","2026-08-17 10:26"
"Lodi","5788e5e5c2a0fb1304dba46c","danq_s","639c2a925d4cc27b2f7a898b","6a8319275a6f2df5b9bec01e","2026-08-17 10:26"
"Clemens363","5f2bb2243ae4f7000134081b","Uralensis","65eba12c6f7c11bcafdeaac8","6a831436e66f3c3c107d6a26","2026-08-17 10:26"
"Blinky","5b51062a4010740f7cd91dd5","simeon","62dc07edf32847e5836668f1","6a8318dc530b03eaa5f1a86a","2026-08-17 10:27"
"Clement","635c171d190621fb60d8bb08","Jonas","661ad4c4073f663c21b57fe6","6a83194b420a46d53ba99ed6","2026-08-17 10:27"
"vukard","6040b767a822080001418691","adameq","626c3725834eacd247226547","6a831882530b03eaa5f1a767","2026-08-17 10:27"
"Domak666","6a3a957b0446680426a7f84b","kuba.","68582b5f8e62427811441b60","6a8319585b767c72a5ca21b7","2026-08-17 10:27"
"Rafa","65d3d579486526d78cd578f9","hyryi","68ab47dfbb1157adc4dd2dcf","6a831857e66f3c3c107d7667","2026-08-17 10:27"
"M1lan","67473d086316c898fe734668","Synxzy","62b9d279343a6042acb35fe8","6a8318bd5b767c72a5ca2056","2026-08-17 10:27"
"SparklingHill339","6a689d01a65ab58b189dd03e","Vokept","60789eddce86d900016fbb4e","6a83194e420a46d53ba99ee8","2026-08-17 10:27"
"Trash map (Yellow Belly)","6a14cb11a6370a8d80e86ada","1Kenma","67f1e53d840a2b6316eb1c59","6a83182c420a46d53ba99a5a","2026-08-17 10:27"
"Filipp","63bf085d2a26bb57d315f246","iNS4NE","596fcdabcf818c83482add39","6a83183d420a46d53ba99a90","2026-08-17 10:28"
"devj","5ee70329a237c362e06100b5","GeoChiko","637129eb9d737c55a520a3e3","6a8318d8e66f3c3c107d7859","2026-08-17 10:28"
"joniber","60cf2c9800ea7b00015231a2","BarryTheBee","62be7867aa13616722f8dd4a","6a8318145a6f2df5b9bebc44","2026-08-17 10:29"
"Preussen","64da4d57e44ffbb819d935b1","BotsWannaBeMe","678d57b5624e9dc811ce9ca0","6a8319f3bd14c20f7f91f934","2026-08-17 10:29"
"Mr. Geo Accuracy","67666c0fae31f29e4b0ec6ad","Freedom","65a2efda5b3d0a0d04c2a4b0","6a8318e15a6f2df5b9bebf0d","2026-08-17 10:29"
"Domak666","6a3a957b0446680426a7f84b","Jonas","661ad4c4073f663c21b57fe6","6a831a36420a46d53ba9a2c4","2026-08-17 10:29"
"SparklingHill339","6a689d01a65ab58b189dd03e","er giaguaro 23","656e500a100ec97c1292c8c6","6a831a19420a46d53ba9a237","2026-08-17 10:29"
"Goonax#4WC","6772fee6827b91b41dd22b5f","vinnie","69af2d2e4921fb35244096f4","6a83197d5a6f2df5b9bec17d","2026-08-17 10:30"
"francishow","6048173c50a8500001ba84d8","Scamardi","63b0735ceb2a92f7c98021da","6a83192e420a46d53ba99e53","2026-08-17 10:30"
"yang","68c8d78fee2a8aa559e3878b","ShadowGrif","584b3ad09992305700ea4284","6a831959420a46d53ba99f13","2026-08-17 10:31"
"Ritchie","5ff84d182c4df40001592f85","KAITOOO","62e8c3ab0065abc49aca361d","6a8319ff5a6f2df5b9bec305","2026-08-17 10:31"
"Jakub","5bef0f16fa37262f1c2c2d68","Neramchik","692ef8861902178c08e6025d","6a831a4c5b767c72a5ca2401","2026-08-17 10:31"
"Dunkirk","687665b10b7953df9c8407c3","Thore Stach","60b2c6420390be00015e9fa1","6a8318e0420a46d53ba99d2c","2026-08-17 10:31"
"Nicolai","5f74cd31b53fb70001d305b7","雨又潇潇","635a7c4f940d8dc91bd25ec4","6a831a04420a46d53ba9a1d3","2026-08-17 10:32"
"Rafa","65d3d579486526d78cd578f9","vukard","6040b767a822080001418691","6a831a4a420a46d53ba9a2ff","2026-08-17 10:32"
"iNS4NE","596fcdabcf818c83482add39","Clement","635c171d190621fb60d8bb08","6a831a6f5a6f2df5b9bec470","2026-08-17 10:33"
"Jonas","661ad4c4073f663c21b57fe6","kuba.","68582b5f8e62427811441b60","6a831b17e66f3c3c107d7f4a","2026-08-17 10:33"
"simeon","62dc07edf32847e5836668f1","Blinky","5b51062a4010740f7cd91dd5","6a831a1d420a46d53ba9a24e","2026-08-17 10:34"
"Nicolai","5f74cd31b53fb70001d305b7","雨又潇潇","635a7c4f940d8dc91bd25ec4","6a831b47420a46d53ba9a6f6","2026-08-17 10:34"
"SparklingHill339","6a689d01a65ab58b189dd03e","Alexgcresi","6345556a4c45b8d6bfb809ea","6a831a8a420a46d53ba9a3ff","2026-08-17 10:34"
"GeoChiko","637129eb9d737c55a520a3e3","Dissonans","60e09234213b0600019d912e","6a831ab5e66f3c3c107d7dde","2026-08-17 10:34"
"kuba.","68582b5f8e62427811441b60","F12RXY7U9I","6919845c3a6623b10b2fa710","6a831b78420a46d53ba9a7b2","2026-08-17 10:34"
"Tikon","621cddf10416aa00011b992b","Rihanna's alt","6a3c2f99fe770b27148e8436","6a831990420a46d53ba99fed","2026-08-17 10:35"
"MerryCanyon719","66a8ba1fe626c7340b49ccd9","oiva","69144f05b078f459481f7a67","6a831b5d530b03eaa5f1af29","2026-08-17 10:35"
"Jakub","5bef0f16fa37262f1c2c2d68","LAMINE YAMAL","5fec56ce3362e4000147ea46","6a831b12e66f3c3c107d7f3a","2026-08-17 10:35"
"Mr. Geo Accuracy","67666c0fae31f29e4b0ec6ad","Freedom","65a2efda5b3d0a0d04c2a4b0","6a831aa8420a46d53ba9a480","2026-08-17 10:36"
"Palmitas","6984de4267015bc9a6109cae","vukard","6040b767a822080001418691","6a831b61420a46d53ba9a75c","2026-08-17 10:36"
"kuba.","68582b5f8e62427811441b60","danq_s","639c2a925d4cc27b2f7a898b","6a831bcc5a6f2df5b9bec8ed","2026-08-17 10:36"
"Dunkirk","687665b10b7953df9c8407c3","F12RXY7U9I","6919845c3a6623b10b2fa710","6a831b7a5a6f2df5b9bec7fa","2026-08-17 10:36"
"Yiğit Onur","628a020c86224535a595335f","KAITOOO","62e8c3ab0065abc49aca361d","6a831b1c420a46d53ba9a643","2026-08-17 10:36"
"miniura","650ff17b12259a4cd34bd829","1Kenma","67f1e53d840a2b6316eb1c59","6a831b50e66f3c3c107d7ff7","2026-08-17 10:36"
"Mitteconrad","6056349f72a5a900014128a9","Goonax#4WC","6772fee6827b91b41dd22b5f","6a831af75a6f2df5b9bec635","2026-08-17 10:37"
"Eveningflag","5bd33608fe3a84037ca1f67d","luoyang","64e6ba36551e359321874de7","6a8319bd420a46d53ba9a0aa","2026-08-17 10:37"
"adameq","626c3725834eacd247226547","Shakazaramesh","5ef2945bbb96627c9ce5f63f","6a831a23420a46d53ba9a263","2026-08-17 10:37"
"Preussen","64da4d57e44ffbb819d935b1","BotsWannaBeMe","678d57b5624e9dc811ce9ca0","6a831a94420a46d53ba9a421","2026-08-17 10:37"
"Domak666","6a3a957b0446680426a7f84b","MerryCanyon719","66a8ba1fe626c7340b49ccd9","6a831c16420a46d53ba9aa63","2026-08-17 10:37"
"Pna","6063bbbdf93f57000113fed0","yang","68c8d78fee2a8aa559e3878b","6a831b0e420a46d53ba9a61c","2026-08-17 10:37"
"spherical_cow","62b34fca140a13acdc6567df","eglemania","603a7b0367954300019fb4e2","6a831813420a46d53ba999fc","2026-08-17 10:37"
"youwin","600361d6796338000185630b","Boldd","5ebfd849de3c4c5aec1cdbbc","6a831b69420a46d53ba9a781","2026-08-17 10:37"
"simeon","62dc07edf32847e5836668f1","Blinky","5b51062a4010740f7cd91dd5","6a831bb1420a46d53ba9a8a9","2026-08-17 10:38"
"Freedom","65a2efda5b3d0a0d04c2a4b0","kuba.","68582b5f8e62427811441b60","6a831c335a6f2df5b9beca43","2026-08-17 10:38"
"SparklingHill339","6a689d01a65ab58b189dd03e","Raulemh","5ec90cabf45d4914ac388748","6a831bd6e66f3c3c107d81a2","2026-08-17 10:38"
"Trash map (Yellow Belly)","6a14cb11a6370a8d80e86ada","Christobal Cebolla","67a0c1f30b5863275051a4f0","6a831a985a6f2df5b9bec50c","2026-08-17 10:38"
"Kenji","5f2fd4348378f500019bdee0","hyryi","68ab47dfbb1157adc4dd2dcf","6a831a6b5a6f2df5b9bec464","2026-08-17 10:38"
"ALFA","5b6f185f7135fa0e48b5528a","BarryTheBee","62be7867aa13616722f8dd4a","6a831b405a6f2df5b9bec73f","2026-08-17 10:39"
"white_iverson97 on twitch","5bafdf02bb9fdd32283e4151","Neramchik","692ef8861902178c08e6025d","6a831b315a6f2df5b9bec70b","2026-08-17 10:39"
"Jonas","661ad4c4073f663c21b57fe6","VIVER","631f29032347fcd4bef60349","6a831c5e5a6f2df5b9becac3","2026-08-17 10:40"
"Domak666","6a3a957b0446680426a7f84b","mii3en","66159d055967919df66cf9c0","6a831c7f5a6f2df5b9becb3b","2026-08-17 10:40"
"Baga #banalts","6106adfe5078c20001560397","kuba.","68582b5f8e62427811441b60","6a831caa530b03eaa5f1b299","2026-08-17 10:40"
"bodysfailing","69fd3dc20731483be6bd7038","iNS4NE","596fcdabcf818c83482add39","6a831bc1420a46d53ba9a8e4","2026-08-17 10:41"
"ImAkiro","5a2ac652393725796877c061","no thoughts, just violence","61cdfc02f6470200011a0caa","6a83191e420a46d53ba99e15","2026-08-17 10:41"
"Nicolai","5f74cd31b53fb70001d305b7","雨又潇潇","635a7c4f940d8dc91bd25ec4","6a831bd0420a46d53ba9a915","2026-08-17 10:41"
"vinnie","69af2d2e4921fb35244096f4","Thore Stach","60b2c6420390be00015e9fa1","6a831b7e5a6f2df5b9bec804","2026-08-17 10:41"
"Pandazan","632e19f3f0149e276027d38e","Jonas","661ad4c4073f663c21b57fe6","6a831d27420a46d53ba9aea6","2026-08-17 10:42"
"kuba.","68582b5f8e62427811441b60","Vdiitgger","61424662f5f26100019d778b","6a831d15333f460fdf69337d","2026-08-17 10:42"
"simeon","62dc07edf32847e5836668f1","Blinky","5b51062a4010740f7cd91dd5","6a831ceb420a46d53ba9add6","2026-08-17 10:43"
"BotsWannaBeMe","678d57b5624e9dc811ce9ca0","Chuya","66549d4cc725af87c3aa9a34","6a831c845a6f2df5b9becb49","2026-08-17 10:43"
"Goonax#4WC","6772fee6827b91b41dd22b5f","MosaTracker","68fa532476317df25e19c823","6a831cf7530b03eaa5f1b36d","2026-08-17 10:43"
"Quentin4d","5eb7783deb473f2558de286d","Freedom","65a2efda5b3d0a0d04c2a4b0","6a831cd7e66f3c3c107d84d5","2026-08-17 10:43"
"iNS4NE","596fcdabcf818c83482add39","bodysfailing","69fd3dc20731483be6bd7038","6a831d795a6f2df5b9bece7a","2026-08-17 10:44"
"Preussen","64da4d57e44ffbb819d935b1","Mitteconrad","6056349f72a5a900014128a9","6a831cbf5a6f2df5b9becc15","2026-08-17 10:44"
"oiva","69144f05b078f459481f7a67","Filipp","63bf085d2a26bb57d315f246","6a831c10333f460fdf6930f4","2026-08-17 10:44"
"white_iverson97 on twitch","5bafdf02bb9fdd32283e4151","Frigo Camelo","6831b15be91c310e7f58d599","6a831cee5a6f2df5b9beccb0","2026-08-17 10:44"
"SparklingHill339","6a689d01a65ab58b189dd03e","Scworch","5c0d788baac55b769c2c6ba4","6a831d6c5a6f2df5b9bece49","2026-08-17 10:45"
"BarryTheBee","62be7867aa13616722f8dd4a","simeon","62dc07edf32847e5836668f1","6a831dc4420a46d53ba9b139","2026-08-17 10:46"
"M1tzki","668717ff41553d75c689c749","ALFA","5b6f185f7135fa0e48b5528a","6a831d06420a46d53ba9ae41","2026-08-17 10:46"
"Rihanna's alt","6a3c2f99fe770b27148e8436","kriszh","5922abce1bba700c703b0c00","6a831c31420a46d53ba9aad9","2026-08-17 10:46"
"PLAYHRD","5d696003e9473f7c4058f0ae","mii3en","66159d055967919df66cf9c0","6a831d98bd14c20f7f92024c","2026-08-17 10:46"
"Domak666","6a3a957b0446680426a7f84b","Nicolai","5f74cd31b53fb70001d305b7","6a831d70420a46d53ba9afd2","2026-08-17 10:46"
"luoyang","64e6ba36551e359321874de7","Palmitas","6984de4267015bc9a6109cae","6a831c5ee66f3c3c107d836e","2026-08-17 10:46"
"adameq","626c3725834eacd247226547","Shakazaramesh","5ef2945bbb96627c9ce5f63f","6a831c79530b03eaa5f1b226","2026-08-17 10:47"
"Jonas","661ad4c4073f663c21b57fe6","MosaTracker","68fa532476317df25e19c823","6a831dcee66f3c3c107d87f6","2026-08-17 10:47"
"Jakub","5bef0f16fa37262f1c2c2d68","Yiğit Onur","628a020c86224535a595335f","6a831c5c420a46d53ba9aba8","2026-08-17 10:47"
"Filipp","63bf085d2a26bb57d315f246","boss bandit","63f549d56242089cd8f3b10e","6a831e5f5a6f2df5b9bed147","2026-08-17 10:48"
"Eveningflag","5bd33608fe3a84037ca1f67d","cadu","6701c271782cbf631e6511a9","6a831c9c5a6f2df5b9becba5","2026-08-17 10:49"
"Freedom","65a2efda5b3d0a0d04c2a4b0","Baga #banalts","6106adfe5078c20001560397","6a831e10420a46d53ba9b27d","2026-08-17 10:49"
"yang","68c8d78fee2a8aa559e3878b","miniura","650ff17b12259a4cd34bd829","6a831c945a6f2df5b9becb8c","2026-08-17 10:49"
"Trash map (Yellow Belly)","6a14cb11a6370a8d80e86ada","hyryi","68ab47dfbb1157adc4dd2dcf","6a831cdde66f3c3c107d84ed","2026-08-17 10:49"
"bodysfailing","69fd3dc20731483be6bd7038","iNS4NE","596fcdabcf818c83482add39","6a831e2d7756a84070d9be52","2026-08-17 10:50"
"Nicolai","5f74cd31b53fb70001d305b7","雨又潇潇","635a7c4f940d8dc91bd25ec4","6a831e95e66f3c3c107d8a74","2026-08-17 10:50"
"Jonas","661ad4c4073f663c21b57fe6","mii3en","66159d055967919df66cf9c0","6a831ec4333f460fdf693838","2026-08-17 10:50"
"Christobal Cebolla","67a0c1f30b5863275051a4f0","kuba.","68582b5f8e62427811441b60","6a831dc6420a46d53ba9b144","2026-08-17 10:50"
"Yiğit Onur","628a020c86224535a595335f","Womir1982","671a87967678ed42696f58ab","6a831ed95a6f2df5b9bed2d6","2026-08-17 10:51"
"arpansarangi","64bd0b2d4e5bceaec7837cbf","Allan64","67159c55d20a954221988363","6a831f0e5a6f2df5b9bed38a","2026-08-17 10:51"
"mii3en","66159d055967919df66cf9c0","Jonas","661ad4c4073f663c21b57fe6","6a831f7ae66f3c3c107d8d1a","2026-08-17 10:52"
"white_iverson97 on twitch","5bafdf02bb9fdd32283e4151","SANTALIN","68a1d4f00218d5f252838775","6a831e3d420a46d53ba9b33a","2026-08-17 10:52"
"SparklingHill339","6a689d01a65ab58b189dd03e","CheesusCrust","69c6c1e73459c448958b6ada","6a831f535a6f2df5b9bed445","2026-08-17 10:53"
"rylynn 🌺","6a465addf758690c0d2dad6f","Danielmuller Prod","57dfd76a42ad995e843d8ad4","6a831f74530b03eaa5f1ba5a","2026-08-17 10:53"
"Kenji","5f2fd4348378f500019bdee0","Jakub","5bef0f16fa37262f1c2c2d68","6a831ec5ed20570f07072afa","2026-08-17 10:53"
"Blinky","5b51062a4010740f7cd91dd5","BarryTheBee","62be7867aa13616722f8dd4a","6a831e945a6f2df5b9bed1eb","2026-08-17 10:54"
"boss bandit","63f549d56242089cd8f3b10e","Filipp","63bf085d2a26bb57d315f246","6a831f125a6f2df5b9bed392","2026-08-17 10:54"
"adameq","626c3725834eacd247226547","Shakazaramesh","5ef2945bbb96627c9ce5f63f","6a831ef1420a46d53ba9b608","2026-08-17 10:54"
"tryna be geeked","68261ad84859ebc8db2448a4","AI Gen 10/10","664ad9de273fe0303a386b45","6a831253420a46d53ba981aa","2026-08-17 10:54"
"Trash map (Yellow Belly)","6a14cb11a6370a8d80e86ada","1Kenma","67f1e53d840a2b6316eb1c59","6a831fab530b03eaa5f1bad5","2026-08-17 10:54"
"Christobal Cebolla","67a0c1f30b5863275051a4f0","DonkeyGuesses","6912d873ef3380557dd45eec","6a831f8fe66f3c3c107d8d5b","2026-08-17 10:54"
"bodysfailing","69fd3dc20731483be6bd7038","iNS4NE","596fcdabcf818c83482add39","6a831f86e66f3c3c107d8d3a","2026-08-17 10:55"
"Dunkirk","687665b10b7953df9c8407c3","Cassosclub","65a7c8563d08098ae0def9f9","6a831eac420a46d53ba9b514","2026-08-17 10:55"
"Nicolai","5f74cd31b53fb70001d305b7","mii3en","66159d055967919df66cf9c0","6a832007420a46d53ba9b9fc","2026-08-17 10:56"
"Freedom","65a2efda5b3d0a0d04c2a4b0","Quentin4d","5eb7783deb473f2558de286d","6a831f76333f460fdf6939e2","2026-08-17 10:56"
"Jakub","5bef0f16fa37262f1c2c2d68","Kenji","5f2fd4348378f500019bdee0","6a83202d530b03eaa5f1bc0d","2026-08-17 10:56"
"Blinky","5b51062a4010740f7cd91dd5","BarryTheBee","62be7867aa13616722f8dd4a","6a832074333f460fdf693c27","2026-08-17 10:58"
"Rihanna's alt","6a3c2f99fe770b27148e8436","Mitteconrad","6056349f72a5a900014128a9","6a831eab530b03eaa5f1b84e","2026-08-17 10:58"
"Chuya","66549d4cc725af87c3aa9a34","TiltedTroxx","64543bd7fb6efa97a2e06d2b","6a831dd3e66f3c3c107d87ff","2026-08-17 10:58"
"GeoChiko","637129eb9d737c55a520a3e3","BenNY_the_27","6064fc3f12c7b700012d0167","6a831ca25a6f2df5b9becbbc","2026-08-17 10:58"
"Nicolau","627f9053f7657562290e4c8d","0.03mm","692fdd96871fb5a05c4dcab0","6a831df6420a46d53ba9b20e","2026-08-17 10:58"
"WheelieBinEnjoyer","6a60cb66561c205d0831e2ad","KEKELELE","620be40fade3280001ac23d8","6a8320cd420a46d53ba9bd14","2026-08-17 10:59"
"cadu","6701c271782cbf631e6511a9","Daan","5f91a2db3d05310001d589c3","6a831f47420a46d53ba9b76e","2026-08-17 11:00"
"miniura","650ff17b12259a4cd34bd829","Fede","65338f636711b99177ed1fca","6a831fed420a46d53ba9b9a1","2026-08-17 11:00"
"ALFA","5b6f185f7135fa0e48b5528a","simeon","62dc07edf32847e5836668f1","6a8320c7ba6e1fd00eda1fd3","2026-08-17 11:01"
"Jonas","661ad4c4073f663c21b57fe6","mii3en","66159d055967919df66cf9c0","6a8320f0e66f3c3c107d910c","2026-08-17 11:01"
"vinnie","69af2d2e4921fb35244096f4","im recording my gameplay","6a437d2254319c3206c01eb9","6a8320f05a6f2df5b9bed916","2026-08-17 11:01"
"Shakazaramesh","5ef2945bbb96627c9ce5f63f","Trash map (Yellow Belly)","6a14cb11a6370a8d80e86ada","6a83208d5a6f2df5b9bed7c8","2026-08-17 11:02"
"M1lan","67473d086316c898fe734668","0.03mm","692fdd96871fb5a05c4dcab0","6a832154420a46d53ba9bf3f","2026-08-17 11:02"
"Synxzy","62b9d279343a6042acb35fe8","Cassosclub","65a7c8563d08098ae0def9f9","6a8320b8420a46d53ba9bcb2","2026-08-17 11:03"
"Blinky","5b51062a4010740f7cd91dd5","BarryTheBee","62be7867aa13616722f8dd4a","6a83215b420a46d53ba9bf67","2026-08-17 11:04"
"bodysfailing","69fd3dc20731483be6bd7038","boss bandit","63f549d56242089cd8f3b10e","6a8320a55a6f2df5b9bed82d","2026-08-17 11:04"
"SparklingHill339","6a689d01a65ab58b189dd03e","chim","633257ac4a6d546ade519fce","6a832259333f460fdf6940e7","2026-08-17 11:04"
"Chuya","66549d4cc725af87c3aa9a34","adameq","626c3725834eacd247226547","6a8321565a6f2df5b9bedaa5","2026-08-17 11:05"
"M1lan","67473d086316c898fe734668","0.03mm","692fdd96871fb5a05c4dcab0","6a832154420a46d53ba9bf3f","2026-08-17 11:05"
"WheelieBinEnjoyer","6a60cb66561c205d0831e2ad","Alex","696ca061856635d361226f2c","6a83226fe66f3c3c107d9569","2026-08-17 11:05"
"Thore Stach","60b2c6420390be00015e9fa1","Manureza","678ec40f575b9e3fd172579d","6a832210420a46d53ba9c1d7","2026-08-17 11:05"
"mii3en","66159d055967919df66cf9c0","Pandazan","632e19f3f0149e276027d38e","6a83226e5a6f2df5b9beddf2","2026-08-17 11:06"
"Jarnoo","6807860a7b5e23a92b7f855f","Tottenhamwisps","60ad03a48b6e1d00012f8e7e","6a8321b0e66f3c3c107d9375","2026-08-17 11:06"
"SparklingHill339","6a689d01a65ab58b189dd03e","AR","67eaf6d3a064506a0d5d25b4","6a8322c7e66f3c3c107d96bd","2026-08-17 11:06"
"Christobal Cebolla","67a0c1f30b5863275051a4f0","Neramchik","692ef8861902178c08e6025d","6a83219e530b03eaa5f1bfc0","2026-08-17 11:06"
"Jonas","661ad4c4073f663c21b57fe6","Mr. Geo Accuracy","67666c0fae31f29e4b0ec6ad","6a832227420a46d53ba9c234","2026-08-17 11:07"
"Dimsum","63f619f14068eb7d4bbb134d","Paris, Texas","6999ebd9423ce38404eadfb6","6a8320675a6f2df5b9bed750","2026-08-17 11:07"
"hyryi","68ab47dfbb1157adc4dd2dcf","SANTALIN","68a1d4f00218d5f252838775","6a8321bc5a6f2df5b9bedc00","2026-08-17 11:08"
"BarryTheBee","62be7867aa13616722f8dd4a","ALFA","5b6f185f7135fa0e48b5528a","6a8322cd420a46d53ba9c52b","2026-08-17 11:09"
"Mr. Geo Accuracy","67666c0fae31f29e4b0ec6ad","Tottenhamwisps","60ad03a48b6e1d00012f8e7e","6a832378420a46d53ba9c7cf","2026-08-17 11:09"
"Trash map (Yellow Belly)","6a14cb11a6370a8d80e86ada","1Kenma","67f1e53d840a2b6316eb1c59","6a832303530b03eaa5f1c3b1","2026-08-17 11:09"
"Kraim","655c88001a146e82ab9593a5","zeroforce","65327e6ff56aaa58bd5f5bb4","6a832280420a46d53ba9c3b9","2026-08-17 11:09"
"JanTheIdiot","5c66d1901554907d648fd7df","MosaTracker","68fa532476317df25e19c823","6a831f0ee66f3c3c107d8be1","2026-08-17 11:09"
"DonkeyGuesses","6912d873ef3380557dd45eec","Cassosclub","65a7c8563d08098ae0def9f9","6a832312420a46d53ba9c641","2026-08-17 11:09"
"oiva","69144f05b078f459481f7a67","boss bandit","63f549d56242089cd8f3b10e","6a832320e66f3c3c107d97d6","2026-08-17 11:10"
"M1lan","67473d086316c898fe734668","Shakazaramesh","5ef2945bbb96627c9ce5f63f","6a83226ee66f3c3c107d9567","2026-08-17 11:10"
"gov 88","6a6ac9aa8843af27060574bd","Mirus","65aae5c13171e89a57703b8d","6a8323e6e66f3c3c107d9a42","2026-08-17 11:10"
"Dunkirk","687665b10b7953df9c8407c3","SANTALIN","68a1d4f00218d5f252838775","6a8323be530b03eaa5f1c5f3","2026-08-17 11:10"
"vinnie","69af2d2e4921fb35244096f4","0.03mm","692fdd96871fb5a05c4dcab0","6a832319420a46d53ba9c656","2026-08-17 11:11"
"Trash map (Yellow Belly)","6a14cb11a6370a8d80e86ada","F12RXY7U9I","6919845c3a6623b10b2fa710","6a83241c420a46d53ba9caae","2026-08-17 11:11"
"SparklingHill339","6a689d01a65ab58b189dd03e","Ian Soriano","6112ee52f8795a0001e35089","6a83237c420a46d53ba9c7e1","2026-08-17 11:11"
"simeon","62dc07edf32847e5836668f1","Blinky","5b51062a4010740f7cd91dd5","6a8322c35a6f2df5b9bedf5f","2026-08-17 11:12"
"adameq","626c3725834eacd247226547","Chuya","66549d4cc725af87c3aa9a34","6a832317e66f3c3c107d97c4","2026-08-17 11:12"
"vinnie","69af2d2e4921fb35244096f4","0.03mm","692fdd96871fb5a05c4dcab0","6a832319420a46d53ba9c656","2026-08-17 11:12"
"hyryi","68ab47dfbb1157adc4dd2dcf","Kenji","5f2fd4348378f500019bdee0","6a8323de420a46d53ba9c9ac","2026-08-17 11:12"
"BadAssGeo","69742cb6dd3c0f9e450df031","Superhorstuwe","67f42dea666326f3169cde54","6a832217420a46d53ba9c1f9","2026-08-17 11:13"
"gov 88","6a6ac9aa8843af27060574bd","Gangstafish2511","5d733d256902e16814636406","6a8324525a6f2df5b9bee4ee","2026-08-17 11:13"
"Synxzy","62b9d279343a6042acb35fe8","üqvume","686ec69c5e236cb88190db7f","6a8323a35a6f2df5b9bee2c7","2026-08-17 11:13"
"路易十六","65337c686711b99177ed189b","Moussa","63f298b8251569d36d50155b","6a83234a5a6f2df5b9bee16c","2026-08-17 11:13"
"Paris, Texas","6999ebd9423ce38404eadfb6","Kva veit eg!?","683cbf80a80aad65f0de3611","6a8323df420a46d53ba9c9ad","2026-08-17 11:13"
"Lennli","5b4899f5b56fe41a1831bba4","Mitteconrad","6056349f72a5a900014128a9","6a832174420a46d53ba9bfce","2026-08-17 11:14"
"vinnie","69af2d2e4921fb35244096f4","Trash map (Yellow Belly)","6a14cb11a6370a8d80e86ada","6a832485e66f3c3c107d9c3a","2026-08-17 11:14"
"YouriAuSki","57b4b134cf35d27324aeb664","Tottenhamwisps","60ad03a48b6e1d00012f8e7e","6a8323ff530b03eaa5f1c6c5","2026-08-17 11:14"
"arpansarangi","64bd0b2d4e5bceaec7837cbf","Frigo Camelo","6831b15be91c310e7f58d599","6a8323765a6f2df5b9bee214","2026-08-17 11:14"
"MosaTracker","68fa532476317df25e19c823","Lodi","5788e5e5c2a0fb1304dba46c","6a83244c420a46d53ba9cb5c","2026-08-17 11:15"
"Superhorstuwe","67f42dea666326f3169cde54","boss bandit","63f549d56242089cd8f3b10e","6a8324e0530b03eaa5f1c8d5","2026-08-17 11:16"
"gov 88","6a6ac9aa8843af27060574bd","Gangstafish2511","5d733d256902e16814636406","6a8324da420a46d53ba9cd6a","2026-08-17 11:16"
"SparklingHill339","6a689d01a65ab58b189dd03e","Unearthly bong rips","609ea8a2f83dbb0001a2029e","6a83246e420a46d53ba9cc07","2026-08-17 11:16"
"Dunkirk","687665b10b7953df9c8407c3","ThiiagooAC7","66a13c3e99166dab91896702","6a832478e66f3c3c107d9c08","2026-08-17 11:16"
"BarryTheBee","62be7867aa13616722f8dd4a","ALFA","5b6f185f7135fa0e48b5528a","6a832424420a46d53ba9cad2","2026-08-17 11:17"
"Shakazaramesh","5ef2945bbb96627c9ce5f63f","M1lan","67473d086316c898fe734668","6a832429e66f3c3c107d9b23","2026-08-17 11:17"
"mii3en","66159d055967919df66cf9c0","K4CP3RSKI777","624aa4216b4b8b1765bb6dad","6a8324eb420a46d53ba9cdac","2026-08-17 11:17"
"gov 88","6a6ac9aa8843af27060574bd","Gangstafish2511","5d733d256902e16814636406","6a832596e66f3c3c107d9f59","2026-08-17 11:17"
"0.03mm","692fdd96871fb5a05c4dcab0","Kenji","5f2fd4348378f500019bdee0","6a8324b3e66f3c3c107d9cb3","2026-08-17 11:17"
"kuba.","68582b5f8e62427811441b60","路易十六","65337c686711b99177ed189b","6a8324f3e66f3c3c107d9d68","2026-08-17 11:17"
"miniura","650ff17b12259a4cd34bd829","KAITOOO","62e8c3ab0065abc49aca361d","6a83239ce66f3c3c107d9942","2026-08-17 11:17"
"Chuya","66549d4cc725af87c3aa9a34","adameq","626c3725834eacd247226547","6a8324b8e66f3c3c107d9cc0","2026-08-17 11:18"
"Domak666","6a3a957b0446680426a7f84b","Anth0s","681e7980b249cbbdf8d64544","6a832546420a46d53ba9cef7","2026-08-17 11:18"
"vinnie","69af2d2e4921fb35244096f4","Tottenhamwisps","60ad03a48b6e1d00012f8e7e","6a832540e66f3c3c107d9e31","2026-08-17 11:18"
"boss bandit","63f549d56242089cd8f3b10e","Delema()()()","65869f62df3f7bea3fa1d675","6a832597333f460fdf6949b2","2026-08-17 11:19"
"TiltedTroxx","64543bd7fb6efa97a2e06d2b","Mitteconrad","6056349f72a5a900014128a9","6a832536420a46d53ba9cea9","2026-08-17 11:19"
"Lodi","5788e5e5c2a0fb1304dba46c","MosaTracker","68fa532476317df25e19c823","6a83256e5b767c72a5ca3ee1","2026-08-17 11:19"
"simeon","62dc07edf32847e5836668f1","Blinky","5b51062a4010740f7cd91dd5","6a8324c2420a46d53ba9cd0a","2026-08-17 11:20"
"Mr. Geo Accuracy","67666c0fae31f29e4b0ec6ad","[TNT] Myron","62d32ffc3377959be9ae670b","6a8324015a6f2df5b9bee419","2026-08-17 11:20"
"xLuma","6832f381b318a99431b6ad28","Synxzy","62b9d279343a6042acb35fe8","6a832557420a46d53ba9cf32","2026-08-17 11:20"
"Ravi Chintalacharuvu","62ccb7f2973590185c12675b","kuba.","68582b5f8e62427811441b60","6a8325cd333f460fdf694a48","2026-08-17 11:20"
"TechimanGuesser","69763f0e293ac365ce659dca","Bellaxo","5c7d0e74f8f7fb7218489b2e","6a832307530b03eaa5f1c3bf","2026-08-17 11:20"
"spherical_cow","62b34fca140a13acdc6567df","Anya_TW","62739f6613352a5af981b531","6a8320b0420a46d53ba9bc92","2026-08-17 11:20"
"szop","5e457e06c2a93b2b70217ecc","Beedubz","60e2f06240bac50001d77707","6a83248ce66f3c3c107d9c4d","2026-08-17 11:20"
"Trash map (Yellow Belly)","6a14cb11a6370a8d80e86ada","路易十六","65337c686711b99177ed189b","6a8325cf420a46d53ba9d0fa","2026-08-17 11:21"
"Domak666","6a3a957b0446680426a7f84b","mii3en","66159d055967919df66cf9c0","6a83264a5a6f2df5b9beeb10","2026-08-17 11:22"
"0.03mm","692fdd96871fb5a05c4dcab0","Kenji","5f2fd4348378f500019bdee0","6a8325d45b3475572409f203","2026-08-17 11:22"
"WheelieBinEnjoyer","6a60cb66561c205d0831e2ad","wódeczka czysta","650dc74619345f2e1cd9af07","6a83268ee66f3c3c107da228","2026-08-17 11:22"
"Delema()()()","65869f62df3f7bea3fa1d675","boss bandit","63f549d56242089cd8f3b10e","6a8326405b767c72a5ca40c2","2026-08-17 11:23"
"gov 88","6a6ac9aa8843af27060574bd","kompas123","5ecec4cfe2b67a3464703198","6a83268f420a46d53ba9d3d7","2026-08-17 11:23"
"Cassius Chaerea","692afa4a3b2a1d12384d418b","Paris, Texas","6999ebd9423ce38404eadfb6","6a83251a333f460fdf694886","2026-08-17 11:23"
"GeoBunny","64b2f9895059c43d9160f5af","kuba.","68582b5f8e62427811441b60","6a832696333f460fdf694c22","2026-08-17 11:23"
"Anth0s","681e7980b249cbbdf8d64544","Geoplonker","63e1d8513621f1ba4a58fb70","6a83261c333f460fdf694afb","2026-08-17 11:24"
"제주돌담","662e7bbc482dcf2828a3fbbc","üqvume","686ec69c5e236cb88190db7f","6a8324ef5a6f2df5b9bee6ce","2026-08-17 11:24"
"[TNT] Myron","62d32ffc3377959be9ae670b","K4CP3RSKI777","624aa4216b4b8b1765bb6dad","6a8326995a6f2df5b9beec01","2026-08-17 11:25"
"Shakazaramesh","5ef2945bbb96627c9ce5f63f","M1lan","67473d086316c898fe734668","6a8325ee420a46d53ba9d180","2026-08-17 11:25"
"mii3en","66159d055967919df66cf9c0","xLuma","6832f381b318a99431b6ad28","6a832708420a46d53ba9d582","2026-08-17 11:25"
"路易十六","65337c686711b99177ed189b","kstyko","5ead136297d6cf24a42b1ef4","6a8326d17d593dcac999e3b2","2026-08-17 11:25"
"Tikon","621cddf10416aa00011b992b","Lennli","5b4899f5b56fe41a1831bba4","6a8325d4420a46d53ba9d10f","2026-08-17 11:26"
"Julian","5a8eb2d498cc2c6744a88ce4","PLAYHRD","5d696003e9473f7c4058f0ae","6a83270c420a46d53ba9d591","2026-08-17 11:26"
"MosaTracker","68fa532476317df25e19c823","vinnie","69af2d2e4921fb35244096f4","6a832660420a46d53ba9d2fe","2026-08-17 11:26"
"hyryi","68ab47dfbb1157adc4dd2dcf","Cassosclub","65a7c8563d08098ae0def9f9","6a8326625b3475572409f328","2026-08-17 11:26"
"WheelieBinEnjoyer","6a60cb66561c205d0831e2ad","JOVV","6a64f7ca4832b4d15ad350eb","6a832719e66f3c3c107da3b9","2026-08-17 11:26"
"adameq","626c3725834eacd247226547","Chuya","66549d4cc725af87c3aa9a34","6a8326375a6f2df5b9beeada","2026-08-17 11:27"
"Mitteconrad","6056349f72a5a900014128a9","Nici","619512ea6e5572000187322c","6a8326a5420a46d53ba9d439","2026-08-17 11:27"
"boulgour","5b4d54f6f1dad60dd82b7c8a","Mr. Bastuaggregat","5ada37ab582de2514cbb19d8","6a8327075a6f2df5b9beed11","2026-08-17 11:27"
"xLuma","6832f381b318a99431b6ad28","GeoBunny","64b2f9895059c43d9160f5af","6a8327a55a6f2df5b9beeed5","2026-08-17 11:27"
"gov 88","6a6ac9aa8843af27060574bd","Kacuch","62522617f60c447d7bbcc524","6a8327bc420a46d53ba9d7cb","2026-08-17 11:27"
"Synxzy","62b9d279343a6042acb35fe8","Ando","6217de15a0f6300001186164","6a8326c05a6f2df5b9beec69","2026-08-17 11:27"
"iambreathtaking","645ce5e06d34b17db7267ceb","GeoChiko","637129eb9d737c55a520a3e3","6a8321eb420a46d53ba9c168","2026-08-17 11:27"
"kuba.","68582b5f8e62427811441b60","Moirs","6776c6fe1f1d1097f1038b83","6a83274a420a46d53ba9d657","2026-08-17 11:27"
"SparklingHill339","6a689d01a65ab58b189dd03e","nemessis","6a68f0776670f9815653f016","6a83264f420a46d53ba9d2cf","2026-08-17 11:28"
"Dimsum","63f619f14068eb7d4bbb134d","[PEA]Arvanna","66a545e50035c093bfe072bd","6a8324015a6f2df5b9bee418","2026-08-17 11:28"
"TechimanGuesser","69763f0e293ac365ce659dca","1Kenma","67f1e53d840a2b6316eb1c59","6a8326945a6f2df5b9beebef","2026-08-17 11:28"
"bruno_","63539f99d762f9640ac69c12","OWNED-BY-JUMPS","6661f0637a64c94aed9d1ecc","6a83277b420a46d53ba9d71c","2026-08-17 11:28"
"simeon","62dc07edf32847e5836668f1","adams","62f0c9a9822a3f816d659d84","6a83272b333f460fdf694d47","2026-08-17 11:29"
"Delema()()()","65869f62df3f7bea3fa1d675","boss bandit","63f549d56242089cd8f3b10e","6a8327355a6f2df5b9beeda4","2026-08-17 11:29"
"Chuya","66549d4cc725af87c3aa9a34","Tikon","621cddf10416aa00011b992b","6a8328165b767c72a5ca448a","2026-08-17 11:29"
"路易十六","65337c686711b99177ed189b","kstyko","5ead136297d6cf24a42b1ef4","6a8327cb333f460fdf694ece","2026-08-17 11:29"
"Clemens363","5f2bb2243ae4f7000134081b","xyz121","69743aff656999ac66c57552","6a8324b5e66f3c3c107d9cb9","2026-08-17 11:29"
"GeoBunny","64b2f9895059c43d9160f5af","kuba.","68582b5f8e62427811441b60","6a8328345a6f2df5b9bef073","2026-08-17 11:29"
"gov 88","6a6ac9aa8843af27060574bd","Omarr","5ed91d2586ce7547d0473403","6a8328b0420a46d53ba9dad9","2026-08-17 11:30"
"Trash map (Yellow Belly)","6a14cb11a6370a8d80e86ada","francishow","6048173c50a8500001ba84d8","6a8327315a6f2df5b9beed9e","2026-08-17 11:30"
"BenNY_the_27","6064fc3f12c7b700012d0167","Orlera","5f27dbc958a30e00019fda05","6a8326195a6f2df5b9beea84","2026-08-17 11:30"
"kuba.","68582b5f8e62427811441b60","WhyLavzBossF1dgetHuesos2004.","69020a9dd65f395771ade781","6a8328e35a6f2df5b9bef25c","2026-08-17 11:31"
"Julian","5a8eb2d498cc2c6744a88ce4","adameq","626c3725834eacd247226547","6a832837420a46d53ba9d95a","2026-08-17 11:32"
"mii3en","66159d055967919df66cf9c0","kstyko","5ead136297d6cf24a42b1ef4","6a8328b4420a46d53ba9daf2","2026-08-17 11:32"
"路易十六","65337c686711b99177ed189b","kuba.","68582b5f8e62427811441b60","6a8328bd420a46d53ba9db15","2026-08-17 11:32"
"TechimanGuesser","69763f0e293ac365ce659dca","[PEA]Arvanna","66a545e50035c093bfe072bd","6a83288d333f460fdf695070","2026-08-17 11:32"
"GeoBunny","64b2f9895059c43d9160f5af","bruno_","63539f99d762f9640ac69c12","6a8328b2530b03eaa5f1d168","2026-08-17 11:32"
"数字信号处理","62a559ad291a85ec390d343e","Flubbersticks","69387a54dc6fdd9da05c91cd","6a8328a6420a46d53ba9dabc","2026-08-17 11:32"
"Dimsum","63f619f14068eb7d4bbb134d","GeoChiko","637129eb9d737c55a520a3e3","6a832885e66f3c3c107da76a","2026-08-17 11:33"
"SparklingHill339","6a689d01a65ab58b189dd03e","Schotti","641391de49345c869ff7514c","6a8328b45a6f2df5b9bef1d4","2026-08-17 11:33"
"Ando","6217de15a0f6300001186164","vinnie","69af2d2e4921fb35244096f4","6a8328125a6f2df5b9beeffe","2026-08-17 11:33"
"Geoplonker","63e1d8513621f1ba4a58fb70","arpansarangi","64bd0b2d4e5bceaec7837cbf","6a8327a9420a46d53ba9d793","2026-08-17 11:33"
"Brzoza","60ababeffb1efa0001302754","TiltedTroxx","64543bd7fb6efa97a2e06d2b","6a83291a5a6f2df5b9bef326","2026-08-17 11:34"
"K4CP3RSKI777","624aa4216b4b8b1765bb6dad","[TNT] Myron","62d32ffc3377959be9ae670b","6a8327d3e66f3c3c107da5a1","2026-08-17 11:34"
"xLuma","6832f381b318a99431b6ad28","Cassius Chaerea","692afa4a3b2a1d12384d418b","6a83283d5a6f2df5b9bef091","2026-08-17 11:34"
"nemessis","6a68f0776670f9815653f016","Colaweizen","6a6f75ab90454c6cc378489a","6a8328815a6f2df5b9bef13f","2026-08-17 11:34"
"MosaTracker","68fa532476317df25e19c823","M1lan","67473d086316c898fe734668","6a83280a5a6f2df5b9beefe6","2026-08-17 11:34"
"제주돌담","662e7bbc482dcf2828a3fbbc","üqvume","686ec69c5e236cb88190db7f","6a832778420a46d53ba9d70f","2026-08-17 11:34"
"bruno_","63539f99d762f9640ac69c12","kuba.","68582b5f8e62427811441b60","6a83296e420a46d53ba9dd8c","2026-08-17 11:34"
"gov 88","6a6ac9aa8843af27060574bd","kompas123","5ecec4cfe2b67a3464703198","6a83290ce66f3c3c107da8f7","2026-08-17 11:35"
"路易十六","65337c686711b99177ed189b","Trash map (Yellow Belly)","6a14cb11a6370a8d80e86ada","6a83294ae66f3c3c107da984","2026-08-17 11:35"
"SparklingHill339","6a689d01a65ab58b189dd03e","PatrikVšeználek","6a298c99c9431c8d1956bee6","6a832999420a46d53ba9de3f","2026-08-17 11:35"
"GeoBunny","64b2f9895059c43d9160f5af","kuba.","68582b5f8e62427811441b60","6a83296a420a46d53ba9dd7d","2026-08-17 11:35"
"ALFA","5b6f185f7135fa0e48b5528a","BarryTheBee","62be7867aa13616722f8dd4a","6a83261c5a6f2df5b9beea89","2026-08-17 11:36"
"PLAYHRD","5d696003e9473f7c4058f0ae","Nici","619512ea6e5572000187322c","6a8328345a6f2df5b9bef06f","2026-08-17 11:36"
"vinnie","69af2d2e4921fb35244096f4","GeoMax","610ade6208061c000158624f","6a832991530b03eaa5f1d370","2026-08-17 11:36"
"Ando","6217de15a0f6300001186164","1Kenma","67f1e53d840a2b6316eb1c59","6a8329b9e66f3c3c107daacd","2026-08-17 11:36"
"francishow","6048173c50a8500001ba84d8","Shakazaramesh","5ef2945bbb96627c9ce5f63f","6a8328f9530b03eaa5f1d221","2026-08-17 11:36"
"boulgour","5b4d54f6f1dad60dd82b7c8a","Mitteconrad","6056349f72a5a900014128a9","6a832854e66f3c3c107da70d","2026-08-17 11:37"
"[TNT] Myron","62d32ffc3377959be9ae670b","Olli22","5e7a9c753d4b6a56201ffda8","6a8329c3e66f3c3c107daafa","2026-08-17 11:37"
"SparklingHill339","6a689d01a65ab58b189dd03e","dymam","6a5aaa4cd76f35e6fa2eef21","6a832a385a6f2df5b9bef699","2026-08-17 11:37"
"Cassius Chaerea","692afa4a3b2a1d12384d418b","GeoIzoard","5ef6bc82308c19725c7ddb1e","6a8329bce66f3c3c107daae1","2026-08-17 11:37"
"Surgut sand","5ec369eae7115241a4e75beb","kuba.","68582b5f8e62427811441b60","6a8329845a6f2df5b9bef460","2026-08-17 11:37"
"Flubbersticks","69387a54dc6fdd9da05c91cd","数字信号处理","62a559ad291a85ec390d343e","6a8329755a6f2df5b9bef42a","2026-08-17 11:37"
"boss bandit","63f549d56242089cd8f3b10e","Brzoza","60ababeffb1efa0001302754","6a8329f3333f460fdf69536b","2026-08-17 11:38"
"PLAYHRD","5d696003e9473f7c4058f0ae","路易十六","65337c686711b99177ed189b","6a832a33420a46d53ba9e07b","2026-08-17 11:38"
"MosaTracker","68fa532476317df25e19c823","M1lan","67473d086316c898fe734668","6a8329ce5b3475572409f984","2026-08-17 11:38"
"GeoBunny","64b2f9895059c43d9160f5af","kuba.","68582b5f8e62427811441b60","6a832a255a6f2df5b9bef671","2026-08-17 11:38"
"fatslump","603e28ef0297940001b93db1","kuba.","68582b5f8e62427811441b60","6a8329fd420a46d53ba9dfbc","2026-08-17 11:38"
"Moo","603b1b0d5cdb1b0001bbf19e","Blinky","5b51062a4010740f7cd91dd5","6a832710420a46d53ba9d59e","2026-08-17 11:39"
"Tikon","621cddf10416aa00011b992b","Chuya","66549d4cc725af87c3aa9a34","6a8328ac5a6f2df5b9bef1c2","2026-08-17 11:39"
"TechimanGuesser","69763f0e293ac365ce659dca","Alemão(Retired 4Ever)","670f839c4f58c8c7b975c4fe","6a832986420a46d53ba9ddea","2026-08-17 11:39"
"Synxzy","62b9d279343a6042acb35fe8","Slam4","60927f97129054000189c279","6a8328745a6f2df5b9bef11f","2026-08-17 11:40"
"Domak666","6a3a957b0446680426a7f84b","落汤鸡","675ee56fd2220e44dea68a81","6a832b175b767c72a5ca4a99","2026-08-17 11:41"
"NoruJumping","5c5817f33d925bc96cd177e7","menthol.mike","5d78b0cc1d19ab6f7052d8b9","6a832a26530b03eaa5f1d4ce","2026-08-17 11:41"
"Cassius Chaerea","692afa4a3b2a1d12384d418b","GeoIzoard","5ef6bc82308c19725c7ddb1e","6a832a94420a46d53ba9e1bf","2026-08-17 11:41"
"数字信号处理","62a559ad291a85ec390d343e","Flubbersticks","69387a54dc6fdd9da05c91cd","6a832afc5a6f2df5b9bef8ac","2026-08-17 11:41"
"[TNT] Myron","62d32ffc3377959be9ae670b","Palmitas","69b33a815634cc416b9c7877","6a832a9c420a46d53ba9e1e2","2026-08-17 11:42"
"Mitteconrad","6056349f72a5a900014128a9","Shakazaramesh","5ef2945bbb96627c9ce5f63f","6a832a82420a46d53ba9e177","2026-08-17 11:42"
"K4CP3RSKI777","624aa4216b4b8b1765bb6dad","inferno","678d41c562226bf506f8bc73","6a832abae66f3c3c107dad97","2026-08-17 11:42"
"Olekron","603a9f77af90ab00018b34a9","Nici","619512ea6e5572000187322c","6a832a3e420a46d53ba9e09d","2026-08-17 11:42"
"Tikon","621cddf10416aa00011b992b","Chuya","66549d4cc725af87c3aa9a34","6a832b09530b03eaa5f1d6a6","2026-08-17 11:43"
"gov 88","6a6ac9aa8843af27060574bd","𝐈𝐒𝐌𝐀","66c3a20cb95ba4b490ecad04","6a832b68420a46d53ba9e4bc","2026-08-17 11:43"
"路易十六","65337c686711b99177ed189b","kstyko","5ead136297d6cf24a42b1ef4","6a832ad05a6f2df5b9bef82f","2026-08-17 11:43"
"GeoReda","6439632a8062b2c1de67acab","snowmane","655981d6a91945473194c5c6","6a832b5c7756a84070d9db67","2026-08-17 11:43"
"Brzoza","60ababeffb1efa0001302754","boss bandit","63f549d56242089cd8f3b10e","6a832ab0e66f3c3c107dad82","2026-08-17 11:44"
"TiltedTroxx","64543bd7fb6efa97a2e06d2b","adameq","626c3725834eacd247226547","6a8329e6e66f3c3c107dab71","2026-08-17 11:44"
"Zetie","5e9215c1b3ec17480c01df1e","üqvume","686ec69c5e236cb88190db7f","6a832b4a5a6f2df5b9bef996","2026-08-17 11:45"
"jtlbqiehaa@zwjxy.cn","6a5b0c4560073c8fca46c965","GeoCostanza","62f31e58c50c76cddba7fbbb","6a832b415a6f2df5b9bef970","2026-08-17 11:45"
"Flubbersticks","69387a54dc6fdd9da05c91cd","数字信号处理","62a559ad291a85ec390d343e","6a832b72420a46d53ba9e4dc","2026-08-17 11:45"
"Surgut sand","5ec369eae7115241a4e75beb","Max","5f847db332173400011b50bb","6a832b79420a46d53ba9e522","2026-08-17 11:45"
"Blinky","5b51062a4010740f7cd91dd5","Moo","603b1b0d5cdb1b0001bbf19e","6a832b28420a46d53ba9e3c3","2026-08-17 11:46"
"Domak666","6a3a957b0446680426a7f84b","mii3en","66159d055967919df66cf9c0","6a832baa5a6f2df5b9befa94","2026-08-17 11:46"
"gov 88","6a6ac9aa8843af27060574bd","FrankyPL","5e7f38113d4b6a6948b0a47d","6a832bf0420a46d53ba9e6f5","2026-08-17 11:46"
"M1lan","67473d086316c898fe734668","fatslump","603e28ef0297940001b93db1","6a832b01420a46d53ba9e342","2026-08-17 11:46"
"achmedsender","5a1606e2f370149bf01ab594","1312jürgen","63d6c8bdc90853f06c50eeb7","6a832b1ee66f3c3c107daea0","2026-08-17 11:46"
"Bananaman","60c0e33a33004c000103bba5","Brzoza","60ababeffb1efa0001302754","6a832c17420a46d53ba9e777","2026-08-17 11:47"
"GeoReda","6439632a8062b2c1de67acab","flaky htf","60ae985660d1f000019f0ef1","6a832be0420a46d53ba9e6bc","2026-08-17 11:47"
"BarryTheBee","62be7867aa13616722f8dd4a","adams","62f0c9a9822a3f816d659d84","6a832aaf5a6f2df5b9bef7dd","2026-08-17 11:48"
"nemessis","6a68f0776670f9815653f016","Dudu","64ed32865f2bccc9d751dad0","6a832a535a6f2df5b9bef6d2","2026-08-17 11:48"
"gov 88","6a6ac9aa8843af27060574bd","FrankyPL","5e7f38113d4b6a6948b0a47d","6a832c9f420a46d53ba9e9b7","2026-08-17 11:48"
"Slam4","60927f97129054000189c279","TechimanGuesser","69763f0e293ac365ce659dca","6a832b665a6f2df5b9bef9f7","2026-08-17 11:48"
"adameq","626c3725834eacd247226547","Chuya","66549d4cc725af87c3aa9a34","6a832c145a6f2df5b9befbe5","2026-08-17 11:49"
"落汤鸡","675ee56fd2220e44dea68a81","Shakazaramesh","5ef2945bbb96627c9ce5f63f","6a832bbc420a46d53ba9e61c","2026-08-17 11:49"
"bruno_","63539f99d762f9640ac69c12","Boldd","5ebfd849de3c4c5aec1cdbbc","6a832a0f5a6f2df5b9bef64b","2026-08-17 11:49"
"Flubbersticks","69387a54dc6fdd9da05c91cd","数字信号处理","62a559ad291a85ec390d343e","6a832c5f420a46d53ba9e8df","2026-08-17 11:49"
"Moo","603b1b0d5cdb1b0001bbf19e","Jamabi","5e5fcc1326bbda5284e824cf","6a832cbae66f3c3c107db2c6","2026-08-17 11:50"
"boss bandit","63f549d56242089cd8f3b10e","Dan YAile","60ef0697612a5400012c89a3","6a832c43420a46d53ba9e860","2026-08-17 11:50"
"Mr. Bastuaggregat","5ada37ab582de2514cbb19d8","Dimsum","63f619f14068eb7d4bbb134d","6a8329a15a6f2df5b9bef4d0","2026-08-17 11:50"
"NoruJumping","5c5817f33d925bc96cd177e7","PML","615b4d8920ea1200012de9bf","6a832ba6420a46d53ba9e5c5","2026-08-17 11:50"
"jtlbqiehaa@zwjxy.cn","6a5b0c4560073c8fca46c965","Owen","68ffadfbf9290e6cbe65d749","6a832c6e5a6f2df5b9befd08","2026-08-17 11:50"
"BarryTheBee","62be7867aa13616722f8dd4a","Delema()()()","65869f62df3f7bea3fa1d675","6a832d635a6f2df5b9beffaf","2026-08-17 11:51"
"Nici","619512ea6e5572000187322c","Ritchie","5ff84d182c4df40001592f85","6a832beb420a46d53ba9e6ec","2026-08-17 11:51"
"YRP","65361a91884b107b4fd0cef8","adams","62f0c9a9822a3f816d659d84","6a832d03e66f3c3c107db381","2026-08-17 11:52"
"DonkeyGuesses","6912d873ef3380557dd45eec","Aljosc","6285deec505b0a7a76ccca1d","6a832c70e66f3c3c107db22b","2026-08-17 11:52"
"boss bandit","63f549d56242089cd8f3b10e","Dan YAile","60ef0697612a5400012c89a3","6a832dc4420a46d53ba9edef","2026-08-17 11:53"
"gov 88","6a6ac9aa8843af27060574bd","Brent1104","68220912770f9d8dfc6669c5","6a832dae420a46d53ba9ed9f","2026-08-17 11:53"
"M A D A R A","680ebd4ab8187db80148ff47","M1lan","67473d086316c898fe734668","6a832c9d420a46d53ba9e9ae","2026-08-17 11:53"
"inferno","678d41c562226bf506f8bc73","路易十六","65337c686711b99177ed189b","6a832c42420a46d53ba9e859","2026-08-17 11:54"
"TechimanGuesser","69763f0e293ac365ce659dca","Derzal","5f96feae45cc8c00017ca853","6a832d2e530b03eaa5f1db4a","2026-08-17 11:54"
"GeoReda","6439632a8062b2c1de67acab","francishow","6048173c50a8500001ba84d8","6a832cc7420a46d53ba9ea69","2026-08-17 11:54"
"adams","62f0c9a9822a3f816d659d84","BarryTheBee","62be7867aa13616722f8dd4a","6a832df9420a46d53ba9eedb","2026-08-17 11:55"
"Bananaman","60c0e33a33004c000103bba5","Brzoza","60ababeffb1efa0001302754","6a832cc7333f460fdf6958b6","2026-08-17 11:55"
"SparklingHill339","6a689d01a65ab58b189dd03e","Colaweizen","6a6f75ab90454c6cc378489a","6a832dd2420a46d53ba9ee1e","2026-08-17 11:55"
"数字信号处理","62a559ad291a85ec390d343e","Flubbersticks","69387a54dc6fdd9da05c91cd","6a832d64e66f3c3c107db476","2026-08-17 11:55"
"[PEA]Arvanna","66a545e50035c093bfe072bd","Cynox","5a7c41e2a1835d1c3cc540da","6a832d145a6f2df5b9befefd","2026-08-17 11:55"
"Palmitas","69b33a815634cc416b9c7877","Mitteconrad","6056349f72a5a900014128a9","6a832c63e66f3c3c107db1ff","2026-08-17 11:56"
"adameq","626c3725834eacd247226547","Shakazaramesh","5ef2945bbb96627c9ce5f63f","6a832d7c420a46d53ba9ecd6","2026-08-17 11:56"
"Ritchie","5ff84d182c4df40001592f85","jtlbqiehaa@zwjxy.cn","6a5b0c4560073c8fca46c965","6a832dd6530b03eaa5f1dca0","2026-08-17 11:56"
"francishow","6048173c50a8500001ba84d8","路易十六","65337c686711b99177ed189b","6a832e74333f460fdf695bf9","2026-08-17 11:56"
"H1r0xz","6a419df53f40063ed65a1d24","MaxJoker84","658c1a04945350bcd1f47aca","6a832eb5530b03eaa5f1de55","2026-08-17 11:57"
"SparklingHill339","6a689d01a65ab58b189dd03e","WillJeSuis","58c444542f6fc6d5584cc640","6a832eb3530b03eaa5f1de50","2026-08-17 11:57"
"DonkeyGuesses","6912d873ef3380557dd45eec","Alex McGuessr lad","60d325cb2c18cc000197ec39","6a832e3de66f3c3c107db699","2026-08-17 11:57"
"Mr. Geo Accuracy","67666c0fae31f29e4b0ec6ad","Mitteconrad","6056349f72a5a900014128a9","6a832ef8ed20570f07074da4","2026-08-17 11:58"
"数字信号处理","62a559ad291a85ec390d343e","Flubbersticks","69387a54dc6fdd9da05c91cd","6a832eb8420a46d53ba9f176","2026-08-17 11:58"
"boss bandit","63f549d56242089cd8f3b10e","Delema()()()","65869f62df3f7bea3fa1d675","6a832e5ce66f3c3c107db6c9","2026-08-17 11:59"
"=^._.^=𝒽𝒾𝓃𝒶♪♡.𝑘𝑔^~^","69ec816eed737868fa3d8cff","Derzal","5f96feae45cc8c00017ca853","6a832e7e30328236e0cf5ef5","2026-08-17 11:59"
"GeoChiko","637129eb9d737c55a520a3e3","Fructidor","69d9a0dd291d3a2e5184c64e","6a8329ba420a46d53ba9dec7","2026-08-17 11:59"
"PML","615b4d8920ea1200012de9bf","NoruJumping","5c5817f33d925bc96cd177e7","6a832d7ded20570f07074aac","2026-08-17 11:59"
"TiltedTroxx","64543bd7fb6efa97a2e06d2b","Chuya","66549d4cc725af87c3aa9a34","6a832d3a420a46d53ba9ec09","2026-08-17 12:00"
"Blinky","5b51062a4010740f7cd91dd5","plotter","674c4756fb60b9f111e6e0b4","6a832cc2420a46d53ba9ea4b","2026-08-17 12:02"
"Brzoza","60ababeffb1efa0001302754","Mitteconrad","6056349f72a5a900014128a9","6a832f0fe66f3c3c107db8b1","2026-08-17 12:02"
"adameq","626c3725834eacd247226547","Palmitas","69b33a815634cc416b9c7877","6a832f515a6f2df5b9bf0537","2026-08-17 12:02"
"Pandazan","632e19f3f0149e276027d38e","yac&cheese","645b0c20107fe29c924fb124","6a832f805a6f2df5b9bf05a9","2026-08-17 12:02"
"lol pop","622f101c589b350001a7ea5f","TechimanGuesser","69763f0e293ac365ce659dca","6a832e8a420a46d53ba9f0e6","2026-08-17 12:02"
"M1lan","67473d086316c898fe734668","Nici","619512ea6e5572000187322c","6a832e36e66f3c3c107db688","2026-08-17 12:02"
"[PEA]Arvanna","66a545e50035c093bfe072bd","jtlbqiehaa@zwjxy.cn","6a5b0c4560073c8fca46c965","6a832eece66f3c3c107db854","2026-08-17 12:02"
"adams","62f0c9a9822a3f816d659d84","BarryTheBee","62be7867aa13616722f8dd4a","6a832eb5420a46d53ba9f165","2026-08-17 12:03"
"Rasender","5d36bec124ec173888d3a33a","Dan YAile","60ef0697612a5400012c89a3","6a832e82e66f3c3c107db71f","2026-08-17 12:03"
"nemessis","6a68f0776670f9815653f016","danigalianaa","610bd72bf4c8220001e7d135","6a832f2de66f3c3c107db90b","2026-08-17 12:03"
"SparklingHill339","6a689d01a65ab58b189dd03e","F1OWERRRRR","6a284671f17399dff47feb19","6a832f457756a84070d9e37e","2026-08-17 12:03"
"PML","615b4d8920ea1200012de9bf","üqvume","686ec69c5e236cb88190db7f","6a832fb65a6f2df5b9bf0642","2026-08-17 12:03"
"MaxJoker84","658c1a04945350bcd1f47aca","Gonzalo Bermudez","6508e2cf2d081020ac9fc843","6a832f7c420a46d53ba9f4d1","2026-08-17 12:03"
"Ritchie","5ff84d182c4df40001592f85","Bellaxo","5c7d0e74f8f7fb7218489b2e","6a832fcde66f3c3c107dbada","2026-08-17 12:04"
"OakTree","617eb25d4e0e40000158968f","Flubbersticks","69387a54dc6fdd9da05c91cd","6a832f90420a46d53ba9f51b","2026-08-17 12:04"
"Schwarzweiss","5cfadc71b741f84acc8b23df","Steffko","614c94dc6af59f00016df6f4","6a832f585a6f2df5b9bf0548","2026-08-17 12:04"
"Mr. Geo Accuracy","67666c0fae31f29e4b0ec6ad","boss bandit","63f549d56242089cd8f3b10e","6a832f9c420a46d53ba9f53b","2026-08-17 12:05"
"Fructidor","69d9a0dd291d3a2e5184c64e","Schlork","5b79a04e1ee010718865158c","6a832fea5a6f2df5b9bf06d8","2026-08-17 12:05"
"nemessis","6a68f0776670f9815653f016","Fannyka","60a26173a2db8d000140b2df","6a8330b4530b03eaa5f1e363","2026-08-17 12:05"
"All","6332fd517356ad2cfcc440d9","Furz_Bube","6239ed5ebe6d98222f073b0b","6a832d55420a46d53ba9ec57","2026-08-17 12:05"
"Shakazaramesh","5ef2945bbb96627c9ce5f63f","DonkeyGuesses","6912d873ef3380557dd45eec","6a832f29e66f3c3c107db906","2026-08-17 12:06"
"M1lan","67473d086316c898fe734668","Lodi","5788e5e5c2a0fb1304dba46c","6a83306fe66f3c3c107dbd54","2026-08-17 12:06"
"NoruJumping","5c5817f33d925bc96cd177e7","=^._.^=𝒽𝒾𝓃𝒶♪♡.𝑘𝑔^~^","69ec816eed737868fa3d8cff","6a832fe0e66f3c3c107dbb02","2026-08-17 12:06"
"SparklingHill339","6a689d01a65ab58b189dd03e","PacchMann","6623ef7343114af60cd33c33","6a8330a85a6f2df5b9bf098a","2026-08-17 12:06"
"yac&cheese","645b0c20107fe29c924fb124","kouuli","61484b52add2db00018fe1ec","6a83306e5a6f2df5b9bf08c8","2026-08-17 12:06"
"Anya_TW","62739f6613352a5af981b531","Boldd","5ebfd849de3c4c5aec1cdbbc","6a832d70420a46d53ba9ecae","2026-08-17 12:06"
"Brzoza","60ababeffb1efa0001302754","Bananaman","60c0e33a33004c000103bba5","6a833077e66f3c3c107dbd65","2026-08-17 12:07"
"jtlbqiehaa@zwjxy.cn","6a5b0c4560073c8fca46c965","TechimanGuesser","69763f0e293ac365ce659dca","6a83307c420a46d53ba9f90b","2026-08-17 12:07"
"Blinky","5b51062a4010740f7cd91dd5","BarryTheBee","62be7867aa13616722f8dd4a","6a8330915a6f2df5b9bf0941","2026-08-17 12:08"
"TiltedTroxx","64543bd7fb6efa97a2e06d2b","Chuya","66549d4cc725af87c3aa9a34","6a832fea5a6f2df5b9bf06d7","2026-08-17 12:08"
"Olli22","5e7a9c753d4b6a56201ffda8","落汤鸡","675ee56fd2220e44dea68a81","6a832d96420a46d53ba9ed38","2026-08-17 12:08"
"Nici","619512ea6e5572000187322c","celownikwodny","664a46ec660949cf6274a231","6a83310f420a46d53ba9fb13","2026-08-17 12:08"
"Jerzy Kirkowski","5ecbdec18d6ade72cc832c5a","üqvume","686ec69c5e236cb88190db7f","6a8330ba5a6f2df5b9bf09ae","2026-08-17 12:08"
"[PEA]Arvanna","66a545e50035c093bfe072bd","francishow","6048173c50a8500001ba84d8","6a83308e420a46d53ba9f940","2026-08-17 12:09"
"Dan YAile","60ef0697612a5400012c89a3","hoppyface","5d6e4022b4ec1709f0729979","6a8330ae420a46d53ba9f9c8","2026-08-17 12:10"
"lol pop","622f101c589b350001a7ea5f","Derzal","5f96feae45cc8c00017ca853","6a8330ca420a46d53ba9fa25","2026-08-17 12:10"
"Michal Kučinka","5e823590b3ec177f0c7cf5bd","menthol.mike","5d78b0cc1d19ab6f7052d8b9","6a83319a5a6f2df5b9bf0c51","2026-08-17 12:10"
"Kilkum","61b228be008ec800015ff0a9","achmedsender","5a1606e2f370149bf01ab594","6a832eb9e66f3c3c107db792","2026-08-17 12:11"
"Schwarzweiss","5cfadc71b741f84acc8b23df","Sosta///","5e1b11a037a93b220477f7d9","6a833110e66f3c3c107dbf18","2026-08-17 12:12"
"kqyyy","6888a322b2328f914ebd912f","Veet","61f24e39e6b49c0001e98918","6a83304fe66f3c3c107dbcf5","2026-08-17 12:12"
"Geoplonker","63e1d8513621f1ba4a58fb70","üqvume","686ec69c5e236cb88190db7f","6a8331b45a6f2df5b9bf0c93","2026-08-17 12:12"
"jtlbqiehaa@zwjxy.cn","6a5b0c4560073c8fca46c965","TechimanGuesser","69763f0e293ac365ce659dca","6a8331945a6f2df5b9bf0c47","2026-08-17 12:12"
"Brzoza","60ababeffb1efa0001302754","Bananaman","60c0e33a33004c000103bba5","6a8331aa5a6f2df5b9bf0c70","2026-08-17 12:13"
"=^._.^=𝒽𝒾𝓃𝒶♪♡.𝑘𝑔^~^","69ec816eed737868fa3d8cff","NoruJumping","5c5817f33d925bc96cd177e7","6a8331805b347557240a09d2","2026-08-17 12:13"
"Erika","6835b7af656c2c951937f92e","Van","687aeaddef25d21e16f95266","6a83321c420a46d53ba9ff14","2026-08-17 12:13"
"Palmitas","69b33a815634cc416b9c7877","Delema()()()","65869f62df3f7bea3fa1d675","6a8331f8420a46d53ba9fe8b","2026-08-17 12:14"
"Shakazaramesh","5ef2945bbb96627c9ce5f63f","M1lan","67473d086316c898fe734668","6a83313e5a6f2df5b9bf0b4e","2026-08-17 12:14"
"francishow","6048173c50a8500001ba84d8","vinnie","69af2d2e4921fb35244096f4","6a8332065a6f2df5b9bf0d9a","2026-08-17 12:14"
"OakTree","617eb25d4e0e40000158968f","Flubbersticks","69387a54dc6fdd9da05c91cd","6a833200e66f3c3c107dc1bf","2026-08-17 12:14"
"PML","615b4d8920ea1200012de9bf","YALACHAMOOO","667429ad496e380f55a53a5e","6a83324d420a46d53ba9ffce","2026-08-17 12:14"
"Derzal","5f96feae45cc8c00017ca853","Timkon","681f023ce86ca49d1982d464","6a83325a5a6f2df5b9bf0ea7","2026-08-17 12:15"
"Delema()()()","65869f62df3f7bea3fa1d675","hoppyface","5d6e4022b4ec1709f0729979","6a83335c530b03eaa5f1ea43","2026-08-17 12:16"
"TiltedTroxx","64543bd7fb6efa97a2e06d2b","Kingi","60710278c5c3340001822cbe","6a833216420a46d53ba9fef8","2026-08-17 12:16"
"Filipp","63bf085d2a26bb57d315f246","Fxrzs","676edd67b060daec5f128233","6a833276420a46d53baa006e","2026-08-17 12:16"
"Chuya","66549d4cc725af87c3aa9a34","caribou","65b67a412c40703eebe95de7","6a83325d5a6f2df5b9bf0eaf","2026-08-17 12:17"
"TechimanGuesser","69763f0e293ac365ce659dca","Lodi","5788e5e5c2a0fb1304dba46c","6a8332c6e66f3c3c107dc403","2026-08-17 12:17"
"Bananaman","60c0e33a33004c000103bba5","Brzoza","60ababeffb1efa0001302754","6a8332f4420a46d53baa028e","2026-08-17 12:18"
"Schwarzweiss","5cfadc71b741f84acc8b23df","Alex McGuessr lad","60d325cb2c18cc000197ec39","6a83333d5a6f2df5b9bf11b6","2026-08-17 12:18"
"Wish i could try again","69d154ba0a3f30cbd4825d7a","Richie Fidschi","61ca425d9b0ef000015001bd","6a83334a420a46d53baa03f2","2026-08-17 12:18"
"Blinky","5b51062a4010740f7cd91dd5","BarryTheBee","62be7867aa13616722f8dd4a","6a833203e66f3c3c107dc1c3","2026-08-17 12:19"
"hoppyface","5d6e4022b4ec1709f0729979","Delema()()()","65869f62df3f7bea3fa1d675","6a8333c7420a46d53baa05e9","2026-08-17 12:19"
"NoruJumping","5c5817f33d925bc96cd177e7","Nici","619512ea6e5572000187322c","6a8332ed420a46d53baa0271","2026-08-17 12:19"
"Jerzy Kirkowski","5ecbdec18d6ade72cc832c5a","[PEA]Arvanna","66a545e50035c093bfe072bd","6a83322de66f3c3c107dc249","2026-08-17 12:19"
"kent","5fa7ab03b45c670001342904","Palmitas","69b33a815634cc416b9c7877","6a833332420a46d53baa0390","2026-08-17 12:20"
"Fxrzs","676edd67b060daec5f128233","Filipp","63bf085d2a26bb57d315f246","6a8333d75a6f2df5b9bf138f","2026-08-17 12:21"
"Veet","61f24e39e6b49c0001e98918","jtlbqiehaa@zwjxy.cn","6a5b0c4560073c8fca46c965","6a8332cf530b03eaa5f1e891","2026-08-17 12:21"
"Varuṇa Himālko","69e925eb80387ae5d678bafa","M1lan","67473d086316c898fe734668","6a833351e66f3c3c107dc5a9","2026-08-17 12:21"
"Bananaman","60c0e33a33004c000103bba5","Delema()()()","65869f62df3f7bea3fa1d675","6a833449420a46d53baa082d","2026-08-17 12:22"
"Rasender","5d36bec124ec173888d3a33a","Brzoza","60ababeffb1efa0001302754","6a83341a5a6f2df5b9bf1474","2026-08-17 12:22"
"Magnus","5e694a8c3730753668546f0b","Mitteconrad","6056349f72a5a900014128a9","6a833100420a46d53ba9fae1","2026-08-17 12:22"
"Der Teufel","6165b05d1a1017000125798b","Lodi","5788e5e5c2a0fb1304dba46c","6a8334175a6f2df5b9bf146a","2026-08-17 12:22"
"Jonas","661ad4c4073f663c21b57fe6","Fxrzs","676edd67b060daec5f128233","6a8334dfe66f3c3c107dca36","2026-08-17 12:23"
"PML","615b4d8920ea1200012de9bf","Derzal","5f96feae45cc8c00017ca853","6a83335b420a46d53baa0439","2026-08-17 12:23"
"WashedGoat?!","6a4e9ed6170dae471fef5a16","Yoav","622b4af389ec7b0001ca8e41","6a8334ae420a46d53baa09e7","2026-08-17 12:23"
"Alee 🏍","605b8e2563c4b80001a89321","TechimanGuesser","69763f0e293ac365ce659dca","6a8333e25a6f2df5b9bf13ba","2026-08-17 12:23"
"Wish i could try again","69d154ba0a3f30cbd4825d7a","Alex McGuessr lad","60d325cb2c18cc000197ec39","6a833424e66f3c3c107dc840","2026-08-17 12:23"
"iNS4NE","596fcdabcf818c83482add39","Palmitas","69b33a815634cc416b9c7877","6a833508420a46d53baa0b58","2026-08-17 12:24"
"caribou","65b67a412c40703eebe95de7","JulLaStar","6877b24fc8272415e0c98d7a","6a83341f420a46d53baa0777","2026-08-17 12:24"
"柴田理恵＆久本雅美 shared Account","6377c7561c02362bcac9a924","Shakazaramesh","5ef2945bbb96627c9ce5f63f","6a83339ee66f3c3c107dc69d","2026-08-17 12:24"
"Jonas","661ad4c4073f663c21b57fe6","Fxrzs","676edd67b060daec5f128233","6a833549420a46d53baa0c5e","2026-08-17 12:26"
"Tudelzzz","6549fc9cf755320e28e30de7","SanderFMC","62ce8106f827cbfd72056f46","6a832fc9420a46d53ba9f5f8","2026-08-17 12:26"
"[PEA]Arvanna","66a545e50035c093bfe072bd","Jerzy Kirkowski","5ecbdec18d6ade72cc832c5a","6a83344e420a46d53baa0845","2026-08-17 12:26"
"YRP","65361a91884b107b4fd0cef8","BarryTheBee","62be7867aa13616722f8dd4a","6a833457420a46d53baa086d","2026-08-17 12:27"
"Palmitas","69b33a815634cc416b9c7877","caribou","65b67a412c40703eebe95de7","6a833580420a46d53baa0d55","2026-08-17 12:27"
"Filipp","63bf085d2a26bb57d315f246","Brzoza","60ababeffb1efa0001302754","6a83351d530b03eaa5f1eea5","2026-08-17 12:27"
"Kingi","60710278c5c3340001822cbe","TiltedTroxx","64543bd7fb6efa97a2e06d2b","6a8333ce333f460fdf696965","2026-08-17 12:27"
"Michal Kučinka","5e823590b3ec177f0c7cf5bd","val1d","63875de4e55ec4234b26d1fb","6a8335ab5a6f2df5b9bf1947","2026-08-17 12:27"
"Bananaman","60c0e33a33004c000103bba5","Delema()()()","65869f62df3f7bea3fa1d675","6a833538e66f3c3c107dcb0f","2026-08-17 12:28"
"Varuṇa Himālko","69e925eb80387ae5d678bafa","jtlbqiehaa@zwjxy.cn","6a5b0c4560073c8fca46c965","6a833509333f460fdf696c3e","2026-08-17 12:28"
"achmedsender","5a1606e2f370149bf01ab594","All","6332fd517356ad2cfcc440d9","6a83328fba6e1fd00eda45a2","2026-08-17 12:28"
"kuba.","68582b5f8e62427811441b60","snowmane","655981d6a91945473194c5c6","6a8335e5420a46d53baa0eff","2026-08-17 12:28"
"BarryTheBee","62be7867aa13616722f8dd4a","YRP","65361a91884b107b4fd0cef8","6a833647420a46d53baa1076","2026-08-17 12:29"
"Fructidor","69d9a0dd291d3a2e5184c64e","落汤鸡","675ee56fd2220e44dea68a81","6a8331e1e66f3c3c107dc180","2026-08-17 12:29"
"Shakazaramesh","5ef2945bbb96627c9ce5f63f","Derzal","5f96feae45cc8c00017ca853","6a833581420a46d53baa0d5e","2026-08-17 12:29"
"Der Teufel","6165b05d1a1017000125798b","Aljosc","6285deec505b0a7a76ccca1d","6a83354a5a6f2df5b9bf17da","2026-08-17 12:29"
"Lodi","5788e5e5c2a0fb1304dba46c","arpansarangi","64bd0b2d4e5bceaec7837cbf","6a83352c420a46d53baa0be6","2026-08-17 12:29"
"GeoNestor","5a0761e672d16b933871e7a1","Bëni Gulasa","626c9acefc34d1f69c605565","6a8334fd30328236e0cf6d1d","2026-08-17 12:29"
"adams","62f0c9a9822a3f816d659d84","BarryTheBee","62be7867aa13616722f8dd4a","6a8336415a6f2df5b9bf1b23","2026-08-17 12:30"
"Chuya","66549d4cc725af87c3aa9a34","Trichter33","601d95ba49c0980001a824b8","6a8333fc420a46d53baa06df","2026-08-17 12:30"
"Jerzy Kirkowski","5ecbdec18d6ade72cc832c5a","Ravi Chintalacharuvu","62ccb7f2973590185c12675b","6a83362c420a46d53baa1015","2026-08-17 12:30"
"adams","62f0c9a9822a3f816d659d84","BarryTheBee","62be7867aa13616722f8dd4a","6a8336ed7756a84070d9f4c8","2026-08-17 12:31"
"Filipp","63bf085d2a26bb57d315f246","Brzoza","60ababeffb1efa0001302754","6a83365f420a46d53baa10e6","2026-08-17 12:31"
"JulLaStar","6877b24fc8272415e0c98d7a","Quentin4d","5eb7783deb473f2558de286d","6a83358b420a46d53baa0d8e","2026-08-17 12:31"
"Shakazaramesh","5ef2945bbb96627c9ce5f63f","Derzal","5f96feae45cc8c00017ca853","6a8336d3420a46d53baa12b3","2026-08-17 12:31"
"落汤鸡","675ee56fd2220e44dea68a81","kstyko","5ead136297d6cf24a42b1ef4","6a8336b7420a46d53baa1247","2026-08-17 12:31"
"jtlbqiehaa@zwjxy.cn","6a5b0c4560073c8fca46c965","Timkon","681f023ce86ca49d1982d464","6a833679e66f3c3c107dce62","2026-08-17 12:31"
"Varuṇa Himālko","69e925eb80387ae5d678bafa","Nici","619512ea6e5572000187322c","6a833674420a46d53baa113f","2026-08-17 12:32"
"Alee 🏍","605b8e2563c4b80001a89321","TechimanGuesser","69763f0e293ac365ce659dca","6a83354d420a46d53baa0c71","2026-08-17 12:32"
"iNS4NE","596fcdabcf818c83482add39","Ryder","622d12825301d3000177b094","6a83361c420a46d53baa0fe4","2026-08-17 12:33"
"Delema()()()","65869f62df3f7bea3fa1d675","Bananaman","60c0e33a33004c000103bba5","6a8336a9e66f3c3c107dceda","2026-08-17 12:34"
"kstyko","5ead136297d6cf24a42b1ef4","laf41k","683822a2157680ff5a15c80d","6a8337365a6f2df5b9bf1dbd","2026-08-17 12:34"
"jtlbqiehaa@zwjxy.cn","6a5b0c4560073c8fca46c965","Derzal","5f96feae45cc8c00017ca853","6a83374d420a46d53baa147a","2026-08-17 12:34"
"Antigs","5fb70fb9e2c593000135b6e0","stratf0rd","616d9497146df50001566dd0","6a833664420a46d53baa10f4","2026-08-17 12:34"
"제주돌담","662e7bbc482dcf2828a3fbbc","Fxrzs","676edd67b060daec5f128233","6a833600420a46d53baa0f74","2026-08-17 12:35"
"Der Teufel","6165b05d1a1017000125798b","Jerzy Kirkowski","5ecbdec18d6ade72cc832c5a","6a8336f0e66f3c3c107dcf94","2026-08-17 12:35"
"Alee 🏍","605b8e2563c4b80001a89321","Nici","619512ea6e5572000187322c","6a833786420a46d53baa154f","2026-08-17 12:35"
"Jerome","62e14841f938d5507c4d31f6","Filipp","63bf085d2a26bb57d315f246","6a83379b5a6f2df5b9bf1ec5","2026-08-17 12:36"
"Lodi","5788e5e5c2a0fb1304dba46c","Aljosc","6285deec505b0a7a76ccca1d","6a8336d2530b03eaa5f1f27e","2026-08-17 12:37"
"Pete_2523","60c8762b7abe710001f63990","jtlbqiehaa@zwjxy.cn","6a5b0c4560073c8fca46c965","6a8337df5b767c72a5ca65f2","2026-08-17 12:37"
"Blinky","5b51062a4010740f7cd91dd5","manuelson","5eff753e4fc56993542703a7","6a833687420a46d53baa1189","2026-08-17 12:38"
"Delema()()()","65869f62df3f7bea3fa1d675","Bananaman","60c0e33a33004c000103bba5","6a8337f4ba6e1fd00eda5134","2026-08-17 12:38"
"Palmitas","69b33a815634cc416b9c7877","Brzoza","60ababeffb1efa0001302754","6a833727420a46d53baa13e8","2026-08-17 12:38"
"kstyko","5ead136297d6cf24a42b1ef4","resident","6919ea6aa5259496d039943a","6a833811530b03eaa5f1f4e9","2026-08-17 12:38"
"Phantom","65ae346c790b3f77dba7a1c9","Sosta///","5e1b11a037a93b220477f7d9","6a8337eb5a6f2df5b9bf1fac","2026-08-17 12:38"
"Unc","6876a81aaf5ea16088df663a","SFLarry","69907ae70636b249aee0ffe8","6a8337af420a46d53baa15d5","2026-08-17 12:38"
"BarryTheBee","62be7867aa13616722f8dd4a","adams","62f0c9a9822a3f816d659d84","6a833738333f460fdf6970c2","2026-08-17 12:39"
"Tottenhamwisps","60ad03a48b6e1d00012f8e7e","落汤鸡","675ee56fd2220e44dea68a81","6a8337165b767c72a5ca64aa","2026-08-17 12:39"
"Ritchie","5ff84d182c4df40001592f85","ManaphyIstToll","66c10e6b814c3996e77223cc","6a83389b420a46d53baa1959","2026-08-17 12:39"
"Bilaxyy","662896176160692b89e271d1","Joo-eun.","6a290dd1cf6b59479a2ae4de","6a833842420a46d53baa1805","2026-08-17 12:39"
"TechimanGuesser","69763f0e293ac365ce659dca","Timkon","681f023ce86ca49d1982d464","6a8338b7420a46d53baa19d5","2026-08-17 12:39"
"jtlbqiehaa@zwjxy.cn","6a5b0c4560073c8fca46c965","Kenji","5f2fd4348378f500019bdee0","6a8338825a6f2df5b9bf2169","2026-08-17 12:40"
"Delema()()()","65869f62df3f7bea3fa1d675","Bananaman","60c0e33a33004c000103bba5","6a8338eb420a46d53baa1a9a","2026-08-17 12:42"
"JulLaStar","6877b24fc8272415e0c98d7a","Jerome","62e14841f938d5507c4d31f6","6a833865e66f3c3c107dd320","2026-08-17 12:42"
"제주돌담","662e7bbc482dcf2828a3fbbc","Alee 🏍","605b8e2563c4b80001a89321","6a8338315a6f2df5b9bf209c","2026-08-17 12:42"
"kstyko","5ead136297d6cf24a42b1ef4","Phantom","65ae346c790b3f77dba7a1c9","6a8338bee66f3c3c107dd3f3","2026-08-17 12:42"
"TechimanGuesser","69763f0e293ac365ce659dca","placebo","66f44a3b843bc018a3e981c7","6a83391f420a46d53baa1b37","2026-08-17 12:42"
"Antigs","5fb70fb9e2c593000135b6e0","Bëni Gulasa","626c9acefc34d1f69c605565","6a8337ff420a46d53baa1716","2026-08-17 12:42"
"BarryTheBee","62be7867aa13616722f8dd4a","iNS4NE","596fcdabcf818c83482add39","6a8337c1530b03eaa5f1f443","2026-08-17 12:44"
"Bananaman","60c0e33a33004c000103bba5","Delema()()()","65869f62df3f7bea3fa1d675","6a8339d05a6f2df5b9bf250b","2026-08-17 12:44"
"irrational","65ba97ce8b2ba0c747ffa3b7","no thoughts, just violence","61cdfc02f6470200011a0caa","6a833995420a46d53baa1cf8","2026-08-17 12:44"
"Fxrzs","676edd67b060daec5f128233","Armire","579e7c0d96ca677b840d1210","6a833811420a46d53baa175d","2026-08-17 12:44"
"Ritchie","5ff84d182c4df40001592f85","落汤鸡","675ee56fd2220e44dea68a81","6a83390a420a46d53baa1af6","2026-08-17 12:44"
"Unc","6876a81aaf5ea16088df663a","GeoNestor","5a0761e672d16b933871e7a1","6a8338be5a6f2df5b9bf2214","2026-08-17 12:44"
"Filipp","63bf085d2a26bb57d315f246","Der Teufel","6165b05d1a1017000125798b","6a8339b3e66f3c3c107dd6c8","2026-08-17 12:45"
"Tottenhamwisps","60ad03a48b6e1d00012f8e7e","Bilaxyy","662896176160692b89e271d1","6a83392f530b03eaa5f1f72a","2026-08-17 12:45"
"Phantom","65ae346c790b3f77dba7a1c9","laf41k","683822a2157680ff5a15c80d","6a8339e3530b03eaa5f1f8ac","2026-08-17 12:45"
"Bananaman","60c0e33a33004c000103bba5","hoppyface","5d6e4022b4ec1709f0729979","6a833a38530b03eaa5f1f96c","2026-08-17 12:47"
"[PEA]Arvanna","66a545e50035c093bfe072bd","thomas7eme","5ef89d2d8f01a05300030185","6a83362a420a46d53baa1012","2026-08-17 12:47"
"kuba.","68582b5f8e62427811441b60","ManaphyIstToll","66c10e6b814c3996e77223cc","6a833a7e530b03eaa5f1f9fb","2026-08-17 12:47"
"manuelson","5eff753e4fc56993542703a7","BarryTheBee","62be7867aa13616722f8dd4a","6a83394b5a6f2df5b9bf2383","2026-08-17 12:48"
"落汤鸡","675ee56fd2220e44dea68a81","Phantom","65ae346c790b3f77dba7a1c9","6a833a6d5a6f2df5b9bf26cb","2026-08-17 12:48"
"TechimanGuesser","69763f0e293ac365ce659dca","제주돌담","662e7bbc482dcf2828a3fbbc","6a8339d95b767c72a5ca69b2","2026-08-17 12:48"
"Bellaxo","5c7d0e74f8f7fb7218489b2e","SFLarry","69907ae70636b249aee0ffe8","6a833991420a46d53baa1ce7","2026-08-17 12:48"
"BarryTheBee","62be7867aa13616722f8dd4a","iNS4NE","596fcdabcf818c83482add39","6a833a2ee66f3c3c107dd7ec","2026-08-17 12:49"
"Delema()()()","65869f62df3f7bea3fa1d675","Bananaman","60c0e33a33004c000103bba5","6a833ad8420a46d53baa217e","2026-08-17 12:49"
"Palmitas","69b33a815634cc416b9c7877","Brzoza","60ababeffb1efa0001302754","6a8338cb420a46d53baa1a12","2026-08-17 12:49"
"Der Teufel","6165b05d1a1017000125798b","Bilaxyy","662896176160692b89e271d1","6a833a7a5a6f2df5b9bf26fb","2026-08-17 12:49"
"kstyko","5ead136297d6cf24a42b1ef4","Jerome","62e14841f938d5507c4d31f6","6a8339db5a6f2df5b9bf2523","2026-08-17 12:49"
"Joo-eun.","6a290dd1cf6b59479a2ae4de","laf41k","683822a2157680ff5a15c80d","6a833b135a6f2df5b9bf28c8","2026-08-17 12:49"
"Kilkum","61b228be008ec800015ff0a9","Magnus","5e694a8c3730753668546f0b","6a83351b420a46d53baa0ba3","2026-08-17 12:50"
"Lodi","5788e5e5c2a0fb1304dba46c","Richie Fidschi","61ca425d9b0ef000015001bd","6a833ac6e66f3c3c107dd98e","2026-08-17 12:50"
"Palmitas","6984de4267015bc9a6109cae","Fxrzs","676edd67b060daec5f128233","6a833a45420a46d53baa1f6e","2026-08-17 12:51"
"Olekron","603a9f77af90ab00018b34a9","落汤鸡","675ee56fd2220e44dea68a81","6a833b3fe66f3c3c107ddac2","2026-08-17 12:51"
"Unc","6876a81aaf5ea16088df663a","B-FAULT","62253ec0f9a281000121d0e3","6a833a4f5a6f2df5b9bf2680","2026-08-17 12:51"
"All","6332fd517356ad2cfcc440d9","Fructidor","69d9a0dd291d3a2e5184c64e","6a8336da420a46d53baa12c4","2026-08-17 12:51"
"Derzal","5f96feae45cc8c00017ca853","GeoNestor","5a0761e672d16b933871e7a1","6a833acae66f3c3c107dd996","2026-08-17 12:52"
"Delema()()()","65869f62df3f7bea3fa1d675","hoppyface","5d6e4022b4ec1709f0729979","6a833b5b420a46d53baa234a","2026-08-17 12:53"
"TechimanGuesser","69763f0e293ac365ce659dca","Joo-eun.","6a290dd1cf6b59479a2ae4de","6a833b74420a46d53baa23a0","2026-08-17 12:53"
"Mitteconrad","6056349f72a5a900014128a9","kent","5fa7ab03b45c670001342904","6a8339997d593dcac99a0c23","2026-08-17 12:54"
"Yanek","5e625daa90d6cfa438a867a6","iNS4NE","596fcdabcf818c83482add39","6a833b72420a46d53baa2397","2026-08-17 12:55"
"wichura240","68767692157557d5c76a0ab6","Fxrzs","676edd67b060daec5f128233","6a833c06420a46d53baa25b9","2026-08-17 12:55"
"Tottenhamwisps","60ad03a48b6e1d00012f8e7e","[PEA]Arvanna","66a545e50035c093bfe072bd","6a833b2e5a6f2df5b9bf2920","2026-08-17 12:55"
"落汤鸡","675ee56fd2220e44dea68a81","kuba.","68582b5f8e62427811441b60","6a833bee530b03eaa5f1fd18","2026-08-17 12:55"
"Unc","6876a81aaf5ea16088df663a","Erika","6835b7af656c2c951937f92e","6a833bce420a46d53baa24ee","2026-08-17 12:55"
"Armire","579e7c0d96ca677b840d1210","Derzal","5f96feae45cc8c00017ca853","6a833c15e66f3c3c107ddcb7","2026-08-17 12:56"
"落汤鸡","675ee56fd2220e44dea68a81","Lodi","5788e5e5c2a0fb1304dba46c","6a833cbf420a46d53baa289b","2026-08-17 12:56"
"hoppyface","5d6e4022b4ec1709f0729979","Brzoza","60ababeffb1efa0001302754","6a833c52420a46d53baa26fb","2026-08-17 12:57"
"Der Teufel","6165b05d1a1017000125798b","B-FAULT","62253ec0f9a281000121d0e3","6a833bc95a6f2df5b9bf2ac8","2026-08-17 12:57"
"kstyko","5ead136297d6cf24a42b1ef4","Aljosc","6285deec505b0a7a76ccca1d","6a833c2a420a46d53baa2643","2026-08-17 12:57"
"Erika","6835b7af656c2c951937f92e","Unc","6876a81aaf5ea16088df663a","6a833cdb530b03eaa5f1ff15","2026-08-17 12:57"
"BarryTheBee","62be7867aa13616722f8dd4a","manuelson","5eff753e4fc56993542703a7","6a833b99e66f3c3c107ddba8","2026-08-17 12:58"
"Bananaman","60c0e33a33004c000103bba5","Delema()()()","65869f62df3f7bea3fa1d675","6a833cca5a6f2df5b9bf2d74","2026-08-17 12:59"
"Palmitas","6984de4267015bc9a6109cae","Olekron","603a9f77af90ab00018b34a9","6a833bfb420a46d53baa259c","2026-08-17 12:59"
"kuba.","68582b5f8e62427811441b60","troppo top amo","68ac97e4cb7094fa1ee260ee","6a833d06420a46d53baa29a2","2026-08-17 12:59"
"kstyko","5ead136297d6cf24a42b1ef4","Der Teufel","6165b05d1a1017000125798b","6a833d33420a46d53baa2a43","2026-08-17 13:00"
"B-FAULT","62253ec0f9a281000121d0e3","Lodi","5788e5e5c2a0fb1304dba46c","6a833d595a6f2df5b9bf2ee7","2026-08-17 13:00"
"Bananaman","60c0e33a33004c000103bba5","iNS4NE","596fcdabcf818c83482add39","6a833dc95a6f2df5b9bf3064","2026-08-17 13:01"
"Delema()()()","65869f62df3f7bea3fa1d675","hoppyface","5d6e4022b4ec1709f0729979","6a833e08e66f3c3c107de1da","2026-08-17 13:01"
"JanTheIdiot","5c66d1901554907d648fd7df","no thoughts, just violence","61cdfc02f6470200011a0caa","6a833ad6420a46d53baa2178","2026-08-17 13:01"
"Der Teufel","6165b05d1a1017000125798b","Aljosc","6285deec505b0a7a76ccca1d","6a833df25a6f2df5b9bf30db","2026-08-17 13:02"
"제주돌담","662e7bbc482dcf2828a3fbbc","Bilaxyy","662896176160692b89e271d1","6a833b79420a46d53baa23b3","2026-08-17 13:02"
"[PEA]Arvanna","66a545e50035c093bfe072bd","Enrico_RR","6768ba56801d2d75f4becef4","6a833d10e66f3c3c107ddf28","2026-08-17 13:02"
"Unc","6876a81aaf5ea16088df663a","Akali","6765fb057d0dce4ad70b3e23","6a833daa333f460fdf697db9","2026-08-17 13:02"
"kstyko","5ead136297d6cf24a42b1ef4","Lodi","5788e5e5c2a0fb1304dba46c","6a833e22e66f3c3c107de216","2026-08-17 13:03"
"SparklingHill339","6a689d01a65ab58b189dd03e","C Y S S","680b5ac86238637b126d72e6","6a833e06e66f3c3c107de1d6","2026-08-17 13:03"
"wichura240","68767692157557d5c76a0ab6","Jesper","6962762abc79a0f2300d324e","6a833dba7756a84070da0137","2026-08-17 13:04"
"franek3215 2 (wached)","69bd7ff3c47c5404925b9113","kuba.","68582b5f8e62427811441b60","6a833e35e66f3c3c107de250","2026-08-17 13:04"
"Bananaman","60c0e33a33004c000103bba5","iNS4NE","596fcdabcf818c83482add39","6a833e3c420a46d53baa2e30","2026-08-17 13:05"
"Delema()()()","65869f62df3f7bea3fa1d675","hoppyface","5d6e4022b4ec1709f0729979","6a833e76e66f3c3c107de31a","2026-08-17 13:05"
"Mitteconrad","6056349f72a5a900014128a9","kent","5fa7ab03b45c670001342904","6a833cea420a46d53baa2934","2026-08-17 13:05"
"Ritchie","5ff84d182c4df40001592f85","MaxJoker84","658c1a04945350bcd1f47aca","6a833e5ee66f3c3c107de2d1","2026-08-17 13:05"
"Der Teufel","6165b05d1a1017000125798b","kstyko","5ead136297d6cf24a42b1ef4","6a833eca420a46d53baa3038","2026-08-17 13:06"
"TechimanGuesser","69763f0e293ac365ce659dca","Erika","6835b7af656c2c951937f92e","6a833d75420a46d53baa2b38","2026-08-17 13:06"
"Flubbersticks","69387a54dc6fdd9da05c91cd","Limatas","6524cac4da010dc590231cb3","6a833ed4530b03eaa5f2038b","2026-08-17 13:06"
"Domak666","6a3a957b0446680426a7f84b","boss bandit","63f549d56242089cd8f3b10e","6a833ea75a6f2df5b9bf3368","2026-08-17 13:07"
"落汤鸡","675ee56fd2220e44dea68a81","Fxrzs","676edd67b060daec5f128233","6a833d06e66f3c3c107ddf04","2026-08-17 13:07"
"B-FAULT","62253ec0f9a281000121d0e3","Olekron","603a9f77af90ab00018b34a9","6a833df6420a46d53baa2d08","2026-08-17 13:07"
"Alee 🏍","605b8e2563c4b80001a89321","Primzahl","63a4bfd4030a368d18291a84","6a833b94e66f3c3c107ddb9d","2026-08-17 13:07"
"val1d","63875de4e55ec4234b26d1fb","laf41k","683822a2157680ff5a15c80d","6a833f10e66f3c3c107de49a","2026-08-17 13:07"
"Jesper","6962762abc79a0f2300d324e","ManaphyIstToll","66c10e6b814c3996e77223cc","6a833f1f5a6f2df5b9bf34b2","2026-08-17 13:08"
"Bananaman","60c0e33a33004c000103bba5","iNS4NE","596fcdabcf818c83482add39","6a833f42333f460fdf6980c6","2026-08-17 13:09"
"Tottenhamwisps","60ad03a48b6e1d00012f8e7e","Chuya","66549d4cc725af87c3aa9a34","6a833dc05a6f2df5b9bf3047","2026-08-17 13:09"
"Erika","6835b7af656c2c951937f92e","Manureza","678ec40f575b9e3fd172579d","6a833f7e5a6f2df5b9bf35ac","2026-08-17 13:09"
"Lodi","5788e5e5c2a0fb1304dba46c","arpansarangi","64bd0b2d4e5bceaec7837cbf","6a833ed95a6f2df5b9bf3409","2026-08-17 13:09"
"Domak666","6a3a957b0446680426a7f84b","boss bandit","63f549d56242089cd8f3b10e","6a833fbd5b767c72a5ca7589","2026-08-17 13:10"
"Pna","6063bbbdf93f57000113fed0","TechimanGuesser","69763f0e293ac365ce659dca","6a833f8d420a46d53baa3303","2026-08-17 13:10"
"WheelieBinEnjoyer","6a60cb66561c205d0831e2ad","Diabeł182","664ae41df45c5869a613bede","6a833ffee66f3c3c107de6ef","2026-08-17 13:10"
"maks","6414d29eb61bfefd9d16461e","Mitteconrad","6056349f72a5a900014128a9","6a833f3d5a6f2df5b9bf34f1","2026-08-17 13:11"
"F12RXY7U9I","6919845c3a6623b10b2fa710","Nicolau","627f9053f7657562290e4c8d","6a833f665a6f2df5b9bf3568","2026-08-17 13:11"
"Der Teufel","6165b05d1a1017000125798b","Mich","5ef35fd819612a2940d22de2","6a833f647d593dcac99a1802","2026-08-17 13:12"
"Erika","6835b7af656c2c951937f92e","Syn","5fc86ba947bce10001a030ba","6a83401b420a46d53baa34ed","2026-08-17 13:12"
"kuba.","68582b5f8e62427811441b60","B-FAULT","62253ec0f9a281000121d0e3","6a833fd2420a46d53baa33e8","2026-08-17 13:12"
"val1d","63875de4e55ec4234b26d1fb","üqvume","686ec69c5e236cb88190db7f","6a833fa9530b03eaa5f20504","2026-08-17 13:12"
"Tikon","621cddf10416aa00011b992b","Julian","5a8eb2d498cc2c6744a88ce4","6a833f58e66f3c3c107de53f","2026-08-17 13:13"
"Unc","6876a81aaf5ea16088df663a","franek3215 2 (wached)","69bd7ff3c47c5404925b9113","6a833fde5a6f2df5b9bf36ae","2026-08-17 13:13"
"Lodi","5788e5e5c2a0fb1304dba46c","MaxJoker84","658c1a04945350bcd1f47aca","6a834032e66f3c3c107de78f","2026-08-17 13:13"
"Magnus","5e694a8c3730753668546f0b","achmedsender","5a1606e2f370149bf01ab594","6a833be9420a46d53baa2551","2026-08-17 13:14"
"kstyko","5ead136297d6cf24a42b1ef4","Jesper","6962762abc79a0f2300d324e","6a834049420a46d53baa3589","2026-08-17 13:14"
"Ritchie","5ff84d182c4df40001592f85","Rawin","6162efcdc23f260001c6a4d3","6a8340b3420a46d53baa3709","2026-08-17 13:14"
"TechimanGuesser","69763f0e293ac365ce659dca","Pna","6063bbbdf93f57000113fed0","6a8340525a6f2df5b9bf3819","2026-08-17 13:15"
"WheelieBinEnjoyer","6a60cb66561c205d0831e2ad","Kambbel","5ecce8d6bb39467ce83ed249","6a834071420a46d53baa3629","2026-08-17 13:15"
"Bananaman","60c0e33a33004c000103bba5","manuelson","5eff753e4fc56993542703a7","6a83401f5a6f2df5b9bf3791","2026-08-17 13:16"
"maks","6414d29eb61bfefd9d16461e","Mitteconrad","6056349f72a5a900014128a9","6a83408ce66f3c3c107de88d","2026-08-17 13:16"
"Fxrzs","676edd67b060daec5f128233","落汤鸡","675ee56fd2220e44dea68a81","6a833fb25a6f2df5b9bf3643","2026-08-17 13:16"
"F12RXY7U9I","6919845c3a6623b10b2fa710","DIFFK MISSED ABSOLUTEFILTHTV","5efe8645105829665ce0304a","6a83408d420a46d53baa3699","2026-08-17 13:16"
"kstyko","5ead136297d6cf24a42b1ef4","Rawin","6162efcdc23f260001c6a4d3","6a83415b5a6f2df5b9bf3b79","2026-08-17 13:17"
"Jesper","6962762abc79a0f2300d324e","Lodi","5788e5e5c2a0fb1304dba46c","6a8341495a6f2df5b9bf3b4b","2026-08-17 13:17"
"BarryTheBee","62be7867aa13616722f8dd4a","hoppyface","5d6e4022b4ec1709f0729979","6a833fa6420a46d53baa3354","2026-08-17 13:18"
"xZenith","6846d165a3008977fe607ade","kriszh","5922abce1bba700c703b0c00","6a8340ea30328236e0cf8472","2026-08-17 13:18"
"Shakazaramesh","5ef2945bbb96627c9ce5f63f","Chuya","66549d4cc725af87c3aa9a34","6a834076420a46d53baa3639","2026-08-17 13:19"
"SparklingHill339","6a689d01a65ab58b189dd03e","PAN KARA","6a4bf35ec647628f31fafa7e","6a8341f7333f460fdf6986bd","2026-08-17 13:19"
"Unc","6876a81aaf5ea16088df663a","Tottenhamwisps","60ad03a48b6e1d00012f8e7e","6a83411c420a46d53baa38ee","2026-08-17 13:19"
"F12RXY7U9I","6919845c3a6623b10b2fa710","Primzahl","63a4bfd4030a368d18291a84","6a8341ed420a46d53baa3bec","2026-08-17 13:19"
"Lodi","5788e5e5c2a0fb1304dba46c","laf41k","683822a2157680ff5a15c80d","6a8341f95a6f2df5b9bf3d92","2026-08-17 13:19"
"Mathias","650a2d21361d5316c35b4efe","Julian","5a8eb2d498cc2c6744a88ce4","6a8341595a6f2df5b9bf3b72","2026-08-17 13:20"
"Domak666","6a3a957b0446680426a7f84b","maks","6414d29eb61bfefd9d16461e","6a8341be5a6f2df5b9bf3cc3","2026-08-17 13:20"
"Armire","579e7c0d96ca677b840d1210","Fructidor","69d9a0dd291d3a2e5184c64e","6a833e09e66f3c3c107de1db","2026-08-17 13:20"
"Spinello44","642d9421b7220832b69e489f","DonkeyGuesses","6912d873ef3380557dd45eec","6a8340b4420a46d53baa370b","2026-08-17 13:20"
"bakonysanchez69","6061d595010c4e000197240f","im recording my gameplay","6a437d2254319c3206c01eb9","6a8341895a6f2df5b9bf3bfa","2026-08-17 13:20"
"hoppyface","5d6e4022b4ec1709f0729979","xZenith","6846d165a3008977fe607ade","6a83426b5a6f2df5b9bf3ecb","2026-08-17 13:21"
"Fxrzs","676edd67b060daec5f128233","Jesper","6962762abc79a0f2300d324e","6a8341fbe66f3c3c107dec73","2026-08-17 13:21"
"val1d","63875de4e55ec4234b26d1fb","Kenji","5f2fd4348378f500019bdee0","6a8340d8ba6e1fd00eda61f0","2026-08-17 13:21"
"Bananaman","60c0e33a33004c000103bba5","M1tzki","668717ff41553d75c689c749","6a8341f5420a46d53baa3c0f","2026-08-17 13:22"
"SparklingHill339","6a689d01a65ab58b189dd03e","PAN KARA","6a4bf35ec647628f31fafa7e","6a8342775a6f2df5b9bf3eea","2026-08-17 13:22"
"TechimanGuesser","69763f0e293ac365ce659dca","Pna","6063bbbdf93f57000113fed0","6a83418e5a6f2df5b9bf3c04","2026-08-17 13:22"
"F12RXY7U9I","6919845c3a6623b10b2fa710","Eracute","67c9f630060b64446dd214cc","6a834286420a46d53baa3e65","2026-08-17 13:22"
"Not Jojo","67e8ab0b497a1acbf6efa0ac","Manureza","678ec40f575b9e3fd172579d","6a834004e66f3c3c107de70d","2026-08-17 13:22"
"GeoNestor","5a0761e672d16b933871e7a1","menthol.mike","5d78b0cc1d19ab6f7052d8b9","6a8341a45a6f2df5b9bf3c71","2026-08-17 13:22"
"Domak666","6a3a957b0446680426a7f84b","xZenith","6846d165a3008977fe607ade","6a8342f8420a46d53baa402b","2026-08-17 13:23"
"Fxrzs","676edd67b060daec5f128233","Evanescia","64da2edded0ce01ab055723e","6a8342e2420a46d53baa3fc7","2026-08-17 13:23"
"SparklingHill339","6a689d01a65ab58b189dd03e","Kleiner Maulwurf","60268d8fadaca50001c2a4f5","6a834306420a46d53baa4067","2026-08-17 13:23"
"Nici","619512ea6e5572000187322c","Kenji","5f2fd4348378f500019bdee0","6a8343045a6f2df5b9bf40b0","2026-08-17 13:23"
"DonkeyGuesses","6912d873ef3380557dd45eec","im recording my gameplay","6a437d2254319c3206c01eb9","6a8342a2e66f3c3c107dee1a","2026-08-17 13:23"
"maks","6414d29eb61bfefd9d16461e","kstyko","5ead136297d6cf24a42b1ef4","6a83428e420a46d53baa3e80","2026-08-17 13:24"
"Fxrzs","676edd67b060daec5f128233","Ritchie","5ff84d182c4df40001592f85","6a834348420a46d53baa4182","2026-08-17 13:24"
"Tottenhamwisps","60ad03a48b6e1d00012f8e7e","Chuya","66549d4cc725af87c3aa9a34","6a834284e66f3c3c107dedd6","2026-08-17 13:24"
"落汤鸡","675ee56fd2220e44dea68a81","Olekron","603a9f77af90ab00018b34a9","6a834278e66f3c3c107dedbf","2026-08-17 13:24"
"franek3215 2 (wached)","69bd7ff3c47c5404925b9113","laf41k","683822a2157680ff5a15c80d","6a834317e66f3c3c107defb5","2026-08-17 13:24"
"Bananaman","60c0e33a33004c000103bba5","koekemonster","602ea9c05fa0b100010db2b3","6a8343305a6f2df5b9bf412a","2026-08-17 13:25"
"iNS4NE","596fcdabcf818c83482add39","Julian","5a8eb2d498cc2c6744a88ce4","6a8342dde66f3c3c107deef4","2026-08-17 13:25"
"It Ain't Me","69e11bbbae08465e06203227","kriszh","5922abce1bba700c703b0c00","6a8342bb420a46d53baa3f1c","2026-08-17 13:25"
"SparklingHill339","6a689d01a65ab58b189dd03e","Vokept","60789eddce86d900016fbb4e","6a83437bbd14c20f7f9253d4","2026-08-17 13:25"
"BarryTheBee","62be7867aa13616722f8dd4a","Bad At Geo","5d46b0bb3b4b6a4968620f7b","6a8343c97756a84070da0e39","2026-08-17 13:26"
"val1d","63875de4e55ec4234b26d1fb","Jesper","6962762abc79a0f2300d324e","6a8342e7420a46d53baa3fe3","2026-08-17 13:26"
"irrational","65ba97ce8b2ba0c747ffa3b7","kent","5fa7ab03b45c670001342904","6a833fb8420a46d53baa3396","2026-08-17 13:27"
"franek3215 2 (wached)","69bd7ff3c47c5404925b9113","Bravious","608f43fa0d0e0d0001d2abde","6a8343875a6f2df5b9bf4256","2026-08-17 13:27"
"Domak666","6a3a957b0446680426a7f84b","Maksonic","619d09bdc4ab7000016c68d3","6a834394e66f3c3c107df112","2026-08-17 13:28"
"Giant Panda","6874e2f8ef3960e599abae7c","kriszh","5922abce1bba700c703b0c00","6a8344115a6f2df5b9bf444b","2026-08-17 13:28"
"SparklingHill339","6a689d01a65ab58b189dd03e","Ak1027","6a590ca8be792171b6112cec","6a83441c530b03eaa5f2103b","2026-08-17 13:28"
"DarkWoke 🇵🇸","5f061c5b8fba346634a84c33","Erika","6835b7af656c2c951937f92e","6a8342b65a6f2df5b9bf3fba","2026-08-17 13:28"
"B-FAULT","62253ec0f9a281000121d0e3","كافوركافوركافوركافوركافوركافور","6a4f8afe312818a4781ffecf","6a8342065a6f2df5b9bf3dab","2026-08-17 13:28"
"[PEA]Arvanna","66a545e50035c093bfe072bd","spherical_cow","62b34fca140a13acdc6567df","6a833e88420a46d53baa2f57","2026-08-17 13:28"
"franek3215 2 (wached)","69bd7ff3c47c5404925b9113","zach","621783eaab08b80001371858","6a8343d95a6f2df5b9bf436d","2026-08-17 13:28"
"Bad At Geo","5d46b0bb3b4b6a4968620f7b","Bananaman","60c0e33a33004c000103bba5","6a8343d15a6f2df5b9bf4343","2026-08-17 13:29"
"xZenith","6846d165a3008977fe607ade","Fxrzs","676edd67b060daec5f128233","6a8343ba5a6f2df5b9bf4303","2026-08-17 13:29"
"Chuya","66549d4cc725af87c3aa9a34","Julian","5a8eb2d498cc2c6744a88ce4","6a8343d9420a46d53baa43d8","2026-08-17 13:29"
"Nici","619512ea6e5572000187322c","落汤鸡","675ee56fd2220e44dea68a81","6a8343c8420a46d53baa43a6","2026-08-17 13:29"
"GeoMango","640633579d4e23ba52d7b054","Dimsum","63f619f14068eb7d4bbb134d","6a833ee05a6f2df5b9bf3415","2026-08-17 13:29"
"franek3215 2 (wached)","69bd7ff3c47c5404925b9113","zach","621783eaab08b80001371858","6a8343d95a6f2df5b9bf436d","2026-08-17 13:29"
"val1d","63875de4e55ec4234b26d1fb","Jesper","6962762abc79a0f2300d324e","6a834430e66f3c3c107df322","2026-08-17 13:29"
"M1tzki","668717ff41553d75c689c749","Felix.svb","6856986bb22dea4ae40a3d22","6a83436e420a46d53baa4212","2026-08-17 13:30"
"It Ain't Me","69e11bbbae08465e06203227","Brzoza","60ababeffb1efa0001302754","6a834464420a46d53baa4640","2026-08-17 13:30"
"Armire","579e7c0d96ca677b840d1210","Pna","6063bbbdf93f57000113fed0","6a834330e66f3c3c107defe9","2026-08-17 13:30"
"F12RXY7U9I","6919845c3a6623b10b2fa710","DonkeyGuesses","6912d873ef3380557dd45eec","6a834405420a46d53baa44c9","2026-08-17 13:30"
"kstyko","5ead136297d6cf24a42b1ef4","maks","6414d29eb61bfefd9d16461e","6a83438f5a6f2df5b9bf4273","2026-08-17 13:31"
"val1d","63875de4e55ec4234b26d1fb","Giant Panda","6874e2f8ef3960e599abae7c","6a8344cfe66f3c3c107df56b","2026-08-17 13:31"
"Veet","61f24e39e6b49c0001e98918","kriszh","5922abce1bba700c703b0c00","6a83448de66f3c3c107df47a","2026-08-17 13:32"
"zach","621783eaab08b80001371858","Lodi","5788e5e5c2a0fb1304dba46c","6a834486420a46d53baa46d5","2026-08-17 13:32"
"Syn","5fc86ba947bce10001a030ba","yekusiet","659acf3ad0241cd4a4153d7d","6a83441de66f3c3c107df2e7","2026-08-17 13:32"
"Bananaman","60c0e33a33004c000103bba5","Bad At Geo","5d46b0bb3b4b6a4968620f7b","6a8344c0e66f3c3c107df540","2026-08-17 13:33"
"Palmitas","69b33a815634cc416b9c7877","Mathias","650a2d21361d5316c35b4efe","6a8344305a6f2df5b9bf44d7","2026-08-17 13:33"
"val1d","63875de4e55ec4234b26d1fb","Giant Panda","6874e2f8ef3960e599abae7c","6a8344cfe66f3c3c107df56b","2026-08-17 13:33"
"Jesper","6962762abc79a0f2300d324e","Ritchie","5ff84d182c4df40001592f85","6a8344e9420a46d53baa48a8","2026-08-17 13:33"
"Zetie","5e9215c1b3ec17480c01df1e","Manureza","678ec40f575b9e3fd172579d","6a834579420a46d53baa4b22","2026-08-17 13:33"
"koekemonster","602ea9c05fa0b100010db2b3","iNS4NE","596fcdabcf818c83482add39","6a8343e0420a46d53baa43fe","2026-08-17 13:34"
"Fxrzs","676edd67b060daec5f128233","Chuya","66549d4cc725af87c3aa9a34","6a8344d55a6f2df5b9bf46e4","2026-08-17 13:34"
"kriszh","5922abce1bba700c703b0c00","zach","621783eaab08b80001371858","6a834579e66f3c3c107df75d","2026-08-17 13:34"
"DonkeyGuesses","6912d873ef3380557dd45eec","Lster95","6875664f91065c0938397061","6a8345295a6f2df5b9bf47e2","2026-08-17 13:34"
"It Ain't Me","69e11bbbae08465e06203227","maks","6414d29eb61bfefd9d16461e","6a83453a5a6f2df5b9bf480c","2026-08-17 13:35"
"val1d","63875de4e55ec4234b26d1fb","Giant Panda","6874e2f8ef3960e599abae7c","6a83454d5a6f2df5b9bf4857","2026-08-17 13:35"
"Pna","6063bbbdf93f57000113fed0","F12RXY7U9I","6919845c3a6623b10b2fa710","6a834515420a46d53baa4961","2026-08-17 13:35"
"Jesper","6962762abc79a0f2300d324e","Ritchie","5ff84d182c4df40001592f85","6a8345a15a6f2df5b9bf496a","2026-08-17 13:35"
"xZenith","6846d165a3008977fe607ade","Brzoza","60ababeffb1efa0001302754","6a8345135a6f2df5b9bf479a","2026-08-17 13:36"
"Mitteconrad","6056349f72a5a900014128a9","Magnus","5e694a8c3730753668546f0b","6a8341b25a6f2df5b9bf3c9d","2026-08-17 13:36"
"koekemonster","602ea9c05fa0b100010db2b3","Bananaman","60c0e33a33004c000103bba5","6a8345fc420a46d53baa4d4c","2026-08-17 13:37"
"Giant Panda","6874e2f8ef3960e599abae7c","zach","621783eaab08b80001371858","6a8345fa5a6f2df5b9bf4aac","2026-08-17 13:37"
"落汤鸡","675ee56fd2220e44dea68a81","Ernest","678c19cb4f6a1c57c051dc0d","6a8344eb5a6f2df5b9bf4726","2026-08-17 13:37"
"Ritchie","5ff84d182c4df40001592f85","Jesper","6962762abc79a0f2300d324e","6a83463a420a46d53baa4e47","2026-08-17 13:37"
"maks","6414d29eb61bfefd9d16461e","Giant Panda","6874e2f8ef3960e599abae7c","6a8346325a6f2df5b9bf4b9d","2026-08-17 13:38"
"SparklingHill339","6a689d01a65ab58b189dd03e","Ca1oProBR","610aebd13d55a70001982b48","6a8344c35a6f2df5b9bf46b4","2026-08-17 13:38"
"F12RXY7U9I","6919845c3a6623b10b2fa710","Pna","6063bbbdf93f57000113fed0","6a83463b420a46d53baa4e49","2026-08-17 13:38"
"DonkeyGuesses","6912d873ef3380557dd45eec","snowmane","655981d6a91945473194c5c6","6a8345f7333f460fdf6990ac","2026-08-17 13:38"
"BarryTheBee","62be7867aa13616722f8dd4a","Bad At Geo","5d46b0bb3b4b6a4968620f7b","6a8345cb5b767c72a5ca840f","2026-08-17 13:39"
"Bellaxo","5c7d0e74f8f7fb7218489b2e","Plex","66e60ee7cf66f6095d6bf556","6a83464fe66f3c3c107df9e4","2026-08-17 13:39"
"Chuya","66549d4cc725af87c3aa9a34","Shakazaramesh","5ef2945bbb96627c9ce5f63f","6a83460ee66f3c3c107df91d","2026-08-17 13:40"
"落汤鸡","675ee56fd2220e44dea68a81","Ernest","678c19cb4f6a1c57c051dc0d","6a8346a15a6f2df5b9bf4d00","2026-08-17 13:40"
"Cribu","593a9221d280a519982a5afb","Jesper","6962762abc79a0f2300d324e","6a8346bfe66f3c3c107dfb0c","2026-08-17 13:40"
"GeoNestor","5a0761e672d16b933871e7a1","Thore Stach","60b2c6420390be00015e9fa1","6a8345d4420a46d53baa4c8e","2026-08-17 13:40"
"Trichter33","601d95ba49c0980001a824b8","Fxrzs","676edd67b060daec5f128233","6a83462c420a46d53baa4e09","2026-08-17 13:41"
"Brzoza","60ababeffb1efa0001302754","xZenith","6846d165a3008977fe607ade","6a8346665a6f2df5b9bf4c50","2026-08-17 13:41"
"Giant Panda","6874e2f8ef3960e599abae7c","zach","621783eaab08b80001371858","6a8346bb5a6f2df5b9bf4d5f","2026-08-17 13:41"
"Maksonic","619d09bdc4ab7000016c68d3","iNS4NE","596fcdabcf818c83482add39","6a8345dd5a6f2df5b9bf4a2a","2026-08-17 13:42"
"Pna","6063bbbdf93f57000113fed0","DonkeyGuesses","6912d873ef3380557dd45eec","6a8346fdbd14c20f7f925bec","2026-08-17 13:42"
"Bananaman","60c0e33a33004c000103bba5","koekemonster","602ea9c05fa0b100010db2b3","6a8346c05a6f2df5b9bf4d68","2026-08-17 13:43"
"Giant Panda","6874e2f8ef3960e599abae7c","Ritchie","5ff84d182c4df40001592f85","6a8346d2420a46d53baa50c8","2026-08-17 13:43"
"F12RXY7U9I","6919845c3a6623b10b2fa710","Kenji","5f2fd4348378f500019bdee0","6a8346de420a46d53baa50e6","2026-08-17 13:43"
"Syn","5fc86ba947bce10001a030ba","menthol.mike","5d78b0cc1d19ab6f7052d8b9","6a83458a420a46d53baa4b73","2026-08-17 13:43"
"xZenith","6846d165a3008977fe607ade","Brzoza","60ababeffb1efa0001302754","6a8347bd420a46d53baa5464","2026-08-17 13:44"
"Fxrzs","676edd67b060daec5f128233","It Ain't Me","69e11bbbae08465e06203227","6a8347b1530b03eaa5f219b5","2026-08-17 13:44"
"SparklingHill339","6a689d01a65ab58b189dd03e","yccolino","670dbf4a416ad6bf6414066d","6a8347e3bd14c20f7f925de8","2026-08-17 13:44"
"Lodi","5788e5e5c2a0fb1304dba46c","Jesper","6962762abc79a0f2300d324e","6a83474c420a46d53baa5295","2026-08-17 13:44"
"Shakazaramesh","5ef2945bbb96627c9ce5f63f","Chuya","66549d4cc725af87c3aa9a34","6a834765420a46d53baa52fe","2026-08-17 13:45"
"zach","621783eaab08b80001371858","DonkeyGuesses","6912d873ef3380557dd45eec","6a8347e2333f460fdf699500","2026-08-17 13:45"
"Jesper","6962762abc79a0f2300d324e","Lodi","5788e5e5c2a0fb1304dba46c","6a83484f5a6f2df5b9bf5284","2026-08-17 13:46"
"boss bandit","63f549d56242089cd8f3b10e","koekemonster","602ea9c05fa0b100010db2b3","6a83486ae66f3c3c107e003a","2026-08-17 13:47"
"connexion de f*p","5e9662142ad6cfadc8e2db9d","maks","6414d29eb61bfefd9d16461e","6a8346dfe66f3c3c107dfb6d","2026-08-17 13:47"
"Fxrzs","676edd67b060daec5f128233","Giant Panda","6874e2f8ef3960e599abae7c","6a8348705a6f2df5b9bf5311","2026-08-17 13:47"
"cozy","5eee1ae86a7c6a4edc0f7f94","落汤鸡","675ee56fd2220e44dea68a81","6a8347585a6f2df5b9bf4f48","2026-08-17 13:47"
"Ernest","678c19cb4f6a1c57c051dc0d","Lster95","6875664f91065c0938397061","6a8347645a6f2df5b9bf4f6c","2026-08-17 13:47"
"Ritchie","5ff84d182c4df40001592f85","Bravious","608f43fa0d0e0d0001d2abde","6a83483ee66f3c3c107dff9b","2026-08-17 13:48"
"Cribu","593a9221d280a519982a5afb","Lodi","5788e5e5c2a0fb1304dba46c","6a8348f8420a46d53baa59fd","2026-08-17 13:48"
"Bananaman","60c0e33a33004c000103bba5","Bad At Geo","5d46b0bb3b4b6a4968620f7b","6a83480f5a6f2df5b9bf51aa","2026-08-17 13:49"
"Nibiru","5f8c1986d282f60001f34b05","tilted and tired","66549d4cc725af87c3aa9a34","6a8348be5a6f2df5b9bf5478","2026-08-17 13:49"
"F12RXY7U9I","6919845c3a6623b10b2fa710","Pna","6063bbbdf93f57000113fed0","6a834806420a46d53baa55a3","2026-08-17 13:49"
"Jesper","6962762abc79a0f2300d324e","zach","621783eaab08b80001371858","6a8348c4420a46d53baa590b","2026-08-17 13:49"
"iNS4NE","596fcdabcf818c83482add39","Trichter33","601d95ba49c0980001a824b8","6a8347c9420a46d53baa548a","2026-08-17 13:51"
"Domak666","6a3a957b0446680426a7f84b","Maksonic","619d09bdc4ab7000016c68d3","6a8348dbe66f3c3c107e0227","2026-08-17 13:51"
"It Ain't Me","69e11bbbae08465e06203227","xZenith","6846d165a3008977fe607ade","6a8348665a6f2df5b9bf52e9","2026-08-17 13:51"
"Fxrzs","676edd67b060daec5f128233","boss bandit","63f549d56242089cd8f3b10e","6a83493e530b03eaa5f21dd7","2026-08-17 13:51"
"Ritchie","5ff84d182c4df40001592f85","kuba.","68582b5f8e62427811441b60","6a8349365b767c72a5ca8b87","2026-08-17 13:51"
"[PEA]Arvanna","66a545e50035c093bfe072bd","SanderFMC","62ce8106f827cbfd72056f46","6a834539420a46d53baa4a04","2026-08-17 13:51"
"All","6332fd517356ad2cfcc440d9","Mahie","5e8edb2b3d4b6a6580c4a80e","6a8345ed420a46d53baa4d0f","2026-08-17 13:51"
"MARLON","676d5a15801d2d75f4d6d09e","Brzoza","60ababeffb1efa0001302754","6a834865ba6e1fd00eda7242","2026-08-17 13:52"
"Giant Panda","6874e2f8ef3960e599abae7c","maks","6414d29eb61bfefd9d16461e","6a8348e6e66f3c3c107e0240","2026-08-17 13:52"
"zach","621783eaab08b80001371858","Jesper","6962762abc79a0f2300d324e","6a83495f333f460fdf69989c","2026-08-17 13:53"
"Ernest","678c19cb4f6a1c57c051dc0d","落汤鸡","675ee56fd2220e44dea68a81","6a8348ea420a46d53baa59be","2026-08-17 13:53"
"shucheng","67e8552a577397ddc5472b8e","DonkeyGuesses","6912d873ef3380557dd45eec","6a8349b05a6f2df5b9bf57b0","2026-08-17 13:53"
"tilted and tired","66549d4cc725af87c3aa9a34","Brzoza","60ababeffb1efa0001302754","6a834a115a6f2df5b9bf58d5","2026-08-17 13:54"
"Tudelzzz","6549fc9cf755320e28e30de7","vacationspock","66a695eea320332302bb0c39","6a83480b5a6f2df5b9bf519e","2026-08-17 13:54"
"Jesper","6962762abc79a0f2300d324e","egon","67d1cdbecf715f3c32f7057a","6a834a6f5a6f2df5b9bf59cb","2026-08-17 13:54"
"Bananaman","60c0e33a33004c000103bba5","Bad At Geo","5d46b0bb3b4b6a4968620f7b","6a834979e66f3c3c107e03d1","2026-08-17 13:55"
"Trichter33","601d95ba49c0980001a824b8","boss bandit","63f549d56242089cd8f3b10e","6a8349dce66f3c3c107e04c5","2026-08-17 13:55"
"kuba.","68582b5f8e62427811441b60","mav1land","63f4a2bda13ee3ab588d6275","6a834a07420a46d53baa5eae","2026-08-17 13:55"
"F12RXY7U9I","6919845c3a6623b10b2fa710","Pna","6063bbbdf93f57000113fed0","6a834996420a46d53baa5cb3","2026-08-17 13:56"
"Domak666","6a3a957b0446680426a7f84b","Giant Panda","6874e2f8ef3960e599abae7c","6a834a65420a46d53baa6013","2026-08-17 13:57"
"boss bandit","63f549d56242089cd8f3b10e","iNS4NE","596fcdabcf818c83482add39","6a834b0fe66f3c3c107e082e","2026-08-17 13:57"
"MARLON","676d5a15801d2d75f4d6d09e","maks","6414d29eb61bfefd9d16461e","6a834a30e66f3c3c107e05a9","2026-08-17 13:57"
"Armire","579e7c0d96ca677b840d1210","[PEA]Arvanna","66a545e50035c093bfe072bd","6a834a5a420a46d53baa5fe9","2026-08-17 13:57"
"落汤鸡","675ee56fd2220e44dea68a81","zach","621783eaab08b80001371858","6a834a775a6f2df5b9bf59ea","2026-08-17 13:57"
"Syn","5fc86ba947bce10001a030ba","ScabTheSidewalk","691f64b9c0688aaea23c00dd","6a8349d7420a46d53baa5dbd","2026-08-17 13:57"
"Thore Stach","60b2c6420390be00015e9fa1","zypressenpresse","62daa4bf285521febeb70ca6","6a834a7b420a46d53baa6075","2026-08-17 13:57"
"Lodi","5788e5e5c2a0fb1304dba46c","mav1land","63f4a2bda13ee3ab588d6275","6a834ad0e66f3c3c107e0757","2026-08-17 13:57"
"Shakazaramesh","5ef2945bbb96627c9ce5f63f","Nibiru","5f8c1986d282f60001f34b05","6a83498c420a46d53baa5c94","2026-08-17 13:58"
"落汤鸡","675ee56fd2220e44dea68a81","F12RXY7U9I","6919845c3a6623b10b2fa710","6a834b45420a46d53baa6391","2026-08-17 13:58"
"Ritchie","5ff84d182c4df40001592f85","mii3en","66159d055967919df66cf9c0","6a834a15420a46d53baa5ed7","2026-08-17 13:58"
"Jesper","6962762abc79a0f2300d324e","egon","67d1cdbecf715f3c32f7057a","6a834ac45a6f2df5b9bf5b11","2026-08-17 13:58"
"Cribu","593a9221d280a519982a5afb","kuba.","68582b5f8e62427811441b60","6a834ad1420a46d53baa61e9","2026-08-17 13:58"
"Ernest","678c19cb4f6a1c57c051dc0d","Brzoza","60ababeffb1efa0001302754","6a834aad5a6f2df5b9bf5ac8","2026-08-17 13:59"
"WheelieBinEnjoyer","6a60cb66561c205d0831e2ad","Tommy","62ed5b036e2a5ca12549084d","6a834b255b347557240a4093","2026-08-17 13:59"
"MARLON","676d5a15801d2d75f4d6d09e","捲菸的菸草不來自後山","6372795ba9204b943dd562cf","6a834b635a6f2df5b9bf5d18","2026-08-17 14:00"
"Pasord","6669c659ca16186b5a3dbc35","tilted and tired","66549d4cc725af87c3aa9a34","6a834a8e420a46d53baa60db","2026-08-17 14:00"
"Lodi","5788e5e5c2a0fb1304dba46c","zach","621783eaab08b80001371858","6a834b41bd14c20f7f926595","2026-08-17 14:00"
"GeoNestor","5a0761e672d16b933871e7a1","smittie","5ffe9a29ad68a300017b0d3d","6a834ab2420a46d53baa6173","2026-08-17 14:00"
"mii3en","66159d055967919df66cf9c0","Jesper","6962762abc79a0f2300d324e","6a834b87ed20570f07078ba9","2026-08-17 14:01"
"WheelieBinEnjoyer","6a60cb66561c205d0831e2ad","JOVV","6a64f7ca4832b4d15ad350eb","6a834befe66f3c3c107e0ae2","2026-08-17 14:01"
"Mitteconrad","6056349f72a5a900014128a9","kent","5fa7ab03b45c670001342904","6a8346595a6f2df5b9bf4c2f","2026-08-17 14:02"
"iNS4NE","596fcdabcf818c83482add39","boss bandit","63f549d56242089cd8f3b10e","6a834b6f5a6f2df5b9bf5d3b","2026-08-17 14:03"
"irrational","65ba97ce8b2ba0c747ffa3b7","Diamond Armor Steve","6032bace6212610001532150","6a834951420a46d53baa5b83","2026-08-17 14:03"
"parsec","670c184c705e783701c753c0","F12RXY7U9I","6919845c3a6623b10b2fa710","6a834c61530b03eaa5f225e5","2026-08-17 14:03"
"zach","621783eaab08b80001371858","mav1land","63f4a2bda13ee3ab588d6275","6a834c2be66f3c3c107e0bae","2026-08-17 14:03"
"devj","5ee70329a237c362e06100b5","Thomas4183b","60194a73ccb73b00018edf77","6a834b97420a46d53baa64d7","2026-08-17 14:03"
"Cribu","593a9221d280a519982a5afb","Joshkabloomy","604c5a52e142340001a0a666","6a834b995b767c72a5ca9123","2026-08-17 14:03"
"val1d","63875de4e55ec4234b26d1fb","Giant Panda","6874e2f8ef3960e599abae7c","6a834c05420a46d53baa66d4","2026-08-17 14:04"
"Pna","6063bbbdf93f57000113fed0","YouriAuSki","57b4b134cf35d27324aeb664","6a834b30530b03eaa5f2226e","2026-08-17 14:04"
"Bad At Geo","5d46b0bb3b4b6a4968620f7b","Bananaman","60c0e33a33004c000103bba5","6a834ad45a6f2df5b9bf5b3c","2026-08-17 14:05"
"Brzoza","60ababeffb1efa0001302754","TiltedTroxx","64543bd7fb6efa97a2e06d2b","6a834bfce66f3c3c107e0b11","2026-08-17 14:05"
"maks","6414d29eb61bfefd9d16461e","Pasord","6669c659ca16186b5a3dbc35","6a834c3c530b03eaa5f22587","2026-08-17 14:05"
"Ernest","678c19cb4f6a1c57c051dc0d","Nibiru","5f8c1986d282f60001f34b05","6a834bd6420a46d53baa6611","2026-08-17 14:05"
"Ritchie","5ff84d182c4df40001592f85","Thomas4183b","60194a73ccb73b00018edf77","6a834cae530b03eaa5f226c7","2026-08-17 14:05"
"Thore Stach","60b2c6420390be00015e9fa1","jdl_1893","6626752c2d5e4d820e79b466","6a834b74e66f3c3c107e093c","2026-08-17 14:05"
"Domak666","6a3a957b0446680426a7f84b","hoppyface","5d6e4022b4ec1709f0729979","6a834ba5420a46d53baa6510","2026-08-17 14:06"
"MARLON","676d5a15801d2d75f4d6d09e","tilted and tired","66549d4cc725af87c3aa9a34","6a834c4d420a46d53baa680e","2026-08-17 14:06"
"zach","621783eaab08b80001371858","bruno_","63539f99d762f9640ac69c12","6a834cbb420a46d53baa6a15","2026-08-17 14:06"
"Taiyo","68fa168910383f76a558d5b1","Lster95","6875664f91065c0938397061","6a834c505b767c72a5ca9388","2026-08-17 14:06"
"GeoNestor","5a0761e672d16b933871e7a1","ijuriqu","679d5f7704201c88cf713162","6a834c31420a46d53baa679c","2026-08-17 14:06"
"MaxJoker84","658c1a04945350bcd1f47aca","omigupta (YT)","62280387e7a8b70001576d3d","6a834b10e66f3c3c107e082f","2026-08-17 14:06"
"val1d","63875de4e55ec4234b26d1fb","zach","621783eaab08b80001371858","6a834d5a5a6f2df5b9bf6480","2026-08-17 14:07"
"F12RXY7U9I","6919845c3a6623b10b2fa710","üqvume","686ec69c5e236cb88190db7f","6a834d08420a46d53baa6b38","2026-08-17 14:07"
"Jerzy Kirkowski","5ecbdec18d6ade72cc832c5a","mii3en","66159d055967919df66cf9c0","6a834c46420a46d53baa67fc","2026-08-17 14:07"
"Syn","5fc86ba947bce10001a030ba","ScabTheSidewalk","691f64b9c0688aaea23c00dd","6a834b4e30328236e0cf9b53","2026-08-17 14:07"
"捲菸的菸草不來自後山","6372795ba9204b943dd562cf","Giant Panda","6874e2f8ef3960e599abae7c","6a834d3a5a6f2df5b9bf6400","2026-08-17 14:08"
"[PEA]Arvanna","66a545e50035c093bfe072bd","Tudelzzz","6549fc9cf755320e28e30de7","6a834b775a6f2df5b9bf5d5f","2026-08-17 14:08"
"Veet","61f24e39e6b49c0001e98918","落汤鸡","675ee56fd2220e44dea68a81","6a834bab5a6f2df5b9bf5ddb","2026-08-17 14:09"
"Bad At Geo","5d46b0bb3b4b6a4968620f7b","Bananaman","60c0e33a33004c000103bba5","6a834d25420a46d53baa6bdb","2026-08-17 14:10"
"boss bandit","63f549d56242089cd8f3b10e","Brzoza","60ababeffb1efa0001302754","6a834d39420a46d53baa6c30","2026-08-17 14:10"
"Jerzy Kirkowski","5ecbdec18d6ade72cc832c5a","F12RXY7U9I","6919845c3a6623b10b2fa710","6a834dbd420a46d53baa6e5f","2026-08-17 14:10"
"落汤鸡","675ee56fd2220e44dea68a81","Giant Panda","6874e2f8ef3960e599abae7c","6a834e27420a46d53baa708b","2026-08-17 14:11"
"Cribu","593a9221d280a519982a5afb","zach","621783eaab08b80001371858","6a834db2420a46d53baa6e30","2026-08-17 14:11"
"Syn","5fc86ba947bce10001a030ba","egon","67d1cdbecf715f3c32f7057a","6a834dcc5a6f2df5b9bf6662","2026-08-17 14:12"
"omigupta (YT)","62280387e7a8b70001576d3d","Lodi","5788e5e5c2a0fb1304dba46c","6a834d71420a46d53baa6d27","2026-08-17 14:12"
"mii3en","66159d055967919df66cf9c0","val1d","63875de4e55ec4234b26d1fb","6a834ddf420a46d53baa6f19","2026-08-17 14:13"
"Pasord","6669c659ca16186b5a3dbc35","YouriAuSki","57b4b134cf35d27324aeb664","6a834d4de66f3c3c107e0f14","2026-08-17 14:13"
"Giant Panda","6874e2f8ef3960e599abae7c","Cribu","593a9221d280a519982a5afb","6a834eb35a6f2df5b9bf6a11","2026-08-17 14:13"
"Plex","66e60ee7cf66f6095d6bf556","Thore Stach","60b2c6420390be00015e9fa1","6a834d3a5a6f2df5b9bf6402","2026-08-17 14:13"
"boss bandit","63f549d56242089cd8f3b10e","Brzoza","60ababeffb1efa0001302754","6a834e6a5a6f2df5b9bf68f3","2026-08-17 14:14"
"nemessis","6a68f0776670f9815653f016","TheHonouredOne","6a1c8c78f705c5ec81d25a38","6a834e53420a46d53baa714b","2026-08-17 14:14"
"Jerzy Kirkowski","5ecbdec18d6ade72cc832c5a","F12RXY7U9I","6919845c3a6623b10b2fa710","6a834e91e66f3c3c107e13e7","2026-08-17 14:14"
"Bananaman","60c0e33a33004c000103bba5","Bad At Geo","5d46b0bb3b4b6a4968620f7b","6a834e71420a46d53baa71c8","2026-08-17 14:15"
"PLK","62179a5c8e88d400010d91ea","tilted and tired","66549d4cc725af87c3aa9a34","6a834d84420a46d53baa6d7a","2026-08-17 14:15"
"zach","621783eaab08b80001371858","MaxJoker84","658c1a04945350bcd1f47aca","6a834ea4420a46d53baa7297","2026-08-17 14:15"
"Pasord","6669c659ca16186b5a3dbc35","francishow","6048173c50a8500001ba84d8","6a834f23420a46d53baa755a","2026-08-17 14:16"
"Ritchie","5ff84d182c4df40001592f85","Michal Kučinka","5e823590b3ec177f0c7cf5bd","6a834ee85a6f2df5b9bf6b19","2026-08-17 14:16"
"All","6332fd517356ad2cfcc440d9","SanderFMC","62ce8106f827cbfd72056f46","6a834b405a6f2df5b9bf5c9d","2026-08-17 14:16"
"parsec","670c184c705e783701c753c0","Ernest","678c19cb4f6a1c57c051dc0d","6a834d1f420a46d53baa6bc4","2026-08-17 14:17"
"Jerzy Kirkowski","5ecbdec18d6ade72cc832c5a","Cribu","593a9221d280a519982a5afb","6a834f4a420a46d53baa7602","2026-08-17 14:17"
"Thore Stach","60b2c6420390be00015e9fa1","YouriAuSki","57b4b134cf35d27324aeb664","6a834f195a6f2df5b9bf6c00","2026-08-17 14:17"
"tilted and tired","66549d4cc725af87c3aa9a34","F12RXY7U9I","6919845c3a6623b10b2fa710","6a834fd55a6f2df5b9bf6f09","2026-08-17 14:18"
"devj","5ee70329a237c362e06100b5","benworldwide #***GeoDevs","5cca8e3375345f6a48f16f28","6a834ea9420a46d53baa72ad","2026-08-17 14:18"
"落汤鸡","675ee56fd2220e44dea68a81","Nibiru","5f8c1986d282f60001f34b05","6a834ebd420a46d53baa7321","2026-08-17 14:19"
"nemessis","6a68f0776670f9815653f016","TheHonouredOne","6a1c8c78f705c5ec81d25a38","6a834f55420a46d53baa763a","2026-08-17 14:19"
"Pandazan","632e19f3f0149e276027d38e","Jerzy Kirkowski","5ecbdec18d6ade72cc832c5a","6a8350275a6f2df5b9bf7092","2026-08-17 14:19"
"zach","621783eaab08b80001371858","MaxJoker84","658c1a04945350bcd1f47aca","6a834f96420a46d53baa7790","2026-08-17 14:19"
"Wish i could try again","69d154ba0a3f30cbd4825d7a","Hez1tred.","68274ac83004afb088d83eac","6a834f365a6f2df5b9bf6c79","2026-08-17 14:19"
"JB","647086196f5ab5834624abf8","bruno_","63539f99d762f9640ac69c12","6a83500cbd14c20f7f9273b4","2026-08-17 14:19"
"Bad At Geo","5d46b0bb3b4b6a4968620f7b","BarryTheBee","62be7867aa13616722f8dd4a","6a834fac420a46d53baa77f9","2026-08-17 14:20"
"Aljosc","6285deec505b0a7a76ccca1d","CARTO - GEO","6370f986261c84596054f8de","6a83500ae66f3c3c107e19bf","2026-08-17 14:20"
"jdl_1893","6626752c2d5e4d820e79b466","Syn","5fc86ba947bce10001a030ba","6a834f0d5b767c72a5ca9afe","2026-08-17 14:20"
"irrational","65ba97ce8b2ba0c747ffa3b7","Patrickvanpaul","5ff4a6cb612052000195aed4","6a834f57420a46d53baa7655","2026-08-17 14:21"
"Lodi","5788e5e5c2a0fb1304dba46c","Cribu","593a9221d280a519982a5afb","6a835027420a46d53baa7aae","2026-08-17 14:21"
"hoppyface","5d6e4022b4ec1709f0729979","boss bandit","63f549d56242089cd8f3b10e","6a834fc25a6f2df5b9bf6eb7","2026-08-17 14:22"
"zach","621783eaab08b80001371858","MaxJoker84","658c1a04945350bcd1f47aca","6a835099420a46d53baa7cfa","2026-08-17 14:22"
"tilted and tired","66549d4cc725af87c3aa9a34","PLK","62179a5c8e88d400010d91ea","6a835037420a46d53baa7b06","2026-08-17 14:23"
"Pasord","6669c659ca16186b5a3dbc35","francishow","6048173c50a8500001ba84d8","6a834ffd420a46d53baa79c9","2026-08-17 14:23"
"Aljosc","6285deec505b0a7a76ccca1d","mav1land","63f4a2bda13ee3ab588d6275","6a8350c3420a46d53baa7dc5","2026-08-17 14:23"
"Pandazan","632e19f3f0149e276027d38e","Giant Panda","6874e2f8ef3960e599abae7c","6a8350d5420a46d53baa7e3e","2026-08-17 14:24"
"Thomas4183b","60194a73ccb73b00018edf77","NattyNarwhal","5ab2dfcd1e1f026970265258","6a834d9a420a46d53baa6dd8","2026-08-17 14:24"
"[PEA]Arvanna","66a545e50035c093bfe072bd","Tudelzzz","6549fc9cf755320e28e30de7","6a834e54420a46d53baa714e","2026-08-17 14:25"
"Tott3r","5826feba4aa178410066f039","Cribu","593a9221d280a519982a5afb","6a83511b5a6f2df5b9bf74d9","2026-08-17 14:26"
"Thore Stach","60b2c6420390be00015e9fa1","GeoNestor","5a0761e672d16b933871e7a1","6a835029420a46d53baa7abd","2026-08-17 14:27"
"boss bandit","63f549d56242089cd8f3b10e","Giancarlo Esposito","68e85bdb3f2cbbe915cbcd3d","6a8351ebe66f3c3c107e21d1","2026-08-17 14:28"
"Armire","579e7c0d96ca677b840d1210","kent","5fa7ab03b45c670001342904","6a834d18420a46d53baa6ba1","2026-08-17 14:28"
"earthenjoyer","662b7a543f29656f5fe5bf53","YouriAuSki","57b4b134cf35d27324aeb664","6a835234530b03eaa5f2385f","2026-08-17 14:28"
"Lodi","5788e5e5c2a0fb1304dba46c","DIFFK MISSED ABSOLUTEFILTHTV","5efe8645105829665ce0304a","6a835163420a46d53baa80f7","2026-08-17 14:28"
"jdl_1893","6626752c2d5e4d820e79b466","CARTO - GEO","6370f986261c84596054f8de","6a8350c4420a46d53baa7dca","2026-08-17 14:28"
"zach","621783eaab08b80001371858","Giant Panda","6874e2f8ef3960e599abae7c","6a8351bb5a6f2df5b9bf7749","2026-08-17 14:29"
"Aljosc","6285deec505b0a7a76ccca1d","val1d","63875de4e55ec4234b26d1fb","6a835166530b03eaa5f235fe","2026-08-17 14:29"
"BotsWannaBeMe","678d57b5624e9dc811ce9ca0","Nibiru","5f8c1986d282f60001f34b05","6a835093420a46d53baa7ce3","2026-08-17 14:30"
"PLK","62179a5c8e88d400010d91ea","tilted and tired","66549d4cc725af87c3aa9a34","6a8351c5e66f3c3c107e2153","2026-08-17 14:30"
"vinnie","69af2d2e4921fb35244096f4","Pasord","6669c659ca16186b5a3dbc35","6a8351777756a84070da321d","2026-08-17 14:30"
"Stella/chat off","63e1b563ec5549833a008296","francishow","6048173c50a8500001ba84d8","6a83518e7756a84070da324b","2026-08-17 14:30"
"devj","5ee70329a237c362e06100b5","Wish i could try again","69d154ba0a3f30cbd4825d7a","6a835065e66f3c3c107e1bb5","2026-08-17 14:30"
"tmol","65804bf1981dcef1aaa9fc20","2Fast","663004374920c4ccae830137","6a8352957d593dcac99a4a69","2026-08-17 14:31"
"SanderFMC","62ce8106f827cbfd72056f46","TemperateMeadow496","697d4001c8234559ecc84c7c","6a8351975a6f2df5b9bf76ba","2026-08-17 14:31"
"boss bandit","63f549d56242089cd8f3b10e","Palmitas","69b33a815634cc416b9c7877","6a8352ca5a6f2df5b9bf7b37","2026-08-17 14:32"
"zach","621783eaab08b80001371858","val1d","63875de4e55ec4234b26d1fb","6a8352ca420a46d53baa8761","2026-08-17 14:32"
"Kilkum","61b228be008ec800015ff0a9","no thoughts, just violence","61cdfc02f6470200011a0caa","6a8350a1e66f3c3c107e1c7f","2026-08-17 14:33"
":)","6a2ab3e24d799e2f43f75071","kent","5fa7ab03b45c670001342904","6a8352b7420a46d53baa871b","2026-08-17 14:33"
"Norbiertusz","623df08fb17af4cb711a7b38","jdl_1893","6626752c2d5e4d820e79b466","6a835316420a46d53baa88a3","2026-08-17 14:33"
"Mr. Bastuaggregat","5ada37ab582de2514cbb19d8","Husky Asian Fella","62ac142dae05e4b9e196d808","6a834fdb420a46d53baa78e5","2026-08-17 14:34"
"Wish i could try again","69d154ba0a3f30cbd4825d7a","omigupta (YT)","62280387e7a8b70001576d3d","6a835300420a46d53baa8859","2026-08-17 14:34"
"tmol","65804bf1981dcef1aaa9fc20","Oertbeer","6485cb880404933187c36b5b","6a835340420a46d53baa8953","2026-08-17 14:34"
"zach","621783eaab08b80001371858","houmreu (Youtube)","5b571ce97135fa0e48b2d9f8","6a8353d05a6f2df5b9bf7e9a","2026-08-17 14:35"
"Oli4brodjeaap","6390667778362b31eedaf759","Dragon","6046b8d109c0f6000137ee5d","6a8353d55a6f2df5b9bf7ea7","2026-08-17 14:35"
"Wish i could try again","69d154ba0a3f30cbd4825d7a","omigupta (YT)","62280387e7a8b70001576d3d","6a8354055a6f2df5b9bf7f4e","2026-08-17 14:36"
"boss bandit","63f549d56242089cd8f3b10e","Giancarlo Esposito","68e85bdb3f2cbbe915cbcd3d","6a835420420a46d53baa8d2e","2026-08-17 14:37"
"BotsWannaBeMe","678d57b5624e9dc811ce9ca0","Shakazaramesh","5ef2945bbb96627c9ce5f63f","6a835360420a46d53baa89dc","2026-08-17 14:37"
"Nibiru","5f8c1986d282f60001f34b05","Stella/chat off","63e1b563ec5549833a008296","6a835368420a46d53baa8a02","2026-08-17 14:37"
"val1d","63875de4e55ec4234b26d1fb","earthenjoyer","662b7a543f29656f5fe5bf53","6a83539ad0127ac2bf3c9d8d","2026-08-17 14:37"
"YouriAuSki","57b4b134cf35d27324aeb664","tomus","665dad413a13d962ba9f8632","6a8352d95a6f2df5b9bf7b5f","2026-08-17 14:37"
"Sityqwai","5dc9b82ae9473f3ff8ad7799","Thomas4183b","60194a73ccb73b00018edf77","6a8351d95a6f2df5b9bf77b4","2026-08-17 14:38"
"Dragon","6046b8d109c0f6000137ee5d","Oli4brodjeaap","6390667778362b31eedaf759","6a83545a5a6f2df5b9bf808a","2026-08-17 14:38"
"tilted and tired","66549d4cc725af87c3aa9a34","kent","5fa7ab03b45c670001342904","6a835460d0127ac2bf3c9fcb","2026-08-17 14:39"
"Wanderer","628d8821da07473974d7adab","Next","6080a368f1a498000103e1ae","6a83535d420a46d53baa89c7","2026-08-17 14:39"
"BarryTheBee","62be7867aa13616722f8dd4a","Palmitas","69b33a815634cc416b9c7877","6a8353cd420a46d53baa8bd0","2026-08-17 14:40"
"Giancarlo Esposito","68e85bdb3f2cbbe915cbcd3d","boss bandit","63f549d56242089cd8f3b10e","6a8354c4e66f3c3c107e2977","2026-08-17 14:40"
"val1d","63875de4e55ec4234b26d1fb","zach","621783eaab08b80001371858","6a8354a5420a46d53baa8f53","2026-08-17 14:40"
"Moritz","604e275b66c3940001ee30ed","losiowsxkxkxskd","69d39591546b3ae1734c3b73","6a8354c9420a46d53baa9009","2026-08-17 14:41"
"Pandazan","632e19f3f0149e276027d38e","houmreu (Youtube)","5b571ce97135fa0e48b2d9f8","6a8354cb420a46d53baa900f","2026-08-17 14:42"
"Stella/chat off","63e1b563ec5549833a008296","tmol","65804bf1981dcef1aaa9fc20","6a8354e7d0127ac2bf3ca130","2026-08-17 14:42"
"zach","621783eaab08b80001371858","val1d","63875de4e55ec4234b26d1fb","6a83557f420a46d53baa92f4","2026-08-17 14:43"
"earthenjoyer","662b7a543f29656f5fe5bf53","Halikaru","5c357a953d925b4de42c816a","6a8354aae66f3c3c107e293a","2026-08-17 14:43"
"Oli4brodjeaap","6390667778362b31eedaf759","ScabTheSidewalk","691f64b9c0688aaea23c00dd","6a8354fc420a46d53baa90ea","2026-08-17 14:43"
"Lodi","5788e5e5c2a0fb1304dba46c","Oertbeer","6485cb880404933187c36b5b","6a83551e420a46d53baa916c","2026-08-17 14:43"
"Wanderer","628d8821da07473974d7adab","K-Talks","65636d19d3607369a76e58dd","6a835568cb58d8f3025a568a","2026-08-17 14:43"
"Nibiru","5f8c1986d282f60001f34b05","YouriAuSki","57b4b134cf35d27324aeb664","6a835518420a46d53baa9156","2026-08-17 14:44"
"no thoughts, just violence","61cdfc02f6470200011a0caa","Husky Asian Fella","62ac142dae05e4b9e196d808","6a8354045a6f2df5b9bf7f4c","2026-08-17 14:44"
"Pasord","6669c659ca16186b5a3dbc35","PLK","62179a5c8e88d400010d91ea","6a835323d0127ac2bf3c9c32","2026-08-17 14:44"
"boss bandit","63f549d56242089cd8f3b10e","Giancarlo Esposito","68e85bdb3f2cbbe915cbcd3d","6a835557bd14c20f7f9282b9","2026-08-17 14:45"
"Tottenhamwisps","60ad03a48b6e1d00012f8e7e","Shakazaramesh","5ef2945bbb96627c9ce5f63f","6a8354c5420a46d53baa8ff2","2026-08-17 14:45"
"GeoNestor","5a0761e672d16b933871e7a1","Falken","6259db15861871be45a34fab","6a83547ae66f3c3c107e28c4","2026-08-17 14:45"
"MaxJoker84","658c1a04945350bcd1f47aca","Danineu03","695acd4bbe184f829fa1241f","6a8355c9e66f3c3c107e2ca7","2026-08-17 14:45"
"Armire","579e7c0d96ca677b840d1210","thomas7eme","5ef89d2d8f01a05300030185","6a8352ef5a6f2df5b9bf7b99","2026-08-17 14:46"
"zach","621783eaab08b80001371858","val1d","63875de4e55ec4234b26d1fb","6a835622e66f3c3c107e2d7a","2026-08-17 14:46"
"Moritz","604e275b66c3940001ee30ed","losiowsxkxkxskd","69d39591546b3ae1734c3b73","6a8355d4420a46d53baa9428","2026-08-17 14:46"
"kent","5fa7ab03b45c670001342904","RedPanda","668983b7dd3af951fb7ef3e9","6a835548420a46d53baa91f9","2026-08-17 14:47"
"Moritz","604e275b66c3940001ee30ed","tomus","665dad413a13d962ba9f8632","6a8356ee420a46d53baa98a2","2026-08-17 14:48"
"Dragon","6046b8d109c0f6000137ee5d","omigupta (YT)","62280387e7a8b70001576d3d","6a8355d3ba6e1fd00eda95a0","2026-08-17 14:48"
"BarryTheBee","62be7867aa13616722f8dd4a","Palmitas","69b33a815634cc416b9c7877","6a8355d55a6f2df5b9bf8552","2026-08-17 14:49"
"Rossi","607c2c79284a5f0001eee443","Giancarlo Esposito","68e85bdb3f2cbbe915cbcd3d","6a835697420a46d53baa9719","2026-08-17 14:49"
"no thoughts, just violence","61cdfc02f6470200011a0caa","Rubber Dinghy Rapids Bro","5b1814ea59669593c4ce555b","6a8356a9420a46d53baa9756","2026-08-17 14:49"
"earthenjoyer","662b7a543f29656f5fe5bf53","tilted and tired","66549d4cc725af87c3aa9a34","6a83560a420a46d53baa950b","2026-08-17 14:49"
"Lodi","5788e5e5c2a0fb1304dba46c","Mikoo0","63f0ca33c17e8c146f6a9379","6a83565b420a46d53baa963e","2026-08-17 14:49"
"Halikaru","5c357a953d925b4de42c816a","Pasord","6669c659ca16186b5a3dbc35","6a8356445a6f2df5b9bf86b6","2026-08-17 14:50"
"Yarik","676e524ee37422d9da0e161a","YouriAuSki","57b4b134cf35d27324aeb664","6a83566c420a46d53baa966d","2026-08-17 14:50"
"val1d","63875de4e55ec4234b26d1fb","zach","621783eaab08b80001371858","6a8356fb420a46d53baa98d4","2026-08-17 14:51"
"no thoughts, just violence","61cdfc02f6470200011a0caa","Paris, Texas","6999ebd9423ce38404eadfb6","6a83577f5a6f2df5b9bf8ab9","2026-08-17 14:52"
"Ripailloux","5f05fde774184e2f78733b0b","earthenjoyer","662b7a543f29656f5fe5bf53","6a835772420a46d53baa9ace","2026-08-17 14:52"
"Moritz","604e275b66c3940001ee30ed","Stella/chat off","63e1b563ec5549833a008296","6a835794530b03eaa5f2465c","2026-08-17 14:53"
"Thomas4183b","60194a73ccb73b00018edf77","Fifonż","62a47f05cc33a10539b724eb","6a8356a5420a46d53baa9745","2026-08-17 14:53"
"YouriAuSki","57b4b134cf35d27324aeb664","Action_2410","694c55152a6d3fd5f4d9ccef","6a8357c4420a46d53baa9c8e","2026-08-17 14:53"
"Palmitas","69b33a815634cc416b9c7877","Goonax#4WC","6772fee6827b91b41dd22b5f","6a8357c0333f460fdf69c09d","2026-08-17 14:54"
"kent","5fa7ab03b45c670001342904","PLK","62179a5c8e88d400010d91ea","6a835711420a46d53baa9934","2026-08-17 14:54"
"Sityqwai","5dc9b82ae9473f3ff8ad7799","irrational","65ba97ce8b2ba0c747ffa3b7","6a8355455a6f2df5b9bf83a4","2026-08-17 14:55"
"Dan YAile","60ef0697612a5400012c89a3","Rossi","607c2c79284a5f0001eee443","6a83585ee66f3c3c107e33d8","2026-08-17 14:56"
"wichura240","68767692157557d5c76a0ab6","Brzoza","60ababeffb1efa0001302754","6a8358395a6f2df5b9bf8d9e","2026-08-17 14:56"
"zach","621783eaab08b80001371858","val1d","63875de4e55ec4234b26d1fb","6a8358075a6f2df5b9bf8d00","2026-08-17 14:56"
"thomas7eme","5ef89d2d8f01a05300030185","JasonYam","654be9570c6bc13590bdfdd4","6a83572b420a46d53baa99a3","2026-08-17 14:56"
"tmol","65804bf1981dcef1aaa9fc20","DonkeyGuesses","6912d873ef3380557dd45eec","6a835739d0127ac2bf3ca7ac","2026-08-17 14:56"
"boss bandit","63f549d56242089cd8f3b10e","Giancarlo Esposito","68e85bdb3f2cbbe915cbcd3d","6a835779420a46d53baa9aee","2026-08-17 14:57"
"Ripailloux","5f05fde774184e2f78733b0b","earthenjoyer","662b7a543f29656f5fe5bf53","6a83585d5a6f2df5b9bf8e0f","2026-08-17 14:57"
"Moritz","604e275b66c3940001ee30ed","Australia Hater Nr 1","65f32cb72d73cb4cf283ec33","6a83587e5a6f2df5b9bf8e6c","2026-08-17 14:57"
"Armire","579e7c0d96ca677b840d1210","RedPanda","668983b7dd3af951fb7ef3e9","6a835735420a46d53baa99df","2026-08-17 14:58"
"Pasord","6669c659ca16186b5a3dbc35","tilted and tired","66549d4cc725af87c3aa9a34","6a8357db420a46d53baa9d11","2026-08-17 14:58"
"boss bandit","63f549d56242089cd8f3b10e","Giancarlo Esposito","68e85bdb3f2cbbe915cbcd3d","6a835959d0127ac2bf3cae4f","2026-08-17 14:59"
"Brzoza","60ababeffb1efa0001302754","Ling","653d58ea4044fc276f407e75","6a835976420a46d53baaa529","2026-08-17 14:59"
"YouriAuSki","57b4b134cf35d27324aeb664","Lurkki","673dfa9f10797c20bc6721e9","6a8358ac420a46d53baaa150","2026-08-17 14:59"
"Conax","683029bd7e7399d1213e44e3","Halikaru","5c357a953d925b4de42c816a","6a83589c333f460fdf69c2fc","2026-08-17 15:00"
"zach","621783eaab08b80001371858","val1d","63875de4e55ec4234b26d1fb","6a8359225a6f2df5b9bf90dd","2026-08-17 15:00"
"MaxJoker84","658c1a04945350bcd1f47aca","Sebales2009","608256af5f125e00016fb46f","6a83592dd0127ac2bf3cadc8","2026-08-17 15:00"
"kent","5fa7ab03b45c670001342904","PLK","62179a5c8e88d400010d91ea","6a8358b7e66f3c3c107e34d7","2026-08-17 15:01"
"Moritz","604e275b66c3940001ee30ed","earthenjoyer","662b7a543f29656f5fe5bf53","6a83598be66f3c3c107e3783","2026-08-17 15:01"
"Aljosc","6285deec505b0a7a76ccca1d","ThiiagooAC7","66a13c3e99166dab91896702","6a8359c8d0127ac2bf3cafe4","2026-08-17 15:01"
"Yarik","676e524ee37422d9da0e161a","ScabTheSidewalk","691f64b9c0688aaea23c00dd","6a83590a420a46d53baaa35e","2026-08-17 15:01"
"boss bandit","63f549d56242089cd8f3b10e","Giancarlo Esposito","68e85bdb3f2cbbe915cbcd3d","6a8359ed420a46d53baaa74c","2026-08-17 15:02"
"Rubber Dinghy Rapids Bro","5b1814ea59669593c4ce555b","Cassius Chaerea","692afa4a3b2a1d12384d418b","6a835804bd14c20f7f9288b5","2026-08-17 15:02"
"Lurkki","673dfa9f10797c20bc6721e9","tilted and tired","66549d4cc725af87c3aa9a34","6a8359d9420a46d53baaa6f2","2026-08-17 15:02"
"adams","62f0c9a9822a3f816d659d84","BarryTheBee","62be7867aa13616722f8dd4a","6a8357ba420a46d53baa9c52","2026-08-17 15:03"
"boss bandit","63f549d56242089cd8f3b10e","Giancarlo Esposito","68e85bdb3f2cbbe915cbcd3d","6a835a7be66f3c3c107e3ad7","2026-08-17 15:03"
"Palmitas","69b33a815634cc416b9c7877","Goonax#4WC","6772fee6827b91b41dd22b5f","6a83591de66f3c3c107e363c","2026-08-17 15:03"
"Brzoza","60ababeffb1efa0001302754","Ling","653d58ea4044fc276f407e75","6a8359cd7d593dcac99a5d10","2026-08-17 15:03"
"Todjinou","60674f56a95f2c00017fa2fc","ThiiagooAC7","66a13c3e99166dab91896702","6a835a81420a46d53baaaa19","2026-08-17 15:03"
"Sho翔","61683c534bff51000116128d","GeoNestor","5a0761e672d16b933871e7a1","6a8357eb5a6f2df5b9bf8c82","2026-08-17 15:03"
"Husky Asian Fella","62ac142dae05e4b9e196d808","spherical_cow","62b34fca140a13acdc6567df","6a83567c420a46d53baa96af","2026-08-17 15:04"
"earthenjoyer","662b7a543f29656f5fe5bf53","val1d","63875de4e55ec4234b26d1fb","6a835a50333f460fdf69c81b","2026-08-17 15:04"
"tmol","65804bf1981dcef1aaa9fc20","Puffti","605a327c75d37900019aebd5","6a835945420a46d53baaa461","2026-08-17 15:04"
"Brzoza","60ababeffb1efa0001302754","Giancarlo Esposito","68e85bdb3f2cbbe915cbcd3d","6a835ada420a46d53baaabf5","2026-08-17 15:05"
"GeoBunny","64b2f9895059c43d9160f5af","pjtinha","5f5c49fecbd6d20001dd3967","6a835ad2420a46d53baaabaf","2026-08-17 15:05"
"geofilip753","69c6ad21a630d6d9a570c728","Moritz","604e275b66c3940001ee30ed","6a835abd5a6f2df5b9bf9723","2026-08-17 15:05"
"Lodi","5788e5e5c2a0fb1304dba46c","vinissos","5ef8174b308c19725c7e2f2b","6a835a265a6f2df5b9bf9490","2026-08-17 15:06"
"Dan YAile","60ef0697612a5400012c89a3","Tikon","621cddf10416aa00011b992b","6a8359a1e66f3c3c107e37d1","2026-08-17 15:08"
"Brzoza","60ababeffb1efa0001302754","Giancarlo Esposito","68e85bdb3f2cbbe915cbcd3d","6a835b58420a46d53baaaedf","2026-08-17 15:08"
"Ling","653d58ea4044fc276f407e75","boss bandit","63f549d56242089cd8f3b10e","6a835b125a6f2df5b9bf98a0","2026-08-17 15:08"
"Tottenhamwisps","60ad03a48b6e1d00012f8e7e","Conax","683029bd7e7399d1213e44e3","6a835a04d0127ac2bf3cb0a7","2026-08-17 15:08"
"earthenjoyer","662b7a543f29656f5fe5bf53","Goonax#4WC","6772fee6827b91b41dd22b5f","6a835b1de66f3c3c107e3d5a","2026-08-17 15:08"
"Giant Panda","6874e2f8ef3960e599abae7c","val1d","63875de4e55ec4234b26d1fb","6a835b5230328236e0cfc632","2026-08-17 15:08"
"Berzan Solmaz","6924b173be3c228d8500cc35","PLK","62179a5c8e88d400010d91ea","6a835aaad0127ac2bf3cb2bd","2026-08-17 15:08"
"BarryTheBee","62be7867aa13616722f8dd4a","adams","62f0c9a9822a3f816d659d84","6a835aced0127ac2bf3cb330","2026-08-17 15:10"
"Brzoza","60ababeffb1efa0001302754","Ling","653d58ea4044fc276f407e75","6a835c155a6f2df5b9bf9cc7","2026-08-17 15:10"
"Giancarlo Esposito","68e85bdb3f2cbbe915cbcd3d","Rossi","607c2c79284a5f0001eee443","6a835bdb5a6f2df5b9bf9be8","2026-08-17 15:10"
"Pasord","6669c659ca16186b5a3dbc35","Waluuuuuuu","6380cc417b431c1eece4916c","6a8359ac420a46d53baaa61f","2026-08-17 15:10"
"geofilip753","69c6ad21a630d6d9a570c728","Lodi","5788e5e5c2a0fb1304dba46c","6a835b6bd0127ac2bf3cb57b","2026-08-17 15:10"
"Sho翔","61683c534bff51000116128d","Marina","699dd6330c53a1b6fc364055","6a835b1b420a46d53baaadba","2026-08-17 15:10"
"Halikaru","5c357a953d925b4de42c816a","Lurkki","673dfa9f10797c20bc6721e9","6a835a7f420a46d53baaaa12","2026-08-17 15:11"
"geofilip753","69c6ad21a630d6d9a570c728","Lodi","5788e5e5c2a0fb1304dba46c","6a835c79530b03eaa5f2543e","2026-08-17 15:11"
"Marina","699dd6330c53a1b6fc364055","Matt","67a8e90f607e54ae2aaad54a","6a835c88420a46d53baab460","2026-08-17 15:11"
"kent","5fa7ab03b45c670001342904","Shakazaramesh","5ef2945bbb96627c9ce5f63f","6a835ac2d0127ac2bf3cb305","2026-08-17 15:12"
"[PEA]Arvanna","66a545e50035c093bfe072bd","Konsti","621ac3482c23f10001edec44","6a835872420a46d53baaa01f","2026-08-17 15:12"
"spherical_cow","62b34fca140a13acdc6567df","Band1to","5fdd32c7df0cf800017ddf6d","6a835b65333f460fdf69cb70","2026-08-17 15:12"
"Tikon","621cddf10416aa00011b992b","Palmitas","69b33a815634cc416b9c7877","6a835bfa333f460fdf69cd28","2026-08-17 15:13"
"Brzoza","60ababeffb1efa0001302754","Ling","653d58ea4044fc276f407e75","6a835c855a6f2df5b9bf9e4f","2026-08-17 15:14"
"Giancarlo Esposito","68e85bdb3f2cbbe915cbcd3d","boss bandit","63f549d56242089cd8f3b10e","6a835c6a333f460fdf69ce3c","2026-08-17 15:14"
"Pasord","6669c659ca16186b5a3dbc35","Waluuuuuuu","6380cc417b431c1eece4916c","6a835c66530b03eaa5f25408","2026-08-17 15:14"
"Uzi","612d2dabcb9f290001b77fcc","Conax","683029bd7e7399d1213e44e3","6a835c12420a46d53baab268","2026-08-17 15:14"
"geofilip753","69c6ad21a630d6d9a570c728","Giant Panda","6874e2f8ef3960e599abae7c","6a835ccd5a6f2df5b9bf9f53","2026-08-17 15:14"
"Aljosc","6285deec505b0a7a76ccca1d","Lurkki","673dfa9f10797c20bc6721e9","6a835ca3420a46d53baab4be","2026-08-17 15:14"
"Sho翔","61683c534bff51000116128d","Yarik","676e524ee37422d9da0e161a","6a835c83420a46d53baab451","2026-08-17 15:14"
"Palmitas","6996dba3740f6563cda3ee30","tilted and tired","66549d4cc725af87c3aa9a34","6a835b5be66f3c3c107e3e2a","2026-08-17 15:15"
"Berzan Solmaz","6924b173be3c228d8500cc35","omigupta (YT)","62280387e7a8b70001576d3d","6a835c39420a46d53baab331","2026-08-17 15:15"
"F12RXY7U9I","6919845c3a6623b10b2fa710","earthenjoyer","662b7a543f29656f5fe5bf53","6a835c24420a46d53baab2ac","2026-08-17 15:16"
"adams","62f0c9a9822a3f816d659d84","BarryTheBee","62be7867aa13616722f8dd4a","6a835c60420a46d53baab3ca","2026-08-17 15:17"
"Palmitas","69b33a815634cc416b9c7877","layy ♡","603df174d3dc740001da871a","6a835d28420a46d53baab6bc","2026-08-17 15:18"
"Ling","653d58ea4044fc276f407e75","Brzoza","60ababeffb1efa0001302754","6a835daa30328236e0cfcb5b","2026-08-17 15:18"
"Shakazaramesh","5ef2945bbb96627c9ce5f63f","kent","5fa7ab03b45c670001342904","6a835cf25a6f2df5b9bf9fc5","2026-08-17 15:18"
"Halikaru","5c357a953d925b4de42c816a","Edawardz","600aa63b94b5f40001eddb27","6a835cc85a6f2df5b9bf9f40","2026-08-17 15:18"
"Alt Foda","6a552980312272525410f673","Jv893456","634daf6d8b4074bd3ed3b713","6a835de2420a46d53baab9cf","2026-08-17 15:18"
"tmol","65804bf1981dcef1aaa9fc20","VixGeooo2b","5fb0f0e56f23e6000161ccbf","6a835cf4420a46d53baab614","2026-08-17 15:18"
"boss bandit","63f549d56242089cd8f3b10e","Giancarlo Esposito","68e85bdb3f2cbbe915cbcd3d","6a835d56420a46d53baab79a","2026-08-17 15:19"
"Rossi","607c2c79284a5f0001eee443","Goonax#4WC","6772fee6827b91b41dd22b5f","6a835c63e66f3c3c107e4158","2026-08-17 15:19"
"houmreu (Youtube)","5b571ce97135fa0e48b2d9f8","Giant Panda","6874e2f8ef3960e599abae7c","6a835e10e66f3c3c107e462b","2026-08-17 15:19"
"Brzoza","60ababeffb1efa0001302754","Ling","653d58ea4044fc276f407e75","6a835e5ad0127ac2bf3cbd92","2026-08-17 15:20"
"PLK","62179a5c8e88d400010d91ea","Aljosc","6285deec505b0a7a76ccca1d","6a835d56420a46d53baab795","2026-08-17 15:20"
"Alt Foda","6a552980312272525410f673","Nazar Tkhir","6022a3680287450001c0e05d","6a835e6dd0127ac2bf3cbdd1","2026-08-17 15:21"
"Marina","699dd6330c53a1b6fc364055","Henkerz","62acdf653976896d5962e2eb","6a835cb75a6f2df5b9bf9ef3","2026-08-17 15:21"
"Lodi","5788e5e5c2a0fb1304dba46c","Johannez","6025667836ff8a0001f5ebe6","6a835e95e66f3c3c107e47bf","2026-08-17 15:21"
"Rossi","607c2c79284a5f0001eee443","houmreu (Youtube)","5b571ce97135fa0e48b2d9f8","6a835ed8e66f3c3c107e487f","2026-08-17 15:22"
"boss bandit","63f549d56242089cd8f3b10e","Giancarlo Esposito","68e85bdb3f2cbbe915cbcd3d","6a835e89420a46d53baabcc2","2026-08-17 15:23"
"Aljosc","6285deec505b0a7a76ccca1d","w4tercloud","5eadc193d502e122ec8b0f9f","6a835efb420a46d53baabece","2026-08-17 15:23"
"Bouman","66f6e27efd3996cffce4e9ab","RupturingNebulas","68547edd73045641270e5a0c","6a835ba9e66f3c3c107e3f31","2026-08-17 15:23"
"Brzoza","60ababeffb1efa0001302754","Ling","653d58ea4044fc276f407e75","6a835ee4420a46d53baabe8a","2026-08-17 15:24"
"Waluuuuuuu","6380cc417b431c1eece4916c","Pasord","6669c659ca16186b5a3dbc35","6a835d62420a46d53baab7ca","2026-08-17 15:24"
"PLK","62179a5c8e88d400010d91ea","Shakazaramesh","5ef2945bbb96627c9ce5f63f","6a835ee4420a46d53baabe8b","2026-08-17 15:24"
"Sho翔","61683c534bff51000116128d","Kageyu","68ca96634b59728d6b0f739a","6a835d745a6f2df5b9bfa145","2026-08-17 15:24"
"thomas7eme","5ef89d2d8f01a05300030185","Cassius Chaerea","692afa4a3b2a1d12384d418b","6a835aac420a46d53baaaae0","2026-08-17 15:25"
"layy ♡","603df174d3dc740001da871a","kent","5fa7ab03b45c670001342904","6a835e93420a46d53baabcfd","2026-08-17 15:26"
"Yarik","676e524ee37422d9da0e161a","F12RXY7U9I","6919845c3a6623b10b2fa710","6a835efee66f3c3c107e48f1","2026-08-17 15:26"
"Lodi","5788e5e5c2a0fb1304dba46c","Landmeter","62384d28c033a3f41dd2f27b","6a835f0ded20570f0707c187","2026-08-17 15:26"
"BarryTheBee","62be7867aa13616722f8dd4a","adams","62f0c9a9822a3f816d659d84","6a835e015a6f2df5b9bfa305","2026-08-17 15:27"
"Edawardz","600aa63b94b5f40001eddb27","Halikaru","5c357a953d925b4de42c816a","6a835e55d0127ac2bf3cbd7c","2026-08-17 15:27"
"tilted and tired","66549d4cc725af87c3aa9a34","Palmitas","6996dba3740f6563cda3ee30","6a835dde420a46d53baab9b2","2026-08-17 15:27"
"[PEA]Arvanna","66a545e50035c093bfe072bd","Konsti","621ac3482c23f10001edec44","6a835d72e66f3c3c107e4467","2026-08-17 15:27"
"boss bandit","63f549d56242089cd8f3b10e","Giancarlo Esposito","68e85bdb3f2cbbe915cbcd3d","6a835f83d0127ac2bf3cc08a","2026-08-17 15:28"
"Goonax#4WC","6772fee6827b91b41dd22b5f","earthenjoyer","662b7a543f29656f5fe5bf53","6a835f5a530b03eaa5f25b12","2026-08-17 15:28"
"Kageyu","68ca96634b59728d6b0f739a","vinissos","5ef8174b308c19725c7e2f2b","6a835fe45a6f2df5b9bfa935","2026-08-17 15:28"
"Pasord","6669c659ca16186b5a3dbc35","Shakazaramesh","5ef2945bbb96627c9ce5f63f","6a835fb6530b03eaa5f25bbf","2026-08-17 15:29"
"Yuri Lacerda","574a41d691ca974b84f3cb55","Vdiitgger","61424662f5f26100019d778b","6a836048d0127ac2bf3cc309","2026-08-17 15:29"
"boss bandit","63f549d56242089cd8f3b10e","Giancarlo Esposito","68e85bdb3f2cbbe915cbcd3d","6a8360a6420a46d53baac679","2026-08-17 15:30"
"tilted and tired","66549d4cc725af87c3aa9a34","Json Delulu","6a14d675c819b60e452fa035","6a8360f1420a46d53baac7d1","2026-08-17 15:30"
"JanTheIdiot","5c66d1901554907d648fd7df","Haus","678bc95a847b56d5e0276463","6a835c727d593dcac99a650f","2026-08-17 15:30"
"Marina","699dd6330c53a1b6fc364055","Lodi","5788e5e5c2a0fb1304dba46c","6a836029e66f3c3c107e4ca7","2026-08-17 15:30"
"Luca","5f16089811d5ca4d3898393c","wichura240","68767692157557d5c76a0ab6","6a8360535a6f2df5b9bfab10","2026-08-17 15:31"
"Psylaris","59dad8dd5d2de4db8036e36c","spherical_cow","62b34fca140a13acdc6567df","6a835f1e420a46d53baabf59","2026-08-17 15:31"
"adams","62f0c9a9822a3f816d659d84","BarryTheBee","62be7867aa13616722f8dd4a","6a836065d0127ac2bf3cc342","2026-08-17 15:33"
"Waluuuuuuu","6380cc417b431c1eece4916c","PLK","62179a5c8e88d400010d91ea","6a835fb4420a46d53baac1f9","2026-08-17 15:33"
"F12RXY7U9I","6919845c3a6623b10b2fa710","Palmitas","6996dba3740f6563cda3ee30","6a83606e5a6f2df5b9bfab73","2026-08-17 15:33"
"Yanek","5e625daa90d6cfa438a867a6","Palmitas","69b33a815634cc416b9c7877","6a836157420a46d53baaca07","2026-08-17 15:35"
"Ling","653d58ea4044fc276f407e75","Aljosc","6285deec505b0a7a76ccca1d","6a83614a420a46d53baac9c3","2026-08-17 15:35"
"Goonax#4WC","6772fee6827b91b41dd22b5f","earthenjoyer","662b7a543f29656f5fe5bf53","6a8360b1420a46d53baac6b7","2026-08-17 15:35"
"KobrBurva","68b1ac9d7d6d0fc1eac0efc5","YALACHAMOOO","667429ad496e380f55a53a5e","6a835ffe5a6f2df5b9bfa992","2026-08-17 15:35"
"Edawardz","600aa63b94b5f40001eddb27","Brzoza","60ababeffb1efa0001302754","6a836066333f460fdf69d845","2026-08-17 15:36"
"朋友是一个坚韧不拔的纪录片， 在香港这座城市的设置。","65de536fb77f430b929240f3","F12RXY7U9I","6919845c3a6623b10b2fa710","6a836237420a46d53baace63","2026-08-17 15:36"
"BarryTheBee","62be7867aa13616722f8dd4a","adams","62f0c9a9822a3f816d659d84","6a8361c0e66f3c3c107e52ea","2026-08-17 15:37"
"Ling","653d58ea4044fc276f407e75","Lubec","5e974c906ea510372c1e444a","6a83624de66f3c3c107e54fe","2026-08-17 15:38"
"Tschapra","66b9c722770eb8e328a9c2fb","tilted and tired","66549d4cc725af87c3aa9a34","6a8361a8333f460fdf69dbbf","2026-08-17 15:38"
"Luca","5f16089811d5ca4d3898393c","wichura240","68767692157557d5c76a0ab6","6a8361d15a6f2df5b9bfb04e","2026-08-17 15:39"
"Psylaris","59dad8dd5d2de4db8036e36c","spherical_cow","62b34fca140a13acdc6567df","6a836176d0127ac2bf3cc6d1","2026-08-17 15:39"
"Aljosc","6285deec505b0a7a76ccca1d","DonkeyGuesses","6912d873ef3380557dd45eec","6a83624c420a46d53baacec1","2026-08-17 15:39"
"Lodi","5788e5e5c2a0fb1304dba46c","Limatas","6524cac4da010dc590231cb3","6a836222420a46d53baacdec","2026-08-17 15:39"
"BarryTheBee","62be7867aa13616722f8dd4a","adams","62f0c9a9822a3f816d659d84","6a8362bde66f3c3c107e563e","2026-08-17 15:40"
"Junior Paulo","60d6b2fd6f85320001258c83","Palmitas","69b33a815634cc416b9c7877","6a836246e66f3c3c107e54e3","2026-08-17 15:40"
"geofilip753","69c6ad21a630d6d9a570c728","Luxus","64d905c29860ac321bb0ddc5","6a8362ed333f460fdf69df37","2026-08-17 15:40"
"B-FAULT","62253ec0f9a281000121d0e3","Konsti","621ac3482c23f10001edec44","6a836070420a46d53baac572","2026-08-17 15:40"
"Surgut sand","5ec369eae7115241a4e75beb","mav1land","63f4a2bda13ee3ab588d6275","6a83626dd0127ac2bf3cca14","2026-08-17 15:40"
"Shakazaramesh","5ef2945bbb96627c9ce5f63f","Pasord","6669c659ca16186b5a3dbc35","6a8360db5a6f2df5b9bfacbc","2026-08-17 15:41"
"Goonax#4WC","6772fee6827b91b41dd22b5f","Lubec","5e974c906ea510372c1e444a","6a8362ff5a6f2df5b9bfb46f","2026-08-17 15:42"
"PLK","62179a5c8e88d400010d91ea","Waluuuuuuu","6380cc417b431c1eece4916c","6a8361d75a6f2df5b9bfb058","2026-08-17 15:42"
"Tschapra","66b9c722770eb8e328a9c2fb","tilted and tired","66549d4cc725af87c3aa9a34","6a8362fe420a46d53baad24c","2026-08-17 15:44"
"Yuri Lacerda","574a41d691ca974b84f3cb55","Keilo75","5faee83db45c6700013651a2","6a8362f1e66f3c3c107e5719","2026-08-17 15:44"
"Lodi","5788e5e5c2a0fb1304dba46c","Luxus","64d905c29860ac321bb0ddc5","6a836363420a46d53baad402","2026-08-17 15:44"
"Blinky","5b51062a4010740f7cd91dd5","Yanek","5e625daa90d6cfa438a867a6","6a8362e6d0127ac2bf3ccb6c","2026-08-17 15:45"
"Brzoza","60ababeffb1efa0001302754","Edawardz","600aa63b94b5f40001eddb27","6a8362a5e66f3c3c107e55fa","2026-08-17 15:45"
"geofilip753","69c6ad21a630d6d9a570c728","Surgut sand","5ec369eae7115241a4e75beb","6a83637e420a46d53baad488","2026-08-17 15:45"
"Yarik","676e524ee37422d9da0e161a","Henkerz","62acdf653976896d5962e2eb","6a8363ab420a46d53baad533","2026-08-17 15:45"
"earthenjoyer","662b7a543f29656f5fe5bf53","parsec","670c184c705e783701c753c0","6a8362c65a6f2df5b9bfb3d6","2026-08-17 15:46"
"Shakazaramesh","5ef2945bbb96627c9ce5f63f","Pasord","6669c659ca16186b5a3dbc35","6a8363a5420a46d53baad522","2026-08-17 15:47"
"F12RXY7U9I","6919845c3a6623b10b2fa710","race","603c5c220297940001b84e1a","6a836459420a46d53baad81a","2026-08-17 15:47"
"geofilip753","69c6ad21a630d6d9a570c728","雨又潇潇","635a7c4f940d8dc91bd25ec4","6a8364d3d0127ac2bf3cd0af","2026-08-17 15:48"
"Dan YAile","60ef0697612a5400012c89a3","layy ♡","603df174d3dc740001da871a","6a83641ae66f3c3c107e5a70","2026-08-17 15:49"
"wichura240","68767692157557d5c76a0ab6","Lubec","5e974c906ea510372c1e444a","6a83648e530b03eaa5f268dd","2026-08-17 15:49"
"Surgut sand","5ec369eae7115241a4e75beb","Yuri Lacerda","574a41d691ca974b84f3cb55","6a83650a420a46d53baadb90","2026-08-17 15:49"
"wuh","6113168b6962f50001aac734","race","603c5c220297940001b84e1a","6a836517333f460fdf69e486","2026-08-17 15:49"
"PLK","62179a5c8e88d400010d91ea","CornyOnTheBob 🌽🌻","6063947a510035000104454f","6a8363f0420a46d53baad651","2026-08-17 15:50"
"Luca","5f16089811d5ca4d3898393c","Ling","653d58ea4044fc276f407e75","6a836388420a46d53baad4a8","2026-08-17 15:50"
"thomas7eme","5ef89d2d8f01a05300030185","[PEA]Arvanna","66a545e50035c093bfe072bd","6a8360635a6f2df5b9bfab44","2026-08-17 15:50"
"parsec","670c184c705e783701c753c0","Tschapra","66b9c722770eb8e328a9c2fb","6a8364f2e66f3c3c107e5d59","2026-08-17 15:50"
"Palmitas","69b33a815634cc416b9c7877","Junior Paulo","60d6b2fd6f85320001258c83","6a836392420a46d53baad4ca","2026-08-17 15:51"
"Lodi","5788e5e5c2a0fb1304dba46c","KAITOOO","62e8c3ab0065abc49aca361d","6a8364945b767c72a5cad34b","2026-08-17 15:51"
"BadAssGeo","69742cb6dd3c0f9e450df031","Pasord","6669c659ca16186b5a3dbc35","6a83658b420a46d53baade20","2026-08-17 15:52"
"Geooo","5ffb5e4975d2770001545cf5","BarryTheBee","62be7867aa13616722f8dd4a","6a8364fa530b03eaa5f269ec","2026-08-17 15:54"
"Ling","653d58ea4044fc276f407e75","Lubec","5e974c906ea510372c1e444a","6a8365d5420a46d53baadf7d","2026-08-17 15:54"
"雨又潇潇","635a7c4f940d8dc91bd25ec4","MaxJoker84","658c1a04945350bcd1f47aca","6a8365e2e66f3c3c107e60a7","2026-08-17 15:54"
"Yuri Lacerda","574a41d691ca974b84f3cb55","Surgut sand","5ec369eae7115241a4e75beb","6a8365b8420a46d53baadef3","2026-08-17 15:54"
"F12RXY7U9I","6919845c3a6623b10b2fa710","DonkeyGuesses","6912d873ef3380557dd45eec","6a836549420a46d53baadce3","2026-08-17 15:54"
"Christobal Cebolla","67a0c1f30b5863275051a4f0","mav1land","63f4a2bda13ee3ab588d6275","6a8365c9e66f3c3c107e6078","2026-08-17 15:54"
"PLK","62179a5c8e88d400010d91ea","antidotess","60859c21128efc0001559603","6a8365cfe66f3c3c107e6088","2026-08-17 15:55"
"mii3en","66159d055967919df66cf9c0","Luca","5f16089811d5ca4d3898393c","6a8365ecd0127ac2bf3cd409","2026-08-17 15:55"
"MisuZ","68d9000d9c38c66edcca9fa8","earthenjoyer","662b7a543f29656f5fe5bf53","6a83651c5a6f2df5b9bfbadb","2026-08-17 15:55"
"spherical_cow","62b34fca140a13acdc6567df","atomate29","662fe9d9f538b479027742ff","6a83643f5a6f2df5b9bfb801","2026-08-17 15:55"
"Junior Paulo","60d6b2fd6f85320001258c83","supergaming","5dfe5cfd328e461c04d7fbf2","6a83661de66f3c3c107e6146","2026-08-17 15:56"
"Brzoza","60ababeffb1efa0001302754","Edawardz","600aa63b94b5f40001eddb27","6a8364b7e66f3c3c107e5c86","2026-08-17 15:56"
"Surgut sand","5ec369eae7115241a4e75beb","mav1land","63f4a2bda13ee3ab588d6275","6a8366c5e66f3c3c107e6357","2026-08-17 15:56"
"Pasord","6669c659ca16186b5a3dbc35","Lodi","5788e5e5c2a0fb1304dba46c","6a836654e66f3c3c107e61fd","2026-08-17 15:57"
"B-FAULT","62253ec0f9a281000121d0e3","Konsti","621ac3482c23f10001edec44","6a836394420a46d53baad4d1","2026-08-17 15:57"
"race","603c5c220297940001b84e1a","Cribu","593a9221d280a519982a5afb","6a836679420a46d53baae223","2026-08-17 15:57"
"Tschapra","66b9c722770eb8e328a9c2fb","CornyOnTheBob 🌽🌻","6063947a510035000104454f","6a83662b420a46d53baae0bc","2026-08-17 15:58"
"雨又潇潇","635a7c4f940d8dc91bd25ec4","Ling","653d58ea4044fc276f407e75","6a8366b1420a46d53baae335","2026-08-17 15:59"
"Yanek","5e625daa90d6cfa438a867a6","Blinky","5b51062a4010740f7cd91dd5","6a8364d4d0127ac2bf3cd0b6","2026-08-17 16:00"
"Christobal Cebolla","67a0c1f30b5863275051a4f0","Yarik","676e524ee37422d9da0e161a","6a8366c6e66f3c3c107e635b","2026-08-17 16:01"
"GeoMax","610ade6208061c000158624f","atomate29","662fe9d9f538b479027742ff","6a836744420a46d53baae5e7","2026-08-17 16:01"
"layy ♡","603df174d3dc740001da871a","iNS4NE","596fcdabcf818c83482add39","6a8365e7420a46d53baadfb5","2026-08-17 16:02"
"Ling","653d58ea4044fc276f407e75","雨又潇潇","635a7c4f940d8dc91bd25ec4","6a836810420a46d53baae9d5","2026-08-17 16:02"
"Palmitas","6984de4267015bc9a6109cae","mii3en","66159d055967919df66cf9c0","6a836776e66f3c3c107e659b","2026-08-17 16:02"
"BarryTheBee","62be7867aa13616722f8dd4a","Geooo","5ffb5e4975d2770001545cf5","6a8366e8420a46d53baae42a","2026-08-17 16:03"
"F12RXY7U9I","6919845c3a6623b10b2fa710","KAITOOO","62e8c3ab0065abc49aca361d","6a836846420a46d53baaeadb","2026-08-17 16:03"
"Shakazaramesh","5ef2945bbb96627c9ce5f63f","Pasord","6669c659ca16186b5a3dbc35","6a836780333f460fdf69eb3d","2026-08-17 16:04"
"earthenjoyer","662b7a543f29656f5fe5bf53","Tschapra","66b9c722770eb8e328a9c2fb","6a836819333f460fdf69ed27","2026-08-17 16:04"
"Christobal Cebolla","67a0c1f30b5863275051a4f0","Lodi","5788e5e5c2a0fb1304dba46c","6a836852420a46d53baaeb17","2026-08-17 16:04"
"iNS4NE","596fcdabcf818c83482add39","しよえ　Shiyoe","6375a42d001fcb9df8d226d9","6a8368dad0127ac2bf3cdd57","2026-08-17 16:06"
"Palmitas","6984de4267015bc9a6109cae","MerryCanyon719","66a8ba1fe626c7340b49ccd9","6a83688f420a46d53baaec36","2026-08-17 16:06"
"雨又潇潇","635a7c4f940d8dc91bd25ec4","Jonas","661ad4c4073f663c21b57fe6","6a8368fe5a6f2df5b9bfc910","2026-08-17 16:06"
"Zi8gbolt Lyons","612472f2c4b5740001ef2d03","[PEA]Arvanna","66a545e50035c093bfe072bd","6a83660d420a46d53baae03e","2026-08-17 16:06"
"GeoMax","610ade6208061c000158624f","BlackShark","61f04538cc54700001a27678","6a836889420a46d53baaec10","2026-08-17 16:06"
"Jonas","661ad4c4073f663c21b57fe6","雨又潇潇","635a7c4f940d8dc91bd25ec4","6a836987420a46d53baaf0ba","2026-08-17 16:07"
"Edawardz","600aa63b94b5f40001eddb27","CornyOnTheBob 🌽🌻","6063947a510035000104454f","6a8367be420a46d53baae83b","2026-08-17 16:07"
"mii3en","66159d055967919df66cf9c0","Ling","653d58ea4044fc276f407e75","6a8368b4420a46d53baaece1","2026-08-17 16:07"
"tilted and tired","66549d4cc725af87c3aa9a34","PLK","62179a5c8e88d400010d91ea","6a83670c5a6f2df5b9bfc163","2026-08-17 16:07"
"Neuer3","64257ca5930f6c559b9a32e9","Haus","678bc95a847b56d5e0276463","6a8366cce66f3c3c107e6369","2026-08-17 16:07"
"B-FAULT","62253ec0f9a281000121d0e3","Delphi","56cf8037a3b94899cc828385","6a83676ed0127ac2bf3cd8cd","2026-08-17 16:08"
"Lágrima","5f32d46aca94e000015886be","Yuri Lacerda","574a41d691ca974b84f3cb55","6a8366ca420a46d53baae386","2026-08-17 16:08"
"BarryTheBee","62be7867aa13616722f8dd4a","Blinky","5b51062a4010740f7cd91dd5","6a8368cdd0127ac2bf3cdd32","2026-08-17 16:09"
"supergaming","5dfe5cfd328e461c04d7fbf2","Brzoza","60ababeffb1efa0001302754","6a836751420a46d53baae614","2026-08-17 16:09"
"MerryCanyon719","66a8ba1fe626c7340b49ccd9","Giancarlo Esposito","68e85bdb3f2cbbe915cbcd3d","6a8369a0d0127ac2bf3cdff2","2026-08-17 16:09"
"Tschapra","66b9c722770eb8e328a9c2fb","earthenjoyer","662b7a543f29656f5fe5bf53","6a83690c5a6f2df5b9bfc942","2026-08-17 16:09"
"super singh","6a591d57c05d5d35f4095c85","Ana","6102ff64f8795a0001e0cb62","6a8369435a6f2df5b9bfc9ec","2026-08-17 16:09"
"CapixabaGeo","65e1351e81122873dc224467","Pirik","669e6134d95d857a27cbc0cd","6a8368ee5a6f2df5b9bfc8c0","2026-08-17 16:09"
"Lodi","5788e5e5c2a0fb1304dba46c","F12RXY7U9I","6919845c3a6623b10b2fa710","6a836941420a46d53baaef6c","2026-08-17 16:09"
"boss bandit","63f549d56242089cd8f3b10e","iNS4NE","596fcdabcf818c83482add39","6a8369bb420a46d53baaf1d1","2026-08-17 16:10"
"MerryCanyon719","66a8ba1fe626c7340b49ccd9","Ling","653d58ea4044fc276f407e75","6a836a3a420a46d53baaf407","2026-08-17 16:10"
"雨又潇潇","635a7c4f940d8dc91bd25ec4","Jonas","661ad4c4073f663c21b57fe6","6a8369d25a6f2df5b9bfcc56","2026-08-17 16:10"
"Cribu","593a9221d280a519982a5afb","vdestin","69dceeb35a65a03675bcfd7b","6a836975420a46d53baaf071","2026-08-17 16:10"
"Brzoza","60ababeffb1efa0001302754","Giancarlo Esposito","68e85bdb3f2cbbe915cbcd3d","6a836a4fe66f3c3c107e6ee8","2026-08-17 16:11"
"Palmitas","6984de4267015bc9a6109cae","しよえ　Shiyoe","6375a42d001fcb9df8d226d9","6a8369c4420a46d53baaf1f5","2026-08-17 16:11"
"CornyOnTheBob 🌽🌻","6063947a510035000104454f","Edawardz","600aa63b94b5f40001eddb27","6a8369c4420a46d53baaf1f6","2026-08-17 16:11"
"Lodi","5788e5e5c2a0fb1304dba46c","Ginkgo","6760005d9628f35e5f0423c3","6a836a385a6f2df5b9bfcd78","2026-08-17 16:11"
"F12RXY7U9I","6919845c3a6623b10b2fa710","JB.Ringer","65c7f38ee3172296f717c092","6a836a72e66f3c3c107e6f6f","2026-08-17 16:11"
"Junior Paulo","60d6b2fd6f85320001258c83","Yanek","5e625daa90d6cfa438a867a6","6a836840d0127ac2bf3cdb8c","2026-08-17 16:12"
"MG","670d6a20cf57e18ab12f38f8","ScabTheSidewalk","691f64b9c0688aaea23c00dd","6a836a5b420a46d53baaf48d","2026-08-17 16:12"
"Geooo","5ffb5e4975d2770001545cf5","layy ♡","603df174d3dc740001da871a","6a8369b4420a46d53baaf1b8","2026-08-17 16:13"
"Giancarlo Esposito","68e85bdb3f2cbbe915cbcd3d","https://www.twitch.tv/qule0","635d8550c15309de668daf99","6a836acc420a46d53baaf6bd","2026-08-17 16:13"
"parsec","670c184c705e783701c753c0","Synxzy","62b9d279343a6042acb35fe8","6a8368da333f460fdf69ef3e","2026-08-17 16:13"
"kuba.","68582b5f8e62427811441b60","vdestin","69dceeb35a65a03675bcfd7b","6a836a89420a46d53baaf56c","2026-08-17 16:13"
"PLK","62179a5c8e88d400010d91ea","tilted and tired","66549d4cc725af87c3aa9a34","6a836a68420a46d53baaf4d8","2026-08-17 16:16"
"Tschapra","66b9c722770eb8e328a9c2fb","earthenjoyer","662b7a543f29656f5fe5bf53","6a836a54420a46d53baaf472","2026-08-17 16:16"
"super singh","6a591d57c05d5d35f4095c85","Tropical Tundra","684f0d4e847aa999ac74ba57","6a836b24420a46d53baaf845","2026-08-17 16:16"
"Baron","693f6bdc3353aee359a84f82","Soos","5beb0e9a9f90a86d0801a5fb","6a836abd420a46d53baaf679","2026-08-17 16:16"
"Cribu","593a9221d280a519982a5afb","WiO","609b799c0a06b400011744cd","6a836a8c420a46d53baaf577","2026-08-17 16:16"
"Giancarlo Esposito","68e85bdb3f2cbbe915cbcd3d","emshanoff","60a55176895a250001d9e2d8","6a836b47420a46d53baaf8c2","2026-08-17 16:17"
"Pasord","6669c659ca16186b5a3dbc35","Rafa","65d3d579486526d78cd578f9","6a836976420a46d53baaf075","2026-08-17 16:17"
"Ritchie","5ff84d182c4df40001592f85","雨又潇潇","635a7c4f940d8dc91bd25ec4","6a836a7ad0127ac2bf3ce26e","2026-08-17 16:17"
"F12RXY7U9I","6919845c3a6623b10b2fa710","Lodi","5788e5e5c2a0fb1304dba46c","6a836adc420a46d53baaf708","2026-08-17 16:17"
"iNS4NE","596fcdabcf818c83482add39","Jonas","661ad4c4073f663c21b57fe6","6a836a9e5b767c72a5cae322","2026-08-17 16:18"
"MerryCanyon719","66a8ba1fe626c7340b49ccd9","Ling","653d58ea4044fc276f407e75","6a836aaa420a46d53baaf622","2026-08-17 16:18"
"Palmitas","6984de4267015bc9a6109cae","しよえ　Shiyoe","6375a42d001fcb9df8d226d9","6a836ada333f460fdf69f472","2026-08-17 16:18"
"CornyOnTheBob 🌽🌻","6063947a510035000104454f","Edawardz","600aa63b94b5f40001eddb27","6a836aaa5a6f2df5b9bfcec0","2026-08-17 16:18"
"CapixabaGeo","65e1351e81122873dc224467","Pirik","669e6134d95d857a27cbc0cd","6a836a4de66f3c3c107e6edd","2026-08-17 16:18"
"kuba.","68582b5f8e62427811441b60","Joshkabloomy","604c5a52e142340001a0a666","6a836b54420a46d53baaf8f2","2026-08-17 16:18"
"Palmitas","69b33a815634cc416b9c7877","Junior Paulo","60d6b2fd6f85320001258c83","6a836ba7420a46d53baafa89","2026-08-17 16:19"
"spherical_cow","62b34fca140a13acdc6567df","RuralQuay427","67afb8f9170e41f8f611a20a","6a8367be5a6f2df5b9bfc410","2026-08-17 16:19"
"Maksonic","619d09bdc4ab7000016c68d3","https://www.twitch.tv/qule0","635d8550c15309de668daf99","6a836ba9d0127ac2bf3ce5b8","2026-08-17 16:20"
"Shakazaramesh","5ef2945bbb96627c9ce5f63f","layy ♡","603df174d3dc740001da871a","6a836b46420a46d53baaf8c0","2026-08-17 16:20"
"super singh","6a591d57c05d5d35f4095c85","Dani","5d893b0b1d19ab19945a8677","6a836c96420a46d53baafe7a","2026-08-17 16:20"
"earthenjoyer","662b7a543f29656f5fe5bf53","Lodi","5788e5e5c2a0fb1304dba46c","6a836c2a420a46d53baafcbc","2026-08-17 16:20"
"DonkeyGuesses","6912d873ef3380557dd45eec","wuh","6113168b6962f50001aac734","6a836c61420a46d53baafda1","2026-08-17 16:20"
"Ling","653d58ea4044fc276f407e75","Giancarlo Esposito","68e85bdb3f2cbbe915cbcd3d","6a836c56420a46d53baafd5c","2026-08-17 16:21"
"Zi8gbolt Lyons","612472f2c4b5740001ef2d03","[PEA]Arvanna","66a545e50035c093bfe072bd","6a836999420a46d53baaf118","2026-08-17 16:21"
"kuba.","68582b5f8e62427811441b60","RupturingNebulas","68547edd73045641270e5a0c","6a836cb55a6f2df5b9bfd54c","2026-08-17 16:21"
"Blinky","5b51062a4010740f7cd91dd5","Yanek","5e625daa90d6cfa438a867a6","6a836b1cd0127ac2bf3ce428","2026-08-17 16:22"
"Palmitas","6984de4267015bc9a6109cae","しよえ　Shiyoe","6375a42d001fcb9df8d226d9","6a836c74420a46d53baafdf6","2026-08-17 16:22"
"雨又潇潇","635a7c4f940d8dc91bd25ec4","Jonas","661ad4c4073f663c21b57fe6","6a836c44e66f3c3c107e741c","2026-08-17 16:22"
"JoyfulStream861","669e4ec691320f1dae6e4e5e","F12RXY7U9I","6919845c3a6623b10b2fa710","6a836c2be66f3c3c107e73ed","2026-08-17 16:22"
"BarryTheBee","62be7867aa13616722f8dd4a","Geooo","5ffb5e4975d2770001545cf5","6a836bc0e66f3c3c107e72c9","2026-08-17 16:23"
"CornyOnTheBob 🌽🌻","6063947a510035000104454f","Edawardz","600aa63b94b5f40001eddb27","6a836c66420a46d53baafdbe","2026-08-17 16:23"
"Ling","653d58ea4044fc276f407e75","https://www.twitch.tv/qule0","635d8550c15309de668daf99","6a836d2d420a46d53bab00ba","2026-08-17 16:23"
"CapixabaGeo","65e1351e81122873dc224467","JH87","66dd876f7268383da37613b8","6a836c52e66f3c3c107e743d","2026-08-17 16:23"
"race","603c5c220297940001b84e1a","kuba.","68582b5f8e62427811441b60","6a836d44420a46d53bab011b","2026-08-17 16:23"
"Lágrima","5f32d46aca94e000015886be","Cribu","593a9221d280a519982a5afb","6a836d055a6f2df5b9bfd656","2026-08-17 16:24"
"Finn Fly","5f5bf60822321e000163a465","DIFFK MISSED ABSOLUTEFILTHTV","5efe8645105829665ce0304a","6a836ccb5a6f2df5b9bfd585","2026-08-17 16:24"
"PLK","62179a5c8e88d400010d91ea","Synxzy","62b9d279343a6042acb35fe8","6a836bded0127ac2bf3ce671","2026-08-17 16:25"
"Jonas","661ad4c4073f663c21b57fe6","しよえ　Shiyoe","6375a42d001fcb9df8d226d9","6a836d7f420a46d53bab01f5","2026-08-17 16:25"
"Elori","57d698c209f2ef93b8572689","Tschapra","66b9c722770eb8e328a9c2fb","6a836c39420a46d53baafcf4","2026-08-17 16:25"
"Lodi","5788e5e5c2a0fb1304dba46c","Yarik","676e524ee37422d9da0e161a","6a836ce5e66f3c3c107e75cb","2026-08-17 16:25"
"Pasord","6669c659ca16186b5a3dbc35","earthenjoyer","662b7a543f29656f5fe5bf53","6a836ccd5a6f2df5b9bfd58c","2026-08-17 16:26"
"Rafa","65d3d579486526d78cd578f9","Edawardz","600aa63b94b5f40001eddb27","6a836d91420a46d53bab0254","2026-08-17 16:26"
"DonkeyGuesses","6912d873ef3380557dd45eec","JH87","66dd876f7268383da37613b8","6a836dd0420a46d53bab0364","2026-08-17 16:26"
"Ling","653d58ea4044fc276f407e75","https://www.twitch.tv/qule0","635d8550c15309de668daf99","6a836d87420a46d53bab0218","2026-08-17 16:27"
"no thoughts, just violence","61cdfc02f6470200011a0caa","[PEA]Arvanna","66a545e50035c093bfe072bd","6a836d60d0127ac2bf3cea8c","2026-08-17 16:27"
"WeValueYourFeedback","666c9156dc30d0d163f505b5","CapixabaGeo","65e1351e81122873dc224467","6a836d8cd0127ac2bf3ceb00","2026-08-17 16:27"
"Lágrima","5f32d46aca94e000015886be","kuba.","68582b5f8e62427811441b60","6a836de8420a46d53bab03c7","2026-08-17 16:27"
"layy ♡","603df174d3dc740001da871a","Palmitas","69b33a815634cc416b9c7877","6a836cf1420a46d53baaffe3","2026-08-17 16:28"
"Giancarlo Esposito","68e85bdb3f2cbbe915cbcd3d","Pasord","6669c659ca16186b5a3dbc35","6a836e56d0127ac2bf3ced4c","2026-08-17 16:28"
"MoD","62261e5b2446120001170812","Henkerz","62acdf653976896d5962e2eb","6a836dc5d0127ac2bf3ceb97","2026-08-17 16:28"
"Gonçalo","60477d3ef15a270001e1bb0c","Junior Paulo","60d6b2fd6f85320001258c83","6a836c93333f460fdf69f887","2026-08-17 16:29"
"Jonas","661ad4c4073f663c21b57fe6","しよえ　Shiyoe","6375a42d001fcb9df8d226d9","6a836e1f420a46d53bab04d3","2026-08-17 16:29"
"雨又潇潇","635a7c4f940d8dc91bd25ec4","Palmitas","6984de4267015bc9a6109cae","6a836d4f420a46d53bab0144","2026-08-17 16:29"
"Yoav","622b4af389ec7b0001ca8e41","https://www.twitch.tv/qule0","635d8550c15309de668daf99","6a836e72d0127ac2bf3ced8d","2026-08-17 16:29"
"Shpluk","56a0a5f1f0f54438b8b9f4b1","Husky Asian Fella","62ac142dae05e4b9e196d808","6a836893420a46d53baaec44","2026-08-17 16:30"
"B-FAULT","62253ec0f9a281000121d0e3","victr","660d89e0e8754a8737cdf7b8","6a836ab77d593dcac99a8a1a","2026-08-17 16:30"
"Nici","619512ea6e5572000187322c","DonkeyGuesses","6912d873ef3380557dd45eec","6a836e545a6f2df5b9bfda7d","2026-08-17 16:30"
"F12RXY7U9I","6919845c3a6623b10b2fa710","tilted and tired","66549d4cc725af87c3aa9a34","6a836d64333f460fdf69fa3f","2026-08-17 16:30"
"Cribu","593a9221d280a519982a5afb","Lodi","5788e5e5c2a0fb1304dba46c","6a836df95a6f2df5b9bfd949","2026-08-17 16:30"
"Lágrima","5f32d46aca94e000015886be","wuh","6113168b6962f50001aac734","6a836eab5a6f2df5b9bfdb98","2026-08-17 16:31"
"Elori","57d698c209f2ef93b8572689","PLK","62179a5c8e88d400010d91ea","6a836e0ca8017a845ac47018","2026-08-17 16:32"
"https://www.twitch.tv/qule0","635d8550c15309de668daf99","vdestin","69dceeb35a65a03675bcfd7b","6a836f16530b03eaa5f28408","2026-08-17 16:32"
"Giancarlo Esposito","68e85bdb3f2cbbe915cbcd3d","Pasord","6669c659ca16186b5a3dbc35","6a836eb3420a46d53bab0784","2026-08-17 16:33"
"Yoav","622b4af389ec7b0001ca8e41","Lágrima","5f32d46aca94e000015886be","6a836f73420a46d53bab0a64","2026-08-17 16:33"
"Ling","653d58ea4044fc276f407e75","Palmitas","69b33a815634cc416b9c7877","6a836eea420a46d53bab0859","2026-08-17 16:34"
"雨又潇潇","635a7c4f940d8dc91bd25ec4","しよえ　Shiyoe","6375a42d001fcb9df8d226d9","6a836f1a530b03eaa5f28416","2026-08-17 16:34"
"F12RXY7U9I","6919845c3a6623b10b2fa710","JB.Ringer","65c7f38ee3172296f717c092","6a836f3b30328236e0cff49e","2026-08-17 16:34"
"PLK","62179a5c8e88d400010d91ea","WeValueYourFeedback","666c9156dc30d0d163f505b5","6a836fae420a46d53bab0b69","2026-08-17 16:35"
"Cribu","593a9221d280a519982a5afb","Lorenz1245","63f8f5364160446a46de27f5","6a836f37420a46d53bab0981","2026-08-17 16:35"
"Pasord","6669c659ca16186b5a3dbc35","Giancarlo Esposito","68e85bdb3f2cbbe915cbcd3d","6a836fd4420a46d53bab0c16","2026-08-17 16:36"
"雨又潇潇","635a7c4f940d8dc91bd25ec4","しよえ　Shiyoe","6375a42d001fcb9df8d226d9","6a837062e66f3c3c107e7e6a","2026-08-17 16:37"
"victr","660d89e0e8754a8737cdf7b8","Elori","57d698c209f2ef93b8572689","6a836faa5a6f2df5b9bfdea4","2026-08-17 16:38"
"Tschapra","66b9c722770eb8e328a9c2fb","CornyOnTheBob 🌽🌻","6063947a510035000104454f","6a836e7bd0127ac2bf3ceda6","2026-08-17 16:38"
"Nici","619512ea6e5572000187322c","tilted and tired","66549d4cc725af87c3aa9a34","6a836f73e66f3c3c107e7bba","2026-08-17 16:38"
"https://www.twitch.tv/qule0","635d8550c15309de668daf99","vdestin","69dceeb35a65a03675bcfd7b","6a836fced0127ac2bf3cf165","2026-08-17 16:38"
"Lágrima","5f32d46aca94e000015886be","reezwon","67cc28f8f758eb4f26db5827","6a836ff2d0127ac2bf3cf1b1","2026-08-17 16:38"
"BulgariaEnjoyer","60f46ec8cac323000166141d","BarryTheBee","62be7867aa13616722f8dd4a","6a836ee6420a46d53bab084f","2026-08-17 16:39"
"Thomas4183b","60194a73ccb73b00018edf77","Kant 1804","5f94a12c64681500012a107a","6a836fdc420a46d53bab0c36","2026-08-17 16:39"
"Flying Matze","596539239a4f706a2c9cda09","Lottta","6019a1a4665de0000144339d","6a836f9e5b767c72a5caed33","2026-08-17 16:39"
"JH87","66dd876f7268383da37613b8","[PEA]Arvanna","66a545e50035c093bfe072bd","6a836f045a6f2df5b9bfdca0","2026-08-17 16:40"
"Yanek","5e625daa90d6cfa438a867a6","Geooo","5ffb5e4975d2770001545cf5","6a836d905a6f2df5b9bfd7e9","2026-08-17 16:41"
"PLK","62179a5c8e88d400010d91ea","Palmitas","69b33a815634cc416b9c7877","6a837070420a46d53bab0e80","2026-08-17 16:41"
"https://www.twitch.tv/qule0","635d8550c15309de668daf99","wuh","6113168b6962f50001aac734","6a83711c420a46d53bab1183","2026-08-17 16:42"
"WeValueYourFeedback","666c9156dc30d0d163f505b5","F12RXY7U9I","6919845c3a6623b10b2fa710","6a8371895a6f2df5b9bfe45f","2026-08-17 16:42"
"Cribu","593a9221d280a519982a5afb","Baga #banalts","6106adfe5078c20001560397","6a837129d0127ac2bf3cf50c","2026-08-17 16:42"
"CornyOnTheBob 🌽🌻","6063947a510035000104454f","Shakazaramesh","5ef2945bbb96627c9ce5f63f","6a837155e66f3c3c107e80b3","2026-08-17 16:43"
"しよえ　Shiyoe","6375a42d001fcb9df8d226d9","雨又潇潇","635a7c4f940d8dc91bd25ec4","6a8371047756a84070da7e83","2026-08-17 16:43"
"tilted and tired","66549d4cc725af87c3aa9a34","Tinoco Pontaria","665bb40cf0577719597d0467","6a837200e66f3c3c107e8285","2026-08-17 16:43"
"Maksonic","619d09bdc4ab7000016c68d3","zach","621783eaab08b80001371858","6a837173420a46d53bab12d6","2026-08-17 16:44"
"Pasord","6669c659ca16186b5a3dbc35","Giancarlo Esposito","68e85bdb3f2cbbe915cbcd3d","6a8370915a6f2df5b9bfe1a6","2026-08-17 16:44"
"Lágrima","5f32d46aca94e000015886be","fatslump","603e28ef0297940001b93db1","6a837160530b03eaa5f28968","2026-08-17 16:44"
"Elcu","633102d69d4a5044970cce21","Baron","693f6bdc3353aee359a84f82","6a8371365a6f2df5b9bfe385","2026-08-17 16:45"
"https://www.twitch.tv/qule0","635d8550c15309de668daf99","Juri","633f1777760f3f138679e5be","6a837225420a46d53bab15bd","2026-08-17 16:45"
"Nici","619512ea6e5572000187322c","Avetixz","632b4c9d0609ae73d2a1f799","6a837176420a46d53bab12db","2026-08-17 16:46"
"Yanek","5e625daa90d6cfa438a867a6","adams","62f0c9a9822a3f816d659d84","6a83723f333f460fdf6a0573","2026-08-17 16:47"
"雨又潇潇","635a7c4f940d8dc91bd25ec4","mii3en","66159d055967919df66cf9c0","6a83723c420a46d53bab1642","2026-08-17 16:47"
"Henrikk","622640b7cb9b530001598509","PLK","62179a5c8e88d400010d91ea","6a8371e55a6f2df5b9bfe54a","2026-08-17 16:48"
"zach","621783eaab08b80001371858","Lágrima","5f32d46aca94e000015886be","6a837285d0127ac2bf3cf8c0","2026-08-17 16:48"
"Juri","633f1777760f3f138679e5be","https://www.twitch.tv/qule0","635d8550c15309de668daf99","6a8372d5420a46d53bab1899","2026-08-17 16:48"
"tilted and tired","66549d4cc725af87c3aa9a34","Shakazaramesh","5ef2945bbb96627c9ce5f63f","6a83724c420a46d53bab16a3","2026-08-17 16:48"
"Loan","5e866b87b3ec17798078a43b","Tinoco Pontaria","665bb40cf0577719597d0467","6a8372e8e66f3c3c107e8512","2026-08-17 16:48"
"Yanek","5e625daa90d6cfa438a867a6","Bad At Geo","5d46b0bb3b4b6a4968620f7b","6a83732a420a46d53bab19d0","2026-08-17 16:49"
"雨又潇潇","635a7c4f940d8dc91bd25ec4","mii3en","66159d055967919df66cf9c0","6a83733ad0127ac2bf3cfacb","2026-08-17 16:49"
"Giancarlo Esposito","68e85bdb3f2cbbe915cbcd3d","Pasord","6669c659ca16186b5a3dbc35","6a837297d0127ac2bf3cf911","2026-08-17 16:49"
"Cribu","593a9221d280a519982a5afb","resident","6919ea6aa5259496d039943a","6a837265e66f3c3c107e83c1","2026-08-17 16:49"
"F12RXY7U9I","6919845c3a6623b10b2fa710","artoriaskill","672d5ca6ce4fd1d4b6bfa5ac","6a8372115a6f2df5b9bfe5f5","2026-08-17 16:49"
"fatslump","603e28ef0297940001b93db1","H@rrow","6708bfa0500a403951aa6cee","6a83729dd0127ac2bf3cf91d","2026-08-17 16:49"
"Finn Fly","5f5bf60822321e000163a465","vdestin","69dceeb35a65a03675bcfd7b","6a8372025a6f2df5b9bfe5af","2026-08-17 16:50"
"GeoChiko","637129eb9d737c55a520a3e3","OakTree","617eb25d4e0e40000158968f","6a837048ed20570f0707ec4b","2026-08-17 16:51"
"SanderFMC","62ce8106f827cbfd72056f46","asdfgrace","64baeb48db0818506aacb1b8","6a836ff7e66f3c3c107e7d32","2026-08-17 16:51"
"雨又潇潇","635a7c4f940d8dc91bd25ec4","Maksonic","619d09bdc4ab7000016c68d3","6a8373bf420a46d53bab1c03","2026-08-17 16:52"
"PLK","62179a5c8e88d400010d91ea","CornyOnTheBob 🌽🌻","6063947a510035000104454f","6a837362d0127ac2bf3cfb2f","2026-08-17 16:52"
"WeValueYourFeedback","666c9156dc30d0d163f505b5","Flying Matze","596539239a4f706a2c9cda09","6a837273333f460fdf6a05df","2026-08-17 16:52"
"CapixabaGeo","65e1351e81122873dc224467","Lottta","6019a1a4665de0000144339d","6a8371a7420a46d53bab13be","2026-08-17 16:52"
"Lágrima","5f32d46aca94e000015886be","mii3en","66159d055967919df66cf9c0","6a8373bf5a6f2df5b9bfeae2","2026-08-17 16:53"
"Cribu","593a9221d280a519982a5afb","vdestin","69dceeb35a65a03675bcfd7b","6a8373f5420a46d53bab1ca6","2026-08-17 16:53"
"Derzal","5f96feae45cc8c00017ca853","Baron","693f6bdc3353aee359a84f82","6a8372c6e66f3c3c107e84c2","2026-08-17 16:53"
"Giancarlo Esposito","68e85bdb3f2cbbe915cbcd3d","the greatest player ever","60049a9d31b2eb0001275f40","6a8374115b767c72a5caf620","2026-08-17 16:54"
"tilted and tired","66549d4cc725af87c3aa9a34","Henrikk","622640b7cb9b530001598509","6a837367420a46d53bab1ab2","2026-08-17 16:54"
"Avetixz","632b4c9d0609ae73d2a1f799","choco","622e22e69974710001c132e3","6a83735e420a46d53bab1a8b","2026-08-17 16:54"
"Bad At Geo","5d46b0bb3b4b6a4968620f7b","Yanek","5e625daa90d6cfa438a867a6","6a83739d5a6f2df5b9bfea82","2026-08-17 16:55"
"Palmitas","69b33a815634cc416b9c7877","Gonçalo","60477d3ef15a270001e1bb0c","6a8372a75a6f2df5b9bfe7f1","2026-08-17 16:55"
"雨又潇潇","635a7c4f940d8dc91bd25ec4","Maksonic","619d09bdc4ab7000016c68d3","6a8374b2420a46d53bab1f67","2026-08-17 16:55"
"CornyOnTheBob 🌽🌻","6063947a510035000104454f","Tschapra","66b9c722770eb8e328a9c2fb","6a8374975a6f2df5b9bfed61","2026-08-17 16:57"
"https://www.twitch.tv/qule0","635d8550c15309de668daf99","Juri","633f1777760f3f138679e5be","6a837384d0127ac2bf3cfb9b","2026-08-17 16:57"
"Thomas4183b","60194a73ccb73b00018edf77","Delphi","56cf8037a3b94899cc828385","6a837184420a46d53bab1325","2026-08-17 16:57"
"Baron","693f6bdc3353aee359a84f82","Lottta","6019a1a4665de0000144339d","6a83749cd0127ac2bf3cfe66","2026-08-17 16:57"
"Bad At Geo","5d46b0bb3b4b6a4968620f7b","Yanek","5e625daa90d6cfa438a867a6","6a83750dd0127ac2bf3cff4d","2026-08-17 16:58"
"いぶりー ivly","6578df649b50a29c7d4112a0","domi","5dd056e9e2c0053dd02850e9","6a837516420a46d53bab20d9","2026-08-17 16:58"
"PML","615b4d8920ea1200012de9bf","Pirik","669e6134d95d857a27cbc0cd","6a8374ccd0127ac2bf3cfed5","2026-08-17 16:58"
"雨又潇潇","635a7c4f940d8dc91bd25ec4","Palmitas","69b33a815634cc416b9c7877","6a837549e66f3c3c107e8aaf","2026-08-17 16:59"
"GeoChiko","637129eb9d737c55a520a3e3","mii3en","66159d055967919df66cf9c0","6a83747e530b03eaa5f29086","2026-08-17 16:59"
"Surgut sand","5ec369eae7115241a4e75beb","Lágrima","5f32d46aca94e000015886be","6a8375755a6f2df5b9bfefba","2026-08-17 16:59"
"Shakazaramesh","5ef2945bbb96627c9ce5f63f","Pasord","6669c659ca16186b5a3dbc35","6a83740a420a46d53bab1cee","2026-08-17 17:00"
"Henrikk","622640b7cb9b530001598509","tilted and tired","66549d4cc725af87c3aa9a34","6a8374ca420a46d53bab1fb2","2026-08-17 17:00"
"earthenjoyer","662b7a543f29656f5fe5bf53","francishow","6048173c50a8500001ba84d8","6a83756f333f460fdf6a0c33","2026-08-17 17:00"
"PLK","62179a5c8e88d400010d91ea","layy ♡","603df174d3dc740001da871a","6a8374695a6f2df5b9bfece0","2026-08-17 17:01"
"francishow","6048173c50a8500001ba84d8","Yarik","676e524ee37422d9da0e161a","6a83762ae66f3c3c107e8cef","2026-08-17 17:01"
"Maksonic","619d09bdc4ab7000016c68d3","Juri","633f1777760f3f138679e5be","6a8375cd7d593dcac99aa04a","2026-08-17 17:02"
"Nici","619512ea6e5572000187322c","Conax","683029bd7e7399d1213e44e3","6a8374c5e66f3c3c107e89a9","2026-08-17 17:02"
"Baron","693f6bdc3353aee359a84f82","Avetixz","632b4c9d0609ae73d2a1f799","6a8375885b767c72a5caf92f","2026-08-17 17:02"
"tilted and tired","66549d4cc725af87c3aa9a34","Zetie","5e9215c1b3ec17480c01df1e","6a837660cb58d8f3025aa5d2","2026-08-17 17:03"
"Рома","5bc9f3921f3cf81af80cfa72","GeoChiko","637129eb9d737c55a520a3e3","6a83762f333f460fdf6a0dd9","2026-08-17 17:03"
"Lágrima","5f32d46aca94e000015886be","Barkuz","6084243b0feb6600017e1a7e","6a8376665a6f2df5b9bff27e","2026-08-17 17:03"
"Yanek","5e625daa90d6cfa438a867a6","Gonçalo","60477d3ef15a270001e1bb0c","6a8375b7d0127ac2bf3d0119","2026-08-17 17:04"
"mii3en","66159d055967919df66cf9c0","Surgut sand","5ec369eae7115241a4e75beb","6a837615420a46d53bab24b7","2026-08-17 17:04"
"Finn Fly","5f5bf60822321e000163a465","vdestin","69dceeb35a65a03675bcfd7b","6a8375fa530b03eaa5f2934f","2026-08-17 17:04"
"雨又潇潇","635a7c4f940d8dc91bd25ec4","Palmitas","69b33a815634cc416b9c7877","6a837617420a46d53bab24be","2026-08-17 17:05"
"Nicolai","5f74cd31b53fb70001d305b7","https://www.twitch.tv/qule0","635d8550c15309de668daf99","6a8375e3420a46d53bab23f4","2026-08-17 17:05"
"CornyOnTheBob 🌽🌻","6063947a510035000104454f","Tschapra","66b9c722770eb8e328a9c2fb","6a8375cb420a46d53bab2388","2026-08-17 17:05"
"Henrikk","622640b7cb9b530001598509","Shakazaramesh","5ef2945bbb96627c9ce5f63f","6a837666420a46d53bab25ea","2026-08-17 17:06"
"Finn Fly","5f5bf60822321e000163a465","Surgut sand","5ec369eae7115241a4e75beb","6a837727420a46d53bab28d1","2026-08-17 17:06"
"Wish i could try again","69d154ba0a3f30cbd4825d7a","Derzal","5f96feae45cc8c00017ca853","6a8374a5420a46d53bab1f45","2026-08-17 17:06"
"BadAssGeo","69742cb6dd3c0f9e450df031","plotter","674c4756fb60b9f111e6e0b4","6a837507420a46d53bab20ae","2026-08-17 17:07"
"Maksonic","619d09bdc4ab7000016c68d3","PLK","62179a5c8e88d400010d91ea","6a83772b333f460fdf6a0fc5","2026-08-17 17:07"
"a-you","5e93a3443d4b6a5af4f11b0b","zach","621783eaab08b80001371858","6a83777b420a46d53bab2a1b","2026-08-17 17:07"
"tilted and tired","66549d4cc725af87c3aa9a34","PML","615b4d8920ea1200012de9bf","6a837752420a46d53bab2971","2026-08-17 17:07"
"GeoChiko","637129eb9d737c55a520a3e3","Juri","633f1777760f3f138679e5be","6a8376fcd0127ac2bf3d046d","2026-08-17 17:07"
"Bad At Geo","5d46b0bb3b4b6a4968620f7b","YRP","65361a91884b107b4fd0cef8","6a8376665a6f2df5b9bff27f","2026-08-17 17:08"
"earthenjoyer","662b7a543f29656f5fe5bf53","いぶりー ivly","6578df649b50a29c7d4112a0","6a837627d0127ac2bf3d024a","2026-08-17 17:08"
"WheelieBinEnjoyer","6a60cb66561c205d0831e2ad","Bubazz22Gostoso","6a6d281a816495dda681a077","6a8377a0420a46d53bab2a94","2026-08-17 17:08"
"layy ♡","603df174d3dc740001da871a","Conax","683029bd7e7399d1213e44e3","6a8376e75a6f2df5b9bff3ea","2026-08-17 17:09"
"Giancarlo Esposito","68e85bdb3f2cbbe915cbcd3d","Pasord","6669c659ca16186b5a3dbc35","6a837632ed20570f0707f934","2026-08-17 17:09"
"a-you","5e93a3443d4b6a5af4f11b0b","zach","621783eaab08b80001371858","6a8377e35a6f2df5b9bff719","2026-08-17 17:09"
"雨又潇潇","635a7c4f940d8dc91bd25ec4","PLK","62179a5c8e88d400010d91ea","6a8377f1e66f3c3c107e91be","2026-08-17 17:10"
"xZenith","6846d165a3008977fe607ade","GeoChiko","637129eb9d737c55a520a3e3","6a837836333f460fdf6a12cd","2026-08-17 17:10"
"Juri","633f1777760f3f138679e5be","Surgut sand","5ec369eae7115241a4e75beb","6a8377e0333f460fdf6a11bb","2026-08-17 17:10"
"Loan","5e866b87b3ec17798078a43b","DeTect","65aaf6d23171e89a57705b47","6a837382420a46d53bab1b1c","2026-08-17 17:10"
"Magik","625f0d2b367d807d71f34e79","Finn Fly","5f5bf60822321e000163a465","6a8378525a6f2df5b9bff8b7","2026-08-17 17:11"
"Baga #banalts","6106adfe5078c20001560397","https://www.twitch.tv/qule0","635d8550c15309de668daf99","6a8377b0420a46d53bab2ad0","2026-08-17 17:12"
"Baron","693f6bdc3353aee359a84f82","Avetixz","632b4c9d0609ae73d2a1f799","6a8376cdd0127ac2bf3d03f5","2026-08-17 17:12"
"WheelieBinEnjoyer","6a60cb66561c205d0831e2ad","noggy","5e5d27ef26bbda5260b01e89","6a837860e66f3c3c107e9320","2026-08-17 17:12"
"Gamer X","674cddb0dc12d4102c72e97a","Zetie","5e9215c1b3ec17480c01df1e","6a83770c5b347557240aaa4d","2026-08-17 17:12"
"achmedsender","5a1606e2f370149bf01ab594","IGoParaguayOnKenya","5f8fcfd87cd2940001e81ef1","6a837809d0127ac2bf3d0787","2026-08-17 17:12"
"Yanek","5e625daa90d6cfa438a867a6","Gonçalo","60477d3ef15a270001e1bb0c","6a837746420a46d53bab292f","2026-08-17 17:13"
"Pasord","6669c659ca16186b5a3dbc35","tilted and tired","66549d4cc725af87c3aa9a34","6a837845e66f3c3c107e92aa","2026-08-17 17:13"
"zach","621783eaab08b80001371858","MaxJoker84","658c1a04945350bcd1f47aca","6a837871e66f3c3c107e9351","2026-08-17 17:13"
"earthenjoyer","662b7a543f29656f5fe5bf53","Ruari","60258d7d36ff8a0001f5fef5","6a8378a75a6f2df5b9bff9f9","2026-08-17 17:13"
"Giancarlo Esposito","68e85bdb3f2cbbe915cbcd3d","Conax","683029bd7e7399d1213e44e3","6a837876530b03eaa5f29926","2026-08-17 17:14"
"GeoChiko","637129eb9d737c55a520a3e3","Surgut sand","5ec369eae7115241a4e75beb","6a8378a6d0127ac2bf3d0974","2026-08-17 17:14"
"francishow","6048173c50a8500001ba84d8","Nev","66d611e9be1daddf56607d5b","6a837744420a46d53bab2928","2026-08-17 17:14"
"Avandy","60c3535133004c00010451a3","雨又潇潇","635a7c4f940d8dc91bd25ec4","6a8378cfe66f3c3c107e94d6","2026-08-17 17:15"
"PLK","62179a5c8e88d400010d91ea","xZenith","6846d165a3008977fe607ade","6a8378985b767c72a5cafff2","2026-08-17 17:15"
"Henrikk","622640b7cb9b530001598509","Shakazaramesh","5ef2945bbb96627c9ce5f63f","6a8377b4420a46d53bab2ad6","2026-08-17 17:16"
"Juri","633f1777760f3f138679e5be","Finn Fly","5f5bf60822321e000163a465","6a8378c5333f460fdf6a14f6","2026-08-17 17:16"
"Bad At Geo","5d46b0bb3b4b6a4968620f7b","YRP","65361a91884b107b4fd0cef8","6a8378935a6f2df5b9bff99a","2026-08-17 17:17"
"https://www.twitch.tv/qule0","635d8550c15309de668daf99","OakTree","617eb25d4e0e40000158968f","6a8379235b767c72a5cb017e","2026-08-17 17:17"
"Zetie","5e9215c1b3ec17480c01df1e","Ruari","60258d7d36ff8a0001f5fef5","6a83794f5a6f2df5b9bffc79","2026-08-17 17:18"
"Palmitas","69b33a815634cc416b9c7877","M1tzki","668717ff41553d75c689c749","6a83777d5a6f2df5b9bff5d6","2026-08-17 17:19"
"CornyOnTheBob 🌽🌻","6063947a510035000104454f","Pasord","6669c659ca16186b5a3dbc35","6a837966333f460fdf6a16c0","2026-08-17 17:19"
"victr","660d89e0e8754a8737cdf7b8","Рома","5bc9f3921f3cf81af80cfa72","6a837776420a46d53bab2a09","2026-08-17 17:19"
"zach","621783eaab08b80001371858","GeoChiko","637129eb9d737c55a520a3e3","6a8379b0333f460fdf6a17d4","2026-08-17 17:19"
"MaxJoker84","658c1a04945350bcd1f47aca","Barkuz","6084243b0feb6600017e1a7e","6a83797c5a6f2df5b9bffd2e","2026-08-17 17:19"
"PLK","62179a5c8e88d400010d91ea","雨又潇潇","635a7c4f940d8dc91bd25ec4","6a8379cc333f460fdf6a1838","2026-08-17 17:20"
"WheelieBinEnjoyer","6a60cb66561c205d0831e2ad","Lucão","695d29f0c8548ae605bc9c9e","6a837a2b5a6f2df5b9bffff1","2026-08-17 17:20"
"PLK","62179a5c8e88d400010d91ea","雨又潇潇","635a7c4f940d8dc91bd25ec4","6a837acf5a6f2df5b9c0023b","2026-08-17 17:21"
"PML","615b4d8920ea1200012de9bf","Shakazaramesh","5ef2945bbb96627c9ce5f63f","6a837a235a6f2df5b9bfffd0","2026-08-17 17:21"
"Gamer X","674cddb0dc12d4102c72e97a","Avetixz","632b4c9d0609ae73d2a1f799","6a837922e66f3c3c107e95f6","2026-08-17 17:21"
"bigfish","677c54762f5989ca9ffae345","Yanek","5e625daa90d6cfa438a867a6","6a8379dae66f3c3c107e982e","2026-08-17 17:22"
"Juri","633f1777760f3f138679e5be","https://www.twitch.tv/qule0","635d8550c15309de668daf99","6a837a45e66f3c3c107e9990","2026-08-17 17:22"
"d4nk","5b92bdcc1ee0107188685300","Baron","693f6bdc3353aee359a84f82","6a8378feed20570f0708000c","2026-08-17 17:22"
"Derzal","5f96feae45cc8c00017ca853","francishow","6048173c50a8500001ba84d8","6a8379da5b767c72a5cb031f","2026-08-17 17:22"
"Nicolai","5f74cd31b53fb70001d305b7","Norbert","61b40084a8414400018d958a","6a837abf7d593dcac99aac28","2026-08-17 17:23"
"Pasord","6669c659ca16186b5a3dbc35","domi","5dd056e9e2c0053dd02850e9","6a837b045b767c72a5cb05f0","2026-08-17 17:23"
"tilted and tired","66549d4cc725af87c3aa9a34","Conax","683029bd7e7399d1213e44e3","6a8379c45a6f2df5b9bffe49","2026-08-17 17:23"
"achmedsender","5a1606e2f370149bf01ab594","Thomas4183b","60194a73ccb73b00018edf77","6a837962d0127ac2bf3d0bbe","2026-08-17 17:23"
"Donsus_BOT","6368fe754b4b8e8990e3d5c0","Lottta","6019a1a4665de0000144339d","6a8378ea5a6f2df5b9bffb03","2026-08-17 17:23"
"layy ♡","603df174d3dc740001da871a","Giancarlo Esposito","68e85bdb3f2cbbe915cbcd3d","6a837aa7333f460fdf6a1ac4","2026-08-17 17:24"
"Maksonic","619d09bdc4ab7000016c68d3","PLK","62179a5c8e88d400010d91ea","6a837b2a333f460fdf6a1c68","2026-08-17 17:25"
"雨又潇潇","635a7c4f940d8dc91bd25ec4","emshanoff","60a55176895a250001d9e2d8","6a837b765a6f2df5b9c00442","2026-08-17 17:25"
"Bulgariunaci","5ee07a02053ea52a8454e6c2","inferno","678d41c562226bf506f8bc73","6a837b09e66f3c3c107e9be6","2026-08-17 17:25"
"Baga #banalts","6106adfe5078c20001560397","Crusher","61806eba46697e000114264f","6a8379ee530b03eaa5f29d84","2026-08-17 17:25"
"GeoChiko","637129eb9d737c55a520a3e3","MaxJoker84","658c1a04945350bcd1f47aca","6a837abee66f3c3c107e9b0e","2026-08-17 17:25"
"WheelieBinEnjoyer","6a60cb66561c205d0831e2ad","Droid_uilen","66999de199076883f4658648","6a837b17e66f3c3c107e9c04","2026-08-17 17:25"
"https://www.twitch.tv/qule0","635d8550c15309de668daf99","Juri","633f1777760f3f138679e5be","6a837b93530b03eaa5f2a1ab","2026-08-17 17:27"
"Baron","693f6bdc3353aee359a84f82","francishow","6048173c50a8500001ba84d8","6a837b615b347557240ab4d8","2026-08-17 17:27"
"yuyux32","65a3fa0c053e0780db54fd4b","Pirik","669e6134d95d857a27cbc0cd","6a837bf65a6f2df5b9c005f0","2026-08-17 17:27"
"M1tzki","668717ff41553d75c689c749","Yanek","5e625daa90d6cfa438a867a6","6a837b81333f460fdf6a1d49","2026-08-17 17:28"
"雨又潇潇","635a7c4f940d8dc91bd25ec4","PLK","62179a5c8e88d400010d91ea","6a837c17d0127ac2bf3d1342","2026-08-17 17:28"
"Valen´t","5ecc89febb39467ce83ec462","Żukasz","602cfd5dc397fa0001f09dfb","6a837c06e66f3c3c107e9e47","2026-08-17 17:28"
"Shakazaramesh","5ef2945bbb96627c9ce5f63f","PML","615b4d8920ea1200012de9bf","6a837b42e66f3c3c107e9c7e","2026-08-17 17:28"
"bigfish","677c54762f5989ca9ffae345","Norbert","61b40084a8414400018d958a","6a837bd25b767c72a5cb07d8","2026-08-17 17:29"
"Giancarlo Esposito","68e85bdb3f2cbbe915cbcd3d","Pasord","6669c659ca16186b5a3dbc35","6a837bec5a6f2df5b9c005c2","2026-08-17 17:30"
"Gamer X","674cddb0dc12d4102c72e97a","Avetixz","632b4c9d0609ae73d2a1f799","6a837b3c5a6f2df5b9c00391","2026-08-17 17:30"
"OakTree","617eb25d4e0e40000158968f","Yarik","676e524ee37422d9da0e161a","6a837a445a6f2df5b9c00048","2026-08-17 17:30"
"yuyux32","65a3fa0c053e0780db54fd4b","MaxJoker84","658c1a04945350bcd1f47aca","6a837cac333f460fdf6a1fb3","2026-08-17 17:31"
"RuralQuay427","67afb8f9170e41f8f611a20a","Lorenz1245","63f8f5364160446a46de27f5","6a837bacd0127ac2bf3d1255","2026-08-17 17:31"
"Maksonic","619d09bdc4ab7000016c68d3","雨又潇潇","635a7c4f940d8dc91bd25ec4","6a837ce2e66f3c3c107ea031","2026-08-17 17:32"
"PLK","62179a5c8e88d400010d91ea","GeoChiko","637129eb9d737c55a520a3e3","6a837d02333f460fdf6a2075","2026-08-17 17:32"
"Juri","633f1777760f3f138679e5be","https://www.twitch.tv/qule0","635d8550c15309de668daf99","6a837c9f5a6f2df5b9c007a5","2026-08-17 17:32"
"Заяц","63890678411c174863e40d57","inferno","678d41c562226bf506f8bc73","6a837c25333f460fdf6a1e9d","2026-08-17 17:33"
"Shakazaramesh","5ef2945bbb96627c9ce5f63f","Pasord","6669c659ca16186b5a3dbc35","6a837d28e66f3c3c107ea0cd","2026-08-17 17:33"
"tilted and tired","66549d4cc725af87c3aa9a34","Conax","683029bd7e7399d1213e44e3","6a837ba7e66f3c3c107e9d6f","2026-08-17 17:33"
"OakTree","617eb25d4e0e40000158968f","Lágrima","5f32d46aca94e000015886be","6a837d65333f460fdf6a215f","2026-08-17 17:33"
"Yanek","5e625daa90d6cfa438a867a6","▓▒░▒▓▒░▒▓▒░▒▓","686716e8555060e3d7afaf78","6a837cf65a6f2df5b9c008aa","2026-08-17 17:34"
"Palmitas","69b33a815634cc416b9c7877","Ricky Beast","5ff33554455e6800011e3146","6a837c12333f460fdf6a1e84","2026-08-17 17:34"
"Thomas4183b","60194a73ccb73b00018edf77","achmedsender","5a1606e2f370149bf01ab594","6a837b96e66f3c3c107e9d46","2026-08-17 17:34"
"Żukasz","602cfd5dc397fa0001f09dfb","Baron","693f6bdc3353aee359a84f82","6a837cb0333f460fdf6a1fbf","2026-08-17 17:35"
"Ruari","60258d7d36ff8a0001f5fef5","Adrian","5d3e14ca95bbda54e4d71a08","6a837cf1333f460fdf6a2048","2026-08-17 17:35"
"Заяц","63890678411c174863e40d57","Żukasz","602cfd5dc397fa0001f09dfb","6a837e597756a84070da998a","2026-08-17 17:36"
"GeoChiko","637129eb9d737c55a520a3e3","yuyux32","65a3fa0c053e0780db54fd4b","6a837dc4d0127ac2bf3d166b","2026-08-17 17:36"
"Avetixz","632b4c9d0609ae73d2a1f799","ILoveXBow_CR","614649da0a3a920001f1042a","6a837db2333f460fdf6a221a","2026-08-17 17:36"
"Bad At Geo","5d46b0bb3b4b6a4968620f7b","Yanek","5e625daa90d6cfa438a867a6","6a837e2c333f460fdf6a2327","2026-08-17 17:37"
"Gamer X","674cddb0dc12d4102c72e97a","MASSIVELEGEND","57a1e5c296ca67161038e742","6a837d45530b03eaa5f2a4a7","2026-08-17 17:37"
"▓▒░▒▓▒░▒▓▒░▒▓","686716e8555060e3d7afaf78","Maksonic","619d09bdc4ab7000016c68d3","6a837e1b5a6f2df5b9c00c0b","2026-08-17 17:38"
"Рома","5bc9f3921f3cf81af80cfa72","Crusher","61806eba46697e000114264f","6a837c815a6f2df5b9c00759","2026-08-17 17:38"
"Avetixz","632b4c9d0609ae73d2a1f799","PML","615b4d8920ea1200012de9bf","6a837edce66f3c3c107ea503","2026-08-17 17:38"
"Shakazaramesh","5ef2945bbb96627c9ce5f63f","tilted and tired","66549d4cc725af87c3aa9a34","6a837e4e333f460fdf6a2371","2026-08-17 17:39"
"Giancarlo Esposito","68e85bdb3f2cbbe915cbcd3d","Elcu","633102d69d4a5044970cce21","6a837d685a6f2df5b9c009e9","2026-08-17 17:40"
"PLK","62179a5c8e88d400010d91ea","雨又潇潇","635a7c4f940d8dc91bd25ec4","6a837dc1333f460fdf6a2238","2026-08-17 17:40"
"Pasord","6669c659ca16186b5a3dbc35","Baron","693f6bdc3353aee359a84f82","6a837e76d0127ac2bf3d1809","2026-08-17 17:40"
"https://www.twitch.tv/qule0","635d8550c15309de668daf99","Juri","633f1777760f3f138679e5be","6a837de4333f460fdf6a2293","2026-08-17 17:40"
"1Kenma","67f1e53d840a2b6316eb1c59","im recording my gameplay","6a437d2254319c3206c01eb9","6a837e825b767c72a5cb0d37","2026-08-17 17:40"
"Bad At Geo","5d46b0bb3b4b6a4968620f7b","Yanek","5e625daa90d6cfa438a867a6","6a837f11333f460fdf6a2550","2026-08-17 17:41"
"Loan","5e866b87b3ec17798078a43b","vacationspock","66a695eea320332302bb0c39","6a837b7d5a6f2df5b9c0045c","2026-08-17 17:41"
"chiller77","5f072526a958535b8c80351b","Palmitas","69b33a815634cc416b9c7877","6a837ee95b767c72a5cb0e02","2026-08-17 17:42"
"Заяц","63890678411c174863e40d57","GeoChiko","637129eb9d737c55a520a3e3","6a837ef35a6f2df5b9c00e40","2026-08-17 17:42"
"Jesper","6962762abc79a0f2300d324e","Rawin","6162efcdc23f260001c6a4d3","6a837f885a6f2df5b9c0101d","2026-08-17 17:42"
"Peter Dictator","684c775aeb78c494d9ee6b7a","Flubbersticks","69387a54dc6fdd9da05c91cd","6a837fcd5a6f2df5b9c01103","2026-08-17 17:44"
"https://www.twitch.tv/qule0","635d8550c15309de668daf99","1Kenma","67f1e53d840a2b6316eb1c59","6a837f9a5a6f2df5b9c0104f","2026-08-17 17:45"
"Baron","693f6bdc3353aee359a84f82","Pasord","6669c659ca16186b5a3dbc35","6a837f7e5a6f2df5b9c01003","2026-08-17 17:45"
"bigfish","677c54762f5989ca9ffae345","Yanek","5e625daa90d6cfa438a867a6","6a837fd65a6f2df5b9c01126","2026-08-17 17:46"
"Jesper","6962762abc79a0f2300d324e","GeoChiko","637129eb9d737c55a520a3e3","6a838041333f460fdf6a2854","2026-08-17 17:46"
"Nici","619512ea6e5572000187322c","PML","615b4d8920ea1200012de9bf","6a837f6c5a6f2df5b9c00fc3","2026-08-17 17:47"
"looer_h","627823ed8874df9dd7c83fae","no loose ends","6a5d3186441c5a5a92510e3e","6a83809b5b767c72a5cb1187","2026-08-17 17:48"
"[PEA]Arvanna","66a545e50035c093bfe072bd","eglemania","603a7b0367954300019fb4e2","6a837c38333f460fdf6a1ebf","2026-08-17 17:49"
"▓▒░▒▓▒░▒▓▒░▒▓","686716e8555060e3d7afaf78","Yanek","5e625daa90d6cfa438a867a6","6a8381085a6f2df5b9c014f7","2026-08-17 17:50"
"Maksonic","619d09bdc4ab7000016c68d3","https://www.twitch.tv/qule0","635d8550c15309de668daf99","6a8380db5a6f2df5b9c01481","2026-08-17 17:50"
"Pasord","6669c659ca16186b5a3dbc35","Jesper","6962762abc79a0f2300d324e","6a8380ea5b767c72a5cb1213","2026-08-17 17:50"
"Conax","683029bd7e7399d1213e44e3","inferno","678d41c562226bf506f8bc73","6a837ded333f460fdf6a22ad","2026-08-17 17:50"
"Agastya","6260203bfc30a25d25410ac9","IGoParaguayOnKenya","5f8fcfd87cd2940001e81ef1","6a837e705a6f2df5b9c00cda","2026-08-17 17:50"
"fatslump","603e28ef0297940001b93db1","ElViejoFran420","66dc17fc166b047fc041d4c0","6a8381235b767c72a5cb126f","2026-08-17 17:50"
"Elcu","633102d69d4a5044970cce21","Shakazaramesh","5ef2945bbb96627c9ce5f63f","6a837fd35a6f2df5b9c01122","2026-08-17 17:51"
"keycam","574c348877abe9cba8d2712d","achmedsender","5a1606e2f370149bf01ab594","6a837e3de66f3c3c107ea385","2026-08-17 17:51"
"Husky Asian Fella","62ac142dae05e4b9e196d808","Crusher","61806eba46697e000114264f","6a837fb35a6f2df5b9c010b0","2026-08-17 17:52"
"Pasord","6669c659ca16186b5a3dbc35","fatslump","603e28ef0297940001b93db1","6a83820be66f3c3c107ead86","2026-08-17 17:53"
"M4RCU5","624f4f8e1b3c401d26551c9d","Nici","619512ea6e5572000187322c","6a8381625a6f2df5b9c01623","2026-08-17 17:53"
"hoppyface","5d6e4022b4ec1709f0729979","Smirk","67f91a7f6655a7c1b8d6f7a9","6a83818dd0127ac2bf3d1f4d","2026-08-17 17:54"
"tilted and tired","66549d4cc725af87c3aa9a34","inferno","678d41c562226bf506f8bc73","6a8381d7e66f3c3c107ead02","2026-08-17 17:54"
"PML","615b4d8920ea1200012de9bf","JB.Ringer","65c7f38ee3172296f717c092","6a83818a530b03eaa5f2adae","2026-08-17 17:54"
"▓▒░▒▓▒░▒▓▒░▒▓","686716e8555060e3d7afaf78","Domak666","6a3a957b0446680426a7f84b","6a83820cd0127ac2bf3d207f","2026-08-17 17:55"
"Norbert","61b40084a8414400018d958a","Math56","65183f23fa133d34a1c57ac1","6a837d86530b03eaa5f2a547","2026-08-17 17:55"
"Tikon","621cddf10416aa00011b992b","Palmitas","69b33a815634cc416b9c7877","6a8381525b767c72a5cb12cf","2026-08-17 17:55"
"inferno","678d41c562226bf506f8bc73","Заяц","63890678411c174863e40d57","6a8382c75b767c72a5cb15c2","2026-08-17 17:55"
"looer_h","627823ed8874df9dd7c83fae","Avetixz","632b4c9d0609ae73d2a1f799","6a8381c35a6f2df5b9c01742","2026-08-17 17:55"
"Conax","683029bd7e7399d1213e44e3","Jesper","6962762abc79a0f2300d324e","6a8381fd5a6f2df5b9c017eb","2026-08-17 17:56"
"Seva","6026a51b72c24d000106549b","https://www.twitch.tv/qule0","635d8550c15309de668daf99","6a83822f5a6f2df5b9c01868","2026-08-17 17:56"
"bigfish","677c54762f5989ca9ffae345","Yanek","5e625daa90d6cfa438a867a6","6a8382f8530b03eaa5f2b0cb","2026-08-17 17:57"
"GeoChiko","637129eb9d737c55a520a3e3","Loan","5e866b87b3ec17798078a43b","6a83817be66f3c3c107eabe6","2026-08-17 17:57"
"igs","62e14f0d9501708a124e1484","Заяц","63890678411c174863e40d57","6a8383645a6f2df5b9c01c73","2026-08-17 17:58"
"Incomplet","6328da1f7f518e8bf2fd4335","CoolMoonGuy","67ba5164f30fffa59919db60","6a8382e65a6f2df5b9c01a82","2026-08-17 17:58"
"tilted and tired","66549d4cc725af87c3aa9a34","Shakazaramesh","5ef2945bbb96627c9ce5f63f","6a8382d3530b03eaa5f2b074","2026-08-17 17:59"
"looer_h","627823ed8874df9dd7c83fae","Yarik","676e524ee37422d9da0e161a","6a83832d5b767c72a5cb16e3","2026-08-17 17:59"
"PML","615b4d8920ea1200012de9bf","OakTree","617eb25d4e0e40000158968f","6a8382d3530b03eaa5f2b075","2026-08-17 17:59"
"Pasord","6669c659ca16186b5a3dbc35","M4RCU5","624f4f8e1b3c401d26551c9d","6a8382be30328236e0d01954","2026-08-17 18:00"
"Nici","619512ea6e5572000187322c","Stella/chat off","63e1b563ec5549833a008296","6a8382df5b767c72a5cb1614","2026-08-17 18:01"
"Jesper","6962762abc79a0f2300d324e","inferno","678d41c562226bf506f8bc73","6a83835b5a6f2df5b9c01c42","2026-08-17 18:01"
"Avetixz","632b4c9d0609ae73d2a1f799","1Kenma","67f1e53d840a2b6316eb1c59","6a8383a8d0127ac2bf3d251b","2026-08-17 18:01"
"F12RXY7U9I","6919845c3a6623b10b2fa710","JB.Ringer","65c7f38ee3172296f717c092","6a83838830328236e0d01b24","2026-08-17 18:01"
"▓▒░▒▓▒░▒▓▒░▒▓","686716e8555060e3d7afaf78","Yanek","5e625daa90d6cfa438a867a6","6a8383c15a6f2df5b9c01dad","2026-08-17 18:02"
"inferno","678d41c562226bf506f8bc73","Заяц","63890678411c174863e40d57","6a838470e66f3c3c107eb51e","2026-08-17 18:03"
"achmedsender","5a1606e2f370149bf01ab594","Crusher","61806eba46697e000114264f","6a8382e4d0127ac2bf3d2297","2026-08-17 18:03"
"hoppyface","5d6e4022b4ec1709f0729979","Smirk","67f91a7f6655a7c1b8d6f7a9","6a8382d2530b03eaa5f2b072","2026-08-17 18:04"
"inferno","678d41c562226bf506f8bc73","Jesper","6962762abc79a0f2300d324e","6a83847c5a6f2df5b9c01fb8","2026-08-17 18:04"
"Shakazaramesh","5ef2945bbb96627c9ce5f63f","Nibiru","5f8c1986d282f60001f34b05","6a83841a30328236e0d01c4f","2026-08-17 18:04"
"CoolMoonGuy","67ba5164f30fffa59919db60","looer_h","627823ed8874df9dd7c83fae","6a8383fce66f3c3c107eb3dc","2026-08-17 18:04"
"Avetixz","632b4c9d0609ae73d2a1f799","F12RXY7U9I","6919845c3a6623b10b2fa710","6a83848b530b03eaa5f2b54b","2026-08-17 18:04"
"Math56","65183f23fa133d34a1c57ac1","Norbert","61b40084a8414400018d958a","6a8383c7e66f3c3c107eb324","2026-08-17 18:05"
"franek3215 2","69bd7ff3c47c5404925b9113","race","603c5c220297940001b84e1a","6a8384e2530b03eaa5f2b644","2026-08-17 18:05"
"OakTree","617eb25d4e0e40000158968f","F12RXY7U9I","6919845c3a6623b10b2fa710","6a838523e66f3c3c107eb777","2026-08-17 18:05"
"Заяц","63890678411c174863e40d57","inferno","678d41c562226bf506f8bc73","6a83850c5a6f2df5b9c021a8","2026-08-17 18:06"
"Pasord","6669c659ca16186b5a3dbc35","M4RCU5","624f4f8e1b3c401d26551c9d","6a8384605a6f2df5b9c01f53","2026-08-17 18:06"
"Yanek","5e625daa90d6cfa438a867a6","Pedro Sampaio","63a8b951fb73701f4020d786","6a8384e35a6f2df5b9c0212c","2026-08-17 18:07"
"Maksonic","619d09bdc4ab7000016c68d3","Ricky Beast","5ff33554455e6800011e3146","6a8383bad0127ac2bf3d2540","2026-08-17 18:07"
"Conax","683029bd7e7399d1213e44e3","Incomplet","6328da1f7f518e8bf2fd4335","6a8383d1e66f3c3c107eb365","2026-08-17 18:07"
"franek3215 2","69bd7ff3c47c5404925b9113","race","603c5c220297940001b84e1a","6a83857c530b03eaa5f2b7a1","2026-08-17 18:07"
"CoolMoonGuy","67ba5164f30fffa59919db60","looer_h","627823ed8874df9dd7c83fae","6a8385405a6f2df5b9c02255","2026-08-17 18:08"
"Flying Matze","596539239a4f706a2c9cda09","Jesper","6962762abc79a0f2300d324e","6a838555e66f3c3c107eb86d","2026-08-17 18:09"
"[PEA]Arvanna","66a545e50035c093bfe072bd","eglemania","603a7b0367954300019fb4e2","6a8381be5a6f2df5b9c0172c","2026-08-17 18:09"
"Заяц","63890678411c174863e40d57","inferno","678d41c562226bf506f8bc73","6a8385965a6f2df5b9c0239e","2026-08-17 18:10"
"race","603c5c220297940001b84e1a","franek3215 2","69bd7ff3c47c5404925b9113","6a8385f7d0127ac2bf3d2b55","2026-08-17 18:10"
"bigfish","677c54762f5989ca9ffae345","▓▒░▒▓▒░▒▓▒░▒▓","686716e8555060e3d7afaf78","6a8384b75a6f2df5b9c0207d","2026-08-17 18:11"
"hoppyface","5d6e4022b4ec1709f0729979","Smirk","67f91a7f6655a7c1b8d6f7a9","6a838549e66f3c3c107eb831","2026-08-17 18:11"
"Giancarlo Esposito","68e85bdb3f2cbbe915cbcd3d","Pasord","6669c659ca16186b5a3dbc35","6a8385dbe66f3c3c107eba4f","2026-08-17 18:11"
"igs","62e14f0d9501708a124e1484","Trichter33","601d95ba49c0980001a824b8","6a8383ed5b347557240ac42e","2026-08-17 18:11"
"zach","621783eaab08b80001371858","Jesper","6962762abc79a0f2300d324e","6a83867ce66f3c3c107ebc42","2026-08-17 18:12"
"F12RXY7U9I","6919845c3a6623b10b2fa710","Mopkons","5fc4cfa97ee7920001b32ebb","6a83865530328236e0d0218a","2026-08-17 18:12"
"Заяц","63890678411c174863e40d57","inferno","678d41c562226bf506f8bc73","6a8386c05a6f2df5b9c0280d","2026-08-17 18:13"
"franek3215 2","69bd7ff3c47c5404925b9113","inferno","678d41c562226bf506f8bc73","6a8386b9d0127ac2bf3d2dbc","2026-08-17 18:13"
"Jesper","6962762abc79a0f2300d324e","mii3en","66159d055967919df66cf9c0","6a838720e66f3c3c107ebe28","2026-08-17 18:13"
"Fructidor","69d9a0dd291d3a2e5184c64e","RuralQuay427","67afb8f9170e41f8f611a20a","6a8384b55a6f2df5b9c02067","2026-08-17 18:14"
"M4RCU5","624f4f8e1b3c401d26551c9d","Nibiru","5f8c1986d282f60001f34b05","6a8385ec530b03eaa5f2b8f8","2026-08-17 18:14"
"looer_h","627823ed8874df9dd7c83fae","Not Jojo","67e8ab0b497a1acbf6efa0ac","6a8386375a6f2df5b9c02619","2026-08-17 18:14"
"race","603c5c220297940001b84e1a","Mopkons","5fc4cfa97ee7920001b32ebb","6a838706e66f3c3c107ebdd0","2026-08-17 18:14"
"▓▒░▒▓▒░▒▓▒░▒▓","686716e8555060e3d7afaf78","Yanek","5e625daa90d6cfa438a867a6","6a8386c5e66f3c3c107ebd20","2026-08-17 18:15"
"achmedsender","5a1606e2f370149bf01ab594","Crusher","61806eba46697e000114264f","6a8385465a6f2df5b9c0226b","2026-08-17 18:15"
"OakTree","617eb25d4e0e40000158968f","Vince Masuka","5b16630459669593c4ce151b","6a8385775a6f2df5b9c02317","2026-08-17 18:15"
"lágrima de luva","60823b72d59d1b0001227506","Pasord","6669c659ca16186b5a3dbc35","6a838700d0127ac2bf3d2e64","2026-08-17 18:16"
"tilted and tired","66549d4cc725af87c3aa9a34","Shakazaramesh","5ef2945bbb96627c9ce5f63f","6a838541d0127ac2bf3d293b","2026-08-17 18:16"
"franek3215 2","69bd7ff3c47c5404925b9113","zach","621783eaab08b80001371858","6a8387435a6f2df5b9c029ba","2026-08-17 18:16"
"mii3en","66159d055967919df66cf9c0","Jesper","6962762abc79a0f2300d324e","6a838771d0127ac2bf3d2f38","2026-08-17 18:16"
"d4nk","5b92bdcc1ee0107188685300","EsterLaby","62b053e06b63a70929bfd820","6a838653d0127ac2bf3d2c66","2026-08-17 18:17"
"F12RXY7U9I","6919845c3a6623b10b2fa710","Pirik","669e6134d95d857a27cbc0cd","6a8387085a6f2df5b9c0290f","2026-08-17 18:17"
"Fenrys","60d8c06ddcd6370001961252","NorthKoreaEnjoyer","6a5776b9557fa0b8070897d7","6a8384e85a6f2df5b9c0213a","2026-08-17 18:17"
"▓▒░▒▓▒░▒▓▒░▒▓","686716e8555060e3d7afaf78","Yanek","5e625daa90d6cfa438a867a6","6a8387dae66f3c3c107ec04c","2026-08-17 18:18"
"hoppyface","5d6e4022b4ec1709f0729979","Smirk","67f91a7f6655a7c1b8d6f7a9","6a8386d2e66f3c3c107ebd49","2026-08-17 18:18"
"Mr. Bastuaggregat","5ada37ab582de2514cbb19d8","kent","5fa7ab03b45c670001342904","6a8381c3d0127ac2bf3d1fd2","2026-08-17 18:18"
"Заяц","63890678411c174863e40d57","inferno","678d41c562226bf506f8bc73","6a838778530b03eaa5f2bcc6","2026-08-17 18:18"
"Conax","683029bd7e7399d1213e44e3","CoolMoonGuy","67ba5164f30fffa59919db60","6a83865c5a6f2df5b9c026a0","2026-08-17 18:18"
"zach","621783eaab08b80001371858","mii3en","66159d055967919df66cf9c0","6a8388185a6f2df5b9c02d05","2026-08-17 18:18"
"inferno","678d41c562226bf506f8bc73","Avetixz","632b4c9d0609ae73d2a1f799","6a838794e66f3c3c107ebf9f","2026-08-17 18:20"
"Conax","683029bd7e7399d1213e44e3","inferno","678d41c562226bf506f8bc73","6a83887fe66f3c3c107ec2c4","2026-08-17 18:21"
"M4RCU5","624f4f8e1b3c401d26551c9d","looer_h","627823ed8874df9dd7c83fae","6a83879bd0127ac2bf3d2fa3","2026-08-17 18:21"
"Jesper","6962762abc79a0f2300d324e","Lodi","5788e5e5c2a0fb1304dba46c","6a8388225a6f2df5b9c02d39","2026-08-17 18:21"
"▓▒░▒▓▒░▒▓▒░▒▓","686716e8555060e3d7afaf78","Yanek","5e625daa90d6cfa438a867a6","6a8388c5e66f3c3c107ec3ea","2026-08-17 18:22"
"Shakazaramesh","5ef2945bbb96627c9ce5f63f","lágrima de luva","60823b72d59d1b0001227506","6a838828530b03eaa5f2be6a","2026-08-17 18:22"
"mii3en","66159d055967919df66cf9c0","zach","621783eaab08b80001371858","6a83887d5a6f2df5b9c02ea2","2026-08-17 18:22"
"F12RXY7U9I","6919845c3a6623b10b2fa710","d4nk","5b92bdcc1ee0107188685300","6a83883fd0127ac2bf3d31aa","2026-08-17 18:22"
"Заяц","63890678411c174863e40d57","Smirk","67f91a7f6655a7c1b8d6f7a9","6a838882530b03eaa5f2bf7d","2026-08-17 18:23"
"zach","621783eaab08b80001371858","mii3en","66159d055967919df66cf9c0","6a83897de66f3c3c107ec670","2026-08-17 18:24"
"Jesper","6962762abc79a0f2300d324e","Ravi Chintalacharuvu","62ccb7f2973590185c12675b","6a83894fe66f3c3c107ec5ca","2026-08-17 18:24"
"achmedsender","5a1606e2f370149bf01ab594","RuralQuay427","67afb8f9170e41f8f611a20a","6a8387e35b347557240acc1f","2026-08-17 18:24"
"Nici","619512ea6e5572000187322c","Pasord","6669c659ca16186b5a3dbc35","6a838801e66f3c3c107ec0da","2026-08-17 18:25"
"Fructidor","69d9a0dd291d3a2e5184c64e","Not Jojo","67e8ab0b497a1acbf6efa0ac","6a83884de66f3c3c107ec228","2026-08-17 18:25"
"kent","5fa7ab03b45c670001342904","CoolMoonGuy","67ba5164f30fffa59919db60","6a8388f7d0127ac2bf3d33c9","2026-08-17 18:26"
"inferno","678d41c562226bf506f8bc73","looer_h","627823ed8874df9dd7c83fae","6a8389475a6f2df5b9c0311c","2026-08-17 18:26"
"Smirk","67f91a7f6655a7c1b8d6f7a9","Tatert0t","68713ba58c49b2f1bf373e05","6a8389a730328236e0d02893","2026-08-17 18:27"
"Nibiru","5f8c1986d282f60001f34b05","Pna","6063bbbdf93f57000113fed0","6a8387d25a6f2df5b9c02b9f","2026-08-17 18:27"
"inferno","678d41c562226bf506f8bc73","looer_h","627823ed8874df9dd7c83fae","6a8389475a6f2df5b9c0311c","2026-08-17 18:27"
"Jesper","6962762abc79a0f2300d324e","mii3en","66159d055967919df66cf9c0","6a838a08e66f3c3c107ec809","2026-08-17 18:27"
"Norbert","61b40084a8414400018d958a","Math56","65183f23fa133d34a1c57ac1","6a8385635a6f2df5b9c022c8","2026-08-17 18:28"
"Maksonic","619d09bdc4ab7000016c68d3","Yanek","5e625daa90d6cfa438a867a6","6a8389565a6f2df5b9c03140","2026-08-17 18:29"
"Заяц","63890678411c174863e40d57","zach","621783eaab08b80001371858","6a8389f0d0127ac2bf3d3618","2026-08-17 18:29"
"F12RXY7U9I","6919845c3a6623b10b2fa710","Lodi","5788e5e5c2a0fb1304dba46c","6a838a27530b03eaa5f2c34a","2026-08-17 18:29"
"Conax","683029bd7e7399d1213e44e3","Shakazaramesh","5ef2945bbb96627c9ce5f63f","6a838968530b03eaa5f2c185","2026-08-17 18:30"
"Tatert0t","68713ba58c49b2f1bf373e05","mii3en","66159d055967919df66cf9c0","6a838aa15a6f2df5b9c034af","2026-08-17 18:30"
"Jesper","6962762abc79a0f2300d324e","inferno","678d41c562226bf506f8bc73","6a838ab5530b03eaa5f2c54e","2026-08-17 18:30"
"Pna","6063bbbdf93f57000113fed0","CoolMoonGuy","67ba5164f30fffa59919db60","6a838abae66f3c3c107eca6f","2026-08-17 18:30"
"OakTree","617eb25d4e0e40000158968f","Pirik","669e6134d95d857a27cbc0cd","6a8389d7d0127ac2bf3d35df","2026-08-17 18:30"
"d4nk","5b92bdcc1ee0107188685300","Jas","6011f79736fafa00014be126","6a8389c5530b03eaa5f2c25b","2026-08-17 18:31"
"Smirk","67f91a7f6655a7c1b8d6f7a9","Giancarlo Esposito","68e85bdb3f2cbbe915cbcd3d","6a838aec5a6f2df5b9c0357a","2026-08-17 18:32"
"Jesper","6962762abc79a0f2300d324e","inferno","678d41c562226bf506f8bc73","6a838ab5530b03eaa5f2c54e","2026-08-17 18:32"
"Avetixz","632b4c9d0609ae73d2a1f799","ILoveXBow_CR","614649da0a3a920001f1042a","6a83893f5a6f2df5b9c03107","2026-08-17 18:32"
"looer_h","627823ed8874df9dd7c83fae","Fenrys","60d8c06ddcd6370001961252","6a838a7ed0127ac2bf3d379c","2026-08-17 18:32"
"Заяц","63890678411c174863e40d57","zach","621783eaab08b80001371858","6a838b19d0127ac2bf3d3971","2026-08-17 18:33"
"tilted and tired","66549d4cc725af87c3aa9a34","OceanMan","5e9a08cdd502e121002b5279","6a838a37d0127ac2bf3d36ba","2026-08-17 18:33"
"Jesper","6962762abc79a0f2300d324e","inferno","678d41c562226bf506f8bc73","6a838b885a6f2df5b9c0379e","2026-08-17 18:34"
"mii3en","66159d055967919df66cf9c0","Tatert0t","68713ba58c49b2f1bf373e05","6a838b4fd0127ac2bf3d3a0e","2026-08-17 18:34"
"achmedsender","5a1606e2f370149bf01ab594","Fructidor","69d9a0dd291d3a2e5184c64e","6a838a2a5a6f2df5b9c0334a","2026-08-17 18:34"
"Flying Matze","596539239a4f706a2c9cda09","Nibiru","5f8c1986d282f60001f34b05","6a838ae4530b03eaa5f2c59a","2026-08-17 18:35"
"Smirk","67f91a7f6655a7c1b8d6f7a9","Yanek","5e625daa90d6cfa438a867a6","6a838bcbe66f3c3c107ecd7e","2026-08-17 18:36"
"kent","5fa7ab03b45c670001342904","inferno","678d41c562226bf506f8bc73","6a838bbd530b03eaa5f2c79f","2026-08-17 18:38"
"zach","621783eaab08b80001371858","Tatert0t","68713ba58c49b2f1bf373e05","6a838c425a6f2df5b9c039b4","2026-08-17 18:38"
"Jesper","6962762abc79a0f2300d324e","mii3en","66159d055967919df66cf9c0","6a838c495a6f2df5b9c039ca","2026-08-17 18:38"
"F12RXY7U9I","6919845c3a6623b10b2fa710","Lodi","5788e5e5c2a0fb1304dba46c","6a838b11e66f3c3c107ecb53","2026-08-17 18:38"
"Math56","65183f23fa133d34a1c57ac1","Norbert","61b40084a8414400018d958a","6a838b035a6f2df5b9c035ad","2026-08-17 18:39"
"vpm73","660a32d6b52224de403ee217","linkedin top voice","64c44ed42241b2208e0fd3e5","6a838d4e530b03eaa5f2cb92","2026-08-17 18:39"
"Avetixz","632b4c9d0609ae73d2a1f799","MASSIVELEGEND","57a1e5c296ca67161038e742","6a838c7e530b03eaa5f2c966","2026-08-17 18:39"
"Not Jojo","67e8ab0b497a1acbf6efa0ac","oh3","6239e8131e5d7a02a973159c","6a838aaa5a6f2df5b9c034c0","2026-08-17 18:39"
"OceanMan","5e9a08cdd502e121002b5279","inferno","678d41c562226bf506f8bc73","6a838c3e5a6f2df5b9c039a4","2026-08-17 18:40"
"vpm73","660a32d6b52224de403ee217","linkedin top voice","64c44ed42241b2208e0fd3e5","6a838d895a6f2df5b9c03e0a","2026-08-17 18:40"
"Ole","67c70b553f65f1a34a926de3","Crusher","61806eba46697e000114264f","6a838b7a5a6f2df5b9c0377c","2026-08-17 18:40"
"CoolMoonGuy","67ba5164f30fffa59919db60","F12RXY7U9I","6919845c3a6623b10b2fa710","6a838d2d530b03eaa5f2cb3d","2026-08-17 18:40"
"Flying Matze","596539239a4f706a2c9cda09","Yarik","676e524ee37422d9da0e161a","6a838cd1e66f3c3c107ed0e7","2026-08-17 18:40"
"Erika","6835b7af656c2c951937f92e","OakTree","617eb25d4e0e40000158968f","6a838c99e66f3c3c107ecf9d","2026-08-17 18:40"
"vpm73","660a32d6b52224de403ee217","linkedin top voice","64c44ed42241b2208e0fd3e5","6a838dc55a6f2df5b9c03ecc","2026-08-17 18:41"
"Smirk","67f91a7f6655a7c1b8d6f7a9","Заяц","63890678411c174863e40d57","6a838cdf5a6f2df5b9c03bd8","2026-08-17 18:42"
"vpm73","660a32d6b52224de403ee217","linkedin top voice","64c44ed42241b2208e0fd3e5","6a838dfe5a6f2df5b9c03f70","2026-08-17 18:42"
"Jesper","6962762abc79a0f2300d324e","mii3en","66159d055967919df66cf9c0","6a838d5e5a6f2df5b9c03d61","2026-08-17 18:42"
"Pna","6063bbbdf93f57000113fed0","Shakazaramesh","5ef2945bbb96627c9ce5f63f","6a838b5fe66f3c3c107ecc3f","2026-08-17 18:42"
"vinnie","69af2d2e4921fb35244096f4","F12RXY7U9I","6919845c3a6623b10b2fa710","6a838d3fd0127ac2bf3d3e87","2026-08-17 18:43"
"inferno","678d41c562226bf506f8bc73","CoolMoonGuy","67ba5164f30fffa59919db60","6a838d9ad0127ac2bf3d3f4c","2026-08-17 18:43"
"lágrima de luva","60823b72d59d1b0001227506","layy ♡","603df174d3dc740001da871a","6a838ba65a6f2df5b9c03801","2026-08-17 18:44"
"linkedin top voice","64c44ed42241b2208e0fd3e5","vpm73","660a32d6b52224de403ee217","6a838e5de66f3c3c107ed533","2026-08-17 18:44"
"Pna","6063bbbdf93f57000113fed0","KANMURU","63bcd8027039017494d42999","6a838e3ed0127ac2bf3d410f","2026-08-17 18:44"
"Giancarlo Esposito","68e85bdb3f2cbbe915cbcd3d","Maksonic","619d09bdc4ab7000016c68d3","6a838d7de66f3c3c107ed2b2","2026-08-17 18:45"
"inferno","678d41c562226bf506f8bc73","Jesper","6962762abc79a0f2300d324e","6a838e7ce66f3c3c107ed579","2026-08-17 18:45"
"linkedin top voice","64c44ed42241b2208e0fd3e5","vpm73","660a32d6b52224de403ee217","6a838ec75a6f2df5b9c041e0","2026-08-17 18:45"
"linkedin top voice","64c44ed42241b2208e0fd3e5","vpm73","660a32d6b52224de403ee217","6a838efde66f3c3c107ed6cb","2026-08-17 18:46"
"Fructidor","69d9a0dd291d3a2e5184c64e","Its_ChinasFault","67d88144617e135e7b6559af","6a838c7fe66f3c3c107ecf64","2026-08-17 18:46"
"Avetixz","632b4c9d0609ae73d2a1f799","MASSIVELEGEND","57a1e5c296ca67161038e742","6a838d6dd0127ac2bf3d3efb","2026-08-17 18:46"
"OakTree","617eb25d4e0e40000158968f","looer_h","627823ed8874df9dd7c83fae","6a838dad530b03eaa5f2cc5b","2026-08-17 18:46"
"BarryTheBee","62be7867aa13616722f8dd4a","BulgariaEnjoyer","60f46ec8cac323000166141d","6a838d6a5a6f2df5b9c03d96","2026-08-17 18:47"
"linkedin top voice","64c44ed42241b2208e0fd3e5","vpm73","660a32d6b52224de403ee217","6a838f315a6f2df5b9c04340","2026-08-17 18:47"
"mii3en","66159d055967919df66cf9c0","inferno","678d41c562226bf506f8bc73","6a838e085a6f2df5b9c03f8c","2026-08-17 18:47"
"Smirk","67f91a7f6655a7c1b8d6f7a9","Заяц","63890678411c174863e40d57","6a838e2d5a6f2df5b9c03ff1","2026-08-17 18:48"
"Maksonic","619d09bdc4ab7000016c68d3","Fxrzs","676edd67b060daec5f128233","6a838f355a6f2df5b9c0436c","2026-08-17 18:48"
"nagahama","69c350edba60e4673f416dd4","tilted and tired","66549d4cc725af87c3aa9a34","6a838cb85a6f2df5b9c03b50","2026-08-17 18:48"
"linkedin top voice","64c44ed42241b2208e0fd3e5","vpm73","660a32d6b52224de403ee217","6a838f6be66f3c3c107ed82b","2026-08-17 18:48"
"Erika","6835b7af656c2c951937f92e","CoolMoonGuy","67ba5164f30fffa59919db60","6a838e94e66f3c3c107ed5a9","2026-08-17 18:48"
"Shakazaramesh","5ef2945bbb96627c9ce5f63f","vinnie","69af2d2e4921fb35244096f4","6a838e635a6f2df5b9c040a0","2026-08-17 18:49"
"vpm73","660a32d6b52224de403ee217","linkedin top voice","64c44ed42241b2208e0fd3e5","6a838fa75a6f2df5b9c04569","2026-08-17 18:49"
"layy ♡","603df174d3dc740001da871a","Giancarlo Esposito","68e85bdb3f2cbbe915cbcd3d","6a838eca5a6f2df5b9c041f5","2026-08-17 18:50"
"vpm73","660a32d6b52224de403ee217","linkedin top voice","64c44ed42241b2208e0fd3e5","6a838fdce66f3c3c107ed96f","2026-08-17 18:50"
"OceanMan","5e9a08cdd502e121002b5279","Nibiru","5f8c1986d282f60001f34b05","6a838db4d0127ac2bf3d3f9a","2026-08-17 18:51"
"Jesper","6962762abc79a0f2300d324e","inferno","678d41c562226bf506f8bc73","6a838eef5a6f2df5b9c04269","2026-08-17 18:51"
"vpm73","660a32d6b52224de403ee217","linkedin top voice","64c44ed42241b2208e0fd3e5","6a83901b5a6f2df5b9c046fe","2026-08-17 18:51"
"BulgariaEnjoyer","60f46ec8cac323000166141d","BarryTheBee","62be7867aa13616722f8dd4a","6a838f30e66f3c3c107ed777","2026-08-17 18:52"
"Albanian Guy","58796ade8b9ff486d81bbad5","Maksonic","619d09bdc4ab7000016c68d3","6a838fd85a6f2df5b9c045ff","2026-08-17 18:52"
"inferno","678d41c562226bf506f8bc73","mii3en","66159d055967919df66cf9c0","6a838f3d5a6f2df5b9c043b0","2026-08-17 18:52"
"KANMURU","63bcd8027039017494d42999","Pna","6063bbbdf93f57000113fed0","6a838ee9d0127ac2bf3d427d","2026-08-17 18:52"
"nagahama","69c350edba60e4673f416dd4","Fxrzs","676edd67b060daec5f128233","6a838f92530b03eaa5f2d07c","2026-08-17 18:53"
"vpm73","660a32d6b52224de403ee217","linkedin top voice","64c44ed42241b2208e0fd3e5","6a83909ee66f3c3c107edba1","2026-08-17 18:53"
"Ole","67c70b553f65f1a34a926de3","habesh","647734d056305f7bf5561a4e","6a838e70e66f3c3c107ed563","2026-08-17 18:53"
"BarryTheBee","62be7867aa13616722f8dd4a","BulgariaEnjoyer","60f46ec8cac323000166141d","6a839062e66f3c3c107edb13","2026-08-17 18:54"
"vpm73","660a32d6b52224de403ee217","linkedin top voice","64c44ed42241b2208e0fd3e5","6a8390d7e66f3c3c107edc63","2026-08-17 18:55"
"Jesper","6962762abc79a0f2300d324e","inferno","678d41c562226bf506f8bc73","6a8390535a6f2df5b9c047b0","2026-08-17 18:55"
"linkedin top voice","64c44ed42241b2208e0fd3e5","vpm73","660a32d6b52224de403ee217","6a839142530b03eaa5f2d4be","2026-08-17 18:56"
"Erika","6835b7af656c2c951937f92e","Pna","6063bbbdf93f57000113fed0","6a839064bd14c20f7f93071f","2026-08-17 18:56"
"Yarik","676e524ee37422d9da0e161a","silvia","5ab45e391e1f02697026c335","6a838fe55a6f2df5b9c04629","2026-08-17 18:56"
"OceanMan","5e9a08cdd502e121002b5279","layy ♡","603df174d3dc740001da871a","6a8390275a6f2df5b9c0473e","2026-08-17 18:57"
"habesh","647734d056305f7bf5561a4e","Ole","67c70b553f65f1a34a926de3","6a83909e5a6f2df5b9c04887","2026-08-17 18:57"
"linkedin top voice","64c44ed42241b2208e0fd3e5","vpm73","660a32d6b52224de403ee217","6a839184530b03eaa5f2d550","2026-08-17 18:57"
"Maksonic","619d09bdc4ab7000016c68d3","Fxrzs","676edd67b060daec5f128233","6a8390c45a6f2df5b9c04912","2026-08-17 18:58"
"tilted and tired","66549d4cc725af87c3aa9a34","Giancarlo Esposito","68e85bdb3f2cbbe915cbcd3d","6a838ff25a6f2df5b9c04663","2026-08-17 18:58"
"linkedin top voice","64c44ed42241b2208e0fd3e5","vpm73","660a32d6b52224de403ee217","6a8391bb5a6f2df5b9c04be2","2026-08-17 18:58"
"mipt_demetra","607cb59c25a52a0001e33141","vinnie","69af2d2e4921fb35244096f4","6a83904ce66f3c3c107edae3","2026-08-17 18:58"
"Giancarlo Esposito","68e85bdb3f2cbbe915cbcd3d","tilted and tired","66549d4cc725af87c3aa9a34","6a8391f75b347557240ae01a","2026-08-17 19:00"
"inferno","678d41c562226bf506f8bc73","Jesper","6962762abc79a0f2300d324e","6a83914c5a6f2df5b9c04a9b","2026-08-17 19:00"
"BulgariaEnjoyer","60f46ec8cac323000166141d","BarryTheBee","62be7867aa13616722f8dd4a","6a8390e2e66f3c3c107edc77","2026-08-17 19:01"
"Erika","6835b7af656c2c951937f92e","silvia","5ab45e391e1f02697026c335","6a83917d530b03eaa5f2d547","2026-08-17 19:01"
"KANMURU","63bcd8027039017494d42999","looer_h","627823ed8874df9dd7c83fae","6a8390bc5a6f2df5b9c048ff","2026-08-17 19:01"
"mii3en","66159d055967919df66cf9c0","inferno","678d41c562226bf506f8bc73","6a83912c5a6f2df5b9c04a4b","2026-08-17 19:01"
"linkedin top voice","64c44ed42241b2208e0fd3e5","vpm73","660a32d6b52224de403ee217","6a8392ac30328236e0d03a37","2026-08-17 19:02"
"linkedin top voice","64c44ed42241b2208e0fd3e5","vpm73","660a32d6b52224de403ee217","6a8392e3530b03eaa5f2d862","2026-08-17 19:03"
"Pna","6063bbbdf93f57000113fed0","Velogeo","607b4fd0132f8300012354f4","6a83916ee66f3c3c107edddf","2026-08-17 19:03"
"CoolMoonGuy","67ba5164f30fffa59919db60","inferno","678d41c562226bf506f8bc73","6a839256e66f3c3c107ee0c2","2026-08-17 19:03"
"BulgariaEnjoyer","60f46ec8cac323000166141d","BarryTheBee","62be7867aa13616722f8dd4a","6a8392835a6f2df5b9c04e8d","2026-08-17 19:05"
"Cassius Chaerea","692afa4a3b2a1d12384d418b","[FatSnail] SavetheSnail","591790fc1bba70b6146c6485","6a8392e0e66f3c3c107ee253","2026-08-17 19:05"
"Ole","67c70b553f65f1a34a926de3","SandyPineapples","6089ad6b041b4200011b2143","6a8392117756a84070dac09c","2026-08-17 19:06"
"Cameera","60a2da66d11c7f0001ebc4d3","Rapanui","56b34d54f0f54423887879e3","6a839279e66f3c3c107ee13e","2026-08-17 19:06"
"nagahama","69c350edba60e4673f416dd4","OceanMan","5e9a08cdd502e121002b5279","6a8391c3e66f3c3c107edea6","2026-08-17 19:07"
"Giancarlo Esposito","68e85bdb3f2cbbe915cbcd3d","lágrima de luva","60823b72d59d1b0001227506","6a8392e1530b03eaa5f2d85a","2026-08-17 19:07"
"Fructidor","69d9a0dd291d3a2e5184c64e","Haus","678bc95a847b56d5e0276463","6a838f40530b03eaa5f2cfa9","2026-08-17 19:07"
"Jesper","6962762abc79a0f2300d324e","inferno","678d41c562226bf506f8bc73","6a83931de66f3c3c107ee300","2026-08-17 19:07"
"inferno","678d41c562226bf506f8bc73","wichura240","68767692157557d5c76a0ab6","6a83932f530b03eaa5f2d906","2026-08-17 19:07"
"Yarik","676e524ee37422d9da0e161a","Erika","6835b7af656c2c951937f92e","6a8392a65a6f2df5b9c04eeb","2026-08-17 19:07"
"Pna","6063bbbdf93f57000113fed0","Ferklen","62f6afb55a379b73b23633ae","6a839303530b03eaa5f2d8a2","2026-08-17 19:08"
"Fxrzs","676edd67b060daec5f128233","layy ♡","603df174d3dc740001da871a","6a8391fd5a6f2df5b9c04cd6","2026-08-17 19:09"
"inferno","678d41c562226bf506f8bc73","Jesper","6962762abc79a0f2300d324e","6a839414e66f3c3c107ee62a","2026-08-17 19:09"
"Jesper","6962762abc79a0f2300d324e","Aljosc","6285deec505b0a7a76ccca1d","6a8394605a6f2df5b9c05469","2026-08-17 19:10"
"vpm73","660a32d6b52224de403ee217","Cassius Chaerea","692afa4a3b2a1d12384d418b","6a83939e530b03eaa5f2da31","2026-08-17 19:10"
"Yarik","676e524ee37422d9da0e161a","Pna","6063bbbdf93f57000113fed0","6a8394225a6f2df5b9c0538e","2026-08-17 19:10"
"Albanian Guy","58796ade8b9ff486d81bbad5","Заяц","63890678411c174863e40d57","6a83939e5a6f2df5b9c051e7","2026-08-17 19:11"
"wichura240","68767692157557d5c76a0ab6","zach","621783eaab08b80001371858","6a8394495a6f2df5b9c05416","2026-08-17 19:11"
"BulgariaEnjoyer","60f46ec8cac323000166141d","BarryTheBee","62be7867aa13616722f8dd4a","6a8393a55a6f2df5b9c051fb","2026-08-17 19:12"
"zach","621783eaab08b80001371858","wichura240","68767692157557d5c76a0ab6","6a8394f7e66f3c3c107ee8e8","2026-08-17 19:13"
"[FatSnail] SavetheSnail","591790fc1bba70b6146c6485","Aljosc","6285deec505b0a7a76ccca1d","6a8394dd5a6f2df5b9c055f9","2026-08-17 19:14"
"AlyssaXO","697951452c7d617abab0dc61","Johannez","6025667836ff8a0001f5ebe6","6a8393f2530b03eaa5f2dade","2026-08-17 19:14"
"OceanMan","5e9a08cdd502e121002b5279","Shakazaramesh","5ef2945bbb96627c9ce5f63f","6a839413e66f3c3c107ee61f","2026-08-17 19:15"
"inferno","678d41c562226bf506f8bc73","Cassius Chaerea","692afa4a3b2a1d12384d418b","6a8394ace66f3c3c107ee7ea","2026-08-17 19:15"
"[FatSnail] SavetheSnail","591790fc1bba70b6146c6485","wichura240","68767692157557d5c76a0ab6","6a8395ab5a6f2df5b9c058a6","2026-08-17 19:15"
"nagahama","69c350edba60e4673f416dd4","Giancarlo Esposito","68e85bdb3f2cbbe915cbcd3d","6a8394185a6f2df5b9c05370","2026-08-17 19:16"
"Jesper","6962762abc79a0f2300d324e","Fxrzs","676edd67b060daec5f128233","6a8394e35a6f2df5b9c05615","2026-08-17 19:16"
"BulgariaEnjoyer","60f46ec8cac323000166141d","BarryTheBee","62be7867aa13616722f8dd4a","6a8395345a6f2df5b9c05715","2026-08-17 19:17"
"Norbert","61b40084a8414400018d958a","Math56","65183f23fa133d34a1c57ac1","6a838d895a6f2df5b9c03e09","2026-08-17 19:17"
"inferno","678d41c562226bf506f8bc73","[FatSnail] SavetheSnail","591790fc1bba70b6146c6485","6a8395e75a6f2df5b9c0596c","2026-08-17 19:17"
"zach","621783eaab08b80001371858","CoolMoonGuy","67ba5164f30fffa59919db60","6a839566e66f3c3c107eea18","2026-08-17 19:17"
"Ferklen","62f6afb55a379b73b23633ae","Lodi","5788e5e5c2a0fb1304dba46c","6a83946de66f3c3c107ee730","2026-08-17 19:17"
"OceanMan","5e9a08cdd502e121002b5279","Shakazaramesh","5ef2945bbb96627c9ce5f63f","6a8395f35a6f2df5b9c05999","2026-08-17 19:18"
"Заяц","63890678411c174863e40d57","Albanian Guy","58796ade8b9ff486d81bbad5","6a8395b9e66f3c3c107eeb0e","2026-08-17 19:18"
"Fxrzs","676edd67b060daec5f128233","wichura240","68767692157557d5c76a0ab6","6a839604530b03eaa5f2df8f","2026-08-17 19:18"
"Zetie","5e9215c1b3ec17480c01df1e","VoltzyWoltzy","623f9aa519776cbc2a8282e2","6a8395a1530b03eaa5f2de71","2026-08-17 19:19"
"Flubbersticks","69387a54dc6fdd9da05c91cd","fess10","62bf4d48e14142ca68a681f5","6a8396035a6f2df5b9c059bb","2026-08-17 19:19"
"wichura240","68767692157557d5c76a0ab6","CoolMoonGuy","67ba5164f30fffa59919db60","6a8396a9530b03eaa5f2e12b","2026-08-17 19:20"
"Erika","6835b7af656c2c951937f92e","Fael","630fecddc8577dc5e3119c8a","6a83955fe66f3c3c107ee9fc","2026-08-17 19:20"
"[FatSnail] SavetheSnail","591790fc1bba70b6146c6485","wuh","6113168b6962f50001aac734","6a8396815a6f2df5b9c05b3b","2026-08-17 19:21"
"AlyssaXO","697951452c7d617abab0dc61","VibeGuessin™","664e1ac31a67ab939b36f8ce","6a8395d630328236e0d04022","2026-08-17 19:21"
"BarryTheBee","62be7867aa13616722f8dd4a","BulgariaEnjoyer","60f46ec8cac323000166141d","6a83965a530b03eaa5f2e077","2026-08-17 19:22"
"Fructidor","69d9a0dd291d3a2e5184c64e","SandyPineapples","6089ad6b041b4200011b2143","6a8396775a6f2df5b9c05b20","2026-08-17 19:23"
"Feneb","5dba86167e473f2408461141","inferno","678d41c562226bf506f8bc73","6a8396835a6f2df5b9c05b40","2026-08-17 19:23"
"wichura240","68767692157557d5c76a0ab6","[FatSnail] SavetheSnail","591790fc1bba70b6146c6485","6a839745e66f3c3c107eefc5","2026-08-17 19:23"
"Giancarlo Esposito","68e85bdb3f2cbbe915cbcd3d","nagahama","69c350edba60e4673f416dd4","6a839637530b03eaa5f2e033","2026-08-17 19:24"
"super singh","6a591d57c05d5d35f4095c85","El coxa","6a406963f8152e0c17c263a0","6a83976d5a6f2df5b9c05e94","2026-08-17 19:24"
"Заяц","63890678411c174863e40d57","Albanian Guy","58796ade8b9ff486d81bbad5","6a83972c5a6f2df5b9c05d8e","2026-08-17 19:25"
"Ole","67c70b553f65f1a34a926de3","Rubber Dinghy Rapids Bro","5b1814ea59669593c4ce555b","6a8393cc530b03eaa5f2da8b","2026-08-17 19:25"
"inferno","678d41c562226bf506f8bc73","[FatSnail] SavetheSnail","591790fc1bba70b6146c6485","6a83981c5a6f2df5b9c060c8","2026-08-17 19:26"
"Shakazaramesh","5ef2945bbb96627c9ce5f63f","Fxrzs","676edd67b060daec5f128233","6a839690530b03eaa5f2e0f0","2026-08-17 19:27"
"Giancarlo Esposito","68e85bdb3f2cbbe915cbcd3d","Norbert","61b40084a8414400018d958a","6a8397f15a6f2df5b9c06056","2026-08-17 19:28"
"inferno","678d41c562226bf506f8bc73","wichura240","68767692157557d5c76a0ab6","6a83985f30328236e0d0455b","2026-08-17 19:28"
"super singh","6a591d57c05d5d35f4095c85","Wiggleboi26","596ce04bcf818c83482a8c4b","6a8398885a6f2df5b9c0622d","2026-08-17 19:28"
"Fxrzs","676edd67b060daec5f128233","Tomek5_5","606e09423667bc0001ad663d","6a8398cc530b03eaa5f2e6dd","2026-08-17 19:30"
"OakTree","617eb25d4e0e40000158968f","Flubbersticks","69387a54dc6fdd9da05c91cd","6a83982fed20570f07083f41","2026-08-17 19:31"
"Zetie","5e9215c1b3ec17480c01df1e","Erika","6835b7af656c2c951937f92e","6a8397b7530b03eaa5f2e3fe","2026-08-17 19:31"
"AlyssaXO","697951452c7d617abab0dc61","Lster95","6875664f91065c0938397061","6a83998a5a6f2df5b9c0656e","2026-08-17 19:32"
"manuelson","5eff753e4fc56993542703a7","nagahama","69c350edba60e4673f416dd4","6a839842e66f3c3c107ef2c9","2026-08-17 19:33"
"Palmitas","69b33a815634cc416b9c7877","Giancarlo Esposito","68e85bdb3f2cbbe915cbcd3d","6a839907530b03eaa5f2e76a","2026-08-17 19:33"
"Albanian Guy","58796ade8b9ff486d81bbad5","Заяц","63890678411c174863e40d57","6a839869e66f3c3c107ef33b","2026-08-17 19:33"
"Lubec","5e974c906ea510372c1e444a","Shakazaramesh","5ef2945bbb96627c9ce5f63f","6a8398cee66f3c3c107ef469","2026-08-17 19:33"
"Flubbersticks","69387a54dc6fdd9da05c91cd","nayeon pop pop","609482b01b4a92000150edbd","6a8399b35a6f2df5b9c065dd","2026-08-17 19:33"
"Tomek5_5","606e09423667bc0001ad663d","caioxz_","6331d016ad2a2f9e703f7c60","6a8399b7e66f3c3c107ef6e9","2026-08-17 19:34"
"Fxrzs","676edd67b060daec5f128233","Tatert0t","68713ba58c49b2f1bf373e05","6a8399795a6f2df5b9c06527","2026-08-17 19:35"
"Erika","6835b7af656c2c951937f92e","Shakazaramesh","5ef2945bbb96627c9ce5f63f","6a839a245a6f2df5b9c0672d","2026-08-17 19:35"
"Zetie","5e9215c1b3ec17480c01df1e","OakTree","617eb25d4e0e40000158968f","6a8399d3e66f3c3c107ef736","2026-08-17 19:35"
"Kageyu","68ca96634b59728d6b0f739a","Not Jojo","67e8ab0b497a1acbf6efa0ac","6a8399b85a6f2df5b9c065e9","2026-08-17 19:35"
"Заяц","63890678411c174863e40d57","Giancarlo Esposito","68e85bdb3f2cbbe915cbcd3d","6a839a2ce66f3c3c107ef85e","2026-08-17 19:36"
"inferno","678d41c562226bf506f8bc73","wichura240","68767692157557d5c76a0ab6","6a8398eee66f3c3c107ef4c1","2026-08-17 19:36"
"Andrade","631f700e2347fcd4bef6185b","Lster95","6875664f91065c0938397061","6a839a115a6f2df5b9c066f8","2026-08-17 19:36"
"Giancarlo Esposito","68e85bdb3f2cbbe915cbcd3d","Заяц","63890678411c174863e40d57","6a839aeb5a6f2df5b9c069cf","2026-08-17 19:38"
"Andrade","631f700e2347fcd4bef6185b","silvia","5ab45e391e1f02697026c335","6a839b025a6f2df5b9c06a1b","2026-08-17 19:38"
"Fxrzs","676edd67b060daec5f128233","Tatert0t","68713ba58c49b2f1bf373e05","6a839aac5a6f2df5b9c068f0","2026-08-17 19:39"
"Ferklen","62f6afb55a379b73b23633ae","ThiiagooAC7","66a13c3e99166dab91896702","6a839a51e66f3c3c107ef8cd","2026-08-17 19:39"
"nagahama","69c350edba60e4673f416dd4","Lubec","5e974c906ea510372c1e444a","6a839a245a6f2df5b9c0672a","2026-08-17 19:40"
"Albanian Guy","58796ade8b9ff486d81bbad5","Tomek5_5","606e09423667bc0001ad663d","6a839a7d530b03eaa5f2ea66","2026-08-17 19:40"
"Erika","6835b7af656c2c951937f92e","Lster95","6875664f91065c0938397061","6a839b565a6f2df5b9c06b1c","2026-08-17 19:40"
"Kageyu","68ca96634b59728d6b0f739a","caioxz_","6331d016ad2a2f9e703f7c60","6a839aa75a6f2df5b9c068e4","2026-08-17 19:40"
"wuh","6113168b6962f50001aac734","OakTree","617eb25d4e0e40000158968f","6a839abc5a6f2df5b9c06933","2026-08-17 19:40"
"inferno","678d41c562226bf506f8bc73","Shakazaramesh","5ef2945bbb96627c9ce5f63f","6a839ad25a6f2df5b9c0697e","2026-08-17 19:41"
"Supi.exe","62367e9e2965f997f04a920f","Andrade","631f700e2347fcd4bef6185b","6a839baa5a6f2df5b9c06c37","2026-08-17 19:42"
"OakTree","617eb25d4e0e40000158968f","wuh","6113168b6962f50001aac734","6a839bc6e66f3c3c107efcc5","2026-08-17 19:42"
"Заяц","63890678411c174863e40d57","Giancarlo Esposito","68e85bdb3f2cbbe915cbcd3d","6a839b4b530b03eaa5f2ec43","2026-08-17 19:43"
"inferno","678d41c562226bf506f8bc73","Lubec","5e974c906ea510372c1e444a","6a839c135a6f2df5b9c06d55","2026-08-17 19:43"
"Andrade","631f700e2347fcd4bef6185b","OakTree","617eb25d4e0e40000158968f","6a839c255a6f2df5b9c06d77","2026-08-17 19:43"
"Moo","603b1b0d5cdb1b0001bbf19e","Palmitas","69b33a815634cc416b9c7877","6a839a9ee66f3c3c107ef9c3","2026-08-17 19:44"
"Fxrzs","676edd67b060daec5f128233","wichura240","68767692157557d5c76a0ab6","6a839b8be66f3c3c107efc43","2026-08-17 19:44"
"super singh","6a591d57c05d5d35f4095c85","Amon BLN","60feb71b5e6d8d000117eb53","6a839bece66f3c3c107efcff","2026-08-17 19:44"
"wuh","6113168b6962f50001aac734","ThiiagooAC7","66a13c3e99166dab91896702","6a839c445a6f2df5b9c06dcd","2026-08-17 19:44"
"Fructidor","69d9a0dd291d3a2e5184c64e","Rubber Dinghy Rapids Bro","5b1814ea59669593c4ce555b","6a839831e66f3c3c107ef28c","2026-08-17 19:46"
"Andrade","631f700e2347fcd4bef6185b","Aculstingray","5f09a434a958535b8c808fd6","6a839c8ce66f3c3c107efec4","2026-08-17 19:46"
"Kazuyanpi15","62f98280984cca8f85927223","VoltzyWoltzy","623f9aa519776cbc2a8282e2","6a839c15530b03eaa5f2edb2","2026-08-17 19:47"
"Albanian Guy","58796ade8b9ff486d81bbad5","Norbert","61b40084a8414400018d958a","6a839bffe66f3c3c107efd43","2026-08-17 19:48"
"Tomek5_5","606e09423667bc0001ad663d","Shakazaramesh","5ef2945bbb96627c9ce5f63f","6a839bf3e66f3c3c107efd1b","2026-08-17 19:48"
"wichura240","68767692157557d5c76a0ab6","duck","635dc283e419c615374198d6","6a839cf65a6f2df5b9c06fe3","2026-08-17 19:48"
"Giancarlo Esposito","68e85bdb3f2cbbe915cbcd3d","Lubec","5e974c906ea510372c1e444a","6a839ca35a6f2df5b9c06ef5","2026-08-17 19:49"
"Aculstingray","5f09a434a958535b8c808fd6","wuh","6113168b6962f50001aac734","6a839d4a5a6f2df5b9c070d0","2026-08-17 19:49"
"caioxz_","6331d016ad2a2f9e703f7c60","B-FAULT","62253ec0f9a281000121d0e3","6a839bb1e66f3c3c107efc94","2026-08-17 19:49"
"CoolMoonGuy","67ba5164f30fffa59919db60","Erika","6835b7af656c2c951937f92e","6a839c48530b03eaa5f2ee13","2026-08-17 19:49"
"inferno","678d41c562226bf506f8bc73","Palmitas","69b33a815634cc416b9c7877","6a839d185a6f2df5b9c07046","2026-08-17 19:51"
"Supi.exe","62367e9e2965f997f04a920f","Albanian Guy","58796ade8b9ff486d81bbad5","6a839e23e66f3c3c107f030d","2026-08-17 19:52"
"CoolMoonGuy","67ba5164f30fffa59919db60","wuh","6113168b6962f50001aac734","6a839dd05a6f2df5b9c07224","2026-08-17 19:52"
"Giancarlo Esposito","68e85bdb3f2cbbe915cbcd3d","Norbert","61b40084a8414400018d958a","6a839dcc530b03eaa5f2f134","2026-08-17 19:53"
"Kazuyanpi15","62f98280984cca8f85927223","Shakazaramesh","5ef2945bbb96627c9ce5f63f","6a839d8b5a6f2df5b9c0717d","2026-08-17 19:53"
"super singh","6a591d57c05d5d35f4095c85","nsdq","6a5df356b2768ca0c453e2c1","6a839dab5a6f2df5b9c071c5","2026-08-17 19:54"
"CoolMoonGuy","67ba5164f30fffa59919db60","wuh","6113168b6962f50001aac734","6a839ec15a6f2df5b9c07546","2026-08-17 19:54"
"inferno","678d41c562226bf506f8bc73","Palmitas","69b33a815634cc416b9c7877","6a839e605a6f2df5b9c07419","2026-08-17 19:55"
"Tomek5_5","606e09423667bc0001ad663d","Fael","630fecddc8577dc5e3119c8a","6a839d9fe66f3c3c107f0181","2026-08-17 19:55"
"duck","635dc283e419c615374198d6","Tottenhamwisps","60ad03a48b6e1d00012f8e7e","6a839db6ed20570f0708496a","2026-08-17 19:56"
"Aculstingray","5f09a434a958535b8c808fd6","Juri","633f1777760f3f138679e5be","6a839ddbe66f3c3c107f0222","2026-08-17 19:56"
"super singh","6a591d57c05d5d35f4095c85","ADApostrophe","6632cf27741805ab9428c62b","6a839f075a6f2df5b9c07646","2026-08-17 19:56"
"Kazuyanpi15","62f98280984cca8f85927223","Zetie","5e9215c1b3ec17480c01df1e","6a839f195a6f2df5b9c076a3","2026-08-17 19:57"
"KLII","66b80145236f1a4e4d55036f","Lodi","5788e5e5c2a0fb1304dba46c","6a839da8e66f3c3c107f0197","2026-08-17 19:57"
"Giancarlo Esposito","68e85bdb3f2cbbe915cbcd3d","Albanian Guy","58796ade8b9ff486d81bbad5","6a839ed95a6f2df5b9c07596","2026-08-17 20:00"
"Palmitas","69b33a815634cc416b9c7877","Tomek5_5","606e09423667bc0001ad663d","6a839f475a6f2df5b9c0777a","2026-08-17 20:00"
"Fael","630fecddc8577dc5e3119c8a","CoolMoonGuy","67ba5164f30fffa59919db60","6a839f5d5a6f2df5b9c077e5","2026-08-17 20:00"
"Lubec","5e974c906ea510372c1e444a","Shakazaramesh","5ef2945bbb96627c9ce5f63f","6a839ed55a6f2df5b9c07589","2026-08-17 20:02"
"Juri","633f1777760f3f138679e5be","Aculstingray","5f09a434a958535b8c808fd6","6a839f77e66f3c3c107f070e","2026-08-17 20:02"
"Giancarlo Esposito","68e85bdb3f2cbbe915cbcd3d","Norbert","61b40084a8414400018d958a","6a83a0685a6f2df5b9c07aec","2026-08-17 20:03"
"Albanian Guy","58796ade8b9ff486d81bbad5","7ROU7","69ed3e0c27406e0b87b738aa","6a83a0d7530b03eaa5f2f879","2026-08-17 20:04"
"Palmitas","69b33a815634cc416b9c7877","Tomek5_5","606e09423667bc0001ad663d","6a83a083e66f3c3c107f0a07","2026-08-17 20:05"
"Lubec","5e974c906ea510372c1e444a","Shakazaramesh","5ef2945bbb96627c9ce5f63f","6a83a13f5a6f2df5b9c07d9c","2026-08-17 20:05"
"Flubbersticks","69387a54dc6fdd9da05c91cd","nayeon pop pop","609482b01b4a92000150edbd","6a83a0a3e66f3c3c107f0a73","2026-08-17 20:05"
"Juri","633f1777760f3f138679e5be","Aculstingray","5f09a434a958535b8c808fd6","6a83a0f95a6f2df5b9c07cbf","2026-08-17 20:07"
"B-FAULT","62253ec0f9a281000121d0e3","caioxz_","6331d016ad2a2f9e703f7c60","6a839de35a6f2df5b9c07260","2026-08-17 20:07"
"KLII","66b80145236f1a4e4d55036f","Zetie","5e9215c1b3ec17480c01df1e","6a83a0165a6f2df5b9c079df","2026-08-17 20:07"
"Giancarlo Esposito","68e85bdb3f2cbbe915cbcd3d","Norbert","61b40084a8414400018d958a","6a83a128e66f3c3c107f0c2b","2026-08-17 20:08"
"Tottenhamwisps","60ad03a48b6e1d00012f8e7e","duck","635dc283e419c615374198d6","6a839fb8e66f3c3c107f0798","2026-08-17 20:08"
"super singh","6a591d57c05d5d35f4095c85","Cim","5c3aafcbb5b56c6a48784b22","6a83a184e66f3c3c107f0d2b","2026-08-17 20:08"
"Shakazaramesh","5ef2945bbb96627c9ce5f63f","Aculstingray","5f09a434a958535b8c808fd6","6a83a1fde66f3c3c107f0e49","2026-08-17 20:08"
"Tomek5_5","606e09423667bc0001ad663d","Lubec","5e974c906ea510372c1e444a","6a83a1a45a6f2df5b9c07ec5","2026-08-17 20:09"
"Albanian Guy","58796ade8b9ff486d81bbad5","Juri","633f1777760f3f138679e5be","6a83a224e66f3c3c107f0e92","2026-08-17 20:10"
"Fael","630fecddc8577dc5e3119c8a","CoolMoonGuy","67ba5164f30fffa59919db60","6a83a07c5a6f2df5b9c07b2e","2026-08-17 20:10"
"Erika","6835b7af656c2c951937f92e","7ROU7","69ed3e0c27406e0b87b738aa","6a83a162e66f3c3c107f0cca","2026-08-17 20:10"
"OakTree","617eb25d4e0e40000158968f","silvia","5ab45e391e1f02697026c335","6a83a2637756a84070dadef4","2026-08-17 20:10"
"duck","635dc283e419c615374198d6","Aculstingray","5f09a434a958535b8c808fd6","6a83a25de66f3c3c107f0eff","2026-08-17 20:11"
"7ROU7","69ed3e0c27406e0b87b738aa","KLII","66b80145236f1a4e4d55036f","6a83a2b229408fac0cef55ac","2026-08-17 20:11"
"super singh","6a591d57c05d5d35f4095c85","Cim","5c3aafcbb5b56c6a48784b22","6a83a262e66f3c3c107f0f08","2026-08-17 20:11"
"7ROU7","69ed3e0c27406e0b87b738aa","KLII","66b80145236f1a4e4d55036f","6a83a2b229408fac0cef55ac","2026-08-17 20:12"
"CoolMoonGuy","67ba5164f30fffa59919db60","silvia","5ab45e391e1f02697026c335","6a83a2e5e66f3c3c107f0ff7","2026-08-17 20:13"
"Norbert","61b40084a8414400018d958a","Albanian Guy","58796ade8b9ff486d81bbad5","6a83a2cee66f3c3c107f0fcb","2026-08-17 20:14"
"Square","6258ba2148590cd1b4d0e0a1","Juri","633f1777760f3f138679e5be","6a83a2bd5a6f2df5b9c0814c","2026-08-17 20:14"
"super singh","6a591d57c05d5d35f4095c85","Cim","5c3aafcbb5b56c6a48784b22","6a83a32029408fac0cef56da","2026-08-17 20:14"
"Shakazaramesh","5ef2945bbb96627c9ce5f63f","Tomek5_5","606e09423667bc0001ad663d","6a83a28c29408fac0cef5565","2026-08-17 20:14"
"OakTree","617eb25d4e0e40000158968f","wuh","6113168b6962f50001aac734","6a83a30029408fac0cef567f","2026-08-17 20:15"
"duck","635dc283e419c615374198d6","Aculstingray","5f09a434a958535b8c808fd6","6a83a305e66f3c3c107f1045","2026-08-17 20:16"
"Lubec","5e974c906ea510372c1e444a","Palmitas","69b33a815634cc416b9c7877","6a83a2b629408fac0cef55b6","2026-08-17 20:18"
"CoolMoonGuy","67ba5164f30fffa59919db60","silvia","5ab45e391e1f02697026c335","6a83a3805a6f2df5b9c08312","2026-08-17 20:18"
"Shakazaramesh","5ef2945bbb96627c9ce5f63f","Halikaru","5c357a953d925b4de42c816a","6a83a3c25a6f2df5b9c0839f","2026-08-17 20:19"
"Zetie","5e9215c1b3ec17480c01df1e","VoltzyWoltzy","623f9aa519776cbc2a8282e2","6a83a3e629408fac0cef58f2","2026-08-17 20:19"
"Palmitas","69b33a815634cc416b9c7877","Lubec","5e974c906ea510372c1e444a","6a83a4a629408fac0cef5ae2","2026-08-17 20:20"
"Tottenhamwisps","60ad03a48b6e1d00012f8e7e","7ROU7","69ed3e0c27406e0b87b738aa","6a83a358e66f3c3c107f1130","2026-08-17 20:20"
"Baga #banalts","6106adfe5078c20001560397","OakTree","617eb25d4e0e40000158968f","6a83a4165a6f2df5b9c08483","2026-08-17 20:20"
"Juri","633f1777760f3f138679e5be","Albanian Guy","58796ade8b9ff486d81bbad5","6a83a3f129408fac0cef5914","2026-08-17 20:22"
"Palmitas","6984de4267015bc9a6109cae","duck","635dc283e419c615374198d6","6a83a45a29408fac0cef5a11","2026-08-17 20:23"
"CoolMoonGuy","67ba5164f30fffa59919db60","OakTree","617eb25d4e0e40000158968f","6a83a537e66f3c3c107f1559","2026-08-17 20:23"
"nemessis","6a68f0776670f9815653f016","Sadie","601dc4c3f671dd0001c61436","6a83a587e66f3c3c107f15fb","2026-08-17 20:24"
"Palmitas","69b33a815634cc416b9c7877","Baga #banalts","6106adfe5078c20001560397","6a83a564ab5dbbc05ff334d1","2026-08-17 20:26"
"DK","616dadb53ea44c00014582b8","Tomek5_5","606e09423667bc0001ad663d","6a83a48329408fac0cef5a6e","2026-08-17 20:26"
"Erika","6835b7af656c2c951937f92e","Shakazaramesh","5ef2945bbb96627c9ce5f63f","6a83a4d85a6f2df5b9c08685","2026-08-17 20:26"
"super singh","6a591d57c05d5d35f4095c85","Picklnugget17","60dd53613fc47f000136d02b","6a83a5635a6f2df5b9c087a4","2026-08-17 20:26"
"Lubec","5e974c906ea510372c1e444a","duck","635dc283e419c615374198d6","6a83a5e4e66f3c3c107f16e5","2026-08-17 20:28"
"Juri","633f1777760f3f138679e5be","Albanian Guy","58796ade8b9ff486d81bbad5","6a83a5b229408fac0cef5d75","2026-08-17 20:29"
"7ROU7","69ed3e0c27406e0b87b738aa","Jesper","6962762abc79a0f2300d324e","6a83a6305a6f2df5b9c08968","2026-08-17 20:29"
"数字信号处理","62a559ad291a85ec390d343e","Flubbersticks","69387a54dc6fdd9da05c91cd","6a83a698ab5dbbc05ff336cd","2026-08-17 20:29"
"Jesper","6962762abc79a0f2300d324e","7ROU7","69ed3e0c27406e0b87b738aa","6a83a737e66f3c3c107f1950","2026-08-17 20:30"
"Aculstingray","5f09a434a958535b8c808fd6","mii3en","66159d055967919df66cf9c0","6a83a65be66f3c3c107f179c","2026-08-17 20:30"
"Zetie","5e9215c1b3ec17480c01df1e","OakTree","617eb25d4e0e40000158968f","6a83a5ee29408fac0cef5e08","2026-08-17 20:30"
"Norbert","61b40084a8414400018d958a","habesh","647734d056305f7bf5561a4e","6a83a47d5a6f2df5b9c08579","2026-08-17 20:31"
"CoolMoonGuy","67ba5164f30fffa59919db60","Dudester","5ef376c562be834c7005856e","6a83a76a5a6f2df5b9c08c39","2026-08-17 20:31"
"Palmitas","69b33a815634cc416b9c7877","Mathias","650a2d21361d5316c35b4efe","6a83a6a6e66f3c3c107f184a","2026-08-17 20:32"
"Albanian Guy","58796ade8b9ff486d81bbad5","Palmitas","6984de4267015bc9a6109cae","6a83a7585a6f2df5b9c08bfe","2026-08-17 20:32"
"Lubec","5e974c906ea510372c1e444a","朋友是一个坚韧不拔的纪录片， 在香港这座城市的设置。","65de536fb77f430b929240f3","6a83a721e66f3c3c107f1925","2026-08-17 20:32"
"Flubbersticks","69387a54dc6fdd9da05c91cd","数字信号处理","62a559ad291a85ec390d343e","6a83a7575a6f2df5b9c08bf9","2026-08-17 20:32"
"kober","67ad18a09e150413a5e6fa66","Jesper","6962762abc79a0f2300d324e","6a83a79eab5dbbc05ff3389f","2026-08-17 20:33"
"Shakazaramesh","5ef2945bbb96627c9ce5f63f","Baga #banalts","6106adfe5078c20001560397","6a83a69c5a6f2df5b9c08a46","2026-08-17 20:33"
"duck","635dc283e419c615374198d6","Tomek5_5","606e09423667bc0001ad663d","6a83a6eae66f3c3c107f18c9","2026-08-17 20:34"
"7ROU7","69ed3e0c27406e0b87b738aa","CoolMoonGuy","67ba5164f30fffa59919db60","6a83a7d3ab5dbbc05ff338f8","2026-08-17 20:35"
"mii3en","66159d055967919df66cf9c0","OakTree","617eb25d4e0e40000158968f","6a83a788e66f3c3c107f1a01","2026-08-17 20:35"
"Flubbersticks","69387a54dc6fdd9da05c91cd","数字信号处理","62a559ad291a85ec390d343e","6a83a80be66f3c3c107f1b81","2026-08-17 20:35"
"Norbert","61b40084a8414400018d958a","kober","67ad18a09e150413a5e6fa66","6a83a7cde66f3c3c107f1aab","2026-08-17 20:36"
"Jesper","6962762abc79a0f2300d324e","Aculstingray","5f09a434a958535b8c808fd6","6a83a83c530b03eaa5f30636","2026-08-17 20:36"
"F12RXY7U9I","6919845c3a6623b10b2fa710","Rapanui","56b34d54f0f54423887879e3","6a83a7a0bd14c20f7f933166","2026-08-17 20:36"
"Palmitas","6984de4267015bc9a6109cae","Albanian Guy","58796ade8b9ff486d81bbad5","6a83a7d45a6f2df5b9c08d65","2026-08-17 20:37"
"mii3en","66159d055967919df66cf9c0","OakTree","617eb25d4e0e40000158968f","6a83a887e66f3c3c107f1cf8","2026-08-17 20:37"
"caioxz_","6331d016ad2a2f9e703f7c60","B-FAULT","62253ec0f9a281000121d0e3","6a83a229ab5dbbc05ff32f32","2026-08-17 20:38"
"F12RXY7U9I","6919845c3a6623b10b2fa710","MASSIVELEGEND","57a1e5c296ca67161038e742","6a83a8db530b03eaa5f307de","2026-08-17 20:38"
"7ROU7","69ed3e0c27406e0b87b738aa","kober","67ad18a09e150413a5e6fa66","6a83a8e4e66f3c3c107f1e1e","2026-08-17 20:39"
"Tomek5_5","606e09423667bc0001ad663d","kober","67ad18a09e150413a5e6fa66","6a83a90ce66f3c3c107f1eb0","2026-08-17 20:39"
"Aculstingray","5f09a434a958535b8c808fd6","Jesper","6962762abc79a0f2300d324e","6a83a8e4e66f3c3c107f1e1f","2026-08-17 20:39"
"数字信号处理","62a559ad291a85ec390d343e","Flubbersticks","69387a54dc6fdd9da05c91cd","6a83a8b9e66f3c3c107f1daf","2026-08-17 20:39"
"Lubec","5e974c906ea510372c1e444a","Palmitas","69b33a815634cc416b9c7877","6a83a7dfe66f3c3c107f1ae0","2026-08-17 20:40"
"kober","67ad18a09e150413a5e6fa66","mii3en","66159d055967919df66cf9c0","6a83a979ab5dbbc05ff33cd5","2026-08-17 20:41"
"CoolMoonGuy","67ba5164f30fffa59919db60","david attenborough","6202fc2fed74670001f9a180","6a83a8b5e66f3c3c107f1d8e","2026-08-17 20:41"
"manuelson","5eff753e4fc56993542703a7","BarryTheBee","62be7867aa13616722f8dd4a","6a83a7acab5dbbc05ff338b9","2026-08-17 20:42"
"kober","67ad18a09e150413a5e6fa66","Jesper","6962762abc79a0f2300d324e","6a83a998ab5dbbc05ff33d10","2026-08-17 20:42"
"Shakazaramesh","5ef2945bbb96627c9ce5f63f","Kageyu","68ca96634b59728d6b0f739a","6a83a94fe66f3c3c107f1f98","2026-08-17 20:42"
"数字信号处理","62a559ad291a85ec390d343e","Flubbersticks","69387a54dc6fdd9da05c91cd","6a83a97f530b03eaa5f309a1","2026-08-17 20:42"
"朋友是一个坚韧不拔的纪录片， 在香港这座城市的设置。","65de536fb77f430b929240f3","Zetie","5e9215c1b3ec17480c01df1e","6a83a7e85a6f2df5b9c08d90","2026-08-17 20:43"
"mii3en","66159d055967919df66cf9c0","7ROU7","69ed3e0c27406e0b87b738aa","6a83a9ece66f3c3c107f21df","2026-08-17 20:43"
"Flubbersticks","69387a54dc6fdd9da05c91cd","数字信号处理","62a559ad291a85ec390d343e","6a83aa4fe66f3c3c107f2351","2026-08-17 20:45"
"CoastalTundra844","69ce7e5d0326086782b8bb1c","Norbert","61b40084a8414400018d958a","6a83aa54ab5dbbc05ff33f1b","2026-08-17 20:46"
"kober","67ad18a09e150413a5e6fa66","Jesper","6962762abc79a0f2300d324e","6a83aa53530b03eaa5f30bed","2026-08-17 20:46"
"Palmitas","6984de4267015bc9a6109cae","Albanian Guy","58796ade8b9ff486d81bbad5","6a83a92d530b03eaa5f308a0","2026-08-17 20:47"
"david attenborough","6202fc2fed74670001f9a180","F12RXY7U9I","6919845c3a6623b10b2fa710","6a83aa2c530b03eaa5f30b76","2026-08-17 20:47"
"mii3en","66159d055967919df66cf9c0","kober","67ad18a09e150413a5e6fa66","6a83aa87e66f3c3c107f23db","2026-08-17 20:47"
"Palmitas","69b33a815634cc416b9c7877","Lubec","5e974c906ea510372c1e444a","6a83aa13e66f3c3c107f2274","2026-08-17 20:48"
"habesh","647734d056305f7bf5561a4e","Baga #banalts","6106adfe5078c20001560397","6a83a831530b03eaa5f30615","2026-08-17 20:48"
"Jesper","6962762abc79a0f2300d324e","7ROU7","69ed3e0c27406e0b87b738aa","6a83ab45e66f3c3c107f260f","2026-08-17 20:48"
"Palmitas","6984de4267015bc9a6109cae","kober","67ad18a09e150413a5e6fa66","6a83ab6ee66f3c3c107f26a2","2026-08-17 20:49"
"[TNT] Kirania","5c14f357ff3dc98d883d182c","CoastalTundra844","69ce7e5d0326086782b8bb1c","6a83ab48e66f3c3c107f2612","2026-08-17 20:50"
"Jesper","6962762abc79a0f2300d324e","kober","67ad18a09e150413a5e6fa66","6a83abe5e66f3c3c107f285b","2026-08-17 20:51"
"Aculstingray","5f09a434a958535b8c808fd6","Zetie","5e9215c1b3ec17480c01df1e","6a83ab0fe66f3c3c107f256c","2026-08-17 20:51"
"manuelson","5eff753e4fc56993542703a7","BarryTheBee","62be7867aa13616722f8dd4a","6a83aa6de66f3c3c107f2395","2026-08-17 20:52"
"Jesper","6962762abc79a0f2300d324e","kober","67ad18a09e150413a5e6fa66","6a83abe5e66f3c3c107f285b","2026-08-17 20:52"
"F12RXY7U9I","6919845c3a6623b10b2fa710","david attenborough","6202fc2fed74670001f9a180","6a83ab7b530b03eaa5f30eb0","2026-08-17 20:52"
"鹰娥朗","628e0d478e5ef3a3ca163627","silvia","5ab45e391e1f02697026c335","6a83ac4e30328236e0d06a7b","2026-08-17 20:52"
"chilemasterballking","64c4d20a8f7b73c424913e00","EntityGG","6a2ee6a0c227e2e2b7707578","6a83ac3f530b03eaa5f310e4","2026-08-17 20:53"
"Flubbersticks","69387a54dc6fdd9da05c91cd","数字信号处理","62a559ad291a85ec390d343e","6a83ab91e66f3c3c107f2715","2026-08-17 20:53"
"david attenborough","6202fc2fed74670001f9a180","F12RXY7U9I","6919845c3a6623b10b2fa710","6a83aca7e66f3c3c107f2ae2","2026-08-17 20:54"
"Kageyu","68ca96634b59728d6b0f739a","juRr","627d34876656e2f7e9f7a3d5","6a83ab66ab5dbbc05ff34152","2026-08-17 20:54"
"mii3en","66159d055967919df66cf9c0","kober","67ad18a09e150413a5e6fa66","6a83ac91530b03eaa5f311b8","2026-08-17 20:55"
"Antigs","5fb70fb9e2c593000135b6e0","soz","62b457da3c16f333876cde17","6a83abd6530b03eaa5f30ff4","2026-08-17 20:55"
"Lubec","5e974c906ea510372c1e444a","Palmitas","6984de4267015bc9a6109cae","6a83ac14e66f3c3c107f28f1","2026-08-17 20:56"
"kober","67ad18a09e150413a5e6fa66","Jesper","6962762abc79a0f2300d324e","6a83ad5fe66f3c3c107f2d32","2026-08-17 20:57"
"[TNT] Kirania","5c14f357ff3dc98d883d182c","Palmitas","69b33a815634cc416b9c7877","6a83ac2f530b03eaa5f310c0","2026-08-17 20:58"
"Lágrima","5f32d46aca94e000015886be","Dudester","5ef376c562be834c7005856e","6a83ad8b530b03eaa5f31462","2026-08-17 20:59"
"Kageyu","68ca96634b59728d6b0f739a","F12RXY7U9I","6919845c3a6623b10b2fa710","6a83ad1fab5dbbc05ff3459a","2026-08-17 20:59"
"kober","67ad18a09e150413a5e6fa66","鹰娥朗","628e0d478e5ef3a3ca163627","6a83addcab5dbbc05ff347b1","2026-08-17 21:00"
"Jesper","6962762abc79a0f2300d324e","Doofist","68f3a854d35e604bd5617bb2","6a83adaf530b03eaa5f314cc","2026-08-17 21:00"
"Aculstingray","5f09a434a958535b8c808fd6","Zetie","5e9215c1b3ec17480c01df1e","6a83ac75530b03eaa5f31163","2026-08-17 21:00"
"B-FAULT","62253ec0f9a281000121d0e3","朋友是一个坚韧不拔的纪录片， 在香港这座城市的设置。","65de536fb77f430b929240f3","6a83ad30ab5dbbc05ff345ed","2026-08-17 21:00"
"RedStem","6379b7cc522b82e861ec9ec3","adfost8","69a01d1686149729b03dd5c7","6a83acebe66f3c3c107f2b8e","2026-08-17 21:00"
"BlackShark","61f04538cc54700001a27678","serrani","5e24621927ec173f88185843","6a83addbe66f3c3c107f2ebc","2026-08-17 21:00"
"slew","5cc1545b8701a898fc423332","david attenborough","6202fc2fed74670001f9a180","6a83ad58530b03eaa5f313c1","2026-08-17 21:01"
"manuelson","5eff753e4fc56993542703a7","BarryTheBee","62be7867aa13616722f8dd4a","6a83ac9de66f3c3c107f2ab1","2026-08-17 21:02"
"Palmitas","69b33a815634cc416b9c7877","Norbert","61b40084a8414400018d958a","6a83adf1530b03eaa5f3157c","2026-08-17 21:02"
"Lágrima","5f32d46aca94e000015886be","鹰娥朗","628e0d478e5ef3a3ca163627","6a83ae62e66f3c3c107f3021","2026-08-17 21:02"
"Aculstingray","5f09a434a958535b8c808fd6","朋友是一个坚韧不拔的纪录片， 在香港这座城市的设置。","65de536fb77f430b929240f3","6a83ae80e66f3c3c107f3084","2026-08-17 21:03"
"数字信号处理","62a559ad291a85ec390d343e","Flubbersticks","69387a54dc6fdd9da05c91cd","6a83acf2e66f3c3c107f2b9e","2026-08-17 21:03"
"BlackShark","61f04538cc54700001a27678","F12RXY7U9I","6919845c3a6623b10b2fa710","6a83ae77530b03eaa5f316c6","2026-08-17 21:03"
"kober","67ad18a09e150413a5e6fa66","B-FAULT","62253ec0f9a281000121d0e3","6a83ae88ab5dbbc05ff34930","2026-08-17 21:04"
"Lágrima","5f32d46aca94e000015886be","鹰娥朗","628e0d478e5ef3a3ca163627","6a83aed8530b03eaa5f3177a","2026-08-17 21:04"
"Moo","603b1b0d5cdb1b0001bbf19e","Lubec","5e974c906ea510372c1e444a","6a83adcbe66f3c3c107f2e8d","2026-08-17 21:05"
"kober","67ad18a09e150413a5e6fa66","B-FAULT","62253ec0f9a281000121d0e3","6a83ae88ab5dbbc05ff34930","2026-08-17 21:05"
"Jesper","6962762abc79a0f2300d324e","7ROU7","69ed3e0c27406e0b87b738aa","6a83aeab530b03eaa5f3170d","2026-08-17 21:06"
"朋友是一个坚韧不拔的纪录片， 在香港这座城市的设置。","65de536fb77f430b929240f3","race","603c5c220297940001b84e1a","6a83af4bab5dbbc05ff34aab","2026-08-17 21:06"
"B-FAULT","62253ec0f9a281000121d0e3","Aculstingray","5f09a434a958535b8c808fd6","6a83af52ab5dbbc05ff34ab8","2026-08-17 21:06"
"Bravious","608f43fa0d0e0d0001d2abde","VibeGuessin™","664e1ac31a67ab939b36f8ce","6a83af5fe66f3c3c107f3297","2026-08-17 21:07"
"Aculstingray","5f09a434a958535b8c808fd6","race","603c5c220297940001b84e1a","6a83afd3ab5dbbc05ff34bd2","2026-08-17 21:08"
"Lágrima","5f32d46aca94e000015886be","鹰娥朗","628e0d478e5ef3a3ca163627","6a83af7de66f3c3c107f32f8","2026-08-17 21:08"
"Palmitas","69b33a815634cc416b9c7877","[TNT] Kirania","5c14f357ff3dc98d883d182c","6a83aef7ab5dbbc05ff34a01","2026-08-17 21:09"
"Palmitas","6984de4267015bc9a6109cae","david attenborough","6202fc2fed74670001f9a180","6a83af07530b03eaa5f317d5","2026-08-17 21:09"
"kober","67ad18a09e150413a5e6fa66","7ROU7","69ed3e0c27406e0b87b738aa","6a83afe1e66f3c3c107f3408","2026-08-17 21:09"
"WheelieBinEnjoyer","6a60cb66561c205d0831e2ad","colgibolgi","6a416e66e43ca38315b9b171","6a83afdee66f3c3c107f3402","2026-08-17 21:09"
"kober","67ad18a09e150413a5e6fa66","7ROU7","69ed3e0c27406e0b87b738aa","6a83afe1e66f3c3c107f3408","2026-08-17 21:10"
"B-FAULT","62253ec0f9a281000121d0e3","朋友是一个坚韧不拔的纪录片， 在香港这座城市的设置。","65de536fb77f430b929240f3","6a83afd4ab5dbbc05ff34bd4","2026-08-17 21:10"
"Tottenhamwisps","60ad03a48b6e1d00012f8e7e","Lubec","5e974c906ea510372c1e444a","6a83afc9e66f3c3c107f33d8","2026-08-17 21:11"
"Jesper","6962762abc79a0f2300d324e","Lágrima","5f32d46aca94e000015886be","6a83b047e66f3c3c107f3550","2026-08-17 21:11"
"dudu","6202faaecee03000019ebc88","Palmitas","6984de4267015bc9a6109cae","6a83b0cc530b03eaa5f31be5","2026-08-17 21:12"
"WheelieBinEnjoyer","6a60cb66561c205d0831e2ad","Bellottiteo","6407f17b841d479351a78867","6a83b0a1e66f3c3c107f3626","2026-08-17 21:12"
"Doofist","68f3a854d35e604bd5617bb2","Aculstingray","5f09a434a958535b8c808fd6","6a83b0d9e66f3c3c107f372a","2026-08-17 21:14"
"BlackShark","61f04538cc54700001a27678","Zetie","5e9215c1b3ec17480c01df1e","6a83af40e66f3c3c107f3246","2026-08-17 21:14"
"Bravious","608f43fa0d0e0d0001d2abde","7ROU7","69ed3e0c27406e0b87b738aa","6a83b0abab5dbbc05ff34d7a","2026-08-17 21:14"
"david attenborough","6202fc2fed74670001f9a180","Valen´t","5ecc89febb39467ce83ec462","6a83b0a9530b03eaa5f31b56","2026-08-17 21:15"
"BarryTheBee","62be7867aa13616722f8dd4a","Norbert","61b40084a8414400018d958a","6a83b130ab5dbbc05ff34e96","2026-08-17 21:16"
"[TNT] Kirania","5c14f357ff3dc98d883d182c","Palmitas","69b33a815634cc416b9c7877","6a83b0a8530b03eaa5f31b54","2026-08-17 21:16"
"slew","5cc1545b8701a898fc423332","Palmitas","6984de4267015bc9a6109cae","6a83b18fe66f3c3c107f38e8","2026-08-17 21:16"
"Jesper","6962762abc79a0f2300d324e","Lágrima","5f32d46aca94e000015886be","6a83b149ab5dbbc05ff34ec9","2026-08-17 21:16"
"Doofist","68f3a854d35e604bd5617bb2","Aculstingray","5f09a434a958535b8c808fd6","6a83b1bd530b03eaa5f31dd3","2026-08-17 21:16"
"F12RXY7U9I","6919845c3a6623b10b2fa710","VibeGuessin™","664e1ac31a67ab939b36f8ce","6a83b159ab5dbbc05ff34ee1","2026-08-17 21:16"
"WheelieBinEnjoyer","6a60cb66561c205d0831e2ad","WiddleOnion67","6a481d0f663682d1dd67ee8d","6a83b168e66f3c3c107f387f","2026-08-17 21:17"
"slew","5cc1545b8701a898fc423332","Jesper","6962762abc79a0f2300d324e","6a83b247530b03eaa5f31ee6","2026-08-17 21:18"
"Valen´t","5ecc89febb39467ce83ec462","Lágrima","5f32d46aca94e000015886be","6a83b236e66f3c3c107f3a8f","2026-08-17 21:19"
"RedStem","6379b7cc522b82e861ec9ec3","vikaask","6071058ea1324a0001934121","6a83af74ab5dbbc05ff34b00","2026-08-17 21:19"
"Aculstingray","5f09a434a958535b8c808fd6","david attenborough","6202fc2fed74670001f9a180","6a83b25be66f3c3c107f3af2","2026-08-17 21:20"
"kober","67ad18a09e150413a5e6fa66","Jesper","6962762abc79a0f2300d324e","6a83b2cdbd14c20f7f934702","2026-08-17 21:21"
"super singh","6a591d57c05d5d35f4095c85","ViniiAmaral","69a490dd260e56152183a117","6a83b29cab5dbbc05ff3517f","2026-08-17 21:21"
"super singh","6a591d57c05d5d35f4095c85","ViniiAmaral","69a490dd260e56152183a117","6a83b355530b03eaa5f32181","2026-08-17 21:22"
"7ROU7","69ed3e0c27406e0b87b738aa","BlackShark","61f04538cc54700001a27678","6a83b1e8ab5dbbc05ff35003","2026-08-17 21:22"
"kober","67ad18a09e150413a5e6fa66","slew","5cc1545b8701a898fc423332","6a83b2d3530b03eaa5f32033","2026-08-17 21:23"
"B-FAULT","62253ec0f9a281000121d0e3","朋友是一个坚韧不拔的纪录片， 在香港这座城市的设置。","65de536fb77f430b929240f3","6a83b0f1e66f3c3c107f3764","2026-08-17 21:24"
"mint","67bf13b90a45adc3b2e1c725","dudu","6202faaecee03000019ebc88","6a83b3b3530b03eaa5f32286","2026-08-17 21:25"
"Jesper","6962762abc79a0f2300d324e","Lágrima","5f32d46aca94e000015886be","6a83b371e66f3c3c107f3dbb","2026-08-17 21:26"
"RedStem","6379b7cc522b82e861ec9ec3","vicho","6a4ee4c3170dae471ff01141","6a83b2f1530b03eaa5f3209d","2026-08-17 21:26"
"Palmitas","69b33a815634cc416b9c7877","[TNT] Kirania","5c14f357ff3dc98d883d182c","6a83b258e66f3c3c107f3aeb","2026-08-17 21:27"
"朋友是一个坚韧不拔的纪录片， 在香港这座城市的设置。","65de536fb77f430b929240f3","7ROU7","69ed3e0c27406e0b87b738aa","6a83b45f530b03eaa5f323cc","2026-08-17 21:27"
"slew","5cc1545b8701a898fc423332","F12RXY7U9I","6919845c3a6623b10b2fa710","6a83b424530b03eaa5f3236a","2026-08-17 21:28"
"Andrade","631f700e2347fcd4bef6185b","Jesper","6962762abc79a0f2300d324e","6a83b485ab5dbbc05ff35606","2026-08-17 21:28"
"BarryTheBee","62be7867aa13616722f8dd4a","Norbert","61b40084a8414400018d958a","6a83b36f530b03eaa5f321bf","2026-08-17 21:29"
"dudu","6202faaecee03000019ebc88","Albanian Guy","58796ade8b9ff486d81bbad5","6a83b469ab5dbbc05ff355d1","2026-08-17 21:30"
"slew","5cc1545b8701a898fc423332","朋友是一个坚韧不拔的纪录片， 在香港这座城市的设置。","65de536fb77f430b929240f3","6a83b4f3530b03eaa5f32580","2026-08-17 21:32"
"super singh","6a591d57c05d5d35f4095c85","Mato005 Jakubek","5b61ee6afdcd8a103402618c","6a83b512e66f3c3c107f4265","2026-08-17 21:32"
"Erika","6835b7af656c2c951937f92e","7ROU7","69ed3e0c27406e0b87b738aa","6a83b4e8e66f3c3c107f41da","2026-08-17 21:33"
"Albanian Guy","58796ade8b9ff486d81bbad5","Jesper","6962762abc79a0f2300d324e","6a83b584e66f3c3c107f4394","2026-08-17 21:34"
"david attenborough","6202fc2fed74670001f9a180","Aculstingray","5f09a434a958535b8c808fd6","6a83b327530b03eaa5f3212b","2026-08-17 21:34"
"kober","67ad18a09e150413a5e6fa66","Giancarlo Esposito","68e85bdb3f2cbbe915cbcd3d","6a83b6b1ab5dbbc05ff35b32","2026-08-17 21:37"
"Albanian Guy","58796ade8b9ff486d81bbad5","Jesper","6962762abc79a0f2300d324e","6a83b69de66f3c3c107f46ab","2026-08-17 21:37"
"7ROU7","69ed3e0c27406e0b87b738aa","F12RXY7U9I","6919845c3a6623b10b2fa710","6a83b654e66f3c3c107f45ef","2026-08-17 21:37"
"Aculstingray","5f09a434a958535b8c808fd6","race","603c5c220297940001b84e1a","6a83b6c1e66f3c3c107f46ff","2026-08-17 21:40"
"slew","5cc1545b8701a898fc423332","Tottenhamwisps","60ad03a48b6e1d00012f8e7e","6a83b672ab5dbbc05ff35a8d","2026-08-17 21:41"
"朋友是一个坚韧不拔的纪录片， 在香港这座城市的设置。","65de536fb77f430b929240f3","vicho","6a4ee4c3170dae471ff01141","6a83b644ab5dbbc05ff35a36","2026-08-17 21:41"
"Mow_Mi_Ksienciu","65567939564ddbb4b6c81c58","david attenborough","6202fc2fed74670001f9a180","6a83b6ddab5dbbc05ff35b93","2026-08-17 21:41"
"Jesper","6962762abc79a0f2300d324e","7ROU7","69ed3e0c27406e0b87b738aa","6a83b792530b03eaa5f32b62","2026-08-17 21:42"
"Norbert","61b40084a8414400018d958a","Albanian Guy","58796ade8b9ff486d81bbad5","6a83b727ab5dbbc05ff35c42","2026-08-17 21:43"
"Aculstingray","5f09a434a958535b8c808fd6","vicho","6a4ee4c3170dae471ff01141","6a83b81be66f3c3c107f4b0c","2026-08-17 21:44"
"Giancarlo Esposito","68e85bdb3f2cbbe915cbcd3d","slew","5cc1545b8701a898fc423332","6a83b80a530b03eaa5f32cb1","2026-08-17 21:45"
"Albanian Guy","58796ade8b9ff486d81bbad5","kober","67ad18a09e150413a5e6fa66","6a83b892e66f3c3c107f4c4b","2026-08-17 21:45"
"7ROU7","69ed3e0c27406e0b87b738aa","Jesper","6962762abc79a0f2300d324e","6a83b847e66f3c3c107f4b8f","2026-08-17 21:45"
"Tottenhamwisps","60ad03a48b6e1d00012f8e7e","david attenborough","6202fc2fed74670001f9a180","6a83b826530b03eaa5f32d0f","2026-08-17 21:46"
"Moo","603b1b0d5cdb1b0001bbf19e","BarryTheBee","62be7867aa13616722f8dd4a","6a83b6547d5a708d6db97534","2026-08-17 21:48"
"kober","67ad18a09e150413a5e6fa66","Albanian Guy","58796ade8b9ff486d81bbad5","6a83b91a530b03eaa5f32f66","2026-08-17 21:48"
"朋友是一个坚韧不拔的纪录片， 在香港这座城市的设置。","65de536fb77f430b929240f3","Mow_Mi_Ksienciu","65567939564ddbb4b6c81c58","6a83b82fab5dbbc05ff35ebd","2026-08-17 21:48"
"Giancarlo Esposito","68e85bdb3f2cbbe915cbcd3d","kober","67ad18a09e150413a5e6fa66","6a83b906e66f3c3c107f4d7a","2026-08-17 21:49"
"Aculstingray","5f09a434a958535b8c808fd6","slew","5cc1545b8701a898fc423332","6a83b8fd530b03eaa5f32f14","2026-08-17 21:51"
"kober","67ad18a09e150413a5e6fa66","Giancarlo Esposito","68e85bdb3f2cbbe915cbcd3d","6a83ba06e66f3c3c107f5050","2026-08-17 21:52"
"david attenborough","6202fc2fed74670001f9a180","Mow_Mi_Ksienciu","65567939564ddbb4b6c81c58","6a83b9c1530b03eaa5f330d3","2026-08-17 21:52"
"Albanian Guy","58796ade8b9ff486d81bbad5","Norbert","61b40084a8414400018d958a","6a83b9e5e66f3c3c107f4ff1","2026-08-17 21:53"
"Mow_Mi_Ksienciu","65567939564ddbb4b6c81c58","Aculstingray","5f09a434a958535b8c808fd6","6a83babf530b03eaa5f332d0","2026-08-17 21:55"
"kober","67ad18a09e150413a5e6fa66","Giancarlo Esposito","68e85bdb3f2cbbe915cbcd3d","6a83ba94e66f3c3c107f51b7","2026-08-17 21:56"
"Mow_Mi_Ksienciu","65567939564ddbb4b6c81c58","anizev","5ed9dcd29bdb822ab016e3fd","6a83bb5a530b03eaa5f334a0","2026-08-17 21:56"
"[TNT] Kirania","5c14f357ff3dc98d883d182c","Norbert","61b40084a8414400018d958a","6a83bb11e66f3c3c107f5366","2026-08-17 21:58"
"kober","67ad18a09e150413a5e6fa66","Albanian Guy","58796ade8b9ff486d81bbad5","6a83bb1f530b03eaa5f3341a","2026-08-17 22:00"
"chilemasterballking","64c4d20a8f7b73c424913e00","anizev","5ed9dcd29bdb822ab016e3fd","6a83bbcde66f3c3c107f55bd","2026-08-17 22:00"
"Giancarlo Esposito","68e85bdb3f2cbbe915cbcd3d","Palmitas","69b33a815634cc416b9c7877","6a83bb89530b03eaa5f3352c","2026-08-17 22:02"
"anizev","5ed9dcd29bdb822ab016e3fd","race","603c5c220297940001b84e1a","6a83bcbfe66f3c3c107f5826","2026-08-17 22:03"
"Lubec","5e974c906ea510372c1e444a","Norbert","61b40084a8414400018d958a","6a83bc2ee66f3c3c107f56d5","2026-08-17 22:04"
"Bellaxo","5c7d0e74f8f7fb7218489b2e","A Balanced HKGeoguessr","652b9174712620f1edcadac8","6a83bd1de66f3c3c107f594a","2026-08-17 22:04"
"david attenborough","6202fc2fed74670001f9a180","Thesice","5ec5a4cbf849319644f4436c","6a83bbe1e66f3c3c107f55f0","2026-08-17 22:05"
"anizev","5ed9dcd29bdb822ab016e3fd","Bellaxo","5c7d0e74f8f7fb7218489b2e","6a83bd62ab5dbbc05ff36a61","2026-08-17 22:06"
"Lubec","5e974c906ea510372c1e444a","Norbert","61b40084a8414400018d958a","6a83bda2530b03eaa5f33a83","2026-08-17 22:07"
"Palmitas","69b33a815634cc416b9c7877","Giancarlo Esposito","68e85bdb3f2cbbe915cbcd3d","6a83bd17ab5dbbc05ff369a3","2026-08-17 22:08"
"Giancarlo Esposito","68e85bdb3f2cbbe915cbcd3d","Norbert","61b40084a8414400018d958a","6a83be52e66f3c3c107f5d01","2026-08-17 22:09"
"A Balanced HKGeoguessr","652b9174712620f1edcadac8","vinissos","5ef8174b308c19725c7e2f2b","6a83bd7ae66f3c3c107f5a54","2026-08-17 22:09"
"Lubec","5e974c906ea510372c1e444a","chilemasterballking","64c4d20a8f7b73c424913e00","6a83be22ab5dbbc05ff36c58","2026-08-17 22:10"
"7ROU7","69ed3e0c27406e0b87b738aa","Albanian Guy","58796ade8b9ff486d81bbad5","6a83bd58ab5dbbc05ff36a50","2026-08-17 22:10"
"Bellaxo","5c7d0e74f8f7fb7218489b2e","芒奇帕索","66d9b2c2e051bef13ac01c1e","6a83be0ae66f3c3c107f5c0f","2026-08-17 22:10"
"Kageyu","68ca96634b59728d6b0f739a","Thesice","5ec5a4cbf849319644f4436c","6a83bdaa530b03eaa5f33a9a","2026-08-17 22:11"
"anizev","5ed9dcd29bdb822ab016e3fd","芒奇帕索","66d9b2c2e051bef13ac01c1e","6a83becbab5dbbc05ff36e4a","2026-08-17 22:12"
"Giancarlo Esposito","68e85bdb3f2cbbe915cbcd3d","Palmitas","69b33a815634cc416b9c7877","6a83beb2530b03eaa5f33db1","2026-08-17 22:14"
"Lubec","5e974c906ea510372c1e444a","chilemasterballking","64c4d20a8f7b73c424913e00","6a83bf02e66f3c3c107f5f34","2026-08-17 22:14"
"Tottenhamwisps","60ad03a48b6e1d00012f8e7e","Красота спасёт мир","696e7ffd3657a531005b1a50","6a83bf71e66f3c3c107f60ac","2026-08-17 22:15"
"Bellaxo","5c7d0e74f8f7fb7218489b2e","david attenborough","6202fc2fed74670001f9a180","6a83bef1e66f3c3c107f5f06","2026-08-17 22:16"
"kober","67ad18a09e150413a5e6fa66","Lubec","5e974c906ea510372c1e444a","6a83bfcf30328236e0d08edc","2026-08-17 22:18"
"Norbert","61b40084a8414400018d958a","Blealgll","61ff38c2c5eeb200017a757d","6a83bed6e66f3c3c107f5eae","2026-08-17 22:19"
"anizev","5ed9dcd29bdb822ab016e3fd","Albanian Guy","58796ade8b9ff486d81bbad5","6a83bf9aab5dbbc05ff37004","2026-08-17 22:19"
"Bellaxo","5c7d0e74f8f7fb7218489b2e","Kageyu","68ca96634b59728d6b0f739a","6a83c09be66f3c3c107f6411","2026-08-17 22:19"
"Palmitas","69b33a815634cc416b9c7877","Giancarlo Esposito","68e85bdb3f2cbbe915cbcd3d","6a83bfefe66f3c3c107f61d1","2026-08-17 22:20"
"MongolianMerchant","69ba2e52a04671c8a9b13e12","chilemasterballking","64c4d20a8f7b73c424913e00","6a83bfd4530b03eaa5f340a8","2026-08-17 22:22"
"Thesice","5ec5a4cbf849319644f4436c","JamMan","61eca6e2fa85ad00016fe180","6a83c117e66f3c3c107f65bc","2026-08-17 22:22"
"Lubec","5e974c906ea510372c1e444a","Tottenhamwisps","60ad03a48b6e1d00012f8e7e","6a83c0c9ab5dbbc05ff372be","2026-08-17 22:24"
"Красота спасёт мир","696e7ffd3657a531005b1a50","david attenborough","6202fc2fed74670001f9a180","6a83c049530b03eaa5f341ec","2026-08-17 22:25"
"Giancarlo Esposito","68e85bdb3f2cbbe915cbcd3d","Palmitas","69b33a815634cc416b9c7877","6a83c14f530b03eaa5f34480","2026-08-17 22:26"
"NoruJumping","5c5817f33d925bc96cd177e7","Bellaxo","5c7d0e74f8f7fb7218489b2e","6a83c107e66f3c3c107f6583","2026-08-17 22:26"
"chilemasterballking","64c4d20a8f7b73c424913e00","Albanian Guy","58796ade8b9ff486d81bbad5","6a83c1b8ab5dbbc05ff37522","2026-08-17 22:29"
"Giancarlo Esposito","68e85bdb3f2cbbe915cbcd3d","Palmitas","69b33a815634cc416b9c7877","6a83c2acab5dbbc05ff37796","2026-08-17 22:30"
"Bellaxo","5c7d0e74f8f7fb7218489b2e","WindyMirage774","661c9b427222970e307aff01","6a83c2beab5dbbc05ff377cc","2026-08-17 22:30"
"super singh","6a591d57c05d5d35f4095c85","BackhandCross","68110dfc4e1aa738ec7ddff6","6a83c1ec530b03eaa5f34633","2026-08-17 22:31"
"anizev","5ed9dcd29bdb822ab016e3fd","mkpz (0 meta)","67a21e129f1298f53483a74d","6a83c2eaab5dbbc05ff37855","2026-08-17 22:31"
"chilemasterballking","64c4d20a8f7b73c424913e00","Jesper","6962762abc79a0f2300d324e","6a83c3cae66f3c3c107f6d9c","2026-08-17 22:32"
"WheelieBinEnjoyer","6a60cb66561c205d0831e2ad","Squid","5c9d826562aa6e46a46f678a","6a83c2efe66f3c3c107f6b22","2026-08-17 22:32"
"david attenborough","6202fc2fed74670001f9a180","Красота спасёт мир","696e7ffd3657a531005b1a50","6a83c2abe66f3c3c107f6a57","2026-08-17 22:33"
"anizev","5ed9dcd29bdb822ab016e3fd","Albanian Guy","58796ade8b9ff486d81bbad5","6a83c3b7530b03eaa5f34b3b","2026-08-17 22:33"
"Palmitas","69b33a815634cc416b9c7877","Giancarlo Esposito","68e85bdb3f2cbbe915cbcd3d","6a83c3a0e66f3c3c107f6d09","2026-08-17 22:34"
"Lubec","5e974c906ea510372c1e444a","Tottenhamwisps","60ad03a48b6e1d00012f8e7e","6a83c24be66f3c3c107f694c","2026-08-17 22:34"
"Kageyu","68ca96634b59728d6b0f739a","Thesice","5ec5a4cbf849319644f4436c","6a83c1c8530b03eaa5f345dc","2026-08-17 22:34"
"super singh","6a591d57c05d5d35f4095c85","xama caxorro","5da9ea89e9473f27a8950509","6a83c432530b03eaa5f34c61","2026-08-17 22:35"
"Jesper","6962762abc79a0f2300d324e","Bellaxo","5c7d0e74f8f7fb7218489b2e","6a83c46fe66f3c3c107f6f21","2026-08-17 22:36"
"Albanian Guy","58796ade8b9ff486d81bbad5","anizev","5ed9dcd29bdb822ab016e3fd","6a83c474530b03eaa5f34d1b","2026-08-17 22:37"
"NoruJumping","5c5817f33d925bc96cd177e7","seven³","67cb3e4e3d2dc435a0a325e7","6a83c33aab5dbbc05ff37938","2026-08-17 22:37"
"super singh","6a591d57c05d5d35f4095c85","clancy","666795e53a19ce2ccd3503fe","6a83c4cfe66f3c3c107f707e","2026-08-17 22:38"
"Jesper","6962762abc79a0f2300d324e","chilemasterballking","64c4d20a8f7b73c424913e00","6a83c51fe66f3c3c107f718a","2026-08-17 22:39"
"super singh","6a591d57c05d5d35f4095c85","FabianLG","6229746d3d540500013110be","6a83c596e66f3c3c107f7338","2026-08-17 22:40"
"Giancarlo Esposito","68e85bdb3f2cbbe915cbcd3d","Tottenhamwisps","60ad03a48b6e1d00012f8e7e","6a83c4c5ab5dbbc05ff37d44","2026-08-17 22:41"
"Jesper","6962762abc79a0f2300d324e","chilemasterballking","64c4d20a8f7b73c424913e00","6a83c5ca530b03eaa5f35081","2026-08-17 22:41"
"Lubec","5e974c906ea510372c1e444a","Palmitas","69b33a815634cc416b9c7877","6a83c4a1e66f3c3c107f6fd6","2026-08-17 22:42"
"Albanian Guy","58796ade8b9ff486d81bbad5","anizev","5ed9dcd29bdb822ab016e3fd","6a83c554e66f3c3c107f7250","2026-08-17 22:42"
"david attenborough","6202fc2fed74670001f9a180","AlyssaXO","697951452c7d617abab0dc61","6a83c4ecab5dbbc05ff37d91","2026-08-17 22:42"
"super singh","6a591d57c05d5d35f4095c85","FabianLG","6229746d3d540500013110be","6a83c60fe66f3c3c107f74b7","2026-08-17 22:43"
"chilemasterballking","64c4d20a8f7b73c424913e00","Jesper","6962762abc79a0f2300d324e","6a83c63cab5dbbc05ff38089","2026-08-17 22:44"
"seven³","67cb3e4e3d2dc435a0a325e7","NoruJumping","5c5817f33d925bc96cd177e7","6a83c55ae66f3c3c107f7260","2026-08-17 22:44"
"Красота спасёт мир","696e7ffd3657a531005b1a50","Bothlose","67c9a0f97857aec18c6f2239","6a83c5ace66f3c3c107f7373","2026-08-17 22:45"
"kober","67ad18a09e150413a5e6fa66","unwrittencat","659b1e04a83479f364f5ae61","6a83c6fc530b03eaa5f35376","2026-08-17 22:48"
"Jesper","6962762abc79a0f2300d324e","chilemasterballking","64c4d20a8f7b73c424913e00","6a83c6f2e66f3c3c107f7758","2026-08-17 22:48"
"Norbert","61b40084a8414400018d958a","Albanian Guy","58796ade8b9ff486d81bbad5","6a83c71fab5dbbc05ff38267","2026-08-17 22:49"
"super singh","6a591d57c05d5d35f4095c85","El Maicaero","68aa24e462683ba8c327f833","6a83c742e66f3c3c107f784b","2026-08-17 22:49"
"Bothlose","67c9a0f97857aec18c6f2239","race","603c5c220297940001b84e1a","6a83c720bd14c20f7f936d03","2026-08-17 22:49"
"BarryTheBee","62be7867aa13616722f8dd4a","nowlo","67493198473744059fbb9736","6a83c65cab5dbbc05ff380cd","2026-08-17 22:50"
"Giancarlo Esposito","68e85bdb3f2cbbe915cbcd3d","Palmitas","69b33a815634cc416b9c7877","6a83c666ab5dbbc05ff380e5","2026-08-17 22:51"
"david attenborough","6202fc2fed74670001f9a180","AlyssaXO","697951452c7d617abab0dc61","6a83c68c530b03eaa5f35267","2026-08-17 22:51"
"WindyMirage774","661c9b427222970e307aff01","anizev","5ed9dcd29bdb822ab016e3fd","6a83c770e66f3c3c107f78c0","2026-08-17 22:51"
"Красота спасёт мир","696e7ffd3657a531005b1a50","Jesper","6962762abc79a0f2300d324e","6a83c7dee66f3c3c107f7a5c","2026-08-17 22:52"
"Lágrima","5f32d46aca94e000015886be","CARTO - GEO","6370f986261c84596054f8de","6a83c7bde66f3c3c107f7a01","2026-08-17 22:52"
"Albanian Guy","58796ade8b9ff486d81bbad5","Lubec","5e974c906ea510372c1e444a","6a83c83be66f3c3c107f7b6f","2026-08-17 22:53"
"Norbert","61b40084a8414400018d958a","unwrittencat","659b1e04a83479f364f5ae61","6a83c80de66f3c3c107f7ad7","2026-08-17 22:54"
"WindyMirage774","661c9b427222970e307aff01","anizev","5ed9dcd29bdb822ab016e3fd","6a83c8a0530b03eaa5f357f8","2026-08-17 22:55"
"鹰娥朗","628e0d478e5ef3a3ca163627","It's Necessary","64810004123dfd5cac7e5249","6a83c8dde66f3c3c107f7d1f","2026-08-17 22:55"
"Jesper","6962762abc79a0f2300d324e","Lágrima","5f32d46aca94e000015886be","6a83c8a7e66f3c3c107f7c8d","2026-08-17 22:56"
"Ronnilol","67fe57fab1452bcd8d46a9a6","Giancarlo Esposito","68e85bdb3f2cbbe915cbcd3d","6a83c8db530b03eaa5f3588b","2026-08-17 22:57"
"Красота спасёт мир","696e7ffd3657a531005b1a50","david attenborough","6202fc2fed74670001f9a180","6a83c8cce66f3c3c107f7ced","2026-08-17 22:58"
"duck","635dc283e419c615374198d6","WindyMirage774","661c9b427222970e307aff01","6a83c981530b03eaa5f35a03","2026-08-17 22:59"
"Albanian Guy","58796ade8b9ff486d81bbad5","unwrittencat","659b1e04a83479f364f5ae61","6a83c951e66f3c3c107f7e74","2026-08-17 23:00"
"Lágrima","5f32d46aca94e000015886be","Jesper","6962762abc79a0f2300d324e","6a83c9edab5dbbc05ff38980","2026-08-17 23:00"
"鹰娥朗","628e0d478e5ef3a3ca163627","It's Necessary","64810004123dfd5cac7e5249","6a83c975530b03eaa5f359d9","2026-08-17 23:00"
"BarryTheBee","62be7867aa13616722f8dd4a","nowlo","67493198473744059fbb9736","6a83c88cab5dbbc05ff385c4","2026-08-17 23:01"
"Jamabi","5e5fcc1326bbda5284e824cf","unwrittencat","659b1e04a83479f364f5ae61","6a83ca93530b03eaa5f35cdb","2026-08-17 23:02"
"Giancarlo Esposito","68e85bdb3f2cbbe915cbcd3d","Norbert","61b40084a8414400018d958a","6a83c9dee66f3c3c107f8081","2026-08-17 23:02"
"anizev","5ed9dcd29bdb822ab016e3fd","david attenborough","6202fc2fed74670001f9a180","6a83ca42530b03eaa5f35c18","2026-08-17 23:02"
"Albanian Guy","58796ade8b9ff486d81bbad5","Lágrima","5f32d46aca94e000015886be","6a83cac1ab5dbbc05ff38b9b","2026-08-17 23:03"
"Jesper","6962762abc79a0f2300d324e","duck","635dc283e419c615374198d6","6a83ca80e66f3c3c107f82a8","2026-08-17 23:04"
"unwrittencat","659b1e04a83479f364f5ae61","kober","67ad18a09e150413a5e6fa66","6a83cb46e66f3c3c107f8540","2026-08-17 23:06"
"Lágrima","5f32d46aca94e000015886be","anizev","5ed9dcd29bdb822ab016e3fd","6a83cb60e66f3c3c107f858d","2026-08-17 23:06"
"Jamabi","5e5fcc1326bbda5284e824cf","Giancarlo Esposito","68e85bdb3f2cbbe915cbcd3d","6a83cb2f530b03eaa5f35e6a","2026-08-17 23:09"
"david attenborough","6202fc2fed74670001f9a180","AlyssaXO","697951452c7d617abab0dc61","6a83cb16ab5dbbc05ff38c8b","2026-08-17 23:09"
"Albanian Guy","58796ade8b9ff486d81bbad5","unwrittencat","659b1e04a83479f364f5ae61","6a83cc0ce66f3c3c107f87db","2026-08-17 23:10"
"anizev","5ed9dcd29bdb822ab016e3fd","Dumb American","6439eb2cff2ea2c2416028fc","6a83cc0fab5dbbc05ff38f52","2026-08-17 23:10"
"duck","635dc283e419c615374198d6","Jesper","6962762abc79a0f2300d324e","6a83cb92e66f3c3c107f866f","2026-08-17 23:11"
"Lágrima","5f32d46aca94e000015886be","kober","67ad18a09e150413a5e6fa66","6a83cc6dab5dbbc05ff3905c","2026-08-17 23:12"
"anizev","5ed9dcd29bdb822ab016e3fd","Sinaloense","6387b9578639516bf19923d5","6a83cd1ee66f3c3c107f8af4","2026-08-17 23:12"
"Dumb American","6439eb2cff2ea2c2416028fc","😎","68ae58852d67e7915061112f","6a83cd04e66f3c3c107f8a88","2026-08-17 23:12"
"Giancarlo Esposito","68e85bdb3f2cbbe915cbcd3d","unwrittencat","659b1e04a83479f364f5ae61","6a83ccec530b03eaa5f3636d","2026-08-17 23:13"
"Jesper","6962762abc79a0f2300d324e","duck","635dc283e419c615374198d6","6a83cd22530b03eaa5f36432","2026-08-17 23:13"
"david attenborough","6202fc2fed74670001f9a180","AlyssaXO","697951452c7d617abab0dc61","6a83ccace66f3c3c107f899a","2026-08-17 23:14"
"Lágrima","5f32d46aca94e000015886be","Dumb American","6439eb2cff2ea2c2416028fc","6a83cd6dab5dbbc05ff392df","2026-08-17 23:14"
"Tinoco Pontaria","665bb40cf0577719597d0467","Fenrys","60d8c06ddcd6370001961252","6a83cb7d530b03eaa5f35f83","2026-08-17 23:14"
"anizev","5ed9dcd29bdb822ab016e3fd","Jesper","6962762abc79a0f2300d324e","6a83cd8b530b03eaa5f365a0","2026-08-17 23:15"
"Giancarlo Esposito","68e85bdb3f2cbbe915cbcd3d","unwrittencat","659b1e04a83479f364f5ae61","6a83cdcbe66f3c3c107f8d8b","2026-08-17 23:16"
"Albanian Guy","58796ade8b9ff486d81bbad5","kober","67ad18a09e150413a5e6fa66","6a83cdf9e66f3c3c107f8e02","2026-08-17 23:16"
"WheelieBinEnjoyer","6a60cb66561c205d0831e2ad","AsiDavidd","6a18bde08f39e0efe94ab84e","6a83cde4e66f3c3c107f8dd9","2026-08-17 23:16"
"nowlo","67493198473744059fbb9736","Norbert","61b40084a8414400018d958a","6a83cb83530b03eaa5f35f9e","2026-08-17 23:18"
"kober","67ad18a09e150413a5e6fa66","unwrittencat","659b1e04a83479f364f5ae61","6a83ce69e66f3c3c107f8f78","2026-08-17 23:18"
"Jesper","6962762abc79a0f2300d324e","anizev","5ed9dcd29bdb822ab016e3fd","6a83ce2abd14c20f7f937cb0","2026-08-17 23:18"
"david attenborough","6202fc2fed74670001f9a180","Lágrima","5f32d46aca94e000015886be","6a83cdee530b03eaa5f366d7","2026-08-17 23:18"
"super singh","6a591d57c05d5d35f4095c85","Marcopolo","6a19af736b5eab05e5532a39","6a83ce05ab5dbbc05ff394b5","2026-08-17 23:18"
"kober","67ad18a09e150413a5e6fa66","unwrittencat","659b1e04a83479f364f5ae61","6a83ce69e66f3c3c107f8f78","2026-08-17 23:19"
"super singh","6a591d57c05d5d35f4095c85","Henryhank360","6028743cd7197b0001372454","6a83cee8530b03eaa5f369de","2026-08-17 23:20"
"WheelieBinEnjoyer","6a60cb66561c205d0831e2ad","AsiDavidd","6a18bde08f39e0efe94ab84e","6a83ce7ce66f3c3c107f8fc9","2026-08-17 23:20"
"Giancarlo Esposito","68e85bdb3f2cbbe915cbcd3d","kober","67ad18a09e150413a5e6fa66","6a83cf0ce66f3c3c107f9176","2026-08-17 23:21"
"Lágrima","5f32d46aca94e000015886be","Jesper","6962762abc79a0f2300d324e","6a83ced1ab5dbbc05ff39698","2026-08-17 23:21"
"Norbert","61b40084a8414400018d958a","Zi8gbolt Lyons","612472f2c4b5740001ef2d03","6a83cee3e66f3c3c107f90ef","2026-08-17 23:22"
"Albanian Guy","58796ade8b9ff486d81bbad5","unwrittencat","659b1e04a83479f364f5ae61","6a83cec4e66f3c3c107f90a6","2026-08-17 23:22"
"WheelieBinEnjoyer","6a60cb66561c205d0831e2ad","Flloj","59d8255e5d2de4db8036804a","6a83cf6a530b03eaa5f36b4d","2026-08-17 23:22"
"Giancarlo Esposito","68e85bdb3f2cbbe915cbcd3d","kober","67ad18a09e150413a5e6fa66","6a83cf88ab5dbbc05ff39895","2026-08-17 23:23"
"david attenborough","6202fc2fed74670001f9a180","Tottenhamwisps","60ad03a48b6e1d00012f8e7e","6a83cec0ab5dbbc05ff3967c","2026-08-17 23:23"
"super singh","6a591d57c05d5d35f4095c85","the eman","5bfea289fa37263280f348a3","6a83cf30e66f3c3c107f91de","2026-08-17 23:23"
"anizev","5ed9dcd29bdb822ab016e3fd","Bakin","5ffdf536d32ba400016a0188","6a83cf05530b03eaa5f36a31","2026-08-17 23:23"
"kober","67ad18a09e150413a5e6fa66","unwrittencat","659b1e04a83479f364f5ae61","6a83cfeee66f3c3c107f9432","2026-08-17 23:24"
"Lágrima","5f32d46aca94e000015886be","Jesper","6962762abc79a0f2300d324e","6a83cf86ab5dbbc05ff39892","2026-08-17 23:25"
"anizev","5ed9dcd29bdb822ab016e3fd","😎","68ae58852d67e7915061112f","6a83cff8ab5dbbc05ff399db","2026-08-17 23:25"
"kober","67ad18a09e150413a5e6fa66","Giancarlo Esposito","68e85bdb3f2cbbe915cbcd3d","6a83d017ab5dbbc05ff39a39","2026-08-17 23:27"
"unwrittencat","659b1e04a83479f364f5ae61","david attenborough","6202fc2fed74670001f9a180","6a83d058e66f3c3c107f9576","2026-08-17 23:27"
"duck","635dc283e419c615374198d6","Albanian Guy","58796ade8b9ff486d81bbad5","6a83cfbc530b03eaa5f36c0b","2026-08-17 23:27"
"Jesper","6962762abc79a0f2300d324e","Lágrima","5f32d46aca94e000015886be","6a83d060530b03eaa5f36dc8","2026-08-17 23:27"
"WheelieBinEnjoyer","6a60cb66561c205d0831e2ad","mth","68e07a342b7d60ea44ecb928","6a83d04aab5dbbc05ff39ace","2026-08-17 23:27"
"Norbert","61b40084a8414400018d958a","Zi8gbolt Lyons","612472f2c4b5740001ef2d03","6a83d022e66f3c3c107f94cb","2026-08-17 23:28"
"Jesper","6962762abc79a0f2300d324e","unwrittencat","659b1e04a83479f364f5ae61","6a83d10be66f3c3c107f97a5","2026-08-17 23:29"
"super singh","6a591d57c05d5d35f4095c85","NB","60ab1d7e77e14200011c9eee","6a83d0dde66f3c3c107f970d","2026-08-17 23:30"
"WheelieBinEnjoyer","6a60cb66561c205d0831e2ad","AsiDavidd","6a18bde08f39e0efe94ab84e","6a83d106530b03eaa5f36f97","2026-08-17 23:30"
"Giancarlo Esposito","68e85bdb3f2cbbe915cbcd3d","kober","67ad18a09e150413a5e6fa66","6a83d0d0ab5dbbc05ff39c5d","2026-08-17 23:31"
"Albanian Guy","58796ade8b9ff486d81bbad5","unwrittencat","659b1e04a83479f364f5ae61","6a83d156e66f3c3c107f985a","2026-08-17 23:31"
"duck","635dc283e419c615374198d6","Jesper","6962762abc79a0f2300d324e","6a83d194530b03eaa5f3713b","2026-08-17 23:33"
"Albanian Guy","58796ade8b9ff486d81bbad5","unwrittencat","659b1e04a83479f364f5ae61","6a83d1e5ab5dbbc05ff39ef1","2026-08-17 23:34"
"david attenborough","6202fc2fed74670001f9a180","GDrigXOツ","62d397b9283f387577c4aff8","6a83d10ae66f3c3c107f979d","2026-08-17 23:34"
"WheelieBinEnjoyer","6a60cb66561c205d0831e2ad","MinmayGEO","6814cdfae87c9dca0811563c","6a83d1afe66f3c3c107f997e","2026-08-17 23:34"
"Giancarlo Esposito","68e85bdb3f2cbbe915cbcd3d","kober","67ad18a09e150413a5e6fa66","6a83d1f5e66f3c3c107f9a62","2026-08-17 23:35"
"duck","635dc283e419c615374198d6","Jesper","6962762abc79a0f2300d324e","6a83d23dab5dbbc05ff39fda","2026-08-17 23:35"
"super singh","6a591d57c05d5d35f4095c85","NB","60ab1d7e77e14200011c9eee","6a83d1e2e66f3c3c107f9a35","2026-08-17 23:36"
"anizev","5ed9dcd29bdb822ab016e3fd","Urbangrinder","658d477a5f63d561b55fe366","6a83d277ab5dbbc05ff3a05a","2026-08-17 23:36"
"Albanian Guy","58796ade8b9ff486d81bbad5","kober","67ad18a09e150413a5e6fa66","6a83d2afab5dbbc05ff3a0cd","2026-08-17 23:37"
"unwrittencat","659b1e04a83479f364f5ae61","david attenborough","6202fc2fed74670001f9a180","6a83d29a530b03eaa5f37441","2026-08-17 23:37"
"WheelieBinEnjoyer","6a60cb66561c205d0831e2ad","Nepo","602f0d7b9a3d620001e92f52","6a83d28ae66f3c3c107f9c26","2026-08-17 23:37"
"😎","68ae58852d67e7915061112f","madvillayo","6403f93a4e7cfe74c3e3cee0","6a83d23fe66f3c3c107f9b53","2026-08-17 23:37"
"Giancarlo Esposito","68e85bdb3f2cbbe915cbcd3d","kober","67ad18a09e150413a5e6fa66","6a83d2cbab5dbbc05ff3a103","2026-08-17 23:38"
"duck","635dc283e419c615374198d6","Jesper","6962762abc79a0f2300d324e","6a83d2c1e66f3c3c107f9ca7","2026-08-17 23:38"
"Красота спасёт мир","696e7ffd3657a531005b1a50","anizev","5ed9dcd29bdb822ab016e3fd","6a83d326530b03eaa5f3757e","2026-08-17 23:39"
"kober","67ad18a09e150413a5e6fa66","duck","635dc283e419c615374198d6","6a83d37d530b03eaa5f3764e","2026-08-17 23:40"
"Aaryan22","657021f7412bfd95aad62550","GDrigXOツ","62d397b9283f387577c4aff8","6a83d298e66f3c3c107f9c45","2026-08-17 23:41"
"WheelieBinEnjoyer","6a60cb66561c205d0831e2ad","Nepo","602f0d7b9a3d620001e92f52","6a83d362e66f3c3c107f9e74","2026-08-17 23:41"
"😎","68ae58852d67e7915061112f","Kottor","5fae4c2ee08d000001246f96","6a83d359ab5dbbc05ff3a23c","2026-08-17 23:41"
"kober","67ad18a09e150413a5e6fa66","Albanian Guy","58796ade8b9ff486d81bbad5","6a83d407e66f3c3c107fa051","2026-08-17 23:42"
"david attenborough","6202fc2fed74670001f9a180","unwrittencat","659b1e04a83479f364f5ae61","6a83d340e66f3c3c107f9e08","2026-08-17 23:42"
"GDrigXOツ","62d397b9283f387577c4aff8","devj","5ee70329a237c362e06100b5","6a83d440530b03eaa5f3785b","2026-08-17 23:42"
"WheelieBinEnjoyer","6a60cb66561c205d0831e2ad","Nepo","602f0d7b9a3d620001e92f52","6a83d440e66f3c3c107fa107","2026-08-17 23:42"
"super singh","6a591d57c05d5d35f4095c85","RadiantSummit676","699e88cdb70660d597793efd","6a83d442e66f3c3c107fa110","2026-08-17 23:43"
"WheelieBinEnjoyer","6a60cb66561c205d0831e2ad","Nepo","602f0d7b9a3d620001e92f52","6a83d47eab5dbbc05ff3a51c","2026-08-17 23:43"
"Giancarlo Esposito","68e85bdb3f2cbbe915cbcd3d","kober","67ad18a09e150413a5e6fa66","6a83d397ab5dbbc05ff3a2c5","2026-08-17 23:44"
"Jesper","6962762abc79a0f2300d324e","duck","635dc283e419c615374198d6","6a83d3f8530b03eaa5f377a9","2026-08-17 23:44"
"Zi8gbolt Lyons","612472f2c4b5740001ef2d03","Bothlose","67c9a0f97857aec18c6f2239","6a83d174ab5dbbc05ff39dd5","2026-08-17 23:44"
"super singh","6a591d57c05d5d35f4095c85","RadiantSummit676","699e88cdb70660d597793efd","6a83d4d6e66f3c3c107fa29a","2026-08-17 23:45"
"😎","68ae58852d67e7915061112f","Yoav","622b4af389ec7b0001ca8e41","6a83d484e66f3c3c107fa1cf","2026-08-17 23:45"
"unwrittencat","659b1e04a83479f364f5ae61","david attenborough","6202fc2fed74670001f9a180","6a83d45ee66f3c3c107fa160","2026-08-17 23:46"
"devj","5ee70329a237c362e06100b5","GDrigXOツ","62d397b9283f387577c4aff8","6a83d488ab5dbbc05ff3a53d","2026-08-17 23:47"
"😎","68ae58852d67e7915061112f","Jesper","6962762abc79a0f2300d324e","6a83d509530b03eaa5f37a56","2026-08-17 23:47"
"BarryTheBee","62be7867aa13616722f8dd4a","YRP","65361a91884b107b4fd0cef8","6a83d576e66f3c3c107fa44d","2026-08-17 23:48"
"Albanian Guy","58796ade8b9ff486d81bbad5","kober","67ad18a09e150413a5e6fa66","6a83d4abab5dbbc05ff3a57d","2026-08-17 23:48"
"kober","67ad18a09e150413a5e6fa66","Giancarlo Esposito","68e85bdb3f2cbbe915cbcd3d","6a83d522530b03eaa5f37a8d","2026-08-17 23:49"
"Jesper","6962762abc79a0f2300d324e","😎","68ae58852d67e7915061112f","6a83d5afe66f3c3c107fa4fb","2026-08-17 23:49"
"😎","68ae58852d67e7915061112f","Tinoco Pontaria","665bb40cf0577719597d0467","6a83d61fab5dbbc05ff3a930","2026-08-17 23:51"
"kober","67ad18a09e150413a5e6fa66","Albanian Guy","58796ade8b9ff486d81bbad5","6a83d64be66f3c3c107fa6c9","2026-08-17 23:52"
"unwrittencat","659b1e04a83479f364f5ae61","david attenborough","6202fc2fed74670001f9a180","6a83d55b530b03eaa5f37b09","2026-08-17 23:52"
"😎","68ae58852d67e7915061112f","Jesper","6962762abc79a0f2300d324e","6a83d63ce66f3c3c107fa694","2026-08-17 23:52"
"鹰娥朗","628e0d478e5ef3a3ca163627","Kottor","5fae4c2ee08d000001246f96","6a83d60ce66f3c3c107fa5fa","2026-08-17 23:52"
"Giancarlo Esposito","68e85bdb3f2cbbe915cbcd3d","YRP","65361a91884b107b4fd0cef8","6a83d62c530b03eaa5f37d5a","2026-08-17 23:53"
"😎","68ae58852d67e7915061112f","Yoav","622b4af389ec7b0001ca8e41","6a83d677530b03eaa5f37e23","2026-08-17 23:53"
"puffle","63cf256c0168c114ef60bea4","ハシビロ","62fd923738281a76193b9110","6a83d697e66f3c3c107fa7a4","2026-08-17 23:53"
"unwrittencat","659b1e04a83479f364f5ae61","kober","67ad18a09e150413a5e6fa66","6a83d6d0e66f3c3c107fa84a","2026-08-17 23:55"
"devj","5ee70329a237c362e06100b5","GDrigXOツ","62d397b9283f387577c4aff8","6a83d58fab5dbbc05ff3a7c9","2026-08-17 23:55"
"kober","67ad18a09e150413a5e6fa66","Albanian Guy","58796ade8b9ff486d81bbad5","6a83d6f3530b03eaa5f37f80","2026-08-17 23:56"
"david attenborough","6202fc2fed74670001f9a180","Jesper","6962762abc79a0f2300d324e","6a83d6cae66f3c3c107fa83a","2026-08-17 23:56"
"kober","67ad18a09e150413a5e6fa66","unwrittencat","659b1e04a83479f364f5ae61","6a83d77ee66f3c3c107fa9f6","2026-08-17 23:57"
"puffle","63cf256c0168c114ef60bea4","ハシビロ","62fd923738281a76193b9110","6a83d735e66f3c3c107fa930","2026-08-17 23:57"
"YRP","65361a91884b107b4fd0cef8","Giancarlo Esposito","68e85bdb3f2cbbe915cbcd3d","6a83d6f6e66f3c3c107fa89e","2026-08-17 23:58"
"Zi8gbolt Lyons","612472f2c4b5740001ef2d03","Bothlose","67c9a0f97857aec18c6f2239","6a83d524bd14c20f7f938b66","2026-08-17 23:58"
"devj","5ee70329a237c362e06100b5","GDrigXOツ","62d397b9283f387577c4aff8","6a83d77ae66f3c3c107fa9ec","2026-08-17 23:59"
