"FranzSanchez","68b3e3b52c6db073218b382c","Melaxx","61efe84e4247ac00016a3794","6ab0aaa15861ad4dfa07b170","2026-09-21 00:00"
"sva","67a710249d75e04dff436d40","Leroyfucik","69b33a815634cc416b9c7877","6ab0ab2c5861ad4dfa07b2ba","2026-09-21 00:00"
"baga","62f54426341bc104da4cd739","Alison","5bf8e6c8b5b94b165084e917","6ab0ab49701c6ec2604e85d4","2026-09-21 00:01"
"FranzSanchez","68b3e3b52c6db073218b382c","Aster","690feecb34445f7c1ddac18f","6ab0ab9e5861ad4dfa07b3e9","2026-09-21 00:02"
"travis.","62f350cef84aeaa31594614d","数字信号处理","62a559ad291a85ec390d343e","6ab0ab1a5861ad4dfa07b28f","2026-09-21 00:03"
"Leroyfucik","69b33a815634cc416b9c7877","sva","67a710249d75e04dff436d40","6ab0abb6701c6ec2604e86e4","2026-09-21 00:03"
"Noka","67e498bc707582065cc3bd75","Crosby42","5a13d79e6e2ae15b80943d1b","6ab0ab5a701c6ec2604e85f8","2026-09-21 00:03"
"Yu","63173ce7c571d5bb840e5527","Leroyfucik","69b33a815634cc416b9c7877","6ab0ab8c701c6ec2604e868f","2026-09-21 00:04"
"Leroyfucik","69b33a815634cc416b9c7877","Красота спасёт мир","696e7ffd3657a531005b1a50","6ab0ac519c06e3dc605964f3","2026-09-21 00:05"
"Yu","63173ce7c571d5bb840e5527","Cysio","67435cdda4285be661b7f1bd","6ab0acd54645895d7cb7188e","2026-09-21 00:06"
"miniura","650ff17b12259a4cd34bd829","Mjees","5eb547e997d6cf4714896ca7","6ab0a9a8701c6ec2604e81cb","2026-09-21 00:07"
"Leroyfucik","69b33a815634cc416b9c7877","[FatSnail] SavetheSnail","591790fc1bba70b6146c6485","6ab0acb39c06e3dc60596591","2026-09-21 00:08"
"FranzSanchez","68b3e3b52c6db073218b382c","Shahbaaz Singh","60555690b1bb930001818018","6ab0acac701c6ec2604e88fe","2026-09-21 00:08"
"sva","67a710249d75e04dff436d40","TheAlaskanGuessr32","652dc36f690ed38845afbb9f","6ab0ac5f701c6ec2604e886b","2026-09-21 00:08"
"Feneb","5dba86167e473f2408461141","Finn Siemon","66eb7b4a062332fb60915d65","6ab0ab9e5861ad4dfa07b3ea","2026-09-21 00:09"
"Leroyfucik","69b33a815634cc416b9c7877","Henrikk","622640b7cb9b530001598509","6ab0adb2701c6ec2604e8ad0","2026-09-21 00:10"
"Finn Siemon","66eb7b4a062332fb60915d65","Leroyfucik","69b33a815634cc416b9c7877","6ab0add6701c6ec2604e8b29","2026-09-21 00:13"
"Magnus","5e694a8c3730753668546f0b","Zi8gbolt Lyons","612472f2c4b5740001ef2d03","6ab0ab615861ad4dfa07b331","2026-09-21 00:13"
"wisps","60ad03a48b6e1d00012f8e7e","拉麵","65babbbbcd35c5966241eff6","6ab0ad725861ad4dfa07b7c2","2026-09-21 00:13"
"Finn Siemon","66eb7b4a062332fb60915d65","Leroyfucik","69b33a815634cc416b9c7877","6ab0aeaf701c6ec2604e8d07","2026-09-21 00:14"
"travis.","62f350cef84aeaa31594614d","Sadziu","5c61c05b3d925ba81408c135","6ab0ae3a5861ad4dfa07b993","2026-09-21 00:14"
"baga","62f54426341bc104da4cd739","Georgie","675d6c96117a221c9f0e3445","6ab0ae1d701c6ec2604e8bc9","2026-09-21 00:14"
"0.03mm","692fdd96871fb5a05c4dcab0","Antigs","5fb70fb9e2c593000135b6e0","6ab0adc9701c6ec2604e8b02","2026-09-21 00:15"
"FranzSanchez","68b3e3b52c6db073218b382c","Aster","690feecb34445f7c1ddac18f","6ab0ad83701c6ec2604e8a76","2026-09-21 00:16"
"Finn Siemon","66eb7b4a062332fb60915d65","Jesper","6962762abc79a0f2300d324e","6ab0af32701c6ec2604e8e08","2026-09-21 00:17"
"Zi8gbolt Lyons","612472f2c4b5740001ef2d03","Magnus","5e694a8c3730753668546f0b","6ab0aec45861ad4dfa07bae4","2026-09-21 00:17"
"pasycat粉丝","6825e5c37465249750d5a93f","Feneb","5dba86167e473f2408461141","6ab0aec55861ad4dfa07bae6","2026-09-21 00:20"
"Finn Siemon","66eb7b4a062332fb60915d65","Albanian Guy","58796ade8b9ff486d81bbad5","6ab0afba701c6ec2604e8f10","2026-09-21 00:20"
"[TNT] jv724 α","5d50f46b24ec173888d7e22e","Jesper","6962762abc79a0f2300d324e","6ab0afb95861ad4dfa07bd2e","2026-09-21 00:20"
"miniura","650ff17b12259a4cd34bd829","Its_ChinasFault","67d88144617e135e7b6559af","6ab0adbe2215cfdfd113a3fd","2026-09-21 00:20"
"0.03mm","692fdd96871fb5a05c4dcab0","wisps","60ad03a48b6e1d00012f8e7e","6ab0af7b701c6ec2604e8e83","2026-09-21 00:22"
"Antigs","5fb70fb9e2c593000135b6e0","OnkeGG","6912d873ef3380557dd45eec","6ab0b048701c6ec2604e902e","2026-09-21 00:23"
"DK","616dadb53ea44c00014582b8","Albanian Guy","58796ade8b9ff486d81bbad5","6ab0b069701c6ec2604e9080","2026-09-21 00:24"
"Dev","636157b9cf326cd4ca7a9ead","Finn Siemon","66eb7b4a062332fb60915d65","6ab0b05f5861ad4dfa07be85","2026-09-21 00:24"
"Jesper","6962762abc79a0f2300d324e","Leroyfucik","69b33a815634cc416b9c7877","6ab0b068701c6ec2604e907d","2026-09-21 00:24"
"Jesper","6962762abc79a0f2300d324e","Leroyfucik","69b33a815634cc416b9c7877","6ab0b13d5861ad4dfa07c05f","2026-09-21 00:26"
"0.03mm","692fdd96871fb5a05c4dcab0","Leroyfucik","69b33a815634cc416b9c7877","6ab0b1045861ad4dfa07bfe9","2026-09-21 00:26"
"pasycat粉丝","6825e5c37465249750d5a93f","Finn Siemon","66eb7b4a062332fb60915d65","6ab0b1745861ad4dfa07c0d5","2026-09-21 00:28"
"N","69d24347f45ed875a0ac1930","Feneb","5dba86167e473f2408461141","6ab0b0c45861ad4dfa07bf5e","2026-09-21 00:28"
"kqyyy","6888a322b2328f914ebd912f","NamibianAmphibianMan","69ba2e52a04671c8a9b13e12","6ab0b1855861ad4dfa07c100","2026-09-21 00:29"
"FranzSanchez","68b3e3b52c6db073218b382c","aruma","6a9a7d00fd0085ec3dcc0eff","6ab0b08b9c06e3dc60596c1d","2026-09-21 00:29"
"Albanian Guy","58796ade8b9ff486d81bbad5","Jesper","6962762abc79a0f2300d324e","6ab0b1c85861ad4dfa07c182","2026-09-21 00:30"
"Antigs","5fb70fb9e2c593000135b6e0","Ineutcm","64a03082bd210cf74ce3b2a8","6ab0b152701c6ec2604e925c","2026-09-21 00:31"
"sk 愛","666b76089d20c1dd39ec810c","Finn Siemon","66eb7b4a062332fb60915d65","6ab0b24d701c6ec2604e942f","2026-09-21 00:32"
"Jesper","6962762abc79a0f2300d324e","Karant","62dcde50c8712cae60a23acc","6ab0b30b5861ad4dfa07c404","2026-09-21 00:34"
"kqyyy","6888a322b2328f914ebd912f","NamibianAmphibianMan","69ba2e52a04671c8a9b13e12","6ab0b288701c6ec2604e94bf","2026-09-21 00:34"
"pasycat粉丝","6825e5c37465249750d5a93f","earthenjoyer","662b7a543f29656f5fe5bf53","6ab0b2ae9c06e3dc60596f29","2026-09-21 00:36"
"Finn Siemon","66eb7b4a062332fb60915d65","Albanian Guy","58796ade8b9ff486d81bbad5","6ab0b3459c06e3dc60597029","2026-09-21 00:38"
"Antigs","5fb70fb9e2c593000135b6e0","Ineutcm","64a03082bd210cf74ce3b2a8","6ab0b30e5861ad4dfa07c409","2026-09-21 00:39"
"Karant","62dcde50c8712cae60a23acc","gnaonu","6a85bf90321b3548ea5f35c0","6ab0b3bd5861ad4dfa07c545","2026-09-21 00:39"
"earthenjoyer","662b7a543f29656f5fe5bf53","a-you","5e93a3443d4b6a5af4f11b0b","6ab0b4ac701c6ec2604e98c5","2026-09-21 00:42"
"NamibianAmphibianMan","69ba2e52a04671c8a9b13e12","kqyyy","6888a322b2328f914ebd912f","6ab0b3c45861ad4dfa07c54a","2026-09-21 00:43"
"Antigs","5fb70fb9e2c593000135b6e0","0.03mm","692fdd96871fb5a05c4dcab0","6ab0b4d49c06e3dc60597287","2026-09-21 00:43"
"gnaonu","6a85bf90321b3548ea5f35c0","ねねね","67dce4213b6efac52df04233","6ab0b51c701c6ec2604e999d","2026-09-21 00:44"
"Magnus","5e694a8c3730753668546f0b","Its_ChinasFault","67d88144617e135e7b6559af","6ab0b08a9c06e3dc60596c1b","2026-09-21 00:45"
"Jesper","6962762abc79a0f2300d324e","Finn Siemon","66eb7b4a062332fb60915d65","6ab0b49b701c6ec2604e98a4","2026-09-21 00:46"
"a-you","5e93a3443d4b6a5af4f11b0b","Albanian Guy","58796ade8b9ff486d81bbad5","6ab0b5865861ad4dfa07c8bf","2026-09-21 00:47"
"gnaonu","6a85bf90321b3548ea5f35c0","Karant","62dcde50c8712cae60a23acc","6ab0b6345861ad4dfa07ca0f","2026-09-21 00:47"
"Henrikk","622640b7cb9b530001598509","NamibianAmphibianMan","69ba2e52a04671c8a9b13e12","6ab0b6135861ad4dfa07c9ce","2026-09-21 00:49"
"Finn Siemon","66eb7b4a062332fb60915d65","a-you","5e93a3443d4b6a5af4f11b0b","6ab0b699701c6ec2604e9c6e","2026-09-21 00:50"
"kqyyy","6888a322b2328f914ebd912f","Antigs","5fb70fb9e2c593000135b6e0","6ab0b5da701c6ec2604e9b0e","2026-09-21 00:50"
"wisps","60ad03a48b6e1d00012f8e7e","ferreiro","6874eefeef3960e599abda5e","6ab0b5905861ad4dfa07c8dd","2026-09-21 00:50"
"Karant","62dcde50c8712cae60a23acc","gnaonu","6a85bf90321b3548ea5f35c0","6ab0b7045861ad4dfa07cbbd","2026-09-21 00:53"
"Antigs","5fb70fb9e2c593000135b6e0","kqyyy","6888a322b2328f914ebd912f","6ab0b765701c6ec2604e9e10","2026-09-21 00:54"
"Albanian Guy","58796ade8b9ff486d81bbad5","Finn Siemon","66eb7b4a062332fb60915d65","6ab0b7775861ad4dfa07cc9e","2026-09-21 00:55"
"gnaonu","6a85bf90321b3548ea5f35c0","BRO BAGAS","61568977b30f8800018736f1","6ab0b7555861ad4dfa07cc4e","2026-09-21 00:55"
"NamibianAmphibianMan","69ba2e52a04671c8a9b13e12","Dasi","60646de64f3a8e00016fae55","6ab0b8029c06e3dc6059777e","2026-09-21 00:57"
"Karant","62dcde50c8712cae60a23acc","gnaonu","6a85bf90321b3548ea5f35c0","6ab0b805ae0e2616ef21acb2","2026-09-21 00:57"
"Albanian Guy","58796ade8b9ff486d81bbad5","Finn Siemon","66eb7b4a062332fb60915d65","6ab0b8a15861ad4dfa07cf0e","2026-09-21 00:58"
"0.03mm","692fdd96871fb5a05c4dcab0","Antigs","5fb70fb9e2c593000135b6e0","6ab0b8725861ad4dfa07cec8","2026-09-21 01:00"
"Albanian Guy","58796ade8b9ff486d81bbad5","Finn Siemon","66eb7b4a062332fb60915d65","6ab0b9bc5861ad4dfa07d1ec","2026-09-21 01:02"
"gnaonu","6a85bf90321b3548ea5f35c0","0.03mm","692fdd96871fb5a05c4dcab0","6ab0b9e29c06e3dc60597af6","2026-09-21 01:03"
"sk 愛","666b76089d20c1dd39ec810c","NamibianAmphibianMan","69ba2e52a04671c8a9b13e12","6ab0b941701c6ec2604ea20b","2026-09-21 01:04"
"Magnus","5e694a8c3730753668546f0b","Henrikk","622640b7cb9b530001598509","6ab0b7459c06e3dc6059763c","2026-09-21 01:04"
"Antigs","5fb70fb9e2c593000135b6e0","Dasi","60646de64f3a8e00016fae55","6ab0b9c45861ad4dfa07d206","2026-09-21 01:04"
"gnaonu","6a85bf90321b3548ea5f35c0","0.03mm","692fdd96871fb5a05c4dcab0","6ab0bac69c06e3dc60597d2d","2026-09-21 01:06"
"gnaonu","6a85bf90321b3548ea5f35c0","0.03mm","692fdd96871fb5a05c4dcab0","6ab0bac69c06e3dc60597d2d","2026-09-21 01:07"
"sk 愛","666b76089d20c1dd39ec810c","Albanian Guy","58796ade8b9ff486d81bbad5","6ab0ba9c701c6ec2604ea5ff","2026-09-21 01:09"
"Dasi","60646de64f3a8e00016fae55","Antigs","5fb70fb9e2c593000135b6e0","6ab0bacd701c6ec2604ea66c","2026-09-21 01:11"
"gnaonu","6a85bf90321b3548ea5f35c0","Asphalt","63b28cd3e615c0d497c80c1c","6ab0bba2701c6ec2604ea885","2026-09-21 01:11"
"Albanian Guy","58796ade8b9ff486d81bbad5","sk 愛","666b76089d20c1dd39ec810c","6ab0bc11701c6ec2604ea99f","2026-09-21 01:12"
"gnaonu","6a85bf90321b3548ea5f35c0","Asphalt","63b28cd3e615c0d497c80c1c","6ab0bba2701c6ec2604ea885","2026-09-21 01:13"
"JoguessR","633dc7c5d5114aab59533f52","NamibianAmphibianMan","69ba2e52a04671c8a9b13e12","6ab0baf59c06e3dc60597d76","2026-09-21 01:14"
"kqyyy","6888a322b2328f914ebd912f","Delfinicano","6705eb02114d93903edfe2a8","6ab0b8f1701c6ec2604ea144","2026-09-21 01:14"
"gnaonu","6a85bf90321b3548ea5f35c0","Karant","62dcde50c8712cae60a23acc","6ab0bc5c5861ad4dfa07d947","2026-09-21 01:14"
"Its_ChinasFault","67d88144617e135e7b6559af","Henrikk","622640b7cb9b530001598509","6ab0ba9d5861ad4dfa07d4c4","2026-09-21 01:14"
"Antigs","5fb70fb9e2c593000135b6e0","wisps","60ad03a48b6e1d00012f8e7e","6ab0bc965861ad4dfa07d9b6","2026-09-21 01:15"
"Finn Siemon","66eb7b4a062332fb60915d65","Albanian Guy","58796ade8b9ff486d81bbad5","6ab0bce75861ad4dfa07da5f","2026-09-21 01:18"
"Antigs","5fb70fb9e2c593000135b6e0","wisps","60ad03a48b6e1d00012f8e7e","6ab0bd469c06e3dc6059828b","2026-09-21 01:18"
"NamibianAmphibianMan","69ba2e52a04671c8a9b13e12","kqyyy","6888a322b2328f914ebd912f","6ab0bd355861ad4dfa07db15","2026-09-21 01:20"
"BarryTheBee","62be7867aa13616722f8dd4a",".Uz","654a71f1a02b54c363802082","6ab0bd14701c6ec2604eac20","2026-09-21 01:21"
"gnaonu","6a85bf90321b3548ea5f35c0","wisps","60ad03a48b6e1d00012f8e7e","6ab0be145861ad4dfa07ddf8","2026-09-21 01:21"
"Albanian Guy","58796ade8b9ff486d81bbad5","Finn Siemon","66eb7b4a062332fb60915d65","6ab0be5f5861ad4dfa07de80","2026-09-21 01:22"
"wisps","60ad03a48b6e1d00012f8e7e","gnaonu","6a85bf90321b3548ea5f35c0","6ab0bec29c06e3dc6059858a","2026-09-21 01:23"
"wisps","60ad03a48b6e1d00012f8e7e","gnaonu","6a85bf90321b3548ea5f35c0","6ab0bec29c06e3dc6059858a","2026-09-21 01:24"
"sk 愛","666b76089d20c1dd39ec810c","kqyyy","6888a322b2328f914ebd912f","6ab0be9d701c6ec2604eb01c","2026-09-21 01:27"
"Asphalt","63b28cd3e615c0d497c80c1c","Nick","6626d0047c6518ce6b6f88ec","6ab0bf0a5861ad4dfa07e079","2026-09-21 01:28"
"BarryTheBee","62be7867aa13616722f8dd4a",".Uz","654a71f1a02b54c363802082","6ab0bec5701c6ec2604eb073","2026-09-21 01:30"
"Albanian Guy","58796ade8b9ff486d81bbad5","Finn Siemon","66eb7b4a062332fb60915d65","6ab0bf105861ad4dfa07e0aa","2026-09-21 01:30"
"gnaonu","6a85bf90321b3548ea5f35c0","Asphalt","63b28cd3e615c0d497c80c1c","6ab0c05d5861ad4dfa07e426","2026-09-21 01:30"
"wisps","60ad03a48b6e1d00012f8e7e","gnaonu","6a85bf90321b3548ea5f35c0","6ab0c08d701c6ec2604eb5e2","2026-09-21 01:31"
"Magnus","5e694a8c3730753668546f0b","Its_ChinasFault","67d88144617e135e7b6559af","6ab0bd91701c6ec2604eadb9","2026-09-21 01:33"
"gnaonu","6a85bf90321b3548ea5f35c0","mkultra","63bcdf59a20defcea016590a","6ab0c0c1701c6ec2604eb69c","2026-09-21 01:33"
"WaiWai","621f7436f0bf520001066b61","NamibianAmphibianMan","69ba2e52a04671c8a9b13e12","6ab0c00f9c06e3dc60598946","2026-09-21 01:34"
"Asphalt","63b28cd3e615c0d497c80c1c","gnaonu","6a85bf90321b3548ea5f35c0","6ab0c0fc5861ad4dfa07e644","2026-09-21 01:34"
".Uz","654a71f1a02b54c363802082","BarryTheBee","62be7867aa13616722f8dd4a","6ab0c0bf701c6ec2604eb69b","2026-09-21 01:36"
"mkultra","63bcdf59a20defcea016590a","gnaonu","6a85bf90321b3548ea5f35c0","6ab0c1755861ad4dfa07e7cc","2026-09-21 01:36"
"eladio","6594e77717360fe0d27e44d5","sk 愛","666b76089d20c1dd39ec810c","6ab0c0d9701c6ec2604eb6d4","2026-09-21 01:38"
"gnaonu","6a85bf90321b3548ea5f35c0","Albanian Guy","58796ade8b9ff486d81bbad5","6ab0c1fe701c6ec2604eba04","2026-09-21 01:39"
"miniura","650ff17b12259a4cd34bd829","NamibianAmphibianMan","69ba2e52a04671c8a9b13e12","6ab0c205701c6ec2604eba19","2026-09-21 01:42"
"BarryTheBee","62be7867aa13616722f8dd4a",".Uz","654a71f1a02b54c363802082","6ab0c21c701c6ec2604eba99","2026-09-21 01:43"
"sk 愛","666b76089d20c1dd39ec810c","mkultra","63bcdf59a20defcea016590a","6ab0c2e1701c6ec2604ebd96","2026-09-21 01:44"
"Albanian Guy","58796ade8b9ff486d81bbad5","gnaonu","6a85bf90321b3548ea5f35c0","6ab0c3b85861ad4dfa07ef26","2026-09-21 01:47"
"Magnus","5e694a8c3730753668546f0b","habesh","647734d056305f7bf5561a4e","6ab0c23f5861ad4dfa07ea0a","2026-09-21 01:48"
"BarryTheBee","62be7867aa13616722f8dd4a",".Uz","654a71f1a02b54c363802082","6ab0c3c5701c6ec2604ec05d","2026-09-21 01:50"
"いぶりー ivly","6578df649b50a29c7d4112a0","NamibianAmphibianMan","69ba2e52a04671c8a9b13e12","6ab0c3e15861ad4dfa07efb2","2026-09-21 01:50"
"gnaonu","6a85bf90321b3548ea5f35c0","Albanian Guy","58796ade8b9ff486d81bbad5","6ab0c4f65861ad4dfa07f2ee","2026-09-21 01:50"
"mkultra","63bcdf59a20defcea016590a","れい（Rey）","6444afc0c30fa09317b315fc","6ab0c4e45861ad4dfa07f2c6","2026-09-21 01:52"
"Lubec","5e974c906ea510372c1e444a","gnaonu","6a85bf90321b3548ea5f35c0","6ab0c5a05861ad4dfa07f45e","2026-09-21 01:53"
"sk 愛","666b76089d20c1dd39ec810c","Xick","6227d06fc4123c000192c138","6ab0c44c701c6ec2604ec1fc","2026-09-21 01:53"
"OCTAVIVS","64f106e1bc61ebf9b6156353","Lancer227","65b1167dd85363b33611ac05","6ab0c514701c6ec2604ec409","2026-09-21 01:55"
"gnaonu","6a85bf90321b3548ea5f35c0","Leftist Leo 解放巴勒斯坦 🇵🇸 和","60d9c5536dac910001297d14","6ab0c5e4701c6ec2604ec5cc","2026-09-21 01:55"
".Uz","654a71f1a02b54c363802082","BarryTheBee","62be7867aa13616722f8dd4a","6ab0c5925861ad4dfa07f442","2026-09-21 01:56"
"sk 愛","666b76089d20c1dd39ec810c","Lubec","5e974c906ea510372c1e444a","6ab0c6649c06e3dc60599804","2026-09-21 01:57"
"NamibianAmphibianMan","69ba2e52a04671c8a9b13e12","れい（Rey）","6444afc0c30fa09317b315fc","6ab0c630ae0e2616ef21cad0","2026-09-21 01:58"
"miniura","650ff17b12259a4cd34bd829","Its_ChinasFault","67d88144617e135e7b6559af","6ab0c3ca5861ad4dfa07ef48","2026-09-21 01:58"
"habesh","647734d056305f7bf5561a4e","Magnus","5e694a8c3730753668546f0b","6ab0c4f75861ad4dfa07f2f1","2026-09-21 02:00"
"gnaonu","6a85bf90321b3548ea5f35c0","Nick","6626d0047c6518ce6b6f88ec","6ab0c6345861ad4dfa07f59c","2026-09-21 02:00"
"gnaonu","6a85bf90321b3548ea5f35c0","Leftist Leo 解放巴勒斯坦 🇵🇸 和","60d9c5536dac910001297d14","6ab0c68c5861ad4dfa07f63c","2026-09-21 02:01"
"Lancer227","65b1167dd85363b33611ac05","masamune","60b36d8fbba4ea0001ba5dc5","6ab0c7229c06e3dc60599965","2026-09-21 02:01"
"BarryTheBee","62be7867aa13616722f8dd4a",".Uz","654a71f1a02b54c363802082","6ab0c6e6701c6ec2604ec7c1","2026-09-21 02:02"
"Kfudaman","5ecc57c38d6ade72cc83598c","NamibianAmphibianMan","69ba2e52a04671c8a9b13e12","6ab0c782701c6ec2604ec90c","2026-09-21 02:03"
"Leftist Leo 解放巴勒斯坦 🇵🇸 和","60d9c5536dac910001297d14","gnaonu","6a85bf90321b3548ea5f35c0","6ab0c8115861ad4dfa07f988","2026-09-21 02:04"
"SpaceGopher","63ac9fb8425eb36c6ebf03a1","OCTAVIVS","64f106e1bc61ebf9b6156353","6ab0c6a8701c6ec2604ec732","2026-09-21 02:05"
"いぶりー ivly","6578df649b50a29c7d4112a0","KANMURU","63bcd8027039017494d42999","6ab0c7cf701c6ec2604ec9ab","2026-09-21 02:09"
"Its_ChinasFault","67d88144617e135e7b6559af","Blealgll","61ff38c2c5eeb200017a757d","6ab0c7508034a4c190e25278","2026-09-21 02:09"
"Xick","6227d06fc4123c000192c138","habesh","647734d056305f7bf5561a4e","6ab0c8368034a4c190e25409","2026-09-21 02:10"
"OCTAVIVS","64f106e1bc61ebf9b6156353","gnaonu","6a85bf90321b3548ea5f35c0","6ab0c970623264d6200debcd","2026-09-21 02:12"
"masamune","60b36d8fbba4ea0001ba5dc5","ZIGRESS","639c1817242cc0c8feef23e6","6ab0c9ad701c6ec2604ecdc1","2026-09-21 02:13"
"Eurya","65fc3453702bba73b4c0a398","PLK","62179a5c8e88d400010d91ea","6ab0c9fd5861ad4dfa07fdab","2026-09-21 02:14"
"gnaonu","6a85bf90321b3548ea5f35c0","ATRI's","6421b17d8e757a784e9494d9","6ab0caba701c6ec2604ecffc","2026-09-21 02:15"
"tom","613563da6ab4770001681b9a","ATRI's","6421b17d8e757a784e9494d9","6ab0cb61701c6ec2604ed18f","2026-09-21 02:17"
"Lancer227","65b1167dd85363b33611ac05","eeeeeeeeeeee","658e9c0361137989504ec7ee","6ab0cad6ae0e2616ef21d2bd","2026-09-21 02:17"
"OCTAVIVS","64f106e1bc61ebf9b6156353","NamibianAmphibianMan","69ba2e52a04671c8a9b13e12","6ab0ca828034a4c190e2588e","2026-09-21 02:18"
"ATRI's","6421b17d8e757a784e9494d9","tom","613563da6ab4770001681b9a","6ab0cbcc623264d6200df002","2026-09-21 02:19"
"Xick","6227d06fc4123c000192c138","habesh","647734d056305f7bf5561a4e","6ab0ca6b701c6ec2604ecf45","2026-09-21 02:20"
"Eurya","65fc3453702bba73b4c0a398","PLK","62179a5c8e88d400010d91ea","6ab0cbcf9c06e3dc6059a194","2026-09-21 02:22"
"tom","613563da6ab4770001681b9a","OCTAVIVS","64f106e1bc61ebf9b6156353","6ab0cc55623264d6200df114","2026-09-21 02:22"
"Its_ChinasFault","67d88144617e135e7b6559af","Blealgll","61ff38c2c5eeb200017a757d","6ab0ca29282ef78daa0351ee","2026-09-21 02:24"
"tom","613563da6ab4770001681b9a","gnaonu","6a85bf90321b3548ea5f35c0","6ab0ccec9c06e3dc6059a45f","2026-09-21 02:25"
"Lancer227","65b1167dd85363b33611ac05","ATRI's","6421b17d8e757a784e9494d9","6ab0cc545861ad4dfa080338","2026-09-21 02:25"
"gnaonu","6a85bf90321b3548ea5f35c0","PLK","62179a5c8e88d400010d91ea","6ab0cd4b701c6ec2604ed6ba","2026-09-21 02:26"
"KANMURU","63bcd8027039017494d42999","eeeeeeeeeeee","658e9c0361137989504ec7ee","6ab0cc25701c6ec2604ed32c","2026-09-21 02:26"
"Salem","63af4615494c2bc27e4a2f31","PLK","62179a5c8e88d400010d91ea","6ab0cdee8034a4c190e2614f","2026-09-21 02:27"
"NamibianAmphibianMan","69ba2e52a04671c8a9b13e12","OCTAVIVS","64f106e1bc61ebf9b6156353","6ab0ccda8034a4c190e25ee9","2026-09-21 02:27"
"gnaonu","6a85bf90321b3548ea5f35c0","路易十六","65337c686711b99177ed189b","6ab0cdeb701c6ec2604ed817","2026-09-21 02:28"
"ATRI's","6421b17d8e757a784e9494d9","gnaonu","6a85bf90321b3548ea5f35c0","6ab0cdb69c06e3dc6059a5f8","2026-09-21 02:29"
"PLK","62179a5c8e88d400010d91ea","Salem","63af4615494c2bc27e4a2f31","6ab0ce318034a4c190e261b4","2026-09-21 02:31"
"KANMURU","63bcd8027039017494d42999","eeeeeeeeeeee","658e9c0361137989504ec7ee","6ab0ce135861ad4dfa0807ba","2026-09-21 02:31"
"plotter","674c4756fb60b9f111e6e0b4","Eurya","65fc3453702bba73b4c0a398","6ab0cd0b8034a4c190e25f7c","2026-09-21 02:32"
"gnaonu","6a85bf90321b3548ea5f35c0","路易十六","65337c686711b99177ed189b","6ab0ce74701c6ec2604ed93b","2026-09-21 02:32"
"tom","613563da6ab4770001681b9a","OCTAVIVS","64f106e1bc61ebf9b6156353","6ab0ce348034a4c190e261b8","2026-09-21 02:33"
"PLK","62179a5c8e88d400010d91ea","Salem","63af4615494c2bc27e4a2f31","6ab0cf159c06e3dc6059a891","2026-09-21 02:35"
"ATRI's","6421b17d8e757a784e9494d9","gnaonu","6a85bf90321b3548ea5f35c0","6ab0cea19c06e3dc6059a78d","2026-09-21 02:35"
"tom","613563da6ab4770001681b9a","aidan","6410381adc5a2a157f726be2","6ab0cfd5701c6ec2604edd3e","2026-09-21 02:36"
"eeeeeeeeeeee","658e9c0361137989504ec7ee","いぶりー ivly","6578df649b50a29c7d4112a0","6ab0cf2e8034a4c190e263bc","2026-09-21 02:36"
"OCTAVIVS","64f106e1bc61ebf9b6156353","gnaonu","6a85bf90321b3548ea5f35c0","6ab0cf70701c6ec2604edc08","2026-09-21 02:36"
"路易十六","65337c686711b99177ed189b","れい（Rey）","6444afc0c30fa09317b315fc","6ab0cf4e9c06e3dc6059a917","2026-09-21 02:37"
"Feneb","5dba86167e473f2408461141","Eurya","65fc3453702bba73b4c0a398","6ab0cf959c06e3dc6059a9cb","2026-09-21 02:40"
"Salem","63af4615494c2bc27e4a2f31","PLK","62179a5c8e88d400010d91ea","6ab0cff4701c6ec2604edd71","2026-09-21 02:40"
"gnaonu","6a85bf90321b3548ea5f35c0","OCTAVIVS","64f106e1bc61ebf9b6156353","6ab0d03b5861ad4dfa080cea","2026-09-21 02:40"
"Its_ChinasFault","67d88144617e135e7b6559af","Blealgll","61ff38c2c5eeb200017a757d","6ab0cd84701c6ec2604ed733","2026-09-21 02:41"
"Spinner2k","6222449c68dc010001609860","Gu5sten","6606278079724c4697b506d2","6ab0cebb8034a4c190e262b4","2026-09-21 02:45"
"Salem","63af4615494c2bc27e4a2f31","PLK","62179a5c8e88d400010d91ea","6ab0d1415861ad4dfa081002","2026-09-21 02:46"
"Yu","63173ce7c571d5bb840e5527","路易十六","65337c686711b99177ed189b","6ab0d08c701c6ec2604edf0f","2026-09-21 02:46"
"tom","613563da6ab4770001681b9a","OCTAVIVS","64f106e1bc61ebf9b6156353","6ab0d11e5861ad4dfa080f8b","2026-09-21 02:47"
"いぶりー ivly","6578df649b50a29c7d4112a0","eeeeeeeeeeee","658e9c0361137989504ec7ee","6ab0d0565861ad4dfa080d1c","2026-09-21 02:48"
"gnaonu","6a85bf90321b3548ea5f35c0","Blealgll","61ff38c2c5eeb200017a757d","6ab0d19e701c6ec2604ee23c","2026-09-21 02:48"
"gnaonu","6a85bf90321b3548ea5f35c0","PLK","62179a5c8e88d400010d91ea","6ab0d33d701c6ec2604ee568","2026-09-21 02:51"
"Kenji","5f2fd4348378f500019bdee0","Jayden (Mobile)","61f149e3c24ced00015b4777","6ab0d239826ce0a2b407bf8e","2026-09-21 02:51"
"路易十六","65337c686711b99177ed189b","Spinner2k","6222449c68dc010001609860","6ab0d2ad826ce0a2b407c061","2026-09-21 02:52"
"OCTAVIVS","64f106e1bc61ebf9b6156353","gnaonu","6a85bf90321b3548ea5f35c0","6ab0d3d58034a4c190e26f47","2026-09-21 02:53"
"plotter","674c4756fb60b9f111e6e0b4","Eurya","65fc3453702bba73b4c0a398","6ab0d2e85861ad4dfa0813c8","2026-09-21 02:54"
"いぶりー ivly","6578df649b50a29c7d4112a0","NamibianAmphibianMan","69ba2e52a04671c8a9b13e12","6ab0d313701c6ec2604ee522","2026-09-21 02:54"
"eeeeeeeeeeee","658e9c0361137989504ec7ee","Florian","5dad9132d0d2a44f1018e420","6ab0d3a4826ce0a2b407c301","2026-09-21 02:54"
"gnaonu","6a85bf90321b3548ea5f35c0","Spinner2k","6222449c68dc010001609860","6ab0d4555861ad4dfa081793","2026-09-21 02:57"
"PLK","62179a5c8e88d400010d91ea","17","6028ad57f227ff0001b8b01e","6ab0d43a826ce0a2b407c494","2026-09-21 02:58"
"路易十六","65337c686711b99177ed189b","Kenji","5f2fd4348378f500019bdee0","6ab0d4165861ad4dfa08170d","2026-09-21 03:00"
"Eurya","65fc3453702bba73b4c0a398","기니","67493198473744059fbb9736","6ab0d485701c6ec2604ee898","2026-09-21 03:01"
"NamibianAmphibianMan","69ba2e52a04671c8a9b13e12","eeeeeeeeeeee","658e9c0361137989504ec7ee","6ab0d48d5861ad4dfa0817fd","2026-09-21 03:04"
"Eurya","65fc3453702bba73b4c0a398","Axel","62bd3ee10958bff9fbeff77a","6ab0d6345951fbfd7cd798dd","2026-09-21 03:05"
"pasycat粉丝","6825e5c37465249750d5a93f","plotter","674c4756fb60b9f111e6e0b4","6ab0d530483d7170dccce4cb","2026-09-21 03:05"
"PLK","62179a5c8e88d400010d91ea","17","6028ad57f227ff0001b8b01e","6ab0d566a83bc4e3f3a3a40d","2026-09-21 03:05"
"Kenji","5f2fd4348378f500019bdee0","Pablol","614ae3f096b10b0001ad06e8","6ab0d64aa83bc4e3f3a3a6bc","2026-09-21 03:05"
"gnaonu","6a85bf90321b3548ea5f35c0","いぶりー ivly","6578df649b50a29c7d4112a0","6ab0d526ea0494fc10ba2bcc","2026-09-21 03:06"
"Spinner2k","6222449c68dc010001609860","GeoHunter.jp","682addc04342da6bdce10d12","6ab0d5ccea0494fc10ba2d56","2026-09-21 03:08"
"eeeeeeeeeeee","658e9c0361137989504ec7ee","Kenji","5f2fd4348378f500019bdee0","6ab0d6f65951fbfd7cd79a68","2026-09-21 03:10"
"flipster22","5f172e581874328b38c066f7","れい（Rey）","6444afc0c30fa09317b315fc","6ab0d6aa8406a633970805d1","2026-09-21 03:11"
"17","6028ad57f227ff0001b8b01e","PLK","62179a5c8e88d400010d91ea","6ab0d6f3a83bc4e3f3a3a833","2026-09-21 03:12"
"gnaonu","6a85bf90321b3548ea5f35c0","PolarDune773","66becb13fb442aeb77c3381a","6ab0d75cea0494fc10ba312c","2026-09-21 03:12"
"Axel","62bd3ee10958bff9fbeff77a","Eurya","65fc3453702bba73b4c0a398","6ab0d741a83bc4e3f3a3a912","2026-09-21 03:13"
"ZakyBoy","602adad6f1933a000135da45","PapaMacdus","6667d837d40195a479dc95b8","6ab0d72b0a2b0046dd22db17","2026-09-21 03:13"
"Brzoza","60ababeffb1efa0001302754","17","6028ad57f227ff0001b8b01e","6ab0d8c9a83bc4e3f3a3acfa","2026-09-21 03:16"
"Anonymous","617f7cfb9dffd50001875a3f","Kenji","5f2fd4348378f500019bdee0","6ab0d860ea0494fc10ba33cb","2026-09-21 03:18"
"PapaMacdus","6667d837d40195a479dc95b8","PolarDune773","66becb13fb442aeb77c3381a","6ab0d90ba83bc4e3f3a3adc3","2026-09-21 03:19"
"sva","67a710249d75e04dff436d40","Geo Cosmos","637e1e3f952cb472a388a6c2","6ab0d970ea0494fc10ba3719","2026-09-21 03:19"
"gnaonu","6a85bf90321b3548ea5f35c0","eeeeeeeeeeee","658e9c0361137989504ec7ee","6ab0d894a83bc4e3f3a3ac7e","2026-09-21 03:20"
"いぶりー ivly","6578df649b50a29c7d4112a0","PLK","62179a5c8e88d400010d91ea","6ab0d9315951fbfd7cd79fcf","2026-09-21 03:22"
"17","6028ad57f227ff0001b8b01e","Tosontsengel Sausages","676108739f1bd4dd8576b876","6ab0d9d1a83bc4e3f3a3b058","2026-09-21 03:23"
"Anonymous","617f7cfb9dffd50001875a3f","Venux","601d72df848235000143965e","6ab0da4aea0494fc10ba3971","2026-09-21 03:23"
"アラメイン","68445484b91725e394c6e69d","zero cycle","64c25c1e4478acb95e42c68a","6ab0d94aa83bc4e3f3a3aeb0","2026-09-21 03:23"
"Ulork","5e2ded716ea510b234a670b2","Eurya","65fc3453702bba73b4c0a398","6ab0da82ea0494fc10ba3a58","2026-09-21 03:24"
"PolarDune773","66becb13fb442aeb77c3381a","Alvar","61321ae33253810001f8686f","6ab0da675951fbfd7cd7a31c","2026-09-21 03:25"
"空","6a64429856634604f5187ce7","gnaonu","6a85bf90321b3548ea5f35c0","6ab0da8a5951fbfd7cd7a3be","2026-09-21 03:27"
"PLK","62179a5c8e88d400010d91ea","いぶりー ivly","6578df649b50a29c7d4112a0","6ab0daf9a83bc4e3f3a3b4ce","2026-09-21 03:28"
"gokhale","68257ab1be5b31c617f37156","PolarDune773","66becb13fb442aeb77c3381a","6ab0dbb8a83bc4e3f3a3b774","2026-09-21 03:28"
"Spinner2k","6222449c68dc010001609860","鳴神","5e6434058fd6cf50f886fb99","6ab0da22ea0494fc10ba38fa","2026-09-21 03:30"
"gnaonu","6a85bf90321b3548ea5f35c0","Kris","6773fe29c77b1d889eb42462","6ab0dc1aea0494fc10ba3ef0","2026-09-21 03:31"
"kstyko","5ead136297d6cf24a42b1ef4","gokhale","68257ab1be5b31c617f37156","6ab0dc4d5951fbfd7cd7a8bc","2026-09-21 03:31"
"constella","64b2b2afd22a6256877948e5","Venux","601d72df848235000143965e","6ab0db868406a6339708132b","2026-09-21 03:31"
"Tjay","5ffcdd1cd5a65b0001e4713b","habesh","647734d056305f7bf5561a4e","6ab0dc0bea0494fc10ba3ed7","2026-09-21 03:32"
"Jayden (Mobile)","61f149e3c24ced00015b4777","NamibianAmphibianMan","69ba2e52a04671c8a9b13e12","6ab0dc15a83bc4e3f3a3b87e","2026-09-21 03:32"
"Ulork","5e2ded716ea510b234a670b2","17","6028ad57f227ff0001b8b01e","6ab0db7c8406a6339708131e","2026-09-21 03:34"
"PolarDune773","66becb13fb442aeb77c3381a","SlavaDRIEXT [-Андре ПР-]","65f8490dad4ed43bba0f475d","6ab0dcb2483d7170dcccf8e2","2026-09-21 03:34"
"gokhale","68257ab1be5b31c617f37156","gnaonu","6a85bf90321b3548ea5f35c0","6ab0dd19a83bc4e3f3a3bafb","2026-09-21 03:35"
"Venux","601d72df848235000143965e","Spinner2k","6222449c68dc010001609860","6ab0dd265951fbfd7cd7ab36","2026-09-21 03:35"
"Leftist Leo 解放巴勒斯坦 🇵🇸 和","60d9c5536dac910001297d14","PLK","62179a5c8e88d400010d91ea","6ab0dcd3483d7170dcccf98a","2026-09-21 03:36"
"PLK","62179a5c8e88d400010d91ea","gokhale","68257ab1be5b31c617f37156","6ab0de43ea0494fc10ba4515","2026-09-21 03:37"
"Ulork","5e2ded716ea510b234a670b2","Kris","6773fe29c77b1d889eb42462","6ab0de0cf24d78af1d489ab9","2026-09-21 03:38"
"Jayden (Mobile)","61f149e3c24ced00015b4777","NamibianAmphibianMan","69ba2e52a04671c8a9b13e12","6ab0dd655951fbfd7cd7ac19","2026-09-21 03:38"
"アラメイン","68445484b91725e394c6e69d","Alvar","61321ae33253810001f8686f","6ab0dbb35951fbfd7cd7a735","2026-09-21 03:38"
"hyryi","68ab47dfbb1157adc4dd2dcf","constella","64b2b2afd22a6256877948e5","6ab0dd48a83bc4e3f3a3bbfe","2026-09-21 03:39"
"Tjay","5ffcdd1cd5a65b0001e4713b","habesh","647734d056305f7bf5561a4e","6ab0ddc48406a63397081951","2026-09-21 03:40"
"gnaonu","6a85bf90321b3548ea5f35c0","Venux","601d72df848235000143965e","6ab0de22ff40d8e3b5fe0ce6","2026-09-21 03:40"
"17","6028ad57f227ff0001b8b01e","Fan Swangambita 🔥😋","63d00c59744f7e9ebeeb1c09","6ab0de21a83bc4e3f3a3be41","2026-09-21 03:41"
"gnaonu","6a85bf90321b3548ea5f35c0","Venux","601d72df848235000143965e","6ab0df4e5951fbfd7cd7b169","2026-09-21 03:42"
"空","6a64429856634604f5187ce7","Ulork","5e2ded716ea510b234a670b2","6ab0ded7ff40d8e3b5fe0f10","2026-09-21 03:43"
"PLK","62179a5c8e88d400010d91ea","Leftist Leo 解放巴勒斯坦 🇵🇸 和","60d9c5536dac910001297d14","6ab0dea1a83bc4e3f3a3bfc2","2026-09-21 03:43"
"tom","613563da6ab4770001681b9a","gokhale","68257ab1be5b31c617f37156","6ab0df188406a63397081de0","2026-09-21 03:43"
"constella","64b2b2afd22a6256877948e5","NamibianAmphibianMan","69ba2e52a04671c8a9b13e12","6ab0df25ea0494fc10ba4872","2026-09-21 03:44"
"Spinner2k","6222449c68dc010001609860","Prsova","6658c692b31af2f10a86a038","6ab0de6da83bc4e3f3a3bf01","2026-09-21 03:44"
"Jayden (Mobile)","61f149e3c24ced00015b4777","Kris","6773fe29c77b1d889eb42462","6ab0df2cea0494fc10ba4879","2026-09-21 03:46"
"PLK","62179a5c8e88d400010d91ea","Leftist Leo 解放巴勒斯坦 🇵🇸 和","60d9c5536dac910001297d14","6ab0dff58406a6339708203b","2026-09-21 03:47"
"gnaonu","6a85bf90321b3548ea5f35c0","17","6028ad57f227ff0001b8b01e","6ab0dfa4483d7170dccd0201","2026-09-21 03:49"
"Venux","601d72df848235000143965e","NamibianAmphibianMan","69ba2e52a04671c8a9b13e12","6ab0e01da83bc4e3f3a3c44a","2026-09-21 03:50"
"Brzoza","60ababeffb1efa0001302754","PLK","62179a5c8e88d400010d91ea","6ab0e0d5ea0494fc10ba4cf1","2026-09-21 03:51"
"17","6028ad57f227ff0001b8b01e","Leftist Leo 解放巴勒斯坦 🇵🇸 和","60d9c5536dac910001297d14","6ab0e14aa83bc4e3f3a3c78e","2026-09-21 03:51"
"Jayden (Mobile)","61f149e3c24ced00015b4777","Spinner2k","6222449c68dc010001609860","6ab0e09b8406a633970821bc","2026-09-21 03:52"
"plotter","674c4756fb60b9f111e6e0b4","Ulork","5e2ded716ea510b234a670b2","6ab0e057483d7170dccd03af","2026-09-21 03:53"
"eeeeeeeeeeee","658e9c0361137989504ec7ee","Dasi","60646de64f3a8e00016fae55","6ab0e165a83bc4e3f3a3c7da","2026-09-21 03:53"
"Tjay","5ffcdd1cd5a65b0001e4713b","habesh","647734d056305f7bf5561a4e","6ab0df4c5951fbfd7cd7b15d","2026-09-21 03:54"
"Brzoza","60ababeffb1efa0001302754","gnaonu","6a85bf90321b3548ea5f35c0","6ab0e1b4483d7170dccd06fe","2026-09-21 03:55"
"Alfred","5c5171d33d925b4af4b9bcbc","Galette","5c30cf1ddfdaaa1a24324e72","6ab0df825951fbfd7cd7b225","2026-09-21 03:55"
"PLK","62179a5c8e88d400010d91ea","Leftist Leo 解放巴勒斯坦 🇵🇸 和","60d9c5536dac910001297d14","6ab0e1f5ea0494fc10ba4fff","2026-09-21 03:56"
"constella","64b2b2afd22a6256877948e5","Kris","6773fe29c77b1d889eb42462","6ab0e0e0ea0494fc10ba4d14","2026-09-21 03:56"
"Kfudaman","5ecc57c38d6ade72cc83598c","Parafilm","68a40c326a22803f01dd62c8","6ab0e1f88406a63397082514","2026-09-21 03:56"
"Venux","601d72df848235000143965e","Spinner2k","6222449c68dc010001609860","6ab0e20d5951fbfd7cd7b946","2026-09-21 03:57"
"NamibianAmphibianMan","69ba2e52a04671c8a9b13e12","M0vER2cK","6a3980146e586fb5631aa45a","6ab0e18f8406a633970823e2","2026-09-21 03:57"
"kstyko","5ead136297d6cf24a42b1ef4","Ulork","5e2ded716ea510b234a670b2","6ab0e271ea0494fc10ba515f","2026-09-21 03:59"
"17","6028ad57f227ff0001b8b01e","eeeeeeeeeeee","658e9c0361137989504ec7ee","6ab0e2438176b31de69983e2","2026-09-21 04:00"
"Kris","6773fe29c77b1d889eb42462","PLK","62179a5c8e88d400010d91ea","6ab0e31aea0494fc10ba5335","2026-09-21 04:00"
"gnaonu","6a85bf90321b3548ea5f35c0","Dasi","60646de64f3a8e00016fae55","6ab0e2e15951fbfd7cd7bbaf","2026-09-21 04:02"
"Kris","6773fe29c77b1d889eb42462","eeeeeeeeeeee","658e9c0361137989504ec7ee","6ab0e3f5a83bc4e3f3a3cfef","2026-09-21 04:02"
"Leftist Leo 解放巴勒斯坦 🇵🇸 和","60d9c5536dac910001297d14","constella","64b2b2afd22a6256877948e5","6ab0e3085d1ee666c632cb5b","2026-09-21 04:02"
"Ukiki","6a290dd1cf6b59479a2ae4de","Kenji","5f2fd4348378f500019bdee0","6ab0e2895951fbfd7cd7bad1","2026-09-21 04:02"
"Spinner2k","6222449c68dc010001609860","Venux","601d72df848235000143965e","6ab0e341483d7170dccd0b57","2026-09-21 04:02"
"17","6028ad57f227ff0001b8b01e","tom","613563da6ab4770001681b9a","6ab0e40a483d7170dccd0dbc","2026-09-21 04:03"
"captnlenox","620019f11f540100011a92b9","kstyko","5ead136297d6cf24a42b1ef4","6ab0e3c5a83bc4e3f3a3cf59","2026-09-21 04:03"
"Kfudaman","5ecc57c38d6ade72cc83598c","NamibianAmphibianMan","69ba2e52a04671c8a9b13e12","6ab0e330a83bc4e3f3a3cd85","2026-09-21 04:03"
"Alfred","5c5171d33d925b4af4b9bcbc","Galette","5c30cf1ddfdaaa1a24324e72","6ab0e2bdea0494fc10ba520e","2026-09-21 04:04"
"Tjay","5ffcdd1cd5a65b0001e4713b","habesh","647734d056305f7bf5561a4e","6ab0e298a83bc4e3f3a3cb61","2026-09-21 04:05"
"Kris","6773fe29c77b1d889eb42462","Dasi","60646de64f3a8e00016fae55","6ab0e4788406a63397082ba3","2026-09-21 04:05"
"constella","64b2b2afd22a6256877948e5","Kenji","5f2fd4348378f500019bdee0","6ab0e49e5951fbfd7cd7c057","2026-09-21 04:06"
"Ukiki","6a290dd1cf6b59479a2ae4de","hyryi","68ab47dfbb1157adc4dd2dcf","6ab0e4c4ff40d8e3b5fe1dab","2026-09-21 04:06"
"Dasi","60646de64f3a8e00016fae55","Barkuz","6084243b0feb6600017e1a7e","6ab0e541483d7170dccd10b9","2026-09-21 04:09"
"NamibianAmphibianMan","69ba2e52a04671c8a9b13e12","Lebron James","69f1903c702a7978150c1f60","6ab0e4c08406a63397082c8a","2026-09-21 04:09"
"Dasi","60646de64f3a8e00016fae55","0.03mm","692fdd96871fb5a05c4dcab0","6ab0e611a83bc4e3f3a3d5ec","2026-09-21 04:11"
"constella","64b2b2afd22a6256877948e5","17","6028ad57f227ff0001b8b01e","6ab0e5732122be0aaa8ac932","2026-09-21 04:12"
"NamibianAmphibianMan","69ba2e52a04671c8a9b13e12","hyryi","68ab47dfbb1157adc4dd2dcf","6ab0e6322122be0aaa8acb61","2026-09-21 04:13"
"Pablol","614ae3f096b10b0001ad06e8","0.03mm","692fdd96871fb5a05c4dcab0","6ab0e6ba8406a6339708311c","2026-09-21 04:13"
"domfrombrasil","6a94b59777073146c9f41f5e","SirFrantic","6a83293b333f460fdf6951f2","6ab0e690a83bc4e3f3a3d705","2026-09-21 04:14"
"constella","64b2b2afd22a6256877948e5","menthol.mike","5d78b0cc1d19ab6f7052d8b9","6ab0e70b0a2b0046dd230359","2026-09-21 04:15"
"Kfudaman","5ecc57c38d6ade72cc83598c","eeeeeeeeeeee","658e9c0361137989504ec7ee","6ab0e4b15d1ee666c632d01b","2026-09-21 04:15"
"Tjay","5ffcdd1cd5a65b0001e4713b","habesh","647734d056305f7bf5561a4e","6ab0e531a83bc4e3f3a3d3a2","2026-09-21 04:16"
"Dasi","60646de64f3a8e00016fae55","Venux","601d72df848235000143965e","6ab0e669ff40d8e3b5fe2135","2026-09-21 04:16"
"Spinner2k","6222449c68dc010001609860","Kenji","5f2fd4348378f500019bdee0","6ab0e5ac2122be0aaa8ac9d0","2026-09-21 04:16"
"まっちゃあいす","63c5614f750d5027f914c047","0.03mm","692fdd96871fb5a05c4dcab0","6ab0e7162122be0aaa8acdad","2026-09-21 04:16"
"Asteroid","69dbdc1efb7bdfcff7ddf99d","chiller77","5f072526a958535b8c80351b","6aac3cb40b6917cf6b1c5fb2","2026-09-21 04:17"
"Elcu","633102d69d4a5044970cce21","Blanecin","5e8781f3b3ec177638be489a","6aafdac08e70b9793f9465fd","2026-09-21 04:17"
"Yiğit Onur","628a020c86224535a595335f","Szymono","613295acc4b5740001f1bfdf","6aac37c71060d6f2ac90f69f","2026-09-21 04:17"
"eeeeeeeeeeee","658e9c0361137989504ec7ee","Florian","5dad9132d0d2a44f1018e420","6ab0d3a4826ce0a2b407c301","2026-09-21 04:17"
"MosaTracker","68fa532476317df25e19c823","Bravious","608f43fa0d0e0d0001d2abde","6aac8e551060d6f2ac91fe62","2026-09-21 04:17"
"Tung Sahur","6a5e71db480fcf6a022a4219","zeb","59b32f7a0ee41f7e90f68629","6aacb8f2062031cd6daadf92","2026-09-21 04:17"
"Locke","679bd2f0c95e0ff79cde564e","brikiiee","5e3c38301e34a04020543bbf","6aaef6886b4abe7a1da22a53","2026-09-21 04:17"
"wisps","60ad03a48b6e1d00012f8e7e","gnaonu","6a85bf90321b3548ea5f35c0","6ab0c08d701c6ec2604eb5e2","2026-09-21 04:17"
"WaiWai","621f7436f0bf520001066b61","NamibianAmphibianMan","69ba2e52a04671c8a9b13e12","6ab0c00f9c06e3dc60598946","2026-09-21 04:17"
"constella","64b2b2afd22a6256877948e5","menthol.mike","5d78b0cc1d19ab6f7052d8b9","6ab0e70b0a2b0046dd230359","2026-09-21 04:17"
"Sho翔","61683c534bff51000116128d","Avandy","60c3535133004c00010451a3","6aac515f795d61b93e66c932","2026-09-21 04:17"
"Spinello44","642d9421b7220832b69e489f","MG","670d6a20cf57e18ab12f38f8","6aac4a3a1060d6f2ac913009","2026-09-21 04:17"
"Dumb American","6439eb2cff2ea2c2416028fc","Muffin","68c4e66da6114a16d98aa1ea","6aaf4aba8e70b9793f935e1d","2026-09-21 04:17"
"tmol","65804bf1981dcef1aaa9fc20","Unc","6876a81aaf5ea16088df663a","6ab0950d5861ad4dfa077ba1","2026-09-21 04:17"
"constella","64b2b2afd22a6256877948e5","Ukiki","6a290dd1cf6b59479a2ae4de","6ab0e786a83bc4e3f3a3d931","2026-09-21 04:19"
"eeeeeeeeeeee","658e9c0361137989504ec7ee","Venux","601d72df848235000143965e","6ab0e7975951fbfd7cd7c75c","2026-09-21 04:19"
"17","6028ad57f227ff0001b8b01e","はやぴー","63c2fb1d3a6897fe7fa9b83c","6ab0e73a5951fbfd7cd7c69b","2026-09-21 04:20"
"まっちゃあいす","63c5614f750d5027f914c047","Dasi","60646de64f3a8e00016fae55","6ab0e7a54f347a27d01e1c72","2026-09-21 04:21"
"Kenjin","6917549db14de91e7a2e919d","Kris","6773fe29c77b1d889eb42462","6ab0e75a2122be0aaa8ace3f","2026-09-21 04:22"
"constella","64b2b2afd22a6256877948e5","Venux","601d72df848235000143965e","6ab0e8719d1c97097ad4d796","2026-09-21 04:22"
"sk 愛","666b76089d20c1dd39ec810c","Lubec","5e974c906ea510372c1e444a","6ab0c6649c06e3dc60599804","2026-09-21 04:25"
"はやぴー","63c2fb1d3a6897fe7fa9b83c","17","6028ad57f227ff0001b8b01e","6ab0e8939d1c97097ad4d803","2026-09-21 04:25"
"Dasi","60646de64f3a8e00016fae55","まっちゃあいす","63c5614f750d5027f914c047","6ab0e8f49d1c97097ad4d93f","2026-09-21 04:25"
"Spinner2k","6222449c68dc010001609860","0.03mm","692fdd96871fb5a05c4dcab0","6ab0e8299d1c97097ad4d6ae","2026-09-21 04:25"
"sk 愛","666b76089d20c1dd39ec810c","Lubec","5e974c906ea510372c1e444a","6ab0c6649c06e3dc60599804","2026-09-21 04:26"
"Wang04","6954f560e75a2f9780cba9a4","Hez1tred.","68274ac83004afb088d83eac","6ab0e8940b22fa8a690494fa","2026-09-21 04:26"
"Řežin","5e9c6bd897d6cf6f58b47ac4","kstyko","5ead136297d6cf24a42b1ef4","6ab0e9b30b22fa8a690497f0","2026-09-21 04:28"
"Galette","5c30cf1ddfdaaa1a24324e72","Alfred","5c5171d33d925b4af4b9bcbc","6ab0e4f2a83bc4e3f3a3d2f3","2026-09-21 04:28"
"Spinner2k","6222449c68dc010001609860","Hez1tred.","68274ac83004afb088d83eac","6ab0ea080b22fa8a69049911","2026-09-21 04:29"
"PolarDune773","66becb13fb442aeb77c3381a","Dodop","6028505c65164c0001914189","6ab0e9284f347a27d01e1fae","2026-09-21 04:29"
"Kris","6773fe29c77b1d889eb42462","constella","64b2b2afd22a6256877948e5","6ab0e9229d1c97097ad4d9c3","2026-09-21 04:30"
"Dasi","60646de64f3a8e00016fae55","Kubson","63be7fdebd54e6a7f756f9d1","6ab0e9da0b22fa8a69049867","2026-09-21 04:30"
"hyryi","68ab47dfbb1157adc4dd2dcf","Venux","601d72df848235000143965e","6ab0e90e4f347a27d01e1f83","2026-09-21 04:30"
"PolarDune773","66becb13fb442aeb77c3381a","0.03mm","692fdd96871fb5a05c4dcab0","6ab0eaa49d1c97097ad4de25","2026-09-21 04:32"
"Spinner2k","6222449c68dc010001609860","Dasi","60646de64f3a8e00016fae55","6ab0eaf10b22fa8a69049b82","2026-09-21 04:33"
"まっちゃあいす","63c5614f750d5027f914c047","Kenji","5f2fd4348378f500019bdee0","6ab0ea1d0b22fa8a69049958","2026-09-21 04:33"
"kstyko","5ead136297d6cf24a42b1ef4","17","6028ad57f227ff0001b8b01e","6ab0ea5f9d1c97097ad4dd5e","2026-09-21 04:35"
"constella","64b2b2afd22a6256877948e5","#1 multiplier harvester 🫃","626fc4565f225f253556ea95","6ab0eb81301c393d49a2d64f","2026-09-21 04:38"
"Dasi","60646de64f3a8e00016fae55","Spinner2k","6222449c68dc010001609860","6ab0ebb32340b492be4e1206","2026-09-21 04:38"
"Ringo (chatbanned)","6046c8a097019400018ea4cf","kstyko","5ead136297d6cf24a42b1ef4","6ab0ec201f3a9d75790bb6f6","2026-09-21 04:39"
"gnaonu","6a85bf90321b3548ea5f35c0","17","6028ad57f227ff0001b8b01e","6ab0ec432340b492be4e13a8","2026-09-21 04:39"
"hyryi","68ab47dfbb1157adc4dd2dcf","Hez1tred.","68274ac83004afb088d83eac","6ab0ec3f6d4765e6618d2e88","2026-09-21 04:39"
"Skcmj","669bbdca232879fb8fd85725","Molnaar","603790aa67954300019e2859","6ab0ec842340b492be4e1467","2026-09-21 04:40"
"Jayden (Mobile)","61f149e3c24ced00015b4777","Dasi","60646de64f3a8e00016fae55","6ab0ecbb2340b492be4e151f","2026-09-21 04:41"
"rileyrhino4wc2027","63b6a120ed1bf0b1b513dfb8","sk 愛","666b76089d20c1dd39ec810c","6ab0eb8cfb47ba120902d888","2026-09-21 04:42"
"Tjay","5ffcdd1cd5a65b0001e4713b","Alfred","5c5171d33d925b4af4b9bcbc","6ab0eaee4f347a27d01e23c3","2026-09-21 04:43"
"17","6028ad57f227ff0001b8b01e","gnaonu","6a85bf90321b3548ea5f35c0","6ab0ed239e08886a3e6c2c4c","2026-09-21 04:44"
"kstyko","5ead136297d6cf24a42b1ef4","constella","64b2b2afd22a6256877948e5","6ab0ecfe2340b492be4e15ed","2026-09-21 04:45"
"Dasi","60646de64f3a8e00016fae55","Skcmj","669bbdca232879fb8fd85725","6ab0ed8b2340b492be4e17fd","2026-09-21 04:45"
"gnaonu","6a85bf90321b3548ea5f35c0","17","6028ad57f227ff0001b8b01e","6ab0ee382340b492be4e19df","2026-09-21 04:47"
"まっちゃあいす","63c5614f750d5027f914c047","Spinner2k","6222449c68dc010001609860","6ab0ed74fb47ba120902dcb2","2026-09-21 04:47"
"Hez1tred.","68274ac83004afb088d83eac","non-maxima suppression","685faf6e74236e09ce003081","6ab0ee356d4765e6618d33e1","2026-09-21 04:47"
"sk 愛","666b76089d20c1dd39ec810c","gnaonu","6a85bf90321b3548ea5f35c0","6ab0eedf2340b492be4e1bb9","2026-09-21 04:49"
"Hez1tred.","68274ac83004afb088d83eac","kawy","6a2d61bda141fcc6981c341c","6ab0ef102340b492be4e1c65","2026-09-21 04:49"
"kstyko","5ead136297d6cf24a42b1ef4","Dasi","60646de64f3a8e00016fae55","6ab0ee8cfc2fa3d0dc41cc5b","2026-09-21 04:50"
"ferreiro","5f126427d6ca438f24009b8e","Barkuz","6084243b0feb6600017e1a7e","6ab0ef251f3a9d75790bbdde","2026-09-21 04:50"
"Tjay","5ffcdd1cd5a65b0001e4713b","rileyrhino4wc2027","63b6a120ed1bf0b1b513dfb8","6ab0ee1c2340b492be4e196e","2026-09-21 04:52"
"Ringo (chatbanned)","6046c8a097019400018ea4cf","Leftist Leo 解放巴勒斯坦 🇵🇸 和","60d9c5536dac910001297d14","6ab0ef416d4765e6618d36df","2026-09-21 04:52"
"kstyko","5ead136297d6cf24a42b1ef4","Hez1tred.","68274ac83004afb088d83eac","6ab0efd1633f9c9d66791752","2026-09-21 04:52"
"Alfred","5c5171d33d925b4af4b9bcbc","hyryi","68ab47dfbb1157adc4dd2dcf","6ab0eea22340b492be4e1b1e","2026-09-21 04:52"
"𝓖𝓮𝓸~𝓲𝓽𝓮𝓻𝓯𝓪𝓬𝓲𝓸≀⑤⑧②","6550ff75cf7966cc5dfe29fe","gnaonu","6a85bf90321b3548ea5f35c0","6ab0ef879e08886a3e6c326d","2026-09-21 04:52"
"Galette","5c30cf1ddfdaaa1a24324e72","PolarDune773","66becb13fb442aeb77c3381a","6ab0ec5e2340b492be4e13ed","2026-09-21 04:52"
"constella","64b2b2afd22a6256877948e5","17","6028ad57f227ff0001b8b01e","6ab0eede6d4765e6618d35d7","2026-09-21 04:53"
"Spinner2k","6222449c68dc010001609860","まっちゃあいす","63c5614f750d5027f914c047","6ab0eee82340b492be4e1bea","2026-09-21 04:54"
"Hez1tred.","68274ac83004afb088d83eac","ferreiro","5f126427d6ca438f24009b8e","6ab0f00e2340b492be4e1f45","2026-09-21 04:54"
"gnaonu","6a85bf90321b3548ea5f35c0","Leftist Leo 解放巴勒斯坦 🇵🇸 和","60d9c5536dac910001297d14","6ab0f037fb47ba120902e348","2026-09-21 04:56"
"17","6028ad57f227ff0001b8b01e","Ringo (chatbanned)","6046c8a097019400018ea4cf","6ab0f07b9e08886a3e6c3530","2026-09-21 04:57"
"hyryi","68ab47dfbb1157adc4dd2dcf","PolarDune773","66becb13fb442aeb77c3381a","6ab0f0516d4765e6618d39ab","2026-09-21 04:57"
"ferreiro","5f126427d6ca438f24009b8e","kawy","6a2d61bda141fcc6981c341c","6ab0f0816d4765e6618d3a46","2026-09-21 04:57"
"persimmonsukip","6809563cae64cffc1988e9fe","GeoIzoard","5ef6bc82308c19725c7ddb1e","6ab0f0a76d4765e6618d3ab0","2026-09-21 04:59"
"ferreiro","5f126427d6ca438f24009b8e","kawy","6a2d61bda141fcc6981c341c","6ab0f13d6d4765e6618d3c22","2026-09-21 05:01"
"constella","64b2b2afd22a6256877948e5","Spinner2k","6222449c68dc010001609860","6ab0f0802340b492be4e216c","2026-09-21 05:02"
"Wolfgoon Auramadeus Moggzart","64a4686ecd74917a4fabee03","gnaonu","6a85bf90321b3548ea5f35c0","6ab0f12a2340b492be4e2342","2026-09-21 05:03"
"0.03mm","692fdd96871fb5a05c4dcab0","まっちゃあいす","63c5614f750d5027f914c047","6ab0f1621f3a9d75790bc37c","2026-09-21 05:04"
"Skcmj","669bbdca232879fb8fd85725","Julos","5ec306bae7115241a4e74bb7","6ab0f2366d4765e6618d3ea8","2026-09-21 05:04"
"Ringo (chatbanned)","6046c8a097019400018ea4cf","LetsCrime (chatbanned)","67a80cc003077ed0dfc834ab","6ab0f24a9e08886a3e6c396f","2026-09-21 05:06"
"SBS21","65ee16d0c64cc3b516a9c2f1","Herr pingo panda😎","67f6c066040884645dbdb8c6","6ab0f3446d4765e6618d4177","2026-09-21 05:08"
"Cansanção Blur Enjoyer","6a207295824d2054d74c3e7a","gnaonu","6a85bf90321b3548ea5f35c0","6ab0f3216d4765e6618d4115","2026-09-21 05:09"
"domfrombrasil","6a94b59777073146c9f41f5e","Altay","6a952e1377073146c9f51883","6ab0f3dbfb47ba120902eb6c","2026-09-21 05:09"
"persimmonsukip","6809563cae64cffc1988e9fe","hyryi","68ab47dfbb1157adc4dd2dcf","6ab0f1ac70399e39a7a46967","2026-09-21 05:10"
"constella","64b2b2afd22a6256877948e5","Ratt","67adda06e36339976840db35","6ab0f2be6d4765e6618d3fe4","2026-09-21 05:11"
"ferreiro","5f126427d6ca438f24009b8e","SBS21","65ee16d0c64cc3b516a9c2f1","6ab0f3de6d4765e6618d4348","2026-09-21 05:11"
"Fabu","61c77b7b96f28e0001722043","Spinner2k","6222449c68dc010001609860","6ab0f2882340b492be4e2731","2026-09-21 05:12"
"Ruben","5e1334ba1b34a033c801a9e8","Nick","6626d0047c6518ce6b6f88ec","6ab0f387633f9c9d6679202a","2026-09-21 05:12"
"domfrombrasil","6a94b59777073146c9f41f5e","tecnocamel","63150396f41b577c7cec649c","6ab0f4396d4765e6618d4432","2026-09-21 05:12"
"LetsCrime (chatbanned)","67a80cc003077ed0dfc834ab","Ringo (chatbanned)","6046c8a097019400018ea4cf","6ab0f3eefb47ba120902eb9f","2026-09-21 05:13"
"rileyrhino4wc2027","63b6a120ed1bf0b1b513dfb8","PolarDune773","66becb13fb442aeb77c3381a","6ab0f1ac6d4765e6618d3d30","2026-09-21 05:13"
"steelik","5c8952067235f956d80440cc","Cansanção Blur Enjoyer","6a207295824d2054d74c3e7a","6ab0f4769e08886a3e6c3f43","2026-09-21 05:13"
"domfrombrasil","6a94b59777073146c9f41f5e","KrystianKrk","6a9ac1d7496cd0b97d84635b","6ab0f4ec6d4765e6618d4633","2026-09-21 05:14"
"PLK","62179a5c8e88d400010d91ea","gnaonu","6a85bf90321b3548ea5f35c0","6ab0f42a9e08886a3e6c3e8a","2026-09-21 05:15"
"𝓖𝓮𝓸~𝓲𝓽𝓮𝓻𝓯𝓪𝓬𝓲𝓸≀⑤⑧②","6550ff75cf7966cc5dfe29fe","Galette","5c30cf1ddfdaaa1a24324e72","6ab0f0622340b492be4e20e8","2026-09-21 05:16"
"KANMURU","63bcd8027039017494d42999","Mato Grosso","687515758c49b2f1bf4432cf","6ab0f41f6d4765e6618d43f5","2026-09-21 05:16"
"ferreiro","5f126427d6ca438f24009b8e","Ruben","5e1334ba1b34a033c801a9e8","6ab0f4f31f3a9d75790bcb52","2026-09-21 05:17"
"s7ymon.","689dea76e80ba00f3a8dbdc1","Gonçalo","60477d3ef15a270001e1bb0c","6ab0f3de6d4765e6618d434e","2026-09-21 05:19"
"sk 愛","666b76089d20c1dd39ec810c","Ratt","67adda06e36339976840db35","6ab0f4de9e08886a3e6c4056","2026-09-21 05:19"
"Cansanção Blur Enjoyer","6a207295824d2054d74c3e7a","Venux","601d72df848235000143965e","6ab0f58d2340b492be4e2f10","2026-09-21 05:19"
"constella","64b2b2afd22a6256877948e5","Ringo (chatbanned)","6046c8a097019400018ea4cf","6ab0f5112340b492be4e2df4","2026-09-21 05:20"
"ferreiro","5f126427d6ca438f24009b8e","Ruben","5e1334ba1b34a033c801a9e8","6ab0f5fa6d4765e6618d492d","2026-09-21 05:20"
"hyryi","68ab47dfbb1157adc4dd2dcf","Kenji","5f2fd4348378f500019bdee0","6ab0f6136d4765e6618d498f","2026-09-21 05:21"
"Venux","601d72df848235000143965e","Cansanção Blur Enjoyer","6a207295824d2054d74c3e7a","6ab0f686e940ba7f9858f333","2026-09-21 05:21"
"gnaonu","6a85bf90321b3548ea5f35c0","PLK","62179a5c8e88d400010d91ea","6ab0f5702340b492be4e2ed1","2026-09-21 05:22"
"Stahu","5c4c5e963d925b4af4b88080","Mato Grosso","687515758c49b2f1bf4432cf","6ab0f5cd6d4765e6618d48a8","2026-09-21 05:22"
"s7ymon.","689dea76e80ba00f3a8dbdc1","Gonçalo","60477d3ef15a270001e1bb0c","6ab0f6609e08886a3e6c4447","2026-09-21 05:23"
"Spinner2k","6222449c68dc010001609860","KANMURU","63bcd8027039017494d42999","6ab0f5d9fb47ba120902efd0","2026-09-21 05:24"
"Venux","601d72df848235000143965e","ferreiro","5f126427d6ca438f24009b8e","6ab0f6ee2340b492be4e325f","2026-09-21 05:24"
"gnaonu","6a85bf90321b3548ea5f35c0","PLK","62179a5c8e88d400010d91ea","6ab0f731e940ba7f9858f4d2","2026-09-21 05:25"
"Crimson_Skie5","6542b879035c41bbf7e7d0a5","Ringo (chatbanned)","6046c8a097019400018ea4cf","6ab0f6d2e940ba7f9858f3c0","2026-09-21 05:26"
"Armire","579e7c0d96ca677b840d1210","SkiDY","57f01da89b1dda5a1c25916c","6ab0f7422340b492be4e333b","2026-09-21 05:26"
"Stahu","5c4c5e963d925b4af4b88080","hyryi","68ab47dfbb1157adc4dd2dcf","6ab0f7299e08886a3e6c4620","2026-09-21 05:26"
"Gonçalo","60477d3ef15a270001e1bb0c","s7ymon.","689dea76e80ba00f3a8dbdc1","6ab0f778fb47ba120902f3eb","2026-09-21 05:28"
"www.twitch.tv/qule0","635d8550c15309de668daf99","Conax4WC2027","6772fee6827b91b41dd22b5f","6aaff4910f7ce2b85a162101","2026-09-21 05:28"
"Conax4WC2027","6772fee6827b91b41dd22b5f","Doofist","68f3a854d35e604bd5617bb2","6ab029cf0f7ce2b85a16e725","2026-09-21 05:28"
"Anonymous","62517d69bf2d9b52f4682c70","Draymond8","6032bcb309857100013466be","6aafde757356adf5ae75b147","2026-09-21 05:28"
"Cansanção Blur Enjoyer","6a207295824d2054d74c3e7a","aguardiente","60ba2dec2056310001c27701","6ab0f78f1f3a9d75790bd167","2026-09-21 05:28"
"GeoChiko","637129eb9d737c55a520a3e3","allie","612958d26962f50001ae89d2","6ab064360f7ce2b85a17a6a8","2026-09-21 05:28"
"Mitteconrad","6056349f72a5a900014128a9","Arvanna","66a545e50035c093bfe072bd","6ab075ea701c6ec2604e0cb1","2026-09-21 05:28"
"SBS21","65ee16d0c64cc3b516a9c2f1","ximikavt","626a4b34fc591a6ada379fb0","6ab0f4f99e08886a3e6c40a6","2026-09-21 05:28"
"PLK","62179a5c8e88d400010d91ea","gnaonu","6a85bf90321b3548ea5f35c0","6ab0f7c6e940ba7f9858f635","2026-09-21 05:29"
"Armire","579e7c0d96ca677b840d1210","Ringo (chatbanned)","6046c8a097019400018ea4cf","6ab0f83a633f9c9d66792a8e","2026-09-21 05:33"
"oyche doniz","64c3f1de3325e32e0fcada4a","ferreiro","5f126427d6ca438f24009b8e","6ab0f877e940ba7f9858f7c2","2026-09-21 05:33"
"SBS21","65ee16d0c64cc3b516a9c2f1","CreeZz","67dc0749794d4262c9ef2ec9","6ab0f8c72340b492be4e36d2","2026-09-21 05:33"
"Ratt","67adda06e36339976840db35","constella","64b2b2afd22a6256877948e5","6ab0f6c6e940ba7f9858f3a2","2026-09-21 05:34"
"PapaMacdus","6667d837d40195a479dc95b8","Molnaar","603790aa67954300019e2859","6ab0f80fe940ba7f9858f6a4","2026-09-21 05:34"
"SANTALIN","68a1d4f00218d5f252838775","yuyux32","65a3fa0c053e0780db54fd4b","6ab0f8d26d4765e6618d50c2","2026-09-21 05:34"
"Crimson_Skie5","6542b879035c41bbf7e7d0a5","PLK","62179a5c8e88d400010d91ea","6ab0f8c26d4765e6618d50a8","2026-09-21 05:35"
"PolarDune773","66becb13fb442aeb77c3381a","Stahu","5c4c5e963d925b4af4b88080","6ab0f839fb47ba120902f589","2026-09-21 05:35"
"gnaonu","6a85bf90321b3548ea5f35c0","KANMURU","63bcd8027039017494d42999","6ab0f8ab2340b492be4e3697","2026-09-21 05:36"
"Cansanção Blur Enjoyer","6a207295824d2054d74c3e7a","kawy","6a2d61bda141fcc6981c341c","6ab0f9882d398d7f3b11bd08","2026-09-21 05:38"
"ferreiro","5f126427d6ca438f24009b8e","Nick","6626d0047c6518ce6b6f88ec","6ab0fa5c2d398d7f3b11bf0c","2026-09-21 05:38"
"PLK","62179a5c8e88d400010d91ea","Ringo (chatbanned)","6046c8a097019400018ea4cf","6ab0fa2ca62ac63d919bf622","2026-09-21 05:39"
"hyryi","68ab47dfbb1157adc4dd2dcf","gnaonu","6a85bf90321b3548ea5f35c0","6ab0fa66a62ac63d919bf6be","2026-09-21 05:39"
"Skcmj","669bbdca232879fb8fd85725","SBS21","65ee16d0c64cc3b516a9c2f1","6ab0f9f42d398d7f3b11be38","2026-09-21 05:39"
"rileyrhino4wc2027","63b6a120ed1bf0b1b513dfb8","Galette","5c30cf1ddfdaaa1a24324e72","6ab0f60f6d4765e6618d4987","2026-09-21 05:40"
"ferreiro","5f126427d6ca438f24009b8e","Cansanção Blur Enjoyer","6a207295824d2054d74c3e7a","6ab0fb022d398d7f3b11c0a0","2026-09-21 05:40"
"PLK","62179a5c8e88d400010d91ea","gnaonu","6a85bf90321b3548ea5f35c0","6ab0fb35a62ac63d919bf8b5","2026-09-21 05:41"
"Styy","64ad2511ee774894b957fb3b","KANMURU","63bcd8027039017494d42999","6ab0fa7d675b293c90712c1f","2026-09-21 05:41"
"SBS21","65ee16d0c64cc3b516a9c2f1","Herr pingo panda😎","67f6c066040884645dbdb8c6","6ab0fb2a675b293c90712d81","2026-09-21 05:42"
"kawy","6a2d61bda141fcc6981c341c","八木カイリ","6844fca4ef3ea9aea2255937","6ab0fb6ca62ac63d919bf963","2026-09-21 05:42"
"PLK","62179a5c8e88d400010d91ea","gnaonu","6a85bf90321b3548ea5f35c0","6ab0fbb0667139ee19c9c82f","2026-09-21 05:43"
"PLK","62179a5c8e88d400010d91ea","gnaonu","6a85bf90321b3548ea5f35c0","6ab0fc172763c861ea823baa","2026-09-21 05:45"
"hyryi","68ab47dfbb1157adc4dd2dcf","KANMURU","63bcd8027039017494d42999","6ab0fba4104ebe9247ec387c","2026-09-21 05:45"
"kawy","6a2d61bda141fcc6981c341c","ShadowGrif","584b3ad09992305700ea4284","6ab0fbfafc7d9012dad41b09","2026-09-21 05:45"
"constella","64b2b2afd22a6256877948e5","Ratt","67adda06e36339976840db35","6ab0fa41a6605e81ef3200aa","2026-09-21 05:46"
"Cansanção Blur Enjoyer","6a207295824d2054d74c3e7a","ferreiro","5f126427d6ca438f24009b8e","6ab0fb76a62ac63d919bf978","2026-09-21 05:46"
"SBS21","65ee16d0c64cc3b516a9c2f1","八木カイリ","6844fca4ef3ea9aea2255937","6ab0fbd1d863c825c3a846ad","2026-09-21 05:46"
"Cansanção Blur Enjoyer","6a207295824d2054d74c3e7a","kawy","6a2d61bda141fcc6981c341c","6ab0fcb6667139ee19c9cb02","2026-09-21 05:48"
"Ringo (chatbanned)","6046c8a097019400018ea4cf","L'Hank the Dawnstreak","628e0d478e5ef3a3ca163627","6ab0fb15675b293c90712d5f","2026-09-21 05:49"
"Lemon’fu the Dawnstreak","6814628ed8477060002e00ba","Spinner2k","6222449c68dc010001609860","6ab0fb26a62ac63d919bf897","2026-09-21 05:49"
"plotter","674c4756fb60b9f111e6e0b4","s7ymon.","689dea76e80ba00f3a8dbdc1","6ab0fbc7667139ee19c9c894","2026-09-21 05:50"
"Tomm","5f343e1e90ab2f000146ef1d","KANMURU","63bcd8027039017494d42999","6ab0fc90104ebe9247ec3ad4","2026-09-21 05:50"
"gnaonu","6a85bf90321b3548ea5f35c0","PLK","62179a5c8e88d400010d91ea","6ab0fcafc6724dafc92a497b","2026-09-21 05:51"
"八木カイリ","6844fca4ef3ea9aea2255937","Herr pingo panda😎","67f6c066040884645dbdb8c6","6ab0fd5b667139ee19c9ccdc","2026-09-21 05:51"
"s7ymon.","689dea76e80ba00f3a8dbdc1","pasycat粉丝","6825e5c37465249750d5a93f","6ab0fd95667139ee19c9cd7e","2026-09-21 05:52"
"Crimson_Skie5","6542b879035c41bbf7e7d0a5","Nici","619512ea6e5572000187322c","6ab0fadfa62ac63d919bf7f4","2026-09-21 05:52"
"Cansanção Blur Enjoyer","6a207295824d2054d74c3e7a","kawy","6a2d61bda141fcc6981c341c","6ab0fd44667139ee19c9cc90","2026-09-21 05:52"
"Ratt","67adda06e36339976840db35","hyryi","68ab47dfbb1157adc4dd2dcf","6ab0fcbc667139ee19c9cb17","2026-09-21 05:53"
"Cansanção Blur Enjoyer","6a207295824d2054d74c3e7a","gnaonu","6a85bf90321b3548ea5f35c0","6ab0fe11104ebe9247ec3ee8","2026-09-21 05:53"
"ferreiro","5f126427d6ca438f24009b8e","offmylawn","674bbb9465709cb3c93c6b17","6ab0fd18fc7d9012dad41da9","2026-09-21 05:53"
"PLK","62179a5c8e88d400010d91ea","Ringo (chatbanned)","6046c8a097019400018ea4cf","6ab0fde4c6724dafc92a4c71","2026-09-21 05:54"
"Jayden (Mobile)","61f149e3c24ced00015b4777","ferreiro","5f126427d6ca438f24009b8e","6ab0fe53667139ee19c9cf67","2026-09-21 05:54"
"Tomm","5f343e1e90ab2f000146ef1d","KAITOOO","62e8c3ab0065abc49aca361d","6ab0fdda667139ee19c9ce3f","2026-09-21 05:54"
"gnaonu","6a85bf90321b3548ea5f35c0","Cansanção Blur Enjoyer","6a207295824d2054d74c3e7a","6ab0fe82667139ee19c9cfdf","2026-09-21 05:55"
"antidotess","60859c21128efc0001559603","Kenji","5f2fd4348378f500019bdee0","6ab0fd26c6724dafc92a4ab1","2026-09-21 05:55"
"Luca","62faac056417c6c320e282de","kawy","6a2d61bda141fcc6981c341c","6ab0fe1e104ebe9247ec3efd","2026-09-21 05:55"
"KANMURU","63bcd8027039017494d42999","Spinner2k","6222449c68dc010001609860","6ab0fdfd667139ee19c9ce8d","2026-09-21 05:57"
"Luca","62faac056417c6c320e282de","Geo Cosmos","637e1e3f952cb472a388a6c2","6ab0fedfd863c825c3a84d18","2026-09-21 05:58"
"Asphalt","63b28cd3e615c0d497c80c1c","KOSTIUSHKA","67a0a342b159c1528ecc5eba","6ab0fe9a104ebe9247ec4008","2026-09-21 05:58"
"gnaonu","6a85bf90321b3548ea5f35c0","Ringo (chatbanned)","6046c8a097019400018ea4cf","6ab0fed9c6724dafc92a4e5f","2026-09-21 05:59"
"PLK","62179a5c8e88d400010d91ea","Wijn.","657979f3db414bd0da540f23","6ab0fecafc7d9012dad420fd","2026-09-21 06:00"
"Chudai","6a689d01a65ab58b189dd03e","pasycat粉丝","6825e5c37465249750d5a93f","6ab0ff1ad863c825c3a84d9c","2026-09-21 06:01"
"Till","5f04dedea8560175a4e2b497","L'Hank the Dawnstreak","628e0d478e5ef3a3ca163627","6ab0feb5c6724dafc92a4e19","2026-09-21 06:01"
"Knuefi","686f418b1d20bac2bc99c10f","hyryi","68ab47dfbb1157adc4dd2dcf","6ab0feb6d863c825c3a84cd1","2026-09-21 06:01"
"rileyrhino4wc2027","63b6a120ed1bf0b1b513dfb8","Brzoza","60ababeffb1efa0001302754","6ab0fb912d398d7f3b11c20d","2026-09-21 06:02"
"Tomm","5f343e1e90ab2f000146ef1d","Cansanção Blur Enjoyer","6a207295824d2054d74c3e7a","6ab0fff0667139ee19c9d42e","2026-09-21 06:02"
"KOSTIUSHKA","67a0a342b159c1528ecc5eba","Luca","62faac056417c6c320e282de","6ab0ffae104ebe9247ec42e9","2026-09-21 06:02"
"gnaonu","6a85bf90321b3548ea5f35c0","PLK","62179a5c8e88d400010d91ea","6ab10014667139ee19c9d46c","2026-09-21 06:04"
"Ratt","67adda06e36339976840db35","Jayden (Mobile)","61f149e3c24ced00015b4777","6ab0feb4667139ee19c9d057","2026-09-21 06:06"
"Nici","619512ea6e5572000187322c","KANMURU","63bcd8027039017494d42999","6ab100ea104ebe9247ec4614","2026-09-21 06:06"
"PLK","62179a5c8e88d400010d91ea","gnaonu","6a85bf90321b3548ea5f35c0","6ab100fa667139ee19c9d6f4","2026-09-21 06:07"
"Wijn.","657979f3db414bd0da540f23","Asphalt","63b28cd3e615c0d497c80c1c","6ab1003f5e1abad4430769a6","2026-09-21 06:08"
"L'Hank the Dawnstreak","628e0d478e5ef3a3ca163627","Brzoza","60ababeffb1efa0001302754","6ab1006bc6724dafc92a520e","2026-09-21 06:09"
"Zifuko","5e85136d3d4b6a36ac752a7b","victr","660d89e0e8754a8737cdf7b8","6ab101e72763c861ea824738","2026-09-21 06:10"
"Cansanção Blur Enjoyer","6a207295824d2054d74c3e7a","DrBlinderson","667a1f56a740c6720a3d063b","6ab100cf667139ee19c9d67d","2026-09-21 06:10"
"Tomm","5f343e1e90ab2f000146ef1d","Lodi","5788e5e5c2a0fb1304dba46c","6ab100aff5660f2d7079fc95","2026-09-21 06:10"
"Crimson_Skie5","6542b879035c41bbf7e7d0a5","Ringo (chatbanned)","6046c8a097019400018ea4cf","6ab1005c104ebe9247ec44b5","2026-09-21 06:11"
"KANMURU","63bcd8027039017494d42999","Asphalt","63b28cd3e615c0d497c80c1c","6ab1020ac6724dafc92a5614","2026-09-21 06:11"
"gnaonu","6a85bf90321b3548ea5f35c0","PLK","62179a5c8e88d400010d91ea","6ab101c8104ebe9247ec4845","2026-09-21 06:12"
"InfidelFiddler","64491466c22a35f95ce5f682","RY-D7","62fcb0dd166b7ba31c3ad11f","6ab0fdce667139ee19c9ce17","2026-09-21 06:12"
"PLK","62179a5c8e88d400010d91ea","Ringo (chatbanned)","6046c8a097019400018ea4cf","6ab102c1c6724dafc92a57db","2026-09-21 06:13"
"Palmitas","5c0450ca431965af44f4668e","kawy","6a2d61bda141fcc6981c341c","6ab10226fc7d9012dad42950","2026-09-21 06:13"
"victr","660d89e0e8754a8737cdf7b8","wang4wc2027(徒弟yang)","64df30f334185dd27cf839a7","6ab102a1c6724dafc92a5792","2026-09-21 06:14"
"Brzoza","60ababeffb1efa0001302754","Ringo (chatbanned)","6046c8a097019400018ea4cf","6ab10361667139ee19c9ddd4","2026-09-21 06:15"
"Lemon’fu the Dawnstreak","6814628ed8477060002e00ba","Nici","619512ea6e5572000187322c","6ab1020c104ebe9247ec48d9","2026-09-21 06:15"
"sva","67a710249d75e04dff436d40","Wijn.","657979f3db414bd0da540f23","6ab10225104ebe9247ec490f","2026-09-21 06:15"
"Palmitas","5c0450ca431965af44f4668e","ferreiro","5f126427d6ca438f24009b8e","6ab10336fc7d9012dad42b9b","2026-09-21 06:16"
"kawy","6a2d61bda141fcc6981c341c","offmylawn","674bbb9465709cb3c93c6b17","6ab10337d863c825c3a856ac","2026-09-21 06:17"
"KANMURU","63bcd8027039017494d42999","Asphalt","63b28cd3e615c0d497c80c1c","6ab102b8c6724dafc92a57c5","2026-09-21 06:18"
"ferreiro","5f126427d6ca438f24009b8e","Ringo (chatbanned)","6046c8a097019400018ea4cf","6ab10409c6724dafc92a5af1","2026-09-21 06:18"
"Skcmj","669bbdca232879fb8fd85725","Prsova","6658c692b31af2f10a86a038","6ab102f9fc7d9012dad42b11","2026-09-21 06:18"
"Cansanção Blur Enjoyer","6a207295824d2054d74c3e7a","Shakazaramesh","5ef2945bbb96627c9ce5f63f","6ab102b3667139ee19c9dbd1","2026-09-21 06:20"
"Tomm","5f343e1e90ab2f000146ef1d","tripleJJJ","606746dda95f2c00017f9ecd","6ab10342667139ee19c9dd69","2026-09-21 06:20"
"Brzoza","60ababeffb1efa0001302754","L'Hank the Dawnstreak","628e0d478e5ef3a3ca163627","6ab1038a667139ee19c9de39","2026-09-21 06:21"
"Wijn.","657979f3db414bd0da540f23","Lodi","5788e5e5c2a0fb1304dba46c","6ab103d8667139ee19c9df13","2026-09-21 06:21"
"Asphalt","63b28cd3e615c0d497c80c1c","Ringo (chatbanned)","6046c8a097019400018ea4cf","6ab10489104ebe9247ec5052","2026-09-21 06:21"
"victr","660d89e0e8754a8737cdf7b8","wang4wc2027(徒弟yang)","64df30f334185dd27cf839a7","6ab10370104ebe9247ec4c89","2026-09-21 06:22"
"Asphalt","63b28cd3e615c0d497c80c1c","Ringo (chatbanned)","6046c8a097019400018ea4cf","6ab104fbd863c825c3a85ada","2026-09-21 06:22"
"ferreiro","5f126427d6ca438f24009b8e","kawy","6a2d61bda141fcc6981c341c","6ab10443c6724dafc92a5bc2","2026-09-21 06:22"
"SBS21","65ee16d0c64cc3b516a9c2f1","Zhihh","63b435e80510075fa39ac039","6ab103ad104ebe9247ec4d4b","2026-09-21 06:22"
"sva","67a710249d75e04dff436d40","Venux","601d72df848235000143965e","6ab10427104ebe9247ec4ef1","2026-09-21 06:23"
"Asphalt","63b28cd3e615c0d497c80c1c","Ringo (chatbanned)","6046c8a097019400018ea4cf","6ab10541104ebe9247ec529a","2026-09-21 06:24"
"ferreiro","5f126427d6ca438f24009b8e","kawy","6a2d61bda141fcc6981c341c","6ab10524667139ee19c9e3a7","2026-09-21 06:24"
"Cansanção Blur Enjoyer","6a207295824d2054d74c3e7a","Wijn.","657979f3db414bd0da540f23","6ab104e2104ebe9247ec5157","2026-09-21 06:25"
"Tomm","5f343e1e90ab2f000146ef1d","Hez1tred.","68274ac83004afb088d83eac","6ab1050e667139ee19c9e35a","2026-09-21 06:25"
"Asphalt","63b28cd3e615c0d497c80c1c","Ringo (chatbanned)","6046c8a097019400018ea4cf","6ab105be667139ee19c9e56a","2026-09-21 06:25"
"Venux","601d72df848235000143965e","sva","67a710249d75e04dff436d40","6ab10590fc7d9012dad431aa","2026-09-21 06:25"
"Shakazaramesh","5ef2945bbb96627c9ce5f63f","Edawardz","600aa63b94b5f40001eddb27","6ab104d1667139ee19c9e2a5","2026-09-21 06:26"
"Salem","63af4615494c2bc27e4a2f31","Frixy","5fe0f461f3881a0001805646","6ab1052d667139ee19c9e3ba","2026-09-21 06:27"
"Ringo (chatbanned)","6046c8a097019400018ea4cf","ferreiro","5f126427d6ca438f24009b8e","6ab10625667139ee19c9e6b5","2026-09-21 06:28"
"PLK","62179a5c8e88d400010d91ea","Crimson_Skie5","6542b879035c41bbf7e7d0a5","6ab10332667139ee19c9dd32","2026-09-21 06:29"
"Waluuuuuuu","6380cc417b431c1eece4916c","Lodi","5788e5e5c2a0fb1304dba46c","6ab10555c6724dafc92a5edc","2026-09-21 06:29"
"Venux","601d72df848235000143965e","DeTect","65aaf6d23171e89a57705b47","6ab105ea104ebe9247ec547d","2026-09-21 06:29"
"domfrombrasil","6a94b59777073146c9f41f5e","Heimish","653ba5cf0648d6162d742c97","6ab10629104ebe9247ec5534","2026-09-21 06:29"
"Cansanção Blur Enjoyer","6a207295824d2054d74c3e7a","Wijn.","657979f3db414bd0da540f23","6ab105e4667139ee19c9e5df","2026-09-21 06:30"
"Tomm","5f343e1e90ab2f000146ef1d","Slam4","60927f97129054000189c279","6ab10622104ebe9247ec551f","2026-09-21 06:30"
"Hez1tred.","68274ac83004afb088d83eac","Asphalt","63b28cd3e615c0d497c80c1c","6ab1060a667139ee19c9e66b","2026-09-21 06:30"
"kawy","6a2d61bda141fcc6981c341c","yuyux32","65a3fa0c053e0780db54fd4b","6ab1062e667139ee19c9e6d5","2026-09-21 06:30"
"L'Hank the Dawnstreak","628e0d478e5ef3a3ca163627","Brzoza","60ababeffb1efa0001302754","6ab104ef104ebe9247ec5183","2026-09-21 06:31"
"SBS21","65ee16d0c64cc3b516a9c2f1","Zhihh","63b435e80510075fa39ac039","6ab1054e667139ee19c9e41e","2026-09-21 06:31"
"Greasy Cheeseburger","6a594bfc4f0853294332c67f","ferreiro","5f126427d6ca438f24009b8e","6ab106bb667139ee19c9e8a0","2026-09-21 06:32"
"Frixy","5fe0f461f3881a0001805646","Salem","63af4615494c2bc27e4a2f31","6ab10687104ebe9247ec563f","2026-09-21 06:33"
"Cansanção Blur Enjoyer","6a207295824d2054d74c3e7a","Asphalt","63b28cd3e615c0d497c80c1c","6ab10709667139ee19c9e9a0","2026-09-21 06:33"
"sva","67a710249d75e04dff436d40","Shakazaramesh","5ef2945bbb96627c9ce5f63f","6ab10656104ebe9247ec55a6","2026-09-21 06:33"
"Nici","619512ea6e5572000187322c","Thore Stach","60b2c6420390be00015e9fa1","6ab103f7fc7d9012dad42d48","2026-09-21 06:33"
"ILIAPLONKS (YT/TTV)","623798a42965f997f04b1cc1","Salem","63af4615494c2bc27e4a2f31","6ab107bb667139ee19c9ec03","2026-09-21 06:35"
"Tjay","5ffcdd1cd5a65b0001e4713b","rileyrhino4wc2027","63b6a120ed1bf0b1b513dfb8","6ab1019c667139ee19c9d8b5","2026-09-21 06:36"
"PLK","62179a5c8e88d400010d91ea","Waluuuuuuu","6380cc417b431c1eece4916c","6ab106f0fc7d9012dad43600","2026-09-21 06:36"
"Tomm","5f343e1e90ab2f000146ef1d","Wijn.","657979f3db414bd0da540f23","6ab10718c6724dafc92a63e5","2026-09-21 06:36"
"Lodi","5788e5e5c2a0fb1304dba46c","Slam4","60927f97129054000189c279","6ab10726667139ee19c9e9dc","2026-09-21 06:36"
"Venux","601d72df848235000143965e","Skcmj","669bbdca232879fb8fd85725","6ab106c7667139ee19c9e8bc","2026-09-21 06:36"
"Palmitas","5c0450ca431965af44f4668e","ferreiro","5f126427d6ca438f24009b8e","6ab1079c104ebe9247ec5992","2026-09-21 06:36"
"Brzoza","60ababeffb1efa0001302754","Delema()()()","65869f62df3f7bea3fa1d675","6ab1077a667139ee19c9eb0d","2026-09-21 06:37"
"ShadowGrif","584b3ad09992305700ea4284","SBS21","65ee16d0c64cc3b516a9c2f1","6ab1076a104ebe9247ec590e","2026-09-21 06:37"
"Chuya","66549d4cc725af87c3aa9a34","Feneb","5dba86167e473f2408461141","6ab10839667139ee19c9edff","2026-09-21 06:38"
"ferreiro","5f126427d6ca438f24009b8e","STERYD997","602d0052e4d3e90001a21d48","6ab1088b667139ee19c9ef02","2026-09-21 06:38"
"sva","67a710249d75e04dff436d40","Shakazaramesh","5ef2945bbb96627c9ce5f63f","6ab107bac6724dafc92a65ef","2026-09-21 06:39"
"Venux","601d72df848235000143965e","Skcmj","669bbdca232879fb8fd85725","6ab10865c6724dafc92a6832","2026-09-21 06:39"
"Palmitas","5c0450ca431965af44f4668e","Slam4","60927f97129054000189c279","6ab1089f667139ee19c9ef34","2026-09-21 06:39"
"Frixy","5fe0f461f3881a0001805646","wang4wc2027(徒弟yang)","64df30f334185dd27cf839a7","6ab107dbc6724dafc92a666c","2026-09-21 06:40"
"SBS21","65ee16d0c64cc3b516a9c2f1","ferreiro","5f126427d6ca438f24009b8e","6ab108f6104ebe9247ec5d95","2026-09-21 06:40"
"まっちゃあいす","63c5614f750d5027f914c047","Zhihh","63b435e80510075fa39ac039","6ab1074c667139ee19c9ea79","2026-09-21 06:40"
"Salem","63af4615494c2bc27e4a2f31","PLK","62179a5c8e88d400010d91ea","6ab108b2104ebe9247ec5cdc","2026-09-21 06:41"
"Greasy Cheeseburger","6a594bfc4f0853294332c67f","Cansanção Blur Enjoyer","6a207295824d2054d74c3e7a","6ab107dbfc7d9012dad438af","2026-09-21 06:41"
"Asphalt","63b28cd3e615c0d497c80c1c","TEEM0","68f9fdd90f6d5f026cf9e4d8","6ab107f4fc7d9012dad438ed","2026-09-21 06:41"
"Wijn.","657979f3db414bd0da540f23","Waluuuuuuu","6380cc417b431c1eece4916c","6ab10879d863c825c3a863cc","2026-09-21 06:42"
"ზემოZemo","6374c4da3e5fd00834bf34e8","Kucerkaaa✨","66422b048e6606a3bc59724f","6ab10848fc7d9012dad439df","2026-09-21 06:42"
"ferreiro","5f126427d6ca438f24009b8e","Asphalt","63b28cd3e615c0d497c80c1c","6ab109b4fc7d9012dad43d92","2026-09-21 06:42"
"Thore Stach","60b2c6420390be00015e9fa1","polish meta slave","6623ecb7315d4d4449b8ca98","6ab1086d104ebe9247ec5c31","2026-09-21 06:42"
"Feneb","5dba86167e473f2408461141","Brzoza","60ababeffb1efa0001302754","6ab108e2c6724dafc92a696f","2026-09-21 06:43"
"Edawardz","600aa63b94b5f40001eddb27","niwai","63bcf9051465b5b236749d8f","6ab106de667139ee19c9e90b","2026-09-21 06:43"
"Greasy Cheeseburger","6a594bfc4f0853294332c67f","rileyrhino4wc2027","63b6a120ed1bf0b1b513dfb8","6ab109f0104ebe9247ec6066","2026-09-21 06:44"
"Shakazaramesh","5ef2945bbb96627c9ce5f63f","Palmitas","5c0450ca431965af44f4668e","6ab1094e104ebe9247ec5e7a","2026-09-21 06:44"
"Zhihh","63b435e80510075fa39ac039","Slam4","60927f97129054000189c279","6ab1095bfc7d9012dad43c9a","2026-09-21 06:44"
"Senty","65dc836b33066622c3ebfb88","0.03mm","692fdd96871fb5a05c4dcab0","6ab109d5667139ee19c9f350","2026-09-21 06:45"
"Palmitas","5c0450ca431965af44f4668e","Asphalt","63b28cd3e615c0d497c80c1c","6ab10a47667139ee19c9f4b4","2026-09-21 06:45"
"ferreiro","5f126427d6ca438f24009b8e","TEEM0","68f9fdd90f6d5f026cf9e4d8","6ab109e7104ebe9247ec6031","2026-09-21 06:45"
"sva","67a710249d75e04dff436d40","Edawardz","600aa63b94b5f40001eddb27","6ab10a2ac6724dafc92a6cbf","2026-09-21 06:46"
"Thore Stach","60b2c6420390be00015e9fa1","Kucerkaaa✨","66422b048e6606a3bc59724f","6ab10a00d863c825c3a8674d","2026-09-21 06:46"
"pasycat粉丝","6825e5c37465249750d5a93f","Delema()()()","65869f62df3f7bea3fa1d675","6ab10a4c667139ee19c9f4bf","2026-09-21 06:47"
"SBS21","65ee16d0c64cc3b516a9c2f1","Slam4","60927f97129054000189c279","6ab10a66720dfe7512aec351","2026-09-21 06:47"
"Tjay","5ffcdd1cd5a65b0001e4713b","L'Hank the Dawnstreak","628e0d478e5ef3a3ca163627","6ab108a1104ebe9247ec5cae","2026-09-21 06:48"
"ILIAPLONKS (YT/TTV)","623798a42965f997f04b1cc1","FEET PIC PLEASE PLEASE PLEASE","5c7d0e74f8f7fb7218489b2e","6ab10a8a104ebe9247ec6220","2026-09-21 06:48"
"gokhale","68257ab1be5b31c617f37156","Asphalt","63b28cd3e615c0d497c80c1c","6ab10a93104ebe9247ec623c","2026-09-21 06:48"
"Palmitas","5c0450ca431965af44f4668e","ferreiro","5f126427d6ca438f24009b8e","6ab10af4104ebe9247ec6350","2026-09-21 06:49"
"Zhihh","63b435e80510075fa39ac039","Skcmj","669bbdca232879fb8fd85725","6ab10a76104ebe9247ec61de","2026-09-21 06:49"
"rileyrhino4wc2027","63b6a120ed1bf0b1b513dfb8","Shakazaramesh","5ef2945bbb96627c9ce5f63f","6ab10a63c6724dafc92a6d6f","2026-09-21 06:50"
"Senty","65dc836b33066622c3ebfb88","0.03mm","692fdd96871fb5a05c4dcab0","6ab10a8b667139ee19c9f585","2026-09-21 06:50"
"Thore Stach","60b2c6420390be00015e9fa1","Kucerkaaa✨","66422b048e6606a3bc59724f","6ab10ade104ebe9247ec62ed","2026-09-21 06:50"
"Wijn.","657979f3db414bd0da540f23","𝓖𝓮𝓸~𝓲𝓽𝓮𝓻𝓯𝓪𝓬𝓲𝓸≀⑤⑧②","6550ff75cf7966cc5dfe29fe","6ab109e0667139ee19c9f370","2026-09-21 06:51"
"ზემოZemo","6374c4da3e5fd00834bf34e8","Waluuuuuuu","6380cc417b431c1eece4916c","6ab109d0fc7d9012dad43de1","2026-09-21 06:51"
"Slam4","60927f97129054000189c279","SBS21","65ee16d0c64cc3b516a9c2f1","6ab10b27667139ee19c9f779","2026-09-21 06:51"
"Asphalt","63b28cd3e615c0d497c80c1c","Kanonenkaktus","5f1c05d6a8de85000129c1ac","6ab10b53104ebe9247ec64a7","2026-09-21 06:51"
"PLK","62179a5c8e88d400010d91ea","FEET PIC PLEASE PLEASE PLEASE","5c7d0e74f8f7fb7218489b2e","6ab10b492763c861ea825dc6","2026-09-21 06:53"
"gokhale","68257ab1be5b31c617f37156","Palmitas","5c0450ca431965af44f4668e","6ab10b99667139ee19c9f8d7","2026-09-21 06:53"
"Feneb","5dba86167e473f2408461141","Delema()()()","65869f62df3f7bea3fa1d675","6ab10ba4104ebe9247ec657f","2026-09-21 06:54"
"Edawardz","600aa63b94b5f40001eddb27","earthenjoyer","662b7a543f29656f5fe5bf53","6ab10b19104ebe9247ec63db","2026-09-21 06:54"
"Coco","643efb0c135092a962eb1751","Palmitas","5c0450ca431965af44f4668e","6ab10bb2fc7d9012dad4432d","2026-09-21 06:54"
"rileyrhino4wc2027","63b6a120ed1bf0b1b513dfb8","Shakazaramesh","5ef2945bbb96627c9ce5f63f","6ab10bca667139ee19c9f965","2026-09-21 06:55"
"Kanonenkaktus","5f1c05d6a8de85000129c1ac","Asphalt","63b28cd3e615c0d497c80c1c","6ab10c03fc7d9012dad44420","2026-09-21 06:56"
"PLK","62179a5c8e88d400010d91ea","FEET PIC PLEASE PLEASE PLEASE","5c7d0e74f8f7fb7218489b2e","6ab10c7a667139ee19c9fbb6","2026-09-21 06:57"
"Waluuuuuuu","6380cc417b431c1eece4916c","ზემოZemo","6374c4da3e5fd00834bf34e8","6ab10bee104ebe9247ec663c","2026-09-21 06:57"
"Wijn.","657979f3db414bd0da540f23","sva","67a710249d75e04dff436d40","6ab10c13104ebe9247ec66c1","2026-09-21 06:58"
"PLK","62179a5c8e88d400010d91ea","zoon","6368058e5d2a405bde1b37b2","6ab10d61667139ee19c9feb4","2026-09-21 06:59"
"Lodi","5788e5e5c2a0fb1304dba46c","Palmitas","5c0450ca431965af44f4668e","6ab10c96d863c825c3a86d68","2026-09-21 06:59"
"closethejson","6a538d8dd1649cea055fe58a","Delema()()()","65869f62df3f7bea3fa1d675","6ab10cf9c6724dafc92a7459","2026-09-21 07:00"
"Shakazaramesh","5ef2945bbb96627c9ce5f63f","miniura","650ff17b12259a4cd34bd829","6ab10cedc6724dafc92a7446","2026-09-21 07:01"
"Coco","643efb0c135092a962eb1751","gokhale","68257ab1be5b31c617f37156","6ab10cccc6724dafc92a73fa","2026-09-21 07:01"
"fatslump","603e28ef0297940001b93db1","Kenji","5f2fd4348378f500019bdee0","6ab10dc1c15ecc9ec156ee5f","2026-09-21 07:01"
"Asphalt","63b28cd3e615c0d497c80c1c","el gato de black sabbath","6461c7119a20b5f06ec52445","6ab10d82104ebe9247ec6ae4","2026-09-21 07:01"
"Tjay","5ffcdd1cd5a65b0001e4713b","L'Hank the Dawnstreak","628e0d478e5ef3a3ca163627","6ab10d82104ebe9247ec6ae3","2026-09-21 07:02"
"zoon","6368058e5d2a405bde1b37b2","Feneb","5dba86167e473f2408461141","6ab10e03104ebe9247ec6cce","2026-09-21 07:02"
"daes","603a39d190c95200017e30a2","0.03mm","692fdd96871fb5a05c4dcab0","6ab10de4667139ee19ca00db","2026-09-21 07:02"
"Coco","643efb0c135092a962eb1751","Hez1tred.","68274ac83004afb088d83eac","6ab10e9bc15ecc9ec156f0ff","2026-09-21 07:04"
"Palmitas","5c0450ca431965af44f4668e","Stozzy","60c9c89f6dac91000126151b","6ab10e04667139ee19ca013d","2026-09-21 07:04"
"habesh","647734d056305f7bf5561a4e","𝓖𝓮𝓸~𝓲𝓽𝓮𝓻𝓯𝓪𝓬𝓲𝓸≀⑤⑧②","6550ff75cf7966cc5dfe29fe","6ab10c03667139ee19c9fa1f","2026-09-21 07:05"
"Wijn.","657979f3db414bd0da540f23","SBS21","65ee16d0c64cc3b516a9c2f1","6ab10dd85e1abad443078877","2026-09-21 07:05"
"ferreiro","5f126427d6ca438f24009b8e","Asphalt","63b28cd3e615c0d497c80c1c","6ab10e7f104ebe9247ec6e82","2026-09-21 07:05"
"Delema()()()","65869f62df3f7bea3fa1d675","Feneb","5dba86167e473f2408461141","6ab10e92104ebe9247ec6eb1","2026-09-21 07:06"
"daes","603a39d190c95200017e30a2","0.03mm","692fdd96871fb5a05c4dcab0","6ab10eafc15ecc9ec156f13d","2026-09-21 07:06"
"Dissonans","60e09234213b0600019d912e","zoon","6368058e5d2a405bde1b37b2","6ab10eb1c15ecc9ec156f13f","2026-09-21 07:07"
"Hez1tred.","68274ac83004afb088d83eac","0.03mm","692fdd96871fb5a05c4dcab0","6ab10f36c15ecc9ec156f2c6","2026-09-21 07:07"
"Waluuuuuuu","6380cc417b431c1eece4916c","sva","67a710249d75e04dff436d40","6ab10d91667139ee19c9ff98","2026-09-21 07:08"
"Palmitas","5c0450ca431965af44f4668e","Stozzy","60c9c89f6dac91000126151b","6ab10e04667139ee19ca013d","2026-09-21 07:08"
"Rosa","6a1c0be4723a368c92f09ba8","fatslump","603e28ef0297940001b93db1","6ab10eab667139ee19ca036b","2026-09-21 07:08"
"Jayden (Mobile)","61f149e3c24ced00015b4777","Skcmj","669bbdca232879fb8fd85725","6ab10fd0104ebe9247ec7241","2026-09-21 07:09"
"Senty","65dc836b33066622c3ebfb88","vestin","69dceeb35a65a03675bcfd7b","6ab10f77667139ee19ca05f8","2026-09-21 07:09"
"Asphalt","63b28cd3e615c0d497c80c1c","ferreiro","5f126427d6ca438f24009b8e","6ab10f40104ebe9247ec70c7","2026-09-21 07:09"
"Coco","643efb0c135092a962eb1751","KANMURU","63bcd8027039017494d42999","6ab10f0f104ebe9247ec703a","2026-09-21 07:10"
"emshanoff","60a55176895a250001d9e2d8","Feneb","5dba86167e473f2408461141","6ab10f8d104ebe9247ec7196","2026-09-21 07:11"
"Palmitas","5c0450ca431965af44f4668e","sva","67a710249d75e04dff436d40","6ab1100c104ebe9247ec7303","2026-09-21 07:11"
"s u r r e a l","5d38076c3d4b6a7f9c99292b","Figsy_Games","5e91c2303d4b6a251c171a3b","6ab10bc0667139ee19c9f949","2026-09-21 07:11"
"Delema()()()","65869f62df3f7bea3fa1d675","zoon","6368058e5d2a405bde1b37b2","6ab1100d104ebe9247ec7307","2026-09-21 07:12"
"Shakazaramesh","5ef2945bbb96627c9ce5f63f","miniura","650ff17b12259a4cd34bd829","6ab10eee104ebe9247ec6fde","2026-09-21 07:12"
"Rosa","6a1c0be4723a368c92f09ba8","Asphalt","63b28cd3e615c0d497c80c1c","6ab11041104ebe9247ec739a","2026-09-21 07:12"
"ILIAPLONKS (YT/TTV)","623798a42965f997f04b1cc1","Edawardz","600aa63b94b5f40001eddb27","6ab10cc2667139ee19c9fccb","2026-09-21 07:13"
"Wijn.","657979f3db414bd0da540f23","𝓖𝓮𝓸~𝓲𝓽𝓮𝓻𝓯𝓪𝓬𝓲𝓸≀⑤⑧②","6550ff75cf7966cc5dfe29fe","6ab10f6e667139ee19ca05cc","2026-09-21 07:13"
"Senty","65dc836b33066622c3ebfb88","ferreiro","5f126427d6ca438f24009b8e","6ab1101e667139ee19ca0849","2026-09-21 07:13"
"emshanoff","60a55176895a250001d9e2d8","Feneb","5dba86167e473f2408461141","6ab11094c15ecc9ec156f703","2026-09-21 07:14"
"Zion","643a327c90664def4616d9e7","L'Hank the Dawnstreak","628e0d478e5ef3a3ca163627","6ab10e77c6724dafc92a789d","2026-09-21 07:14"
"Waluuuuuuu","6380cc417b431c1eece4916c","Jayden (Mobile)","61f149e3c24ced00015b4777","6ab11020667139ee19ca084e","2026-09-21 07:14"
"Palmitas","5c0450ca431965af44f4668e","KANMURU","63bcd8027039017494d42999","6ab110ab104ebe9247ec7536","2026-09-21 07:15"
"ferreiro","5f126427d6ca438f24009b8e","miniura","650ff17b12259a4cd34bd829","6ab11123667139ee19ca0c14","2026-09-21 07:15"
"Pedro Sampaio","63a8b951fb73701f4020d786","Brzoza","60ababeffb1efa0001302754","6ab10a1d667139ee19c9f424","2026-09-21 07:17"
"Palmitas","5c0450ca431965af44f4668e","KANMURU","63bcd8027039017494d42999","6ab110ab104ebe9247ec7536","2026-09-21 07:17"
"GEO | RÉYYDELEONARD","6a79c3e3f107f3c95cbbea07","sva","67a710249d75e04dff436d40","6ab110d9667139ee19ca0b3f","2026-09-21 07:17"
"emshanoff","60a55176895a250001d9e2d8","Delema()()()","65869f62df3f7bea3fa1d675","6ab11156d863c825c3a87981","2026-09-21 07:18"
"miniura","650ff17b12259a4cd34bd829","0.03mm","692fdd96871fb5a05c4dcab0","6ab111d95e1abad44307935f","2026-09-21 07:18"
"ferreiro","5f126427d6ca438f24009b8e","Cunctor","661822edf35b9c71ad4dd601","6ab111ba667139ee19ca0de1","2026-09-21 07:18"
"Senty","65dc836b33066622c3ebfb88","𝓖𝓮𝓸~𝓲𝓽𝓮𝓻𝓯𝓪𝓬𝓲𝓸≀⑤⑧②","6550ff75cf7966cc5dfe29fe","6ab1115fc15ecc9ec156f927","2026-09-21 07:19"
"Hez1tred.","68274ac83004afb088d83eac","Asphalt","63b28cd3e615c0d497c80c1c","6ab1113b104ebe9247ec76aa","2026-09-21 07:19"
"Delema()()()","65869f62df3f7bea3fa1d675","emshanoff","60a55176895a250001d9e2d8","6ab1124c667139ee19ca0fd7","2026-09-21 07:20"
"Rosa","6a1c0be4723a368c92f09ba8","GeoMoustachu","651d92713240ad2224dd0e2a","6ab11156c15ecc9ec156f90a","2026-09-21 07:20"
"Palmitas","5c0450ca431965af44f4668e","JujuMan","68c2ae1b906bbc1e0b8e63e2","6ab1119bd863c825c3a87a3f","2026-09-21 07:21"
"Feneb","5dba86167e473f2408461141","ILIAPLONKS (YT/TTV)","623798a42965f997f04b1cc1","6ab1119b104ebe9247ec77b5","2026-09-21 07:22"
"Waluuuuuuu","6380cc417b431c1eece4916c","Jayden (Mobile)","61f149e3c24ced00015b4777","6ab11168667139ee19ca0cea","2026-09-21 07:22"
"Stozzy","60c9c89f6dac91000126151b","Molnaar","603790aa67954300019e2859","6ab112affc7d9012dad45681","2026-09-21 07:22"
"Greasy Cheeseburger","6a594bfc4f0853294332c67f","Senty","65dc836b33066622c3ebfb88","6ab112cf104ebe9247ec7b16","2026-09-21 07:23"
"miniura","650ff17b12259a4cd34bd829","fatslump","603e28ef0297940001b93db1","6ab11255104ebe9247ec79ab","2026-09-21 07:23"
"Delema()()()","65869f62df3f7bea3fa1d675","emshanoff","60a55176895a250001d9e2d8","6ab112b2104ebe9247ec7ac2","2026-09-21 07:24"
"Edawardz","600aa63b94b5f40001eddb27","Wijn.","657979f3db414bd0da540f23","6ab11130d863c825c3a87924","2026-09-21 07:24"
"Waluuuuuuu","6380cc417b431c1eece4916c","Jayden (Mobile)","61f149e3c24ced00015b4777","6ab11333667139ee19ca12c8","2026-09-21 07:24"
"ferreiro","5f126427d6ca438f24009b8e","Cunctor","661822edf35b9c71ad4dd601","6ab11259c15ecc9ec156fb94","2026-09-21 07:24"
"JujuMan","68c2ae1b906bbc1e0b8e63e2","Kucerkaaa✨","66422b048e6606a3bc59724f","6ab11331667139ee19ca12bc","2026-09-21 07:25"
"ShadowGrif","584b3ad09992305700ea4284","Palmitas","5c0450ca431965af44f4668e","6ab11215667139ee19ca0f28","2026-09-21 07:25"
"𝓖𝓮𝓸~𝓲𝓽𝓮𝓻𝓯𝓪𝓬𝓲𝓸≀⑤⑧②","6550ff75cf7966cc5dfe29fe","Cassosclub","65a7c8563d08098ae0def9f9","6ab11295c6724dafc92a8285","2026-09-21 07:26"
"ferreiro","5f126427d6ca438f24009b8e","Senty","65dc836b33066622c3ebfb88","6ab113bffc7d9012dad45a03","2026-09-21 07:26"
"ILIAPLONKS (YT/TTV)","623798a42965f997f04b1cc1","Wijn.","657979f3db414bd0da540f23","6ab1141c104ebe9247ec7f83","2026-09-21 07:27"
"Ripailloux","5f05fde774184e2f78733b0b","L'Hank the Dawnstreak","628e0d478e5ef3a3ca163627","6ab1114dc6724dafc92a7fa3","2026-09-21 07:27"
"KANMURU","63bcd8027039017494d42999","Asphalt","63b28cd3e615c0d497c80c1c","6ab1129b667139ee19ca10cc","2026-09-21 07:27"
"Tjay","5ffcdd1cd5a65b0001e4713b","habesh","647734d056305f7bf5561a4e","6ab10f9a667139ee19ca0675","2026-09-21 07:28"
"mav1land","63f4a2bda13ee3ab588d6275","Greasy Cheeseburger","6a594bfc4f0853294332c67f","6ab113d3c15ecc9ec15700fb","2026-09-21 07:28"
"Palmitas","5c0450ca431965af44f4668e","vestin","69dceeb35a65a03675bcfd7b","6ab11435667139ee19ca16c8","2026-09-21 07:28"
"Palmitas","5c0450ca431965af44f4668e","vestin","69dceeb35a65a03675bcfd7b","6ab11435667139ee19ca16c8","2026-09-21 07:29"
"Slam4","60927f97129054000189c279","Vito (washed) #freePalmitas","62f41c98963a683db2086002","6ab1135ac15ecc9ec156feec","2026-09-21 07:29"
"MaxJoker84","658c1a04945350bcd1f47aca","Wijn.","657979f3db414bd0da540f23","6ab11491667139ee19ca17e2","2026-09-21 07:30"
"emshanoff","60a55176895a250001d9e2d8","Feneb","5dba86167e473f2408461141","6ab113a1667139ee19ca14b6","2026-09-21 07:31"
"Shakazaramesh","5ef2945bbb96627c9ce5f63f","ymot","5c296804097d019c9053201b","6ab114935e1abad443079a4c","2026-09-21 07:31"
"Gonçalo","60477d3ef15a270001e1bb0c","Kuchen","633e8c870607afb40b3322f6","6ab11425104ebe9247ec7f94","2026-09-21 07:32"
"Palmitas","5c0450ca431965af44f4668e","Wijn.","657979f3db414bd0da540f23","6ab11531c15ecc9ec157056e","2026-09-21 07:32"
"Luxus","64d905c29860ac321bb0ddc5","Rosa","6a1c0be4723a368c92f09ba8","6ab112edfc7d9012dad4571d","2026-09-21 07:32"
"KANMURU","63bcd8027039017494d42999","JujuMan","68c2ae1b906bbc1e0b8e63e2","6ab11459c6724dafc92a8793","2026-09-21 07:32"
"pan","5ff3206bbc4e8c00013e4b25","Orion","5d691c90e9473f7c4058e6a5","6ab112a0104ebe9247ec7a88","2026-09-21 07:33"
"Brzoza","60ababeffb1efa0001302754","Zion","643a327c90664def4616d9e7","6ab1121d104ebe9247ec78ed","2026-09-21 07:33"
"miniura","650ff17b12259a4cd34bd829","Stozzy","60c9c89f6dac91000126151b","6ab113add863c825c3a87f82","2026-09-21 07:33"
"Wijn.","657979f3db414bd0da540f23","Palmitas","5c0450ca431965af44f4668e","6ab11594104ebe9247ec83aa","2026-09-21 07:34"
"𝓖𝓮𝓸~𝓲𝓽𝓮𝓻𝓯𝓪𝓬𝓲𝓸≀⑤⑧②","6550ff75cf7966cc5dfe29fe","Senty","65dc836b33066622c3ebfb88","6ab11446667139ee19ca16f3","2026-09-21 07:34"
"Edawardz","600aa63b94b5f40001eddb27","Waluuuuuuu","6380cc417b431c1eece4916c","6ab113d0c15ecc9ec15700f6","2026-09-21 07:35"
"Greasy Cheeseburger","6a594bfc4f0853294332c67f","Palmitas","5c0450ca431965af44f4668e","6ab114c5667139ee19ca1897","2026-09-21 07:35"
"KANMURU","63bcd8027039017494d42999","JujuMan","68c2ae1b906bbc1e0b8e63e2","6ab115a6d863c825c3a88568","2026-09-21 07:35"
"Ripailloux","5f05fde774184e2f78733b0b","L'Hank the Dawnstreak","628e0d478e5ef3a3ca163627","6ab11496667139ee19ca17ed","2026-09-21 07:36"
"ulquiora","66159d055967919df66cf9c0","ferreiro","5f126427d6ca438f24009b8e","6ab11566c15ecc9ec1570613","2026-09-21 07:36"
"ILIAPLONKS (YT/TTV)","623798a42965f997f04b1cc1","Feneb","5dba86167e473f2408461141","6ab11549667139ee19ca1a69","2026-09-21 07:37"
"Palmitas","5c0450ca431965af44f4668e","gnaonu","6a85bf90321b3548ea5f35c0","6ab11638c15ecc9ec1570910","2026-09-21 07:37"
"Orion","5d691c90e9473f7c4058e6a5","Delema()()()","65869f62df3f7bea3fa1d675","6ab1160e9a4e73f8f92cb35c","2026-09-21 07:38"
"habesh","647734d056305f7bf5561a4e","Tjay","5ffcdd1cd5a65b0001e4713b","6ab114ec104ebe9247ec81b6","2026-09-21 07:38"
"Wijn.","657979f3db414bd0da540f23","gnaonu","6a85bf90321b3548ea5f35c0","6ab1161e667139ee19ca1e3a","2026-09-21 07:38"
"Brzoza","60ababeffb1efa0001302754","Kuchen","633e8c870607afb40b3322f6","6ab115c7d863c825c3a885cd","2026-09-21 07:40"
"ShadowGrif","584b3ad09992305700ea4284","Senty","65dc836b33066622c3ebfb88","6ab11607c15ecc9ec1570884","2026-09-21 07:40"
"Orion","5d691c90e9473f7c4058e6a5","Delema()()()","65869f62df3f7bea3fa1d675","6ab11703104ebe9247ec887d","2026-09-21 07:41"
"Feneb","5dba86167e473f2408461141","Greasy Cheeseburger","6a594bfc4f0853294332c67f","6ab116f5667139ee19ca20e2","2026-09-21 07:41"
"Shakazaramesh","5ef2945bbb96627c9ce5f63f","ymot","5c296804097d019c9053201b","6ab1158bc15ecc9ec1570689","2026-09-21 07:41"
"Palmitas","5c0450ca431965af44f4668e","ulquiora","66159d055967919df66cf9c0","6ab1169c667139ee19ca1fbc","2026-09-21 07:41"
"KANMURU","63bcd8027039017494d42999","menthol.mike","5d78b0cc1d19ab6f7052d8b9","6ab11712c15ecc9ec1570b35","2026-09-21 07:41"
"ferreiro","5f126427d6ca438f24009b8e","gnaonu","6a85bf90321b3548ea5f35c0","6ab116cd667139ee19ca206f","2026-09-21 07:41"
"Kuchen","633e8c870607afb40b3322f6","Brzoza","60ababeffb1efa0001302754","6ab1179c667139ee19ca237e","2026-09-21 07:44"
"Jonas","661ad4c4073f663c21b57fe6","rileyrhino4wc2027","63b6a120ed1bf0b1b513dfb8","6ab1176bfc7d9012dad46372","2026-09-21 07:44"
"Edawardz","600aa63b94b5f40001eddb27","Waluuuuuuu","6380cc417b431c1eece4916c","6ab11648c15ecc9ec157093c","2026-09-21 07:44"
"Ripailloux","5f05fde774184e2f78733b0b","L'Hank the Dawnstreak","628e0d478e5ef3a3ca163627","6ab116cf104ebe9247ec8803","2026-09-21 07:44"
"gnaonu","6a85bf90321b3548ea5f35c0","Greasy Cheeseburger","6a594bfc4f0853294332c67f","6ab117b1c15ecc9ec1570cdd","2026-09-21 07:44"
"ulquiora","66159d055967919df66cf9c0","ferreiro","5f126427d6ca438f24009b8e","6ab117d1104ebe9247ec8aee","2026-09-21 07:44"
"Stozzy","60c9c89f6dac91000126151b","Nici","619512ea6e5572000187322c","6ab115de9a4e73f8f92cb254","2026-09-21 07:44"
"Senty","65dc836b33066622c3ebfb88","Wijn.","657979f3db414bd0da540f23","6ab117a8c6724dafc92a909c","2026-09-21 07:45"
"s7ymon.","689dea76e80ba00f3a8dbdc1","Gonçalo","60477d3ef15a270001e1bb0c","6ab1185a104ebe9247ec8cec","2026-09-21 07:47"
"sk 愛","666b76089d20c1dd39ec810c","PechSP","5e9662142ad6cfadc8e2db9d","6ab1175ac15ecc9ec1570be4","2026-09-21 07:47"
"Brzoza","60ababeffb1efa0001302754","koekemonster","602ea9c05fa0b100010db2b3","6ab11868667139ee19ca2683","2026-09-21 07:47"
"gnaonu","6a85bf90321b3548ea5f35c0","Wijn.","657979f3db414bd0da540f23","6ab118abc15ecc9ec1570ffd","2026-09-21 07:47"
"ulquiora","66159d055967919df66cf9c0","ferreiro","5f126427d6ca438f24009b8e","6ab11883667139ee19ca26eb","2026-09-21 07:47"
"Salem","63af4615494c2bc27e4a2f31","Feneb","5dba86167e473f2408461141","6ab117fad863c825c3a88ba1","2026-09-21 07:48"
"L'Hank the Dawnstreak","628e0d478e5ef3a3ca163627","Waluuuuuuu","6380cc417b431c1eece4916c","6ab1186b667139ee19ca26a1","2026-09-21 07:48"
"mav1land","63f4a2bda13ee3ab588d6275","gnaonu","6a85bf90321b3548ea5f35c0","6ab117d2104ebe9247ec8af4","2026-09-21 07:48"
"menthol.mike","5d78b0cc1d19ab6f7052d8b9","KANMURU","63bcd8027039017494d42999","6ab117b6d863c825c3a88ae1","2026-09-21 07:48"
"Delema()()()","65869f62df3f7bea3fa1d675","Orion","5d691c90e9473f7c4058e6a5","6ab117af104ebe9247ec8a70","2026-09-21 07:49"
"Jonas","661ad4c4073f663c21b57fe6","emshanoff","60a55176895a250001d9e2d8","6ab118d2667139ee19ca27fb","2026-09-21 07:50"
"koekemonster","602ea9c05fa0b100010db2b3","gnaonu","6a85bf90321b3548ea5f35c0","6ab1194f104ebe9247ec9035","2026-09-21 07:50"
"ymot","5c296804097d019c9053201b","Shakazaramesh","5ef2945bbb96627c9ce5f63f","6ab11827104ebe9247ec8c17","2026-09-21 07:50"
"ulquiora","66159d055967919df66cf9c0","Wijn.","657979f3db414bd0da540f23","6ab1197a104ebe9247ec90ce","2026-09-21 07:50"
"Kenji","5f2fd4348378f500019bdee0","れい（Rey）","6444afc0c30fa09317b315fc","6ab118c4667139ee19ca27d0","2026-09-21 07:50"
"Kuchen","633e8c870607afb40b3322f6","PechSP","5e9662142ad6cfadc8e2db9d","6ab11906667139ee19ca28a9","2026-09-21 07:52"
"Feneb","5dba86167e473f2408461141","Salem","63af4615494c2bc27e4a2f31","6ab1197a667139ee19ca2a50","2026-09-21 07:52"
"asiacwan","61ea87207c1a7800014fb30d","LP","607c59afb15d75000193fc94","6ab1184dc15ecc9ec1570ee0","2026-09-21 07:52"
"まっちゃあいす","63c5614f750d5027f914c047","0.03mm","692fdd96871fb5a05c4dcab0","6ab1181a667139ee19ca2566","2026-09-21 07:52"
"emshanoff","60a55176895a250001d9e2d8","sk 愛","666b76089d20c1dd39ec810c","6ab119cdd863c825c3a890de","2026-09-21 07:53"
"Magnus","679395e4205fcbaaa18ff360","Zion","643a327c90664def4616d9e7","6ab11632c6724dafc92a8cf5","2026-09-21 07:53"
"mav1land","63f4a2bda13ee3ab588d6275","Wijn.","657979f3db414bd0da540f23","6ab119c7667139ee19ca2b82","2026-09-21 07:53"
"asiacwan","61ea87207c1a7800014fb30d","ulquiora","66159d055967919df66cf9c0","6ab11a47c6724dafc92a9871","2026-09-21 07:53"
"earthenjoyer","662b7a543f29656f5fe5bf53","koekemonster","602ea9c05fa0b100010db2b3","6ab119efc15ecc9ec15713c6","2026-09-21 07:54"
"Shakazaramesh","5ef2945bbb96627c9ce5f63f","gnaonu","6a85bf90321b3548ea5f35c0","6ab119e9667139ee19ca2c01","2026-09-21 07:54"
"JujuMan","68c2ae1b906bbc1e0b8e63e2","polish meta slave","6623ecb7315d4d4449b8ca98","6ab119e0c15ecc9ec157139c","2026-09-21 07:55"
"Orion","5d691c90e9473f7c4058e6a5","Delema()()()","65869f62df3f7bea3fa1d675","6ab119a4c15ecc9ec15712d2","2026-09-21 07:56"
"Kuchen","633e8c870607afb40b3322f6","Feneb","5dba86167e473f2408461141","6ab11a67104ebe9247ec93bc","2026-09-21 07:56"
"Gonçalo","60477d3ef15a270001e1bb0c","s7ymon.","689dea76e80ba00f3a8dbdc1","6ab119529a4e73f8f92cbba1","2026-09-21 07:57"
"mav1land","63f4a2bda13ee3ab588d6275","asiacwan","61ea87207c1a7800014fb30d","6ab11ab5667139ee19ca2e89","2026-09-21 07:57"
"koekemonster","602ea9c05fa0b100010db2b3","earthenjoyer","662b7a543f29656f5fe5bf53","6ab11ad7c6724dafc92a9a51","2026-09-21 07:58"
"ulquiora","66159d055967919df66cf9c0","Wijn.","657979f3db414bd0da540f23","6ab11a9e104ebe9247ec946a","2026-09-21 07:58"
"まっちゃあいす","63c5614f750d5027f914c047","Stozzy","60c9c89f6dac91000126151b","6ab11a65104ebe9247ec93b8","2026-09-21 07:58"
"Kenji","5f2fd4348378f500019bdee0","れい（Rey）","6444afc0c30fa09317b315fc","6ab11a0cc15ecc9ec1571400","2026-09-21 07:58"
"sk 愛","666b76089d20c1dd39ec810c","Shakazaramesh","5ef2945bbb96627c9ce5f63f","6ab11b38104ebe9247ec9656","2026-09-21 07:59"
"gnaonu","6a85bf90321b3548ea5f35c0","mav1land","63f4a2bda13ee3ab588d6275","6ab11b8a667139ee19ca3141","2026-09-21 07:59"
"Waluuuuuuu","6380cc417b431c1eece4916c","menthol.mike","5d78b0cc1d19ab6f7052d8b9","6ab119a0c15ecc9ec15712ca","2026-09-21 07:59"
"Wolfgoon Auramadeus Moggzart","64a4686ecd74917a4fabee03","Feneb","5dba86167e473f2408461141","6ab11b55667139ee19ca3098","2026-09-21 08:00"
"Ripailloux","5f05fde774184e2f78733b0b","Brzoza","60ababeffb1efa0001302754","6ab11921667139ee19ca2922","2026-09-21 08:00"
"gnaonu","6a85bf90321b3548ea5f35c0","mav1land","63f4a2bda13ee3ab588d6275","6ab11b8a667139ee19ca3141","2026-09-21 08:00"
"asiacwan","61ea87207c1a7800014fb30d","gnaonu","6a85bf90321b3548ea5f35c0","6ab11ba0667139ee19ca31ac","2026-09-21 08:00"
"Clement","635c171d190621fb60d8bb08","earthenjoyer","662b7a543f29656f5fe5bf53","6ab11bac104ebe9247ec9793","2026-09-21 08:01"
"KANMURU","63bcd8027039017494d42999","Venux","601d72df848235000143965e","6ab11b6c667139ee19ca30e1","2026-09-21 08:01"
"ferreiro","5f126427d6ca438f24009b8e","Wijn.","657979f3db414bd0da540f23","6ab11be0c15ecc9ec15718f9","2026-09-21 08:01"
"sebastian","667d87ca8401bca3fee14649","Delema()()()","65869f62df3f7bea3fa1d675","6ab11b6a667139ee19ca30dd","2026-09-21 08:03"
"mav1land","63f4a2bda13ee3ab588d6275","gnaonu","6a85bf90321b3548ea5f35c0","6ab11c39667139ee19ca33ad","2026-09-21 08:03"
"s7ymon.","689dea76e80ba00f3a8dbdc1","Orion","5d691c90e9473f7c4058e6a5","6ab11b77667139ee19ca3105","2026-09-21 08:04"
"gnaonu","6a85bf90321b3548ea5f35c0","asiacwan","61ea87207c1a7800014fb30d","6ab11c46667139ee19ca33d5","2026-09-21 08:04"
"Wijn.","657979f3db414bd0da540f23","Gangooo | Jan","5c692ddbfa7cd6698082d404","6ab11ca9fc7d9012dad471eb","2026-09-21 08:04"
"koekemonster","602ea9c05fa0b100010db2b3","Feneb","5dba86167e473f2408461141","6ab11c14c15ecc9ec1571952","2026-09-21 08:05"
"Waluuuuuuu","6380cc417b431c1eece4916c","Shakazaramesh","5ef2945bbb96627c9ce5f63f","6ab11c03c6724dafc92a9d83","2026-09-21 08:05"
"koekemonster","602ea9c05fa0b100010db2b3","Feneb","5dba86167e473f2408461141","6ab11d5bc6724dafc92aa1c4","2026-09-21 08:08"
"L'Hank the Dawnstreak","628e0d478e5ef3a3ca163627","Ripailloux","5f05fde774184e2f78733b0b","6ab11c6b667139ee19ca3485","2026-09-21 08:09"
"Waluuuuuuu","6380cc417b431c1eece4916c","Shakazaramesh","5ef2945bbb96627c9ce5f63f","6ab11d53667139ee19ca37d6","2026-09-21 08:09"
"gnaonu","6a85bf90321b3548ea5f35c0","kstyko","5ead136297d6cf24a42b1ef4","6ab11dd8104ebe9247ec9ee0","2026-09-21 08:09"
"まっちゃあいす","63c5614f750d5027f914c047","Kucerkaaa✨","66422b048e6606a3bc59724f","6ab11dc6c6724dafc92aa329","2026-09-21 08:09"
"gnaonu","6a85bf90321b3548ea5f35c0","mav1land","63f4a2bda13ee3ab588d6275","6ab11de1c15ecc9ec1571f4c","2026-09-21 08:10"
"Wijn.","657979f3db414bd0da540f23","asiacwan","61ea87207c1a7800014fb30d","6ab11d4bc6724dafc92aa190","2026-09-21 08:10"
"Clement","635c171d190621fb60d8bb08","Gonçalo","60477d3ef15a270001e1bb0c","6ab11c8f667139ee19ca34fb","2026-09-21 08:11"
"Kuchen","633e8c870607afb40b3322f6","Brzoza","60ababeffb1efa0001302754","6ab11c39667139ee19ca33ac","2026-09-21 08:12"
"gnaonu","6a85bf90321b3548ea5f35c0","17","6028ad57f227ff0001b8b01e","6ab11e99667139ee19ca3cf2","2026-09-21 08:12"
"kstyko","5ead136297d6cf24a42b1ef4","asiacwan","61ea87207c1a7800014fb30d","6ab11e77fc7d9012dad477be","2026-09-21 08:13"
"Feneb","5dba86167e473f2408461141","koekemonster","602ea9c05fa0b100010db2b3","6ab11df5104ebe9247ec9f3f","2026-09-21 08:14"
"mav1land","63f4a2bda13ee3ab588d6275","gnaonu","6a85bf90321b3548ea5f35c0","6ab11f125e41ed3296c23924","2026-09-21 08:15"
"remember my name","6a5776b9557fa0b8070897d7","Max","5f847db332173400011b50bb","6ab11efe5e1abad44307b64d","2026-09-21 08:15"
"17","6028ad57f227ff0001b8b01e","ulquiora","66159d055967919df66cf9c0","6ab11f405e41ed3296c2396f","2026-09-21 08:17"
"Shakazaramesh","5ef2945bbb96627c9ce5f63f","Wijn.","657979f3db414bd0da540f23","6ab11e76667139ee19ca3c6a","2026-09-21 08:17"
"tripleJJJ","606746dda95f2c00017f9ecd","KANMURU","63bcd8027039017494d42999","6ab11ecf667139ee19ca3dfc","2026-09-21 08:17"
"gnaonu","6a85bf90321b3548ea5f35c0","koekemonster","602ea9c05fa0b100010db2b3","6ab11fc2c95d8ecb249849dc","2026-09-21 08:19"
"kstyko","5ead136297d6cf24a42b1ef4","Senty","65dc836b33066622c3ebfb88","6ab11f62772c8c0752c0a86b","2026-09-21 08:19"
"remember my name","6a5776b9557fa0b8070897d7","ulquiora","66159d055967919df66cf9c0","6ab120175e41ed3296c23c67","2026-09-21 08:19"
"Orion","5d691c90e9473f7c4058e6a5","plotter","674c4756fb60b9f111e6e0b4","6ab11e185e1abad44307b3e1","2026-09-21 08:20"
"Kotik :3","6a69e0dcac05d4a8aa4819fb","ferreiro","5f126427d6ca438f24009b8e","6ab11ff5772c8c0752c0a9ad","2026-09-21 08:20"
"Feneb","5dba86167e473f2408461141","maks","6414d29eb61bfefd9d16461e","6ab11f5c370153a062a33313","2026-09-21 08:22"
"r.","68261ad84859ebc8db2448a4","mav1land","63f4a2bda13ee3ab588d6275","6ab1206761081a16c9b1f51d","2026-09-21 08:22"
"ulquiora","66159d055967919df66cf9c0","remember my name","6a5776b9557fa0b8070897d7","6ab120a7965558c11b9ac879","2026-09-21 08:22"
"Jakub","5bef0f16fa37262f1c2c2d68","Senty","65dc836b33066622c3ebfb88","6ab1208a772c8c0752c0aae1","2026-09-21 08:22"
"Waluuuuuuu","6380cc417b431c1eece4916c","Jerzy Kirkowski","5ecbdec18d6ade72cc832c5a","6ab11e52667139ee19ca3bf8","2026-09-21 08:23"
"pisanico","5e59788312777c09acb5f77f","LP","607c59afb15d75000193fc94","6ab11db6c15ecc9ec1571ebe","2026-09-21 08:23"
"kstyko","5ead136297d6cf24a42b1ef4","FMC","638348f8910c9ca0fbb4fa15","6ab120f1c95d8ecb24984cf3","2026-09-21 08:24"
"Shakazaramesh","5ef2945bbb96627c9ce5f63f","Wijn.","657979f3db414bd0da540f23","6ab120385e41ed3296c23caf","2026-09-21 08:25"
"Venux","601d72df848235000143965e","I feel like Pablo","62e80280787f2c0e6c75464b","6ab11e37fc7d9012dad476f8","2026-09-21 08:25"
"Kotik :3","6a69e0dcac05d4a8aa4819fb","Senty","65dc836b33066622c3ebfb88","6ab121415e41ed3296c23fa3","2026-09-21 08:25"
"Pedro Sampaio","63a8b951fb73701f4020d786","Brzoza","60ababeffb1efa0001302754","6ab11ee3667139ee19ca3e48","2026-09-21 08:27"
"Elcu","633102d69d4a5044970cce21","gnaonu","6a85bf90321b3548ea5f35c0","6ab1209e61081a16c9b1f5a2","2026-09-21 08:27"
"JackieD","699ea675453f70c93bb1a662","Саня Кувалда","69497a7fe444ec4872bca620","6ab121e3772c8c0752c0ae0e","2026-09-21 08:27"
"ulquiora","66159d055967919df66cf9c0","remember my name","6a5776b9557fa0b8070897d7","6ab1216c61081a16c9b1f7b7","2026-09-21 08:28"
"maks","6414d29eb61bfefd9d16461e","Feneb","5dba86167e473f2408461141","6ab121695e41ed3296c2401e","2026-09-21 08:29"
"mav1land","63f4a2bda13ee3ab588d6275","Jerzy Kirkowski","5ecbdec18d6ade72cc832c5a","6ab1219eb23a3640f7ad037e","2026-09-21 08:29"
"Kuchen","633e8c870607afb40b3322f6","Clement","635c171d190621fb60d8bb08","6ab11f2fb23a3640f7acfe2e","2026-09-21 08:30"
"Zion","643a327c90664def4616d9e7","Ripailloux","5f05fde774184e2f78733b0b","6ab11e61104ebe9247eca090","2026-09-21 08:30"
"Delema()()()","65869f62df3f7bea3fa1d675","Wolfgoon Auramadeus Moggzart","64a4686ecd74917a4fabee03","6ab121cb5e41ed3296c24102","2026-09-21 08:31"
"FMC","638348f8910c9ca0fbb4fa15","Shakazaramesh","5ef2945bbb96627c9ce5f63f","6ab121fb5e41ed3296c24195","2026-09-21 08:31"
"ulquiora","66159d055967919df66cf9c0","remember my name","6a5776b9557fa0b8070897d7","6ab122af965558c11b9acd43","2026-09-21 08:31"
"Loars_","67c023fa843f4449095fd251","Kotik :3","6a69e0dcac05d4a8aa4819fb","6ab122375e41ed3296c24245","2026-09-21 08:31"
"Orion","5d691c90e9473f7c4058e6a5","plotter","674c4756fb60b9f111e6e0b4","6ab1210516746f5945ebe44a","2026-09-21 08:32"
"Delema()()()","65869f62df3f7bea3fa1d675","Wolfgoon Auramadeus Moggzart","64a4686ecd74917a4fabee03","6ab123625e41ed3296c24591","2026-09-21 08:33"
"KANMURU","63bcd8027039017494d42999","Wijn.","657979f3db414bd0da540f23","6ab12202772c8c0752c0ae5b","2026-09-21 08:33"
"JackieD","699ea675453f70c93bb1a662","Jerzy Kirkowski","5ecbdec18d6ade72cc832c5a","6ab122f4772c8c0752c0b063","2026-09-21 08:33"
"Feneb","5dba86167e473f2408461141","mav1land","63f4a2bda13ee3ab588d6275","6ab122fcc95d8ecb249852a2","2026-09-21 08:34"
"자인 ZAYN","6a6de7aa5b1112f7360cefc2","ferreiro","5f126427d6ca438f24009b8e","6ab1237e61081a16c9b1fce6","2026-09-21 08:34"
"ulquiora","66159d055967919df66cf9c0","Jerzy Kirkowski","5ecbdec18d6ade72cc832c5a","6ab123d861081a16c9b1fdf1","2026-09-21 08:34"
"Loars_","67c023fa843f4449095fd251","Kotik :3","6a69e0dcac05d4a8aa4819fb","6ab1239b5e41ed3296c2461f","2026-09-21 08:34"
"gnaonu","6a85bf90321b3548ea5f35c0","Brzoza","60ababeffb1efa0001302754","6ab12290c95d8ecb24985146","2026-09-21 08:36"
"astrocaryum aculeatum","6527803eee6d63190219c754","Figsy_Games","5e91c2303d4b6a251c171a3b","6ab1229161081a16c9b1fa88","2026-09-21 08:37"
"daes","603a39d190c95200017e30a2","remember my name","6a5776b9557fa0b8070897d7","6ab1237fb23a3640f7ad078c","2026-09-21 08:38"
"Delema()()()","65869f62df3f7bea3fa1d675","Wolfgoon Auramadeus Moggzart","64a4686ecd74917a4fabee03","6ab1241561081a16c9b1feba","2026-09-21 08:39"
"maks","6414d29eb61bfefd9d16461e","wang4wc2027(徒弟yang)","64df30f334185dd27cf839a7","6ab12339b23a3640f7ad06fe","2026-09-21 08:39"
"Venux","601d72df848235000143965e","Jerzy Kirkowski","5ecbdec18d6ade72cc832c5a","6ab124215e41ed3296c2479f","2026-09-21 08:39"
"kstyko","5ead136297d6cf24a42b1ef4","mav1land","63f4a2bda13ee3ab588d6275","6ab12455c95d8ecb249856a1","2026-09-21 08:40"
"Sebo586","6484d6c62835b90b9cd9297c","N","69d24347f45ed875a0ac1930","6ab1253961081a16c9b20198","2026-09-21 08:40"
"Wijn.","657979f3db414bd0da540f23","Jakub","5bef0f16fa37262f1c2c2d68","6ab123eec95d8ecb24985551","2026-09-21 08:40"
"しよえ　Shiyoe","6375a42d001fcb9df8d226d9","Feneb","5dba86167e473f2408461141","6ab1241d772c8c0752c0b2fa","2026-09-21 08:41"
"gnaonu","6a85bf90321b3548ea5f35c0","Brzoza","60ababeffb1efa0001302754","6ab1249bc95d8ecb249857a0","2026-09-21 08:41"
"gokhale","68257ab1be5b31c617f37156","asiacwan","61ea87207c1a7800014fb30d","6ab125a4b23a3640f7ad0cdf","2026-09-21 08:41"
"Clement","635c171d190621fb60d8bb08","maks","6414d29eb61bfefd9d16461e","6ab125a75e41ed3296c24cab","2026-09-21 08:43"
"kstyko","5ead136297d6cf24a42b1ef4","Wolfgoon Auramadeus Moggzart","64a4686ecd74917a4fabee03","6ab125a0c95d8ecb24985abc","2026-09-21 08:43"
"Aaryan22","657021f7412bfd95aad62550","Shakazaramesh","5ef2945bbb96627c9ce5f63f","6ab1236dc95d8ecb249853ee","2026-09-21 08:43"
"KANMURU","63bcd8027039017494d42999","menthol.mike","5d78b0cc1d19ab6f7052d8b9","6ab1248bc95d8ecb2498575d","2026-09-21 08:43"
"Stasso","6265811326596f313a87fd07","Jakub","5bef0f16fa37262f1c2c2d68","6ab125a35e41ed3296c24ca1","2026-09-21 08:43"
"remember my name","6a5776b9557fa0b8070897d7","Kotik :3","6a69e0dcac05d4a8aa4819fb","6ab1253f61081a16c9b201a8","2026-09-21 08:43"
"FAST66","68fe3a19704e6ee9db9c333a","Delema()()()","65869f62df3f7bea3fa1d675","6ab125cd61081a16c9b2032c","2026-09-21 08:44"
"gnaonu","6a85bf90321b3548ea5f35c0","gokhale","68257ab1be5b31c617f37156","6ab125de61081a16c9b2035b","2026-09-21 08:44"
"ulquiora","66159d055967919df66cf9c0","ferreiro","5f126427d6ca438f24009b8e","6ab1254c857d1f852092734f","2026-09-21 08:44"
"SBS21","65ee16d0c64cc3b516a9c2f1","Skcmj","669bbdca232879fb8fd85725","6ab125acc95d8ecb24985ae3","2026-09-21 08:44"
"Feneb","5dba86167e473f2408461141","Brzoza","60ababeffb1efa0001302754","6ab125db61081a16c9b2034e","2026-09-21 08:46"
"r.","68261ad84859ebc8db2448a4","mav1land","63f4a2bda13ee3ab588d6275","6ab1257b772c8c0752c0b60d","2026-09-21 08:46"
"Stasso","6265811326596f313a87fd07","ferreiro","5f126427d6ca438f24009b8e","6ab12681b23a3640f7ad0edd","2026-09-21 08:46"
"Clement","635c171d190621fb60d8bb08","maks","6414d29eb61bfefd9d16461e","6ab1267361081a16c9b204fa","2026-09-21 08:47"
"17","6028ad57f227ff0001b8b01e","Reynardo","619e21dbcd59be0001df98df","6ab12020965558c11b9ac75b","2026-09-21 08:47"
"astrocaryum aculeatum","6527803eee6d63190219c754","Figsy_Games","5e91c2303d4b6a251c171a3b","6ab1250f370153a062a340c1","2026-09-21 08:47"
"ulquiora","66159d055967919df66cf9c0","mav1land","63f4a2bda13ee3ab588d6275","6ab126e2772c8c0752c0b90a","2026-09-21 08:47"
"しよえ　Shiyoe","6375a42d001fcb9df8d226d9","Shakazaramesh","5ef2945bbb96627c9ce5f63f","6ab1263e61081a16c9b20458","2026-09-21 08:48"
"Venux","601d72df848235000143965e","Jerzy Kirkowski","5ecbdec18d6ade72cc832c5a","6ab125515e41ed3296c24b99","2026-09-21 08:48"
"Galette","5c30cf1ddfdaaa1a24324e72","InfidelFiddler","64491466c22a35f95ce5f682","6ab1257561081a16c9b2023d","2026-09-21 08:48"
"17","6028ad57f227ff0001b8b01e","Salem","63af4615494c2bc27e4a2f31","6ab127395e41ed3296c250d9","2026-09-21 08:49"
"tom","613563da6ab4770001681b9a","gnaonu","6a85bf90321b3548ea5f35c0","6ab1269ac95d8ecb24985da9","2026-09-21 08:49"
"Delema()()()","65869f62df3f7bea3fa1d675","Feneb","5dba86167e473f2408461141","6ab12710c95d8ecb24985f01","2026-09-21 08:50"
"Egorsmol","60c7cce623bc770001651df5","Brzoza","60ababeffb1efa0001302754","6ab126ebb23a3640f7ad0fac","2026-09-21 08:51"
"FMC","638348f8910c9ca0fbb4fa15"," Nils","5dded20d13777ca6b891ecd2","6ab1237d61081a16c9b1fce5","2026-09-21 08:51"
"gnaonu","6a85bf90321b3548ea5f35c0","mav1land","63f4a2bda13ee3ab588d6275","6ab1279261081a16c9b207f1","2026-09-21 08:52"
"しよえ　Shiyoe","6375a42d001fcb9df8d226d9","Shakazaramesh","5ef2945bbb96627c9ce5f63f","6ab127ae5e41ed3296c25237","2026-09-21 08:53"
"Feneb","5dba86167e473f2408461141","tom","613563da6ab4770001681b9a","6ab1280861081a16c9b20973","2026-09-21 08:54"
"Finn Siemon","66eb7b4a062332fb60915d65","Wolfgoon Auramadeus Moggzart","64a4686ecd74917a4fabee03","6ab127c761081a16c9b208a2","2026-09-21 08:54"
"Stasso","6265811326596f313a87fd07","ferreiro","5f126427d6ca438f24009b8e","6ab127f461081a16c9b2092c","2026-09-21 08:54"
"FAST66","68fe3a19704e6ee9db9c333a","Finbarr","5c03eed1b5b94ba700403005","6ab128a1965558c11b9adc3f","2026-09-21 08:55"
"Clement","635c171d190621fb60d8bb08","maks","6414d29eb61bfefd9d16461e","6ab12765965558c11b9ad941","2026-09-21 08:55"
"Mitteconrad","6056349f72a5a900014128a9","astrocaryum aculeatum","6527803eee6d63190219c754","6ab1275e5e41ed3296c2514d","2026-09-21 08:56"
"17","6028ad57f227ff0001b8b01e","Salem","63af4615494c2bc27e4a2f31","6ab127b2965558c11b9ad9fe","2026-09-21 08:57"
"gnaonu","6a85bf90321b3548ea5f35c0","mav1land","63f4a2bda13ee3ab588d6275","6ab1287e370153a062a3491e","2026-09-21 08:57"
"Shakazaramesh","5ef2945bbb96627c9ce5f63f","we think too much","5eac358a6ea51017fce11159","6ab128db772c8c0752c0bd97","2026-09-21 08:57"
"ზემოZemo","6374c4da3e5fd00834bf34e8","Jerzy Kirkowski","5ecbdec18d6ade72cc832c5a","6ab127c461081a16c9b2089d","2026-09-21 08:57"
"Finn Siemon","66eb7b4a062332fb60915d65","tom","613563da6ab4770001681b9a","6ab1291a103a16612b988450","2026-09-21 08:58"
"Egorsmol","60c7cce623bc770001651df5","鳴神","5e6434058fd6cf50f886fb99","6ab1283c857d1f8520927949","2026-09-21 08:58"
"Emmepemme","5bf9b0c343196557d45fc4b6","Ripailloux","5f05fde774184e2f78733b0b","6ab1243ac95d8ecb2498564d","2026-09-21 08:59"
"habesh","647734d056305f7bf5561a4e","Brzoza","60ababeffb1efa0001302754","6ab1280b5e41ed3296c25333","2026-09-21 08:59"
"ferreiro","5f126427d6ca438f24009b8e","Jakub","5bef0f16fa37262f1c2c2d68","6ab129ab51126cd83a83de6c","2026-09-21 08:59"
"gnaonu","6a85bf90321b3548ea5f35c0","17","6028ad57f227ff0001b8b01e","6ab129ad371316140a51f581","2026-09-21 09:01"
"we think too much","5eac358a6ea51017fce11159","ზემოZemo","6374c4da3e5fd00834bf34e8","6ab1299f51126cd83a83de4b","2026-09-21 09:01"
"ulquiora","66159d055967919df66cf9c0","remember my name","6a5776b9557fa0b8070897d7","6ab1295c103a16612b9884e5","2026-09-21 09:01"
"maks","6414d29eb61bfefd9d16461e","YAK","6574904632448ee4669e0e17","6ab1292c103a16612b988472","2026-09-21 09:02"
"Finn Siemon","66eb7b4a062332fb60915d65","mav1land","63f4a2bda13ee3ab588d6275","6ab129b91261dbb6f54ba70c","2026-09-21 09:03"
"ferreiro","5f126427d6ca438f24009b8e","Marceli Preceli","5fa99db8f5885d0001932e66","6ab12a1051126cd83a83df45","2026-09-21 09:03"
"鳴神","5e6434058fd6cf50f886fb99","sri lanka denier","620d993dde01fe0001d63014","6ab12a5fc3391fafbec47c81","2026-09-21 09:04"
"aruma","6a9a7d00fd0085ec3dcc0eff","ForestedCity160","6779f8047a2fd3b6c78243dc","6ab12ace1261dbb6f54ba9ee","2026-09-21 09:04"
"maks","6414d29eb61bfefd9d16461e","17","6028ad57f227ff0001b8b01e","6ab12aa0103a16612b9887fc","2026-09-21 09:05"
"しよえ　Shiyoe","6375a42d001fcb9df8d226d9","Feneb","5dba86167e473f2408461141","6ab128d2772c8c0752c0bd6e","2026-09-21 09:05"
"InfidelFiddler","64491466c22a35f95ce5f682","FMC","638348f8910c9ca0fbb4fa15","6ab1282d5e41ed3296c2539f","2026-09-21 09:05"
"Clement","635c171d190621fb60d8bb08","Finbarr","5c03eed1b5b94ba700403005","6ab1294c51126cd83a83dd56","2026-09-21 09:06"
"Jonas","661ad4c4073f663c21b57fe6","Wolfgoon Auramadeus Moggzart","64a4686ecd74917a4fabee03","6ab12a3451126cd83a83dfb9","2026-09-21 09:06"
"Salem","63af4615494c2bc27e4a2f31","Finn Siemon","66eb7b4a062332fb60915d65","6ab12b05c3391fafbec47e0a","2026-09-21 09:06"
"ulquiora","66159d055967919df66cf9c0","Jayden (Mobile)","61f149e3c24ced00015b4777","6ab12aa4bd51da030cfef162","2026-09-21 09:06"
"Mitteconrad","6056349f72a5a900014128a9","astrocaryum aculeatum","6527803eee6d63190219c754","6ab12980371316140a51f517","2026-09-21 09:08"
"we think too much","5eac358a6ea51017fce11159","Wijn.","657979f3db414bd0da540f23","6ab12b0a371316140a51f879","2026-09-21 09:08"
"鳴神","5e6434058fd6cf50f886fb99","menthol.mike","5d78b0cc1d19ab6f7052d8b9","6ab12b3e51126cd83a83e2b9","2026-09-21 09:08"
"ferreiro","5f126427d6ca438f24009b8e","Superhorstuwe","67f42dea666326f3169cde54","6ab12b821261dbb6f54babcc","2026-09-21 09:08"
"Feneb","5dba86167e473f2408461141","Geomalick","61fd64f28c0f8100014ebf0b","6ab12b7c371316140a51f98a","2026-09-21 09:09"
"Egorsmol","60c7cce623bc770001651df5","gnaonu","6a85bf90321b3548ea5f35c0","6ab12a7351126cd83a83e075","2026-09-21 09:09"
"ზემოZemo","6374c4da3e5fd00834bf34e8","remember my name","6a5776b9557fa0b8070897d7","6ab12a91c3391fafbec47ce3","2026-09-21 09:09"
"Arttuuh_27","5bbbbd372c0173524cdb6e9e","maks","6414d29eb61bfefd9d16461e","6ab12b52371316140a51f918","2026-09-21 09:10"
"BetterUs","65196050331bb807313df8b0","17","6028ad57f227ff0001b8b01e","6ab12b64694b21848c85c1d8","2026-09-21 09:10"
"Wolfgoon Auramadeus Moggzart","64a4686ecd74917a4fabee03","Finn Siemon","66eb7b4a062332fb60915d65","6ab12bad0a08be843fe739aa","2026-09-21 09:11"
"Egorsmol","60c7cce623bc770001651df5","Mada","600801c48b224300016f36fd","6ab12c6c912d627dd1b48afc","2026-09-21 09:11"
"Superhorstuwe","67f42dea666326f3169cde54","ferreiro","5f126427d6ca438f24009b8e","6ab12c1a694b21848c85c43f","2026-09-21 09:11"
"17","6028ad57f227ff0001b8b01e","BetterUs","65196050331bb807313df8b0","6ab12c84103a16612b988c72","2026-09-21 09:12"
"Brzoza","60ababeffb1efa0001302754","Emmepemme","5bf9b0c343196557d45fc4b6","6ab12a041261dbb6f54ba7c2","2026-09-21 09:12"
"we think too much","5eac358a6ea51017fce11159","Wijn.","657979f3db414bd0da540f23","6ab12c3d694b21848c85c4ca","2026-09-21 09:12"
"Dragon","6046b8d109c0f6000137ee5d","Superhorstuwe","67f42dea666326f3169cde54","6ab12cb5912d627dd1b48bb1","2026-09-21 09:13"
"Geomalick","61fd64f28c0f8100014ebf0b","Finn Siemon","66eb7b4a062332fb60915d65","6ab12cff694b21848c85c72f","2026-09-21 09:14"
"Nici","619512ea6e5572000187322c","sri lanka denier","620d993dde01fe0001d63014","6ab12bf31261dbb6f54bad01","2026-09-21 09:14"
"Kenji","5f2fd4348378f500019bdee0","remember my name","6a5776b9557fa0b8070897d7","6ab12c4e912d627dd1b48abe","2026-09-21 09:14"
"TiltedTroxx","64543bd7fb6efa97a2e06d2b","YAK","6574904632448ee4669e0e17","6ab12abe51126cd83a83e144","2026-09-21 09:15"
"Arttuuh_27","5bbbbd372c0173524cdb6e9e","maks","6414d29eb61bfefd9d16461e","6ab12c960a08be843fe73ba1","2026-09-21 09:15"
"gnaonu","6a85bf90321b3548ea5f35c0","しよえ　Shiyoe","6375a42d001fcb9df8d226d9","6ab12c5d694b21848c85c530","2026-09-21 09:15"
"Ripailloux","5f05fde774184e2f78733b0b","MosaTracker","68fa532476317df25e19c823","6ab12b0a1261dbb6f54baa98","2026-09-21 09:15"
"ferreiro","5f126427d6ca438f24009b8e","Ukiki","6a290dd1cf6b59479a2ae4de","6ab12cdac3391fafbec481fb","2026-09-21 09:15"
"ზემოZemo","6374c4da3e5fd00834bf34e8","Wijn.","657979f3db414bd0da540f23","6ab12cf3912d627dd1b48c33","2026-09-21 09:16"
"鳴神","5e6434058fd6cf50f886fb99","ramenn","6779de5c462d84c18822bb8f","6ab12c351261dbb6f54badb1","2026-09-21 09:16"
"YAK","6574904632448ee4669e0e17","gnaonu","6a85bf90321b3548ea5f35c0","6ab12dcb694b21848c85c9f2","2026-09-21 09:17"
"Geomalick","61fd64f28c0f8100014ebf0b","Finn Siemon","66eb7b4a062332fb60915d65","6ab12dac694b21848c85c98a","2026-09-21 09:18"
"ferreiro","5f126427d6ca438f24009b8e","MosaTracker","68fa532476317df25e19c823","6ab12dcfc3391fafbec48400","2026-09-21 09:18"
"Finbarr","5c03eed1b5b94ba700403005","Gonçalo","60477d3ef15a270001e1bb0c","6ab12bb8371316140a51fa08","2026-09-21 09:19"
"Egorsmol","60c7cce623bc770001651df5","17","6028ad57f227ff0001b8b01e","6ab12d13912d627dd1b48c6c","2026-09-21 09:19"
"Tschapra","66b9c722770eb8e328a9c2fb","Reynardo","619e21dbcd59be0001df98df","6ab128db772c8c0752c0bd98","2026-09-21 09:19"
"we think too much","5eac358a6ea51017fce11159","Superhorstuwe","67f42dea666326f3169cde54","6ab12d57db320e9d6ea299c2","2026-09-21 09:19"
"maks","6414d29eb61bfefd9d16461e","Arttuuh_27","5bbbbd372c0173524cdb6e9e","6ab12db7fa17a0f03d710bd3","2026-09-21 09:20"
"astrocaryum aculeatum","6527803eee6d63190219c754","Mitteconrad","6056349f72a5a900014128a9","6ab12c72371316140a51fb73","2026-09-21 09:20"
"ramenn","6779de5c462d84c18822bb8f","val1d","63875de4e55ec4234b26d1fb","6ab12dfa694b21848c85caa5","2026-09-21 09:20"
"Evandro","6227feb9e7a8b70001576aeb","Olli22","5e7a9c753d4b6a56201ffda8","6ab12dca694b21848c85c9ec","2026-09-21 09:20"
"Max","5f847db332173400011b50bb","remember my name","6a5776b9557fa0b8070897d7","6ab12e52912d627dd1b48f9f","2026-09-21 09:20"
"Finn Siemon","66eb7b4a062332fb60915d65","gnaonu","6a85bf90321b3548ea5f35c0","6ab12e671261dbb6f54bb34c","2026-09-21 09:21"
"plotter","674c4756fb60b9f111e6e0b4","Clement","635c171d190621fb60d8bb08","6ab12d43694b21848c85c810","2026-09-21 09:23"
"Gonçalo","60477d3ef15a270001e1bb0c","Geomalick","61fd64f28c0f8100014ebf0b","6ab12ea1694b21848c85ccf9","2026-09-21 09:23"
"YAK","6574904632448ee4669e0e17","BadAssGeo","69742cb6dd3c0f9e450df031","6ab12e29694b21848c85cb4d","2026-09-21 09:23"
"Henrikk","622640b7cb9b530001598509","ferreiro","5f126427d6ca438f24009b8e","6ab12e74694b21848c85cc64","2026-09-21 09:23"
"Zion","643a327c90664def4616d9e7","17","6028ad57f227ff0001b8b01e","6ab12eae1261dbb6f54bb427","2026-09-21 09:24"
"SBS21","65ee16d0c64cc3b516a9c2f1","Superhorstuwe","67f42dea666326f3169cde54","6ab12eb1694b21848c85cd1f","2026-09-21 09:24"
"Kenji","5f2fd4348378f500019bdee0","sri lanka denier","620d993dde01fe0001d63014","6ab12d82694b21848c85c8da","2026-09-21 09:24"
"I feel like Pablo","62e80280787f2c0e6c75464b","InfidelFiddler","64491466c22a35f95ce5f682","6ab12e20694b21848c85cb2f","2026-09-21 09:24"
"Evandro","6227feb9e7a8b70001576aeb","SD","655dd2ebb70499ea064bc6a1","6ab12f2a103a16612b98912a","2026-09-21 09:25"
"Olli22","5e7a9c753d4b6a56201ffda8","val1d","63875de4e55ec4234b26d1fb","6ab12ee4694b21848c85cda9","2026-09-21 09:25"
"menthol.mike","5d78b0cc1d19ab6f7052d8b9","鳴神","5e6434058fd6cf50f886fb99","6ab12e00694b21848c85cabc","2026-09-21 09:25"
"ზემოZemo","6374c4da3e5fd00834bf34e8","Wijn.","657979f3db414bd0da540f23","6ab12e1e1261dbb6f54bb29c","2026-09-21 09:26"
"Superhorstuwe","67f42dea666326f3169cde54","Stasso","6265811326596f313a87fd07","6ab1301c694b21848c85d1f7","2026-09-21 09:26"
"maks","6414d29eb61bfefd9d16461e","Arttuuh_27","5bbbbd372c0173524cdb6e9e","6ab12f53694b21848c85cf31","2026-09-21 09:27"
"しよえ　Shiyoe","6375a42d001fcb9df8d226d9","Egorsmol","60c7cce623bc770001651df5","6ab12eb0694b21848c85cd1e","2026-09-21 09:27"
"ramenn","6779de5c462d84c18822bb8f","we think too much","5eac358a6ea51017fce11159","6ab12ee0694b21848c85cd9e","2026-09-21 09:27"
"SBS21","65ee16d0c64cc3b516a9c2f1","ParanaPine101","677e7700a878d4c84ac6af50","6ab12ff9694b21848c85d17f","2026-09-21 09:28"
"ferreiro","5f126427d6ca438f24009b8e","remember my name","6a5776b9557fa0b8070897d7","6ab12fd0694b21848c85d0f9","2026-09-21 09:28"
"Kenji","5f2fd4348378f500019bdee0","sri lanka denier","620d993dde01fe0001d63014","6ab12fe1912d627dd1b49312","2026-09-21 09:30"
"Wijn.","657979f3db414bd0da540f23","Olli22","5e7a9c753d4b6a56201ffda8","6ab13051103a16612b98938f","2026-09-21 09:31"
"maks","6414d29eb61bfefd9d16461e","Arttuuh_27","5bbbbd372c0173524cdb6e9e","6ab13094103a16612b98942e","2026-09-21 09:32"
"Slam4","60927f97129054000189c279","MosaTracker","68fa532476317df25e19c823","6ab12ff9694b21848c85d182","2026-09-21 09:32"
"Superhorstuwe","67f42dea666326f3169cde54","val1d","63875de4e55ec4234b26d1fb","6ab13068694b21848c85d2e7","2026-09-21 09:32"
"ferreiro","5f126427d6ca438f24009b8e","remember my name","6a5776b9557fa0b8070897d7","6ab130c91261dbb6f54bb970","2026-09-21 09:32"
"Stasso","6265811326596f313a87fd07","slim shady","57689d1b813a4f985c9652a3","6ab130ae694b21848c85d3cc","2026-09-21 09:32"
"TiltedTroxx","64543bd7fb6efa97a2e06d2b","YAK","6574904632448ee4669e0e17","6ab12fde694b21848c85d12b","2026-09-21 09:33"
"Shakazaramesh","5ef2945bbb96627c9ce5f63f","Egorsmol","60c7cce623bc770001651df5","6ab1307b694b21848c85d330","2026-09-21 09:33"
"we think too much","5eac358a6ea51017fce11159","ramenn","6779de5c462d84c18822bb8f","6ab130bf694b21848c85d414","2026-09-21 09:33"
"Gonçalo","60477d3ef15a270001e1bb0c","Jakob","6330202c43032ef573d382eb","6ab130cdc3391fafbec48a57","2026-09-21 09:34"
"Ripailloux","5f05fde774184e2f78733b0b","Emmepemme","5bf9b0c343196557d45fc4b6","6ab12dce912d627dd1b48e72","2026-09-21 09:34"
"ზემოZemo","6374c4da3e5fd00834bf34e8","17","6028ad57f227ff0001b8b01e","6ab1303d1261dbb6f54bb7ff","2026-09-21 09:34"
"MosaTracker","68fa532476317df25e19c823","GeoKitten :3","6a60cb66561c205d0831e2ad","6ab131d61261dbb6f54bbc48","2026-09-21 09:34"
"Wijn.","657979f3db414bd0da540f23","sri lanka denier","620d993dde01fe0001d63014","6ab13185694b21848c85d6a6","2026-09-21 09:34"
"Jakob","6330202c43032ef573d382eb","Clement","635c171d190621fb60d8bb08","6ab13216694b21848c85d90d","2026-09-21 09:36"
"しよえ　Shiyoe","6375a42d001fcb9df8d226d9","chilemasterballking","64c4d20a8f7b73c424913e00","6ab1314b694b21848c85d5d7","2026-09-21 09:36"
"Superhorstuwe","67f42dea666326f3169cde54","ferreiro","5f126427d6ca438f24009b8e","6ab131cd912d627dd1b49770","2026-09-21 09:36"
"YAK","6574904632448ee4669e0e17","TiltedTroxx","64543bd7fb6efa97a2e06d2b","6ab1321e694b21848c85d928","2026-09-21 09:37"
"flipster22","5f172e581874328b38c066f7","Kenji","5f2fd4348378f500019bdee0","6ab131523d67e4b4d72b910c","2026-09-21 09:37"
"FMC","638348f8910c9ca0fbb4fa15","Tschapra","66b9c722770eb8e328a9c2fb","6ab12ed3694b21848c85cd7f","2026-09-21 09:37"
"I feel like Pablo","62e80280787f2c0e6c75464b","InfidelFiddler","64491466c22a35f95ce5f682","6ab12fdd1261dbb6f54bb728","2026-09-21 09:37"
"maks","6414d29eb61bfefd9d16461e","Arttuuh_27","5bbbbd372c0173524cdb6e9e","6ab131a4c3391fafbec48c39","2026-09-21 09:38"
"MosaTracker","68fa532476317df25e19c823","Rimmertb","5e1f6932dba5105d845b333b","6ab1324d103a16612b9897e7","2026-09-21 09:38"
"鳴神","5e6434058fd6cf50f886fb99","Evandro","6227feb9e7a8b70001576aeb","6ab13033694b21848c85d23f","2026-09-21 09:38"
"ზემოZemo","6374c4da3e5fd00834bf34e8","17","6028ad57f227ff0001b8b01e","6ab13221694b21848c85d936","2026-09-21 09:39"
"Starc","60995f8f8eb3fe0001e057c2","Olli22","5e7a9c753d4b6a56201ffda8","6ab131ae694b21848c85d75b","2026-09-21 09:39"
"pisanico","5e59788312777c09acb5f77f","Not Jojo","67e8ab0b497a1acbf6efa0ac","6ab131f3694b21848c85d876","2026-09-21 09:40"
"Hobbz 161","5dbc2cc17e473f2408462eae","Tschapra","66b9c722770eb8e328a9c2fb","6ab13309694b21848c85dcd1","2026-09-21 09:40"
"Slam4","60927f97129054000189c279","Superhorstuwe","67f42dea666326f3169cde54","6ab132c0694b21848c85db9f","2026-09-21 09:40"
"MosaTracker","68fa532476317df25e19c823","ParanaPine101","677e7700a878d4c84ac6af50","6ab13313694b21848c85dcf5","2026-09-21 09:41"
"Arttuuh_27","5bbbbd372c0173524cdb6e9e","chilemasterballking","64c4d20a8f7b73c424913e00","6ab13324912d627dd1b49b81","2026-09-21 09:42"
"MosaTracker","68fa532476317df25e19c823","ParanaPine101","677e7700a878d4c84ac6af50","6ab133ed1261dbb6f54bc1f6","2026-09-21 09:42"
"Kenji","5f2fd4348378f500019bdee0","Ukiki","6a290dd1cf6b59479a2ae4de","6ab132cf694b21848c85dbed","2026-09-21 09:42"
"しよえ　Shiyoe","6375a42d001fcb9df8d226d9","maks","6414d29eb61bfefd9d16461e","6ab13326103a16612b9899b4","2026-09-21 09:43"
"Shakazaramesh","5ef2945bbb96627c9ce5f63f","Egorsmol","60c7cce623bc770001651df5","6ab13208694b21848c85d8db","2026-09-21 09:43"
"Moritz","604e275b66c3940001ee30ed","Wijn.","657979f3db414bd0da540f23","6ab132f6694b21848c85dc74","2026-09-21 09:43"
"yc","6a9829b75e32ce896831b547","Nexxusss","65772c6c1321c4dd12e19c5b","6ab133f6694b21848c85e018","2026-09-21 09:43"
"Gonçalo","60477d3ef15a270001e1bb0c","Jakob","6330202c43032ef573d382eb","6ab132a3694b21848c85db39","2026-09-21 09:45"
"gnaonu","6a85bf90321b3548ea5f35c0","BadAssGeo","69742cb6dd3c0f9e450df031","6ab133bc694b21848c85df36","2026-09-21 09:45"
"ramenn","6779de5c462d84c18822bb8f","jeyjey1001","5e9dc1026ea510450800fbb9","6ab1337c1261dbb6f54bc0d2","2026-09-21 09:45"
"ზემოZemo","6374c4da3e5fd00834bf34e8","we think too much","5eac358a6ea51017fce11159","6ab1335b694b21848c85ddfe","2026-09-21 09:46"
"PLK","62179a5c8e88d400010d91ea","chilemasterballking","64c4d20a8f7b73c424913e00","6ab13442694b21848c85e163","2026-09-21 09:47"
"Mitteconrad","6056349f72a5a900014128a9","astrocaryum aculeatum","6527803eee6d63190219c754","6ab12f1c694b21848c85ce79","2026-09-21 09:47"
"Reynardo","619e21dbcd59be0001df98df","Zion","643a327c90664def4616d9e7","6ab13021103a16612b989325","2026-09-21 09:47"
"Hobbz 161","5dbc2cc17e473f2408462eae","Slam4","60927f97129054000189c279","6ab133b8694b21848c85df27","2026-09-21 09:47"
"yc","6a9829b75e32ce896831b547","geo.maniac","65abd0bf803d4ac7d595c667","6ab134a2912d627dd1b49f35","2026-09-21 09:47"
"Arttuuh_27","5bbbbd372c0173524cdb6e9e","gnaonu","6a85bf90321b3548ea5f35c0","6ab134c61261dbb6f54bc48f","2026-09-21 09:48"
"Ripailloux","5f05fde774184e2f78733b0b","Emmepemme","5bf9b0c343196557d45fc4b6","6ab1329c1261dbb6f54bbe75","2026-09-21 09:48"
"Bwhitla","637dcbf2937c25eb7cf24fe8","男方鬆 - Mr. Nanfsong","6409beba17491edb5a32b684","6ab13416694b21848c85e08f","2026-09-21 09:48"
"ramenn","6779de5c462d84c18822bb8f","val1d","63875de4e55ec4234b26d1fb","6ab134cb694b21848c85e353","2026-09-21 09:48"
"鳴神","5e6434058fd6cf50f886fb99","Ukiki","6a290dd1cf6b59479a2ae4de","6ab13412694b21848c85e081","2026-09-21 09:48"
"ferreiro","5f126427d6ca438f24009b8e","OWNED-BY-JUMPS","6661f0637a64c94aed9d1ecc","6ab134d6694b21848c85e37f","2026-09-21 09:48"
"Gonçalo","60477d3ef15a270001e1bb0c","Jakob","6330202c43032ef573d382eb","6ab134af694b21848c85e2f1","2026-09-21 09:49"
"Moritz","604e275b66c3940001ee30ed","botje","65ef376b2528c8b0fb2b5e4c","6ab13467912d627dd1b49ec2","2026-09-21 09:49"
"Alee 🏍","605b8e2563c4b80001a89321","Olli22","5e7a9c753d4b6a56201ffda8","6ab1335a1261dbb6f54bc079","2026-09-21 09:49"
"chilemasterballking","64c4d20a8f7b73c424913e00","koekemonster","602ea9c05fa0b100010db2b3","6ab13561694b21848c85e5c2","2026-09-21 09:50"
"Jimbo Junk","5588a2efb8a3409dec36f9de","Wijn.","657979f3db414bd0da540f23","6ab13538bd51da030cff08bf","2026-09-21 09:50"
"val1d","63875de4e55ec4234b26d1fb","Slam4","60927f97129054000189c279","6ab135701261dbb6f54bc69a","2026-09-21 09:50"
"I feel like Pablo","62e80280787f2c0e6c75464b","FMC","638348f8910c9ca0fbb4fa15","6ab132f7c3391fafbec48f9c","2026-09-21 09:50"
"しよえ　Shiyoe","6375a42d001fcb9df8d226d9","tarcsa","60035ba331b2eb0001268660","6ab134d93d67e4b4d72b993f","2026-09-21 09:51"
"Shakazaramesh","5ef2945bbb96627c9ce5f63f","MosaTracker","68fa532476317df25e19c823","6ab1344f694b21848c85e191","2026-09-21 09:51"
"Superhorstuwe","67f42dea666326f3169cde54","ymot","5c296804097d019c9053201b","6ab133a6694b21848c85def3","2026-09-21 09:51"
"koekemonster","602ea9c05fa0b100010db2b3","男方鬆 - Mr. Nanfsong","6409beba17491edb5a32b684","6ab135ea694b21848c85e7e1","2026-09-21 09:52"
"Tomek5_5","606e09423667bc0001ad663d","Hobbz 161","5dbc2cc17e473f2408462eae","6ab13544694b21848c85e571","2026-09-21 09:52"
"ferreiro","5f126427d6ca438f24009b8e","Voro","5a8f1e5d98cc2c6744a8a135","6ab13584694b21848c85e629","2026-09-21 09:52"
"plotter","674c4756fb60b9f111e6e0b4","Gonçalo","60477d3ef15a270001e1bb0c","6ab135d11261dbb6f54bc7b7","2026-09-21 09:53"
"Greasy Cheeseburger","6a594bfc4f0853294332c67f","男方鬆 - Mr. Nanfsong","6409beba17491edb5a32b684","6ab136541261dbb6f54bc963","2026-09-21 09:54"
"ზემოZemo","6374c4da3e5fd00834bf34e8","we think too much","5eac358a6ea51017fce11159","6ab1351c694b21848c85e49f","2026-09-21 09:54"
"Hasan Gencer","6363968c242d5a661f10dbca","sp4ghet","5ec26de5a789c45a9c13cf3c","6ab135020a08be843fe74d5c","2026-09-21 09:54"
"val1d","63875de4e55ec4234b26d1fb","Ginkgo","6760005d9628f35e5f0423c3","6ab136b0694b21848c85eb0f","2026-09-21 09:54"
"Slam4","60927f97129054000189c279","Wijn.","657979f3db414bd0da540f23","6ab13613694b21848c85e87d","2026-09-21 09:54"
"koekemonster","602ea9c05fa0b100010db2b3","Dissonans","60e09234213b0600019d912e","6ab136a2694b21848c85eadd","2026-09-21 09:55"
"M1lan","67473d086316c898fe734668","gnaonu","6a85bf90321b3548ea5f35c0","6ab13579912d627dd1b4a165","2026-09-21 09:55"
"botje","65ef376b2528c8b0fb2b5e4c","Moritz","604e275b66c3940001ee30ed","6ab135b9c3391fafbec496aa","2026-09-21 09:55"
"koekemonster","602ea9c05fa0b100010db2b3","Dissonans","60e09234213b0600019d912e","6ab1370e912d627dd1b4a680","2026-09-21 09:56"
"Emmepemme","5bf9b0c343196557d45fc4b6","Zion","643a327c90664def4616d9e7","6ab13571912d627dd1b4a151","2026-09-21 09:56"
"男方鬆 - Mr. Nanfsong","6409beba17491edb5a32b684","Brzoza","60ababeffb1efa0001302754","6ab1370d371316140a5213ab","2026-09-21 09:56"
"ferreiro","5f126427d6ca438f24009b8e","Voro","5a8f1e5d98cc2c6744a8a135","6ab13656694b21848c85e988","2026-09-21 09:56"
"MosaTracker","68fa532476317df25e19c823","Jimbo Junk","5588a2efb8a3409dec36f9de","6ab13637912d627dd1b4a3ef","2026-09-21 09:58"
"Arttuuh_27","5bbbbd372c0173524cdb6e9e","chilemasterballking","64c4d20a8f7b73c424913e00","6ab13600694b21848c85e828","2026-09-21 09:59"
"koekemonster","602ea9c05fa0b100010db2b3","Dissonans","60e09234213b0600019d912e","6ab1376d694b21848c85ede8","2026-09-21 09:59"
"Greasy Cheeseburger","6a594bfc4f0853294332c67f","Brzoza","60ababeffb1efa0001302754","6ab1376b3779c6204c6e903d","2026-09-21 09:59"
"botje","65ef376b2528c8b0fb2b5e4c","sva","67a710249d75e04dff436d40","6ab1370e694b21848c85ecaf","2026-09-21 09:59"
"Ripailloux","5f05fde774184e2f78733b0b","FMC","638348f8910c9ca0fbb4fa15","6ab1365f694b21848c85e9ac","2026-09-21 10:00"
"Voro","5a8f1e5d98cc2c6744a8a135","ferreiro","5f126427d6ca438f24009b8e","6ab137691261dbb6f54bccc2","2026-09-21 10:00"
"tarcsa","60035ba331b2eb0001268660","Jakob","6330202c43032ef573d382eb","6ab1367b694b21848c85ea37","2026-09-21 10:01"
"I feel like Pablo","62e80280787f2c0e6c75464b","ParanaPine101","677e7700a878d4c84ac6af50","6ab13637912d627dd1b4a3ee","2026-09-21 10:01"
"Alee 🏍","605b8e2563c4b80001a89321","Rimmertb","5e1f6932dba5105d845b333b","6ab13754694b21848c85ed93","2026-09-21 10:01"
"Olli22","5e7a9c753d4b6a56201ffda8","鳴神","5e6434058fd6cf50f886fb99","6ab135a151126cd83a83fae1","2026-09-21 10:01"
"sp4ghet","5ec26de5a789c45a9c13cf3c","ზემოZemo","6374c4da3e5fd00834bf34e8","6ab136f1c9379a6954cfa42c","2026-09-21 10:02"
"GeoKitten :3","6a60cb66561c205d0831e2ad","we think too much","5eac358a6ea51017fce11159","6ab1371f694b21848c85ece7","2026-09-21 10:02"
"botje","65ef376b2528c8b0fb2b5e4c","sva","67a710249d75e04dff436d40","6ab1384d694b21848c85f10b","2026-09-21 10:02"
"Shakazaramesh","5ef2945bbb96627c9ce5f63f","ymot","5c296804097d019c9053201b","6ab1367e1261dbb6f54bc9da","2026-09-21 10:03"
"Brzoza","60ababeffb1efa0001302754","Jimbo Junk","5588a2efb8a3409dec36f9de","6ab13807c3391fafbec49d1f","2026-09-21 10:03"
"val1d","63875de4e55ec4234b26d1fb","男方鬆 - Mr. Nanfsong","6409beba17491edb5a32b684","6ab1378a1261dbb6f54bcd0e","2026-09-21 10:03"
"Hez1tred.","68274ac83004afb088d83eac","ferreiro","5f126427d6ca438f24009b8e","6ab138ac694b21848c85f289","2026-09-21 10:03"
"Alee 🏍","605b8e2563c4b80001a89321","Rimmertb","5e1f6932dba5105d845b333b","6ab13876694b21848c85f1b2","2026-09-21 10:03"
"Arttuuh_27","5bbbbd372c0173524cdb6e9e","chilemasterballking","64c4d20a8f7b73c424913e00","6ab13804912d627dd1b4a8c5","2026-09-21 10:04"
"koekemonster","602ea9c05fa0b100010db2b3","Greasy Cheeseburger","6a594bfc4f0853294332c67f","6ab1382451126cd83a840195","2026-09-21 10:04"
"M1lan","67473d086316c898fe734668","しよえ　Shiyoe","6375a42d001fcb9df8d226d9","6ab137521261dbb6f54bcc85","2026-09-21 10:04"
"val1d","63875de4e55ec4234b26d1fb","ferreiro","5f126427d6ca438f24009b8e","6ab13900694b21848c85f3a2","2026-09-21 10:06"
"Max","5f847db332173400011b50bb","Alee 🏍","605b8e2563c4b80001a89321","6ab1391e0978081b553175de","2026-09-21 10:06"
"plotter","674c4756fb60b9f111e6e0b4","Gonçalo","60477d3ef15a270001e1bb0c","6ab136c41261dbb6f54bcab2","2026-09-21 10:07"
"Dissonans","60e09234213b0600019d912e","Brzoza","60ababeffb1efa0001302754","6ab13906c3391fafbec49f5b","2026-09-21 10:07"
"we think too much","5eac358a6ea51017fce11159","Jimbo Junk","5588a2efb8a3409dec36f9de","6ab139151261dbb6f54bd127","2026-09-21 10:07"
"val1d","63875de4e55ec4234b26d1fb","ferreiro","5f126427d6ca438f24009b8e","6ab139ad1261dbb6f54bd2f3","2026-09-21 10:07"
"Slam4","60927f97129054000189c279","botje","65ef376b2528c8b0fb2b5e4c","6ab138cfc3391fafbec49eda","2026-09-21 10:07"
"skrzypas&wojfer shared account","62dc07edf32847e5836668f1","koekemonster","602ea9c05fa0b100010db2b3","6ab139541261dbb6f54bd1d1","2026-09-21 10:08"
"Arttuuh_27","5bbbbd372c0173524cdb6e9e","chilemasterballking","64c4d20a8f7b73c424913e00","6ab1396651126cd83a840491","2026-09-21 10:08"
"BadAssGeo","69742cb6dd3c0f9e450df031","joniber","60cf2c9800ea7b00015231a2","6ab137a4912d627dd1b4a7c7","2026-09-21 10:08"
"Greasy Cheeseburger","6a594bfc4f0853294332c67f","男方鬆 - Mr. Nanfsong","6409beba17491edb5a32b684","6ab13952912d627dd1b4abca","2026-09-21 10:08"
"I feel like Pablo","62e80280787f2c0e6c75464b","鳴神","5e6434058fd6cf50f886fb99","6ab138ad694b21848c85f28b","2026-09-21 10:08"
"sp4ghet","5ec26de5a789c45a9c13cf3c","ymot","5c296804097d019c9053201b","6ab1393d1261dbb6f54bd186","2026-09-21 10:09"
"yc","6a9829b75e32ce896831b547","Mobek","5ee087cb57c12d24ec5fc2be","6ab138f2694b21848c85f376","2026-09-21 10:09"
"chilemasterballking","64c4d20a8f7b73c424913e00","tarcsa","60035ba331b2eb0001268660","6ab13a2ebd51da030cff14af","2026-09-21 10:11"
"Emmepemme","5bf9b0c343196557d45fc4b6","Zion","643a327c90664def4616d9e7","6ab13769694b21848c85edd8","2026-09-21 10:11"
"Tomek5_5","606e09423667bc0001ad663d","Shakazaramesh","5ef2945bbb96627c9ce5f63f","6ab13907c3391fafbec49f61","2026-09-21 10:11"
"Jimbo Junk","5588a2efb8a3409dec36f9de","botje","65ef376b2528c8b0fb2b5e4c","6ab13a0d371316140a521a81","2026-09-21 10:11"
"Max","5f847db332173400011b50bb","ferreiro","5f126427d6ca438f24009b8e","6ab13a3a694b21848c85f7e2","2026-09-21 10:11"
"SigmaLigma","641e0c54c1155de1803057b1","GeoKitten :3","6a60cb66561c205d0831e2ad","6ab139b9694b21848c85f64d","2026-09-21 10:12"
"Brzoza","60ababeffb1efa0001302754","we think too much","5eac358a6ea51017fce11159","6ab13a06694b21848c85f745","2026-09-21 10:12"
"Voro","5a8f1e5d98cc2c6744a8a135","ზემოZemo","6374c4da3e5fd00834bf34e8","6ab138b7bd51da030cff115e","2026-09-21 10:12"
"Greasy Cheeseburger","6a594bfc4f0853294332c67f","Dissonans","60e09234213b0600019d912e","6ab13a4351126cd83a8406a6","2026-09-21 10:13"
"ymot","5c296804097d019c9053201b","Nibiru","5f8c1986d282f60001f34b05","6ab13a73694b21848c85f8ab","2026-09-21 10:13"
"Hobbz 161","5dbc2cc17e473f2408462eae","pisanico","5e59788312777c09acb5f77f","6ab137f851126cd83a840138","2026-09-21 10:13"
"Eurya","65fc3453702bba73b4c0a398","Jakob","6330202c43032ef573d382eb","6ab139073d67e4b4d72ba41e","2026-09-21 10:14"
"skrzypas&wojfer shared account","62dc07edf32847e5836668f1","男方鬆 - Mr. Nanfsong","6409beba17491edb5a32b684","6ab13ac6912d627dd1b4b044","2026-09-21 10:14"
"しよえ　Shiyoe","6375a42d001fcb9df8d226d9","M1lan","67473d086316c898fe734668","6ab139f0694b21848c85f6fc","2026-09-21 10:14"
"Salem","63af4615494c2bc27e4a2f31","koekemonster","602ea9c05fa0b100010db2b3","6ab13a23694b21848c85f79d","2026-09-21 10:14"
"Greasy Cheeseburger","6a594bfc4f0853294332c67f","Dissonans","60e09234213b0600019d912e","6ab13a4351126cd83a8406a6","2026-09-21 10:15"
"Greasy Cheeseburger","6a594bfc4f0853294332c67f","男方鬆 - Mr. Nanfsong","6409beba17491edb5a32b684","6ab13b82694b21848c85fc9e","2026-09-21 10:15"
"Voro","5a8f1e5d98cc2c6744a8a135","val1d","63875de4e55ec4234b26d1fb","6ab13b17bd51da030cff16eb","2026-09-21 10:15"
"ferreiro","5f126427d6ca438f24009b8e","Max","5f847db332173400011b50bb","6ab13ae1694b21848c85fa6e","2026-09-21 10:15"
"Brzoza","60ababeffb1efa0001302754","GeoKitten :3","6a60cb66561c205d0831e2ad","6ab13b37912d627dd1b4b173","2026-09-21 10:16"
"yc","6a9829b75e32ce896831b547","CoolCitadel746","66dcb6f77008358f2fc99fe9","6ab13ac81261dbb6f54bd617","2026-09-21 10:16"
"plotter","674c4756fb60b9f111e6e0b4","tarcsa","60035ba331b2eb0001268660","6ab13b4bc3391fafbec4a481","2026-09-21 10:17"
"Tatert0t 🔇","6806e46ebe43d137459ed281","Dimsum","63f619f14068eb7d4bbb134d","6ab13a80694b21848c85f8ea","2026-09-21 10:17"
"Antigs","5fb70fb9e2c593000135b6e0","Nibiru","5f8c1986d282f60001f34b05","6ab13b81103a16612b98acc7","2026-09-21 10:17"
"danq_s","639c2a925d4cc27b2f7a898b","val1d","63875de4e55ec4234b26d1fb","6ab13bb8694b21848c85fd74","2026-09-21 10:17"
"鳴神","5e6434058fd6cf50f886fb99","Grzejnik","5fb2653d0fc1350001294999","6ab13b91694b21848c85fce0","2026-09-21 10:17"
"Gonçalo","60477d3ef15a270001e1bb0c","pan","5ff3206bbc4e8c00013e4b25","6ab13a231261dbb6f54bd422","2026-09-21 10:18"
"joniber","60cf2c9800ea7b00015231a2","BadAssGeo","69742cb6dd3c0f9e450df031","6ab13a42694b21848c85f804","2026-09-21 10:18"
"chilemasterballking","64c4d20a8f7b73c424913e00","sk 愛","666b76089d20c1dd39ec810c","6ab13af1694b21848c85fa98","2026-09-21 10:18"
"Dissonans","60e09234213b0600019d912e","koekemonster","602ea9c05fa0b100010db2b3","6ab13bc2694b21848c85fd97","2026-09-21 10:18"
"Emmepemme","5bf9b0c343196557d45fc4b6","Zion","643a327c90664def4616d9e7","6ab13b19694b21848c85fb2c","2026-09-21 10:18"
"男方鬆 - Mr. Nanfsong","6409beba17491edb5a32b684","Voro","5a8f1e5d98cc2c6744a8a135","6ab13bcc694b21848c85fdbc","2026-09-21 10:18"
"skrzypas&wojfer shared account","62dc07edf32847e5836668f1","Eurya","65fc3453702bba73b4c0a398","6ab13b99694b21848c85fcfa","2026-09-21 10:19"
"Jimbo Junk","5588a2efb8a3409dec36f9de","Shakazaramesh","5ef2945bbb96627c9ce5f63f","6ab13b01694b21848c85fad6","2026-09-21 10:19"
"ferreiro","5f126427d6ca438f24009b8e","tobsy","66dd82927008358f2fcc3b96","6ab13bea694b21848c85fe30","2026-09-21 10:19"
"SeanK","680c57772c0d79dd7b5614e5","Herr pingo panda😎","67f6c066040884645dbdb8c6","6ab13c5c694b21848c85ffc1","2026-09-21 10:19"
"M1lan","67473d086316c898fe734668","Eveningflag","5bd33608fe3a84037ca1f67d","6ab13b9751126cd83a840975","2026-09-21 10:20"
"Brzoza","60ababeffb1efa0001302754","Greasy Cheeseburger","6a594bfc4f0853294332c67f","6ab13bf0694b21848c85fe50","2026-09-21 10:20"
"Reynardo","619e21dbcd59be0001df98df","Ripailloux","5f05fde774184e2f78733b0b","6ab13922694b21848c85f43a","2026-09-21 10:20"
"PANDA","6874e2f8ef3960e599abae7c","ferreiro","5f126427d6ca438f24009b8e","6ab13cd1694b21848c860172","2026-09-21 10:20"
"we think too much","5eac358a6ea51017fce11159","ymot","5c296804097d019c9053201b","6ab13b661261dbb6f54bd7ad","2026-09-21 10:20"
"Shakazaramesh","5ef2945bbb96627c9ce5f63f","Antigs","5fb70fb9e2c593000135b6e0","6ab13ccbbd51da030cff1a9f","2026-09-21 10:21"
"ზემოZemo","6374c4da3e5fd00834bf34e8","sp4ghet","5ec26de5a789c45a9c13cf3c","6ab13b4e1261dbb6f54bd760","2026-09-21 10:21"
"yc","6a9829b75e32ce896831b547","Mobek","5ee087cb57c12d24ec5fc2be","6ab13c3a1261dbb6f54bda03","2026-09-21 10:21"
"男方鬆 - Mr. Nanfsong","6409beba17491edb5a32b684","kober","67ad18a09e150413a5e6fa66","6ab13c6c912d627dd1b4b423","2026-09-21 10:22"
"FAST66","68fe3a19704e6ee9db9c333a","Gonçalo","60477d3ef15a270001e1bb0c","6ab13c7c694b21848c860033","2026-09-21 10:23"
"yc","6a9829b75e32ce896831b547","GeoDude","5909f4bbe0e6e48fcc781218","6ab13d4c694b21848c86037f","2026-09-21 10:23"
"skrzypas&wojfer shared account","62dc07edf32847e5836668f1","Eurya","65fc3453702bba73b4c0a398","6ab13cb61261dbb6f54bdb14","2026-09-21 10:24"
"Felix.svb","6856986bb22dea4ae40a3d22","しよえ　Shiyoe","6375a42d001fcb9df8d226d9","6ab13c0b1261dbb6f54bd994","2026-09-21 10:24"
"koekemonster","602ea9c05fa0b100010db2b3","chilemasterballking","64c4d20a8f7b73c424913e00","6ab13cc2694b21848c860150","2026-09-21 10:24"
"Voro","5a8f1e5d98cc2c6744a8a135","Kenji","5f2fd4348378f500019bdee0","6ab13c70694b21848c85fffb","2026-09-21 10:24"
"SeanK","680c57772c0d79dd7b5614e5","Herr pingo panda😎","67f6c066040884645dbdb8c6","6ab13cb5694b21848c860107","2026-09-21 10:24"
"Emmepemme","5bf9b0c343196557d45fc4b6","Zion","643a327c90664def4616d9e7","6ab13c9f912d627dd1b4b48c","2026-09-21 10:25"
"Brzoza","60ababeffb1efa0001302754","we think too much","5eac358a6ea51017fce11159","6ab13d14694b21848c860287","2026-09-21 10:25"
"ზემოZemo","6374c4da3e5fd00834bf34e8","ymot","5c296804097d019c9053201b","6ab13d2c694b21848c8602f3","2026-09-21 10:25"
"PANDA","6874e2f8ef3960e599abae7c","Greasy Cheeseburger","6a594bfc4f0853294332c67f","6ab13d1a1261dbb6f54bdc29","2026-09-21 10:25"
"astrocaryum aculeatum","6527803eee6d63190219c754","habesh","647734d056305f7bf5561a4e","6ab139c71261dbb6f54bd34f","2026-09-21 10:25"
"val1d","63875de4e55ec4234b26d1fb","Julos","5ec306bae7115241a4e74bb7","6ab13dc6694b21848c860576","2026-09-21 10:25"
"Van","687aeaddef25d21e16f95266","Alee 🏍","605b8e2563c4b80001a89321","6ab13c51694b21848c85ff90","2026-09-21 10:25"
"tobsy","66dd82927008358f2fcc3b96","ferreiro","5f126427d6ca438f24009b8e","6ab13d180a08be843fe75f11","2026-09-21 10:25"
"joniber","60cf2c9800ea7b00015231a2","tarcsa","60035ba331b2eb0001268660","6ab13c6a694b21848c85ffed","2026-09-21 10:26"
"r.","68261ad84859ebc8db2448a4","Dissonans","60e09234213b0600019d912e","6ab13d1d103a16612b98b092","2026-09-21 10:26"
"M1lan","67473d086316c898fe734668","Eveningflag","5bd33608fe3a84037ca1f67d","6ab13cfc1261dbb6f54bdbc1","2026-09-21 10:26"
"kober","67ad18a09e150413a5e6fa66","男方鬆 - Mr. Nanfsong","6409beba17491edb5a32b684","6ab13d8c694b21848c860477","2026-09-21 10:26"
"Shakazaramesh","5ef2945bbb96627c9ce5f63f","Antigs","5fb70fb9e2c593000135b6e0","6ab13d49694b21848c860377","2026-09-21 10:26"
"val1d","63875de4e55ec4234b26d1fb","Julos","5ec306bae7115241a4e74bb7","6ab13dc6694b21848c860576","2026-09-21 10:26"
"Nibiru","5f8c1986d282f60001f34b05","seckfren","620059fe2a87750001272c8f","6ab13c9d694b21848c8600b0","2026-09-21 10:26"
"Ulork","5e2ded716ea510b234a670b2","kober","67ad18a09e150413a5e6fa66","6ab13d9ebd51da030cff1cb1","2026-09-21 10:27"
"ferreiro","5f126427d6ca438f24009b8e","Alee 🏍","605b8e2563c4b80001a89321","6ab13e23694b21848c8606cf","2026-09-21 10:27"
"Brzoza","60ababeffb1efa0001302754","しよえ　Shiyoe","6375a42d001fcb9df8d226d9","6ab13e13694b21848c860686","2026-09-21 10:28"
"vanz","68bd5b8c717f397339807f14","val1d","63875de4e55ec4234b26d1fb","6ab13daf51126cd83a840e44","2026-09-21 10:28"
"plotter","674c4756fb60b9f111e6e0b4","pan","5ff3206bbc4e8c00013e4b25","6ab13c72694b21848c860009","2026-09-21 10:29"
"aero","6204e99c582e1f0001bd9a43","Gonçalo","60477d3ef15a270001e1bb0c","6ab13e1a1261dbb6f54bdf4f","2026-09-21 10:29"
"Eurya","65fc3453702bba73b4c0a398","skrzypas&wojfer shared account","62dc07edf32847e5836668f1","6ab13dfe912d627dd1b4b86f","2026-09-21 10:29"
"sk 愛","666b76089d20c1dd39ec810c","TiltedTroxx","64543bd7fb6efa97a2e06d2b","6ab13c90694b21848c860083","2026-09-21 10:29"
"koekemonster","602ea9c05fa0b100010db2b3","chilemasterballking","64c4d20a8f7b73c424913e00","6ab13df2694b21848c860605","2026-09-21 10:29"
"Greasy Cheeseburger","6a594bfc4f0853294332c67f","PANDA","6874e2f8ef3960e599abae7c","6ab13e36694b21848c860715","2026-09-21 10:29"
"ზემოZemo","6374c4da3e5fd00834bf34e8","ymot","5c296804097d019c9053201b","6ab13e11371316140a522434","2026-09-21 10:29"
"Voro","5a8f1e5d98cc2c6744a8a135","SeanK","680c57772c0d79dd7b5614e5","6ab13e03694b21848c860640","2026-09-21 10:30"
"wisps","60ad03a48b6e1d00012f8e7e","tobsy","66dd82927008358f2fcc3b96","6ab13e92694b21848c860892","2026-09-21 10:30"
"Slam4","60927f97129054000189c279","we think too much","5eac358a6ea51017fce11159","6ab13e60694b21848c8607a3","2026-09-21 10:30"
"ferreiro","5f126427d6ca438f24009b8e","Desanori","65fc7b9691115d931473c1fc","6ab13eca694b21848c86099b","2026-09-21 10:30"
"Greasy Cheeseburger","6a594bfc4f0853294332c67f","koekemonster","602ea9c05fa0b100010db2b3","6ab13f1b694b21848c860b02","2026-09-21 10:31"
"男方鬆 - Mr. Nanfsong","6409beba17491edb5a32b684","#1 multiplier harvester 🫃","626fc4565f225f253556ea95","6ab13e61c3391fafbec4ac00","2026-09-21 10:31"
"Antigs","5fb70fb9e2c593000135b6e0","Nibiru","5f8c1986d282f60001f34b05","6ab13e77694b21848c860821","2026-09-21 10:31"
"kober","67ad18a09e150413a5e6fa66","Ulork","5e2ded716ea510b234a670b2","6ab13eb0912d627dd1b4ba3d","2026-09-21 10:32"
"val1d","63875de4e55ec4234b26d1fb","vanz","68bd5b8c717f397339807f14","6ab13ed61261dbb6f54be188","2026-09-21 10:32"
"tarcsa","60035ba331b2eb0001268660","M1lan","67473d086316c898fe734668","6ab13e7e694b21848c860840","2026-09-21 10:33"
"kober","67ad18a09e150413a5e6fa66","Ulork","5e2ded716ea510b234a670b2","6ab13eb0912d627dd1b4ba3d","2026-09-21 10:33"
"habesh","647734d056305f7bf5561a4e","astrocaryum aculeatum","6527803eee6d63190219c754","6ab13e2a1261dbb6f54bdf77","2026-09-21 10:33"
"SeanK","680c57772c0d79dd7b5614e5","val1d","63875de4e55ec4234b26d1fb","6ab13f39694b21848c860b71","2026-09-21 10:33"
"pasycat粉丝","6825e5c37465249750d5a93f","chilemasterballking","64c4d20a8f7b73c424913e00","6ab13f7a103a16612b98b629","2026-09-21 10:34"
"sp4ghet","5ec26de5a789c45a9c13cf3c","Eveningflag","5bd33608fe3a84037ca1f67d","6ab13e981261dbb6f54be0d5","2026-09-21 10:34"
"17","6028ad57f227ff0001b8b01e","ზემოZemo","6374c4da3e5fd00834bf34e8","6ab13f20912d627dd1b4bb65","2026-09-21 10:34"
"Voro","5a8f1e5d98cc2c6744a8a135","ymot","5c296804097d019c9053201b","6ab13f41bd51da030cff2057","2026-09-21 10:34"
"tobsy","66dd82927008358f2fcc3b96","val1d","63875de4e55ec4234b26d1fb","6ab13f3d51126cd83a8411d7","2026-09-21 10:34"
"RinKa","66ef015a0d51fac29bcc68a8","ferreiro","5f126427d6ca438f24009b8e","6ab13f64912d627dd1b4bbf4","2026-09-21 10:35"
"aero","6204e99c582e1f0001bd9a43","pan","5ff3206bbc4e8c00013e4b25","6ab13f1b694b21848c860b03","2026-09-21 10:36"
"skrzypas&wojfer shared account","62dc07edf32847e5836668f1","Gonçalo","60477d3ef15a270001e1bb0c","6ab13f1a694b21848c860aff","2026-09-21 10:36"
"koekemonster","602ea9c05fa0b100010db2b3","Greasy Cheeseburger","6a594bfc4f0853294332c67f","6ab13f8f694b21848c860cdf","2026-09-21 10:36"
"meow","68582b5f8e62427811441b60","Dissonans","60e09234213b0600019d912e","6ab14011912d627dd1b4bdca","2026-09-21 10:36"
"pasycat粉丝","6825e5c37465249750d5a93f","chilemasterballking","64c4d20a8f7b73c424913e00","6ab14043c9379a6954cfa8cf","2026-09-21 10:37"
"Felix.svb","6856986bb22dea4ae40a3d22","joniber","60cf2c9800ea7b00015231a2","6ab13e5a694b21848c860794","2026-09-21 10:37"
"M1lan","67473d086316c898fe734668","Voro","5a8f1e5d98cc2c6744a8a135","6ab1404b912d627dd1b4be53","2026-09-21 10:37"
"we think too much","5eac358a6ea51017fce11159","Shakazaramesh","5ef2945bbb96627c9ce5f63f","6ab13fb5694b21848c860d7c","2026-09-21 10:37"
"danq_s","639c2a925d4cc27b2f7a898b","mav1land","63f4a2bda13ee3ab588d6275","6ab14037694b21848c860f6b","2026-09-21 10:37"
"TSCViperz","5ee9188996009f461845d877","Stozzy","60c9c89f6dac91000126151b","6ab13f5b694b21848c860be9","2026-09-21 10:37"
"BadAssGeo","69742cb6dd3c0f9e450df031","pan","5ff3206bbc4e8c00013e4b25","6ab13f7a694b21848c860c78","2026-09-21 10:38"
"Ulork","5e2ded716ea510b234a670b2","tarcsa","60035ba331b2eb0001268660","6ab13ff9694b21848c860e80","2026-09-21 10:38"
"男方鬆 - Mr. Nanfsong","6409beba17491edb5a32b684","vanz","68bd5b8c717f397339807f14","6ab13fae694b21848c860d57","2026-09-21 10:38"
"Antigs","5fb70fb9e2c593000135b6e0","Alee 🏍","605b8e2563c4b80001a89321","6ab13fa4694b21848c860d27","2026-09-21 10:38"
"BlackShark","61f04538cc54700001a27678","Geopolymarco","5e8c49433d4b6a307c62aaf5","6ab13fd6912d627dd1b4bd24","2026-09-21 10:38"
"plotter","674c4756fb60b9f111e6e0b4","Eurya","65fc3453702bba73b4c0a398","6ab13f981261dbb6f54be3aa","2026-09-21 10:39"
"skrzypas&wojfer shared account","62dc07edf32847e5836668f1","Gonçalo","60477d3ef15a270001e1bb0c","6ab1409e912d627dd1b4bf2d","2026-09-21 10:39"
"meow","68582b5f8e62427811441b60","Thomas","69acad06161f904c0739e318","6ab140db694b21848c861222","2026-09-21 10:39"
"17","6028ad57f227ff0001b8b01e","#1 multiplier harvester 🫃","626fc4565f225f253556ea95","6ab140e8694b21848c86125e","2026-09-21 10:39"
"Zion","643a327c90664def4616d9e7","Zhihh","63b435e80510075fa39ac039","6ab13fdd694b21848c860e02","2026-09-21 10:39"
"ferreiro","5f126427d6ca438f24009b8e","wisps","60ad03a48b6e1d00012f8e7e","6ab1406f1261dbb6f54be613","2026-09-21 10:39"
"kober","67ad18a09e150413a5e6fa66","chilemasterballking","64c4d20a8f7b73c424913e00","6ab14110694b21848c8612f9","2026-09-21 10:40"
"Dissonans","60e09234213b0600019d912e","Eveningflag","5bd33608fe3a84037ca1f67d","6ab1409f694b21848c861136","2026-09-21 10:40"
"pisanico","5e59788312777c09acb5f77f","Dimsum","63f619f14068eb7d4bbb134d","6ab13c2c103a16612b98ae58","2026-09-21 10:40"
"Sochi","62572af8924e491f28b0326c","danq_s","639c2a925d4cc27b2f7a898b","6ab1410f694b21848c8612f1","2026-09-21 10:40"
"meow","68582b5f8e62427811441b60","Thomas","69acad06161f904c0739e318","6ab14190694b21848c8614af","2026-09-21 10:41"
"ზემოZemo","6374c4da3e5fd00834bf34e8","sp4ghet","5ec26de5a789c45a9c13cf3c","6ab1406d694b21848c861052","2026-09-21 10:41"
"TSCViperz","5ee9188996009f461845d877","Mecenas Jefferson","56ab9660aeb0f587e8d0190a","6ab141031261dbb6f54be7d6","2026-09-21 10:41"
"男方鬆 - Mr. Nanfsong","6409beba17491edb5a32b684","kober","67ad18a09e150413a5e6fa66","6ab1414b1261dbb6f54be8b1","2026-09-21 10:42"
"val1d","63875de4e55ec4234b26d1fb","Nmpzoid","64f1d67dd650255f6568122d","6ab1408e912d627dd1b4bef7","2026-09-21 10:42"
"danq_s","639c2a925d4cc27b2f7a898b","ferreiro","5f126427d6ca438f24009b8e","6ab14193694b21848c8614ba","2026-09-21 10:42"
"skrzypas&wojfer shared account","62dc07edf32847e5836668f1","Eurya","65fc3453702bba73b4c0a398","6ab14176694b21848c86144c","2026-09-21 10:43"
"Voro","5a8f1e5d98cc2c6744a8a135","vanz","68bd5b8c717f397339807f14","6ab14147912d627dd1b4c10d","2026-09-21 10:43"
"Slam4","60927f97129054000189c279","mav1land","63f4a2bda13ee3ab588d6275","6ab1412d912d627dd1b4c0c9","2026-09-21 10:43"
"yc","6a9829b75e32ce896831b547","DerPhulup","67be1e6a9875b58c5201c168","6ab13db31261dbb6f54bddee","2026-09-21 10:43"
"pan","5ff3206bbc4e8c00013e4b25","aero","6204e99c582e1f0001bd9a43","6ab14149912d627dd1b4c111","2026-09-21 10:45"
"Dissonans","60e09234213b0600019d912e","r.","68261ad84859ebc8db2448a4","6ab141be694b21848c86154c","2026-09-21 10:45"
"meow","68582b5f8e62427811441b60","Thomas","69acad06161f904c0739e318","6ab141e4912d627dd1b4c2c8","2026-09-21 10:45"
"Eveningflag","5bd33608fe3a84037ca1f67d","17","6028ad57f227ff0001b8b01e","6ab14197371316140a522cb8","2026-09-21 10:45"
"val1d","63875de4e55ec4234b26d1fb","Voro","5a8f1e5d98cc2c6744a8a135","6ab1426b694b21848c8617da","2026-09-21 10:45"
"danq_s","639c2a925d4cc27b2f7a898b","Stozzy","60c9c89f6dac91000126151b","6ab14227912d627dd1b4c396","2026-09-21 10:45"
"pan","5ff3206bbc4e8c00013e4b25","aero","6204e99c582e1f0001bd9a43","6ab14149912d627dd1b4c111","2026-09-21 10:46"
"koekemonster","602ea9c05fa0b100010db2b3","Greasy Cheeseburger","6a594bfc4f0853294332c67f","6ab140bc694b21848c8611ad","2026-09-21 10:46"
"kober","67ad18a09e150413a5e6fa66","男方鬆 - Mr. Nanfsong","6409beba17491edb5a32b684","6ab14214694b21848c861694","2026-09-21 10:46"
"we think too much","5eac358a6ea51017fce11159","Shakazaramesh","5ef2945bbb96627c9ce5f63f","6ab140ff1261dbb6f54be7c3","2026-09-21 10:46"
"Gonçalo","60477d3ef15a270001e1bb0c","Eurya","65fc3453702bba73b4c0a398","6ab14172bd51da030cff257e","2026-09-21 10:47"
"tarcsa","60035ba331b2eb0001268660","M1lan","67473d086316c898fe734668","6ab14116694b21848c861316","2026-09-21 10:47"
"Zhihh","63b435e80510075fa39ac039","TSCViperz","5ee9188996009f461845d877","6ab141e21261dbb6f54bea7b","2026-09-21 10:47"
"a-you","5e93a3443d4b6a5af4f11b0b","Greasy Cheeseburger","6a594bfc4f0853294332c67f","6ab142f3694b21848c861992","2026-09-21 10:48"
"ზემოZemo","6374c4da3e5fd00834bf34e8","chilemasterballking","64c4d20a8f7b73c424913e00","6ab14204103a16612b98bbf4","2026-09-21 10:48"
"danq_s","639c2a925d4cc27b2f7a898b","wisps","60ad03a48b6e1d00012f8e7e","6ab142c5694b21848c8618e2","2026-09-21 10:48"
"Grzejnik","5fb2653d0fc1350001294999","val1d","63875de4e55ec4234b26d1fb","6ab1423f912d627dd1b4c3da","2026-09-21 10:48"
"kcd","5aef47d3b18d0894c4ffe297","Jonas","661ad4c4073f663c21b57fe6","6ab14364c3391fafbec4b8c9","2026-09-21 10:49"
"mav1land","63f4a2bda13ee3ab588d6275","val1d","63875de4e55ec4234b26d1fb","6ab14273103a16612b98bcf0","2026-09-21 10:49"
"Mestre3342","60bcb2627521290001a84cac","Fxrzs","676edd67b060daec5f128233","6ab142fac3391fafbec4b7c8","2026-09-21 10:49"
"Kenji","5f2fd4348378f500019bdee0","BlackShark","61f04538cc54700001a27678","6ab1411e694b21848c861332","2026-09-21 10:49"
"koekemonster","602ea9c05fa0b100010db2b3","男方鬆 - Mr. Nanfsong","6409beba17491edb5a32b684","6ab1433c912d627dd1b4c64a","2026-09-21 10:50"
"meow","68582b5f8e62427811441b60","Thomas","69acad06161f904c0739e318","6ab142f4a56dba88a93ab956","2026-09-21 10:50"
"Voro","5a8f1e5d98cc2c6744a8a135","kober","67ad18a09e150413a5e6fa66","6ab142931261dbb6f54bec79","2026-09-21 10:50"
"Venux","601d72df848235000143965e","vanz","68bd5b8c717f397339807f14","6ab142c0694b21848c8618d0","2026-09-21 10:50"
"spherical_cow","62b34fca140a13acdc6567df","𝓯𝓻𝓮𝓪𝓴𝔂 scarlocck","671b07117678ed42697349ee","6ab13f3e694b21848c860b88","2026-09-21 10:50"
"Trabota","6056fd798ddd1c00018baf23","skrzypas&wojfer shared account","62dc07edf32847e5836668f1","6ab142741261dbb6f54bec20","2026-09-21 10:51"
"Dissonans","60e09234213b0600019d912e","r.","68261ad84859ebc8db2448a4","6ab143ae1261dbb6f54bef7b","2026-09-21 10:51"
"Ripailloux","5f05fde774184e2f78733b0b","Alfred","5c5171d33d925b4af4b9bcbc","6ab13d3b1261dbb6f54bdc91","2026-09-21 10:51"
"17","6028ad57f227ff0001b8b01e","Eveningflag","5bd33608fe3a84037ca1f67d","6ab142d9371316140a522fb1","2026-09-21 10:51"
"sp4ghet","5ec26de5a789c45a9c13cf3c","ymot","5c296804097d019c9053201b","6ab141fa1261dbb6f54beac4","2026-09-21 10:51"
"Shakazaramesh","5ef2945bbb96627c9ce5f63f","we think too much","5eac358a6ea51017fce11159","6ab142fd912d627dd1b4c5b2","2026-09-21 10:51"
"Nmpzoid","64f1d67dd650255f6568122d","Bobby (hardly to play Geo)","6714750201023856a7e005a7","6ab14306694b21848c8619dd","2026-09-21 10:51"
"Alee 🏍","605b8e2563c4b80001a89321","Stozzy","60c9c89f6dac91000126151b","6ab142d6694b21848c861928","2026-09-21 10:51"
"Delema()()()","65869f62df3f7bea3fa1d675","kcd","5aef47d3b18d0894c4ffe297","6ab143bf1261dbb6f54bef9f","2026-09-21 10:52"
"a-you","5e93a3443d4b6a5af4f11b0b","Greasy Cheeseburger","6a594bfc4f0853294332c67f","6ab143a5912d627dd1b4c79a","2026-09-21 10:52"
"男方鬆 - Mr. Nanfsong","6409beba17491edb5a32b684","Thomas","69acad06161f904c0739e318","6ab1440ec9379a6954cfaa73","2026-09-21 10:52"
"danq_s","639c2a925d4cc27b2f7a898b","TSCViperz","5ee9188996009f461845d877","6ab143a3694b21848c861c1c","2026-09-21 10:52"
"Schwarzweiss","5cfadc71b741f84acc8b23df","Cunctor","661822edf35b9c71ad4dd601","6ab143ba51126cd83a841c3d","2026-09-21 10:52"
"Jonas","661ad4c4073f663c21b57fe6","sam","642938b80c4a29948f1bf1ea","6ab143fc694b21848c861d8e","2026-09-21 10:53"
"Mestre3342","60bcb2627521290001a84cac","val1d","63875de4e55ec4234b26d1fb","6ab143ebc3391fafbec4ba3f","2026-09-21 10:53"
"Nmpzoid","64f1d67dd650255f6568122d","Bobby (hardly to play Geo)","6714750201023856a7e005a7","6ab14432912d627dd1b4c94f","2026-09-21 10:53"
"BarryTheBee","62be7867aa13616722f8dd4a","plotter","674c4756fb60b9f111e6e0b4","6ab141f9912d627dd1b4c314","2026-09-21 10:54"
"aero","6204e99c582e1f0001bd9a43","skrzypas&wojfer shared account","62dc07edf32847e5836668f1","6ab1444e912d627dd1b4c992","2026-09-21 10:54"
"joniber","60cf2c9800ea7b00015231a2","tarcsa","60035ba331b2eb0001268660","6ab14356694b21848c861b0f","2026-09-21 10:54"
"Ulork","5e2ded716ea510b234a670b2","BadAssGeo","69742cb6dd3c0f9e450df031","6ab1412bc3391fafbec4b357","2026-09-21 10:54"
"kober","67ad18a09e150413a5e6fa66","Dissonans","60e09234213b0600019d912e","6ab144671261dbb6f54bf192","2026-09-21 10:54"
"男方鬆 - Mr. Nanfsong","6409beba17491edb5a32b684","danq_s","639c2a925d4cc27b2f7a898b","6ab14486694b21848c861f7c","2026-09-21 10:54"
"vanz","68bd5b8c717f397339807f14","mav1land","63f4a2bda13ee3ab588d6275","6ab1441ec3391fafbec4badf","2026-09-21 10:54"
"Chudai","6a689d01a65ab58b189dd03e","pan","5ff3206bbc4e8c00013e4b25","6ab142c0694b21848c8618cf","2026-09-21 10:55"
"a-you","5e93a3443d4b6a5af4f11b0b","Delema()()()","65869f62df3f7bea3fa1d675","6ab144a70a08be843fe77006","2026-09-21 10:55"
"Thomas","69acad06161f904c0739e318","Greasy Cheeseburger","6a594bfc4f0853294332c67f","6ab1448151126cd83a841dcc","2026-09-21 10:55"
"we think too much","5eac358a6ea51017fce11159","Shakazaramesh","5ef2945bbb96627c9ce5f63f","6ab1445a694b21848c861ee4","2026-09-21 10:55"
"Fxrzs","676edd67b060daec5f128233","val1d","63875de4e55ec4234b26d1fb","6ab143e1912d627dd1b4c846","2026-09-21 10:55"
"Zhihh","63b435e80510075fa39ac039","Trotskyism","6006b27ee2a527000163595c","6ab14356694b21848c861b0e","2026-09-21 10:55"
"Loars_","67c023fa843f4449095fd251","Alee 🏍","605b8e2563c4b80001a89321","6ab144541261dbb6f54bf13f","2026-09-21 10:55"
"Sochi","62572af8924e491f28b0326c","Cunctor","661822edf35b9c71ad4dd601","6ab14507912d627dd1b4cb80","2026-09-21 10:55"
"skrzypas&wojfer shared account","62dc07edf32847e5836668f1","kcd","5aef47d3b18d0894c4ffe297","6ab144e6694b21848c8620f1","2026-09-21 10:56"
"Eurya","65fc3453702bba73b4c0a398","Gonçalo","60477d3ef15a270001e1bb0c","6ab14398912d627dd1b4c774","2026-09-21 10:56"
"r.","68261ad84859ebc8db2448a4","kober","67ad18a09e150413a5e6fa66","6ab14459694b21848c861ee2","2026-09-21 10:56"
"17","6028ad57f227ff0001b8b01e","Eveningflag","5bd33608fe3a84037ca1f67d","6ab1443c1261dbb6f54bf0f5","2026-09-21 10:56"
"RuralQuay427","67afb8f9170e41f8f611a20a","ParanaPine101","677e7700a878d4c84ac6af50","6ab14131912d627dd1b4c0d3","2026-09-21 10:56"
"M1lan","67473d086316c898fe734668","chilemasterballking","64c4d20a8f7b73c424913e00","6ab1439d694b21848c861c06","2026-09-21 10:57"
"L'Hank the Dawnstreak","628e0d478e5ef3a3ca163627","Alfred","5c5171d33d925b4af4b9bcbc","6ab14446103a16612b98c0e4","2026-09-21 10:57"
"男方鬆 - Mr. Nanfsong","6409beba17491edb5a32b684","kober","67ad18a09e150413a5e6fa66","6ab14501694b21848c86214e","2026-09-21 10:57"
"Kenji","5f2fd4348378f500019bdee0","𝓯𝓻𝓮𝓪𝓴𝔂 scarlocck","671b07117678ed42697349ee","6ab1441abd51da030cff2b9b","2026-09-21 10:57"
"aero","6204e99c582e1f0001bd9a43","Delema()()()","65869f62df3f7bea3fa1d675","6ab14535694b21848c8621f7","2026-09-21 10:58"
"skrzypas&wojfer shared account","62dc07edf32847e5836668f1","kcd","5aef47d3b18d0894c4ffe297","6ab1455ac9379a6954cfaacb","2026-09-21 10:58"
"kstyko","5ead136297d6cf24a42b1ef4","meow","68582b5f8e62427811441b60","6ab1442a912d627dd1b4c941","2026-09-21 10:58"
"astrocaryum aculeatum","6527803eee6d63190219c754","ImAkiro","5a2ac652393725796877c061","6ab14075912d627dd1b4beb9","2026-09-21 10:58"
"Anya_TW","62739f6613352a5af981b531","Zion","643a327c90664def4616d9e7","6ab142f8694b21848c8619a5","2026-09-21 10:58"
"Grzejnik","5fb2653d0fc1350001294999","KAITOOO","62e8c3ab0065abc49aca361d","6ab1440c694b21848c861dc8","2026-09-21 10:58"
"ItzKubek!_","63c56996754dafb086b2123f","Sesquipedalism","59e21e3539d85572801d5a5e","6ab144e71261dbb6f54bf2ed","2026-09-21 10:58"
"tarcsa","60035ba331b2eb0001268660","joniber","60cf2c9800ea7b00015231a2","6ab144f7912d627dd1b4cb4e","2026-09-21 10:59"
"sam","642938b80c4a29948f1bf1ea","Luis","63b523e80510075fa39aeabc","6ab144d11261dbb6f54bf2b1","2026-09-21 10:59"
"chilemasterballking","64c4d20a8f7b73c424913e00","meow","68582b5f8e62427811441b60","6ab145db694b21848c862477","2026-09-21 10:59"
"Greasy Cheeseburger","6a594bfc4f0853294332c67f","danq_s","639c2a925d4cc27b2f7a898b","6ab1451e694b21848c86219e","2026-09-21 10:59"
"Fxrzs","676edd67b060daec5f128233","Mestre3342","60bcb2627521290001a84cac","6ab14546912d627dd1b4cc36","2026-09-21 10:59"
"mav1land","63f4a2bda13ee3ab588d6275","Thomas","69acad06161f904c0739e318","6ab14520694b21848c8621a4","2026-09-21 11:00"
"vanz","68bd5b8c717f397339807f14","ymot","5c296804097d019c9053201b","6ab144e91261dbb6f54bf2f4","2026-09-21 11:00"
"Galette","5c30cf1ddfdaaa1a24324e72","Feraoleo","658d9b7bcb4345ff30748091","6ab14475694b21848c861f41","2026-09-21 11:00"
"meow","68582b5f8e62427811441b60","Greasy Cheeseburger","6a594bfc4f0853294332c67f","6ab1463c1261dbb6f54bf666","2026-09-21 11:01"
"Julenzooo","603a7a540b13630001e09ff9","kober","67ad18a09e150413a5e6fa66","6ab145c1694b21848c86242d","2026-09-21 11:01"
"Shakazaramesh","5ef2945bbb96627c9ce5f63f","Slam4","60927f97129054000189c279","6ab145371261dbb6f54bf3cf","2026-09-21 11:01"
"Gonçalo","60477d3ef15a270001e1bb0c","Eurya","65fc3453702bba73b4c0a398","6ab14587c3391fafbec4be23","2026-09-21 11:02"
"男方鬆 - Mr. Nanfsong","6409beba17491edb5a32b684","kober","67ad18a09e150413a5e6fa66","6ab14597bd51da030cff2e83","2026-09-21 11:02"
"we think too much","5eac358a6ea51017fce11159","Trotskyism","6006b27ee2a527000163595c","6ab1454a694b21848c862248","2026-09-21 11:03"
"Venux","601d72df848235000143965e","Avetixz","632b4c9d0609ae73d2a1f799","6ab14670694b21848c8626ad","2026-09-21 11:03"
"plotter","674c4756fb60b9f111e6e0b4","aero","6204e99c582e1f0001bd9a43","6ab145ee694b21848c8624bf","2026-09-21 11:04"
"Delema()()()","65869f62df3f7bea3fa1d675","Jonas","661ad4c4073f663c21b57fe6","6ab14610103a16612b98c4b2","2026-09-21 11:04"
"tarcsa","60035ba331b2eb0001268660","PechSP","5e9662142ad6cfadc8e2db9d","6ab1465f694b21848c862657","2026-09-21 11:04"
"mav1land","63f4a2bda13ee3ab588d6275","Greasy Cheeseburger","6a594bfc4f0853294332c67f","6ab14680694b21848c8626d4","2026-09-21 11:04"
"Mestre3342","60bcb2627521290001a84cac","danq_s","639c2a925d4cc27b2f7a898b","6ab1461d694b21848c86256d","2026-09-21 11:04"
"BadAssGeo","69742cb6dd3c0f9e450df031","Ulork","5e2ded716ea510b234a670b2","6ab144e4694b21848c8620e6","2026-09-21 11:05"
"Abbin","663cf56b43111c18760a380c","kober","67ad18a09e150413a5e6fa66","6ab147261261dbb6f54bf93b","2026-09-21 11:05"
"M1lan","67473d086316c898fe734668","Alfred","5c5171d33d925b4af4b9bcbc","6ab145ff694b21848c8624f9","2026-09-21 11:05"
"meow","68582b5f8e62427811441b60","chilemasterballking","64c4d20a8f7b73c424913e00","6ab146810a08be843fe7741e","2026-09-21 11:05"
"Zion","643a327c90664def4616d9e7","Galette","5c30cf1ddfdaaa1a24324e72","6ab14673694b21848c8626b3","2026-09-21 11:05"
"Thomas","69acad06161f904c0739e318","vanz","68bd5b8c717f397339807f14","6ab146661261dbb6f54bf6f6","2026-09-21 11:05"
"Grzejnik","5fb2653d0fc1350001294999","AdamGHG","675079edb8068755832a2a90","6ab1469d694b21848c86274d","2026-09-21 11:05"
"Venux","601d72df848235000143965e","Shakazaramesh","5ef2945bbb96627c9ce5f63f","6ab14710694b21848c862922","2026-09-21 11:06"
"Fxrzs","676edd67b060daec5f128233","sp4ghet","5ec26de5a789c45a9c13cf3c","6ab1460f371316140a52367b","2026-09-21 11:06"
"Chudai","6a689d01a65ab58b189dd03e","pan","5ff3206bbc4e8c00013e4b25","6ab14544694b21848c862233","2026-09-21 11:07"
"Eurya","65fc3453702bba73b4c0a398","Felix.svb","6856986bb22dea4ae40a3d22","6ab14727694b21848c862971","2026-09-21 11:07"
"Greasy Cheeseburger","6a594bfc4f0853294332c67f","Mestre3342","60bcb2627521290001a84cac","6ab14753694b21848c862a43","2026-09-21 11:07"
"Slam4","60927f97129054000189c279","ItzKubek!_","63c56996754dafb086b2123f","6ab146971261dbb6f54bf76c","2026-09-21 11:07"
"Trotskyism","6006b27ee2a527000163595c","Kenji","5f2fd4348378f500019bdee0","6ab14745103a16612b98c77d","2026-09-21 11:07"
"val1d","63875de4e55ec4234b26d1fb","ferreiro","5f126427d6ca438f24009b8e","6ab146cc1261dbb6f54bf7f4","2026-09-21 11:07"
"pan","5ff3206bbc4e8c00013e4b25","Al Horford","6780ea19220bf0b5884b6412","6ab145761261dbb6f54bf461","2026-09-21 11:08"
"skrzypas&wojfer shared account","62dc07edf32847e5836668f1","aero","6204e99c582e1f0001bd9a43","6ab147df694b21848c862c6c","2026-09-21 11:08"
"Luis","63b523e80510075fa39aeabc","sam","642938b80c4a29948f1bf1ea","6ab1461e694b21848c862572","2026-09-21 11:08"
"chilemasterballking","64c4d20a8f7b73c424913e00","kstyko","5ead136297d6cf24a42b1ef4","6ab148151261dbb6f54bfc32","2026-09-21 11:08"
"kober","67ad18a09e150413a5e6fa66","Thomas","69acad06161f904c0739e318","6ab1477ac3391fafbec4c31b","2026-09-21 11:08"
"Mow_Mi_Ksienciu","65567939564ddbb4b6c81c58","Alfred","5c5171d33d925b4af4b9bcbc","6ab1478d694b21848c862b35","2026-09-21 11:08"
"vanz","68bd5b8c717f397339807f14","we think too much","5eac358a6ea51017fce11159","6ab1476c694b21848c862aac","2026-09-21 11:08"
"Delema()()()","65869f62df3f7bea3fa1d675","Jonas","661ad4c4073f663c21b57fe6","6ab147721261dbb6f54bfa3e","2026-09-21 11:09"
"r.","68261ad84859ebc8db2448a4","meow","68582b5f8e62427811441b60","6ab147a2694b21848c862b9d","2026-09-21 11:09"
"kober","67ad18a09e150413a5e6fa66","Thomas","69acad06161f904c0739e318","6ab1477ac3391fafbec4c31b","2026-09-21 11:09"
"Gonçalo","60477d3ef15a270001e1bb0c","joniber","60cf2c9800ea7b00015231a2","6ab146ee694b21848c86288c","2026-09-21 11:10"
"Shakazaramesh","5ef2945bbb96627c9ce5f63f","Venux","601d72df848235000143965e","6ab147cf912d627dd1b4d364","2026-09-21 11:10"
"vanz","68bd5b8c717f397339807f14","Greasy Cheeseburger","6a594bfc4f0853294332c67f","6ab14826371316140a523bcb","2026-09-21 11:10"
"𝓯𝓻𝓮𝓪𝓴𝔂 scarlocck","671b07117678ed42697349ee","RuralQuay427","67afb8f9170e41f8f611a20a","6ab1458d1261dbb6f54bf4a5","2026-09-21 11:10"
"sam","642938b80c4a29948f1bf1ea","kober","67ad18a09e150413a5e6fa66","6ab14856694b21848c862e26","2026-09-21 11:11"
"Reynardo","619e21dbcd59be0001df98df","Zhihh","63b435e80510075fa39ac039","6ab14570694b21848c8622f2","2026-09-21 11:11"
"Mestre3342","60bcb2627521290001a84cac","ferreiro","5f126427d6ca438f24009b8e","6ab14818694b21848c862d2d","2026-09-21 11:11"
"pan","5ff3206bbc4e8c00013e4b25","Eurya","65fc3453702bba73b4c0a398","6ab14819694b21848c862d31","2026-09-21 11:12"
"skrzypas&wojfer shared account","62dc07edf32847e5836668f1","Delema()()()","65869f62df3f7bea3fa1d675","6ab14882912d627dd1b4d57c","2026-09-21 11:12"
"kober","67ad18a09e150413a5e6fa66","kstyko","5ead136297d6cf24a42b1ef4","6ab1485f1261dbb6f54bfd07","2026-09-21 11:12"
"Thomas","69acad06161f904c0739e318","val1d","63875de4e55ec4234b26d1fb","6ab1483d371316140a523c0c","2026-09-21 11:12"
"Grzejnik","5fb2653d0fc1350001294999","mav1land","63f4a2bda13ee3ab588d6275","6ab147c0912d627dd1b4d33f","2026-09-21 11:12"
"pan","5ff3206bbc4e8c00013e4b25","aero","6204e99c582e1f0001bd9a43","6ab148461261dbb6f54bfcbc","2026-09-21 11:13"
"Felix.svb","6856986bb22dea4ae40a3d22","空","6a64429856634604f5187ce7","6ab14858694b21848c862e30","2026-09-21 11:13"
"Mow_Mi_Ksienciu","65567939564ddbb4b6c81c58","val1d","63875de4e55ec4234b26d1fb","6ab1484f694b21848c862e0c","2026-09-21 11:13"
"Avetixz","632b4c9d0609ae73d2a1f799","val1d","63875de4e55ec4234b26d1fb","6ab148750a08be843fe7786d","2026-09-21 11:13"
"Trotskyism","6006b27ee2a527000163595c","we think too much","5eac358a6ea51017fce11159","6ab1482cbd51da030cff3411","2026-09-21 11:13"
"ItzKubek!_","63c56996754dafb086b2123f","ferreiro","5f126427d6ca438f24009b8e","6ab148f1694b21848c8630a3","2026-09-21 11:13"
"Flubbersticks","69387a54dc6fdd9da05c91cd","Mecenas Jefferson","56ab9660aeb0f587e8d0190a","6ab1488f694b21848c862f3d","2026-09-21 11:13"
"plotter","674c4756fb60b9f111e6e0b4","M1tzki","668717ff41553d75c689c749","6ab147cdc3391fafbec4c3d1","2026-09-21 11:14"
"r.","68261ad84859ebc8db2448a4","Jonas","661ad4c4073f663c21b57fe6","6ab1488f1261dbb6f54bfdad","2026-09-21 11:14"
"Greasy Cheeseburger","6a594bfc4f0853294332c67f","kober","67ad18a09e150413a5e6fa66","6ab148d6371316140a523d8d","2026-09-21 11:14"
"Alfred","5c5171d33d925b4af4b9bcbc","Kenji","5f2fd4348378f500019bdee0","6ab1485b694b21848c862e36","2026-09-21 11:14"
"Zhihh","63b435e80510075fa39ac039","RuralQuay427","67afb8f9170e41f8f611a20a","6ab14901912d627dd1b4d717","2026-09-21 11:14"
"Demiurge","68f0c79a6b4cd855b3c4bcf2","Fifonż","62a47f05cc33a10539b724eb","6ab1475c694b21848c862a6c","2026-09-21 11:14"
"Zion","643a327c90664def4616d9e7","Galette","5c30cf1ddfdaaa1a24324e72","6ab147b9912d627dd1b4d325","2026-09-21 11:15"
"val1d","63875de4e55ec4234b26d1fb","ItzKubek!_","63c56996754dafb086b2123f","6ab149681261dbb6f54c0009","2026-09-21 11:15"
"sebastian","667d87ca8401bca3fee14649","aero","6204e99c582e1f0001bd9a43","6ab149721261dbb6f54c0024","2026-09-21 11:16"
"M1lan","67473d086316c898fe734668","PechSP","5e9662142ad6cfadc8e2db9d","6ab1477e912d627dd1b4d2ae","2026-09-21 11:16"
"GeoKitten :3","6a60cb66561c205d0831e2ad","vanz","68bd5b8c717f397339807f14","6ab1491b694b21848c863141","2026-09-21 11:16"
"Al Horford","6780ea19220bf0b5884b6412","chilemasterballking","64c4d20a8f7b73c424913e00","6ab148c7694b21848c862ff9","2026-09-21 11:17"
"Mitteconrad","6056349f72a5a900014128a9","L'Hank the Dawnstreak","628e0d478e5ef3a3ca163627","6ab147460a08be843fe775f2","2026-09-21 11:17"
"meow","68582b5f8e62427811441b60","mav1land","63f4a2bda13ee3ab588d6275","6ab1493b694b21848c8631c3","2026-09-21 11:17"
"Mestre3342","60bcb2627521290001a84cac","Fxrzs","676edd67b060daec5f128233","6ab1491a694b21848c86313d","2026-09-21 11:17"
"𝓯𝓻𝓮𝓪𝓴𝔂 scarlocck","671b07117678ed42697349ee","ハシビロ","62fd923738281a76193b9110","6ab148fe694b21848c8630d2","2026-09-21 11:17"
"skrzypas&wojfer shared account","62dc07edf32847e5836668f1","Delema()()()","65869f62df3f7bea3fa1d675","6ab1492d694b21848c86317a","2026-09-21 11:18"
"Jonas","661ad4c4073f663c21b57fe6","pan","5ff3206bbc4e8c00013e4b25","6ab14a1d694b21848c863561","2026-09-21 11:18"
"kober","67ad18a09e150413a5e6fa66","kstyko","5ead136297d6cf24a42b1ef4","6ab1490f694b21848c863112","2026-09-21 11:18"
"sp4ghet","5ec26de5a789c45a9c13cf3c","chiller77","5f072526a958535b8c80351b","6ab147b60a08be843fe776cb","2026-09-21 11:18"
"GeoKitten :3","6a60cb66561c205d0831e2ad","Galette","5c30cf1ddfdaaa1a24324e72","6ab14a19694b21848c86354f","2026-09-21 11:18"
"Gonçalo","60477d3ef15a270001e1bb0c","joniber","60cf2c9800ea7b00015231a2","6ab148ed694b21848c86308c","2026-09-21 11:19"
"val1d","63875de4e55ec4234b26d1fb","Grzejnik","5fb2653d0fc1350001294999","6ab14982694b21848c8632dd","2026-09-21 11:19"
"Ulork","5e2ded716ea510b234a670b2","BadAssGeo","69742cb6dd3c0f9e450df031","6ab147ab694b21848c862bb1","2026-09-21 11:20"
"r.","68261ad84859ebc8db2448a4","kober","67ad18a09e150413a5e6fa66","6ab149b4694b21848c86339c","2026-09-21 11:20"
"L'Hank the Dawnstreak","628e0d478e5ef3a3ca163627","Zion","643a327c90664def4616d9e7","6ab14a7b1261dbb6f54c0373","2026-09-21 11:20"
"Thomas","69acad06161f904c0739e318","meow","68582b5f8e62427811441b60","6ab1494d694b21848c863206","2026-09-21 11:20"
"Palmitas","5c0450ca431965af44f4668e","we think too much","5eac358a6ea51017fce11159","6ab14984c3391fafbec4c7de","2026-09-21 11:20"
"vanz","68bd5b8c717f397339807f14","mav1land","63f4a2bda13ee3ab588d6275","6ab14a49371316140a52408b","2026-09-21 11:20"
"aero","6204e99c582e1f0001bd9a43","sebastian","667d87ca8401bca3fee14649","6ab14a38694b21848c8635c6","2026-09-21 11:21"
"Felix.svb","6856986bb22dea4ae40a3d22","Luis","63b523e80510075fa39aeabc","6ab14959694b21848c863230","2026-09-21 11:21"
"PechSP","5e9662142ad6cfadc8e2db9d","M1lan","67473d086316c898fe734668","6ab14a1c694b21848c86355e","2026-09-21 11:21"
"kober","67ad18a09e150413a5e6fa66","meow","68582b5f8e62427811441b60","6ab14a94912d627dd1b4dbbe","2026-09-21 11:21"
"GeoKitten :3","6a60cb66561c205d0831e2ad","Galette","5c30cf1ddfdaaa1a24324e72","6ab14aa81261dbb6f54c0409","2026-09-21 11:21"
"Fxrzs","676edd67b060daec5f128233","Mestre3342","60bcb2627521290001a84cac","6ab14a701261dbb6f54c0355","2026-09-21 11:21"
"Avetixz","632b4c9d0609ae73d2a1f799","Greasy Cheeseburger","6a594bfc4f0853294332c67f","6ab149a21261dbb6f54c00b1","2026-09-21 11:21"
"Delema()()()","65869f62df3f7bea3fa1d675","Jonas","661ad4c4073f663c21b57fe6","6ab14a8b694b21848c8636fb","2026-09-21 11:22"
"mav1land","63f4a2bda13ee3ab588d6275","meow","68582b5f8e62427811441b60","6ab14b2cbd51da030cff3ba7","2026-09-21 11:22"
"NightSky","6a0865b5ad5e7998f329915e","Kenji","5f2fd4348378f500019bdee0","6ab14a251261dbb6f54c0262","2026-09-21 11:22"
"Flubbersticks","69387a54dc6fdd9da05c91cd","stieltjestransform","696dbca9ea719ab44104ebf6","6ab14b0d694b21848c863932","2026-09-21 11:22"
"pan","5ff3206bbc4e8c00013e4b25","Gonçalo","60477d3ef15a270001e1bb0c","6ab14ad2694b21848c86383a","2026-09-21 11:23"
"sebastian","667d87ca8401bca3fee14649","greguiz","60af1407ce6bd2000128aaba","6ab14b2e1261dbb6f54c05f9","2026-09-21 11:23"
"Greasy Cheeseburger","6a594bfc4f0853294332c67f","Mestre3342","60bcb2627521290001a84cac","6ab14b513d67e4b4d72bcd4a","2026-09-21 11:23"
"Palmitas","5c0450ca431965af44f4668e","we think too much","5eac358a6ea51017fce11159","6ab14b051261dbb6f54c0577","2026-09-21 11:23"
"Peter","604b32c70a8833000197ff31","Pranksty","65baa75fc1555fb64eed7f71","6ab14a3c694b21848c8635e0","2026-09-21 11:23"
"pan","5ff3206bbc4e8c00013e4b25","Gonçalo","60477d3ef15a270001e1bb0c","6ab14ad2694b21848c86383a","2026-09-21 11:24"
"r.","68261ad84859ebc8db2448a4","kober","67ad18a09e150413a5e6fa66","6ab14afd694b21848c8638f7","2026-09-21 11:24"
"Zion","643a327c90664def4616d9e7","Zhihh","63b435e80510075fa39ac039","6ab14b1b1261dbb6f54c05c2","2026-09-21 11:24"
"Thomas","69acad06161f904c0739e318","vanz","68bd5b8c717f397339807f14","6ab14b0c694b21848c863927","2026-09-21 11:24"
"Palmitas","5c0450ca431965af44f4668e","Mestre3342","60bcb2627521290001a84cac","6ab14bc6912d627dd1b4df88","2026-09-21 11:25"
"Fxrzs","676edd67b060daec5f128233","GeoKitten :3","6a60cb66561c205d0831e2ad","6ab14b551261dbb6f54c06da","2026-09-21 11:26"
"mav1land","63f4a2bda13ee3ab588d6275","meow","68582b5f8e62427811441b60","6ab14b94912d627dd1b4dee7","2026-09-21 11:26"
"Al Horford","6780ea19220bf0b5884b6412","M1tzki","668717ff41553d75c689c749","6ab14a8a694b21848c8636f2","2026-09-21 11:27"
"PechSP","5e9662142ad6cfadc8e2db9d","M1lan","67473d086316c898fe734668","6ab14b56694b21848c863a43","2026-09-21 11:27"
"Jonas","661ad4c4073f663c21b57fe6","Delema()()()","65869f62df3f7bea3fa1d675","6ab14b6e694b21848c863ab9","2026-09-21 11:27"
"Greasy Cheeseburger","6a594bfc4f0853294332c67f","vanz","68bd5b8c717f397339807f14","6ab14bdec3391fafbec4cdea","2026-09-21 11:27"
"NightSky","6a0865b5ad5e7998f329915e","Zion","643a327c90664def4616d9e7","6ab14bf9912d627dd1b4e01d","2026-09-21 11:27"
"wisps","60ad03a48b6e1d00012f8e7e","Peter","604b32c70a8833000197ff31","6ab14c12103a16612b98d31e","2026-09-21 11:28"
"Delema()()()","65869f62df3f7bea3fa1d675","Abbin","663cf56b43111c18760a380c","6ab14cae912d627dd1b4e221","2026-09-21 11:29"
"Kaspervde","5d68c6ace9473f7c4058e087","Zion","643a327c90664def4616d9e7","6ab14c9e694b21848c863f53","2026-09-21 11:29"
"kober","67ad18a09e150413a5e6fa66","Greasy Cheeseburger","6a594bfc4f0853294332c67f","6ab14ca51261dbb6f54c0ad8","2026-09-21 11:29"
"Mestre3342","60bcb2627521290001a84cac","Stasso","6265811326596f313a87fd07","6ab14c1e694b21848c863d7d","2026-09-21 11:29"
"Palmitas","5c0450ca431965af44f4668e","Zhihh","63b435e80510075fa39ac039","6ab14c221261dbb6f54c0954","2026-09-21 11:30"
"mav1land","63f4a2bda13ee3ab588d6275","meow","68582b5f8e62427811441b60","6ab14c7f694b21848c863ec9","2026-09-21 11:30"
"Kenji","5f2fd4348378f500019bdee0","we think too much","5eac358a6ea51017fce11159","6ab14be1694b21848c863cab","2026-09-21 11:30"
"Thomas","69acad06161f904c0739e318","kober","67ad18a09e150413a5e6fa66","6ab14d1a694b21848c86413f","2026-09-21 11:31"
"Jonas","661ad4c4073f663c21b57fe6","skrzypas&wojfer shared account","62dc07edf32847e5836668f1","6ab14ce5694b21848c864068","2026-09-21 11:32"
"Ulork","5e2ded716ea510b234a670b2","Genziara","62e033ce217ecdfb2101edf8","6ab14b244934caa335683295","2026-09-21 11:32"
"Fxrzs","676edd67b060daec5f128233","Zion","643a327c90664def4616d9e7","6ab14d2a694b21848c86417e","2026-09-21 11:32"
"Ulmar","5d9147e1ea473f7e3ccb9d92","𝓯𝓻𝓮𝓪𝓴𝔂 scarlocck","671b07117678ed42697349ee","6ab14a87694b21848c8636dd","2026-09-21 11:32"
"Galette","5c30cf1ddfdaaa1a24324e72","Figsy_Games","5e91c2303d4b6a251c171a3b","6ab14b74694b21848c863acf","2026-09-21 11:32"
"Flubbersticks","69387a54dc6fdd9da05c91cd","MaJo","67d5c3a40631f3abae121baf","6ab14d551261dbb6f54c0cd2","2026-09-21 11:32"
"plotter","674c4756fb60b9f111e6e0b4","Gonçalo","60477d3ef15a270001e1bb0c","6ab14bc91261dbb6f54c0855","2026-09-21 11:33"
"mav1land","63f4a2bda13ee3ab588d6275","meow","68582b5f8e62427811441b60","6ab14d75694b21848c8642b2","2026-09-21 11:33"
"mav1land","63f4a2bda13ee3ab588d6275","meow","68582b5f8e62427811441b60","6ab14d75694b21848c8642b2","2026-09-21 11:33"
"NightSky","6a0865b5ad5e7998f329915e","vanz","68bd5b8c717f397339807f14","6ab14caf1261dbb6f54c0af8","2026-09-21 11:33"
"Peter","604b32c70a8833000197ff31","wisps","60ad03a48b6e1d00012f8e7e","6ab14d4d1261dbb6f54c0cb3","2026-09-21 11:33"
"Nmpzoid","64f1d67dd650255f6568122d","Bobby (hardly to play Geo)","6714750201023856a7e005a7","6ab14d78400357328d817f1b","2026-09-21 11:33"
"Delema()()()","65869f62df3f7bea3fa1d675","Abbin","663cf56b43111c18760a380c","6ab14d4a694b21848c8641f2","2026-09-21 11:34"
"M1lan","67473d086316c898fe734668","PechSP","5e9662142ad6cfadc8e2db9d","6ab14ccf912d627dd1b4e2ea","2026-09-21 11:34"
"Thomas","69acad06161f904c0739e318","kober","67ad18a09e150413a5e6fa66","6ab14da1694b21848c864338","2026-09-21 11:34"
"Firma","5ff879f9ce04930001f6ee64","Genziara","62e033ce217ecdfb2101edf8","6ab14dc5912d627dd1b4e605","2026-09-21 11:35"
"Thomas","69acad06161f904c0739e318","kober","67ad18a09e150413a5e6fa66","6ab14da1694b21848c864338","2026-09-21 11:35"
"Egorsmol","60c7cce623bc770001651df5","Tomek5_5","606e09423667bc0001ad663d","6ab14cf61261dbb6f54c0bab","2026-09-21 11:35"
"mav1land","63f4a2bda13ee3ab588d6275","meow","68582b5f8e62427811441b60","6ab14e1d694b21848c86451b","2026-09-21 11:35"
"GeoKitten :3","6a60cb66561c205d0831e2ad","Trotskyism","6006b27ee2a527000163595c","6ab14c81694b21848c863ecd","2026-09-21 11:35"
"MaJo","67d5c3a40631f3abae121baf","Zion","643a327c90664def4616d9e7","6ab14de8c3391fafbec4d290","2026-09-21 11:35"
"skrzypas&wojfer shared account","62dc07edf32847e5836668f1","Gonçalo","60477d3ef15a270001e1bb0c","6ab14e09bd51da030cff4270","2026-09-21 11:36"
"VIVER","631f29032347fcd4bef60349","kober","67ad18a09e150413a5e6fa66","6ab14e47694b21848c8645df","2026-09-21 11:36"
"mav1land","63f4a2bda13ee3ab588d6275","meow","68582b5f8e62427811441b60","6ab14e1d694b21848c86451b","2026-09-21 11:36"
"Grzejnik","5fb2653d0fc1350001294999","Mecenas Jefferson","56ab9660aeb0f587e8d0190a","6ab14c8b912d627dd1b4e189","2026-09-21 11:36"
"chiller77","5f072526a958535b8c80351b","Palmitas","5c0450ca431965af44f4668e","6ab14d4e912d627dd1b4e44b","2026-09-21 11:37"
"𝓯𝓻𝓮𝓪𝓴𝔂 scarlocck","671b07117678ed42697349ee","Stella/chat off","63e1b563ec5549833a008296","6ab14dee694b21848c864458","2026-09-21 11:37"
"Nmpzoid","64f1d67dd650255f6568122d","ferreiro","5f126427d6ca438f24009b8e","6ab14e52694b21848c864617","2026-09-21 11:37"
"Genziara","62e033ce217ecdfb2101edf8","tarcsa","60035ba331b2eb0001268660","6ab14eaf694b21848c864776","2026-09-21 11:38"
"vanz","68bd5b8c717f397339807f14","meow","68582b5f8e62427811441b60","6ab14eba912d627dd1b4e8c0","2026-09-21 11:38"
"we think too much","5eac358a6ea51017fce11159","Pete_2523","60c8762b7abe710001f63990","6ab14e15694b21848c864500","2026-09-21 11:38"
"white_iverson97 on twitch","5bafdf02bb9fdd32283e4151","Slam4","60927f97129054000189c279","6ab14eec694b21848c86487a","2026-09-21 11:38"
"good goy","68e85bdb3f2cbbe915cbcd3d","Delema()()()","65869f62df3f7bea3fa1d675","6ab14e4c694b21848c8645f3","2026-09-21 11:39"
"M1lan","67473d086316c898fe734668","PechSP","5e9662142ad6cfadc8e2db9d","6ab14e48694b21848c8645e6","2026-09-21 11:39"
"Tomek5_5","606e09423667bc0001ad663d","Egorsmol","60c7cce623bc770001651df5","6ab14e95694b21848c86471f","2026-09-21 11:39"
"wisps","60ad03a48b6e1d00012f8e7e","Peter","604b32c70a8833000197ff31","6ab14e38694b21848c864598","2026-09-21 11:39"
"NormalHöna","6423fb2a2536737770d69716","Flubbersticks","69387a54dc6fdd9da05c91cd","6ab14e72912d627dd1b4e7fd","2026-09-21 11:39"
"skrzypas&wojfer shared account","62dc07edf32847e5836668f1","Gonçalo","60477d3ef15a270001e1bb0c","6ab14eae694b21848c86476f","2026-09-21 11:40"
"Mitteconrad","6056349f72a5a900014128a9","L'Hank the Dawnstreak","628e0d478e5ef3a3ca163627","6ab14b3d1261dbb6f54c0669","2026-09-21 11:40"
"Luis","63b523e80510075fa39aeabc","Felix.svb","6856986bb22dea4ae40a3d22","6ab14ba51261dbb6f54c07e7","2026-09-21 11:40"
"chiller77","5f072526a958535b8c80351b","Brazilian Robin Hood","686f06d75e236cb88191d4c9","6ab14f2ec3391fafbec4d64b","2026-09-21 11:40"
"Thomas","69acad06161f904c0739e318","Fxrzs","676edd67b060daec5f128233","6ab14e43c9379a6954cfb0e4","2026-09-21 11:40"
"OCTAVIVS","64f106e1bc61ebf9b6156353","ScabTheSidewalk","691f64b9c0688aaea23c00dd","6ab14c59fa17a0f03d71533a","2026-09-21 11:40"
"Galette","5c30cf1ddfdaaa1a24324e72","Zion","643a327c90664def4616d9e7","6ab14ea81261dbb6f54c110c","2026-09-21 11:40"
"Al Horford","6780ea19220bf0b5884b6412","Ulork","5e2ded716ea510b234a670b2","6ab14e42912d627dd1b4e78b","2026-09-21 11:41"
"Abbin","663cf56b43111c18760a380c","Jonas","661ad4c4073f663c21b57fe6","6ab14ea7912d627dd1b4e884","2026-09-21 11:41"
"VIVER","631f29032347fcd4bef60349","kober","67ad18a09e150413a5e6fa66","6ab14ed31261dbb6f54c1197","2026-09-21 11:41"
"1Kenma","67f1e53d840a2b6316eb1c59","DK","5ebae20eda4af35404684838","6ab14edb1261dbb6f54c11be","2026-09-21 11:41"
"joniber","60cf2c9800ea7b00015231a2","M1tzki","668717ff41553d75c689c749","6ab14d8e371316140a5248d0","2026-09-21 11:42"
"Brazilian Robin Hood","686f06d75e236cb88191d4c9","Fxrzs","676edd67b060daec5f128233","6ab14fb0694b21848c864b69","2026-09-21 11:43"
"Palmitas","5c0450ca431965af44f4668e","martiiin___","5e8366f03730753efc33ec0c","6ab14efb694b21848c8648b4","2026-09-21 11:43"
"Leo","643ee35e420a82ec7b9e79cc","Kenji","5f2fd4348378f500019bdee0","6ab14f093d67e4b4d72bd595","2026-09-21 11:43"
"#1 multiplier harvester 🫃","626fc4565f225f253556ea95","MaJo","67d5c3a40631f3abae121baf","6ab14ead1261dbb6f54c1115","2026-09-21 11:43"
"Stella/chat off","63e1b563ec5549833a008296","BlackShark","61f04538cc54700001a27678","6ab14f171261dbb6f54c127d","2026-09-21 11:43"
"L'Hank the Dawnstreak","628e0d478e5ef3a3ca163627","Zion","643a327c90664def4616d9e7","6ab14fe0694b21848c864c4a","2026-09-21 11:44"
"Thomas","69acad06161f904c0739e318","meow","68582b5f8e62427811441b60","6ab14f9ec3391fafbec4d77d","2026-09-21 11:44"
"Greasy Cheeseburger","6a594bfc4f0853294332c67f","kober","67ad18a09e150413a5e6fa66","6ab14fe8694b21848c864c6b","2026-09-21 11:44"
"Zhihh","63b435e80510075fa39ac039","Itsjustme","6a6241549f3c3242b69b8931","6ab14d62694b21848c86425e","2026-09-21 11:44"
"Conax","683029bd7e7399d1213e44e3","GeoKitten :3","6a60cb66561c205d0831e2ad","6ab14e891261dbb6f54c10ad","2026-09-21 11:45"
"Don't Give Up","5ffb60de75d2770001545e96","Egorsmol","60c7cce623bc770001651df5","6ab14f98694b21848c864aea","2026-09-21 11:45"
"vanz","68bd5b8c717f397339807f14","we think too much","5eac358a6ea51017fce11159","6ab14f64c3391fafbec4d6ce","2026-09-21 11:45"
"Peter","604b32c70a8833000197ff31","LeMaus","620cca6d8e56a2000143cf55","6ab15054694b21848c864e48","2026-09-21 11:45"
"Stella/chat off","63e1b563ec5549833a008296","Zion","643a327c90664def4616d9e7","6ab15093912d627dd1b4edde","2026-09-21 11:46"
"white_iverson97 on twitch","5bafdf02bb9fdd32283e4151","Sochi","62572af8924e491f28b0326c","6ab14ff21261dbb6f54c150a","2026-09-21 11:46"
"Delema()()()","65869f62df3f7bea3fa1d675","good goy","68e85bdb3f2cbbe915cbcd3d","6ab15058c9379a6954cfb20c","2026-09-21 11:47"
"VIVER","631f29032347fcd4bef60349","Abbin","663cf56b43111c18760a380c","6ab15013bd51da030cff4798","2026-09-21 11:47"
"kober","67ad18a09e150413a5e6fa66","Albanian Guy","58796ade8b9ff486d81bbad5","6ab150a5694b21848c864fc0","2026-09-21 11:47"
"Trotskyism","6006b27ee2a527000163595c","simro_206","677eb0df9d782bd50cb2a7c2","6ab14e90694b21848c864708","2026-09-21 11:47"
"Genziara","62e033ce217ecdfb2101edf8","plotter","674c4756fb60b9f111e6e0b4","6ab14faf694b21848c864b63","2026-09-21 11:48"
"Brazilian Robin Hood","686f06d75e236cb88191d4c9","Fxrzs","676edd67b060daec5f128233","6ab15063912d627dd1b4ed6a","2026-09-21 11:48"
"Slam4","60927f97129054000189c279","OCTAVIVS","64f106e1bc61ebf9b6156353","6ab150a3694b21848c864fba","2026-09-21 11:48"
"Abbin","663cf56b43111c18760a380c","K4CP3RSKI777","624aa4216b4b8b1765bb6dad","6ab1515fc3391fafbec4db7a","2026-09-21 11:49"
"Thomas","69acad06161f904c0739e318","kober","67ad18a09e150413a5e6fa66","6ab150b8371316140a5250b9","2026-09-21 11:49"
"martiiin___","5e8366f03730753efc33ec0c","chiller77","5f072526a958535b8c80351b","6ab1507c694b21848c864f0a","2026-09-21 11:49"
"Palmitas","5c0450ca431965af44f4668e","Greasy Cheeseburger","6a594bfc4f0853294332c67f","6ab150ae1261dbb6f54c1714","2026-09-21 11:49"
"we think too much","5eac358a6ea51017fce11159","Egorsmol","60c7cce623bc770001651df5","6ab15104694b21848c86518e","2026-09-21 11:49"
"Ades","694060fd0b5941c5cbe18cbf","Zion","643a327c90664def4616d9e7","6ab151651261dbb6f54c19a0","2026-09-21 11:49"
"Peter","604b32c70a8833000197ff31","GeoKitten :3","6a60cb66561c205d0831e2ad","6ab150e5694b21848c865105","2026-09-21 11:49"
"good goy","68e85bdb3f2cbbe915cbcd3d","xZenith","6846d165a3008977fe607ade","6ab15171694b21848c865359","2026-09-21 11:50"
"kober","67ad18a09e150413a5e6fa66","meow","68582b5f8e62427811441b60","6ab1515a1261dbb6f54c198a","2026-09-21 11:50"
"Thore Stach","60b2c6420390be00015e9fa1","Flubbersticks","69387a54dc6fdd9da05c91cd","6ab15035371316140a524fa4","2026-09-21 11:50"
"ScabTheSidewalk","691f64b9c0688aaea23c00dd","NormalHöna","6423fb2a2536737770d69716","6ab15000694b21848c864cda","2026-09-21 11:50"
"PechSP","5e9662142ad6cfadc8e2db9d","Ulork","5e2ded716ea510b234a670b2","6ab14ff9694b21848c864cc2","2026-09-21 11:51"
"GeoKitten :3","6a60cb66561c205d0831e2ad","Tomek5_5","606e09423667bc0001ad663d","6ab15200694b21848c865599","2026-09-21 11:51"
"Ades","694060fd0b5941c5cbe18cbf","Zion","643a327c90664def4616d9e7","6ab151d1694b21848c8654d3","2026-09-21 11:51"
"TMD Reaper","6721ef2d9353e30e2a226756"," Nils","5dded20d13777ca6b891ecd2","6ab14f8b912d627dd1b4eb03","2026-09-21 11:51"
"Sochi","62572af8924e491f28b0326c","white_iverson97 on twitch","5bafdf02bb9fdd32283e4151","6ab1510d694b21848c8651ac","2026-09-21 11:51"
"Gonçalo","60477d3ef15a270001e1bb0c","skrzypas&wojfer shared account","62dc07edf32847e5836668f1","6ab14fad1261dbb6f54c1429","2026-09-21 11:52"
"VIVER","631f29032347fcd4bef60349","meow","68582b5f8e62427811441b60","6ab151571261dbb6f54c197f","2026-09-21 11:52"
"Palmitas","5c0450ca431965af44f4668e","exegi momentum","5f906300b00b570001274e55","6ab15203912d627dd1b4f240","2026-09-21 11:52"
"meow","68582b5f8e62427811441b60","kober","67ad18a09e150413a5e6fa66","6ab151fa694b21848c865582","2026-09-21 11:52"
"Greasy Cheeseburger","6a594bfc4f0853294332c67f","kober","67ad18a09e150413a5e6fa66","6ab151f1694b21848c86555f","2026-09-21 11:52"
"OCTAVIVS","64f106e1bc61ebf9b6156353","MaJo","67d5c3a40631f3abae121baf","6ab151871261dbb6f54c1a19","2026-09-21 11:52"
"Al Horford","6780ea19220bf0b5884b6412","Felix.svb","6856986bb22dea4ae40a3d22","6ab15027371316140a524f8b","2026-09-21 11:53"
"Ades","694060fd0b5941c5cbe18cbf","GeoKitten :3","6a60cb66561c205d0831e2ad","6ab15255371316140a52544d","2026-09-21 11:54"
"Delema()()()","65869f62df3f7bea3fa1d675","xZenith","6846d165a3008977fe607ade","6ab15233694b21848c86563c","2026-09-21 11:55"
"M1tzki","668717ff41553d75c689c749","joniber","60cf2c9800ea7b00015231a2","6ab151801261dbb6f54c1a08","2026-09-21 11:55"
"chiller77","5f072526a958535b8c80351b","martiiin___","5e8366f03730753efc33ec0c","6ab151f3c3391fafbec4dcdf","2026-09-21 11:55"
"Thomas","69acad06161f904c0739e318","K4CP3RSKI777","624aa4216b4b8b1765bb6dad","6ab151dac3391fafbec4dcab","2026-09-21 11:55"
"Albanian Guy","58796ade8b9ff486d81bbad5","gokhale","68257ab1be5b31c617f37156","6ab1517a1261dbb6f54c19fb","2026-09-21 11:55"
"L'Hank the Dawnstreak","628e0d478e5ef3a3ca163627","Itsjustme","6a6241549f3c3242b69b8931","6ab15204694b21848c8655a5","2026-09-21 11:55"
"BlackShark","61f04538cc54700001a27678","Stella/chat off","63e1b563ec5549833a008296","6ab1511d694b21848c8651d8","2026-09-21 11:55"
"Peter","604b32c70a8833000197ff31","we think too much","5eac358a6ea51017fce11159","6ab151f3694b21848c865569","2026-09-21 11:56"
"Shad","5e2629ec22bbda7ec0ac3612","RuralQuay427","67afb8f9170e41f8f611a20a","6ab150951261dbb6f54c16c4","2026-09-21 11:57"
"Fxrzs","676edd67b060daec5f128233","Shakazaramesh","5ef2945bbb96627c9ce5f63f","6ab151a9c3391fafbec4dc28","2026-09-21 11:57"
"ferreiro","5f126427d6ca438f24009b8e","Barkuz","6084243b0feb6600017e1a7e","6ab15327694b21848c865a1a","2026-09-21 11:57"
"skrzypas&wojfer shared account","62dc07edf32847e5836668f1","good goy","68e85bdb3f2cbbe915cbcd3d","6ab152a31261dbb6f54c1d10","2026-09-21 11:58"
"BadAssGeo","69742cb6dd3c0f9e450df031","PechSP","5e9662142ad6cfadc8e2db9d","6ab1525f694b21848c8656fb","2026-09-21 11:58"
"Palmitas","5c0450ca431965af44f4668e","kober","67ad18a09e150413a5e6fa66","6ab152ef694b21848c865926","2026-09-21 11:58"
"Palmitas","5c0450ca431965af44f4668e","kober","67ad18a09e150413a5e6fa66","6ab152ef694b21848c865926","2026-09-21 11:58"
"#1 multiplier harvester 🫃","626fc4565f225f253556ea95","Zhihh","63b435e80510075fa39ac039","6ab150a3694b21848c864fb9","2026-09-21 11:58"
"Galette","5c30cf1ddfdaaa1a24324e72","Zion","643a327c90664def4616d9e7","6ab1525b73542b950c5347a0","2026-09-21 11:58"
"Tomek5_5","606e09423667bc0001ad663d","路易十六","65337c686711b99177ed189b","6ab15279912d627dd1b4f32e","2026-09-21 11:59"
"OCTAVIVS","64f106e1bc61ebf9b6156353","meow","68582b5f8e62427811441b60","6ab15298c3391fafbec4de55","2026-09-21 11:59"
"VIVER","631f29032347fcd4bef60349","meow","68582b5f8e62427811441b60","6ab152931261dbb6f54c1cdb","2026-09-21 12:00"
"Brazilian Robin Hood","686f06d75e236cb88191d4c9","Conax","683029bd7e7399d1213e44e3","6ab151c21261dbb6f54c1ab7","2026-09-21 12:00"
"K4CP3RSKI777","624aa4216b4b8b1765bb6dad","VIVER","631f29032347fcd4bef60349","6ab15467694b21848c865efe","2026-09-21 12:03"
"Conax","683029bd7e7399d1213e44e3","Skrillicon","63655c683f13a9e2cceb27d9","6ab154b851126cd83a84437b","2026-09-21 12:03"
"Shakazaramesh","5ef2945bbb96627c9ce5f63f","Fxrzs","676edd67b060daec5f128233","6ab153d11261dbb6f54c20c0","2026-09-21 12:03"
"Delema()()()","65869f62df3f7bea3fa1d675","Firma","5ff879f9ce04930001f6ee64","6ab153cf694b21848c865c91","2026-09-21 12:04"
"meow","68582b5f8e62427811441b60","ferreiro","5f126427d6ca438f24009b8e","6ab154e8371316140a525a5f","2026-09-21 12:04"
"we think too much","5eac358a6ea51017fce11159","Peter","604b32c70a8833000197ff31","6ab15394912d627dd1b4f62c","2026-09-21 12:04"
"Zhihh","63b435e80510075fa39ac039","Zion","643a327c90664def4616d9e7","6ab153ed0a08be843fe79468","2026-09-21 12:04"
"MaJo","67d5c3a40631f3abae121baf","BlackShark","61f04538cc54700001a27678","6ab1534f694b21848c865aab","2026-09-21 12:04"
"s7ymon.","689dea76e80ba00f3a8dbdc1","good goy","68e85bdb3f2cbbe915cbcd3d","6ab153e1694b21848c865cd3","2026-09-21 12:05"
"Ulork","5e2ded716ea510b234a670b2","Felix.svb","6856986bb22dea4ae40a3d22","6ab152d6694b21848c8658c9","2026-09-21 12:05"
"Albanian Guy","58796ade8b9ff486d81bbad5","kober","67ad18a09e150413a5e6fa66","6ab1541c694b21848c865dd6","2026-09-21 12:05"
"joniber","60cf2c9800ea7b00015231a2","M1tzki","668717ff41553d75c689c749","6ab15380c3391fafbec4e084","2026-09-21 12:06"
"emilix 🌺","6a26e87e1f4d855c4d4e860b","kober","67ad18a09e150413a5e6fa66","6ab153fc694b21848c865d45","2026-09-21 12:06"
"Shakazaramesh","5ef2945bbb96627c9ce5f63f","Skrillicon","63655c683f13a9e2cceb27d9","6ab15536bd51da030cff532b","2026-09-21 12:06"
"Egorsmol","60c7cce623bc770001651df5","Palmitas","5c0450ca431965af44f4668e","6ab1546a371316140a525964","2026-09-21 12:06"
"Fxrzs","676edd67b060daec5f128233","meow","68582b5f8e62427811441b60","6ab15554bd51da030cff5351","2026-09-21 12:06"
"Lene","5d52f64824ec173888d82b60","Zion","643a327c90664def4616d9e7","6ab1555c694b21848c86626b","2026-09-21 12:06"
"路易十六","65337c686711b99177ed189b","OCTAVIVS","64f106e1bc61ebf9b6156353","6ab15446694b21848c865e8e","2026-09-21 12:07"
"martiiin___","5e8366f03730753efc33ec0c","chiller77","5f072526a958535b8c80351b","6ab15330694b21848c865a3a","2026-09-21 12:08"
"kober","67ad18a09e150413a5e6fa66","Palmitas","5c0450ca431965af44f4668e","6ab155d71261dbb6f54c2642","2026-09-21 12:08"
"Peter","604b32c70a8833000197ff31","we think too much","5eac358a6ea51017fce11159","6ab1556f912d627dd1b4fa90","2026-09-21 12:08"
"xZenith","6846d165a3008977fe607ade","Firma","5ff879f9ce04930001f6ee64","6ab1558b51126cd83a844520","2026-09-21 12:09"
"kober","67ad18a09e150413a5e6fa66","meow","68582b5f8e62427811441b60","6ab155ecc3391fafbec4e572","2026-09-21 12:09"
"Albanian Guy","58796ade8b9ff486d81bbad5","K4CP3RSKI777","624aa4216b4b8b1765bb6dad","6ab1561c694b21848c86651b","2026-09-21 12:10"
"Palmitas","5c0450ca431965af44f4668e","kober","67ad18a09e150413a5e6fa66","6ab156591261dbb6f54c278b","2026-09-21 12:10"
"Loars_","67c023fa843f4449095fd251","ferreiro","5f126427d6ca438f24009b8e","6ab1564cf325b1e10d64b316","2026-09-21 12:10"
"PolarDune773","66becb13fb442aeb77c3381a","Zion","643a327c90664def4616d9e7","6ab15689694b21848c86666d","2026-09-21 12:10"
"Brzoza","60ababeffb1efa0001302754","Conax","683029bd7e7399d1213e44e3","6ab15546694b21848c86621d","2026-09-21 12:11"
"meow","68582b5f8e62427811441b60","we think too much","5eac358a6ea51017fce11159","6ab1567c694b21848c866640","2026-09-21 12:11"
"Zhihh","63b435e80510075fa39ac039","GeoChiko","637129eb9d737c55a520a3e3","6ab155a3103a16612b98e94d","2026-09-21 12:11"
"xZenith","6846d165a3008977fe607ade","Mati_01","626d0e7318005f1f25a53151","6ab156c71261dbb6f54c288a","2026-09-21 12:12"
"good goy","68e85bdb3f2cbbe915cbcd3d","s7ymon.","689dea76e80ba00f3a8dbdc1","6ab15593f325b1e10d64b1d5","2026-09-21 12:12"
"tarcsa","60035ba331b2eb0001268660","Gonçalo","60477d3ef15a270001e1bb0c","6ab152de1261dbb6f54c1dc1","2026-09-21 12:12"
"Palmitas","5c0450ca431965af44f4668e","Shakazaramesh","5ef2945bbb96627c9ce5f63f","6ab156db1261dbb6f54c28bc","2026-09-21 12:12"
"kober","67ad18a09e150413a5e6fa66","exegi momentum","5f906300b00b570001274e55","6ab156be912d627dd1b4fdbf","2026-09-21 12:12"
"路易十六","65337c686711b99177ed189b","Unc","6876a81aaf5ea16088df663a","6ab156171261dbb6f54c26ef","2026-09-21 12:12"
"martiiin___","5e8366f03730753efc33ec0c","chiller77","5f072526a958535b8c80351b","6ab1563cc3391fafbec4e62b","2026-09-21 12:13"
"BadAssGeo","69742cb6dd3c0f9e450df031","Luis","63b523e80510075fa39aeabc","6ab15465694b21848c865efb","2026-09-21 12:14"
"Skrillicon","63655c683f13a9e2cceb27d9","OCTAVIVS","64f106e1bc61ebf9b6156353","6ab15609694b21848c8664d1","2026-09-21 12:14"
"Peter","604b32c70a8833000197ff31","Fxrzs","676edd67b060daec5f128233","6ab156542d3aebfcdf6b60d6","2026-09-21 12:14"
"xZenith","6846d165a3008977fe607ade","Mati_01","626d0e7318005f1f25a53151","6ab156c71261dbb6f54c288a","2026-09-21 12:15"
"exegi momentum","5f906300b00b570001274e55","Egorsmol","60c7cce623bc770001651df5","6ab15786694b21848c8669fc","2026-09-21 12:15"
"Unc","6876a81aaf5ea16088df663a","meow","68582b5f8e62427811441b60","6ab15744694b21848c8668fb","2026-09-21 12:15"
"kober","67ad18a09e150413a5e6fa66","Loars_","67c023fa843f4449095fd251","6ab15770694b21848c8669a1","2026-09-21 12:16"
"wisps","60ad03a48b6e1d00012f8e7e","Sochi","62572af8924e491f28b0326c","6ab1574d1261dbb6f54c29e5","2026-09-21 12:16"
"Conax","683029bd7e7399d1213e44e3","Palmitas","5c0450ca431965af44f4668e","6ab1574a694b21848c866909","2026-09-21 12:17"
"meow","68582b5f8e62427811441b60","Unc","6876a81aaf5ea16088df663a","6ab157fb912d627dd1b50090","2026-09-21 12:17"
"OCTAVIVS","64f106e1bc61ebf9b6156353","ferreiro","5f126427d6ca438f24009b8e","6ab157c2912d627dd1b50013","2026-09-21 12:17"
"PolarDune773","66becb13fb442aeb77c3381a","shury","5ee010abc291f45e88d74565","6ab157c1c3391fafbec4e98a","2026-09-21 12:17"
"baga","62f54426341bc104da4cd739","Lexao","5ee7ca84746a364f34d06965","6ab157b2912d627dd1b4fffa","2026-09-21 12:17"
"kober","67ad18a09e150413a5e6fa66","Loars_","67c023fa843f4449095fd251","6ab15770694b21848c8669a1","2026-09-21 12:18"
"Egorsmol","60c7cce623bc770001651df5","danq_s","639c2a925d4cc27b2f7a898b","6ab157df694b21848c866b55","2026-09-21 12:18"
"路易十六","65337c686711b99177ed189b","we think too much","5eac358a6ea51017fce11159","6ab1572a694b21848c866882","2026-09-21 12:18"
"good goy","68e85bdb3f2cbbe915cbcd3d","M1tzki","668717ff41553d75c689c749","6ab15721694b21848c866864","2026-09-21 12:19"
"meow","68582b5f8e62427811441b60","Unc","6876a81aaf5ea16088df663a","6ab15862f325b1e10d64b72a","2026-09-21 12:19"
"Peter","604b32c70a8833000197ff31","Moritz","604e275b66c3940001ee30ed","6ab157c21261dbb6f54c2b26","2026-09-21 12:19"
"Loars_","67c023fa843f4449095fd251","Sochi","62572af8924e491f28b0326c","6ab15844694b21848c866cd9","2026-09-21 12:19"
"Ulork","5e2ded716ea510b234a670b2","Felix.svb","6856986bb22dea4ae40a3d22","6ab155c4912d627dd1b4fb5e","2026-09-21 12:20"
"Shakazaramesh","5ef2945bbb96627c9ce5f63f","martiiin___","5e8366f03730753efc33ec0c","6ab1578f1261dbb6f54c2a9e","2026-09-21 12:20"
"Skrillicon","63655c683f13a9e2cceb27d9","Fxrzs","676edd67b060daec5f128233","6ab157c5694b21848c866aeb","2026-09-21 12:21"
"Lene","5d52f64824ec173888d82b60","Brzoza","60ababeffb1efa0001302754","6ab1572a1261dbb6f54c2983","2026-09-21 12:21"
"路易十六","65337c686711b99177ed189b","kober","67ad18a09e150413a5e6fa66","6ab158c1694b21848c866ea8","2026-09-21 12:21"
"Loars_","67c023fa843f4449095fd251","JH87","66dd876f7268383da37613b8","6ab158e1c3391fafbec4ec32","2026-09-21 12:21"
"Moritz","604e275b66c3940001ee30ed","Peter","604b32c70a8833000197ff31","6ab158ee694b21848c866f3e","2026-09-21 12:22"
"ferreiro","5f126427d6ca438f24009b8e","riso***","5e0bb8901b34a023587ad378","6ab1593dc3391fafbec4ed11","2026-09-21 12:22"
"Ulork","5e2ded716ea510b234a670b2","Gonçalo","60477d3ef15a270001e1bb0c","6ab15936694b21848c867014","2026-09-21 12:23"
"exegi momentum","5f906300b00b570001274e55","男方鬆 - Mr. Nanfsong","6409beba17491edb5a32b684","6ab1586d1261dbb6f54c2d19","2026-09-21 12:23"
"wisps","60ad03a48b6e1d00012f8e7e","AdriLeGuerrier","623b07c59c555c63c110bf8c","6ab15886694b21848c866ddb","2026-09-21 12:23"
"鳴神","5e6434058fd6cf50f886fb99","TMD Reaper","6721ef2d9353e30e2a226756","6ab1528c2b2eaf179f5b19ec","2026-09-21 12:23"
"xZenith","6846d165a3008977fe607ade","good goy","68e85bdb3f2cbbe915cbcd3d","6ab158d3694b21848c866ee1","2026-09-21 12:24"
"kober","67ad18a09e150413a5e6fa66","Albanian Guy","58796ade8b9ff486d81bbad5","6ab15958694b21848c867088","2026-09-21 12:24"
"baga","62f54426341bc104da4cd739","Falonator","66355b48be69eeb1df023e2c","6ab1598b912d627dd1b50440","2026-09-21 12:24"
"Luis","63b523e80510075fa39aeabc","Iggy","66ca5169941900a1527c86d1","6ab158f71261dbb6f54c2e61","2026-09-21 12:25"
"Egorsmol","60c7cce623bc770001651df5","ferreiro","5f126427d6ca438f24009b8e","6ab159de694b21848c867275","2026-09-21 12:25"
"meow","68582b5f8e62427811441b60","Loars_","67c023fa843f4449095fd251","6ab15946694b21848c867044","2026-09-21 12:25"
"Brzoza","60ababeffb1efa0001302754","kober","67ad18a09e150413a5e6fa66","6ab15962694b21848c8670a8","2026-09-21 12:26"
"xZenith","6846d165a3008977fe607ade","good goy","68e85bdb3f2cbbe915cbcd3d","6ab15a05c3391fafbec4ef40","2026-09-21 12:27"
"M1tzki","668717ff41553d75c689c749","BadAssGeo","69742cb6dd3c0f9e450df031","6ab158d3694b21848c866ee2","2026-09-21 12:27"
"kenny","65cbc406504fe72cd8cea23e","Conax","683029bd7e7399d1213e44e3","6ab15890912d627dd1b5021a","2026-09-21 12:27"
"Albanian Guy","58796ade8b9ff486d81bbad5","kober","67ad18a09e150413a5e6fa66","6ab15a37912d627dd1b5061d","2026-09-21 12:27"
"Peter","604b32c70a8833000197ff31","Moritz","604e275b66c3940001ee30ed","6ab159dcc3391fafbec4eed3","2026-09-21 12:27"
"OCTAVIVS","64f106e1bc61ebf9b6156353","Fxrzs","676edd67b060daec5f128233","6ab1594ec3391fafbec4ed3a","2026-09-21 12:27"
"we think too much","5eac358a6ea51017fce11159","路易十六","65337c686711b99177ed189b","6ab1593c694b21848c867028","2026-09-21 12:27"
"baga","62f54426341bc104da4cd739","Ratzeeed","599c95db0ee41f7e90f2910d","6ab159fa0a08be843fe79fec","2026-09-21 12:27"
"martiiin___","5e8366f03730753efc33ec0c","Felix.svb","6856986bb22dea4ae40a3d22","6ab1592b694b21848c866fee","2026-09-21 12:28"
"гдз по географии 7 класс","6a00adfe661962ad193ddef5","0.03mm","692fdd96871fb5a05c4dcab0","6ab15a301261dbb6f54c3184","2026-09-21 12:28"
"Egorsmol","60c7cce623bc770001651df5","meow","68582b5f8e62427811441b60","6ab15a74371316140a526534","2026-09-21 12:29"
"Itsjustme","6a6241549f3c3242b69b8931","#1 multiplier harvester 🫃","626fc4565f225f253556ea95","6ab1546e912d627dd1b4f882","2026-09-21 12:29"
"ferreiro","5f126427d6ca438f24009b8e","Loars_","67c023fa843f4449095fd251","6ab15a6a1261dbb6f54c3202","2026-09-21 12:29"
"BadAssGeo","69742cb6dd3c0f9e450df031","good goy","68e85bdb3f2cbbe915cbcd3d","6ab15ada912d627dd1b50824","2026-09-21 12:31"
"空","6a64429856634604f5187ce7","男方鬆 - Mr. Nanfsong","6409beba17491edb5a32b684","6ab159b5912d627dd1b504b1","2026-09-21 12:31"
"Iggy","66ca5169941900a1527c86d1","Brzoza","60ababeffb1efa0001302754","6ab15a6e912d627dd1b506d2","2026-09-21 12:31"
"meow","68582b5f8e62427811441b60","Egorsmol","60c7cce623bc770001651df5","6ab15b40c3391fafbec4f328","2026-09-21 12:31"
"Jeremi","6007886fcafc2e00011be9cd","slim shady","57689d1b813a4f985c9652a3","6ab159ffc3391fafbec4ef30","2026-09-21 12:31"
"kober","67ad18a09e150413a5e6fa66","exegi momentum","5f906300b00b570001274e55","6ab15ac7694b21848c8675a9","2026-09-21 12:32"
"ferreiro","5f126427d6ca438f24009b8e","Loars_","67c023fa843f4449095fd251","6ab15b4a694b21848c86777a","2026-09-21 12:32"
"Felix.svb","6856986bb22dea4ae40a3d22","martiiin___","5e8366f03730753efc33ec0c","6ab15b10694b21848c8676b2","2026-09-21 12:33"
"Shakazaramesh","5ef2945bbb96627c9ce5f63f","路易十六","65337c686711b99177ed189b","6ab15ade694b21848c86760d","2026-09-21 12:33"
"we think too much","5eac358a6ea51017fce11159","Trotskyism","6006b27ee2a527000163595c","6ab15adbc3391fafbec4f225","2026-09-21 12:33"
"sebastian","667d87ca8401bca3fee14649","xZenith","6846d165a3008977fe607ade","6ab15b5a912d627dd1b50952","2026-09-21 12:34"
"kober","67ad18a09e150413a5e6fa66","Albanian Guy","58796ade8b9ff486d81bbad5","6ab15aff694b21848c867681","2026-09-21 12:34"
"baga","62f54426341bc104da4cd739","juanpa","63643e61ca725d01843f0e60","6ab15ac8694b21848c8675af","2026-09-21 12:34"
"M1tzki","668717ff41553d75c689c749","joniber","60cf2c9800ea7b00015231a2","6ab15b65694b21848c8677da","2026-09-21 12:35"
"Ulork","5e2ded716ea510b234a670b2","chiller77","5f072526a958535b8c80351b","6ab15a24c3391fafbec4efbe","2026-09-21 12:35"
"Abbin","663cf56b43111c18760a380c","Brzoza","60ababeffb1efa0001302754","6ab15b93694b21848c86786c","2026-09-21 12:35"
"kenny","65cbc406504fe72cd8cea23e","Conax","683029bd7e7399d1213e44e3","6ab15b5b694b21848c8677bf","2026-09-21 12:35"
"meow","68582b5f8e62427811441b60","男方鬆 - Mr. Nanfsong","6409beba17491edb5a32b684","6ab15bcb694b21848c86794f","2026-09-21 12:35"
"sebastian","667d87ca8401bca3fee14649","good goy","68e85bdb3f2cbbe915cbcd3d","6ab15c53694b21848c867b31","2026-09-21 12:36"
"wisps","60ad03a48b6e1d00012f8e7e","irrational","65ba97ce8b2ba0c747ffa3b7","6ab15b95694b21848c867872","2026-09-21 12:36"
"ferreiro","5f126427d6ca438f24009b8e","Loars_","67c023fa843f4449095fd251","6ab15bfb1261dbb6f54c35fa","2026-09-21 12:36"
"Brazilian Robin Hood","686f06d75e236cb88191d4c9","PechSP","5e9662142ad6cfadc8e2db9d","6ab15c93694b21848c867c06","2026-09-21 12:37"
"Lene","5d52f64824ec173888d82b60","AdriLeGuerrier","623b07c59c555c63c110bf8c","6ab15a19c3391fafbec4ef9a","2026-09-21 12:38"
"meow","68582b5f8e62427811441b60","男方鬆 - Mr. Nanfsong","6409beba17491edb5a32b684","6ab15cbbc3391fafbec4f6f4","2026-09-21 12:38"
"Moritz","604e275b66c3940001ee30ed","OCTAVIVS","64f106e1bc61ebf9b6156353","6ab15b12694b21848c8676b7","2026-09-21 12:38"
"I feel like Pablo","62e80280787f2c0e6c75464b","Sisyphus42","62c30647b04cf935ec6dfec7","6ab15aed694b21848c867645","2026-09-21 12:38"
"гдз по географии 7 класс","6a00adfe661962ad193ddef5","ItzKubek!_","63c56996754dafb086b2123f","6ab15cd8c3391fafbec4f737","2026-09-21 12:38"
"xZenith","6846d165a3008977fe607ade","good goy","68e85bdb3f2cbbe915cbcd3d","6ab15ce81261dbb6f54c3806","2026-09-21 12:39"
"kober","67ad18a09e150413a5e6fa66","Brzoza","60ababeffb1efa0001302754","6ab15c9c0a08be843fe7a51a","2026-09-21 12:39"
"Albanian Guy","58796ade8b9ff486d81bbad5","exegi momentum","5f906300b00b570001274e55","6ab15c74c3391fafbec4f644","2026-09-21 12:40"
"Jayden (Mobile)","61f149e3c24ced00015b4777","zach","621783eaab08b80001371858","6ab15d88694b21848c867fa0","2026-09-21 12:40"
"kober","67ad18a09e150413a5e6fa66","Brzoza","60ababeffb1efa0001302754","6ab15c9c0a08be843fe7a51a","2026-09-21 12:41"
"meow","68582b5f8e62427811441b60","OCTAVIVS","64f106e1bc61ebf9b6156353","6ab15d49694b21848c867eb3","2026-09-21 12:41"
"Loars_","67c023fa843f4449095fd251","ferreiro","5f126427d6ca438f24009b8e","6ab15cf6c3391fafbec4f77f","2026-09-21 12:41"
"baga","62f54426341bc104da4cd739","Tellur","60913e1df96bfb0001bef7e6","6ab15d4a912d627dd1b50db9","2026-09-21 12:41"
"sebastian","667d87ca8401bca3fee14649","good goy","68e85bdb3f2cbbe915cbcd3d","6ab15d85694b21848c867f8d","2026-09-21 12:42"
"Shakazaramesh","5ef2945bbb96627c9ce5f63f","Jayden (Mobile)","61f149e3c24ced00015b4777","6ab15dd6694b21848c8680c9","2026-09-21 12:42"
"Jrriddle","57a6214096ca6774b09dfc10","Patxepi","5dadbcd5dd1dd67ea059494a","6ab15c66912d627dd1b50baa","2026-09-21 12:42"
"路易十六","65337c686711b99177ed189b","we think too much","5eac358a6ea51017fce11159","6ab15c15c3391fafbec4f554","2026-09-21 12:43"
"kenny","65cbc406504fe72cd8cea23e","Conax","683029bd7e7399d1213e44e3","6ab15cff694b21848c867d8c","2026-09-21 12:44"
"男方鬆 - Mr. Nanfsong","6409beba17491edb5a32b684","гдз по географии 7 класс","6a00adfe661962ad193ddef5","6ab15d79694b21848c867f62","2026-09-21 12:44"
"PechSP","5e9662142ad6cfadc8e2db9d","Brzoza","60ababeffb1efa0001302754","6ab15da1c3391fafbec4f971","2026-09-21 12:45"
"Brazilian Robin Hood","686f06d75e236cb88191d4c9","meow","68582b5f8e62427811441b60","6ab15e3fc9379a6954cfb781","2026-09-21 12:45"
"Trotskyism","6006b27ee2a527000163595c","Skaven","684ffbcec374eb437a89fc20","6ab15c0b1261dbb6f54c361f","2026-09-21 12:45"
"lenne","5f1380d2a18d4d486ca41ee1","Mecenas Jefferson","56ab9660aeb0f587e8d0190a","6ab15cd61261dbb6f54c37e5","2026-09-21 12:45"
"Bad At Geo","5d46b0bb3b4b6a4968620f7b","xZenith","6846d165a3008977fe607ade","6ab15dd51261dbb6f54c3ab2","2026-09-21 12:46"
"Albanian Guy","58796ade8b9ff486d81bbad5","exegi momentum","5f906300b00b570001274e55","6ab15dfc694b21848c868145","2026-09-21 12:47"
"Rubber Dinghy Rapids Bro","5b1814ea59669593c4ce555b","rileyrhino4wc2027","63b6a120ed1bf0b1b513dfb8","6ab15c98694b21848c867c1c","2026-09-21 12:47"
"OCTAVIVS","64f106e1bc61ebf9b6156353","Loars_","67c023fa843f4449095fd251","6ab15e1c1261dbb6f54c3b77","2026-09-21 12:47"
"kenny","65cbc406504fe72cd8cea23e","Shakazaramesh","5ef2945bbb96627c9ce5f63f","6ab15ed7694b21848c86846b","2026-09-21 12:48"
"Brzoza","60ababeffb1efa0001302754","男方鬆 - Mr. Nanfsong","6409beba17491edb5a32b684","6ab15ed9c3391fafbec4fd49","2026-09-21 12:48"
"Lene","5d52f64824ec173888d82b60","I feel like Pablo","62e80280787f2c0e6c75464b","6ab15d5a51126cd83a8453e0","2026-09-21 12:48"
"Bad At Geo","5d46b0bb3b4b6a4968620f7b","xZenith","6846d165a3008977fe607ade","6ab15dd51261dbb6f54c3ab2","2026-09-21 12:49"
"joniber","60cf2c9800ea7b00015231a2","good goy","68e85bdb3f2cbbe915cbcd3d","6ab15e52694b21848c868294","2026-09-21 12:49"
"rileyrhino4wc2027","63b6a120ed1bf0b1b513dfb8","Egorsmol","60c7cce623bc770001651df5","6ab15f5ac3391fafbec4fedd","2026-09-21 12:49"
"Ulork","5e2ded716ea510b234a670b2","M1tzki","668717ff41553d75c689c749","6ab15cbbfa17a0f03d71773a","2026-09-21 12:50"
"Maksonic","619d09bdc4ab7000016c68d3","Palmitas","5c0450ca431965af44f4668e","6ab15e8c1261dbb6f54c3ce0","2026-09-21 12:50"
"Moritz","604e275b66c3940001ee30ed","Peter","604b32c70a8833000197ff31","6ab15dbf694b21848c868071","2026-09-21 12:50"
"路易十六","65337c686711b99177ed189b","we think too much","5eac358a6ea51017fce11159","6ab15e85c3391fafbec4fc52","2026-09-21 12:50"
"Trotskyism","6006b27ee2a527000163595c","Zhihh","63b435e80510075fa39ac039","6ab15f3c694b21848c8685ea","2026-09-21 12:50"
"baga","62f54426341bc104da4cd739","MrJoOnS94","67ca274009442b2a8177d243","6ab15efdc3391fafbec4fd9e","2026-09-21 12:50"
"гдз по географии 7 класс","6a00adfe661962ad193ddef5","meow","68582b5f8e62427811441b60","6ab15f23912d627dd1b51274","2026-09-21 12:51"
"Bad At Geo","5d46b0bb3b4b6a4968620f7b","sebastian","667d87ca8401bca3fee14649","6ab15fda1261dbb6f54c404b","2026-09-21 12:52"
"exegi momentum","5f906300b00b570001274e55","rileyrhino4wc2027","63b6a120ed1bf0b1b513dfb8","6ab15fd6694b21848c868839","2026-09-21 12:52"
"男方鬆 - Mr. Nanfsong","6409beba17491edb5a32b684","OCTAVIVS","64f106e1bc61ebf9b6156353","6ab15f8e694b21848c86870c","2026-09-21 12:52"
"wisps","60ad03a48b6e1d00012f8e7e","I feel like Pablo","62e80280787f2c0e6c75464b","6ab15fbb694b21848c8687be","2026-09-21 12:52"
"Kraim","655c88001a146e82ab9593a5","Skcmj","669bbdca232879fb8fd85725","6ab15f10694b21848c86852f","2026-09-21 12:52"
"xZenith","6846d165a3008977fe607ade","Bad At Geo","5d46b0bb3b4b6a4968620f7b","6ab160af694b21848c868b5d","2026-09-21 12:53"
"kriszh #freePatrixo","5922abce1bba700c703b0c00","Albanian Guy","58796ade8b9ff486d81bbad5","6ab15f89694b21848c8686f7","2026-09-21 12:53"
"kober","67ad18a09e150413a5e6fa66","Palmitas","5c0450ca431965af44f4668e","6ab16078912d627dd1b5156a","2026-09-21 12:53"
"chiller77","5f072526a958535b8c80351b","Felix.svb","6856986bb22dea4ae40a3d22","6ab15ce3694b21848c867d36","2026-09-21 12:53"
"Trotskyism","6006b27ee2a527000163595c","路易十六","65337c686711b99177ed189b","6ab16037fa17a0f03d717edf","2026-09-21 12:53"
"Skaven","684ffbcec374eb437a89fc20","Overlord","69b43de1040ac18e740a342f","6ab15f1d1261dbb6f54c3e46","2026-09-21 12:53"
"baga","62f54426341bc104da4cd739","GeoMilo","69d3cda2546b3ae1734ce7a4","6ab1602f694b21848c86899c","2026-09-21 12:54"
"Maksonic","619d09bdc4ab7000016c68d3","kober","67ad18a09e150413a5e6fa66","6ab1604e694b21848c8689fe","2026-09-21 12:55"
"男方鬆 - Mr. Nanfsong","6409beba17491edb5a32b684","rileyrhino4wc2027","63b6a120ed1bf0b1b513dfb8","6ab16081a56dba88a93af5d6","2026-09-21 12:55"
"Egorsmol","60c7cce623bc770001651df5","Zhihh","63b435e80510075fa39ac039","6ab1600d912d627dd1b5148e","2026-09-21 12:55"
"Peter","604b32c70a8833000197ff31","Moritz","604e275b66c3940001ee30ed","6ab1604a694b21848c8689ef","2026-09-21 12:55"
"we think too much","5eac358a6ea51017fce11159","Antigs","5fb70fb9e2c593000135b6e0","6ab16066694b21848c868a55","2026-09-21 12:55"
"xZenith","6846d165a3008977fe607ade","Bad At Geo","5d46b0bb3b4b6a4968620f7b","6ab160e8694b21848c868c1e","2026-09-21 12:56"
"Lene","5d52f64824ec173888d82b60","Shakazaramesh","5ef2945bbb96627c9ce5f63f","6ab15fbec3391fafbec4ffc0","2026-09-21 12:56"
"Palmitas","5c0450ca431965af44f4668e","meow","68582b5f8e62427811441b60","6ab1610e1261dbb6f54c4328","2026-09-21 12:56"
"baga","62f54426341bc104da4cd739","Henry Doherty","62df2cd5430bb74311ca6999","6ab1611e1261dbb6f54c434e","2026-09-21 12:56"
"PechSP","5e9662142ad6cfadc8e2db9d","Brazilian Robin Hood","686f06d75e236cb88191d4c9","6ab15f67694b21848c868687","2026-09-21 12:57"
"Maksonic","619d09bdc4ab7000016c68d3","rileyrhino4wc2027","63b6a120ed1bf0b1b513dfb8","6ab16183694b21848c868e07","2026-09-21 12:57"
"Albanian Guy","58796ade8b9ff486d81bbad5","PANDA","6874e2f8ef3960e599abae7c","6ab160d6694b21848c868be2","2026-09-21 12:57"
"男方鬆 - Mr. Nanfsong","6409beba17491edb5a32b684","kober","67ad18a09e150413a5e6fa66","6ab1614dc3391fafbec503f9","2026-09-21 12:57"
"𝓖𝓮𝓸~𝓲𝓽𝓮𝓻𝓯𝓪𝓬𝓲𝓸≀⑤⑧②","6550ff75cf7966cc5dfe29fe","pisanico","5e59788312777c09acb5f77f","6ab15e75912d627dd1b510c8","2026-09-21 12:57"
"we think too much","5eac358a6ea51017fce11159","Antigs","5fb70fb9e2c593000135b6e0","6ab1613d912d627dd1b5172d","2026-09-21 12:57"
"гдз по географии 7 класс","6a00adfe661962ad193ddef5","OCTAVIVS","64f106e1bc61ebf9b6156353","6ab16081912d627dd1b51581","2026-09-21 12:58"
"MovingHater","68d914efd421b53699c62840","Żukasz","602cfd5dc397fa0001f09dfb","6ab1610a694b21848c868c88","2026-09-21 12:58"
"Pna","6063bbbdf93f57000113fed0","yukimecoq","683d0e9a7433a3e482c0610a","6ab16096c3391fafbec5020e","2026-09-21 12:58"
"joniber","60cf2c9800ea7b00015231a2","M1tzki","668717ff41553d75c689c749","6ab1603873542b950c536294","2026-09-21 12:59"
"Palmitas","5c0450ca431965af44f4668e","meow","68582b5f8e62427811441b60","6ab1618f371316140a5272ef","2026-09-21 12:59"
"Zhihh","63b435e80510075fa39ac039","Peter","604b32c70a8833000197ff31","6ab16156694b21848c868d87","2026-09-21 12:59"
"Bad At Geo","5d46b0bb3b4b6a4968620f7b","xZenith","6846d165a3008977fe607ade","6ab1618e694b21848c868e25","2026-09-21 13:00"
"Mow_Mi_Ksienciu","65567939564ddbb4b6c81c58","гдз по географии 7 класс","6a00adfe661962ad193ddef5","6ab16248c3391fafbec506ad","2026-09-21 13:00"
"Felix.svb","6856986bb22dea4ae40a3d22","kenny","65cbc406504fe72cd8cea23e","6ab16121c3391fafbec5036c","2026-09-21 13:01"
"男方鬆 - Mr. Nanfsong","6409beba17491edb5a32b684","kober","67ad18a09e150413a5e6fa66","6ab161afc3391fafbec504d1","2026-09-21 13:01"
"rileyrhino4wc2027","63b6a120ed1bf0b1b513dfb8","PANDA","6874e2f8ef3960e599abae7c","6ab161eac3391fafbec5057a","2026-09-21 13:01"
"男方鬆 - Mr. Nanfsong","6409beba17491edb5a32b684","kober","67ad18a09e150413a5e6fa66","6ab161afc3391fafbec504d1","2026-09-21 13:01"
"Shakazaramesh","5ef2945bbb96627c9ce5f63f","Trotskyism","6006b27ee2a527000163595c","6ab161901261dbb6f54c4438","2026-09-21 13:01"
"supergaming","5dfe5cfd328e461c04d7fbf2","Firma","5ff879f9ce04930001f6ee64","6ab16065694b21848c868a51","2026-09-21 13:02"
"PANDA","6874e2f8ef3960e599abae7c","OCTAVIVS","64f106e1bc61ebf9b6156353","6ab1622cc3391fafbec50656","2026-09-21 13:02"
"Jrriddle","57a6214096ca6774b09dfc10","esther","5ec5509af849319644f425b8","6ab160e4bd51da030cff69b5","2026-09-21 13:02"
"egon","67d1cdbecf715f3c32f7057a","Fabi","5807295cfbd28f9a6845a86f","6ab16165694b21848c868daf","2026-09-21 13:02"
"shiro","697f7e221d354bb25c810a18","OWNED-BY-JUMPS","6661f0637a64c94aed9d1ecc","6ab1626b694b21848c8690fe","2026-09-21 13:02"
"Bad At Geo","5d46b0bb3b4b6a4968620f7b","xZenith","6846d165a3008977fe607ade","6ab162761261dbb6f54c4661","2026-09-21 13:03"
"Palmitas","5c0450ca431965af44f4668e","meow","68582b5f8e62427811441b60","6ab16239c3391fafbec50684","2026-09-21 13:03"
"Shakazaramesh","5ef2945bbb96627c9ce5f63f","Trotskyism","6006b27ee2a527000163595c","6ab162a01261dbb6f54c46f4","2026-09-21 13:03"
"Peter","604b32c70a8833000197ff31","Zhihh","63b435e80510075fa39ac039","6ab1624c1261dbb6f54c4612","2026-09-21 13:03"
"Antigs","5fb70fb9e2c593000135b6e0","we think too much","5eac358a6ea51017fce11159","6ab161b4694b21848c868eb3","2026-09-21 13:03"
"MovingHater","68d914efd421b53699c62840","Rabe8i","5bf17f75fa37262f1c2c7149","6ab161fa1261dbb6f54c4517","2026-09-21 13:03"
"rileyrhino4wc2027","63b6a120ed1bf0b1b513dfb8","Maksonic","619d09bdc4ab7000016c68d3","6ab162b9694b21848c86923f","2026-09-21 13:04"
"Rubber Dinghy Rapids Bro","5b1814ea59669593c4ce555b","Brzoza","60ababeffb1efa0001302754","6ab15f8e1261dbb6f54c3f61","2026-09-21 13:04"
"Skaven","684ffbcec374eb437a89fc20","Overlord","69b43de1040ac18e740a342f","6ab16279c3391fafbec5072e","2026-09-21 13:04"
"Mow_Mi_Ksienciu","65567939564ddbb4b6c81c58","Palmitas","5c0450ca431965af44f4668e","6ab1629c694b21848c8691c4","2026-09-21 13:05"
"shiro","697f7e221d354bb25c810a18","OWNED-BY-JUMPS","6661f0637a64c94aed9d1ecc","6ab162e91261dbb6f54c47c3","2026-09-21 13:05"
"xLUKSx","64d521a2d30d20f558f0863d","sacajd","636f02e54c2a417c19183d22","6ab16280694b21848c869147","2026-09-21 13:05"
"a-you","5e93a3443d4b6a5af4f11b0b","Albanian Guy","58796ade8b9ff486d81bbad5","6ab1622f912d627dd1b51958","2026-09-21 13:06"
"Felix.svb","6856986bb22dea4ae40a3d22","kenny","65cbc406504fe72cd8cea23e","6ab162d4c3391fafbec50879","2026-09-21 13:06"
"Peter","604b32c70a8833000197ff31","Antigs","5fb70fb9e2c593000135b6e0","6ab1633d51126cd83a845f2f","2026-09-21 13:06"
"PechSP","5e9662142ad6cfadc8e2db9d","Brazilian Robin Hood","686f06d75e236cb88191d4c9","6ab161f91261dbb6f54c4516","2026-09-21 13:07"
"kober","67ad18a09e150413a5e6fa66","rileyrhino4wc2027","63b6a120ed1bf0b1b513dfb8","6ab16366694b21848c86946e","2026-09-21 13:07"
"irrational","65ba97ce8b2ba0c747ffa3b7","Fructidor","5e3712631e34a03504349945","6ab15d3e694b21848c867e92","2026-09-21 13:07"
"MovingHater","68d914efd421b53699c62840","meow","68582b5f8e62427811441b60","6ab1631e912d627dd1b51bd8","2026-09-21 13:07"
"egon","67d1cdbecf715f3c32f7057a","Zhihh","63b435e80510075fa39ac039","6ab16341912d627dd1b51c3f","2026-09-21 13:07"
"Bad At Geo","5d46b0bb3b4b6a4968620f7b","sebastian","667d87ca8401bca3fee14649","6ab16316912d627dd1b51bc8","2026-09-21 13:08"
"Albanian Guy","58796ade8b9ff486d81bbad5","Palmitas","5c0450ca431965af44f4668e","6ab163d3912d627dd1b51d7c","2026-09-21 13:08"
"Trotskyism","6006b27ee2a527000163595c","we think too much","5eac358a6ea51017fce11159","6ab1633e1261dbb6f54c48c9","2026-09-21 13:08"
"esther","5ec5509af849319644f425b8","ItzKubek!_","63c56996754dafb086b2123f","6ab1638e694b21848c8694f6","2026-09-21 13:09"
"Bad At Geo","5d46b0bb3b4b6a4968620f7b","sebastian","667d87ca8401bca3fee14649","6ab16476912d627dd1b51f0f","2026-09-21 13:10"
"supergaming","5dfe5cfd328e461c04d7fbf2","M1tzki","668717ff41553d75c689c749","6ab16310912d627dd1b51bb6","2026-09-21 13:10"
"kober","67ad18a09e150413a5e6fa66","Maksonic","619d09bdc4ab7000016c68d3","6ab1643e912d627dd1b51e85","2026-09-21 13:10"
"Palmitas","5c0450ca431965af44f4668e","a-you","5e93a3443d4b6a5af4f11b0b","6ab163eb912d627dd1b51dc3","2026-09-21 13:10"
"BrianBrobbey","6a7c8155731b5e298427b074","race","603c5c220297940001b84e1a","6ab16284694b21848c86915d","2026-09-21 13:10"
"kriszh #freePatrixo","5922abce1bba700c703b0c00","kenny","65cbc406504fe72cd8cea23e","6ab16409912d627dd1b51e19","2026-09-21 13:11"
"Peter","604b32c70a8833000197ff31","Antigs","5fb70fb9e2c593000135b6e0","6ab163fb694b21848c86964e","2026-09-21 13:11"
"Felix.svb","6856986bb22dea4ae40a3d22","Firma","5ff879f9ce04930001f6ee64","6ab163fc1261dbb6f54c4aa3","2026-09-21 13:12"
"Palmitas","5c0450ca431965af44f4668e","meow","68582b5f8e62427811441b60","6ab16450694b21848c869777","2026-09-21 13:12"
"Brzoza","60ababeffb1efa0001302754","Lene","5d52f64824ec173888d82b60","6ab163731261dbb6f54c494c","2026-09-21 13:12"
"Shakazaramesh","5ef2945bbb96627c9ce5f63f","Mow_Mi_Ksienciu","65567939564ddbb4b6c81c58","6ab163d7694b21848c8695db","2026-09-21 13:12"
"Trotskyism","6006b27ee2a527000163595c","egon","67d1cdbecf715f3c32f7057a","6ab1646b1261dbb6f54c4bbe","2026-09-21 13:12"
"Bad At Geo","5d46b0bb3b4b6a4968620f7b","sebastian","667d87ca8401bca3fee14649","6ab164e5103a16612b990743","2026-09-21 13:13"
"esther","5ec5509af849319644f425b8","ItzKubek!_","63c56996754dafb086b2123f","6ab164e61261dbb6f54c4cc6","2026-09-21 13:13"
"Maksonic","619d09bdc4ab7000016c68d3","kenny","65cbc406504fe72cd8cea23e","6ab164f9694b21848c8699ad","2026-09-21 13:14"
"a-you","5e93a3443d4b6a5af4f11b0b","Palmitas","5c0450ca431965af44f4668e","6ab164c0694b21848c8698d5","2026-09-21 13:15"
"Kilkum","61b228be008ec800015ff0a9","pisanico","5e59788312777c09acb5f77f","6ab16234694b21848c869062","2026-09-21 13:15"
"OCTAVIVS","64f106e1bc61ebf9b6156353","fatslump","603e28ef0297940001b93db1","6ab16413c3391fafbec50c2f","2026-09-21 13:15"
"Kapten","5a973147afad0f2a68438531","PechSP","5e9662142ad6cfadc8e2db9d","6ab164a3c3391fafbec50db4","2026-09-21 13:16"
"wisps","60ad03a48b6e1d00012f8e7e","Grategonalop","5d0cfad48b19a91fe05aaa20","6ab163ffc3391fafbec50bf5","2026-09-21 13:16"
"meow","68582b5f8e62427811441b60","Mow_Mi_Ksienciu","65567939564ddbb4b6c81c58","6ab1654bc3391fafbec50fd2","2026-09-21 13:16"
"kenny","65cbc406504fe72cd8cea23e","Palmitas","5c0450ca431965af44f4668e","6ab1661f103a16612b990a13","2026-09-21 13:17"
"Antigs","5fb70fb9e2c593000135b6e0","egon","67d1cdbecf715f3c32f7057a","6ab16562694b21848c869b02","2026-09-21 13:17"
"M1tzki","668717ff41553d75c689c749","Felix.svb","6856986bb22dea4ae40a3d22","6ab16554694b21848c869ac7","2026-09-21 13:18"
"habesh","647734d056305f7bf5561a4e","Rubber Dinghy Rapids Bro","5b1814ea59669593c4ce555b","6ab16353c3391fafbec50a09","2026-09-21 13:18"
"Palmitas","5c0450ca431965af44f4668e","hi","695e97d824016921ce7057f2","6ab16676c3391fafbec51395","2026-09-21 13:18"
"[FatSnail] SavetheSnail","591790fc1bba70b6146c6485","mav1land","63f4a2bda13ee3ab588d6275","6ab165fa694b21848c869d7f","2026-09-21 13:19"
"Mow_Mi_Ksienciu","65567939564ddbb4b6c81c58","meow","68582b5f8e62427811441b60","6ab1663f694b21848c869e9a","2026-09-21 13:19"
"Peter","604b32c70a8833000197ff31","Trotskyism","6006b27ee2a527000163595c","6ab16589912d627dd1b52197","2026-09-21 13:19"
"we think too much","5eac358a6ea51017fce11159","Antigs","5fb70fb9e2c593000135b6e0","6ab166601261dbb6f54c50a7","2026-09-21 13:19"
"Fructidor","5e3712631e34a03504349945","Brzoza","60ababeffb1efa0001302754","6ab16563694b21848c869b09","2026-09-21 13:20"
"Jrriddle","57a6214096ca6774b09dfc10","esther","5ec5509af849319644f425b8","6ab165ca694b21848c869cca","2026-09-21 13:20"
"meow","68582b5f8e62427811441b60","Rabe8i","5bf17f75fa37262f1c2c7149","6ab16702694b21848c86a1af","2026-09-21 13:21"
"OCTAVIVS","64f106e1bc61ebf9b6156353","Jannik","6a0c58030808c41cb15866fe","6ab16624912d627dd1b52312","2026-09-21 13:21"
"tripleJJJ","606746dda95f2c00017f9ecd","ImShinx","5f04af67d94a1550f0e79c76","6ab1662d694b21848c869e4e","2026-09-21 13:21"
"hi","695e97d824016921ce7057f2","Palmitas","5c0450ca431965af44f4668e","6ab166c92b2eaf179f5b3fd9","2026-09-21 13:22"
"Yeetmaster","5dad9d5b90bbda734c8ffc4a","Sisyphus42","62c30647b04cf935ec6dfec7","6ab1649e694b21848c869864","2026-09-21 13:22"
"Palmitas","5c0450ca431965af44f4668e","Mow_Mi_Ksienciu","65567939564ddbb4b6c81c58","6ab166fbc3391fafbec51545","2026-09-21 13:23"
"we think too much","5eac358a6ea51017fce11159","Antigs","5fb70fb9e2c593000135b6e0","6ab16719c3391fafbec515b0","2026-09-21 13:23"
"egon","67d1cdbecf715f3c32f7057a","Annabel","5a5416d257f1750a400b64cd","6ab166620a08be843fe7b7d6","2026-09-21 13:23"
"xZenith","6846d165a3008977fe607ade","good goy","68e85bdb3f2cbbe915cbcd3d","6ab16734694b21848c86a266","2026-09-21 13:24"
"KaTaY1na","607d88c2d328170001c44287","Rabe8i","5bf17f75fa37262f1c2c7149","6ab1677fc3391fafbec5171a","2026-09-21 13:24"
"Firma","5ff879f9ce04930001f6ee64","Lene","5d52f64824ec173888d82b60","6ab16586103a16612b9908bd","2026-09-21 13:25"
"wisps","60ad03a48b6e1d00012f8e7e","hi","695e97d824016921ce7057f2","6ab167ea912d627dd1b52768","2026-09-21 13:25"
"tendog","5a939ca4ef196f9c24d167a6","Bontakun","668b17e844280f73b79ff5b1","6ab165f7912d627dd1b522a2","2026-09-21 13:25"
"PechSP","5e9662142ad6cfadc8e2db9d","kenny","65cbc406504fe72cd8cea23e","6ab166991261dbb6f54c5127","2026-09-21 13:26"
"thomas petruv","6000461b23fa0d00011e9f10","OCTAVIVS","64f106e1bc61ebf9b6156353","6ab16787c9379a6954cfba71","2026-09-21 13:26"
"meow","68582b5f8e62427811441b60","𝓖𝓮𝓸~𝓲𝓽𝓮𝓻𝓯𝓪𝓬𝓲𝓸≀⑤⑧②","6550ff75cf7966cc5dfe29fe","6ab16761c3391fafbec516a3","2026-09-21 13:27"
"Surgut sand","5ec369eae7115241a4e75beb","mav1land","63f4a2bda13ee3ab588d6275","6ab167c61261dbb6f54c5443","2026-09-21 13:27"
"M1tzki","668717ff41553d75c689c749","Felix.svb","6856986bb22dea4ae40a3d22","6ab166ee694b21848c86a149","2026-09-21 13:28"
"Mow_Mi_Ksienciu","65567939564ddbb4b6c81c58","egon","67d1cdbecf715f3c32f7057a","6ab1680f1261dbb6f54c5528","2026-09-21 13:28"
"KaTaY1na","607d88c2d328170001c44287","Fxrzs","676edd67b060daec5f128233","6ab16824371316140a52806e","2026-09-21 13:28"
"Antigs","5fb70fb9e2c593000135b6e0","we think too much","5eac358a6ea51017fce11159","6ab167ce694b21848c86a463","2026-09-21 13:28"
"thomas petruv","6000461b23fa0d00011e9f10","Jannik","6a0c58030808c41cb15866fe","6ab1687f694b21848c86a738","2026-09-21 13:28"
"xZenith","6846d165a3008977fe607ade","good goy","68e85bdb3f2cbbe915cbcd3d","6ab16852694b21848c86a672","2026-09-21 13:29"
"supergaming","5dfe5cfd328e461c04d7fbf2","wang4wc2027(徒弟yang)","64df30f334185dd27cf839a7","6ab168b3103a16612b990f73","2026-09-21 13:29"
"Al-Mi'raj","64ac2c32da49c71079205210","Maksonic","619d09bdc4ab7000016c68d3","6ab168531261dbb6f54c55ed","2026-09-21 13:29"
"Palmitas","5c0450ca431965af44f4668e","Shakazaramesh","5ef2945bbb96627c9ce5f63f","6ab167f5912d627dd1b5278e","2026-09-21 13:29"
"meow","68582b5f8e62427811441b60","mav1land","63f4a2bda13ee3ab588d6275","6ab168eec3391fafbec51bca","2026-09-21 13:29"
"tripleJJJ","606746dda95f2c00017f9ecd","Annabel","5a5416d257f1750a400b64cd","6ab1688d694b21848c86a797","2026-09-21 13:29"
"Brzoza","60ababeffb1efa0001302754","Fructidor","5e3712631e34a03504349945","6ab1673e3d67e4b4d72c069a","2026-09-21 13:30"
"mav1land","63f4a2bda13ee3ab588d6275","OCTAVIVS","64f106e1bc61ebf9b6156353","6ab16958694b21848c86aaeb","2026-09-21 13:30"
"kriszh #freePatrixo","5922abce1bba700c703b0c00","Mati_01","626d0e7318005f1f25a53151","6ab167ca0978081b5531d961","2026-09-21 13:31"
"hi","695e97d824016921ce7057f2","[FatSnail] SavetheSnail","591790fc1bba70b6146c6485","6ab16877912d627dd1b5290d","2026-09-21 13:31"
"OCTAVIVS","64f106e1bc61ebf9b6156353","Thomas4183b","60194a73ccb73b00018edf77","6ab16969103a16612b9910f3","2026-09-21 13:31"
"Lost Paradise","66e46f109b53fcb55436dd52","kenny","65cbc406504fe72cd8cea23e","6ab168fa694b21848c86a945","2026-09-21 13:32"
"Shakazaramesh","5ef2945bbb96627c9ce5f63f","Mow_Mi_Ksienciu","65567939564ddbb4b6c81c58","6ab1692d3d67e4b4d72c0a7a","2026-09-21 13:32"
"Kilkum","61b228be008ec800015ff0a9","pisanico","5e59788312777c09acb5f77f","6ab165fcc3391fafbec51216","2026-09-21 13:32"
"PechSP","5e9662142ad6cfadc8e2db9d","Firma","5ff879f9ce04930001f6ee64","6ab168d1371316140a528218","2026-09-21 13:33"
"Maksonic","619d09bdc4ab7000016c68d3","Al-Mi'raj","64ac2c32da49c71079205210","6ab16979694b21848c86ab78","2026-09-21 13:33"
"mav1land","63f4a2bda13ee3ab588d6275","meow","68582b5f8e62427811441b60","6ab169a0912d627dd1b52c27","2026-09-21 13:33"
"Antigs","5fb70fb9e2c593000135b6e0","Pna","6063bbbdf93f57000113fed0","6ab16905fa17a0f03d719088","2026-09-21 13:33"
"tozangezan","5a33d4491cbd1560d0eaed6b","[FatSnail] SavetheSnail","591790fc1bba70b6146c6485","6ab169e21261dbb6f54c5a9b","2026-09-21 13:34"
"Thomas4183b","60194a73ccb73b00018edf77","Cunctor","661822edf35b9c71ad4dd601","6ab169fc694b21848c86ad58","2026-09-21 13:34"
"Unc","6876a81aaf5ea16088df663a","resident","6919ea6aa5259496d039943a","6ab16a23694b21848c86ade1","2026-09-21 13:34"
"Felix.svb","6856986bb22dea4ae40a3d22","good goy","68e85bdb3f2cbbe915cbcd3d","6ab1695bc9379a6954cfbb1f","2026-09-21 13:35"
"thomas petruv","6000461b23fa0d00011e9f10","we think too much","5eac358a6ea51017fce11159","6ab16940c3391fafbec51cb0","2026-09-21 13:35"
"Firma","5ff879f9ce04930001f6ee64","kriszh #freePatrixo","5922abce1bba700c703b0c00","6ab16a50694b21848c86ae7d","2026-09-21 13:36"
"Al-Mi'raj","64ac2c32da49c71079205210","mav1land","63f4a2bda13ee3ab588d6275","6ab16a33c3391fafbec51ff3","2026-09-21 13:36"
"Skrillicon","63655c683f13a9e2cceb27d9","Brzoza","60ababeffb1efa0001302754","6ab169bd912d627dd1b52c6e","2026-09-21 13:36"
"meow","68582b5f8e62427811441b60","Unc","6876a81aaf5ea16088df663a","6ab16a7a694b21848c86af1e","2026-09-21 13:36"
"Mati_01","626d0e7318005f1f25a53151","wang4wc2027(徒弟yang)","64df30f334185dd27cf839a7","6ab16a2c694b21848c86adfe","2026-09-21 13:37"
"kenny","65cbc406504fe72cd8cea23e","Shakazaramesh","5ef2945bbb96627c9ce5f63f","6ab169fa694b21848c86ad52","2026-09-21 13:37"
"tendog","5a939ca4ef196f9c24d167a6","hazza17263","5612bdab5b41f80c20619fb0","6ab1685b912d627dd1b528be","2026-09-21 13:37"
"Felix.svb","6856986bb22dea4ae40a3d22","good goy","68e85bdb3f2cbbe915cbcd3d","6ab16ab4694b21848c86b018","2026-09-21 13:38"
"mav1land","63f4a2bda13ee3ab588d6275","Joshkabloomy","604c5a52e142340001a0a666","6ab16b3a1261dbb6f54c5e75","2026-09-21 13:39"
"we think too much","5eac358a6ea51017fce11159","chuchichästli1#","696cbc1fda3957f671f9a044","6ab16aa6694b21848c86afd2","2026-09-21 13:39"
"Unc","6876a81aaf5ea16088df663a","race","603c5c220297940001b84e1a","6ab16b10694b21848c86b1e9","2026-09-21 13:39"
"Pna","6063bbbdf93f57000113fed0","KAITOOO","62e8c3ab0065abc49aca361d","6ab16a63694b21848c86aed7","2026-09-21 13:39"
"Firma","5ff879f9ce04930001f6ee64","Batze","66264a9232424d7626d17d76","6ab16b011261dbb6f54c5dc5","2026-09-21 13:40"
"Al-Mi'raj","64ac2c32da49c71079205210","kenny","65cbc406504fe72cd8cea23e","6ab16bd0371316140a528959","2026-09-21 13:40"
"Brzoza","60ababeffb1efa0001302754","meow","68582b5f8e62427811441b60","6ab16af3694b21848c86b178","2026-09-21 13:40"
"thomas petruv","6000461b23fa0d00011e9f10","Action2410","6600817f787a1218b6f41ff2","6ab16a9c694b21848c86afa6","2026-09-21 13:40"
"Kapten","5a973147afad0f2a68438531","plotter","674c4756fb60b9f111e6e0b4","6ab16909694b21848c86a981","2026-09-21 13:41"
"M1tzki","668717ff41553d75c689c749","supergaming","5dfe5cfd328e461c04d7fbf2","6ab169d6912d627dd1b52cb4","2026-09-21 13:41"
"Mati_01","626d0e7318005f1f25a53151","Geomalick","61fd64f28c0f8100014ebf0b","6ab16b26103a16612b9914ad","2026-09-21 13:41"
"PechSP","5e9662142ad6cfadc8e2db9d","tozangezan","5a33d4491cbd1560d0eaed6b","6ab16aad912d627dd1b52ee8","2026-09-21 13:41"
"Al-Mi'raj","64ac2c32da49c71079205210","kenny","65cbc406504fe72cd8cea23e","6ab16bd0371316140a528959","2026-09-21 13:41"
"Unc","6876a81aaf5ea16088df663a","chuchichästli1#","696cbc1fda3957f671f9a044","6ab16ba4694b21848c86b46f","2026-09-21 13:41"
"Felix.svb","6856986bb22dea4ae40a3d22","good goy","68e85bdb3f2cbbe915cbcd3d","6ab16b5b694b21848c86b364","2026-09-21 13:42"
"Firma","5ff879f9ce04930001f6ee64","Mati_01","626d0e7318005f1f25a53151","6ab16c0e694b21848c86b591","2026-09-21 13:43"
"wang4wc2027(徒弟yang)","64df30f334185dd27cf839a7","kriszh #freePatrixo","5922abce1bba700c703b0c00","6ab16bc9256f482f9bce9e91","2026-09-21 13:43"
"we think too much","5eac358a6ea51017fce11159","Antigs","5fb70fb9e2c593000135b6e0","6ab16ba2694b21848c86b45e","2026-09-21 13:44"
"Unc","6876a81aaf5ea16088df663a","meow","68582b5f8e62427811441b60","6ab16c37c3391fafbec525ed","2026-09-21 13:44"
"SanderFMC","62ce8106f827cbfd72056f46","esther","5ec5509af849319644f425b8","6ab16a17912d627dd1b52d55","2026-09-21 13:44"
"Geomalick","61fd64f28c0f8100014ebf0b","good goy","68e85bdb3f2cbbe915cbcd3d","6ab16c7d694b21848c86b73a","2026-09-21 13:45"
"cryptal","68da8c9b361db7a9867df6ec","Swing Lo Magellan","67eabbfd9e3b1b940c198a81","6ab16b10694b21848c86b1ea","2026-09-21 13:45"
"Al-Mi'raj","64ac2c32da49c71079205210","tozangezan","5a33d4491cbd1560d0eaed6b","6ab16c01694b21848c86b576","2026-09-21 13:46"
"wisps","60ad03a48b6e1d00012f8e7e","𝓖𝓮𝓸~𝓲𝓽𝓮𝓻𝓯𝓪𝓬𝓲𝓸≀⑤⑧②","6550ff75cf7966cc5dfe29fe","6ab168e8694b21848c86a8fa","2026-09-21 13:46"
"meow","68582b5f8e62427811441b60","Senty","65dc836b33066622c3ebfb88","6ab16ce8c3391fafbec527c1","2026-09-21 13:46"
"kenny","65cbc406504fe72cd8cea23e","Al-Mi'raj","64ac2c32da49c71079205210","6ab16c1b694b21848c86b5bb","2026-09-21 13:47"
"Thomas4183b","60194a73ccb73b00018edf77","Mestre3342","60bcb2627521290001a84cac","6ab16acf694b21848c86b0b6","2026-09-21 13:47"
"race","603c5c220297940001b84e1a","Gknolle9","638a068b6709ad1074d14898","6ab16d471261dbb6f54c6360","2026-09-21 13:47"
"good goy","68e85bdb3f2cbbe915cbcd3d","Geomalick","61fd64f28c0f8100014ebf0b","6ab16d0dc3391fafbec52806","2026-09-21 13:48"
"Brzoza","60ababeffb1efa0001302754","L'Hank the Dawnstreak","628e0d478e5ef3a3ca163627","6ab16bf10a08be843fe7c40f","2026-09-21 13:48"
"meow","68582b5f8e62427811441b60","Senty","65dc836b33066622c3ebfb88","6ab16d54256f482f9bcea346","2026-09-21 13:48"
"Unc","6876a81aaf5ea16088df663a","thomas petruv","6000461b23fa0d00011e9f10","6ab16cdf256f482f9bcea1bf","2026-09-21 13:48"
"Firma","5ff879f9ce04930001f6ee64","wang4wc2027(徒弟yang)","64df30f334185dd27cf839a7","6ab16d04256f482f9bcea245","2026-09-21 13:49"
"Mati_01","626d0e7318005f1f25a53151","Markus Benz","6109729e88f8fa00013f1db2","6ab16c87256f482f9bcea0b4","2026-09-21 13:49"
"Al-Mi'raj","64ac2c32da49c71079205210","Asteroid","69dbdc1efb7bdfcff7ddf99d","6ab16d9f694b21848c86bad3","2026-09-21 13:49"
"Skrillicon","63655c683f13a9e2cceb27d9","Dictator Mbappe","697ec2084f2fb1a1a48cb642","6ab16c9d1261dbb6f54c61f3","2026-09-21 13:49"
"pisanico","5e59788312777c09acb5f77f","hi","695e97d824016921ce7057f2","6ab16a2cc3391fafbec51fe3","2026-09-21 13:49"
"FMC","638348f8910c9ca0fbb4fa15","Fifonż","62a47f05cc33a10539b724eb","6ab16c72694b21848c86b715","2026-09-21 13:49"
"Antigs","5fb70fb9e2c593000135b6e0","we think too much","5eac358a6ea51017fce11159","6ab16cd5256f482f9bcea1a5","2026-09-21 13:49"
"cryptal","68da8c9b361db7a9867df6ec","Lebron James","69f1903c702a7978150c1f60","6ab16d25c3391fafbec5284b","2026-09-21 13:49"
"M1tzki","668717ff41553d75c689c749","supergaming","5dfe5cfd328e461c04d7fbf2","6ab16c47c3391fafbec52621","2026-09-21 13:50"
"Fructidor","5e3712631e34a03504349945","irrational","65ba97ce8b2ba0c747ffa3b7","6ab169c3694b21848c86ac7d","2026-09-21 13:50"
"Shakazaramesh","5ef2945bbb96627c9ce5f63f","Blanecin","5e8781f3b3ec177638be489a","6ab16bbec3391fafbec524b3","2026-09-21 13:50"
"meow","68582b5f8e62427811441b60","Unc","6876a81aaf5ea16088df663a","6ab16dc41261dbb6f54c647e","2026-09-21 13:50"
"PLK","62179a5c8e88d400010d91ea","Firma","5ff879f9ce04930001f6ee64","6ab16df5c3391fafbec52a67","2026-09-21 13:51"
"Al-Mi'raj","64ac2c32da49c71079205210","Asteroid","69dbdc1efb7bdfcff7ddf99d","6ab16d9f694b21848c86bad3","2026-09-21 13:51"
"we think too much","5eac358a6ea51017fce11159","Antigs","5fb70fb9e2c593000135b6e0","6ab16de0256f482f9bcea543","2026-09-21 13:51"
"Pna","6063bbbdf93f57000113fed0","nevada","6299d3a1e3066f290c479350","6ab16c85256f482f9bcea0a7","2026-09-21 13:51"
"thomas petruv","6000461b23fa0d00011e9f10","race","603c5c220297940001b84e1a","6ab16db2256f482f9bcea494","2026-09-21 13:52"
"cryptal","68da8c9b361db7a9867df6ec","Lebron James","69f1903c702a7978150c1f60","6ab16df3694b21848c86bbd4","2026-09-21 13:52"
"PechSP","5e9662142ad6cfadc8e2db9d","Batze","66264a9232424d7626d17d76","6ab16c06256f482f9bce9ef8","2026-09-21 13:53"
"Mati_01","626d0e7318005f1f25a53151","Markus Benz","6109729e88f8fa00013f1db2","6ab16e10256f482f9bcea5e4","2026-09-21 13:54"
"good goy","68e85bdb3f2cbbe915cbcd3d","Geomalick","61fd64f28c0f8100014ebf0b","6ab16dba256f482f9bcea4af","2026-09-21 13:54"
"supergaming","5dfe5cfd328e461c04d7fbf2","Dan YAile","60ef0697612a5400012c89a3","6ab16e55256f482f9bcea709","2026-09-21 13:54"
"L'Hank the Dawnstreak","628e0d478e5ef3a3ca163627","hi","695e97d824016921ce7057f2","6ab16dfe694b21848c86bbf8","2026-09-21 13:54"
"FranzSanchez","68b3e3b52c6db073218b382c","Wiczka","6a9b452e533abfed24acaf9e","6ab16e9b256f482f9bcea7f4","2026-09-21 13:54"
"Unc","6876a81aaf5ea16088df663a","Senty","65dc836b33066622c3ebfb88","6ab16e21256f482f9bcea637","2026-09-21 13:54"
"1Kenma","67f1e53d840a2b6316eb1c59","KAITOOO","62e8c3ab0065abc49aca361d","6ab16da2c3391fafbec52990","2026-09-21 13:54"
"thomas petruv","6000461b23fa0d00011e9f10","meow","68582b5f8e62427811441b60","6ab16e9b256f482f9bcea7f7","2026-09-21 13:55"
"we think too much","5eac358a6ea51017fce11159","Dictator Mbappe","697ec2084f2fb1a1a48cb642","6ab16e92256f482f9bcea7d5","2026-09-21 13:55"
"Mestre3342","60bcb2627521290001a84cac","esther","5ec5509af849319644f425b8","6ab16d88256f482f9bcea3db","2026-09-21 13:55"
"Geomalick","61fd64f28c0f8100014ebf0b","good goy","68e85bdb3f2cbbe915cbcd3d","6ab16f091261dbb6f54c67f1","2026-09-21 13:56"
"Asteroid","69dbdc1efb7bdfcff7ddf99d","wang4wc2027(徒弟yang)","64df30f334185dd27cf839a7","6ab16e3ac3391fafbec52b05","2026-09-21 13:56"
"Geomalick","61fd64f28c0f8100014ebf0b","good goy","68e85bdb3f2cbbe915cbcd3d","6ab16f091261dbb6f54c67f1","2026-09-21 13:57"
"cryptal","68da8c9b361db7a9867df6ec","Lebron James","69f1903c702a7978150c1f60","6ab16eaa1261dbb6f54c66ec","2026-09-21 13:57"
"Jeremi","6007886fcafc2e00011be9cd","Blanecin","5e8781f3b3ec177638be489a","6ab16e231261dbb6f54c65ba","2026-09-21 13:57"
"Antigs","5fb70fb9e2c593000135b6e0","Pna","6063bbbdf93f57000113fed0","6ab16e8b694b21848c86bdaa","2026-09-21 13:57"
"Maksonic","619d09bdc4ab7000016c68d3","Batze","66264a9232424d7626d17d76","6ab16f03694b21848c86bf38","2026-09-21 13:58"
"Skrillicon","63655c683f13a9e2cceb27d9","Dan YAile","60ef0697612a5400012c89a3","6ab16f671261dbb6f54c68ea","2026-09-21 13:58"
"Schwarzweiss","5cfadc71b741f84acc8b23df","Unc","6876a81aaf5ea16088df663a","6ab16f23256f482f9bcea9bf","2026-09-21 13:58"
"race","603c5c220297940001b84e1a","Senty","65dc836b33066622c3ebfb88","6ab16f59694b21848c86c01d","2026-09-21 13:58"
"Al Horford","6780ea19220bf0b5884b6412","Asteroid","69dbdc1efb7bdfcff7ddf99d","6ab16f941261dbb6f54c6950","2026-09-21 14:00"
"Xick","6227d06fc4123c000192c138","Geomalick","61fd64f28c0f8100014ebf0b","6ab16fab1261dbb6f54c6992","2026-09-21 14:00"
"thomas petruv","6000461b23fa0d00011e9f10","Mestre3342","60bcb2627521290001a84cac","6ab16f70c3391fafbec52e42","2026-09-21 14:00"
"Firma","5ff879f9ce04930001f6ee64","PLK","62179a5c8e88d400010d91ea","6ab16ec11261dbb6f54c6738","2026-09-21 14:01"
"justachair","5e07eecc1b34a05538118ee3","Dan YAile","60ef0697612a5400012c89a3","6ab170443779c6204c6f0899","2026-09-21 14:01"
"Marina","66e18bb8a751be2c53805fb7","Dan YAile","60ef0697612a5400012c89a3","6ab16f44c3391fafbec52dce","2026-09-21 14:01"
"Dictator Mbappe","697ec2084f2fb1a1a48cb642","we think too much","5eac358a6ea51017fce11159","6ab16f5c694b21848c86c02e","2026-09-21 14:01"
"FMC","638348f8910c9ca0fbb4fa15","BrianBrobbey","6a7c8155731b5e298427b074","6ab16e0dc3391fafbec52a93","2026-09-21 14:01"
"Schwarzweiss","5cfadc71b741f84acc8b23df","Mestre3342","60bcb2627521290001a84cac","6ab1706f256f482f9bceae66","2026-09-21 14:02"
"Geomalick","61fd64f28c0f8100014ebf0b","PLK","62179a5c8e88d400010d91ea","6ab170cd694b21848c86c4a2","2026-09-21 14:03"
"Dan YAile","60ef0697612a5400012c89a3","justachair","5e07eecc1b34a05538118ee3","6ab170f3256f482f9bceb053","2026-09-21 14:03"
"tozangezan","5a33d4491cbd1560d0eaed6b","Kilkum","61b228be008ec800015ff0a9","6ab16d573779c6204c6f030b","2026-09-21 14:03"
"Asteroid","69dbdc1efb7bdfcff7ddf99d","SigmaLigma","641e0c54c1155de1803057b1","6ab170eb256f482f9bceb038","2026-09-21 14:04"
"gomes","5e7e08d33d4b6a4440a1fb08","thomas petruv","6000461b23fa0d00011e9f10","6ab170f4c3391fafbec53285","2026-09-21 14:04"
"race","603c5c220297940001b84e1a","esther","5ec5509af849319644f425b8","6ab170c5912d627dd1b53cea","2026-09-21 14:04"
"Firma","5ff879f9ce04930001f6ee64","PLK","62179a5c8e88d400010d91ea","6ab17159256f482f9bceb1d5","2026-09-21 14:05"
"Xick","6227d06fc4123c000192c138","Maksonic","619d09bdc4ab7000016c68d3","6ab170ae256f482f9bceaf63","2026-09-21 14:05"
"Blanecin","5e8781f3b3ec177638be489a","Primzahl","63a4bfd4030a368d18291a84","6ab1705b256f482f9bceae27","2026-09-21 14:05"
"supergaming","5dfe5cfd328e461c04d7fbf2","Markus Benz","6109729e88f8fa00013f1db2","6ab16f32c3391fafbec52dad","2026-09-21 14:06"
"Marina","66e18bb8a751be2c53805fb7","Dan YAile","60ef0697612a5400012c89a3","6ab170fa51126cd83a847c2a","2026-09-21 14:06"
"we think too much","5eac358a6ea51017fce11159","Schwarzweiss","5cfadc71b741f84acc8b23df","6ab171284934caa3356881da","2026-09-21 14:06"
"cryptal","68da8c9b361db7a9867df6ec","Lebron James","69f1903c702a7978150c1f60","6ab170ca256f482f9bceafbd","2026-09-21 14:06"
"Zé da Pamonha","6996505bf658592ab03fa17e","Antigs","5fb70fb9e2c593000135b6e0","6ab16ff3694b21848c86c20f","2026-09-21 14:06"
"Geomalick","61fd64f28c0f8100014ebf0b","PLK","62179a5c8e88d400010d91ea","6ab171bb1261dbb6f54c6f0c","2026-09-21 14:07"
"Skrillicon","63655c683f13a9e2cceb27d9","Asteroid","69dbdc1efb7bdfcff7ddf99d","6ab17196256f482f9bceb2c7","2026-09-21 14:07"
"L'Hank the Dawnstreak","628e0d478e5ef3a3ca163627","Stephen","5d87615adf1dd672b8a144b5","6ab170061261dbb6f54c6a85","2026-09-21 14:08"
"Dan YAile","60ef0697612a5400012c89a3","tozangezan","5a33d4491cbd1560d0eaed6b","6ab17152c3391fafbec53369","2026-09-21 14:08"
"Thesice","5ec5a4cbf849319644f4436c","Max","6848311d58641f3dbbbb326f","6ab17256256f482f9bceb5b9","2026-09-21 14:09"
"Markus Benz","6109729e88f8fa00013f1db2","Marina","66e18bb8a751be2c53805fb7","6ab172081261dbb6f54c6fd0","2026-09-21 14:10"
"Dan YAile","60ef0697612a5400012c89a3","Xick","6227d06fc4123c000192c138","6ab17231694b21848c86c962","2026-09-21 14:10"
"justachair","5e07eecc1b34a05538118ee3","Kuba","6744ee112d6c958a853b52a6","6ab1717f256f482f9bceb267","2026-09-21 14:10"
"FMC","638348f8910c9ca0fbb4fa15","Preussen","64da4d57e44ffbb819d935b1","6ab170d9256f482f9bceafef","2026-09-21 14:10"
"gomes","5e7e08d33d4b6a4440a1fb08","ScabTheSidewalk","691f64b9c0688aaea23c00dd","6ab171d91261dbb6f54c6f63","2026-09-21 14:10"
"supergaming","5dfe5cfd328e461c04d7fbf2","Asteroid","69dbdc1efb7bdfcff7ddf99d","6ab17248256f482f9bceb592","2026-09-21 14:11"
"we think too much","5eac358a6ea51017fce11159","Antigs","5fb70fb9e2c593000135b6e0","6ab1720cc3391fafbec535a8","2026-09-21 14:11"
"Szymono","613295acc4b5740001f1bfdf","Bar Ban","61d5db412cdea40001981c53","6ab17162c3391fafbec5339a","2026-09-21 14:11"
"tendog","5a939ca4ef196f9c24d167a6","LunacyEcho","598f4c4643a1435770466c2a","6ab16cda256f482f9bcea1af","2026-09-21 14:11"
"chiller77","5f072526a958535b8c80351b","Batze","66264a9232424d7626d17d76","6ab170501261dbb6f54c6b57","2026-09-21 14:12"
"Kilensky","66860b55973f6573ed81e050","Brzoza","60ababeffb1efa0001302754","6ab16dd5694b21848c86bb53","2026-09-21 14:13"
"SigmaLigma","641e0c54c1155de1803057b1","Blanecin","5e8781f3b3ec177638be489a","6ab171c9c3391fafbec534d1","2026-09-21 14:13"
"Marina","66e18bb8a751be2c53805fb7","Dan YAile","60ef0697612a5400012c89a3","6ab172f5256f482f9bceb820","2026-09-21 14:13"
"happy ikkyu","6952d94ec80462179225f1d5","Kuba","6744ee112d6c958a853b52a6","6ab172d7371316140a5297f6","2026-09-21 14:13"
"plotter","674c4756fb60b9f111e6e0b4","Anu","5eae84426ea510842c0ed215","6ab17227694b21848c86c933","2026-09-21 14:14"
"Jakob","6330202c43032ef573d382eb","xZenith","6846d165a3008977fe607ade","6ab172f2912d627dd1b541dc","2026-09-21 14:14"
"gomes","5e7e08d33d4b6a4440a1fb08","Antigs","5fb70fb9e2c593000135b6e0","6ab1730f694b21848c86cc42","2026-09-21 14:14"
"M1tzki","668717ff41553d75c689c749","wang4wc2027(徒弟yang)","64df30f334185dd27cf839a7","6ab17121694b21848c86c5c3","2026-09-21 14:15"
"supergaming","5dfe5cfd328e461c04d7fbf2","Asteroid","69dbdc1efb7bdfcff7ddf99d","6ab17312256f482f9bceb88a","2026-09-21 14:15"
"Geomalick","61fd64f28c0f8100014ebf0b","Maksonic","619d09bdc4ab7000016c68d3","6ab17275694b21848c86ca41","2026-09-21 14:15"
"Xick","6227d06fc4123c000192c138","Markus Benz","6109729e88f8fa00013f1db2","6ab172f30a08be843fe7d196","2026-09-21 14:15"
"Kuba","6744ee112d6c958a853b52a6","Mow_Mi_Ksienciu","65567939564ddbb4b6c81c58","6ab1737d371316140a5299b5","2026-09-21 14:15"
"Szymono","613295acc4b5740001f1bfdf","PANDA","6874e2f8ef3960e599abae7c","6ab1731ec3391fafbec5389a","2026-09-21 14:17"
"thomas petruv","6000461b23fa0d00011e9f10","Jeremi","6007886fcafc2e00011be9cd","6ab17225256f482f9bceb504","2026-09-21 14:17"
"Jakob","6330202c43032ef573d382eb","Anu","5eae84426ea510842c0ed215","6ab17422c3391fafbec53b62","2026-09-21 14:18"
"встречай, посейдон","61cdfc02f6470200011a0caa","Dan YAile","60ef0697612a5400012c89a3","6ab173c6c3391fafbec53a6d","2026-09-21 14:18"
"Brzoza","60ababeffb1efa0001302754","SigmaLigma","641e0c54c1155de1803057b1","6ab17393694b21848c86cdf5","2026-09-21 14:18"
"Kuba","6744ee112d6c958a853b52a6","Mow_Mi_Ksienciu","65567939564ddbb4b6c81c58","6ab17401256f482f9bcebc3a","2026-09-21 14:18"
"gomes","5e7e08d33d4b6a4440a1fb08","Antigs","5fb70fb9e2c593000135b6e0","6ab173ea256f482f9bcebbf0","2026-09-21 14:18"
"Markus Benz","6109729e88f8fa00013f1db2","Jonas","661ad4c4073f663c21b57fe6","6ab173f5912d627dd1b5445a","2026-09-21 14:19"
"встречай, посейдон","61cdfc02f6470200011a0caa","Dan YAile","60ef0697612a5400012c89a3","6ab173c6c3391fafbec53a6d","2026-09-21 14:19"
"PANDA","6874e2f8ef3960e599abae7c","Egorsmol","60c7cce623bc770001651df5","6ab17469694b21848c86d0c4","2026-09-21 14:19"
"FranzSanchez","68b3e3b52c6db073218b382c","perskychrt","5eee18e7479917548005e43b","6ab17417256f482f9bcebc8e","2026-09-21 14:19"
"we think too much","5eac358a6ea51017fce11159","Thesice","5ec5a4cbf849319644f4436c","6ab17339694b21848c86ccd0","2026-09-21 14:19"
"Marina","66e18bb8a751be2c53805fb7","Slam4","60927f97129054000189c279","6ab17431256f482f9bcebce7","2026-09-21 14:20"
"Szymono","613295acc4b5740001f1bfdf","PANDA","6874e2f8ef3960e599abae7c","6ab17473256f482f9bcebde2","2026-09-21 14:20"
"Flubbersticks","69387a54dc6fdd9da05c91cd","jdl_1893","6626752c2d5e4d820e79b466","6ab17407256f482f9bcebc4f","2026-09-21 14:20"
"Geomalick","61fd64f28c0f8100014ebf0b","Xick","6227d06fc4123c000192c138","6ab1740b256f482f9bcebc69","2026-09-21 14:21"
"Thomas","69acad06161f904c0739e318","Kuba","6744ee112d6c958a853b52a6","6ab174b2694b21848c86d1b5","2026-09-21 14:21"
"Shakazaramesh","5ef2945bbb96627c9ce5f63f","Asteroid","69dbdc1efb7bdfcff7ddf99d","6ab17444256f482f9bcebd36","2026-09-21 14:21"
"tozangezan","5a33d4491cbd1560d0eaed6b","Geo Simas","647721c84637cbc0f42de49f","6ab17288256f482f9bceb664","2026-09-21 14:22"
"gomes","5e7e08d33d4b6a4440a1fb08","PANDA","6874e2f8ef3960e599abae7c","6ab17519256f482f9bcec05d","2026-09-21 14:22"
"FranzSanchez","68b3e3b52c6db073218b382c","perskychrt","5eee18e7479917548005e43b","6ab1752a256f482f9bcec09a","2026-09-21 14:22"
"Dan YAile","60ef0697612a5400012c89a3","Brzoza","60ababeffb1efa0001302754","6ab174d4c3391fafbec53dac","2026-09-21 14:23"
"mav1land","63f4a2bda13ee3ab588d6275","ferreiro","5f126427d6ca438f24009b8e","6ab174ef256f482f9bcebfa8","2026-09-21 14:23"
"Jeremi","6007886fcafc2e00011be9cd","Antigs","5fb70fb9e2c593000135b6e0","6ab174ba694b21848c86d1dd","2026-09-21 14:23"
"Markus Benz","6109729e88f8fa00013f1db2","Jonas","661ad4c4073f663c21b57fe6","6ab17509c3391fafbec53e3f","2026-09-21 14:24"
"Batze","66264a9232424d7626d17d76","Dan YAile","60ef0697612a5400012c89a3","6ab1753a256f482f9bcec0c3","2026-09-21 14:24"
"PANDA","6874e2f8ef3960e599abae7c","Szymono","613295acc4b5740001f1bfdf","6ab175311261dbb6f54c7862","2026-09-21 14:24"
"tendog","5a939ca4ef196f9c24d167a6","we think too much","5eac358a6ea51017fce11159","6ab175321261dbb6f54c7864","2026-09-21 14:24"
"thomas7eme","5ef89d2d8f01a05300030185","esther","5ec5509af849319644f425b8","6ab1739d256f482f9bceba98","2026-09-21 14:24"
"Anu","5eae84426ea510842c0ed215","Genziara","62e033ce217ecdfb2101edf8","6ab1754cc3391fafbec53eef","2026-09-21 14:25"
"Geomalick","61fd64f28c0f8100014ebf0b","Xick","6227d06fc4123c000192c138","6ab1757f256f482f9bcec190","2026-09-21 14:25"
"SigmaLigma","641e0c54c1155de1803057b1","Brzoza","60ababeffb1efa0001302754","6ab174d2c3391fafbec53da4","2026-09-21 14:25"
"gomes","5e7e08d33d4b6a4440a1fb08","Kuba","6744ee112d6c958a853b52a6","6ab1759d256f482f9bcec1f7","2026-09-21 14:25"
"Slam4","60927f97129054000189c279","Barkuz","6084243b0feb6600017e1a7e","6ab1753d1261dbb6f54c7884","2026-09-21 14:25"
"Palmitas","5c0450ca431965af44f4668e","Pasord","6669c659ca16186b5a3dbc35","6ab1756a694b21848c86d430","2026-09-21 14:26"
"Brzoza","60ababeffb1efa0001302754","Asteroid","69dbdc1efb7bdfcff7ddf99d","6ab175ed694b21848c86d5a5","2026-09-21 14:26"
"PANDA","6874e2f8ef3960e599abae7c","Szymono","613295acc4b5740001f1bfdf","6ab1763d256f482f9bcec4a4","2026-09-21 14:26"
"Primzahl","63a4bfd4030a368d18291a84","ParanaPine101","677e7700a878d4c84ac6af50","6ab175a7e607642cb2b4b061","2026-09-21 14:26"
"Batze","66264a9232424d7626d17d76","Dan YAile","60ef0697612a5400012c89a3","6ab17635694b21848c86d669","2026-09-21 14:27"
"Kuba","6744ee112d6c958a853b52a6","GeoPhantom","694436a1407b856da832c32e","6ab17685694b21848c86d758","2026-09-21 14:27"
"one blinky beer please","68715fc7cc56afc2e1e84ce2","Thomas","69acad06161f904c0739e318","6ab175cb256f482f9bcec2b8","2026-09-21 14:27"
"ferreiro","5f126427d6ca438f24009b8e","Joshua","63a4ead5377686b1ce07e6bd","6ab17682256f482f9bcec5c2","2026-09-21 14:27"
"Batze","66264a9232424d7626d17d76","Dan YAile","60ef0697612a5400012c89a3","6ab17635694b21848c86d669","2026-09-21 14:28"
"FranzSanchez","68b3e3b52c6db073218b382c","computrrkit","5fcafaf5c15fc20001536a04","6ab1759a256f482f9bcec1ee","2026-09-21 14:28"
"встречай, посейдон","61cdfc02f6470200011a0caa","chiller77","5f072526a958535b8c80351b","6ab174d1256f482f9bcebf42","2026-09-21 14:29"
"SigmaLigma","641e0c54c1155de1803057b1","Brzoza","60ababeffb1efa0001302754","6ab1764f694b21848c86d6d0","2026-09-21 14:29"
"www.twitch.tv/qule0","635d8550c15309de668daf99","Palmitas","5c0450ca431965af44f4668e","6ab176ab256f482f9bcec66c","2026-09-21 14:29"
"gomes","5e7e08d33d4b6a4440a1fb08","PANDA","6874e2f8ef3960e599abae7c","6ab176af694b21848c86d7e5","2026-09-21 14:29"
"FMC","638348f8910c9ca0fbb4fa15","Preussen","64da4d57e44ffbb819d935b1","6ab172f6694b21848c86cbe4","2026-09-21 14:29"
"Jonas","661ad4c4073f663c21b57fe6","Markus Benz","6109729e88f8fa00013f1db2","6ab1762bc3391fafbec5412f","2026-09-21 14:30"
"Noksi","6557a72349182de4e31db900","BulgariaEnjoyer","60f46ec8cac323000166141d","6ab173a3694b21848c86ce26","2026-09-21 14:31"
"Kuba","6744ee112d6c958a853b52a6","mav1land","63f4a2bda13ee3ab588d6275","6ab176fc694b21848c86d8df","2026-09-21 14:31"
"Mow_Mi_Ksienciu","65567939564ddbb4b6c81c58","Jeremi","6007886fcafc2e00011be9cd","6ab176b7694b21848c86d7fb","2026-09-21 14:31"
"Stephen","5d87615adf1dd672b8a144b5","#1 multiplier harvester 🫃","626fc4565f225f253556ea95","6ab17435256f482f9bcebcf8","2026-09-21 14:31"
"Slam4","60927f97129054000189c279","ferreiro","5f126427d6ca438f24009b8e","6ab176ee256f482f9bcec756","2026-09-21 14:31"
"Mestre3342","60bcb2627521290001a84cac","Antigs","5fb70fb9e2c593000135b6e0","6ab175ee256f482f9bcec359","2026-09-21 14:31"
"Thomas","69acad06161f904c0739e318","Dan YAile","60ef0697612a5400012c89a3","6ab176de694b21848c86d885","2026-09-21 14:32"
"Kuba","6744ee112d6c958a853b52a6","one blinky beer please","68715fc7cc56afc2e1e84ce2","6ab177cd256f482f9bceca90","2026-09-21 14:32"
"встречай, посейдон","61cdfc02f6470200011a0caa","Elori","57d698c209f2ef93b8572689","6ab1777c912d627dd1b54c7b","2026-09-21 14:33"
"Genziara","62e033ce217ecdfb2101edf8","Anu","5eae84426ea510842c0ed215","6ab176731261dbb6f54c7bbc","2026-09-21 14:34"
"Maksonic","619d09bdc4ab7000016c68d3","Batze","66264a9232424d7626d17d76","6ab17734256f482f9bcec853","2026-09-21 14:34"
"gomes","5e7e08d33d4b6a4440a1fb08","Palmitas","5c0450ca431965af44f4668e","6ab17759256f482f9bcec8cb","2026-09-21 14:34"
"Ando","6217de15a0f6300001186164","Zoe","64012c4575693afea0dec10b","6ab177a3694b21848c86dae6","2026-09-21 14:34"
"Primzahl","63a4bfd4030a368d18291a84","AdamGHG","675079edb8068755832a2a90","6ab176ae694b21848c86d7e1","2026-09-21 14:34"
"Arttuuh_27","5bbbbd372c0173524cdb6e9e","Asteroid","69dbdc1efb7bdfcff7ddf99d","6ab176ff256f482f9bcec793","2026-09-21 14:35"
"Kuba","6744ee112d6c958a853b52a6","Thomas","69acad06161f904c0739e318","6ab17818694b21848c86dc64","2026-09-21 14:35"
"mav1land","63f4a2bda13ee3ab588d6275","Mow_Mi_Ksienciu","65567939564ddbb4b6c81c58","6ab177e5bd51da030cff9a80","2026-09-21 14:35"
"one blinky beer please","68715fc7cc56afc2e1e84ce2","Unc","6876a81aaf5ea16088df663a","6ab1781b371316140a52a4a6","2026-09-21 14:35"
"FranzSanchez","68b3e3b52c6db073218b382c","SunnyMarsh974","6a5cd558b3171aba74d05b32","6ab17728694b21848c86d976","2026-09-21 14:35"
"JackieD","699ea675453f70c93bb1a662","thomas7eme","5ef89d2d8f01a05300030185","6ab17652694b21848c86d6d6","2026-09-21 14:35"
"Brzoza","60ababeffb1efa0001302754","SigmaLigma","641e0c54c1155de1803057b1","6ab1773c694b21848c86d9b1","2026-09-21 14:36"
"FMC","638348f8910c9ca0fbb4fa15","Preussen","64da4d57e44ffbb819d935b1","6ab177ce694b21848c86db81","2026-09-21 14:36"
"Pasord","6669c659ca16186b5a3dbc35","Szymono","613295acc4b5740001f1bfdf","6ab1769e1261dbb6f54c7c51","2026-09-21 14:36"
"Asteroid","69dbdc1efb7bdfcff7ddf99d","Kuba","6744ee112d6c958a853b52a6","6ab178cf1261dbb6f54c81cd","2026-09-21 14:38"
"Pasord","6669c659ca16186b5a3dbc35","SigmaLigma","641e0c54c1155de1803057b1","6ab17915256f482f9bcecf32","2026-09-21 14:38"
"FranzSanchez","68b3e3b52c6db073218b382c","Jonathan","6687f0e3dd3af951fb7c8d20","6ab178c0256f482f9bcece12","2026-09-21 14:38"
"Markus Benz","6109729e88f8fa00013f1db2","Jonas","661ad4c4073f663c21b57fe6","6ab1778f1261dbb6f54c7eb5","2026-09-21 14:39"
"Dan YAile","60ef0697612a5400012c89a3","Thomas","69acad06161f904c0739e318","6ab1790d256f482f9bcecf16","2026-09-21 14:39"
"PANDA","6874e2f8ef3960e599abae7c","Szymono","613295acc4b5740001f1bfdf","6ab178fcc3391fafbec548c5","2026-09-21 14:39"
"Mow_Mi_Ksienciu","65567939564ddbb4b6c81c58","Palmitas","5c0450ca431965af44f4668e","6ab178ae1261dbb6f54c815c","2026-09-21 14:39"
"Batze","66264a9232424d7626d17d76","www.twitch.tv/qule0","635d8550c15309de668daf99","6ab17883256f482f9bcecd2d","2026-09-21 14:40"
"chiller77","5f072526a958535b8c80351b","Kaspervde","5d68c6ace9473f7c4058e087","6ab177cb694b21848c86db6f","2026-09-21 14:40"
"gomes","5e7e08d33d4b6a4440a1fb08","one blinky beer please","68715fc7cc56afc2e1e84ce2","6ab178b9c3391fafbec54814","2026-09-21 14:40"
"wisps","60ad03a48b6e1d00012f8e7e","Kilensky","66860b55973f6573ed81e050","6ab174bb694b21848c86d1e3","2026-09-21 14:40"
"PANDA","6874e2f8ef3960e599abae7c","Szymono","613295acc4b5740001f1bfdf","6ab178fcc3391fafbec548c5","2026-09-21 14:40"
"ferreiro","5f126427d6ca438f24009b8e","Zoe","64012c4575693afea0dec10b","6ab178d00978081b5531feee","2026-09-21 14:40"
"встречай, посейдон","61cdfc02f6470200011a0caa","Elori","57d698c209f2ef93b8572689","6ab17865c3391fafbec5472c","2026-09-21 14:42"
"Jonas","661ad4c4073f663c21b57fe6","Dan YAile","60ef0697612a5400012c89a3","6ab179c5694b21848c86e189","2026-09-21 14:42"
"Kaspervde","5d68c6ace9473f7c4058e087","chiller77","5f072526a958535b8c80351b","6ab179e0c3391fafbec54b5b","2026-09-21 14:42"
"L'Hank the Dawnstreak","628e0d478e5ef3a3ca163627","Stephen","5d87615adf1dd672b8a144b5","6ab178acc3391fafbec547f7","2026-09-21 14:42"
"winter","5eea19cb4799175480045d3d","Kuba","6744ee112d6c958a853b52a6","6ab17971694b21848c86e087","2026-09-21 14:42"
"FranzSanchez","68b3e3b52c6db073218b382c","Тимофей Курков","6245f6bc9d0072252bc7260d","6ab17965256f482f9bced03a","2026-09-21 14:42"
"SigmaLigma","641e0c54c1155de1803057b1","www.twitch.tv/qule0","635d8550c15309de668daf99","6ab179f71261dbb6f54c848b","2026-09-21 14:43"
"Palmitas","5c0450ca431965af44f4668e","Luiz Henrique","67ffcf4fce0f332d5553d6b4","6ab17a1f1261dbb6f54c84d9","2026-09-21 14:43"
"xLuma","6832f381b318a99431b6ad28","Barkuz","6084243b0feb6600017e1a7e","6ab1797d256f482f9bced093","2026-09-21 14:43"
"ferreiro","5f126427d6ca438f24009b8e","Winston","64f731a3fa67611ffc75f12a","6ab17a020a08be843fe7dfb3","2026-09-21 14:43"
"gomes","5e7e08d33d4b6a4440a1fb08","one blinky beer please","68715fc7cc56afc2e1e84ce2","6ab179ef256f482f9bced25e","2026-09-21 14:44"
"Lodi","5788e5e5c2a0fb1304dba46c","Mow_Mi_Ksienciu","65567939564ddbb4b6c81c58","6ab179bd256f482f9bced182","2026-09-21 14:44"
"Jonas","661ad4c4073f663c21b57fe6","встречай, посейдон","61cdfc02f6470200011a0caa","6ab17a902d3aebfcdf6baa91","2026-09-21 14:45"
"Palmitas","5c0450ca431965af44f4668e","Greasy Cheeseburger","6a594bfc4f0853294332c67f","6ab17a441261dbb6f54c8552","2026-09-21 14:45"
"Lillysbruder","6471c2e45410e20734aedca1","Geo Simas","647721c84637cbc0f42de49f","6ab17649694b21848c86d6ab","2026-09-21 14:45"
"PANDA","6874e2f8ef3960e599abae7c","Thomas","69acad06161f904c0739e318","6ab179c6256f482f9bced1af","2026-09-21 14:45"
"BulgariaEnjoyer","60f46ec8cac323000166141d","Noksi","6557a72349182de4e31db900","6ab177e7db320e9d6ea339bc","2026-09-21 14:46"
"Luiz Henrique","67ffcf4fce0f332d5553d6b4","Sochi","62572af8924e491f28b0326c","6ab17a9e256f482f9bced53e","2026-09-21 14:46"
"Batze","66264a9232424d7626d17d76","Markus Benz","6109729e88f8fa00013f1db2","6ab179f9694b21848c86e21f","2026-09-21 14:47"
"Dan YAile","60ef0697612a5400012c89a3","Kuba","6744ee112d6c958a853b52a6","6ab17a6b694b21848c86e3ba","2026-09-21 14:47"
"Szymono","613295acc4b5740001f1bfdf","Jeremi","6007886fcafc2e00011be9cd","6ab179d8f325b1e10d64f89e","2026-09-21 14:47"
"Lebron James","69f1903c702a7978150c1f60","Bar Ban","61d5db412cdea40001981c53","6ab17a0d694b21848c86e257","2026-09-21 14:47"
"Dan YAile","60ef0697612a5400012c89a3","Jonas","661ad4c4073f663c21b57fe6","6ab17b96c3391fafbec55027","2026-09-21 14:48"
"gomes","5e7e08d33d4b6a4440a1fb08","PANDA","6874e2f8ef3960e599abae7c","6ab17b2d1261dbb6f54c87f9","2026-09-21 14:48"
"www.twitch.tv/qule0","635d8550c15309de668daf99","chiller77","5f072526a958535b8c80351b","6ab17aab1261dbb6f54c8682","2026-09-21 14:48"
"Greasy Cheeseburger","6a594bfc4f0853294332c67f","Palmitas","5c0450ca431965af44f4668e","6ab17b35256f482f9bced7a3","2026-09-21 14:48"
"Pasord","6669c659ca16186b5a3dbc35","Asteroid","69dbdc1efb7bdfcff7ddf99d","6ab179a2694b21848c86e10c","2026-09-21 14:48"
"winter","5eea19cb4799175480045d3d","Hobbz 161","5dbc2cc17e473f2408462eae","6ab17a7d256f482f9bced478","2026-09-21 14:49"
"Luiz Henrique","67ffcf4fce0f332d5553d6b4","Sochi","62572af8924e491f28b0326c","6ab17b59694b21848c86e708","2026-09-21 14:49"
"Thesice","5ec5a4cbf849319644f4436c","Barkuz","6084243b0feb6600017e1a7e","6ab17aa9256f482f9bced566","2026-09-21 14:49"
"Jonas","661ad4c4073f663c21b57fe6","Markus Benz","6109729e88f8fa00013f1db2","6ab17ba3256f482f9bced93b","2026-09-21 14:50"
"SigmaLigma","641e0c54c1155de1803057b1","Kaspervde","5d68c6ace9473f7c4058e087","6ab17af4256f482f9bced693","2026-09-21 14:50"
"Mada","600801c48b224300016f36fd","Kuba","6744ee112d6c958a853b52a6","6ab17b73694b21848c86e78b","2026-09-21 14:50"
"Radim","673348fc712f8f8c076cf402","FMC","638348f8910c9ca0fbb4fa15","6ab17a43256f482f9bced3b5","2026-09-21 14:51"
"www.twitch.tv/qule0","635d8550c15309de668daf99","Dan YAile","60ef0697612a5400012c89a3","6ab17bce694b21848c86e89a","2026-09-21 14:51"
"meow","68582b5f8e62427811441b60","Voro","5a8f1e5d98cc2c6744a8a135","6ab17bd4256f482f9bced9ef","2026-09-21 14:51"
"one blinky beer please","68715fc7cc56afc2e1e84ce2","Lodi","5788e5e5c2a0fb1304dba46c","6ab17afe256f482f9bced6bc","2026-09-21 14:51"
"Kangurek","68ad03eef07ecd855398db08","ferreiro","5f126427d6ca438f24009b8e","6ab17b89c3391fafbec5500e","2026-09-21 14:51"
"Elori","57d698c209f2ef93b8572689","joniber","60cf2c9800ea7b00015231a2","6ab17b3f694b21848c86e6ae","2026-09-21 14:52"
"chiller77","5f072526a958535b8c80351b","Asteroid","69dbdc1efb7bdfcff7ddf99d","6ab17be3c3391fafbec550cc","2026-09-21 14:52"
"Pasord","6669c659ca16186b5a3dbc35","Luiz Henrique","67ffcf4fce0f332d5553d6b4","6ab17bf9694b21848c86e92f","2026-09-21 14:52"
"Kuba","6744ee112d6c958a853b52a6","winter","5eea19cb4799175480045d3d","6ab17c501261dbb6f54c8b59","2026-09-21 14:52"
"Thesice","5ec5a4cbf849319644f4436c","Barkuz","6084243b0feb6600017e1a7e","6ab17c04256f482f9bcedae1","2026-09-21 14:52"
"Markus Benz","6109729e88f8fa00013f1db2","Jonas","661ad4c4073f663c21b57fe6","6ab17c32694b21848c86e9f1","2026-09-21 14:53"
"Kaspervde","5d68c6ace9473f7c4058e087","SigmaLigma","641e0c54c1155de1803057b1","6ab17c4f694b21848c86ea5e","2026-09-21 14:53"
"Fan Swangambita 🔥😋","63d00c59744f7e9ebeeb1c09","Szymono","613295acc4b5740001f1bfdf","6ab17b8e1261dbb6f54c88e1","2026-09-21 14:53"
"Hobbz 161","5dbc2cc17e473f2408462eae","PANDA","6874e2f8ef3960e599abae7c","6ab17bfc256f482f9bcedac2","2026-09-21 14:53"
"Sochi","62572af8924e491f28b0326c","Zoe","64012c4575693afea0dec10b","6ab17c7a694b21848c86eb06","2026-09-21 14:53"
"Dan YAile","60ef0697612a5400012c89a3","Maksonic","619d09bdc4ab7000016c68d3","6ab17beb256f482f9bceda82","2026-09-21 14:54"
"www.twitch.tv/qule0","635d8550c15309de668daf99","meow","68582b5f8e62427811441b60","6ab17c89694b21848c86eb35","2026-09-21 14:55"
"gomes","5e7e08d33d4b6a4440a1fb08","Greasy Cheeseburger","6a594bfc4f0853294332c67f","6ab17c1d256f482f9bcedb37","2026-09-21 14:55"
"Voro","5a8f1e5d98cc2c6744a8a135","Arvanna","66a545e50035c093bfe072bd","6ab17c8b694b21848c86eb37","2026-09-21 14:55"
"Stephen","5d87615adf1dd672b8a144b5","Geo Simas","647721c84637cbc0f42de49f","6ab17b3e256f482f9bced7ce","2026-09-21 14:55"
"Lodi","5788e5e5c2a0fb1304dba46c","one blinky beer please","68715fc7cc56afc2e1e84ce2","6ab17c86694b21848c86eb29","2026-09-21 14:55"
"joniber","60cf2c9800ea7b00015231a2","Elori","57d698c209f2ef93b8572689","6ab17cc6c3391fafbec5537e","2026-09-21 14:56"
"Fan Swangambita 🔥😋","63d00c59744f7e9ebeeb1c09","Szymono","613295acc4b5740001f1bfdf","6ab17cf7256f482f9bcede37","2026-09-21 14:56"
"Arvanna","66a545e50035c093bfe072bd","Voro","5a8f1e5d98cc2c6744a8a135","6ab17d6e1261dbb6f54c8e1a","2026-09-21 14:56"
"Jonas","661ad4c4073f663c21b57fe6","77angels","5aae066718399e2758306701","6ab17d39c3391fafbec554d0","2026-09-21 14:57"
"Greasy Cheeseburger","6a594bfc4f0853294332c67f","www.twitch.tv/qule0","635d8550c15309de668daf99","6ab17d7a694b21848c86edfb","2026-09-21 14:57"
"Fan Swangambita 🔥😋","63d00c59744f7e9ebeeb1c09","PANDA","6874e2f8ef3960e599abae7c","6ab17d9551126cd83a8495ec","2026-09-21 14:57"
"Kangurek","68ad03eef07ecd855398db08","PANDA","6874e2f8ef3960e599abae7c","6ab17d03256f482f9bcede71","2026-09-21 14:57"
"Luiz Henrique","67ffcf4fce0f332d5553d6b4","Jeremi","6007886fcafc2e00011be9cd","6ab17cd2256f482f9bceddb3","2026-09-21 14:57"
"Sochi","62572af8924e491f28b0326c","Zoe","64012c4575693afea0dec10b","6ab17d3b694b21848c86ed3c","2026-09-21 14:57"
"Kaspervde","5d68c6ace9473f7c4058e087","SigmaLigma","641e0c54c1155de1803057b1","6ab17cfd694b21848c86ec8e","2026-09-21 14:58"
"Mada","600801c48b224300016f36fd","Pasord","6669c659ca16186b5a3dbc35","6ab17cdb694b21848c86ec22","2026-09-21 14:58"
"Jonas","661ad4c4073f663c21b57fe6","Markus Benz","6109729e88f8fa00013f1db2","6ab17d40256f482f9bcedf50","2026-09-21 14:59"
"Dan YAile","60ef0697612a5400012c89a3","chiller77","5f072526a958535b8c80351b","6ab17cd0694b21848c86ec00","2026-09-21 14:59"
"Kilensky","66860b55973f6573ed81e050","Radim","673348fc712f8f8c076cf402","6ab17ca3c3391fafbec5531b","2026-09-21 14:59"
"Asteroid","69dbdc1efb7bdfcff7ddf99d","Kuba","6744ee112d6c958a853b52a6","6ab17cd8694b21848c86ec17","2026-09-21 14:59"
"Greasy Cheeseburger","6a594bfc4f0853294332c67f","PANDA","6874e2f8ef3960e599abae7c","6ab17de7694b21848c86ef68","2026-09-21 14:59"
"Mow_Mi_Ksienciu","65567939564ddbb4b6c81c58","Thesice","5ec5a4cbf849319644f4436c","6ab17ce1256f482f9bceddeb","2026-09-21 14:59"
"zone","601d17c1d565030001440b8d","Ulork","5e2ded716ea510b234a670b2","6ab17c20256f482f9bcedb45","2026-09-21 15:00"
"77angels","5aae066718399e2758306701","Jonas","661ad4c4073f663c21b57fe6","6ab17e0cf325b1e10d650118","2026-09-21 15:00"
"Lodi","5788e5e5c2a0fb1304dba46c","Voro","5a8f1e5d98cc2c6744a8a135","6ab17db6c3391fafbec55607","2026-09-21 15:00"
"Dan YAile","60ef0697612a5400012c89a3","maks","6414d29eb61bfefd9d16461e","6ab17d5d1261dbb6f54c8df3","2026-09-21 15:01"
"gomes","5e7e08d33d4b6a4440a1fb08","Albanian Guy","58796ade8b9ff486d81bbad5","6ab17dcb694b21848c86eefe","2026-09-21 15:01"
"SigmaLigma","641e0c54c1155de1803057b1","Pasord","6669c659ca16186b5a3dbc35","6ab17e25256f482f9bcee2d1","2026-09-21 15:01"
"Mow_Mi_Ksienciu","65567939564ddbb4b6c81c58","Thesice","5ec5a4cbf849319644f4436c","6ab17e46694b21848c86f07c","2026-09-21 15:01"
"one blinky beer please","68715fc7cc56afc2e1e84ce2","meow","68582b5f8e62427811441b60","6ab17d75103a16612b993a7c","2026-09-21 15:01"
"pluwadi","66b3eb653e680cb97150ce62","Dadzio","62e033ce217ecdfb2101edf8","6ab17bed912d627dd1b5569e","2026-09-21 15:03"
"chiller77","5f072526a958535b8c80351b","Kuba","6744ee112d6c958a853b52a6","6ab17e50694b21848c86f0a5","2026-09-21 15:03"
"Asteroid","69dbdc1efb7bdfcff7ddf99d","Markus Benz","6109729e88f8fa00013f1db2","6ab17e7fc3391fafbec557e8","2026-09-21 15:03"
"Greasy Cheeseburger","6a594bfc4f0853294332c67f","PANDA","6874e2f8ef3960e599abae7c","6ab17de7694b21848c86ef68","2026-09-21 15:03"
"Nmpzoid","64f1d67dd650255f6568122d","Fan Swangambita 🔥😋","63d00c59744f7e9ebeeb1c09","6ab17e23256f482f9bcee2c0","2026-09-21 15:03"
"Jonas","661ad4c4073f663c21b57fe6","gomes","5e7e08d33d4b6a4440a1fb08","6ab17ee31261dbb6f54c91e2","2026-09-21 15:04"
"Pasord","6669c659ca16186b5a3dbc35","Don't Give Up","5ffb60de75d2770001545e96","6ab17edc256f482f9bcee5ac","2026-09-21 15:04"
"LayBay","5f29802d3ae4f70001339734","Andi","5d55ff70b4ec1726dc094670","6ab17e8b256f482f9bcee457","2026-09-21 15:04"
"Mow_Mi_Ksienciu","65567939564ddbb4b6c81c58","meow","68582b5f8e62427811441b60","6ab17eec256f482f9bcee5ec","2026-09-21 15:05"
"ferreiro","5f126427d6ca438f24009b8e","mu6h0m0r3k","6a2e97e56d531d07b5890b30","6ab17ede256f482f9bcee5b7","2026-09-21 15:05"
"PLAYHRD","5d696003e9473f7c4058f0ae","joniber","60cf2c9800ea7b00015231a2","6ab17e49912d627dd1b55bc5","2026-09-21 15:06"
"BlackShark","61f04538cc54700001a27678","KAITOOO","62e8c3ab0065abc49aca361d","6ab17fab694b21848c86f4ba","2026-09-21 15:06"
"77angels","5aae066718399e2758306701","zone","601d17c1d565030001440b8d","6ab17eb9c3391fafbec558a9","2026-09-21 15:07"
"Fan Swangambita 🔥😋","63d00c59744f7e9ebeeb1c09","Nmpzoid","64f1d67dd650255f6568122d","6ab17f57c3391fafbec55a79","2026-09-21 15:07"
"one blinky beer please","68715fc7cc56afc2e1e84ce2","Voro","5a8f1e5d98cc2c6744a8a135","6ab17f2b694b21848c86f325","2026-09-21 15:07"
"I feel like Pablo","62e80280787f2c0e6c75464b","Yarik","676e524ee37422d9da0e161a","6ab17e73c3391fafbec557ca","2026-09-21 15:07"
"ferreiro","5f126427d6ca438f24009b8e","Andi","5d55ff70b4ec1726dc094670","6ab17fb8256f482f9bcee8fb","2026-09-21 15:07"
"Stephen","5d87615adf1dd672b8a144b5","Julow","5ff8e247a56da30001bb3f25","6ab17fab256f482f9bcee8bc","2026-09-21 15:08"
"meow","68582b5f8e62427811441b60","Max","5f847db332173400011b50bb","6ab17feb1261dbb6f54c94dd","2026-09-21 15:08"
"thomas7eme","5ef89d2d8f01a05300030185","Lurkki","673dfa9f10797c20bc6721e9","6ab178de1261dbb6f54c81f3","2026-09-21 15:08"
"Dan YAile","60ef0697612a5400012c89a3","maks","6414d29eb61bfefd9d16461e","6ab17f00694b21848c86f28d","2026-09-21 15:09"
"Markus Benz","6109729e88f8fa00013f1db2","Asteroid","69dbdc1efb7bdfcff7ddf99d","6ab17f94256f482f9bcee864","2026-09-21 15:09"
"Maksonic","619d09bdc4ab7000016c68d3","Kuba","6744ee112d6c958a853b52a6","6ab17f43912d627dd1b55dbb","2026-09-21 15:09"
"Preussen","64da4d57e44ffbb819d935b1","tendog","5a939ca4ef196f9c24d167a6","6ab17940912d627dd1b5506c","2026-09-21 15:09"
"Conax4WC2027","6772fee6827b91b41dd22b5f","cadu","6701c271782cbf631e6511a9","6ab17f22256f482f9bcee6c7","2026-09-21 15:10"
"Kangurek","68ad03eef07ecd855398db08","Szymono","613295acc4b5740001f1bfdf","6ab17f681261dbb6f54c931c","2026-09-21 15:10"
"chiller77","5f072526a958535b8c80351b","M1lan","67473d086316c898fe734668","6ab17f80694b21848c86f42e","2026-09-21 15:11"
"I feel like Pablo","62e80280787f2c0e6c75464b","Everop","67f96f57f2156b150ad9b7a4","6ab18047c3391fafbec55d3b","2026-09-21 15:11"
"SigmaLigma","641e0c54c1155de1803057b1","inferno","678d41c562226bf506f8bc73","6ab17fae694b21848c86f4c6","2026-09-21 15:12"
"pisanico","5e59788312777c09acb5f77f","Hobbz 161","5dbc2cc17e473f2408462eae","6ab17d11256f482f9bcede9b","2026-09-21 15:12"
"Voro","5a8f1e5d98cc2c6744a8a135","meow","68582b5f8e62427811441b60","6ab18067256f482f9bceeb78","2026-09-21 15:12"
"oyche doniz","64c3f1de3325e32e0fcada4a","Mow_Mi_Ksienciu","65567939564ddbb4b6c81c58","6ab17fd0256f482f9bcee946","2026-09-21 15:12"
"Melancholija","658f3f97d8493d15fed5e944","LayBay","5f29802d3ae4f70001339734","6ab17ffd694b21848c86f5ac","2026-09-21 15:12"
"joniber","60cf2c9800ea7b00015231a2","Dadzio","62e033ce217ecdfb2101edf8","6ab18005694b21848c86f5bb","2026-09-21 15:13"
"Kaspervde","5d68c6ace9473f7c4058e087","maks","6414d29eb61bfefd9d16461e","6ab180f3c3391fafbec55ef7","2026-09-21 15:13"
"Pasord","6669c659ca16186b5a3dbc35","Don't Give Up","5ffb60de75d2770001545e96","6ab17f90c3391fafbec55b1c","2026-09-21 15:13"
"Nmpzoid","64f1d67dd650255f6568122d","PANDA","6874e2f8ef3960e599abae7c","6ab18033694b21848c86f638","2026-09-21 15:13"
"zone","601d17c1d565030001440b8d","Elori","57d698c209f2ef93b8572689","6ab1805c256f482f9bceeb51","2026-09-21 15:14"
"Markus Benz","6109729e88f8fa00013f1db2","Asteroid","69dbdc1efb7bdfcff7ddf99d","6ab180b41261dbb6f54c96f5","2026-09-21 15:14"
"FMC","638348f8910c9ca0fbb4fa15","Arvanna","66a545e50035c093bfe072bd","6ab17ded256f482f9bcee1f9","2026-09-21 15:14"
"гдз по географии 7 класс","6a00adfe661962ad193ddef5","Voro","5a8f1e5d98cc2c6744a8a135","6ab18171256f482f9bceef53","2026-09-21 15:14"
"Kangurek","68ad03eef07ecd855398db08","Jonas","661ad4c4073f663c21b57fe6","6ab18135912d627dd1b56183","2026-09-21 15:15"
"ferreiro","5f126427d6ca438f24009b8e","meow","68582b5f8e62427811441b60","6ab1815f694b21848c86f9a5","2026-09-21 15:15"
"BlackShark","61f04538cc54700001a27678","Everop","67f96f57f2156b150ad9b7a4","6ab1812a256f482f9bceee46","2026-09-21 15:15"
"Maltor","5fad8566a07ff60001fdae13","Geo Simas","647721c84637cbc0f42de49f","6ab17d77c3391fafbec55563","2026-09-21 15:16"
"Albanian Guy","58796ade8b9ff486d81bbad5","77angels","5aae066718399e2758306701","6ab180951261dbb6f54c9698","2026-09-21 15:17"
"Fan Swangambita 🔥😋","63d00c59744f7e9ebeeb1c09","Kuba","6744ee112d6c958a853b52a6","6ab180df256f482f9bceed38","2026-09-21 15:17"
"cadu","6701c271782cbf631e6511a9","I feel like Pablo","62e80280787f2c0e6c75464b","6ab18130694b21848c86f90c","2026-09-21 15:17"
"Szymono","613295acc4b5740001f1bfdf","JbJabs","60bf55f57310b10001ad9659","6ab180f3c3391fafbec55ef9","2026-09-21 15:17"
"zone","601d17c1d565030001440b8d","joniber","60cf2c9800ea7b00015231a2","6ab181ea256f482f9bcef0ee","2026-09-21 15:18"
"Markus Benz","6109729e88f8fa00013f1db2","Asteroid","69dbdc1efb7bdfcff7ddf99d","6ab181fcc3391fafbec561cf","2026-09-21 15:18"
"Orlando","62e7c8236d3aa806160f0f87","habesh","647734d056305f7bf5561a4e","6ab18144256f482f9bceeeb2","2026-09-21 15:18"
"Nmpzoid","64f1d67dd650255f6568122d","Mow_Mi_Ksienciu","65567939564ddbb4b6c81c58","6ab18196c3391fafbec560ca","2026-09-21 15:18"
"Kilensky","66860b55973f6573ed81e050","Radim","673348fc712f8f8c076cf402","6ab17ed0256f482f9bcee57b","2026-09-21 15:19"
"inferno","678d41c562226bf506f8bc73","www.twitch.tv/qule0","635d8550c15309de668daf99","6ab18175256f482f9bceef61","2026-09-21 15:19"
"Kuba","6744ee112d6c958a853b52a6","Pasord","6669c659ca16186b5a3dbc35","6ab18287694b21848c86fd1b","2026-09-21 15:19"
"PANDA","6874e2f8ef3960e599abae7c","Fan Swangambita 🔥😋","63d00c59744f7e9ebeeb1c09","6ab182ac694b21848c86fd7d","2026-09-21 15:19"
"meow","68582b5f8e62427811441b60","Kangurek","68ad03eef07ecd855398db08","6ab18226256f482f9bcef1b2","2026-09-21 15:19"
"Nardorenco","628122bc65003e8fd7d8a74b","гдз по географии 7 класс","6a00adfe661962ad193ddef5","6ab18261c3391fafbec562c9","2026-09-21 15:19"
"adams","62f0c9a9822a3f816d659d84","BulgariaEnjoyer","60f46ec8cac323000166141d","6ab17bee256f482f9bceda8c","2026-09-21 15:20"
"M1lan","67473d086316c898fe734668","chiller77","5f072526a958535b8c80351b","6ab18126256f482f9bceee38","2026-09-21 15:20"
"www.twitch.tv/qule0","635d8550c15309de668daf99","Nmpzoid","64f1d67dd650255f6568122d","6ab182fd256f482f9bcef4d4","2026-09-21 15:20"
"meow","68582b5f8e62427811441b60","Kangurek","68ad03eef07ecd855398db08","6ab18226256f482f9bcef1b2","2026-09-21 15:20"
"BlackShark","61f04538cc54700001a27678","Everop","67f96f57f2156b150ad9b7a4","6ab1823b256f482f9bcef1fb","2026-09-21 15:20"
"Pasord","6669c659ca16186b5a3dbc35","Julenzooo","603a7a540b13630001e09ff9","6ab18343371316140a52baa7","2026-09-21 15:21"
"Jonas","661ad4c4073f663c21b57fe6","Maksonic","619d09bdc4ab7000016c68d3","6ab182a31261dbb6f54c9b5c","2026-09-21 15:22"
"Orlando","62e7c8236d3aa806160f0f87","CleyRey","6022999c91e2d70001baa800","6ab182e40978081b55321304","2026-09-21 15:22"
"Asteroid","69dbdc1efb7bdfcff7ddf99d","Mow_Mi_Ksienciu","65567939564ddbb4b6c81c58","6ab182d5256f482f9bcef433","2026-09-21 15:22"
"Kangurek","68ad03eef07ecd855398db08","PANDA","6874e2f8ef3960e599abae7c","6ab18320c3391fafbec5647a","2026-09-21 15:22"
"GeoJacked YT","66a6ab072a14368c4dabd23a","www.twitch.tv/qule0","635d8550c15309de668daf99","6ab18372c3391fafbec5655d","2026-09-21 15:22"
"joniber","60cf2c9800ea7b00015231a2","Markus Benz","6109729e88f8fa00013f1db2","6ab182e4256f482f9bcef46a","2026-09-21 15:23"
"maks","6414d29eb61bfefd9d16461e","Dadzio","62e033ce217ecdfb2101edf8","6ab181b1c3391fafbec56105","2026-09-21 15:23"
"SigmaLigma","641e0c54c1155de1803057b1","cadu","6701c271782cbf631e6511a9","6ab182b61261dbb6f54c9b99","2026-09-21 15:23"
"Maltor","5fad8566a07ff60001fdae13","habesh","647734d056305f7bf5561a4e","6ab182d5694b21848c86fdde","2026-09-21 15:23"
"Fan Swangambita 🔥😋","63d00c59744f7e9ebeeb1c09","гдз по географии 7 класс","6a00adfe661962ad193ddef5","6ab18339256f482f9bcef59f","2026-09-21 15:23"
"Don't Give Up","5ffb60de75d2770001545e96","Voro","5a8f1e5d98cc2c6744a8a135","6ab181f4256f482f9bcef111","2026-09-21 15:23"
"Kangurek","68ad03eef07ecd855398db08","PANDA","6874e2f8ef3960e599abae7c","6ab18320c3391fafbec5647a","2026-09-21 15:23"
"Nardorenco","628122bc65003e8fd7d8a74b","Max","5f847db332173400011b50bb","6ab18347256f482f9bcef5cb","2026-09-21 15:23"
"Elori","57d698c209f2ef93b8572689","Julian","5a8eb2d498cc2c6744a88ce4","6ab1823dc3391fafbec5626a","2026-09-21 15:24"
"gomes","5e7e08d33d4b6a4440a1fb08","Asteroid","69dbdc1efb7bdfcff7ddf99d","6ab183c4256f482f9bcef7b7","2026-09-21 15:24"
"www.twitch.tv/qule0","635d8550c15309de668daf99","Mow_Mi_Ksienciu","65567939564ddbb4b6c81c58","6ab183bb256f482f9bcef795","2026-09-21 15:24"
"Kuba","6744ee112d6c958a853b52a6","meow","68582b5f8e62427811441b60","6ab1832a694b21848c86fee2","2026-09-21 15:24"
"oyche doniz","64c3f1de3325e32e0fcada4a","meow","68582b5f8e62427811441b60","6ab183ab1261dbb6f54c9dcc","2026-09-21 15:24"
"EmmaTheEel","63a87fb6607e3e4aa65962a6","Markus Benz","6109729e88f8fa00013f1db2","6ab183e4694b21848c870106","2026-09-21 15:25"
"Stephen","5d87615adf1dd672b8a144b5","Reynardo","619e21dbcd59be0001df98df","6ab18060912d627dd1b55ff3","2026-09-21 15:25"
"PANDA","6874e2f8ef3960e599abae7c","meow","68582b5f8e62427811441b60","6ab18431256f482f9bcef96e","2026-09-21 15:25"
"ferreiro","5f126427d6ca438f24009b8e","we think too much","5eac358a6ea51017fce11159","6ab1841e694b21848c8701da","2026-09-21 15:25"
"M1lan","67473d086316c898fe734668","chiller77","5f072526a958535b8c80351b","6ab18356256f482f9bcef601","2026-09-21 15:26"
"Orlando","62e7c8236d3aa806160f0f87","xLucky07","6771278c215608df4a80a000","6ab183aec3391fafbec565ef","2026-09-21 15:26"
"Pasord","6669c659ca16186b5a3dbc35","Julenzooo","603a7a540b13630001e09ff9","6ab18398fa17a0f03d71c9a9","2026-09-21 15:26"
"Kangurek","68ad03eef07ecd855398db08","PANDA","6874e2f8ef3960e599abae7c","6ab183ce256f482f9bcef7dc","2026-09-21 15:26"
"Nmpzoid","64f1d67dd650255f6568122d","baygopo","637d291e3b59f2fd6a197acf","6ab1836f256f482f9bcef670","2026-09-21 15:26"
"Szymono","613295acc4b5740001f1bfdf","I feel like Pablo","62e80280787f2c0e6c75464b","6ab182b4103a16612b9943a2","2026-09-21 15:26"
"Elori","57d698c209f2ef93b8572689","www.twitch.tv/qule0","635d8550c15309de668daf99","6ab1844fc3391fafbec567ab","2026-09-21 15:27"
"FranzSanchez","68b3e3b52c6db073218b382c","Antonio Belti","6183f058391cd70001a6711e","6ab18336256f482f9bcef597","2026-09-21 15:27"
"Nardorenco","628122bc65003e8fd7d8a74b","Mow_Mi_Ksienciu","65567939564ddbb4b6c81c58","6ab1844d694b21848c870260","2026-09-21 15:27"
"GeoMango","640633579d4e23ba52d7b054","Geo Simas","647721c84637cbc0f42de49f","6ab18266256f482f9bcef290","2026-09-21 15:27"
"joniber","60cf2c9800ea7b00015231a2","maks","6414d29eb61bfefd9d16461e","6ab18400694b21848c870169","2026-09-21 15:28"
"meow","68582b5f8e62427811441b60","danq_s","639c2a925d4cc27b2f7a898b","6ab18487694b21848c87032c","2026-09-21 15:28"
"Arvanna","66a545e50035c093bfe072bd","Hobbz 161","5dbc2cc17e473f2408462eae","6ab18200694b21848c86fb9e","2026-09-21 15:28"
"Szymono","613295acc4b5740001f1bfdf","PANDA","6874e2f8ef3960e599abae7c","6ab184abc3391fafbec5687e","2026-09-21 15:28"
"Jonas","661ad4c4073f663c21b57fe6","Maksonic","619d09bdc4ab7000016c68d3","6ab18415a9768601b833c8b8","2026-09-21 15:29"
"Markus Benz","6109729e88f8fa00013f1db2","Julian","5a8eb2d498cc2c6744a88ce4","6ab18492694b21848c870351","2026-09-21 15:29"
"Asteroid","69dbdc1efb7bdfcff7ddf99d","gomes","5e7e08d33d4b6a4440a1fb08","6ab18436256f482f9bcef97d","2026-09-21 15:29"
"Kuba","6744ee112d6c958a853b52a6","cadu","6701c271782cbf631e6511a9","6ab1842a103a16612b99464d","2026-09-21 15:29"
"pas bon","6138c0b02041ad0001a01eae","Itsjustme","6a6241549f3c3242b69b8931","6ab183adc3391fafbec565ec","2026-09-21 15:29"
"ferreiro","5f126427d6ca438f24009b8e","meow","68582b5f8e62427811441b60","6ab1846d694b21848c8702c3","2026-09-21 15:29"
"Asteroid","69dbdc1efb7bdfcff7ddf99d","maks","6414d29eb61bfefd9d16461e","6ab1855bc3391fafbec56a2b","2026-09-21 15:30"
"mkultra","63bcdf59a20defcea016590a","Julenzooo","603a7a540b13630001e09ff9","6ab184c7694b21848c8703dd","2026-09-21 15:30"
"Orlando","62e7c8236d3aa806160f0f87","Fan Swangambita 🔥😋","63d00c59744f7e9ebeeb1c09","6ab1849e1261dbb6f54ca017","2026-09-21 15:31"
"Kangurek","68ad03eef07ecd855398db08","PANDA","6874e2f8ef3960e599abae7c","6ab184a3694b21848c870390","2026-09-21 15:31"
"Julenzooo","603a7a540b13630001e09ff9","ferreiro","5f126427d6ca438f24009b8e","6ab185960978081b5532178c","2026-09-21 15:31"
"FranzSanchez","68b3e3b52c6db073218b382c","Detonator2000","64b69cff63280dd37cdcb469","6ab184e8694b21848c870447","2026-09-21 15:31"
"PANDA","6874e2f8ef3960e599abae7c","Kuba","6744ee112d6c958a853b52a6","6ab1854f256f482f9bcefe30","2026-09-21 15:31"
"xLucky07","6771278c215608df4a80a000","Pasord","6669c659ca16186b5a3dbc35","6ab184efc3391fafbec56927","2026-09-21 15:32"
"FMC","638348f8910c9ca0fbb4fa15","pokrasko","5add1f1d30e0106530a7a758","6ab1824c256f482f9bcef23a","2026-09-21 15:32"
"Nardorenco","628122bc65003e8fd7d8a74b","meow","68582b5f8e62427811441b60","6ab18535694b21848c87053c","2026-09-21 15:32"
"chiller77","5f072526a958535b8c80351b","M1lan","67473d086316c898fe734668","6ab184af1261dbb6f54ca040","2026-09-21 15:33"
"Radim","673348fc712f8f8c076cf402","L'Hank the Dawnstreak","628e0d478e5ef3a3ca163627","6ab183441261dbb6f54c9cdc","2026-09-21 15:33"
"www.twitch.tv/qule0","635d8550c15309de668daf99","galegodepicos","697118dbc466ccf602d55ace","6ab18525256f482f9bcefd9a","2026-09-21 15:33"
"Don't Give Up","5ffb60de75d2770001545e96","Voro","5a8f1e5d98cc2c6744a8a135","6ab183f2256f482f9bcef871","2026-09-21 15:33"
"danq_s","639c2a925d4cc27b2f7a898b","wuh","6113168b6962f50001aac734","6ab185a1c3391fafbec56acb","2026-09-21 15:33"
"plotter","674c4756fb60b9f111e6e0b4","zone","601d17c1d565030001440b8d","6ab183241261dbb6f54c9c96","2026-09-21 15:34"
"wichura240","68767692157557d5c76a0ab6","Jonas","661ad4c4073f663c21b57fe6","6ab1855c256f482f9bcefe59","2026-09-21 15:34"
"Elori","57d698c209f2ef93b8572689","Zendaya","679def87311b366ecb41dcae","6ab18506912d627dd1b56961","2026-09-21 15:34"
"Kangurek","68ad03eef07ecd855398db08","Maksonic","619d09bdc4ab7000016c68d3","6ab185ce694b21848c8706d8","2026-09-21 15:34"
"Fan Swangambita 🔥😋","63d00c59744f7e9ebeeb1c09","Kuba","6744ee112d6c958a853b52a6","6ab185f6256f482f9bcf00c9","2026-09-21 15:34"
"ferreiro","5f126427d6ca438f24009b8e","PANDA","6874e2f8ef3960e599abae7c","6ab18600f325b1e10d650ed3","2026-09-21 15:34"
"maks","6414d29eb61bfefd9d16461e","Markus Benz","6109729e88f8fa00013f1db2","6ab18597256f482f9bceff10","2026-09-21 15:35"
"cadu","6701c271782cbf631e6511a9","martiiin___","5e8366f03730753efc33ec0c","6ab18582256f482f9bcefece","2026-09-21 15:35"
"pas bon","6138c0b02041ad0001a01eae","meow","68582b5f8e62427811441b60","6ab18584256f482f9bcefed5","2026-09-21 15:35"
"Luuuuuu :)","62e8d4366d2691f34172c855","BlackShark","61f04538cc54700001a27678","6ab18517256f482f9bcefd5c","2026-09-21 15:35"
"gomes","5e7e08d33d4b6a4440a1fb08","Julenzooo","603a7a540b13630001e09ff9","6ab1868b1261dbb6f54ca4eb","2026-09-21 15:36"
"Kuba","6744ee112d6c958a853b52a6","oyche doniz","64c3f1de3325e32e0fcada4a","6ab186b0256f482f9bcf039e","2026-09-21 15:36"
"Nardorenco","628122bc65003e8fd7d8a74b","mu6h0m0r3k","6a2e97e56d531d07b5890b30","6ab1863b256f482f9bcf01ee","2026-09-21 15:36"
"Kangurek","68ad03eef07ecd855398db08","PANDA","6874e2f8ef3960e599abae7c","6ab18691256f482f9bcf031e","2026-09-21 15:37"
"Hobbz 161","5dbc2cc17e473f2408462eae","Reynardo","619e21dbcd59be0001df98df","6ab18524694b21848c870511","2026-09-21 15:37"
"Szymono","613295acc4b5740001f1bfdf","xenoxvx","656a6671f86dd57dbb5e2d65","6ab1855b912d627dd1b569ea","2026-09-21 15:37"
"Wndntt","67607c5f15734408543abb64","Jeremi","6007886fcafc2e00011be9cd","6ab1857e256f482f9bcefeb7","2026-09-21 15:37"
"Jonas","661ad4c4073f663c21b57fe6","Заяц","63890678411c174863e40d57","6ab186d4256f482f9bcf0425","2026-09-21 15:38"
"гдз по географии 7 класс","6a00adfe661962ad193ddef5","ferreiro","5f126427d6ca438f24009b8e","6ab186e9256f482f9bcf0476","2026-09-21 15:38"
"MG","670d6a20cf57e18ab12f38f8","1th Grader","62d3181a0e6e2a7ef24d6340","6ab18603c3391fafbec56bd0","2026-09-21 15:38"
"Saradão","66245f82ee56b7dcb4cfcca3","galegodepicos","697118dbc466ccf602d55ace","6ab18674694b21848c870930","2026-09-21 15:38"
"ChronosC","63262c005e44be1f38494296","BrianBrobbey","6a7c8155731b5e298427b074","6ab18659256f482f9bcf0268","2026-09-21 15:38"
"franek3215 2","69bd7ff3c47c5404925b9113","danq_s","639c2a925d4cc27b2f7a898b","6ab186d0f325b1e10d651050","2026-09-21 15:38"
"zone","601d17c1d565030001440b8d","xLucky07","6771278c215608df4a80a000","6ab1869c371316140a52c13b","2026-09-21 15:39"
"しよえ　Shiyoe","6375a42d001fcb9df8d226d9","M1lan","67473d086316c898fe734668","6ab1866d1261dbb6f54ca4b0","2026-09-21 15:39"
"maks","6414d29eb61bfefd9d16461e","chiller77","5f072526a958535b8c80351b","6ab186ef256f482f9bcf048c","2026-09-21 15:39"
"Kilensky","66860b55973f6573ed81e050","habesh","647734d056305f7bf5561a4e","6ab18432694b21848c870219","2026-09-21 15:39"
"Pasord","6669c659ca16186b5a3dbc35","www.twitch.tv/qule0","635d8550c15309de668daf99","6ab1866dbd51da030cffb65f","2026-09-21 15:39"
"meow","68582b5f8e62427811441b60","Julenzooo","603a7a540b13630001e09ff9","6ab18715c3391fafbec56f03","2026-09-21 15:39"
"Jonas","661ad4c4073f663c21b57fe6","Заяц","63890678411c174863e40d57","6ab1877b4934caa33568ae6a","2026-09-21 15:40"
"gomes","5e7e08d33d4b6a4440a1fb08","Albanian Guy","58796ade8b9ff486d81bbad5","6ab18734256f482f9bcf05b3","2026-09-21 15:40"
"cadu","6701c271782cbf631e6511a9","Skaven","684ffbcec374eb437a89fc20","6ab186dc1261dbb6f54ca5d3","2026-09-21 15:40"
"oyche doniz","64c3f1de3325e32e0fcada4a","Kuba","6744ee112d6c958a853b52a6","6ab187271261dbb6f54ca6b4","2026-09-21 15:40"
"Nardorenco","628122bc65003e8fd7d8a74b","Fan Swangambita 🔥😋","63d00c59744f7e9ebeeb1c09","6ab1873e694b21848c870bd0","2026-09-21 15:40"
"Arvanna","66a545e50035c093bfe072bd","Geo Simas","647721c84637cbc0f42de49f","6ab1851b256f482f9bcefd6f","2026-09-21 15:40"
"ferreiro","5f126427d6ca438f24009b8e","franek3215 2","69bd7ff3c47c5404925b9113","6ab18791256f482f9bcf0742","2026-09-21 15:40"
"maks","6414d29eb61bfefd9d16461e","Al Horford","6780ea19220bf0b5884b6412","6ab187ab694b21848c870d85","2026-09-21 15:41"
"гдз по географии 7 класс","6a00adfe661962ad193ddef5","franek3215 2","69bd7ff3c47c5404925b9113","6ab187e6256f482f9bcf08bd","2026-09-21 15:41"
"martiiin___","5e8366f03730753efc33ec0c","Elori","57d698c209f2ef93b8572689","6ab186d9f325b1e10d651062","2026-09-21 15:42"
"oyche doniz","64c3f1de3325e32e0fcada4a","Zoe","64012c4575693afea0dec10b","6ab18831256f482f9bcf09cb","2026-09-21 15:42"
"Julenzooo","603a7a540b13630001e09ff9","Mow_Mi_Ksienciu","65567939564ddbb4b6c81c58","6ab187cc256f482f9bcf083a","2026-09-21 15:42"
"Szymono","613295acc4b5740001f1bfdf","PANDA","6874e2f8ef3960e599abae7c","6ab18748c3391fafbec56fe3","2026-09-21 15:42"
"SanderFMC","62ce8106f827cbfd72056f46","Yarik","676e524ee37422d9da0e161a","6ab180b6256f482f9bceec93","2026-09-21 15:42"
"ItzKubek!_","63c56996754dafb086b2123f","ferreiro","5f126427d6ca438f24009b8e","6ab187f2c3391fafbec57272","2026-09-21 15:42"
"Kangurek","68ad03eef07ecd855398db08","Maksonic","619d09bdc4ab7000016c68d3","6ab1876f256f482f9bcf06c7","2026-09-21 15:43"
"PANDA","6874e2f8ef3960e599abae7c","гдз по географии 7 класс","6a00adfe661962ad193ddef5","6ab1885f256f482f9bcf0a81","2026-09-21 15:43"
"xenoxvx","656a6671f86dd57dbb5e2d65","Nitorip","60b4e24e49269d00013fa878","6ab188071261dbb6f54ca9b5","2026-09-21 15:43"
"Wndntt","67607c5f15734408543abb64","DeadHorse","662ea7b2692b73741f6267ed","6ab18789c3391fafbec570fc","2026-09-21 15:43"
"Tomek5_5","606e09423667bc0001ad663d","MG","670d6a20cf57e18ab12f38f8","6ab18833694b21848c870f48","2026-09-21 15:44"
"Julenzooo","603a7a540b13630001e09ff9","PANDA","6874e2f8ef3960e599abae7c","6ab18867256f482f9bcf0a9f","2026-09-21 15:44"
"gomes","5e7e08d33d4b6a4440a1fb08","Заяц","63890678411c174863e40d57","6ab18823256f482f9bcf0995","2026-09-21 15:45"
"Kuba","6744ee112d6c958a853b52a6","cadu","6701c271782cbf631e6511a9","6ab18813256f482f9bcf096b","2026-09-21 15:45"
"Skaven","684ffbcec374eb437a89fc20","Owen","66a3e179154c74d83af4b4f3","6ab187e4256f482f9bcf08ba","2026-09-21 15:45"
"franek3215 2","69bd7ff3c47c5404925b9113","Nardorenco","628122bc65003e8fd7d8a74b","6ab18845694b21848c870f7d","2026-09-21 15:45"
"Markus Benz","6109729e88f8fa00013f1db2","L'Hank the Dawnstreak","628e0d478e5ef3a3ca163627","6ab186e2256f482f9bcf045a","2026-09-21 15:46"
"www.twitch.tv/qule0","635d8550c15309de668daf99","1th Grader","62d3181a0e6e2a7ef24d6340","6ab187c0256f482f9bcf0816","2026-09-21 15:46"
"Geo Simas","647721c84637cbc0f42de49f","Arvanna","66a545e50035c093bfe072bd","6ab18816694b21848c870ee7","2026-09-21 15:46"
"xenoxvx","656a6671f86dd57dbb5e2d65","BlackShark","61f04538cc54700001a27678","6ab188ce256f482f9bcf0c21","2026-09-21 15:46"
"Stephen","5d87615adf1dd672b8a144b5","FMC","638348f8910c9ca0fbb4fa15","6ab18623694b21848c8707f2","2026-09-21 15:47"
"Szymono","613295acc4b5740001f1bfdf","Fan Swangambita 🔥😋","63d00c59744f7e9ebeeb1c09","6ab18861bd51da030cffba90","2026-09-21 15:47"
"Kangurek","68ad03eef07ecd855398db08","Albanian Guy","58796ade8b9ff486d81bbad5","6ab188d7694b21848c871126","2026-09-21 15:48"
"Zendaya","679def87311b366ecb41dcae","Radim","673348fc712f8f8c076cf402","6ab186a7c3391fafbec56df1","2026-09-21 15:48"
"Julenzooo","603a7a540b13630001e09ff9","гдз по географии 7 класс","6a00adfe661962ad193ddef5","6ab188e0694b21848c871142","2026-09-21 15:48"
"galegodepicos","697118dbc466ccf602d55ace","Jrriddle","57a6214096ca6774b09dfc10","6ab18781256f482f9bcf0701","2026-09-21 15:48"
"Nardorenco","628122bc65003e8fd7d8a74b","Kuba","6744ee112d6c958a853b52a6","6ab18940c3391fafbec575d0","2026-09-21 15:48"
"BulgariaEnjoyer","60f46ec8cac323000166141d","plotter","674c4756fb60b9f111e6e0b4","6ab188a8c3391fafbec57452","2026-09-21 15:49"
"Al Horford","6780ea19220bf0b5884b6412","maks","6414d29eb61bfefd9d16461e","6ab18893256f482f9bcf0b3f","2026-09-21 15:49"
"M1lan","67473d086316c898fe734668","zone","601d17c1d565030001440b8d","6ab187c8c3391fafbec571b0","2026-09-21 15:49"
"Pasord","6669c659ca16186b5a3dbc35","xLucky07","6771278c215608df4a80a000","6ab187e3694b21848c870e50","2026-09-21 15:49"
"Tomek5_5","606e09423667bc0001ad663d","Palmitas","5c0450ca431965af44f4668e","6ab1890b256f482f9bcf0d17","2026-09-21 15:49"
"Hobbz 161","5dbc2cc17e473f2408462eae","Reynardo","619e21dbcd59be0001df98df","6ab1874b694b21848c870c00","2026-09-21 15:49"
"wuh","6113168b6962f50001aac734","Fan Swangambita 🔥😋","63d00c59744f7e9ebeeb1c09","6ab189a6c3391fafbec576e6","2026-09-21 15:49"
"Markus Benz","6109729e88f8fa00013f1db2","no one gets away with anything","64a487c9cd74917a4fac0c92","6ab1895a694b21848c8712eb","2026-09-21 15:50"
"gomes","5e7e08d33d4b6a4440a1fb08","Заяц","63890678411c174863e40d57","6ab1893e694b21848c871282","2026-09-21 15:50"
"meow","68582b5f8e62427811441b60","Szymono","613295acc4b5740001f1bfdf","6ab1898d694b21848c871391","2026-09-21 15:50"
"ferreiro","5f126427d6ca438f24009b8e","franek3215 2","69bd7ff3c47c5404925b9113","6ab18933256f482f9bcf0da9","2026-09-21 15:50"
"Asteroid","69dbdc1efb7bdfcff7ddf99d","Orlando","62e7c8236d3aa806160f0f87","6ab185f2256f482f9bcf00bd","2026-09-21 15:51"
"MG","670d6a20cf57e18ab12f38f8","simsson","603659630b13630001de6f9c","6ab189d0256f482f9bcf0ffd","2026-09-21 15:51"
"ItzKubek!_","63c56996754dafb086b2123f","Andi","5d55ff70b4ec1726dc094670","6ab18a03256f482f9bcf10da","2026-09-21 15:51"
"Shakazaramesh","5ef2945bbb96627c9ce5f63f","Elori","57d698c209f2ef93b8572689","6ab188c1256f482f9bcf0bdd","2026-09-21 15:52"
"Greasy Cheeseburger","6a594bfc4f0853294332c67f","Julenzooo","603a7a540b13630001e09ff9","6ab18a19c3391fafbec5785e","2026-09-21 15:52"
"Fan Swangambita 🔥😋","63d00c59744f7e9ebeeb1c09","wuh","6113168b6962f50001aac734","6ab18a56256f482f9bcf1233","2026-09-21 15:52"
"kober","67ad18a09e150413a5e6fa66","200cm 110kg 25cm","6844e70d461359665835d788","6ab18a88256f482f9bcf12d5","2026-09-21 15:53"
"Tomek5_5","606e09423667bc0001ad663d","galegodepicos","697118dbc466ccf602d55ace","6ab18a5a256f482f9bcf123d","2026-09-21 15:53"
"ferreiro","5f126427d6ca438f24009b8e","Loars_","67c023fa843f4449095fd251","6ab18a7b694b21848c871656","2026-09-21 15:53"
"Заяц","63890678411c174863e40d57","gomes","5e7e08d33d4b6a4440a1fb08","6ab18a85256f482f9bcf12c8","2026-09-21 15:54"
"Radim","673348fc712f8f8c076cf402","FMC","638348f8910c9ca0fbb4fa15","6ab189f3c3391fafbec577fb","2026-09-21 15:54"
"Kuba","6744ee112d6c958a853b52a6","Nardorenco","628122bc65003e8fd7d8a74b","6ab189df256f482f9bcf1034","2026-09-21 15:54"
"meow","68582b5f8e62427811441b60","Szymono","613295acc4b5740001f1bfdf","6ab18a5bc3391fafbec57909","2026-09-21 15:54"
"Skaven","684ffbcec374eb437a89fc20","cadu","6701c271782cbf631e6511a9","6ab189341261dbb6f54cac9b","2026-09-21 15:54"
"wuh","6113168b6962f50001aac734","gani","5aa4b65c42305f89a0f9d97e","6ab18abb256f482f9bcf13a4","2026-09-21 15:54"
"Arvanna","66a545e50035c093bfe072bd","Geo Simas","647721c84637cbc0f42de49f","6ab18980c3391fafbec5768d","2026-09-21 15:55"
"Greasy Cheeseburger","6a594bfc4f0853294332c67f","Julenzooo","603a7a540b13630001e09ff9","6ab18aea256f482f9bcf1485","2026-09-21 15:56"
"cadu","6701c271782cbf631e6511a9","Skaven","684ffbcec374eb437a89fc20","6ab18b4d256f482f9bcf15fd","2026-09-21 15:56"
"Palmitas","5c0450ca431965af44f4668e","Pasord","6669c659ca16186b5a3dbc35","6ab18a35256f482f9bcf11b4","2026-09-21 15:57"
"sebastian","667d87ca8401bca3fee14649","200cm 110kg 25cm","6844e70d461359665835d788","6ab18b68256f482f9bcf1667","2026-09-21 15:58"
"no one gets away with anything","64a487c9cd74917a4fac0c92","Markus Benz","6109729e88f8fa00013f1db2","6ab18a5b1261dbb6f54caf84","2026-09-21 15:58"
"zone","601d17c1d565030001440b8d","maks","6414d29eb61bfefd9d16461e","6ab18a2dc3391fafbec57898","2026-09-21 15:58"
"gomes","5e7e08d33d4b6a4440a1fb08","Maksonic","619d09bdc4ab7000016c68d3","6ab18b50256f482f9bcf1608","2026-09-21 15:58"
"Orlando","62e7c8236d3aa806160f0f87","Albanian Guy","58796ade8b9ff486d81bbad5","6ab18a9e256f482f9bcf133d","2026-09-21 15:58"
"MG","670d6a20cf57e18ab12f38f8","galegodepicos","697118dbc466ccf602d55ace","6ab18b61256f482f9bcf164a","2026-09-21 15:58"
"ferreiro","5f126427d6ca438f24009b8e","Loars_","67c023fa843f4449095fd251","6ab18b08694b21848c871834","2026-09-21 15:58"
"Kuba","6744ee112d6c958a853b52a6","Nardorenco","628122bc65003e8fd7d8a74b","6ab18b45256f482f9bcf15e2","2026-09-21 15:59"
"simsson","603659630b13630001de6f9c","xenoxvx","656a6671f86dd57dbb5e2d65","6ab18af81261dbb6f54cb18d","2026-09-21 15:59"
"plotter","674c4756fb60b9f111e6e0b4","BulgariaEnjoyer","60f46ec8cac323000166141d","6ab18ae6c3391fafbec57a93","2026-09-21 16:00"
"wuh","6113168b6962f50001aac734","Nardorenco","628122bc65003e8fd7d8a74b","6ab18c7a694b21848c871c9d","2026-09-21 16:00"
"good goy","68e85bdb3f2cbbe915cbcd3d","Al Horford","6780ea19220bf0b5884b6412","6ab18b351261dbb6f54cb21f","2026-09-21 16:01"
"gomes","5e7e08d33d4b6a4440a1fb08","kober","67ad18a09e150413a5e6fa66","6ab18c28912d627dd1b57952","2026-09-21 16:01"
"Maksonic","619d09bdc4ab7000016c68d3","Orlando","62e7c8236d3aa806160f0f87","6ab18c4c256f482f9bcf1a05","2026-09-21 16:01"
"Todjinou","60674f56a95f2c00017fa2fc","Julenzooo","603a7a540b13630001e09ff9","6ab18be5256f482f9bcf1857","2026-09-21 16:01"
"gomes","5e7e08d33d4b6a4440a1fb08","kober","67ad18a09e150413a5e6fa66","6ab18c28912d627dd1b57952","2026-09-21 16:02"
"xLucky07","6771278c215608df4a80a000","M1lan","67473d086316c898fe734668","6ab18a56256f482f9bcf1231","2026-09-21 16:02"
"L'Hank the Dawnstreak","628e0d478e5ef3a3ca163627","Hobbz 161","5dbc2cc17e473f2408462eae","6ab18a69256f482f9bcf1275","2026-09-21 16:02"
"Palmitas","5c0450ca431965af44f4668e","Pasord","6669c659ca16186b5a3dbc35","6ab18bf3256f482f9bcf188d","2026-09-21 16:02"
"galegodepicos","697118dbc466ccf602d55ace","xenoxvx","656a6671f86dd57dbb5e2d65","6ab18c951261dbb6f54cb555","2026-09-21 16:02"
"gomes","5e7e08d33d4b6a4440a1fb08","kober","67ad18a09e150413a5e6fa66","6ab18d02256f482f9bcf1cbc","2026-09-21 16:04"
"BrianBrobbey","6a7c8155731b5e298427b074","Marölchen","6363d4e6dd7a020d3caf03d1","6ab18d71694b21848c871f8b","2026-09-21 16:04"
"silvia","5ab45e391e1f02697026c335","Skaven","684ffbcec374eb437a89fc20","6ab18ba1912d627dd1b5784d","2026-09-21 16:04"
"maks","6414d29eb61bfefd9d16461e","no one gets away with anything","64a487c9cd74917a4fac0c92","6ab18c491261dbb6f54cb484","2026-09-21 16:05"
"Orlando","62e7c8236d3aa806160f0f87","77angels","5aae066718399e2758306701","6ab18cf7694b21848c871e27","2026-09-21 16:05"
"Shakazaramesh","5ef2945bbb96627c9ce5f63f","Tomek5_5","606e09423667bc0001ad663d","6ab18c8a256f482f9bcf1acf","2026-09-21 16:05"
"Zendaya","679def87311b366ecb41dcae","Fructidor","5e3712631e34a03504349945","6ab18a0ec3391fafbec57842","2026-09-21 16:05"
"Henrikk","622640b7cb9b530001598509","Kuba","6744ee112d6c958a853b52a6","6ab18d41694b21848c871ef8","2026-09-21 16:05"
"simsson","603659630b13630001de6f9c","pas bon","6138c0b02041ad0001a01eae","6ab18cba694b21848c871d66","2026-09-21 16:05"
"good goy","68e85bdb3f2cbbe915cbcd3d","Sandman5","68e3f9f00a56d04f694094b5","6ab18ce9103a16612b99576f","2026-09-21 16:06"
"Albanian Guy","58796ade8b9ff486d81bbad5","Maksonic","619d09bdc4ab7000016c68d3","6ab18ce61261dbb6f54cb626","2026-09-21 16:06"
"Nici","619512ea6e5572000187322c","cadu","6701c271782cbf631e6511a9","6ab18bb4694b21848c871a5c","2026-09-21 16:06"
"Noksi","6557a72349182de4e31db900","BulgariaEnjoyer","60f46ec8cac323000166141d","6ab18cb3694b21848c871d4d","2026-09-21 16:07"
"kober","67ad18a09e150413a5e6fa66","200cm 110kg 25cm","6844e70d461359665835d788","6ab18d48256f482f9bcf1de4","2026-09-21 16:07"
"Greasy Cheeseburger","6a594bfc4f0853294332c67f","Julenzooo","603a7a540b13630001e09ff9","6ab18d28256f482f9bcf1d49","2026-09-21 16:07"
"Geo Simas","647721c84637cbc0f42de49f","Arvanna","66a545e50035c093bfe072bd","6ab18b98256f482f9bcf1719","2026-09-21 16:07"
"gomes","5e7e08d33d4b6a4440a1fb08","kober","67ad18a09e150413a5e6fa66","6ab18dc5256f482f9bcf2080","2026-09-21 16:08"
"Kuba","6744ee112d6c958a853b52a6","BrianBrobbey","6a7c8155731b5e298427b074","6ab18dde694b21848c8720f5","2026-09-21 16:08"
"wuh","6113168b6962f50001aac734","Sesquipedalism","59e21e3539d85572801d5a5e","6ab18d93256f482f9bcf1f7a","2026-09-21 16:08"
"77angels","5aae066718399e2758306701","Daviduccio","691df93ef275e716c46378ab","6ab18e02694b21848c872173","2026-09-21 16:09"
"Maksonic","619d09bdc4ab7000016c68d3","Geo Simas","647721c84637cbc0f42de49f","6ab18e4d256f482f9bcf227b","2026-09-21 16:09"
"Reynardo","619e21dbcd59be0001df98df","Asteroid","69dbdc1efb7bdfcff7ddf99d","6ab18ab41261dbb6f54cb0af","2026-09-21 16:10"
"MG","670d6a20cf57e18ab12f38f8","Pasord","6669c659ca16186b5a3dbc35","6ab18d36256f482f9bcf1d8c","2026-09-21 16:10"
"BeamingTown622","69695b2052526dd33686cd11","galegodepicos","697118dbc466ccf602d55ace","6ab18d3a256f482f9bcf1da4","2026-09-21 16:10"
"Kuba","6744ee112d6c958a853b52a6","BrianBrobbey","6a7c8155731b5e298427b074","6ab18e97256f482f9bcf2396","2026-09-21 16:11"
"good goy","68e85bdb3f2cbbe915cbcd3d","sebastian","667d87ca8401bca3fee14649","6ab18e02c3391fafbec58310","2026-09-21 16:12"
"Sandman5","68e3f9f00a56d04f694094b5","OceanMan","5e9a08cdd502e121002b5279","6ab18e67256f482f9bcf22ea","2026-09-21 16:12"
"kober","67ad18a09e150413a5e6fa66","Albanian Guy","58796ade8b9ff486d81bbad5","6ab18e55694b21848c872281","2026-09-21 16:12"
"simsson","603659630b13630001de6f9c","Pasord","6669c659ca16186b5a3dbc35","6ab18eff256f482f9bcf2510","2026-09-21 16:12"
"Julenzooo","603a7a540b13630001e09ff9","Marölchen","6363d4e6dd7a020d3caf03d1","6ab18e8e694b21848c87234c","2026-09-21 16:12"
"wuh","6113168b6962f50001aac734","Ece","5dd06a91e2c0053dd0285400","6ab18e81256f482f9bcf2344","2026-09-21 16:12"
"Bulgariunaci","5ee07a02053ea52a8454e6c2","kober","67ad18a09e150413a5e6fa66","6ab18e9e1261dbb6f54cba3d","2026-09-21 16:13"
"Maksonic","619d09bdc4ab7000016c68d3","Kuba","6744ee112d6c958a853b52a6","6ab18f4a256f482f9bcf2621","2026-09-21 16:13"
"achmedsender","5a1606e2f370149bf01ab594","Fructidor","5e3712631e34a03504349945","6ab18e13694b21848c8721a0","2026-09-21 16:13"
"no one gets away with anything","64a487c9cd74917a4fac0c92","maks","6414d29eb61bfefd9d16461e","6ab18dbdc3391fafbec58252","2026-09-21 16:14"
"Jonas","661ad4c4073f663c21b57fe6","gomes","5e7e08d33d4b6a4440a1fb08","6ab18eb4256f482f9bcf240a","2026-09-21 16:14"
"Tomek5_5","606e09423667bc0001ad663d","Henrikk","622640b7cb9b530001598509","6ab18de0694b21848c8720fc","2026-09-21 16:14"
"Julenzooo","603a7a540b13630001e09ff9","Marölchen","6363d4e6dd7a020d3caf03d1","6ab18f90c3391fafbec5873f","2026-09-21 16:14"
"гдз по географии 7 класс","6a00adfe661962ad193ddef5","wuh","6113168b6962f50001aac734","6ab18f6e1261dbb6f54cbc9e","2026-09-21 16:14"
"kober","67ad18a09e150413a5e6fa66","gomes","5e7e08d33d4b6a4440a1fb08","6ab18ff0256f482f9bcf2821","2026-09-21 16:15"
"simsson","603659630b13630001de6f9c","Pasord","6669c659ca16186b5a3dbc35","6ab18f69fa17a0f03d71e32c","2026-09-21 16:15"
"Arvanna","66a545e50035c093bfe072bd","silvia","5ab45e391e1f02697026c335","6ab18e3b694b21848c87223e","2026-09-21 16:15"
"BrianBrobbey","6a7c8155731b5e298427b074","Anadyr, Chukotka","628d5542d10e08168dc50a5f","6ab18f4b912d627dd1b5805d","2026-09-21 16:15"
"chiller77","5f072526a958535b8c80351b","Stephen","5d87615adf1dd672b8a144b5","6ab18cd9256f482f9bcf1c14","2026-09-21 16:16"
"Kuba","6744ee112d6c958a853b52a6","OceanMan","5e9a08cdd502e121002b5279","6ab18faac3391fafbec5877c","2026-09-21 16:16"
"Julenzooo","603a7a540b13630001e09ff9","wuh","6113168b6962f50001aac734","6ab19011912d627dd1b581aa","2026-09-21 16:16"
"xenoxvx","656a6671f86dd57dbb5e2d65","Nici","619512ea6e5572000187322c","6ab18f99c3391fafbec5874e","2026-09-21 16:16"
"Pasord","6669c659ca16186b5a3dbc35","Arvanna","66a545e50035c093bfe072bd","6ab19038694b21848c872858","2026-09-21 16:17"
"Skaven","684ffbcec374eb437a89fc20","francishow","6048173c50a8500001ba84d8","6ab18f22a56dba88a93b5350","2026-09-21 16:17"
"Xick","6227d06fc4123c000192c138","Bulgariunaci","5ee07a02053ea52a8454e6c2","6ab1903a256f482f9bcf2916","2026-09-21 16:18"
"Sandman5","68e3f9f00a56d04f694094b5","maks","6414d29eb61bfefd9d16461e","6ab18fed694b21848c872780","2026-09-21 16:18"
"Albanian Guy","58796ade8b9ff486d81bbad5","kober","67ad18a09e150413a5e6fa66","6ab18fbc256f482f9bcf2797","2026-09-21 16:18"
"Greasy Cheeseburger","6a594bfc4f0853294332c67f","77angels","5aae066718399e2758306701","6ab18ec5694b21848c8723d5","2026-09-21 16:18"
"Maksonic","619d09bdc4ab7000016c68d3","Fan Swangambita 🔥😋","63d00c59744f7e9ebeeb1c09","6ab18fae694b21848c8726c9","2026-09-21 16:18"
"гдз по географии 7 класс","6a00adfe661962ad193ddef5","remember my name","6a5776b9557fa0b8070897d7","6ab19041694b21848c872871","2026-09-21 16:18"
"BarryTheBee","62be7867aa13616722f8dd4a","BulgariaEnjoyer","60f46ec8cac323000166141d","6ab18f9d694b21848c872668","2026-09-21 16:19"
"plotter","674c4756fb60b9f111e6e0b4","Noksi","6557a72349182de4e31db900","6ab18e43256f482f9bcf2251","2026-09-21 16:19"
"OceanMan","5e9a08cdd502e121002b5279","Kuba","6744ee112d6c958a853b52a6","6ab19087256f482f9bcf2a05","2026-09-21 16:19"
"SanderFMC","62ce8106f827cbfd72056f46","turkey5kenjoyer","6a3d9040957b8ab12c7101ef","6ab18ef8694b21848c872468","2026-09-21 16:19"
"Marölchen","6363d4e6dd7a020d3caf03d1","BrianBrobbey","6a7c8155731b5e298427b074","6ab19091256f482f9bcf2a26","2026-09-21 16:19"
"wuh","6113168b6962f50001aac734","Dat1Cactus","60402d940b13630001e3e47d","6ab1909d256f482f9bcf2a4c","2026-09-21 16:19"
"Jonas","661ad4c4073f663c21b57fe6","kober","67ad18a09e150413a5e6fa66","6ab1907cc3391fafbec589c4","2026-09-21 16:20"
"wisps","60ad03a48b6e1d00012f8e7e","Asteroid","69dbdc1efb7bdfcff7ddf99d","6ab18ee9c3391fafbec58594","2026-09-21 16:20"
"xLucky07","6771278c215608df4a80a000","Orlando","62e7c8236d3aa806160f0f87","6ab18dde256f482f9bcf20d1","2026-09-21 16:21"
"good goy","68e85bdb3f2cbbe915cbcd3d","Al Horford","6780ea19220bf0b5884b6412","6ab18f8bc3391fafbec58737","2026-09-21 16:22"
"Xick","6227d06fc4123c000192c138","77angels","5aae066718399e2758306701","6ab19120694b21848c872b5c","2026-09-21 16:22"
"Maksonic","619d09bdc4ab7000016c68d3","kober","67ad18a09e150413a5e6fa66","6ab190e1256f482f9bcf2b3c","2026-09-21 16:22"
"wuh","6113168b6962f50001aac734","Zoe","64012c4575693afea0dec10b","6ab19126694b21848c872b67","2026-09-21 16:22"
"Sandman5","68e3f9f00a56d04f694094b5","maks","6414d29eb61bfefd9d16461e","6ab190ee694b21848c872aba","2026-09-21 16:23"
"Nici","619512ea6e5572000187322c","xenoxvx","656a6671f86dd57dbb5e2d65","6ab190711261dbb6f54cbef3","2026-09-21 16:23"
"Anadyr, Chukotka","628d5542d10e08168dc50a5f","Skaven","684ffbcec374eb437a89fc20","6ab190e3694b21848c872a9d","2026-09-21 16:23"
"Geo Simas","647721c84637cbc0f42de49f","гдз по географии 7 класс","6a00adfe661962ad193ddef5","6ab19121694b21848c872b5e","2026-09-21 16:23"
"no one gets away with anything","64a487c9cd74917a4fac0c92","Markus Benz","6109729e88f8fa00013f1db2","6ab19012c3391fafbec5889a","2026-09-21 16:24"
"Tomek5_5","606e09423667bc0001ad663d","JoguessR","633dc7c5d5114aab59533f52","6ab19142694b21848c872bb6","2026-09-21 16:24"
"Kuba","6744ee112d6c958a853b52a6","ParanaPine101","677e7700a878d4c84ac6af50","6ab19196256f482f9bcf2d97","2026-09-21 16:24"
"maks","6414d29eb61bfefd9d16461e","Al Horford","6780ea19220bf0b5884b6412","6ab19204694b21848c872de7","2026-09-21 16:25"
"Marölchen","6363d4e6dd7a020d3caf03d1","BrianBrobbey","6a7c8155731b5e298427b074","6ab19151694b21848c872be4","2026-09-21 16:25"
"Xick","6227d06fc4123c000192c138","kober","67ad18a09e150413a5e6fa66","6ab191cb694b21848c872d3f","2026-09-21 16:26"
"weucygkyhj","6a1b839fa537527ec94639b9","落汤鸡","675ee56fd2220e44dea68a81","6ab1910d1261dbb6f54cc033","2026-09-21 16:26"
"OceanMan","5e9a08cdd502e121002b5279","Hasan Gencer","6363968c242d5a661f10dbca","6ab1913b256f482f9bcf2c92","2026-09-21 16:26"
"Fructidor","5e3712631e34a03504349945","Sam","5f762dd1b53fb70001d349a4","6ab18fc0256f482f9bcf279d","2026-09-21 16:26"
"BeamingTown622","69695b2052526dd33686cd11","silvia","5ab45e391e1f02697026c335","6ab19023c3391fafbec588c3","2026-09-21 16:26"
"wuh","6113168b6962f50001aac734","Andi","5d55ff70b4ec1726dc094670","6ab191c5c9379a6954cfcbb5","2026-09-21 16:26"
"FAST66","68fe3a19704e6ee9db9c333a","good goy","68e85bdb3f2cbbe915cbcd3d","6ab191e4694b21848c872d8c","2026-09-21 16:27"
"koekemonster","602ea9c05fa0b100010db2b3","Maksonic","619d09bdc4ab7000016c68d3","6ab19242694b21848c872e9e","2026-09-21 16:27"
"77angels","5aae066718399e2758306701","kober","67ad18a09e150413a5e6fa66","6ab19214c3391fafbec58da3","2026-09-21 16:27"
"galegodepicos","697118dbc466ccf602d55ace","Henrikk","622640b7cb9b530001598509","6ab1919dfa17a0f03d71e794","2026-09-21 16:27"
"гдз по географии 7 класс","6a00adfe661962ad193ddef5","Marölchen","6363d4e6dd7a020d3caf03d1","6ab1927051126cd83a84be10","2026-09-21 16:27"
"good goy","68e85bdb3f2cbbe915cbcd3d","Xick","6227d06fc4123c000192c138","6ab192ee694b21848c87306b","2026-09-21 16:28"
"Zendaya","679def87311b366ecb41dcae","200cm 110kg 25cm","6844e70d461359665835d788","6ab18e61694b21848c8722a5","2026-09-21 16:28"
"BrianBrobbey","6a7c8155731b5e298427b074","Stuttgarden","5e7b584fd51dd6198cd166d1","6ab1928a694b21848c872f6c","2026-09-21 16:28"
"koekemonster","602ea9c05fa0b100010db2b3","77angels","5aae066718399e2758306701","6ab19314694b21848c8730d5","2026-09-21 16:29"
"Maksonic","619d09bdc4ab7000016c68d3","kober","67ad18a09e150413a5e6fa66","6ab19310c3391fafbec58fee","2026-09-21 16:29"
"Egorsmol","60c7cce623bc770001651df5","Pasord","6669c659ca16186b5a3dbc35","6ab190981261dbb6f54cbf46","2026-09-21 16:29"
"Noksi","6557a72349182de4e31db900","h","660d99bf23622d3679813f21","6ab1919a256f482f9bcf2da8","2026-09-21 16:30"
"落汤鸡","675ee56fd2220e44dea68a81","kober","67ad18a09e150413a5e6fa66","6ab192c0694b21848c872fef","2026-09-21 16:30"
"Loan","5e866b87b3ec17798078a43b","Pianoman","5e20be8de9473f5b64a60766","6ab18e70c3391fafbec58429","2026-09-21 16:30"
"Felix.svb","6856986bb22dea4ae40a3d22","Markus Benz","6109729e88f8fa00013f1db2","6ab192351261dbb6f54cc291","2026-09-21 16:31"
"Skaven","684ffbcec374eb437a89fc20","Anadyr, Chukotka","628d5542d10e08168dc50a5f","6ab1922f256f482f9bcf2fa4","2026-09-21 16:31"
"77angels","5aae066718399e2758306701","kober","67ad18a09e150413a5e6fa66","6ab19375694b21848c8731e3","2026-09-21 16:32"
"Albanian Guy","58796ade8b9ff486d81bbad5","гдз по географии 7 класс","6a00adfe661962ad193ddef5","6ab1934dc3391fafbec5909d","2026-09-21 16:32"
"kober","67ad18a09e150413a5e6fa66","Maksonic","619d09bdc4ab7000016c68d3","6ab193bbc3391fafbec591a3","2026-09-21 16:32"
"Stephen","5d87615adf1dd672b8a144b5","Reynardo","619e21dbcd59be0001df98df","6ab190c9c3391fafbec58a8d","2026-09-21 16:32"
"Henrikk","622640b7cb9b530001598509","galegodepicos","697118dbc466ccf602d55ace","6ab1930e912d627dd1b58725","2026-09-21 16:32"
"wuh","6113168b6962f50001aac734","Mahatma Gandhi","6a30b007dc21ec5f416bc5e1","6ab193af256f482f9bcf34e5","2026-09-21 16:32"
"Marölchen","6363d4e6dd7a020d3caf03d1","Zoe","64012c4575693afea0dec10b","6ab1930c256f482f9bcf32b3","2026-09-21 16:32"
"BulgariaEnjoyer","60f46ec8cac323000166141d","bodysfailing","69fd3dc20731483be6bd7038","6ab1933d256f482f9bcf335d","2026-09-21 16:33"
"h","660d99bf23622d3679813f21","FAST66","68fe3a19704e6ee9db9c333a","6ab193f9256f482f9bcf35e4","2026-09-21 16:33"
"koekemonster","602ea9c05fa0b100010db2b3","Xick","6227d06fc4123c000192c138","6ab1936c694b21848c8731ca","2026-09-21 16:33"
"Anadyr, Chukotka","628d5542d10e08168dc50a5f","Skaven","684ffbcec374eb437a89fc20","6ab193ea256f482f9bcf35a3","2026-09-21 16:33"
"baga","62f54426341bc104da4cd739","NG04042","606b43739c0af400013d5ba1","6ab19378694b21848c8731ef","2026-09-21 16:33"
"no one gets away with anything","64a487c9cd74917a4fac0c92","Sandman5","68e3f9f00a56d04f694094b5","6ab19263c3391fafbec58e5c","2026-09-21 16:34"
"Nici","619512ea6e5572000187322c","OceanMan","5e9a08cdd502e121002b5279","6ab192bc256f482f9bcf3179","2026-09-21 16:34"
"Marölchen","6363d4e6dd7a020d3caf03d1","Zoe","64012c4575693afea0dec10b","6ab1942a1261dbb6f54cc6d0","2026-09-21 16:34"
"BulgariaEnjoyer","60f46ec8cac323000166141d","bodysfailing","69fd3dc20731483be6bd7038","6ab1947e256f482f9bcf37c6","2026-09-21 16:35"
"Felix.svb","6856986bb22dea4ae40a3d22","Markus Benz","6109729e88f8fa00013f1db2","6ab193f61261dbb6f54cc64f","2026-09-21 16:35"
"PML","615b4d8920ea1200012de9bf","Lottta","6019a1a4665de0000144339d","6ab19472256f482f9bcf3799","2026-09-21 16:35"
"koekemonster","602ea9c05fa0b100010db2b3","Xick","6227d06fc4123c000192c138","6ab19485694b21848c873503","2026-09-21 16:36"
"200cm 110kg 25cm","6844e70d461359665835d788","kober","67ad18a09e150413a5e6fa66","6ab19468256f482f9bcf376f","2026-09-21 16:36"
"chiller77","5f072526a958535b8c80351b","Egorsmol","60c7cce623bc770001651df5","6ab193f3694b21848c87334f","2026-09-21 16:36"
"habesh","647734d056305f7bf5561a4e","Asteroid","69dbdc1efb7bdfcff7ddf99d","6ab191f9c3391fafbec58d5b","2026-09-21 16:36"
"wuh","6113168b6962f50001aac734","Andi","5d55ff70b4ec1726dc094670","6ab19435256f482f9bcf36b9","2026-09-21 16:36"
"baga","62f54426341bc104da4cd739","Andrzej","66c624ec2c0fd28fc7432549","6ab19463256f482f9bcf3755","2026-09-21 16:36"
"plotter","674c4756fb60b9f111e6e0b4","Al Horford","6780ea19220bf0b5884b6412","6ab1933ac3391fafbec59070","2026-09-21 16:37"
"Maksonic","619d09bdc4ab7000016c68d3","kober","67ad18a09e150413a5e6fa66","6ab19446694b21848c873430","2026-09-21 16:37"
"h","660d99bf23622d3679813f21","FAST66","68fe3a19704e6ee9db9c333a","6ab19486694b21848c873506","2026-09-21 16:39"
"JoguessR","633dc7c5d5114aab59533f52","OceanMan","5e9a08cdd502e121002b5279","6ab194a5256f482f9bcf3863","2026-09-21 16:39"
"Anadyr, Chukotka","628d5542d10e08168dc50a5f","GeoNestor","5a0761e672d16b933871e7a1","6ab19462c3391fafbec59348","2026-09-21 16:39"
"77angels","5aae066718399e2758306701","Markus Benz","6109729e88f8fa00013f1db2","6ab1950b256f482f9bcf3983","2026-09-21 16:40"
"Tomek5_5","606e09423667bc0001ad663d","Shakazaramesh","5ef2945bbb96627c9ce5f63f","6ab192c5256f482f9bcf3193","2026-09-21 16:40"
"bodysfailing","69fd3dc20731483be6bd7038","BulgariaEnjoyer","60f46ec8cac323000166141d","6ab1951cc3391fafbec59519","2026-09-21 16:41"
"good goy","68e85bdb3f2cbbe915cbcd3d","Ulork","5e2ded716ea510b234a670b2","6ab194c21261dbb6f54cc885","2026-09-21 16:41"
"200cm 110kg 25cm","6844e70d461359665835d788","kober","67ad18a09e150413a5e6fa66","6ab19541694b21848c8736d7","2026-09-21 16:41"
"Fructidor","5e3712631e34a03504349945","SanderFMC","62ce8106f827cbfd72056f46","6ab192f9256f482f9bcf3240","2026-09-21 16:41"
"kober","67ad18a09e150413a5e6fa66","Maksonic","619d09bdc4ab7000016c68d3","6ab1957e51126cd83a84c2fe","2026-09-21 16:41"
"BeamingTown622","69695b2052526dd33686cd11","Pasord","6669c659ca16186b5a3dbc35","6ab193ae256f482f9bcf34e3","2026-09-21 16:41"
"Sandman5","68e3f9f00a56d04f694094b5","chiller77","5f072526a958535b8c80351b","6ab1954dc3391fafbec595a9","2026-09-21 16:42"
"silvia","5ab45e391e1f02697026c335","remember my name","6a5776b9557fa0b8070897d7","6ab19413694b21848c8733a6","2026-09-21 16:42"
"baga","62f54426341bc104da4cd739","juanpa","63643e61ca725d01843f0e60","6ab195adc3391fafbec596cd","2026-09-21 16:42"
"koekemonster","602ea9c05fa0b100010db2b3","Xick","6227d06fc4123c000192c138","6ab19518c3391fafbec59511","2026-09-21 16:43"
"PML","615b4d8920ea1200012de9bf","Mahatma Gandhi","6a30b007dc21ec5f416bc5e1","6ab19526694b21848c87369f","2026-09-21 16:43"
"Marölchen","6363d4e6dd7a020d3caf03d1","Dat1Cactus","60402d940b13630001e3e47d","6ab1951e256f482f9bcf39cc","2026-09-21 16:43"
"Lottta","6019a1a4665de0000144339d","NamibianAmphibianMan","69ba2e52a04671c8a9b13e12","6ab195bac9379a6954cfcd06","2026-09-21 16:44"
"h","660d99bf23622d3679813f21","FAST66","68fe3a19704e6ee9db9c333a","6ab195bf912d627dd1b58c7e","2026-09-21 16:45"
"good goy","68e85bdb3f2cbbe915cbcd3d","sebastian","667d87ca8401bca3fee14649","6ab1965c1261dbb6f54ccc08","2026-09-21 16:45"
"baga","62f54426341bc104da4cd739","roamwithjoey","6a5e456e661d8cd57b789783","6ab1969d694b21848c873a8b","2026-09-21 16:45"
"kober","67ad18a09e150413a5e6fa66","Maksonic","619d09bdc4ab7000016c68d3","6ab1964a256f482f9bcf3dd6","2026-09-21 16:46"
"bodysfailing","69fd3dc20731483be6bd7038","BulgariaEnjoyer","60f46ec8cac323000166141d","6ab196ba694b21848c873ad6","2026-09-21 16:47"
"Ulork","5e2ded716ea510b234a670b2","Sandman5","68e3f9f00a56d04f694094b5","6ab19686912d627dd1b58dbe","2026-09-21 16:47"
"200cm 110kg 25cm","6844e70d461359665835d788","koekemonster","602ea9c05fa0b100010db2b3","6ab196b4256f482f9bcf3f47","2026-09-21 16:47"
"Albanian Guy","58796ade8b9ff486d81bbad5","Xick","6227d06fc4123c000192c138","6ab196fdc3391fafbec599f3","2026-09-21 16:47"
"Asteroid","69dbdc1efb7bdfcff7ddf99d","habesh","647734d056305f7bf5561a4e","6ab1951cc3391fafbec59518","2026-09-21 16:47"
"Pianoman","5e20be8de9473f5b64a60766","DeTect","65aaf6d23171e89a57705b47","6ab193c7256f482f9bcf3520","2026-09-21 16:47"
"wuh","6113168b6962f50001aac734","Andi","5d55ff70b4ec1726dc094670","6ab1971a256f482f9bcf40a2","2026-09-21 16:47"
"kober","67ad18a09e150413a5e6fa66","ulquiora","66159d055967919df66cf9c0","6ab197b31261dbb6f54ccf11","2026-09-21 16:48"
"いぶりー ivly","6578df649b50a29c7d4112a0","Unga","5f131ab1d52cd04658f42ad7","6ab1949d256f482f9bcf383e","2026-09-21 16:48"
"baga","62f54426341bc104da4cd739","Tigris","685afaeacd0cbb41dadd317d","6ab1974c912d627dd1b58f06","2026-09-21 16:48"
"good goy","68e85bdb3f2cbbe915cbcd3d","no one gets away with anything","64a487c9cd74917a4fac0c92","6ab19730fa17a0f03d71f1c3","2026-09-21 16:49"
"Jonas","661ad4c4073f663c21b57fe6","77angels","5aae066718399e2758306701","6ab19734694b21848c873c18","2026-09-21 16:49"
"Al Horford","6780ea19220bf0b5884b6412","Markus Benz","6109729e88f8fa00013f1db2","6ab1960e912d627dd1b58ce9","2026-09-21 16:49"
"Tomek5_5","606e09423667bc0001ad663d","chiller77","5f072526a958535b8c80351b","6ab19766694b21848c873c9f","2026-09-21 16:49"
"Skaven","684ffbcec374eb437a89fc20","flopes","579dd6cf0f815a56547b26e2","6ab1977f694b21848c873d04","2026-09-21 16:49"
"FAST66","68fe3a19704e6ee9db9c333a","bodysfailing","69fd3dc20731483be6bd7038","6ab197d4256f482f9bcf42c1","2026-09-21 16:50"
"Zendaya","679def87311b366ecb41dcae","Mitteconrad","6056349f72a5a900014128a9","6ab19357256f482f9bcf33d7","2026-09-21 16:50"
"OceanMan","5e9a08cdd502e121002b5279","Shakazaramesh","5ef2945bbb96627c9ce5f63f","6ab195f0c9379a6954cfcd19","2026-09-21 16:50"
"silvia","5ab45e391e1f02697026c335","DasMaennchen","6346b1742918e08b58aa94c6","6ab19678256f482f9bcf3e86","2026-09-21 16:50"
"Ulork","5e2ded716ea510b234a670b2","supergaming","5dfe5cfd328e461c04d7fbf2","6ab197d5371316140a52e27c","2026-09-21 16:51"
"kabrioletlux","60b9f1cafd3caa00014a461e","Henrikk","622640b7cb9b530001598509","6ab1971b694b21848c873bd2","2026-09-21 16:51"
"Fifonż","62a47f05cc33a10539b724eb","RobinjoFenomeno","62c99bba0a6a1ad942f6319a","6ab194ca256f482f9bcf38c2","2026-09-21 16:51"
"kober","67ad18a09e150413a5e6fa66","Markus Benz","6109729e88f8fa00013f1db2","6ab1980b694b21848c873ea2","2026-09-21 16:52"
"Pasord","6669c659ca16186b5a3dbc35","wuh","6113168b6962f50001aac734","6ab1982dc3391fafbec59cd2","2026-09-21 16:52"
"NamibianAmphibianMan","69ba2e52a04671c8a9b13e12","Lottta","6019a1a4665de0000144339d","6ab197371261dbb6f54ccdec","2026-09-21 16:52"
"plotter","674c4756fb60b9f111e6e0b4","BarryTheBee","62be7867aa13616722f8dd4a","6ab195aa694b21848c873828","2026-09-21 16:53"
"bodysfailing","69fd3dc20731483be6bd7038","FAST66","68fe3a19704e6ee9db9c333a","6ab19880694b21848c873fd1","2026-09-21 16:53"
"Skaven","684ffbcec374eb437a89fc20","Mow_Mi_Ksienciu","65567939564ddbb4b6c81c58","6ab1982a0978081b55323d5e","2026-09-21 16:53"
"habesh","647734d056305f7bf5561a4e","Asteroid","69dbdc1efb7bdfcff7ddf99d","6ab197a8256f482f9bcf423d","2026-09-21 16:54"
"ulquiora","66159d055967919df66cf9c0","kober","67ad18a09e150413a5e6fa66","6ab198081261dbb6f54ccfb5","2026-09-21 16:54"
"Henrikk","622640b7cb9b530001598509","kabrioletlux","60b9f1cafd3caa00014a461e","6ab19896256f482f9bcf452e","2026-09-21 16:54"
"Pasord","6669c659ca16186b5a3dbc35","one blinky beer please","68715fc7cc56afc2e1e84ce2","6ab198d41261dbb6f54cd13a","2026-09-21 16:54"
"Lottta","6019a1a4665de0000144339d","flopes","579dd6cf0f815a56547b26e2","6ab198f71261dbb6f54cd173","2026-09-21 16:54"
"OceanMan","5e9a08cdd502e121002b5279","Shakazaramesh","5ef2945bbb96627c9ce5f63f","6ab1985a256f482f9bcf448a","2026-09-21 16:55"
"menthol.mike","5d78b0cc1d19ab6f7052d8b9","Fabi","5807295cfbd28f9a6845a86f","6ab1981dc3391fafbec59cae","2026-09-21 16:55"
"77angels","5aae066718399e2758306701","kober","67ad18a09e150413a5e6fa66","6ab198e9694b21848c8740e2","2026-09-21 16:56"
"Unga","5f131ab1d52cd04658f42ad7","tendog","5a939ca4ef196f9c24d167a6","6ab197eabd51da030cffd7ae","2026-09-21 16:56"
"baga","62f54426341bc104da4cd739","Zikazikaki","6a0f9c029f6f0bf39448c4b3","6ab199381261dbb6f54cd1f1","2026-09-21 16:56"
"wuh","6113168b6962f50001aac734","Senty","65dc836b33066622c3ebfb88","6ab19909256f482f9bcf468a","2026-09-21 16:56"
"h","660d99bf23622d3679813f21","Noksi","6557a72349182de4e31db900","6ab19867c3391fafbec59d5e","2026-09-21 16:57"
"chiller77","5f072526a958535b8c80351b","Tschapra","66b9c722770eb8e328a9c2fb","6ab1990f256f482f9bcf46a9","2026-09-21 16:57"
"Albanian Guy","58796ade8b9ff486d81bbad5","kabrioletlux","60b9f1cafd3caa00014a461e","6ab1993ec3391fafbec59f2a","2026-09-21 16:58"
"habesh","647734d056305f7bf5561a4e","Asteroid","69dbdc1efb7bdfcff7ddf99d","6ab1994cc3391fafbec59f4d","2026-09-21 16:58"
"Pasord","6669c659ca16186b5a3dbc35","one blinky beer please","68715fc7cc56afc2e1e84ce2","6ab1994bc3391fafbec59f47","2026-09-21 16:58"
"Nici","619512ea6e5572000187322c","NamibianAmphibianMan","69ba2e52a04671c8a9b13e12","6ab19917256f482f9bcf46ce","2026-09-21 16:58"
"SanderFMC","62ce8106f827cbfd72056f46","Loan","5e866b87b3ec17798078a43b","6ab1971cc3391fafbec59a3f","2026-09-21 16:59"
"baga","62f54426341bc104da4cd739","Ponyjhonny","6160de678cc7d60001037f7f","6ab199db694b21848c874374","2026-09-21 16:59"
"FAST66","68fe3a19704e6ee9db9c333a","bodysfailing","69fd3dc20731483be6bd7038","6ab19926c3391fafbec59efd","2026-09-21 17:00"
"Shakazaramesh","5ef2945bbb96627c9ce5f63f","OceanMan","5e9a08cdd502e121002b5279","6ab1997e256f482f9bcf481d","2026-09-21 17:00"
"Reynardo","619e21dbcd59be0001df98df","Fructidor","5e3712631e34a03504349945","6ab196431261dbb6f54ccbdf","2026-09-21 17:00"
"menthol.mike","5d78b0cc1d19ab6f7052d8b9","Trotskyism","6006b27ee2a527000163595c","6ab19980c3391fafbec59ffc","2026-09-21 17:01"
"FAST66","68fe3a19704e6ee9db9c333a","bodysfailing","69fd3dc20731483be6bd7038","6ab19aae256f482f9bcf4ca3","2026-09-21 17:02"
"77angels","5aae066718399e2758306701","kober","67ad18a09e150413a5e6fa66","6ab19a3e256f482f9bcf4aff","2026-09-21 17:02"
"いぶりー ivly","6578df649b50a29c7d4112a0","Henrikk","622640b7cb9b530001598509","6ab19939c3391fafbec59f21","2026-09-21 17:02"
"Pasord","6669c659ca16186b5a3dbc35","one blinky beer please","68715fc7cc56afc2e1e84ce2","6ab19a2cfa17a0f03d71f71f","2026-09-21 17:02"
"no one gets away with anything","64a487c9cd74917a4fac0c92","Jakob","6330202c43032ef573d382eb","6ab19a3a371316140a52e70c","2026-09-21 17:03"
"77angels","5aae066718399e2758306701","kober","67ad18a09e150413a5e6fa66","6ab19a3e256f482f9bcf4aff","2026-09-21 17:03"
"Egorsmol","60c7cce623bc770001651df5","OceanMan","5e9a08cdd502e121002b5279","6ab19ace371316140a52e7e9","2026-09-21 17:04"
"Pasord","6669c659ca16186b5a3dbc35","ulquiora","66159d055967919df66cf9c0","6ab19b18c3391fafbec5a40a","2026-09-21 17:04"
"one blinky beer please","68715fc7cc56afc2e1e84ce2","Julenzooo","603a7a540b13630001e09ff9","6ab19b1d256f482f9bcf4df4","2026-09-21 17:04"
"Mestre3342","60bcb2627521290001a84cac","Maxøuuu","5e96e2d4d502e1540cbc5774","6ab19b3c1261dbb6f54cd620","2026-09-21 17:04"
"baga","62f54426341bc104da4cd739","Billynamecheap","638dca7abf2345e7c531fe19","6ab19a85912d627dd1b594e4","2026-09-21 17:04"
"Noksi","6557a72349182de4e31db900","plotter","674c4756fb60b9f111e6e0b4","6ab19a0a694b21848c8743fa","2026-09-21 17:05"
"supergaming","5dfe5cfd328e461c04d7fbf2","Ulork","5e2ded716ea510b234a670b2","6ab198c5256f482f9bcf45a4","2026-09-21 17:05"
"FAST66","68fe3a19704e6ee9db9c333a","bodysfailing","69fd3dc20731483be6bd7038","6ab19b43694b21848c874747","2026-09-21 17:06"
"Nmpzoid","64f1d67dd650255f6568122d","kober","67ad18a09e150413a5e6fa66","6ab19b83694b21848c8747ee","2026-09-21 17:06"
"Nmpzoid","64f1d67dd650255f6568122d","kober","67ad18a09e150413a5e6fa66","6ab19b83694b21848c8747ee","2026-09-21 17:06"
"Trotskyism","6006b27ee2a527000163595c","Nici","619512ea6e5572000187322c","6ab19adc694b21848c874654","2026-09-21 17:06"
"kriszh #freePatrixo","5922abce1bba700c703b0c00","Albanian Guy","58796ade8b9ff486d81bbad5","6ab19b45256f482f9bcf4e6c","2026-09-21 17:07"
"Steve","5c936d6ce92b0c49e4020934","Skaven","684ffbcec374eb437a89fc20","6ab19b66256f482f9bcf4edb","2026-09-21 17:07"
"Zoe","64012c4575693afea0dec10b","Andi","5d55ff70b4ec1726dc094670","6ab19ab3694b21848c8745f9","2026-09-21 17:07"
"ulquiora","66159d055967919df66cf9c0","Pasord","6669c659ca16186b5a3dbc35","6ab19b9de607642cb2b4fa01","2026-09-21 17:08"
"200cm 110kg 25cm","6844e70d461359665835d788","Jakob","6330202c43032ef573d382eb","6ab19bc0694b21848c87487c","2026-09-21 17:09"
"chiller77","5f072526a958535b8c80351b","kabrioletlux","60b9f1cafd3caa00014a461e","6ab19a4cc3391fafbec5a21a","2026-09-21 17:09"
"bodysfailing","69fd3dc20731483be6bd7038","iNS4NE","596fcdabcf818c83482add39","6ab19c37c3391fafbec5a6eb","2026-09-21 17:10"
"Pasord","6669c659ca16186b5a3dbc35","Julenzooo","603a7a540b13630001e09ff9","6ab19ca5c3391fafbec5a801","2026-09-21 17:10"
"Nmpzoid","64f1d67dd650255f6568122d","kober","67ad18a09e150413a5e6fa66","6ab19c8b256f482f9bcf524d","2026-09-21 17:10"
"Antigs","5fb70fb9e2c593000135b6e0","Sesquipedalism","59e21e3539d85572801d5a5e","6ab19aa9256f482f9bcf4c90","2026-09-21 17:10"
"Jakub","5bef0f16fa37262f1c2c2d68","NamibianAmphibianMan","69ba2e52a04671c8a9b13e12","6ab19b85694b21848c8747f4","2026-09-21 17:10"
"Mitteconrad","6056349f72a5a900014128a9","Markus Benz","6109729e88f8fa00013f1db2","6ab198eb256f482f9bcf462a","2026-09-21 17:12"
"Albanian Guy","58796ade8b9ff486d81bbad5","kober","67ad18a09e150413a5e6fa66","6ab19d18c3391fafbec5a902","2026-09-21 17:12"
"Al Horford","6780ea19220bf0b5884b6412","supergaming","5dfe5cfd328e461c04d7fbf2","6ab19be8c3391fafbec5a63e","2026-09-21 17:13"
"Pasord","6669c659ca16186b5a3dbc35","Julenzooo","603a7a540b13630001e09ff9","6ab19cff256f482f9bcf53b2","2026-09-21 17:13"
"Mestre3342","60bcb2627521290001a84cac","Andi","5d55ff70b4ec1726dc094670","6ab19d55694b21848c874c88","2026-09-21 17:13"
"baga","62f54426341bc104da4cd739","Apa","601529bab7393d0001fd132a","6ab19d39c3391fafbec5a964","2026-09-21 17:13"
"Noksi","6557a72349182de4e31db900","plotter","674c4756fb60b9f111e6e0b4","6ab19c11256f482f9bcf50d7","2026-09-21 17:14"
"kober","67ad18a09e150413a5e6fa66","Nmpzoid","64f1d67dd650255f6568122d","6ab19d5f256f482f9bcf54ef","2026-09-21 17:14"
"Trotskyism","6006b27ee2a527000163595c","Luxus","64d905c29860ac321bb0ddc5","6ab19c7bc3391fafbec5a795","2026-09-21 17:15"
"Antigs","5fb70fb9e2c593000135b6e0","Lottta","6019a1a4665de0000144339d","6ab19d14c3391fafbec5a8fa","2026-09-21 17:15"
"menthol.mike","5d78b0cc1d19ab6f7052d8b9","Nici","619512ea6e5572000187322c","6ab19cf9694b21848c874b92","2026-09-21 17:15"
"BulgariaEnjoyer","60f46ec8cac323000166141d","h","660d99bf23622d3679813f21","6ab19a09c3391fafbec5a181","2026-09-21 17:16"
"77angels","5aae066718399e2758306701","kober","67ad18a09e150413a5e6fa66","6ab19d5c694b21848c874ca4","2026-09-21 17:16"
"wisps","60ad03a48b6e1d00012f8e7e","habesh","647734d056305f7bf5561a4e","6ab19a633779c6204c6f5a31","2026-09-21 17:16"
"Egorsmol","60c7cce623bc770001651df5","OceanMan","5e9a08cdd502e121002b5279","6ab19bc4256f482f9bcf4ffc","2026-09-21 17:16"
"Nmpzoid","64f1d67dd650255f6568122d","kober","67ad18a09e150413a5e6fa66","6ab19e291261dbb6f54cdbce","2026-09-21 17:16"
"iNS4NE","596fcdabcf818c83482add39","bodysfailing","69fd3dc20731483be6bd7038","6ab19d1ac3391fafbec5a906","2026-09-21 17:17"
"Markus Benz","6109729e88f8fa00013f1db2","kriszh #freePatrixo","5922abce1bba700c703b0c00","6ab19dc5256f482f9bcf561a","2026-09-21 17:17"
"Nmpzoid","64f1d67dd650255f6568122d","Asteroid","69dbdc1efb7bdfcff7ddf99d","6ab19e7e256f482f9bcf58d9","2026-09-21 17:17"
"Mestre3342","60bcb2627521290001a84cac","Horizon","66451451a5194c721aa8a094","6ab19e5a256f482f9bcf586c","2026-09-21 17:17"
"Shakazaramesh","5ef2945bbb96627c9ce5f63f","salamander","60d33d62acc9ca00010d4d66","6ab19ce1c3391fafbec5a89b","2026-09-21 17:18"
"Fructidor","5e3712631e34a03504349945","Loan","5e866b87b3ec17798078a43b","6ab19b0a256f482f9bcf4dad","2026-09-21 17:18"
"Antigs","5fb70fb9e2c593000135b6e0","Trotskyism","6006b27ee2a527000163595c","6ab19e50256f482f9bcf5852","2026-09-21 17:18"
"menthol.mike","5d78b0cc1d19ab6f7052d8b9","Jakub","5bef0f16fa37262f1c2c2d68","6ab19e31256f482f9bcf57b9","2026-09-21 17:19"
"Jakob","6330202c43032ef573d382eb","Mathias","650a2d21361d5316c35b4efe","6ab19cf4256f482f9bcf5389","2026-09-21 17:20"
"Albanian Guy","58796ade8b9ff486d81bbad5","kober","67ad18a09e150413a5e6fa66","6ab19e69256f482f9bcf58b0","2026-09-21 17:20"
"kober","67ad18a09e150413a5e6fa66","OceanMan","5e9a08cdd502e121002b5279","6ab19ea5256f482f9bcf5934","2026-09-21 17:20"
"Asteroid","69dbdc1efb7bdfcff7ddf99d","Nmpzoid","64f1d67dd650255f6568122d","6ab19f1473542b950c53de80","2026-09-21 17:20"
"Julenzooo","603a7a540b13630001e09ff9","Pasord","6669c659ca16186b5a3dbc35","6ab19de0c3391fafbec5aaf1","2026-09-21 17:20"
"chiller77","5f072526a958535b8c80351b","いぶりー ivly","6578df649b50a29c7d4112a0","6ab19ed2c3391fafbec5ad44","2026-09-21 17:21"
"kober","67ad18a09e150413a5e6fa66","Pasord","6669c659ca16186b5a3dbc35","6ab19f7b256f482f9bcf5bce","2026-09-21 17:22"
"77angels","5aae066718399e2758306701","Markus Benz","6109729e88f8fa00013f1db2","6ab19eb8912d627dd1b59ca4","2026-09-21 17:23"
"kabrioletlux","60b9f1cafd3caa00014a461e","Reynardo","619e21dbcd59be0001df98df","6ab19cc9694b21848c874b26","2026-09-21 17:23"
"supergaming","5dfe5cfd328e461c04d7fbf2","salamander","60d33d62acc9ca00010d4d66","6ab19f3d256f482f9bcf5af2","2026-09-21 17:24"
"Trotskyism","6006b27ee2a527000163595c","Luxus","64d905c29860ac321bb0ddc5","6ab19ef8694b21848c8750b2","2026-09-21 17:24"
"Nici","619512ea6e5572000187322c","Lottta","6019a1a4665de0000144339d","6ab19ea2c3391fafbec5ace1","2026-09-21 17:24"
"Shakazaramesh","5ef2945bbb96627c9ce5f63f","Egorsmol","60c7cce623bc770001651df5","6ab19f15694b21848c8750fe","2026-09-21 17:25"
"Asteroid","69dbdc1efb7bdfcff7ddf99d","kober","67ad18a09e150413a5e6fa66","6ab1a004256f482f9bcf5d7e","2026-09-21 17:25"
"Nmpzoid","64f1d67dd650255f6568122d","OceanMan","5e9a08cdd502e121002b5279","6ab19f8bc3391fafbec5af2b","2026-09-21 17:25"
"Julenzooo","603a7a540b13630001e09ff9","ulquiora","66159d055967919df66cf9c0","6ab19f9d256f482f9bcf5c39","2026-09-21 17:25"
"bodysfailing","69fd3dc20731483be6bd7038","iNS4NE","596fcdabcf818c83482add39","6ab19ebdc3391fafbec5ad19","2026-09-21 17:26"
"Asteroid","69dbdc1efb7bdfcff7ddf99d","kober","67ad18a09e150413a5e6fa66","6ab1a004256f482f9bcf5d7e","2026-09-21 17:26"
"Albanian Guy","58796ade8b9ff486d81bbad5","Markus Benz","6109729e88f8fa00013f1db2","6ab1a014694b21848c875431","2026-09-21 17:27"
"Fructidor","5e3712631e34a03504349945","FMC","638348f8910c9ca0fbb4fa15","6ab19eed1261dbb6f54cdd6a","2026-09-21 17:27"
"ulquiora","66159d055967919df66cf9c0","Julenzooo","603a7a540b13630001e09ff9","6ab1a099694b21848c875589","2026-09-21 17:27"
"d1e5el","6295fa6cc51c93b8334eb6df","Yarik","676e524ee37422d9da0e161a","6ab19c24256f482f9bcf511f","2026-09-21 17:27"
"supergaming","5dfe5cfd328e461c04d7fbf2","Palmitas","5c0450ca431965af44f4668e","6ab1a07d694b21848c875544","2026-09-21 17:28"
"NamibianAmphibianMan","69ba2e52a04671c8a9b13e12","Antigs","5fb70fb9e2c593000135b6e0","6ab19f02c3391fafbec5ada9","2026-09-21 17:28"
"plotter","674c4756fb60b9f111e6e0b4","Noksi","6557a72349182de4e31db900","6ab19e881261dbb6f54cdc78","2026-09-21 17:29"
"Jakob","6330202c43032ef573d382eb","Mathias","650a2d21361d5316c35b4efe","6ab19ff7256f482f9bcf5d5d","2026-09-21 17:29"
"Armire","579e7c0d96ca677b840d1210","chiller77","5f072526a958535b8c80351b","6ab1a007256f482f9bcf5d83","2026-09-21 17:29"
"Shakazaramesh","5ef2945bbb96627c9ce5f63f","Egorsmol","60c7cce623bc770001651df5","6ab1a09ac3391fafbec5b20a","2026-09-21 17:29"
"kabrioletlux","60b9f1cafd3caa00014a461e","いぶりー ivly","6578df649b50a29c7d4112a0","6ab1a026694b21848c87545f","2026-09-21 17:29"
"Nmpzoid","64f1d67dd650255f6568122d","kober","67ad18a09e150413a5e6fa66","6ab1a0bc1261dbb6f54ce1b2","2026-09-21 17:29"
"OceanMan","5e9a08cdd502e121002b5279","ulquiora","66159d055967919df66cf9c0","6ab1a125256f482f9bcf60bd","2026-09-21 17:29"
"Luxus","64d905c29860ac321bb0ddc5","Trotskyism","6006b27ee2a527000163595c","6ab1a0401261dbb6f54ce06a","2026-09-21 17:30"
"Markus Benz","6109729e88f8fa00013f1db2","kober","67ad18a09e150413a5e6fa66","6ab1a119c3391fafbec5b344","2026-09-21 17:31"
"justachair","5e07eecc1b34a05538118ee3","kober","67ad18a09e150413a5e6fa66","6ab1a1c9694b21848c87583b","2026-09-21 17:32"
"OceanMan","5e9a08cdd502e121002b5279","ulquiora","66159d055967919df66cf9c0","6ab1a198256f482f9bcf61fe","2026-09-21 17:32"
"FMC","638348f8910c9ca0fbb4fa15","Reynardo","619e21dbcd59be0001df98df","6ab1a11ac3391fafbec5b346","2026-09-21 17:33"
"OceanMan","5e9a08cdd502e121002b5279","kober","67ad18a09e150413a5e6fa66","6ab1a231256f482f9bcf639c","2026-09-21 17:34"
"Antigs","5fb70fb9e2c593000135b6e0","Sienikeitto43","645a1ca5770d0ce5ab7afd0e","6ab1a18cc3391fafbec5b44c","2026-09-21 17:34"
"silvia","5ab45e391e1f02697026c335","Julenzooo","603a7a540b13630001e09ff9","6ab1a16c912d627dd1b5a25e","2026-09-21 17:35"
"bodysfailing","69fd3dc20731483be6bd7038","iNS4NE","596fcdabcf818c83482add39","6ab1a0e7c3391fafbec5b2ba","2026-09-21 17:36"
"Palmitas","5c0450ca431965af44f4668e","Shakazaramesh","5ef2945bbb96627c9ce5f63f","6ab1a18b694b21848c8757c1","2026-09-21 17:36"
"kober","67ad18a09e150413a5e6fa66","justachair","5e07eecc1b34a05538118ee3","6ab1a25bc3391fafbec5b627","2026-09-21 17:36"
"Stahu","5c4c5e963d925b4af4b88080","Jakub","5bef0f16fa37262f1c2c2d68","6ab1a1cec3391fafbec5b4cd","2026-09-21 17:36"
"Next","6080a368f1a498000103e1ae","Trotskyism","6006b27ee2a527000163595c","6ab1a1fc256f482f9bcf62f7","2026-09-21 17:37"
"Noksi","6557a72349182de4e31db900","plotter","674c4756fb60b9f111e6e0b4","6ab1a1d0912d627dd1b5a31a","2026-09-21 17:38"
"salamander","60d33d62acc9ca00010d4d66","Egorsmol","60c7cce623bc770001651df5","6ab1a17b256f482f9bcf61ba","2026-09-21 17:38"
"justachair","5e07eecc1b34a05538118ee3","Palmitas","5c0450ca431965af44f4668e","6ab1a31bc9379a6954cfd292","2026-09-21 17:38"
"kober","67ad18a09e150413a5e6fa66","OceanMan","5e9a08cdd502e121002b5279","6ab1a2b5256f482f9bcf64f8","2026-09-21 17:38"
"ulquiora","66159d055967919df66cf9c0","NamibianAmphibianMan","69ba2e52a04671c8a9b13e12","6ab1a23bc9379a6954cfd205","2026-09-21 17:38"
"1Kenma","67f1e53d840a2b6316eb1c59","Yarik","676e524ee37422d9da0e161a","6ab1a2dbc3391fafbec5b78c","2026-09-21 17:39"
"iNS4NE","596fcdabcf818c83482add39","bodysfailing","69fd3dc20731483be6bd7038","6ab1a33a694b21848c875bd7","2026-09-21 17:40"
"Equinox","65cac339810ef89a8b628cc7","いぶりー ivly","6578df649b50a29c7d4112a0","6ab1a24a694b21848c87595e","2026-09-21 17:41"
"kober","67ad18a09e150413a5e6fa66","Julenzooo","603a7a540b13630001e09ff9","6ab1a355c3391fafbec5b87d","2026-09-21 17:41"
"Antigs","5fb70fb9e2c593000135b6e0","Sienikeitto43","645a1ca5770d0ce5ab7afd0e","6ab1a2ae694b21848c875a4b","2026-09-21 17:41"
"Valen´t","5ecc89febb39467ce83ec462","leaque","6363f700f56937e0c19a9ea5","6ab1a23c256f482f9bcf63b2","2026-09-21 17:42"
"Shakazaramesh","5ef2945bbb96627c9ce5f63f","Manualidades","67bf16a58f6f3141d0898b0c","6ab1a319256f482f9bcf6605","2026-09-21 17:42"
"NamibianAmphibianMan","69ba2e52a04671c8a9b13e12","dashedhopes","6047fda9cc3e2200015c3cd0","6ab1a3b1c9379a6954cfd2c5","2026-09-21 17:42"
"1Kenma","67f1e53d840a2b6316eb1c59","BlackShark","61f04538cc54700001a27678","6ab1a4391261dbb6f54ce8c3","2026-09-21 17:43"
"kober","67ad18a09e150413a5e6fa66","OceanMan","5e9a08cdd502e121002b5279","6ab1a3b8694b21848c875cf3","2026-09-21 17:44"
"Trotskyism","6006b27ee2a527000163595c","Nici","619512ea6e5572000187322c","6ab1a3601261dbb6f54ce706","2026-09-21 17:45"
"Julenzooo","603a7a540b13630001e09ff9","kober","67ad18a09e150413a5e6fa66","6ab1a458c3391fafbec5bb47","2026-09-21 17:45"
"silvia","5ab45e391e1f02697026c335","Luxus","64d905c29860ac321bb0ddc5","6ab1a2f6694b21848c875b15","2026-09-21 17:45"
"leaque","6363f700f56937e0c19a9ea5","Valen´t","5ecc89febb39467ce83ec462","6ab1a4be694b21848c875f6c","2026-09-21 17:46"
"Markus Benz","6109729e88f8fa00013f1db2","Fructidor","5e3712631e34a03504349945","6ab1a21b256f482f9bcf634c","2026-09-21 17:46"
"Palmitas","5c0450ca431965af44f4668e","Egorsmol","60c7cce623bc770001651df5","6ab1a3d3c3391fafbec5b9f9","2026-09-21 17:46"
"kober","67ad18a09e150413a5e6fa66","Julenzooo","603a7a540b13630001e09ff9","6ab1a568256f482f9bcf6c5a","2026-09-21 17:47"
"Jakub","5bef0f16fa37262f1c2c2d68","Mow_Mi_Ksienciu","65567939564ddbb4b6c81c58","6ab1a4c5256f482f9bcf6afb","2026-09-21 17:47"
"bodysfailing","69fd3dc20731483be6bd7038","iNS4NE","596fcdabcf818c83482add39","6ab1a42ec3391fafbec5bae0","2026-09-21 17:48"
"kober","67ad18a09e150413a5e6fa66","Julenzooo","603a7a540b13630001e09ff9","6ab1a568256f482f9bcf6c5a","2026-09-21 17:48"
"Antigs","5fb70fb9e2c593000135b6e0","Manualidades","67bf16a58f6f3141d0898b0c","6ab1a49e256f482f9bcf6aa7","2026-09-21 17:48"
"ParanaPine101","677e7700a878d4c84ac6af50","Linh","62bc864e736593de5226a97c","6ab1a581694b21848c876100","2026-09-21 17:48"
"BarryTheBee","62be7867aa13616722f8dd4a","plotter","674c4756fb60b9f111e6e0b4","6ab1a3ebc3391fafbec5ba45","2026-09-21 17:49"
"Albanian Guy","58796ade8b9ff486d81bbad5","ulquiora","66159d055967919df66cf9c0","6ab1a55c371316140a52fb08","2026-09-21 17:49"
"Avandy","60c3535133004c00010451a3","77angels","5aae066718399e2758306701","6ab1a453c3391fafbec5bb37","2026-09-21 17:49"
"Palmitas","5c0450ca431965af44f4668e","Egorsmol","60c7cce623bc770001651df5","6ab1a58dc3391fafbec5be50","2026-09-21 17:49"
"Equinox","65cac339810ef89a8b628cc7","chiller77","5f072526a958535b8c80351b","6ab1a476c3391fafbec5bb89","2026-09-21 17:51"
"Mathias","650a2d21361d5316c35b4efe","salamander","60d33d62acc9ca00010d4d66","6ab1a440694b21848c875e3c","2026-09-21 17:52"
"Markus Benz","6109729e88f8fa00013f1db2","leaque","6363f700f56937e0c19a9ea5","6ab1a5ad256f482f9bcf6cf3","2026-09-21 17:52"
"kober","67ad18a09e150413a5e6fa66","ulquiora","66159d055967919df66cf9c0","6ab1a660256f482f9bcf6ec7","2026-09-21 17:52"
"Trotskyism","6006b27ee2a527000163595c","Shakazaramesh","5ef2945bbb96627c9ce5f63f","6ab1a57fc3391fafbec5be31","2026-09-21 17:52"
"bodysfailing","69fd3dc20731483be6bd7038","Ling","653d58ea4044fc276f407e75","6ab1a608256f482f9bcf6dd6","2026-09-21 17:54"
"kober","67ad18a09e150413a5e6fa66","ulquiora","66159d055967919df66cf9c0","6ab1a660256f482f9bcf6ec7","2026-09-21 17:54"
"ulquiora","66159d055967919df66cf9c0","Julenzooo","603a7a540b13630001e09ff9","6ab1a6ff256f482f9bcf7088","2026-09-21 17:54"
"race","603c5c220297940001b84e1a","Andi","5d55ff70b4ec1726dc094670","6ab1a71c256f482f9bcf70c2","2026-09-21 17:55"
"salamander","60d33d62acc9ca00010d4d66","Shakazaramesh","5ef2945bbb96627c9ce5f63f","6ab1a705c3391fafbec5c231","2026-09-21 17:56"
"Manualidades","67bf16a58f6f3141d0898b0c","OceanMan","5e9a08cdd502e121002b5279","6ab1a603256f482f9bcf6dcc","2026-09-21 17:56"
"Avandy","60c3535133004c00010451a3","Feneb","5dba86167e473f2408461141","6ab1a6d8694b21848c8764d8","2026-09-21 17:57"
"kober","67ad18a09e150413a5e6fa66","Albanian Guy","58796ade8b9ff486d81bbad5","6ab1a730c3391fafbec5c2a8","2026-09-21 17:58"
"leaque","6363f700f56937e0c19a9ea5","kober","67ad18a09e150413a5e6fa66","6ab1a7641261dbb6f54cee9b","2026-09-21 17:59"
"Julenzooo","603a7a540b13630001e09ff9","ulquiora","66159d055967919df66cf9c0","6ab1a776694b21848c876676","2026-09-21 17:59"
"kober","67ad18a09e150413a5e6fa66","Avandy","60c3535133004c00010451a3","6ab1a851256f482f9bcf73a7","2026-09-21 18:00"
"OceanMan","5e9a08cdd502e121002b5279","ParanaPine101","677e7700a878d4c84ac6af50","6ab1a81dc3391fafbec5c49f","2026-09-21 18:00"
"Julenzooo","603a7a540b13630001e09ff9","ulquiora","66159d055967919df66cf9c0","6ab1a88d694b21848c8768e5","2026-09-21 18:00"
"Jakub","5bef0f16fa37262f1c2c2d68","Sienikeitto43","645a1ca5770d0ce5ab7afd0e","6ab1a777694b21848c87667d","2026-09-21 18:00"
"Ling","653d58ea4044fc276f407e75","77angels","5aae066718399e2758306701","6ab1a7f5c9379a6954cfd423","2026-09-21 18:01"
"salamander","60d33d62acc9ca00010d4d66","Shakazaramesh","5ef2945bbb96627c9ce5f63f","6ab1a7f5c3391fafbec5c442","2026-09-21 18:02"
"chiller77","5f072526a958535b8c80351b","Feneb","5dba86167e473f2408461141","6ab1a80d1261dbb6f54cefab","2026-09-21 18:02"
"Palmitas","5c0450ca431965af44f4668e","Manualidades","67bf16a58f6f3141d0898b0c","6ab1a7e11261dbb6f54cef64","2026-09-21 18:02"
"lenne","5f1380d2a18d4d486ca41ee1","galegodepicos","697118dbc466ccf602d55ace","6ab1a86a694b21848c8768a9","2026-09-21 18:02"
"plotter","674c4756fb60b9f111e6e0b4","Mathias","650a2d21361d5316c35b4efe","6ab1a78cf325b1e10d654b4a","2026-09-21 18:03"
"Avandy","60c3535133004c00010451a3","kober","67ad18a09e150413a5e6fa66","6ab1a8bf256f482f9bcf7490","2026-09-21 18:03"
"Avandy","60c3535133004c00010451a3","kober","67ad18a09e150413a5e6fa66","6ab1a8bf256f482f9bcf7490","2026-09-21 18:03"
"FMC","638348f8910c9ca0fbb4fa15","GeoChiko","637129eb9d737c55a520a3e3","6ab1a405c3391fafbec5ba7c","2026-09-21 18:03"
"Shakazaramesh","5ef2945bbb96627c9ce5f63f","Palmitas","5c0450ca431965af44f4668e","6ab1a93fc3391fafbec5c700","2026-09-21 18:04"
"habesh","647734d056305f7bf5561a4e","DeTect","65aaf6d23171e89a57705b47","6ab1a73c256f482f9bcf7100","2026-09-21 18:04"
"galegodepicos","697118dbc466ccf602d55ace","AlyssaXO","697951452c7d617abab0dc61","6ab1a92c694b21848c876a55","2026-09-21 18:04"
"allie","612958d26962f50001ae89d2","seven³","67cb3e4e3d2dc435a0a325e7","6ab1a8dc256f482f9bcf74da","2026-09-21 18:04"
"1Kenma","67f1e53d840a2b6316eb1c59","TurboTapczan","57ea8f4d9b1dda5a1c254003","6ab1a6e1694b21848c8764eb","2026-09-21 18:04"
"Julenzooo","603a7a540b13630001e09ff9","ulquiora","66159d055967919df66cf9c0","6ab1a8e11261dbb6f54cf0e5","2026-09-21 18:05"
"OceanMan","5e9a08cdd502e121002b5279","Manualidades","67bf16a58f6f3141d0898b0c","6ab1a927912d627dd1b5aecd","2026-09-21 18:06"
"Avandy","60c3535133004c00010451a3","kober","67ad18a09e150413a5e6fa66","6ab1a9e1c3391fafbec5c842","2026-09-21 18:07"
"Avandy","60c3535133004c00010451a3","kober","67ad18a09e150413a5e6fa66","6ab1a9e1c3391fafbec5c842","2026-09-21 18:07"
"Julenzooo","603a7a540b13630001e09ff9","ulquiora","66159d055967919df66cf9c0","6ab1a9ed256f482f9bcf7750","2026-09-21 18:07"
"GeoChiko","637129eb9d737c55a520a3e3","gani","5aa4b65c42305f89a0f9d97e","6ab1a9aac3391fafbec5c7dd","2026-09-21 18:07"
"ParanaPine101","677e7700a878d4c84ac6af50","Sienikeitto43","645a1ca5770d0ce5ab7afd0e","6ab1a9251261dbb6f54cf134","2026-09-21 18:07"
"Palmitas","5c0450ca431965af44f4668e","chiller77","5f072526a958535b8c80351b","6ab1a9ab256f482f9bcf76b0","2026-09-21 18:08"
"Albanian Guy","58796ade8b9ff486d81bbad5","gomes","5e7e08d33d4b6a4440a1fb08","6ab1a941c3391fafbec5c708","2026-09-21 18:09"
"Feneb","5dba86167e473f2408461141","Shakazaramesh","5ef2945bbb96627c9ce5f63f","6ab1aa35c3391fafbec5c8e2","2026-09-21 18:09"
"allie","612958d26962f50001ae89d2","seven³","67cb3e4e3d2dc435a0a325e7","6ab1a9ddc3391fafbec5c839","2026-09-21 18:10"
"Feneb","5dba86167e473f2408461141","Shakazaramesh","5ef2945bbb96627c9ce5f63f","6ab1aaff256f482f9bcf79f5","2026-09-21 18:11"
"kober","67ad18a09e150413a5e6fa66","leaque","6363f700f56937e0c19a9ea5","6ab1aa76256f482f9bcf7893","2026-09-21 18:11"
"OceanMan","5e9a08cdd502e121002b5279","Manualidades","67bf16a58f6f3141d0898b0c","6ab1aa4f694b21848c876c75","2026-09-21 18:11"
"ulquiora","66159d055967919df66cf9c0","Senty","65dc836b33066622c3ebfb88","6ab1aaeac3391fafbec5caaf","2026-09-21 18:11"
"AlyssaXO","697951452c7d617abab0dc61","galegodepicos","697118dbc466ccf602d55ace","6ab1a9bcc3391fafbec5c7fd","2026-09-21 18:11"
"gomes","5e7e08d33d4b6a4440a1fb08","weucygkyhj","6a1b839fa537527ec94639b9","6ab1aacb0978081b55325d0c","2026-09-21 18:12"
"Mathias","650a2d21361d5316c35b4efe","tarcsa","60035ba331b2eb0001268660","6ab1aaf7694b21848c876e1a","2026-09-21 18:13"
"Smirk","682bd32c952c470ebb7608e5","Ling","653d58ea4044fc276f407e75","6ab1aac3694b21848c876da2","2026-09-21 18:13"
"Palmitas","5c0450ca431965af44f4668e","chiller77","5f072526a958535b8c80351b","6ab1aaba912d627dd1b5b100","2026-09-21 18:13"
"Avandy","60c3535133004c00010451a3","leaque","6363f700f56937e0c19a9ea5","6ab1ab861261dbb6f54cf5ec","2026-09-21 18:14"
"kober","67ad18a09e150413a5e6fa66","Julenzooo","603a7a540b13630001e09ff9","6ab1aaa2c9379a6954cfd4ee","2026-09-21 18:14"
"kober","67ad18a09e150413a5e6fa66","Pasord","6669c659ca16186b5a3dbc35","6ab19f7b256f482f9bcf5bce","2026-09-21 18:15"
"allie","612958d26962f50001ae89d2","Trotskyism","6006b27ee2a527000163595c","6ab1ab2fc3391fafbec5cb2c","2026-09-21 18:15"
"seven³","67cb3e4e3d2dc435a0a325e7","galegodepicos","697118dbc466ccf602d55ace","6ab1ab51694b21848c876ec7","2026-09-21 18:15"
"tarcsa","60035ba331b2eb0001268660","gomes","5e7e08d33d4b6a4440a1fb08","6ab1abea256f482f9bcf7c3d","2026-09-21 18:16"
"kober","67ad18a09e150413a5e6fa66","Feneb","5dba86167e473f2408461141","6ab1abbe1261dbb6f54cf64e","2026-09-21 18:16"
"Palmitas","5c0450ca431965af44f4668e","chiller77","5f072526a958535b8c80351b","6ab1ac07c3391fafbec5cce0","2026-09-21 18:16"
"TurboTapczan","57ea8f4d9b1dda5a1c254003","1Kenma","67f1e53d840a2b6316eb1c59","6ab1a9cec3391fafbec5c824","2026-09-21 18:16"
"weucygkyhj","6a1b839fa537527ec94639b9","Shakazaramesh","5ef2945bbb96627c9ce5f63f","6ab1ab8b256f482f9bcf7b4b","2026-09-21 18:17"
"Manualidades","67bf16a58f6f3141d0898b0c","OceanMan","5e9a08cdd502e121002b5279","6ab1ab653d67e4b4d72c8866","2026-09-21 18:18"
"tmol","65804bf1981dcef1aaa9fc20","ThiiagooAC7","66a13c3e99166dab91896702","6ab1abb71261dbb6f54cf641","2026-09-21 18:19"
"Albanian Guy","58796ade8b9ff486d81bbad5","leaque","6363f700f56937e0c19a9ea5","6ab1ac32c3391fafbec5cd46","2026-09-21 18:20"
"Feneb","5dba86167e473f2408461141","gomes","5e7e08d33d4b6a4440a1fb08","6ab1ac93c3391fafbec5ce18","2026-09-21 18:20"
"weucygkyhj","6a1b839fa537527ec94639b9","OceanMan","5e9a08cdd502e121002b5279","6ab1ace9c3391fafbec5cea7","2026-09-21 18:20"
"ulquiora","66159d055967919df66cf9c0","Julenzooo","603a7a540b13630001e09ff9","6ab1ac08256f482f9bcf7c75","2026-09-21 18:20"
"Trotskyism","6006b27ee2a527000163595c","allie","612958d26962f50001ae89d2","6ab1ac45c3391fafbec5cd75","2026-09-21 18:21"
"Smirk","682bd32c952c470ebb7608e5","Avandy","60c3535133004c00010451a3","6ab1ac88103a16612b998d5b","2026-09-21 18:23"
"simsson","603659630b13630001de6f9c","Manualidades","67bf16a58f6f3141d0898b0c","6ab1aceef325b1e10d6553dd","2026-09-21 18:23"
"Palmitas","5c0450ca431965af44f4668e","Shakazaramesh","5ef2945bbb96627c9ce5f63f","6ab1accb694b21848c8771e1","2026-09-21 18:24"
"tmol","65804bf1981dcef1aaa9fc20","Jakub","5bef0f16fa37262f1c2c2d68","6ab1ad35c3391fafbec5cf82","2026-09-21 18:24"
"Shakazaramesh","5ef2945bbb96627c9ce5f63f","Manualidades","67bf16a58f6f3141d0898b0c","6ab1ae5f694b21848c8775ab","2026-09-21 18:25"
"seven³","67cb3e4e3d2dc435a0a325e7","Jackkincaid","5d698d4ab4ec17864c52c785","6ab1ace4694b21848c877202","2026-09-21 18:25"
"leaque","6363f700f56937e0c19a9ea5","gomes","5e7e08d33d4b6a4440a1fb08","6ab1ad85256f482f9bcf7fee","2026-09-21 18:27"
"tmol","65804bf1981dcef1aaa9fc20","Ruari","60258d7d36ff8a0001f5fef5","6ab1ae8d694b21848c877618","2026-09-21 18:27"
"Julenzooo","603a7a540b13630001e09ff9","ulquiora","66159d055967919df66cf9c0","6ab1ad81c3391fafbec5d02d","2026-09-21 18:28"
"xLucky07","6771278c215608df4a80a000","Feneb","5dba86167e473f2408461141","6ab1add7256f482f9bcf8103","2026-09-21 18:29"
"Trotskyism","6006b27ee2a527000163595c","tendog","5a939ca4ef196f9c24d167a6","6ab1adc4c3391fafbec5d121","2026-09-21 18:30"
"Julenzooo","603a7a540b13630001e09ff9","ulquiora","66159d055967919df66cf9c0","6ab1af5ac3391fafbec5d5c0","2026-09-21 18:31"
"gomes","5e7e08d33d4b6a4440a1fb08","leaque","6363f700f56937e0c19a9ea5","6ab1af12256f482f9bcf8435","2026-09-21 18:32"
"OceanMan","5e9a08cdd502e121002b5279","weucygkyhj","6a1b839fa537527ec94639b9","6ab1ad94c3391fafbec5d073","2026-09-21 18:32"
"Smirk","682bd32c952c470ebb7608e5","iNS4NE","596fcdabcf818c83482add39","6ab1afce256f482f9bcf861a","2026-09-21 18:34"
"gomes","5e7e08d33d4b6a4440a1fb08","leaque","6363f700f56937e0c19a9ea5","6ab1b056c3391fafbec5d7ed","2026-09-21 18:34"
"NirvaHAINE","5ea6984397d6cf4a547fae04","Shakazaramesh","5ef2945bbb96627c9ce5f63f","6ab1af48c3391fafbec5d59b","2026-09-21 18:34"
"MagnusMägi","6765f226ab11f49e3748df8b","allie","612958d26962f50001ae89d2","6ab1adac694b21848c8773ba","2026-09-21 18:34"
"FMC","638348f8910c9ca0fbb4fa15","Shad","5e2629ec22bbda7ec0ac3612","6ab1ad3d103a16612b998e88","2026-09-21 18:35"
"Lysosome","621dcd936087010001f704db","GeoChiko","637129eb9d737c55a520a3e3","6ab1b075c3391fafbec5d81f","2026-09-21 18:35"
"Marina","66e18bb8a751be2c53805fb7","Feneb","5dba86167e473f2408461141","6ab1af85c3391fafbec5d616","2026-09-21 18:36"
"ulquiora","66159d055967919df66cf9c0","Muffin","68c4e66da6114a16d98aa1ea","6ab1b014694b21848c877a08","2026-09-21 18:36"
"domfrombrasil","6a94b59777073146c9f41f5e","twujstary1337","601c38aa0f84870001f58de3","6ab1b090256f482f9bcf87d7","2026-09-21 18:37"
"leaque","6363f700f56937e0c19a9ea5","gomes","5e7e08d33d4b6a4440a1fb08","6ab1b0d8256f482f9bcf886f","2026-09-21 18:38"
"Jonas","661ad4c4073f663c21b57fe6","closethejson","6a538d8dd1649cea055fe58a","6ab1b0b3256f482f9bcf8818","2026-09-21 18:39"
"Palmitas","5c0450ca431965af44f4668e","Tatert0t 🔇","6806e46ebe43d137459ed281","6ab1b03ec3391fafbec5d7c7","2026-09-21 18:39"
"weucygkyhj","6a1b839fa537527ec94639b9","Trotskyism","6006b27ee2a527000163595c","6ab1b04f256f482f9bcf8746","2026-09-21 18:39"
"drobec","66f6f724dc55f1b787b0cf96","Chrilu193","65a696068a230b43bbc2e941","6ab1b107694b21848c877c1e","2026-09-21 18:39"
"Shakazaramesh","5ef2945bbb96627c9ce5f63f","allie","612958d26962f50001ae89d2","6ab1b0e3c3391fafbec5d920","2026-09-21 18:41"
"ulquiora","66159d055967919df66cf9c0","kawy","6a2d61bda141fcc6981c341c","6ab1b1e9371316140a5310cc","2026-09-21 18:42"
"allie","612958d26962f50001ae89d2","Jakub","5bef0f16fa37262f1c2c2d68","6ab1b24f694b21848c877eb7","2026-09-21 18:43"
"bodysfailing","69fd3dc20731483be6bd7038","closethejson","6a538d8dd1649cea055fe58a","6ab1b2e7256f482f9bcf8d09","2026-09-21 18:44"
"gomes","5e7e08d33d4b6a4440a1fb08","a-you","5e93a3443d4b6a5af4f11b0b","6ab1b287256f482f9bcf8c44","2026-09-21 18:44"
"leaque","6363f700f56937e0c19a9ea5","weucygkyhj","6a1b839fa537527ec94639b9","6ab1b1ec694b21848c877df5","2026-09-21 18:44"
"OceanMan","5e9a08cdd502e121002b5279","simsson","603659630b13630001de6f9c","6ab1b052c3391fafbec5d7e6","2026-09-21 18:44"
"GeoChiko","637129eb9d737c55a520a3e3","Lysosome","621dcd936087010001f704db","6ab1b118256f482f9bcf8924","2026-09-21 18:44"
"MagnusMägi","6765f226ab11f49e3748df8b","NirvaHAINE","5ea6984397d6cf4a547fae04","6ab1b0ff1261dbb6f54d017c","2026-09-21 18:45"
"Trotskyism","6006b27ee2a527000163595c","seven³","67cb3e4e3d2dc435a0a325e7","6ab1b1ea694b21848c877df3","2026-09-21 18:45"
"Рома","5bc9f3921f3cf81af80cfa72","FMC","638348f8910c9ca0fbb4fa15","6ab1b155c3391fafbec5d9fa","2026-09-21 18:46"
"Palmitas","5c0450ca431965af44f4668e","weucygkyhj","6a1b839fa537527ec94639b9","6ab1b328103a16612b9999af","2026-09-21 18:47"
"Lysosome","621dcd936087010001f704db","seven³","67cb3e4e3d2dc435a0a325e7","6ab1b369c3391fafbec5de0d","2026-09-21 18:47"
"gomes","5e7e08d33d4b6a4440a1fb08","a-you","5e93a3443d4b6a5af4f11b0b","6ab1b32c694b21848c878030","2026-09-21 18:48"
"Nardorenco","628122bc65003e8fd7d8a74b","allie","612958d26962f50001ae89d2","6ab1b2f3256f482f9bcf8d1f","2026-09-21 18:48"
"Ruari","60258d7d36ff8a0001f5fef5","Sienikeitto43","645a1ca5770d0ce5ab7afd0e","6ab1b210694b21848c877e3b","2026-09-21 18:48"
"ulquiora","66159d055967919df66cf9c0","Jakub","5bef0f16fa37262f1c2c2d68","6ab1b31ec3391fafbec5dd5f","2026-09-21 18:49"
"ZOMBIE","645d89a8404e68d0d57e5857","kawy","6a2d61bda141fcc6981c341c","6ab1b33ec3391fafbec5ddb0","2026-09-21 18:50"
"mr_spy","665c34e0bc4531cdb19b9ab9","Dissonans","60e09234213b0600019d912e","6ab1b406c3391fafbec5df9f","2026-09-21 18:52"
"simsson","603659630b13630001de6f9c","OceanMan","5e9a08cdd502e121002b5279","6ab1b3acc3391fafbec5ded7","2026-09-21 18:53"
"ulquiora","66159d055967919df66cf9c0","kawy","6a2d61bda141fcc6981c341c","6ab1b4bb256f482f9bcf9155","2026-09-21 18:53"
"allie","612958d26962f50001ae89d2","Nardorenco","628122bc65003e8fd7d8a74b","6ab1b41dc3391fafbec5dfe0","2026-09-21 18:53"
"GeoChiko","637129eb9d737c55a520a3e3","EhrenBrokoli","5f1bc31e3cf5340001e65cbb","6ab1b33c694b21848c878053","2026-09-21 18:54"
"iNS4NE","596fcdabcf818c83482add39","bodysfailing","69fd3dc20731483be6bd7038","6ab1b490694b21848c878387","2026-09-21 18:55"
"a-you","5e93a3443d4b6a5af4f11b0b","closethejson","6a538d8dd1649cea055fe58a","6ab1b43e694b21848c8782d3","2026-09-21 18:55"
"ulquiora","66159d055967919df66cf9c0","allie","612958d26962f50001ae89d2","6ab1b55ac3391fafbec5e2df","2026-09-21 18:55"
"seven³","67cb3e4e3d2dc435a0a325e7","Ryan","5e1cba902034a09a54bbd59d","6ab1b3fb694b21848c87821d","2026-09-21 18:55"
"Orlando","62e7c8236d3aa806160f0f87","Palmitas","5c0450ca431965af44f4668e","6ab1b542256f482f9bcf926f","2026-09-21 18:56"
"NirvaHAINE","5ea6984397d6cf4a547fae04","Lysosome","621dcd936087010001f704db","6ab1b410371316140a5313fd","2026-09-21 18:56"
"gomes","5e7e08d33d4b6a4440a1fb08","a-you","5e93a3443d4b6a5af4f11b0b","6ab1b59ec3391fafbec5e3e8","2026-09-21 18:58"
"OceanMan","5e9a08cdd502e121002b5279","Luiz Henrique","67ffcf4fce0f332d5553d6b4","6ab1b52c694b21848c8784e4","2026-09-21 18:58"
"closethejson","6a538d8dd1649cea055fe58a","iNS4NE","596fcdabcf818c83482add39","6ab1b5c2256f482f9bcf9388","2026-09-21 18:59"
"allie","612958d26962f50001ae89d2","ulquiora","66159d055967919df66cf9c0","6ab1b5d2371316140a5316cf","2026-09-21 19:00"
"Palmitas","5c0450ca431965af44f4668e","NirvaHAINE","5ea6984397d6cf4a547fae04","6ab1b605c3391fafbec5e4c2","2026-09-21 19:01"
"Orlando","62e7c8236d3aa806160f0f87","Shakazaramesh","5ef2945bbb96627c9ce5f63f","6ab1b5dd256f482f9bcf93b7","2026-09-21 19:01"
"Jimbo Junk","5588a2efb8a3409dec36f9de","seven³","67cb3e4e3d2dc435a0a325e7","6ab1b5e4c3391fafbec5e470","2026-09-21 19:01"
"galegodepicos","697118dbc466ccf602d55ace","stefnej (FreshBread)","677c6b1a9c29667c3ddaf12e","6ab1b4eac3391fafbec5e1e9","2026-09-21 19:01"
"Luiz Henrique","67ffcf4fce0f332d5553d6b4","OceanMan","5e9a08cdd502e121002b5279","6ab1b6ae694b21848c878984","2026-09-21 19:02"
"Nardorenco","628122bc65003e8fd7d8a74b","kawy","6a2d61bda141fcc6981c341c","6ab1b610c3391fafbec5e4e3","2026-09-21 19:02"
"Lysosome","621dcd936087010001f704db","tendog","5a939ca4ef196f9c24d167a6","6ab1b6dc694b21848c878a29","2026-09-21 19:03"
"allie","612958d26962f50001ae89d2","ulquiora","66159d055967919df66cf9c0","6ab1b6ecc3391fafbec5e72c","2026-09-21 19:03"
"Jimbo Junk","5588a2efb8a3409dec36f9de","Shakazaramesh","5ef2945bbb96627c9ce5f63f","6ab1b71fc3391fafbec5e7b8","2026-09-21 19:05"
"Orlando","62e7c8236d3aa806160f0f87","closethejson","6a538d8dd1649cea055fe58a","6ab1b728694b21848c878adb","2026-09-21 19:06"
"iNS4NE","596fcdabcf818c83482add39","gomes","5e7e08d33d4b6a4440a1fb08","6ab1b6ccc3391fafbec5e6ef","2026-09-21 19:07"
"OceanMan","5e9a08cdd502e121002b5279","Dasi","60646de64f3a8e00016fae55","6ab1b74c694b21848c878b45","2026-09-21 19:07"
"Nardorenco","628122bc65003e8fd7d8a74b","ulquiora","66159d055967919df66cf9c0","6ab1b77b256f482f9bcf9837","2026-09-21 19:08"
"Lysosome","621dcd936087010001f704db","Pasord","6669c659ca16186b5a3dbc35","6ab1b82ec3391fafbec5ea89","2026-09-21 19:09"
"galegodepicos","697118dbc466ccf602d55ace","seven³","67cb3e4e3d2dc435a0a325e7","6ab1b70f256f482f9bcf970e","2026-09-21 19:09"
"Ribeirete","6058ed09d0aad50001959dd0","kawy","6a2d61bda141fcc6981c341c","6ab1b7ff694b21848c878cda","2026-09-21 19:09"
"Lubec","5e974c906ea510372c1e444a","Orlando","62e7c8236d3aa806160f0f87","6ab1b8c3256f482f9bcf9b2c","2026-09-21 19:10"
"Shakazaramesh","5ef2945bbb96627c9ce5f63f","Jimbo Junk","5588a2efb8a3409dec36f9de","6ab1b816694b21848c878d0c","2026-09-21 19:10"
"Nardorenco","628122bc65003e8fd7d8a74b","kawy","6a2d61bda141fcc6981c341c","6ab1b932256f482f9bcf9bfc","2026-09-21 19:11"
"ulquiora","66159d055967919df66cf9c0","Ribeirete","6058ed09d0aad50001959dd0","6ab1b8f0c3391fafbec5ec41","2026-09-21 19:12"
"Ghoncho1800","5e730243cd30756270994780","Palmitas","5c0450ca431965af44f4668e","6ab1b809103a16612b99a34e","2026-09-21 19:13"
"Preussen","64da4d57e44ffbb819d935b1","Asteroid","69dbdc1efb7bdfcff7ddf99d","6ab1b593256f482f9bcf9330","2026-09-21 19:13"
"OceanMan","5e9a08cdd502e121002b5279","galegodepicos","697118dbc466ccf602d55ace","6ab1b912c3391fafbec5ec83","2026-09-21 19:14"
"seven³","67cb3e4e3d2dc435a0a325e7","Jimbo Junk","5588a2efb8a3409dec36f9de","6ab1b933c3391fafbec5ece0","2026-09-21 19:14"
"Ribeirete","6058ed09d0aad50001959dd0","ulquiora","66159d055967919df66cf9c0","6ab1b9b0256f482f9bcf9ce6","2026-09-21 19:14"
"Shakazaramesh","5ef2945bbb96627c9ce5f63f","Lubec","5e974c906ea510372c1e444a","6ab1b95a694b21848c878fcb","2026-09-21 19:15"
"iNS4NE","596fcdabcf818c83482add39","gomes","5e7e08d33d4b6a4440a1fb08","6ab1b8abc3391fafbec5ebcd","2026-09-21 19:16"
"Nardorenco","628122bc65003e8fd7d8a74b","Dasi","60646de64f3a8e00016fae55","6ab1b9a5256f482f9bcf9cd2","2026-09-21 19:16"
"Ghoncho1800","5e730243cd30756270994780","kober","67ad18a09e150413a5e6fa66","6ab1ba2d256f482f9bcf9dfe","2026-09-21 19:17"
"Ribeirete","6058ed09d0aad50001959dd0","ulquiora","66159d055967919df66cf9c0","6ab1ba1a694b21848c879168","2026-09-21 19:18"
"Orlando","62e7c8236d3aa806160f0f87","closethejson","6a538d8dd1649cea055fe58a","6ab1b940256f482f9bcf9c1d","2026-09-21 19:19"
"Dasi","60646de64f3a8e00016fae55","seven³","67cb3e4e3d2dc435a0a325e7","6ab1ba9ac3391fafbec5f038","2026-09-21 19:20"
"Palmitas","5c0450ca431965af44f4668e","kober","67ad18a09e150413a5e6fa66","6ab1ba7a694b21848c879229","2026-09-21 19:21"
"OceanMan","5e9a08cdd502e121002b5279","Shakazaramesh","5ef2945bbb96627c9ce5f63f","6ab1ba55256f482f9bcf9e63","2026-09-21 19:21"
"Jimbo Junk","5588a2efb8a3409dec36f9de","galegodepicos","697118dbc466ccf602d55ace","6ab1ba3cc3391fafbec5ef56","2026-09-21 19:21"
"allie","612958d26962f50001ae89d2","Ribeirete","6058ed09d0aad50001959dd0","6ab1bb1dc3391fafbec5f15e","2026-09-21 19:21"
"gomes","5e7e08d33d4b6a4440a1fb08","iNS4NE","596fcdabcf818c83482add39","6ab1bac3256f482f9bcf9f4b","2026-09-21 19:22"
"L'Hank the Dawnstreak","628e0d478e5ef3a3ca163627","Asteroid","69dbdc1efb7bdfcff7ddf99d","6ab1b9f3c3391fafbec5eea2","2026-09-21 19:22"
"kawy","6a2d61bda141fcc6981c341c","Kotik :3","6a69e0dcac05d4a8aa4819fb","6ab1bbc3694b21848c8794e8","2026-09-21 19:23"
"Orlando","62e7c8236d3aa806160f0f87","closethejson","6a538d8dd1649cea055fe58a","6ab1bb76103a16612b99a95d","2026-09-21 19:24"
"Palmitas","5c0450ca431965af44f4668e","kober","67ad18a09e150413a5e6fa66","6ab1bbc3103a16612b99a9f0","2026-09-21 19:24"
"OceanMan","5e9a08cdd502e121002b5279","Shakazaramesh","5ef2945bbb96627c9ce5f63f","6ab1bbc0256f482f9bcfa18e","2026-09-21 19:24"
"gomes","5e7e08d33d4b6a4440a1fb08","kober","67ad18a09e150413a5e6fa66","6ab1bc18256f482f9bcfa249","2026-09-21 19:25"
"Nardorenco","628122bc65003e8fd7d8a74b","Ribeirete","6058ed09d0aad50001959dd0","6ab1bbe1256f482f9bcfa1db","2026-09-21 19:26"
"Palmitas","5c0450ca431965af44f4668e","kober","67ad18a09e150413a5e6fa66","6ab1bc7ec3391fafbec5f497","2026-09-21 19:27"
"allie","612958d26962f50001ae89d2","Jimbo Junk","5588a2efb8a3409dec36f9de","6ab1bbc6694b21848c8794f2","2026-09-21 19:27"
"Dasi","60646de64f3a8e00016fae55","seven³","67cb3e4e3d2dc435a0a325e7","6ab1bb9ec3391fafbec5f2a9","2026-09-21 19:27"
"closethejson","6a538d8dd1649cea055fe58a","kober","67ad18a09e150413a5e6fa66","6ab1bcb7694b21848c8796e0","2026-09-21 19:28"
"Ribeirete","6058ed09d0aad50001959dd0","Surgut sand","5ec369eae7115241a4e75beb","6ab1bcf9c3391fafbec5f586","2026-09-21 19:29"
"Ghoncho1800","5e730243cd30756270994780","wisps","60ad03a48b6e1d00012f8e7e","6ab1bac9c3391fafbec5f09c","2026-09-21 19:30"
"OceanMan","5e9a08cdd502e121002b5279","Shakazaramesh","5ef2945bbb96627c9ce5f63f","6ab1bce9694b21848c879730","2026-09-21 19:30"
"UpliftingPeninsula263","66b80145236f1a4e4d55036f","Bifrost","5946db209a4f70c13c0894f1","6ab1bd63694b21848c879812","2026-09-21 19:30"
"closethejson","6a538d8dd1649cea055fe58a","Palmitas","5c0450ca431965af44f4668e","6ab1bd85256f482f9bcfa526","2026-09-21 19:33"
"Markus Benz","6109729e88f8fa00013f1db2","leaque","6363f700f56937e0c19a9ea5","6ab1bde4694b21848c8798fe","2026-09-21 19:33"
"Jimbo Junk","5588a2efb8a3409dec36f9de","allie","612958d26962f50001ae89d2","6ab1bd1d694b21848c87977f","2026-09-21 19:33"
"gomes","5e7e08d33d4b6a4440a1fb08","kober","67ad18a09e150413a5e6fa66","6ab1bd34256f482f9bcfa481","2026-09-21 19:34"
"Shakazaramesh","5ef2945bbb96627c9ce5f63f","Dasi","60646de64f3a8e00016fae55","6ab1be12c3391fafbec5f7fd","2026-09-21 19:34"
"Ghoncho1800","5e730243cd30756270994780","OceanMan","5e9a08cdd502e121002b5279","6ab1be40c3391fafbec5f864","2026-09-21 19:36"
"allie","612958d26962f50001ae89d2","Jimbo Junk","5588a2efb8a3409dec36f9de","6ab1beae256f482f9bcfa77d","2026-09-21 19:37"
"Palmitas","5c0450ca431965af44f4668e","closethejson","6a538d8dd1649cea055fe58a","6ab1be80694b21848c879a33","2026-09-21 19:38"
"Shakazaramesh","5ef2945bbb96627c9ce5f63f","Dasi","60646de64f3a8e00016fae55","6ab1bed8c3391fafbec5f9a0","2026-09-21 19:38"
"zach","621783eaab08b80001371858","Enej","5ff5665d96dfe0000184bfc7","6ab1bf6c694b21848c879be6","2026-09-21 19:39"
"Orlando","62e7c8236d3aa806160f0f87","leaque","6363f700f56937e0c19a9ea5","6ab1becffa17a0f03d723860","2026-09-21 19:41"
"Ghoncho1800","5e730243cd30756270994780","kober","67ad18a09e150413a5e6fa66","6ab1bf5fc3391fafbec5fb1f","2026-09-21 19:41"
"Ghoncho1800","5e730243cd30756270994780","kober","67ad18a09e150413a5e6fa66","6ab1bf5fc3391fafbec5fb1f","2026-09-21 19:42"
"Omnia mea mecum porto","61484b52add2db00018fe1ec","klingemann","67e8571421527a17dfbc69d4","6ab1bfbac3391fafbec5fc24","2026-09-21 19:43"
"zach","621783eaab08b80001371858","Dasi","60646de64f3a8e00016fae55","6ab1c04a256f482f9bcfaadb","2026-09-21 19:43"
"KAZ","6682a94f266924acd6f97098","Sienikeitto43","645a1ca5770d0ce5ab7afd0e","6ab1bff8c3391fafbec5fcab","2026-09-21 19:44"
"seven³","67cb3e4e3d2dc435a0a325e7","Jakub","5bef0f16fa37262f1c2c2d68","6ab1bff8256f482f9bcfaa1f","2026-09-21 19:44"
"雨又潇潇","635a7c4f940d8dc91bd25ec4","closethejson","6a538d8dd1649cea055fe58a","6ab1bfbc256f482f9bcfa9ab","2026-09-21 19:45"
"OceanMan","5e9a08cdd502e121002b5279","salamander","60d33d62acc9ca00010d4d66","6ab1bf62c3391fafbec5fb21","2026-09-21 19:45"
"Palmitas","5c0450ca431965af44f4668e","leaque","6363f700f56937e0c19a9ea5","6ab1c067694b21848c879de6","2026-09-21 19:47"
"Shakazaramesh","5ef2945bbb96627c9ce5f63f","BootyBread","5c9d59dde92b0c6610726f31","6ab1c06f694b21848c879e00","2026-09-21 19:47"
"klingemann","67e8571421527a17dfbc69d4","kober","67ad18a09e150413a5e6fa66","6ab1c11fc9379a6954cfde69","2026-09-21 19:47"
"Skrillicon","63655c683f13a9e2cceb27d9","B E","625a23f495468565476fe3f6","6ab1c130371316140a532a6b","2026-09-21 19:48"
"Jimbo Junk","5588a2efb8a3409dec36f9de","Dasi","60646de64f3a8e00016fae55","6ab1c0f5c3391fafbec5fece","2026-09-21 19:48"
"Shakazaramesh","5ef2945bbb96627c9ce5f63f","Henrikk","622640b7cb9b530001598509","6ab1c1e4256f482f9bcfae36","2026-09-21 19:49"
"kqyyy","6888a322b2328f914ebd912f","Asteroid","69dbdc1efb7bdfcff7ddf99d","6ab1c016c3391fafbec5fce5","2026-09-21 19:50"
"klingemann","67e8571421527a17dfbc69d4","kober","67ad18a09e150413a5e6fa66","6ab1c1fe256f482f9bcfae63","2026-09-21 19:51"
"closethejson","6a538d8dd1649cea055fe58a","雨又潇潇","635a7c4f940d8dc91bd25ec4","6ab1c154c3391fafbec5ff8b","2026-09-21 19:52"
"UpliftingPeninsula263","66b80145236f1a4e4d55036f","Sienikeitto43","645a1ca5770d0ce5ab7afd0e","6ab1c11c256f482f9bcfac83","2026-09-21 19:52"
"Palmitas","5c0450ca431965af44f4668e","kober","67ad18a09e150413a5e6fa66","6ab1c2d3256f482f9bcfb024","2026-09-21 19:53"
"Ghoncho1800","5e730243cd30756270994780","emshanoff","60a55176895a250001d9e2d8","6ab1c248694b21848c87a1f0","2026-09-21 19:53"
"salamander","60d33d62acc9ca00010d4d66","duck","635dc283e419c615374198d6","6ab1c14c694b21848c879fc0","2026-09-21 19:53"
"Jimbo Junk","5588a2efb8a3409dec36f9de","Dasi","60646de64f3a8e00016fae55","6ab1c239694b21848c87a1d1","2026-09-21 19:53"
"kober","67ad18a09e150413a5e6fa66","Bangui Gambit 🇨🇫🫃","6a7f3139be0e4a409ef67be5","6ab1c337c3391fafbec603bb","2026-09-21 19:54"
"seven³","67cb3e4e3d2dc435a0a325e7","dashedhopes","6047fda9cc3e2200015c3cd0","6ab1c1c1694b21848c87a0b8","2026-09-21 19:54"
"emshanoff","60a55176895a250001d9e2d8","Palmitas","5c0450ca431965af44f4668e","6ab1c34ec3391fafbec603e1","2026-09-21 19:55"
"雨又潇潇","635a7c4f940d8dc91bd25ec4","closethejson","6a538d8dd1649cea055fe58a","6ab1c2f6c3391fafbec6030e","2026-09-21 19:55"
"leaque","6363f700f56937e0c19a9ea5","kober","67ad18a09e150413a5e6fa66","6ab1c1eb694b21848c87a10a","2026-09-21 19:55"
"Henrikk","622640b7cb9b530001598509","klingemann","67e8571421527a17dfbc69d4","6ab1c2b6c3391fafbec60279","2026-09-21 19:56"
"Palmitas","5c0450ca431965af44f4668e","closethejson","6a538d8dd1649cea055fe58a","6ab1c3d9694b21848c87a4dd","2026-09-21 19:57"
"Ghoncho1800","5e730243cd30756270994780","雨又潇潇","635a7c4f940d8dc91bd25ec4","6ab1c3aa694b21848c87a477","2026-09-21 19:57"
"Al Horford","6780ea19220bf0b5884b6412","Orlando","62e7c8236d3aa806160f0f87","6ab1c2dd103a16612b99b54b","2026-09-21 19:58"
"Jimbo Junk","5588a2efb8a3409dec36f9de","Dasi","60646de64f3a8e00016fae55","6ab1c351c9379a6954cfdf05","2026-09-21 19:58"
"UpliftingPeninsula263","66b80145236f1a4e4d55036f","SlavaDRIEXT [-Андре ПР-]","65f8490dad4ed43bba0f475d","6ab1c3b9c3391fafbec604f3","2026-09-21 19:58"
"emshanoff","60a55176895a250001d9e2d8","kober","67ad18a09e150413a5e6fa66","6ab1c415c3391fafbec605ca","2026-09-21 19:59"
"leaque","6363f700f56937e0c19a9ea5","kober","67ad18a09e150413a5e6fa66","6ab1c3dcc3391fafbec60541","2026-09-21 20:00"
"Palmitas","5c0450ca431965af44f4668e","雨又潇潇","635a7c4f940d8dc91bd25ec4","6ab1c454c3391fafbec60658","2026-09-21 20:01"
"salamander","60d33d62acc9ca00010d4d66","B E","625a23f495468565476fe3f6","6ab1c33ec3391fafbec603c7","2026-09-21 20:01"
"leaque","6363f700f56937e0c19a9ea5","kober","67ad18a09e150413a5e6fa66","6ab1c4eac3391fafbec60799","2026-09-21 20:01"
"B E","625a23f495468565476fe3f6","Ghoncho1800","5e730243cd30756270994780","6ab1c536c3391fafbec60831","2026-09-21 20:03"
"emshanoff","60a55176895a250001d9e2d8","Palmitas","5c0450ca431965af44f4668e","6ab1c543256f482f9bcfb522","2026-09-21 20:05"
"closethejson","6a538d8dd1649cea055fe58a","kober","67ad18a09e150413a5e6fa66","6ab1c4aa256f482f9bcfb3e5","2026-09-21 20:05"
"UpliftingPeninsula263","66b80145236f1a4e4d55036f","BootyBread","5c9d59dde92b0c6610726f31","6ab1c55173542b950c541e74","2026-09-21 20:05"
"emshanoff","60a55176895a250001d9e2d8","closethejson","6a538d8dd1649cea055fe58a","6ab1c61efa17a0f03d724472","2026-09-21 20:06"
"Jimbo Junk","5588a2efb8a3409dec36f9de","1Kenma","67f1e53d840a2b6316eb1c59","6ab1c4a8256f482f9bcfb3e3","2026-09-21 20:07"
"Stephen","5d87615adf1dd672b8a144b5","Asteroid","69dbdc1efb7bdfcff7ddf99d","6ab1c330694b21848c87a3ab","2026-09-21 20:08"
"silvia","5ab45e391e1f02697026c335","kober","67ad18a09e150413a5e6fa66","6ab1c5ecc3391fafbec609df","2026-09-21 20:09"
"Palmitas","5c0450ca431965af44f4668e","closethejson","6a538d8dd1649cea055fe58a","6ab1c662256f482f9bcfb780","2026-09-21 20:10"
"Ghoncho1800","5e730243cd30756270994780","leaque","6363f700f56937e0c19a9ea5","6ab1c614694b21848c87a8fb","2026-09-21 20:10"
"kober","67ad18a09e150413a5e6fa66","leaque","6363f700f56937e0c19a9ea5","6ab1c743c3391fafbec60c57","2026-09-21 20:11"
"eladio","6594e77717360fe0d27e44d5","B E","625a23f495468565476fe3f6","6ab1c5fa256f482f9bcfb6bd","2026-09-21 20:13"
"closethejson","6a538d8dd1649cea055fe58a","Palmitas","5c0450ca431965af44f4668e","6ab1c740103a16612b99bcb8","2026-09-21 20:13"
"Al Horford","6780ea19220bf0b5884b6412","BarryTheBee","62be7867aa13616722f8dd4a","6ab1c6e2694b21848c87aa91","2026-09-21 20:15"
"Jimbo Junk","5588a2efb8a3409dec36f9de","1Kenma","67f1e53d840a2b6316eb1c59","6ab1c6a3256f482f9bcfb7ef","2026-09-21 20:15"
"leaque","6363f700f56937e0c19a9ea5","kober","67ad18a09e150413a5e6fa66","6ab1c79ec3391fafbec60cfa","2026-09-21 20:16"
"Palmitas","5c0450ca431965af44f4668e","kober","67ad18a09e150413a5e6fa66","6ab1c83cc9379a6954cfe0b5","2026-09-21 20:17"
"leaque","6363f700f56937e0c19a9ea5","kober","67ad18a09e150413a5e6fa66","6ab1c8c8256f482f9bcfbbc8","2026-09-21 20:19"
"Palmitas","5c0450ca431965af44f4668e","kober","67ad18a09e150413a5e6fa66","6ab1c94ac3391fafbec60f7c","2026-09-21 20:20"
"Sadziu","5c61c05b3d925ba81408c135","B E","625a23f495468565476fe3f6","6ab1c873694b21848c87ad2e","2026-09-21 20:21"
"kober","67ad18a09e150413a5e6fa66","Palmitas","5c0450ca431965af44f4668e","6ab1c9fdc3391fafbec610aa","2026-09-21 20:24"
"BarryTheBee","62be7867aa13616722f8dd4a","Al Horford","6780ea19220bf0b5884b6412","6ab1c9b0694b21848c87aecd","2026-09-21 20:25"
"d4nk","5b92bdcc1ee0107188685300","Jeremi","6007886fcafc2e00011be9cd","6ab1ca49103a16612b99c098","2026-09-21 20:27"
"Sadziu","5c61c05b3d925ba81408c135","Palmitas","5c0450ca431965af44f4668e","6ab1ca82694b21848c87afee","2026-09-21 20:28"
"B E","625a23f495468565476fe3f6","Tomek5_5","606e09423667bc0001ad663d","6ab1c9f1c9379a6954cfe12c","2026-09-21 20:28"
"Asteroid","69dbdc1efb7bdfcff7ddf99d","kqyyy","6888a322b2328f914ebd912f","6ab1c80f694b21848c87acb1","2026-09-21 20:28"
"BlackShark","61f04538cc54700001a27678","NayRoX","5782b0a04409600b7c59f1f9","6ab1cb34694b21848c87b129","2026-09-21 20:28"
"Sadziu","5c61c05b3d925ba81408c135","Palmitas","5c0450ca431965af44f4668e","6ab1cb74694b21848c87b18c","2026-09-21 20:30"
"1Kenma","67f1e53d840a2b6316eb1c59","Jeremi","6007886fcafc2e00011be9cd","6ab1cb51c3391fafbec61300","2026-09-21 20:31"
"kober","67ad18a09e150413a5e6fa66","silvia","5ab45e391e1f02697026c335","6ab1cc10694b21848c87b2c1","2026-09-21 20:32"
"kober","67ad18a09e150413a5e6fa66","silvia","5ab45e391e1f02697026c335","6ab1cc10694b21848c87b2c1","2026-09-21 20:33"
"kober","67ad18a09e150413a5e6fa66","silvia","5ab45e391e1f02697026c335","6ab1ccc4694b21848c87b403","2026-09-21 20:35"
"d4nk","5b92bdcc1ee0107188685300","BlackShark","61f04538cc54700001a27678","6ab1cb96103a16612b99c24f","2026-09-21 20:35"
"Tomek5_5","606e09423667bc0001ad663d","Sadziu","5c61c05b3d925ba81408c135","6ab1cc26c3391fafbec61488","2026-09-21 20:36"
"Unc","6876a81aaf5ea16088df663a","kober","67ad18a09e150413a5e6fa66","6ab1cce8c3391fafbec6164b","2026-09-21 20:36"
"Pegi","61d641c61f131400016c9b9c","Crosby42","5a13d79e6e2ae15b80943d1b","6ab1cbcac3391fafbec613be","2026-09-21 20:37"
"race","603c5c220297940001b84e1a","nonperishable","6a8b5148a301f8756567458e","6ab1cd18c9379a6954cfe1f9","2026-09-21 20:37"
"Al Horford","6780ea19220bf0b5884b6412","B E","625a23f495468565476fe3f6","6ab1ccbe694b21848c87b3f0","2026-09-21 20:39"
"Sadziu","5c61c05b3d925ba81408c135","Tomek5_5","606e09423667bc0001ad663d","6ab1cdbac3391fafbec617df","2026-09-21 20:40"
"Unc","6876a81aaf5ea16088df663a","race","603c5c220297940001b84e1a","6ab1cd9b694b21848c87b562","2026-09-21 20:40"
"1Kenma","67f1e53d840a2b6316eb1c59","Jeremi","6007886fcafc2e00011be9cd","6ab1cc16103a16612b99c30a","2026-09-21 20:40"
"d4nk","5b92bdcc1ee0107188685300","BlackShark","61f04538cc54700001a27678","6ab1cd19371316140a533c48","2026-09-21 20:41"
"Primzahl","63a4bfd4030a368d18291a84","klint","6735abfd3d532af30d952b5a","6ab1cc49c3391fafbec614d3","2026-09-21 20:43"
"Tomek5_5","606e09423667bc0001ad663d","Sadziu","5c61c05b3d925ba81408c135","6ab1ce49fa17a0f03d724f08","2026-09-21 20:44"
"Unc","6876a81aaf5ea16088df663a","race","603c5c220297940001b84e1a","6ab1ce45694b21848c87b6d0","2026-09-21 20:44"
"kober","67ad18a09e150413a5e6fa66","Unc","6876a81aaf5ea16088df663a","6ab1cf3dc3391fafbec61b3e","2026-09-21 20:46"
"B E","625a23f495468565476fe3f6","Al Horford","6780ea19220bf0b5884b6412","6ab1ce24c3391fafbec618d9","2026-09-21 20:47"
"Kageyu","68ca96634b59728d6b0f739a","d4nk","5b92bdcc1ee0107188685300","6ab1cea6c3391fafbec619f1","2026-09-21 20:47"
"Unc","6876a81aaf5ea16088df663a","Zoe","64012c4575693afea0dec10b","6ab1cfa4694b21848c87b9b6","2026-09-21 20:48"
"kober","67ad18a09e150413a5e6fa66","Unc","6876a81aaf5ea16088df663a","6ab1cf3dc3391fafbec61b3e","2026-09-21 20:49"
"Sadziu","5c61c05b3d925ba81408c135","Tomek5_5","606e09423667bc0001ad663d","6ab1cf58371316140a534019","2026-09-21 20:50"
"kober","67ad18a09e150413a5e6fa66","Unc","6876a81aaf5ea16088df663a","6ab1d038c3391fafbec61d93","2026-09-21 20:50"
"Zoe","64012c4575693afea0dec10b","race","603c5c220297940001b84e1a","6ab1d05ac3391fafbec61dd9","2026-09-21 20:50"
"Its_ChinasFault","67d88144617e135e7b6559af","Asteroid","69dbdc1efb7bdfcff7ddf99d","6ab1cd67694b21848c87b50e","2026-09-21 20:51"
"kober","67ad18a09e150413a5e6fa66","[FatSnail] SavetheSnail","591790fc1bba70b6146c6485","6ab1d086694b21848c87bb83","2026-09-21 20:52"
"silvia","5ab45e391e1f02697026c335","klint","6735abfd3d532af30d952b5a","6ab1cf2cc3391fafbec61b19","2026-09-21 20:52"
"Sadziu","5c61c05b3d925ba81408c135","Tomek5_5","606e09423667bc0001ad663d","6ab1d0abc3391fafbec61ecc","2026-09-21 20:53"
"JoguessR","633dc7c5d5114aab59533f52","Palmitas","5c0450ca431965af44f4668e","6ab1d03fc3391fafbec61d9e","2026-09-21 20:55"
"Anonymous","617f7cfb9dffd50001875a3f","Kageyu","68ca96634b59728d6b0f739a","6ab1d04fc9379a6954cfe353","2026-09-21 20:55"
"klint","6735abfd3d532af30d952b5a","Zoe","64012c4575693afea0dec10b","6ab1d12cc3391fafbec62015","2026-09-21 20:56"
"Sadziu","5c61c05b3d925ba81408c135","Tomek5_5","606e09423667bc0001ad663d","6ab1d14bc3391fafbec62070","2026-09-21 20:57"
"kober","67ad18a09e150413a5e6fa66","Aljosc","6285deec505b0a7a76ccca1d","6ab1d1ab694b21848c87bde7","2026-09-21 20:57"
"Unc","6876a81aaf5ea16088df663a","Zoe","64012c4575693afea0dec10b","6ab1d201c3391fafbec62220","2026-09-21 20:58"
"BarryTheBee","62be7867aa13616722f8dd4a","Mathias","650a2d21361d5316c35b4efe","6ab1d093c3391fafbec61e8f","2026-09-21 21:00"
"Asteroid","69dbdc1efb7bdfcff7ddf99d","Anonymous","617f7cfb9dffd50001875a3f","6ab1d239694b21848c87bf72","2026-09-21 21:01"
"Unc","6876a81aaf5ea16088df663a","Zoe","64012c4575693afea0dec10b","6ab1d298694b21848c87c01b","2026-09-21 21:01"
"Sadziu","5c61c05b3d925ba81408c135","Tomek5_5","606e09423667bc0001ad663d","6ab1d245c3391fafbec622be","2026-09-21 21:02"
"B E","625a23f495468565476fe3f6","Al Horford","6780ea19220bf0b5884b6412","6ab1d122694b21848c87bcdf","2026-09-21 21:03"
"OceanMan","5e9a08cdd502e121002b5279","Palmitas","5c0450ca431965af44f4668e","6ab1d1cfc3391fafbec621af","2026-09-21 21:03"
"Asteroid","69dbdc1efb7bdfcff7ddf99d","Primzahl","63a4bfd4030a368d18291a84","6ab1d33dc3391fafbec624cd","2026-09-21 21:03"
"race","603c5c220297940001b84e1a","YYYM","67c8e4736707c94f470c6bf4","6ab1d23d694b21848c87bf7c","2026-09-21 21:03"
"Al-Mi'raj","64ac2c32da49c71079205210","Tomek5_5","606e09423667bc0001ad663d","6ab1d359c3391fafbec624f7","2026-09-21 21:04"
"silvia","5ab45e391e1f02697026c335","KAZ","6682a94f266924acd6f97098","6ab1d28b103a16612b99ce73","2026-09-21 21:04"
"Kageyu","68ca96634b59728d6b0f739a","Flubbersticks","69387a54dc6fdd9da05c91cd","6ab1d344371316140a534652","2026-09-21 21:04"
"Anonymous","617f7cfb9dffd50001875a3f","Primzahl","63a4bfd4030a368d18291a84","6ab1d398694b21848c87c1ee","2026-09-21 21:06"
"Palmitas","5c0450ca431965af44f4668e","JoguessR","633dc7c5d5114aab59533f52","6ab1d3b5694b21848c87c244","2026-09-21 21:07"
"race","603c5c220297940001b84e1a","ulquiora","66159d055967919df66cf9c0","6ab1d441694b21848c87c36f","2026-09-21 21:09"
"Al-Mi'raj","64ac2c32da49c71079205210","Tomek5_5","606e09423667bc0001ad663d","6ab1d409c3391fafbec626a1","2026-09-21 21:10"
"Flubbersticks","69387a54dc6fdd9da05c91cd","KAZ","6682a94f266924acd6f97098","6ab1d40a694b21848c87c2ee","2026-09-21 21:10"
"Unc","6876a81aaf5ea16088df663a","Zoe","64012c4575693afea0dec10b","6ab1d4ed694b21848c87c50f","2026-09-21 21:11"
"Sadziu","5c61c05b3d925ba81408c135","Mathias","650a2d21361d5316c35b4efe","6ab1d358694b21848c87c18c","2026-09-21 21:12"
"Palmitas","5c0450ca431965af44f4668e","OceanMan","5e9a08cdd502e121002b5279","6ab1d488c3391fafbec6281e","2026-09-21 21:12"
"Primzahl","63a4bfd4030a368d18291a84","silvia","5ab45e391e1f02697026c335","6ab1d456c3391fafbec6277d","2026-09-21 21:12"
"Mathias","650a2d21361d5316c35b4efe","Sadziu","5c61c05b3d925ba81408c135","6ab1d5d8c3391fafbec62adc","2026-09-21 21:15"
"KAZ","6682a94f266924acd6f97098","CarbonJM","691471e786135723f905f666","6ab1d5920a09365ad38adbf5","2026-09-21 21:15"
"OceanMan","5e9a08cdd502e121002b5279","JoguessR","633dc7c5d5114aab59533f52","6ab1d5e8694b21848c87c753","2026-09-21 21:16"
"Flubbersticks","69387a54dc6fdd9da05c91cd","数字信号处理","62a559ad291a85ec390d343e","6ab1d5ec694b21848c87c75b","2026-09-21 21:16"
"Al-Mi'raj","64ac2c32da49c71079205210","kober","67ad18a09e150413a5e6fa66","6ab1d630c3391fafbec62b74","2026-09-21 21:18"
"Palmitas","5c0450ca431965af44f4668e","kober","67ad18a09e150413a5e6fa66","6ab1d5e7694b21848c87c751","2026-09-21 21:18"
"Unc","6876a81aaf5ea16088df663a","Zoe","64012c4575693afea0dec10b","6ab1d67ec3391fafbec62c28","2026-09-21 21:18"
"BarryTheBee","62be7867aa13616722f8dd4a","Mathias","650a2d21361d5316c35b4efe","6ab1d6e9694b21848c87c92a","2026-09-21 21:19"
"Al Horford","6780ea19220bf0b5884b6412","Sadziu","5c61c05b3d925ba81408c135","6ab1d678694b21848c87c862","2026-09-21 21:20"
"kober","67ad18a09e150413a5e6fa66","Unc","6876a81aaf5ea16088df663a","6ab1d75ec3391fafbec62e16","2026-09-21 21:20"
"KAZ","6682a94f266924acd6f97098","BlackShark","61f04538cc54700001a27678","6ab1d692694b21848c87c8b2","2026-09-21 21:20"
"mii3en mcqueen.","66159d055967919df66cf9c0","Zoe","64012c4575693afea0dec10b","6ab1d73bc3391fafbec62dad","2026-09-21 21:20"
"kober","67ad18a09e150413a5e6fa66","Salem","63af4615494c2bc27e4a2f31","6ab1d78b694b21848c87ca81","2026-09-21 21:23"
"数字信号处理","62a559ad291a85ec390d343e","Flubbersticks","69387a54dc6fdd9da05c91cd","6ab1d6da103a16612b99d639","2026-09-21 21:23"
"Primzahl","63a4bfd4030a368d18291a84","Nitorip","60b4e24e49269d00013fa878","6ab1d5cf103a16612b99d4cb","2026-09-21 21:23"
"Unc","6876a81aaf5ea16088df663a","race","603c5c220297940001b84e1a","6ab1d7a5694b21848c87cae6","2026-09-21 21:25"
"kober","67ad18a09e150413a5e6fa66","Jesper","6962762abc79a0f2300d324e","6ab1d803371316140a534e23","2026-09-21 21:26"
"Palmitas","5c0450ca431965af44f4668e","JoguessR","633dc7c5d5114aab59533f52","6ab1d75ac3391fafbec62e0e","2026-09-21 21:27"
"Al Horford","6780ea19220bf0b5884b6412","OceanMan","5e9a08cdd502e121002b5279","6ab1d806c3391fafbec62f96","2026-09-21 21:28"
"Salem","63af4615494c2bc27e4a2f31","Square","6258ba2148590cd1b4d0e0a1","6ab1d8f3371316140a534fb8","2026-09-21 21:28"
"Flubbersticks","69387a54dc6fdd9da05c91cd","数字信号处理","62a559ad291a85ec390d343e","6ab1d868c3391fafbec630a9","2026-09-21 21:29"
"KAZ","6682a94f266924acd6f97098","Vini‭ ‭✝","6740a7810f0f6c3696115a6a","6ab1d93ac3391fafbec632c2","2026-09-21 21:29"
"Sadziu","5c61c05b3d925ba81408c135","Mathias","650a2d21361d5316c35b4efe","6ab1d7ae694b21848c87cafe","2026-09-21 21:30"
"race","603c5c220297940001b84e1a","mii3en mcqueen.","66159d055967919df66cf9c0","6ab1d999694b21848c87cf59","2026-09-21 21:31"
"しよえ　Shiyoe","6375a42d001fcb9df8d226d9","Palmitas","5c0450ca431965af44f4668e","6ab1d94c694b21848c87cea6","2026-09-21 21:32"
"Salem","63af4615494c2bc27e4a2f31","Jesper","6962762abc79a0f2300d324e","6ab1d9a8103a16612b99db80","2026-09-21 21:32"
"OceanMan","5e9a08cdd502e121002b5279","zeb","59b32f7a0ee41f7e90f68629","6ab1d98d694b21848c87cf39","2026-09-21 21:32"
"GeoHunter.jp","682addc04342da6bdce10d12","KAZ","6682a94f266924acd6f97098","6ab1d9d2c3391fafbec63441","2026-09-21 21:34"
"Zoe","64012c4575693afea0dec10b","Unc","6876a81aaf5ea16088df663a","6ab1d9ee103a16612b99dbfd","2026-09-21 21:34"
"Jesper","6962762abc79a0f2300d324e","Salem","63af4615494c2bc27e4a2f31","6ab1da8c694b21848c87d14e","2026-09-21 21:35"
"zeb","59b32f7a0ee41f7e90f68629","BlackShark","61f04538cc54700001a27678","6ab1dae6c3391fafbec63697","2026-09-21 21:36"
"Palmitas","5c0450ca431965af44f4668e","Salem","63af4615494c2bc27e4a2f31","6ab1db19c3391fafbec63726","2026-09-21 21:37"
"Zoe","64012c4575693afea0dec10b","Unc","6876a81aaf5ea16088df663a","6ab1daf9371316140a535388","2026-09-21 21:37"
"mii3en mcqueen.","66159d055967919df66cf9c0","race","603c5c220297940001b84e1a","6ab1daea694b21848c87d1fd","2026-09-21 21:38"
"しよえ　Shiyoe","6375a42d001fcb9df8d226d9","OceanMan","5e9a08cdd502e121002b5279","6ab1dac3c3391fafbec63652","2026-09-21 21:39"
"Kilkum","61b228be008ec800015ff0a9","Asteroid","69dbdc1efb7bdfcff7ddf99d","6ab1d947c3391fafbec632e0","2026-09-21 21:39"
"Unc","6876a81aaf5ea16088df663a","mii3en mcqueen.","66159d055967919df66cf9c0","6ab1dbc3c9379a6954cfe6f1","2026-09-21 21:39"
"Al Horford","6780ea19220bf0b5884b6412","Sadziu","5c61c05b3d925ba81408c135","6ab1da0f371316140a5351f0","2026-09-21 21:40"
"アラメイン","68445484b91725e394c6e69d","race","603c5c220297940001b84e1a","6ab1dc0b694b21848c87d431","2026-09-21 21:41"
"mii3en mcqueen.","66159d055967919df66cf9c0","Kazuyanpi15","62f98280984cca8f85927223","6ab1dc26fa17a0f03d726634","2026-09-21 21:42"
"Mathias","650a2d21361d5316c35b4efe","JoguessR","633dc7c5d5114aab59533f52","6ab1da3e694b21848c87d0b9","2026-09-21 21:43"
"しよえ　Shiyoe","6375a42d001fcb9df8d226d9","Sadziu","5c61c05b3d925ba81408c135","6ab1dc56103a16612b99e059","2026-09-21 21:43"
"Unc","6876a81aaf5ea16088df663a","アラメイン","68445484b91725e394c6e69d","6ab1dc86694b21848c87d548","2026-09-21 21:43"
"mii3en mcqueen.","66159d055967919df66cf9c0","Kazuyanpi15","62f98280984cca8f85927223","6ab1dc26fa17a0f03d726634","2026-09-21 21:43"
"B E","625a23f495468565476fe3f6","Palmitas","5c0450ca431965af44f4668e","6ab1db96103a16612b99deee","2026-09-21 21:44"
"OceanMan","5e9a08cdd502e121002b5279","Palmitas","5c0450ca431965af44f4668e","6ab1dc53c3391fafbec639c6","2026-09-21 21:45"
"mii3en mcqueen.","66159d055967919df66cf9c0","アラメイン","68445484b91725e394c6e69d","6ab1dd87694b21848c87d77d","2026-09-21 21:46"
"a-you","5e93a3443d4b6a5af4f11b0b","Jesper","6962762abc79a0f2300d324e","6ab1dd00694b21848c87d666","2026-09-21 21:48"
"Unc","6876a81aaf5ea16088df663a","kiel","63d693f57f3304b551cce301","6ab1dd59694b21848c87d71f","2026-09-21 21:48"
"Ricky Beast","5ff33554455e6800011e3146","Al Horford","6780ea19220bf0b5884b6412","6ab1dcf1694b21848c87d640","2026-09-21 21:49"
"ken(retired)","633f713b8c050fa35270d9e6","allie","612958d26962f50001ae89d2","6ab1dc1c694b21848c87d451","2026-09-21 21:49"
"Kageyu","68ca96634b59728d6b0f739a","Kazuyanpi15","62f98280984cca8f85927223","6ab1ddbec9379a6954cfe79b","2026-09-21 21:50"
"Jesper","6962762abc79a0f2300d324e","Palmitas","5c0450ca431965af44f4668e","6ab1de39c3391fafbec63e45","2026-09-21 21:51"
"しよえ　Shiyoe","6375a42d001fcb9df8d226d9","Sadziu","5c61c05b3d925ba81408c135","6ab1ddb2694b21848c87d7f0","2026-09-21 21:52"
"a-you","5e93a3443d4b6a5af4f11b0b","Palmitas","5c0450ca431965af44f4668e","6ab1de2cc3391fafbec63e28","2026-09-21 21:52"
"OceanMan","5e9a08cdd502e121002b5279","JoguessR","633dc7c5d5114aab59533f52","6ab1de3f371316140a5359f8","2026-09-21 21:52"
"Coco","643efb0c135092a962eb1751","Palmitas","5c0450ca431965af44f4668e","6ab1deef103a16612b99e56b","2026-09-21 21:53"
"アラメイン","68445484b91725e394c6e69d","White TaterTot","6a3ee8ca7b5fff69d7ed4d7f","6ab1de87694b21848c87d9e5","2026-09-21 21:54"
"Kilkum","61b228be008ec800015ff0a9","Asteroid","69dbdc1efb7bdfcff7ddf99d","6ab1dc50c3391fafbec639c2","2026-09-21 21:55"
"Unc","6876a81aaf5ea16088df663a","mii3en mcqueen.","66159d055967919df66cf9c0","6ab1df3f694b21848c87db81","2026-09-21 21:56"
"JoguessR","633dc7c5d5114aab59533f52","ken(retired)","633f713b8c050fa35270d9e6","6ab1df72694b21848c87dbf1","2026-09-21 21:57"
"a-you","5e93a3443d4b6a5af4f11b0b","Jesper","6962762abc79a0f2300d324e","6ab1df36c3391fafbec64091","2026-09-21 21:58"
"mii3en mcqueen.","66159d055967919df66cf9c0","kiel","63d693f57f3304b551cce301","6ab1df8fc3391fafbec6415a","2026-09-21 21:58"
"mii3en mcqueen.","66159d055967919df66cf9c0","Jesper","6962762abc79a0f2300d324e","6ab1e0d6c3391fafbec643fd","2026-09-21 22:01"
"アラメイン","68445484b91725e394c6e69d","White TaterTot","6a3ee8ca7b5fff69d7ed4d7f","6ab1dfa8c3391fafbec64189","2026-09-21 22:01"
"Coco","643efb0c135092a962eb1751","Sadziu","5c61c05b3d925ba81408c135","6ab1df8e694b21848c87dc27","2026-09-21 22:02"
"mii3en mcqueen.","66159d055967919df66cf9c0","Jesper","6962762abc79a0f2300d324e","6ab1e0d6c3391fafbec643fd","2026-09-21 22:02"
"kober","67ad18a09e150413a5e6fa66","Jesper","6962762abc79a0f2300d324e","6ab1e149694b21848c87dfa3","2026-09-21 22:04"
"ken(retired)","633f713b8c050fa35270d9e6","JoguessR","633dc7c5d5114aab59533f52","6ab1e0d0694b21848c87deda","2026-09-21 22:04"
"BarryTheBee","62be7867aa13616722f8dd4a","しよえ　Shiyoe","6375a42d001fcb9df8d226d9","6ab1e063694b21848c87de01","2026-09-21 22:05"
"mii3en mcqueen.","66159d055967919df66cf9c0","Unc","6876a81aaf5ea16088df663a","6ab1e210c3391fafbec64672","2026-09-21 22:06"
"Coco","643efb0c135092a962eb1751","kober","67ad18a09e150413a5e6fa66","6ab1e19b694b21848c87e04c","2026-09-21 22:07"
"Jesper","6962762abc79a0f2300d324e","Angoose52","5828eccb9cbb976514169e66","6ab1e21cc3391fafbec64691","2026-09-21 22:07"
"Unc","6876a81aaf5ea16088df663a","mii3en mcqueen.","66159d055967919df66cf9c0","6ab1e288c3391fafbec647e5","2026-09-21 22:09"
"wisps","60ad03a48b6e1d00012f8e7e","Kilkum","61b228be008ec800015ff0a9","6ab1dfe7c3391fafbec64203","2026-09-21 22:10"
"Jesper","6962762abc79a0f2300d324e","kober","67ad18a09e150413a5e6fa66","6ab1e2cbc3391fafbec648a9","2026-09-21 22:10"
"Bazreia","596014fbf97df993145b15d0","KAZ","6682a94f266924acd6f97098","6ab1e1d2694b21848c87e0a5","2026-09-21 22:10"
"domfrombrasil","6a94b59777073146c9f41f5e","puipui","687f36027a2510ee4176d6ec","6ab1e25dc3391fafbec64760","2026-09-21 22:11"
"Coco","643efb0c135092a962eb1751","kober","67ad18a09e150413a5e6fa66","6ab1e3074934caa3356946e6","2026-09-21 22:13"
"Antigs","5fb70fb9e2c593000135b6e0","Kageyu","68ca96634b59728d6b0f739a","6ab1e303c3391fafbec64935","2026-09-21 22:13"
"mii3en mcqueen.","66159d055967919df66cf9c0","Angoose52","5828eccb9cbb976514169e66","6ab1e329c3391fafbec64995","2026-09-21 22:13"
"Mathias","650a2d21361d5316c35b4efe","Sadziu","5c61c05b3d925ba81408c135","6ab1e23ec9379a6954cfe8e9","2026-09-21 22:14"
"ken(retired)","633f713b8c050fa35270d9e6","JoguessR","633dc7c5d5114aab59533f52","6ab1e281694b21848c87e263","2026-09-21 22:14"
"kober","67ad18a09e150413a5e6fa66","Jesper","6962762abc79a0f2300d324e","6ab1e34ac3391fafbec64a18","2026-09-21 22:14"
"Hez1tred.","68274ac83004afb088d83eac","Unc","6876a81aaf5ea16088df663a","6ab1e3ccc3391fafbec64b88","2026-09-21 22:15"
"mii3en mcqueen.","66159d055967919df66cf9c0","kiel","63d693f57f3304b551cce301","6ab1e424694b21848c87e63e","2026-09-21 22:15"
"NamibianAmphibianMan","69ba2e52a04671c8a9b13e12","Angoose52","5828eccb9cbb976514169e66","6ab1e470371316140a5365ac","2026-09-21 22:17"
"Jesper","6962762abc79a0f2300d324e","kober","67ad18a09e150413a5e6fa66","6ab1e44d694b21848c87e683","2026-09-21 22:18"
"𓁏","69d24347f45ed875a0ac1930","Antigs","5fb70fb9e2c593000135b6e0","6ab1e410c3391fafbec64c60","2026-09-21 22:18"
"mii3en mcqueen.","66159d055967919df66cf9c0","Unc","6876a81aaf5ea16088df663a","6ab1e4b9c3391fafbec64db3","2026-09-21 22:18"
"slew","5cc1545b8701a898fc423332","アラメイン","68445484b91725e394c6e69d","6ab1e143694b21848c87df95","2026-09-21 22:19"
"domfrombrasil","6a94b59777073146c9f41f5e","puipui","687f36027a2510ee4176d6ec","6ab1e39f694b21848c87e50b","2026-09-21 22:19"
"BarryTheBee","62be7867aa13616722f8dd4a","しよえ　Shiyoe","6375a42d001fcb9df8d226d9","6ab1e359694b21848c87e46d","2026-09-21 22:20"
"Jesper","6962762abc79a0f2300d324e","kober","67ad18a09e150413a5e6fa66","6ab1e44d694b21848c87e683","2026-09-21 22:20"
"Clemens ☭🚬","672ccfbbce4fd1d4b6b8bf90","mii3en mcqueen.","66159d055967919df66cf9c0","6ab1e590c9379a6954cfea77","2026-09-21 22:22"
"Sadziu","5c61c05b3d925ba81408c135","JoguessR","633dc7c5d5114aab59533f52","6ab1e4ae371316140a536625","2026-09-21 22:22"
"Jesper","6962762abc79a0f2300d324e","kober","67ad18a09e150413a5e6fa66","6ab1e53c103a16612b99f1b4","2026-09-21 22:22"
"mii3en mcqueen.","66159d055967919df66cf9c0","kober","67ad18a09e150413a5e6fa66","6ab1e63b103a16612b99f411","2026-09-21 22:24"
"Coco","643efb0c135092a962eb1751","ken(retired)","633f713b8c050fa35270d9e6","6ab1e5fc103a16612b99f388","2026-09-21 22:25"
"NamibianAmphibianMan","69ba2e52a04671c8a9b13e12","Antigs","5fb70fb9e2c593000135b6e0","6ab1e575694b21848c87e971","2026-09-21 22:25"
"kober","67ad18a09e150413a5e6fa66","Jesper","6962762abc79a0f2300d324e","6ab1e647694b21848c87eb54","2026-09-21 22:26"
"kober","67ad18a09e150413a5e6fa66","mii3en mcqueen.","66159d055967919df66cf9c0","6ab1e6bbc3391fafbec65322","2026-09-21 22:27"
"kober","67ad18a09e150413a5e6fa66","Jesper","6962762abc79a0f2300d324e","6ab1e70c4934caa335694ea4","2026-09-21 22:28"
"Sadziu","5c61c05b3d925ba81408c135","しよえ　Shiyoe","6375a42d001fcb9df8d226d9","6ab1e639c3391fafbec651dc","2026-09-21 22:29"
"Puwaphat2304","660da547c04c2826f94e7d80","𓁏","69d24347f45ed875a0ac1930","6ab1e58cc3391fafbec65038","2026-09-21 22:29"
"sva","67a710249d75e04dff436d40","KAZ","6682a94f266924acd6f97098","6ab1e725694b21848c87ed7c","2026-09-21 22:29"
"Coco","643efb0c135092a962eb1751","JoguessR","633dc7c5d5114aab59533f52","6ab1e737c3391fafbec65455","2026-09-21 22:30"
"Antigs","5fb70fb9e2c593000135b6e0","stefnej (FreshBread)","677c6b1a9c29667c3ddaf12e","6ab1e706694b21848c87ed13","2026-09-21 22:30"
"kober","67ad18a09e150413a5e6fa66","Jesper","6962762abc79a0f2300d324e","6ab1e780c3391fafbec65553","2026-09-21 22:31"
"Mathias","650a2d21361d5316c35b4efe","Sadziu","5c61c05b3d925ba81408c135","6ab1e7be694b21848c87ef6f","2026-09-21 22:32"
"kober","67ad18a09e150413a5e6fa66","Jesper","6962762abc79a0f2300d324e","6ab1e780c3391fafbec65553","2026-09-21 22:32"
"Anonymous","617f7cfb9dffd50001875a3f","sva","67a710249d75e04dff436d40","6ab1e7d9c3391fafbec65697","2026-09-21 22:33"
"zeb","59b32f7a0ee41f7e90f68629","𓁏","69d24347f45ed875a0ac1930","6ab1e7f2c3391fafbec656e7","2026-09-21 22:34"
"Sadziu","5c61c05b3d925ba81408c135","JoguessR","633dc7c5d5114aab59533f52","6ab1e8dec9379a6954cfec8c","2026-09-21 22:35"
"Jesper","6962762abc79a0f2300d324e","kober","67ad18a09e150413a5e6fa66","6ab1e877c3391fafbec65860","2026-09-21 22:35"
"race","603c5c220297940001b84e1a","kiel","63d693f57f3304b551cce301","6ab1e864371316140a536eba","2026-09-21 22:35"
"Vader43","62490726757cbf189f839261","mii3en mcqueen.","66159d055967919df66cf9c0","6ab1e8a8103a16612b99f9e4","2026-09-21 22:36"
"Coco","643efb0c135092a962eb1751","Jesper","6962762abc79a0f2300d324e","6ab1e924694b21848c87f41a","2026-09-21 22:37"
"wisps","60ad03a48b6e1d00012f8e7e","slew","5cc1545b8701a898fc423332","6ab1e85d694b21848c87f144","2026-09-21 22:37"
"race","603c5c220297940001b84e1a","kiel","63d693f57f3304b551cce301","6ab1e92ec3391fafbec65a90","2026-09-21 22:37"
"kober","67ad18a09e150413a5e6fa66","Vader43","62490726757cbf189f839261","6ab1e973694b21848c87f50a","2026-09-21 22:39"
"Anonymous","617f7cfb9dffd50001875a3f","𓁏","69d24347f45ed875a0ac1930","6ab1e903694b21848c87f39f","2026-09-21 22:39"
"NamibianAmphibianMan","69ba2e52a04671c8a9b13e12","Antigs","5fb70fb9e2c593000135b6e0","6ab1e852694b21848c87f126","2026-09-21 22:39"
"Bazreia","596014fbf97df993145b15d0","KAZ","6682a94f266924acd6f97098","6ab1e8b5c3391fafbec65941","2026-09-21 22:39"
"Sadziu","5c61c05b3d925ba81408c135","zeb","59b32f7a0ee41f7e90f68629","6ab1e98a371316140a5371d3","2026-09-21 22:40"
"mii3en mcqueen.","66159d055967919df66cf9c0","kober","67ad18a09e150413a5e6fa66","6ab1e99d694b21848c87f5bd","2026-09-21 22:40"
"しよえ　Shiyoe","6375a42d001fcb9df8d226d9","Sadziu","5c61c05b3d925ba81408c135","6ab1ea5cc3391fafbec65e8e","2026-09-21 22:42"
"kober","67ad18a09e150413a5e6fa66","Vader43","62490726757cbf189f839261","6ab1ea3bc3391fafbec65e1f","2026-09-21 22:42"
"𓁏","69d24347f45ed875a0ac1930","JoguessR","633dc7c5d5114aab59533f52","6ab1ea2fc3391fafbec65dfd","2026-09-21 22:43"
"Jesper","6962762abc79a0f2300d324e","Coco","643efb0c135092a962eb1751","6ab1e9cb694b21848c87f62c","2026-09-21 22:44"
"slew","5cc1545b8701a898fc423332","TheAlaskanGuessr32","652dc36f690ed38845afbb9f","6ab1eac1694b21848c87f935","2026-09-21 22:44"
"kqyyy","6888a322b2328f914ebd912f","Bazreia","596014fbf97df993145b15d0","6ab1ea71c3391fafbec65ed5","2026-09-21 22:45"
"race","603c5c220297940001b84e1a","khizar","62eff3f3af6915a2625c294c","6ab1eaa9694b21848c87f8de","2026-09-21 22:45"
"Anonymous","617f7cfb9dffd50001875a3f","zeb","59b32f7a0ee41f7e90f68629","6ab1ea60c3391fafbec65e9b","2026-09-21 22:46"
"mii3en mcqueen.","66159d055967919df66cf9c0","kober","67ad18a09e150413a5e6fa66","6ab1eab8694b21848c87f912","2026-09-21 22:46"
"Bi","69d6caab2870b4dd016ec3fb","Vader43","62490726757cbf189f839261","6ab1eafdc3391fafbec66096","2026-09-21 22:47"
"Jesper","6962762abc79a0f2300d324e","kober","67ad18a09e150413a5e6fa66","6ab1ebfb694b21848c87fd56","2026-09-21 22:48"
"Unc","6876a81aaf5ea16088df663a","khizar","62eff3f3af6915a2625c294c","6ab1ebf8694b21848c87fd4e","2026-09-21 22:48"
"Lubec","5e974c906ea510372c1e444a","Sadziu","5c61c05b3d925ba81408c135","6ab1eb18c3391fafbec660de","2026-09-21 22:49"
"chilemasterballking","64c4d20a8f7b73c424913e00","kober","67ad18a09e150413a5e6fa66","6ab1ebe4371316140a5378ab","2026-09-21 22:49"
"Vader43","62490726757cbf189f839261","mii3en mcqueen.","66159d055967919df66cf9c0","6ab1ec1fc3391fafbec6650a","2026-09-21 22:50"
"𓁏","69d24347f45ed875a0ac1930","kqyyy","6888a322b2328f914ebd912f","6ab1eb7e694b21848c87fbb6","2026-09-21 22:50"
"しよえ　Shiyoe","6375a42d001fcb9df8d226d9","Coco","643efb0c135092a962eb1751","6ab1eb6fc9379a6954cfed88","2026-09-21 22:51"
"kober","67ad18a09e150413a5e6fa66","Jesper","6962762abc79a0f2300d324e","6ab1ec63c9379a6954cfee2d","2026-09-21 22:51"
"Anonymous","617f7cfb9dffd50001875a3f","JoguessR","633dc7c5d5114aab59533f52","6ab1ec18694b21848c87fd94","2026-09-21 22:52"
"Bazreia","596014fbf97df993145b15d0","KAZ","6682a94f266924acd6f97098","6ab1ec6cc3391fafbec6662c","2026-09-21 22:52"
"Unc","6876a81aaf5ea16088df663a","race","603c5c220297940001b84e1a","6ab1ec69103a16612b9a05d4","2026-09-21 22:52"
"Sadziu","5c61c05b3d925ba81408c135","kober","67ad18a09e150413a5e6fa66","6ab1eca6694b21848c87ff4f","2026-09-21 22:53"
"mii3en mcqueen.","66159d055967919df66cf9c0","Vader43","62490726757cbf189f839261","6ab1ecbd694b21848c87ff92","2026-09-21 22:53"
"yc","6a9829b75e32ce896831b547","mrtdh7","62e82471122818a384071f7b","6ab1ec55c3391fafbec665cd","2026-09-21 22:53"
"kober","67ad18a09e150413a5e6fa66","Jesper","6962762abc79a0f2300d324e","6ab1ed15c3391fafbec66882","2026-09-21 22:54"
"kober","67ad18a09e150413a5e6fa66","Coco","643efb0c135092a962eb1751","6ab1ed5ac3391fafbec66923","2026-09-21 22:55"
"Bazreia","596014fbf97df993145b15d0","KAZ","6682a94f266924acd6f97098","6ab1ed7ac3391fafbec66996","2026-09-21 22:55"
"Sadziu","5c61c05b3d925ba81408c135","kober","67ad18a09e150413a5e6fa66","6ab1ed94c3391fafbec669d3","2026-09-21 22:56"
"chilemasterballking","64c4d20a8f7b73c424913e00","𓁏","69d24347f45ed875a0ac1930","6ab1ecfa103a16612b9a06f7","2026-09-21 22:56"
"Unc","6876a81aaf5ea16088df663a","race","603c5c220297940001b84e1a","6ab1ed37694b21848c8800cd","2026-09-21 22:56"
"しよえ　Shiyoe","6375a42d001fcb9df8d226d9","Lubec","5e974c906ea510372c1e444a","6ab1ed12103a16612b9a073e","2026-09-21 22:57"
"kober","67ad18a09e150413a5e6fa66","Jesper","6962762abc79a0f2300d324e","6ab1edfcc3391fafbec66b31","2026-09-21 22:58"
"mii3en mcqueen.","66159d055967919df66cf9c0","Vader43","62490726757cbf189f839261","6ab1ed7bc3391fafbec66998","2026-09-21 22:58"
"chilemasterballking","64c4d20a8f7b73c424913e00","kober","67ad18a09e150413a5e6fa66","6ab1ee1e694b21848c880414","2026-09-21 22:59"
"domfrombrasil","6a94b59777073146c9f41f5e","yc","6a9829b75e32ce896831b547","6ab1ed6e4934caa335695ed3","2026-09-21 23:00"
"Lubec","5e974c906ea510372c1e444a","kober","67ad18a09e150413a5e6fa66","6ab1eeb8c3391fafbec66d7e","2026-09-21 23:01"
"Vader43","62490726757cbf189f839261","Unc","6876a81aaf5ea16088df663a","6ab1eea6c3391fafbec66d4b","2026-09-21 23:01"
"Jesper","6962762abc79a0f2300d324e","kober","67ad18a09e150413a5e6fa66","6ab1eeedc3391fafbec66e43","2026-09-21 23:02"
"kober","67ad18a09e150413a5e6fa66","Jesper","6962762abc79a0f2300d324e","6ab1ef89c3391fafbec67080","2026-09-21 23:04"
"Unc","6876a81aaf5ea16088df663a","kiel","63d693f57f3304b551cce301","6ab1ef8ac3391fafbec67084","2026-09-21 23:04"
"yc","6a9829b75e32ce896831b547","ÉoEduNéPo","6a572fe104411cdc60d58f91","6ab1ef2dc9379a6954cfefc5","2026-09-21 23:04"
"chilemasterballking","64c4d20a8f7b73c424913e00","kober","67ad18a09e150413a5e6fa66","6ab1ef45694b21848c88075a","2026-09-21 23:05"
"Lubec","5e974c906ea510372c1e444a","[TNT] jv724 α","5d50f46b24ec173888d7e22e","6ab1efc2c3391fafbec67151","2026-09-21 23:05"
"NoruJumping","5c5817f33d925bc96cd177e7","JoguessR","633dc7c5d5114aab59533f52","6ab1eed6c3391fafbec66dda","2026-09-21 23:06"
"Vattentömhet","624197cb0a09fe783347a232","先帝","6986dc176e56403e763c3bf1","6ab1efec371316140a5383a7","2026-09-21 23:06"
"Coco","643efb0c135092a962eb1751","Sadziu","5c61c05b3d925ba81408c135","6ab1ee51c3391fafbec66c62","2026-09-21 23:07"
"Jesper","6962762abc79a0f2300d324e","kober","67ad18a09e150413a5e6fa66","6ab1eff9c3391fafbec67203","2026-09-21 23:07"
"kober","67ad18a09e150413a5e6fa66","noggy","5e5d27ef26bbda5260b01e89","6ab1f03cc3391fafbec672e5","2026-09-21 23:08"
"Lubec","5e974c906ea510372c1e444a","Sadziu","5c61c05b3d925ba81408c135","6ab1f0bdc3391fafbec67406","2026-09-21 23:10"
"kober","67ad18a09e150413a5e6fa66","Jesper","6962762abc79a0f2300d324e","6ab1f0e4c3391fafbec6745f","2026-09-21 23:10"
"kqyyy","6888a322b2328f914ebd912f","wisps","60ad03a48b6e1d00012f8e7e","6ab1ede1103a16612b9a094c","2026-09-21 23:11"
"BarryTheBee","62be7867aa13616722f8dd4a","しよえ　Shiyoe","6375a42d001fcb9df8d226d9","6ab1f118694b21848c880bfa","2026-09-21 23:13"
"kober","67ad18a09e150413a5e6fa66","Jesper","6962762abc79a0f2300d324e","6ab1f1b0c3391fafbec6764d","2026-09-21 23:13"
"鳴神","5e6434058fd6cf50f886fb99","Antigs","5fb70fb9e2c593000135b6e0","6ab1f0de694b21848c880b5c","2026-09-21 23:14"
"Lubec","5e974c906ea510372c1e444a","Coco","643efb0c135092a962eb1751","6ab1f2e4c3391fafbec67b1a","2026-09-21 23:18"
"chilemasterballking","64c4d20a8f7b73c424913e00","wisps","60ad03a48b6e1d00012f8e7e","6ab1f1d8694b21848c880d89","2026-09-21 23:18"
"Anonymous","617f7cfb9dffd50001875a3f","Sadziu","5c61c05b3d925ba81408c135","6ab1f161c3391fafbec6758f","2026-09-21 23:19"
"[FatSnail] SavetheSnail","591790fc1bba70b6146c6485","race","603c5c220297940001b84e1a","6ab1f352103a16612b9a183e","2026-09-21 23:19"
"noggy","5e5d27ef26bbda5260b01e89","Jesper","6962762abc79a0f2300d324e","6ab1f2be694b21848c8810e2","2026-09-21 23:19"
"Jesper","6962762abc79a0f2300d324e","Coco","643efb0c135092a962eb1751","6ab1f387c3391fafbec67cc1","2026-09-21 23:21"
"NamibianAmphibianMan","69ba2e52a04671c8a9b13e12","Unc","6876a81aaf5ea16088df663a","6ab1f324694b21848c8811f8","2026-09-21 23:21"
"Antigs","5fb70fb9e2c593000135b6e0","鳴神","5e6434058fd6cf50f886fb99","6ab1f270694b21848c880fcb","2026-09-21 23:21"
"kqyyy","6888a322b2328f914ebd912f","Bazreia","596014fbf97df993145b15d0","6ab1f25bc3391fafbec678fa","2026-09-21 23:22"
"chilemasterballking","64c4d20a8f7b73c424913e00","Lubec","5e974c906ea510372c1e444a","6ab1f412694b21848c8814eb","2026-09-21 23:25"
"NoruJumping","5c5817f33d925bc96cd177e7","Sadziu","5c61c05b3d925ba81408c135","6ab1f3a3694b21848c881358","2026-09-21 23:25"
"Antigs","5fb70fb9e2c593000135b6e0","胡安Juan","5be99c10fe3a84037ca4996e","6ab1f3f2c3391fafbec67d9e","2026-09-21 23:25"
"Sadziu","5c61c05b3d925ba81408c135","Jesper","6962762abc79a0f2300d324e","6ab1f519103a16612b9a1bcc","2026-09-21 23:27"
"Bazreia","596014fbf97df993145b15d0","Antigs","5fb70fb9e2c593000135b6e0","6ab1f4e7103a16612b9a1b6e","2026-09-21 23:28"
"JoguessR","633dc7c5d5114aab59533f52","鳴神","5e6434058fd6cf50f886fb99","6ab1f497103a16612b9a1ae5","2026-09-21 23:29"
"Coco","643efb0c135092a962eb1751","Tosontsengel Sausages","676108739f1bd4dd8576b876","6ab1f4dec9379a6954cff3a1","2026-09-21 23:30"
"Jesper","6962762abc79a0f2300d324e","[FatSnail] SavetheSnail","591790fc1bba70b6146c6485","6ab1f56d694b21848c88199c","2026-09-21 23:30"
"kober","67ad18a09e150413a5e6fa66","Jesper","6962762abc79a0f2300d324e","6ab1f61e103a16612b9a1ee3","2026-09-21 23:32"
"Sadziu","5c61c05b3d925ba81408c135","SpaceGopher","63ac9fb8425eb36c6ebf03a1","6ab1f59dc3391fafbec6832d","2026-09-21 23:33"
"Antigs","5fb70fb9e2c593000135b6e0","𓁏","69d24347f45ed875a0ac1930","6ab1f5bec3391fafbec683d8","2026-09-21 23:33"
"Joshkabloomy","604c5a52e142340001a0a666","KAZ","6682a94f266924acd6f97098","6ab1f5e8c3391fafbec6845c","2026-09-21 23:33"
"baga","62f54426341bc104da4cd739","Meatbun","682aba5e4342da6bdce09937","6ab1f5fcc3391fafbec6848d","2026-09-21 23:34"
"kober","67ad18a09e150413a5e6fa66","Jesper","6962762abc79a0f2300d324e","6ab1f6ad694b21848c881e3e","2026-09-21 23:35"
"Sadziu","5c61c05b3d925ba81408c135","kober","67ad18a09e150413a5e6fa66","6ab1f6bf694b21848c881e7a","2026-09-21 23:37"
"NoruJumping","5c5817f33d925bc96cd177e7","Hez1tred.","68274ac83004afb088d83eac","6ab1f649c3391fafbec685e4","2026-09-21 23:37"
"wisps","60ad03a48b6e1d00012f8e7e","iOracle","60804115505ab90001dae965","6ab1f471103a16612b9a1a7a","2026-09-21 23:37"
"Tosontsengel Sausages","676108739f1bd4dd8576b876","Joshkabloomy","604c5a52e142340001a0a666","6ab1f6f3c9379a6954cff500","2026-09-21 23:37"
"baga","62f54426341bc104da4cd739","francisco","6a0f318ecf30f041315a13f6","6ab1f715c3391fafbec687f0","2026-09-21 23:37"
"Jesper","6962762abc79a0f2300d324e","kober","67ad18a09e150413a5e6fa66","6ab1f789c9379a6954cff535","2026-09-21 23:38"
"鳴神","5e6434058fd6cf50f886fb99","胡安Juan","5be99c10fe3a84037ca4996e","6ab1f6c6c3391fafbec6871a","2026-09-21 23:38"
"slew","5cc1545b8701a898fc423332","RY-D7","62fcb0dd166b7ba31c3ad11f","6ab1f1d4371316140a53871c","2026-09-21 23:39"
"SpaceGopher","63ac9fb8425eb36c6ebf03a1","Antigs","5fb70fb9e2c593000135b6e0","6ab1f6f7c9379a6954cff503","2026-09-21 23:40"
"kober","67ad18a09e150413a5e6fa66","Sadziu","5c61c05b3d925ba81408c135","6ab1f7b1c3391fafbec6897d","2026-09-21 23:41"
"Joshkabloomy","604c5a52e142340001a0a666","胡安Juan","5be99c10fe3a84037ca4996e","6ab1f7ec694b21848c88219f","2026-09-21 23:41"
"Bazreia","596014fbf97df993145b15d0","Hez1tred.","68274ac83004afb088d83eac","6ab1f7c7694b21848c88213f","2026-09-21 23:41"
"kober","67ad18a09e150413a5e6fa66","Jesper","6962762abc79a0f2300d324e","6ab1f81dfa17a0f03d72a78a","2026-09-21 23:42"
"Unc","6876a81aaf5ea16088df663a","kiel","63d693f57f3304b551cce301","6ab1f7d9694b21848c882165","2026-09-21 23:42"
"Hez1tred.","68274ac83004afb088d83eac","race","603c5c220297940001b84e1a","6ab1f8d2c3391fafbec68efd","2026-09-21 23:44"
"鳴神","5e6434058fd6cf50f886fb99","KAZ","6682a94f266924acd6f97098","6ab1f846c9379a6954cff5fe","2026-09-21 23:44"
"kober","67ad18a09e150413a5e6fa66","Jesper","6962762abc79a0f2300d324e","6ab1f91dc3391fafbec68fab","2026-09-21 23:47"
"Joshkabloomy","604c5a52e142340001a0a666","Antigs","5fb70fb9e2c593000135b6e0","6ab1f8b0c3391fafbec68e79","2026-09-21 23:47"
"Jesper","6962762abc79a0f2300d324e","Hez1tred.","68274ac83004afb088d83eac","6ab1fa1d694b21848c8828a4","2026-09-21 23:50"
"Hez1tred.","68274ac83004afb088d83eac","Jesper","6962762abc79a0f2300d324e","6ab1fabbfa17a0f03d72ae3c","2026-09-21 23:52"
"Antigs","5fb70fb9e2c593000135b6e0","Joshkabloomy","604c5a52e142340001a0a666","6ab1fa2a694b21848c8828c3","2026-09-21 23:52"
"𓁏","69d24347f45ed875a0ac1930","SpaceGopher","63ac9fb8425eb36c6ebf03a1","6ab1f95c4934caa335697a1f","2026-09-21 23:53"
"Grilynwan","60bf00e5a948e600012ef965","Sadziu","5c61c05b3d925ba81408c135","6ab1fa69c3391fafbec692b6","2026-09-21 23:55"
"Antigs","5fb70fb9e2c593000135b6e0","Joshkabloomy","604c5a52e142340001a0a666","6ab1fb41694b21848c882be3","2026-09-21 23:55"
"flickshot","622d5637fbf42a00013d06b1","puffle","63cf256c0168c114ef60bea4","6ab1faad694b21848c882a86","2026-09-21 23:56"
"Hez1tred.","68274ac83004afb088d83eac","Jesper","6962762abc79a0f2300d324e","6ab1fb6cc9379a6954cff831","2026-09-21 23:56"
"Unc","6876a81aaf5ea16088df663a","kiel","63d693f57f3304b551cce301","6ab1fbb2103a16612b9a2f37","2026-09-21 23:57"
"FranzSanchez","68b3e3b52c6db073218b382c","srach01","6794f9b19a27a1c785825b2e","6ab1f9c3c3391fafbec690f8","2026-09-21 23:59"
